wall_time,step,epoch,value,tag,event_file,parameter,block
1768387345.979055,0,0.03125,0.08021283894777298,Grad/qkv.lora_B,outputs_dev/vitb16/T=vtab_Q=3bit_L=lora_2_qkv-fc1-proj-fc2/cifar/20260114184203_default_acc=53.50/tensorboard/Grad_qkv.lora_B_block_5/events.out.tfevents.1768387346.master-192-168-8-48.1680.3,qkv.lora_B,5
1768387349.644836,1,0.0625,0.10066518932580948,Grad/qkv.lora_B,outputs_dev/vitb16/T=vtab_Q=3bit_L=lora_2_qkv-fc1-proj-fc2/cifar/20260114184203_default_acc=53.50/tensorboard/Grad_qkv.lora_B_block_5/events.out.tfevents.1768387346.master-192-168-8-48.1680.3,qkv.lora_B,5
1768387350.0662296,2,0.09375,0.13509729504585266,Grad/qkv.lora_B,outputs_dev/vitb16/T=vtab_Q=3bit_L=lora_2_qkv-fc1-proj-fc2/cifar/20260114184203_default_acc=53.50/tensorboard/Grad_qkv.lora_B_block_5/events.out.tfevents.1768387346.master-192-168-8-48.1680.3,qkv.lora_B,5
1768387350.4861484,3,0.125,0.08262898772954941,Grad/qkv.lora_B,outputs_dev/vitb16/T=vtab_Q=3bit_L=lora_2_qkv-fc1-proj-fc2/cifar/20260114184203_default_acc=53.50/tensorboard/Grad_qkv.lora_B_block_5/events.out.tfevents.1768387346.master-192-168-8-48.1680.3,qkv.lora_B,5
1768387350.9069455,4,0.15625,0.09867706894874573,Grad/qkv.lora_B,outputs_dev/vitb16/T=vtab_Q=3bit_L=lora_2_qkv-fc1-proj-fc2/cifar/20260114184203_default_acc=53.50/tensorboard/Grad_qkv.lora_B_block_5/events.out.tfevents.1768387346.master-192-168-8-48.1680.3,qkv.lora_B,5
1768387351.333372,5,0.1875,0.09452270716428757,Grad/qkv.lora_B,outputs_dev/vitb16/T=vtab_Q=3bit_L=lora_2_qkv-fc1-proj-fc2/cifar/20260114184203_default_acc=53.50/tensorboard/Grad_qkv.lora_B_block_5/events.out.tfevents.1768387346.master-192-168-8-48.1680.3,qkv.lora_B,5
1768387351.7730951,6,0.21875,0.11030667275190353,Grad/qkv.lora_B,outputs_dev/vitb16/T=vtab_Q=3bit_L=lora_2_qkv-fc1-proj-fc2/cifar/20260114184203_default_acc=53.50/tensorboard/Grad_qkv.lora_B_block_5/events.out.tfevents.1768387346.master-192-168-8-48.1680.3,qkv.lora_B,5
1768387352.2074704,7,0.25,0.11645718663930893,Grad/qkv.lora_B,outputs_dev/vitb16/T=vtab_Q=3bit_L=lora_2_qkv-fc1-proj-fc2/cifar/20260114184203_default_acc=53.50/tensorboard/Grad_qkv.lora_B_block_5/events.out.tfevents.1768387346.master-192-168-8-48.1680.3,qkv.lora_B,5
1768387352.627033,8,0.28125,0.11206208169460297,Grad/qkv.lora_B,outputs_dev/vitb16/T=vtab_Q=3bit_L=lora_2_qkv-fc1-proj-fc2/cifar/20260114184203_default_acc=53.50/tensorboard/Grad_qkv.lora_B_block_5/events.out.tfevents.1768387346.master-192-168-8-48.1680.3,qkv.lora_B,5
1768387353.0613832,9,0.3125,0.08669587224721909,Grad/qkv.lora_B,outputs_dev/vitb16/T=vtab_Q=3bit_L=lora_2_qkv-fc1-proj-fc2/cifar/20260114184203_default_acc=53.50/tensorboard/Grad_qkv.lora_B_block_5/events.out.tfevents.1768387346.master-192-168-8-48.1680.3,qkv.lora_B,5
1768387353.4951057,10,0.34375,0.09813778102397919,Grad/qkv.lora_B,outputs_dev/vitb16/T=vtab_Q=3bit_L=lora_2_qkv-fc1-proj-fc2/cifar/20260114184203_default_acc=53.50/tensorboard/Grad_qkv.lora_B_block_5/events.out.tfevents.1768387346.master-192-168-8-48.1680.3,qkv.lora_B,5
1768387353.916248,11,0.375,0.10879489779472351,Grad/qkv.lora_B,outputs_dev/vitb16/T=vtab_Q=3bit_L=lora_2_qkv-fc1-proj-fc2/cifar/20260114184203_default_acc=53.50/tensorboard/Grad_qkv.lora_B_block_5/events.out.tfevents.1768387346.master-192-168-8-48.1680.3,qkv.lora_B,5
1768387354.3513057,12,0.40625,0.1109698936343193,Grad/qkv.lora_B,outputs_dev/vitb16/T=vtab_Q=3bit_L=lora_2_qkv-fc1-proj-fc2/cifar/20260114184203_default_acc=53.50/tensorboard/Grad_qkv.lora_B_block_5/events.out.tfevents.1768387346.master-192-168-8-48.1680.3,qkv.lora_B,5
1768387354.770923,13,0.4375,0.08107008039951324,Grad/qkv.lora_B,outputs_dev/vitb16/T=vtab_Q=3bit_L=lora_2_qkv-fc1-proj-fc2/cifar/20260114184203_default_acc=53.50/tensorboard/Grad_qkv.lora_B_block_5/events.out.tfevents.1768387346.master-192-168-8-48.1680.3,qkv.lora_B,5
1768387355.1901405,14,0.46875,0.10226824134588242,Grad/qkv.lora_B,outputs_dev/vitb16/T=vtab_Q=3bit_L=lora_2_qkv-fc1-proj-fc2/cifar/20260114184203_default_acc=53.50/tensorboard/Grad_qkv.lora_B_block_5/events.out.tfevents.1768387346.master-192-168-8-48.1680.3,qkv.lora_B,5
1768387355.6240427,15,0.5,0.09773290902376175,Grad/qkv.lora_B,outputs_dev/vitb16/T=vtab_Q=3bit_L=lora_2_qkv-fc1-proj-fc2/cifar/20260114184203_default_acc=53.50/tensorboard/Grad_qkv.lora_B_block_5/events.out.tfevents.1768387346.master-192-168-8-48.1680.3,qkv.lora_B,5
1768387356.0578501,16,0.53125,0.11855064332485199,Grad/qkv.lora_B,outputs_dev/vitb16/T=vtab_Q=3bit_L=lora_2_qkv-fc1-proj-fc2/cifar/20260114184203_default_acc=53.50/tensorboard/Grad_qkv.lora_B_block_5/events.out.tfevents.1768387346.master-192-168-8-48.1680.3,qkv.lora_B,5
1768387356.4901824,17,0.5625,0.11180366575717926,Grad/qkv.lora_B,outputs_dev/vitb16/T=vtab_Q=3bit_L=lora_2_qkv-fc1-proj-fc2/cifar/20260114184203_default_acc=53.50/tensorboard/Grad_qkv.lora_B_block_5/events.out.tfevents.1768387346.master-192-168-8-48.1680.3,qkv.lora_B,5
1768387356.9111452,18,0.59375,0.1009710505604744,Grad/qkv.lora_B,outputs_dev/vitb16/T=vtab_Q=3bit_L=lora_2_qkv-fc1-proj-fc2/cifar/20260114184203_default_acc=53.50/tensorboard/Grad_qkv.lora_B_block_5/events.out.tfevents.1768387346.master-192-168-8-48.1680.3,qkv.lora_B,5
1768387357.3318396,19,0.625,0.10360562801361084,Grad/qkv.lora_B,outputs_dev/vitb16/T=vtab_Q=3bit_L=lora_2_qkv-fc1-proj-fc2/cifar/20260114184203_default_acc=53.50/tensorboard/Grad_qkv.lora_B_block_5/events.out.tfevents.1768387346.master-192-168-8-48.1680.3,qkv.lora_B,5
1768387357.7510822,20,0.65625,0.10635325312614441,Grad/qkv.lora_B,outputs_dev/vitb16/T=vtab_Q=3bit_L=lora_2_qkv-fc1-proj-fc2/cifar/20260114184203_default_acc=53.50/tensorboard/Grad_qkv.lora_B_block_5/events.out.tfevents.1768387346.master-192-168-8-48.1680.3,qkv.lora_B,5
1768387358.185932,21,0.6875,0.09627309441566467,Grad/qkv.lora_B,outputs_dev/vitb16/T=vtab_Q=3bit_L=lora_2_qkv-fc1-proj-fc2/cifar/20260114184203_default_acc=53.50/tensorboard/Grad_qkv.lora_B_block_5/events.out.tfevents.1768387346.master-192-168-8-48.1680.3,qkv.lora_B,5
1768387358.6045,22,0.71875,0.08802127838134766,Grad/qkv.lora_B,outputs_dev/vitb16/T=vtab_Q=3bit_L=lora_2_qkv-fc1-proj-fc2/cifar/20260114184203_default_acc=53.50/tensorboard/Grad_qkv.lora_B_block_5/events.out.tfevents.1768387346.master-192-168-8-48.1680.3,qkv.lora_B,5
1768387359.0249875,23,0.75,0.09595778584480286,Grad/qkv.lora_B,outputs_dev/vitb16/T=vtab_Q=3bit_L=lora_2_qkv-fc1-proj-fc2/cifar/20260114184203_default_acc=53.50/tensorboard/Grad_qkv.lora_B_block_5/events.out.tfevents.1768387346.master-192-168-8-48.1680.3,qkv.lora_B,5
1768387359.4604828,24,0.78125,0.10252890735864639,Grad/qkv.lora_B,outputs_dev/vitb16/T=vtab_Q=3bit_L=lora_2_qkv-fc1-proj-fc2/cifar/20260114184203_default_acc=53.50/tensorboard/Grad_qkv.lora_B_block_5/events.out.tfevents.1768387346.master-192-168-8-48.1680.3,qkv.lora_B,5
1768387359.8786361,25,0.8125,0.09454115480184555,Grad/qkv.lora_B,outputs_dev/vitb16/T=vtab_Q=3bit_L=lora_2_qkv-fc1-proj-fc2/cifar/20260114184203_default_acc=53.50/tensorboard/Grad_qkv.lora_B_block_5/events.out.tfevents.1768387346.master-192-168-8-48.1680.3,qkv.lora_B,5
1768387360.3125105,26,0.84375,0.09791095554828644,Grad/qkv.lora_B,outputs_dev/vitb16/T=vtab_Q=3bit_L=lora_2_qkv-fc1-proj-fc2/cifar/20260114184203_default_acc=53.50/tensorboard/Grad_qkv.lora_B_block_5/events.out.tfevents.1768387346.master-192-168-8-48.1680.3,qkv.lora_B,5
1768387360.729835,27,0.875,0.08508669584989548,Grad/qkv.lora_B,outputs_dev/vitb16/T=vtab_Q=3bit_L=lora_2_qkv-fc1-proj-fc2/cifar/20260114184203_default_acc=53.50/tensorboard/Grad_qkv.lora_B_block_5/events.out.tfevents.1768387346.master-192-168-8-48.1680.3,qkv.lora_B,5
1768387361.1490717,28,0.90625,0.09227950125932693,Grad/qkv.lora_B,outputs_dev/vitb16/T=vtab_Q=3bit_L=lora_2_qkv-fc1-proj-fc2/cifar/20260114184203_default_acc=53.50/tensorboard/Grad_qkv.lora_B_block_5/events.out.tfevents.1768387346.master-192-168-8-48.1680.3,qkv.lora_B,5
1768387361.5842519,29,0.9375,0.11362645030021667,Grad/qkv.lora_B,outputs_dev/vitb16/T=vtab_Q=3bit_L=lora_2_qkv-fc1-proj-fc2/cifar/20260114184203_default_acc=53.50/tensorboard/Grad_qkv.lora_B_block_5/events.out.tfevents.1768387346.master-192-168-8-48.1680.3,qkv.lora_B,5
1768387361.992178,30,0.96875,0.11032453924417496,Grad/qkv.lora_B,outputs_dev/vitb16/T=vtab_Q=3bit_L=lora_2_qkv-fc1-proj-fc2/cifar/20260114184203_default_acc=53.50/tensorboard/Grad_qkv.lora_B_block_5/events.out.tfevents.1768387346.master-192-168-8-48.1680.3,qkv.lora_B,5
1768387362.18857,31,1.0,0.1817440390586853,Grad/qkv.lora_B,outputs_dev/vitb16/T=vtab_Q=3bit_L=lora_2_qkv-fc1-proj-fc2/cifar/20260114184203_default_acc=53.50/tensorboard/Grad_qkv.lora_B_block_5/events.out.tfevents.1768387346.master-192-168-8-48.1680.3,qkv.lora_B,5
1768387362.800437,32,1.03125,0.10642565041780472,Grad/qkv.lora_B,outputs_dev/vitb16/T=vtab_Q=3bit_L=lora_2_qkv-fc1-proj-fc2/cifar/20260114184203_default_acc=53.50/tensorboard/Grad_qkv.lora_B_block_5/events.out.tfevents.1768387346.master-192-168-8-48.1680.3,qkv.lora_B,5
1768387363.2257667,33,1.0625,0.1027342677116394,Grad/qkv.lora_B,outputs_dev/vitb16/T=vtab_Q=3bit_L=lora_2_qkv-fc1-proj-fc2/cifar/20260114184203_default_acc=53.50/tensorboard/Grad_qkv.lora_B_block_5/events.out.tfevents.1768387346.master-192-168-8-48.1680.3,qkv.lora_B,5
1768387363.6537013,34,1.09375,0.09096188843250275,Grad/qkv.lora_B,outputs_dev/vitb16/T=vtab_Q=3bit_L=lora_2_qkv-fc1-proj-fc2/cifar/20260114184203_default_acc=53.50/tensorboard/Grad_qkv.lora_B_block_5/events.out.tfevents.1768387346.master-192-168-8-48.1680.3,qkv.lora_B,5
1768387364.082647,35,1.125,0.10477447509765625,Grad/qkv.lora_B,outputs_dev/vitb16/T=vtab_Q=3bit_L=lora_2_qkv-fc1-proj-fc2/cifar/20260114184203_default_acc=53.50/tensorboard/Grad_qkv.lora_B_block_5/events.out.tfevents.1768387346.master-192-168-8-48.1680.3,qkv.lora_B,5
1768387364.5132668,36,1.15625,0.0897744745016098,Grad/qkv.lora_B,outputs_dev/vitb16/T=vtab_Q=3bit_L=lora_2_qkv-fc1-proj-fc2/cifar/20260114184203_default_acc=53.50/tensorboard/Grad_qkv.lora_B_block_5/events.out.tfevents.1768387346.master-192-168-8-48.1680.3,qkv.lora_B,5
1768387364.943213,37,1.1875,0.07836639881134033,Grad/qkv.lora_B,outputs_dev/vitb16/T=vtab_Q=3bit_L=lora_2_qkv-fc1-proj-fc2/cifar/20260114184203_default_acc=53.50/tensorboard/Grad_qkv.lora_B_block_5/events.out.tfevents.1768387346.master-192-168-8-48.1680.3,qkv.lora_B,5
1768387365.3748045,38,1.21875,0.1124362200498581,Grad/qkv.lora_B,outputs_dev/vitb16/T=vtab_Q=3bit_L=lora_2_qkv-fc1-proj-fc2/cifar/20260114184203_default_acc=53.50/tensorboard/Grad_qkv.lora_B_block_5/events.out.tfevents.1768387346.master-192-168-8-48.1680.3,qkv.lora_B,5
1768387365.8002498,39,1.25,0.10572362691164017,Grad/qkv.lora_B,outputs_dev/vitb16/T=vtab_Q=3bit_L=lora_2_qkv-fc1-proj-fc2/cifar/20260114184203_default_acc=53.50/tensorboard/Grad_qkv.lora_B_block_5/events.out.tfevents.1768387346.master-192-168-8-48.1680.3,qkv.lora_B,5
1768387366.2242188,40,1.28125,0.09657508134841919,Grad/qkv.lora_B,outputs_dev/vitb16/T=vtab_Q=3bit_L=lora_2_qkv-fc1-proj-fc2/cifar/20260114184203_default_acc=53.50/tensorboard/Grad_qkv.lora_B_block_5/events.out.tfevents.1768387346.master-192-168-8-48.1680.3,qkv.lora_B,5
1768387366.6474538,41,1.3125,0.10202140361070633,Grad/qkv.lora_B,outputs_dev/vitb16/T=vtab_Q=3bit_L=lora_2_qkv-fc1-proj-fc2/cifar/20260114184203_default_acc=53.50/tensorboard/Grad_qkv.lora_B_block_5/events.out.tfevents.1768387346.master-192-168-8-48.1680.3,qkv.lora_B,5
1768387367.0569913,42,1.34375,0.09651445597410202,Grad/qkv.lora_B,outputs_dev/vitb16/T=vtab_Q=3bit_L=lora_2_qkv-fc1-proj-fc2/cifar/20260114184203_default_acc=53.50/tensorboard/Grad_qkv.lora_B_block_5/events.out.tfevents.1768387346.master-192-168-8-48.1680.3,qkv.lora_B,5
1768387367.4812107,43,1.375,0.11601140350103378,Grad/qkv.lora_B,outputs_dev/vitb16/T=vtab_Q=3bit_L=lora_2_qkv-fc1-proj-fc2/cifar/20260114184203_default_acc=53.50/tensorboard/Grad_qkv.lora_B_block_5/events.out.tfevents.1768387346.master-192-168-8-48.1680.3,qkv.lora_B,5
1768387367.9072745,44,1.40625,0.10102429986000061,Grad/qkv.lora_B,outputs_dev/vitb16/T=vtab_Q=3bit_L=lora_2_qkv-fc1-proj-fc2/cifar/20260114184203_default_acc=53.50/tensorboard/Grad_qkv.lora_B_block_5/events.out.tfevents.1768387346.master-192-168-8-48.1680.3,qkv.lora_B,5
1768387368.331223,45,1.4375,0.09006775170564651,Grad/qkv.lora_B,outputs_dev/vitb16/T=vtab_Q=3bit_L=lora_2_qkv-fc1-proj-fc2/cifar/20260114184203_default_acc=53.50/tensorboard/Grad_qkv.lora_B_block_5/events.out.tfevents.1768387346.master-192-168-8-48.1680.3,qkv.lora_B,5
1768387368.7731788,46,1.46875,0.1022975742816925,Grad/qkv.lora_B,outputs_dev/vitb16/T=vtab_Q=3bit_L=lora_2_qkv-fc1-proj-fc2/cifar/20260114184203_default_acc=53.50/tensorboard/Grad_qkv.lora_B_block_5/events.out.tfevents.1768387346.master-192-168-8-48.1680.3,qkv.lora_B,5
1768387369.198976,47,1.5,0.09419719129800797,Grad/qkv.lora_B,outputs_dev/vitb16/T=vtab_Q=3bit_L=lora_2_qkv-fc1-proj-fc2/cifar/20260114184203_default_acc=53.50/tensorboard/Grad_qkv.lora_B_block_5/events.out.tfevents.1768387346.master-192-168-8-48.1680.3,qkv.lora_B,5
1768387369.6240299,48,1.53125,0.09385078400373459,Grad/qkv.lora_B,outputs_dev/vitb16/T=vtab_Q=3bit_L=lora_2_qkv-fc1-proj-fc2/cifar/20260114184203_default_acc=53.50/tensorboard/Grad_qkv.lora_B_block_5/events.out.tfevents.1768387346.master-192-168-8-48.1680.3,qkv.lora_B,5
1768387370.0423112,49,1.5625,0.11106143891811371,Grad/qkv.lora_B,outputs_dev/vitb16/T=vtab_Q=3bit_L=lora_2_qkv-fc1-proj-fc2/cifar/20260114184203_default_acc=53.50/tensorboard/Grad_qkv.lora_B_block_5/events.out.tfevents.1768387346.master-192-168-8-48.1680.3,qkv.lora_B,5
1768387370.4653296,50,1.59375,0.11228420585393906,Grad/qkv.lora_B,outputs_dev/vitb16/T=vtab_Q=3bit_L=lora_2_qkv-fc1-proj-fc2/cifar/20260114184203_default_acc=53.50/tensorboard/Grad_qkv.lora_B_block_5/events.out.tfevents.1768387346.master-192-168-8-48.1680.3,qkv.lora_B,5
1768387370.8887773,51,1.625,0.10619179159402847,Grad/qkv.lora_B,outputs_dev/vitb16/T=vtab_Q=3bit_L=lora_2_qkv-fc1-proj-fc2/cifar/20260114184203_default_acc=53.50/tensorboard/Grad_qkv.lora_B_block_5/events.out.tfevents.1768387346.master-192-168-8-48.1680.3,qkv.lora_B,5
1768387371.3120947,52,1.65625,0.09894366562366486,Grad/qkv.lora_B,outputs_dev/vitb16/T=vtab_Q=3bit_L=lora_2_qkv-fc1-proj-fc2/cifar/20260114184203_default_acc=53.50/tensorboard/Grad_qkv.lora_B_block_5/events.out.tfevents.1768387346.master-192-168-8-48.1680.3,qkv.lora_B,5
1768387371.7213476,53,1.6875,0.096702441573143,Grad/qkv.lora_B,outputs_dev/vitb16/T=vtab_Q=3bit_L=lora_2_qkv-fc1-proj-fc2/cifar/20260114184203_default_acc=53.50/tensorboard/Grad_qkv.lora_B_block_5/events.out.tfevents.1768387346.master-192-168-8-48.1680.3,qkv.lora_B,5
1768387372.1420546,54,1.71875,0.12415900081396103,Grad/qkv.lora_B,outputs_dev/vitb16/T=vtab_Q=3bit_L=lora_2_qkv-fc1-proj-fc2/cifar/20260114184203_default_acc=53.50/tensorboard/Grad_qkv.lora_B_block_5/events.out.tfevents.1768387346.master-192-168-8-48.1680.3,qkv.lora_B,5
1768387372.5649884,55,1.75,0.10936327278614044,Grad/qkv.lora_B,outputs_dev/vitb16/T=vtab_Q=3bit_L=lora_2_qkv-fc1-proj-fc2/cifar/20260114184203_default_acc=53.50/tensorboard/Grad_qkv.lora_B_block_5/events.out.tfevents.1768387346.master-192-168-8-48.1680.3,qkv.lora_B,5
1768387372.9915376,56,1.78125,0.09139463305473328,Grad/qkv.lora_B,outputs_dev/vitb16/T=vtab_Q=3bit_L=lora_2_qkv-fc1-proj-fc2/cifar/20260114184203_default_acc=53.50/tensorboard/Grad_qkv.lora_B_block_5/events.out.tfevents.1768387346.master-192-168-8-48.1680.3,qkv.lora_B,5
1768387373.4152348,57,1.8125,0.09856487065553665,Grad/qkv.lora_B,outputs_dev/vitb16/T=vtab_Q=3bit_L=lora_2_qkv-fc1-proj-fc2/cifar/20260114184203_default_acc=53.50/tensorboard/Grad_qkv.lora_B_block_5/events.out.tfevents.1768387346.master-192-168-8-48.1680.3,qkv.lora_B,5
1768387373.863963,58,1.84375,0.09255001693964005,Grad/qkv.lora_B,outputs_dev/vitb16/T=vtab_Q=3bit_L=lora_2_qkv-fc1-proj-fc2/cifar/20260114184203_default_acc=53.50/tensorboard/Grad_qkv.lora_B_block_5/events.out.tfevents.1768387346.master-192-168-8-48.1680.3,qkv.lora_B,5
1768387374.3019702,59,1.875,0.0923425629734993,Grad/qkv.lora_B,outputs_dev/vitb16/T=vtab_Q=3bit_L=lora_2_qkv-fc1-proj-fc2/cifar/20260114184203_default_acc=53.50/tensorboard/Grad_qkv.lora_B_block_5/events.out.tfevents.1768387346.master-192-168-8-48.1680.3,qkv.lora_B,5
1768387374.7305999,60,1.90625,0.12191762030124664,Grad/qkv.lora_B,outputs_dev/vitb16/T=vtab_Q=3bit_L=lora_2_qkv-fc1-proj-fc2/cifar/20260114184203_default_acc=53.50/tensorboard/Grad_qkv.lora_B_block_5/events.out.tfevents.1768387346.master-192-168-8-48.1680.3,qkv.lora_B,5
1768387375.1520429,61,1.9375,0.09426461160182953,Grad/qkv.lora_B,outputs_dev/vitb16/T=vtab_Q=3bit_L=lora_2_qkv-fc1-proj-fc2/cifar/20260114184203_default_acc=53.50/tensorboard/Grad_qkv.lora_B_block_5/events.out.tfevents.1768387346.master-192-168-8-48.1680.3,qkv.lora_B,5
1768387375.5894892,62,1.96875,0.09834065288305283,Grad/qkv.lora_B,outputs_dev/vitb16/T=vtab_Q=3bit_L=lora_2_qkv-fc1-proj-fc2/cifar/20260114184203_default_acc=53.50/tensorboard/Grad_qkv.lora_B_block_5/events.out.tfevents.1768387346.master-192-168-8-48.1680.3,qkv.lora_B,5
1768387375.8026166,63,2.0,0.1679253727197647,Grad/qkv.lora_B,outputs_dev/vitb16/T=vtab_Q=3bit_L=lora_2_qkv-fc1-proj-fc2/cifar/20260114184203_default_acc=53.50/tensorboard/Grad_qkv.lora_B_block_5/events.out.tfevents.1768387346.master-192-168-8-48.1680.3,qkv.lora_B,5
1768387376.5098805,64,2.03125,0.09073466807603836,Grad/qkv.lora_B,outputs_dev/vitb16/T=vtab_Q=3bit_L=lora_2_qkv-fc1-proj-fc2/cifar/20260114184203_default_acc=53.50/tensorboard/Grad_qkv.lora_B_block_5/events.out.tfevents.1768387346.master-192-168-8-48.1680.3,qkv.lora_B,5
1768387376.9458435,65,2.0625,0.10136876255273819,Grad/qkv.lora_B,outputs_dev/vitb16/T=vtab_Q=3bit_L=lora_2_qkv-fc1-proj-fc2/cifar/20260114184203_default_acc=53.50/tensorboard/Grad_qkv.lora_B_block_5/events.out.tfevents.1768387346.master-192-168-8-48.1680.3,qkv.lora_B,5
1768387377.3951774,66,2.09375,0.09576375782489777,Grad/qkv.lora_B,outputs_dev/vitb16/T=vtab_Q=3bit_L=lora_2_qkv-fc1-proj-fc2/cifar/20260114184203_default_acc=53.50/tensorboard/Grad_qkv.lora_B_block_5/events.out.tfevents.1768387346.master-192-168-8-48.1680.3,qkv.lora_B,5
1768387377.8260312,67,2.125,0.1100286915898323,Grad/qkv.lora_B,outputs_dev/vitb16/T=vtab_Q=3bit_L=lora_2_qkv-fc1-proj-fc2/cifar/20260114184203_default_acc=53.50/tensorboard/Grad_qkv.lora_B_block_5/events.out.tfevents.1768387346.master-192-168-8-48.1680.3,qkv.lora_B,5
1768387378.255765,68,2.15625,0.10854640603065491,Grad/qkv.lora_B,outputs_dev/vitb16/T=vtab_Q=3bit_L=lora_2_qkv-fc1-proj-fc2/cifar/20260114184203_default_acc=53.50/tensorboard/Grad_qkv.lora_B_block_5/events.out.tfevents.1768387346.master-192-168-8-48.1680.3,qkv.lora_B,5
1768387378.6857567,69,2.1875,0.10451307147741318,Grad/qkv.lora_B,outputs_dev/vitb16/T=vtab_Q=3bit_L=lora_2_qkv-fc1-proj-fc2/cifar/20260114184203_default_acc=53.50/tensorboard/Grad_qkv.lora_B_block_5/events.out.tfevents.1768387346.master-192-168-8-48.1680.3,qkv.lora_B,5
1768387379.1128392,70,2.21875,0.10826817899942398,Grad/qkv.lora_B,outputs_dev/vitb16/T=vtab_Q=3bit_L=lora_2_qkv-fc1-proj-fc2/cifar/20260114184203_default_acc=53.50/tensorboard/Grad_qkv.lora_B_block_5/events.out.tfevents.1768387346.master-192-168-8-48.1680.3,qkv.lora_B,5
1768387379.5422366,71,2.25,0.13928461074829102,Grad/qkv.lora_B,outputs_dev/vitb16/T=vtab_Q=3bit_L=lora_2_qkv-fc1-proj-fc2/cifar/20260114184203_default_acc=53.50/tensorboard/Grad_qkv.lora_B_block_5/events.out.tfevents.1768387346.master-192-168-8-48.1680.3,qkv.lora_B,5
1768387379.9951174,72,2.28125,0.09699586033821106,Grad/qkv.lora_B,outputs_dev/vitb16/T=vtab_Q=3bit_L=lora_2_qkv-fc1-proj-fc2/cifar/20260114184203_default_acc=53.50/tensorboard/Grad_qkv.lora_B_block_5/events.out.tfevents.1768387346.master-192-168-8-48.1680.3,qkv.lora_B,5
1768387380.426854,73,2.3125,0.10281543433666229,Grad/qkv.lora_B,outputs_dev/vitb16/T=vtab_Q=3bit_L=lora_2_qkv-fc1-proj-fc2/cifar/20260114184203_default_acc=53.50/tensorboard/Grad_qkv.lora_B_block_5/events.out.tfevents.1768387346.master-192-168-8-48.1680.3,qkv.lora_B,5
1768387380.856585,74,2.34375,0.10309010744094849,Grad/qkv.lora_B,outputs_dev/vitb16/T=vtab_Q=3bit_L=lora_2_qkv-fc1-proj-fc2/cifar/20260114184203_default_acc=53.50/tensorboard/Grad_qkv.lora_B_block_5/events.out.tfevents.1768387346.master-192-168-8-48.1680.3,qkv.lora_B,5
1768387381.2831588,75,2.375,0.10279025137424469,Grad/qkv.lora_B,outputs_dev/vitb16/T=vtab_Q=3bit_L=lora_2_qkv-fc1-proj-fc2/cifar/20260114184203_default_acc=53.50/tensorboard/Grad_qkv.lora_B_block_5/events.out.tfevents.1768387346.master-192-168-8-48.1680.3,qkv.lora_B,5
1768387381.7110834,76,2.40625,0.10850808024406433,Grad/qkv.lora_B,outputs_dev/vitb16/T=vtab_Q=3bit_L=lora_2_qkv-fc1-proj-fc2/cifar/20260114184203_default_acc=53.50/tensorboard/Grad_qkv.lora_B_block_5/events.out.tfevents.1768387346.master-192-168-8-48.1680.3,qkv.lora_B,5
1768387382.1421235,77,2.4375,0.10256271064281464,Grad/qkv.lora_B,outputs_dev/vitb16/T=vtab_Q=3bit_L=lora_2_qkv-fc1-proj-fc2/cifar/20260114184203_default_acc=53.50/tensorboard/Grad_qkv.lora_B_block_5/events.out.tfevents.1768387346.master-192-168-8-48.1680.3,qkv.lora_B,5
1768387382.570322,78,2.46875,0.09054157882928848,Grad/qkv.lora_B,outputs_dev/vitb16/T=vtab_Q=3bit_L=lora_2_qkv-fc1-proj-fc2/cifar/20260114184203_default_acc=53.50/tensorboard/Grad_qkv.lora_B_block_5/events.out.tfevents.1768387346.master-192-168-8-48.1680.3,qkv.lora_B,5
1768387382.9998405,79,2.5,0.11931078881025314,Grad/qkv.lora_B,outputs_dev/vitb16/T=vtab_Q=3bit_L=lora_2_qkv-fc1-proj-fc2/cifar/20260114184203_default_acc=53.50/tensorboard/Grad_qkv.lora_B_block_5/events.out.tfevents.1768387346.master-192-168-8-48.1680.3,qkv.lora_B,5
1768387383.4259,80,2.53125,0.10106977075338364,Grad/qkv.lora_B,outputs_dev/vitb16/T=vtab_Q=3bit_L=lora_2_qkv-fc1-proj-fc2/cifar/20260114184203_default_acc=53.50/tensorboard/Grad_qkv.lora_B_block_5/events.out.tfevents.1768387346.master-192-168-8-48.1680.3,qkv.lora_B,5
1768387383.8405163,81,2.5625,0.11364808678627014,Grad/qkv.lora_B,outputs_dev/vitb16/T=vtab_Q=3bit_L=lora_2_qkv-fc1-proj-fc2/cifar/20260114184203_default_acc=53.50/tensorboard/Grad_qkv.lora_B_block_5/events.out.tfevents.1768387346.master-192-168-8-48.1680.3,qkv.lora_B,5
1768387384.2685692,82,2.59375,0.09642432630062103,Grad/qkv.lora_B,outputs_dev/vitb16/T=vtab_Q=3bit_L=lora_2_qkv-fc1-proj-fc2/cifar/20260114184203_default_acc=53.50/tensorboard/Grad_qkv.lora_B_block_5/events.out.tfevents.1768387346.master-192-168-8-48.1680.3,qkv.lora_B,5
1768387384.696148,83,2.625,0.10513630509376526,Grad/qkv.lora_B,outputs_dev/vitb16/T=vtab_Q=3bit_L=lora_2_qkv-fc1-proj-fc2/cifar/20260114184203_default_acc=53.50/tensorboard/Grad_qkv.lora_B_block_5/events.out.tfevents.1768387346.master-192-168-8-48.1680.3,qkv.lora_B,5
1768387385.1273117,84,2.65625,0.08790826052427292,Grad/qkv.lora_B,outputs_dev/vitb16/T=vtab_Q=3bit_L=lora_2_qkv-fc1-proj-fc2/cifar/20260114184203_default_acc=53.50/tensorboard/Grad_qkv.lora_B_block_5/events.out.tfevents.1768387346.master-192-168-8-48.1680.3,qkv.lora_B,5
1768387385.5680368,85,2.6875,0.10749393701553345,Grad/qkv.lora_B,outputs_dev/vitb16/T=vtab_Q=3bit_L=lora_2_qkv-fc1-proj-fc2/cifar/20260114184203_default_acc=53.50/tensorboard/Grad_qkv.lora_B_block_5/events.out.tfevents.1768387346.master-192-168-8-48.1680.3,qkv.lora_B,5
1768387385.995547,86,2.71875,0.10283157229423523,Grad/qkv.lora_B,outputs_dev/vitb16/T=vtab_Q=3bit_L=lora_2_qkv-fc1-proj-fc2/cifar/20260114184203_default_acc=53.50/tensorboard/Grad_qkv.lora_B_block_5/events.out.tfevents.1768387346.master-192-168-8-48.1680.3,qkv.lora_B,5
1768387386.421848,87,2.75,0.1025066077709198,Grad/qkv.lora_B,outputs_dev/vitb16/T=vtab_Q=3bit_L=lora_2_qkv-fc1-proj-fc2/cifar/20260114184203_default_acc=53.50/tensorboard/Grad_qkv.lora_B_block_5/events.out.tfevents.1768387346.master-192-168-8-48.1680.3,qkv.lora_B,5
1768387386.8458233,88,2.78125,0.14158472418785095,Grad/qkv.lora_B,outputs_dev/vitb16/T=vtab_Q=3bit_L=lora_2_qkv-fc1-proj-fc2/cifar/20260114184203_default_acc=53.50/tensorboard/Grad_qkv.lora_B_block_5/events.out.tfevents.1768387346.master-192-168-8-48.1680.3,qkv.lora_B,5
1768387387.2689517,89,2.8125,0.12131606787443161,Grad/qkv.lora_B,outputs_dev/vitb16/T=vtab_Q=3bit_L=lora_2_qkv-fc1-proj-fc2/cifar/20260114184203_default_acc=53.50/tensorboard/Grad_qkv.lora_B_block_5/events.out.tfevents.1768387346.master-192-168-8-48.1680.3,qkv.lora_B,5
1768387387.6918762,90,2.84375,0.10072208940982819,Grad/qkv.lora_B,outputs_dev/vitb16/T=vtab_Q=3bit_L=lora_2_qkv-fc1-proj-fc2/cifar/20260114184203_default_acc=53.50/tensorboard/Grad_qkv.lora_B_block_5/events.out.tfevents.1768387346.master-192-168-8-48.1680.3,qkv.lora_B,5
1768387388.1129816,91,2.875,0.11135904490947723,Grad/qkv.lora_B,outputs_dev/vitb16/T=vtab_Q=3bit_L=lora_2_qkv-fc1-proj-fc2/cifar/20260114184203_default_acc=53.50/tensorboard/Grad_qkv.lora_B_block_5/events.out.tfevents.1768387346.master-192-168-8-48.1680.3,qkv.lora_B,5
1768387388.5343604,92,2.90625,0.12096018344163895,Grad/qkv.lora_B,outputs_dev/vitb16/T=vtab_Q=3bit_L=lora_2_qkv-fc1-proj-fc2/cifar/20260114184203_default_acc=53.50/tensorboard/Grad_qkv.lora_B_block_5/events.out.tfevents.1768387346.master-192-168-8-48.1680.3,qkv.lora_B,5
1768387388.9578495,93,2.9375,0.10440566390752792,Grad/qkv.lora_B,outputs_dev/vitb16/T=vtab_Q=3bit_L=lora_2_qkv-fc1-proj-fc2/cifar/20260114184203_default_acc=53.50/tensorboard/Grad_qkv.lora_B_block_5/events.out.tfevents.1768387346.master-192-168-8-48.1680.3,qkv.lora_B,5
1768387389.381489,94,2.96875,0.09198155254125595,Grad/qkv.lora_B,outputs_dev/vitb16/T=vtab_Q=3bit_L=lora_2_qkv-fc1-proj-fc2/cifar/20260114184203_default_acc=53.50/tensorboard/Grad_qkv.lora_B_block_5/events.out.tfevents.1768387346.master-192-168-8-48.1680.3,qkv.lora_B,5
1768387389.5875394,95,3.0,0.21750609576702118,Grad/qkv.lora_B,outputs_dev/vitb16/T=vtab_Q=3bit_L=lora_2_qkv-fc1-proj-fc2/cifar/20260114184203_default_acc=53.50/tensorboard/Grad_qkv.lora_B_block_5/events.out.tfevents.1768387346.master-192-168-8-48.1680.3,qkv.lora_B,5
1768387390.3217654,96,3.03125,0.11163406074047089,Grad/qkv.lora_B,outputs_dev/vitb16/T=vtab_Q=3bit_L=lora_2_qkv-fc1-proj-fc2/cifar/20260114184203_default_acc=53.50/tensorboard/Grad_qkv.lora_B_block_5/events.out.tfevents.1768387346.master-192-168-8-48.1680.3,qkv.lora_B,5
1768387390.7575233,97,3.0625,0.11212971061468124,Grad/qkv.lora_B,outputs_dev/vitb16/T=vtab_Q=3bit_L=lora_2_qkv-fc1-proj-fc2/cifar/20260114184203_default_acc=53.50/tensorboard/Grad_qkv.lora_B_block_5/events.out.tfevents.1768387346.master-192-168-8-48.1680.3,qkv.lora_B,5
1768387391.2003994,98,3.09375,0.09114936739206314,Grad/qkv.lora_B,outputs_dev/vitb16/T=vtab_Q=3bit_L=lora_2_qkv-fc1-proj-fc2/cifar/20260114184203_default_acc=53.50/tensorboard/Grad_qkv.lora_B_block_5/events.out.tfevents.1768387346.master-192-168-8-48.1680.3,qkv.lora_B,5
1768387391.625571,99,3.125,0.09088978916406631,Grad/qkv.lora_B,outputs_dev/vitb16/T=vtab_Q=3bit_L=lora_2_qkv-fc1-proj-fc2/cifar/20260114184203_default_acc=53.50/tensorboard/Grad_qkv.lora_B_block_5/events.out.tfevents.1768387346.master-192-168-8-48.1680.3,qkv.lora_B,5
1768387392.0368743,100,3.15625,0.11180534213781357,Grad/qkv.lora_B,outputs_dev/vitb16/T=vtab_Q=3bit_L=lora_2_qkv-fc1-proj-fc2/cifar/20260114184203_default_acc=53.50/tensorboard/Grad_qkv.lora_B_block_5/events.out.tfevents.1768387346.master-192-168-8-48.1680.3,qkv.lora_B,5
1768387392.460245,101,3.1875,0.10101240128278732,Grad/qkv.lora_B,outputs_dev/vitb16/T=vtab_Q=3bit_L=lora_2_qkv-fc1-proj-fc2/cifar/20260114184203_default_acc=53.50/tensorboard/Grad_qkv.lora_B_block_5/events.out.tfevents.1768387346.master-192-168-8-48.1680.3,qkv.lora_B,5
1768387392.8823245,102,3.21875,0.11707492917776108,Grad/qkv.lora_B,outputs_dev/vitb16/T=vtab_Q=3bit_L=lora_2_qkv-fc1-proj-fc2/cifar/20260114184203_default_acc=53.50/tensorboard/Grad_qkv.lora_B_block_5/events.out.tfevents.1768387346.master-192-168-8-48.1680.3,qkv.lora_B,5
1768387393.3065913,103,3.25,0.09990155696868896,Grad/qkv.lora_B,outputs_dev/vitb16/T=vtab_Q=3bit_L=lora_2_qkv-fc1-proj-fc2/cifar/20260114184203_default_acc=53.50/tensorboard/Grad_qkv.lora_B_block_5/events.out.tfevents.1768387346.master-192-168-8-48.1680.3,qkv.lora_B,5
1768387393.750814,104,3.28125,0.08767737448215485,Grad/qkv.lora_B,outputs_dev/vitb16/T=vtab_Q=3bit_L=lora_2_qkv-fc1-proj-fc2/cifar/20260114184203_default_acc=53.50/tensorboard/Grad_qkv.lora_B_block_5/events.out.tfevents.1768387346.master-192-168-8-48.1680.3,qkv.lora_B,5
1768387394.1898682,105,3.3125,0.10913217812776566,Grad/qkv.lora_B,outputs_dev/vitb16/T=vtab_Q=3bit_L=lora_2_qkv-fc1-proj-fc2/cifar/20260114184203_default_acc=53.50/tensorboard/Grad_qkv.lora_B_block_5/events.out.tfevents.1768387346.master-192-168-8-48.1680.3,qkv.lora_B,5
1768387394.6135836,106,3.34375,0.11824954301118851,Grad/qkv.lora_B,outputs_dev/vitb16/T=vtab_Q=3bit_L=lora_2_qkv-fc1-proj-fc2/cifar/20260114184203_default_acc=53.50/tensorboard/Grad_qkv.lora_B_block_5/events.out.tfevents.1768387346.master-192-168-8-48.1680.3,qkv.lora_B,5
1768387395.0435297,107,3.375,0.11602471768856049,Grad/qkv.lora_B,outputs_dev/vitb16/T=vtab_Q=3bit_L=lora_2_qkv-fc1-proj-fc2/cifar/20260114184203_default_acc=53.50/tensorboard/Grad_qkv.lora_B_block_5/events.out.tfevents.1768387346.master-192-168-8-48.1680.3,qkv.lora_B,5
1768387395.4726367,108,3.40625,0.11479274183511734,Grad/qkv.lora_B,outputs_dev/vitb16/T=vtab_Q=3bit_L=lora_2_qkv-fc1-proj-fc2/cifar/20260114184203_default_acc=53.50/tensorboard/Grad_qkv.lora_B_block_5/events.out.tfevents.1768387346.master-192-168-8-48.1680.3,qkv.lora_B,5
1768387395.9024296,109,3.4375,0.12823739647865295,Grad/qkv.lora_B,outputs_dev/vitb16/T=vtab_Q=3bit_L=lora_2_qkv-fc1-proj-fc2/cifar/20260114184203_default_acc=53.50/tensorboard/Grad_qkv.lora_B_block_5/events.out.tfevents.1768387346.master-192-168-8-48.1680.3,qkv.lora_B,5
1768387396.3436856,110,3.46875,0.11157052218914032,Grad/qkv.lora_B,outputs_dev/vitb16/T=vtab_Q=3bit_L=lora_2_qkv-fc1-proj-fc2/cifar/20260114184203_default_acc=53.50/tensorboard/Grad_qkv.lora_B_block_5/events.out.tfevents.1768387346.master-192-168-8-48.1680.3,qkv.lora_B,5
1768387396.784104,111,3.5,0.10543873906135559,Grad/qkv.lora_B,outputs_dev/vitb16/T=vtab_Q=3bit_L=lora_2_qkv-fc1-proj-fc2/cifar/20260114184203_default_acc=53.50/tensorboard/Grad_qkv.lora_B_block_5/events.out.tfevents.1768387346.master-192-168-8-48.1680.3,qkv.lora_B,5
1768387397.2118783,112,3.53125,0.09040690958499908,Grad/qkv.lora_B,outputs_dev/vitb16/T=vtab_Q=3bit_L=lora_2_qkv-fc1-proj-fc2/cifar/20260114184203_default_acc=53.50/tensorboard/Grad_qkv.lora_B_block_5/events.out.tfevents.1768387346.master-192-168-8-48.1680.3,qkv.lora_B,5
1768387397.642871,113,3.5625,0.11017496138811111,Grad/qkv.lora_B,outputs_dev/vitb16/T=vtab_Q=3bit_L=lora_2_qkv-fc1-proj-fc2/cifar/20260114184203_default_acc=53.50/tensorboard/Grad_qkv.lora_B_block_5/events.out.tfevents.1768387346.master-192-168-8-48.1680.3,qkv.lora_B,5
1768387398.0813076,114,3.59375,0.09777958691120148,Grad/qkv.lora_B,outputs_dev/vitb16/T=vtab_Q=3bit_L=lora_2_qkv-fc1-proj-fc2/cifar/20260114184203_default_acc=53.50/tensorboard/Grad_qkv.lora_B_block_5/events.out.tfevents.1768387346.master-192-168-8-48.1680.3,qkv.lora_B,5
1768387398.5067842,115,3.625,0.1062922477722168,Grad/qkv.lora_B,outputs_dev/vitb16/T=vtab_Q=3bit_L=lora_2_qkv-fc1-proj-fc2/cifar/20260114184203_default_acc=53.50/tensorboard/Grad_qkv.lora_B_block_5/events.out.tfevents.1768387346.master-192-168-8-48.1680.3,qkv.lora_B,5
1768387398.932572,116,3.65625,0.10875454545021057,Grad/qkv.lora_B,outputs_dev/vitb16/T=vtab_Q=3bit_L=lora_2_qkv-fc1-proj-fc2/cifar/20260114184203_default_acc=53.50/tensorboard/Grad_qkv.lora_B_block_5/events.out.tfevents.1768387346.master-192-168-8-48.1680.3,qkv.lora_B,5
1768387399.3553543,117,3.6875,0.10405118763446808,Grad/qkv.lora_B,outputs_dev/vitb16/T=vtab_Q=3bit_L=lora_2_qkv-fc1-proj-fc2/cifar/20260114184203_default_acc=53.50/tensorboard/Grad_qkv.lora_B_block_5/events.out.tfevents.1768387346.master-192-168-8-48.1680.3,qkv.lora_B,5
1768387399.7974637,118,3.71875,0.11815761774778366,Grad/qkv.lora_B,outputs_dev/vitb16/T=vtab_Q=3bit_L=lora_2_qkv-fc1-proj-fc2/cifar/20260114184203_default_acc=53.50/tensorboard/Grad_qkv.lora_B_block_5/events.out.tfevents.1768387346.master-192-168-8-48.1680.3,qkv.lora_B,5
1768387400.220172,119,3.75,0.10995549708604813,Grad/qkv.lora_B,outputs_dev/vitb16/T=vtab_Q=3bit_L=lora_2_qkv-fc1-proj-fc2/cifar/20260114184203_default_acc=53.50/tensorboard/Grad_qkv.lora_B_block_5/events.out.tfevents.1768387346.master-192-168-8-48.1680.3,qkv.lora_B,5
1768387400.646969,120,3.78125,0.10724073648452759,Grad/qkv.lora_B,outputs_dev/vitb16/T=vtab_Q=3bit_L=lora_2_qkv-fc1-proj-fc2/cifar/20260114184203_default_acc=53.50/tensorboard/Grad_qkv.lora_B_block_5/events.out.tfevents.1768387346.master-192-168-8-48.1680.3,qkv.lora_B,5
1768387401.0691934,121,3.8125,0.10626617819070816,Grad/qkv.lora_B,outputs_dev/vitb16/T=vtab_Q=3bit_L=lora_2_qkv-fc1-proj-fc2/cifar/20260114184203_default_acc=53.50/tensorboard/Grad_qkv.lora_B_block_5/events.out.tfevents.1768387346.master-192-168-8-48.1680.3,qkv.lora_B,5
1768387401.4931934,122,3.84375,0.11783401668071747,Grad/qkv.lora_B,outputs_dev/vitb16/T=vtab_Q=3bit_L=lora_2_qkv-fc1-proj-fc2/cifar/20260114184203_default_acc=53.50/tensorboard/Grad_qkv.lora_B_block_5/events.out.tfevents.1768387346.master-192-168-8-48.1680.3,qkv.lora_B,5
1768387401.9208329,123,3.875,0.15412773191928864,Grad/qkv.lora_B,outputs_dev/vitb16/T=vtab_Q=3bit_L=lora_2_qkv-fc1-proj-fc2/cifar/20260114184203_default_acc=53.50/tensorboard/Grad_qkv.lora_B_block_5/events.out.tfevents.1768387346.master-192-168-8-48.1680.3,qkv.lora_B,5
1768387402.3607428,124,3.90625,0.12704063951969147,Grad/qkv.lora_B,outputs_dev/vitb16/T=vtab_Q=3bit_L=lora_2_qkv-fc1-proj-fc2/cifar/20260114184203_default_acc=53.50/tensorboard/Grad_qkv.lora_B_block_5/events.out.tfevents.1768387346.master-192-168-8-48.1680.3,qkv.lora_B,5
1768387402.7847126,125,3.9375,0.11167148500680923,Grad/qkv.lora_B,outputs_dev/vitb16/T=vtab_Q=3bit_L=lora_2_qkv-fc1-proj-fc2/cifar/20260114184203_default_acc=53.50/tensorboard/Grad_qkv.lora_B_block_5/events.out.tfevents.1768387346.master-192-168-8-48.1680.3,qkv.lora_B,5
1768387403.2087967,126,3.96875,0.11559248715639114,Grad/qkv.lora_B,outputs_dev/vitb16/T=vtab_Q=3bit_L=lora_2_qkv-fc1-proj-fc2/cifar/20260114184203_default_acc=53.50/tensorboard/Grad_qkv.lora_B_block_5/events.out.tfevents.1768387346.master-192-168-8-48.1680.3,qkv.lora_B,5
1768387403.4363768,127,4.0,0.22353482246398926,Grad/qkv.lora_B,outputs_dev/vitb16/T=vtab_Q=3bit_L=lora_2_qkv-fc1-proj-fc2/cifar/20260114184203_default_acc=53.50/tensorboard/Grad_qkv.lora_B_block_5/events.out.tfevents.1768387346.master-192-168-8-48.1680.3,qkv.lora_B,5
1768387404.1353316,128,4.03125,0.11427811533212662,Grad/qkv.lora_B,outputs_dev/vitb16/T=vtab_Q=3bit_L=lora_2_qkv-fc1-proj-fc2/cifar/20260114184203_default_acc=53.50/tensorboard/Grad_qkv.lora_B_block_5/events.out.tfevents.1768387346.master-192-168-8-48.1680.3,qkv.lora_B,5
1768387404.5841825,129,4.0625,0.10829973220825195,Grad/qkv.lora_B,outputs_dev/vitb16/T=vtab_Q=3bit_L=lora_2_qkv-fc1-proj-fc2/cifar/20260114184203_default_acc=53.50/tensorboard/Grad_qkv.lora_B_block_5/events.out.tfevents.1768387346.master-192-168-8-48.1680.3,qkv.lora_B,5
1768387405.021593,130,4.09375,0.11664365231990814,Grad/qkv.lora_B,outputs_dev/vitb16/T=vtab_Q=3bit_L=lora_2_qkv-fc1-proj-fc2/cifar/20260114184203_default_acc=53.50/tensorboard/Grad_qkv.lora_B_block_5/events.out.tfevents.1768387346.master-192-168-8-48.1680.3,qkv.lora_B,5
1768387405.4566312,131,4.125,0.11632392555475235,Grad/qkv.lora_B,outputs_dev/vitb16/T=vtab_Q=3bit_L=lora_2_qkv-fc1-proj-fc2/cifar/20260114184203_default_acc=53.50/tensorboard/Grad_qkv.lora_B_block_5/events.out.tfevents.1768387346.master-192-168-8-48.1680.3,qkv.lora_B,5
1768387405.8910584,132,4.15625,0.11367058753967285,Grad/qkv.lora_B,outputs_dev/vitb16/T=vtab_Q=3bit_L=lora_2_qkv-fc1-proj-fc2/cifar/20260114184203_default_acc=53.50/tensorboard/Grad_qkv.lora_B_block_5/events.out.tfevents.1768387346.master-192-168-8-48.1680.3,qkv.lora_B,5
1768387406.314959,133,4.1875,0.13642491400241852,Grad/qkv.lora_B,outputs_dev/vitb16/T=vtab_Q=3bit_L=lora_2_qkv-fc1-proj-fc2/cifar/20260114184203_default_acc=53.50/tensorboard/Grad_qkv.lora_B_block_5/events.out.tfevents.1768387346.master-192-168-8-48.1680.3,qkv.lora_B,5
1768387406.7533784,134,4.21875,0.10700822621583939,Grad/qkv.lora_B,outputs_dev/vitb16/T=vtab_Q=3bit_L=lora_2_qkv-fc1-proj-fc2/cifar/20260114184203_default_acc=53.50/tensorboard/Grad_qkv.lora_B_block_5/events.out.tfevents.1768387346.master-192-168-8-48.1680.3,qkv.lora_B,5
1768387407.1753383,135,4.25,0.11657208204269409,Grad/qkv.lora_B,outputs_dev/vitb16/T=vtab_Q=3bit_L=lora_2_qkv-fc1-proj-fc2/cifar/20260114184203_default_acc=53.50/tensorboard/Grad_qkv.lora_B_block_5/events.out.tfevents.1768387346.master-192-168-8-48.1680.3,qkv.lora_B,5
1768387407.6117485,136,4.28125,0.10782413929700851,Grad/qkv.lora_B,outputs_dev/vitb16/T=vtab_Q=3bit_L=lora_2_qkv-fc1-proj-fc2/cifar/20260114184203_default_acc=53.50/tensorboard/Grad_qkv.lora_B_block_5/events.out.tfevents.1768387346.master-192-168-8-48.1680.3,qkv.lora_B,5
1768387408.0446024,137,4.3125,0.10086910426616669,Grad/qkv.lora_B,outputs_dev/vitb16/T=vtab_Q=3bit_L=lora_2_qkv-fc1-proj-fc2/cifar/20260114184203_default_acc=53.50/tensorboard/Grad_qkv.lora_B_block_5/events.out.tfevents.1768387346.master-192-168-8-48.1680.3,qkv.lora_B,5
1768387408.4674437,138,4.34375,0.12314845621585846,Grad/qkv.lora_B,outputs_dev/vitb16/T=vtab_Q=3bit_L=lora_2_qkv-fc1-proj-fc2/cifar/20260114184203_default_acc=53.50/tensorboard/Grad_qkv.lora_B_block_5/events.out.tfevents.1768387346.master-192-168-8-48.1680.3,qkv.lora_B,5
1768387408.888721,139,4.375,0.1662469059228897,Grad/qkv.lora_B,outputs_dev/vitb16/T=vtab_Q=3bit_L=lora_2_qkv-fc1-proj-fc2/cifar/20260114184203_default_acc=53.50/tensorboard/Grad_qkv.lora_B_block_5/events.out.tfevents.1768387346.master-192-168-8-48.1680.3,qkv.lora_B,5
1768387409.3222518,140,4.40625,0.1686284989118576,Grad/qkv.lora_B,outputs_dev/vitb16/T=vtab_Q=3bit_L=lora_2_qkv-fc1-proj-fc2/cifar/20260114184203_default_acc=53.50/tensorboard/Grad_qkv.lora_B_block_5/events.out.tfevents.1768387346.master-192-168-8-48.1680.3,qkv.lora_B,5
1768387409.7425401,141,4.4375,0.12089776992797852,Grad/qkv.lora_B,outputs_dev/vitb16/T=vtab_Q=3bit_L=lora_2_qkv-fc1-proj-fc2/cifar/20260114184203_default_acc=53.50/tensorboard/Grad_qkv.lora_B_block_5/events.out.tfevents.1768387346.master-192-168-8-48.1680.3,qkv.lora_B,5
1768387410.1529324,142,4.46875,0.11459268629550934,Grad/qkv.lora_B,outputs_dev/vitb16/T=vtab_Q=3bit_L=lora_2_qkv-fc1-proj-fc2/cifar/20260114184203_default_acc=53.50/tensorboard/Grad_qkv.lora_B_block_5/events.out.tfevents.1768387346.master-192-168-8-48.1680.3,qkv.lora_B,5
1768387410.564999,143,4.5,0.11855638027191162,Grad/qkv.lora_B,outputs_dev/vitb16/T=vtab_Q=3bit_L=lora_2_qkv-fc1-proj-fc2/cifar/20260114184203_default_acc=53.50/tensorboard/Grad_qkv.lora_B_block_5/events.out.tfevents.1768387346.master-192-168-8-48.1680.3,qkv.lora_B,5
1768387410.986514,144,4.53125,0.11518730223178864,Grad/qkv.lora_B,outputs_dev/vitb16/T=vtab_Q=3bit_L=lora_2_qkv-fc1-proj-fc2/cifar/20260114184203_default_acc=53.50/tensorboard/Grad_qkv.lora_B_block_5/events.out.tfevents.1768387346.master-192-168-8-48.1680.3,qkv.lora_B,5
1768387411.3959715,145,4.5625,0.13100655376911163,Grad/qkv.lora_B,outputs_dev/vitb16/T=vtab_Q=3bit_L=lora_2_qkv-fc1-proj-fc2/cifar/20260114184203_default_acc=53.50/tensorboard/Grad_qkv.lora_B_block_5/events.out.tfevents.1768387346.master-192-168-8-48.1680.3,qkv.lora_B,5
1768387411.8318486,146,4.59375,0.12769941985607147,Grad/qkv.lora_B,outputs_dev/vitb16/T=vtab_Q=3bit_L=lora_2_qkv-fc1-proj-fc2/cifar/20260114184203_default_acc=53.50/tensorboard/Grad_qkv.lora_B_block_5/events.out.tfevents.1768387346.master-192-168-8-48.1680.3,qkv.lora_B,5
1768387412.256237,147,4.625,0.1362302452325821,Grad/qkv.lora_B,outputs_dev/vitb16/T=vtab_Q=3bit_L=lora_2_qkv-fc1-proj-fc2/cifar/20260114184203_default_acc=53.50/tensorboard/Grad_qkv.lora_B_block_5/events.out.tfevents.1768387346.master-192-168-8-48.1680.3,qkv.lora_B,5
1768387412.6929603,148,4.65625,0.14170284569263458,Grad/qkv.lora_B,outputs_dev/vitb16/T=vtab_Q=3bit_L=lora_2_qkv-fc1-proj-fc2/cifar/20260114184203_default_acc=53.50/tensorboard/Grad_qkv.lora_B_block_5/events.out.tfevents.1768387346.master-192-168-8-48.1680.3,qkv.lora_B,5
1768387413.1294093,149,4.6875,0.1324518620967865,Grad/qkv.lora_B,outputs_dev/vitb16/T=vtab_Q=3bit_L=lora_2_qkv-fc1-proj-fc2/cifar/20260114184203_default_acc=53.50/tensorboard/Grad_qkv.lora_B_block_5/events.out.tfevents.1768387346.master-192-168-8-48.1680.3,qkv.lora_B,5
1768387413.5523512,150,4.71875,0.11425554752349854,Grad/qkv.lora_B,outputs_dev/vitb16/T=vtab_Q=3bit_L=lora_2_qkv-fc1-proj-fc2/cifar/20260114184203_default_acc=53.50/tensorboard/Grad_qkv.lora_B_block_5/events.out.tfevents.1768387346.master-192-168-8-48.1680.3,qkv.lora_B,5
1768387413.9899266,151,4.75,0.1254609376192093,Grad/qkv.lora_B,outputs_dev/vitb16/T=vtab_Q=3bit_L=lora_2_qkv-fc1-proj-fc2/cifar/20260114184203_default_acc=53.50/tensorboard/Grad_qkv.lora_B_block_5/events.out.tfevents.1768387346.master-192-168-8-48.1680.3,qkv.lora_B,5
1768387414.4257038,152,4.78125,0.15444260835647583,Grad/qkv.lora_B,outputs_dev/vitb16/T=vtab_Q=3bit_L=lora_2_qkv-fc1-proj-fc2/cifar/20260114184203_default_acc=53.50/tensorboard/Grad_qkv.lora_B_block_5/events.out.tfevents.1768387346.master-192-168-8-48.1680.3,qkv.lora_B,5
1768387414.8465016,153,4.8125,0.13600240647792816,Grad/qkv.lora_B,outputs_dev/vitb16/T=vtab_Q=3bit_L=lora_2_qkv-fc1-proj-fc2/cifar/20260114184203_default_acc=53.50/tensorboard/Grad_qkv.lora_B_block_5/events.out.tfevents.1768387346.master-192-168-8-48.1680.3,qkv.lora_B,5
1768387415.2788854,154,4.84375,0.129740908741951,Grad/qkv.lora_B,outputs_dev/vitb16/T=vtab_Q=3bit_L=lora_2_qkv-fc1-proj-fc2/cifar/20260114184203_default_acc=53.50/tensorboard/Grad_qkv.lora_B_block_5/events.out.tfevents.1768387346.master-192-168-8-48.1680.3,qkv.lora_B,5
1768387415.711971,155,4.875,0.11368965357542038,Grad/qkv.lora_B,outputs_dev/vitb16/T=vtab_Q=3bit_L=lora_2_qkv-fc1-proj-fc2/cifar/20260114184203_default_acc=53.50/tensorboard/Grad_qkv.lora_B_block_5/events.out.tfevents.1768387346.master-192-168-8-48.1680.3,qkv.lora_B,5
1768387416.1329176,156,4.90625,0.12637627124786377,Grad/qkv.lora_B,outputs_dev/vitb16/T=vtab_Q=3bit_L=lora_2_qkv-fc1-proj-fc2/cifar/20260114184203_default_acc=53.50/tensorboard/Grad_qkv.lora_B_block_5/events.out.tfevents.1768387346.master-192-168-8-48.1680.3,qkv.lora_B,5
1768387416.6819105,157,4.9375,0.1062302514910698,Grad/qkv.lora_B,outputs_dev/vitb16/T=vtab_Q=3bit_L=lora_2_qkv-fc1-proj-fc2/cifar/20260114184203_default_acc=53.50/tensorboard/Grad_qkv.lora_B_block_5/events.out.tfevents.1768387346.master-192-168-8-48.1680.3,qkv.lora_B,5
1768387417.100913,158,4.96875,0.10941698402166367,Grad/qkv.lora_B,outputs_dev/vitb16/T=vtab_Q=3bit_L=lora_2_qkv-fc1-proj-fc2/cifar/20260114184203_default_acc=53.50/tensorboard/Grad_qkv.lora_B_block_5/events.out.tfevents.1768387346.master-192-168-8-48.1680.3,qkv.lora_B,5
1768387417.3224235,159,5.0,0.27058127522468567,Grad/qkv.lora_B,outputs_dev/vitb16/T=vtab_Q=3bit_L=lora_2_qkv-fc1-proj-fc2/cifar/20260114184203_default_acc=53.50/tensorboard/Grad_qkv.lora_B_block_5/events.out.tfevents.1768387346.master-192-168-8-48.1680.3,qkv.lora_B,5
1768387418.043809,160,5.03125,0.14108537137508392,Grad/qkv.lora_B,outputs_dev/vitb16/T=vtab_Q=3bit_L=lora_2_qkv-fc1-proj-fc2/cifar/20260114184203_default_acc=53.50/tensorboard/Grad_qkv.lora_B_block_5/events.out.tfevents.1768387346.master-192-168-8-48.1680.3,qkv.lora_B,5
1768387418.469323,161,5.0625,0.15982142090797424,Grad/qkv.lora_B,outputs_dev/vitb16/T=vtab_Q=3bit_L=lora_2_qkv-fc1-proj-fc2/cifar/20260114184203_default_acc=53.50/tensorboard/Grad_qkv.lora_B_block_5/events.out.tfevents.1768387346.master-192-168-8-48.1680.3,qkv.lora_B,5
1768387418.894145,162,5.09375,0.14023081958293915,Grad/qkv.lora_B,outputs_dev/vitb16/T=vtab_Q=3bit_L=lora_2_qkv-fc1-proj-fc2/cifar/20260114184203_default_acc=53.50/tensorboard/Grad_qkv.lora_B_block_5/events.out.tfevents.1768387346.master-192-168-8-48.1680.3,qkv.lora_B,5
1768387419.3162284,163,5.125,0.14345857501029968,Grad/qkv.lora_B,outputs_dev/vitb16/T=vtab_Q=3bit_L=lora_2_qkv-fc1-proj-fc2/cifar/20260114184203_default_acc=53.50/tensorboard/Grad_qkv.lora_B_block_5/events.out.tfevents.1768387346.master-192-168-8-48.1680.3,qkv.lora_B,5
1768387419.7423465,164,5.15625,0.14268667995929718,Grad/qkv.lora_B,outputs_dev/vitb16/T=vtab_Q=3bit_L=lora_2_qkv-fc1-proj-fc2/cifar/20260114184203_default_acc=53.50/tensorboard/Grad_qkv.lora_B_block_5/events.out.tfevents.1768387346.master-192-168-8-48.1680.3,qkv.lora_B,5
1768387420.1719785,165,5.1875,0.12753239274024963,Grad/qkv.lora_B,outputs_dev/vitb16/T=vtab_Q=3bit_L=lora_2_qkv-fc1-proj-fc2/cifar/20260114184203_default_acc=53.50/tensorboard/Grad_qkv.lora_B_block_5/events.out.tfevents.1768387346.master-192-168-8-48.1680.3,qkv.lora_B,5
1768387420.5942426,166,5.21875,0.13803218305110931,Grad/qkv.lora_B,outputs_dev/vitb16/T=vtab_Q=3bit_L=lora_2_qkv-fc1-proj-fc2/cifar/20260114184203_default_acc=53.50/tensorboard/Grad_qkv.lora_B_block_5/events.out.tfevents.1768387346.master-192-168-8-48.1680.3,qkv.lora_B,5
1768387421.017761,167,5.25,0.157058447599411,Grad/qkv.lora_B,outputs_dev/vitb16/T=vtab_Q=3bit_L=lora_2_qkv-fc1-proj-fc2/cifar/20260114184203_default_acc=53.50/tensorboard/Grad_qkv.lora_B_block_5/events.out.tfevents.1768387346.master-192-168-8-48.1680.3,qkv.lora_B,5
1768387421.4424767,168,5.28125,0.14788998663425446,Grad/qkv.lora_B,outputs_dev/vitb16/T=vtab_Q=3bit_L=lora_2_qkv-fc1-proj-fc2/cifar/20260114184203_default_acc=53.50/tensorboard/Grad_qkv.lora_B_block_5/events.out.tfevents.1768387346.master-192-168-8-48.1680.3,qkv.lora_B,5
1768387421.8689437,169,5.3125,0.1696779727935791,Grad/qkv.lora_B,outputs_dev/vitb16/T=vtab_Q=3bit_L=lora_2_qkv-fc1-proj-fc2/cifar/20260114184203_default_acc=53.50/tensorboard/Grad_qkv.lora_B_block_5/events.out.tfevents.1768387346.master-192-168-8-48.1680.3,qkv.lora_B,5
1768387422.2936745,170,5.34375,0.1593719869852066,Grad/qkv.lora_B,outputs_dev/vitb16/T=vtab_Q=3bit_L=lora_2_qkv-fc1-proj-fc2/cifar/20260114184203_default_acc=53.50/tensorboard/Grad_qkv.lora_B_block_5/events.out.tfevents.1768387346.master-192-168-8-48.1680.3,qkv.lora_B,5
1768387422.716683,171,5.375,0.14793850481510162,Grad/qkv.lora_B,outputs_dev/vitb16/T=vtab_Q=3bit_L=lora_2_qkv-fc1-proj-fc2/cifar/20260114184203_default_acc=53.50/tensorboard/Grad_qkv.lora_B_block_5/events.out.tfevents.1768387346.master-192-168-8-48.1680.3,qkv.lora_B,5
1768387423.1527321,172,5.40625,0.14338500797748566,Grad/qkv.lora_B,outputs_dev/vitb16/T=vtab_Q=3bit_L=lora_2_qkv-fc1-proj-fc2/cifar/20260114184203_default_acc=53.50/tensorboard/Grad_qkv.lora_B_block_5/events.out.tfevents.1768387346.master-192-168-8-48.1680.3,qkv.lora_B,5
1768387423.5774646,173,5.4375,0.15772263705730438,Grad/qkv.lora_B,outputs_dev/vitb16/T=vtab_Q=3bit_L=lora_2_qkv-fc1-proj-fc2/cifar/20260114184203_default_acc=53.50/tensorboard/Grad_qkv.lora_B_block_5/events.out.tfevents.1768387346.master-192-168-8-48.1680.3,qkv.lora_B,5
1768387424.010025,174,5.46875,0.1660655289888382,Grad/qkv.lora_B,outputs_dev/vitb16/T=vtab_Q=3bit_L=lora_2_qkv-fc1-proj-fc2/cifar/20260114184203_default_acc=53.50/tensorboard/Grad_qkv.lora_B_block_5/events.out.tfevents.1768387346.master-192-168-8-48.1680.3,qkv.lora_B,5
1768387424.4533548,175,5.5,0.15834461152553558,Grad/qkv.lora_B,outputs_dev/vitb16/T=vtab_Q=3bit_L=lora_2_qkv-fc1-proj-fc2/cifar/20260114184203_default_acc=53.50/tensorboard/Grad_qkv.lora_B_block_5/events.out.tfevents.1768387346.master-192-168-8-48.1680.3,qkv.lora_B,5
1768387424.8969023,176,5.53125,0.1563524752855301,Grad/qkv.lora_B,outputs_dev/vitb16/T=vtab_Q=3bit_L=lora_2_qkv-fc1-proj-fc2/cifar/20260114184203_default_acc=53.50/tensorboard/Grad_qkv.lora_B_block_5/events.out.tfevents.1768387346.master-192-168-8-48.1680.3,qkv.lora_B,5
1768387425.3331535,177,5.5625,0.153925821185112,Grad/qkv.lora_B,outputs_dev/vitb16/T=vtab_Q=3bit_L=lora_2_qkv-fc1-proj-fc2/cifar/20260114184203_default_acc=53.50/tensorboard/Grad_qkv.lora_B_block_5/events.out.tfevents.1768387346.master-192-168-8-48.1680.3,qkv.lora_B,5
1768387425.7846887,178,5.59375,0.15530119836330414,Grad/qkv.lora_B,outputs_dev/vitb16/T=vtab_Q=3bit_L=lora_2_qkv-fc1-proj-fc2/cifar/20260114184203_default_acc=53.50/tensorboard/Grad_qkv.lora_B_block_5/events.out.tfevents.1768387346.master-192-168-8-48.1680.3,qkv.lora_B,5
1768387426.215972,179,5.625,0.14630983769893646,Grad/qkv.lora_B,outputs_dev/vitb16/T=vtab_Q=3bit_L=lora_2_qkv-fc1-proj-fc2/cifar/20260114184203_default_acc=53.50/tensorboard/Grad_qkv.lora_B_block_5/events.out.tfevents.1768387346.master-192-168-8-48.1680.3,qkv.lora_B,5
1768387426.6387963,180,5.65625,0.15832695364952087,Grad/qkv.lora_B,outputs_dev/vitb16/T=vtab_Q=3bit_L=lora_2_qkv-fc1-proj-fc2/cifar/20260114184203_default_acc=53.50/tensorboard/Grad_qkv.lora_B_block_5/events.out.tfevents.1768387346.master-192-168-8-48.1680.3,qkv.lora_B,5
1768387427.0793684,181,5.6875,0.1691785603761673,Grad/qkv.lora_B,outputs_dev/vitb16/T=vtab_Q=3bit_L=lora_2_qkv-fc1-proj-fc2/cifar/20260114184203_default_acc=53.50/tensorboard/Grad_qkv.lora_B_block_5/events.out.tfevents.1768387346.master-192-168-8-48.1680.3,qkv.lora_B,5
1768387427.5319147,182,5.71875,0.12636670470237732,Grad/qkv.lora_B,outputs_dev/vitb16/T=vtab_Q=3bit_L=lora_2_qkv-fc1-proj-fc2/cifar/20260114184203_default_acc=53.50/tensorboard/Grad_qkv.lora_B_block_5/events.out.tfevents.1768387346.master-192-168-8-48.1680.3,qkv.lora_B,5
1768387427.9573681,183,5.75,0.4539196789264679,Grad/qkv.lora_B,outputs_dev/vitb16/T=vtab_Q=3bit_L=lora_2_qkv-fc1-proj-fc2/cifar/20260114184203_default_acc=53.50/tensorboard/Grad_qkv.lora_B_block_5/events.out.tfevents.1768387346.master-192-168-8-48.1680.3,qkv.lora_B,5
1768387428.3917959,184,5.78125,0.16198179125785828,Grad/qkv.lora_B,outputs_dev/vitb16/T=vtab_Q=3bit_L=lora_2_qkv-fc1-proj-fc2/cifar/20260114184203_default_acc=53.50/tensorboard/Grad_qkv.lora_B_block_5/events.out.tfevents.1768387346.master-192-168-8-48.1680.3,qkv.lora_B,5
1768387428.8270714,185,5.8125,0.16350474953651428,Grad/qkv.lora_B,outputs_dev/vitb16/T=vtab_Q=3bit_L=lora_2_qkv-fc1-proj-fc2/cifar/20260114184203_default_acc=53.50/tensorboard/Grad_qkv.lora_B_block_5/events.out.tfevents.1768387346.master-192-168-8-48.1680.3,qkv.lora_B,5
1768387429.251694,186,5.84375,0.15807507932186127,Grad/qkv.lora_B,outputs_dev/vitb16/T=vtab_Q=3bit_L=lora_2_qkv-fc1-proj-fc2/cifar/20260114184203_default_acc=53.50/tensorboard/Grad_qkv.lora_B_block_5/events.out.tfevents.1768387346.master-192-168-8-48.1680.3,qkv.lora_B,5
1768387429.6888173,187,5.875,0.15854866802692413,Grad/qkv.lora_B,outputs_dev/vitb16/T=vtab_Q=3bit_L=lora_2_qkv-fc1-proj-fc2/cifar/20260114184203_default_acc=53.50/tensorboard/Grad_qkv.lora_B_block_5/events.out.tfevents.1768387346.master-192-168-8-48.1680.3,qkv.lora_B,5
1768387430.1309834,188,5.90625,0.1804191917181015,Grad/qkv.lora_B,outputs_dev/vitb16/T=vtab_Q=3bit_L=lora_2_qkv-fc1-proj-fc2/cifar/20260114184203_default_acc=53.50/tensorboard/Grad_qkv.lora_B_block_5/events.out.tfevents.1768387346.master-192-168-8-48.1680.3,qkv.lora_B,5
1768387430.5585034,189,5.9375,0.17966558039188385,Grad/qkv.lora_B,outputs_dev/vitb16/T=vtab_Q=3bit_L=lora_2_qkv-fc1-proj-fc2/cifar/20260114184203_default_acc=53.50/tensorboard/Grad_qkv.lora_B_block_5/events.out.tfevents.1768387346.master-192-168-8-48.1680.3,qkv.lora_B,5
1768387430.9863646,190,5.96875,0.1733742654323578,Grad/qkv.lora_B,outputs_dev/vitb16/T=vtab_Q=3bit_L=lora_2_qkv-fc1-proj-fc2/cifar/20260114184203_default_acc=53.50/tensorboard/Grad_qkv.lora_B_block_5/events.out.tfevents.1768387346.master-192-168-8-48.1680.3,qkv.lora_B,5
1768387431.1959841,191,6.0,0.37734001874923706,Grad/qkv.lora_B,outputs_dev/vitb16/T=vtab_Q=3bit_L=lora_2_qkv-fc1-proj-fc2/cifar/20260114184203_default_acc=53.50/tensorboard/Grad_qkv.lora_B_block_5/events.out.tfevents.1768387346.master-192-168-8-48.1680.3,qkv.lora_B,5
1768387431.956294,192,6.03125,0.17628563940525055,Grad/qkv.lora_B,outputs_dev/vitb16/T=vtab_Q=3bit_L=lora_2_qkv-fc1-proj-fc2/cifar/20260114184203_default_acc=53.50/tensorboard/Grad_qkv.lora_B_block_5/events.out.tfevents.1768387346.master-192-168-8-48.1680.3,qkv.lora_B,5
1768387432.3891904,193,6.0625,0.18761274218559265,Grad/qkv.lora_B,outputs_dev/vitb16/T=vtab_Q=3bit_L=lora_2_qkv-fc1-proj-fc2/cifar/20260114184203_default_acc=53.50/tensorboard/Grad_qkv.lora_B_block_5/events.out.tfevents.1768387346.master-192-168-8-48.1680.3,qkv.lora_B,5
1768387432.818191,194,6.09375,0.19852812588214874,Grad/qkv.lora_B,outputs_dev/vitb16/T=vtab_Q=3bit_L=lora_2_qkv-fc1-proj-fc2/cifar/20260114184203_default_acc=53.50/tensorboard/Grad_qkv.lora_B_block_5/events.out.tfevents.1768387346.master-192-168-8-48.1680.3,qkv.lora_B,5
1768387433.248073,195,6.125,0.19548366963863373,Grad/qkv.lora_B,outputs_dev/vitb16/T=vtab_Q=3bit_L=lora_2_qkv-fc1-proj-fc2/cifar/20260114184203_default_acc=53.50/tensorboard/Grad_qkv.lora_B_block_5/events.out.tfevents.1768387346.master-192-168-8-48.1680.3,qkv.lora_B,5
1768387433.6765304,196,6.15625,0.20204049348831177,Grad/qkv.lora_B,outputs_dev/vitb16/T=vtab_Q=3bit_L=lora_2_qkv-fc1-proj-fc2/cifar/20260114184203_default_acc=53.50/tensorboard/Grad_qkv.lora_B_block_5/events.out.tfevents.1768387346.master-192-168-8-48.1680.3,qkv.lora_B,5
1768387434.1054635,197,6.1875,0.20420803129673004,Grad/qkv.lora_B,outputs_dev/vitb16/T=vtab_Q=3bit_L=lora_2_qkv-fc1-proj-fc2/cifar/20260114184203_default_acc=53.50/tensorboard/Grad_qkv.lora_B_block_5/events.out.tfevents.1768387346.master-192-168-8-48.1680.3,qkv.lora_B,5
1768387434.533983,198,6.21875,0.19731636345386505,Grad/qkv.lora_B,outputs_dev/vitb16/T=vtab_Q=3bit_L=lora_2_qkv-fc1-proj-fc2/cifar/20260114184203_default_acc=53.50/tensorboard/Grad_qkv.lora_B_block_5/events.out.tfevents.1768387346.master-192-168-8-48.1680.3,qkv.lora_B,5
1768387434.9632528,199,6.25,0.17422999441623688,Grad/qkv.lora_B,outputs_dev/vitb16/T=vtab_Q=3bit_L=lora_2_qkv-fc1-proj-fc2/cifar/20260114184203_default_acc=53.50/tensorboard/Grad_qkv.lora_B_block_5/events.out.tfevents.1768387346.master-192-168-8-48.1680.3,qkv.lora_B,5
1768387435.4113243,200,6.28125,0.19351738691329956,Grad/qkv.lora_B,outputs_dev/vitb16/T=vtab_Q=3bit_L=lora_2_qkv-fc1-proj-fc2/cifar/20260114184203_default_acc=53.50/tensorboard/Grad_qkv.lora_B_block_5/events.out.tfevents.1768387346.master-192-168-8-48.1680.3,qkv.lora_B,5
1768387435.839366,201,6.3125,0.21162042021751404,Grad/qkv.lora_B,outputs_dev/vitb16/T=vtab_Q=3bit_L=lora_2_qkv-fc1-proj-fc2/cifar/20260114184203_default_acc=53.50/tensorboard/Grad_qkv.lora_B_block_5/events.out.tfevents.1768387346.master-192-168-8-48.1680.3,qkv.lora_B,5
1768387436.2616353,202,6.34375,0.16847240924835205,Grad/qkv.lora_B,outputs_dev/vitb16/T=vtab_Q=3bit_L=lora_2_qkv-fc1-proj-fc2/cifar/20260114184203_default_acc=53.50/tensorboard/Grad_qkv.lora_B_block_5/events.out.tfevents.1768387346.master-192-168-8-48.1680.3,qkv.lora_B,5
1768387436.6878874,203,6.375,0.19671936333179474,Grad/qkv.lora_B,outputs_dev/vitb16/T=vtab_Q=3bit_L=lora_2_qkv-fc1-proj-fc2/cifar/20260114184203_default_acc=53.50/tensorboard/Grad_qkv.lora_B_block_5/events.out.tfevents.1768387346.master-192-168-8-48.1680.3,qkv.lora_B,5
1768387437.1104474,204,6.40625,0.2204165905714035,Grad/qkv.lora_B,outputs_dev/vitb16/T=vtab_Q=3bit_L=lora_2_qkv-fc1-proj-fc2/cifar/20260114184203_default_acc=53.50/tensorboard/Grad_qkv.lora_B_block_5/events.out.tfevents.1768387346.master-192-168-8-48.1680.3,qkv.lora_B,5
1768387437.532915,205,6.4375,0.18844734132289886,Grad/qkv.lora_B,outputs_dev/vitb16/T=vtab_Q=3bit_L=lora_2_qkv-fc1-proj-fc2/cifar/20260114184203_default_acc=53.50/tensorboard/Grad_qkv.lora_B_block_5/events.out.tfevents.1768387346.master-192-168-8-48.1680.3,qkv.lora_B,5
1768387437.9571598,206,6.46875,0.22328276932239532,Grad/qkv.lora_B,outputs_dev/vitb16/T=vtab_Q=3bit_L=lora_2_qkv-fc1-proj-fc2/cifar/20260114184203_default_acc=53.50/tensorboard/Grad_qkv.lora_B_block_5/events.out.tfevents.1768387346.master-192-168-8-48.1680.3,qkv.lora_B,5
1768387438.40834,207,6.5,0.20408743619918823,Grad/qkv.lora_B,outputs_dev/vitb16/T=vtab_Q=3bit_L=lora_2_qkv-fc1-proj-fc2/cifar/20260114184203_default_acc=53.50/tensorboard/Grad_qkv.lora_B_block_5/events.out.tfevents.1768387346.master-192-168-8-48.1680.3,qkv.lora_B,5
1768387438.830148,208,6.53125,0.22634312510490417,Grad/qkv.lora_B,outputs_dev/vitb16/T=vtab_Q=3bit_L=lora_2_qkv-fc1-proj-fc2/cifar/20260114184203_default_acc=53.50/tensorboard/Grad_qkv.lora_B_block_5/events.out.tfevents.1768387346.master-192-168-8-48.1680.3,qkv.lora_B,5
1768387439.252436,209,6.5625,0.21148695051670074,Grad/qkv.lora_B,outputs_dev/vitb16/T=vtab_Q=3bit_L=lora_2_qkv-fc1-proj-fc2/cifar/20260114184203_default_acc=53.50/tensorboard/Grad_qkv.lora_B_block_5/events.out.tfevents.1768387346.master-192-168-8-48.1680.3,qkv.lora_B,5
1768387439.6881697,210,6.59375,0.2716709077358246,Grad/qkv.lora_B,outputs_dev/vitb16/T=vtab_Q=3bit_L=lora_2_qkv-fc1-proj-fc2/cifar/20260114184203_default_acc=53.50/tensorboard/Grad_qkv.lora_B_block_5/events.out.tfevents.1768387346.master-192-168-8-48.1680.3,qkv.lora_B,5
1768387440.1250267,211,6.625,0.20799337327480316,Grad/qkv.lora_B,outputs_dev/vitb16/T=vtab_Q=3bit_L=lora_2_qkv-fc1-proj-fc2/cifar/20260114184203_default_acc=53.50/tensorboard/Grad_qkv.lora_B_block_5/events.out.tfevents.1768387346.master-192-168-8-48.1680.3,qkv.lora_B,5
1768387440.5638251,212,6.65625,0.20650164783000946,Grad/qkv.lora_B,outputs_dev/vitb16/T=vtab_Q=3bit_L=lora_2_qkv-fc1-proj-fc2/cifar/20260114184203_default_acc=53.50/tensorboard/Grad_qkv.lora_B_block_5/events.out.tfevents.1768387346.master-192-168-8-48.1680.3,qkv.lora_B,5
1768387440.9988472,213,6.6875,0.18900026381015778,Grad/qkv.lora_B,outputs_dev/vitb16/T=vtab_Q=3bit_L=lora_2_qkv-fc1-proj-fc2/cifar/20260114184203_default_acc=53.50/tensorboard/Grad_qkv.lora_B_block_5/events.out.tfevents.1768387346.master-192-168-8-48.1680.3,qkv.lora_B,5
1768387441.4220204,214,6.71875,0.21552559733390808,Grad/qkv.lora_B,outputs_dev/vitb16/T=vtab_Q=3bit_L=lora_2_qkv-fc1-proj-fc2/cifar/20260114184203_default_acc=53.50/tensorboard/Grad_qkv.lora_B_block_5/events.out.tfevents.1768387346.master-192-168-8-48.1680.3,qkv.lora_B,5
1768387441.8595235,215,6.75,0.19499345123767853,Grad/qkv.lora_B,outputs_dev/vitb16/T=vtab_Q=3bit_L=lora_2_qkv-fc1-proj-fc2/cifar/20260114184203_default_acc=53.50/tensorboard/Grad_qkv.lora_B_block_5/events.out.tfevents.1768387346.master-192-168-8-48.1680.3,qkv.lora_B,5
1768387442.2965622,216,6.78125,0.23083706200122833,Grad/qkv.lora_B,outputs_dev/vitb16/T=vtab_Q=3bit_L=lora_2_qkv-fc1-proj-fc2/cifar/20260114184203_default_acc=53.50/tensorboard/Grad_qkv.lora_B_block_5/events.out.tfevents.1768387346.master-192-168-8-48.1680.3,qkv.lora_B,5
1768387442.7339401,217,6.8125,0.22090595960617065,Grad/qkv.lora_B,outputs_dev/vitb16/T=vtab_Q=3bit_L=lora_2_qkv-fc1-proj-fc2/cifar/20260114184203_default_acc=53.50/tensorboard/Grad_qkv.lora_B_block_5/events.out.tfevents.1768387346.master-192-168-8-48.1680.3,qkv.lora_B,5
1768387443.1705728,218,6.84375,0.19554351270198822,Grad/qkv.lora_B,outputs_dev/vitb16/T=vtab_Q=3bit_L=lora_2_qkv-fc1-proj-fc2/cifar/20260114184203_default_acc=53.50/tensorboard/Grad_qkv.lora_B_block_5/events.out.tfevents.1768387346.master-192-168-8-48.1680.3,qkv.lora_B,5
1768387443.6078813,219,6.875,0.20679540932178497,Grad/qkv.lora_B,outputs_dev/vitb16/T=vtab_Q=3bit_L=lora_2_qkv-fc1-proj-fc2/cifar/20260114184203_default_acc=53.50/tensorboard/Grad_qkv.lora_B_block_5/events.out.tfevents.1768387346.master-192-168-8-48.1680.3,qkv.lora_B,5
1768387444.0396438,220,6.90625,0.2255718857049942,Grad/qkv.lora_B,outputs_dev/vitb16/T=vtab_Q=3bit_L=lora_2_qkv-fc1-proj-fc2/cifar/20260114184203_default_acc=53.50/tensorboard/Grad_qkv.lora_B_block_5/events.out.tfevents.1768387346.master-192-168-8-48.1680.3,qkv.lora_B,5
1768387444.452216,221,6.9375,0.205022931098938,Grad/qkv.lora_B,outputs_dev/vitb16/T=vtab_Q=3bit_L=lora_2_qkv-fc1-proj-fc2/cifar/20260114184203_default_acc=53.50/tensorboard/Grad_qkv.lora_B_block_5/events.out.tfevents.1768387346.master-192-168-8-48.1680.3,qkv.lora_B,5
1768387444.8786094,222,6.96875,0.2720566689968109,Grad/qkv.lora_B,outputs_dev/vitb16/T=vtab_Q=3bit_L=lora_2_qkv-fc1-proj-fc2/cifar/20260114184203_default_acc=53.50/tensorboard/Grad_qkv.lora_B_block_5/events.out.tfevents.1768387346.master-192-168-8-48.1680.3,qkv.lora_B,5
1768387445.1047406,223,7.0,0.3477334678173065,Grad/qkv.lora_B,outputs_dev/vitb16/T=vtab_Q=3bit_L=lora_2_qkv-fc1-proj-fc2/cifar/20260114184203_default_acc=53.50/tensorboard/Grad_qkv.lora_B_block_5/events.out.tfevents.1768387346.master-192-168-8-48.1680.3,qkv.lora_B,5
1768387445.765546,224,7.03125,0.2647241950035095,Grad/qkv.lora_B,outputs_dev/vitb16/T=vtab_Q=3bit_L=lora_2_qkv-fc1-proj-fc2/cifar/20260114184203_default_acc=53.50/tensorboard/Grad_qkv.lora_B_block_5/events.out.tfevents.1768387346.master-192-168-8-48.1680.3,qkv.lora_B,5
1768387446.2030027,225,7.0625,0.2082730084657669,Grad/qkv.lora_B,outputs_dev/vitb16/T=vtab_Q=3bit_L=lora_2_qkv-fc1-proj-fc2/cifar/20260114184203_default_acc=53.50/tensorboard/Grad_qkv.lora_B_block_5/events.out.tfevents.1768387346.master-192-168-8-48.1680.3,qkv.lora_B,5
1768387446.6307986,226,7.09375,0.28515422344207764,Grad/qkv.lora_B,outputs_dev/vitb16/T=vtab_Q=3bit_L=lora_2_qkv-fc1-proj-fc2/cifar/20260114184203_default_acc=53.50/tensorboard/Grad_qkv.lora_B_block_5/events.out.tfevents.1768387346.master-192-168-8-48.1680.3,qkv.lora_B,5
1768387447.0625894,227,7.125,0.21372079849243164,Grad/qkv.lora_B,outputs_dev/vitb16/T=vtab_Q=3bit_L=lora_2_qkv-fc1-proj-fc2/cifar/20260114184203_default_acc=53.50/tensorboard/Grad_qkv.lora_B_block_5/events.out.tfevents.1768387346.master-192-168-8-48.1680.3,qkv.lora_B,5
1768387447.4918902,228,7.15625,0.2658413350582123,Grad/qkv.lora_B,outputs_dev/vitb16/T=vtab_Q=3bit_L=lora_2_qkv-fc1-proj-fc2/cifar/20260114184203_default_acc=53.50/tensorboard/Grad_qkv.lora_B_block_5/events.out.tfevents.1768387346.master-192-168-8-48.1680.3,qkv.lora_B,5
1768387447.9343672,229,7.1875,0.23082737624645233,Grad/qkv.lora_B,outputs_dev/vitb16/T=vtab_Q=3bit_L=lora_2_qkv-fc1-proj-fc2/cifar/20260114184203_default_acc=53.50/tensorboard/Grad_qkv.lora_B_block_5/events.out.tfevents.1768387346.master-192-168-8-48.1680.3,qkv.lora_B,5
1768387448.3748748,230,7.21875,0.24273836612701416,Grad/qkv.lora_B,outputs_dev/vitb16/T=vtab_Q=3bit_L=lora_2_qkv-fc1-proj-fc2/cifar/20260114184203_default_acc=53.50/tensorboard/Grad_qkv.lora_B_block_5/events.out.tfevents.1768387346.master-192-168-8-48.1680.3,qkv.lora_B,5
1768387448.8158336,231,7.25,0.24257037043571472,Grad/qkv.lora_B,outputs_dev/vitb16/T=vtab_Q=3bit_L=lora_2_qkv-fc1-proj-fc2/cifar/20260114184203_default_acc=53.50/tensorboard/Grad_qkv.lora_B_block_5/events.out.tfevents.1768387346.master-192-168-8-48.1680.3,qkv.lora_B,5
1768387449.2389786,232,7.28125,0.21116085350513458,Grad/qkv.lora_B,outputs_dev/vitb16/T=vtab_Q=3bit_L=lora_2_qkv-fc1-proj-fc2/cifar/20260114184203_default_acc=53.50/tensorboard/Grad_qkv.lora_B_block_5/events.out.tfevents.1768387346.master-192-168-8-48.1680.3,qkv.lora_B,5
1768387449.6736276,233,7.3125,0.22916512191295624,Grad/qkv.lora_B,outputs_dev/vitb16/T=vtab_Q=3bit_L=lora_2_qkv-fc1-proj-fc2/cifar/20260114184203_default_acc=53.50/tensorboard/Grad_qkv.lora_B_block_5/events.out.tfevents.1768387346.master-192-168-8-48.1680.3,qkv.lora_B,5
1768387450.0940132,234,7.34375,0.2013804316520691,Grad/qkv.lora_B,outputs_dev/vitb16/T=vtab_Q=3bit_L=lora_2_qkv-fc1-proj-fc2/cifar/20260114184203_default_acc=53.50/tensorboard/Grad_qkv.lora_B_block_5/events.out.tfevents.1768387346.master-192-168-8-48.1680.3,qkv.lora_B,5
1768387450.5130758,235,7.375,0.29698267579078674,Grad/qkv.lora_B,outputs_dev/vitb16/T=vtab_Q=3bit_L=lora_2_qkv-fc1-proj-fc2/cifar/20260114184203_default_acc=53.50/tensorboard/Grad_qkv.lora_B_block_5/events.out.tfevents.1768387346.master-192-168-8-48.1680.3,qkv.lora_B,5
1768387450.955699,236,7.40625,0.19805479049682617,Grad/qkv.lora_B,outputs_dev/vitb16/T=vtab_Q=3bit_L=lora_2_qkv-fc1-proj-fc2/cifar/20260114184203_default_acc=53.50/tensorboard/Grad_qkv.lora_B_block_5/events.out.tfevents.1768387346.master-192-168-8-48.1680.3,qkv.lora_B,5
1768387451.3907282,237,7.4375,0.24680519104003906,Grad/qkv.lora_B,outputs_dev/vitb16/T=vtab_Q=3bit_L=lora_2_qkv-fc1-proj-fc2/cifar/20260114184203_default_acc=53.50/tensorboard/Grad_qkv.lora_B_block_5/events.out.tfevents.1768387346.master-192-168-8-48.1680.3,qkv.lora_B,5
1768387451.8282266,238,7.46875,0.28188541531562805,Grad/qkv.lora_B,outputs_dev/vitb16/T=vtab_Q=3bit_L=lora_2_qkv-fc1-proj-fc2/cifar/20260114184203_default_acc=53.50/tensorboard/Grad_qkv.lora_B_block_5/events.out.tfevents.1768387346.master-192-168-8-48.1680.3,qkv.lora_B,5
1768387452.2531486,239,7.5,0.26004621386528015,Grad/qkv.lora_B,outputs_dev/vitb16/T=vtab_Q=3bit_L=lora_2_qkv-fc1-proj-fc2/cifar/20260114184203_default_acc=53.50/tensorboard/Grad_qkv.lora_B_block_5/events.out.tfevents.1768387346.master-192-168-8-48.1680.3,qkv.lora_B,5
1768387452.6833098,240,7.53125,0.30889692902565,Grad/qkv.lora_B,outputs_dev/vitb16/T=vtab_Q=3bit_L=lora_2_qkv-fc1-proj-fc2/cifar/20260114184203_default_acc=53.50/tensorboard/Grad_qkv.lora_B_block_5/events.out.tfevents.1768387346.master-192-168-8-48.1680.3,qkv.lora_B,5
1768387453.108138,241,7.5625,0.22627465426921844,Grad/qkv.lora_B,outputs_dev/vitb16/T=vtab_Q=3bit_L=lora_2_qkv-fc1-proj-fc2/cifar/20260114184203_default_acc=53.50/tensorboard/Grad_qkv.lora_B_block_5/events.out.tfevents.1768387346.master-192-168-8-48.1680.3,qkv.lora_B,5
1768387453.5306768,242,7.59375,0.2182500958442688,Grad/qkv.lora_B,outputs_dev/vitb16/T=vtab_Q=3bit_L=lora_2_qkv-fc1-proj-fc2/cifar/20260114184203_default_acc=53.50/tensorboard/Grad_qkv.lora_B_block_5/events.out.tfevents.1768387346.master-192-168-8-48.1680.3,qkv.lora_B,5
1768387453.9718783,243,7.625,0.24856144189834595,Grad/qkv.lora_B,outputs_dev/vitb16/T=vtab_Q=3bit_L=lora_2_qkv-fc1-proj-fc2/cifar/20260114184203_default_acc=53.50/tensorboard/Grad_qkv.lora_B_block_5/events.out.tfevents.1768387346.master-192-168-8-48.1680.3,qkv.lora_B,5
1768387454.393799,244,7.65625,0.24127867817878723,Grad/qkv.lora_B,outputs_dev/vitb16/T=vtab_Q=3bit_L=lora_2_qkv-fc1-proj-fc2/cifar/20260114184203_default_acc=53.50/tensorboard/Grad_qkv.lora_B_block_5/events.out.tfevents.1768387346.master-192-168-8-48.1680.3,qkv.lora_B,5
1768387454.8181233,245,7.6875,0.2407696545124054,Grad/qkv.lora_B,outputs_dev/vitb16/T=vtab_Q=3bit_L=lora_2_qkv-fc1-proj-fc2/cifar/20260114184203_default_acc=53.50/tensorboard/Grad_qkv.lora_B_block_5/events.out.tfevents.1768387346.master-192-168-8-48.1680.3,qkv.lora_B,5
1768387455.2580497,246,7.71875,0.2487531304359436,Grad/qkv.lora_B,outputs_dev/vitb16/T=vtab_Q=3bit_L=lora_2_qkv-fc1-proj-fc2/cifar/20260114184203_default_acc=53.50/tensorboard/Grad_qkv.lora_B_block_5/events.out.tfevents.1768387346.master-192-168-8-48.1680.3,qkv.lora_B,5
1768387455.680682,247,7.75,0.36279258131980896,Grad/qkv.lora_B,outputs_dev/vitb16/T=vtab_Q=3bit_L=lora_2_qkv-fc1-proj-fc2/cifar/20260114184203_default_acc=53.50/tensorboard/Grad_qkv.lora_B_block_5/events.out.tfevents.1768387346.master-192-168-8-48.1680.3,qkv.lora_B,5
1768387456.1017158,248,7.78125,0.23257113993167877,Grad/qkv.lora_B,outputs_dev/vitb16/T=vtab_Q=3bit_L=lora_2_qkv-fc1-proj-fc2/cifar/20260114184203_default_acc=53.50/tensorboard/Grad_qkv.lora_B_block_5/events.out.tfevents.1768387346.master-192-168-8-48.1680.3,qkv.lora_B,5
1768387456.5238495,249,7.8125,0.3639763295650482,Grad/qkv.lora_B,outputs_dev/vitb16/T=vtab_Q=3bit_L=lora_2_qkv-fc1-proj-fc2/cifar/20260114184203_default_acc=53.50/tensorboard/Grad_qkv.lora_B_block_5/events.out.tfevents.1768387346.master-192-168-8-48.1680.3,qkv.lora_B,5
1768387456.9479585,250,7.84375,0.28696489334106445,Grad/qkv.lora_B,outputs_dev/vitb16/T=vtab_Q=3bit_L=lora_2_qkv-fc1-proj-fc2/cifar/20260114184203_default_acc=53.50/tensorboard/Grad_qkv.lora_B_block_5/events.out.tfevents.1768387346.master-192-168-8-48.1680.3,qkv.lora_B,5
1768387457.3818917,251,7.875,0.31492745876312256,Grad/qkv.lora_B,outputs_dev/vitb16/T=vtab_Q=3bit_L=lora_2_qkv-fc1-proj-fc2/cifar/20260114184203_default_acc=53.50/tensorboard/Grad_qkv.lora_B_block_5/events.out.tfevents.1768387346.master-192-168-8-48.1680.3,qkv.lora_B,5
1768387457.800013,252,7.90625,0.3041197657585144,Grad/qkv.lora_B,outputs_dev/vitb16/T=vtab_Q=3bit_L=lora_2_qkv-fc1-proj-fc2/cifar/20260114184203_default_acc=53.50/tensorboard/Grad_qkv.lora_B_block_5/events.out.tfevents.1768387346.master-192-168-8-48.1680.3,qkv.lora_B,5
1768387458.234756,253,7.9375,0.2945813834667206,Grad/qkv.lora_B,outputs_dev/vitb16/T=vtab_Q=3bit_L=lora_2_qkv-fc1-proj-fc2/cifar/20260114184203_default_acc=53.50/tensorboard/Grad_qkv.lora_B_block_5/events.out.tfevents.1768387346.master-192-168-8-48.1680.3,qkv.lora_B,5
1768387458.6652133,254,7.96875,0.24768464267253876,Grad/qkv.lora_B,outputs_dev/vitb16/T=vtab_Q=3bit_L=lora_2_qkv-fc1-proj-fc2/cifar/20260114184203_default_acc=53.50/tensorboard/Grad_qkv.lora_B_block_5/events.out.tfevents.1768387346.master-192-168-8-48.1680.3,qkv.lora_B,5
1768387458.8706262,255,8.0,0.3861146569252014,Grad/qkv.lora_B,outputs_dev/vitb16/T=vtab_Q=3bit_L=lora_2_qkv-fc1-proj-fc2/cifar/20260114184203_default_acc=53.50/tensorboard/Grad_qkv.lora_B_block_5/events.out.tfevents.1768387346.master-192-168-8-48.1680.3,qkv.lora_B,5
1768387459.5318887,256,8.03125,0.2252972573041916,Grad/qkv.lora_B,outputs_dev/vitb16/T=vtab_Q=3bit_L=lora_2_qkv-fc1-proj-fc2/cifar/20260114184203_default_acc=53.50/tensorboard/Grad_qkv.lora_B_block_5/events.out.tfevents.1768387346.master-192-168-8-48.1680.3,qkv.lora_B,5
1768387459.9710748,257,8.0625,0.24546268582344055,Grad/qkv.lora_B,outputs_dev/vitb16/T=vtab_Q=3bit_L=lora_2_qkv-fc1-proj-fc2/cifar/20260114184203_default_acc=53.50/tensorboard/Grad_qkv.lora_B_block_5/events.out.tfevents.1768387346.master-192-168-8-48.1680.3,qkv.lora_B,5
1768387460.4010499,258,8.09375,0.24558930099010468,Grad/qkv.lora_B,outputs_dev/vitb16/T=vtab_Q=3bit_L=lora_2_qkv-fc1-proj-fc2/cifar/20260114184203_default_acc=53.50/tensorboard/Grad_qkv.lora_B_block_5/events.out.tfevents.1768387346.master-192-168-8-48.1680.3,qkv.lora_B,5
1768387460.82638,259,8.125,0.23282751441001892,Grad/qkv.lora_B,outputs_dev/vitb16/T=vtab_Q=3bit_L=lora_2_qkv-fc1-proj-fc2/cifar/20260114184203_default_acc=53.50/tensorboard/Grad_qkv.lora_B_block_5/events.out.tfevents.1768387346.master-192-168-8-48.1680.3,qkv.lora_B,5
1768387461.2686956,260,8.15625,0.2304258942604065,Grad/qkv.lora_B,outputs_dev/vitb16/T=vtab_Q=3bit_L=lora_2_qkv-fc1-proj-fc2/cifar/20260114184203_default_acc=53.50/tensorboard/Grad_qkv.lora_B_block_5/events.out.tfevents.1768387346.master-192-168-8-48.1680.3,qkv.lora_B,5
1768387461.7104645,261,8.1875,0.2132302224636078,Grad/qkv.lora_B,outputs_dev/vitb16/T=vtab_Q=3bit_L=lora_2_qkv-fc1-proj-fc2/cifar/20260114184203_default_acc=53.50/tensorboard/Grad_qkv.lora_B_block_5/events.out.tfevents.1768387346.master-192-168-8-48.1680.3,qkv.lora_B,5
1768387462.1396756,262,8.21875,0.2582041919231415,Grad/qkv.lora_B,outputs_dev/vitb16/T=vtab_Q=3bit_L=lora_2_qkv-fc1-proj-fc2/cifar/20260114184203_default_acc=53.50/tensorboard/Grad_qkv.lora_B_block_5/events.out.tfevents.1768387346.master-192-168-8-48.1680.3,qkv.lora_B,5
1768387462.5660381,263,8.25,0.224960595369339,Grad/qkv.lora_B,outputs_dev/vitb16/T=vtab_Q=3bit_L=lora_2_qkv-fc1-proj-fc2/cifar/20260114184203_default_acc=53.50/tensorboard/Grad_qkv.lora_B_block_5/events.out.tfevents.1768387346.master-192-168-8-48.1680.3,qkv.lora_B,5
1768387462.9916823,264,8.28125,0.3195112347602844,Grad/qkv.lora_B,outputs_dev/vitb16/T=vtab_Q=3bit_L=lora_2_qkv-fc1-proj-fc2/cifar/20260114184203_default_acc=53.50/tensorboard/Grad_qkv.lora_B_block_5/events.out.tfevents.1768387346.master-192-168-8-48.1680.3,qkv.lora_B,5
1768387463.434457,265,8.3125,0.22586071491241455,Grad/qkv.lora_B,outputs_dev/vitb16/T=vtab_Q=3bit_L=lora_2_qkv-fc1-proj-fc2/cifar/20260114184203_default_acc=53.50/tensorboard/Grad_qkv.lora_B_block_5/events.out.tfevents.1768387346.master-192-168-8-48.1680.3,qkv.lora_B,5
1768387463.8735247,266,8.34375,0.24164092540740967,Grad/qkv.lora_B,outputs_dev/vitb16/T=vtab_Q=3bit_L=lora_2_qkv-fc1-proj-fc2/cifar/20260114184203_default_acc=53.50/tensorboard/Grad_qkv.lora_B_block_5/events.out.tfevents.1768387346.master-192-168-8-48.1680.3,qkv.lora_B,5
1768387464.31272,267,8.375,0.25859203934669495,Grad/qkv.lora_B,outputs_dev/vitb16/T=vtab_Q=3bit_L=lora_2_qkv-fc1-proj-fc2/cifar/20260114184203_default_acc=53.50/tensorboard/Grad_qkv.lora_B_block_5/events.out.tfevents.1768387346.master-192-168-8-48.1680.3,qkv.lora_B,5
1768387464.7505422,268,8.40625,0.2762400209903717,Grad/qkv.lora_B,outputs_dev/vitb16/T=vtab_Q=3bit_L=lora_2_qkv-fc1-proj-fc2/cifar/20260114184203_default_acc=53.50/tensorboard/Grad_qkv.lora_B_block_5/events.out.tfevents.1768387346.master-192-168-8-48.1680.3,qkv.lora_B,5
1768387465.1752584,269,8.4375,0.3207126557826996,Grad/qkv.lora_B,outputs_dev/vitb16/T=vtab_Q=3bit_L=lora_2_qkv-fc1-proj-fc2/cifar/20260114184203_default_acc=53.50/tensorboard/Grad_qkv.lora_B_block_5/events.out.tfevents.1768387346.master-192-168-8-48.1680.3,qkv.lora_B,5
1768387465.6117153,270,8.46875,0.2825894057750702,Grad/qkv.lora_B,outputs_dev/vitb16/T=vtab_Q=3bit_L=lora_2_qkv-fc1-proj-fc2/cifar/20260114184203_default_acc=53.50/tensorboard/Grad_qkv.lora_B_block_5/events.out.tfevents.1768387346.master-192-168-8-48.1680.3,qkv.lora_B,5
1768387466.046733,271,8.5,0.28442761301994324,Grad/qkv.lora_B,outputs_dev/vitb16/T=vtab_Q=3bit_L=lora_2_qkv-fc1-proj-fc2/cifar/20260114184203_default_acc=53.50/tensorboard/Grad_qkv.lora_B_block_5/events.out.tfevents.1768387346.master-192-168-8-48.1680.3,qkv.lora_B,5
1768387466.4895618,272,8.53125,0.2838801145553589,Grad/qkv.lora_B,outputs_dev/vitb16/T=vtab_Q=3bit_L=lora_2_qkv-fc1-proj-fc2/cifar/20260114184203_default_acc=53.50/tensorboard/Grad_qkv.lora_B_block_5/events.out.tfevents.1768387346.master-192-168-8-48.1680.3,qkv.lora_B,5
1768387466.928509,273,8.5625,0.34091809391975403,Grad/qkv.lora_B,outputs_dev/vitb16/T=vtab_Q=3bit_L=lora_2_qkv-fc1-proj-fc2/cifar/20260114184203_default_acc=53.50/tensorboard/Grad_qkv.lora_B_block_5/events.out.tfevents.1768387346.master-192-168-8-48.1680.3,qkv.lora_B,5
1768387467.3658514,274,8.59375,0.33752840757369995,Grad/qkv.lora_B,outputs_dev/vitb16/T=vtab_Q=3bit_L=lora_2_qkv-fc1-proj-fc2/cifar/20260114184203_default_acc=53.50/tensorboard/Grad_qkv.lora_B_block_5/events.out.tfevents.1768387346.master-192-168-8-48.1680.3,qkv.lora_B,5
1768387467.800881,275,8.625,0.22823335230350494,Grad/qkv.lora_B,outputs_dev/vitb16/T=vtab_Q=3bit_L=lora_2_qkv-fc1-proj-fc2/cifar/20260114184203_default_acc=53.50/tensorboard/Grad_qkv.lora_B_block_5/events.out.tfevents.1768387346.master-192-168-8-48.1680.3,qkv.lora_B,5
1768387468.2257395,276,8.65625,0.2790012061595917,Grad/qkv.lora_B,outputs_dev/vitb16/T=vtab_Q=3bit_L=lora_2_qkv-fc1-proj-fc2/cifar/20260114184203_default_acc=53.50/tensorboard/Grad_qkv.lora_B_block_5/events.out.tfevents.1768387346.master-192-168-8-48.1680.3,qkv.lora_B,5
1768387468.662178,277,8.6875,0.3708767592906952,Grad/qkv.lora_B,outputs_dev/vitb16/T=vtab_Q=3bit_L=lora_2_qkv-fc1-proj-fc2/cifar/20260114184203_default_acc=53.50/tensorboard/Grad_qkv.lora_B_block_5/events.out.tfevents.1768387346.master-192-168-8-48.1680.3,qkv.lora_B,5
1768387469.1000705,278,8.71875,0.26711249351501465,Grad/qkv.lora_B,outputs_dev/vitb16/T=vtab_Q=3bit_L=lora_2_qkv-fc1-proj-fc2/cifar/20260114184203_default_acc=53.50/tensorboard/Grad_qkv.lora_B_block_5/events.out.tfevents.1768387346.master-192-168-8-48.1680.3,qkv.lora_B,5
1768387469.5289073,279,8.75,0.27667152881622314,Grad/qkv.lora_B,outputs_dev/vitb16/T=vtab_Q=3bit_L=lora_2_qkv-fc1-proj-fc2/cifar/20260114184203_default_acc=53.50/tensorboard/Grad_qkv.lora_B_block_5/events.out.tfevents.1768387346.master-192-168-8-48.1680.3,qkv.lora_B,5
1768387469.950874,280,8.78125,0.2947727143764496,Grad/qkv.lora_B,outputs_dev/vitb16/T=vtab_Q=3bit_L=lora_2_qkv-fc1-proj-fc2/cifar/20260114184203_default_acc=53.50/tensorboard/Grad_qkv.lora_B_block_5/events.out.tfevents.1768387346.master-192-168-8-48.1680.3,qkv.lora_B,5
1768387470.3901904,281,8.8125,0.22662128508090973,Grad/qkv.lora_B,outputs_dev/vitb16/T=vtab_Q=3bit_L=lora_2_qkv-fc1-proj-fc2/cifar/20260114184203_default_acc=53.50/tensorboard/Grad_qkv.lora_B_block_5/events.out.tfevents.1768387346.master-192-168-8-48.1680.3,qkv.lora_B,5
1768387470.826736,282,8.84375,0.2785108685493469,Grad/qkv.lora_B,outputs_dev/vitb16/T=vtab_Q=3bit_L=lora_2_qkv-fc1-proj-fc2/cifar/20260114184203_default_acc=53.50/tensorboard/Grad_qkv.lora_B_block_5/events.out.tfevents.1768387346.master-192-168-8-48.1680.3,qkv.lora_B,5
1768387471.2582564,283,8.875,0.41238507628440857,Grad/qkv.lora_B,outputs_dev/vitb16/T=vtab_Q=3bit_L=lora_2_qkv-fc1-proj-fc2/cifar/20260114184203_default_acc=53.50/tensorboard/Grad_qkv.lora_B_block_5/events.out.tfevents.1768387346.master-192-168-8-48.1680.3,qkv.lora_B,5
1768387471.693077,284,8.90625,0.24043485522270203,Grad/qkv.lora_B,outputs_dev/vitb16/T=vtab_Q=3bit_L=lora_2_qkv-fc1-proj-fc2/cifar/20260114184203_default_acc=53.50/tensorboard/Grad_qkv.lora_B_block_5/events.out.tfevents.1768387346.master-192-168-8-48.1680.3,qkv.lora_B,5
1768387472.1253443,285,8.9375,0.27935484051704407,Grad/qkv.lora_B,outputs_dev/vitb16/T=vtab_Q=3bit_L=lora_2_qkv-fc1-proj-fc2/cifar/20260114184203_default_acc=53.50/tensorboard/Grad_qkv.lora_B_block_5/events.out.tfevents.1768387346.master-192-168-8-48.1680.3,qkv.lora_B,5
1768387472.5460854,286,8.96875,0.4333542585372925,Grad/qkv.lora_B,outputs_dev/vitb16/T=vtab_Q=3bit_L=lora_2_qkv-fc1-proj-fc2/cifar/20260114184203_default_acc=53.50/tensorboard/Grad_qkv.lora_B_block_5/events.out.tfevents.1768387346.master-192-168-8-48.1680.3,qkv.lora_B,5
1768387472.769675,287,9.0,0.48147347569465637,Grad/qkv.lora_B,outputs_dev/vitb16/T=vtab_Q=3bit_L=lora_2_qkv-fc1-proj-fc2/cifar/20260114184203_default_acc=53.50/tensorboard/Grad_qkv.lora_B_block_5/events.out.tfevents.1768387346.master-192-168-8-48.1680.3,qkv.lora_B,5
1768387473.3923051,288,9.03125,0.2499350756406784,Grad/qkv.lora_B,outputs_dev/vitb16/T=vtab_Q=3bit_L=lora_2_qkv-fc1-proj-fc2/cifar/20260114184203_default_acc=53.50/tensorboard/Grad_qkv.lora_B_block_5/events.out.tfevents.1768387346.master-192-168-8-48.1680.3,qkv.lora_B,5
1768387473.8172345,289,9.0625,0.24706906080245972,Grad/qkv.lora_B,outputs_dev/vitb16/T=vtab_Q=3bit_L=lora_2_qkv-fc1-proj-fc2/cifar/20260114184203_default_acc=53.50/tensorboard/Grad_qkv.lora_B_block_5/events.out.tfevents.1768387346.master-192-168-8-48.1680.3,qkv.lora_B,5
1768387474.2592988,290,9.09375,0.20121940970420837,Grad/qkv.lora_B,outputs_dev/vitb16/T=vtab_Q=3bit_L=lora_2_qkv-fc1-proj-fc2/cifar/20260114184203_default_acc=53.50/tensorboard/Grad_qkv.lora_B_block_5/events.out.tfevents.1768387346.master-192-168-8-48.1680.3,qkv.lora_B,5
1768387474.6885364,291,9.125,0.4414956569671631,Grad/qkv.lora_B,outputs_dev/vitb16/T=vtab_Q=3bit_L=lora_2_qkv-fc1-proj-fc2/cifar/20260114184203_default_acc=53.50/tensorboard/Grad_qkv.lora_B_block_5/events.out.tfevents.1768387346.master-192-168-8-48.1680.3,qkv.lora_B,5
1768387475.1106865,292,9.15625,0.28413093090057373,Grad/qkv.lora_B,outputs_dev/vitb16/T=vtab_Q=3bit_L=lora_2_qkv-fc1-proj-fc2/cifar/20260114184203_default_acc=53.50/tensorboard/Grad_qkv.lora_B_block_5/events.out.tfevents.1768387346.master-192-168-8-48.1680.3,qkv.lora_B,5
1768387475.5323312,293,9.1875,0.3164231777191162,Grad/qkv.lora_B,outputs_dev/vitb16/T=vtab_Q=3bit_L=lora_2_qkv-fc1-proj-fc2/cifar/20260114184203_default_acc=53.50/tensorboard/Grad_qkv.lora_B_block_5/events.out.tfevents.1768387346.master-192-168-8-48.1680.3,qkv.lora_B,5
1768387475.9571555,294,9.21875,0.24995429813861847,Grad/qkv.lora_B,outputs_dev/vitb16/T=vtab_Q=3bit_L=lora_2_qkv-fc1-proj-fc2/cifar/20260114184203_default_acc=53.50/tensorboard/Grad_qkv.lora_B_block_5/events.out.tfevents.1768387346.master-192-168-8-48.1680.3,qkv.lora_B,5
1768387476.3945942,295,9.25,0.33230650424957275,Grad/qkv.lora_B,outputs_dev/vitb16/T=vtab_Q=3bit_L=lora_2_qkv-fc1-proj-fc2/cifar/20260114184203_default_acc=53.50/tensorboard/Grad_qkv.lora_B_block_5/events.out.tfevents.1768387346.master-192-168-8-48.1680.3,qkv.lora_B,5
1768387476.8327575,296,9.28125,0.3608097732067108,Grad/qkv.lora_B,outputs_dev/vitb16/T=vtab_Q=3bit_L=lora_2_qkv-fc1-proj-fc2/cifar/20260114184203_default_acc=53.50/tensorboard/Grad_qkv.lora_B_block_5/events.out.tfevents.1768387346.master-192-168-8-48.1680.3,qkv.lora_B,5
1768387477.25756,297,9.3125,0.2787163257598877,Grad/qkv.lora_B,outputs_dev/vitb16/T=vtab_Q=3bit_L=lora_2_qkv-fc1-proj-fc2/cifar/20260114184203_default_acc=53.50/tensorboard/Grad_qkv.lora_B_block_5/events.out.tfevents.1768387346.master-192-168-8-48.1680.3,qkv.lora_B,5
1768387477.6975884,298,9.34375,0.2621771991252899,Grad/qkv.lora_B,outputs_dev/vitb16/T=vtab_Q=3bit_L=lora_2_qkv-fc1-proj-fc2/cifar/20260114184203_default_acc=53.50/tensorboard/Grad_qkv.lora_B_block_5/events.out.tfevents.1768387346.master-192-168-8-48.1680.3,qkv.lora_B,5
1768387478.124375,299,9.375,0.3547471761703491,Grad/qkv.lora_B,outputs_dev/vitb16/T=vtab_Q=3bit_L=lora_2_qkv-fc1-proj-fc2/cifar/20260114184203_default_acc=53.50/tensorboard/Grad_qkv.lora_B_block_5/events.out.tfevents.1768387346.master-192-168-8-48.1680.3,qkv.lora_B,5
1768387478.549705,300,9.40625,0.33191683888435364,Grad/qkv.lora_B,outputs_dev/vitb16/T=vtab_Q=3bit_L=lora_2_qkv-fc1-proj-fc2/cifar/20260114184203_default_acc=53.50/tensorboard/Grad_qkv.lora_B_block_5/events.out.tfevents.1768387346.master-192-168-8-48.1680.3,qkv.lora_B,5
1768387478.9752688,301,9.4375,0.3906025290489197,Grad/qkv.lora_B,outputs_dev/vitb16/T=vtab_Q=3bit_L=lora_2_qkv-fc1-proj-fc2/cifar/20260114184203_default_acc=53.50/tensorboard/Grad_qkv.lora_B_block_5/events.out.tfevents.1768387346.master-192-168-8-48.1680.3,qkv.lora_B,5
1768387479.4041762,302,9.46875,0.23754249513149261,Grad/qkv.lora_B,outputs_dev/vitb16/T=vtab_Q=3bit_L=lora_2_qkv-fc1-proj-fc2/cifar/20260114184203_default_acc=53.50/tensorboard/Grad_qkv.lora_B_block_5/events.out.tfevents.1768387346.master-192-168-8-48.1680.3,qkv.lora_B,5
1768387479.8430176,303,9.5,0.5490010380744934,Grad/qkv.lora_B,outputs_dev/vitb16/T=vtab_Q=3bit_L=lora_2_qkv-fc1-proj-fc2/cifar/20260114184203_default_acc=53.50/tensorboard/Grad_qkv.lora_B_block_5/events.out.tfevents.1768387346.master-192-168-8-48.1680.3,qkv.lora_B,5
1768387480.2799537,304,9.53125,0.4771029055118561,Grad/qkv.lora_B,outputs_dev/vitb16/T=vtab_Q=3bit_L=lora_2_qkv-fc1-proj-fc2/cifar/20260114184203_default_acc=53.50/tensorboard/Grad_qkv.lora_B_block_5/events.out.tfevents.1768387346.master-192-168-8-48.1680.3,qkv.lora_B,5
1768387480.7137034,305,9.5625,0.29259973764419556,Grad/qkv.lora_B,outputs_dev/vitb16/T=vtab_Q=3bit_L=lora_2_qkv-fc1-proj-fc2/cifar/20260114184203_default_acc=53.50/tensorboard/Grad_qkv.lora_B_block_5/events.out.tfevents.1768387346.master-192-168-8-48.1680.3,qkv.lora_B,5
1768387481.135732,306,9.59375,0.29513809084892273,Grad/qkv.lora_B,outputs_dev/vitb16/T=vtab_Q=3bit_L=lora_2_qkv-fc1-proj-fc2/cifar/20260114184203_default_acc=53.50/tensorboard/Grad_qkv.lora_B_block_5/events.out.tfevents.1768387346.master-192-168-8-48.1680.3,qkv.lora_B,5
1768387481.5558612,307,9.625,0.37880516052246094,Grad/qkv.lora_B,outputs_dev/vitb16/T=vtab_Q=3bit_L=lora_2_qkv-fc1-proj-fc2/cifar/20260114184203_default_acc=53.50/tensorboard/Grad_qkv.lora_B_block_5/events.out.tfevents.1768387346.master-192-168-8-48.1680.3,qkv.lora_B,5
1768387481.9930797,308,9.65625,0.29515236616134644,Grad/qkv.lora_B,outputs_dev/vitb16/T=vtab_Q=3bit_L=lora_2_qkv-fc1-proj-fc2/cifar/20260114184203_default_acc=53.50/tensorboard/Grad_qkv.lora_B_block_5/events.out.tfevents.1768387346.master-192-168-8-48.1680.3,qkv.lora_B,5
1768387482.4300804,309,9.6875,0.30632439255714417,Grad/qkv.lora_B,outputs_dev/vitb16/T=vtab_Q=3bit_L=lora_2_qkv-fc1-proj-fc2/cifar/20260114184203_default_acc=53.50/tensorboard/Grad_qkv.lora_B_block_5/events.out.tfevents.1768387346.master-192-168-8-48.1680.3,qkv.lora_B,5
1768387482.8663528,310,9.71875,0.3043868839740753,Grad/qkv.lora_B,outputs_dev/vitb16/T=vtab_Q=3bit_L=lora_2_qkv-fc1-proj-fc2/cifar/20260114184203_default_acc=53.50/tensorboard/Grad_qkv.lora_B_block_5/events.out.tfevents.1768387346.master-192-168-8-48.1680.3,qkv.lora_B,5
1768387483.2900178,311,9.75,0.4681975543498993,Grad/qkv.lora_B,outputs_dev/vitb16/T=vtab_Q=3bit_L=lora_2_qkv-fc1-proj-fc2/cifar/20260114184203_default_acc=53.50/tensorboard/Grad_qkv.lora_B_block_5/events.out.tfevents.1768387346.master-192-168-8-48.1680.3,qkv.lora_B,5
1768387483.7095828,312,9.78125,0.3420957922935486,Grad/qkv.lora_B,outputs_dev/vitb16/T=vtab_Q=3bit_L=lora_2_qkv-fc1-proj-fc2/cifar/20260114184203_default_acc=53.50/tensorboard/Grad_qkv.lora_B_block_5/events.out.tfevents.1768387346.master-192-168-8-48.1680.3,qkv.lora_B,5
1768387484.1310718,313,9.8125,0.4871584475040436,Grad/qkv.lora_B,outputs_dev/vitb16/T=vtab_Q=3bit_L=lora_2_qkv-fc1-proj-fc2/cifar/20260114184203_default_acc=53.50/tensorboard/Grad_qkv.lora_B_block_5/events.out.tfevents.1768387346.master-192-168-8-48.1680.3,qkv.lora_B,5
1768387484.5528786,314,9.84375,0.36750155687332153,Grad/qkv.lora_B,outputs_dev/vitb16/T=vtab_Q=3bit_L=lora_2_qkv-fc1-proj-fc2/cifar/20260114184203_default_acc=53.50/tensorboard/Grad_qkv.lora_B_block_5/events.out.tfevents.1768387346.master-192-168-8-48.1680.3,qkv.lora_B,5
1768387484.9825523,315,9.875,0.2322588860988617,Grad/qkv.lora_B,outputs_dev/vitb16/T=vtab_Q=3bit_L=lora_2_qkv-fc1-proj-fc2/cifar/20260114184203_default_acc=53.50/tensorboard/Grad_qkv.lora_B_block_5/events.out.tfevents.1768387346.master-192-168-8-48.1680.3,qkv.lora_B,5
1768387485.4164402,316,9.90625,0.3460191786289215,Grad/qkv.lora_B,outputs_dev/vitb16/T=vtab_Q=3bit_L=lora_2_qkv-fc1-proj-fc2/cifar/20260114184203_default_acc=53.50/tensorboard/Grad_qkv.lora_B_block_5/events.out.tfevents.1768387346.master-192-168-8-48.1680.3,qkv.lora_B,5
1768387485.8372252,317,9.9375,0.5066766738891602,Grad/qkv.lora_B,outputs_dev/vitb16/T=vtab_Q=3bit_L=lora_2_qkv-fc1-proj-fc2/cifar/20260114184203_default_acc=53.50/tensorboard/Grad_qkv.lora_B_block_5/events.out.tfevents.1768387346.master-192-168-8-48.1680.3,qkv.lora_B,5
1768387486.2734544,318,9.96875,0.360806941986084,Grad/qkv.lora_B,outputs_dev/vitb16/T=vtab_Q=3bit_L=lora_2_qkv-fc1-proj-fc2/cifar/20260114184203_default_acc=53.50/tensorboard/Grad_qkv.lora_B_block_5/events.out.tfevents.1768387346.master-192-168-8-48.1680.3,qkv.lora_B,5
1768387486.474023,319,10.0,0.7752884030342102,Grad/qkv.lora_B,outputs_dev/vitb16/T=vtab_Q=3bit_L=lora_2_qkv-fc1-proj-fc2/cifar/20260114184203_default_acc=53.50/tensorboard/Grad_qkv.lora_B_block_5/events.out.tfevents.1768387346.master-192-168-8-48.1680.3,qkv.lora_B,5
1768387487.1377904,320,10.03125,0.28442615270614624,Grad/qkv.lora_B,outputs_dev/vitb16/T=vtab_Q=3bit_L=lora_2_qkv-fc1-proj-fc2/cifar/20260114184203_default_acc=53.50/tensorboard/Grad_qkv.lora_B_block_5/events.out.tfevents.1768387346.master-192-168-8-48.1680.3,qkv.lora_B,5
1768387487.583555,321,10.0625,0.2181570827960968,Grad/qkv.lora_B,outputs_dev/vitb16/T=vtab_Q=3bit_L=lora_2_qkv-fc1-proj-fc2/cifar/20260114184203_default_acc=53.50/tensorboard/Grad_qkv.lora_B_block_5/events.out.tfevents.1768387346.master-192-168-8-48.1680.3,qkv.lora_B,5
1768387488.0141196,322,10.09375,0.3236101269721985,Grad/qkv.lora_B,outputs_dev/vitb16/T=vtab_Q=3bit_L=lora_2_qkv-fc1-proj-fc2/cifar/20260114184203_default_acc=53.50/tensorboard/Grad_qkv.lora_B_block_5/events.out.tfevents.1768387346.master-192-168-8-48.1680.3,qkv.lora_B,5
1768387488.4393044,323,10.125,0.21007901430130005,Grad/qkv.lora_B,outputs_dev/vitb16/T=vtab_Q=3bit_L=lora_2_qkv-fc1-proj-fc2/cifar/20260114184203_default_acc=53.50/tensorboard/Grad_qkv.lora_B_block_5/events.out.tfevents.1768387346.master-192-168-8-48.1680.3,qkv.lora_B,5
1768387488.8811502,324,10.15625,0.2974391281604767,Grad/qkv.lora_B,outputs_dev/vitb16/T=vtab_Q=3bit_L=lora_2_qkv-fc1-proj-fc2/cifar/20260114184203_default_acc=53.50/tensorboard/Grad_qkv.lora_B_block_5/events.out.tfevents.1768387346.master-192-168-8-48.1680.3,qkv.lora_B,5
1768387489.3014321,325,10.1875,0.30267587304115295,Grad/qkv.lora_B,outputs_dev/vitb16/T=vtab_Q=3bit_L=lora_2_qkv-fc1-proj-fc2/cifar/20260114184203_default_acc=53.50/tensorboard/Grad_qkv.lora_B_block_5/events.out.tfevents.1768387346.master-192-168-8-48.1680.3,qkv.lora_B,5
1768387489.722527,326,10.21875,0.26828819513320923,Grad/qkv.lora_B,outputs_dev/vitb16/T=vtab_Q=3bit_L=lora_2_qkv-fc1-proj-fc2/cifar/20260114184203_default_acc=53.50/tensorboard/Grad_qkv.lora_B_block_5/events.out.tfevents.1768387346.master-192-168-8-48.1680.3,qkv.lora_B,5
1768387490.1459444,327,10.25,0.34633782505989075,Grad/qkv.lora_B,outputs_dev/vitb16/T=vtab_Q=3bit_L=lora_2_qkv-fc1-proj-fc2/cifar/20260114184203_default_acc=53.50/tensorboard/Grad_qkv.lora_B_block_5/events.out.tfevents.1768387346.master-192-168-8-48.1680.3,qkv.lora_B,5
1768387490.6000984,328,10.28125,0.3866157829761505,Grad/qkv.lora_B,outputs_dev/vitb16/T=vtab_Q=3bit_L=lora_2_qkv-fc1-proj-fc2/cifar/20260114184203_default_acc=53.50/tensorboard/Grad_qkv.lora_B_block_5/events.out.tfevents.1768387346.master-192-168-8-48.1680.3,qkv.lora_B,5
1768387491.025986,329,10.3125,0.24178080260753632,Grad/qkv.lora_B,outputs_dev/vitb16/T=vtab_Q=3bit_L=lora_2_qkv-fc1-proj-fc2/cifar/20260114184203_default_acc=53.50/tensorboard/Grad_qkv.lora_B_block_5/events.out.tfevents.1768387346.master-192-168-8-48.1680.3,qkv.lora_B,5
1768387491.449203,330,10.34375,0.24841953814029694,Grad/qkv.lora_B,outputs_dev/vitb16/T=vtab_Q=3bit_L=lora_2_qkv-fc1-proj-fc2/cifar/20260114184203_default_acc=53.50/tensorboard/Grad_qkv.lora_B_block_5/events.out.tfevents.1768387346.master-192-168-8-48.1680.3,qkv.lora_B,5
1768387491.8733606,331,10.375,0.3471929132938385,Grad/qkv.lora_B,outputs_dev/vitb16/T=vtab_Q=3bit_L=lora_2_qkv-fc1-proj-fc2/cifar/20260114184203_default_acc=53.50/tensorboard/Grad_qkv.lora_B_block_5/events.out.tfevents.1768387346.master-192-168-8-48.1680.3,qkv.lora_B,5
1768387492.2971585,332,10.40625,0.31024786829948425,Grad/qkv.lora_B,outputs_dev/vitb16/T=vtab_Q=3bit_L=lora_2_qkv-fc1-proj-fc2/cifar/20260114184203_default_acc=53.50/tensorboard/Grad_qkv.lora_B_block_5/events.out.tfevents.1768387346.master-192-168-8-48.1680.3,qkv.lora_B,5
1768387492.7205331,333,10.4375,0.2688542306423187,Grad/qkv.lora_B,outputs_dev/vitb16/T=vtab_Q=3bit_L=lora_2_qkv-fc1-proj-fc2/cifar/20260114184203_default_acc=53.50/tensorboard/Grad_qkv.lora_B_block_5/events.out.tfevents.1768387346.master-192-168-8-48.1680.3,qkv.lora_B,5
1768387493.1416981,334,10.46875,0.3176765739917755,Grad/qkv.lora_B,outputs_dev/vitb16/T=vtab_Q=3bit_L=lora_2_qkv-fc1-proj-fc2/cifar/20260114184203_default_acc=53.50/tensorboard/Grad_qkv.lora_B_block_5/events.out.tfevents.1768387346.master-192-168-8-48.1680.3,qkv.lora_B,5
1768387493.563909,335,10.5,0.2372705042362213,Grad/qkv.lora_B,outputs_dev/vitb16/T=vtab_Q=3bit_L=lora_2_qkv-fc1-proj-fc2/cifar/20260114184203_default_acc=53.50/tensorboard/Grad_qkv.lora_B_block_5/events.out.tfevents.1768387346.master-192-168-8-48.1680.3,qkv.lora_B,5
1768387493.990766,336,10.53125,0.21955913305282593,Grad/qkv.lora_B,outputs_dev/vitb16/T=vtab_Q=3bit_L=lora_2_qkv-fc1-proj-fc2/cifar/20260114184203_default_acc=53.50/tensorboard/Grad_qkv.lora_B_block_5/events.out.tfevents.1768387346.master-192-168-8-48.1680.3,qkv.lora_B,5
1768387494.424794,337,10.5625,0.2978442907333374,Grad/qkv.lora_B,outputs_dev/vitb16/T=vtab_Q=3bit_L=lora_2_qkv-fc1-proj-fc2/cifar/20260114184203_default_acc=53.50/tensorboard/Grad_qkv.lora_B_block_5/events.out.tfevents.1768387346.master-192-168-8-48.1680.3,qkv.lora_B,5
1768387494.8472464,338,10.59375,0.34117814898490906,Grad/qkv.lora_B,outputs_dev/vitb16/T=vtab_Q=3bit_L=lora_2_qkv-fc1-proj-fc2/cifar/20260114184203_default_acc=53.50/tensorboard/Grad_qkv.lora_B_block_5/events.out.tfevents.1768387346.master-192-168-8-48.1680.3,qkv.lora_B,5
1768387495.2848125,339,10.625,0.42675089836120605,Grad/qkv.lora_B,outputs_dev/vitb16/T=vtab_Q=3bit_L=lora_2_qkv-fc1-proj-fc2/cifar/20260114184203_default_acc=53.50/tensorboard/Grad_qkv.lora_B_block_5/events.out.tfevents.1768387346.master-192-168-8-48.1680.3,qkv.lora_B,5
1768387495.7128046,340,10.65625,0.20596939325332642,Grad/qkv.lora_B,outputs_dev/vitb16/T=vtab_Q=3bit_L=lora_2_qkv-fc1-proj-fc2/cifar/20260114184203_default_acc=53.50/tensorboard/Grad_qkv.lora_B_block_5/events.out.tfevents.1768387346.master-192-168-8-48.1680.3,qkv.lora_B,5
1768387496.1495976,341,10.6875,0.29631155729293823,Grad/qkv.lora_B,outputs_dev/vitb16/T=vtab_Q=3bit_L=lora_2_qkv-fc1-proj-fc2/cifar/20260114184203_default_acc=53.50/tensorboard/Grad_qkv.lora_B_block_5/events.out.tfevents.1768387346.master-192-168-8-48.1680.3,qkv.lora_B,5
1768387496.5854952,342,10.71875,0.38843104243278503,Grad/qkv.lora_B,outputs_dev/vitb16/T=vtab_Q=3bit_L=lora_2_qkv-fc1-proj-fc2/cifar/20260114184203_default_acc=53.50/tensorboard/Grad_qkv.lora_B_block_5/events.out.tfevents.1768387346.master-192-168-8-48.1680.3,qkv.lora_B,5
1768387497.0082936,343,10.75,0.4066198468208313,Grad/qkv.lora_B,outputs_dev/vitb16/T=vtab_Q=3bit_L=lora_2_qkv-fc1-proj-fc2/cifar/20260114184203_default_acc=53.50/tensorboard/Grad_qkv.lora_B_block_5/events.out.tfevents.1768387346.master-192-168-8-48.1680.3,qkv.lora_B,5
1768387497.4463232,344,10.78125,0.3086690604686737,Grad/qkv.lora_B,outputs_dev/vitb16/T=vtab_Q=3bit_L=lora_2_qkv-fc1-proj-fc2/cifar/20260114184203_default_acc=53.50/tensorboard/Grad_qkv.lora_B_block_5/events.out.tfevents.1768387346.master-192-168-8-48.1680.3,qkv.lora_B,5
1768387497.870491,345,10.8125,0.25551700592041016,Grad/qkv.lora_B,outputs_dev/vitb16/T=vtab_Q=3bit_L=lora_2_qkv-fc1-proj-fc2/cifar/20260114184203_default_acc=53.50/tensorboard/Grad_qkv.lora_B_block_5/events.out.tfevents.1768387346.master-192-168-8-48.1680.3,qkv.lora_B,5
1768387498.295707,346,10.84375,0.3059619665145874,Grad/qkv.lora_B,outputs_dev/vitb16/T=vtab_Q=3bit_L=lora_2_qkv-fc1-proj-fc2/cifar/20260114184203_default_acc=53.50/tensorboard/Grad_qkv.lora_B_block_5/events.out.tfevents.1768387346.master-192-168-8-48.1680.3,qkv.lora_B,5
1768387498.7196677,347,10.875,0.524777352809906,Grad/qkv.lora_B,outputs_dev/vitb16/T=vtab_Q=3bit_L=lora_2_qkv-fc1-proj-fc2/cifar/20260114184203_default_acc=53.50/tensorboard/Grad_qkv.lora_B_block_5/events.out.tfevents.1768387346.master-192-168-8-48.1680.3,qkv.lora_B,5
1768387499.1431239,348,10.90625,0.23889508843421936,Grad/qkv.lora_B,outputs_dev/vitb16/T=vtab_Q=3bit_L=lora_2_qkv-fc1-proj-fc2/cifar/20260114184203_default_acc=53.50/tensorboard/Grad_qkv.lora_B_block_5/events.out.tfevents.1768387346.master-192-168-8-48.1680.3,qkv.lora_B,5
1768387499.5642257,349,10.9375,0.44336429238319397,Grad/qkv.lora_B,outputs_dev/vitb16/T=vtab_Q=3bit_L=lora_2_qkv-fc1-proj-fc2/cifar/20260114184203_default_acc=53.50/tensorboard/Grad_qkv.lora_B_block_5/events.out.tfevents.1768387346.master-192-168-8-48.1680.3,qkv.lora_B,5
1768387499.9892092,350,10.96875,0.3670502305030823,Grad/qkv.lora_B,outputs_dev/vitb16/T=vtab_Q=3bit_L=lora_2_qkv-fc1-proj-fc2/cifar/20260114184203_default_acc=53.50/tensorboard/Grad_qkv.lora_B_block_5/events.out.tfevents.1768387346.master-192-168-8-48.1680.3,qkv.lora_B,5
1768387500.2139847,351,11.0,0.6088087558746338,Grad/qkv.lora_B,outputs_dev/vitb16/T=vtab_Q=3bit_L=lora_2_qkv-fc1-proj-fc2/cifar/20260114184203_default_acc=53.50/tensorboard/Grad_qkv.lora_B_block_5/events.out.tfevents.1768387346.master-192-168-8-48.1680.3,qkv.lora_B,5
1768387617.6231878,352,11.03125,0.3617599308490753,Grad/qkv.lora_B,outputs_dev/vitb16/T=vtab_Q=3bit_L=lora_2_qkv-fc1-proj-fc2/cifar/20260114184203_default_acc=53.50/tensorboard/Grad_qkv.lora_B_block_5/events.out.tfevents.1768387346.master-192-168-8-48.1680.3,qkv.lora_B,5
1768387618.0525782,353,11.0625,0.3155226707458496,Grad/qkv.lora_B,outputs_dev/vitb16/T=vtab_Q=3bit_L=lora_2_qkv-fc1-proj-fc2/cifar/20260114184203_default_acc=53.50/tensorboard/Grad_qkv.lora_B_block_5/events.out.tfevents.1768387346.master-192-168-8-48.1680.3,qkv.lora_B,5
1768387618.4902706,354,11.09375,0.2495143562555313,Grad/qkv.lora_B,outputs_dev/vitb16/T=vtab_Q=3bit_L=lora_2_qkv-fc1-proj-fc2/cifar/20260114184203_default_acc=53.50/tensorboard/Grad_qkv.lora_B_block_5/events.out.tfevents.1768387346.master-192-168-8-48.1680.3,qkv.lora_B,5
1768387618.9460213,355,11.125,0.2607257068157196,Grad/qkv.lora_B,outputs_dev/vitb16/T=vtab_Q=3bit_L=lora_2_qkv-fc1-proj-fc2/cifar/20260114184203_default_acc=53.50/tensorboard/Grad_qkv.lora_B_block_5/events.out.tfevents.1768387346.master-192-168-8-48.1680.3,qkv.lora_B,5
1768387619.3897333,356,11.15625,0.3880120515823364,Grad/qkv.lora_B,outputs_dev/vitb16/T=vtab_Q=3bit_L=lora_2_qkv-fc1-proj-fc2/cifar/20260114184203_default_acc=53.50/tensorboard/Grad_qkv.lora_B_block_5/events.out.tfevents.1768387346.master-192-168-8-48.1680.3,qkv.lora_B,5
1768387619.8257127,357,11.1875,0.2751420736312866,Grad/qkv.lora_B,outputs_dev/vitb16/T=vtab_Q=3bit_L=lora_2_qkv-fc1-proj-fc2/cifar/20260114184203_default_acc=53.50/tensorboard/Grad_qkv.lora_B_block_5/events.out.tfevents.1768387346.master-192-168-8-48.1680.3,qkv.lora_B,5
1768387620.2593622,358,11.21875,0.23813503980636597,Grad/qkv.lora_B,outputs_dev/vitb16/T=vtab_Q=3bit_L=lora_2_qkv-fc1-proj-fc2/cifar/20260114184203_default_acc=53.50/tensorboard/Grad_qkv.lora_B_block_5/events.out.tfevents.1768387346.master-192-168-8-48.1680.3,qkv.lora_B,5
1768387620.6840544,359,11.25,0.3409968912601471,Grad/qkv.lora_B,outputs_dev/vitb16/T=vtab_Q=3bit_L=lora_2_qkv-fc1-proj-fc2/cifar/20260114184203_default_acc=53.50/tensorboard/Grad_qkv.lora_B_block_5/events.out.tfevents.1768387346.master-192-168-8-48.1680.3,qkv.lora_B,5
1768387621.111042,360,11.28125,0.2353355586528778,Grad/qkv.lora_B,outputs_dev/vitb16/T=vtab_Q=3bit_L=lora_2_qkv-fc1-proj-fc2/cifar/20260114184203_default_acc=53.50/tensorboard/Grad_qkv.lora_B_block_5/events.out.tfevents.1768387346.master-192-168-8-48.1680.3,qkv.lora_B,5
1768387621.5382643,361,11.3125,0.21578161418437958,Grad/qkv.lora_B,outputs_dev/vitb16/T=vtab_Q=3bit_L=lora_2_qkv-fc1-proj-fc2/cifar/20260114184203_default_acc=53.50/tensorboard/Grad_qkv.lora_B_block_5/events.out.tfevents.1768387346.master-192-168-8-48.1680.3,qkv.lora_B,5
1768387621.9805148,362,11.34375,0.3754696249961853,Grad/qkv.lora_B,outputs_dev/vitb16/T=vtab_Q=3bit_L=lora_2_qkv-fc1-proj-fc2/cifar/20260114184203_default_acc=53.50/tensorboard/Grad_qkv.lora_B_block_5/events.out.tfevents.1768387346.master-192-168-8-48.1680.3,qkv.lora_B,5
1768387622.4062376,363,11.375,0.28564536571502686,Grad/qkv.lora_B,outputs_dev/vitb16/T=vtab_Q=3bit_L=lora_2_qkv-fc1-proj-fc2/cifar/20260114184203_default_acc=53.50/tensorboard/Grad_qkv.lora_B_block_5/events.out.tfevents.1768387346.master-192-168-8-48.1680.3,qkv.lora_B,5
1768387622.8287466,364,11.40625,0.3088526427745819,Grad/qkv.lora_B,outputs_dev/vitb16/T=vtab_Q=3bit_L=lora_2_qkv-fc1-proj-fc2/cifar/20260114184203_default_acc=53.50/tensorboard/Grad_qkv.lora_B_block_5/events.out.tfevents.1768387346.master-192-168-8-48.1680.3,qkv.lora_B,5
1768387623.2510772,365,11.4375,0.36795496940612793,Grad/qkv.lora_B,outputs_dev/vitb16/T=vtab_Q=3bit_L=lora_2_qkv-fc1-proj-fc2/cifar/20260114184203_default_acc=53.50/tensorboard/Grad_qkv.lora_B_block_5/events.out.tfevents.1768387346.master-192-168-8-48.1680.3,qkv.lora_B,5
1768387623.6747625,366,11.46875,0.36545151472091675,Grad/qkv.lora_B,outputs_dev/vitb16/T=vtab_Q=3bit_L=lora_2_qkv-fc1-proj-fc2/cifar/20260114184203_default_acc=53.50/tensorboard/Grad_qkv.lora_B_block_5/events.out.tfevents.1768387346.master-192-168-8-48.1680.3,qkv.lora_B,5
1768387624.1079497,367,11.5,0.46655040979385376,Grad/qkv.lora_B,outputs_dev/vitb16/T=vtab_Q=3bit_L=lora_2_qkv-fc1-proj-fc2/cifar/20260114184203_default_acc=53.50/tensorboard/Grad_qkv.lora_B_block_5/events.out.tfevents.1768387346.master-192-168-8-48.1680.3,qkv.lora_B,5
1768387624.5476668,368,11.53125,0.33478766679763794,Grad/qkv.lora_B,outputs_dev/vitb16/T=vtab_Q=3bit_L=lora_2_qkv-fc1-proj-fc2/cifar/20260114184203_default_acc=53.50/tensorboard/Grad_qkv.lora_B_block_5/events.out.tfevents.1768387346.master-192-168-8-48.1680.3,qkv.lora_B,5
1768387624.9822817,369,11.5625,0.293478786945343,Grad/qkv.lora_B,outputs_dev/vitb16/T=vtab_Q=3bit_L=lora_2_qkv-fc1-proj-fc2/cifar/20260114184203_default_acc=53.50/tensorboard/Grad_qkv.lora_B_block_5/events.out.tfevents.1768387346.master-192-168-8-48.1680.3,qkv.lora_B,5
1768387625.4031096,370,11.59375,0.41671663522720337,Grad/qkv.lora_B,outputs_dev/vitb16/T=vtab_Q=3bit_L=lora_2_qkv-fc1-proj-fc2/cifar/20260114184203_default_acc=53.50/tensorboard/Grad_qkv.lora_B_block_5/events.out.tfevents.1768387346.master-192-168-8-48.1680.3,qkv.lora_B,5
1768387625.8392377,371,11.625,0.3039451837539673,Grad/qkv.lora_B,outputs_dev/vitb16/T=vtab_Q=3bit_L=lora_2_qkv-fc1-proj-fc2/cifar/20260114184203_default_acc=53.50/tensorboard/Grad_qkv.lora_B_block_5/events.out.tfevents.1768387346.master-192-168-8-48.1680.3,qkv.lora_B,5
1768387626.2730975,372,11.65625,0.3785044848918915,Grad/qkv.lora_B,outputs_dev/vitb16/T=vtab_Q=3bit_L=lora_2_qkv-fc1-proj-fc2/cifar/20260114184203_default_acc=53.50/tensorboard/Grad_qkv.lora_B_block_5/events.out.tfevents.1768387346.master-192-168-8-48.1680.3,qkv.lora_B,5
1768387626.710321,373,11.6875,0.40831664204597473,Grad/qkv.lora_B,outputs_dev/vitb16/T=vtab_Q=3bit_L=lora_2_qkv-fc1-proj-fc2/cifar/20260114184203_default_acc=53.50/tensorboard/Grad_qkv.lora_B_block_5/events.out.tfevents.1768387346.master-192-168-8-48.1680.3,qkv.lora_B,5
1768387627.1317203,374,11.71875,0.23188400268554688,Grad/qkv.lora_B,outputs_dev/vitb16/T=vtab_Q=3bit_L=lora_2_qkv-fc1-proj-fc2/cifar/20260114184203_default_acc=53.50/tensorboard/Grad_qkv.lora_B_block_5/events.out.tfevents.1768387346.master-192-168-8-48.1680.3,qkv.lora_B,5
1768387627.5533047,375,11.75,0.30240023136138916,Grad/qkv.lora_B,outputs_dev/vitb16/T=vtab_Q=3bit_L=lora_2_qkv-fc1-proj-fc2/cifar/20260114184203_default_acc=53.50/tensorboard/Grad_qkv.lora_B_block_5/events.out.tfevents.1768387346.master-192-168-8-48.1680.3,qkv.lora_B,5
1768387627.9750698,376,11.78125,0.38671383261680603,Grad/qkv.lora_B,outputs_dev/vitb16/T=vtab_Q=3bit_L=lora_2_qkv-fc1-proj-fc2/cifar/20260114184203_default_acc=53.50/tensorboard/Grad_qkv.lora_B_block_5/events.out.tfevents.1768387346.master-192-168-8-48.1680.3,qkv.lora_B,5
1768387628.396087,377,11.8125,0.42152589559555054,Grad/qkv.lora_B,outputs_dev/vitb16/T=vtab_Q=3bit_L=lora_2_qkv-fc1-proj-fc2/cifar/20260114184203_default_acc=53.50/tensorboard/Grad_qkv.lora_B_block_5/events.out.tfevents.1768387346.master-192-168-8-48.1680.3,qkv.lora_B,5
1768387628.8320558,378,11.84375,0.3759874105453491,Grad/qkv.lora_B,outputs_dev/vitb16/T=vtab_Q=3bit_L=lora_2_qkv-fc1-proj-fc2/cifar/20260114184203_default_acc=53.50/tensorboard/Grad_qkv.lora_B_block_5/events.out.tfevents.1768387346.master-192-168-8-48.1680.3,qkv.lora_B,5
1768387629.249124,379,11.875,0.26183879375457764,Grad/qkv.lora_B,outputs_dev/vitb16/T=vtab_Q=3bit_L=lora_2_qkv-fc1-proj-fc2/cifar/20260114184203_default_acc=53.50/tensorboard/Grad_qkv.lora_B_block_5/events.out.tfevents.1768387346.master-192-168-8-48.1680.3,qkv.lora_B,5
1768387629.6875098,380,11.90625,0.3042275309562683,Grad/qkv.lora_B,outputs_dev/vitb16/T=vtab_Q=3bit_L=lora_2_qkv-fc1-proj-fc2/cifar/20260114184203_default_acc=53.50/tensorboard/Grad_qkv.lora_B_block_5/events.out.tfevents.1768387346.master-192-168-8-48.1680.3,qkv.lora_B,5
1768387630.1230326,381,11.9375,0.37856873869895935,Grad/qkv.lora_B,outputs_dev/vitb16/T=vtab_Q=3bit_L=lora_2_qkv-fc1-proj-fc2/cifar/20260114184203_default_acc=53.50/tensorboard/Grad_qkv.lora_B_block_5/events.out.tfevents.1768387346.master-192-168-8-48.1680.3,qkv.lora_B,5
1768387630.5611029,382,11.96875,0.3165284991264343,Grad/qkv.lora_B,outputs_dev/vitb16/T=vtab_Q=3bit_L=lora_2_qkv-fc1-proj-fc2/cifar/20260114184203_default_acc=53.50/tensorboard/Grad_qkv.lora_B_block_5/events.out.tfevents.1768387346.master-192-168-8-48.1680.3,qkv.lora_B,5
1768387630.783527,383,12.0,1.0739604234695435,Grad/qkv.lora_B,outputs_dev/vitb16/T=vtab_Q=3bit_L=lora_2_qkv-fc1-proj-fc2/cifar/20260114184203_default_acc=53.50/tensorboard/Grad_qkv.lora_B_block_5/events.out.tfevents.1768387346.master-192-168-8-48.1680.3,qkv.lora_B,5
1768387631.499322,384,12.03125,0.3558134138584137,Grad/qkv.lora_B,outputs_dev/vitb16/T=vtab_Q=3bit_L=lora_2_qkv-fc1-proj-fc2/cifar/20260114184203_default_acc=53.50/tensorboard/Grad_qkv.lora_B_block_5/events.out.tfevents.1768387346.master-192-168-8-48.1680.3,qkv.lora_B,5
1768387631.9471138,385,12.0625,0.2961909770965576,Grad/qkv.lora_B,outputs_dev/vitb16/T=vtab_Q=3bit_L=lora_2_qkv-fc1-proj-fc2/cifar/20260114184203_default_acc=53.50/tensorboard/Grad_qkv.lora_B_block_5/events.out.tfevents.1768387346.master-192-168-8-48.1680.3,qkv.lora_B,5
1768387632.377904,386,12.09375,0.5806660056114197,Grad/qkv.lora_B,outputs_dev/vitb16/T=vtab_Q=3bit_L=lora_2_qkv-fc1-proj-fc2/cifar/20260114184203_default_acc=53.50/tensorboard/Grad_qkv.lora_B_block_5/events.out.tfevents.1768387346.master-192-168-8-48.1680.3,qkv.lora_B,5
1768387632.8030238,387,12.125,0.4918271005153656,Grad/qkv.lora_B,outputs_dev/vitb16/T=vtab_Q=3bit_L=lora_2_qkv-fc1-proj-fc2/cifar/20260114184203_default_acc=53.50/tensorboard/Grad_qkv.lora_B_block_5/events.out.tfevents.1768387346.master-192-168-8-48.1680.3,qkv.lora_B,5
1768387633.2254043,388,12.15625,0.20794202387332916,Grad/qkv.lora_B,outputs_dev/vitb16/T=vtab_Q=3bit_L=lora_2_qkv-fc1-proj-fc2/cifar/20260114184203_default_acc=53.50/tensorboard/Grad_qkv.lora_B_block_5/events.out.tfevents.1768387346.master-192-168-8-48.1680.3,qkv.lora_B,5
1768387633.6703446,389,12.1875,0.32851365208625793,Grad/qkv.lora_B,outputs_dev/vitb16/T=vtab_Q=3bit_L=lora_2_qkv-fc1-proj-fc2/cifar/20260114184203_default_acc=53.50/tensorboard/Grad_qkv.lora_B_block_5/events.out.tfevents.1768387346.master-192-168-8-48.1680.3,qkv.lora_B,5
1768387634.1077313,390,12.21875,0.28865110874176025,Grad/qkv.lora_B,outputs_dev/vitb16/T=vtab_Q=3bit_L=lora_2_qkv-fc1-proj-fc2/cifar/20260114184203_default_acc=53.50/tensorboard/Grad_qkv.lora_B_block_5/events.out.tfevents.1768387346.master-192-168-8-48.1680.3,qkv.lora_B,5
1768387634.532601,391,12.25,0.22230283915996552,Grad/qkv.lora_B,outputs_dev/vitb16/T=vtab_Q=3bit_L=lora_2_qkv-fc1-proj-fc2/cifar/20260114184203_default_acc=53.50/tensorboard/Grad_qkv.lora_B_block_5/events.out.tfevents.1768387346.master-192-168-8-48.1680.3,qkv.lora_B,5
1768387634.9542456,392,12.28125,0.36394140124320984,Grad/qkv.lora_B,outputs_dev/vitb16/T=vtab_Q=3bit_L=lora_2_qkv-fc1-proj-fc2/cifar/20260114184203_default_acc=53.50/tensorboard/Grad_qkv.lora_B_block_5/events.out.tfevents.1768387346.master-192-168-8-48.1680.3,qkv.lora_B,5
1768387635.3888414,393,12.3125,0.795265257358551,Grad/qkv.lora_B,outputs_dev/vitb16/T=vtab_Q=3bit_L=lora_2_qkv-fc1-proj-fc2/cifar/20260114184203_default_acc=53.50/tensorboard/Grad_qkv.lora_B_block_5/events.out.tfevents.1768387346.master-192-168-8-48.1680.3,qkv.lora_B,5
1768387635.8240864,394,12.34375,0.3312556743621826,Grad/qkv.lora_B,outputs_dev/vitb16/T=vtab_Q=3bit_L=lora_2_qkv-fc1-proj-fc2/cifar/20260114184203_default_acc=53.50/tensorboard/Grad_qkv.lora_B_block_5/events.out.tfevents.1768387346.master-192-168-8-48.1680.3,qkv.lora_B,5
1768387636.2601619,395,12.375,0.30568066239356995,Grad/qkv.lora_B,outputs_dev/vitb16/T=vtab_Q=3bit_L=lora_2_qkv-fc1-proj-fc2/cifar/20260114184203_default_acc=53.50/tensorboard/Grad_qkv.lora_B_block_5/events.out.tfevents.1768387346.master-192-168-8-48.1680.3,qkv.lora_B,5
1768387636.6822035,396,12.40625,0.3206653594970703,Grad/qkv.lora_B,outputs_dev/vitb16/T=vtab_Q=3bit_L=lora_2_qkv-fc1-proj-fc2/cifar/20260114184203_default_acc=53.50/tensorboard/Grad_qkv.lora_B_block_5/events.out.tfevents.1768387346.master-192-168-8-48.1680.3,qkv.lora_B,5
1768387637.103683,397,12.4375,0.3394211232662201,Grad/qkv.lora_B,outputs_dev/vitb16/T=vtab_Q=3bit_L=lora_2_qkv-fc1-proj-fc2/cifar/20260114184203_default_acc=53.50/tensorboard/Grad_qkv.lora_B_block_5/events.out.tfevents.1768387346.master-192-168-8-48.1680.3,qkv.lora_B,5
1768387637.5412061,398,12.46875,0.4212665259838104,Grad/qkv.lora_B,outputs_dev/vitb16/T=vtab_Q=3bit_L=lora_2_qkv-fc1-proj-fc2/cifar/20260114184203_default_acc=53.50/tensorboard/Grad_qkv.lora_B_block_5/events.out.tfevents.1768387346.master-192-168-8-48.1680.3,qkv.lora_B,5
1768387637.9787283,399,12.5,0.3570100665092468,Grad/qkv.lora_B,outputs_dev/vitb16/T=vtab_Q=3bit_L=lora_2_qkv-fc1-proj-fc2/cifar/20260114184203_default_acc=53.50/tensorboard/Grad_qkv.lora_B_block_5/events.out.tfevents.1768387346.master-192-168-8-48.1680.3,qkv.lora_B,5
1768387638.4124477,400,12.53125,0.251880943775177,Grad/qkv.lora_B,outputs_dev/vitb16/T=vtab_Q=3bit_L=lora_2_qkv-fc1-proj-fc2/cifar/20260114184203_default_acc=53.50/tensorboard/Grad_qkv.lora_B_block_5/events.out.tfevents.1768387346.master-192-168-8-48.1680.3,qkv.lora_B,5
1768387638.8456721,401,12.5625,0.2413090169429779,Grad/qkv.lora_B,outputs_dev/vitb16/T=vtab_Q=3bit_L=lora_2_qkv-fc1-proj-fc2/cifar/20260114184203_default_acc=53.50/tensorboard/Grad_qkv.lora_B_block_5/events.out.tfevents.1768387346.master-192-168-8-48.1680.3,qkv.lora_B,5
1768387639.267477,402,12.59375,0.36412936449050903,Grad/qkv.lora_B,outputs_dev/vitb16/T=vtab_Q=3bit_L=lora_2_qkv-fc1-proj-fc2/cifar/20260114184203_default_acc=53.50/tensorboard/Grad_qkv.lora_B_block_5/events.out.tfevents.1768387346.master-192-168-8-48.1680.3,qkv.lora_B,5
1768387639.707652,403,12.625,0.28721779584884644,Grad/qkv.lora_B,outputs_dev/vitb16/T=vtab_Q=3bit_L=lora_2_qkv-fc1-proj-fc2/cifar/20260114184203_default_acc=53.50/tensorboard/Grad_qkv.lora_B_block_5/events.out.tfevents.1768387346.master-192-168-8-48.1680.3,qkv.lora_B,5
1768387640.1451697,404,12.65625,0.37584319710731506,Grad/qkv.lora_B,outputs_dev/vitb16/T=vtab_Q=3bit_L=lora_2_qkv-fc1-proj-fc2/cifar/20260114184203_default_acc=53.50/tensorboard/Grad_qkv.lora_B_block_5/events.out.tfevents.1768387346.master-192-168-8-48.1680.3,qkv.lora_B,5
1768387640.5802476,405,12.6875,0.22296185791492462,Grad/qkv.lora_B,outputs_dev/vitb16/T=vtab_Q=3bit_L=lora_2_qkv-fc1-proj-fc2/cifar/20260114184203_default_acc=53.50/tensorboard/Grad_qkv.lora_B_block_5/events.out.tfevents.1768387346.master-192-168-8-48.1680.3,qkv.lora_B,5
1768387641.0246024,406,12.71875,0.22173573076725006,Grad/qkv.lora_B,outputs_dev/vitb16/T=vtab_Q=3bit_L=lora_2_qkv-fc1-proj-fc2/cifar/20260114184203_default_acc=53.50/tensorboard/Grad_qkv.lora_B_block_5/events.out.tfevents.1768387346.master-192-168-8-48.1680.3,qkv.lora_B,5
1768387641.45971,407,12.75,0.3447389602661133,Grad/qkv.lora_B,outputs_dev/vitb16/T=vtab_Q=3bit_L=lora_2_qkv-fc1-proj-fc2/cifar/20260114184203_default_acc=53.50/tensorboard/Grad_qkv.lora_B_block_5/events.out.tfevents.1768387346.master-192-168-8-48.1680.3,qkv.lora_B,5
1768387641.893837,408,12.78125,0.4336194694042206,Grad/qkv.lora_B,outputs_dev/vitb16/T=vtab_Q=3bit_L=lora_2_qkv-fc1-proj-fc2/cifar/20260114184203_default_acc=53.50/tensorboard/Grad_qkv.lora_B_block_5/events.out.tfevents.1768387346.master-192-168-8-48.1680.3,qkv.lora_B,5
1768387642.3151376,409,12.8125,0.24600474536418915,Grad/qkv.lora_B,outputs_dev/vitb16/T=vtab_Q=3bit_L=lora_2_qkv-fc1-proj-fc2/cifar/20260114184203_default_acc=53.50/tensorboard/Grad_qkv.lora_B_block_5/events.out.tfevents.1768387346.master-192-168-8-48.1680.3,qkv.lora_B,5
1768387642.7363334,410,12.84375,0.3630673289299011,Grad/qkv.lora_B,outputs_dev/vitb16/T=vtab_Q=3bit_L=lora_2_qkv-fc1-proj-fc2/cifar/20260114184203_default_acc=53.50/tensorboard/Grad_qkv.lora_B_block_5/events.out.tfevents.1768387346.master-192-168-8-48.1680.3,qkv.lora_B,5
1768387643.158712,411,12.875,0.28388679027557373,Grad/qkv.lora_B,outputs_dev/vitb16/T=vtab_Q=3bit_L=lora_2_qkv-fc1-proj-fc2/cifar/20260114184203_default_acc=53.50/tensorboard/Grad_qkv.lora_B_block_5/events.out.tfevents.1768387346.master-192-168-8-48.1680.3,qkv.lora_B,5
1768387643.5807924,412,12.90625,0.32179945707321167,Grad/qkv.lora_B,outputs_dev/vitb16/T=vtab_Q=3bit_L=lora_2_qkv-fc1-proj-fc2/cifar/20260114184203_default_acc=53.50/tensorboard/Grad_qkv.lora_B_block_5/events.out.tfevents.1768387346.master-192-168-8-48.1680.3,qkv.lora_B,5
1768387644.0028281,413,12.9375,0.24479727447032928,Grad/qkv.lora_B,outputs_dev/vitb16/T=vtab_Q=3bit_L=lora_2_qkv-fc1-proj-fc2/cifar/20260114184203_default_acc=53.50/tensorboard/Grad_qkv.lora_B_block_5/events.out.tfevents.1768387346.master-192-168-8-48.1680.3,qkv.lora_B,5
1768387644.4316163,414,12.96875,0.37192994356155396,Grad/qkv.lora_B,outputs_dev/vitb16/T=vtab_Q=3bit_L=lora_2_qkv-fc1-proj-fc2/cifar/20260114184203_default_acc=53.50/tensorboard/Grad_qkv.lora_B_block_5/events.out.tfevents.1768387346.master-192-168-8-48.1680.3,qkv.lora_B,5
1768387644.655173,415,13.0,0.5218347311019897,Grad/qkv.lora_B,outputs_dev/vitb16/T=vtab_Q=3bit_L=lora_2_qkv-fc1-proj-fc2/cifar/20260114184203_default_acc=53.50/tensorboard/Grad_qkv.lora_B_block_5/events.out.tfevents.1768387346.master-192-168-8-48.1680.3,qkv.lora_B,5
1768387645.2914956,416,13.03125,0.3141399323940277,Grad/qkv.lora_B,outputs_dev/vitb16/T=vtab_Q=3bit_L=lora_2_qkv-fc1-proj-fc2/cifar/20260114184203_default_acc=53.50/tensorboard/Grad_qkv.lora_B_block_5/events.out.tfevents.1768387346.master-192-168-8-48.1680.3,qkv.lora_B,5
1768387645.7379684,417,13.0625,0.22894833981990814,Grad/qkv.lora_B,outputs_dev/vitb16/T=vtab_Q=3bit_L=lora_2_qkv-fc1-proj-fc2/cifar/20260114184203_default_acc=53.50/tensorboard/Grad_qkv.lora_B_block_5/events.out.tfevents.1768387346.master-192-168-8-48.1680.3,qkv.lora_B,5
1768387646.1768167,418,13.09375,0.20121218264102936,Grad/qkv.lora_B,outputs_dev/vitb16/T=vtab_Q=3bit_L=lora_2_qkv-fc1-proj-fc2/cifar/20260114184203_default_acc=53.50/tensorboard/Grad_qkv.lora_B_block_5/events.out.tfevents.1768387346.master-192-168-8-48.1680.3,qkv.lora_B,5
1768387646.6034532,419,13.125,0.2755056917667389,Grad/qkv.lora_B,outputs_dev/vitb16/T=vtab_Q=3bit_L=lora_2_qkv-fc1-proj-fc2/cifar/20260114184203_default_acc=53.50/tensorboard/Grad_qkv.lora_B_block_5/events.out.tfevents.1768387346.master-192-168-8-48.1680.3,qkv.lora_B,5
1768387647.0168445,420,13.15625,0.3297852873802185,Grad/qkv.lora_B,outputs_dev/vitb16/T=vtab_Q=3bit_L=lora_2_qkv-fc1-proj-fc2/cifar/20260114184203_default_acc=53.50/tensorboard/Grad_qkv.lora_B_block_5/events.out.tfevents.1768387346.master-192-168-8-48.1680.3,qkv.lora_B,5
1768387647.4373748,421,13.1875,0.6509138345718384,Grad/qkv.lora_B,outputs_dev/vitb16/T=vtab_Q=3bit_L=lora_2_qkv-fc1-proj-fc2/cifar/20260114184203_default_acc=53.50/tensorboard/Grad_qkv.lora_B_block_5/events.out.tfevents.1768387346.master-192-168-8-48.1680.3,qkv.lora_B,5
1768387647.8585722,422,13.21875,0.245538130402565,Grad/qkv.lora_B,outputs_dev/vitb16/T=vtab_Q=3bit_L=lora_2_qkv-fc1-proj-fc2/cifar/20260114184203_default_acc=53.50/tensorboard/Grad_qkv.lora_B_block_5/events.out.tfevents.1768387346.master-192-168-8-48.1680.3,qkv.lora_B,5
1768387648.2806373,423,13.25,0.2071307897567749,Grad/qkv.lora_B,outputs_dev/vitb16/T=vtab_Q=3bit_L=lora_2_qkv-fc1-proj-fc2/cifar/20260114184203_default_acc=53.50/tensorboard/Grad_qkv.lora_B_block_5/events.out.tfevents.1768387346.master-192-168-8-48.1680.3,qkv.lora_B,5
1768387648.7150924,424,13.28125,0.32261788845062256,Grad/qkv.lora_B,outputs_dev/vitb16/T=vtab_Q=3bit_L=lora_2_qkv-fc1-proj-fc2/cifar/20260114184203_default_acc=53.50/tensorboard/Grad_qkv.lora_B_block_5/events.out.tfevents.1768387346.master-192-168-8-48.1680.3,qkv.lora_B,5
1768387649.134206,425,13.3125,0.3427058160305023,Grad/qkv.lora_B,outputs_dev/vitb16/T=vtab_Q=3bit_L=lora_2_qkv-fc1-proj-fc2/cifar/20260114184203_default_acc=53.50/tensorboard/Grad_qkv.lora_B_block_5/events.out.tfevents.1768387346.master-192-168-8-48.1680.3,qkv.lora_B,5
1768387649.5675275,426,13.34375,0.5923287868499756,Grad/qkv.lora_B,outputs_dev/vitb16/T=vtab_Q=3bit_L=lora_2_qkv-fc1-proj-fc2/cifar/20260114184203_default_acc=53.50/tensorboard/Grad_qkv.lora_B_block_5/events.out.tfevents.1768387346.master-192-168-8-48.1680.3,qkv.lora_B,5
1768387649.9915333,427,13.375,0.31882092356681824,Grad/qkv.lora_B,outputs_dev/vitb16/T=vtab_Q=3bit_L=lora_2_qkv-fc1-proj-fc2/cifar/20260114184203_default_acc=53.50/tensorboard/Grad_qkv.lora_B_block_5/events.out.tfevents.1768387346.master-192-168-8-48.1680.3,qkv.lora_B,5
1768387650.4245577,428,13.40625,0.29925504326820374,Grad/qkv.lora_B,outputs_dev/vitb16/T=vtab_Q=3bit_L=lora_2_qkv-fc1-proj-fc2/cifar/20260114184203_default_acc=53.50/tensorboard/Grad_qkv.lora_B_block_5/events.out.tfevents.1768387346.master-192-168-8-48.1680.3,qkv.lora_B,5
1768387650.8460732,429,13.4375,0.24227279424667358,Grad/qkv.lora_B,outputs_dev/vitb16/T=vtab_Q=3bit_L=lora_2_qkv-fc1-proj-fc2/cifar/20260114184203_default_acc=53.50/tensorboard/Grad_qkv.lora_B_block_5/events.out.tfevents.1768387346.master-192-168-8-48.1680.3,qkv.lora_B,5
1768387651.2802587,430,13.46875,0.3078070878982544,Grad/qkv.lora_B,outputs_dev/vitb16/T=vtab_Q=3bit_L=lora_2_qkv-fc1-proj-fc2/cifar/20260114184203_default_acc=53.50/tensorboard/Grad_qkv.lora_B_block_5/events.out.tfevents.1768387346.master-192-168-8-48.1680.3,qkv.lora_B,5
1768387651.7018056,431,13.5,0.4397643208503723,Grad/qkv.lora_B,outputs_dev/vitb16/T=vtab_Q=3bit_L=lora_2_qkv-fc1-proj-fc2/cifar/20260114184203_default_acc=53.50/tensorboard/Grad_qkv.lora_B_block_5/events.out.tfevents.1768387346.master-192-168-8-48.1680.3,qkv.lora_B,5
1768387652.13516,432,13.53125,0.23416008055210114,Grad/qkv.lora_B,outputs_dev/vitb16/T=vtab_Q=3bit_L=lora_2_qkv-fc1-proj-fc2/cifar/20260114184203_default_acc=53.50/tensorboard/Grad_qkv.lora_B_block_5/events.out.tfevents.1768387346.master-192-168-8-48.1680.3,qkv.lora_B,5
1768387652.5526998,433,13.5625,0.3029125928878784,Grad/qkv.lora_B,outputs_dev/vitb16/T=vtab_Q=3bit_L=lora_2_qkv-fc1-proj-fc2/cifar/20260114184203_default_acc=53.50/tensorboard/Grad_qkv.lora_B_block_5/events.out.tfevents.1768387346.master-192-168-8-48.1680.3,qkv.lora_B,5
1768387652.9728842,434,13.59375,0.532975435256958,Grad/qkv.lora_B,outputs_dev/vitb16/T=vtab_Q=3bit_L=lora_2_qkv-fc1-proj-fc2/cifar/20260114184203_default_acc=53.50/tensorboard/Grad_qkv.lora_B_block_5/events.out.tfevents.1768387346.master-192-168-8-48.1680.3,qkv.lora_B,5
1768387653.3942409,435,13.625,0.3899753987789154,Grad/qkv.lora_B,outputs_dev/vitb16/T=vtab_Q=3bit_L=lora_2_qkv-fc1-proj-fc2/cifar/20260114184203_default_acc=53.50/tensorboard/Grad_qkv.lora_B_block_5/events.out.tfevents.1768387346.master-192-168-8-48.1680.3,qkv.lora_B,5
1768387653.816784,436,13.65625,0.2935841381549835,Grad/qkv.lora_B,outputs_dev/vitb16/T=vtab_Q=3bit_L=lora_2_qkv-fc1-proj-fc2/cifar/20260114184203_default_acc=53.50/tensorboard/Grad_qkv.lora_B_block_5/events.out.tfevents.1768387346.master-192-168-8-48.1680.3,qkv.lora_B,5
1768387654.2388892,437,13.6875,0.3509344756603241,Grad/qkv.lora_B,outputs_dev/vitb16/T=vtab_Q=3bit_L=lora_2_qkv-fc1-proj-fc2/cifar/20260114184203_default_acc=53.50/tensorboard/Grad_qkv.lora_B_block_5/events.out.tfevents.1768387346.master-192-168-8-48.1680.3,qkv.lora_B,5
1768387654.673037,438,13.71875,0.32298383116722107,Grad/qkv.lora_B,outputs_dev/vitb16/T=vtab_Q=3bit_L=lora_2_qkv-fc1-proj-fc2/cifar/20260114184203_default_acc=53.50/tensorboard/Grad_qkv.lora_B_block_5/events.out.tfevents.1768387346.master-192-168-8-48.1680.3,qkv.lora_B,5
1768387655.0882747,439,13.75,0.3447239398956299,Grad/qkv.lora_B,outputs_dev/vitb16/T=vtab_Q=3bit_L=lora_2_qkv-fc1-proj-fc2/cifar/20260114184203_default_acc=53.50/tensorboard/Grad_qkv.lora_B_block_5/events.out.tfevents.1768387346.master-192-168-8-48.1680.3,qkv.lora_B,5
1768387655.511769,440,13.78125,0.33928319811820984,Grad/qkv.lora_B,outputs_dev/vitb16/T=vtab_Q=3bit_L=lora_2_qkv-fc1-proj-fc2/cifar/20260114184203_default_acc=53.50/tensorboard/Grad_qkv.lora_B_block_5/events.out.tfevents.1768387346.master-192-168-8-48.1680.3,qkv.lora_B,5
1768387655.9338968,441,13.8125,0.27583351731300354,Grad/qkv.lora_B,outputs_dev/vitb16/T=vtab_Q=3bit_L=lora_2_qkv-fc1-proj-fc2/cifar/20260114184203_default_acc=53.50/tensorboard/Grad_qkv.lora_B_block_5/events.out.tfevents.1768387346.master-192-168-8-48.1680.3,qkv.lora_B,5
1768387656.3691363,442,13.84375,0.47087979316711426,Grad/qkv.lora_B,outputs_dev/vitb16/T=vtab_Q=3bit_L=lora_2_qkv-fc1-proj-fc2/cifar/20260114184203_default_acc=53.50/tensorboard/Grad_qkv.lora_B_block_5/events.out.tfevents.1768387346.master-192-168-8-48.1680.3,qkv.lora_B,5
1768387656.7907443,443,13.875,0.33130156993865967,Grad/qkv.lora_B,outputs_dev/vitb16/T=vtab_Q=3bit_L=lora_2_qkv-fc1-proj-fc2/cifar/20260114184203_default_acc=53.50/tensorboard/Grad_qkv.lora_B_block_5/events.out.tfevents.1768387346.master-192-168-8-48.1680.3,qkv.lora_B,5
1768387657.212349,444,13.90625,0.2783243954181671,Grad/qkv.lora_B,outputs_dev/vitb16/T=vtab_Q=3bit_L=lora_2_qkv-fc1-proj-fc2/cifar/20260114184203_default_acc=53.50/tensorboard/Grad_qkv.lora_B_block_5/events.out.tfevents.1768387346.master-192-168-8-48.1680.3,qkv.lora_B,5
1768387657.6454759,445,13.9375,0.4844369888305664,Grad/qkv.lora_B,outputs_dev/vitb16/T=vtab_Q=3bit_L=lora_2_qkv-fc1-proj-fc2/cifar/20260114184203_default_acc=53.50/tensorboard/Grad_qkv.lora_B_block_5/events.out.tfevents.1768387346.master-192-168-8-48.1680.3,qkv.lora_B,5
1768387658.0788908,446,13.96875,0.5430530309677124,Grad/qkv.lora_B,outputs_dev/vitb16/T=vtab_Q=3bit_L=lora_2_qkv-fc1-proj-fc2/cifar/20260114184203_default_acc=53.50/tensorboard/Grad_qkv.lora_B_block_5/events.out.tfevents.1768387346.master-192-168-8-48.1680.3,qkv.lora_B,5
1768387658.280302,447,14.0,0.45630985498428345,Grad/qkv.lora_B,outputs_dev/vitb16/T=vtab_Q=3bit_L=lora_2_qkv-fc1-proj-fc2/cifar/20260114184203_default_acc=53.50/tensorboard/Grad_qkv.lora_B_block_5/events.out.tfevents.1768387346.master-192-168-8-48.1680.3,qkv.lora_B,5
1768387658.940591,448,14.03125,0.24204610288143158,Grad/qkv.lora_B,outputs_dev/vitb16/T=vtab_Q=3bit_L=lora_2_qkv-fc1-proj-fc2/cifar/20260114184203_default_acc=53.50/tensorboard/Grad_qkv.lora_B_block_5/events.out.tfevents.1768387346.master-192-168-8-48.1680.3,qkv.lora_B,5
1768387659.3800724,449,14.0625,0.22619123756885529,Grad/qkv.lora_B,outputs_dev/vitb16/T=vtab_Q=3bit_L=lora_2_qkv-fc1-proj-fc2/cifar/20260114184203_default_acc=53.50/tensorboard/Grad_qkv.lora_B_block_5/events.out.tfevents.1768387346.master-192-168-8-48.1680.3,qkv.lora_B,5
1768387659.8142354,450,14.09375,0.24659398198127747,Grad/qkv.lora_B,outputs_dev/vitb16/T=vtab_Q=3bit_L=lora_2_qkv-fc1-proj-fc2/cifar/20260114184203_default_acc=53.50/tensorboard/Grad_qkv.lora_B_block_5/events.out.tfevents.1768387346.master-192-168-8-48.1680.3,qkv.lora_B,5
1768387660.234876,451,14.125,0.2850845456123352,Grad/qkv.lora_B,outputs_dev/vitb16/T=vtab_Q=3bit_L=lora_2_qkv-fc1-proj-fc2/cifar/20260114184203_default_acc=53.50/tensorboard/Grad_qkv.lora_B_block_5/events.out.tfevents.1768387346.master-192-168-8-48.1680.3,qkv.lora_B,5
1768387660.6555457,452,14.15625,0.24998781085014343,Grad/qkv.lora_B,outputs_dev/vitb16/T=vtab_Q=3bit_L=lora_2_qkv-fc1-proj-fc2/cifar/20260114184203_default_acc=53.50/tensorboard/Grad_qkv.lora_B_block_5/events.out.tfevents.1768387346.master-192-168-8-48.1680.3,qkv.lora_B,5
1768387661.0752344,453,14.1875,0.3636276423931122,Grad/qkv.lora_B,outputs_dev/vitb16/T=vtab_Q=3bit_L=lora_2_qkv-fc1-proj-fc2/cifar/20260114184203_default_acc=53.50/tensorboard/Grad_qkv.lora_B_block_5/events.out.tfevents.1768387346.master-192-168-8-48.1680.3,qkv.lora_B,5
1768387661.509762,454,14.21875,0.28281262516975403,Grad/qkv.lora_B,outputs_dev/vitb16/T=vtab_Q=3bit_L=lora_2_qkv-fc1-proj-fc2/cifar/20260114184203_default_acc=53.50/tensorboard/Grad_qkv.lora_B_block_5/events.out.tfevents.1768387346.master-192-168-8-48.1680.3,qkv.lora_B,5
1768387661.9312696,455,14.25,0.24183429777622223,Grad/qkv.lora_B,outputs_dev/vitb16/T=vtab_Q=3bit_L=lora_2_qkv-fc1-proj-fc2/cifar/20260114184203_default_acc=53.50/tensorboard/Grad_qkv.lora_B_block_5/events.out.tfevents.1768387346.master-192-168-8-48.1680.3,qkv.lora_B,5
1768387662.3640575,456,14.28125,0.2590533494949341,Grad/qkv.lora_B,outputs_dev/vitb16/T=vtab_Q=3bit_L=lora_2_qkv-fc1-proj-fc2/cifar/20260114184203_default_acc=53.50/tensorboard/Grad_qkv.lora_B_block_5/events.out.tfevents.1768387346.master-192-168-8-48.1680.3,qkv.lora_B,5
1768387662.7835362,457,14.3125,0.23169685900211334,Grad/qkv.lora_B,outputs_dev/vitb16/T=vtab_Q=3bit_L=lora_2_qkv-fc1-proj-fc2/cifar/20260114184203_default_acc=53.50/tensorboard/Grad_qkv.lora_B_block_5/events.out.tfevents.1768387346.master-192-168-8-48.1680.3,qkv.lora_B,5
1768387663.204409,458,14.34375,0.35506656765937805,Grad/qkv.lora_B,outputs_dev/vitb16/T=vtab_Q=3bit_L=lora_2_qkv-fc1-proj-fc2/cifar/20260114184203_default_acc=53.50/tensorboard/Grad_qkv.lora_B_block_5/events.out.tfevents.1768387346.master-192-168-8-48.1680.3,qkv.lora_B,5
1768387663.6422706,459,14.375,0.25056013464927673,Grad/qkv.lora_B,outputs_dev/vitb16/T=vtab_Q=3bit_L=lora_2_qkv-fc1-proj-fc2/cifar/20260114184203_default_acc=53.50/tensorboard/Grad_qkv.lora_B_block_5/events.out.tfevents.1768387346.master-192-168-8-48.1680.3,qkv.lora_B,5
1768387664.0624619,460,14.40625,0.32557716965675354,Grad/qkv.lora_B,outputs_dev/vitb16/T=vtab_Q=3bit_L=lora_2_qkv-fc1-proj-fc2/cifar/20260114184203_default_acc=53.50/tensorboard/Grad_qkv.lora_B_block_5/events.out.tfevents.1768387346.master-192-168-8-48.1680.3,qkv.lora_B,5
1768387664.4843953,461,14.4375,0.26838696002960205,Grad/qkv.lora_B,outputs_dev/vitb16/T=vtab_Q=3bit_L=lora_2_qkv-fc1-proj-fc2/cifar/20260114184203_default_acc=53.50/tensorboard/Grad_qkv.lora_B_block_5/events.out.tfevents.1768387346.master-192-168-8-48.1680.3,qkv.lora_B,5
1768387664.9044127,462,14.46875,0.2662947475910187,Grad/qkv.lora_B,outputs_dev/vitb16/T=vtab_Q=3bit_L=lora_2_qkv-fc1-proj-fc2/cifar/20260114184203_default_acc=53.50/tensorboard/Grad_qkv.lora_B_block_5/events.out.tfevents.1768387346.master-192-168-8-48.1680.3,qkv.lora_B,5
1768387665.324442,463,14.5,0.35601505637168884,Grad/qkv.lora_B,outputs_dev/vitb16/T=vtab_Q=3bit_L=lora_2_qkv-fc1-proj-fc2/cifar/20260114184203_default_acc=53.50/tensorboard/Grad_qkv.lora_B_block_5/events.out.tfevents.1768387346.master-192-168-8-48.1680.3,qkv.lora_B,5
1768387665.7463608,464,14.53125,0.39404502511024475,Grad/qkv.lora_B,outputs_dev/vitb16/T=vtab_Q=3bit_L=lora_2_qkv-fc1-proj-fc2/cifar/20260114184203_default_acc=53.50/tensorboard/Grad_qkv.lora_B_block_5/events.out.tfevents.1768387346.master-192-168-8-48.1680.3,qkv.lora_B,5
1768387666.1816468,465,14.5625,0.49487003684043884,Grad/qkv.lora_B,outputs_dev/vitb16/T=vtab_Q=3bit_L=lora_2_qkv-fc1-proj-fc2/cifar/20260114184203_default_acc=53.50/tensorboard/Grad_qkv.lora_B_block_5/events.out.tfevents.1768387346.master-192-168-8-48.1680.3,qkv.lora_B,5
1768387666.617655,466,14.59375,0.32056328654289246,Grad/qkv.lora_B,outputs_dev/vitb16/T=vtab_Q=3bit_L=lora_2_qkv-fc1-proj-fc2/cifar/20260114184203_default_acc=53.50/tensorboard/Grad_qkv.lora_B_block_5/events.out.tfevents.1768387346.master-192-168-8-48.1680.3,qkv.lora_B,5
1768387667.1511648,467,14.625,0.36075708270072937,Grad/qkv.lora_B,outputs_dev/vitb16/T=vtab_Q=3bit_L=lora_2_qkv-fc1-proj-fc2/cifar/20260114184203_default_acc=53.50/tensorboard/Grad_qkv.lora_B_block_5/events.out.tfevents.1768387346.master-192-168-8-48.1680.3,qkv.lora_B,5
1768387667.5672276,468,14.65625,0.3680306077003479,Grad/qkv.lora_B,outputs_dev/vitb16/T=vtab_Q=3bit_L=lora_2_qkv-fc1-proj-fc2/cifar/20260114184203_default_acc=53.50/tensorboard/Grad_qkv.lora_B_block_5/events.out.tfevents.1768387346.master-192-168-8-48.1680.3,qkv.lora_B,5
1768387668.0038612,469,14.6875,0.30344676971435547,Grad/qkv.lora_B,outputs_dev/vitb16/T=vtab_Q=3bit_L=lora_2_qkv-fc1-proj-fc2/cifar/20260114184203_default_acc=53.50/tensorboard/Grad_qkv.lora_B_block_5/events.out.tfevents.1768387346.master-192-168-8-48.1680.3,qkv.lora_B,5
1768387668.424583,470,14.71875,0.3957976996898651,Grad/qkv.lora_B,outputs_dev/vitb16/T=vtab_Q=3bit_L=lora_2_qkv-fc1-proj-fc2/cifar/20260114184203_default_acc=53.50/tensorboard/Grad_qkv.lora_B_block_5/events.out.tfevents.1768387346.master-192-168-8-48.1680.3,qkv.lora_B,5
1768387668.844125,471,14.75,0.3970778286457062,Grad/qkv.lora_B,outputs_dev/vitb16/T=vtab_Q=3bit_L=lora_2_qkv-fc1-proj-fc2/cifar/20260114184203_default_acc=53.50/tensorboard/Grad_qkv.lora_B_block_5/events.out.tfevents.1768387346.master-192-168-8-48.1680.3,qkv.lora_B,5
1768387669.2847595,472,14.78125,0.31580236554145813,Grad/qkv.lora_B,outputs_dev/vitb16/T=vtab_Q=3bit_L=lora_2_qkv-fc1-proj-fc2/cifar/20260114184203_default_acc=53.50/tensorboard/Grad_qkv.lora_B_block_5/events.out.tfevents.1768387346.master-192-168-8-48.1680.3,qkv.lora_B,5
1768387669.708339,473,14.8125,0.2734128534793854,Grad/qkv.lora_B,outputs_dev/vitb16/T=vtab_Q=3bit_L=lora_2_qkv-fc1-proj-fc2/cifar/20260114184203_default_acc=53.50/tensorboard/Grad_qkv.lora_B_block_5/events.out.tfevents.1768387346.master-192-168-8-48.1680.3,qkv.lora_B,5
1768387670.130252,474,14.84375,0.2492307871580124,Grad/qkv.lora_B,outputs_dev/vitb16/T=vtab_Q=3bit_L=lora_2_qkv-fc1-proj-fc2/cifar/20260114184203_default_acc=53.50/tensorboard/Grad_qkv.lora_B_block_5/events.out.tfevents.1768387346.master-192-168-8-48.1680.3,qkv.lora_B,5
1768387670.5650218,475,14.875,0.31680744886398315,Grad/qkv.lora_B,outputs_dev/vitb16/T=vtab_Q=3bit_L=lora_2_qkv-fc1-proj-fc2/cifar/20260114184203_default_acc=53.50/tensorboard/Grad_qkv.lora_B_block_5/events.out.tfevents.1768387346.master-192-168-8-48.1680.3,qkv.lora_B,5
1768387671.0018768,476,14.90625,1.3169149160385132,Grad/qkv.lora_B,outputs_dev/vitb16/T=vtab_Q=3bit_L=lora_2_qkv-fc1-proj-fc2/cifar/20260114184203_default_acc=53.50/tensorboard/Grad_qkv.lora_B_block_5/events.out.tfevents.1768387346.master-192-168-8-48.1680.3,qkv.lora_B,5
1768387671.4361525,477,14.9375,0.347207248210907,Grad/qkv.lora_B,outputs_dev/vitb16/T=vtab_Q=3bit_L=lora_2_qkv-fc1-proj-fc2/cifar/20260114184203_default_acc=53.50/tensorboard/Grad_qkv.lora_B_block_5/events.out.tfevents.1768387346.master-192-168-8-48.1680.3,qkv.lora_B,5
1768387671.8574061,478,14.96875,0.5148626565933228,Grad/qkv.lora_B,outputs_dev/vitb16/T=vtab_Q=3bit_L=lora_2_qkv-fc1-proj-fc2/cifar/20260114184203_default_acc=53.50/tensorboard/Grad_qkv.lora_B_block_5/events.out.tfevents.1768387346.master-192-168-8-48.1680.3,qkv.lora_B,5
1768387672.0624375,479,15.0,0.8039270043373108,Grad/qkv.lora_B,outputs_dev/vitb16/T=vtab_Q=3bit_L=lora_2_qkv-fc1-proj-fc2/cifar/20260114184203_default_acc=53.50/tensorboard/Grad_qkv.lora_B_block_5/events.out.tfevents.1768387346.master-192-168-8-48.1680.3,qkv.lora_B,5
1768387672.7589095,480,15.03125,0.7735588550567627,Grad/qkv.lora_B,outputs_dev/vitb16/T=vtab_Q=3bit_L=lora_2_qkv-fc1-proj-fc2/cifar/20260114184203_default_acc=53.50/tensorboard/Grad_qkv.lora_B_block_5/events.out.tfevents.1768387346.master-192-168-8-48.1680.3,qkv.lora_B,5
1768387673.187178,481,15.0625,0.32060837745666504,Grad/qkv.lora_B,outputs_dev/vitb16/T=vtab_Q=3bit_L=lora_2_qkv-fc1-proj-fc2/cifar/20260114184203_default_acc=53.50/tensorboard/Grad_qkv.lora_B_block_5/events.out.tfevents.1768387346.master-192-168-8-48.1680.3,qkv.lora_B,5
1768387673.6220567,482,15.09375,0.49110615253448486,Grad/qkv.lora_B,outputs_dev/vitb16/T=vtab_Q=3bit_L=lora_2_qkv-fc1-proj-fc2/cifar/20260114184203_default_acc=53.50/tensorboard/Grad_qkv.lora_B_block_5/events.out.tfevents.1768387346.master-192-168-8-48.1680.3,qkv.lora_B,5
1768387674.0569158,483,15.125,0.7840388417243958,Grad/qkv.lora_B,outputs_dev/vitb16/T=vtab_Q=3bit_L=lora_2_qkv-fc1-proj-fc2/cifar/20260114184203_default_acc=53.50/tensorboard/Grad_qkv.lora_B_block_5/events.out.tfevents.1768387346.master-192-168-8-48.1680.3,qkv.lora_B,5
1768387674.476505,484,15.15625,0.5891679525375366,Grad/qkv.lora_B,outputs_dev/vitb16/T=vtab_Q=3bit_L=lora_2_qkv-fc1-proj-fc2/cifar/20260114184203_default_acc=53.50/tensorboard/Grad_qkv.lora_B_block_5/events.out.tfevents.1768387346.master-192-168-8-48.1680.3,qkv.lora_B,5
1768387674.9240518,485,15.1875,0.40801718831062317,Grad/qkv.lora_B,outputs_dev/vitb16/T=vtab_Q=3bit_L=lora_2_qkv-fc1-proj-fc2/cifar/20260114184203_default_acc=53.50/tensorboard/Grad_qkv.lora_B_block_5/events.out.tfevents.1768387346.master-192-168-8-48.1680.3,qkv.lora_B,5
1768387675.3611414,486,15.21875,0.5171851515769958,Grad/qkv.lora_B,outputs_dev/vitb16/T=vtab_Q=3bit_L=lora_2_qkv-fc1-proj-fc2/cifar/20260114184203_default_acc=53.50/tensorboard/Grad_qkv.lora_B_block_5/events.out.tfevents.1768387346.master-192-168-8-48.1680.3,qkv.lora_B,5
1768387675.8031733,487,15.25,0.3522472679615021,Grad/qkv.lora_B,outputs_dev/vitb16/T=vtab_Q=3bit_L=lora_2_qkv-fc1-proj-fc2/cifar/20260114184203_default_acc=53.50/tensorboard/Grad_qkv.lora_B_block_5/events.out.tfevents.1768387346.master-192-168-8-48.1680.3,qkv.lora_B,5
1768387676.2445042,488,15.28125,0.27698662877082825,Grad/qkv.lora_B,outputs_dev/vitb16/T=vtab_Q=3bit_L=lora_2_qkv-fc1-proj-fc2/cifar/20260114184203_default_acc=53.50/tensorboard/Grad_qkv.lora_B_block_5/events.out.tfevents.1768387346.master-192-168-8-48.1680.3,qkv.lora_B,5
1768387676.6808953,489,15.3125,0.30680152773857117,Grad/qkv.lora_B,outputs_dev/vitb16/T=vtab_Q=3bit_L=lora_2_qkv-fc1-proj-fc2/cifar/20260114184203_default_acc=53.50/tensorboard/Grad_qkv.lora_B_block_5/events.out.tfevents.1768387346.master-192-168-8-48.1680.3,qkv.lora_B,5
1768387677.1056864,490,15.34375,0.6629272699356079,Grad/qkv.lora_B,outputs_dev/vitb16/T=vtab_Q=3bit_L=lora_2_qkv-fc1-proj-fc2/cifar/20260114184203_default_acc=53.50/tensorboard/Grad_qkv.lora_B_block_5/events.out.tfevents.1768387346.master-192-168-8-48.1680.3,qkv.lora_B,5
1768387677.532449,491,15.375,0.3780842125415802,Grad/qkv.lora_B,outputs_dev/vitb16/T=vtab_Q=3bit_L=lora_2_qkv-fc1-proj-fc2/cifar/20260114184203_default_acc=53.50/tensorboard/Grad_qkv.lora_B_block_5/events.out.tfevents.1768387346.master-192-168-8-48.1680.3,qkv.lora_B,5
1768387677.956391,492,15.40625,0.48741722106933594,Grad/qkv.lora_B,outputs_dev/vitb16/T=vtab_Q=3bit_L=lora_2_qkv-fc1-proj-fc2/cifar/20260114184203_default_acc=53.50/tensorboard/Grad_qkv.lora_B_block_5/events.out.tfevents.1768387346.master-192-168-8-48.1680.3,qkv.lora_B,5
1768387678.3810787,493,15.4375,0.3533277213573456,Grad/qkv.lora_B,outputs_dev/vitb16/T=vtab_Q=3bit_L=lora_2_qkv-fc1-proj-fc2/cifar/20260114184203_default_acc=53.50/tensorboard/Grad_qkv.lora_B_block_5/events.out.tfevents.1768387346.master-192-168-8-48.1680.3,qkv.lora_B,5
1768387678.8161871,494,15.46875,0.35231783986091614,Grad/qkv.lora_B,outputs_dev/vitb16/T=vtab_Q=3bit_L=lora_2_qkv-fc1-proj-fc2/cifar/20260114184203_default_acc=53.50/tensorboard/Grad_qkv.lora_B_block_5/events.out.tfevents.1768387346.master-192-168-8-48.1680.3,qkv.lora_B,5
1768387679.2531972,495,15.5,0.4155866205692291,Grad/qkv.lora_B,outputs_dev/vitb16/T=vtab_Q=3bit_L=lora_2_qkv-fc1-proj-fc2/cifar/20260114184203_default_acc=53.50/tensorboard/Grad_qkv.lora_B_block_5/events.out.tfevents.1768387346.master-192-168-8-48.1680.3,qkv.lora_B,5
1768387679.6785955,496,15.53125,0.3472098112106323,Grad/qkv.lora_B,outputs_dev/vitb16/T=vtab_Q=3bit_L=lora_2_qkv-fc1-proj-fc2/cifar/20260114184203_default_acc=53.50/tensorboard/Grad_qkv.lora_B_block_5/events.out.tfevents.1768387346.master-192-168-8-48.1680.3,qkv.lora_B,5
1768387680.1164575,497,15.5625,0.35907042026519775,Grad/qkv.lora_B,outputs_dev/vitb16/T=vtab_Q=3bit_L=lora_2_qkv-fc1-proj-fc2/cifar/20260114184203_default_acc=53.50/tensorboard/Grad_qkv.lora_B_block_5/events.out.tfevents.1768387346.master-192-168-8-48.1680.3,qkv.lora_B,5
1768387680.5479903,498,15.59375,0.5428324937820435,Grad/qkv.lora_B,outputs_dev/vitb16/T=vtab_Q=3bit_L=lora_2_qkv-fc1-proj-fc2/cifar/20260114184203_default_acc=53.50/tensorboard/Grad_qkv.lora_B_block_5/events.out.tfevents.1768387346.master-192-168-8-48.1680.3,qkv.lora_B,5
1768387680.976785,499,15.625,0.43160751461982727,Grad/qkv.lora_B,outputs_dev/vitb16/T=vtab_Q=3bit_L=lora_2_qkv-fc1-proj-fc2/cifar/20260114184203_default_acc=53.50/tensorboard/Grad_qkv.lora_B_block_5/events.out.tfevents.1768387346.master-192-168-8-48.1680.3,qkv.lora_B,5
1768387681.4011652,500,15.65625,0.5532983541488647,Grad/qkv.lora_B,outputs_dev/vitb16/T=vtab_Q=3bit_L=lora_2_qkv-fc1-proj-fc2/cifar/20260114184203_default_acc=53.50/tensorboard/Grad_qkv.lora_B_block_5/events.out.tfevents.1768387346.master-192-168-8-48.1680.3,qkv.lora_B,5
1768387681.8263292,501,15.6875,0.4144994020462036,Grad/qkv.lora_B,outputs_dev/vitb16/T=vtab_Q=3bit_L=lora_2_qkv-fc1-proj-fc2/cifar/20260114184203_default_acc=53.50/tensorboard/Grad_qkv.lora_B_block_5/events.out.tfevents.1768387346.master-192-168-8-48.1680.3,qkv.lora_B,5
1768387682.2732508,502,15.71875,0.43336543440818787,Grad/qkv.lora_B,outputs_dev/vitb16/T=vtab_Q=3bit_L=lora_2_qkv-fc1-proj-fc2/cifar/20260114184203_default_acc=53.50/tensorboard/Grad_qkv.lora_B_block_5/events.out.tfevents.1768387346.master-192-168-8-48.1680.3,qkv.lora_B,5
1768387682.70834,503,15.75,0.4129539728164673,Grad/qkv.lora_B,outputs_dev/vitb16/T=vtab_Q=3bit_L=lora_2_qkv-fc1-proj-fc2/cifar/20260114184203_default_acc=53.50/tensorboard/Grad_qkv.lora_B_block_5/events.out.tfevents.1768387346.master-192-168-8-48.1680.3,qkv.lora_B,5
1768387683.1440601,504,15.78125,0.25679391622543335,Grad/qkv.lora_B,outputs_dev/vitb16/T=vtab_Q=3bit_L=lora_2_qkv-fc1-proj-fc2/cifar/20260114184203_default_acc=53.50/tensorboard/Grad_qkv.lora_B_block_5/events.out.tfevents.1768387346.master-192-168-8-48.1680.3,qkv.lora_B,5
1768387683.5808098,505,15.8125,0.34465548396110535,Grad/qkv.lora_B,outputs_dev/vitb16/T=vtab_Q=3bit_L=lora_2_qkv-fc1-proj-fc2/cifar/20260114184203_default_acc=53.50/tensorboard/Grad_qkv.lora_B_block_5/events.out.tfevents.1768387346.master-192-168-8-48.1680.3,qkv.lora_B,5
1768387684.0174294,506,15.84375,0.3349377512931824,Grad/qkv.lora_B,outputs_dev/vitb16/T=vtab_Q=3bit_L=lora_2_qkv-fc1-proj-fc2/cifar/20260114184203_default_acc=53.50/tensorboard/Grad_qkv.lora_B_block_5/events.out.tfevents.1768387346.master-192-168-8-48.1680.3,qkv.lora_B,5
1768387684.4553952,507,15.875,0.3858796954154968,Grad/qkv.lora_B,outputs_dev/vitb16/T=vtab_Q=3bit_L=lora_2_qkv-fc1-proj-fc2/cifar/20260114184203_default_acc=53.50/tensorboard/Grad_qkv.lora_B_block_5/events.out.tfevents.1768387346.master-192-168-8-48.1680.3,qkv.lora_B,5
1768387684.8911963,508,15.90625,0.25488969683647156,Grad/qkv.lora_B,outputs_dev/vitb16/T=vtab_Q=3bit_L=lora_2_qkv-fc1-proj-fc2/cifar/20260114184203_default_acc=53.50/tensorboard/Grad_qkv.lora_B_block_5/events.out.tfevents.1768387346.master-192-168-8-48.1680.3,qkv.lora_B,5
1768387685.3166275,509,15.9375,0.23226363956928253,Grad/qkv.lora_B,outputs_dev/vitb16/T=vtab_Q=3bit_L=lora_2_qkv-fc1-proj-fc2/cifar/20260114184203_default_acc=53.50/tensorboard/Grad_qkv.lora_B_block_5/events.out.tfevents.1768387346.master-192-168-8-48.1680.3,qkv.lora_B,5
1768387685.75642,510,15.96875,0.3123939633369446,Grad/qkv.lora_B,outputs_dev/vitb16/T=vtab_Q=3bit_L=lora_2_qkv-fc1-proj-fc2/cifar/20260114184203_default_acc=53.50/tensorboard/Grad_qkv.lora_B_block_5/events.out.tfevents.1768387346.master-192-168-8-48.1680.3,qkv.lora_B,5
1768387685.9917805,511,16.0,1.0020647048950195,Grad/qkv.lora_B,outputs_dev/vitb16/T=vtab_Q=3bit_L=lora_2_qkv-fc1-proj-fc2/cifar/20260114184203_default_acc=53.50/tensorboard/Grad_qkv.lora_B_block_5/events.out.tfevents.1768387346.master-192-168-8-48.1680.3,qkv.lora_B,5
1768387686.6880655,512,16.03125,0.265951007604599,Grad/qkv.lora_B,outputs_dev/vitb16/T=vtab_Q=3bit_L=lora_2_qkv-fc1-proj-fc2/cifar/20260114184203_default_acc=53.50/tensorboard/Grad_qkv.lora_B_block_5/events.out.tfevents.1768387346.master-192-168-8-48.1680.3,qkv.lora_B,5
1768387687.1195116,513,16.0625,0.3359490633010864,Grad/qkv.lora_B,outputs_dev/vitb16/T=vtab_Q=3bit_L=lora_2_qkv-fc1-proj-fc2/cifar/20260114184203_default_acc=53.50/tensorboard/Grad_qkv.lora_B_block_5/events.out.tfevents.1768387346.master-192-168-8-48.1680.3,qkv.lora_B,5
1768387687.5499227,514,16.09375,0.3817950487136841,Grad/qkv.lora_B,outputs_dev/vitb16/T=vtab_Q=3bit_L=lora_2_qkv-fc1-proj-fc2/cifar/20260114184203_default_acc=53.50/tensorboard/Grad_qkv.lora_B_block_5/events.out.tfevents.1768387346.master-192-168-8-48.1680.3,qkv.lora_B,5
1768387687.9782937,515,16.125,0.4076686501502991,Grad/qkv.lora_B,outputs_dev/vitb16/T=vtab_Q=3bit_L=lora_2_qkv-fc1-proj-fc2/cifar/20260114184203_default_acc=53.50/tensorboard/Grad_qkv.lora_B_block_5/events.out.tfevents.1768387346.master-192-168-8-48.1680.3,qkv.lora_B,5
1768387688.40707,516,16.15625,0.27961429953575134,Grad/qkv.lora_B,outputs_dev/vitb16/T=vtab_Q=3bit_L=lora_2_qkv-fc1-proj-fc2/cifar/20260114184203_default_acc=53.50/tensorboard/Grad_qkv.lora_B_block_5/events.out.tfevents.1768387346.master-192-168-8-48.1680.3,qkv.lora_B,5
1768387688.8366528,517,16.1875,0.42523929476737976,Grad/qkv.lora_B,outputs_dev/vitb16/T=vtab_Q=3bit_L=lora_2_qkv-fc1-proj-fc2/cifar/20260114184203_default_acc=53.50/tensorboard/Grad_qkv.lora_B_block_5/events.out.tfevents.1768387346.master-192-168-8-48.1680.3,qkv.lora_B,5
1768387689.2660584,518,16.21875,0.36165252327919006,Grad/qkv.lora_B,outputs_dev/vitb16/T=vtab_Q=3bit_L=lora_2_qkv-fc1-proj-fc2/cifar/20260114184203_default_acc=53.50/tensorboard/Grad_qkv.lora_B_block_5/events.out.tfevents.1768387346.master-192-168-8-48.1680.3,qkv.lora_B,5
1768387689.6988764,519,16.25,0.3452743589878082,Grad/qkv.lora_B,outputs_dev/vitb16/T=vtab_Q=3bit_L=lora_2_qkv-fc1-proj-fc2/cifar/20260114184203_default_acc=53.50/tensorboard/Grad_qkv.lora_B_block_5/events.out.tfevents.1768387346.master-192-168-8-48.1680.3,qkv.lora_B,5
1768387690.14876,520,16.28125,0.40690872073173523,Grad/qkv.lora_B,outputs_dev/vitb16/T=vtab_Q=3bit_L=lora_2_qkv-fc1-proj-fc2/cifar/20260114184203_default_acc=53.50/tensorboard/Grad_qkv.lora_B_block_5/events.out.tfevents.1768387346.master-192-168-8-48.1680.3,qkv.lora_B,5
1768387690.574452,521,16.3125,0.2960089445114136,Grad/qkv.lora_B,outputs_dev/vitb16/T=vtab_Q=3bit_L=lora_2_qkv-fc1-proj-fc2/cifar/20260114184203_default_acc=53.50/tensorboard/Grad_qkv.lora_B_block_5/events.out.tfevents.1768387346.master-192-168-8-48.1680.3,qkv.lora_B,5
1768387691.0126407,522,16.34375,0.3303998112678528,Grad/qkv.lora_B,outputs_dev/vitb16/T=vtab_Q=3bit_L=lora_2_qkv-fc1-proj-fc2/cifar/20260114184203_default_acc=53.50/tensorboard/Grad_qkv.lora_B_block_5/events.out.tfevents.1768387346.master-192-168-8-48.1680.3,qkv.lora_B,5
1768387691.441174,523,16.375,0.40354031324386597,Grad/qkv.lora_B,outputs_dev/vitb16/T=vtab_Q=3bit_L=lora_2_qkv-fc1-proj-fc2/cifar/20260114184203_default_acc=53.50/tensorboard/Grad_qkv.lora_B_block_5/events.out.tfevents.1768387346.master-192-168-8-48.1680.3,qkv.lora_B,5
1768387691.865605,524,16.40625,0.2826608121395111,Grad/qkv.lora_B,outputs_dev/vitb16/T=vtab_Q=3bit_L=lora_2_qkv-fc1-proj-fc2/cifar/20260114184203_default_acc=53.50/tensorboard/Grad_qkv.lora_B_block_5/events.out.tfevents.1768387346.master-192-168-8-48.1680.3,qkv.lora_B,5
1768387692.290922,525,16.4375,0.44079676270484924,Grad/qkv.lora_B,outputs_dev/vitb16/T=vtab_Q=3bit_L=lora_2_qkv-fc1-proj-fc2/cifar/20260114184203_default_acc=53.50/tensorboard/Grad_qkv.lora_B_block_5/events.out.tfevents.1768387346.master-192-168-8-48.1680.3,qkv.lora_B,5
1768387692.700847,526,16.46875,0.24115121364593506,Grad/qkv.lora_B,outputs_dev/vitb16/T=vtab_Q=3bit_L=lora_2_qkv-fc1-proj-fc2/cifar/20260114184203_default_acc=53.50/tensorboard/Grad_qkv.lora_B_block_5/events.out.tfevents.1768387346.master-192-168-8-48.1680.3,qkv.lora_B,5
1768387693.1419852,527,16.5,0.36449602246284485,Grad/qkv.lora_B,outputs_dev/vitb16/T=vtab_Q=3bit_L=lora_2_qkv-fc1-proj-fc2/cifar/20260114184203_default_acc=53.50/tensorboard/Grad_qkv.lora_B_block_5/events.out.tfevents.1768387346.master-192-168-8-48.1680.3,qkv.lora_B,5
1768387693.5775204,528,16.53125,0.3906240463256836,Grad/qkv.lora_B,outputs_dev/vitb16/T=vtab_Q=3bit_L=lora_2_qkv-fc1-proj-fc2/cifar/20260114184203_default_acc=53.50/tensorboard/Grad_qkv.lora_B_block_5/events.out.tfevents.1768387346.master-192-168-8-48.1680.3,qkv.lora_B,5
1768387694.014553,529,16.5625,0.2419915497303009,Grad/qkv.lora_B,outputs_dev/vitb16/T=vtab_Q=3bit_L=lora_2_qkv-fc1-proj-fc2/cifar/20260114184203_default_acc=53.50/tensorboard/Grad_qkv.lora_B_block_5/events.out.tfevents.1768387346.master-192-168-8-48.1680.3,qkv.lora_B,5
1768387694.450947,530,16.59375,0.2963188886642456,Grad/qkv.lora_B,outputs_dev/vitb16/T=vtab_Q=3bit_L=lora_2_qkv-fc1-proj-fc2/cifar/20260114184203_default_acc=53.50/tensorboard/Grad_qkv.lora_B_block_5/events.out.tfevents.1768387346.master-192-168-8-48.1680.3,qkv.lora_B,5
1768387694.8921814,531,16.625,0.28875094652175903,Grad/qkv.lora_B,outputs_dev/vitb16/T=vtab_Q=3bit_L=lora_2_qkv-fc1-proj-fc2/cifar/20260114184203_default_acc=53.50/tensorboard/Grad_qkv.lora_B_block_5/events.out.tfevents.1768387346.master-192-168-8-48.1680.3,qkv.lora_B,5
1768387695.3191013,532,16.65625,0.2914973795413971,Grad/qkv.lora_B,outputs_dev/vitb16/T=vtab_Q=3bit_L=lora_2_qkv-fc1-proj-fc2/cifar/20260114184203_default_acc=53.50/tensorboard/Grad_qkv.lora_B_block_5/events.out.tfevents.1768387346.master-192-168-8-48.1680.3,qkv.lora_B,5
1768387695.7649517,533,16.6875,0.36768803000450134,Grad/qkv.lora_B,outputs_dev/vitb16/T=vtab_Q=3bit_L=lora_2_qkv-fc1-proj-fc2/cifar/20260114184203_default_acc=53.50/tensorboard/Grad_qkv.lora_B_block_5/events.out.tfevents.1768387346.master-192-168-8-48.1680.3,qkv.lora_B,5
1768387696.1945863,534,16.71875,0.3375432789325714,Grad/qkv.lora_B,outputs_dev/vitb16/T=vtab_Q=3bit_L=lora_2_qkv-fc1-proj-fc2/cifar/20260114184203_default_acc=53.50/tensorboard/Grad_qkv.lora_B_block_5/events.out.tfevents.1768387346.master-192-168-8-48.1680.3,qkv.lora_B,5
1768387696.6199818,535,16.75,0.3313407301902771,Grad/qkv.lora_B,outputs_dev/vitb16/T=vtab_Q=3bit_L=lora_2_qkv-fc1-proj-fc2/cifar/20260114184203_default_acc=53.50/tensorboard/Grad_qkv.lora_B_block_5/events.out.tfevents.1768387346.master-192-168-8-48.1680.3,qkv.lora_B,5
1768387697.0454183,536,16.78125,0.38128334283828735,Grad/qkv.lora_B,outputs_dev/vitb16/T=vtab_Q=3bit_L=lora_2_qkv-fc1-proj-fc2/cifar/20260114184203_default_acc=53.50/tensorboard/Grad_qkv.lora_B_block_5/events.out.tfevents.1768387346.master-192-168-8-48.1680.3,qkv.lora_B,5
1768387697.4691522,537,16.8125,0.24320891499519348,Grad/qkv.lora_B,outputs_dev/vitb16/T=vtab_Q=3bit_L=lora_2_qkv-fc1-proj-fc2/cifar/20260114184203_default_acc=53.50/tensorboard/Grad_qkv.lora_B_block_5/events.out.tfevents.1768387346.master-192-168-8-48.1680.3,qkv.lora_B,5
1768387697.8954365,538,16.84375,0.4893135130405426,Grad/qkv.lora_B,outputs_dev/vitb16/T=vtab_Q=3bit_L=lora_2_qkv-fc1-proj-fc2/cifar/20260114184203_default_acc=53.50/tensorboard/Grad_qkv.lora_B_block_5/events.out.tfevents.1768387346.master-192-168-8-48.1680.3,qkv.lora_B,5
1768387698.320315,539,16.875,0.338713139295578,Grad/qkv.lora_B,outputs_dev/vitb16/T=vtab_Q=3bit_L=lora_2_qkv-fc1-proj-fc2/cifar/20260114184203_default_acc=53.50/tensorboard/Grad_qkv.lora_B_block_5/events.out.tfevents.1768387346.master-192-168-8-48.1680.3,qkv.lora_B,5
1768387698.7499697,540,16.90625,0.43648427724838257,Grad/qkv.lora_B,outputs_dev/vitb16/T=vtab_Q=3bit_L=lora_2_qkv-fc1-proj-fc2/cifar/20260114184203_default_acc=53.50/tensorboard/Grad_qkv.lora_B_block_5/events.out.tfevents.1768387346.master-192-168-8-48.1680.3,qkv.lora_B,5
1768387699.1744232,541,16.9375,0.23610499501228333,Grad/qkv.lora_B,outputs_dev/vitb16/T=vtab_Q=3bit_L=lora_2_qkv-fc1-proj-fc2/cifar/20260114184203_default_acc=53.50/tensorboard/Grad_qkv.lora_B_block_5/events.out.tfevents.1768387346.master-192-168-8-48.1680.3,qkv.lora_B,5
1768387699.6017275,542,16.96875,0.27024558186531067,Grad/qkv.lora_B,outputs_dev/vitb16/T=vtab_Q=3bit_L=lora_2_qkv-fc1-proj-fc2/cifar/20260114184203_default_acc=53.50/tensorboard/Grad_qkv.lora_B_block_5/events.out.tfevents.1768387346.master-192-168-8-48.1680.3,qkv.lora_B,5
1768387699.8034184,543,17.0,0.46024543046951294,Grad/qkv.lora_B,outputs_dev/vitb16/T=vtab_Q=3bit_L=lora_2_qkv-fc1-proj-fc2/cifar/20260114184203_default_acc=53.50/tensorboard/Grad_qkv.lora_B_block_5/events.out.tfevents.1768387346.master-192-168-8-48.1680.3,qkv.lora_B,5
1768387700.4506688,544,17.03125,0.2041671723127365,Grad/qkv.lora_B,outputs_dev/vitb16/T=vtab_Q=3bit_L=lora_2_qkv-fc1-proj-fc2/cifar/20260114184203_default_acc=53.50/tensorboard/Grad_qkv.lora_B_block_5/events.out.tfevents.1768387346.master-192-168-8-48.1680.3,qkv.lora_B,5
1768387700.8622708,545,17.0625,0.2733091115951538,Grad/qkv.lora_B,outputs_dev/vitb16/T=vtab_Q=3bit_L=lora_2_qkv-fc1-proj-fc2/cifar/20260114184203_default_acc=53.50/tensorboard/Grad_qkv.lora_B_block_5/events.out.tfevents.1768387346.master-192-168-8-48.1680.3,qkv.lora_B,5
1768387701.2873318,546,17.09375,0.3041815161705017,Grad/qkv.lora_B,outputs_dev/vitb16/T=vtab_Q=3bit_L=lora_2_qkv-fc1-proj-fc2/cifar/20260114184203_default_acc=53.50/tensorboard/Grad_qkv.lora_B_block_5/events.out.tfevents.1768387346.master-192-168-8-48.1680.3,qkv.lora_B,5
1768387701.712272,547,17.125,0.20549331605434418,Grad/qkv.lora_B,outputs_dev/vitb16/T=vtab_Q=3bit_L=lora_2_qkv-fc1-proj-fc2/cifar/20260114184203_default_acc=53.50/tensorboard/Grad_qkv.lora_B_block_5/events.out.tfevents.1768387346.master-192-168-8-48.1680.3,qkv.lora_B,5
1768387702.13955,548,17.15625,0.3259015679359436,Grad/qkv.lora_B,outputs_dev/vitb16/T=vtab_Q=3bit_L=lora_2_qkv-fc1-proj-fc2/cifar/20260114184203_default_acc=53.50/tensorboard/Grad_qkv.lora_B_block_5/events.out.tfevents.1768387346.master-192-168-8-48.1680.3,qkv.lora_B,5
1768387702.5663526,549,17.1875,0.30043667554855347,Grad/qkv.lora_B,outputs_dev/vitb16/T=vtab_Q=3bit_L=lora_2_qkv-fc1-proj-fc2/cifar/20260114184203_default_acc=53.50/tensorboard/Grad_qkv.lora_B_block_5/events.out.tfevents.1768387346.master-192-168-8-48.1680.3,qkv.lora_B,5
1768387703.0144978,550,17.21875,0.2687879502773285,Grad/qkv.lora_B,outputs_dev/vitb16/T=vtab_Q=3bit_L=lora_2_qkv-fc1-proj-fc2/cifar/20260114184203_default_acc=53.50/tensorboard/Grad_qkv.lora_B_block_5/events.out.tfevents.1768387346.master-192-168-8-48.1680.3,qkv.lora_B,5
1768387703.4374864,551,17.25,0.39733150601387024,Grad/qkv.lora_B,outputs_dev/vitb16/T=vtab_Q=3bit_L=lora_2_qkv-fc1-proj-fc2/cifar/20260114184203_default_acc=53.50/tensorboard/Grad_qkv.lora_B_block_5/events.out.tfevents.1768387346.master-192-168-8-48.1680.3,qkv.lora_B,5
1768387703.8618827,552,17.28125,0.25426802039146423,Grad/qkv.lora_B,outputs_dev/vitb16/T=vtab_Q=3bit_L=lora_2_qkv-fc1-proj-fc2/cifar/20260114184203_default_acc=53.50/tensorboard/Grad_qkv.lora_B_block_5/events.out.tfevents.1768387346.master-192-168-8-48.1680.3,qkv.lora_B,5
1768387704.2868247,553,17.3125,0.34119293093681335,Grad/qkv.lora_B,outputs_dev/vitb16/T=vtab_Q=3bit_L=lora_2_qkv-fc1-proj-fc2/cifar/20260114184203_default_acc=53.50/tensorboard/Grad_qkv.lora_B_block_5/events.out.tfevents.1768387346.master-192-168-8-48.1680.3,qkv.lora_B,5
1768387704.7091026,554,17.34375,0.43427056074142456,Grad/qkv.lora_B,outputs_dev/vitb16/T=vtab_Q=3bit_L=lora_2_qkv-fc1-proj-fc2/cifar/20260114184203_default_acc=53.50/tensorboard/Grad_qkv.lora_B_block_5/events.out.tfevents.1768387346.master-192-168-8-48.1680.3,qkv.lora_B,5
1768387705.1362834,555,17.375,0.29709842801094055,Grad/qkv.lora_B,outputs_dev/vitb16/T=vtab_Q=3bit_L=lora_2_qkv-fc1-proj-fc2/cifar/20260114184203_default_acc=53.50/tensorboard/Grad_qkv.lora_B_block_5/events.out.tfevents.1768387346.master-192-168-8-48.1680.3,qkv.lora_B,5
1768387705.5600433,556,17.40625,0.27652594447135925,Grad/qkv.lora_B,outputs_dev/vitb16/T=vtab_Q=3bit_L=lora_2_qkv-fc1-proj-fc2/cifar/20260114184203_default_acc=53.50/tensorboard/Grad_qkv.lora_B_block_5/events.out.tfevents.1768387346.master-192-168-8-48.1680.3,qkv.lora_B,5
1768387705.9688675,557,17.4375,0.3033500015735626,Grad/qkv.lora_B,outputs_dev/vitb16/T=vtab_Q=3bit_L=lora_2_qkv-fc1-proj-fc2/cifar/20260114184203_default_acc=53.50/tensorboard/Grad_qkv.lora_B_block_5/events.out.tfevents.1768387346.master-192-168-8-48.1680.3,qkv.lora_B,5
1768387706.3900294,558,17.46875,0.3206704258918762,Grad/qkv.lora_B,outputs_dev/vitb16/T=vtab_Q=3bit_L=lora_2_qkv-fc1-proj-fc2/cifar/20260114184203_default_acc=53.50/tensorboard/Grad_qkv.lora_B_block_5/events.out.tfevents.1768387346.master-192-168-8-48.1680.3,qkv.lora_B,5
1768387706.8138027,559,17.5,0.27224424481391907,Grad/qkv.lora_B,outputs_dev/vitb16/T=vtab_Q=3bit_L=lora_2_qkv-fc1-proj-fc2/cifar/20260114184203_default_acc=53.50/tensorboard/Grad_qkv.lora_B_block_5/events.out.tfevents.1768387346.master-192-168-8-48.1680.3,qkv.lora_B,5
1768387707.2344737,560,17.53125,0.32901060581207275,Grad/qkv.lora_B,outputs_dev/vitb16/T=vtab_Q=3bit_L=lora_2_qkv-fc1-proj-fc2/cifar/20260114184203_default_acc=53.50/tensorboard/Grad_qkv.lora_B_block_5/events.out.tfevents.1768387346.master-192-168-8-48.1680.3,qkv.lora_B,5
1768387707.658096,561,17.5625,0.48296669125556946,Grad/qkv.lora_B,outputs_dev/vitb16/T=vtab_Q=3bit_L=lora_2_qkv-fc1-proj-fc2/cifar/20260114184203_default_acc=53.50/tensorboard/Grad_qkv.lora_B_block_5/events.out.tfevents.1768387346.master-192-168-8-48.1680.3,qkv.lora_B,5
1768387708.0801003,562,17.59375,0.27719441056251526,Grad/qkv.lora_B,outputs_dev/vitb16/T=vtab_Q=3bit_L=lora_2_qkv-fc1-proj-fc2/cifar/20260114184203_default_acc=53.50/tensorboard/Grad_qkv.lora_B_block_5/events.out.tfevents.1768387346.master-192-168-8-48.1680.3,qkv.lora_B,5
1768387708.490222,563,17.625,0.2736559212207794,Grad/qkv.lora_B,outputs_dev/vitb16/T=vtab_Q=3bit_L=lora_2_qkv-fc1-proj-fc2/cifar/20260114184203_default_acc=53.50/tensorboard/Grad_qkv.lora_B_block_5/events.out.tfevents.1768387346.master-192-168-8-48.1680.3,qkv.lora_B,5
1768387708.911905,564,17.65625,0.34156322479248047,Grad/qkv.lora_B,outputs_dev/vitb16/T=vtab_Q=3bit_L=lora_2_qkv-fc1-proj-fc2/cifar/20260114184203_default_acc=53.50/tensorboard/Grad_qkv.lora_B_block_5/events.out.tfevents.1768387346.master-192-168-8-48.1680.3,qkv.lora_B,5
1768387709.3373315,565,17.6875,0.48715081810951233,Grad/qkv.lora_B,outputs_dev/vitb16/T=vtab_Q=3bit_L=lora_2_qkv-fc1-proj-fc2/cifar/20260114184203_default_acc=53.50/tensorboard/Grad_qkv.lora_B_block_5/events.out.tfevents.1768387346.master-192-168-8-48.1680.3,qkv.lora_B,5
1768387709.7619715,566,17.71875,0.2638634741306305,Grad/qkv.lora_B,outputs_dev/vitb16/T=vtab_Q=3bit_L=lora_2_qkv-fc1-proj-fc2/cifar/20260114184203_default_acc=53.50/tensorboard/Grad_qkv.lora_B_block_5/events.out.tfevents.1768387346.master-192-168-8-48.1680.3,qkv.lora_B,5
1768387710.1846423,567,17.75,0.3016452193260193,Grad/qkv.lora_B,outputs_dev/vitb16/T=vtab_Q=3bit_L=lora_2_qkv-fc1-proj-fc2/cifar/20260114184203_default_acc=53.50/tensorboard/Grad_qkv.lora_B_block_5/events.out.tfevents.1768387346.master-192-168-8-48.1680.3,qkv.lora_B,5
1768387710.6099963,568,17.78125,0.46024176478385925,Grad/qkv.lora_B,outputs_dev/vitb16/T=vtab_Q=3bit_L=lora_2_qkv-fc1-proj-fc2/cifar/20260114184203_default_acc=53.50/tensorboard/Grad_qkv.lora_B_block_5/events.out.tfevents.1768387346.master-192-168-8-48.1680.3,qkv.lora_B,5
1768387711.0351539,569,17.8125,0.41377103328704834,Grad/qkv.lora_B,outputs_dev/vitb16/T=vtab_Q=3bit_L=lora_2_qkv-fc1-proj-fc2/cifar/20260114184203_default_acc=53.50/tensorboard/Grad_qkv.lora_B_block_5/events.out.tfevents.1768387346.master-192-168-8-48.1680.3,qkv.lora_B,5
1768387711.4586024,570,17.84375,0.29853561520576477,Grad/qkv.lora_B,outputs_dev/vitb16/T=vtab_Q=3bit_L=lora_2_qkv-fc1-proj-fc2/cifar/20260114184203_default_acc=53.50/tensorboard/Grad_qkv.lora_B_block_5/events.out.tfevents.1768387346.master-192-168-8-48.1680.3,qkv.lora_B,5
1768387711.8827226,571,17.875,0.274428129196167,Grad/qkv.lora_B,outputs_dev/vitb16/T=vtab_Q=3bit_L=lora_2_qkv-fc1-proj-fc2/cifar/20260114184203_default_acc=53.50/tensorboard/Grad_qkv.lora_B_block_5/events.out.tfevents.1768387346.master-192-168-8-48.1680.3,qkv.lora_B,5
1768387712.3083353,572,17.90625,0.3934904932975769,Grad/qkv.lora_B,outputs_dev/vitb16/T=vtab_Q=3bit_L=lora_2_qkv-fc1-proj-fc2/cifar/20260114184203_default_acc=53.50/tensorboard/Grad_qkv.lora_B_block_5/events.out.tfevents.1768387346.master-192-168-8-48.1680.3,qkv.lora_B,5
1768387712.730882,573,17.9375,0.2771865427494049,Grad/qkv.lora_B,outputs_dev/vitb16/T=vtab_Q=3bit_L=lora_2_qkv-fc1-proj-fc2/cifar/20260114184203_default_acc=53.50/tensorboard/Grad_qkv.lora_B_block_5/events.out.tfevents.1768387346.master-192-168-8-48.1680.3,qkv.lora_B,5
1768387713.1552937,574,17.96875,0.4191068708896637,Grad/qkv.lora_B,outputs_dev/vitb16/T=vtab_Q=3bit_L=lora_2_qkv-fc1-proj-fc2/cifar/20260114184203_default_acc=53.50/tensorboard/Grad_qkv.lora_B_block_5/events.out.tfevents.1768387346.master-192-168-8-48.1680.3,qkv.lora_B,5
1768387713.3637962,575,18.0,0.6826248168945312,Grad/qkv.lora_B,outputs_dev/vitb16/T=vtab_Q=3bit_L=lora_2_qkv-fc1-proj-fc2/cifar/20260114184203_default_acc=53.50/tensorboard/Grad_qkv.lora_B_block_5/events.out.tfevents.1768387346.master-192-168-8-48.1680.3,qkv.lora_B,5
1768387714.0540047,576,18.03125,0.2013319879770279,Grad/qkv.lora_B,outputs_dev/vitb16/T=vtab_Q=3bit_L=lora_2_qkv-fc1-proj-fc2/cifar/20260114184203_default_acc=53.50/tensorboard/Grad_qkv.lora_B_block_5/events.out.tfevents.1768387346.master-192-168-8-48.1680.3,qkv.lora_B,5
1768387714.4989858,577,18.0625,0.4291234612464905,Grad/qkv.lora_B,outputs_dev/vitb16/T=vtab_Q=3bit_L=lora_2_qkv-fc1-proj-fc2/cifar/20260114184203_default_acc=53.50/tensorboard/Grad_qkv.lora_B_block_5/events.out.tfevents.1768387346.master-192-168-8-48.1680.3,qkv.lora_B,5
1768387714.9290433,578,18.09375,0.5240640044212341,Grad/qkv.lora_B,outputs_dev/vitb16/T=vtab_Q=3bit_L=lora_2_qkv-fc1-proj-fc2/cifar/20260114184203_default_acc=53.50/tensorboard/Grad_qkv.lora_B_block_5/events.out.tfevents.1768387346.master-192-168-8-48.1680.3,qkv.lora_B,5
1768387715.3710213,579,18.125,0.2964128255844116,Grad/qkv.lora_B,outputs_dev/vitb16/T=vtab_Q=3bit_L=lora_2_qkv-fc1-proj-fc2/cifar/20260114184203_default_acc=53.50/tensorboard/Grad_qkv.lora_B_block_5/events.out.tfevents.1768387346.master-192-168-8-48.1680.3,qkv.lora_B,5
1768387715.812529,580,18.15625,0.2947951853275299,Grad/qkv.lora_B,outputs_dev/vitb16/T=vtab_Q=3bit_L=lora_2_qkv-fc1-proj-fc2/cifar/20260114184203_default_acc=53.50/tensorboard/Grad_qkv.lora_B_block_5/events.out.tfevents.1768387346.master-192-168-8-48.1680.3,qkv.lora_B,5
1768387716.243274,581,18.1875,0.4470551908016205,Grad/qkv.lora_B,outputs_dev/vitb16/T=vtab_Q=3bit_L=lora_2_qkv-fc1-proj-fc2/cifar/20260114184203_default_acc=53.50/tensorboard/Grad_qkv.lora_B_block_5/events.out.tfevents.1768387346.master-192-168-8-48.1680.3,qkv.lora_B,5
1768387716.676741,582,18.21875,0.27367326617240906,Grad/qkv.lora_B,outputs_dev/vitb16/T=vtab_Q=3bit_L=lora_2_qkv-fc1-proj-fc2/cifar/20260114184203_default_acc=53.50/tensorboard/Grad_qkv.lora_B_block_5/events.out.tfevents.1768387346.master-192-168-8-48.1680.3,qkv.lora_B,5
1768387717.105853,583,18.25,0.2674581706523895,Grad/qkv.lora_B,outputs_dev/vitb16/T=vtab_Q=3bit_L=lora_2_qkv-fc1-proj-fc2/cifar/20260114184203_default_acc=53.50/tensorboard/Grad_qkv.lora_B_block_5/events.out.tfevents.1768387346.master-192-168-8-48.1680.3,qkv.lora_B,5
1768387717.5528226,584,18.28125,0.5310003757476807,Grad/qkv.lora_B,outputs_dev/vitb16/T=vtab_Q=3bit_L=lora_2_qkv-fc1-proj-fc2/cifar/20260114184203_default_acc=53.50/tensorboard/Grad_qkv.lora_B_block_5/events.out.tfevents.1768387346.master-192-168-8-48.1680.3,qkv.lora_B,5
1768387718.000294,585,18.3125,0.5477358102798462,Grad/qkv.lora_B,outputs_dev/vitb16/T=vtab_Q=3bit_L=lora_2_qkv-fc1-proj-fc2/cifar/20260114184203_default_acc=53.50/tensorboard/Grad_qkv.lora_B_block_5/events.out.tfevents.1768387346.master-192-168-8-48.1680.3,qkv.lora_B,5
1768387718.4295306,586,18.34375,0.43718111515045166,Grad/qkv.lora_B,outputs_dev/vitb16/T=vtab_Q=3bit_L=lora_2_qkv-fc1-proj-fc2/cifar/20260114184203_default_acc=53.50/tensorboard/Grad_qkv.lora_B_block_5/events.out.tfevents.1768387346.master-192-168-8-48.1680.3,qkv.lora_B,5
1768387718.8640292,587,18.375,0.25629347562789917,Grad/qkv.lora_B,outputs_dev/vitb16/T=vtab_Q=3bit_L=lora_2_qkv-fc1-proj-fc2/cifar/20260114184203_default_acc=53.50/tensorboard/Grad_qkv.lora_B_block_5/events.out.tfevents.1768387346.master-192-168-8-48.1680.3,qkv.lora_B,5
1768387719.305546,588,18.40625,0.47288891673088074,Grad/qkv.lora_B,outputs_dev/vitb16/T=vtab_Q=3bit_L=lora_2_qkv-fc1-proj-fc2/cifar/20260114184203_default_acc=53.50/tensorboard/Grad_qkv.lora_B_block_5/events.out.tfevents.1768387346.master-192-168-8-48.1680.3,qkv.lora_B,5
1768387719.733821,589,18.4375,0.39937978982925415,Grad/qkv.lora_B,outputs_dev/vitb16/T=vtab_Q=3bit_L=lora_2_qkv-fc1-proj-fc2/cifar/20260114184203_default_acc=53.50/tensorboard/Grad_qkv.lora_B_block_5/events.out.tfevents.1768387346.master-192-168-8-48.1680.3,qkv.lora_B,5
1768387720.1620097,590,18.46875,0.7144809365272522,Grad/qkv.lora_B,outputs_dev/vitb16/T=vtab_Q=3bit_L=lora_2_qkv-fc1-proj-fc2/cifar/20260114184203_default_acc=53.50/tensorboard/Grad_qkv.lora_B_block_5/events.out.tfevents.1768387346.master-192-168-8-48.1680.3,qkv.lora_B,5
1768387720.5894356,591,18.5,0.4087754487991333,Grad/qkv.lora_B,outputs_dev/vitb16/T=vtab_Q=3bit_L=lora_2_qkv-fc1-proj-fc2/cifar/20260114184203_default_acc=53.50/tensorboard/Grad_qkv.lora_B_block_5/events.out.tfevents.1768387346.master-192-168-8-48.1680.3,qkv.lora_B,5
1768387721.028672,592,18.53125,0.605464518070221,Grad/qkv.lora_B,outputs_dev/vitb16/T=vtab_Q=3bit_L=lora_2_qkv-fc1-proj-fc2/cifar/20260114184203_default_acc=53.50/tensorboard/Grad_qkv.lora_B_block_5/events.out.tfevents.1768387346.master-192-168-8-48.1680.3,qkv.lora_B,5
1768387721.457688,593,18.5625,0.4284558892250061,Grad/qkv.lora_B,outputs_dev/vitb16/T=vtab_Q=3bit_L=lora_2_qkv-fc1-proj-fc2/cifar/20260114184203_default_acc=53.50/tensorboard/Grad_qkv.lora_B_block_5/events.out.tfevents.1768387346.master-192-168-8-48.1680.3,qkv.lora_B,5
1768387721.9104402,594,18.59375,0.46787402033805847,Grad/qkv.lora_B,outputs_dev/vitb16/T=vtab_Q=3bit_L=lora_2_qkv-fc1-proj-fc2/cifar/20260114184203_default_acc=53.50/tensorboard/Grad_qkv.lora_B_block_5/events.out.tfevents.1768387346.master-192-168-8-48.1680.3,qkv.lora_B,5
1768387722.327238,595,18.625,0.5294814705848694,Grad/qkv.lora_B,outputs_dev/vitb16/T=vtab_Q=3bit_L=lora_2_qkv-fc1-proj-fc2/cifar/20260114184203_default_acc=53.50/tensorboard/Grad_qkv.lora_B_block_5/events.out.tfevents.1768387346.master-192-168-8-48.1680.3,qkv.lora_B,5
1768387722.7682915,596,18.65625,0.30479541420936584,Grad/qkv.lora_B,outputs_dev/vitb16/T=vtab_Q=3bit_L=lora_2_qkv-fc1-proj-fc2/cifar/20260114184203_default_acc=53.50/tensorboard/Grad_qkv.lora_B_block_5/events.out.tfevents.1768387346.master-192-168-8-48.1680.3,qkv.lora_B,5
1768387723.1928859,597,18.6875,0.2901063859462738,Grad/qkv.lora_B,outputs_dev/vitb16/T=vtab_Q=3bit_L=lora_2_qkv-fc1-proj-fc2/cifar/20260114184203_default_acc=53.50/tensorboard/Grad_qkv.lora_B_block_5/events.out.tfevents.1768387346.master-192-168-8-48.1680.3,qkv.lora_B,5
1768387723.6293294,598,18.71875,0.2536540627479553,Grad/qkv.lora_B,outputs_dev/vitb16/T=vtab_Q=3bit_L=lora_2_qkv-fc1-proj-fc2/cifar/20260114184203_default_acc=53.50/tensorboard/Grad_qkv.lora_B_block_5/events.out.tfevents.1768387346.master-192-168-8-48.1680.3,qkv.lora_B,5
1768387724.0531113,599,18.75,0.4855090081691742,Grad/qkv.lora_B,outputs_dev/vitb16/T=vtab_Q=3bit_L=lora_2_qkv-fc1-proj-fc2/cifar/20260114184203_default_acc=53.50/tensorboard/Grad_qkv.lora_B_block_5/events.out.tfevents.1768387346.master-192-168-8-48.1680.3,qkv.lora_B,5
1768387724.490269,600,18.78125,0.4111054837703705,Grad/qkv.lora_B,outputs_dev/vitb16/T=vtab_Q=3bit_L=lora_2_qkv-fc1-proj-fc2/cifar/20260114184203_default_acc=53.50/tensorboard/Grad_qkv.lora_B_block_5/events.out.tfevents.1768387346.master-192-168-8-48.1680.3,qkv.lora_B,5
1768387724.9137647,601,18.8125,0.28685230016708374,Grad/qkv.lora_B,outputs_dev/vitb16/T=vtab_Q=3bit_L=lora_2_qkv-fc1-proj-fc2/cifar/20260114184203_default_acc=53.50/tensorboard/Grad_qkv.lora_B_block_5/events.out.tfevents.1768387346.master-192-168-8-48.1680.3,qkv.lora_B,5
1768387725.3372838,602,18.84375,0.5425859093666077,Grad/qkv.lora_B,outputs_dev/vitb16/T=vtab_Q=3bit_L=lora_2_qkv-fc1-proj-fc2/cifar/20260114184203_default_acc=53.50/tensorboard/Grad_qkv.lora_B_block_5/events.out.tfevents.1768387346.master-192-168-8-48.1680.3,qkv.lora_B,5
1768387725.761857,603,18.875,0.3228969871997833,Grad/qkv.lora_B,outputs_dev/vitb16/T=vtab_Q=3bit_L=lora_2_qkv-fc1-proj-fc2/cifar/20260114184203_default_acc=53.50/tensorboard/Grad_qkv.lora_B_block_5/events.out.tfevents.1768387346.master-192-168-8-48.1680.3,qkv.lora_B,5
1768387726.1862912,604,18.90625,0.43846186995506287,Grad/qkv.lora_B,outputs_dev/vitb16/T=vtab_Q=3bit_L=lora_2_qkv-fc1-proj-fc2/cifar/20260114184203_default_acc=53.50/tensorboard/Grad_qkv.lora_B_block_5/events.out.tfevents.1768387346.master-192-168-8-48.1680.3,qkv.lora_B,5
1768387726.608344,605,18.9375,0.3756786584854126,Grad/qkv.lora_B,outputs_dev/vitb16/T=vtab_Q=3bit_L=lora_2_qkv-fc1-proj-fc2/cifar/20260114184203_default_acc=53.50/tensorboard/Grad_qkv.lora_B_block_5/events.out.tfevents.1768387346.master-192-168-8-48.1680.3,qkv.lora_B,5
1768387727.0337217,606,18.96875,0.4450906217098236,Grad/qkv.lora_B,outputs_dev/vitb16/T=vtab_Q=3bit_L=lora_2_qkv-fc1-proj-fc2/cifar/20260114184203_default_acc=53.50/tensorboard/Grad_qkv.lora_B_block_5/events.out.tfevents.1768387346.master-192-168-8-48.1680.3,qkv.lora_B,5
1768387727.2588744,607,19.0,0.5481117367744446,Grad/qkv.lora_B,outputs_dev/vitb16/T=vtab_Q=3bit_L=lora_2_qkv-fc1-proj-fc2/cifar/20260114184203_default_acc=53.50/tensorboard/Grad_qkv.lora_B_block_5/events.out.tfevents.1768387346.master-192-168-8-48.1680.3,qkv.lora_B,5
1768387727.9516287,608,19.03125,0.3826644718647003,Grad/qkv.lora_B,outputs_dev/vitb16/T=vtab_Q=3bit_L=lora_2_qkv-fc1-proj-fc2/cifar/20260114184203_default_acc=53.50/tensorboard/Grad_qkv.lora_B_block_5/events.out.tfevents.1768387346.master-192-168-8-48.1680.3,qkv.lora_B,5
1768387728.3846312,609,19.0625,0.32456791400909424,Grad/qkv.lora_B,outputs_dev/vitb16/T=vtab_Q=3bit_L=lora_2_qkv-fc1-proj-fc2/cifar/20260114184203_default_acc=53.50/tensorboard/Grad_qkv.lora_B_block_5/events.out.tfevents.1768387346.master-192-168-8-48.1680.3,qkv.lora_B,5
1768387728.829181,610,19.09375,0.28678256273269653,Grad/qkv.lora_B,outputs_dev/vitb16/T=vtab_Q=3bit_L=lora_2_qkv-fc1-proj-fc2/cifar/20260114184203_default_acc=53.50/tensorboard/Grad_qkv.lora_B_block_5/events.out.tfevents.1768387346.master-192-168-8-48.1680.3,qkv.lora_B,5
1768387729.2602224,611,19.125,0.310863733291626,Grad/qkv.lora_B,outputs_dev/vitb16/T=vtab_Q=3bit_L=lora_2_qkv-fc1-proj-fc2/cifar/20260114184203_default_acc=53.50/tensorboard/Grad_qkv.lora_B_block_5/events.out.tfevents.1768387346.master-192-168-8-48.1680.3,qkv.lora_B,5
1768387729.6850595,612,19.15625,0.251904159784317,Grad/qkv.lora_B,outputs_dev/vitb16/T=vtab_Q=3bit_L=lora_2_qkv-fc1-proj-fc2/cifar/20260114184203_default_acc=53.50/tensorboard/Grad_qkv.lora_B_block_5/events.out.tfevents.1768387346.master-192-168-8-48.1680.3,qkv.lora_B,5
1768387730.1132436,613,19.1875,0.4193645119667053,Grad/qkv.lora_B,outputs_dev/vitb16/T=vtab_Q=3bit_L=lora_2_qkv-fc1-proj-fc2/cifar/20260114184203_default_acc=53.50/tensorboard/Grad_qkv.lora_B_block_5/events.out.tfevents.1768387346.master-192-168-8-48.1680.3,qkv.lora_B,5
1768387730.5387855,614,19.21875,0.5370403528213501,Grad/qkv.lora_B,outputs_dev/vitb16/T=vtab_Q=3bit_L=lora_2_qkv-fc1-proj-fc2/cifar/20260114184203_default_acc=53.50/tensorboard/Grad_qkv.lora_B_block_5/events.out.tfevents.1768387346.master-192-168-8-48.1680.3,qkv.lora_B,5
1768387730.9666576,615,19.25,0.3274558186531067,Grad/qkv.lora_B,outputs_dev/vitb16/T=vtab_Q=3bit_L=lora_2_qkv-fc1-proj-fc2/cifar/20260114184203_default_acc=53.50/tensorboard/Grad_qkv.lora_B_block_5/events.out.tfevents.1768387346.master-192-168-8-48.1680.3,qkv.lora_B,5
1768387731.3996713,616,19.28125,0.44560855627059937,Grad/qkv.lora_B,outputs_dev/vitb16/T=vtab_Q=3bit_L=lora_2_qkv-fc1-proj-fc2/cifar/20260114184203_default_acc=53.50/tensorboard/Grad_qkv.lora_B_block_5/events.out.tfevents.1768387346.master-192-168-8-48.1680.3,qkv.lora_B,5
1768387731.8173594,617,19.3125,0.38482043147087097,Grad/qkv.lora_B,outputs_dev/vitb16/T=vtab_Q=3bit_L=lora_2_qkv-fc1-proj-fc2/cifar/20260114184203_default_acc=53.50/tensorboard/Grad_qkv.lora_B_block_5/events.out.tfevents.1768387346.master-192-168-8-48.1680.3,qkv.lora_B,5
1768387732.2443411,618,19.34375,0.5755155682563782,Grad/qkv.lora_B,outputs_dev/vitb16/T=vtab_Q=3bit_L=lora_2_qkv-fc1-proj-fc2/cifar/20260114184203_default_acc=53.50/tensorboard/Grad_qkv.lora_B_block_5/events.out.tfevents.1768387346.master-192-168-8-48.1680.3,qkv.lora_B,5
1768387732.675879,619,19.375,0.3890360891819,Grad/qkv.lora_B,outputs_dev/vitb16/T=vtab_Q=3bit_L=lora_2_qkv-fc1-proj-fc2/cifar/20260114184203_default_acc=53.50/tensorboard/Grad_qkv.lora_B_block_5/events.out.tfevents.1768387346.master-192-168-8-48.1680.3,qkv.lora_B,5
1768387733.1058338,620,19.40625,0.5214734673500061,Grad/qkv.lora_B,outputs_dev/vitb16/T=vtab_Q=3bit_L=lora_2_qkv-fc1-proj-fc2/cifar/20260114184203_default_acc=53.50/tensorboard/Grad_qkv.lora_B_block_5/events.out.tfevents.1768387346.master-192-168-8-48.1680.3,qkv.lora_B,5
1768387733.546994,621,19.4375,0.548163890838623,Grad/qkv.lora_B,outputs_dev/vitb16/T=vtab_Q=3bit_L=lora_2_qkv-fc1-proj-fc2/cifar/20260114184203_default_acc=53.50/tensorboard/Grad_qkv.lora_B_block_5/events.out.tfevents.1768387346.master-192-168-8-48.1680.3,qkv.lora_B,5
1768387733.9782555,622,19.46875,0.37235742807388306,Grad/qkv.lora_B,outputs_dev/vitb16/T=vtab_Q=3bit_L=lora_2_qkv-fc1-proj-fc2/cifar/20260114184203_default_acc=53.50/tensorboard/Grad_qkv.lora_B_block_5/events.out.tfevents.1768387346.master-192-168-8-48.1680.3,qkv.lora_B,5
1768387734.4078066,623,19.5,0.3574497699737549,Grad/qkv.lora_B,outputs_dev/vitb16/T=vtab_Q=3bit_L=lora_2_qkv-fc1-proj-fc2/cifar/20260114184203_default_acc=53.50/tensorboard/Grad_qkv.lora_B_block_5/events.out.tfevents.1768387346.master-192-168-8-48.1680.3,qkv.lora_B,5
1768387734.854935,624,19.53125,0.4261215627193451,Grad/qkv.lora_B,outputs_dev/vitb16/T=vtab_Q=3bit_L=lora_2_qkv-fc1-proj-fc2/cifar/20260114184203_default_acc=53.50/tensorboard/Grad_qkv.lora_B_block_5/events.out.tfevents.1768387346.master-192-168-8-48.1680.3,qkv.lora_B,5
1768387735.2845852,625,19.5625,0.4221079647541046,Grad/qkv.lora_B,outputs_dev/vitb16/T=vtab_Q=3bit_L=lora_2_qkv-fc1-proj-fc2/cifar/20260114184203_default_acc=53.50/tensorboard/Grad_qkv.lora_B_block_5/events.out.tfevents.1768387346.master-192-168-8-48.1680.3,qkv.lora_B,5
1768387735.7138603,626,19.59375,0.3376634120941162,Grad/qkv.lora_B,outputs_dev/vitb16/T=vtab_Q=3bit_L=lora_2_qkv-fc1-proj-fc2/cifar/20260114184203_default_acc=53.50/tensorboard/Grad_qkv.lora_B_block_5/events.out.tfevents.1768387346.master-192-168-8-48.1680.3,qkv.lora_B,5
1768387736.1424809,627,19.625,0.39013779163360596,Grad/qkv.lora_B,outputs_dev/vitb16/T=vtab_Q=3bit_L=lora_2_qkv-fc1-proj-fc2/cifar/20260114184203_default_acc=53.50/tensorboard/Grad_qkv.lora_B_block_5/events.out.tfevents.1768387346.master-192-168-8-48.1680.3,qkv.lora_B,5
1768387736.5701737,628,19.65625,0.44709131121635437,Grad/qkv.lora_B,outputs_dev/vitb16/T=vtab_Q=3bit_L=lora_2_qkv-fc1-proj-fc2/cifar/20260114184203_default_acc=53.50/tensorboard/Grad_qkv.lora_B_block_5/events.out.tfevents.1768387346.master-192-168-8-48.1680.3,qkv.lora_B,5
1768387737.0026274,629,19.6875,0.32361724972724915,Grad/qkv.lora_B,outputs_dev/vitb16/T=vtab_Q=3bit_L=lora_2_qkv-fc1-proj-fc2/cifar/20260114184203_default_acc=53.50/tensorboard/Grad_qkv.lora_B_block_5/events.out.tfevents.1768387346.master-192-168-8-48.1680.3,qkv.lora_B,5
1768387737.4332168,630,19.71875,0.4545481503009796,Grad/qkv.lora_B,outputs_dev/vitb16/T=vtab_Q=3bit_L=lora_2_qkv-fc1-proj-fc2/cifar/20260114184203_default_acc=53.50/tensorboard/Grad_qkv.lora_B_block_5/events.out.tfevents.1768387346.master-192-168-8-48.1680.3,qkv.lora_B,5
1768387737.862618,631,19.75,0.36869165301322937,Grad/qkv.lora_B,outputs_dev/vitb16/T=vtab_Q=3bit_L=lora_2_qkv-fc1-proj-fc2/cifar/20260114184203_default_acc=53.50/tensorboard/Grad_qkv.lora_B_block_5/events.out.tfevents.1768387346.master-192-168-8-48.1680.3,qkv.lora_B,5
1768387738.2889585,632,19.78125,0.6132898330688477,Grad/qkv.lora_B,outputs_dev/vitb16/T=vtab_Q=3bit_L=lora_2_qkv-fc1-proj-fc2/cifar/20260114184203_default_acc=53.50/tensorboard/Grad_qkv.lora_B_block_5/events.out.tfevents.1768387346.master-192-168-8-48.1680.3,qkv.lora_B,5
1768387738.7176614,633,19.8125,0.5205041766166687,Grad/qkv.lora_B,outputs_dev/vitb16/T=vtab_Q=3bit_L=lora_2_qkv-fc1-proj-fc2/cifar/20260114184203_default_acc=53.50/tensorboard/Grad_qkv.lora_B_block_5/events.out.tfevents.1768387346.master-192-168-8-48.1680.3,qkv.lora_B,5
1768387739.145617,634,19.84375,0.2742480933666229,Grad/qkv.lora_B,outputs_dev/vitb16/T=vtab_Q=3bit_L=lora_2_qkv-fc1-proj-fc2/cifar/20260114184203_default_acc=53.50/tensorboard/Grad_qkv.lora_B_block_5/events.out.tfevents.1768387346.master-192-168-8-48.1680.3,qkv.lora_B,5
1768387739.5738611,635,19.875,0.3009524345397949,Grad/qkv.lora_B,outputs_dev/vitb16/T=vtab_Q=3bit_L=lora_2_qkv-fc1-proj-fc2/cifar/20260114184203_default_acc=53.50/tensorboard/Grad_qkv.lora_B_block_5/events.out.tfevents.1768387346.master-192-168-8-48.1680.3,qkv.lora_B,5
1768387740.001886,636,19.90625,0.4362955093383789,Grad/qkv.lora_B,outputs_dev/vitb16/T=vtab_Q=3bit_L=lora_2_qkv-fc1-proj-fc2/cifar/20260114184203_default_acc=53.50/tensorboard/Grad_qkv.lora_B_block_5/events.out.tfevents.1768387346.master-192-168-8-48.1680.3,qkv.lora_B,5
1768387740.4308572,637,19.9375,0.43332549929618835,Grad/qkv.lora_B,outputs_dev/vitb16/T=vtab_Q=3bit_L=lora_2_qkv-fc1-proj-fc2/cifar/20260114184203_default_acc=53.50/tensorboard/Grad_qkv.lora_B_block_5/events.out.tfevents.1768387346.master-192-168-8-48.1680.3,qkv.lora_B,5
1768387740.8615065,638,19.96875,0.5913389325141907,Grad/qkv.lora_B,outputs_dev/vitb16/T=vtab_Q=3bit_L=lora_2_qkv-fc1-proj-fc2/cifar/20260114184203_default_acc=53.50/tensorboard/Grad_qkv.lora_B_block_5/events.out.tfevents.1768387346.master-192-168-8-48.1680.3,qkv.lora_B,5
1768387741.0798738,639,20.0,0.5601832270622253,Grad/qkv.lora_B,outputs_dev/vitb16/T=vtab_Q=3bit_L=lora_2_qkv-fc1-proj-fc2/cifar/20260114184203_default_acc=53.50/tensorboard/Grad_qkv.lora_B_block_5/events.out.tfevents.1768387346.master-192-168-8-48.1680.3,qkv.lora_B,5
1768387741.7944891,640,20.03125,0.3856528401374817,Grad/qkv.lora_B,outputs_dev/vitb16/T=vtab_Q=3bit_L=lora_2_qkv-fc1-proj-fc2/cifar/20260114184203_default_acc=53.50/tensorboard/Grad_qkv.lora_B_block_5/events.out.tfevents.1768387346.master-192-168-8-48.1680.3,qkv.lora_B,5
1768387742.2247746,641,20.0625,0.29109635949134827,Grad/qkv.lora_B,outputs_dev/vitb16/T=vtab_Q=3bit_L=lora_2_qkv-fc1-proj-fc2/cifar/20260114184203_default_acc=53.50/tensorboard/Grad_qkv.lora_B_block_5/events.out.tfevents.1768387346.master-192-168-8-48.1680.3,qkv.lora_B,5
1768387742.6531868,642,20.09375,0.47416168451309204,Grad/qkv.lora_B,outputs_dev/vitb16/T=vtab_Q=3bit_L=lora_2_qkv-fc1-proj-fc2/cifar/20260114184203_default_acc=53.50/tensorboard/Grad_qkv.lora_B_block_5/events.out.tfevents.1768387346.master-192-168-8-48.1680.3,qkv.lora_B,5
1768387743.0786402,643,20.125,0.4055822491645813,Grad/qkv.lora_B,outputs_dev/vitb16/T=vtab_Q=3bit_L=lora_2_qkv-fc1-proj-fc2/cifar/20260114184203_default_acc=53.50/tensorboard/Grad_qkv.lora_B_block_5/events.out.tfevents.1768387346.master-192-168-8-48.1680.3,qkv.lora_B,5
1768387743.5061667,644,20.15625,0.4348827600479126,Grad/qkv.lora_B,outputs_dev/vitb16/T=vtab_Q=3bit_L=lora_2_qkv-fc1-proj-fc2/cifar/20260114184203_default_acc=53.50/tensorboard/Grad_qkv.lora_B_block_5/events.out.tfevents.1768387346.master-192-168-8-48.1680.3,qkv.lora_B,5
1768387743.9598963,645,20.1875,0.2500092685222626,Grad/qkv.lora_B,outputs_dev/vitb16/T=vtab_Q=3bit_L=lora_2_qkv-fc1-proj-fc2/cifar/20260114184203_default_acc=53.50/tensorboard/Grad_qkv.lora_B_block_5/events.out.tfevents.1768387346.master-192-168-8-48.1680.3,qkv.lora_B,5
1768387744.404609,646,20.21875,0.33342045545578003,Grad/qkv.lora_B,outputs_dev/vitb16/T=vtab_Q=3bit_L=lora_2_qkv-fc1-proj-fc2/cifar/20260114184203_default_acc=53.50/tensorboard/Grad_qkv.lora_B_block_5/events.out.tfevents.1768387346.master-192-168-8-48.1680.3,qkv.lora_B,5
1768387744.832961,647,20.25,0.4137019217014313,Grad/qkv.lora_B,outputs_dev/vitb16/T=vtab_Q=3bit_L=lora_2_qkv-fc1-proj-fc2/cifar/20260114184203_default_acc=53.50/tensorboard/Grad_qkv.lora_B_block_5/events.out.tfevents.1768387346.master-192-168-8-48.1680.3,qkv.lora_B,5
1768387745.264996,648,20.28125,0.4020586609840393,Grad/qkv.lora_B,outputs_dev/vitb16/T=vtab_Q=3bit_L=lora_2_qkv-fc1-proj-fc2/cifar/20260114184203_default_acc=53.50/tensorboard/Grad_qkv.lora_B_block_5/events.out.tfevents.1768387346.master-192-168-8-48.1680.3,qkv.lora_B,5
1768387745.7043397,649,20.3125,0.5233137011528015,Grad/qkv.lora_B,outputs_dev/vitb16/T=vtab_Q=3bit_L=lora_2_qkv-fc1-proj-fc2/cifar/20260114184203_default_acc=53.50/tensorboard/Grad_qkv.lora_B_block_5/events.out.tfevents.1768387346.master-192-168-8-48.1680.3,qkv.lora_B,5
1768387746.1342402,650,20.34375,0.5754604339599609,Grad/qkv.lora_B,outputs_dev/vitb16/T=vtab_Q=3bit_L=lora_2_qkv-fc1-proj-fc2/cifar/20260114184203_default_acc=53.50/tensorboard/Grad_qkv.lora_B_block_5/events.out.tfevents.1768387346.master-192-168-8-48.1680.3,qkv.lora_B,5
1768387746.565038,651,20.375,0.2752114534378052,Grad/qkv.lora_B,outputs_dev/vitb16/T=vtab_Q=3bit_L=lora_2_qkv-fc1-proj-fc2/cifar/20260114184203_default_acc=53.50/tensorboard/Grad_qkv.lora_B_block_5/events.out.tfevents.1768387346.master-192-168-8-48.1680.3,qkv.lora_B,5
1768387746.9957416,652,20.40625,0.3208385407924652,Grad/qkv.lora_B,outputs_dev/vitb16/T=vtab_Q=3bit_L=lora_2_qkv-fc1-proj-fc2/cifar/20260114184203_default_acc=53.50/tensorboard/Grad_qkv.lora_B_block_5/events.out.tfevents.1768387346.master-192-168-8-48.1680.3,qkv.lora_B,5
1768387747.4255831,653,20.4375,0.7422194480895996,Grad/qkv.lora_B,outputs_dev/vitb16/T=vtab_Q=3bit_L=lora_2_qkv-fc1-proj-fc2/cifar/20260114184203_default_acc=53.50/tensorboard/Grad_qkv.lora_B_block_5/events.out.tfevents.1768387346.master-192-168-8-48.1680.3,qkv.lora_B,5
1768387747.8587084,654,20.46875,0.3303816318511963,Grad/qkv.lora_B,outputs_dev/vitb16/T=vtab_Q=3bit_L=lora_2_qkv-fc1-proj-fc2/cifar/20260114184203_default_acc=53.50/tensorboard/Grad_qkv.lora_B_block_5/events.out.tfevents.1768387346.master-192-168-8-48.1680.3,qkv.lora_B,5
1768387748.2867436,655,20.5,0.39259812235832214,Grad/qkv.lora_B,outputs_dev/vitb16/T=vtab_Q=3bit_L=lora_2_qkv-fc1-proj-fc2/cifar/20260114184203_default_acc=53.50/tensorboard/Grad_qkv.lora_B_block_5/events.out.tfevents.1768387346.master-192-168-8-48.1680.3,qkv.lora_B,5
1768387748.725936,656,20.53125,0.6237725019454956,Grad/qkv.lora_B,outputs_dev/vitb16/T=vtab_Q=3bit_L=lora_2_qkv-fc1-proj-fc2/cifar/20260114184203_default_acc=53.50/tensorboard/Grad_qkv.lora_B_block_5/events.out.tfevents.1768387346.master-192-168-8-48.1680.3,qkv.lora_B,5
1768387749.157002,657,20.5625,0.4038965702056885,Grad/qkv.lora_B,outputs_dev/vitb16/T=vtab_Q=3bit_L=lora_2_qkv-fc1-proj-fc2/cifar/20260114184203_default_acc=53.50/tensorboard/Grad_qkv.lora_B_block_5/events.out.tfevents.1768387346.master-192-168-8-48.1680.3,qkv.lora_B,5
1768387749.602687,658,20.59375,0.4353845715522766,Grad/qkv.lora_B,outputs_dev/vitb16/T=vtab_Q=3bit_L=lora_2_qkv-fc1-proj-fc2/cifar/20260114184203_default_acc=53.50/tensorboard/Grad_qkv.lora_B_block_5/events.out.tfevents.1768387346.master-192-168-8-48.1680.3,qkv.lora_B,5
1768387750.0501661,659,20.625,0.34523457288742065,Grad/qkv.lora_B,outputs_dev/vitb16/T=vtab_Q=3bit_L=lora_2_qkv-fc1-proj-fc2/cifar/20260114184203_default_acc=53.50/tensorboard/Grad_qkv.lora_B_block_5/events.out.tfevents.1768387346.master-192-168-8-48.1680.3,qkv.lora_B,5
1768387750.4817908,660,20.65625,0.27625349164009094,Grad/qkv.lora_B,outputs_dev/vitb16/T=vtab_Q=3bit_L=lora_2_qkv-fc1-proj-fc2/cifar/20260114184203_default_acc=53.50/tensorboard/Grad_qkv.lora_B_block_5/events.out.tfevents.1768387346.master-192-168-8-48.1680.3,qkv.lora_B,5
1768387750.9130461,661,20.6875,0.39945870637893677,Grad/qkv.lora_B,outputs_dev/vitb16/T=vtab_Q=3bit_L=lora_2_qkv-fc1-proj-fc2/cifar/20260114184203_default_acc=53.50/tensorboard/Grad_qkv.lora_B_block_5/events.out.tfevents.1768387346.master-192-168-8-48.1680.3,qkv.lora_B,5
1768387751.3412979,662,20.71875,0.38797324895858765,Grad/qkv.lora_B,outputs_dev/vitb16/T=vtab_Q=3bit_L=lora_2_qkv-fc1-proj-fc2/cifar/20260114184203_default_acc=53.50/tensorboard/Grad_qkv.lora_B_block_5/events.out.tfevents.1768387346.master-192-168-8-48.1680.3,qkv.lora_B,5
1768387751.801923,663,20.75,0.4595916271209717,Grad/qkv.lora_B,outputs_dev/vitb16/T=vtab_Q=3bit_L=lora_2_qkv-fc1-proj-fc2/cifar/20260114184203_default_acc=53.50/tensorboard/Grad_qkv.lora_B_block_5/events.out.tfevents.1768387346.master-192-168-8-48.1680.3,qkv.lora_B,5
1768387752.2276056,664,20.78125,0.3525259494781494,Grad/qkv.lora_B,outputs_dev/vitb16/T=vtab_Q=3bit_L=lora_2_qkv-fc1-proj-fc2/cifar/20260114184203_default_acc=53.50/tensorboard/Grad_qkv.lora_B_block_5/events.out.tfevents.1768387346.master-192-168-8-48.1680.3,qkv.lora_B,5
1768387752.666186,665,20.8125,0.342955082654953,Grad/qkv.lora_B,outputs_dev/vitb16/T=vtab_Q=3bit_L=lora_2_qkv-fc1-proj-fc2/cifar/20260114184203_default_acc=53.50/tensorboard/Grad_qkv.lora_B_block_5/events.out.tfevents.1768387346.master-192-168-8-48.1680.3,qkv.lora_B,5
1768387753.0893314,666,20.84375,0.369458943605423,Grad/qkv.lora_B,outputs_dev/vitb16/T=vtab_Q=3bit_L=lora_2_qkv-fc1-proj-fc2/cifar/20260114184203_default_acc=53.50/tensorboard/Grad_qkv.lora_B_block_5/events.out.tfevents.1768387346.master-192-168-8-48.1680.3,qkv.lora_B,5
1768387753.523815,667,20.875,0.3626207113265991,Grad/qkv.lora_B,outputs_dev/vitb16/T=vtab_Q=3bit_L=lora_2_qkv-fc1-proj-fc2/cifar/20260114184203_default_acc=53.50/tensorboard/Grad_qkv.lora_B_block_5/events.out.tfevents.1768387346.master-192-168-8-48.1680.3,qkv.lora_B,5
1768387753.9601803,668,20.90625,0.52326899766922,Grad/qkv.lora_B,outputs_dev/vitb16/T=vtab_Q=3bit_L=lora_2_qkv-fc1-proj-fc2/cifar/20260114184203_default_acc=53.50/tensorboard/Grad_qkv.lora_B_block_5/events.out.tfevents.1768387346.master-192-168-8-48.1680.3,qkv.lora_B,5
1768387754.3962402,669,20.9375,0.20761586725711823,Grad/qkv.lora_B,outputs_dev/vitb16/T=vtab_Q=3bit_L=lora_2_qkv-fc1-proj-fc2/cifar/20260114184203_default_acc=53.50/tensorboard/Grad_qkv.lora_B_block_5/events.out.tfevents.1768387346.master-192-168-8-48.1680.3,qkv.lora_B,5
1768387754.8201704,670,20.96875,0.3271365463733673,Grad/qkv.lora_B,outputs_dev/vitb16/T=vtab_Q=3bit_L=lora_2_qkv-fc1-proj-fc2/cifar/20260114184203_default_acc=53.50/tensorboard/Grad_qkv.lora_B_block_5/events.out.tfevents.1768387346.master-192-168-8-48.1680.3,qkv.lora_B,5
1768387755.027569,671,21.0,0.4094948172569275,Grad/qkv.lora_B,outputs_dev/vitb16/T=vtab_Q=3bit_L=lora_2_qkv-fc1-proj-fc2/cifar/20260114184203_default_acc=53.50/tensorboard/Grad_qkv.lora_B_block_5/events.out.tfevents.1768387346.master-192-168-8-48.1680.3,qkv.lora_B,5
1768387795.7898715,672,21.03125,0.4135203957557678,Grad/qkv.lora_B,outputs_dev/vitb16/T=vtab_Q=3bit_L=lora_2_qkv-fc1-proj-fc2/cifar/20260114184203_default_acc=53.50/tensorboard/Grad_qkv.lora_B_block_5/events.out.tfevents.1768387346.master-192-168-8-48.1680.3,qkv.lora_B,5
1768387796.215742,673,21.0625,0.5167884230613708,Grad/qkv.lora_B,outputs_dev/vitb16/T=vtab_Q=3bit_L=lora_2_qkv-fc1-proj-fc2/cifar/20260114184203_default_acc=53.50/tensorboard/Grad_qkv.lora_B_block_5/events.out.tfevents.1768387346.master-192-168-8-48.1680.3,qkv.lora_B,5
1768387796.646531,674,21.09375,0.35021281242370605,Grad/qkv.lora_B,outputs_dev/vitb16/T=vtab_Q=3bit_L=lora_2_qkv-fc1-proj-fc2/cifar/20260114184203_default_acc=53.50/tensorboard/Grad_qkv.lora_B_block_5/events.out.tfevents.1768387346.master-192-168-8-48.1680.3,qkv.lora_B,5
1768387797.072055,675,21.125,0.26975953578948975,Grad/qkv.lora_B,outputs_dev/vitb16/T=vtab_Q=3bit_L=lora_2_qkv-fc1-proj-fc2/cifar/20260114184203_default_acc=53.50/tensorboard/Grad_qkv.lora_B_block_5/events.out.tfevents.1768387346.master-192-168-8-48.1680.3,qkv.lora_B,5
1768387797.497343,676,21.15625,0.5518190860748291,Grad/qkv.lora_B,outputs_dev/vitb16/T=vtab_Q=3bit_L=lora_2_qkv-fc1-proj-fc2/cifar/20260114184203_default_acc=53.50/tensorboard/Grad_qkv.lora_B_block_5/events.out.tfevents.1768387346.master-192-168-8-48.1680.3,qkv.lora_B,5
1768387797.9236782,677,21.1875,0.37662187218666077,Grad/qkv.lora_B,outputs_dev/vitb16/T=vtab_Q=3bit_L=lora_2_qkv-fc1-proj-fc2/cifar/20260114184203_default_acc=53.50/tensorboard/Grad_qkv.lora_B_block_5/events.out.tfevents.1768387346.master-192-168-8-48.1680.3,qkv.lora_B,5
1768387798.358886,678,21.21875,0.48661357164382935,Grad/qkv.lora_B,outputs_dev/vitb16/T=vtab_Q=3bit_L=lora_2_qkv-fc1-proj-fc2/cifar/20260114184203_default_acc=53.50/tensorboard/Grad_qkv.lora_B_block_5/events.out.tfevents.1768387346.master-192-168-8-48.1680.3,qkv.lora_B,5
1768387798.79392,679,21.25,0.4539327025413513,Grad/qkv.lora_B,outputs_dev/vitb16/T=vtab_Q=3bit_L=lora_2_qkv-fc1-proj-fc2/cifar/20260114184203_default_acc=53.50/tensorboard/Grad_qkv.lora_B_block_5/events.out.tfevents.1768387346.master-192-168-8-48.1680.3,qkv.lora_B,5
1768387799.2200882,680,21.28125,0.4165019392967224,Grad/qkv.lora_B,outputs_dev/vitb16/T=vtab_Q=3bit_L=lora_2_qkv-fc1-proj-fc2/cifar/20260114184203_default_acc=53.50/tensorboard/Grad_qkv.lora_B_block_5/events.out.tfevents.1768387346.master-192-168-8-48.1680.3,qkv.lora_B,5
1768387799.6652844,681,21.3125,0.9244093298912048,Grad/qkv.lora_B,outputs_dev/vitb16/T=vtab_Q=3bit_L=lora_2_qkv-fc1-proj-fc2/cifar/20260114184203_default_acc=53.50/tensorboard/Grad_qkv.lora_B_block_5/events.out.tfevents.1768387346.master-192-168-8-48.1680.3,qkv.lora_B,5
1768387800.0931966,682,21.34375,0.38972577452659607,Grad/qkv.lora_B,outputs_dev/vitb16/T=vtab_Q=3bit_L=lora_2_qkv-fc1-proj-fc2/cifar/20260114184203_default_acc=53.50/tensorboard/Grad_qkv.lora_B_block_5/events.out.tfevents.1768387346.master-192-168-8-48.1680.3,qkv.lora_B,5
1768387800.5205696,683,21.375,0.4735252857208252,Grad/qkv.lora_B,outputs_dev/vitb16/T=vtab_Q=3bit_L=lora_2_qkv-fc1-proj-fc2/cifar/20260114184203_default_acc=53.50/tensorboard/Grad_qkv.lora_B_block_5/events.out.tfevents.1768387346.master-192-168-8-48.1680.3,qkv.lora_B,5
1768387800.945396,684,21.40625,0.5802240967750549,Grad/qkv.lora_B,outputs_dev/vitb16/T=vtab_Q=3bit_L=lora_2_qkv-fc1-proj-fc2/cifar/20260114184203_default_acc=53.50/tensorboard/Grad_qkv.lora_B_block_5/events.out.tfevents.1768387346.master-192-168-8-48.1680.3,qkv.lora_B,5
1768387801.3715954,685,21.4375,0.5706055164337158,Grad/qkv.lora_B,outputs_dev/vitb16/T=vtab_Q=3bit_L=lora_2_qkv-fc1-proj-fc2/cifar/20260114184203_default_acc=53.50/tensorboard/Grad_qkv.lora_B_block_5/events.out.tfevents.1768387346.master-192-168-8-48.1680.3,qkv.lora_B,5
1768387801.7940695,686,21.46875,0.45016488432884216,Grad/qkv.lora_B,outputs_dev/vitb16/T=vtab_Q=3bit_L=lora_2_qkv-fc1-proj-fc2/cifar/20260114184203_default_acc=53.50/tensorboard/Grad_qkv.lora_B_block_5/events.out.tfevents.1768387346.master-192-168-8-48.1680.3,qkv.lora_B,5
1768387802.219538,687,21.5,0.5143101215362549,Grad/qkv.lora_B,outputs_dev/vitb16/T=vtab_Q=3bit_L=lora_2_qkv-fc1-proj-fc2/cifar/20260114184203_default_acc=53.50/tensorboard/Grad_qkv.lora_B_block_5/events.out.tfevents.1768387346.master-192-168-8-48.1680.3,qkv.lora_B,5
1768387802.6434934,688,21.53125,0.5833920240402222,Grad/qkv.lora_B,outputs_dev/vitb16/T=vtab_Q=3bit_L=lora_2_qkv-fc1-proj-fc2/cifar/20260114184203_default_acc=53.50/tensorboard/Grad_qkv.lora_B_block_5/events.out.tfevents.1768387346.master-192-168-8-48.1680.3,qkv.lora_B,5
1768387803.065901,689,21.5625,0.39775827527046204,Grad/qkv.lora_B,outputs_dev/vitb16/T=vtab_Q=3bit_L=lora_2_qkv-fc1-proj-fc2/cifar/20260114184203_default_acc=53.50/tensorboard/Grad_qkv.lora_B_block_5/events.out.tfevents.1768387346.master-192-168-8-48.1680.3,qkv.lora_B,5
1768387803.4904418,690,21.59375,0.39156314730644226,Grad/qkv.lora_B,outputs_dev/vitb16/T=vtab_Q=3bit_L=lora_2_qkv-fc1-proj-fc2/cifar/20260114184203_default_acc=53.50/tensorboard/Grad_qkv.lora_B_block_5/events.out.tfevents.1768387346.master-192-168-8-48.1680.3,qkv.lora_B,5
1768387803.914113,691,21.625,0.31254562735557556,Grad/qkv.lora_B,outputs_dev/vitb16/T=vtab_Q=3bit_L=lora_2_qkv-fc1-proj-fc2/cifar/20260114184203_default_acc=53.50/tensorboard/Grad_qkv.lora_B_block_5/events.out.tfevents.1768387346.master-192-168-8-48.1680.3,qkv.lora_B,5
1768387804.338587,692,21.65625,0.37433290481567383,Grad/qkv.lora_B,outputs_dev/vitb16/T=vtab_Q=3bit_L=lora_2_qkv-fc1-proj-fc2/cifar/20260114184203_default_acc=53.50/tensorboard/Grad_qkv.lora_B_block_5/events.out.tfevents.1768387346.master-192-168-8-48.1680.3,qkv.lora_B,5
1768387804.763385,693,21.6875,0.35727205872535706,Grad/qkv.lora_B,outputs_dev/vitb16/T=vtab_Q=3bit_L=lora_2_qkv-fc1-proj-fc2/cifar/20260114184203_default_acc=53.50/tensorboard/Grad_qkv.lora_B_block_5/events.out.tfevents.1768387346.master-192-168-8-48.1680.3,qkv.lora_B,5
1768387805.1876314,694,21.71875,0.39193543791770935,Grad/qkv.lora_B,outputs_dev/vitb16/T=vtab_Q=3bit_L=lora_2_qkv-fc1-proj-fc2/cifar/20260114184203_default_acc=53.50/tensorboard/Grad_qkv.lora_B_block_5/events.out.tfevents.1768387346.master-192-168-8-48.1680.3,qkv.lora_B,5
1768387805.6116478,695,21.75,0.29067012667655945,Grad/qkv.lora_B,outputs_dev/vitb16/T=vtab_Q=3bit_L=lora_2_qkv-fc1-proj-fc2/cifar/20260114184203_default_acc=53.50/tensorboard/Grad_qkv.lora_B_block_5/events.out.tfevents.1768387346.master-192-168-8-48.1680.3,qkv.lora_B,5
1768387806.0362434,696,21.78125,0.32069993019104004,Grad/qkv.lora_B,outputs_dev/vitb16/T=vtab_Q=3bit_L=lora_2_qkv-fc1-proj-fc2/cifar/20260114184203_default_acc=53.50/tensorboard/Grad_qkv.lora_B_block_5/events.out.tfevents.1768387346.master-192-168-8-48.1680.3,qkv.lora_B,5
1768387806.4593558,697,21.8125,0.543171763420105,Grad/qkv.lora_B,outputs_dev/vitb16/T=vtab_Q=3bit_L=lora_2_qkv-fc1-proj-fc2/cifar/20260114184203_default_acc=53.50/tensorboard/Grad_qkv.lora_B_block_5/events.out.tfevents.1768387346.master-192-168-8-48.1680.3,qkv.lora_B,5
1768387806.8865728,698,21.84375,0.3816065490245819,Grad/qkv.lora_B,outputs_dev/vitb16/T=vtab_Q=3bit_L=lora_2_qkv-fc1-proj-fc2/cifar/20260114184203_default_acc=53.50/tensorboard/Grad_qkv.lora_B_block_5/events.out.tfevents.1768387346.master-192-168-8-48.1680.3,qkv.lora_B,5
1768387807.3220913,699,21.875,0.552155613899231,Grad/qkv.lora_B,outputs_dev/vitb16/T=vtab_Q=3bit_L=lora_2_qkv-fc1-proj-fc2/cifar/20260114184203_default_acc=53.50/tensorboard/Grad_qkv.lora_B_block_5/events.out.tfevents.1768387346.master-192-168-8-48.1680.3,qkv.lora_B,5
1768387807.7494147,700,21.90625,0.299286812543869,Grad/qkv.lora_B,outputs_dev/vitb16/T=vtab_Q=3bit_L=lora_2_qkv-fc1-proj-fc2/cifar/20260114184203_default_acc=53.50/tensorboard/Grad_qkv.lora_B_block_5/events.out.tfevents.1768387346.master-192-168-8-48.1680.3,qkv.lora_B,5
1768387808.1759198,701,21.9375,0.2966913878917694,Grad/qkv.lora_B,outputs_dev/vitb16/T=vtab_Q=3bit_L=lora_2_qkv-fc1-proj-fc2/cifar/20260114184203_default_acc=53.50/tensorboard/Grad_qkv.lora_B_block_5/events.out.tfevents.1768387346.master-192-168-8-48.1680.3,qkv.lora_B,5
1768387808.5999806,702,21.96875,0.48239025473594666,Grad/qkv.lora_B,outputs_dev/vitb16/T=vtab_Q=3bit_L=lora_2_qkv-fc1-proj-fc2/cifar/20260114184203_default_acc=53.50/tensorboard/Grad_qkv.lora_B_block_5/events.out.tfevents.1768387346.master-192-168-8-48.1680.3,qkv.lora_B,5
1768387808.7906563,703,22.0,0.7783237099647522,Grad/qkv.lora_B,outputs_dev/vitb16/T=vtab_Q=3bit_L=lora_2_qkv-fc1-proj-fc2/cifar/20260114184203_default_acc=53.50/tensorboard/Grad_qkv.lora_B_block_5/events.out.tfevents.1768387346.master-192-168-8-48.1680.3,qkv.lora_B,5
1768387809.6130736,704,22.03125,0.28767478466033936,Grad/qkv.lora_B,outputs_dev/vitb16/T=vtab_Q=3bit_L=lora_2_qkv-fc1-proj-fc2/cifar/20260114184203_default_acc=53.50/tensorboard/Grad_qkv.lora_B_block_5/events.out.tfevents.1768387346.master-192-168-8-48.1680.3,qkv.lora_B,5
1768387810.0556223,705,22.0625,0.3791123032569885,Grad/qkv.lora_B,outputs_dev/vitb16/T=vtab_Q=3bit_L=lora_2_qkv-fc1-proj-fc2/cifar/20260114184203_default_acc=53.50/tensorboard/Grad_qkv.lora_B_block_5/events.out.tfevents.1768387346.master-192-168-8-48.1680.3,qkv.lora_B,5
1768387810.5754178,706,22.09375,0.36192604899406433,Grad/qkv.lora_B,outputs_dev/vitb16/T=vtab_Q=3bit_L=lora_2_qkv-fc1-proj-fc2/cifar/20260114184203_default_acc=53.50/tensorboard/Grad_qkv.lora_B_block_5/events.out.tfevents.1768387346.master-192-168-8-48.1680.3,qkv.lora_B,5
1768387811.0009432,707,22.125,0.5013278126716614,Grad/qkv.lora_B,outputs_dev/vitb16/T=vtab_Q=3bit_L=lora_2_qkv-fc1-proj-fc2/cifar/20260114184203_default_acc=53.50/tensorboard/Grad_qkv.lora_B_block_5/events.out.tfevents.1768387346.master-192-168-8-48.1680.3,qkv.lora_B,5
1768387811.424871,708,22.15625,0.2985745966434479,Grad/qkv.lora_B,outputs_dev/vitb16/T=vtab_Q=3bit_L=lora_2_qkv-fc1-proj-fc2/cifar/20260114184203_default_acc=53.50/tensorboard/Grad_qkv.lora_B_block_5/events.out.tfevents.1768387346.master-192-168-8-48.1680.3,qkv.lora_B,5
1768387811.8497021,709,22.1875,0.35668739676475525,Grad/qkv.lora_B,outputs_dev/vitb16/T=vtab_Q=3bit_L=lora_2_qkv-fc1-proj-fc2/cifar/20260114184203_default_acc=53.50/tensorboard/Grad_qkv.lora_B_block_5/events.out.tfevents.1768387346.master-192-168-8-48.1680.3,qkv.lora_B,5
1768387812.2613811,710,22.21875,0.4575444161891937,Grad/qkv.lora_B,outputs_dev/vitb16/T=vtab_Q=3bit_L=lora_2_qkv-fc1-proj-fc2/cifar/20260114184203_default_acc=53.50/tensorboard/Grad_qkv.lora_B_block_5/events.out.tfevents.1768387346.master-192-168-8-48.1680.3,qkv.lora_B,5
1768387812.6894264,711,22.25,0.32185590267181396,Grad/qkv.lora_B,outputs_dev/vitb16/T=vtab_Q=3bit_L=lora_2_qkv-fc1-proj-fc2/cifar/20260114184203_default_acc=53.50/tensorboard/Grad_qkv.lora_B_block_5/events.out.tfevents.1768387346.master-192-168-8-48.1680.3,qkv.lora_B,5
1768387813.1302886,712,22.28125,0.429097443819046,Grad/qkv.lora_B,outputs_dev/vitb16/T=vtab_Q=3bit_L=lora_2_qkv-fc1-proj-fc2/cifar/20260114184203_default_acc=53.50/tensorboard/Grad_qkv.lora_B_block_5/events.out.tfevents.1768387346.master-192-168-8-48.1680.3,qkv.lora_B,5
1768387813.5698202,713,22.3125,0.40309494733810425,Grad/qkv.lora_B,outputs_dev/vitb16/T=vtab_Q=3bit_L=lora_2_qkv-fc1-proj-fc2/cifar/20260114184203_default_acc=53.50/tensorboard/Grad_qkv.lora_B_block_5/events.out.tfevents.1768387346.master-192-168-8-48.1680.3,qkv.lora_B,5
1768387813.9935875,714,22.34375,0.5233325362205505,Grad/qkv.lora_B,outputs_dev/vitb16/T=vtab_Q=3bit_L=lora_2_qkv-fc1-proj-fc2/cifar/20260114184203_default_acc=53.50/tensorboard/Grad_qkv.lora_B_block_5/events.out.tfevents.1768387346.master-192-168-8-48.1680.3,qkv.lora_B,5
1768387814.4181495,715,22.375,0.5056406855583191,Grad/qkv.lora_B,outputs_dev/vitb16/T=vtab_Q=3bit_L=lora_2_qkv-fc1-proj-fc2/cifar/20260114184203_default_acc=53.50/tensorboard/Grad_qkv.lora_B_block_5/events.out.tfevents.1768387346.master-192-168-8-48.1680.3,qkv.lora_B,5
1768387814.841883,716,22.40625,0.3810442388057709,Grad/qkv.lora_B,outputs_dev/vitb16/T=vtab_Q=3bit_L=lora_2_qkv-fc1-proj-fc2/cifar/20260114184203_default_acc=53.50/tensorboard/Grad_qkv.lora_B_block_5/events.out.tfevents.1768387346.master-192-168-8-48.1680.3,qkv.lora_B,5
1768387815.2650793,717,22.4375,0.35038918256759644,Grad/qkv.lora_B,outputs_dev/vitb16/T=vtab_Q=3bit_L=lora_2_qkv-fc1-proj-fc2/cifar/20260114184203_default_acc=53.50/tensorboard/Grad_qkv.lora_B_block_5/events.out.tfevents.1768387346.master-192-168-8-48.1680.3,qkv.lora_B,5
1768387815.690418,718,22.46875,0.319633811712265,Grad/qkv.lora_B,outputs_dev/vitb16/T=vtab_Q=3bit_L=lora_2_qkv-fc1-proj-fc2/cifar/20260114184203_default_acc=53.50/tensorboard/Grad_qkv.lora_B_block_5/events.out.tfevents.1768387346.master-192-168-8-48.1680.3,qkv.lora_B,5
1768387816.1143997,719,22.5,0.5874637961387634,Grad/qkv.lora_B,outputs_dev/vitb16/T=vtab_Q=3bit_L=lora_2_qkv-fc1-proj-fc2/cifar/20260114184203_default_acc=53.50/tensorboard/Grad_qkv.lora_B_block_5/events.out.tfevents.1768387346.master-192-168-8-48.1680.3,qkv.lora_B,5
1768387816.5383708,720,22.53125,0.34159043431282043,Grad/qkv.lora_B,outputs_dev/vitb16/T=vtab_Q=3bit_L=lora_2_qkv-fc1-proj-fc2/cifar/20260114184203_default_acc=53.50/tensorboard/Grad_qkv.lora_B_block_5/events.out.tfevents.1768387346.master-192-168-8-48.1680.3,qkv.lora_B,5
1768387816.9622397,721,22.5625,0.3444271385669708,Grad/qkv.lora_B,outputs_dev/vitb16/T=vtab_Q=3bit_L=lora_2_qkv-fc1-proj-fc2/cifar/20260114184203_default_acc=53.50/tensorboard/Grad_qkv.lora_B_block_5/events.out.tfevents.1768387346.master-192-168-8-48.1680.3,qkv.lora_B,5
1768387817.383282,722,22.59375,0.4715489447116852,Grad/qkv.lora_B,outputs_dev/vitb16/T=vtab_Q=3bit_L=lora_2_qkv-fc1-proj-fc2/cifar/20260114184203_default_acc=53.50/tensorboard/Grad_qkv.lora_B_block_5/events.out.tfevents.1768387346.master-192-168-8-48.1680.3,qkv.lora_B,5
1768387817.8069992,723,22.625,0.5846185088157654,Grad/qkv.lora_B,outputs_dev/vitb16/T=vtab_Q=3bit_L=lora_2_qkv-fc1-proj-fc2/cifar/20260114184203_default_acc=53.50/tensorboard/Grad_qkv.lora_B_block_5/events.out.tfevents.1768387346.master-192-168-8-48.1680.3,qkv.lora_B,5
1768387818.2312088,724,22.65625,0.2590007483959198,Grad/qkv.lora_B,outputs_dev/vitb16/T=vtab_Q=3bit_L=lora_2_qkv-fc1-proj-fc2/cifar/20260114184203_default_acc=53.50/tensorboard/Grad_qkv.lora_B_block_5/events.out.tfevents.1768387346.master-192-168-8-48.1680.3,qkv.lora_B,5
1768387818.656892,725,22.6875,0.28303220868110657,Grad/qkv.lora_B,outputs_dev/vitb16/T=vtab_Q=3bit_L=lora_2_qkv-fc1-proj-fc2/cifar/20260114184203_default_acc=53.50/tensorboard/Grad_qkv.lora_B_block_5/events.out.tfevents.1768387346.master-192-168-8-48.1680.3,qkv.lora_B,5
1768387819.0807786,726,22.71875,0.4604116380214691,Grad/qkv.lora_B,outputs_dev/vitb16/T=vtab_Q=3bit_L=lora_2_qkv-fc1-proj-fc2/cifar/20260114184203_default_acc=53.50/tensorboard/Grad_qkv.lora_B_block_5/events.out.tfevents.1768387346.master-192-168-8-48.1680.3,qkv.lora_B,5
1768387819.5218396,727,22.75,0.41430479288101196,Grad/qkv.lora_B,outputs_dev/vitb16/T=vtab_Q=3bit_L=lora_2_qkv-fc1-proj-fc2/cifar/20260114184203_default_acc=53.50/tensorboard/Grad_qkv.lora_B_block_5/events.out.tfevents.1768387346.master-192-168-8-48.1680.3,qkv.lora_B,5
1768387819.9447029,728,22.78125,0.6144248843193054,Grad/qkv.lora_B,outputs_dev/vitb16/T=vtab_Q=3bit_L=lora_2_qkv-fc1-proj-fc2/cifar/20260114184203_default_acc=53.50/tensorboard/Grad_qkv.lora_B_block_5/events.out.tfevents.1768387346.master-192-168-8-48.1680.3,qkv.lora_B,5
1768387820.366113,729,22.8125,0.3062092363834381,Grad/qkv.lora_B,outputs_dev/vitb16/T=vtab_Q=3bit_L=lora_2_qkv-fc1-proj-fc2/cifar/20260114184203_default_acc=53.50/tensorboard/Grad_qkv.lora_B_block_5/events.out.tfevents.1768387346.master-192-168-8-48.1680.3,qkv.lora_B,5
1768387820.7904274,730,22.84375,0.5785942077636719,Grad/qkv.lora_B,outputs_dev/vitb16/T=vtab_Q=3bit_L=lora_2_qkv-fc1-proj-fc2/cifar/20260114184203_default_acc=53.50/tensorboard/Grad_qkv.lora_B_block_5/events.out.tfevents.1768387346.master-192-168-8-48.1680.3,qkv.lora_B,5
1768387821.2117236,731,22.875,0.5052452683448792,Grad/qkv.lora_B,outputs_dev/vitb16/T=vtab_Q=3bit_L=lora_2_qkv-fc1-proj-fc2/cifar/20260114184203_default_acc=53.50/tensorboard/Grad_qkv.lora_B_block_5/events.out.tfevents.1768387346.master-192-168-8-48.1680.3,qkv.lora_B,5
1768387821.638401,732,22.90625,0.45454052090644836,Grad/qkv.lora_B,outputs_dev/vitb16/T=vtab_Q=3bit_L=lora_2_qkv-fc1-proj-fc2/cifar/20260114184203_default_acc=53.50/tensorboard/Grad_qkv.lora_B_block_5/events.out.tfevents.1768387346.master-192-168-8-48.1680.3,qkv.lora_B,5
1768387822.06561,733,22.9375,0.5573960542678833,Grad/qkv.lora_B,outputs_dev/vitb16/T=vtab_Q=3bit_L=lora_2_qkv-fc1-proj-fc2/cifar/20260114184203_default_acc=53.50/tensorboard/Grad_qkv.lora_B_block_5/events.out.tfevents.1768387346.master-192-168-8-48.1680.3,qkv.lora_B,5
1768387822.4919088,734,22.96875,0.4342944324016571,Grad/qkv.lora_B,outputs_dev/vitb16/T=vtab_Q=3bit_L=lora_2_qkv-fc1-proj-fc2/cifar/20260114184203_default_acc=53.50/tensorboard/Grad_qkv.lora_B_block_5/events.out.tfevents.1768387346.master-192-168-8-48.1680.3,qkv.lora_B,5
1768387822.7220027,735,23.0,0.38924089074134827,Grad/qkv.lora_B,outputs_dev/vitb16/T=vtab_Q=3bit_L=lora_2_qkv-fc1-proj-fc2/cifar/20260114184203_default_acc=53.50/tensorboard/Grad_qkv.lora_B_block_5/events.out.tfevents.1768387346.master-192-168-8-48.1680.3,qkv.lora_B,5
1768387823.3182797,736,23.03125,0.30957743525505066,Grad/qkv.lora_B,outputs_dev/vitb16/T=vtab_Q=3bit_L=lora_2_qkv-fc1-proj-fc2/cifar/20260114184203_default_acc=53.50/tensorboard/Grad_qkv.lora_B_block_5/events.out.tfevents.1768387346.master-192-168-8-48.1680.3,qkv.lora_B,5
1768387823.7685297,737,23.0625,0.27617359161376953,Grad/qkv.lora_B,outputs_dev/vitb16/T=vtab_Q=3bit_L=lora_2_qkv-fc1-proj-fc2/cifar/20260114184203_default_acc=53.50/tensorboard/Grad_qkv.lora_B_block_5/events.out.tfevents.1768387346.master-192-168-8-48.1680.3,qkv.lora_B,5
1768387824.1917481,738,23.09375,0.37243929505348206,Grad/qkv.lora_B,outputs_dev/vitb16/T=vtab_Q=3bit_L=lora_2_qkv-fc1-proj-fc2/cifar/20260114184203_default_acc=53.50/tensorboard/Grad_qkv.lora_B_block_5/events.out.tfevents.1768387346.master-192-168-8-48.1680.3,qkv.lora_B,5
1768387824.6303468,739,23.125,0.29862794280052185,Grad/qkv.lora_B,outputs_dev/vitb16/T=vtab_Q=3bit_L=lora_2_qkv-fc1-proj-fc2/cifar/20260114184203_default_acc=53.50/tensorboard/Grad_qkv.lora_B_block_5/events.out.tfevents.1768387346.master-192-168-8-48.1680.3,qkv.lora_B,5
1768387825.0769224,740,23.15625,0.5370294451713562,Grad/qkv.lora_B,outputs_dev/vitb16/T=vtab_Q=3bit_L=lora_2_qkv-fc1-proj-fc2/cifar/20260114184203_default_acc=53.50/tensorboard/Grad_qkv.lora_B_block_5/events.out.tfevents.1768387346.master-192-168-8-48.1680.3,qkv.lora_B,5
1768387825.5125844,741,23.1875,0.39697161316871643,Grad/qkv.lora_B,outputs_dev/vitb16/T=vtab_Q=3bit_L=lora_2_qkv-fc1-proj-fc2/cifar/20260114184203_default_acc=53.50/tensorboard/Grad_qkv.lora_B_block_5/events.out.tfevents.1768387346.master-192-168-8-48.1680.3,qkv.lora_B,5
1768387825.9382463,742,23.21875,0.6457456946372986,Grad/qkv.lora_B,outputs_dev/vitb16/T=vtab_Q=3bit_L=lora_2_qkv-fc1-proj-fc2/cifar/20260114184203_default_acc=53.50/tensorboard/Grad_qkv.lora_B_block_5/events.out.tfevents.1768387346.master-192-168-8-48.1680.3,qkv.lora_B,5
1768387826.3728192,743,23.25,0.26023975014686584,Grad/qkv.lora_B,outputs_dev/vitb16/T=vtab_Q=3bit_L=lora_2_qkv-fc1-proj-fc2/cifar/20260114184203_default_acc=53.50/tensorboard/Grad_qkv.lora_B_block_5/events.out.tfevents.1768387346.master-192-168-8-48.1680.3,qkv.lora_B,5
1768387826.8117394,744,23.28125,0.6481741070747375,Grad/qkv.lora_B,outputs_dev/vitb16/T=vtab_Q=3bit_L=lora_2_qkv-fc1-proj-fc2/cifar/20260114184203_default_acc=53.50/tensorboard/Grad_qkv.lora_B_block_5/events.out.tfevents.1768387346.master-192-168-8-48.1680.3,qkv.lora_B,5
1768387827.2336757,745,23.3125,0.36945608258247375,Grad/qkv.lora_B,outputs_dev/vitb16/T=vtab_Q=3bit_L=lora_2_qkv-fc1-proj-fc2/cifar/20260114184203_default_acc=53.50/tensorboard/Grad_qkv.lora_B_block_5/events.out.tfevents.1768387346.master-192-168-8-48.1680.3,qkv.lora_B,5
1768387827.6691058,746,23.34375,0.22380124032497406,Grad/qkv.lora_B,outputs_dev/vitb16/T=vtab_Q=3bit_L=lora_2_qkv-fc1-proj-fc2/cifar/20260114184203_default_acc=53.50/tensorboard/Grad_qkv.lora_B_block_5/events.out.tfevents.1768387346.master-192-168-8-48.1680.3,qkv.lora_B,5
1768387828.1122856,747,23.375,0.2998133897781372,Grad/qkv.lora_B,outputs_dev/vitb16/T=vtab_Q=3bit_L=lora_2_qkv-fc1-proj-fc2/cifar/20260114184203_default_acc=53.50/tensorboard/Grad_qkv.lora_B_block_5/events.out.tfevents.1768387346.master-192-168-8-48.1680.3,qkv.lora_B,5
1768387828.5577612,748,23.40625,0.3828237056732178,Grad/qkv.lora_B,outputs_dev/vitb16/T=vtab_Q=3bit_L=lora_2_qkv-fc1-proj-fc2/cifar/20260114184203_default_acc=53.50/tensorboard/Grad_qkv.lora_B_block_5/events.out.tfevents.1768387346.master-192-168-8-48.1680.3,qkv.lora_B,5
1768387828.995769,749,23.4375,0.28728118538856506,Grad/qkv.lora_B,outputs_dev/vitb16/T=vtab_Q=3bit_L=lora_2_qkv-fc1-proj-fc2/cifar/20260114184203_default_acc=53.50/tensorboard/Grad_qkv.lora_B_block_5/events.out.tfevents.1768387346.master-192-168-8-48.1680.3,qkv.lora_B,5
1768387829.4195487,750,23.46875,0.3250991404056549,Grad/qkv.lora_B,outputs_dev/vitb16/T=vtab_Q=3bit_L=lora_2_qkv-fc1-proj-fc2/cifar/20260114184203_default_acc=53.50/tensorboard/Grad_qkv.lora_B_block_5/events.out.tfevents.1768387346.master-192-168-8-48.1680.3,qkv.lora_B,5
1768387829.8352084,751,23.5,0.3338766098022461,Grad/qkv.lora_B,outputs_dev/vitb16/T=vtab_Q=3bit_L=lora_2_qkv-fc1-proj-fc2/cifar/20260114184203_default_acc=53.50/tensorboard/Grad_qkv.lora_B_block_5/events.out.tfevents.1768387346.master-192-168-8-48.1680.3,qkv.lora_B,5
1768387830.2596524,752,23.53125,0.2584650218486786,Grad/qkv.lora_B,outputs_dev/vitb16/T=vtab_Q=3bit_L=lora_2_qkv-fc1-proj-fc2/cifar/20260114184203_default_acc=53.50/tensorboard/Grad_qkv.lora_B_block_5/events.out.tfevents.1768387346.master-192-168-8-48.1680.3,qkv.lora_B,5
1768387830.6818562,753,23.5625,0.3002857565879822,Grad/qkv.lora_B,outputs_dev/vitb16/T=vtab_Q=3bit_L=lora_2_qkv-fc1-proj-fc2/cifar/20260114184203_default_acc=53.50/tensorboard/Grad_qkv.lora_B_block_5/events.out.tfevents.1768387346.master-192-168-8-48.1680.3,qkv.lora_B,5
1768387831.1183777,754,23.59375,0.41075289249420166,Grad/qkv.lora_B,outputs_dev/vitb16/T=vtab_Q=3bit_L=lora_2_qkv-fc1-proj-fc2/cifar/20260114184203_default_acc=53.50/tensorboard/Grad_qkv.lora_B_block_5/events.out.tfevents.1768387346.master-192-168-8-48.1680.3,qkv.lora_B,5
1768387831.5415816,755,23.625,0.3228013515472412,Grad/qkv.lora_B,outputs_dev/vitb16/T=vtab_Q=3bit_L=lora_2_qkv-fc1-proj-fc2/cifar/20260114184203_default_acc=53.50/tensorboard/Grad_qkv.lora_B_block_5/events.out.tfevents.1768387346.master-192-168-8-48.1680.3,qkv.lora_B,5
1768387831.9768536,756,23.65625,0.5442436337471008,Grad/qkv.lora_B,outputs_dev/vitb16/T=vtab_Q=3bit_L=lora_2_qkv-fc1-proj-fc2/cifar/20260114184203_default_acc=53.50/tensorboard/Grad_qkv.lora_B_block_5/events.out.tfevents.1768387346.master-192-168-8-48.1680.3,qkv.lora_B,5
1768387832.4034083,757,23.6875,0.33810028433799744,Grad/qkv.lora_B,outputs_dev/vitb16/T=vtab_Q=3bit_L=lora_2_qkv-fc1-proj-fc2/cifar/20260114184203_default_acc=53.50/tensorboard/Grad_qkv.lora_B_block_5/events.out.tfevents.1768387346.master-192-168-8-48.1680.3,qkv.lora_B,5
1768387832.8485,758,23.71875,0.3076675236225128,Grad/qkv.lora_B,outputs_dev/vitb16/T=vtab_Q=3bit_L=lora_2_qkv-fc1-proj-fc2/cifar/20260114184203_default_acc=53.50/tensorboard/Grad_qkv.lora_B_block_5/events.out.tfevents.1768387346.master-192-168-8-48.1680.3,qkv.lora_B,5
1768387833.2644956,759,23.75,0.5048276782035828,Grad/qkv.lora_B,outputs_dev/vitb16/T=vtab_Q=3bit_L=lora_2_qkv-fc1-proj-fc2/cifar/20260114184203_default_acc=53.50/tensorboard/Grad_qkv.lora_B_block_5/events.out.tfevents.1768387346.master-192-168-8-48.1680.3,qkv.lora_B,5
1768387833.6904848,760,23.78125,0.3143582344055176,Grad/qkv.lora_B,outputs_dev/vitb16/T=vtab_Q=3bit_L=lora_2_qkv-fc1-proj-fc2/cifar/20260114184203_default_acc=53.50/tensorboard/Grad_qkv.lora_B_block_5/events.out.tfevents.1768387346.master-192-168-8-48.1680.3,qkv.lora_B,5
1768387834.1159515,761,23.8125,0.514104425907135,Grad/qkv.lora_B,outputs_dev/vitb16/T=vtab_Q=3bit_L=lora_2_qkv-fc1-proj-fc2/cifar/20260114184203_default_acc=53.50/tensorboard/Grad_qkv.lora_B_block_5/events.out.tfevents.1768387346.master-192-168-8-48.1680.3,qkv.lora_B,5
1768387834.555133,762,23.84375,0.31436896324157715,Grad/qkv.lora_B,outputs_dev/vitb16/T=vtab_Q=3bit_L=lora_2_qkv-fc1-proj-fc2/cifar/20260114184203_default_acc=53.50/tensorboard/Grad_qkv.lora_B_block_5/events.out.tfevents.1768387346.master-192-168-8-48.1680.3,qkv.lora_B,5
1768387834.9961488,763,23.875,0.2878247797489166,Grad/qkv.lora_B,outputs_dev/vitb16/T=vtab_Q=3bit_L=lora_2_qkv-fc1-proj-fc2/cifar/20260114184203_default_acc=53.50/tensorboard/Grad_qkv.lora_B_block_5/events.out.tfevents.1768387346.master-192-168-8-48.1680.3,qkv.lora_B,5
1768387835.4343274,764,23.90625,0.25823789834976196,Grad/qkv.lora_B,outputs_dev/vitb16/T=vtab_Q=3bit_L=lora_2_qkv-fc1-proj-fc2/cifar/20260114184203_default_acc=53.50/tensorboard/Grad_qkv.lora_B_block_5/events.out.tfevents.1768387346.master-192-168-8-48.1680.3,qkv.lora_B,5
1768387835.8738594,765,23.9375,0.2711843252182007,Grad/qkv.lora_B,outputs_dev/vitb16/T=vtab_Q=3bit_L=lora_2_qkv-fc1-proj-fc2/cifar/20260114184203_default_acc=53.50/tensorboard/Grad_qkv.lora_B_block_5/events.out.tfevents.1768387346.master-192-168-8-48.1680.3,qkv.lora_B,5
1768387836.2875788,766,23.96875,0.36013925075531006,Grad/qkv.lora_B,outputs_dev/vitb16/T=vtab_Q=3bit_L=lora_2_qkv-fc1-proj-fc2/cifar/20260114184203_default_acc=53.50/tensorboard/Grad_qkv.lora_B_block_5/events.out.tfevents.1768387346.master-192-168-8-48.1680.3,qkv.lora_B,5
1768387836.4912996,767,24.0,0.41271328926086426,Grad/qkv.lora_B,outputs_dev/vitb16/T=vtab_Q=3bit_L=lora_2_qkv-fc1-proj-fc2/cifar/20260114184203_default_acc=53.50/tensorboard/Grad_qkv.lora_B_block_5/events.out.tfevents.1768387346.master-192-168-8-48.1680.3,qkv.lora_B,5
1768387837.2012022,768,24.03125,0.1533929705619812,Grad/qkv.lora_B,outputs_dev/vitb16/T=vtab_Q=3bit_L=lora_2_qkv-fc1-proj-fc2/cifar/20260114184203_default_acc=53.50/tensorboard/Grad_qkv.lora_B_block_5/events.out.tfevents.1768387346.master-192-168-8-48.1680.3,qkv.lora_B,5
1768387837.6402168,769,24.0625,0.24911221861839294,Grad/qkv.lora_B,outputs_dev/vitb16/T=vtab_Q=3bit_L=lora_2_qkv-fc1-proj-fc2/cifar/20260114184203_default_acc=53.50/tensorboard/Grad_qkv.lora_B_block_5/events.out.tfevents.1768387346.master-192-168-8-48.1680.3,qkv.lora_B,5
1768387838.083528,770,24.09375,0.3494671583175659,Grad/qkv.lora_B,outputs_dev/vitb16/T=vtab_Q=3bit_L=lora_2_qkv-fc1-proj-fc2/cifar/20260114184203_default_acc=53.50/tensorboard/Grad_qkv.lora_B_block_5/events.out.tfevents.1768387346.master-192-168-8-48.1680.3,qkv.lora_B,5
1768387838.5252104,771,24.125,0.528820812702179,Grad/qkv.lora_B,outputs_dev/vitb16/T=vtab_Q=3bit_L=lora_2_qkv-fc1-proj-fc2/cifar/20260114184203_default_acc=53.50/tensorboard/Grad_qkv.lora_B_block_5/events.out.tfevents.1768387346.master-192-168-8-48.1680.3,qkv.lora_B,5
1768387838.954142,772,24.15625,0.21408794820308685,Grad/qkv.lora_B,outputs_dev/vitb16/T=vtab_Q=3bit_L=lora_2_qkv-fc1-proj-fc2/cifar/20260114184203_default_acc=53.50/tensorboard/Grad_qkv.lora_B_block_5/events.out.tfevents.1768387346.master-192-168-8-48.1680.3,qkv.lora_B,5
1768387839.384714,773,24.1875,0.4195469319820404,Grad/qkv.lora_B,outputs_dev/vitb16/T=vtab_Q=3bit_L=lora_2_qkv-fc1-proj-fc2/cifar/20260114184203_default_acc=53.50/tensorboard/Grad_qkv.lora_B_block_5/events.out.tfevents.1768387346.master-192-168-8-48.1680.3,qkv.lora_B,5
1768387839.8240304,774,24.21875,0.25524377822875977,Grad/qkv.lora_B,outputs_dev/vitb16/T=vtab_Q=3bit_L=lora_2_qkv-fc1-proj-fc2/cifar/20260114184203_default_acc=53.50/tensorboard/Grad_qkv.lora_B_block_5/events.out.tfevents.1768387346.master-192-168-8-48.1680.3,qkv.lora_B,5
1768387840.2504275,775,24.25,0.5784553289413452,Grad/qkv.lora_B,outputs_dev/vitb16/T=vtab_Q=3bit_L=lora_2_qkv-fc1-proj-fc2/cifar/20260114184203_default_acc=53.50/tensorboard/Grad_qkv.lora_B_block_5/events.out.tfevents.1768387346.master-192-168-8-48.1680.3,qkv.lora_B,5
1768387840.678602,776,24.28125,0.28998005390167236,Grad/qkv.lora_B,outputs_dev/vitb16/T=vtab_Q=3bit_L=lora_2_qkv-fc1-proj-fc2/cifar/20260114184203_default_acc=53.50/tensorboard/Grad_qkv.lora_B_block_5/events.out.tfevents.1768387346.master-192-168-8-48.1680.3,qkv.lora_B,5
1768387841.1116052,777,24.3125,0.4390735328197479,Grad/qkv.lora_B,outputs_dev/vitb16/T=vtab_Q=3bit_L=lora_2_qkv-fc1-proj-fc2/cifar/20260114184203_default_acc=53.50/tensorboard/Grad_qkv.lora_B_block_5/events.out.tfevents.1768387346.master-192-168-8-48.1680.3,qkv.lora_B,5
1768387841.5363748,778,24.34375,0.3481109142303467,Grad/qkv.lora_B,outputs_dev/vitb16/T=vtab_Q=3bit_L=lora_2_qkv-fc1-proj-fc2/cifar/20260114184203_default_acc=53.50/tensorboard/Grad_qkv.lora_B_block_5/events.out.tfevents.1768387346.master-192-168-8-48.1680.3,qkv.lora_B,5
1768387841.9597933,779,24.375,0.3422549366950989,Grad/qkv.lora_B,outputs_dev/vitb16/T=vtab_Q=3bit_L=lora_2_qkv-fc1-proj-fc2/cifar/20260114184203_default_acc=53.50/tensorboard/Grad_qkv.lora_B_block_5/events.out.tfevents.1768387346.master-192-168-8-48.1680.3,qkv.lora_B,5
1768387842.3834753,780,24.40625,0.9030832052230835,Grad/qkv.lora_B,outputs_dev/vitb16/T=vtab_Q=3bit_L=lora_2_qkv-fc1-proj-fc2/cifar/20260114184203_default_acc=53.50/tensorboard/Grad_qkv.lora_B_block_5/events.out.tfevents.1768387346.master-192-168-8-48.1680.3,qkv.lora_B,5
1768387842.7946134,781,24.4375,0.3580055236816406,Grad/qkv.lora_B,outputs_dev/vitb16/T=vtab_Q=3bit_L=lora_2_qkv-fc1-proj-fc2/cifar/20260114184203_default_acc=53.50/tensorboard/Grad_qkv.lora_B_block_5/events.out.tfevents.1768387346.master-192-168-8-48.1680.3,qkv.lora_B,5
1768387843.2227077,782,24.46875,0.4295690059661865,Grad/qkv.lora_B,outputs_dev/vitb16/T=vtab_Q=3bit_L=lora_2_qkv-fc1-proj-fc2/cifar/20260114184203_default_acc=53.50/tensorboard/Grad_qkv.lora_B_block_5/events.out.tfevents.1768387346.master-192-168-8-48.1680.3,qkv.lora_B,5
1768387843.6607046,783,24.5,0.2726762592792511,Grad/qkv.lora_B,outputs_dev/vitb16/T=vtab_Q=3bit_L=lora_2_qkv-fc1-proj-fc2/cifar/20260114184203_default_acc=53.50/tensorboard/Grad_qkv.lora_B_block_5/events.out.tfevents.1768387346.master-192-168-8-48.1680.3,qkv.lora_B,5
1768387844.0880923,784,24.53125,0.35953688621520996,Grad/qkv.lora_B,outputs_dev/vitb16/T=vtab_Q=3bit_L=lora_2_qkv-fc1-proj-fc2/cifar/20260114184203_default_acc=53.50/tensorboard/Grad_qkv.lora_B_block_5/events.out.tfevents.1768387346.master-192-168-8-48.1680.3,qkv.lora_B,5
1768387844.51361,785,24.5625,0.37216493487358093,Grad/qkv.lora_B,outputs_dev/vitb16/T=vtab_Q=3bit_L=lora_2_qkv-fc1-proj-fc2/cifar/20260114184203_default_acc=53.50/tensorboard/Grad_qkv.lora_B_block_5/events.out.tfevents.1768387346.master-192-168-8-48.1680.3,qkv.lora_B,5
1768387844.9378688,786,24.59375,0.27197766304016113,Grad/qkv.lora_B,outputs_dev/vitb16/T=vtab_Q=3bit_L=lora_2_qkv-fc1-proj-fc2/cifar/20260114184203_default_acc=53.50/tensorboard/Grad_qkv.lora_B_block_5/events.out.tfevents.1768387346.master-192-168-8-48.1680.3,qkv.lora_B,5
1768387845.3636763,787,24.625,0.2120194435119629,Grad/qkv.lora_B,outputs_dev/vitb16/T=vtab_Q=3bit_L=lora_2_qkv-fc1-proj-fc2/cifar/20260114184203_default_acc=53.50/tensorboard/Grad_qkv.lora_B_block_5/events.out.tfevents.1768387346.master-192-168-8-48.1680.3,qkv.lora_B,5
1768387845.790576,788,24.65625,0.34990209341049194,Grad/qkv.lora_B,outputs_dev/vitb16/T=vtab_Q=3bit_L=lora_2_qkv-fc1-proj-fc2/cifar/20260114184203_default_acc=53.50/tensorboard/Grad_qkv.lora_B_block_5/events.out.tfevents.1768387346.master-192-168-8-48.1680.3,qkv.lora_B,5
1768387846.2158854,789,24.6875,0.3249536156654358,Grad/qkv.lora_B,outputs_dev/vitb16/T=vtab_Q=3bit_L=lora_2_qkv-fc1-proj-fc2/cifar/20260114184203_default_acc=53.50/tensorboard/Grad_qkv.lora_B_block_5/events.out.tfevents.1768387346.master-192-168-8-48.1680.3,qkv.lora_B,5
1768387846.6412394,790,24.71875,0.3452206552028656,Grad/qkv.lora_B,outputs_dev/vitb16/T=vtab_Q=3bit_L=lora_2_qkv-fc1-proj-fc2/cifar/20260114184203_default_acc=53.50/tensorboard/Grad_qkv.lora_B_block_5/events.out.tfevents.1768387346.master-192-168-8-48.1680.3,qkv.lora_B,5
1768387847.0640385,791,24.75,0.25267550349235535,Grad/qkv.lora_B,outputs_dev/vitb16/T=vtab_Q=3bit_L=lora_2_qkv-fc1-proj-fc2/cifar/20260114184203_default_acc=53.50/tensorboard/Grad_qkv.lora_B_block_5/events.out.tfevents.1768387346.master-192-168-8-48.1680.3,qkv.lora_B,5
1768387847.4896226,792,24.78125,0.3350116014480591,Grad/qkv.lora_B,outputs_dev/vitb16/T=vtab_Q=3bit_L=lora_2_qkv-fc1-proj-fc2/cifar/20260114184203_default_acc=53.50/tensorboard/Grad_qkv.lora_B_block_5/events.out.tfevents.1768387346.master-192-168-8-48.1680.3,qkv.lora_B,5
1768387847.9132473,793,24.8125,0.4077434837818146,Grad/qkv.lora_B,outputs_dev/vitb16/T=vtab_Q=3bit_L=lora_2_qkv-fc1-proj-fc2/cifar/20260114184203_default_acc=53.50/tensorboard/Grad_qkv.lora_B_block_5/events.out.tfevents.1768387346.master-192-168-8-48.1680.3,qkv.lora_B,5
1768387848.336882,794,24.84375,0.3495240807533264,Grad/qkv.lora_B,outputs_dev/vitb16/T=vtab_Q=3bit_L=lora_2_qkv-fc1-proj-fc2/cifar/20260114184203_default_acc=53.50/tensorboard/Grad_qkv.lora_B_block_5/events.out.tfevents.1768387346.master-192-168-8-48.1680.3,qkv.lora_B,5
1768387848.7596698,795,24.875,0.3593500256538391,Grad/qkv.lora_B,outputs_dev/vitb16/T=vtab_Q=3bit_L=lora_2_qkv-fc1-proj-fc2/cifar/20260114184203_default_acc=53.50/tensorboard/Grad_qkv.lora_B_block_5/events.out.tfevents.1768387346.master-192-168-8-48.1680.3,qkv.lora_B,5
1768387849.1719162,796,24.90625,0.3407098352909088,Grad/qkv.lora_B,outputs_dev/vitb16/T=vtab_Q=3bit_L=lora_2_qkv-fc1-proj-fc2/cifar/20260114184203_default_acc=53.50/tensorboard/Grad_qkv.lora_B_block_5/events.out.tfevents.1768387346.master-192-168-8-48.1680.3,qkv.lora_B,5
1768387849.6027374,797,24.9375,0.3150791525840759,Grad/qkv.lora_B,outputs_dev/vitb16/T=vtab_Q=3bit_L=lora_2_qkv-fc1-proj-fc2/cifar/20260114184203_default_acc=53.50/tensorboard/Grad_qkv.lora_B_block_5/events.out.tfevents.1768387346.master-192-168-8-48.1680.3,qkv.lora_B,5
1768387850.025936,798,24.96875,0.5403168797492981,Grad/qkv.lora_B,outputs_dev/vitb16/T=vtab_Q=3bit_L=lora_2_qkv-fc1-proj-fc2/cifar/20260114184203_default_acc=53.50/tensorboard/Grad_qkv.lora_B_block_5/events.out.tfevents.1768387346.master-192-168-8-48.1680.3,qkv.lora_B,5
1768387850.2306569,799,25.0,0.2790285646915436,Grad/qkv.lora_B,outputs_dev/vitb16/T=vtab_Q=3bit_L=lora_2_qkv-fc1-proj-fc2/cifar/20260114184203_default_acc=53.50/tensorboard/Grad_qkv.lora_B_block_5/events.out.tfevents.1768387346.master-192-168-8-48.1680.3,qkv.lora_B,5
1768387850.9362848,800,25.03125,0.38743525743484497,Grad/qkv.lora_B,outputs_dev/vitb16/T=vtab_Q=3bit_L=lora_2_qkv-fc1-proj-fc2/cifar/20260114184203_default_acc=53.50/tensorboard/Grad_qkv.lora_B_block_5/events.out.tfevents.1768387346.master-192-168-8-48.1680.3,qkv.lora_B,5
1768387851.378629,801,25.0625,0.20734572410583496,Grad/qkv.lora_B,outputs_dev/vitb16/T=vtab_Q=3bit_L=lora_2_qkv-fc1-proj-fc2/cifar/20260114184203_default_acc=53.50/tensorboard/Grad_qkv.lora_B_block_5/events.out.tfevents.1768387346.master-192-168-8-48.1680.3,qkv.lora_B,5
1768387851.818411,802,25.09375,0.338542640209198,Grad/qkv.lora_B,outputs_dev/vitb16/T=vtab_Q=3bit_L=lora_2_qkv-fc1-proj-fc2/cifar/20260114184203_default_acc=53.50/tensorboard/Grad_qkv.lora_B_block_5/events.out.tfevents.1768387346.master-192-168-8-48.1680.3,qkv.lora_B,5
1768387852.2474325,803,25.125,0.22739942371845245,Grad/qkv.lora_B,outputs_dev/vitb16/T=vtab_Q=3bit_L=lora_2_qkv-fc1-proj-fc2/cifar/20260114184203_default_acc=53.50/tensorboard/Grad_qkv.lora_B_block_5/events.out.tfevents.1768387346.master-192-168-8-48.1680.3,qkv.lora_B,5
1768387852.6749873,804,25.15625,0.5778900384902954,Grad/qkv.lora_B,outputs_dev/vitb16/T=vtab_Q=3bit_L=lora_2_qkv-fc1-proj-fc2/cifar/20260114184203_default_acc=53.50/tensorboard/Grad_qkv.lora_B_block_5/events.out.tfevents.1768387346.master-192-168-8-48.1680.3,qkv.lora_B,5
1768387853.0977385,805,25.1875,0.5967575907707214,Grad/qkv.lora_B,outputs_dev/vitb16/T=vtab_Q=3bit_L=lora_2_qkv-fc1-proj-fc2/cifar/20260114184203_default_acc=53.50/tensorboard/Grad_qkv.lora_B_block_5/events.out.tfevents.1768387346.master-192-168-8-48.1680.3,qkv.lora_B,5
1768387853.522391,806,25.21875,0.20561644434928894,Grad/qkv.lora_B,outputs_dev/vitb16/T=vtab_Q=3bit_L=lora_2_qkv-fc1-proj-fc2/cifar/20260114184203_default_acc=53.50/tensorboard/Grad_qkv.lora_B_block_5/events.out.tfevents.1768387346.master-192-168-8-48.1680.3,qkv.lora_B,5
1768387853.9471283,807,25.25,0.42327386140823364,Grad/qkv.lora_B,outputs_dev/vitb16/T=vtab_Q=3bit_L=lora_2_qkv-fc1-proj-fc2/cifar/20260114184203_default_acc=53.50/tensorboard/Grad_qkv.lora_B_block_5/events.out.tfevents.1768387346.master-192-168-8-48.1680.3,qkv.lora_B,5
1768387854.3714592,808,25.28125,0.23761071264743805,Grad/qkv.lora_B,outputs_dev/vitb16/T=vtab_Q=3bit_L=lora_2_qkv-fc1-proj-fc2/cifar/20260114184203_default_acc=53.50/tensorboard/Grad_qkv.lora_B_block_5/events.out.tfevents.1768387346.master-192-168-8-48.1680.3,qkv.lora_B,5
1768387854.7954695,809,25.3125,0.25048765540122986,Grad/qkv.lora_B,outputs_dev/vitb16/T=vtab_Q=3bit_L=lora_2_qkv-fc1-proj-fc2/cifar/20260114184203_default_acc=53.50/tensorboard/Grad_qkv.lora_B_block_5/events.out.tfevents.1768387346.master-192-168-8-48.1680.3,qkv.lora_B,5
1768387855.2201393,810,25.34375,0.2652771472930908,Grad/qkv.lora_B,outputs_dev/vitb16/T=vtab_Q=3bit_L=lora_2_qkv-fc1-proj-fc2/cifar/20260114184203_default_acc=53.50/tensorboard/Grad_qkv.lora_B_block_5/events.out.tfevents.1768387346.master-192-168-8-48.1680.3,qkv.lora_B,5
1768387855.646435,811,25.375,0.30033719539642334,Grad/qkv.lora_B,outputs_dev/vitb16/T=vtab_Q=3bit_L=lora_2_qkv-fc1-proj-fc2/cifar/20260114184203_default_acc=53.50/tensorboard/Grad_qkv.lora_B_block_5/events.out.tfevents.1768387346.master-192-168-8-48.1680.3,qkv.lora_B,5
1768387856.0707867,812,25.40625,0.33160337805747986,Grad/qkv.lora_B,outputs_dev/vitb16/T=vtab_Q=3bit_L=lora_2_qkv-fc1-proj-fc2/cifar/20260114184203_default_acc=53.50/tensorboard/Grad_qkv.lora_B_block_5/events.out.tfevents.1768387346.master-192-168-8-48.1680.3,qkv.lora_B,5
1768387856.5066292,813,25.4375,0.28700149059295654,Grad/qkv.lora_B,outputs_dev/vitb16/T=vtab_Q=3bit_L=lora_2_qkv-fc1-proj-fc2/cifar/20260114184203_default_acc=53.50/tensorboard/Grad_qkv.lora_B_block_5/events.out.tfevents.1768387346.master-192-168-8-48.1680.3,qkv.lora_B,5
1768387856.941755,814,25.46875,0.5493828654289246,Grad/qkv.lora_B,outputs_dev/vitb16/T=vtab_Q=3bit_L=lora_2_qkv-fc1-proj-fc2/cifar/20260114184203_default_acc=53.50/tensorboard/Grad_qkv.lora_B_block_5/events.out.tfevents.1768387346.master-192-168-8-48.1680.3,qkv.lora_B,5
1768387857.3791041,815,25.5,0.2966529130935669,Grad/qkv.lora_B,outputs_dev/vitb16/T=vtab_Q=3bit_L=lora_2_qkv-fc1-proj-fc2/cifar/20260114184203_default_acc=53.50/tensorboard/Grad_qkv.lora_B_block_5/events.out.tfevents.1768387346.master-192-168-8-48.1680.3,qkv.lora_B,5
1768387857.817646,816,25.53125,0.34422484040260315,Grad/qkv.lora_B,outputs_dev/vitb16/T=vtab_Q=3bit_L=lora_2_qkv-fc1-proj-fc2/cifar/20260114184203_default_acc=53.50/tensorboard/Grad_qkv.lora_B_block_5/events.out.tfevents.1768387346.master-192-168-8-48.1680.3,qkv.lora_B,5
1768387858.2531145,817,25.5625,0.4871744215488434,Grad/qkv.lora_B,outputs_dev/vitb16/T=vtab_Q=3bit_L=lora_2_qkv-fc1-proj-fc2/cifar/20260114184203_default_acc=53.50/tensorboard/Grad_qkv.lora_B_block_5/events.out.tfevents.1768387346.master-192-168-8-48.1680.3,qkv.lora_B,5
1768387858.6896968,818,25.59375,0.20258386433124542,Grad/qkv.lora_B,outputs_dev/vitb16/T=vtab_Q=3bit_L=lora_2_qkv-fc1-proj-fc2/cifar/20260114184203_default_acc=53.50/tensorboard/Grad_qkv.lora_B_block_5/events.out.tfevents.1768387346.master-192-168-8-48.1680.3,qkv.lora_B,5
1768387859.1359828,819,25.625,0.32189714908599854,Grad/qkv.lora_B,outputs_dev/vitb16/T=vtab_Q=3bit_L=lora_2_qkv-fc1-proj-fc2/cifar/20260114184203_default_acc=53.50/tensorboard/Grad_qkv.lora_B_block_5/events.out.tfevents.1768387346.master-192-168-8-48.1680.3,qkv.lora_B,5
1768387859.5590746,820,25.65625,0.1978307068347931,Grad/qkv.lora_B,outputs_dev/vitb16/T=vtab_Q=3bit_L=lora_2_qkv-fc1-proj-fc2/cifar/20260114184203_default_acc=53.50/tensorboard/Grad_qkv.lora_B_block_5/events.out.tfevents.1768387346.master-192-168-8-48.1680.3,qkv.lora_B,5
1768387859.9959075,821,25.6875,0.30638840794563293,Grad/qkv.lora_B,outputs_dev/vitb16/T=vtab_Q=3bit_L=lora_2_qkv-fc1-proj-fc2/cifar/20260114184203_default_acc=53.50/tensorboard/Grad_qkv.lora_B_block_5/events.out.tfevents.1768387346.master-192-168-8-48.1680.3,qkv.lora_B,5
1768387860.4209983,822,25.71875,0.46322473883628845,Grad/qkv.lora_B,outputs_dev/vitb16/T=vtab_Q=3bit_L=lora_2_qkv-fc1-proj-fc2/cifar/20260114184203_default_acc=53.50/tensorboard/Grad_qkv.lora_B_block_5/events.out.tfevents.1768387346.master-192-168-8-48.1680.3,qkv.lora_B,5
1768387860.8574338,823,25.75,0.8643943667411804,Grad/qkv.lora_B,outputs_dev/vitb16/T=vtab_Q=3bit_L=lora_2_qkv-fc1-proj-fc2/cifar/20260114184203_default_acc=53.50/tensorboard/Grad_qkv.lora_B_block_5/events.out.tfevents.1768387346.master-192-168-8-48.1680.3,qkv.lora_B,5
1768387861.2932258,824,25.78125,0.34203770756721497,Grad/qkv.lora_B,outputs_dev/vitb16/T=vtab_Q=3bit_L=lora_2_qkv-fc1-proj-fc2/cifar/20260114184203_default_acc=53.50/tensorboard/Grad_qkv.lora_B_block_5/events.out.tfevents.1768387346.master-192-168-8-48.1680.3,qkv.lora_B,5
1768387861.7153883,825,25.8125,0.34876561164855957,Grad/qkv.lora_B,outputs_dev/vitb16/T=vtab_Q=3bit_L=lora_2_qkv-fc1-proj-fc2/cifar/20260114184203_default_acc=53.50/tensorboard/Grad_qkv.lora_B_block_5/events.out.tfevents.1768387346.master-192-168-8-48.1680.3,qkv.lora_B,5
1768387862.1525018,826,25.84375,0.4621312916278839,Grad/qkv.lora_B,outputs_dev/vitb16/T=vtab_Q=3bit_L=lora_2_qkv-fc1-proj-fc2/cifar/20260114184203_default_acc=53.50/tensorboard/Grad_qkv.lora_B_block_5/events.out.tfevents.1768387346.master-192-168-8-48.1680.3,qkv.lora_B,5
1768387862.5930176,827,25.875,0.5121030807495117,Grad/qkv.lora_B,outputs_dev/vitb16/T=vtab_Q=3bit_L=lora_2_qkv-fc1-proj-fc2/cifar/20260114184203_default_acc=53.50/tensorboard/Grad_qkv.lora_B_block_5/events.out.tfevents.1768387346.master-192-168-8-48.1680.3,qkv.lora_B,5
1768387863.0224063,828,25.90625,0.6045482158660889,Grad/qkv.lora_B,outputs_dev/vitb16/T=vtab_Q=3bit_L=lora_2_qkv-fc1-proj-fc2/cifar/20260114184203_default_acc=53.50/tensorboard/Grad_qkv.lora_B_block_5/events.out.tfevents.1768387346.master-192-168-8-48.1680.3,qkv.lora_B,5
1768387863.455978,829,25.9375,0.3304485082626343,Grad/qkv.lora_B,outputs_dev/vitb16/T=vtab_Q=3bit_L=lora_2_qkv-fc1-proj-fc2/cifar/20260114184203_default_acc=53.50/tensorboard/Grad_qkv.lora_B_block_5/events.out.tfevents.1768387346.master-192-168-8-48.1680.3,qkv.lora_B,5
1768387863.8971338,830,25.96875,0.23229877650737762,Grad/qkv.lora_B,outputs_dev/vitb16/T=vtab_Q=3bit_L=lora_2_qkv-fc1-proj-fc2/cifar/20260114184203_default_acc=53.50/tensorboard/Grad_qkv.lora_B_block_5/events.out.tfevents.1768387346.master-192-168-8-48.1680.3,qkv.lora_B,5
1768387864.1197028,831,26.0,0.7811224460601807,Grad/qkv.lora_B,outputs_dev/vitb16/T=vtab_Q=3bit_L=lora_2_qkv-fc1-proj-fc2/cifar/20260114184203_default_acc=53.50/tensorboard/Grad_qkv.lora_B_block_5/events.out.tfevents.1768387346.master-192-168-8-48.1680.3,qkv.lora_B,5
1768387864.8146274,832,26.03125,0.5655936002731323,Grad/qkv.lora_B,outputs_dev/vitb16/T=vtab_Q=3bit_L=lora_2_qkv-fc1-proj-fc2/cifar/20260114184203_default_acc=53.50/tensorboard/Grad_qkv.lora_B_block_5/events.out.tfevents.1768387346.master-192-168-8-48.1680.3,qkv.lora_B,5
1768387865.2434244,833,26.0625,0.22864122688770294,Grad/qkv.lora_B,outputs_dev/vitb16/T=vtab_Q=3bit_L=lora_2_qkv-fc1-proj-fc2/cifar/20260114184203_default_acc=53.50/tensorboard/Grad_qkv.lora_B_block_5/events.out.tfevents.1768387346.master-192-168-8-48.1680.3,qkv.lora_B,5
1768387865.6709502,834,26.09375,0.7779476642608643,Grad/qkv.lora_B,outputs_dev/vitb16/T=vtab_Q=3bit_L=lora_2_qkv-fc1-proj-fc2/cifar/20260114184203_default_acc=53.50/tensorboard/Grad_qkv.lora_B_block_5/events.out.tfevents.1768387346.master-192-168-8-48.1680.3,qkv.lora_B,5
1768387866.0967357,835,26.125,0.39512917399406433,Grad/qkv.lora_B,outputs_dev/vitb16/T=vtab_Q=3bit_L=lora_2_qkv-fc1-proj-fc2/cifar/20260114184203_default_acc=53.50/tensorboard/Grad_qkv.lora_B_block_5/events.out.tfevents.1768387346.master-192-168-8-48.1680.3,qkv.lora_B,5
1768387866.5267732,836,26.15625,0.43611112236976624,Grad/qkv.lora_B,outputs_dev/vitb16/T=vtab_Q=3bit_L=lora_2_qkv-fc1-proj-fc2/cifar/20260114184203_default_acc=53.50/tensorboard/Grad_qkv.lora_B_block_5/events.out.tfevents.1768387346.master-192-168-8-48.1680.3,qkv.lora_B,5
1768387866.9680967,837,26.1875,0.4218894839286804,Grad/qkv.lora_B,outputs_dev/vitb16/T=vtab_Q=3bit_L=lora_2_qkv-fc1-proj-fc2/cifar/20260114184203_default_acc=53.50/tensorboard/Grad_qkv.lora_B_block_5/events.out.tfevents.1768387346.master-192-168-8-48.1680.3,qkv.lora_B,5
1768387867.395818,838,26.21875,0.42249929904937744,Grad/qkv.lora_B,outputs_dev/vitb16/T=vtab_Q=3bit_L=lora_2_qkv-fc1-proj-fc2/cifar/20260114184203_default_acc=53.50/tensorboard/Grad_qkv.lora_B_block_5/events.out.tfevents.1768387346.master-192-168-8-48.1680.3,qkv.lora_B,5
1768387867.832065,839,26.25,0.279186487197876,Grad/qkv.lora_B,outputs_dev/vitb16/T=vtab_Q=3bit_L=lora_2_qkv-fc1-proj-fc2/cifar/20260114184203_default_acc=53.50/tensorboard/Grad_qkv.lora_B_block_5/events.out.tfevents.1768387346.master-192-168-8-48.1680.3,qkv.lora_B,5
1768387868.268358,840,26.28125,0.3512187600135803,Grad/qkv.lora_B,outputs_dev/vitb16/T=vtab_Q=3bit_L=lora_2_qkv-fc1-proj-fc2/cifar/20260114184203_default_acc=53.50/tensorboard/Grad_qkv.lora_B_block_5/events.out.tfevents.1768387346.master-192-168-8-48.1680.3,qkv.lora_B,5
1768387868.69337,841,26.3125,0.3390427529811859,Grad/qkv.lora_B,outputs_dev/vitb16/T=vtab_Q=3bit_L=lora_2_qkv-fc1-proj-fc2/cifar/20260114184203_default_acc=53.50/tensorboard/Grad_qkv.lora_B_block_5/events.out.tfevents.1768387346.master-192-168-8-48.1680.3,qkv.lora_B,5
1768387869.1159654,842,26.34375,0.22568057477474213,Grad/qkv.lora_B,outputs_dev/vitb16/T=vtab_Q=3bit_L=lora_2_qkv-fc1-proj-fc2/cifar/20260114184203_default_acc=53.50/tensorboard/Grad_qkv.lora_B_block_5/events.out.tfevents.1768387346.master-192-168-8-48.1680.3,qkv.lora_B,5
1768387869.5537722,843,26.375,0.30794557929039,Grad/qkv.lora_B,outputs_dev/vitb16/T=vtab_Q=3bit_L=lora_2_qkv-fc1-proj-fc2/cifar/20260114184203_default_acc=53.50/tensorboard/Grad_qkv.lora_B_block_5/events.out.tfevents.1768387346.master-192-168-8-48.1680.3,qkv.lora_B,5
1768387870.0045273,844,26.40625,0.40801748633384705,Grad/qkv.lora_B,outputs_dev/vitb16/T=vtab_Q=3bit_L=lora_2_qkv-fc1-proj-fc2/cifar/20260114184203_default_acc=53.50/tensorboard/Grad_qkv.lora_B_block_5/events.out.tfevents.1768387346.master-192-168-8-48.1680.3,qkv.lora_B,5
1768387870.4323835,845,26.4375,0.36204689741134644,Grad/qkv.lora_B,outputs_dev/vitb16/T=vtab_Q=3bit_L=lora_2_qkv-fc1-proj-fc2/cifar/20260114184203_default_acc=53.50/tensorboard/Grad_qkv.lora_B_block_5/events.out.tfevents.1768387346.master-192-168-8-48.1680.3,qkv.lora_B,5
1768387870.8735986,846,26.46875,0.2715291976928711,Grad/qkv.lora_B,outputs_dev/vitb16/T=vtab_Q=3bit_L=lora_2_qkv-fc1-proj-fc2/cifar/20260114184203_default_acc=53.50/tensorboard/Grad_qkv.lora_B_block_5/events.out.tfevents.1768387346.master-192-168-8-48.1680.3,qkv.lora_B,5
1768387871.301761,847,26.5,0.25153103470802307,Grad/qkv.lora_B,outputs_dev/vitb16/T=vtab_Q=3bit_L=lora_2_qkv-fc1-proj-fc2/cifar/20260114184203_default_acc=53.50/tensorboard/Grad_qkv.lora_B_block_5/events.out.tfevents.1768387346.master-192-168-8-48.1680.3,qkv.lora_B,5
1768387871.717678,848,26.53125,0.34891587495803833,Grad/qkv.lora_B,outputs_dev/vitb16/T=vtab_Q=3bit_L=lora_2_qkv-fc1-proj-fc2/cifar/20260114184203_default_acc=53.50/tensorboard/Grad_qkv.lora_B_block_5/events.out.tfevents.1768387346.master-192-168-8-48.1680.3,qkv.lora_B,5
1768387872.1461477,849,26.5625,0.4332351088523865,Grad/qkv.lora_B,outputs_dev/vitb16/T=vtab_Q=3bit_L=lora_2_qkv-fc1-proj-fc2/cifar/20260114184203_default_acc=53.50/tensorboard/Grad_qkv.lora_B_block_5/events.out.tfevents.1768387346.master-192-168-8-48.1680.3,qkv.lora_B,5
1768387872.5750577,850,26.59375,0.3324248492717743,Grad/qkv.lora_B,outputs_dev/vitb16/T=vtab_Q=3bit_L=lora_2_qkv-fc1-proj-fc2/cifar/20260114184203_default_acc=53.50/tensorboard/Grad_qkv.lora_B_block_5/events.out.tfevents.1768387346.master-192-168-8-48.1680.3,qkv.lora_B,5
1768387872.994069,851,26.625,0.20960259437561035,Grad/qkv.lora_B,outputs_dev/vitb16/T=vtab_Q=3bit_L=lora_2_qkv-fc1-proj-fc2/cifar/20260114184203_default_acc=53.50/tensorboard/Grad_qkv.lora_B_block_5/events.out.tfevents.1768387346.master-192-168-8-48.1680.3,qkv.lora_B,5
1768387873.4163747,852,26.65625,1.091610312461853,Grad/qkv.lora_B,outputs_dev/vitb16/T=vtab_Q=3bit_L=lora_2_qkv-fc1-proj-fc2/cifar/20260114184203_default_acc=53.50/tensorboard/Grad_qkv.lora_B_block_5/events.out.tfevents.1768387346.master-192-168-8-48.1680.3,qkv.lora_B,5
1768387873.8478134,853,26.6875,0.5436819791793823,Grad/qkv.lora_B,outputs_dev/vitb16/T=vtab_Q=3bit_L=lora_2_qkv-fc1-proj-fc2/cifar/20260114184203_default_acc=53.50/tensorboard/Grad_qkv.lora_B_block_5/events.out.tfevents.1768387346.master-192-168-8-48.1680.3,qkv.lora_B,5
1768387874.2773752,854,26.71875,1.1836234331130981,Grad/qkv.lora_B,outputs_dev/vitb16/T=vtab_Q=3bit_L=lora_2_qkv-fc1-proj-fc2/cifar/20260114184203_default_acc=53.50/tensorboard/Grad_qkv.lora_B_block_5/events.out.tfevents.1768387346.master-192-168-8-48.1680.3,qkv.lora_B,5
1768387874.705858,855,26.75,0.22478830814361572,Grad/qkv.lora_B,outputs_dev/vitb16/T=vtab_Q=3bit_L=lora_2_qkv-fc1-proj-fc2/cifar/20260114184203_default_acc=53.50/tensorboard/Grad_qkv.lora_B_block_5/events.out.tfevents.1768387346.master-192-168-8-48.1680.3,qkv.lora_B,5
1768387875.1340556,856,26.78125,0.690183162689209,Grad/qkv.lora_B,outputs_dev/vitb16/T=vtab_Q=3bit_L=lora_2_qkv-fc1-proj-fc2/cifar/20260114184203_default_acc=53.50/tensorboard/Grad_qkv.lora_B_block_5/events.out.tfevents.1768387346.master-192-168-8-48.1680.3,qkv.lora_B,5
1768387875.5787303,857,26.8125,0.22391876578330994,Grad/qkv.lora_B,outputs_dev/vitb16/T=vtab_Q=3bit_L=lora_2_qkv-fc1-proj-fc2/cifar/20260114184203_default_acc=53.50/tensorboard/Grad_qkv.lora_B_block_5/events.out.tfevents.1768387346.master-192-168-8-48.1680.3,qkv.lora_B,5
1768387876.0073743,858,26.84375,0.4020431637763977,Grad/qkv.lora_B,outputs_dev/vitb16/T=vtab_Q=3bit_L=lora_2_qkv-fc1-proj-fc2/cifar/20260114184203_default_acc=53.50/tensorboard/Grad_qkv.lora_B_block_5/events.out.tfevents.1768387346.master-192-168-8-48.1680.3,qkv.lora_B,5
1768387876.4437385,859,26.875,0.37262505292892456,Grad/qkv.lora_B,outputs_dev/vitb16/T=vtab_Q=3bit_L=lora_2_qkv-fc1-proj-fc2/cifar/20260114184203_default_acc=53.50/tensorboard/Grad_qkv.lora_B_block_5/events.out.tfevents.1768387346.master-192-168-8-48.1680.3,qkv.lora_B,5
1768387876.8539417,860,26.90625,0.5690721869468689,Grad/qkv.lora_B,outputs_dev/vitb16/T=vtab_Q=3bit_L=lora_2_qkv-fc1-proj-fc2/cifar/20260114184203_default_acc=53.50/tensorboard/Grad_qkv.lora_B_block_5/events.out.tfevents.1768387346.master-192-168-8-48.1680.3,qkv.lora_B,5
1768387877.27517,861,26.9375,0.37587112188339233,Grad/qkv.lora_B,outputs_dev/vitb16/T=vtab_Q=3bit_L=lora_2_qkv-fc1-proj-fc2/cifar/20260114184203_default_acc=53.50/tensorboard/Grad_qkv.lora_B_block_5/events.out.tfevents.1768387346.master-192-168-8-48.1680.3,qkv.lora_B,5
1768387877.710854,862,26.96875,0.3845421373844147,Grad/qkv.lora_B,outputs_dev/vitb16/T=vtab_Q=3bit_L=lora_2_qkv-fc1-proj-fc2/cifar/20260114184203_default_acc=53.50/tensorboard/Grad_qkv.lora_B_block_5/events.out.tfevents.1768387346.master-192-168-8-48.1680.3,qkv.lora_B,5
1768387877.9276788,863,27.0,0.2990829050540924,Grad/qkv.lora_B,outputs_dev/vitb16/T=vtab_Q=3bit_L=lora_2_qkv-fc1-proj-fc2/cifar/20260114184203_default_acc=53.50/tensorboard/Grad_qkv.lora_B_block_5/events.out.tfevents.1768387346.master-192-168-8-48.1680.3,qkv.lora_B,5
1768387878.5694206,864,27.03125,0.23601767420768738,Grad/qkv.lora_B,outputs_dev/vitb16/T=vtab_Q=3bit_L=lora_2_qkv-fc1-proj-fc2/cifar/20260114184203_default_acc=53.50/tensorboard/Grad_qkv.lora_B_block_5/events.out.tfevents.1768387346.master-192-168-8-48.1680.3,qkv.lora_B,5
1768387878.9947042,865,27.0625,0.24040424823760986,Grad/qkv.lora_B,outputs_dev/vitb16/T=vtab_Q=3bit_L=lora_2_qkv-fc1-proj-fc2/cifar/20260114184203_default_acc=53.50/tensorboard/Grad_qkv.lora_B_block_5/events.out.tfevents.1768387346.master-192-168-8-48.1680.3,qkv.lora_B,5
1768387879.4191966,866,27.09375,0.31385594606399536,Grad/qkv.lora_B,outputs_dev/vitb16/T=vtab_Q=3bit_L=lora_2_qkv-fc1-proj-fc2/cifar/20260114184203_default_acc=53.50/tensorboard/Grad_qkv.lora_B_block_5/events.out.tfevents.1768387346.master-192-168-8-48.1680.3,qkv.lora_B,5
1768387879.8432841,867,27.125,0.2395700067281723,Grad/qkv.lora_B,outputs_dev/vitb16/T=vtab_Q=3bit_L=lora_2_qkv-fc1-proj-fc2/cifar/20260114184203_default_acc=53.50/tensorboard/Grad_qkv.lora_B_block_5/events.out.tfevents.1768387346.master-192-168-8-48.1680.3,qkv.lora_B,5
1768387880.2700365,868,27.15625,0.19642199575901031,Grad/qkv.lora_B,outputs_dev/vitb16/T=vtab_Q=3bit_L=lora_2_qkv-fc1-proj-fc2/cifar/20260114184203_default_acc=53.50/tensorboard/Grad_qkv.lora_B_block_5/events.out.tfevents.1768387346.master-192-168-8-48.1680.3,qkv.lora_B,5
1768387880.706134,869,27.1875,0.4014395475387573,Grad/qkv.lora_B,outputs_dev/vitb16/T=vtab_Q=3bit_L=lora_2_qkv-fc1-proj-fc2/cifar/20260114184203_default_acc=53.50/tensorboard/Grad_qkv.lora_B_block_5/events.out.tfevents.1768387346.master-192-168-8-48.1680.3,qkv.lora_B,5
1768387881.1543994,870,27.21875,0.3476001024246216,Grad/qkv.lora_B,outputs_dev/vitb16/T=vtab_Q=3bit_L=lora_2_qkv-fc1-proj-fc2/cifar/20260114184203_default_acc=53.50/tensorboard/Grad_qkv.lora_B_block_5/events.out.tfevents.1768387346.master-192-168-8-48.1680.3,qkv.lora_B,5
1768387881.5955427,871,27.25,0.3182375729084015,Grad/qkv.lora_B,outputs_dev/vitb16/T=vtab_Q=3bit_L=lora_2_qkv-fc1-proj-fc2/cifar/20260114184203_default_acc=53.50/tensorboard/Grad_qkv.lora_B_block_5/events.out.tfevents.1768387346.master-192-168-8-48.1680.3,qkv.lora_B,5
1768387882.0422392,872,27.28125,0.3613812029361725,Grad/qkv.lora_B,outputs_dev/vitb16/T=vtab_Q=3bit_L=lora_2_qkv-fc1-proj-fc2/cifar/20260114184203_default_acc=53.50/tensorboard/Grad_qkv.lora_B_block_5/events.out.tfevents.1768387346.master-192-168-8-48.1680.3,qkv.lora_B,5
1768387882.4724033,873,27.3125,0.43927961587905884,Grad/qkv.lora_B,outputs_dev/vitb16/T=vtab_Q=3bit_L=lora_2_qkv-fc1-proj-fc2/cifar/20260114184203_default_acc=53.50/tensorboard/Grad_qkv.lora_B_block_5/events.out.tfevents.1768387346.master-192-168-8-48.1680.3,qkv.lora_B,5
1768387882.8953874,874,27.34375,0.4190708100795746,Grad/qkv.lora_B,outputs_dev/vitb16/T=vtab_Q=3bit_L=lora_2_qkv-fc1-proj-fc2/cifar/20260114184203_default_acc=53.50/tensorboard/Grad_qkv.lora_B_block_5/events.out.tfevents.1768387346.master-192-168-8-48.1680.3,qkv.lora_B,5
1768387883.318348,875,27.375,0.3008275032043457,Grad/qkv.lora_B,outputs_dev/vitb16/T=vtab_Q=3bit_L=lora_2_qkv-fc1-proj-fc2/cifar/20260114184203_default_acc=53.50/tensorboard/Grad_qkv.lora_B_block_5/events.out.tfevents.1768387346.master-192-168-8-48.1680.3,qkv.lora_B,5
1768387883.756039,876,27.40625,0.3200431168079376,Grad/qkv.lora_B,outputs_dev/vitb16/T=vtab_Q=3bit_L=lora_2_qkv-fc1-proj-fc2/cifar/20260114184203_default_acc=53.50/tensorboard/Grad_qkv.lora_B_block_5/events.out.tfevents.1768387346.master-192-168-8-48.1680.3,qkv.lora_B,5
1768387884.1824498,877,27.4375,0.37737131118774414,Grad/qkv.lora_B,outputs_dev/vitb16/T=vtab_Q=3bit_L=lora_2_qkv-fc1-proj-fc2/cifar/20260114184203_default_acc=53.50/tensorboard/Grad_qkv.lora_B_block_5/events.out.tfevents.1768387346.master-192-168-8-48.1680.3,qkv.lora_B,5
1768387884.606583,878,27.46875,0.5098364949226379,Grad/qkv.lora_B,outputs_dev/vitb16/T=vtab_Q=3bit_L=lora_2_qkv-fc1-proj-fc2/cifar/20260114184203_default_acc=53.50/tensorboard/Grad_qkv.lora_B_block_5/events.out.tfevents.1768387346.master-192-168-8-48.1680.3,qkv.lora_B,5
1768387885.030413,879,27.5,0.23889711499214172,Grad/qkv.lora_B,outputs_dev/vitb16/T=vtab_Q=3bit_L=lora_2_qkv-fc1-proj-fc2/cifar/20260114184203_default_acc=53.50/tensorboard/Grad_qkv.lora_B_block_5/events.out.tfevents.1768387346.master-192-168-8-48.1680.3,qkv.lora_B,5
1768387885.4547367,880,27.53125,0.3108688294887543,Grad/qkv.lora_B,outputs_dev/vitb16/T=vtab_Q=3bit_L=lora_2_qkv-fc1-proj-fc2/cifar/20260114184203_default_acc=53.50/tensorboard/Grad_qkv.lora_B_block_5/events.out.tfevents.1768387346.master-192-168-8-48.1680.3,qkv.lora_B,5
1768387885.8794796,881,27.5625,0.5956993103027344,Grad/qkv.lora_B,outputs_dev/vitb16/T=vtab_Q=3bit_L=lora_2_qkv-fc1-proj-fc2/cifar/20260114184203_default_acc=53.50/tensorboard/Grad_qkv.lora_B_block_5/events.out.tfevents.1768387346.master-192-168-8-48.1680.3,qkv.lora_B,5
1768387886.3006232,882,27.59375,0.593600869178772,Grad/qkv.lora_B,outputs_dev/vitb16/T=vtab_Q=3bit_L=lora_2_qkv-fc1-proj-fc2/cifar/20260114184203_default_acc=53.50/tensorboard/Grad_qkv.lora_B_block_5/events.out.tfevents.1768387346.master-192-168-8-48.1680.3,qkv.lora_B,5
1768387886.7248204,883,27.625,0.27485838532447815,Grad/qkv.lora_B,outputs_dev/vitb16/T=vtab_Q=3bit_L=lora_2_qkv-fc1-proj-fc2/cifar/20260114184203_default_acc=53.50/tensorboard/Grad_qkv.lora_B_block_5/events.out.tfevents.1768387346.master-192-168-8-48.1680.3,qkv.lora_B,5
1768387887.1489403,884,27.65625,0.22132985293865204,Grad/qkv.lora_B,outputs_dev/vitb16/T=vtab_Q=3bit_L=lora_2_qkv-fc1-proj-fc2/cifar/20260114184203_default_acc=53.50/tensorboard/Grad_qkv.lora_B_block_5/events.out.tfevents.1768387346.master-192-168-8-48.1680.3,qkv.lora_B,5
1768387887.5722644,885,27.6875,0.2698014974594116,Grad/qkv.lora_B,outputs_dev/vitb16/T=vtab_Q=3bit_L=lora_2_qkv-fc1-proj-fc2/cifar/20260114184203_default_acc=53.50/tensorboard/Grad_qkv.lora_B_block_5/events.out.tfevents.1768387346.master-192-168-8-48.1680.3,qkv.lora_B,5
1768387887.989684,886,27.71875,0.3926679491996765,Grad/qkv.lora_B,outputs_dev/vitb16/T=vtab_Q=3bit_L=lora_2_qkv-fc1-proj-fc2/cifar/20260114184203_default_acc=53.50/tensorboard/Grad_qkv.lora_B_block_5/events.out.tfevents.1768387346.master-192-168-8-48.1680.3,qkv.lora_B,5
1768387888.414326,887,27.75,0.33034032583236694,Grad/qkv.lora_B,outputs_dev/vitb16/T=vtab_Q=3bit_L=lora_2_qkv-fc1-proj-fc2/cifar/20260114184203_default_acc=53.50/tensorboard/Grad_qkv.lora_B_block_5/events.out.tfevents.1768387346.master-192-168-8-48.1680.3,qkv.lora_B,5
1768387888.8390808,888,27.78125,0.9249557256698608,Grad/qkv.lora_B,outputs_dev/vitb16/T=vtab_Q=3bit_L=lora_2_qkv-fc1-proj-fc2/cifar/20260114184203_default_acc=53.50/tensorboard/Grad_qkv.lora_B_block_5/events.out.tfevents.1768387346.master-192-168-8-48.1680.3,qkv.lora_B,5
1768387889.2812088,889,27.8125,0.5141013264656067,Grad/qkv.lora_B,outputs_dev/vitb16/T=vtab_Q=3bit_L=lora_2_qkv-fc1-proj-fc2/cifar/20260114184203_default_acc=53.50/tensorboard/Grad_qkv.lora_B_block_5/events.out.tfevents.1768387346.master-192-168-8-48.1680.3,qkv.lora_B,5
1768387889.7045445,890,27.84375,0.44550397992134094,Grad/qkv.lora_B,outputs_dev/vitb16/T=vtab_Q=3bit_L=lora_2_qkv-fc1-proj-fc2/cifar/20260114184203_default_acc=53.50/tensorboard/Grad_qkv.lora_B_block_5/events.out.tfevents.1768387346.master-192-168-8-48.1680.3,qkv.lora_B,5
1768387890.1312904,891,27.875,0.49348703026771545,Grad/qkv.lora_B,outputs_dev/vitb16/T=vtab_Q=3bit_L=lora_2_qkv-fc1-proj-fc2/cifar/20260114184203_default_acc=53.50/tensorboard/Grad_qkv.lora_B_block_5/events.out.tfevents.1768387346.master-192-168-8-48.1680.3,qkv.lora_B,5
1768387890.5537724,892,27.90625,0.3471290171146393,Grad/qkv.lora_B,outputs_dev/vitb16/T=vtab_Q=3bit_L=lora_2_qkv-fc1-proj-fc2/cifar/20260114184203_default_acc=53.50/tensorboard/Grad_qkv.lora_B_block_5/events.out.tfevents.1768387346.master-192-168-8-48.1680.3,qkv.lora_B,5
1768387890.9759893,893,27.9375,0.31121379137039185,Grad/qkv.lora_B,outputs_dev/vitb16/T=vtab_Q=3bit_L=lora_2_qkv-fc1-proj-fc2/cifar/20260114184203_default_acc=53.50/tensorboard/Grad_qkv.lora_B_block_5/events.out.tfevents.1768387346.master-192-168-8-48.1680.3,qkv.lora_B,5
1768387891.3982136,894,27.96875,0.39512577652931213,Grad/qkv.lora_B,outputs_dev/vitb16/T=vtab_Q=3bit_L=lora_2_qkv-fc1-proj-fc2/cifar/20260114184203_default_acc=53.50/tensorboard/Grad_qkv.lora_B_block_5/events.out.tfevents.1768387346.master-192-168-8-48.1680.3,qkv.lora_B,5
1768387891.6003263,895,28.0,0.603096604347229,Grad/qkv.lora_B,outputs_dev/vitb16/T=vtab_Q=3bit_L=lora_2_qkv-fc1-proj-fc2/cifar/20260114184203_default_acc=53.50/tensorboard/Grad_qkv.lora_B_block_5/events.out.tfevents.1768387346.master-192-168-8-48.1680.3,qkv.lora_B,5
1768387892.3218174,896,28.03125,0.3218078315258026,Grad/qkv.lora_B,outputs_dev/vitb16/T=vtab_Q=3bit_L=lora_2_qkv-fc1-proj-fc2/cifar/20260114184203_default_acc=53.50/tensorboard/Grad_qkv.lora_B_block_5/events.out.tfevents.1768387346.master-192-168-8-48.1680.3,qkv.lora_B,5
1768387892.7507713,897,28.0625,0.2038102000951767,Grad/qkv.lora_B,outputs_dev/vitb16/T=vtab_Q=3bit_L=lora_2_qkv-fc1-proj-fc2/cifar/20260114184203_default_acc=53.50/tensorboard/Grad_qkv.lora_B_block_5/events.out.tfevents.1768387346.master-192-168-8-48.1680.3,qkv.lora_B,5
1768387893.1844792,898,28.09375,0.7729604244232178,Grad/qkv.lora_B,outputs_dev/vitb16/T=vtab_Q=3bit_L=lora_2_qkv-fc1-proj-fc2/cifar/20260114184203_default_acc=53.50/tensorboard/Grad_qkv.lora_B_block_5/events.out.tfevents.1768387346.master-192-168-8-48.1680.3,qkv.lora_B,5
1768387893.6155498,899,28.125,0.45328330993652344,Grad/qkv.lora_B,outputs_dev/vitb16/T=vtab_Q=3bit_L=lora_2_qkv-fc1-proj-fc2/cifar/20260114184203_default_acc=53.50/tensorboard/Grad_qkv.lora_B_block_5/events.out.tfevents.1768387346.master-192-168-8-48.1680.3,qkv.lora_B,5
1768387894.039539,900,28.15625,0.3584693372249603,Grad/qkv.lora_B,outputs_dev/vitb16/T=vtab_Q=3bit_L=lora_2_qkv-fc1-proj-fc2/cifar/20260114184203_default_acc=53.50/tensorboard/Grad_qkv.lora_B_block_5/events.out.tfevents.1768387346.master-192-168-8-48.1680.3,qkv.lora_B,5
1768387894.4659855,901,28.1875,0.18454723060131073,Grad/qkv.lora_B,outputs_dev/vitb16/T=vtab_Q=3bit_L=lora_2_qkv-fc1-proj-fc2/cifar/20260114184203_default_acc=53.50/tensorboard/Grad_qkv.lora_B_block_5/events.out.tfevents.1768387346.master-192-168-8-48.1680.3,qkv.lora_B,5
1768387894.8873067,902,28.21875,0.29587772488594055,Grad/qkv.lora_B,outputs_dev/vitb16/T=vtab_Q=3bit_L=lora_2_qkv-fc1-proj-fc2/cifar/20260114184203_default_acc=53.50/tensorboard/Grad_qkv.lora_B_block_5/events.out.tfevents.1768387346.master-192-168-8-48.1680.3,qkv.lora_B,5
1768387895.3101835,903,28.25,0.18099375069141388,Grad/qkv.lora_B,outputs_dev/vitb16/T=vtab_Q=3bit_L=lora_2_qkv-fc1-proj-fc2/cifar/20260114184203_default_acc=53.50/tensorboard/Grad_qkv.lora_B_block_5/events.out.tfevents.1768387346.master-192-168-8-48.1680.3,qkv.lora_B,5
1768387895.7341926,904,28.28125,0.15759560465812683,Grad/qkv.lora_B,outputs_dev/vitb16/T=vtab_Q=3bit_L=lora_2_qkv-fc1-proj-fc2/cifar/20260114184203_default_acc=53.50/tensorboard/Grad_qkv.lora_B_block_5/events.out.tfevents.1768387346.master-192-168-8-48.1680.3,qkv.lora_B,5
1768387896.1571877,905,28.3125,0.40869951248168945,Grad/qkv.lora_B,outputs_dev/vitb16/T=vtab_Q=3bit_L=lora_2_qkv-fc1-proj-fc2/cifar/20260114184203_default_acc=53.50/tensorboard/Grad_qkv.lora_B_block_5/events.out.tfevents.1768387346.master-192-168-8-48.1680.3,qkv.lora_B,5
1768387896.5790572,906,28.34375,0.30742311477661133,Grad/qkv.lora_B,outputs_dev/vitb16/T=vtab_Q=3bit_L=lora_2_qkv-fc1-proj-fc2/cifar/20260114184203_default_acc=53.50/tensorboard/Grad_qkv.lora_B_block_5/events.out.tfevents.1768387346.master-192-168-8-48.1680.3,qkv.lora_B,5
1768387897.004245,907,28.375,1.0008141994476318,Grad/qkv.lora_B,outputs_dev/vitb16/T=vtab_Q=3bit_L=lora_2_qkv-fc1-proj-fc2/cifar/20260114184203_default_acc=53.50/tensorboard/Grad_qkv.lora_B_block_5/events.out.tfevents.1768387346.master-192-168-8-48.1680.3,qkv.lora_B,5
1768387897.442313,908,28.40625,0.2507467567920685,Grad/qkv.lora_B,outputs_dev/vitb16/T=vtab_Q=3bit_L=lora_2_qkv-fc1-proj-fc2/cifar/20260114184203_default_acc=53.50/tensorboard/Grad_qkv.lora_B_block_5/events.out.tfevents.1768387346.master-192-168-8-48.1680.3,qkv.lora_B,5
1768387897.8829465,909,28.4375,0.267723023891449,Grad/qkv.lora_B,outputs_dev/vitb16/T=vtab_Q=3bit_L=lora_2_qkv-fc1-proj-fc2/cifar/20260114184203_default_acc=53.50/tensorboard/Grad_qkv.lora_B_block_5/events.out.tfevents.1768387346.master-192-168-8-48.1680.3,qkv.lora_B,5
1768387898.3082063,910,28.46875,0.197116419672966,Grad/qkv.lora_B,outputs_dev/vitb16/T=vtab_Q=3bit_L=lora_2_qkv-fc1-proj-fc2/cifar/20260114184203_default_acc=53.50/tensorboard/Grad_qkv.lora_B_block_5/events.out.tfevents.1768387346.master-192-168-8-48.1680.3,qkv.lora_B,5
1768387898.7338412,911,28.5,0.34286752343177795,Grad/qkv.lora_B,outputs_dev/vitb16/T=vtab_Q=3bit_L=lora_2_qkv-fc1-proj-fc2/cifar/20260114184203_default_acc=53.50/tensorboard/Grad_qkv.lora_B_block_5/events.out.tfevents.1768387346.master-192-168-8-48.1680.3,qkv.lora_B,5
1768387899.155422,912,28.53125,0.309375524520874,Grad/qkv.lora_B,outputs_dev/vitb16/T=vtab_Q=3bit_L=lora_2_qkv-fc1-proj-fc2/cifar/20260114184203_default_acc=53.50/tensorboard/Grad_qkv.lora_B_block_5/events.out.tfevents.1768387346.master-192-168-8-48.1680.3,qkv.lora_B,5
1768387899.5795279,913,28.5625,0.4009222090244293,Grad/qkv.lora_B,outputs_dev/vitb16/T=vtab_Q=3bit_L=lora_2_qkv-fc1-proj-fc2/cifar/20260114184203_default_acc=53.50/tensorboard/Grad_qkv.lora_B_block_5/events.out.tfevents.1768387346.master-192-168-8-48.1680.3,qkv.lora_B,5
1768387900.0047848,914,28.59375,0.5926716923713684,Grad/qkv.lora_B,outputs_dev/vitb16/T=vtab_Q=3bit_L=lora_2_qkv-fc1-proj-fc2/cifar/20260114184203_default_acc=53.50/tensorboard/Grad_qkv.lora_B_block_5/events.out.tfevents.1768387346.master-192-168-8-48.1680.3,qkv.lora_B,5
1768387900.426957,915,28.625,0.1600341498851776,Grad/qkv.lora_B,outputs_dev/vitb16/T=vtab_Q=3bit_L=lora_2_qkv-fc1-proj-fc2/cifar/20260114184203_default_acc=53.50/tensorboard/Grad_qkv.lora_B_block_5/events.out.tfevents.1768387346.master-192-168-8-48.1680.3,qkv.lora_B,5
1768387900.8517084,916,28.65625,0.34731414914131165,Grad/qkv.lora_B,outputs_dev/vitb16/T=vtab_Q=3bit_L=lora_2_qkv-fc1-proj-fc2/cifar/20260114184203_default_acc=53.50/tensorboard/Grad_qkv.lora_B_block_5/events.out.tfevents.1768387346.master-192-168-8-48.1680.3,qkv.lora_B,5
1768387901.2752461,917,28.6875,0.41103968024253845,Grad/qkv.lora_B,outputs_dev/vitb16/T=vtab_Q=3bit_L=lora_2_qkv-fc1-proj-fc2/cifar/20260114184203_default_acc=53.50/tensorboard/Grad_qkv.lora_B_block_5/events.out.tfevents.1768387346.master-192-168-8-48.1680.3,qkv.lora_B,5
1768387901.6992486,918,28.71875,0.4285289943218231,Grad/qkv.lora_B,outputs_dev/vitb16/T=vtab_Q=3bit_L=lora_2_qkv-fc1-proj-fc2/cifar/20260114184203_default_acc=53.50/tensorboard/Grad_qkv.lora_B_block_5/events.out.tfevents.1768387346.master-192-168-8-48.1680.3,qkv.lora_B,5
1768387902.1415908,919,28.75,0.2189313769340515,Grad/qkv.lora_B,outputs_dev/vitb16/T=vtab_Q=3bit_L=lora_2_qkv-fc1-proj-fc2/cifar/20260114184203_default_acc=53.50/tensorboard/Grad_qkv.lora_B_block_5/events.out.tfevents.1768387346.master-192-168-8-48.1680.3,qkv.lora_B,5
1768387902.577514,920,28.78125,0.3200216591358185,Grad/qkv.lora_B,outputs_dev/vitb16/T=vtab_Q=3bit_L=lora_2_qkv-fc1-proj-fc2/cifar/20260114184203_default_acc=53.50/tensorboard/Grad_qkv.lora_B_block_5/events.out.tfevents.1768387346.master-192-168-8-48.1680.3,qkv.lora_B,5
1768387903.020215,921,28.8125,0.2850492000579834,Grad/qkv.lora_B,outputs_dev/vitb16/T=vtab_Q=3bit_L=lora_2_qkv-fc1-proj-fc2/cifar/20260114184203_default_acc=53.50/tensorboard/Grad_qkv.lora_B_block_5/events.out.tfevents.1768387346.master-192-168-8-48.1680.3,qkv.lora_B,5
1768387903.447284,922,28.84375,0.6714860796928406,Grad/qkv.lora_B,outputs_dev/vitb16/T=vtab_Q=3bit_L=lora_2_qkv-fc1-proj-fc2/cifar/20260114184203_default_acc=53.50/tensorboard/Grad_qkv.lora_B_block_5/events.out.tfevents.1768387346.master-192-168-8-48.1680.3,qkv.lora_B,5
1768387903.871811,923,28.875,0.40666207671165466,Grad/qkv.lora_B,outputs_dev/vitb16/T=vtab_Q=3bit_L=lora_2_qkv-fc1-proj-fc2/cifar/20260114184203_default_acc=53.50/tensorboard/Grad_qkv.lora_B_block_5/events.out.tfevents.1768387346.master-192-168-8-48.1680.3,qkv.lora_B,5
1768387904.307111,924,28.90625,0.2825532555580139,Grad/qkv.lora_B,outputs_dev/vitb16/T=vtab_Q=3bit_L=lora_2_qkv-fc1-proj-fc2/cifar/20260114184203_default_acc=53.50/tensorboard/Grad_qkv.lora_B_block_5/events.out.tfevents.1768387346.master-192-168-8-48.1680.3,qkv.lora_B,5
1768387904.74663,925,28.9375,0.4250243008136749,Grad/qkv.lora_B,outputs_dev/vitb16/T=vtab_Q=3bit_L=lora_2_qkv-fc1-proj-fc2/cifar/20260114184203_default_acc=53.50/tensorboard/Grad_qkv.lora_B_block_5/events.out.tfevents.1768387346.master-192-168-8-48.1680.3,qkv.lora_B,5
1768387905.1666992,926,28.96875,0.5157554745674133,Grad/qkv.lora_B,outputs_dev/vitb16/T=vtab_Q=3bit_L=lora_2_qkv-fc1-proj-fc2/cifar/20260114184203_default_acc=53.50/tensorboard/Grad_qkv.lora_B_block_5/events.out.tfevents.1768387346.master-192-168-8-48.1680.3,qkv.lora_B,5
1768387905.3884113,927,29.0,0.6362462639808655,Grad/qkv.lora_B,outputs_dev/vitb16/T=vtab_Q=3bit_L=lora_2_qkv-fc1-proj-fc2/cifar/20260114184203_default_acc=53.50/tensorboard/Grad_qkv.lora_B_block_5/events.out.tfevents.1768387346.master-192-168-8-48.1680.3,qkv.lora_B,5
1768387906.1118584,928,29.03125,0.4679739475250244,Grad/qkv.lora_B,outputs_dev/vitb16/T=vtab_Q=3bit_L=lora_2_qkv-fc1-proj-fc2/cifar/20260114184203_default_acc=53.50/tensorboard/Grad_qkv.lora_B_block_5/events.out.tfevents.1768387346.master-192-168-8-48.1680.3,qkv.lora_B,5
1768387906.5422845,929,29.0625,0.38262903690338135,Grad/qkv.lora_B,outputs_dev/vitb16/T=vtab_Q=3bit_L=lora_2_qkv-fc1-proj-fc2/cifar/20260114184203_default_acc=53.50/tensorboard/Grad_qkv.lora_B_block_5/events.out.tfevents.1768387346.master-192-168-8-48.1680.3,qkv.lora_B,5
1768387906.9689155,930,29.09375,0.25473061203956604,Grad/qkv.lora_B,outputs_dev/vitb16/T=vtab_Q=3bit_L=lora_2_qkv-fc1-proj-fc2/cifar/20260114184203_default_acc=53.50/tensorboard/Grad_qkv.lora_B_block_5/events.out.tfevents.1768387346.master-192-168-8-48.1680.3,qkv.lora_B,5
1768387907.398214,931,29.125,0.3323656916618347,Grad/qkv.lora_B,outputs_dev/vitb16/T=vtab_Q=3bit_L=lora_2_qkv-fc1-proj-fc2/cifar/20260114184203_default_acc=53.50/tensorboard/Grad_qkv.lora_B_block_5/events.out.tfevents.1768387346.master-192-168-8-48.1680.3,qkv.lora_B,5
1768387907.8272002,932,29.15625,0.3288305699825287,Grad/qkv.lora_B,outputs_dev/vitb16/T=vtab_Q=3bit_L=lora_2_qkv-fc1-proj-fc2/cifar/20260114184203_default_acc=53.50/tensorboard/Grad_qkv.lora_B_block_5/events.out.tfevents.1768387346.master-192-168-8-48.1680.3,qkv.lora_B,5
1768387908.2559142,933,29.1875,0.3372223377227783,Grad/qkv.lora_B,outputs_dev/vitb16/T=vtab_Q=3bit_L=lora_2_qkv-fc1-proj-fc2/cifar/20260114184203_default_acc=53.50/tensorboard/Grad_qkv.lora_B_block_5/events.out.tfevents.1768387346.master-192-168-8-48.1680.3,qkv.lora_B,5
1768387908.6842077,934,29.21875,0.704497218132019,Grad/qkv.lora_B,outputs_dev/vitb16/T=vtab_Q=3bit_L=lora_2_qkv-fc1-proj-fc2/cifar/20260114184203_default_acc=53.50/tensorboard/Grad_qkv.lora_B_block_5/events.out.tfevents.1768387346.master-192-168-8-48.1680.3,qkv.lora_B,5
1768387909.1120136,935,29.25,0.3626307249069214,Grad/qkv.lora_B,outputs_dev/vitb16/T=vtab_Q=3bit_L=lora_2_qkv-fc1-proj-fc2/cifar/20260114184203_default_acc=53.50/tensorboard/Grad_qkv.lora_B_block_5/events.out.tfevents.1768387346.master-192-168-8-48.1680.3,qkv.lora_B,5
1768387909.539351,936,29.28125,0.22796180844306946,Grad/qkv.lora_B,outputs_dev/vitb16/T=vtab_Q=3bit_L=lora_2_qkv-fc1-proj-fc2/cifar/20260114184203_default_acc=53.50/tensorboard/Grad_qkv.lora_B_block_5/events.out.tfevents.1768387346.master-192-168-8-48.1680.3,qkv.lora_B,5
1768387909.9655893,937,29.3125,0.277572900056839,Grad/qkv.lora_B,outputs_dev/vitb16/T=vtab_Q=3bit_L=lora_2_qkv-fc1-proj-fc2/cifar/20260114184203_default_acc=53.50/tensorboard/Grad_qkv.lora_B_block_5/events.out.tfevents.1768387346.master-192-168-8-48.1680.3,qkv.lora_B,5
1768387910.399421,938,29.34375,0.34716570377349854,Grad/qkv.lora_B,outputs_dev/vitb16/T=vtab_Q=3bit_L=lora_2_qkv-fc1-proj-fc2/cifar/20260114184203_default_acc=53.50/tensorboard/Grad_qkv.lora_B_block_5/events.out.tfevents.1768387346.master-192-168-8-48.1680.3,qkv.lora_B,5
1768387910.8287609,939,29.375,0.516035258769989,Grad/qkv.lora_B,outputs_dev/vitb16/T=vtab_Q=3bit_L=lora_2_qkv-fc1-proj-fc2/cifar/20260114184203_default_acc=53.50/tensorboard/Grad_qkv.lora_B_block_5/events.out.tfevents.1768387346.master-192-168-8-48.1680.3,qkv.lora_B,5
1768387911.2569542,940,29.40625,0.30708956718444824,Grad/qkv.lora_B,outputs_dev/vitb16/T=vtab_Q=3bit_L=lora_2_qkv-fc1-proj-fc2/cifar/20260114184203_default_acc=53.50/tensorboard/Grad_qkv.lora_B_block_5/events.out.tfevents.1768387346.master-192-168-8-48.1680.3,qkv.lora_B,5
1768387911.689043,941,29.4375,0.7219918370246887,Grad/qkv.lora_B,outputs_dev/vitb16/T=vtab_Q=3bit_L=lora_2_qkv-fc1-proj-fc2/cifar/20260114184203_default_acc=53.50/tensorboard/Grad_qkv.lora_B_block_5/events.out.tfevents.1768387346.master-192-168-8-48.1680.3,qkv.lora_B,5
1768387912.1192012,942,29.46875,0.2799837291240692,Grad/qkv.lora_B,outputs_dev/vitb16/T=vtab_Q=3bit_L=lora_2_qkv-fc1-proj-fc2/cifar/20260114184203_default_acc=53.50/tensorboard/Grad_qkv.lora_B_block_5/events.out.tfevents.1768387346.master-192-168-8-48.1680.3,qkv.lora_B,5
1768387912.5469177,943,29.5,0.3019644320011139,Grad/qkv.lora_B,outputs_dev/vitb16/T=vtab_Q=3bit_L=lora_2_qkv-fc1-proj-fc2/cifar/20260114184203_default_acc=53.50/tensorboard/Grad_qkv.lora_B_block_5/events.out.tfevents.1768387346.master-192-168-8-48.1680.3,qkv.lora_B,5
1768387912.9750466,944,29.53125,0.24370542168617249,Grad/qkv.lora_B,outputs_dev/vitb16/T=vtab_Q=3bit_L=lora_2_qkv-fc1-proj-fc2/cifar/20260114184203_default_acc=53.50/tensorboard/Grad_qkv.lora_B_block_5/events.out.tfevents.1768387346.master-192-168-8-48.1680.3,qkv.lora_B,5
1768387913.4008646,945,29.5625,0.35668426752090454,Grad/qkv.lora_B,outputs_dev/vitb16/T=vtab_Q=3bit_L=lora_2_qkv-fc1-proj-fc2/cifar/20260114184203_default_acc=53.50/tensorboard/Grad_qkv.lora_B_block_5/events.out.tfevents.1768387346.master-192-168-8-48.1680.3,qkv.lora_B,5
1768387913.8292165,946,29.59375,0.54160475730896,Grad/qkv.lora_B,outputs_dev/vitb16/T=vtab_Q=3bit_L=lora_2_qkv-fc1-proj-fc2/cifar/20260114184203_default_acc=53.50/tensorboard/Grad_qkv.lora_B_block_5/events.out.tfevents.1768387346.master-192-168-8-48.1680.3,qkv.lora_B,5
1768387914.258464,947,29.625,0.15133905410766602,Grad/qkv.lora_B,outputs_dev/vitb16/T=vtab_Q=3bit_L=lora_2_qkv-fc1-proj-fc2/cifar/20260114184203_default_acc=53.50/tensorboard/Grad_qkv.lora_B_block_5/events.out.tfevents.1768387346.master-192-168-8-48.1680.3,qkv.lora_B,5
1768387914.686305,948,29.65625,0.2964043915271759,Grad/qkv.lora_B,outputs_dev/vitb16/T=vtab_Q=3bit_L=lora_2_qkv-fc1-proj-fc2/cifar/20260114184203_default_acc=53.50/tensorboard/Grad_qkv.lora_B_block_5/events.out.tfevents.1768387346.master-192-168-8-48.1680.3,qkv.lora_B,5
1768387915.1060178,949,29.6875,0.20218868553638458,Grad/qkv.lora_B,outputs_dev/vitb16/T=vtab_Q=3bit_L=lora_2_qkv-fc1-proj-fc2/cifar/20260114184203_default_acc=53.50/tensorboard/Grad_qkv.lora_B_block_5/events.out.tfevents.1768387346.master-192-168-8-48.1680.3,qkv.lora_B,5
1768387915.5333183,950,29.71875,0.2532235085964203,Grad/qkv.lora_B,outputs_dev/vitb16/T=vtab_Q=3bit_L=lora_2_qkv-fc1-proj-fc2/cifar/20260114184203_default_acc=53.50/tensorboard/Grad_qkv.lora_B_block_5/events.out.tfevents.1768387346.master-192-168-8-48.1680.3,qkv.lora_B,5
1768387915.960571,951,29.75,0.6364020705223083,Grad/qkv.lora_B,outputs_dev/vitb16/T=vtab_Q=3bit_L=lora_2_qkv-fc1-proj-fc2/cifar/20260114184203_default_acc=53.50/tensorboard/Grad_qkv.lora_B_block_5/events.out.tfevents.1768387346.master-192-168-8-48.1680.3,qkv.lora_B,5
1768387916.3989396,952,29.78125,0.4052099287509918,Grad/qkv.lora_B,outputs_dev/vitb16/T=vtab_Q=3bit_L=lora_2_qkv-fc1-proj-fc2/cifar/20260114184203_default_acc=53.50/tensorboard/Grad_qkv.lora_B_block_5/events.out.tfevents.1768387346.master-192-168-8-48.1680.3,qkv.lora_B,5
1768387916.8258898,953,29.8125,0.39919087290763855,Grad/qkv.lora_B,outputs_dev/vitb16/T=vtab_Q=3bit_L=lora_2_qkv-fc1-proj-fc2/cifar/20260114184203_default_acc=53.50/tensorboard/Grad_qkv.lora_B_block_5/events.out.tfevents.1768387346.master-192-168-8-48.1680.3,qkv.lora_B,5
1768387917.2635286,954,29.84375,0.23280124366283417,Grad/qkv.lora_B,outputs_dev/vitb16/T=vtab_Q=3bit_L=lora_2_qkv-fc1-proj-fc2/cifar/20260114184203_default_acc=53.50/tensorboard/Grad_qkv.lora_B_block_5/events.out.tfevents.1768387346.master-192-168-8-48.1680.3,qkv.lora_B,5
1768387917.6921482,955,29.875,0.21421100199222565,Grad/qkv.lora_B,outputs_dev/vitb16/T=vtab_Q=3bit_L=lora_2_qkv-fc1-proj-fc2/cifar/20260114184203_default_acc=53.50/tensorboard/Grad_qkv.lora_B_block_5/events.out.tfevents.1768387346.master-192-168-8-48.1680.3,qkv.lora_B,5
1768387918.1415312,956,29.90625,0.15183869004249573,Grad/qkv.lora_B,outputs_dev/vitb16/T=vtab_Q=3bit_L=lora_2_qkv-fc1-proj-fc2/cifar/20260114184203_default_acc=53.50/tensorboard/Grad_qkv.lora_B_block_5/events.out.tfevents.1768387346.master-192-168-8-48.1680.3,qkv.lora_B,5
1768387918.5791788,957,29.9375,0.47508057951927185,Grad/qkv.lora_B,outputs_dev/vitb16/T=vtab_Q=3bit_L=lora_2_qkv-fc1-proj-fc2/cifar/20260114184203_default_acc=53.50/tensorboard/Grad_qkv.lora_B_block_5/events.out.tfevents.1768387346.master-192-168-8-48.1680.3,qkv.lora_B,5
1768387919.0016086,958,29.96875,0.5565702319145203,Grad/qkv.lora_B,outputs_dev/vitb16/T=vtab_Q=3bit_L=lora_2_qkv-fc1-proj-fc2/cifar/20260114184203_default_acc=53.50/tensorboard/Grad_qkv.lora_B_block_5/events.out.tfevents.1768387346.master-192-168-8-48.1680.3,qkv.lora_B,5
1768387919.1995838,959,30.0,0.818783164024353,Grad/qkv.lora_B,outputs_dev/vitb16/T=vtab_Q=3bit_L=lora_2_qkv-fc1-proj-fc2/cifar/20260114184203_default_acc=53.50/tensorboard/Grad_qkv.lora_B_block_5/events.out.tfevents.1768387346.master-192-168-8-48.1680.3,qkv.lora_B,5
1768387919.8744705,960,30.03125,0.259456068277359,Grad/qkv.lora_B,outputs_dev/vitb16/T=vtab_Q=3bit_L=lora_2_qkv-fc1-proj-fc2/cifar/20260114184203_default_acc=53.50/tensorboard/Grad_qkv.lora_B_block_5/events.out.tfevents.1768387346.master-192-168-8-48.1680.3,qkv.lora_B,5
1768387920.3126976,961,30.0625,0.3916790187358856,Grad/qkv.lora_B,outputs_dev/vitb16/T=vtab_Q=3bit_L=lora_2_qkv-fc1-proj-fc2/cifar/20260114184203_default_acc=53.50/tensorboard/Grad_qkv.lora_B_block_5/events.out.tfevents.1768387346.master-192-168-8-48.1680.3,qkv.lora_B,5
1768387920.7548192,962,30.09375,0.23594482243061066,Grad/qkv.lora_B,outputs_dev/vitb16/T=vtab_Q=3bit_L=lora_2_qkv-fc1-proj-fc2/cifar/20260114184203_default_acc=53.50/tensorboard/Grad_qkv.lora_B_block_5/events.out.tfevents.1768387346.master-192-168-8-48.1680.3,qkv.lora_B,5
1768387921.191277,963,30.125,0.42623692750930786,Grad/qkv.lora_B,outputs_dev/vitb16/T=vtab_Q=3bit_L=lora_2_qkv-fc1-proj-fc2/cifar/20260114184203_default_acc=53.50/tensorboard/Grad_qkv.lora_B_block_5/events.out.tfevents.1768387346.master-192-168-8-48.1680.3,qkv.lora_B,5
1768387921.6154773,964,30.15625,0.7612075209617615,Grad/qkv.lora_B,outputs_dev/vitb16/T=vtab_Q=3bit_L=lora_2_qkv-fc1-proj-fc2/cifar/20260114184203_default_acc=53.50/tensorboard/Grad_qkv.lora_B_block_5/events.out.tfevents.1768387346.master-192-168-8-48.1680.3,qkv.lora_B,5
1768387922.0389824,965,30.1875,0.34525465965270996,Grad/qkv.lora_B,outputs_dev/vitb16/T=vtab_Q=3bit_L=lora_2_qkv-fc1-proj-fc2/cifar/20260114184203_default_acc=53.50/tensorboard/Grad_qkv.lora_B_block_5/events.out.tfevents.1768387346.master-192-168-8-48.1680.3,qkv.lora_B,5
1768387922.4740236,966,30.21875,0.29175740480422974,Grad/qkv.lora_B,outputs_dev/vitb16/T=vtab_Q=3bit_L=lora_2_qkv-fc1-proj-fc2/cifar/20260114184203_default_acc=53.50/tensorboard/Grad_qkv.lora_B_block_5/events.out.tfevents.1768387346.master-192-168-8-48.1680.3,qkv.lora_B,5
1768387922.8959756,967,30.25,0.4400313198566437,Grad/qkv.lora_B,outputs_dev/vitb16/T=vtab_Q=3bit_L=lora_2_qkv-fc1-proj-fc2/cifar/20260114184203_default_acc=53.50/tensorboard/Grad_qkv.lora_B_block_5/events.out.tfevents.1768387346.master-192-168-8-48.1680.3,qkv.lora_B,5
1768387923.3359404,968,30.28125,0.5583681464195251,Grad/qkv.lora_B,outputs_dev/vitb16/T=vtab_Q=3bit_L=lora_2_qkv-fc1-proj-fc2/cifar/20260114184203_default_acc=53.50/tensorboard/Grad_qkv.lora_B_block_5/events.out.tfevents.1768387346.master-192-168-8-48.1680.3,qkv.lora_B,5
1768387923.7678454,969,30.3125,0.20899781584739685,Grad/qkv.lora_B,outputs_dev/vitb16/T=vtab_Q=3bit_L=lora_2_qkv-fc1-proj-fc2/cifar/20260114184203_default_acc=53.50/tensorboard/Grad_qkv.lora_B_block_5/events.out.tfevents.1768387346.master-192-168-8-48.1680.3,qkv.lora_B,5
1768387924.2059858,970,30.34375,0.3594263195991516,Grad/qkv.lora_B,outputs_dev/vitb16/T=vtab_Q=3bit_L=lora_2_qkv-fc1-proj-fc2/cifar/20260114184203_default_acc=53.50/tensorboard/Grad_qkv.lora_B_block_5/events.out.tfevents.1768387346.master-192-168-8-48.1680.3,qkv.lora_B,5
1768387924.6315107,971,30.375,0.26064303517341614,Grad/qkv.lora_B,outputs_dev/vitb16/T=vtab_Q=3bit_L=lora_2_qkv-fc1-proj-fc2/cifar/20260114184203_default_acc=53.50/tensorboard/Grad_qkv.lora_B_block_5/events.out.tfevents.1768387346.master-192-168-8-48.1680.3,qkv.lora_B,5
1768387925.054899,972,30.40625,0.6081504225730896,Grad/qkv.lora_B,outputs_dev/vitb16/T=vtab_Q=3bit_L=lora_2_qkv-fc1-proj-fc2/cifar/20260114184203_default_acc=53.50/tensorboard/Grad_qkv.lora_B_block_5/events.out.tfevents.1768387346.master-192-168-8-48.1680.3,qkv.lora_B,5
1768387925.478623,973,30.4375,0.3648466169834137,Grad/qkv.lora_B,outputs_dev/vitb16/T=vtab_Q=3bit_L=lora_2_qkv-fc1-proj-fc2/cifar/20260114184203_default_acc=53.50/tensorboard/Grad_qkv.lora_B_block_5/events.out.tfevents.1768387346.master-192-168-8-48.1680.3,qkv.lora_B,5
1768387925.9119258,974,30.46875,0.3004692494869232,Grad/qkv.lora_B,outputs_dev/vitb16/T=vtab_Q=3bit_L=lora_2_qkv-fc1-proj-fc2/cifar/20260114184203_default_acc=53.50/tensorboard/Grad_qkv.lora_B_block_5/events.out.tfevents.1768387346.master-192-168-8-48.1680.3,qkv.lora_B,5
1768387926.3352487,975,30.5,0.17172130942344666,Grad/qkv.lora_B,outputs_dev/vitb16/T=vtab_Q=3bit_L=lora_2_qkv-fc1-proj-fc2/cifar/20260114184203_default_acc=53.50/tensorboard/Grad_qkv.lora_B_block_5/events.out.tfevents.1768387346.master-192-168-8-48.1680.3,qkv.lora_B,5
1768387926.7697334,976,30.53125,0.2605641186237335,Grad/qkv.lora_B,outputs_dev/vitb16/T=vtab_Q=3bit_L=lora_2_qkv-fc1-proj-fc2/cifar/20260114184203_default_acc=53.50/tensorboard/Grad_qkv.lora_B_block_5/events.out.tfevents.1768387346.master-192-168-8-48.1680.3,qkv.lora_B,5
1768387927.1975365,977,30.5625,0.2525373101234436,Grad/qkv.lora_B,outputs_dev/vitb16/T=vtab_Q=3bit_L=lora_2_qkv-fc1-proj-fc2/cifar/20260114184203_default_acc=53.50/tensorboard/Grad_qkv.lora_B_block_5/events.out.tfevents.1768387346.master-192-168-8-48.1680.3,qkv.lora_B,5
1768387927.6481023,978,30.59375,0.3918454349040985,Grad/qkv.lora_B,outputs_dev/vitb16/T=vtab_Q=3bit_L=lora_2_qkv-fc1-proj-fc2/cifar/20260114184203_default_acc=53.50/tensorboard/Grad_qkv.lora_B_block_5/events.out.tfevents.1768387346.master-192-168-8-48.1680.3,qkv.lora_B,5
1768387928.0818477,979,30.625,0.3569313883781433,Grad/qkv.lora_B,outputs_dev/vitb16/T=vtab_Q=3bit_L=lora_2_qkv-fc1-proj-fc2/cifar/20260114184203_default_acc=53.50/tensorboard/Grad_qkv.lora_B_block_5/events.out.tfevents.1768387346.master-192-168-8-48.1680.3,qkv.lora_B,5
1768387928.5052805,980,30.65625,0.339842826128006,Grad/qkv.lora_B,outputs_dev/vitb16/T=vtab_Q=3bit_L=lora_2_qkv-fc1-proj-fc2/cifar/20260114184203_default_acc=53.50/tensorboard/Grad_qkv.lora_B_block_5/events.out.tfevents.1768387346.master-192-168-8-48.1680.3,qkv.lora_B,5
1768387928.927535,981,30.6875,0.2679216265678406,Grad/qkv.lora_B,outputs_dev/vitb16/T=vtab_Q=3bit_L=lora_2_qkv-fc1-proj-fc2/cifar/20260114184203_default_acc=53.50/tensorboard/Grad_qkv.lora_B_block_5/events.out.tfevents.1768387346.master-192-168-8-48.1680.3,qkv.lora_B,5
1768387929.3494735,982,30.71875,0.29780077934265137,Grad/qkv.lora_B,outputs_dev/vitb16/T=vtab_Q=3bit_L=lora_2_qkv-fc1-proj-fc2/cifar/20260114184203_default_acc=53.50/tensorboard/Grad_qkv.lora_B_block_5/events.out.tfevents.1768387346.master-192-168-8-48.1680.3,qkv.lora_B,5
1768387929.7751048,983,30.75,0.29698866605758667,Grad/qkv.lora_B,outputs_dev/vitb16/T=vtab_Q=3bit_L=lora_2_qkv-fc1-proj-fc2/cifar/20260114184203_default_acc=53.50/tensorboard/Grad_qkv.lora_B_block_5/events.out.tfevents.1768387346.master-192-168-8-48.1680.3,qkv.lora_B,5
1768387930.1956859,984,30.78125,0.333266943693161,Grad/qkv.lora_B,outputs_dev/vitb16/T=vtab_Q=3bit_L=lora_2_qkv-fc1-proj-fc2/cifar/20260114184203_default_acc=53.50/tensorboard/Grad_qkv.lora_B_block_5/events.out.tfevents.1768387346.master-192-168-8-48.1680.3,qkv.lora_B,5
1768387930.620099,985,30.8125,0.5639543533325195,Grad/qkv.lora_B,outputs_dev/vitb16/T=vtab_Q=3bit_L=lora_2_qkv-fc1-proj-fc2/cifar/20260114184203_default_acc=53.50/tensorboard/Grad_qkv.lora_B_block_5/events.out.tfevents.1768387346.master-192-168-8-48.1680.3,qkv.lora_B,5
1768387931.0551708,986,30.84375,0.20573896169662476,Grad/qkv.lora_B,outputs_dev/vitb16/T=vtab_Q=3bit_L=lora_2_qkv-fc1-proj-fc2/cifar/20260114184203_default_acc=53.50/tensorboard/Grad_qkv.lora_B_block_5/events.out.tfevents.1768387346.master-192-168-8-48.1680.3,qkv.lora_B,5
1768387931.4794734,987,30.875,0.16783557832241058,Grad/qkv.lora_B,outputs_dev/vitb16/T=vtab_Q=3bit_L=lora_2_qkv-fc1-proj-fc2/cifar/20260114184203_default_acc=53.50/tensorboard/Grad_qkv.lora_B_block_5/events.out.tfevents.1768387346.master-192-168-8-48.1680.3,qkv.lora_B,5
1768387931.902537,988,30.90625,0.2590636610984802,Grad/qkv.lora_B,outputs_dev/vitb16/T=vtab_Q=3bit_L=lora_2_qkv-fc1-proj-fc2/cifar/20260114184203_default_acc=53.50/tensorboard/Grad_qkv.lora_B_block_5/events.out.tfevents.1768387346.master-192-168-8-48.1680.3,qkv.lora_B,5
1768387932.3263142,989,30.9375,0.2073015421628952,Grad/qkv.lora_B,outputs_dev/vitb16/T=vtab_Q=3bit_L=lora_2_qkv-fc1-proj-fc2/cifar/20260114184203_default_acc=53.50/tensorboard/Grad_qkv.lora_B_block_5/events.out.tfevents.1768387346.master-192-168-8-48.1680.3,qkv.lora_B,5
1768387932.7507734,990,30.96875,0.22887806594371796,Grad/qkv.lora_B,outputs_dev/vitb16/T=vtab_Q=3bit_L=lora_2_qkv-fc1-proj-fc2/cifar/20260114184203_default_acc=53.50/tensorboard/Grad_qkv.lora_B_block_5/events.out.tfevents.1768387346.master-192-168-8-48.1680.3,qkv.lora_B,5
1768387932.980551,991,31.0,0.3814438581466675,Grad/qkv.lora_B,outputs_dev/vitb16/T=vtab_Q=3bit_L=lora_2_qkv-fc1-proj-fc2/cifar/20260114184203_default_acc=53.50/tensorboard/Grad_qkv.lora_B_block_5/events.out.tfevents.1768387346.master-192-168-8-48.1680.3,qkv.lora_B,5
1768387972.7417367,992,31.03125,0.35037267208099365,Grad/qkv.lora_B,outputs_dev/vitb16/T=vtab_Q=3bit_L=lora_2_qkv-fc1-proj-fc2/cifar/20260114184203_default_acc=53.50/tensorboard/Grad_qkv.lora_B_block_5/events.out.tfevents.1768387346.master-192-168-8-48.1680.3,qkv.lora_B,5
1768387973.1803029,993,31.0625,0.2549798786640167,Grad/qkv.lora_B,outputs_dev/vitb16/T=vtab_Q=3bit_L=lora_2_qkv-fc1-proj-fc2/cifar/20260114184203_default_acc=53.50/tensorboard/Grad_qkv.lora_B_block_5/events.out.tfevents.1768387346.master-192-168-8-48.1680.3,qkv.lora_B,5
1768387973.6049974,994,31.09375,0.3088829219341278,Grad/qkv.lora_B,outputs_dev/vitb16/T=vtab_Q=3bit_L=lora_2_qkv-fc1-proj-fc2/cifar/20260114184203_default_acc=53.50/tensorboard/Grad_qkv.lora_B_block_5/events.out.tfevents.1768387346.master-192-168-8-48.1680.3,qkv.lora_B,5
1768387974.0495787,995,31.125,0.7455757260322571,Grad/qkv.lora_B,outputs_dev/vitb16/T=vtab_Q=3bit_L=lora_2_qkv-fc1-proj-fc2/cifar/20260114184203_default_acc=53.50/tensorboard/Grad_qkv.lora_B_block_5/events.out.tfevents.1768387346.master-192-168-8-48.1680.3,qkv.lora_B,5
1768387974.4884362,996,31.15625,0.25444066524505615,Grad/qkv.lora_B,outputs_dev/vitb16/T=vtab_Q=3bit_L=lora_2_qkv-fc1-proj-fc2/cifar/20260114184203_default_acc=53.50/tensorboard/Grad_qkv.lora_B_block_5/events.out.tfevents.1768387346.master-192-168-8-48.1680.3,qkv.lora_B,5
1768387974.9234562,997,31.1875,0.23589925467967987,Grad/qkv.lora_B,outputs_dev/vitb16/T=vtab_Q=3bit_L=lora_2_qkv-fc1-proj-fc2/cifar/20260114184203_default_acc=53.50/tensorboard/Grad_qkv.lora_B_block_5/events.out.tfevents.1768387346.master-192-168-8-48.1680.3,qkv.lora_B,5
1768387975.366115,998,31.21875,0.23290228843688965,Grad/qkv.lora_B,outputs_dev/vitb16/T=vtab_Q=3bit_L=lora_2_qkv-fc1-proj-fc2/cifar/20260114184203_default_acc=53.50/tensorboard/Grad_qkv.lora_B_block_5/events.out.tfevents.1768387346.master-192-168-8-48.1680.3,qkv.lora_B,5
1768387975.8167522,999,31.25,0.2480517029762268,Grad/qkv.lora_B,outputs_dev/vitb16/T=vtab_Q=3bit_L=lora_2_qkv-fc1-proj-fc2/cifar/20260114184203_default_acc=53.50/tensorboard/Grad_qkv.lora_B_block_5/events.out.tfevents.1768387346.master-192-168-8-48.1680.3,qkv.lora_B,5
1768387976.2463775,1000,31.28125,0.2749246060848236,Grad/qkv.lora_B,outputs_dev/vitb16/T=vtab_Q=3bit_L=lora_2_qkv-fc1-proj-fc2/cifar/20260114184203_default_acc=53.50/tensorboard/Grad_qkv.lora_B_block_5/events.out.tfevents.1768387346.master-192-168-8-48.1680.3,qkv.lora_B,5
1768387976.6824055,1001,31.3125,0.35569268465042114,Grad/qkv.lora_B,outputs_dev/vitb16/T=vtab_Q=3bit_L=lora_2_qkv-fc1-proj-fc2/cifar/20260114184203_default_acc=53.50/tensorboard/Grad_qkv.lora_B_block_5/events.out.tfevents.1768387346.master-192-168-8-48.1680.3,qkv.lora_B,5
1768387977.1254745,1002,31.34375,0.32397183775901794,Grad/qkv.lora_B,outputs_dev/vitb16/T=vtab_Q=3bit_L=lora_2_qkv-fc1-proj-fc2/cifar/20260114184203_default_acc=53.50/tensorboard/Grad_qkv.lora_B_block_5/events.out.tfevents.1768387346.master-192-168-8-48.1680.3,qkv.lora_B,5
1768387977.5492313,1003,31.375,0.3472909927368164,Grad/qkv.lora_B,outputs_dev/vitb16/T=vtab_Q=3bit_L=lora_2_qkv-fc1-proj-fc2/cifar/20260114184203_default_acc=53.50/tensorboard/Grad_qkv.lora_B_block_5/events.out.tfevents.1768387346.master-192-168-8-48.1680.3,qkv.lora_B,5
1768387977.9822185,1004,31.40625,0.2824050486087799,Grad/qkv.lora_B,outputs_dev/vitb16/T=vtab_Q=3bit_L=lora_2_qkv-fc1-proj-fc2/cifar/20260114184203_default_acc=53.50/tensorboard/Grad_qkv.lora_B_block_5/events.out.tfevents.1768387346.master-192-168-8-48.1680.3,qkv.lora_B,5
1768387978.4184022,1005,31.4375,0.2523581087589264,Grad/qkv.lora_B,outputs_dev/vitb16/T=vtab_Q=3bit_L=lora_2_qkv-fc1-proj-fc2/cifar/20260114184203_default_acc=53.50/tensorboard/Grad_qkv.lora_B_block_5/events.out.tfevents.1768387346.master-192-168-8-48.1680.3,qkv.lora_B,5
1768387978.8655086,1006,31.46875,0.2195597141981125,Grad/qkv.lora_B,outputs_dev/vitb16/T=vtab_Q=3bit_L=lora_2_qkv-fc1-proj-fc2/cifar/20260114184203_default_acc=53.50/tensorboard/Grad_qkv.lora_B_block_5/events.out.tfevents.1768387346.master-192-168-8-48.1680.3,qkv.lora_B,5
1768387979.3008163,1007,31.5,0.4072311818599701,Grad/qkv.lora_B,outputs_dev/vitb16/T=vtab_Q=3bit_L=lora_2_qkv-fc1-proj-fc2/cifar/20260114184203_default_acc=53.50/tensorboard/Grad_qkv.lora_B_block_5/events.out.tfevents.1768387346.master-192-168-8-48.1680.3,qkv.lora_B,5
1768387979.744234,1008,31.53125,0.15232224762439728,Grad/qkv.lora_B,outputs_dev/vitb16/T=vtab_Q=3bit_L=lora_2_qkv-fc1-proj-fc2/cifar/20260114184203_default_acc=53.50/tensorboard/Grad_qkv.lora_B_block_5/events.out.tfevents.1768387346.master-192-168-8-48.1680.3,qkv.lora_B,5
1768387980.1851008,1009,31.5625,0.27185165882110596,Grad/qkv.lora_B,outputs_dev/vitb16/T=vtab_Q=3bit_L=lora_2_qkv-fc1-proj-fc2/cifar/20260114184203_default_acc=53.50/tensorboard/Grad_qkv.lora_B_block_5/events.out.tfevents.1768387346.master-192-168-8-48.1680.3,qkv.lora_B,5
1768387980.6243052,1010,31.59375,0.5744422674179077,Grad/qkv.lora_B,outputs_dev/vitb16/T=vtab_Q=3bit_L=lora_2_qkv-fc1-proj-fc2/cifar/20260114184203_default_acc=53.50/tensorboard/Grad_qkv.lora_B_block_5/events.out.tfevents.1768387346.master-192-168-8-48.1680.3,qkv.lora_B,5
1768387981.0497382,1011,31.625,0.1607932299375534,Grad/qkv.lora_B,outputs_dev/vitb16/T=vtab_Q=3bit_L=lora_2_qkv-fc1-proj-fc2/cifar/20260114184203_default_acc=53.50/tensorboard/Grad_qkv.lora_B_block_5/events.out.tfevents.1768387346.master-192-168-8-48.1680.3,qkv.lora_B,5
1768387981.4772377,1012,31.65625,0.28786543011665344,Grad/qkv.lora_B,outputs_dev/vitb16/T=vtab_Q=3bit_L=lora_2_qkv-fc1-proj-fc2/cifar/20260114184203_default_acc=53.50/tensorboard/Grad_qkv.lora_B_block_5/events.out.tfevents.1768387346.master-192-168-8-48.1680.3,qkv.lora_B,5
1768387981.9080338,1013,31.6875,0.2108115404844284,Grad/qkv.lora_B,outputs_dev/vitb16/T=vtab_Q=3bit_L=lora_2_qkv-fc1-proj-fc2/cifar/20260114184203_default_acc=53.50/tensorboard/Grad_qkv.lora_B_block_5/events.out.tfevents.1768387346.master-192-168-8-48.1680.3,qkv.lora_B,5
1768387982.3337784,1014,31.71875,0.6524394154548645,Grad/qkv.lora_B,outputs_dev/vitb16/T=vtab_Q=3bit_L=lora_2_qkv-fc1-proj-fc2/cifar/20260114184203_default_acc=53.50/tensorboard/Grad_qkv.lora_B_block_5/events.out.tfevents.1768387346.master-192-168-8-48.1680.3,qkv.lora_B,5
1768387982.7581987,1015,31.75,0.4113736152648926,Grad/qkv.lora_B,outputs_dev/vitb16/T=vtab_Q=3bit_L=lora_2_qkv-fc1-proj-fc2/cifar/20260114184203_default_acc=53.50/tensorboard/Grad_qkv.lora_B_block_5/events.out.tfevents.1768387346.master-192-168-8-48.1680.3,qkv.lora_B,5
1768387983.1838686,1016,31.78125,0.47957468032836914,Grad/qkv.lora_B,outputs_dev/vitb16/T=vtab_Q=3bit_L=lora_2_qkv-fc1-proj-fc2/cifar/20260114184203_default_acc=53.50/tensorboard/Grad_qkv.lora_B_block_5/events.out.tfevents.1768387346.master-192-168-8-48.1680.3,qkv.lora_B,5
1768387983.614632,1017,31.8125,0.31680819392204285,Grad/qkv.lora_B,outputs_dev/vitb16/T=vtab_Q=3bit_L=lora_2_qkv-fc1-proj-fc2/cifar/20260114184203_default_acc=53.50/tensorboard/Grad_qkv.lora_B_block_5/events.out.tfevents.1768387346.master-192-168-8-48.1680.3,qkv.lora_B,5
1768387984.043043,1018,31.84375,0.21136286854743958,Grad/qkv.lora_B,outputs_dev/vitb16/T=vtab_Q=3bit_L=lora_2_qkv-fc1-proj-fc2/cifar/20260114184203_default_acc=53.50/tensorboard/Grad_qkv.lora_B_block_5/events.out.tfevents.1768387346.master-192-168-8-48.1680.3,qkv.lora_B,5
1768387984.4671369,1019,31.875,0.31563422083854675,Grad/qkv.lora_B,outputs_dev/vitb16/T=vtab_Q=3bit_L=lora_2_qkv-fc1-proj-fc2/cifar/20260114184203_default_acc=53.50/tensorboard/Grad_qkv.lora_B_block_5/events.out.tfevents.1768387346.master-192-168-8-48.1680.3,qkv.lora_B,5
1768387984.8916295,1020,31.90625,0.21342302858829498,Grad/qkv.lora_B,outputs_dev/vitb16/T=vtab_Q=3bit_L=lora_2_qkv-fc1-proj-fc2/cifar/20260114184203_default_acc=53.50/tensorboard/Grad_qkv.lora_B_block_5/events.out.tfevents.1768387346.master-192-168-8-48.1680.3,qkv.lora_B,5
1768387985.3155656,1021,31.9375,0.32287096977233887,Grad/qkv.lora_B,outputs_dev/vitb16/T=vtab_Q=3bit_L=lora_2_qkv-fc1-proj-fc2/cifar/20260114184203_default_acc=53.50/tensorboard/Grad_qkv.lora_B_block_5/events.out.tfevents.1768387346.master-192-168-8-48.1680.3,qkv.lora_B,5
1768387985.737921,1022,31.96875,0.2719310522079468,Grad/qkv.lora_B,outputs_dev/vitb16/T=vtab_Q=3bit_L=lora_2_qkv-fc1-proj-fc2/cifar/20260114184203_default_acc=53.50/tensorboard/Grad_qkv.lora_B_block_5/events.out.tfevents.1768387346.master-192-168-8-48.1680.3,qkv.lora_B,5
1768387985.9500687,1023,32.0,0.4882000982761383,Grad/qkv.lora_B,outputs_dev/vitb16/T=vtab_Q=3bit_L=lora_2_qkv-fc1-proj-fc2/cifar/20260114184203_default_acc=53.50/tensorboard/Grad_qkv.lora_B_block_5/events.out.tfevents.1768387346.master-192-168-8-48.1680.3,qkv.lora_B,5
1768387986.60984,1024,32.03125,0.4362955689430237,Grad/qkv.lora_B,outputs_dev/vitb16/T=vtab_Q=3bit_L=lora_2_qkv-fc1-proj-fc2/cifar/20260114184203_default_acc=53.50/tensorboard/Grad_qkv.lora_B_block_5/events.out.tfevents.1768387346.master-192-168-8-48.1680.3,qkv.lora_B,5
1768387987.0244193,1025,32.0625,0.7220048904418945,Grad/qkv.lora_B,outputs_dev/vitb16/T=vtab_Q=3bit_L=lora_2_qkv-fc1-proj-fc2/cifar/20260114184203_default_acc=53.50/tensorboard/Grad_qkv.lora_B_block_5/events.out.tfevents.1768387346.master-192-168-8-48.1680.3,qkv.lora_B,5
1768387987.4483063,1026,32.09375,0.17116321623325348,Grad/qkv.lora_B,outputs_dev/vitb16/T=vtab_Q=3bit_L=lora_2_qkv-fc1-proj-fc2/cifar/20260114184203_default_acc=53.50/tensorboard/Grad_qkv.lora_B_block_5/events.out.tfevents.1768387346.master-192-168-8-48.1680.3,qkv.lora_B,5
1768387987.871188,1027,32.125,0.39276373386383057,Grad/qkv.lora_B,outputs_dev/vitb16/T=vtab_Q=3bit_L=lora_2_qkv-fc1-proj-fc2/cifar/20260114184203_default_acc=53.50/tensorboard/Grad_qkv.lora_B_block_5/events.out.tfevents.1768387346.master-192-168-8-48.1680.3,qkv.lora_B,5
1768387988.3036816,1028,32.15625,0.430264949798584,Grad/qkv.lora_B,outputs_dev/vitb16/T=vtab_Q=3bit_L=lora_2_qkv-fc1-proj-fc2/cifar/20260114184203_default_acc=53.50/tensorboard/Grad_qkv.lora_B_block_5/events.out.tfevents.1768387346.master-192-168-8-48.1680.3,qkv.lora_B,5
1768387988.7249472,1029,32.1875,0.31183427572250366,Grad/qkv.lora_B,outputs_dev/vitb16/T=vtab_Q=3bit_L=lora_2_qkv-fc1-proj-fc2/cifar/20260114184203_default_acc=53.50/tensorboard/Grad_qkv.lora_B_block_5/events.out.tfevents.1768387346.master-192-168-8-48.1680.3,qkv.lora_B,5
1768387989.1482842,1030,32.21875,0.2722086012363434,Grad/qkv.lora_B,outputs_dev/vitb16/T=vtab_Q=3bit_L=lora_2_qkv-fc1-proj-fc2/cifar/20260114184203_default_acc=53.50/tensorboard/Grad_qkv.lora_B_block_5/events.out.tfevents.1768387346.master-192-168-8-48.1680.3,qkv.lora_B,5
1768387989.57177,1031,32.25,0.1359184831380844,Grad/qkv.lora_B,outputs_dev/vitb16/T=vtab_Q=3bit_L=lora_2_qkv-fc1-proj-fc2/cifar/20260114184203_default_acc=53.50/tensorboard/Grad_qkv.lora_B_block_5/events.out.tfevents.1768387346.master-192-168-8-48.1680.3,qkv.lora_B,5
1768387989.994021,1032,32.28125,0.5785517692565918,Grad/qkv.lora_B,outputs_dev/vitb16/T=vtab_Q=3bit_L=lora_2_qkv-fc1-proj-fc2/cifar/20260114184203_default_acc=53.50/tensorboard/Grad_qkv.lora_B_block_5/events.out.tfevents.1768387346.master-192-168-8-48.1680.3,qkv.lora_B,5
1768387990.4144328,1033,32.3125,0.1688862144947052,Grad/qkv.lora_B,outputs_dev/vitb16/T=vtab_Q=3bit_L=lora_2_qkv-fc1-proj-fc2/cifar/20260114184203_default_acc=53.50/tensorboard/Grad_qkv.lora_B_block_5/events.out.tfevents.1768387346.master-192-168-8-48.1680.3,qkv.lora_B,5
1768387990.8360848,1034,32.34375,0.6868854761123657,Grad/qkv.lora_B,outputs_dev/vitb16/T=vtab_Q=3bit_L=lora_2_qkv-fc1-proj-fc2/cifar/20260114184203_default_acc=53.50/tensorboard/Grad_qkv.lora_B_block_5/events.out.tfevents.1768387346.master-192-168-8-48.1680.3,qkv.lora_B,5
1768387991.2811513,1035,32.375,0.6455323100090027,Grad/qkv.lora_B,outputs_dev/vitb16/T=vtab_Q=3bit_L=lora_2_qkv-fc1-proj-fc2/cifar/20260114184203_default_acc=53.50/tensorboard/Grad_qkv.lora_B_block_5/events.out.tfevents.1768387346.master-192-168-8-48.1680.3,qkv.lora_B,5
1768387991.7026556,1036,32.40625,0.23217757046222687,Grad/qkv.lora_B,outputs_dev/vitb16/T=vtab_Q=3bit_L=lora_2_qkv-fc1-proj-fc2/cifar/20260114184203_default_acc=53.50/tensorboard/Grad_qkv.lora_B_block_5/events.out.tfevents.1768387346.master-192-168-8-48.1680.3,qkv.lora_B,5
1768387992.1291854,1037,32.4375,0.3193572759628296,Grad/qkv.lora_B,outputs_dev/vitb16/T=vtab_Q=3bit_L=lora_2_qkv-fc1-proj-fc2/cifar/20260114184203_default_acc=53.50/tensorboard/Grad_qkv.lora_B_block_5/events.out.tfevents.1768387346.master-192-168-8-48.1680.3,qkv.lora_B,5
1768387992.5655243,1038,32.46875,0.21911214292049408,Grad/qkv.lora_B,outputs_dev/vitb16/T=vtab_Q=3bit_L=lora_2_qkv-fc1-proj-fc2/cifar/20260114184203_default_acc=53.50/tensorboard/Grad_qkv.lora_B_block_5/events.out.tfevents.1768387346.master-192-168-8-48.1680.3,qkv.lora_B,5
1768387993.0035048,1039,32.5,0.49955564737319946,Grad/qkv.lora_B,outputs_dev/vitb16/T=vtab_Q=3bit_L=lora_2_qkv-fc1-proj-fc2/cifar/20260114184203_default_acc=53.50/tensorboard/Grad_qkv.lora_B_block_5/events.out.tfevents.1768387346.master-192-168-8-48.1680.3,qkv.lora_B,5
1768387993.4334695,1040,32.53125,0.2205893099308014,Grad/qkv.lora_B,outputs_dev/vitb16/T=vtab_Q=3bit_L=lora_2_qkv-fc1-proj-fc2/cifar/20260114184203_default_acc=53.50/tensorboard/Grad_qkv.lora_B_block_5/events.out.tfevents.1768387346.master-192-168-8-48.1680.3,qkv.lora_B,5
1768387993.8701828,1041,32.5625,0.36264145374298096,Grad/qkv.lora_B,outputs_dev/vitb16/T=vtab_Q=3bit_L=lora_2_qkv-fc1-proj-fc2/cifar/20260114184203_default_acc=53.50/tensorboard/Grad_qkv.lora_B_block_5/events.out.tfevents.1768387346.master-192-168-8-48.1680.3,qkv.lora_B,5
1768387994.289957,1042,32.59375,0.30105990171432495,Grad/qkv.lora_B,outputs_dev/vitb16/T=vtab_Q=3bit_L=lora_2_qkv-fc1-proj-fc2/cifar/20260114184203_default_acc=53.50/tensorboard/Grad_qkv.lora_B_block_5/events.out.tfevents.1768387346.master-192-168-8-48.1680.3,qkv.lora_B,5
1768387994.724756,1043,32.625,0.8230792880058289,Grad/qkv.lora_B,outputs_dev/vitb16/T=vtab_Q=3bit_L=lora_2_qkv-fc1-proj-fc2/cifar/20260114184203_default_acc=53.50/tensorboard/Grad_qkv.lora_B_block_5/events.out.tfevents.1768387346.master-192-168-8-48.1680.3,qkv.lora_B,5
1768387995.159246,1044,32.65625,0.4461645185947418,Grad/qkv.lora_B,outputs_dev/vitb16/T=vtab_Q=3bit_L=lora_2_qkv-fc1-proj-fc2/cifar/20260114184203_default_acc=53.50/tensorboard/Grad_qkv.lora_B_block_5/events.out.tfevents.1768387346.master-192-168-8-48.1680.3,qkv.lora_B,5
1768387995.5850618,1045,32.6875,0.4610270857810974,Grad/qkv.lora_B,outputs_dev/vitb16/T=vtab_Q=3bit_L=lora_2_qkv-fc1-proj-fc2/cifar/20260114184203_default_acc=53.50/tensorboard/Grad_qkv.lora_B_block_5/events.out.tfevents.1768387346.master-192-168-8-48.1680.3,qkv.lora_B,5
1768387996.0150769,1046,32.71875,0.18215246498584747,Grad/qkv.lora_B,outputs_dev/vitb16/T=vtab_Q=3bit_L=lora_2_qkv-fc1-proj-fc2/cifar/20260114184203_default_acc=53.50/tensorboard/Grad_qkv.lora_B_block_5/events.out.tfevents.1768387346.master-192-168-8-48.1680.3,qkv.lora_B,5
1768387996.4387496,1047,32.75,0.20669902861118317,Grad/qkv.lora_B,outputs_dev/vitb16/T=vtab_Q=3bit_L=lora_2_qkv-fc1-proj-fc2/cifar/20260114184203_default_acc=53.50/tensorboard/Grad_qkv.lora_B_block_5/events.out.tfevents.1768387346.master-192-168-8-48.1680.3,qkv.lora_B,5
1768387996.8765764,1048,32.78125,0.29960617423057556,Grad/qkv.lora_B,outputs_dev/vitb16/T=vtab_Q=3bit_L=lora_2_qkv-fc1-proj-fc2/cifar/20260114184203_default_acc=53.50/tensorboard/Grad_qkv.lora_B_block_5/events.out.tfevents.1768387346.master-192-168-8-48.1680.3,qkv.lora_B,5
1768387997.3115005,1049,32.8125,0.2954246401786804,Grad/qkv.lora_B,outputs_dev/vitb16/T=vtab_Q=3bit_L=lora_2_qkv-fc1-proj-fc2/cifar/20260114184203_default_acc=53.50/tensorboard/Grad_qkv.lora_B_block_5/events.out.tfevents.1768387346.master-192-168-8-48.1680.3,qkv.lora_B,5
1768387997.7460012,1050,32.84375,0.2527185380458832,Grad/qkv.lora_B,outputs_dev/vitb16/T=vtab_Q=3bit_L=lora_2_qkv-fc1-proj-fc2/cifar/20260114184203_default_acc=53.50/tensorboard/Grad_qkv.lora_B_block_5/events.out.tfevents.1768387346.master-192-168-8-48.1680.3,qkv.lora_B,5
1768387998.180764,1051,32.875,0.17407800257205963,Grad/qkv.lora_B,outputs_dev/vitb16/T=vtab_Q=3bit_L=lora_2_qkv-fc1-proj-fc2/cifar/20260114184203_default_acc=53.50/tensorboard/Grad_qkv.lora_B_block_5/events.out.tfevents.1768387346.master-192-168-8-48.1680.3,qkv.lora_B,5
1768387998.6024334,1052,32.90625,0.6336019039154053,Grad/qkv.lora_B,outputs_dev/vitb16/T=vtab_Q=3bit_L=lora_2_qkv-fc1-proj-fc2/cifar/20260114184203_default_acc=53.50/tensorboard/Grad_qkv.lora_B_block_5/events.out.tfevents.1768387346.master-192-168-8-48.1680.3,qkv.lora_B,5
1768387999.0238175,1053,32.9375,0.589353084564209,Grad/qkv.lora_B,outputs_dev/vitb16/T=vtab_Q=3bit_L=lora_2_qkv-fc1-proj-fc2/cifar/20260114184203_default_acc=53.50/tensorboard/Grad_qkv.lora_B_block_5/events.out.tfevents.1768387346.master-192-168-8-48.1680.3,qkv.lora_B,5
1768387999.447385,1054,32.96875,0.22815735638141632,Grad/qkv.lora_B,outputs_dev/vitb16/T=vtab_Q=3bit_L=lora_2_qkv-fc1-proj-fc2/cifar/20260114184203_default_acc=53.50/tensorboard/Grad_qkv.lora_B_block_5/events.out.tfevents.1768387346.master-192-168-8-48.1680.3,qkv.lora_B,5
1768387999.6697955,1055,33.0,0.3976691961288452,Grad/qkv.lora_B,outputs_dev/vitb16/T=vtab_Q=3bit_L=lora_2_qkv-fc1-proj-fc2/cifar/20260114184203_default_acc=53.50/tensorboard/Grad_qkv.lora_B_block_5/events.out.tfevents.1768387346.master-192-168-8-48.1680.3,qkv.lora_B,5
1768388000.5629747,1056,33.03125,0.25152772665023804,Grad/qkv.lora_B,outputs_dev/vitb16/T=vtab_Q=3bit_L=lora_2_qkv-fc1-proj-fc2/cifar/20260114184203_default_acc=53.50/tensorboard/Grad_qkv.lora_B_block_5/events.out.tfevents.1768387346.master-192-168-8-48.1680.3,qkv.lora_B,5
1768388000.9883401,1057,33.0625,0.41525977849960327,Grad/qkv.lora_B,outputs_dev/vitb16/T=vtab_Q=3bit_L=lora_2_qkv-fc1-proj-fc2/cifar/20260114184203_default_acc=53.50/tensorboard/Grad_qkv.lora_B_block_5/events.out.tfevents.1768387346.master-192-168-8-48.1680.3,qkv.lora_B,5
1768388001.4091651,1058,33.09375,0.1438746154308319,Grad/qkv.lora_B,outputs_dev/vitb16/T=vtab_Q=3bit_L=lora_2_qkv-fc1-proj-fc2/cifar/20260114184203_default_acc=53.50/tensorboard/Grad_qkv.lora_B_block_5/events.out.tfevents.1768387346.master-192-168-8-48.1680.3,qkv.lora_B,5
1768388001.8478317,1059,33.125,0.4391070604324341,Grad/qkv.lora_B,outputs_dev/vitb16/T=vtab_Q=3bit_L=lora_2_qkv-fc1-proj-fc2/cifar/20260114184203_default_acc=53.50/tensorboard/Grad_qkv.lora_B_block_5/events.out.tfevents.1768387346.master-192-168-8-48.1680.3,qkv.lora_B,5
1768388002.271196,1060,33.15625,0.1961405724287033,Grad/qkv.lora_B,outputs_dev/vitb16/T=vtab_Q=3bit_L=lora_2_qkv-fc1-proj-fc2/cifar/20260114184203_default_acc=53.50/tensorboard/Grad_qkv.lora_B_block_5/events.out.tfevents.1768387346.master-192-168-8-48.1680.3,qkv.lora_B,5
1768388002.6937082,1061,33.1875,0.2511557340621948,Grad/qkv.lora_B,outputs_dev/vitb16/T=vtab_Q=3bit_L=lora_2_qkv-fc1-proj-fc2/cifar/20260114184203_default_acc=53.50/tensorboard/Grad_qkv.lora_B_block_5/events.out.tfevents.1768387346.master-192-168-8-48.1680.3,qkv.lora_B,5
1768388003.128249,1062,33.21875,0.16705086827278137,Grad/qkv.lora_B,outputs_dev/vitb16/T=vtab_Q=3bit_L=lora_2_qkv-fc1-proj-fc2/cifar/20260114184203_default_acc=53.50/tensorboard/Grad_qkv.lora_B_block_5/events.out.tfevents.1768387346.master-192-168-8-48.1680.3,qkv.lora_B,5
1768388003.551426,1063,33.25,0.24827560782432556,Grad/qkv.lora_B,outputs_dev/vitb16/T=vtab_Q=3bit_L=lora_2_qkv-fc1-proj-fc2/cifar/20260114184203_default_acc=53.50/tensorboard/Grad_qkv.lora_B_block_5/events.out.tfevents.1768387346.master-192-168-8-48.1680.3,qkv.lora_B,5
1768388003.9745893,1064,33.28125,0.2062724381685257,Grad/qkv.lora_B,outputs_dev/vitb16/T=vtab_Q=3bit_L=lora_2_qkv-fc1-proj-fc2/cifar/20260114184203_default_acc=53.50/tensorboard/Grad_qkv.lora_B_block_5/events.out.tfevents.1768387346.master-192-168-8-48.1680.3,qkv.lora_B,5
1768388004.410315,1065,33.3125,0.4823264181613922,Grad/qkv.lora_B,outputs_dev/vitb16/T=vtab_Q=3bit_L=lora_2_qkv-fc1-proj-fc2/cifar/20260114184203_default_acc=53.50/tensorboard/Grad_qkv.lora_B_block_5/events.out.tfevents.1768387346.master-192-168-8-48.1680.3,qkv.lora_B,5
1768388004.8432608,1066,33.34375,0.28406789898872375,Grad/qkv.lora_B,outputs_dev/vitb16/T=vtab_Q=3bit_L=lora_2_qkv-fc1-proj-fc2/cifar/20260114184203_default_acc=53.50/tensorboard/Grad_qkv.lora_B_block_5/events.out.tfevents.1768387346.master-192-168-8-48.1680.3,qkv.lora_B,5
1768388005.2682993,1067,33.375,0.18716102838516235,Grad/qkv.lora_B,outputs_dev/vitb16/T=vtab_Q=3bit_L=lora_2_qkv-fc1-proj-fc2/cifar/20260114184203_default_acc=53.50/tensorboard/Grad_qkv.lora_B_block_5/events.out.tfevents.1768387346.master-192-168-8-48.1680.3,qkv.lora_B,5
1768388005.691758,1068,33.40625,0.26335564255714417,Grad/qkv.lora_B,outputs_dev/vitb16/T=vtab_Q=3bit_L=lora_2_qkv-fc1-proj-fc2/cifar/20260114184203_default_acc=53.50/tensorboard/Grad_qkv.lora_B_block_5/events.out.tfevents.1768387346.master-192-168-8-48.1680.3,qkv.lora_B,5
1768388006.1124954,1069,33.4375,0.2511748969554901,Grad/qkv.lora_B,outputs_dev/vitb16/T=vtab_Q=3bit_L=lora_2_qkv-fc1-proj-fc2/cifar/20260114184203_default_acc=53.50/tensorboard/Grad_qkv.lora_B_block_5/events.out.tfevents.1768387346.master-192-168-8-48.1680.3,qkv.lora_B,5
1768388006.5332766,1070,33.46875,0.07732296735048294,Grad/qkv.lora_B,outputs_dev/vitb16/T=vtab_Q=3bit_L=lora_2_qkv-fc1-proj-fc2/cifar/20260114184203_default_acc=53.50/tensorboard/Grad_qkv.lora_B_block_5/events.out.tfevents.1768387346.master-192-168-8-48.1680.3,qkv.lora_B,5
1768388006.9596915,1071,33.5,0.20048964023590088,Grad/qkv.lora_B,outputs_dev/vitb16/T=vtab_Q=3bit_L=lora_2_qkv-fc1-proj-fc2/cifar/20260114184203_default_acc=53.50/tensorboard/Grad_qkv.lora_B_block_5/events.out.tfevents.1768387346.master-192-168-8-48.1680.3,qkv.lora_B,5
1768388007.3949928,1072,33.53125,0.42702484130859375,Grad/qkv.lora_B,outputs_dev/vitb16/T=vtab_Q=3bit_L=lora_2_qkv-fc1-proj-fc2/cifar/20260114184203_default_acc=53.50/tensorboard/Grad_qkv.lora_B_block_5/events.out.tfevents.1768387346.master-192-168-8-48.1680.3,qkv.lora_B,5
1768388007.8329751,1073,33.5625,0.262328565120697,Grad/qkv.lora_B,outputs_dev/vitb16/T=vtab_Q=3bit_L=lora_2_qkv-fc1-proj-fc2/cifar/20260114184203_default_acc=53.50/tensorboard/Grad_qkv.lora_B_block_5/events.out.tfevents.1768387346.master-192-168-8-48.1680.3,qkv.lora_B,5
1768388008.2564862,1074,33.59375,0.2737782299518585,Grad/qkv.lora_B,outputs_dev/vitb16/T=vtab_Q=3bit_L=lora_2_qkv-fc1-proj-fc2/cifar/20260114184203_default_acc=53.50/tensorboard/Grad_qkv.lora_B_block_5/events.out.tfevents.1768387346.master-192-168-8-48.1680.3,qkv.lora_B,5
1768388008.678665,1075,33.625,0.22812801599502563,Grad/qkv.lora_B,outputs_dev/vitb16/T=vtab_Q=3bit_L=lora_2_qkv-fc1-proj-fc2/cifar/20260114184203_default_acc=53.50/tensorboard/Grad_qkv.lora_B_block_5/events.out.tfevents.1768387346.master-192-168-8-48.1680.3,qkv.lora_B,5
1768388009.0996916,1076,33.65625,0.3376982510089874,Grad/qkv.lora_B,outputs_dev/vitb16/T=vtab_Q=3bit_L=lora_2_qkv-fc1-proj-fc2/cifar/20260114184203_default_acc=53.50/tensorboard/Grad_qkv.lora_B_block_5/events.out.tfevents.1768387346.master-192-168-8-48.1680.3,qkv.lora_B,5
1768388009.5242,1077,33.6875,0.13410508632659912,Grad/qkv.lora_B,outputs_dev/vitb16/T=vtab_Q=3bit_L=lora_2_qkv-fc1-proj-fc2/cifar/20260114184203_default_acc=53.50/tensorboard/Grad_qkv.lora_B_block_5/events.out.tfevents.1768387346.master-192-168-8-48.1680.3,qkv.lora_B,5
1768388009.9462101,1078,33.71875,0.22201256453990936,Grad/qkv.lora_B,outputs_dev/vitb16/T=vtab_Q=3bit_L=lora_2_qkv-fc1-proj-fc2/cifar/20260114184203_default_acc=53.50/tensorboard/Grad_qkv.lora_B_block_5/events.out.tfevents.1768387346.master-192-168-8-48.1680.3,qkv.lora_B,5
1768388010.3796895,1079,33.75,0.22184783220291138,Grad/qkv.lora_B,outputs_dev/vitb16/T=vtab_Q=3bit_L=lora_2_qkv-fc1-proj-fc2/cifar/20260114184203_default_acc=53.50/tensorboard/Grad_qkv.lora_B_block_5/events.out.tfevents.1768387346.master-192-168-8-48.1680.3,qkv.lora_B,5
1768388010.7874076,1080,33.78125,0.2982620596885681,Grad/qkv.lora_B,outputs_dev/vitb16/T=vtab_Q=3bit_L=lora_2_qkv-fc1-proj-fc2/cifar/20260114184203_default_acc=53.50/tensorboard/Grad_qkv.lora_B_block_5/events.out.tfevents.1768387346.master-192-168-8-48.1680.3,qkv.lora_B,5
1768388011.1974726,1081,33.8125,0.3157118260860443,Grad/qkv.lora_B,outputs_dev/vitb16/T=vtab_Q=3bit_L=lora_2_qkv-fc1-proj-fc2/cifar/20260114184203_default_acc=53.50/tensorboard/Grad_qkv.lora_B_block_5/events.out.tfevents.1768387346.master-192-168-8-48.1680.3,qkv.lora_B,5
1768388011.6194606,1082,33.84375,0.30994752049446106,Grad/qkv.lora_B,outputs_dev/vitb16/T=vtab_Q=3bit_L=lora_2_qkv-fc1-proj-fc2/cifar/20260114184203_default_acc=53.50/tensorboard/Grad_qkv.lora_B_block_5/events.out.tfevents.1768387346.master-192-168-8-48.1680.3,qkv.lora_B,5
1768388012.0421023,1083,33.875,0.6180075407028198,Grad/qkv.lora_B,outputs_dev/vitb16/T=vtab_Q=3bit_L=lora_2_qkv-fc1-proj-fc2/cifar/20260114184203_default_acc=53.50/tensorboard/Grad_qkv.lora_B_block_5/events.out.tfevents.1768387346.master-192-168-8-48.1680.3,qkv.lora_B,5
1768388012.480483,1084,33.90625,0.31485578417778015,Grad/qkv.lora_B,outputs_dev/vitb16/T=vtab_Q=3bit_L=lora_2_qkv-fc1-proj-fc2/cifar/20260114184203_default_acc=53.50/tensorboard/Grad_qkv.lora_B_block_5/events.out.tfevents.1768387346.master-192-168-8-48.1680.3,qkv.lora_B,5
1768388012.901179,1085,33.9375,0.3577854037284851,Grad/qkv.lora_B,outputs_dev/vitb16/T=vtab_Q=3bit_L=lora_2_qkv-fc1-proj-fc2/cifar/20260114184203_default_acc=53.50/tensorboard/Grad_qkv.lora_B_block_5/events.out.tfevents.1768387346.master-192-168-8-48.1680.3,qkv.lora_B,5
1768388013.322302,1086,33.96875,0.39440786838531494,Grad/qkv.lora_B,outputs_dev/vitb16/T=vtab_Q=3bit_L=lora_2_qkv-fc1-proj-fc2/cifar/20260114184203_default_acc=53.50/tensorboard/Grad_qkv.lora_B_block_5/events.out.tfevents.1768387346.master-192-168-8-48.1680.3,qkv.lora_B,5
1768388013.5452595,1087,34.0,0.5539151430130005,Grad/qkv.lora_B,outputs_dev/vitb16/T=vtab_Q=3bit_L=lora_2_qkv-fc1-proj-fc2/cifar/20260114184203_default_acc=53.50/tensorboard/Grad_qkv.lora_B_block_5/events.out.tfevents.1768387346.master-192-168-8-48.1680.3,qkv.lora_B,5
1768388014.2104955,1088,34.03125,0.5027461051940918,Grad/qkv.lora_B,outputs_dev/vitb16/T=vtab_Q=3bit_L=lora_2_qkv-fc1-proj-fc2/cifar/20260114184203_default_acc=53.50/tensorboard/Grad_qkv.lora_B_block_5/events.out.tfevents.1768387346.master-192-168-8-48.1680.3,qkv.lora_B,5
1768388014.6262097,1089,34.0625,0.18832825124263763,Grad/qkv.lora_B,outputs_dev/vitb16/T=vtab_Q=3bit_L=lora_2_qkv-fc1-proj-fc2/cifar/20260114184203_default_acc=53.50/tensorboard/Grad_qkv.lora_B_block_5/events.out.tfevents.1768387346.master-192-168-8-48.1680.3,qkv.lora_B,5
1768388015.0377982,1090,34.09375,0.2299545407295227,Grad/qkv.lora_B,outputs_dev/vitb16/T=vtab_Q=3bit_L=lora_2_qkv-fc1-proj-fc2/cifar/20260114184203_default_acc=53.50/tensorboard/Grad_qkv.lora_B_block_5/events.out.tfevents.1768387346.master-192-168-8-48.1680.3,qkv.lora_B,5
1768388015.4478776,1091,34.125,0.2677290737628937,Grad/qkv.lora_B,outputs_dev/vitb16/T=vtab_Q=3bit_L=lora_2_qkv-fc1-proj-fc2/cifar/20260114184203_default_acc=53.50/tensorboard/Grad_qkv.lora_B_block_5/events.out.tfevents.1768387346.master-192-168-8-48.1680.3,qkv.lora_B,5
1768388015.8605745,1092,34.15625,0.24319972097873688,Grad/qkv.lora_B,outputs_dev/vitb16/T=vtab_Q=3bit_L=lora_2_qkv-fc1-proj-fc2/cifar/20260114184203_default_acc=53.50/tensorboard/Grad_qkv.lora_B_block_5/events.out.tfevents.1768387346.master-192-168-8-48.1680.3,qkv.lora_B,5
1768388016.270644,1093,34.1875,0.2447025626897812,Grad/qkv.lora_B,outputs_dev/vitb16/T=vtab_Q=3bit_L=lora_2_qkv-fc1-proj-fc2/cifar/20260114184203_default_acc=53.50/tensorboard/Grad_qkv.lora_B_block_5/events.out.tfevents.1768387346.master-192-168-8-48.1680.3,qkv.lora_B,5
1768388016.6837423,1094,34.21875,0.24669529497623444,Grad/qkv.lora_B,outputs_dev/vitb16/T=vtab_Q=3bit_L=lora_2_qkv-fc1-proj-fc2/cifar/20260114184203_default_acc=53.50/tensorboard/Grad_qkv.lora_B_block_5/events.out.tfevents.1768387346.master-192-168-8-48.1680.3,qkv.lora_B,5
1768388017.0969062,1095,34.25,0.20930878818035126,Grad/qkv.lora_B,outputs_dev/vitb16/T=vtab_Q=3bit_L=lora_2_qkv-fc1-proj-fc2/cifar/20260114184203_default_acc=53.50/tensorboard/Grad_qkv.lora_B_block_5/events.out.tfevents.1768387346.master-192-168-8-48.1680.3,qkv.lora_B,5
1768388017.50839,1096,34.28125,0.1410549134016037,Grad/qkv.lora_B,outputs_dev/vitb16/T=vtab_Q=3bit_L=lora_2_qkv-fc1-proj-fc2/cifar/20260114184203_default_acc=53.50/tensorboard/Grad_qkv.lora_B_block_5/events.out.tfevents.1768387346.master-192-168-8-48.1680.3,qkv.lora_B,5
1768388017.927746,1097,34.3125,0.3419916033744812,Grad/qkv.lora_B,outputs_dev/vitb16/T=vtab_Q=3bit_L=lora_2_qkv-fc1-proj-fc2/cifar/20260114184203_default_acc=53.50/tensorboard/Grad_qkv.lora_B_block_5/events.out.tfevents.1768387346.master-192-168-8-48.1680.3,qkv.lora_B,5
1768388018.379734,1098,34.34375,0.12547250092029572,Grad/qkv.lora_B,outputs_dev/vitb16/T=vtab_Q=3bit_L=lora_2_qkv-fc1-proj-fc2/cifar/20260114184203_default_acc=53.50/tensorboard/Grad_qkv.lora_B_block_5/events.out.tfevents.1768387346.master-192-168-8-48.1680.3,qkv.lora_B,5
1768388018.8215883,1099,34.375,0.1897512972354889,Grad/qkv.lora_B,outputs_dev/vitb16/T=vtab_Q=3bit_L=lora_2_qkv-fc1-proj-fc2/cifar/20260114184203_default_acc=53.50/tensorboard/Grad_qkv.lora_B_block_5/events.out.tfevents.1768387346.master-192-168-8-48.1680.3,qkv.lora_B,5
1768388019.2613041,1100,34.40625,0.4146755337715149,Grad/qkv.lora_B,outputs_dev/vitb16/T=vtab_Q=3bit_L=lora_2_qkv-fc1-proj-fc2/cifar/20260114184203_default_acc=53.50/tensorboard/Grad_qkv.lora_B_block_5/events.out.tfevents.1768387346.master-192-168-8-48.1680.3,qkv.lora_B,5
1768388019.7008185,1101,34.4375,0.5291054844856262,Grad/qkv.lora_B,outputs_dev/vitb16/T=vtab_Q=3bit_L=lora_2_qkv-fc1-proj-fc2/cifar/20260114184203_default_acc=53.50/tensorboard/Grad_qkv.lora_B_block_5/events.out.tfevents.1768387346.master-192-168-8-48.1680.3,qkv.lora_B,5
1768388020.136216,1102,34.46875,0.2730236053466797,Grad/qkv.lora_B,outputs_dev/vitb16/T=vtab_Q=3bit_L=lora_2_qkv-fc1-proj-fc2/cifar/20260114184203_default_acc=53.50/tensorboard/Grad_qkv.lora_B_block_5/events.out.tfevents.1768387346.master-192-168-8-48.1680.3,qkv.lora_B,5
1768388020.5703235,1103,34.5,0.33988407254219055,Grad/qkv.lora_B,outputs_dev/vitb16/T=vtab_Q=3bit_L=lora_2_qkv-fc1-proj-fc2/cifar/20260114184203_default_acc=53.50/tensorboard/Grad_qkv.lora_B_block_5/events.out.tfevents.1768387346.master-192-168-8-48.1680.3,qkv.lora_B,5
1768388021.0055594,1104,34.53125,0.658869206905365,Grad/qkv.lora_B,outputs_dev/vitb16/T=vtab_Q=3bit_L=lora_2_qkv-fc1-proj-fc2/cifar/20260114184203_default_acc=53.50/tensorboard/Grad_qkv.lora_B_block_5/events.out.tfevents.1768387346.master-192-168-8-48.1680.3,qkv.lora_B,5
1768388021.4163914,1105,34.5625,0.2769024670124054,Grad/qkv.lora_B,outputs_dev/vitb16/T=vtab_Q=3bit_L=lora_2_qkv-fc1-proj-fc2/cifar/20260114184203_default_acc=53.50/tensorboard/Grad_qkv.lora_B_block_5/events.out.tfevents.1768387346.master-192-168-8-48.1680.3,qkv.lora_B,5
1768388021.8502386,1106,34.59375,0.323161244392395,Grad/qkv.lora_B,outputs_dev/vitb16/T=vtab_Q=3bit_L=lora_2_qkv-fc1-proj-fc2/cifar/20260114184203_default_acc=53.50/tensorboard/Grad_qkv.lora_B_block_5/events.out.tfevents.1768387346.master-192-168-8-48.1680.3,qkv.lora_B,5
1768388022.289008,1107,34.625,0.24190056324005127,Grad/qkv.lora_B,outputs_dev/vitb16/T=vtab_Q=3bit_L=lora_2_qkv-fc1-proj-fc2/cifar/20260114184203_default_acc=53.50/tensorboard/Grad_qkv.lora_B_block_5/events.out.tfevents.1768387346.master-192-168-8-48.1680.3,qkv.lora_B,5
1768388022.7259474,1108,34.65625,0.6094192266464233,Grad/qkv.lora_B,outputs_dev/vitb16/T=vtab_Q=3bit_L=lora_2_qkv-fc1-proj-fc2/cifar/20260114184203_default_acc=53.50/tensorboard/Grad_qkv.lora_B_block_5/events.out.tfevents.1768387346.master-192-168-8-48.1680.3,qkv.lora_B,5
1768388023.160153,1109,34.6875,0.24046221375465393,Grad/qkv.lora_B,outputs_dev/vitb16/T=vtab_Q=3bit_L=lora_2_qkv-fc1-proj-fc2/cifar/20260114184203_default_acc=53.50/tensorboard/Grad_qkv.lora_B_block_5/events.out.tfevents.1768387346.master-192-168-8-48.1680.3,qkv.lora_B,5
1768388023.5816674,1110,34.71875,0.14938011765480042,Grad/qkv.lora_B,outputs_dev/vitb16/T=vtab_Q=3bit_L=lora_2_qkv-fc1-proj-fc2/cifar/20260114184203_default_acc=53.50/tensorboard/Grad_qkv.lora_B_block_5/events.out.tfevents.1768387346.master-192-168-8-48.1680.3,qkv.lora_B,5
1768388024.0032046,1111,34.75,0.37072572112083435,Grad/qkv.lora_B,outputs_dev/vitb16/T=vtab_Q=3bit_L=lora_2_qkv-fc1-proj-fc2/cifar/20260114184203_default_acc=53.50/tensorboard/Grad_qkv.lora_B_block_5/events.out.tfevents.1768387346.master-192-168-8-48.1680.3,qkv.lora_B,5
1768388024.4362373,1112,34.78125,0.2878434658050537,Grad/qkv.lora_B,outputs_dev/vitb16/T=vtab_Q=3bit_L=lora_2_qkv-fc1-proj-fc2/cifar/20260114184203_default_acc=53.50/tensorboard/Grad_qkv.lora_B_block_5/events.out.tfevents.1768387346.master-192-168-8-48.1680.3,qkv.lora_B,5
1768388024.8744564,1113,34.8125,0.14560067653656006,Grad/qkv.lora_B,outputs_dev/vitb16/T=vtab_Q=3bit_L=lora_2_qkv-fc1-proj-fc2/cifar/20260114184203_default_acc=53.50/tensorboard/Grad_qkv.lora_B_block_5/events.out.tfevents.1768387346.master-192-168-8-48.1680.3,qkv.lora_B,5
1768388025.30904,1114,34.84375,0.3468397557735443,Grad/qkv.lora_B,outputs_dev/vitb16/T=vtab_Q=3bit_L=lora_2_qkv-fc1-proj-fc2/cifar/20260114184203_default_acc=53.50/tensorboard/Grad_qkv.lora_B_block_5/events.out.tfevents.1768387346.master-192-168-8-48.1680.3,qkv.lora_B,5
1768388025.7421024,1115,34.875,0.29216137528419495,Grad/qkv.lora_B,outputs_dev/vitb16/T=vtab_Q=3bit_L=lora_2_qkv-fc1-proj-fc2/cifar/20260114184203_default_acc=53.50/tensorboard/Grad_qkv.lora_B_block_5/events.out.tfevents.1768387346.master-192-168-8-48.1680.3,qkv.lora_B,5
1768388026.1649992,1116,34.90625,0.3835800886154175,Grad/qkv.lora_B,outputs_dev/vitb16/T=vtab_Q=3bit_L=lora_2_qkv-fc1-proj-fc2/cifar/20260114184203_default_acc=53.50/tensorboard/Grad_qkv.lora_B_block_5/events.out.tfevents.1768387346.master-192-168-8-48.1680.3,qkv.lora_B,5
1768388026.5875525,1117,34.9375,0.4865082800388336,Grad/qkv.lora_B,outputs_dev/vitb16/T=vtab_Q=3bit_L=lora_2_qkv-fc1-proj-fc2/cifar/20260114184203_default_acc=53.50/tensorboard/Grad_qkv.lora_B_block_5/events.out.tfevents.1768387346.master-192-168-8-48.1680.3,qkv.lora_B,5
1768388027.0082304,1118,34.96875,0.3156757652759552,Grad/qkv.lora_B,outputs_dev/vitb16/T=vtab_Q=3bit_L=lora_2_qkv-fc1-proj-fc2/cifar/20260114184203_default_acc=53.50/tensorboard/Grad_qkv.lora_B_block_5/events.out.tfevents.1768387346.master-192-168-8-48.1680.3,qkv.lora_B,5
1768388027.2223034,1119,35.0,0.14195388555526733,Grad/qkv.lora_B,outputs_dev/vitb16/T=vtab_Q=3bit_L=lora_2_qkv-fc1-proj-fc2/cifar/20260114184203_default_acc=53.50/tensorboard/Grad_qkv.lora_B_block_5/events.out.tfevents.1768387346.master-192-168-8-48.1680.3,qkv.lora_B,5
1768388027.9567552,1120,35.03125,0.361904501914978,Grad/qkv.lora_B,outputs_dev/vitb16/T=vtab_Q=3bit_L=lora_2_qkv-fc1-proj-fc2/cifar/20260114184203_default_acc=53.50/tensorboard/Grad_qkv.lora_B_block_5/events.out.tfevents.1768387346.master-192-168-8-48.1680.3,qkv.lora_B,5
1768388028.3968444,1121,35.0625,0.27938440442085266,Grad/qkv.lora_B,outputs_dev/vitb16/T=vtab_Q=3bit_L=lora_2_qkv-fc1-proj-fc2/cifar/20260114184203_default_acc=53.50/tensorboard/Grad_qkv.lora_B_block_5/events.out.tfevents.1768387346.master-192-168-8-48.1680.3,qkv.lora_B,5
1768388028.8189507,1122,35.09375,0.6325249075889587,Grad/qkv.lora_B,outputs_dev/vitb16/T=vtab_Q=3bit_L=lora_2_qkv-fc1-proj-fc2/cifar/20260114184203_default_acc=53.50/tensorboard/Grad_qkv.lora_B_block_5/events.out.tfevents.1768387346.master-192-168-8-48.1680.3,qkv.lora_B,5
1768388029.2539988,1123,35.125,0.34128785133361816,Grad/qkv.lora_B,outputs_dev/vitb16/T=vtab_Q=3bit_L=lora_2_qkv-fc1-proj-fc2/cifar/20260114184203_default_acc=53.50/tensorboard/Grad_qkv.lora_B_block_5/events.out.tfevents.1768387346.master-192-168-8-48.1680.3,qkv.lora_B,5
1768388029.675171,1124,35.15625,0.14117483794689178,Grad/qkv.lora_B,outputs_dev/vitb16/T=vtab_Q=3bit_L=lora_2_qkv-fc1-proj-fc2/cifar/20260114184203_default_acc=53.50/tensorboard/Grad_qkv.lora_B_block_5/events.out.tfevents.1768387346.master-192-168-8-48.1680.3,qkv.lora_B,5
1768388030.0949621,1125,35.1875,0.29936790466308594,Grad/qkv.lora_B,outputs_dev/vitb16/T=vtab_Q=3bit_L=lora_2_qkv-fc1-proj-fc2/cifar/20260114184203_default_acc=53.50/tensorboard/Grad_qkv.lora_B_block_5/events.out.tfevents.1768387346.master-192-168-8-48.1680.3,qkv.lora_B,5
1768388030.5203953,1126,35.21875,0.4683189392089844,Grad/qkv.lora_B,outputs_dev/vitb16/T=vtab_Q=3bit_L=lora_2_qkv-fc1-proj-fc2/cifar/20260114184203_default_acc=53.50/tensorboard/Grad_qkv.lora_B_block_5/events.out.tfevents.1768387346.master-192-168-8-48.1680.3,qkv.lora_B,5
1768388030.9323971,1127,35.25,0.29727238416671753,Grad/qkv.lora_B,outputs_dev/vitb16/T=vtab_Q=3bit_L=lora_2_qkv-fc1-proj-fc2/cifar/20260114184203_default_acc=53.50/tensorboard/Grad_qkv.lora_B_block_5/events.out.tfevents.1768387346.master-192-168-8-48.1680.3,qkv.lora_B,5
1768388031.3654475,1128,35.28125,0.16705822944641113,Grad/qkv.lora_B,outputs_dev/vitb16/T=vtab_Q=3bit_L=lora_2_qkv-fc1-proj-fc2/cifar/20260114184203_default_acc=53.50/tensorboard/Grad_qkv.lora_B_block_5/events.out.tfevents.1768387346.master-192-168-8-48.1680.3,qkv.lora_B,5
1768388031.7801409,1129,35.3125,0.3302461802959442,Grad/qkv.lora_B,outputs_dev/vitb16/T=vtab_Q=3bit_L=lora_2_qkv-fc1-proj-fc2/cifar/20260114184203_default_acc=53.50/tensorboard/Grad_qkv.lora_B_block_5/events.out.tfevents.1768387346.master-192-168-8-48.1680.3,qkv.lora_B,5
1768388032.2057054,1130,35.34375,0.20757956802845,Grad/qkv.lora_B,outputs_dev/vitb16/T=vtab_Q=3bit_L=lora_2_qkv-fc1-proj-fc2/cifar/20260114184203_default_acc=53.50/tensorboard/Grad_qkv.lora_B_block_5/events.out.tfevents.1768387346.master-192-168-8-48.1680.3,qkv.lora_B,5
1768388032.626857,1131,35.375,0.33730173110961914,Grad/qkv.lora_B,outputs_dev/vitb16/T=vtab_Q=3bit_L=lora_2_qkv-fc1-proj-fc2/cifar/20260114184203_default_acc=53.50/tensorboard/Grad_qkv.lora_B_block_5/events.out.tfevents.1768387346.master-192-168-8-48.1680.3,qkv.lora_B,5
1768388033.0471306,1132,35.40625,0.16514864563941956,Grad/qkv.lora_B,outputs_dev/vitb16/T=vtab_Q=3bit_L=lora_2_qkv-fc1-proj-fc2/cifar/20260114184203_default_acc=53.50/tensorboard/Grad_qkv.lora_B_block_5/events.out.tfevents.1768387346.master-192-168-8-48.1680.3,qkv.lora_B,5
1768388033.4653897,1133,35.4375,0.23903194069862366,Grad/qkv.lora_B,outputs_dev/vitb16/T=vtab_Q=3bit_L=lora_2_qkv-fc1-proj-fc2/cifar/20260114184203_default_acc=53.50/tensorboard/Grad_qkv.lora_B_block_5/events.out.tfevents.1768387346.master-192-168-8-48.1680.3,qkv.lora_B,5
1768388033.8984127,1134,35.46875,0.3806340992450714,Grad/qkv.lora_B,outputs_dev/vitb16/T=vtab_Q=3bit_L=lora_2_qkv-fc1-proj-fc2/cifar/20260114184203_default_acc=53.50/tensorboard/Grad_qkv.lora_B_block_5/events.out.tfevents.1768387346.master-192-168-8-48.1680.3,qkv.lora_B,5
1768388034.33223,1135,35.5,0.24348825216293335,Grad/qkv.lora_B,outputs_dev/vitb16/T=vtab_Q=3bit_L=lora_2_qkv-fc1-proj-fc2/cifar/20260114184203_default_acc=53.50/tensorboard/Grad_qkv.lora_B_block_5/events.out.tfevents.1768387346.master-192-168-8-48.1680.3,qkv.lora_B,5
1768388034.7682624,1136,35.53125,0.28101781010627747,Grad/qkv.lora_B,outputs_dev/vitb16/T=vtab_Q=3bit_L=lora_2_qkv-fc1-proj-fc2/cifar/20260114184203_default_acc=53.50/tensorboard/Grad_qkv.lora_B_block_5/events.out.tfevents.1768387346.master-192-168-8-48.1680.3,qkv.lora_B,5
1768388035.2066104,1137,35.5625,0.1461516171693802,Grad/qkv.lora_B,outputs_dev/vitb16/T=vtab_Q=3bit_L=lora_2_qkv-fc1-proj-fc2/cifar/20260114184203_default_acc=53.50/tensorboard/Grad_qkv.lora_B_block_5/events.out.tfevents.1768387346.master-192-168-8-48.1680.3,qkv.lora_B,5
1768388035.6360185,1138,35.59375,0.05744066834449768,Grad/qkv.lora_B,outputs_dev/vitb16/T=vtab_Q=3bit_L=lora_2_qkv-fc1-proj-fc2/cifar/20260114184203_default_acc=53.50/tensorboard/Grad_qkv.lora_B_block_5/events.out.tfevents.1768387346.master-192-168-8-48.1680.3,qkv.lora_B,5
1768388036.0701861,1139,35.625,0.37272006273269653,Grad/qkv.lora_B,outputs_dev/vitb16/T=vtab_Q=3bit_L=lora_2_qkv-fc1-proj-fc2/cifar/20260114184203_default_acc=53.50/tensorboard/Grad_qkv.lora_B_block_5/events.out.tfevents.1768387346.master-192-168-8-48.1680.3,qkv.lora_B,5
1768388036.4883924,1140,35.65625,0.31063541769981384,Grad/qkv.lora_B,outputs_dev/vitb16/T=vtab_Q=3bit_L=lora_2_qkv-fc1-proj-fc2/cifar/20260114184203_default_acc=53.50/tensorboard/Grad_qkv.lora_B_block_5/events.out.tfevents.1768387346.master-192-168-8-48.1680.3,qkv.lora_B,5
1768388036.9130483,1141,35.6875,0.165711909532547,Grad/qkv.lora_B,outputs_dev/vitb16/T=vtab_Q=3bit_L=lora_2_qkv-fc1-proj-fc2/cifar/20260114184203_default_acc=53.50/tensorboard/Grad_qkv.lora_B_block_5/events.out.tfevents.1768387346.master-192-168-8-48.1680.3,qkv.lora_B,5
1768388037.34758,1142,35.71875,0.451706200838089,Grad/qkv.lora_B,outputs_dev/vitb16/T=vtab_Q=3bit_L=lora_2_qkv-fc1-proj-fc2/cifar/20260114184203_default_acc=53.50/tensorboard/Grad_qkv.lora_B_block_5/events.out.tfevents.1768387346.master-192-168-8-48.1680.3,qkv.lora_B,5
1768388037.766282,1143,35.75,0.28376397490501404,Grad/qkv.lora_B,outputs_dev/vitb16/T=vtab_Q=3bit_L=lora_2_qkv-fc1-proj-fc2/cifar/20260114184203_default_acc=53.50/tensorboard/Grad_qkv.lora_B_block_5/events.out.tfevents.1768387346.master-192-168-8-48.1680.3,qkv.lora_B,5
1768388038.1868882,1144,35.78125,0.23833903670310974,Grad/qkv.lora_B,outputs_dev/vitb16/T=vtab_Q=3bit_L=lora_2_qkv-fc1-proj-fc2/cifar/20260114184203_default_acc=53.50/tensorboard/Grad_qkv.lora_B_block_5/events.out.tfevents.1768387346.master-192-168-8-48.1680.3,qkv.lora_B,5
1768388038.6190062,1145,35.8125,0.26305335760116577,Grad/qkv.lora_B,outputs_dev/vitb16/T=vtab_Q=3bit_L=lora_2_qkv-fc1-proj-fc2/cifar/20260114184203_default_acc=53.50/tensorboard/Grad_qkv.lora_B_block_5/events.out.tfevents.1768387346.master-192-168-8-48.1680.3,qkv.lora_B,5
1768388039.0519373,1146,35.84375,0.3962213695049286,Grad/qkv.lora_B,outputs_dev/vitb16/T=vtab_Q=3bit_L=lora_2_qkv-fc1-proj-fc2/cifar/20260114184203_default_acc=53.50/tensorboard/Grad_qkv.lora_B_block_5/events.out.tfevents.1768387346.master-192-168-8-48.1680.3,qkv.lora_B,5
1768388039.485057,1147,35.875,0.22775883972644806,Grad/qkv.lora_B,outputs_dev/vitb16/T=vtab_Q=3bit_L=lora_2_qkv-fc1-proj-fc2/cifar/20260114184203_default_acc=53.50/tensorboard/Grad_qkv.lora_B_block_5/events.out.tfevents.1768387346.master-192-168-8-48.1680.3,qkv.lora_B,5
1768388039.9181013,1148,35.90625,0.2788335978984833,Grad/qkv.lora_B,outputs_dev/vitb16/T=vtab_Q=3bit_L=lora_2_qkv-fc1-proj-fc2/cifar/20260114184203_default_acc=53.50/tensorboard/Grad_qkv.lora_B_block_5/events.out.tfevents.1768387346.master-192-168-8-48.1680.3,qkv.lora_B,5
1768388040.3517694,1149,35.9375,0.16054560244083405,Grad/qkv.lora_B,outputs_dev/vitb16/T=vtab_Q=3bit_L=lora_2_qkv-fc1-proj-fc2/cifar/20260114184203_default_acc=53.50/tensorboard/Grad_qkv.lora_B_block_5/events.out.tfevents.1768387346.master-192-168-8-48.1680.3,qkv.lora_B,5
1768388040.77102,1150,35.96875,0.5256516337394714,Grad/qkv.lora_B,outputs_dev/vitb16/T=vtab_Q=3bit_L=lora_2_qkv-fc1-proj-fc2/cifar/20260114184203_default_acc=53.50/tensorboard/Grad_qkv.lora_B_block_5/events.out.tfevents.1768387346.master-192-168-8-48.1680.3,qkv.lora_B,5
1768388040.9691658,1151,36.0,0.898059606552124,Grad/qkv.lora_B,outputs_dev/vitb16/T=vtab_Q=3bit_L=lora_2_qkv-fc1-proj-fc2/cifar/20260114184203_default_acc=53.50/tensorboard/Grad_qkv.lora_B_block_5/events.out.tfevents.1768387346.master-192-168-8-48.1680.3,qkv.lora_B,5
1768388041.64701,1152,36.03125,0.2765723168849945,Grad/qkv.lora_B,outputs_dev/vitb16/T=vtab_Q=3bit_L=lora_2_qkv-fc1-proj-fc2/cifar/20260114184203_default_acc=53.50/tensorboard/Grad_qkv.lora_B_block_5/events.out.tfevents.1768387346.master-192-168-8-48.1680.3,qkv.lora_B,5
1768388042.074452,1153,36.0625,0.3619261682033539,Grad/qkv.lora_B,outputs_dev/vitb16/T=vtab_Q=3bit_L=lora_2_qkv-fc1-proj-fc2/cifar/20260114184203_default_acc=53.50/tensorboard/Grad_qkv.lora_B_block_5/events.out.tfevents.1768387346.master-192-168-8-48.1680.3,qkv.lora_B,5
1768388042.504011,1154,36.09375,0.3862003982067108,Grad/qkv.lora_B,outputs_dev/vitb16/T=vtab_Q=3bit_L=lora_2_qkv-fc1-proj-fc2/cifar/20260114184203_default_acc=53.50/tensorboard/Grad_qkv.lora_B_block_5/events.out.tfevents.1768387346.master-192-168-8-48.1680.3,qkv.lora_B,5
1768388042.9291935,1155,36.125,0.23365169763565063,Grad/qkv.lora_B,outputs_dev/vitb16/T=vtab_Q=3bit_L=lora_2_qkv-fc1-proj-fc2/cifar/20260114184203_default_acc=53.50/tensorboard/Grad_qkv.lora_B_block_5/events.out.tfevents.1768387346.master-192-168-8-48.1680.3,qkv.lora_B,5
1768388043.3622234,1156,36.15625,0.4968935251235962,Grad/qkv.lora_B,outputs_dev/vitb16/T=vtab_Q=3bit_L=lora_2_qkv-fc1-proj-fc2/cifar/20260114184203_default_acc=53.50/tensorboard/Grad_qkv.lora_B_block_5/events.out.tfevents.1768387346.master-192-168-8-48.1680.3,qkv.lora_B,5
1768388043.7821703,1157,36.1875,0.410360187292099,Grad/qkv.lora_B,outputs_dev/vitb16/T=vtab_Q=3bit_L=lora_2_qkv-fc1-proj-fc2/cifar/20260114184203_default_acc=53.50/tensorboard/Grad_qkv.lora_B_block_5/events.out.tfevents.1768387346.master-192-168-8-48.1680.3,qkv.lora_B,5
1768388044.2017956,1158,36.21875,0.3359215557575226,Grad/qkv.lora_B,outputs_dev/vitb16/T=vtab_Q=3bit_L=lora_2_qkv-fc1-proj-fc2/cifar/20260114184203_default_acc=53.50/tensorboard/Grad_qkv.lora_B_block_5/events.out.tfevents.1768387346.master-192-168-8-48.1680.3,qkv.lora_B,5
1768388044.632925,1159,36.25,0.513467013835907,Grad/qkv.lora_B,outputs_dev/vitb16/T=vtab_Q=3bit_L=lora_2_qkv-fc1-proj-fc2/cifar/20260114184203_default_acc=53.50/tensorboard/Grad_qkv.lora_B_block_5/events.out.tfevents.1768387346.master-192-168-8-48.1680.3,qkv.lora_B,5
1768388045.0683463,1160,36.28125,0.6620326042175293,Grad/qkv.lora_B,outputs_dev/vitb16/T=vtab_Q=3bit_L=lora_2_qkv-fc1-proj-fc2/cifar/20260114184203_default_acc=53.50/tensorboard/Grad_qkv.lora_B_block_5/events.out.tfevents.1768387346.master-192-168-8-48.1680.3,qkv.lora_B,5
1768388045.4884152,1161,36.3125,0.7901970744132996,Grad/qkv.lora_B,outputs_dev/vitb16/T=vtab_Q=3bit_L=lora_2_qkv-fc1-proj-fc2/cifar/20260114184203_default_acc=53.50/tensorboard/Grad_qkv.lora_B_block_5/events.out.tfevents.1768387346.master-192-168-8-48.1680.3,qkv.lora_B,5
1768388045.9203136,1162,36.34375,0.48485782742500305,Grad/qkv.lora_B,outputs_dev/vitb16/T=vtab_Q=3bit_L=lora_2_qkv-fc1-proj-fc2/cifar/20260114184203_default_acc=53.50/tensorboard/Grad_qkv.lora_B_block_5/events.out.tfevents.1768387346.master-192-168-8-48.1680.3,qkv.lora_B,5
1768388046.3561208,1163,36.375,0.8564454317092896,Grad/qkv.lora_B,outputs_dev/vitb16/T=vtab_Q=3bit_L=lora_2_qkv-fc1-proj-fc2/cifar/20260114184203_default_acc=53.50/tensorboard/Grad_qkv.lora_B_block_5/events.out.tfevents.1768387346.master-192-168-8-48.1680.3,qkv.lora_B,5
1768388046.7907398,1164,36.40625,0.30930429697036743,Grad/qkv.lora_B,outputs_dev/vitb16/T=vtab_Q=3bit_L=lora_2_qkv-fc1-proj-fc2/cifar/20260114184203_default_acc=53.50/tensorboard/Grad_qkv.lora_B_block_5/events.out.tfevents.1768387346.master-192-168-8-48.1680.3,qkv.lora_B,5
1768388047.2094483,1165,36.4375,0.2974005937576294,Grad/qkv.lora_B,outputs_dev/vitb16/T=vtab_Q=3bit_L=lora_2_qkv-fc1-proj-fc2/cifar/20260114184203_default_acc=53.50/tensorboard/Grad_qkv.lora_B_block_5/events.out.tfevents.1768387346.master-192-168-8-48.1680.3,qkv.lora_B,5
1768388047.629973,1166,36.46875,0.6046658754348755,Grad/qkv.lora_B,outputs_dev/vitb16/T=vtab_Q=3bit_L=lora_2_qkv-fc1-proj-fc2/cifar/20260114184203_default_acc=53.50/tensorboard/Grad_qkv.lora_B_block_5/events.out.tfevents.1768387346.master-192-168-8-48.1680.3,qkv.lora_B,5
1768388048.0495017,1167,36.5,0.23851585388183594,Grad/qkv.lora_B,outputs_dev/vitb16/T=vtab_Q=3bit_L=lora_2_qkv-fc1-proj-fc2/cifar/20260114184203_default_acc=53.50/tensorboard/Grad_qkv.lora_B_block_5/events.out.tfevents.1768387346.master-192-168-8-48.1680.3,qkv.lora_B,5
1768388048.4712873,1168,36.53125,0.46413108706474304,Grad/qkv.lora_B,outputs_dev/vitb16/T=vtab_Q=3bit_L=lora_2_qkv-fc1-proj-fc2/cifar/20260114184203_default_acc=53.50/tensorboard/Grad_qkv.lora_B_block_5/events.out.tfevents.1768387346.master-192-168-8-48.1680.3,qkv.lora_B,5
1768388048.8882902,1169,36.5625,0.3230203092098236,Grad/qkv.lora_B,outputs_dev/vitb16/T=vtab_Q=3bit_L=lora_2_qkv-fc1-proj-fc2/cifar/20260114184203_default_acc=53.50/tensorboard/Grad_qkv.lora_B_block_5/events.out.tfevents.1768387346.master-192-168-8-48.1680.3,qkv.lora_B,5
1768388049.310403,1170,36.59375,0.5061997771263123,Grad/qkv.lora_B,outputs_dev/vitb16/T=vtab_Q=3bit_L=lora_2_qkv-fc1-proj-fc2/cifar/20260114184203_default_acc=53.50/tensorboard/Grad_qkv.lora_B_block_5/events.out.tfevents.1768387346.master-192-168-8-48.1680.3,qkv.lora_B,5
1768388049.743518,1171,36.625,0.4453234374523163,Grad/qkv.lora_B,outputs_dev/vitb16/T=vtab_Q=3bit_L=lora_2_qkv-fc1-proj-fc2/cifar/20260114184203_default_acc=53.50/tensorboard/Grad_qkv.lora_B_block_5/events.out.tfevents.1768387346.master-192-168-8-48.1680.3,qkv.lora_B,5
1768388050.1716325,1172,36.65625,0.2478092759847641,Grad/qkv.lora_B,outputs_dev/vitb16/T=vtab_Q=3bit_L=lora_2_qkv-fc1-proj-fc2/cifar/20260114184203_default_acc=53.50/tensorboard/Grad_qkv.lora_B_block_5/events.out.tfevents.1768387346.master-192-168-8-48.1680.3,qkv.lora_B,5
1768388050.5894454,1173,36.6875,0.15915276110172272,Grad/qkv.lora_B,outputs_dev/vitb16/T=vtab_Q=3bit_L=lora_2_qkv-fc1-proj-fc2/cifar/20260114184203_default_acc=53.50/tensorboard/Grad_qkv.lora_B_block_5/events.out.tfevents.1768387346.master-192-168-8-48.1680.3,qkv.lora_B,5
1768388051.0245786,1174,36.71875,0.3418998420238495,Grad/qkv.lora_B,outputs_dev/vitb16/T=vtab_Q=3bit_L=lora_2_qkv-fc1-proj-fc2/cifar/20260114184203_default_acc=53.50/tensorboard/Grad_qkv.lora_B_block_5/events.out.tfevents.1768387346.master-192-168-8-48.1680.3,qkv.lora_B,5
1768388051.44375,1175,36.75,0.4978638291358948,Grad/qkv.lora_B,outputs_dev/vitb16/T=vtab_Q=3bit_L=lora_2_qkv-fc1-proj-fc2/cifar/20260114184203_default_acc=53.50/tensorboard/Grad_qkv.lora_B_block_5/events.out.tfevents.1768387346.master-192-168-8-48.1680.3,qkv.lora_B,5
1768388051.8780117,1176,36.78125,0.5624402165412903,Grad/qkv.lora_B,outputs_dev/vitb16/T=vtab_Q=3bit_L=lora_2_qkv-fc1-proj-fc2/cifar/20260114184203_default_acc=53.50/tensorboard/Grad_qkv.lora_B_block_5/events.out.tfevents.1768387346.master-192-168-8-48.1680.3,qkv.lora_B,5
1768388052.2986479,1177,36.8125,0.30545666813850403,Grad/qkv.lora_B,outputs_dev/vitb16/T=vtab_Q=3bit_L=lora_2_qkv-fc1-proj-fc2/cifar/20260114184203_default_acc=53.50/tensorboard/Grad_qkv.lora_B_block_5/events.out.tfevents.1768387346.master-192-168-8-48.1680.3,qkv.lora_B,5
1768388052.7374773,1178,36.84375,0.48558780550956726,Grad/qkv.lora_B,outputs_dev/vitb16/T=vtab_Q=3bit_L=lora_2_qkv-fc1-proj-fc2/cifar/20260114184203_default_acc=53.50/tensorboard/Grad_qkv.lora_B_block_5/events.out.tfevents.1768387346.master-192-168-8-48.1680.3,qkv.lora_B,5
1768388053.1576028,1179,36.875,0.280536413192749,Grad/qkv.lora_B,outputs_dev/vitb16/T=vtab_Q=3bit_L=lora_2_qkv-fc1-proj-fc2/cifar/20260114184203_default_acc=53.50/tensorboard/Grad_qkv.lora_B_block_5/events.out.tfevents.1768387346.master-192-168-8-48.1680.3,qkv.lora_B,5
1768388053.5779567,1180,36.90625,0.43736204504966736,Grad/qkv.lora_B,outputs_dev/vitb16/T=vtab_Q=3bit_L=lora_2_qkv-fc1-proj-fc2/cifar/20260114184203_default_acc=53.50/tensorboard/Grad_qkv.lora_B_block_5/events.out.tfevents.1768387346.master-192-168-8-48.1680.3,qkv.lora_B,5
1768388053.9849262,1181,36.9375,0.48147881031036377,Grad/qkv.lora_B,outputs_dev/vitb16/T=vtab_Q=3bit_L=lora_2_qkv-fc1-proj-fc2/cifar/20260114184203_default_acc=53.50/tensorboard/Grad_qkv.lora_B_block_5/events.out.tfevents.1768387346.master-192-168-8-48.1680.3,qkv.lora_B,5
1768388054.415866,1182,36.96875,0.3020514249801636,Grad/qkv.lora_B,outputs_dev/vitb16/T=vtab_Q=3bit_L=lora_2_qkv-fc1-proj-fc2/cifar/20260114184203_default_acc=53.50/tensorboard/Grad_qkv.lora_B_block_5/events.out.tfevents.1768387346.master-192-168-8-48.1680.3,qkv.lora_B,5
1768388054.6375098,1183,37.0,0.4381013810634613,Grad/qkv.lora_B,outputs_dev/vitb16/T=vtab_Q=3bit_L=lora_2_qkv-fc1-proj-fc2/cifar/20260114184203_default_acc=53.50/tensorboard/Grad_qkv.lora_B_block_5/events.out.tfevents.1768387346.master-192-168-8-48.1680.3,qkv.lora_B,5
1768388055.2934093,1184,37.03125,0.40258654952049255,Grad/qkv.lora_B,outputs_dev/vitb16/T=vtab_Q=3bit_L=lora_2_qkv-fc1-proj-fc2/cifar/20260114184203_default_acc=53.50/tensorboard/Grad_qkv.lora_B_block_5/events.out.tfevents.1768387346.master-192-168-8-48.1680.3,qkv.lora_B,5
1768388055.7295592,1185,37.0625,0.164152592420578,Grad/qkv.lora_B,outputs_dev/vitb16/T=vtab_Q=3bit_L=lora_2_qkv-fc1-proj-fc2/cifar/20260114184203_default_acc=53.50/tensorboard/Grad_qkv.lora_B_block_5/events.out.tfevents.1768387346.master-192-168-8-48.1680.3,qkv.lora_B,5
1768388056.16452,1186,37.09375,0.15176603198051453,Grad/qkv.lora_B,outputs_dev/vitb16/T=vtab_Q=3bit_L=lora_2_qkv-fc1-proj-fc2/cifar/20260114184203_default_acc=53.50/tensorboard/Grad_qkv.lora_B_block_5/events.out.tfevents.1768387346.master-192-168-8-48.1680.3,qkv.lora_B,5
1768388056.6254303,1187,37.125,0.6161048412322998,Grad/qkv.lora_B,outputs_dev/vitb16/T=vtab_Q=3bit_L=lora_2_qkv-fc1-proj-fc2/cifar/20260114184203_default_acc=53.50/tensorboard/Grad_qkv.lora_B_block_5/events.out.tfevents.1768387346.master-192-168-8-48.1680.3,qkv.lora_B,5
1768388057.0548782,1188,37.15625,0.5840364098548889,Grad/qkv.lora_B,outputs_dev/vitb16/T=vtab_Q=3bit_L=lora_2_qkv-fc1-proj-fc2/cifar/20260114184203_default_acc=53.50/tensorboard/Grad_qkv.lora_B_block_5/events.out.tfevents.1768387346.master-192-168-8-48.1680.3,qkv.lora_B,5
1768388057.480115,1189,37.1875,0.3315116763114929,Grad/qkv.lora_B,outputs_dev/vitb16/T=vtab_Q=3bit_L=lora_2_qkv-fc1-proj-fc2/cifar/20260114184203_default_acc=53.50/tensorboard/Grad_qkv.lora_B_block_5/events.out.tfevents.1768387346.master-192-168-8-48.1680.3,qkv.lora_B,5
1768388057.903661,1190,37.21875,0.22500915825366974,Grad/qkv.lora_B,outputs_dev/vitb16/T=vtab_Q=3bit_L=lora_2_qkv-fc1-proj-fc2/cifar/20260114184203_default_acc=53.50/tensorboard/Grad_qkv.lora_B_block_5/events.out.tfevents.1768387346.master-192-168-8-48.1680.3,qkv.lora_B,5
1768388058.3253508,1191,37.25,0.16239650547504425,Grad/qkv.lora_B,outputs_dev/vitb16/T=vtab_Q=3bit_L=lora_2_qkv-fc1-proj-fc2/cifar/20260114184203_default_acc=53.50/tensorboard/Grad_qkv.lora_B_block_5/events.out.tfevents.1768387346.master-192-168-8-48.1680.3,qkv.lora_B,5
1768388058.7476969,1192,37.28125,0.4931899905204773,Grad/qkv.lora_B,outputs_dev/vitb16/T=vtab_Q=3bit_L=lora_2_qkv-fc1-proj-fc2/cifar/20260114184203_default_acc=53.50/tensorboard/Grad_qkv.lora_B_block_5/events.out.tfevents.1768387346.master-192-168-8-48.1680.3,qkv.lora_B,5
1768388059.186531,1193,37.3125,0.25106436014175415,Grad/qkv.lora_B,outputs_dev/vitb16/T=vtab_Q=3bit_L=lora_2_qkv-fc1-proj-fc2/cifar/20260114184203_default_acc=53.50/tensorboard/Grad_qkv.lora_B_block_5/events.out.tfevents.1768387346.master-192-168-8-48.1680.3,qkv.lora_B,5
1768388059.6067672,1194,37.34375,0.2127770483493805,Grad/qkv.lora_B,outputs_dev/vitb16/T=vtab_Q=3bit_L=lora_2_qkv-fc1-proj-fc2/cifar/20260114184203_default_acc=53.50/tensorboard/Grad_qkv.lora_B_block_5/events.out.tfevents.1768387346.master-192-168-8-48.1680.3,qkv.lora_B,5
1768388060.0292573,1195,37.375,0.27582043409347534,Grad/qkv.lora_B,outputs_dev/vitb16/T=vtab_Q=3bit_L=lora_2_qkv-fc1-proj-fc2/cifar/20260114184203_default_acc=53.50/tensorboard/Grad_qkv.lora_B_block_5/events.out.tfevents.1768387346.master-192-168-8-48.1680.3,qkv.lora_B,5
1768388060.4507916,1196,37.40625,0.6539192199707031,Grad/qkv.lora_B,outputs_dev/vitb16/T=vtab_Q=3bit_L=lora_2_qkv-fc1-proj-fc2/cifar/20260114184203_default_acc=53.50/tensorboard/Grad_qkv.lora_B_block_5/events.out.tfevents.1768387346.master-192-168-8-48.1680.3,qkv.lora_B,5
1768388060.8738053,1197,37.4375,0.4609295427799225,Grad/qkv.lora_B,outputs_dev/vitb16/T=vtab_Q=3bit_L=lora_2_qkv-fc1-proj-fc2/cifar/20260114184203_default_acc=53.50/tensorboard/Grad_qkv.lora_B_block_5/events.out.tfevents.1768387346.master-192-168-8-48.1680.3,qkv.lora_B,5
1768388061.2972963,1198,37.46875,0.17146237194538116,Grad/qkv.lora_B,outputs_dev/vitb16/T=vtab_Q=3bit_L=lora_2_qkv-fc1-proj-fc2/cifar/20260114184203_default_acc=53.50/tensorboard/Grad_qkv.lora_B_block_5/events.out.tfevents.1768387346.master-192-168-8-48.1680.3,qkv.lora_B,5
1768388061.7176883,1199,37.5,0.19165781140327454,Grad/qkv.lora_B,outputs_dev/vitb16/T=vtab_Q=3bit_L=lora_2_qkv-fc1-proj-fc2/cifar/20260114184203_default_acc=53.50/tensorboard/Grad_qkv.lora_B_block_5/events.out.tfevents.1768387346.master-192-168-8-48.1680.3,qkv.lora_B,5
1768388062.1412325,1200,37.53125,0.41512197256088257,Grad/qkv.lora_B,outputs_dev/vitb16/T=vtab_Q=3bit_L=lora_2_qkv-fc1-proj-fc2/cifar/20260114184203_default_acc=53.50/tensorboard/Grad_qkv.lora_B_block_5/events.out.tfevents.1768387346.master-192-168-8-48.1680.3,qkv.lora_B,5
1768388062.5682635,1201,37.5625,0.9735000729560852,Grad/qkv.lora_B,outputs_dev/vitb16/T=vtab_Q=3bit_L=lora_2_qkv-fc1-proj-fc2/cifar/20260114184203_default_acc=53.50/tensorboard/Grad_qkv.lora_B_block_5/events.out.tfevents.1768387346.master-192-168-8-48.1680.3,qkv.lora_B,5
1768388062.9868646,1202,37.59375,0.734662652015686,Grad/qkv.lora_B,outputs_dev/vitb16/T=vtab_Q=3bit_L=lora_2_qkv-fc1-proj-fc2/cifar/20260114184203_default_acc=53.50/tensorboard/Grad_qkv.lora_B_block_5/events.out.tfevents.1768387346.master-192-168-8-48.1680.3,qkv.lora_B,5
1768388063.4242454,1203,37.625,0.31814953684806824,Grad/qkv.lora_B,outputs_dev/vitb16/T=vtab_Q=3bit_L=lora_2_qkv-fc1-proj-fc2/cifar/20260114184203_default_acc=53.50/tensorboard/Grad_qkv.lora_B_block_5/events.out.tfevents.1768387346.master-192-168-8-48.1680.3,qkv.lora_B,5
1768388063.8577602,1204,37.65625,0.4638928174972534,Grad/qkv.lora_B,outputs_dev/vitb16/T=vtab_Q=3bit_L=lora_2_qkv-fc1-proj-fc2/cifar/20260114184203_default_acc=53.50/tensorboard/Grad_qkv.lora_B_block_5/events.out.tfevents.1768387346.master-192-168-8-48.1680.3,qkv.lora_B,5
1768388064.2815187,1205,37.6875,0.46387574076652527,Grad/qkv.lora_B,outputs_dev/vitb16/T=vtab_Q=3bit_L=lora_2_qkv-fc1-proj-fc2/cifar/20260114184203_default_acc=53.50/tensorboard/Grad_qkv.lora_B_block_5/events.out.tfevents.1768387346.master-192-168-8-48.1680.3,qkv.lora_B,5
1768388064.7010634,1206,37.71875,0.37183839082717896,Grad/qkv.lora_B,outputs_dev/vitb16/T=vtab_Q=3bit_L=lora_2_qkv-fc1-proj-fc2/cifar/20260114184203_default_acc=53.50/tensorboard/Grad_qkv.lora_B_block_5/events.out.tfevents.1768387346.master-192-168-8-48.1680.3,qkv.lora_B,5
1768388065.1366546,1207,37.75,0.18799762427806854,Grad/qkv.lora_B,outputs_dev/vitb16/T=vtab_Q=3bit_L=lora_2_qkv-fc1-proj-fc2/cifar/20260114184203_default_acc=53.50/tensorboard/Grad_qkv.lora_B_block_5/events.out.tfevents.1768387346.master-192-168-8-48.1680.3,qkv.lora_B,5
1768388065.5590658,1208,37.78125,0.4736032783985138,Grad/qkv.lora_B,outputs_dev/vitb16/T=vtab_Q=3bit_L=lora_2_qkv-fc1-proj-fc2/cifar/20260114184203_default_acc=53.50/tensorboard/Grad_qkv.lora_B_block_5/events.out.tfevents.1768387346.master-192-168-8-48.1680.3,qkv.lora_B,5
1768388065.992121,1209,37.8125,0.5072641968727112,Grad/qkv.lora_B,outputs_dev/vitb16/T=vtab_Q=3bit_L=lora_2_qkv-fc1-proj-fc2/cifar/20260114184203_default_acc=53.50/tensorboard/Grad_qkv.lora_B_block_5/events.out.tfevents.1768387346.master-192-168-8-48.1680.3,qkv.lora_B,5
1768388066.4034464,1210,37.84375,0.24585554003715515,Grad/qkv.lora_B,outputs_dev/vitb16/T=vtab_Q=3bit_L=lora_2_qkv-fc1-proj-fc2/cifar/20260114184203_default_acc=53.50/tensorboard/Grad_qkv.lora_B_block_5/events.out.tfevents.1768387346.master-192-168-8-48.1680.3,qkv.lora_B,5
1768388066.8257575,1211,37.875,0.6031920313835144,Grad/qkv.lora_B,outputs_dev/vitb16/T=vtab_Q=3bit_L=lora_2_qkv-fc1-proj-fc2/cifar/20260114184203_default_acc=53.50/tensorboard/Grad_qkv.lora_B_block_5/events.out.tfevents.1768387346.master-192-168-8-48.1680.3,qkv.lora_B,5
1768388067.2497544,1212,37.90625,0.6852326989173889,Grad/qkv.lora_B,outputs_dev/vitb16/T=vtab_Q=3bit_L=lora_2_qkv-fc1-proj-fc2/cifar/20260114184203_default_acc=53.50/tensorboard/Grad_qkv.lora_B_block_5/events.out.tfevents.1768387346.master-192-168-8-48.1680.3,qkv.lora_B,5
1768388067.6777544,1213,37.9375,0.21089090406894684,Grad/qkv.lora_B,outputs_dev/vitb16/T=vtab_Q=3bit_L=lora_2_qkv-fc1-proj-fc2/cifar/20260114184203_default_acc=53.50/tensorboard/Grad_qkv.lora_B_block_5/events.out.tfevents.1768387346.master-192-168-8-48.1680.3,qkv.lora_B,5
1768388068.0989678,1214,37.96875,0.6906456351280212,Grad/qkv.lora_B,outputs_dev/vitb16/T=vtab_Q=3bit_L=lora_2_qkv-fc1-proj-fc2/cifar/20260114184203_default_acc=53.50/tensorboard/Grad_qkv.lora_B_block_5/events.out.tfevents.1768387346.master-192-168-8-48.1680.3,qkv.lora_B,5
1768388068.2887158,1215,38.0,0.505570113658905,Grad/qkv.lora_B,outputs_dev/vitb16/T=vtab_Q=3bit_L=lora_2_qkv-fc1-proj-fc2/cifar/20260114184203_default_acc=53.50/tensorboard/Grad_qkv.lora_B_block_5/events.out.tfevents.1768387346.master-192-168-8-48.1680.3,qkv.lora_B,5
1768388068.9756584,1216,38.03125,0.564971923828125,Grad/qkv.lora_B,outputs_dev/vitb16/T=vtab_Q=3bit_L=lora_2_qkv-fc1-proj-fc2/cifar/20260114184203_default_acc=53.50/tensorboard/Grad_qkv.lora_B_block_5/events.out.tfevents.1768387346.master-192-168-8-48.1680.3,qkv.lora_B,5
1768388069.4132736,1217,38.0625,0.3095753788948059,Grad/qkv.lora_B,outputs_dev/vitb16/T=vtab_Q=3bit_L=lora_2_qkv-fc1-proj-fc2/cifar/20260114184203_default_acc=53.50/tensorboard/Grad_qkv.lora_B_block_5/events.out.tfevents.1768387346.master-192-168-8-48.1680.3,qkv.lora_B,5
1768388069.8364816,1218,38.09375,0.41676899790763855,Grad/qkv.lora_B,outputs_dev/vitb16/T=vtab_Q=3bit_L=lora_2_qkv-fc1-proj-fc2/cifar/20260114184203_default_acc=53.50/tensorboard/Grad_qkv.lora_B_block_5/events.out.tfevents.1768387346.master-192-168-8-48.1680.3,qkv.lora_B,5
1768388070.2581847,1219,38.125,0.4608621299266815,Grad/qkv.lora_B,outputs_dev/vitb16/T=vtab_Q=3bit_L=lora_2_qkv-fc1-proj-fc2/cifar/20260114184203_default_acc=53.50/tensorboard/Grad_qkv.lora_B_block_5/events.out.tfevents.1768387346.master-192-168-8-48.1680.3,qkv.lora_B,5
1768388070.6829941,1220,38.15625,0.46773436665534973,Grad/qkv.lora_B,outputs_dev/vitb16/T=vtab_Q=3bit_L=lora_2_qkv-fc1-proj-fc2/cifar/20260114184203_default_acc=53.50/tensorboard/Grad_qkv.lora_B_block_5/events.out.tfevents.1768387346.master-192-168-8-48.1680.3,qkv.lora_B,5
1768388071.1191063,1221,38.1875,0.559207558631897,Grad/qkv.lora_B,outputs_dev/vitb16/T=vtab_Q=3bit_L=lora_2_qkv-fc1-proj-fc2/cifar/20260114184203_default_acc=53.50/tensorboard/Grad_qkv.lora_B_block_5/events.out.tfevents.1768387346.master-192-168-8-48.1680.3,qkv.lora_B,5
1768388071.5422895,1222,38.21875,0.2304876744747162,Grad/qkv.lora_B,outputs_dev/vitb16/T=vtab_Q=3bit_L=lora_2_qkv-fc1-proj-fc2/cifar/20260114184203_default_acc=53.50/tensorboard/Grad_qkv.lora_B_block_5/events.out.tfevents.1768387346.master-192-168-8-48.1680.3,qkv.lora_B,5
1768388071.9795756,1223,38.25,0.25976115465164185,Grad/qkv.lora_B,outputs_dev/vitb16/T=vtab_Q=3bit_L=lora_2_qkv-fc1-proj-fc2/cifar/20260114184203_default_acc=53.50/tensorboard/Grad_qkv.lora_B_block_5/events.out.tfevents.1768387346.master-192-168-8-48.1680.3,qkv.lora_B,5
1768388072.389725,1224,38.28125,0.2793045938014984,Grad/qkv.lora_B,outputs_dev/vitb16/T=vtab_Q=3bit_L=lora_2_qkv-fc1-proj-fc2/cifar/20260114184203_default_acc=53.50/tensorboard/Grad_qkv.lora_B_block_5/events.out.tfevents.1768387346.master-192-168-8-48.1680.3,qkv.lora_B,5
1768388072.8140588,1225,38.3125,0.14511297643184662,Grad/qkv.lora_B,outputs_dev/vitb16/T=vtab_Q=3bit_L=lora_2_qkv-fc1-proj-fc2/cifar/20260114184203_default_acc=53.50/tensorboard/Grad_qkv.lora_B_block_5/events.out.tfevents.1768387346.master-192-168-8-48.1680.3,qkv.lora_B,5
1768388073.23873,1226,38.34375,0.4970971643924713,Grad/qkv.lora_B,outputs_dev/vitb16/T=vtab_Q=3bit_L=lora_2_qkv-fc1-proj-fc2/cifar/20260114184203_default_acc=53.50/tensorboard/Grad_qkv.lora_B_block_5/events.out.tfevents.1768387346.master-192-168-8-48.1680.3,qkv.lora_B,5
1768388073.6636152,1227,38.375,0.22802811861038208,Grad/qkv.lora_B,outputs_dev/vitb16/T=vtab_Q=3bit_L=lora_2_qkv-fc1-proj-fc2/cifar/20260114184203_default_acc=53.50/tensorboard/Grad_qkv.lora_B_block_5/events.out.tfevents.1768387346.master-192-168-8-48.1680.3,qkv.lora_B,5
1768388074.0876844,1228,38.40625,0.4093295633792877,Grad/qkv.lora_B,outputs_dev/vitb16/T=vtab_Q=3bit_L=lora_2_qkv-fc1-proj-fc2/cifar/20260114184203_default_acc=53.50/tensorboard/Grad_qkv.lora_B_block_5/events.out.tfevents.1768387346.master-192-168-8-48.1680.3,qkv.lora_B,5
1768388074.5105128,1229,38.4375,0.2020586133003235,Grad/qkv.lora_B,outputs_dev/vitb16/T=vtab_Q=3bit_L=lora_2_qkv-fc1-proj-fc2/cifar/20260114184203_default_acc=53.50/tensorboard/Grad_qkv.lora_B_block_5/events.out.tfevents.1768387346.master-192-168-8-48.1680.3,qkv.lora_B,5
1768388074.933563,1230,38.46875,0.4947948157787323,Grad/qkv.lora_B,outputs_dev/vitb16/T=vtab_Q=3bit_L=lora_2_qkv-fc1-proj-fc2/cifar/20260114184203_default_acc=53.50/tensorboard/Grad_qkv.lora_B_block_5/events.out.tfevents.1768387346.master-192-168-8-48.1680.3,qkv.lora_B,5
1768388075.3539498,1231,38.5,0.39965707063674927,Grad/qkv.lora_B,outputs_dev/vitb16/T=vtab_Q=3bit_L=lora_2_qkv-fc1-proj-fc2/cifar/20260114184203_default_acc=53.50/tensorboard/Grad_qkv.lora_B_block_5/events.out.tfevents.1768387346.master-192-168-8-48.1680.3,qkv.lora_B,5
1768388075.7783184,1232,38.53125,0.18857277929782867,Grad/qkv.lora_B,outputs_dev/vitb16/T=vtab_Q=3bit_L=lora_2_qkv-fc1-proj-fc2/cifar/20260114184203_default_acc=53.50/tensorboard/Grad_qkv.lora_B_block_5/events.out.tfevents.1768387346.master-192-168-8-48.1680.3,qkv.lora_B,5
1768388076.2157652,1233,38.5625,0.49607786536216736,Grad/qkv.lora_B,outputs_dev/vitb16/T=vtab_Q=3bit_L=lora_2_qkv-fc1-proj-fc2/cifar/20260114184203_default_acc=53.50/tensorboard/Grad_qkv.lora_B_block_5/events.out.tfevents.1768387346.master-192-168-8-48.1680.3,qkv.lora_B,5
1768388076.6509745,1234,38.59375,0.16601121425628662,Grad/qkv.lora_B,outputs_dev/vitb16/T=vtab_Q=3bit_L=lora_2_qkv-fc1-proj-fc2/cifar/20260114184203_default_acc=53.50/tensorboard/Grad_qkv.lora_B_block_5/events.out.tfevents.1768387346.master-192-168-8-48.1680.3,qkv.lora_B,5
1768388077.0852005,1235,38.625,0.45199480652809143,Grad/qkv.lora_B,outputs_dev/vitb16/T=vtab_Q=3bit_L=lora_2_qkv-fc1-proj-fc2/cifar/20260114184203_default_acc=53.50/tensorboard/Grad_qkv.lora_B_block_5/events.out.tfevents.1768387346.master-192-168-8-48.1680.3,qkv.lora_B,5
1768388077.5075924,1236,38.65625,0.3451553285121918,Grad/qkv.lora_B,outputs_dev/vitb16/T=vtab_Q=3bit_L=lora_2_qkv-fc1-proj-fc2/cifar/20260114184203_default_acc=53.50/tensorboard/Grad_qkv.lora_B_block_5/events.out.tfevents.1768387346.master-192-168-8-48.1680.3,qkv.lora_B,5
1768388077.9307294,1237,38.6875,0.4419836103916168,Grad/qkv.lora_B,outputs_dev/vitb16/T=vtab_Q=3bit_L=lora_2_qkv-fc1-proj-fc2/cifar/20260114184203_default_acc=53.50/tensorboard/Grad_qkv.lora_B_block_5/events.out.tfevents.1768387346.master-192-168-8-48.1680.3,qkv.lora_B,5
1768388078.3532248,1238,38.71875,0.23683036863803864,Grad/qkv.lora_B,outputs_dev/vitb16/T=vtab_Q=3bit_L=lora_2_qkv-fc1-proj-fc2/cifar/20260114184203_default_acc=53.50/tensorboard/Grad_qkv.lora_B_block_5/events.out.tfevents.1768387346.master-192-168-8-48.1680.3,qkv.lora_B,5
1768388078.7782576,1239,38.75,0.3870423436164856,Grad/qkv.lora_B,outputs_dev/vitb16/T=vtab_Q=3bit_L=lora_2_qkv-fc1-proj-fc2/cifar/20260114184203_default_acc=53.50/tensorboard/Grad_qkv.lora_B_block_5/events.out.tfevents.1768387346.master-192-168-8-48.1680.3,qkv.lora_B,5
1768388079.2015457,1240,38.78125,0.22406676411628723,Grad/qkv.lora_B,outputs_dev/vitb16/T=vtab_Q=3bit_L=lora_2_qkv-fc1-proj-fc2/cifar/20260114184203_default_acc=53.50/tensorboard/Grad_qkv.lora_B_block_5/events.out.tfevents.1768387346.master-192-168-8-48.1680.3,qkv.lora_B,5
1768388079.6225429,1241,38.8125,0.6308733820915222,Grad/qkv.lora_B,outputs_dev/vitb16/T=vtab_Q=3bit_L=lora_2_qkv-fc1-proj-fc2/cifar/20260114184203_default_acc=53.50/tensorboard/Grad_qkv.lora_B_block_5/events.out.tfevents.1768387346.master-192-168-8-48.1680.3,qkv.lora_B,5
1768388080.0546224,1242,38.84375,0.38206782937049866,Grad/qkv.lora_B,outputs_dev/vitb16/T=vtab_Q=3bit_L=lora_2_qkv-fc1-proj-fc2/cifar/20260114184203_default_acc=53.50/tensorboard/Grad_qkv.lora_B_block_5/events.out.tfevents.1768387346.master-192-168-8-48.1680.3,qkv.lora_B,5
1768388080.4886477,1243,38.875,0.33977389335632324,Grad/qkv.lora_B,outputs_dev/vitb16/T=vtab_Q=3bit_L=lora_2_qkv-fc1-proj-fc2/cifar/20260114184203_default_acc=53.50/tensorboard/Grad_qkv.lora_B_block_5/events.out.tfevents.1768387346.master-192-168-8-48.1680.3,qkv.lora_B,5
1768388080.9267223,1244,38.90625,0.4395887851715088,Grad/qkv.lora_B,outputs_dev/vitb16/T=vtab_Q=3bit_L=lora_2_qkv-fc1-proj-fc2/cifar/20260114184203_default_acc=53.50/tensorboard/Grad_qkv.lora_B_block_5/events.out.tfevents.1768387346.master-192-168-8-48.1680.3,qkv.lora_B,5
1768388081.3507278,1245,38.9375,0.7206519246101379,Grad/qkv.lora_B,outputs_dev/vitb16/T=vtab_Q=3bit_L=lora_2_qkv-fc1-proj-fc2/cifar/20260114184203_default_acc=53.50/tensorboard/Grad_qkv.lora_B_block_5/events.out.tfevents.1768387346.master-192-168-8-48.1680.3,qkv.lora_B,5
1768388081.772967,1246,38.96875,0.8922231197357178,Grad/qkv.lora_B,outputs_dev/vitb16/T=vtab_Q=3bit_L=lora_2_qkv-fc1-proj-fc2/cifar/20260114184203_default_acc=53.50/tensorboard/Grad_qkv.lora_B_block_5/events.out.tfevents.1768387346.master-192-168-8-48.1680.3,qkv.lora_B,5
1768388081.9802668,1247,39.0,0.8900017142295837,Grad/qkv.lora_B,outputs_dev/vitb16/T=vtab_Q=3bit_L=lora_2_qkv-fc1-proj-fc2/cifar/20260114184203_default_acc=53.50/tensorboard/Grad_qkv.lora_B_block_5/events.out.tfevents.1768387346.master-192-168-8-48.1680.3,qkv.lora_B,5
1768388082.6977096,1248,39.03125,0.524189829826355,Grad/qkv.lora_B,outputs_dev/vitb16/T=vtab_Q=3bit_L=lora_2_qkv-fc1-proj-fc2/cifar/20260114184203_default_acc=53.50/tensorboard/Grad_qkv.lora_B_block_5/events.out.tfevents.1768387346.master-192-168-8-48.1680.3,qkv.lora_B,5
1768388083.12624,1249,39.0625,0.4603869616985321,Grad/qkv.lora_B,outputs_dev/vitb16/T=vtab_Q=3bit_L=lora_2_qkv-fc1-proj-fc2/cifar/20260114184203_default_acc=53.50/tensorboard/Grad_qkv.lora_B_block_5/events.out.tfevents.1768387346.master-192-168-8-48.1680.3,qkv.lora_B,5
1768388083.548354,1250,39.09375,0.4525392949581146,Grad/qkv.lora_B,outputs_dev/vitb16/T=vtab_Q=3bit_L=lora_2_qkv-fc1-proj-fc2/cifar/20260114184203_default_acc=53.50/tensorboard/Grad_qkv.lora_B_block_5/events.out.tfevents.1768387346.master-192-168-8-48.1680.3,qkv.lora_B,5
1768388083.959715,1251,39.125,0.5319751501083374,Grad/qkv.lora_B,outputs_dev/vitb16/T=vtab_Q=3bit_L=lora_2_qkv-fc1-proj-fc2/cifar/20260114184203_default_acc=53.50/tensorboard/Grad_qkv.lora_B_block_5/events.out.tfevents.1768387346.master-192-168-8-48.1680.3,qkv.lora_B,5
1768388084.3717632,1252,39.15625,0.3215380311012268,Grad/qkv.lora_B,outputs_dev/vitb16/T=vtab_Q=3bit_L=lora_2_qkv-fc1-proj-fc2/cifar/20260114184203_default_acc=53.50/tensorboard/Grad_qkv.lora_B_block_5/events.out.tfevents.1768387346.master-192-168-8-48.1680.3,qkv.lora_B,5
1768388084.7937794,1253,39.1875,0.4112711250782013,Grad/qkv.lora_B,outputs_dev/vitb16/T=vtab_Q=3bit_L=lora_2_qkv-fc1-proj-fc2/cifar/20260114184203_default_acc=53.50/tensorboard/Grad_qkv.lora_B_block_5/events.out.tfevents.1768387346.master-192-168-8-48.1680.3,qkv.lora_B,5
1768388085.218009,1254,39.21875,0.2522648274898529,Grad/qkv.lora_B,outputs_dev/vitb16/T=vtab_Q=3bit_L=lora_2_qkv-fc1-proj-fc2/cifar/20260114184203_default_acc=53.50/tensorboard/Grad_qkv.lora_B_block_5/events.out.tfevents.1768387346.master-192-168-8-48.1680.3,qkv.lora_B,5
1768388085.6580865,1255,39.25,0.8245330452919006,Grad/qkv.lora_B,outputs_dev/vitb16/T=vtab_Q=3bit_L=lora_2_qkv-fc1-proj-fc2/cifar/20260114184203_default_acc=53.50/tensorboard/Grad_qkv.lora_B_block_5/events.out.tfevents.1768387346.master-192-168-8-48.1680.3,qkv.lora_B,5
1768388086.0859873,1256,39.28125,0.5633905529975891,Grad/qkv.lora_B,outputs_dev/vitb16/T=vtab_Q=3bit_L=lora_2_qkv-fc1-proj-fc2/cifar/20260114184203_default_acc=53.50/tensorboard/Grad_qkv.lora_B_block_5/events.out.tfevents.1768387346.master-192-168-8-48.1680.3,qkv.lora_B,5
1768388086.5128493,1257,39.3125,0.3377443552017212,Grad/qkv.lora_B,outputs_dev/vitb16/T=vtab_Q=3bit_L=lora_2_qkv-fc1-proj-fc2/cifar/20260114184203_default_acc=53.50/tensorboard/Grad_qkv.lora_B_block_5/events.out.tfevents.1768387346.master-192-168-8-48.1680.3,qkv.lora_B,5
1768388086.9415195,1258,39.34375,0.3374992609024048,Grad/qkv.lora_B,outputs_dev/vitb16/T=vtab_Q=3bit_L=lora_2_qkv-fc1-proj-fc2/cifar/20260114184203_default_acc=53.50/tensorboard/Grad_qkv.lora_B_block_5/events.out.tfevents.1768387346.master-192-168-8-48.1680.3,qkv.lora_B,5
1768388087.3862908,1259,39.375,0.8232578635215759,Grad/qkv.lora_B,outputs_dev/vitb16/T=vtab_Q=3bit_L=lora_2_qkv-fc1-proj-fc2/cifar/20260114184203_default_acc=53.50/tensorboard/Grad_qkv.lora_B_block_5/events.out.tfevents.1768387346.master-192-168-8-48.1680.3,qkv.lora_B,5
1768388087.8248217,1260,39.40625,0.6214272379875183,Grad/qkv.lora_B,outputs_dev/vitb16/T=vtab_Q=3bit_L=lora_2_qkv-fc1-proj-fc2/cifar/20260114184203_default_acc=53.50/tensorboard/Grad_qkv.lora_B_block_5/events.out.tfevents.1768387346.master-192-168-8-48.1680.3,qkv.lora_B,5
1768388088.2651901,1261,39.4375,0.5068557262420654,Grad/qkv.lora_B,outputs_dev/vitb16/T=vtab_Q=3bit_L=lora_2_qkv-fc1-proj-fc2/cifar/20260114184203_default_acc=53.50/tensorboard/Grad_qkv.lora_B_block_5/events.out.tfevents.1768387346.master-192-168-8-48.1680.3,qkv.lora_B,5
1768388088.710965,1262,39.46875,0.28758394718170166,Grad/qkv.lora_B,outputs_dev/vitb16/T=vtab_Q=3bit_L=lora_2_qkv-fc1-proj-fc2/cifar/20260114184203_default_acc=53.50/tensorboard/Grad_qkv.lora_B_block_5/events.out.tfevents.1768387346.master-192-168-8-48.1680.3,qkv.lora_B,5
1768388089.1519122,1263,39.5,0.254699170589447,Grad/qkv.lora_B,outputs_dev/vitb16/T=vtab_Q=3bit_L=lora_2_qkv-fc1-proj-fc2/cifar/20260114184203_default_acc=53.50/tensorboard/Grad_qkv.lora_B_block_5/events.out.tfevents.1768387346.master-192-168-8-48.1680.3,qkv.lora_B,5
1768388089.5810323,1264,39.53125,0.4249868094921112,Grad/qkv.lora_B,outputs_dev/vitb16/T=vtab_Q=3bit_L=lora_2_qkv-fc1-proj-fc2/cifar/20260114184203_default_acc=53.50/tensorboard/Grad_qkv.lora_B_block_5/events.out.tfevents.1768387346.master-192-168-8-48.1680.3,qkv.lora_B,5
1768388090.0207422,1265,39.5625,0.4611024260520935,Grad/qkv.lora_B,outputs_dev/vitb16/T=vtab_Q=3bit_L=lora_2_qkv-fc1-proj-fc2/cifar/20260114184203_default_acc=53.50/tensorboard/Grad_qkv.lora_B_block_5/events.out.tfevents.1768387346.master-192-168-8-48.1680.3,qkv.lora_B,5
1768388090.460206,1266,39.59375,0.3529464900493622,Grad/qkv.lora_B,outputs_dev/vitb16/T=vtab_Q=3bit_L=lora_2_qkv-fc1-proj-fc2/cifar/20260114184203_default_acc=53.50/tensorboard/Grad_qkv.lora_B_block_5/events.out.tfevents.1768387346.master-192-168-8-48.1680.3,qkv.lora_B,5
1768388090.8907351,1267,39.625,0.565667450428009,Grad/qkv.lora_B,outputs_dev/vitb16/T=vtab_Q=3bit_L=lora_2_qkv-fc1-proj-fc2/cifar/20260114184203_default_acc=53.50/tensorboard/Grad_qkv.lora_B_block_5/events.out.tfevents.1768387346.master-192-168-8-48.1680.3,qkv.lora_B,5
1768388091.3252902,1268,39.65625,0.25920426845550537,Grad/qkv.lora_B,outputs_dev/vitb16/T=vtab_Q=3bit_L=lora_2_qkv-fc1-proj-fc2/cifar/20260114184203_default_acc=53.50/tensorboard/Grad_qkv.lora_B_block_5/events.out.tfevents.1768387346.master-192-168-8-48.1680.3,qkv.lora_B,5
1768388091.7560022,1269,39.6875,0.2760660648345947,Grad/qkv.lora_B,outputs_dev/vitb16/T=vtab_Q=3bit_L=lora_2_qkv-fc1-proj-fc2/cifar/20260114184203_default_acc=53.50/tensorboard/Grad_qkv.lora_B_block_5/events.out.tfevents.1768387346.master-192-168-8-48.1680.3,qkv.lora_B,5
1768388092.201554,1270,39.71875,0.5562759637832642,Grad/qkv.lora_B,outputs_dev/vitb16/T=vtab_Q=3bit_L=lora_2_qkv-fc1-proj-fc2/cifar/20260114184203_default_acc=53.50/tensorboard/Grad_qkv.lora_B_block_5/events.out.tfevents.1768387346.master-192-168-8-48.1680.3,qkv.lora_B,5
1768388092.631856,1271,39.75,0.40105220675468445,Grad/qkv.lora_B,outputs_dev/vitb16/T=vtab_Q=3bit_L=lora_2_qkv-fc1-proj-fc2/cifar/20260114184203_default_acc=53.50/tensorboard/Grad_qkv.lora_B_block_5/events.out.tfevents.1768387346.master-192-168-8-48.1680.3,qkv.lora_B,5
1768388093.0446944,1272,39.78125,0.5242615938186646,Grad/qkv.lora_B,outputs_dev/vitb16/T=vtab_Q=3bit_L=lora_2_qkv-fc1-proj-fc2/cifar/20260114184203_default_acc=53.50/tensorboard/Grad_qkv.lora_B_block_5/events.out.tfevents.1768387346.master-192-168-8-48.1680.3,qkv.lora_B,5
1768388093.4905143,1273,39.8125,0.3125516474246979,Grad/qkv.lora_B,outputs_dev/vitb16/T=vtab_Q=3bit_L=lora_2_qkv-fc1-proj-fc2/cifar/20260114184203_default_acc=53.50/tensorboard/Grad_qkv.lora_B_block_5/events.out.tfevents.1768387346.master-192-168-8-48.1680.3,qkv.lora_B,5
1768388093.914455,1274,39.84375,0.2523241937160492,Grad/qkv.lora_B,outputs_dev/vitb16/T=vtab_Q=3bit_L=lora_2_qkv-fc1-proj-fc2/cifar/20260114184203_default_acc=53.50/tensorboard/Grad_qkv.lora_B_block_5/events.out.tfevents.1768387346.master-192-168-8-48.1680.3,qkv.lora_B,5
1768388094.3389578,1275,39.875,0.6317304968833923,Grad/qkv.lora_B,outputs_dev/vitb16/T=vtab_Q=3bit_L=lora_2_qkv-fc1-proj-fc2/cifar/20260114184203_default_acc=53.50/tensorboard/Grad_qkv.lora_B_block_5/events.out.tfevents.1768387346.master-192-168-8-48.1680.3,qkv.lora_B,5
1768388094.7986088,1276,39.90625,0.43802008032798767,Grad/qkv.lora_B,outputs_dev/vitb16/T=vtab_Q=3bit_L=lora_2_qkv-fc1-proj-fc2/cifar/20260114184203_default_acc=53.50/tensorboard/Grad_qkv.lora_B_block_5/events.out.tfevents.1768387346.master-192-168-8-48.1680.3,qkv.lora_B,5
1768388095.2424982,1277,39.9375,0.19150806963443756,Grad/qkv.lora_B,outputs_dev/vitb16/T=vtab_Q=3bit_L=lora_2_qkv-fc1-proj-fc2/cifar/20260114184203_default_acc=53.50/tensorboard/Grad_qkv.lora_B_block_5/events.out.tfevents.1768387346.master-192-168-8-48.1680.3,qkv.lora_B,5
1768388095.6795,1278,39.96875,0.5471863150596619,Grad/qkv.lora_B,outputs_dev/vitb16/T=vtab_Q=3bit_L=lora_2_qkv-fc1-proj-fc2/cifar/20260114184203_default_acc=53.50/tensorboard/Grad_qkv.lora_B_block_5/events.out.tfevents.1768387346.master-192-168-8-48.1680.3,qkv.lora_B,5
1768388095.8611922,1279,40.0,0.48403045535087585,Grad/qkv.lora_B,outputs_dev/vitb16/T=vtab_Q=3bit_L=lora_2_qkv-fc1-proj-fc2/cifar/20260114184203_default_acc=53.50/tensorboard/Grad_qkv.lora_B_block_5/events.out.tfevents.1768387346.master-192-168-8-48.1680.3,qkv.lora_B,5
1768388096.5814466,1280,40.03125,0.32358378171920776,Grad/qkv.lora_B,outputs_dev/vitb16/T=vtab_Q=3bit_L=lora_2_qkv-fc1-proj-fc2/cifar/20260114184203_default_acc=53.50/tensorboard/Grad_qkv.lora_B_block_5/events.out.tfevents.1768387346.master-192-168-8-48.1680.3,qkv.lora_B,5
1768388097.0269158,1281,40.0625,0.2336219698190689,Grad/qkv.lora_B,outputs_dev/vitb16/T=vtab_Q=3bit_L=lora_2_qkv-fc1-proj-fc2/cifar/20260114184203_default_acc=53.50/tensorboard/Grad_qkv.lora_B_block_5/events.out.tfevents.1768387346.master-192-168-8-48.1680.3,qkv.lora_B,5
1768388097.451795,1282,40.09375,0.26053932309150696,Grad/qkv.lora_B,outputs_dev/vitb16/T=vtab_Q=3bit_L=lora_2_qkv-fc1-proj-fc2/cifar/20260114184203_default_acc=53.50/tensorboard/Grad_qkv.lora_B_block_5/events.out.tfevents.1768387346.master-192-168-8-48.1680.3,qkv.lora_B,5
1768388097.8750412,1283,40.125,0.22461716830730438,Grad/qkv.lora_B,outputs_dev/vitb16/T=vtab_Q=3bit_L=lora_2_qkv-fc1-proj-fc2/cifar/20260114184203_default_acc=53.50/tensorboard/Grad_qkv.lora_B_block_5/events.out.tfevents.1768387346.master-192-168-8-48.1680.3,qkv.lora_B,5
1768388098.299329,1284,40.15625,0.19881650805473328,Grad/qkv.lora_B,outputs_dev/vitb16/T=vtab_Q=3bit_L=lora_2_qkv-fc1-proj-fc2/cifar/20260114184203_default_acc=53.50/tensorboard/Grad_qkv.lora_B_block_5/events.out.tfevents.1768387346.master-192-168-8-48.1680.3,qkv.lora_B,5
1768388098.7237797,1285,40.1875,0.7292641997337341,Grad/qkv.lora_B,outputs_dev/vitb16/T=vtab_Q=3bit_L=lora_2_qkv-fc1-proj-fc2/cifar/20260114184203_default_acc=53.50/tensorboard/Grad_qkv.lora_B_block_5/events.out.tfevents.1768387346.master-192-168-8-48.1680.3,qkv.lora_B,5
1768388099.1470635,1286,40.21875,0.3323664963245392,Grad/qkv.lora_B,outputs_dev/vitb16/T=vtab_Q=3bit_L=lora_2_qkv-fc1-proj-fc2/cifar/20260114184203_default_acc=53.50/tensorboard/Grad_qkv.lora_B_block_5/events.out.tfevents.1768387346.master-192-168-8-48.1680.3,qkv.lora_B,5
1768388099.5701995,1287,40.25,0.19286932051181793,Grad/qkv.lora_B,outputs_dev/vitb16/T=vtab_Q=3bit_L=lora_2_qkv-fc1-proj-fc2/cifar/20260114184203_default_acc=53.50/tensorboard/Grad_qkv.lora_B_block_5/events.out.tfevents.1768387346.master-192-168-8-48.1680.3,qkv.lora_B,5
1768388099.9948952,1288,40.28125,0.3585827946662903,Grad/qkv.lora_B,outputs_dev/vitb16/T=vtab_Q=3bit_L=lora_2_qkv-fc1-proj-fc2/cifar/20260114184203_default_acc=53.50/tensorboard/Grad_qkv.lora_B_block_5/events.out.tfevents.1768387346.master-192-168-8-48.1680.3,qkv.lora_B,5
1768388100.415995,1289,40.3125,0.22970792651176453,Grad/qkv.lora_B,outputs_dev/vitb16/T=vtab_Q=3bit_L=lora_2_qkv-fc1-proj-fc2/cifar/20260114184203_default_acc=53.50/tensorboard/Grad_qkv.lora_B_block_5/events.out.tfevents.1768387346.master-192-168-8-48.1680.3,qkv.lora_B,5
1768388100.842495,1290,40.34375,0.16089484095573425,Grad/qkv.lora_B,outputs_dev/vitb16/T=vtab_Q=3bit_L=lora_2_qkv-fc1-proj-fc2/cifar/20260114184203_default_acc=53.50/tensorboard/Grad_qkv.lora_B_block_5/events.out.tfevents.1768387346.master-192-168-8-48.1680.3,qkv.lora_B,5
1768388101.2677538,1291,40.375,0.5373005867004395,Grad/qkv.lora_B,outputs_dev/vitb16/T=vtab_Q=3bit_L=lora_2_qkv-fc1-proj-fc2/cifar/20260114184203_default_acc=53.50/tensorboard/Grad_qkv.lora_B_block_5/events.out.tfevents.1768387346.master-192-168-8-48.1680.3,qkv.lora_B,5
1768388101.69719,1292,40.40625,0.45735302567481995,Grad/qkv.lora_B,outputs_dev/vitb16/T=vtab_Q=3bit_L=lora_2_qkv-fc1-proj-fc2/cifar/20260114184203_default_acc=53.50/tensorboard/Grad_qkv.lora_B_block_5/events.out.tfevents.1768387346.master-192-168-8-48.1680.3,qkv.lora_B,5
1768388102.1205814,1293,40.4375,0.15894798934459686,Grad/qkv.lora_B,outputs_dev/vitb16/T=vtab_Q=3bit_L=lora_2_qkv-fc1-proj-fc2/cifar/20260114184203_default_acc=53.50/tensorboard/Grad_qkv.lora_B_block_5/events.out.tfevents.1768387346.master-192-168-8-48.1680.3,qkv.lora_B,5
1768388102.5437407,1294,40.46875,0.4534543454647064,Grad/qkv.lora_B,outputs_dev/vitb16/T=vtab_Q=3bit_L=lora_2_qkv-fc1-proj-fc2/cifar/20260114184203_default_acc=53.50/tensorboard/Grad_qkv.lora_B_block_5/events.out.tfevents.1768387346.master-192-168-8-48.1680.3,qkv.lora_B,5
1768388103.0766172,1295,40.5,0.25692620873451233,Grad/qkv.lora_B,outputs_dev/vitb16/T=vtab_Q=3bit_L=lora_2_qkv-fc1-proj-fc2/cifar/20260114184203_default_acc=53.50/tensorboard/Grad_qkv.lora_B_block_5/events.out.tfevents.1768387346.master-192-168-8-48.1680.3,qkv.lora_B,5
1768388103.4997182,1296,40.53125,0.3979495167732239,Grad/qkv.lora_B,outputs_dev/vitb16/T=vtab_Q=3bit_L=lora_2_qkv-fc1-proj-fc2/cifar/20260114184203_default_acc=53.50/tensorboard/Grad_qkv.lora_B_block_5/events.out.tfevents.1768387346.master-192-168-8-48.1680.3,qkv.lora_B,5
1768388103.9229226,1297,40.5625,0.2585703730583191,Grad/qkv.lora_B,outputs_dev/vitb16/T=vtab_Q=3bit_L=lora_2_qkv-fc1-proj-fc2/cifar/20260114184203_default_acc=53.50/tensorboard/Grad_qkv.lora_B_block_5/events.out.tfevents.1768387346.master-192-168-8-48.1680.3,qkv.lora_B,5
1768388104.347091,1298,40.59375,0.4707437753677368,Grad/qkv.lora_B,outputs_dev/vitb16/T=vtab_Q=3bit_L=lora_2_qkv-fc1-proj-fc2/cifar/20260114184203_default_acc=53.50/tensorboard/Grad_qkv.lora_B_block_5/events.out.tfevents.1768387346.master-192-168-8-48.1680.3,qkv.lora_B,5
1768388104.7713168,1299,40.625,0.40697959065437317,Grad/qkv.lora_B,outputs_dev/vitb16/T=vtab_Q=3bit_L=lora_2_qkv-fc1-proj-fc2/cifar/20260114184203_default_acc=53.50/tensorboard/Grad_qkv.lora_B_block_5/events.out.tfevents.1768387346.master-192-168-8-48.1680.3,qkv.lora_B,5
1768388105.195458,1300,40.65625,0.459646075963974,Grad/qkv.lora_B,outputs_dev/vitb16/T=vtab_Q=3bit_L=lora_2_qkv-fc1-proj-fc2/cifar/20260114184203_default_acc=53.50/tensorboard/Grad_qkv.lora_B_block_5/events.out.tfevents.1768387346.master-192-168-8-48.1680.3,qkv.lora_B,5
1768388105.618515,1301,40.6875,0.7487626671791077,Grad/qkv.lora_B,outputs_dev/vitb16/T=vtab_Q=3bit_L=lora_2_qkv-fc1-proj-fc2/cifar/20260114184203_default_acc=53.50/tensorboard/Grad_qkv.lora_B_block_5/events.out.tfevents.1768387346.master-192-168-8-48.1680.3,qkv.lora_B,5
1768388106.0397584,1302,40.71875,0.32870376110076904,Grad/qkv.lora_B,outputs_dev/vitb16/T=vtab_Q=3bit_L=lora_2_qkv-fc1-proj-fc2/cifar/20260114184203_default_acc=53.50/tensorboard/Grad_qkv.lora_B_block_5/events.out.tfevents.1768387346.master-192-168-8-48.1680.3,qkv.lora_B,5
1768388106.461882,1303,40.75,0.27106335759162903,Grad/qkv.lora_B,outputs_dev/vitb16/T=vtab_Q=3bit_L=lora_2_qkv-fc1-proj-fc2/cifar/20260114184203_default_acc=53.50/tensorboard/Grad_qkv.lora_B_block_5/events.out.tfevents.1768387346.master-192-168-8-48.1680.3,qkv.lora_B,5
1768388106.8829033,1304,40.78125,0.43567928671836853,Grad/qkv.lora_B,outputs_dev/vitb16/T=vtab_Q=3bit_L=lora_2_qkv-fc1-proj-fc2/cifar/20260114184203_default_acc=53.50/tensorboard/Grad_qkv.lora_B_block_5/events.out.tfevents.1768387346.master-192-168-8-48.1680.3,qkv.lora_B,5
1768388107.3049245,1305,40.8125,0.5151190757751465,Grad/qkv.lora_B,outputs_dev/vitb16/T=vtab_Q=3bit_L=lora_2_qkv-fc1-proj-fc2/cifar/20260114184203_default_acc=53.50/tensorboard/Grad_qkv.lora_B_block_5/events.out.tfevents.1768387346.master-192-168-8-48.1680.3,qkv.lora_B,5
1768388107.7293599,1306,40.84375,0.2727144956588745,Grad/qkv.lora_B,outputs_dev/vitb16/T=vtab_Q=3bit_L=lora_2_qkv-fc1-proj-fc2/cifar/20260114184203_default_acc=53.50/tensorboard/Grad_qkv.lora_B_block_5/events.out.tfevents.1768387346.master-192-168-8-48.1680.3,qkv.lora_B,5
1768388108.1544585,1307,40.875,0.22630739212036133,Grad/qkv.lora_B,outputs_dev/vitb16/T=vtab_Q=3bit_L=lora_2_qkv-fc1-proj-fc2/cifar/20260114184203_default_acc=53.50/tensorboard/Grad_qkv.lora_B_block_5/events.out.tfevents.1768387346.master-192-168-8-48.1680.3,qkv.lora_B,5
1768388108.5789516,1308,40.90625,0.31454968452453613,Grad/qkv.lora_B,outputs_dev/vitb16/T=vtab_Q=3bit_L=lora_2_qkv-fc1-proj-fc2/cifar/20260114184203_default_acc=53.50/tensorboard/Grad_qkv.lora_B_block_5/events.out.tfevents.1768387346.master-192-168-8-48.1680.3,qkv.lora_B,5
1768388109.0004976,1309,40.9375,0.30578652024269104,Grad/qkv.lora_B,outputs_dev/vitb16/T=vtab_Q=3bit_L=lora_2_qkv-fc1-proj-fc2/cifar/20260114184203_default_acc=53.50/tensorboard/Grad_qkv.lora_B_block_5/events.out.tfevents.1768387346.master-192-168-8-48.1680.3,qkv.lora_B,5
1768388109.427223,1310,40.96875,0.24019068479537964,Grad/qkv.lora_B,outputs_dev/vitb16/T=vtab_Q=3bit_L=lora_2_qkv-fc1-proj-fc2/cifar/20260114184203_default_acc=53.50/tensorboard/Grad_qkv.lora_B_block_5/events.out.tfevents.1768387346.master-192-168-8-48.1680.3,qkv.lora_B,5
1768388109.6366727,1311,41.0,1.499145269393921,Grad/qkv.lora_B,outputs_dev/vitb16/T=vtab_Q=3bit_L=lora_2_qkv-fc1-proj-fc2/cifar/20260114184203_default_acc=53.50/tensorboard/Grad_qkv.lora_B_block_5/events.out.tfevents.1768387346.master-192-168-8-48.1680.3,qkv.lora_B,5
1768388148.557106,1312,41.03125,0.4419185519218445,Grad/qkv.lora_B,outputs_dev/vitb16/T=vtab_Q=3bit_L=lora_2_qkv-fc1-proj-fc2/cifar/20260114184203_default_acc=53.50/tensorboard/Grad_qkv.lora_B_block_5/events.out.tfevents.1768387346.master-192-168-8-48.1680.3,qkv.lora_B,5
1768388148.9949288,1313,41.0625,0.17121295630931854,Grad/qkv.lora_B,outputs_dev/vitb16/T=vtab_Q=3bit_L=lora_2_qkv-fc1-proj-fc2/cifar/20260114184203_default_acc=53.50/tensorboard/Grad_qkv.lora_B_block_5/events.out.tfevents.1768387346.master-192-168-8-48.1680.3,qkv.lora_B,5
1768388149.4327037,1314,41.09375,1.471920371055603,Grad/qkv.lora_B,outputs_dev/vitb16/T=vtab_Q=3bit_L=lora_2_qkv-fc1-proj-fc2/cifar/20260114184203_default_acc=53.50/tensorboard/Grad_qkv.lora_B_block_5/events.out.tfevents.1768387346.master-192-168-8-48.1680.3,qkv.lora_B,5
1768388149.870856,1315,41.125,0.5842103362083435,Grad/qkv.lora_B,outputs_dev/vitb16/T=vtab_Q=3bit_L=lora_2_qkv-fc1-proj-fc2/cifar/20260114184203_default_acc=53.50/tensorboard/Grad_qkv.lora_B_block_5/events.out.tfevents.1768387346.master-192-168-8-48.1680.3,qkv.lora_B,5
1768388150.314896,1316,41.15625,0.23884426057338715,Grad/qkv.lora_B,outputs_dev/vitb16/T=vtab_Q=3bit_L=lora_2_qkv-fc1-proj-fc2/cifar/20260114184203_default_acc=53.50/tensorboard/Grad_qkv.lora_B_block_5/events.out.tfevents.1768387346.master-192-168-8-48.1680.3,qkv.lora_B,5
1768388150.7525117,1317,41.1875,0.5002018809318542,Grad/qkv.lora_B,outputs_dev/vitb16/T=vtab_Q=3bit_L=lora_2_qkv-fc1-proj-fc2/cifar/20260114184203_default_acc=53.50/tensorboard/Grad_qkv.lora_B_block_5/events.out.tfevents.1768387346.master-192-168-8-48.1680.3,qkv.lora_B,5
1768388151.1809587,1318,41.21875,0.3156731128692627,Grad/qkv.lora_B,outputs_dev/vitb16/T=vtab_Q=3bit_L=lora_2_qkv-fc1-proj-fc2/cifar/20260114184203_default_acc=53.50/tensorboard/Grad_qkv.lora_B_block_5/events.out.tfevents.1768387346.master-192-168-8-48.1680.3,qkv.lora_B,5
1768388151.607091,1319,41.25,0.22063465416431427,Grad/qkv.lora_B,outputs_dev/vitb16/T=vtab_Q=3bit_L=lora_2_qkv-fc1-proj-fc2/cifar/20260114184203_default_acc=53.50/tensorboard/Grad_qkv.lora_B_block_5/events.out.tfevents.1768387346.master-192-168-8-48.1680.3,qkv.lora_B,5
1768388152.039979,1320,41.28125,0.2562013566493988,Grad/qkv.lora_B,outputs_dev/vitb16/T=vtab_Q=3bit_L=lora_2_qkv-fc1-proj-fc2/cifar/20260114184203_default_acc=53.50/tensorboard/Grad_qkv.lora_B_block_5/events.out.tfevents.1768387346.master-192-168-8-48.1680.3,qkv.lora_B,5
1768388152.4915833,1321,41.3125,0.3461788296699524,Grad/qkv.lora_B,outputs_dev/vitb16/T=vtab_Q=3bit_L=lora_2_qkv-fc1-proj-fc2/cifar/20260114184203_default_acc=53.50/tensorboard/Grad_qkv.lora_B_block_5/events.out.tfevents.1768387346.master-192-168-8-48.1680.3,qkv.lora_B,5
1768388152.9292915,1322,41.34375,0.24278873205184937,Grad/qkv.lora_B,outputs_dev/vitb16/T=vtab_Q=3bit_L=lora_2_qkv-fc1-proj-fc2/cifar/20260114184203_default_acc=53.50/tensorboard/Grad_qkv.lora_B_block_5/events.out.tfevents.1768387346.master-192-168-8-48.1680.3,qkv.lora_B,5
1768388153.3689215,1323,41.375,0.2251756191253662,Grad/qkv.lora_B,outputs_dev/vitb16/T=vtab_Q=3bit_L=lora_2_qkv-fc1-proj-fc2/cifar/20260114184203_default_acc=53.50/tensorboard/Grad_qkv.lora_B_block_5/events.out.tfevents.1768387346.master-192-168-8-48.1680.3,qkv.lora_B,5
1768388153.8110392,1324,41.40625,0.42873165011405945,Grad/qkv.lora_B,outputs_dev/vitb16/T=vtab_Q=3bit_L=lora_2_qkv-fc1-proj-fc2/cifar/20260114184203_default_acc=53.50/tensorboard/Grad_qkv.lora_B_block_5/events.out.tfevents.1768387346.master-192-168-8-48.1680.3,qkv.lora_B,5
1768388154.2395046,1325,41.4375,0.22634772956371307,Grad/qkv.lora_B,outputs_dev/vitb16/T=vtab_Q=3bit_L=lora_2_qkv-fc1-proj-fc2/cifar/20260114184203_default_acc=53.50/tensorboard/Grad_qkv.lora_B_block_5/events.out.tfevents.1768387346.master-192-168-8-48.1680.3,qkv.lora_B,5
1768388154.6688588,1326,41.46875,0.667066216468811,Grad/qkv.lora_B,outputs_dev/vitb16/T=vtab_Q=3bit_L=lora_2_qkv-fc1-proj-fc2/cifar/20260114184203_default_acc=53.50/tensorboard/Grad_qkv.lora_B_block_5/events.out.tfevents.1768387346.master-192-168-8-48.1680.3,qkv.lora_B,5
1768388155.0976636,1327,41.5,0.3901142477989197,Grad/qkv.lora_B,outputs_dev/vitb16/T=vtab_Q=3bit_L=lora_2_qkv-fc1-proj-fc2/cifar/20260114184203_default_acc=53.50/tensorboard/Grad_qkv.lora_B_block_5/events.out.tfevents.1768387346.master-192-168-8-48.1680.3,qkv.lora_B,5
1768388155.5246797,1328,41.53125,0.2117720991373062,Grad/qkv.lora_B,outputs_dev/vitb16/T=vtab_Q=3bit_L=lora_2_qkv-fc1-proj-fc2/cifar/20260114184203_default_acc=53.50/tensorboard/Grad_qkv.lora_B_block_5/events.out.tfevents.1768387346.master-192-168-8-48.1680.3,qkv.lora_B,5
1768388155.9538891,1329,41.5625,0.18564380705356598,Grad/qkv.lora_B,outputs_dev/vitb16/T=vtab_Q=3bit_L=lora_2_qkv-fc1-proj-fc2/cifar/20260114184203_default_acc=53.50/tensorboard/Grad_qkv.lora_B_block_5/events.out.tfevents.1768387346.master-192-168-8-48.1680.3,qkv.lora_B,5
1768388156.381269,1330,41.59375,0.3718675374984741,Grad/qkv.lora_B,outputs_dev/vitb16/T=vtab_Q=3bit_L=lora_2_qkv-fc1-proj-fc2/cifar/20260114184203_default_acc=53.50/tensorboard/Grad_qkv.lora_B_block_5/events.out.tfevents.1768387346.master-192-168-8-48.1680.3,qkv.lora_B,5
1768388156.8072827,1331,41.625,0.7339718341827393,Grad/qkv.lora_B,outputs_dev/vitb16/T=vtab_Q=3bit_L=lora_2_qkv-fc1-proj-fc2/cifar/20260114184203_default_acc=53.50/tensorboard/Grad_qkv.lora_B_block_5/events.out.tfevents.1768387346.master-192-168-8-48.1680.3,qkv.lora_B,5
1768388157.234307,1332,41.65625,0.4783433973789215,Grad/qkv.lora_B,outputs_dev/vitb16/T=vtab_Q=3bit_L=lora_2_qkv-fc1-proj-fc2/cifar/20260114184203_default_acc=53.50/tensorboard/Grad_qkv.lora_B_block_5/events.out.tfevents.1768387346.master-192-168-8-48.1680.3,qkv.lora_B,5
1768388157.6626034,1333,41.6875,0.26135626435279846,Grad/qkv.lora_B,outputs_dev/vitb16/T=vtab_Q=3bit_L=lora_2_qkv-fc1-proj-fc2/cifar/20260114184203_default_acc=53.50/tensorboard/Grad_qkv.lora_B_block_5/events.out.tfevents.1768387346.master-192-168-8-48.1680.3,qkv.lora_B,5
1768388158.0915976,1334,41.71875,0.4026753306388855,Grad/qkv.lora_B,outputs_dev/vitb16/T=vtab_Q=3bit_L=lora_2_qkv-fc1-proj-fc2/cifar/20260114184203_default_acc=53.50/tensorboard/Grad_qkv.lora_B_block_5/events.out.tfevents.1768387346.master-192-168-8-48.1680.3,qkv.lora_B,5
1768388158.5245035,1335,41.75,0.4914747178554535,Grad/qkv.lora_B,outputs_dev/vitb16/T=vtab_Q=3bit_L=lora_2_qkv-fc1-proj-fc2/cifar/20260114184203_default_acc=53.50/tensorboard/Grad_qkv.lora_B_block_5/events.out.tfevents.1768387346.master-192-168-8-48.1680.3,qkv.lora_B,5
1768388158.9678493,1336,41.78125,0.48624667525291443,Grad/qkv.lora_B,outputs_dev/vitb16/T=vtab_Q=3bit_L=lora_2_qkv-fc1-proj-fc2/cifar/20260114184203_default_acc=53.50/tensorboard/Grad_qkv.lora_B_block_5/events.out.tfevents.1768387346.master-192-168-8-48.1680.3,qkv.lora_B,5
1768388159.4086132,1337,41.8125,0.30336084961891174,Grad/qkv.lora_B,outputs_dev/vitb16/T=vtab_Q=3bit_L=lora_2_qkv-fc1-proj-fc2/cifar/20260114184203_default_acc=53.50/tensorboard/Grad_qkv.lora_B_block_5/events.out.tfevents.1768387346.master-192-168-8-48.1680.3,qkv.lora_B,5
1768388159.8319278,1338,41.84375,0.34819817543029785,Grad/qkv.lora_B,outputs_dev/vitb16/T=vtab_Q=3bit_L=lora_2_qkv-fc1-proj-fc2/cifar/20260114184203_default_acc=53.50/tensorboard/Grad_qkv.lora_B_block_5/events.out.tfevents.1768387346.master-192-168-8-48.1680.3,qkv.lora_B,5
1768388160.267025,1339,41.875,0.6318849921226501,Grad/qkv.lora_B,outputs_dev/vitb16/T=vtab_Q=3bit_L=lora_2_qkv-fc1-proj-fc2/cifar/20260114184203_default_acc=53.50/tensorboard/Grad_qkv.lora_B_block_5/events.out.tfevents.1768387346.master-192-168-8-48.1680.3,qkv.lora_B,5
1768388160.675436,1340,41.90625,0.30686649680137634,Grad/qkv.lora_B,outputs_dev/vitb16/T=vtab_Q=3bit_L=lora_2_qkv-fc1-proj-fc2/cifar/20260114184203_default_acc=53.50/tensorboard/Grad_qkv.lora_B_block_5/events.out.tfevents.1768387346.master-192-168-8-48.1680.3,qkv.lora_B,5
1768388161.1128724,1341,41.9375,0.5741172432899475,Grad/qkv.lora_B,outputs_dev/vitb16/T=vtab_Q=3bit_L=lora_2_qkv-fc1-proj-fc2/cifar/20260114184203_default_acc=53.50/tensorboard/Grad_qkv.lora_B_block_5/events.out.tfevents.1768387346.master-192-168-8-48.1680.3,qkv.lora_B,5
1768388161.5352407,1342,41.96875,0.5129849314689636,Grad/qkv.lora_B,outputs_dev/vitb16/T=vtab_Q=3bit_L=lora_2_qkv-fc1-proj-fc2/cifar/20260114184203_default_acc=53.50/tensorboard/Grad_qkv.lora_B_block_5/events.out.tfevents.1768387346.master-192-168-8-48.1680.3,qkv.lora_B,5
1768388161.7421806,1343,42.0,0.939995288848877,Grad/qkv.lora_B,outputs_dev/vitb16/T=vtab_Q=3bit_L=lora_2_qkv-fc1-proj-fc2/cifar/20260114184203_default_acc=53.50/tensorboard/Grad_qkv.lora_B_block_5/events.out.tfevents.1768387346.master-192-168-8-48.1680.3,qkv.lora_B,5
1768388162.371636,1344,42.03125,0.41714078187942505,Grad/qkv.lora_B,outputs_dev/vitb16/T=vtab_Q=3bit_L=lora_2_qkv-fc1-proj-fc2/cifar/20260114184203_default_acc=53.50/tensorboard/Grad_qkv.lora_B_block_5/events.out.tfevents.1768387346.master-192-168-8-48.1680.3,qkv.lora_B,5
1768388162.795082,1345,42.0625,1.087849736213684,Grad/qkv.lora_B,outputs_dev/vitb16/T=vtab_Q=3bit_L=lora_2_qkv-fc1-proj-fc2/cifar/20260114184203_default_acc=53.50/tensorboard/Grad_qkv.lora_B_block_5/events.out.tfevents.1768387346.master-192-168-8-48.1680.3,qkv.lora_B,5
1768388163.2192664,1346,42.09375,0.5857091546058655,Grad/qkv.lora_B,outputs_dev/vitb16/T=vtab_Q=3bit_L=lora_2_qkv-fc1-proj-fc2/cifar/20260114184203_default_acc=53.50/tensorboard/Grad_qkv.lora_B_block_5/events.out.tfevents.1768387346.master-192-168-8-48.1680.3,qkv.lora_B,5
1768388163.65123,1347,42.125,0.455181747674942,Grad/qkv.lora_B,outputs_dev/vitb16/T=vtab_Q=3bit_L=lora_2_qkv-fc1-proj-fc2/cifar/20260114184203_default_acc=53.50/tensorboard/Grad_qkv.lora_B_block_5/events.out.tfevents.1768387346.master-192-168-8-48.1680.3,qkv.lora_B,5
1768388164.0775335,1348,42.15625,0.46565181016921997,Grad/qkv.lora_B,outputs_dev/vitb16/T=vtab_Q=3bit_L=lora_2_qkv-fc1-proj-fc2/cifar/20260114184203_default_acc=53.50/tensorboard/Grad_qkv.lora_B_block_5/events.out.tfevents.1768387346.master-192-168-8-48.1680.3,qkv.lora_B,5
1768388164.5142825,1349,42.1875,0.19057564437389374,Grad/qkv.lora_B,outputs_dev/vitb16/T=vtab_Q=3bit_L=lora_2_qkv-fc1-proj-fc2/cifar/20260114184203_default_acc=53.50/tensorboard/Grad_qkv.lora_B_block_5/events.out.tfevents.1768387346.master-192-168-8-48.1680.3,qkv.lora_B,5
1768388164.9352713,1350,42.21875,0.40213748812675476,Grad/qkv.lora_B,outputs_dev/vitb16/T=vtab_Q=3bit_L=lora_2_qkv-fc1-proj-fc2/cifar/20260114184203_default_acc=53.50/tensorboard/Grad_qkv.lora_B_block_5/events.out.tfevents.1768387346.master-192-168-8-48.1680.3,qkv.lora_B,5
1768388165.3697867,1351,42.25,0.3030174970626831,Grad/qkv.lora_B,outputs_dev/vitb16/T=vtab_Q=3bit_L=lora_2_qkv-fc1-proj-fc2/cifar/20260114184203_default_acc=53.50/tensorboard/Grad_qkv.lora_B_block_5/events.out.tfevents.1768387346.master-192-168-8-48.1680.3,qkv.lora_B,5
1768388165.803138,1352,42.28125,0.4347700774669647,Grad/qkv.lora_B,outputs_dev/vitb16/T=vtab_Q=3bit_L=lora_2_qkv-fc1-proj-fc2/cifar/20260114184203_default_acc=53.50/tensorboard/Grad_qkv.lora_B_block_5/events.out.tfevents.1768387346.master-192-168-8-48.1680.3,qkv.lora_B,5
1768388166.2359755,1353,42.3125,0.5940614938735962,Grad/qkv.lora_B,outputs_dev/vitb16/T=vtab_Q=3bit_L=lora_2_qkv-fc1-proj-fc2/cifar/20260114184203_default_acc=53.50/tensorboard/Grad_qkv.lora_B_block_5/events.out.tfevents.1768387346.master-192-168-8-48.1680.3,qkv.lora_B,5
1768388166.6570601,1354,42.34375,0.3221172094345093,Grad/qkv.lora_B,outputs_dev/vitb16/T=vtab_Q=3bit_L=lora_2_qkv-fc1-proj-fc2/cifar/20260114184203_default_acc=53.50/tensorboard/Grad_qkv.lora_B_block_5/events.out.tfevents.1768387346.master-192-168-8-48.1680.3,qkv.lora_B,5
1768388167.0948546,1355,42.375,0.28666794300079346,Grad/qkv.lora_B,outputs_dev/vitb16/T=vtab_Q=3bit_L=lora_2_qkv-fc1-proj-fc2/cifar/20260114184203_default_acc=53.50/tensorboard/Grad_qkv.lora_B_block_5/events.out.tfevents.1768387346.master-192-168-8-48.1680.3,qkv.lora_B,5
1768388167.5137298,1356,42.40625,0.3117818832397461,Grad/qkv.lora_B,outputs_dev/vitb16/T=vtab_Q=3bit_L=lora_2_qkv-fc1-proj-fc2/cifar/20260114184203_default_acc=53.50/tensorboard/Grad_qkv.lora_B_block_5/events.out.tfevents.1768387346.master-192-168-8-48.1680.3,qkv.lora_B,5
1768388167.9318855,1357,42.4375,0.32902413606643677,Grad/qkv.lora_B,outputs_dev/vitb16/T=vtab_Q=3bit_L=lora_2_qkv-fc1-proj-fc2/cifar/20260114184203_default_acc=53.50/tensorboard/Grad_qkv.lora_B_block_5/events.out.tfevents.1768387346.master-192-168-8-48.1680.3,qkv.lora_B,5
1768388168.351848,1358,42.46875,0.3196578025817871,Grad/qkv.lora_B,outputs_dev/vitb16/T=vtab_Q=3bit_L=lora_2_qkv-fc1-proj-fc2/cifar/20260114184203_default_acc=53.50/tensorboard/Grad_qkv.lora_B_block_5/events.out.tfevents.1768387346.master-192-168-8-48.1680.3,qkv.lora_B,5
1768388168.7859857,1359,42.5,0.5357562303543091,Grad/qkv.lora_B,outputs_dev/vitb16/T=vtab_Q=3bit_L=lora_2_qkv-fc1-proj-fc2/cifar/20260114184203_default_acc=53.50/tensorboard/Grad_qkv.lora_B_block_5/events.out.tfevents.1768387346.master-192-168-8-48.1680.3,qkv.lora_B,5
1768388169.20548,1360,42.53125,0.3416967988014221,Grad/qkv.lora_B,outputs_dev/vitb16/T=vtab_Q=3bit_L=lora_2_qkv-fc1-proj-fc2/cifar/20260114184203_default_acc=53.50/tensorboard/Grad_qkv.lora_B_block_5/events.out.tfevents.1768387346.master-192-168-8-48.1680.3,qkv.lora_B,5
1768388169.6241128,1361,42.5625,0.5339609384536743,Grad/qkv.lora_B,outputs_dev/vitb16/T=vtab_Q=3bit_L=lora_2_qkv-fc1-proj-fc2/cifar/20260114184203_default_acc=53.50/tensorboard/Grad_qkv.lora_B_block_5/events.out.tfevents.1768387346.master-192-168-8-48.1680.3,qkv.lora_B,5
1768388170.0435257,1362,42.59375,0.26636767387390137,Grad/qkv.lora_B,outputs_dev/vitb16/T=vtab_Q=3bit_L=lora_2_qkv-fc1-proj-fc2/cifar/20260114184203_default_acc=53.50/tensorboard/Grad_qkv.lora_B_block_5/events.out.tfevents.1768387346.master-192-168-8-48.1680.3,qkv.lora_B,5
1768388170.4623992,1363,42.625,0.45975515246391296,Grad/qkv.lora_B,outputs_dev/vitb16/T=vtab_Q=3bit_L=lora_2_qkv-fc1-proj-fc2/cifar/20260114184203_default_acc=53.50/tensorboard/Grad_qkv.lora_B_block_5/events.out.tfevents.1768387346.master-192-168-8-48.1680.3,qkv.lora_B,5
1768388170.882858,1364,42.65625,0.11040443181991577,Grad/qkv.lora_B,outputs_dev/vitb16/T=vtab_Q=3bit_L=lora_2_qkv-fc1-proj-fc2/cifar/20260114184203_default_acc=53.50/tensorboard/Grad_qkv.lora_B_block_5/events.out.tfevents.1768387346.master-192-168-8-48.1680.3,qkv.lora_B,5
1768388171.3160968,1365,42.6875,0.7068524360656738,Grad/qkv.lora_B,outputs_dev/vitb16/T=vtab_Q=3bit_L=lora_2_qkv-fc1-proj-fc2/cifar/20260114184203_default_acc=53.50/tensorboard/Grad_qkv.lora_B_block_5/events.out.tfevents.1768387346.master-192-168-8-48.1680.3,qkv.lora_B,5
1768388171.749226,1366,42.71875,0.4935538172721863,Grad/qkv.lora_B,outputs_dev/vitb16/T=vtab_Q=3bit_L=lora_2_qkv-fc1-proj-fc2/cifar/20260114184203_default_acc=53.50/tensorboard/Grad_qkv.lora_B_block_5/events.out.tfevents.1768387346.master-192-168-8-48.1680.3,qkv.lora_B,5
1768388172.168696,1367,42.75,0.30863675475120544,Grad/qkv.lora_B,outputs_dev/vitb16/T=vtab_Q=3bit_L=lora_2_qkv-fc1-proj-fc2/cifar/20260114184203_default_acc=53.50/tensorboard/Grad_qkv.lora_B_block_5/events.out.tfevents.1768387346.master-192-168-8-48.1680.3,qkv.lora_B,5
1768388172.5920835,1368,42.78125,0.2787255346775055,Grad/qkv.lora_B,outputs_dev/vitb16/T=vtab_Q=3bit_L=lora_2_qkv-fc1-proj-fc2/cifar/20260114184203_default_acc=53.50/tensorboard/Grad_qkv.lora_B_block_5/events.out.tfevents.1768387346.master-192-168-8-48.1680.3,qkv.lora_B,5
1768388173.0125766,1369,42.8125,0.25425007939338684,Grad/qkv.lora_B,outputs_dev/vitb16/T=vtab_Q=3bit_L=lora_2_qkv-fc1-proj-fc2/cifar/20260114184203_default_acc=53.50/tensorboard/Grad_qkv.lora_B_block_5/events.out.tfevents.1768387346.master-192-168-8-48.1680.3,qkv.lora_B,5
1768388173.4528756,1370,42.84375,0.21613441407680511,Grad/qkv.lora_B,outputs_dev/vitb16/T=vtab_Q=3bit_L=lora_2_qkv-fc1-proj-fc2/cifar/20260114184203_default_acc=53.50/tensorboard/Grad_qkv.lora_B_block_5/events.out.tfevents.1768387346.master-192-168-8-48.1680.3,qkv.lora_B,5
1768388173.885286,1371,42.875,0.23275451362133026,Grad/qkv.lora_B,outputs_dev/vitb16/T=vtab_Q=3bit_L=lora_2_qkv-fc1-proj-fc2/cifar/20260114184203_default_acc=53.50/tensorboard/Grad_qkv.lora_B_block_5/events.out.tfevents.1768387346.master-192-168-8-48.1680.3,qkv.lora_B,5
1768388174.316632,1372,42.90625,0.4715895354747772,Grad/qkv.lora_B,outputs_dev/vitb16/T=vtab_Q=3bit_L=lora_2_qkv-fc1-proj-fc2/cifar/20260114184203_default_acc=53.50/tensorboard/Grad_qkv.lora_B_block_5/events.out.tfevents.1768387346.master-192-168-8-48.1680.3,qkv.lora_B,5
1768388174.7358305,1373,42.9375,0.36670321226119995,Grad/qkv.lora_B,outputs_dev/vitb16/T=vtab_Q=3bit_L=lora_2_qkv-fc1-proj-fc2/cifar/20260114184203_default_acc=53.50/tensorboard/Grad_qkv.lora_B_block_5/events.out.tfevents.1768387346.master-192-168-8-48.1680.3,qkv.lora_B,5
1768388175.1535265,1374,42.96875,0.3632507026195526,Grad/qkv.lora_B,outputs_dev/vitb16/T=vtab_Q=3bit_L=lora_2_qkv-fc1-proj-fc2/cifar/20260114184203_default_acc=53.50/tensorboard/Grad_qkv.lora_B_block_5/events.out.tfevents.1768387346.master-192-168-8-48.1680.3,qkv.lora_B,5
1768388175.3558197,1375,43.0,0.24195799231529236,Grad/qkv.lora_B,outputs_dev/vitb16/T=vtab_Q=3bit_L=lora_2_qkv-fc1-proj-fc2/cifar/20260114184203_default_acc=53.50/tensorboard/Grad_qkv.lora_B_block_5/events.out.tfevents.1768387346.master-192-168-8-48.1680.3,qkv.lora_B,5
1768388176.0920794,1376,43.03125,0.13733746111392975,Grad/qkv.lora_B,outputs_dev/vitb16/T=vtab_Q=3bit_L=lora_2_qkv-fc1-proj-fc2/cifar/20260114184203_default_acc=53.50/tensorboard/Grad_qkv.lora_B_block_5/events.out.tfevents.1768387346.master-192-168-8-48.1680.3,qkv.lora_B,5
1768388176.5265396,1377,43.0625,0.26894643902778625,Grad/qkv.lora_B,outputs_dev/vitb16/T=vtab_Q=3bit_L=lora_2_qkv-fc1-proj-fc2/cifar/20260114184203_default_acc=53.50/tensorboard/Grad_qkv.lora_B_block_5/events.out.tfevents.1768387346.master-192-168-8-48.1680.3,qkv.lora_B,5
1768388176.9467432,1378,43.09375,0.5138583183288574,Grad/qkv.lora_B,outputs_dev/vitb16/T=vtab_Q=3bit_L=lora_2_qkv-fc1-proj-fc2/cifar/20260114184203_default_acc=53.50/tensorboard/Grad_qkv.lora_B_block_5/events.out.tfevents.1768387346.master-192-168-8-48.1680.3,qkv.lora_B,5
1768388177.365819,1379,43.125,0.719315230846405,Grad/qkv.lora_B,outputs_dev/vitb16/T=vtab_Q=3bit_L=lora_2_qkv-fc1-proj-fc2/cifar/20260114184203_default_acc=53.50/tensorboard/Grad_qkv.lora_B_block_5/events.out.tfevents.1768387346.master-192-168-8-48.1680.3,qkv.lora_B,5
1768388177.8005018,1380,43.15625,0.32248806953430176,Grad/qkv.lora_B,outputs_dev/vitb16/T=vtab_Q=3bit_L=lora_2_qkv-fc1-proj-fc2/cifar/20260114184203_default_acc=53.50/tensorboard/Grad_qkv.lora_B_block_5/events.out.tfevents.1768387346.master-192-168-8-48.1680.3,qkv.lora_B,5
1768388178.2326002,1381,43.1875,0.22068074345588684,Grad/qkv.lora_B,outputs_dev/vitb16/T=vtab_Q=3bit_L=lora_2_qkv-fc1-proj-fc2/cifar/20260114184203_default_acc=53.50/tensorboard/Grad_qkv.lora_B_block_5/events.out.tfevents.1768387346.master-192-168-8-48.1680.3,qkv.lora_B,5
1768388178.664765,1382,43.21875,0.27129927277565,Grad/qkv.lora_B,outputs_dev/vitb16/T=vtab_Q=3bit_L=lora_2_qkv-fc1-proj-fc2/cifar/20260114184203_default_acc=53.50/tensorboard/Grad_qkv.lora_B_block_5/events.out.tfevents.1768387346.master-192-168-8-48.1680.3,qkv.lora_B,5
1768388179.0821776,1383,43.25,0.3504534363746643,Grad/qkv.lora_B,outputs_dev/vitb16/T=vtab_Q=3bit_L=lora_2_qkv-fc1-proj-fc2/cifar/20260114184203_default_acc=53.50/tensorboard/Grad_qkv.lora_B_block_5/events.out.tfevents.1768387346.master-192-168-8-48.1680.3,qkv.lora_B,5
1768388179.5025036,1384,43.28125,0.18517273664474487,Grad/qkv.lora_B,outputs_dev/vitb16/T=vtab_Q=3bit_L=lora_2_qkv-fc1-proj-fc2/cifar/20260114184203_default_acc=53.50/tensorboard/Grad_qkv.lora_B_block_5/events.out.tfevents.1768387346.master-192-168-8-48.1680.3,qkv.lora_B,5
1768388179.9234598,1385,43.3125,0.5077762603759766,Grad/qkv.lora_B,outputs_dev/vitb16/T=vtab_Q=3bit_L=lora_2_qkv-fc1-proj-fc2/cifar/20260114184203_default_acc=53.50/tensorboard/Grad_qkv.lora_B_block_5/events.out.tfevents.1768387346.master-192-168-8-48.1680.3,qkv.lora_B,5
1768388180.3568227,1386,43.34375,0.2209009975194931,Grad/qkv.lora_B,outputs_dev/vitb16/T=vtab_Q=3bit_L=lora_2_qkv-fc1-proj-fc2/cifar/20260114184203_default_acc=53.50/tensorboard/Grad_qkv.lora_B_block_5/events.out.tfevents.1768387346.master-192-168-8-48.1680.3,qkv.lora_B,5
1768388180.7709563,1387,43.375,0.16740603744983673,Grad/qkv.lora_B,outputs_dev/vitb16/T=vtab_Q=3bit_L=lora_2_qkv-fc1-proj-fc2/cifar/20260114184203_default_acc=53.50/tensorboard/Grad_qkv.lora_B_block_5/events.out.tfevents.1768387346.master-192-168-8-48.1680.3,qkv.lora_B,5
1768388181.2039056,1388,43.40625,0.20370280742645264,Grad/qkv.lora_B,outputs_dev/vitb16/T=vtab_Q=3bit_L=lora_2_qkv-fc1-proj-fc2/cifar/20260114184203_default_acc=53.50/tensorboard/Grad_qkv.lora_B_block_5/events.out.tfevents.1768387346.master-192-168-8-48.1680.3,qkv.lora_B,5
1768388181.643192,1389,43.4375,0.11913115531206131,Grad/qkv.lora_B,outputs_dev/vitb16/T=vtab_Q=3bit_L=lora_2_qkv-fc1-proj-fc2/cifar/20260114184203_default_acc=53.50/tensorboard/Grad_qkv.lora_B_block_5/events.out.tfevents.1768387346.master-192-168-8-48.1680.3,qkv.lora_B,5
1768388182.0773437,1390,43.46875,0.28839758038520813,Grad/qkv.lora_B,outputs_dev/vitb16/T=vtab_Q=3bit_L=lora_2_qkv-fc1-proj-fc2/cifar/20260114184203_default_acc=53.50/tensorboard/Grad_qkv.lora_B_block_5/events.out.tfevents.1768387346.master-192-168-8-48.1680.3,qkv.lora_B,5
1768388182.4967792,1391,43.5,0.34338629245758057,Grad/qkv.lora_B,outputs_dev/vitb16/T=vtab_Q=3bit_L=lora_2_qkv-fc1-proj-fc2/cifar/20260114184203_default_acc=53.50/tensorboard/Grad_qkv.lora_B_block_5/events.out.tfevents.1768387346.master-192-168-8-48.1680.3,qkv.lora_B,5
1768388182.9154985,1392,43.53125,0.4014368951320648,Grad/qkv.lora_B,outputs_dev/vitb16/T=vtab_Q=3bit_L=lora_2_qkv-fc1-proj-fc2/cifar/20260114184203_default_acc=53.50/tensorboard/Grad_qkv.lora_B_block_5/events.out.tfevents.1768387346.master-192-168-8-48.1680.3,qkv.lora_B,5
1768388183.3377056,1393,43.5625,0.28184980154037476,Grad/qkv.lora_B,outputs_dev/vitb16/T=vtab_Q=3bit_L=lora_2_qkv-fc1-proj-fc2/cifar/20260114184203_default_acc=53.50/tensorboard/Grad_qkv.lora_B_block_5/events.out.tfevents.1768387346.master-192-168-8-48.1680.3,qkv.lora_B,5
1768388183.7718139,1394,43.59375,0.18077003955841064,Grad/qkv.lora_B,outputs_dev/vitb16/T=vtab_Q=3bit_L=lora_2_qkv-fc1-proj-fc2/cifar/20260114184203_default_acc=53.50/tensorboard/Grad_qkv.lora_B_block_5/events.out.tfevents.1768387346.master-192-168-8-48.1680.3,qkv.lora_B,5
1768388184.2033608,1395,43.625,0.14440591633319855,Grad/qkv.lora_B,outputs_dev/vitb16/T=vtab_Q=3bit_L=lora_2_qkv-fc1-proj-fc2/cifar/20260114184203_default_acc=53.50/tensorboard/Grad_qkv.lora_B_block_5/events.out.tfevents.1768387346.master-192-168-8-48.1680.3,qkv.lora_B,5
1768388184.6227872,1396,43.65625,0.2114611268043518,Grad/qkv.lora_B,outputs_dev/vitb16/T=vtab_Q=3bit_L=lora_2_qkv-fc1-proj-fc2/cifar/20260114184203_default_acc=53.50/tensorboard/Grad_qkv.lora_B_block_5/events.out.tfevents.1768387346.master-192-168-8-48.1680.3,qkv.lora_B,5
1768388185.0443456,1397,43.6875,0.2070898711681366,Grad/qkv.lora_B,outputs_dev/vitb16/T=vtab_Q=3bit_L=lora_2_qkv-fc1-proj-fc2/cifar/20260114184203_default_acc=53.50/tensorboard/Grad_qkv.lora_B_block_5/events.out.tfevents.1768387346.master-192-168-8-48.1680.3,qkv.lora_B,5
1768388185.475528,1398,43.71875,0.189346581697464,Grad/qkv.lora_B,outputs_dev/vitb16/T=vtab_Q=3bit_L=lora_2_qkv-fc1-proj-fc2/cifar/20260114184203_default_acc=53.50/tensorboard/Grad_qkv.lora_B_block_5/events.out.tfevents.1768387346.master-192-168-8-48.1680.3,qkv.lora_B,5
1768388185.8962653,1399,43.75,0.3060179650783539,Grad/qkv.lora_B,outputs_dev/vitb16/T=vtab_Q=3bit_L=lora_2_qkv-fc1-proj-fc2/cifar/20260114184203_default_acc=53.50/tensorboard/Grad_qkv.lora_B_block_5/events.out.tfevents.1768387346.master-192-168-8-48.1680.3,qkv.lora_B,5
1768388186.3172605,1400,43.78125,0.22158940136432648,Grad/qkv.lora_B,outputs_dev/vitb16/T=vtab_Q=3bit_L=lora_2_qkv-fc1-proj-fc2/cifar/20260114184203_default_acc=53.50/tensorboard/Grad_qkv.lora_B_block_5/events.out.tfevents.1768387346.master-192-168-8-48.1680.3,qkv.lora_B,5
1768388186.758989,1401,43.8125,0.27173829078674316,Grad/qkv.lora_B,outputs_dev/vitb16/T=vtab_Q=3bit_L=lora_2_qkv-fc1-proj-fc2/cifar/20260114184203_default_acc=53.50/tensorboard/Grad_qkv.lora_B_block_5/events.out.tfevents.1768387346.master-192-168-8-48.1680.3,qkv.lora_B,5
1768388187.1763706,1402,43.84375,0.43378621339797974,Grad/qkv.lora_B,outputs_dev/vitb16/T=vtab_Q=3bit_L=lora_2_qkv-fc1-proj-fc2/cifar/20260114184203_default_acc=53.50/tensorboard/Grad_qkv.lora_B_block_5/events.out.tfevents.1768387346.master-192-168-8-48.1680.3,qkv.lora_B,5
1768388187.6113973,1403,43.875,0.15951286256313324,Grad/qkv.lora_B,outputs_dev/vitb16/T=vtab_Q=3bit_L=lora_2_qkv-fc1-proj-fc2/cifar/20260114184203_default_acc=53.50/tensorboard/Grad_qkv.lora_B_block_5/events.out.tfevents.1768387346.master-192-168-8-48.1680.3,qkv.lora_B,5
1768388188.0434155,1404,43.90625,0.22911974787712097,Grad/qkv.lora_B,outputs_dev/vitb16/T=vtab_Q=3bit_L=lora_2_qkv-fc1-proj-fc2/cifar/20260114184203_default_acc=53.50/tensorboard/Grad_qkv.lora_B_block_5/events.out.tfevents.1768387346.master-192-168-8-48.1680.3,qkv.lora_B,5
1768388188.4757104,1405,43.9375,0.541079580783844,Grad/qkv.lora_B,outputs_dev/vitb16/T=vtab_Q=3bit_L=lora_2_qkv-fc1-proj-fc2/cifar/20260114184203_default_acc=53.50/tensorboard/Grad_qkv.lora_B_block_5/events.out.tfevents.1768387346.master-192-168-8-48.1680.3,qkv.lora_B,5
1768388188.894,1406,43.96875,0.6925451755523682,Grad/qkv.lora_B,outputs_dev/vitb16/T=vtab_Q=3bit_L=lora_2_qkv-fc1-proj-fc2/cifar/20260114184203_default_acc=53.50/tensorboard/Grad_qkv.lora_B_block_5/events.out.tfevents.1768387346.master-192-168-8-48.1680.3,qkv.lora_B,5
1768388189.099745,1407,44.0,0.2600580155849457,Grad/qkv.lora_B,outputs_dev/vitb16/T=vtab_Q=3bit_L=lora_2_qkv-fc1-proj-fc2/cifar/20260114184203_default_acc=53.50/tensorboard/Grad_qkv.lora_B_block_5/events.out.tfevents.1768387346.master-192-168-8-48.1680.3,qkv.lora_B,5
1768388189.8933666,1408,44.03125,0.26589536666870117,Grad/qkv.lora_B,outputs_dev/vitb16/T=vtab_Q=3bit_L=lora_2_qkv-fc1-proj-fc2/cifar/20260114184203_default_acc=53.50/tensorboard/Grad_qkv.lora_B_block_5/events.out.tfevents.1768387346.master-192-168-8-48.1680.3,qkv.lora_B,5
1768388190.3305628,1409,44.0625,0.21864724159240723,Grad/qkv.lora_B,outputs_dev/vitb16/T=vtab_Q=3bit_L=lora_2_qkv-fc1-proj-fc2/cifar/20260114184203_default_acc=53.50/tensorboard/Grad_qkv.lora_B_block_5/events.out.tfevents.1768387346.master-192-168-8-48.1680.3,qkv.lora_B,5
1768388190.7703476,1410,44.09375,0.23298940062522888,Grad/qkv.lora_B,outputs_dev/vitb16/T=vtab_Q=3bit_L=lora_2_qkv-fc1-proj-fc2/cifar/20260114184203_default_acc=53.50/tensorboard/Grad_qkv.lora_B_block_5/events.out.tfevents.1768387346.master-192-168-8-48.1680.3,qkv.lora_B,5
1768388191.2281933,1411,44.125,0.18138487637043,Grad/qkv.lora_B,outputs_dev/vitb16/T=vtab_Q=3bit_L=lora_2_qkv-fc1-proj-fc2/cifar/20260114184203_default_acc=53.50/tensorboard/Grad_qkv.lora_B_block_5/events.out.tfevents.1768387346.master-192-168-8-48.1680.3,qkv.lora_B,5
1768388191.6647449,1412,44.15625,0.27880987524986267,Grad/qkv.lora_B,outputs_dev/vitb16/T=vtab_Q=3bit_L=lora_2_qkv-fc1-proj-fc2/cifar/20260114184203_default_acc=53.50/tensorboard/Grad_qkv.lora_B_block_5/events.out.tfevents.1768387346.master-192-168-8-48.1680.3,qkv.lora_B,5
1768388192.0808225,1413,44.1875,0.7079673409461975,Grad/qkv.lora_B,outputs_dev/vitb16/T=vtab_Q=3bit_L=lora_2_qkv-fc1-proj-fc2/cifar/20260114184203_default_acc=53.50/tensorboard/Grad_qkv.lora_B_block_5/events.out.tfevents.1768387346.master-192-168-8-48.1680.3,qkv.lora_B,5
1768388192.5083532,1414,44.21875,0.15535564720630646,Grad/qkv.lora_B,outputs_dev/vitb16/T=vtab_Q=3bit_L=lora_2_qkv-fc1-proj-fc2/cifar/20260114184203_default_acc=53.50/tensorboard/Grad_qkv.lora_B_block_5/events.out.tfevents.1768387346.master-192-168-8-48.1680.3,qkv.lora_B,5
1768388192.9311168,1415,44.25,0.14530010521411896,Grad/qkv.lora_B,outputs_dev/vitb16/T=vtab_Q=3bit_L=lora_2_qkv-fc1-proj-fc2/cifar/20260114184203_default_acc=53.50/tensorboard/Grad_qkv.lora_B_block_5/events.out.tfevents.1768387346.master-192-168-8-48.1680.3,qkv.lora_B,5
1768388193.3541234,1416,44.28125,0.11393313109874725,Grad/qkv.lora_B,outputs_dev/vitb16/T=vtab_Q=3bit_L=lora_2_qkv-fc1-proj-fc2/cifar/20260114184203_default_acc=53.50/tensorboard/Grad_qkv.lora_B_block_5/events.out.tfevents.1768387346.master-192-168-8-48.1680.3,qkv.lora_B,5
1768388193.7767045,1417,44.3125,0.21475346386432648,Grad/qkv.lora_B,outputs_dev/vitb16/T=vtab_Q=3bit_L=lora_2_qkv-fc1-proj-fc2/cifar/20260114184203_default_acc=53.50/tensorboard/Grad_qkv.lora_B_block_5/events.out.tfevents.1768387346.master-192-168-8-48.1680.3,qkv.lora_B,5
1768388194.1842341,1418,44.34375,1.0419825315475464,Grad/qkv.lora_B,outputs_dev/vitb16/T=vtab_Q=3bit_L=lora_2_qkv-fc1-proj-fc2/cifar/20260114184203_default_acc=53.50/tensorboard/Grad_qkv.lora_B_block_5/events.out.tfevents.1768387346.master-192-168-8-48.1680.3,qkv.lora_B,5
1768388194.6066675,1419,44.375,0.3115387260913849,Grad/qkv.lora_B,outputs_dev/vitb16/T=vtab_Q=3bit_L=lora_2_qkv-fc1-proj-fc2/cifar/20260114184203_default_acc=53.50/tensorboard/Grad_qkv.lora_B_block_5/events.out.tfevents.1768387346.master-192-168-8-48.1680.3,qkv.lora_B,5
1768388195.0289197,1420,44.40625,0.5790398716926575,Grad/qkv.lora_B,outputs_dev/vitb16/T=vtab_Q=3bit_L=lora_2_qkv-fc1-proj-fc2/cifar/20260114184203_default_acc=53.50/tensorboard/Grad_qkv.lora_B_block_5/events.out.tfevents.1768387346.master-192-168-8-48.1680.3,qkv.lora_B,5
1768388195.4620478,1421,44.4375,0.13360147178173065,Grad/qkv.lora_B,outputs_dev/vitb16/T=vtab_Q=3bit_L=lora_2_qkv-fc1-proj-fc2/cifar/20260114184203_default_acc=53.50/tensorboard/Grad_qkv.lora_B_block_5/events.out.tfevents.1768387346.master-192-168-8-48.1680.3,qkv.lora_B,5
1768388195.883493,1422,44.46875,0.21968357264995575,Grad/qkv.lora_B,outputs_dev/vitb16/T=vtab_Q=3bit_L=lora_2_qkv-fc1-proj-fc2/cifar/20260114184203_default_acc=53.50/tensorboard/Grad_qkv.lora_B_block_5/events.out.tfevents.1768387346.master-192-168-8-48.1680.3,qkv.lora_B,5
1768388196.3236256,1423,44.5,0.26224398612976074,Grad/qkv.lora_B,outputs_dev/vitb16/T=vtab_Q=3bit_L=lora_2_qkv-fc1-proj-fc2/cifar/20260114184203_default_acc=53.50/tensorboard/Grad_qkv.lora_B_block_5/events.out.tfevents.1768387346.master-192-168-8-48.1680.3,qkv.lora_B,5
1768388196.7615063,1424,44.53125,0.15545369684696198,Grad/qkv.lora_B,outputs_dev/vitb16/T=vtab_Q=3bit_L=lora_2_qkv-fc1-proj-fc2/cifar/20260114184203_default_acc=53.50/tensorboard/Grad_qkv.lora_B_block_5/events.out.tfevents.1768387346.master-192-168-8-48.1680.3,qkv.lora_B,5
1768388197.1968882,1425,44.5625,0.3389103412628174,Grad/qkv.lora_B,outputs_dev/vitb16/T=vtab_Q=3bit_L=lora_2_qkv-fc1-proj-fc2/cifar/20260114184203_default_acc=53.50/tensorboard/Grad_qkv.lora_B_block_5/events.out.tfevents.1768387346.master-192-168-8-48.1680.3,qkv.lora_B,5
1768388197.6156325,1426,44.59375,0.24511562287807465,Grad/qkv.lora_B,outputs_dev/vitb16/T=vtab_Q=3bit_L=lora_2_qkv-fc1-proj-fc2/cifar/20260114184203_default_acc=53.50/tensorboard/Grad_qkv.lora_B_block_5/events.out.tfevents.1768387346.master-192-168-8-48.1680.3,qkv.lora_B,5
1768388198.0401,1427,44.625,0.14332175254821777,Grad/qkv.lora_B,outputs_dev/vitb16/T=vtab_Q=3bit_L=lora_2_qkv-fc1-proj-fc2/cifar/20260114184203_default_acc=53.50/tensorboard/Grad_qkv.lora_B_block_5/events.out.tfevents.1768387346.master-192-168-8-48.1680.3,qkv.lora_B,5
1768388198.4462626,1428,44.65625,0.1496841013431549,Grad/qkv.lora_B,outputs_dev/vitb16/T=vtab_Q=3bit_L=lora_2_qkv-fc1-proj-fc2/cifar/20260114184203_default_acc=53.50/tensorboard/Grad_qkv.lora_B_block_5/events.out.tfevents.1768387346.master-192-168-8-48.1680.3,qkv.lora_B,5
1768388198.882659,1429,44.6875,0.30867308378219604,Grad/qkv.lora_B,outputs_dev/vitb16/T=vtab_Q=3bit_L=lora_2_qkv-fc1-proj-fc2/cifar/20260114184203_default_acc=53.50/tensorboard/Grad_qkv.lora_B_block_5/events.out.tfevents.1768387346.master-192-168-8-48.1680.3,qkv.lora_B,5
1768388199.3038914,1430,44.71875,0.18132713437080383,Grad/qkv.lora_B,outputs_dev/vitb16/T=vtab_Q=3bit_L=lora_2_qkv-fc1-proj-fc2/cifar/20260114184203_default_acc=53.50/tensorboard/Grad_qkv.lora_B_block_5/events.out.tfevents.1768387346.master-192-168-8-48.1680.3,qkv.lora_B,5
1768388199.7233355,1431,44.75,0.6029738187789917,Grad/qkv.lora_B,outputs_dev/vitb16/T=vtab_Q=3bit_L=lora_2_qkv-fc1-proj-fc2/cifar/20260114184203_default_acc=53.50/tensorboard/Grad_qkv.lora_B_block_5/events.out.tfevents.1768387346.master-192-168-8-48.1680.3,qkv.lora_B,5
1768388200.1446097,1432,44.78125,0.5791839361190796,Grad/qkv.lora_B,outputs_dev/vitb16/T=vtab_Q=3bit_L=lora_2_qkv-fc1-proj-fc2/cifar/20260114184203_default_acc=53.50/tensorboard/Grad_qkv.lora_B_block_5/events.out.tfevents.1768387346.master-192-168-8-48.1680.3,qkv.lora_B,5
1768388200.564866,1433,44.8125,0.461780309677124,Grad/qkv.lora_B,outputs_dev/vitb16/T=vtab_Q=3bit_L=lora_2_qkv-fc1-proj-fc2/cifar/20260114184203_default_acc=53.50/tensorboard/Grad_qkv.lora_B_block_5/events.out.tfevents.1768387346.master-192-168-8-48.1680.3,qkv.lora_B,5
1768388200.9755828,1434,44.84375,0.19664780795574188,Grad/qkv.lora_B,outputs_dev/vitb16/T=vtab_Q=3bit_L=lora_2_qkv-fc1-proj-fc2/cifar/20260114184203_default_acc=53.50/tensorboard/Grad_qkv.lora_B_block_5/events.out.tfevents.1768387346.master-192-168-8-48.1680.3,qkv.lora_B,5
1768388201.3959675,1435,44.875,0.2562215030193329,Grad/qkv.lora_B,outputs_dev/vitb16/T=vtab_Q=3bit_L=lora_2_qkv-fc1-proj-fc2/cifar/20260114184203_default_acc=53.50/tensorboard/Grad_qkv.lora_B_block_5/events.out.tfevents.1768387346.master-192-168-8-48.1680.3,qkv.lora_B,5
1768388201.8159547,1436,44.90625,0.58053058385849,Grad/qkv.lora_B,outputs_dev/vitb16/T=vtab_Q=3bit_L=lora_2_qkv-fc1-proj-fc2/cifar/20260114184203_default_acc=53.50/tensorboard/Grad_qkv.lora_B_block_5/events.out.tfevents.1768387346.master-192-168-8-48.1680.3,qkv.lora_B,5
1768388202.24698,1437,44.9375,0.12777742743492126,Grad/qkv.lora_B,outputs_dev/vitb16/T=vtab_Q=3bit_L=lora_2_qkv-fc1-proj-fc2/cifar/20260114184203_default_acc=53.50/tensorboard/Grad_qkv.lora_B_block_5/events.out.tfevents.1768387346.master-192-168-8-48.1680.3,qkv.lora_B,5
1768388202.6653106,1438,44.96875,0.641477644443512,Grad/qkv.lora_B,outputs_dev/vitb16/T=vtab_Q=3bit_L=lora_2_qkv-fc1-proj-fc2/cifar/20260114184203_default_acc=53.50/tensorboard/Grad_qkv.lora_B_block_5/events.out.tfevents.1768387346.master-192-168-8-48.1680.3,qkv.lora_B,5
1768388202.9070377,1439,45.0,0.4920940697193146,Grad/qkv.lora_B,outputs_dev/vitb16/T=vtab_Q=3bit_L=lora_2_qkv-fc1-proj-fc2/cifar/20260114184203_default_acc=53.50/tensorboard/Grad_qkv.lora_B_block_5/events.out.tfevents.1768387346.master-192-168-8-48.1680.3,qkv.lora_B,5
1768388203.60357,1440,45.03125,0.22162660956382751,Grad/qkv.lora_B,outputs_dev/vitb16/T=vtab_Q=3bit_L=lora_2_qkv-fc1-proj-fc2/cifar/20260114184203_default_acc=53.50/tensorboard/Grad_qkv.lora_B_block_5/events.out.tfevents.1768387346.master-192-168-8-48.1680.3,qkv.lora_B,5
1768388204.0434887,1441,45.0625,0.16210392117500305,Grad/qkv.lora_B,outputs_dev/vitb16/T=vtab_Q=3bit_L=lora_2_qkv-fc1-proj-fc2/cifar/20260114184203_default_acc=53.50/tensorboard/Grad_qkv.lora_B_block_5/events.out.tfevents.1768387346.master-192-168-8-48.1680.3,qkv.lora_B,5
1768388204.4962604,1442,45.09375,0.3218768239021301,Grad/qkv.lora_B,outputs_dev/vitb16/T=vtab_Q=3bit_L=lora_2_qkv-fc1-proj-fc2/cifar/20260114184203_default_acc=53.50/tensorboard/Grad_qkv.lora_B_block_5/events.out.tfevents.1768387346.master-192-168-8-48.1680.3,qkv.lora_B,5
1768388204.940706,1443,45.125,0.1491796374320984,Grad/qkv.lora_B,outputs_dev/vitb16/T=vtab_Q=3bit_L=lora_2_qkv-fc1-proj-fc2/cifar/20260114184203_default_acc=53.50/tensorboard/Grad_qkv.lora_B_block_5/events.out.tfevents.1768387346.master-192-168-8-48.1680.3,qkv.lora_B,5
1768388205.3662283,1444,45.15625,0.23857933282852173,Grad/qkv.lora_B,outputs_dev/vitb16/T=vtab_Q=3bit_L=lora_2_qkv-fc1-proj-fc2/cifar/20260114184203_default_acc=53.50/tensorboard/Grad_qkv.lora_B_block_5/events.out.tfevents.1768387346.master-192-168-8-48.1680.3,qkv.lora_B,5
1768388205.7885323,1445,45.1875,0.26505163311958313,Grad/qkv.lora_B,outputs_dev/vitb16/T=vtab_Q=3bit_L=lora_2_qkv-fc1-proj-fc2/cifar/20260114184203_default_acc=53.50/tensorboard/Grad_qkv.lora_B_block_5/events.out.tfevents.1768387346.master-192-168-8-48.1680.3,qkv.lora_B,5
1768388206.22025,1446,45.21875,0.21874232590198517,Grad/qkv.lora_B,outputs_dev/vitb16/T=vtab_Q=3bit_L=lora_2_qkv-fc1-proj-fc2/cifar/20260114184203_default_acc=53.50/tensorboard/Grad_qkv.lora_B_block_5/events.out.tfevents.1768387346.master-192-168-8-48.1680.3,qkv.lora_B,5
1768388206.658127,1447,45.25,0.13205188512802124,Grad/qkv.lora_B,outputs_dev/vitb16/T=vtab_Q=3bit_L=lora_2_qkv-fc1-proj-fc2/cifar/20260114184203_default_acc=53.50/tensorboard/Grad_qkv.lora_B_block_5/events.out.tfevents.1768387346.master-192-168-8-48.1680.3,qkv.lora_B,5
1768388207.0799773,1448,45.28125,0.6571746468544006,Grad/qkv.lora_B,outputs_dev/vitb16/T=vtab_Q=3bit_L=lora_2_qkv-fc1-proj-fc2/cifar/20260114184203_default_acc=53.50/tensorboard/Grad_qkv.lora_B_block_5/events.out.tfevents.1768387346.master-192-168-8-48.1680.3,qkv.lora_B,5
1768388207.5025911,1449,45.3125,0.39712968468666077,Grad/qkv.lora_B,outputs_dev/vitb16/T=vtab_Q=3bit_L=lora_2_qkv-fc1-proj-fc2/cifar/20260114184203_default_acc=53.50/tensorboard/Grad_qkv.lora_B_block_5/events.out.tfevents.1768387346.master-192-168-8-48.1680.3,qkv.lora_B,5
1768388207.9235606,1450,45.34375,0.5479395985603333,Grad/qkv.lora_B,outputs_dev/vitb16/T=vtab_Q=3bit_L=lora_2_qkv-fc1-proj-fc2/cifar/20260114184203_default_acc=53.50/tensorboard/Grad_qkv.lora_B_block_5/events.out.tfevents.1768387346.master-192-168-8-48.1680.3,qkv.lora_B,5
1768388208.3558714,1451,45.375,0.3173837661743164,Grad/qkv.lora_B,outputs_dev/vitb16/T=vtab_Q=3bit_L=lora_2_qkv-fc1-proj-fc2/cifar/20260114184203_default_acc=53.50/tensorboard/Grad_qkv.lora_B_block_5/events.out.tfevents.1768387346.master-192-168-8-48.1680.3,qkv.lora_B,5
1768388208.789765,1452,45.40625,0.25767597556114197,Grad/qkv.lora_B,outputs_dev/vitb16/T=vtab_Q=3bit_L=lora_2_qkv-fc1-proj-fc2/cifar/20260114184203_default_acc=53.50/tensorboard/Grad_qkv.lora_B_block_5/events.out.tfevents.1768387346.master-192-168-8-48.1680.3,qkv.lora_B,5
1768388209.2137766,1453,45.4375,1.0529577732086182,Grad/qkv.lora_B,outputs_dev/vitb16/T=vtab_Q=3bit_L=lora_2_qkv-fc1-proj-fc2/cifar/20260114184203_default_acc=53.50/tensorboard/Grad_qkv.lora_B_block_5/events.out.tfevents.1768387346.master-192-168-8-48.1680.3,qkv.lora_B,5
1768388209.6455884,1454,45.46875,0.21481236815452576,Grad/qkv.lora_B,outputs_dev/vitb16/T=vtab_Q=3bit_L=lora_2_qkv-fc1-proj-fc2/cifar/20260114184203_default_acc=53.50/tensorboard/Grad_qkv.lora_B_block_5/events.out.tfevents.1768387346.master-192-168-8-48.1680.3,qkv.lora_B,5
1768388210.0811229,1455,45.5,0.3185228705406189,Grad/qkv.lora_B,outputs_dev/vitb16/T=vtab_Q=3bit_L=lora_2_qkv-fc1-proj-fc2/cifar/20260114184203_default_acc=53.50/tensorboard/Grad_qkv.lora_B_block_5/events.out.tfevents.1768387346.master-192-168-8-48.1680.3,qkv.lora_B,5
1768388210.525186,1456,45.53125,0.42914149165153503,Grad/qkv.lora_B,outputs_dev/vitb16/T=vtab_Q=3bit_L=lora_2_qkv-fc1-proj-fc2/cifar/20260114184203_default_acc=53.50/tensorboard/Grad_qkv.lora_B_block_5/events.out.tfevents.1768387346.master-192-168-8-48.1680.3,qkv.lora_B,5
1768388210.956041,1457,45.5625,0.15805812180042267,Grad/qkv.lora_B,outputs_dev/vitb16/T=vtab_Q=3bit_L=lora_2_qkv-fc1-proj-fc2/cifar/20260114184203_default_acc=53.50/tensorboard/Grad_qkv.lora_B_block_5/events.out.tfevents.1768387346.master-192-168-8-48.1680.3,qkv.lora_B,5
1768388211.4004378,1458,45.59375,0.4038155674934387,Grad/qkv.lora_B,outputs_dev/vitb16/T=vtab_Q=3bit_L=lora_2_qkv-fc1-proj-fc2/cifar/20260114184203_default_acc=53.50/tensorboard/Grad_qkv.lora_B_block_5/events.out.tfevents.1768387346.master-192-168-8-48.1680.3,qkv.lora_B,5
1768388211.8214583,1459,45.625,0.4537557363510132,Grad/qkv.lora_B,outputs_dev/vitb16/T=vtab_Q=3bit_L=lora_2_qkv-fc1-proj-fc2/cifar/20260114184203_default_acc=53.50/tensorboard/Grad_qkv.lora_B_block_5/events.out.tfevents.1768387346.master-192-168-8-48.1680.3,qkv.lora_B,5
1768388212.261498,1460,45.65625,0.33019453287124634,Grad/qkv.lora_B,outputs_dev/vitb16/T=vtab_Q=3bit_L=lora_2_qkv-fc1-proj-fc2/cifar/20260114184203_default_acc=53.50/tensorboard/Grad_qkv.lora_B_block_5/events.out.tfevents.1768387346.master-192-168-8-48.1680.3,qkv.lora_B,5
1768388212.6893456,1461,45.6875,0.2501421272754669,Grad/qkv.lora_B,outputs_dev/vitb16/T=vtab_Q=3bit_L=lora_2_qkv-fc1-proj-fc2/cifar/20260114184203_default_acc=53.50/tensorboard/Grad_qkv.lora_B_block_5/events.out.tfevents.1768387346.master-192-168-8-48.1680.3,qkv.lora_B,5
1768388213.12353,1462,45.71875,0.3585411310195923,Grad/qkv.lora_B,outputs_dev/vitb16/T=vtab_Q=3bit_L=lora_2_qkv-fc1-proj-fc2/cifar/20260114184203_default_acc=53.50/tensorboard/Grad_qkv.lora_B_block_5/events.out.tfevents.1768387346.master-192-168-8-48.1680.3,qkv.lora_B,5
1768388213.5350127,1463,45.75,0.165973961353302,Grad/qkv.lora_B,outputs_dev/vitb16/T=vtab_Q=3bit_L=lora_2_qkv-fc1-proj-fc2/cifar/20260114184203_default_acc=53.50/tensorboard/Grad_qkv.lora_B_block_5/events.out.tfevents.1768387346.master-192-168-8-48.1680.3,qkv.lora_B,5
1768388213.957422,1464,45.78125,0.4612698554992676,Grad/qkv.lora_B,outputs_dev/vitb16/T=vtab_Q=3bit_L=lora_2_qkv-fc1-proj-fc2/cifar/20260114184203_default_acc=53.50/tensorboard/Grad_qkv.lora_B_block_5/events.out.tfevents.1768387346.master-192-168-8-48.1680.3,qkv.lora_B,5
1768388214.3804362,1465,45.8125,0.1444181501865387,Grad/qkv.lora_B,outputs_dev/vitb16/T=vtab_Q=3bit_L=lora_2_qkv-fc1-proj-fc2/cifar/20260114184203_default_acc=53.50/tensorboard/Grad_qkv.lora_B_block_5/events.out.tfevents.1768387346.master-192-168-8-48.1680.3,qkv.lora_B,5
1768388214.8018477,1466,45.84375,0.14378635585308075,Grad/qkv.lora_B,outputs_dev/vitb16/T=vtab_Q=3bit_L=lora_2_qkv-fc1-proj-fc2/cifar/20260114184203_default_acc=53.50/tensorboard/Grad_qkv.lora_B_block_5/events.out.tfevents.1768387346.master-192-168-8-48.1680.3,qkv.lora_B,5
1768388215.2229307,1467,45.875,0.17474862933158875,Grad/qkv.lora_B,outputs_dev/vitb16/T=vtab_Q=3bit_L=lora_2_qkv-fc1-proj-fc2/cifar/20260114184203_default_acc=53.50/tensorboard/Grad_qkv.lora_B_block_5/events.out.tfevents.1768387346.master-192-168-8-48.1680.3,qkv.lora_B,5
1768388215.6451623,1468,45.90625,0.212545707821846,Grad/qkv.lora_B,outputs_dev/vitb16/T=vtab_Q=3bit_L=lora_2_qkv-fc1-proj-fc2/cifar/20260114184203_default_acc=53.50/tensorboard/Grad_qkv.lora_B_block_5/events.out.tfevents.1768387346.master-192-168-8-48.1680.3,qkv.lora_B,5
1768388216.0664473,1469,45.9375,0.7577635049819946,Grad/qkv.lora_B,outputs_dev/vitb16/T=vtab_Q=3bit_L=lora_2_qkv-fc1-proj-fc2/cifar/20260114184203_default_acc=53.50/tensorboard/Grad_qkv.lora_B_block_5/events.out.tfevents.1768387346.master-192-168-8-48.1680.3,qkv.lora_B,5
1768388216.4871354,1470,45.96875,0.19435453414916992,Grad/qkv.lora_B,outputs_dev/vitb16/T=vtab_Q=3bit_L=lora_2_qkv-fc1-proj-fc2/cifar/20260114184203_default_acc=53.50/tensorboard/Grad_qkv.lora_B_block_5/events.out.tfevents.1768387346.master-192-168-8-48.1680.3,qkv.lora_B,5
1768388216.696432,1471,46.0,0.15754199028015137,Grad/qkv.lora_B,outputs_dev/vitb16/T=vtab_Q=3bit_L=lora_2_qkv-fc1-proj-fc2/cifar/20260114184203_default_acc=53.50/tensorboard/Grad_qkv.lora_B_block_5/events.out.tfevents.1768387346.master-192-168-8-48.1680.3,qkv.lora_B,5
1768388217.3736534,1472,46.03125,0.3906519412994385,Grad/qkv.lora_B,outputs_dev/vitb16/T=vtab_Q=3bit_L=lora_2_qkv-fc1-proj-fc2/cifar/20260114184203_default_acc=53.50/tensorboard/Grad_qkv.lora_B_block_5/events.out.tfevents.1768387346.master-192-168-8-48.1680.3,qkv.lora_B,5
1768388217.8040888,1473,46.0625,0.08621383458375931,Grad/qkv.lora_B,outputs_dev/vitb16/T=vtab_Q=3bit_L=lora_2_qkv-fc1-proj-fc2/cifar/20260114184203_default_acc=53.50/tensorboard/Grad_qkv.lora_B_block_5/events.out.tfevents.1768387346.master-192-168-8-48.1680.3,qkv.lora_B,5
1768388218.2331145,1474,46.09375,0.1348143368959427,Grad/qkv.lora_B,outputs_dev/vitb16/T=vtab_Q=3bit_L=lora_2_qkv-fc1-proj-fc2/cifar/20260114184203_default_acc=53.50/tensorboard/Grad_qkv.lora_B_block_5/events.out.tfevents.1768387346.master-192-168-8-48.1680.3,qkv.lora_B,5
1768388218.664275,1475,46.125,0.24409618973731995,Grad/qkv.lora_B,outputs_dev/vitb16/T=vtab_Q=3bit_L=lora_2_qkv-fc1-proj-fc2/cifar/20260114184203_default_acc=53.50/tensorboard/Grad_qkv.lora_B_block_5/events.out.tfevents.1768387346.master-192-168-8-48.1680.3,qkv.lora_B,5
1768388219.0941117,1476,46.15625,0.3162776529788971,Grad/qkv.lora_B,outputs_dev/vitb16/T=vtab_Q=3bit_L=lora_2_qkv-fc1-proj-fc2/cifar/20260114184203_default_acc=53.50/tensorboard/Grad_qkv.lora_B_block_5/events.out.tfevents.1768387346.master-192-168-8-48.1680.3,qkv.lora_B,5
1768388219.5401309,1477,46.1875,0.20900608599185944,Grad/qkv.lora_B,outputs_dev/vitb16/T=vtab_Q=3bit_L=lora_2_qkv-fc1-proj-fc2/cifar/20260114184203_default_acc=53.50/tensorboard/Grad_qkv.lora_B_block_5/events.out.tfevents.1768387346.master-192-168-8-48.1680.3,qkv.lora_B,5
1768388219.980044,1478,46.21875,0.15206944942474365,Grad/qkv.lora_B,outputs_dev/vitb16/T=vtab_Q=3bit_L=lora_2_qkv-fc1-proj-fc2/cifar/20260114184203_default_acc=53.50/tensorboard/Grad_qkv.lora_B_block_5/events.out.tfevents.1768387346.master-192-168-8-48.1680.3,qkv.lora_B,5
1768388220.394324,1479,46.25,0.471306174993515,Grad/qkv.lora_B,outputs_dev/vitb16/T=vtab_Q=3bit_L=lora_2_qkv-fc1-proj-fc2/cifar/20260114184203_default_acc=53.50/tensorboard/Grad_qkv.lora_B_block_5/events.out.tfevents.1768387346.master-192-168-8-48.1680.3,qkv.lora_B,5
1768388220.8205788,1480,46.28125,0.13627147674560547,Grad/qkv.lora_B,outputs_dev/vitb16/T=vtab_Q=3bit_L=lora_2_qkv-fc1-proj-fc2/cifar/20260114184203_default_acc=53.50/tensorboard/Grad_qkv.lora_B_block_5/events.out.tfevents.1768387346.master-192-168-8-48.1680.3,qkv.lora_B,5
1768388221.2598686,1481,46.3125,0.15572547912597656,Grad/qkv.lora_B,outputs_dev/vitb16/T=vtab_Q=3bit_L=lora_2_qkv-fc1-proj-fc2/cifar/20260114184203_default_acc=53.50/tensorboard/Grad_qkv.lora_B_block_5/events.out.tfevents.1768387346.master-192-168-8-48.1680.3,qkv.lora_B,5
1768388221.699165,1482,46.34375,0.15754099190235138,Grad/qkv.lora_B,outputs_dev/vitb16/T=vtab_Q=3bit_L=lora_2_qkv-fc1-proj-fc2/cifar/20260114184203_default_acc=53.50/tensorboard/Grad_qkv.lora_B_block_5/events.out.tfevents.1768387346.master-192-168-8-48.1680.3,qkv.lora_B,5
1768388222.1416636,1483,46.375,0.11619154363870621,Grad/qkv.lora_B,outputs_dev/vitb16/T=vtab_Q=3bit_L=lora_2_qkv-fc1-proj-fc2/cifar/20260114184203_default_acc=53.50/tensorboard/Grad_qkv.lora_B_block_5/events.out.tfevents.1768387346.master-192-168-8-48.1680.3,qkv.lora_B,5
1768388222.5906987,1484,46.40625,0.46768566966056824,Grad/qkv.lora_B,outputs_dev/vitb16/T=vtab_Q=3bit_L=lora_2_qkv-fc1-proj-fc2/cifar/20260114184203_default_acc=53.50/tensorboard/Grad_qkv.lora_B_block_5/events.out.tfevents.1768387346.master-192-168-8-48.1680.3,qkv.lora_B,5
1768388223.028466,1485,46.4375,0.15114961564540863,Grad/qkv.lora_B,outputs_dev/vitb16/T=vtab_Q=3bit_L=lora_2_qkv-fc1-proj-fc2/cifar/20260114184203_default_acc=53.50/tensorboard/Grad_qkv.lora_B_block_5/events.out.tfevents.1768387346.master-192-168-8-48.1680.3,qkv.lora_B,5
1768388223.4543676,1486,46.46875,0.225738987326622,Grad/qkv.lora_B,outputs_dev/vitb16/T=vtab_Q=3bit_L=lora_2_qkv-fc1-proj-fc2/cifar/20260114184203_default_acc=53.50/tensorboard/Grad_qkv.lora_B_block_5/events.out.tfevents.1768387346.master-192-168-8-48.1680.3,qkv.lora_B,5
1768388223.8890545,1487,46.5,0.8633727431297302,Grad/qkv.lora_B,outputs_dev/vitb16/T=vtab_Q=3bit_L=lora_2_qkv-fc1-proj-fc2/cifar/20260114184203_default_acc=53.50/tensorboard/Grad_qkv.lora_B_block_5/events.out.tfevents.1768387346.master-192-168-8-48.1680.3,qkv.lora_B,5
1768388224.324589,1488,46.53125,0.30757954716682434,Grad/qkv.lora_B,outputs_dev/vitb16/T=vtab_Q=3bit_L=lora_2_qkv-fc1-proj-fc2/cifar/20260114184203_default_acc=53.50/tensorboard/Grad_qkv.lora_B_block_5/events.out.tfevents.1768387346.master-192-168-8-48.1680.3,qkv.lora_B,5
1768388224.7573323,1489,46.5625,0.2331094592809677,Grad/qkv.lora_B,outputs_dev/vitb16/T=vtab_Q=3bit_L=lora_2_qkv-fc1-proj-fc2/cifar/20260114184203_default_acc=53.50/tensorboard/Grad_qkv.lora_B_block_5/events.out.tfevents.1768387346.master-192-168-8-48.1680.3,qkv.lora_B,5
1768388225.19235,1490,46.59375,0.4347708523273468,Grad/qkv.lora_B,outputs_dev/vitb16/T=vtab_Q=3bit_L=lora_2_qkv-fc1-proj-fc2/cifar/20260114184203_default_acc=53.50/tensorboard/Grad_qkv.lora_B_block_5/events.out.tfevents.1768387346.master-192-168-8-48.1680.3,qkv.lora_B,5
1768388225.6291625,1491,46.625,0.15320587158203125,Grad/qkv.lora_B,outputs_dev/vitb16/T=vtab_Q=3bit_L=lora_2_qkv-fc1-proj-fc2/cifar/20260114184203_default_acc=53.50/tensorboard/Grad_qkv.lora_B_block_5/events.out.tfevents.1768387346.master-192-168-8-48.1680.3,qkv.lora_B,5
1768388226.0642893,1492,46.65625,0.15120331943035126,Grad/qkv.lora_B,outputs_dev/vitb16/T=vtab_Q=3bit_L=lora_2_qkv-fc1-proj-fc2/cifar/20260114184203_default_acc=53.50/tensorboard/Grad_qkv.lora_B_block_5/events.out.tfevents.1768387346.master-192-168-8-48.1680.3,qkv.lora_B,5
1768388226.502809,1493,46.6875,0.4059748947620392,Grad/qkv.lora_B,outputs_dev/vitb16/T=vtab_Q=3bit_L=lora_2_qkv-fc1-proj-fc2/cifar/20260114184203_default_acc=53.50/tensorboard/Grad_qkv.lora_B_block_5/events.out.tfevents.1768387346.master-192-168-8-48.1680.3,qkv.lora_B,5
1768388226.92373,1494,46.71875,0.33241239190101624,Grad/qkv.lora_B,outputs_dev/vitb16/T=vtab_Q=3bit_L=lora_2_qkv-fc1-proj-fc2/cifar/20260114184203_default_acc=53.50/tensorboard/Grad_qkv.lora_B_block_5/events.out.tfevents.1768387346.master-192-168-8-48.1680.3,qkv.lora_B,5
1768388227.35981,1495,46.75,0.4462028741836548,Grad/qkv.lora_B,outputs_dev/vitb16/T=vtab_Q=3bit_L=lora_2_qkv-fc1-proj-fc2/cifar/20260114184203_default_acc=53.50/tensorboard/Grad_qkv.lora_B_block_5/events.out.tfevents.1768387346.master-192-168-8-48.1680.3,qkv.lora_B,5
1768388227.793182,1496,46.78125,0.30164822936058044,Grad/qkv.lora_B,outputs_dev/vitb16/T=vtab_Q=3bit_L=lora_2_qkv-fc1-proj-fc2/cifar/20260114184203_default_acc=53.50/tensorboard/Grad_qkv.lora_B_block_5/events.out.tfevents.1768387346.master-192-168-8-48.1680.3,qkv.lora_B,5
1768388228.2266345,1497,46.8125,0.1550099104642868,Grad/qkv.lora_B,outputs_dev/vitb16/T=vtab_Q=3bit_L=lora_2_qkv-fc1-proj-fc2/cifar/20260114184203_default_acc=53.50/tensorboard/Grad_qkv.lora_B_block_5/events.out.tfevents.1768387346.master-192-168-8-48.1680.3,qkv.lora_B,5
1768388228.6609433,1498,46.84375,0.2832082211971283,Grad/qkv.lora_B,outputs_dev/vitb16/T=vtab_Q=3bit_L=lora_2_qkv-fc1-proj-fc2/cifar/20260114184203_default_acc=53.50/tensorboard/Grad_qkv.lora_B_block_5/events.out.tfevents.1768387346.master-192-168-8-48.1680.3,qkv.lora_B,5
1768388229.0833008,1499,46.875,0.8297989964485168,Grad/qkv.lora_B,outputs_dev/vitb16/T=vtab_Q=3bit_L=lora_2_qkv-fc1-proj-fc2/cifar/20260114184203_default_acc=53.50/tensorboard/Grad_qkv.lora_B_block_5/events.out.tfevents.1768387346.master-192-168-8-48.1680.3,qkv.lora_B,5
1768388229.52186,1500,46.90625,0.07288868725299835,Grad/qkv.lora_B,outputs_dev/vitb16/T=vtab_Q=3bit_L=lora_2_qkv-fc1-proj-fc2/cifar/20260114184203_default_acc=53.50/tensorboard/Grad_qkv.lora_B_block_5/events.out.tfevents.1768387346.master-192-168-8-48.1680.3,qkv.lora_B,5
1768388229.9689574,1501,46.9375,0.16097038984298706,Grad/qkv.lora_B,outputs_dev/vitb16/T=vtab_Q=3bit_L=lora_2_qkv-fc1-proj-fc2/cifar/20260114184203_default_acc=53.50/tensorboard/Grad_qkv.lora_B_block_5/events.out.tfevents.1768387346.master-192-168-8-48.1680.3,qkv.lora_B,5
1768388230.4121346,1502,46.96875,0.5168786644935608,Grad/qkv.lora_B,outputs_dev/vitb16/T=vtab_Q=3bit_L=lora_2_qkv-fc1-proj-fc2/cifar/20260114184203_default_acc=53.50/tensorboard/Grad_qkv.lora_B_block_5/events.out.tfevents.1768387346.master-192-168-8-48.1680.3,qkv.lora_B,5
1768388230.6361384,1503,47.0,0.31050699949264526,Grad/qkv.lora_B,outputs_dev/vitb16/T=vtab_Q=3bit_L=lora_2_qkv-fc1-proj-fc2/cifar/20260114184203_default_acc=53.50/tensorboard/Grad_qkv.lora_B_block_5/events.out.tfevents.1768387346.master-192-168-8-48.1680.3,qkv.lora_B,5
1768388231.3390248,1504,47.03125,0.6482406854629517,Grad/qkv.lora_B,outputs_dev/vitb16/T=vtab_Q=3bit_L=lora_2_qkv-fc1-proj-fc2/cifar/20260114184203_default_acc=53.50/tensorboard/Grad_qkv.lora_B_block_5/events.out.tfevents.1768387346.master-192-168-8-48.1680.3,qkv.lora_B,5
1768388231.770087,1505,47.0625,0.07974188029766083,Grad/qkv.lora_B,outputs_dev/vitb16/T=vtab_Q=3bit_L=lora_2_qkv-fc1-proj-fc2/cifar/20260114184203_default_acc=53.50/tensorboard/Grad_qkv.lora_B_block_5/events.out.tfevents.1768387346.master-192-168-8-48.1680.3,qkv.lora_B,5
1768388232.2020617,1506,47.09375,0.3394117057323456,Grad/qkv.lora_B,outputs_dev/vitb16/T=vtab_Q=3bit_L=lora_2_qkv-fc1-proj-fc2/cifar/20260114184203_default_acc=53.50/tensorboard/Grad_qkv.lora_B_block_5/events.out.tfevents.1768387346.master-192-168-8-48.1680.3,qkv.lora_B,5
1768388232.613893,1507,47.125,0.13283786177635193,Grad/qkv.lora_B,outputs_dev/vitb16/T=vtab_Q=3bit_L=lora_2_qkv-fc1-proj-fc2/cifar/20260114184203_default_acc=53.50/tensorboard/Grad_qkv.lora_B_block_5/events.out.tfevents.1768387346.master-192-168-8-48.1680.3,qkv.lora_B,5
1768388233.0399425,1508,47.15625,0.18662907183170319,Grad/qkv.lora_B,outputs_dev/vitb16/T=vtab_Q=3bit_L=lora_2_qkv-fc1-proj-fc2/cifar/20260114184203_default_acc=53.50/tensorboard/Grad_qkv.lora_B_block_5/events.out.tfevents.1768387346.master-192-168-8-48.1680.3,qkv.lora_B,5
1768388233.4664648,1509,47.1875,0.18369847536087036,Grad/qkv.lora_B,outputs_dev/vitb16/T=vtab_Q=3bit_L=lora_2_qkv-fc1-proj-fc2/cifar/20260114184203_default_acc=53.50/tensorboard/Grad_qkv.lora_B_block_5/events.out.tfevents.1768387346.master-192-168-8-48.1680.3,qkv.lora_B,5
1768388233.8947434,1510,47.21875,0.5773850083351135,Grad/qkv.lora_B,outputs_dev/vitb16/T=vtab_Q=3bit_L=lora_2_qkv-fc1-proj-fc2/cifar/20260114184203_default_acc=53.50/tensorboard/Grad_qkv.lora_B_block_5/events.out.tfevents.1768387346.master-192-168-8-48.1680.3,qkv.lora_B,5
1768388234.3228817,1511,47.25,0.18744055926799774,Grad/qkv.lora_B,outputs_dev/vitb16/T=vtab_Q=3bit_L=lora_2_qkv-fc1-proj-fc2/cifar/20260114184203_default_acc=53.50/tensorboard/Grad_qkv.lora_B_block_5/events.out.tfevents.1768387346.master-192-168-8-48.1680.3,qkv.lora_B,5
1768388234.7625554,1512,47.28125,0.23693634569644928,Grad/qkv.lora_B,outputs_dev/vitb16/T=vtab_Q=3bit_L=lora_2_qkv-fc1-proj-fc2/cifar/20260114184203_default_acc=53.50/tensorboard/Grad_qkv.lora_B_block_5/events.out.tfevents.1768387346.master-192-168-8-48.1680.3,qkv.lora_B,5
1768388235.1909847,1513,47.3125,0.1410309374332428,Grad/qkv.lora_B,outputs_dev/vitb16/T=vtab_Q=3bit_L=lora_2_qkv-fc1-proj-fc2/cifar/20260114184203_default_acc=53.50/tensorboard/Grad_qkv.lora_B_block_5/events.out.tfevents.1768387346.master-192-168-8-48.1680.3,qkv.lora_B,5
1768388235.6204593,1514,47.34375,0.276621550321579,Grad/qkv.lora_B,outputs_dev/vitb16/T=vtab_Q=3bit_L=lora_2_qkv-fc1-proj-fc2/cifar/20260114184203_default_acc=53.50/tensorboard/Grad_qkv.lora_B_block_5/events.out.tfevents.1768387346.master-192-168-8-48.1680.3,qkv.lora_B,5
1768388236.0659242,1515,47.375,0.1428849995136261,Grad/qkv.lora_B,outputs_dev/vitb16/T=vtab_Q=3bit_L=lora_2_qkv-fc1-proj-fc2/cifar/20260114184203_default_acc=53.50/tensorboard/Grad_qkv.lora_B_block_5/events.out.tfevents.1768387346.master-192-168-8-48.1680.3,qkv.lora_B,5
1768388236.493761,1516,47.40625,0.1510578840970993,Grad/qkv.lora_B,outputs_dev/vitb16/T=vtab_Q=3bit_L=lora_2_qkv-fc1-proj-fc2/cifar/20260114184203_default_acc=53.50/tensorboard/Grad_qkv.lora_B_block_5/events.out.tfevents.1768387346.master-192-168-8-48.1680.3,qkv.lora_B,5
1768388236.9274797,1517,47.4375,0.25618407130241394,Grad/qkv.lora_B,outputs_dev/vitb16/T=vtab_Q=3bit_L=lora_2_qkv-fc1-proj-fc2/cifar/20260114184203_default_acc=53.50/tensorboard/Grad_qkv.lora_B_block_5/events.out.tfevents.1768387346.master-192-168-8-48.1680.3,qkv.lora_B,5
1768388237.3671987,1518,47.46875,0.2589143216609955,Grad/qkv.lora_B,outputs_dev/vitb16/T=vtab_Q=3bit_L=lora_2_qkv-fc1-proj-fc2/cifar/20260114184203_default_acc=53.50/tensorboard/Grad_qkv.lora_B_block_5/events.out.tfevents.1768387346.master-192-168-8-48.1680.3,qkv.lora_B,5
1768388237.8003807,1519,47.5,0.16850897669792175,Grad/qkv.lora_B,outputs_dev/vitb16/T=vtab_Q=3bit_L=lora_2_qkv-fc1-proj-fc2/cifar/20260114184203_default_acc=53.50/tensorboard/Grad_qkv.lora_B_block_5/events.out.tfevents.1768387346.master-192-168-8-48.1680.3,qkv.lora_B,5
1768388238.2218378,1520,47.53125,0.3423325717449188,Grad/qkv.lora_B,outputs_dev/vitb16/T=vtab_Q=3bit_L=lora_2_qkv-fc1-proj-fc2/cifar/20260114184203_default_acc=53.50/tensorboard/Grad_qkv.lora_B_block_5/events.out.tfevents.1768387346.master-192-168-8-48.1680.3,qkv.lora_B,5
1768388238.645542,1521,47.5625,0.18424390256404877,Grad/qkv.lora_B,outputs_dev/vitb16/T=vtab_Q=3bit_L=lora_2_qkv-fc1-proj-fc2/cifar/20260114184203_default_acc=53.50/tensorboard/Grad_qkv.lora_B_block_5/events.out.tfevents.1768387346.master-192-168-8-48.1680.3,qkv.lora_B,5
1768388239.0700297,1522,47.59375,0.1692211925983429,Grad/qkv.lora_B,outputs_dev/vitb16/T=vtab_Q=3bit_L=lora_2_qkv-fc1-proj-fc2/cifar/20260114184203_default_acc=53.50/tensorboard/Grad_qkv.lora_B_block_5/events.out.tfevents.1768387346.master-192-168-8-48.1680.3,qkv.lora_B,5
1768388239.4938872,1523,47.625,0.22015772759914398,Grad/qkv.lora_B,outputs_dev/vitb16/T=vtab_Q=3bit_L=lora_2_qkv-fc1-proj-fc2/cifar/20260114184203_default_acc=53.50/tensorboard/Grad_qkv.lora_B_block_5/events.out.tfevents.1768387346.master-192-168-8-48.1680.3,qkv.lora_B,5
1768388239.915883,1524,47.65625,0.4532843828201294,Grad/qkv.lora_B,outputs_dev/vitb16/T=vtab_Q=3bit_L=lora_2_qkv-fc1-proj-fc2/cifar/20260114184203_default_acc=53.50/tensorboard/Grad_qkv.lora_B_block_5/events.out.tfevents.1768387346.master-192-168-8-48.1680.3,qkv.lora_B,5
1768388240.3409255,1525,47.6875,0.4934253692626953,Grad/qkv.lora_B,outputs_dev/vitb16/T=vtab_Q=3bit_L=lora_2_qkv-fc1-proj-fc2/cifar/20260114184203_default_acc=53.50/tensorboard/Grad_qkv.lora_B_block_5/events.out.tfevents.1768387346.master-192-168-8-48.1680.3,qkv.lora_B,5
1768388240.7641437,1526,47.71875,0.16509300470352173,Grad/qkv.lora_B,outputs_dev/vitb16/T=vtab_Q=3bit_L=lora_2_qkv-fc1-proj-fc2/cifar/20260114184203_default_acc=53.50/tensorboard/Grad_qkv.lora_B_block_5/events.out.tfevents.1768387346.master-192-168-8-48.1680.3,qkv.lora_B,5
1768388241.1859348,1527,47.75,0.23719990253448486,Grad/qkv.lora_B,outputs_dev/vitb16/T=vtab_Q=3bit_L=lora_2_qkv-fc1-proj-fc2/cifar/20260114184203_default_acc=53.50/tensorboard/Grad_qkv.lora_B_block_5/events.out.tfevents.1768387346.master-192-168-8-48.1680.3,qkv.lora_B,5
1768388241.607729,1528,47.78125,0.26119667291641235,Grad/qkv.lora_B,outputs_dev/vitb16/T=vtab_Q=3bit_L=lora_2_qkv-fc1-proj-fc2/cifar/20260114184203_default_acc=53.50/tensorboard/Grad_qkv.lora_B_block_5/events.out.tfevents.1768387346.master-192-168-8-48.1680.3,qkv.lora_B,5
1768388242.040568,1529,47.8125,0.5715533494949341,Grad/qkv.lora_B,outputs_dev/vitb16/T=vtab_Q=3bit_L=lora_2_qkv-fc1-proj-fc2/cifar/20260114184203_default_acc=53.50/tensorboard/Grad_qkv.lora_B_block_5/events.out.tfevents.1768387346.master-192-168-8-48.1680.3,qkv.lora_B,5
1768388242.469836,1530,47.84375,0.15149225294589996,Grad/qkv.lora_B,outputs_dev/vitb16/T=vtab_Q=3bit_L=lora_2_qkv-fc1-proj-fc2/cifar/20260114184203_default_acc=53.50/tensorboard/Grad_qkv.lora_B_block_5/events.out.tfevents.1768387346.master-192-168-8-48.1680.3,qkv.lora_B,5
1768388242.895643,1531,47.875,0.08166071027517319,Grad/qkv.lora_B,outputs_dev/vitb16/T=vtab_Q=3bit_L=lora_2_qkv-fc1-proj-fc2/cifar/20260114184203_default_acc=53.50/tensorboard/Grad_qkv.lora_B_block_5/events.out.tfevents.1768387346.master-192-168-8-48.1680.3,qkv.lora_B,5
1768388243.31958,1532,47.90625,0.17394417524337769,Grad/qkv.lora_B,outputs_dev/vitb16/T=vtab_Q=3bit_L=lora_2_qkv-fc1-proj-fc2/cifar/20260114184203_default_acc=53.50/tensorboard/Grad_qkv.lora_B_block_5/events.out.tfevents.1768387346.master-192-168-8-48.1680.3,qkv.lora_B,5
1768388243.7522197,1533,47.9375,0.1010335236787796,Grad/qkv.lora_B,outputs_dev/vitb16/T=vtab_Q=3bit_L=lora_2_qkv-fc1-proj-fc2/cifar/20260114184203_default_acc=53.50/tensorboard/Grad_qkv.lora_B_block_5/events.out.tfevents.1768387346.master-192-168-8-48.1680.3,qkv.lora_B,5
1768388244.258382,1534,47.96875,0.5174254775047302,Grad/qkv.lora_B,outputs_dev/vitb16/T=vtab_Q=3bit_L=lora_2_qkv-fc1-proj-fc2/cifar/20260114184203_default_acc=53.50/tensorboard/Grad_qkv.lora_B_block_5/events.out.tfevents.1768387346.master-192-168-8-48.1680.3,qkv.lora_B,5
1768388244.4637425,1535,48.0,0.2215292602777481,Grad/qkv.lora_B,outputs_dev/vitb16/T=vtab_Q=3bit_L=lora_2_qkv-fc1-proj-fc2/cifar/20260114184203_default_acc=53.50/tensorboard/Grad_qkv.lora_B_block_5/events.out.tfevents.1768387346.master-192-168-8-48.1680.3,qkv.lora_B,5
1768388245.1252553,1536,48.03125,0.09643080830574036,Grad/qkv.lora_B,outputs_dev/vitb16/T=vtab_Q=3bit_L=lora_2_qkv-fc1-proj-fc2/cifar/20260114184203_default_acc=53.50/tensorboard/Grad_qkv.lora_B_block_5/events.out.tfevents.1768387346.master-192-168-8-48.1680.3,qkv.lora_B,5
1768388245.555398,1537,48.0625,0.12019616365432739,Grad/qkv.lora_B,outputs_dev/vitb16/T=vtab_Q=3bit_L=lora_2_qkv-fc1-proj-fc2/cifar/20260114184203_default_acc=53.50/tensorboard/Grad_qkv.lora_B_block_5/events.out.tfevents.1768387346.master-192-168-8-48.1680.3,qkv.lora_B,5
1768388245.9861891,1538,48.09375,0.1276942938566208,Grad/qkv.lora_B,outputs_dev/vitb16/T=vtab_Q=3bit_L=lora_2_qkv-fc1-proj-fc2/cifar/20260114184203_default_acc=53.50/tensorboard/Grad_qkv.lora_B_block_5/events.out.tfevents.1768387346.master-192-168-8-48.1680.3,qkv.lora_B,5
1768388246.424212,1539,48.125,0.23494581878185272,Grad/qkv.lora_B,outputs_dev/vitb16/T=vtab_Q=3bit_L=lora_2_qkv-fc1-proj-fc2/cifar/20260114184203_default_acc=53.50/tensorboard/Grad_qkv.lora_B_block_5/events.out.tfevents.1768387346.master-192-168-8-48.1680.3,qkv.lora_B,5
1768388246.8498013,1540,48.15625,0.13306592404842377,Grad/qkv.lora_B,outputs_dev/vitb16/T=vtab_Q=3bit_L=lora_2_qkv-fc1-proj-fc2/cifar/20260114184203_default_acc=53.50/tensorboard/Grad_qkv.lora_B_block_5/events.out.tfevents.1768387346.master-192-168-8-48.1680.3,qkv.lora_B,5
1768388247.2914355,1541,48.1875,0.22061428427696228,Grad/qkv.lora_B,outputs_dev/vitb16/T=vtab_Q=3bit_L=lora_2_qkv-fc1-proj-fc2/cifar/20260114184203_default_acc=53.50/tensorboard/Grad_qkv.lora_B_block_5/events.out.tfevents.1768387346.master-192-168-8-48.1680.3,qkv.lora_B,5
1768388247.7149744,1542,48.21875,0.17333313822746277,Grad/qkv.lora_B,outputs_dev/vitb16/T=vtab_Q=3bit_L=lora_2_qkv-fc1-proj-fc2/cifar/20260114184203_default_acc=53.50/tensorboard/Grad_qkv.lora_B_block_5/events.out.tfevents.1768387346.master-192-168-8-48.1680.3,qkv.lora_B,5
1768388248.1285145,1543,48.25,0.2979844808578491,Grad/qkv.lora_B,outputs_dev/vitb16/T=vtab_Q=3bit_L=lora_2_qkv-fc1-proj-fc2/cifar/20260114184203_default_acc=53.50/tensorboard/Grad_qkv.lora_B_block_5/events.out.tfevents.1768387346.master-192-168-8-48.1680.3,qkv.lora_B,5
1768388248.5698366,1544,48.28125,0.1385519802570343,Grad/qkv.lora_B,outputs_dev/vitb16/T=vtab_Q=3bit_L=lora_2_qkv-fc1-proj-fc2/cifar/20260114184203_default_acc=53.50/tensorboard/Grad_qkv.lora_B_block_5/events.out.tfevents.1768387346.master-192-168-8-48.1680.3,qkv.lora_B,5
1768388249.006108,1545,48.3125,0.9985878467559814,Grad/qkv.lora_B,outputs_dev/vitb16/T=vtab_Q=3bit_L=lora_2_qkv-fc1-proj-fc2/cifar/20260114184203_default_acc=53.50/tensorboard/Grad_qkv.lora_B_block_5/events.out.tfevents.1768387346.master-192-168-8-48.1680.3,qkv.lora_B,5
1768388249.4418094,1546,48.34375,0.2709967792034149,Grad/qkv.lora_B,outputs_dev/vitb16/T=vtab_Q=3bit_L=lora_2_qkv-fc1-proj-fc2/cifar/20260114184203_default_acc=53.50/tensorboard/Grad_qkv.lora_B_block_5/events.out.tfevents.1768387346.master-192-168-8-48.1680.3,qkv.lora_B,5
1768388249.8758278,1547,48.375,0.24972347915172577,Grad/qkv.lora_B,outputs_dev/vitb16/T=vtab_Q=3bit_L=lora_2_qkv-fc1-proj-fc2/cifar/20260114184203_default_acc=53.50/tensorboard/Grad_qkv.lora_B_block_5/events.out.tfevents.1768387346.master-192-168-8-48.1680.3,qkv.lora_B,5
1768388250.298659,1548,48.40625,0.10680379718542099,Grad/qkv.lora_B,outputs_dev/vitb16/T=vtab_Q=3bit_L=lora_2_qkv-fc1-proj-fc2/cifar/20260114184203_default_acc=53.50/tensorboard/Grad_qkv.lora_B_block_5/events.out.tfevents.1768387346.master-192-168-8-48.1680.3,qkv.lora_B,5
1768388250.7215216,1549,48.4375,0.15608033537864685,Grad/qkv.lora_B,outputs_dev/vitb16/T=vtab_Q=3bit_L=lora_2_qkv-fc1-proj-fc2/cifar/20260114184203_default_acc=53.50/tensorboard/Grad_qkv.lora_B_block_5/events.out.tfevents.1768387346.master-192-168-8-48.1680.3,qkv.lora_B,5
1768388251.1470025,1550,48.46875,0.1375720053911209,Grad/qkv.lora_B,outputs_dev/vitb16/T=vtab_Q=3bit_L=lora_2_qkv-fc1-proj-fc2/cifar/20260114184203_default_acc=53.50/tensorboard/Grad_qkv.lora_B_block_5/events.out.tfevents.1768387346.master-192-168-8-48.1680.3,qkv.lora_B,5
1768388251.5692625,1551,48.5,0.45729559659957886,Grad/qkv.lora_B,outputs_dev/vitb16/T=vtab_Q=3bit_L=lora_2_qkv-fc1-proj-fc2/cifar/20260114184203_default_acc=53.50/tensorboard/Grad_qkv.lora_B_block_5/events.out.tfevents.1768387346.master-192-168-8-48.1680.3,qkv.lora_B,5
1768388251.9913898,1552,48.53125,0.23138956725597382,Grad/qkv.lora_B,outputs_dev/vitb16/T=vtab_Q=3bit_L=lora_2_qkv-fc1-proj-fc2/cifar/20260114184203_default_acc=53.50/tensorboard/Grad_qkv.lora_B_block_5/events.out.tfevents.1768387346.master-192-168-8-48.1680.3,qkv.lora_B,5
1768388252.424893,1553,48.5625,0.372086763381958,Grad/qkv.lora_B,outputs_dev/vitb16/T=vtab_Q=3bit_L=lora_2_qkv-fc1-proj-fc2/cifar/20260114184203_default_acc=53.50/tensorboard/Grad_qkv.lora_B_block_5/events.out.tfevents.1768387346.master-192-168-8-48.1680.3,qkv.lora_B,5
1768388252.8599427,1554,48.59375,0.13408081233501434,Grad/qkv.lora_B,outputs_dev/vitb16/T=vtab_Q=3bit_L=lora_2_qkv-fc1-proj-fc2/cifar/20260114184203_default_acc=53.50/tensorboard/Grad_qkv.lora_B_block_5/events.out.tfevents.1768387346.master-192-168-8-48.1680.3,qkv.lora_B,5
1768388253.2932127,1555,48.625,0.1910140961408615,Grad/qkv.lora_B,outputs_dev/vitb16/T=vtab_Q=3bit_L=lora_2_qkv-fc1-proj-fc2/cifar/20260114184203_default_acc=53.50/tensorboard/Grad_qkv.lora_B_block_5/events.out.tfevents.1768387346.master-192-168-8-48.1680.3,qkv.lora_B,5
1768388253.7220137,1556,48.65625,0.30869245529174805,Grad/qkv.lora_B,outputs_dev/vitb16/T=vtab_Q=3bit_L=lora_2_qkv-fc1-proj-fc2/cifar/20260114184203_default_acc=53.50/tensorboard/Grad_qkv.lora_B_block_5/events.out.tfevents.1768387346.master-192-168-8-48.1680.3,qkv.lora_B,5
1768388254.144233,1557,48.6875,0.23419052362442017,Grad/qkv.lora_B,outputs_dev/vitb16/T=vtab_Q=3bit_L=lora_2_qkv-fc1-proj-fc2/cifar/20260114184203_default_acc=53.50/tensorboard/Grad_qkv.lora_B_block_5/events.out.tfevents.1768387346.master-192-168-8-48.1680.3,qkv.lora_B,5
1768388254.5735238,1558,48.71875,0.337248295545578,Grad/qkv.lora_B,outputs_dev/vitb16/T=vtab_Q=3bit_L=lora_2_qkv-fc1-proj-fc2/cifar/20260114184203_default_acc=53.50/tensorboard/Grad_qkv.lora_B_block_5/events.out.tfevents.1768387346.master-192-168-8-48.1680.3,qkv.lora_B,5
1768388255.011232,1559,48.75,0.1104840487241745,Grad/qkv.lora_B,outputs_dev/vitb16/T=vtab_Q=3bit_L=lora_2_qkv-fc1-proj-fc2/cifar/20260114184203_default_acc=53.50/tensorboard/Grad_qkv.lora_B_block_5/events.out.tfevents.1768387346.master-192-168-8-48.1680.3,qkv.lora_B,5
1768388255.4490678,1560,48.78125,0.1734122782945633,Grad/qkv.lora_B,outputs_dev/vitb16/T=vtab_Q=3bit_L=lora_2_qkv-fc1-proj-fc2/cifar/20260114184203_default_acc=53.50/tensorboard/Grad_qkv.lora_B_block_5/events.out.tfevents.1768387346.master-192-168-8-48.1680.3,qkv.lora_B,5
1768388255.8778179,1561,48.8125,0.11570629477500916,Grad/qkv.lora_B,outputs_dev/vitb16/T=vtab_Q=3bit_L=lora_2_qkv-fc1-proj-fc2/cifar/20260114184203_default_acc=53.50/tensorboard/Grad_qkv.lora_B_block_5/events.out.tfevents.1768387346.master-192-168-8-48.1680.3,qkv.lora_B,5
1768388256.3112035,1562,48.84375,0.19821587204933167,Grad/qkv.lora_B,outputs_dev/vitb16/T=vtab_Q=3bit_L=lora_2_qkv-fc1-proj-fc2/cifar/20260114184203_default_acc=53.50/tensorboard/Grad_qkv.lora_B_block_5/events.out.tfevents.1768387346.master-192-168-8-48.1680.3,qkv.lora_B,5
1768388256.750454,1563,48.875,0.13244816660881042,Grad/qkv.lora_B,outputs_dev/vitb16/T=vtab_Q=3bit_L=lora_2_qkv-fc1-proj-fc2/cifar/20260114184203_default_acc=53.50/tensorboard/Grad_qkv.lora_B_block_5/events.out.tfevents.1768387346.master-192-168-8-48.1680.3,qkv.lora_B,5
1768388257.174788,1564,48.90625,0.22283294796943665,Grad/qkv.lora_B,outputs_dev/vitb16/T=vtab_Q=3bit_L=lora_2_qkv-fc1-proj-fc2/cifar/20260114184203_default_acc=53.50/tensorboard/Grad_qkv.lora_B_block_5/events.out.tfevents.1768387346.master-192-168-8-48.1680.3,qkv.lora_B,5
1768388257.5964677,1565,48.9375,0.30403754115104675,Grad/qkv.lora_B,outputs_dev/vitb16/T=vtab_Q=3bit_L=lora_2_qkv-fc1-proj-fc2/cifar/20260114184203_default_acc=53.50/tensorboard/Grad_qkv.lora_B_block_5/events.out.tfevents.1768387346.master-192-168-8-48.1680.3,qkv.lora_B,5
1768388258.0183122,1566,48.96875,0.43175584077835083,Grad/qkv.lora_B,outputs_dev/vitb16/T=vtab_Q=3bit_L=lora_2_qkv-fc1-proj-fc2/cifar/20260114184203_default_acc=53.50/tensorboard/Grad_qkv.lora_B_block_5/events.out.tfevents.1768387346.master-192-168-8-48.1680.3,qkv.lora_B,5
1768388258.2126987,1567,49.0,0.16624923050403595,Grad/qkv.lora_B,outputs_dev/vitb16/T=vtab_Q=3bit_L=lora_2_qkv-fc1-proj-fc2/cifar/20260114184203_default_acc=53.50/tensorboard/Grad_qkv.lora_B_block_5/events.out.tfevents.1768387346.master-192-168-8-48.1680.3,qkv.lora_B,5
1768388258.8648098,1568,49.03125,0.11983127146959305,Grad/qkv.lora_B,outputs_dev/vitb16/T=vtab_Q=3bit_L=lora_2_qkv-fc1-proj-fc2/cifar/20260114184203_default_acc=53.50/tensorboard/Grad_qkv.lora_B_block_5/events.out.tfevents.1768387346.master-192-168-8-48.1680.3,qkv.lora_B,5
1768388259.3268073,1569,49.0625,0.1099342480301857,Grad/qkv.lora_B,outputs_dev/vitb16/T=vtab_Q=3bit_L=lora_2_qkv-fc1-proj-fc2/cifar/20260114184203_default_acc=53.50/tensorboard/Grad_qkv.lora_B_block_5/events.out.tfevents.1768387346.master-192-168-8-48.1680.3,qkv.lora_B,5
1768388259.7536116,1570,49.09375,0.14214006066322327,Grad/qkv.lora_B,outputs_dev/vitb16/T=vtab_Q=3bit_L=lora_2_qkv-fc1-proj-fc2/cifar/20260114184203_default_acc=53.50/tensorboard/Grad_qkv.lora_B_block_5/events.out.tfevents.1768387346.master-192-168-8-48.1680.3,qkv.lora_B,5
1768388260.1749854,1571,49.125,0.10989974439144135,Grad/qkv.lora_B,outputs_dev/vitb16/T=vtab_Q=3bit_L=lora_2_qkv-fc1-proj-fc2/cifar/20260114184203_default_acc=53.50/tensorboard/Grad_qkv.lora_B_block_5/events.out.tfevents.1768387346.master-192-168-8-48.1680.3,qkv.lora_B,5
1768388260.597398,1572,49.15625,0.6773363351821899,Grad/qkv.lora_B,outputs_dev/vitb16/T=vtab_Q=3bit_L=lora_2_qkv-fc1-proj-fc2/cifar/20260114184203_default_acc=53.50/tensorboard/Grad_qkv.lora_B_block_5/events.out.tfevents.1768387346.master-192-168-8-48.1680.3,qkv.lora_B,5
1768388261.0059254,1573,49.1875,0.3804183006286621,Grad/qkv.lora_B,outputs_dev/vitb16/T=vtab_Q=3bit_L=lora_2_qkv-fc1-proj-fc2/cifar/20260114184203_default_acc=53.50/tensorboard/Grad_qkv.lora_B_block_5/events.out.tfevents.1768387346.master-192-168-8-48.1680.3,qkv.lora_B,5
1768388261.428917,1574,49.21875,0.11255849152803421,Grad/qkv.lora_B,outputs_dev/vitb16/T=vtab_Q=3bit_L=lora_2_qkv-fc1-proj-fc2/cifar/20260114184203_default_acc=53.50/tensorboard/Grad_qkv.lora_B_block_5/events.out.tfevents.1768387346.master-192-168-8-48.1680.3,qkv.lora_B,5
1768388261.8513863,1575,49.25,0.15561269223690033,Grad/qkv.lora_B,outputs_dev/vitb16/T=vtab_Q=3bit_L=lora_2_qkv-fc1-proj-fc2/cifar/20260114184203_default_acc=53.50/tensorboard/Grad_qkv.lora_B_block_5/events.out.tfevents.1768387346.master-192-168-8-48.1680.3,qkv.lora_B,5
1768388262.274096,1576,49.28125,0.23971936106681824,Grad/qkv.lora_B,outputs_dev/vitb16/T=vtab_Q=3bit_L=lora_2_qkv-fc1-proj-fc2/cifar/20260114184203_default_acc=53.50/tensorboard/Grad_qkv.lora_B_block_5/events.out.tfevents.1768387346.master-192-168-8-48.1680.3,qkv.lora_B,5
1768388262.696512,1577,49.3125,0.05403577536344528,Grad/qkv.lora_B,outputs_dev/vitb16/T=vtab_Q=3bit_L=lora_2_qkv-fc1-proj-fc2/cifar/20260114184203_default_acc=53.50/tensorboard/Grad_qkv.lora_B_block_5/events.out.tfevents.1768387346.master-192-168-8-48.1680.3,qkv.lora_B,5
1768388263.118735,1578,49.34375,0.24678482115268707,Grad/qkv.lora_B,outputs_dev/vitb16/T=vtab_Q=3bit_L=lora_2_qkv-fc1-proj-fc2/cifar/20260114184203_default_acc=53.50/tensorboard/Grad_qkv.lora_B_block_5/events.out.tfevents.1768387346.master-192-168-8-48.1680.3,qkv.lora_B,5
1768388263.5433104,1579,49.375,0.09796783328056335,Grad/qkv.lora_B,outputs_dev/vitb16/T=vtab_Q=3bit_L=lora_2_qkv-fc1-proj-fc2/cifar/20260114184203_default_acc=53.50/tensorboard/Grad_qkv.lora_B_block_5/events.out.tfevents.1768387346.master-192-168-8-48.1680.3,qkv.lora_B,5
1768388263.9838946,1580,49.40625,0.05375122278928757,Grad/qkv.lora_B,outputs_dev/vitb16/T=vtab_Q=3bit_L=lora_2_qkv-fc1-proj-fc2/cifar/20260114184203_default_acc=53.50/tensorboard/Grad_qkv.lora_B_block_5/events.out.tfevents.1768387346.master-192-168-8-48.1680.3,qkv.lora_B,5
1768388264.4055579,1581,49.4375,0.166130930185318,Grad/qkv.lora_B,outputs_dev/vitb16/T=vtab_Q=3bit_L=lora_2_qkv-fc1-proj-fc2/cifar/20260114184203_default_acc=53.50/tensorboard/Grad_qkv.lora_B_block_5/events.out.tfevents.1768387346.master-192-168-8-48.1680.3,qkv.lora_B,5
1768388264.8280563,1582,49.46875,0.12741556763648987,Grad/qkv.lora_B,outputs_dev/vitb16/T=vtab_Q=3bit_L=lora_2_qkv-fc1-proj-fc2/cifar/20260114184203_default_acc=53.50/tensorboard/Grad_qkv.lora_B_block_5/events.out.tfevents.1768387346.master-192-168-8-48.1680.3,qkv.lora_B,5
1768388265.2494373,1583,49.5,0.14533205330371857,Grad/qkv.lora_B,outputs_dev/vitb16/T=vtab_Q=3bit_L=lora_2_qkv-fc1-proj-fc2/cifar/20260114184203_default_acc=53.50/tensorboard/Grad_qkv.lora_B_block_5/events.out.tfevents.1768387346.master-192-168-8-48.1680.3,qkv.lora_B,5
1768388265.6971521,1584,49.53125,0.260294646024704,Grad/qkv.lora_B,outputs_dev/vitb16/T=vtab_Q=3bit_L=lora_2_qkv-fc1-proj-fc2/cifar/20260114184203_default_acc=53.50/tensorboard/Grad_qkv.lora_B_block_5/events.out.tfevents.1768387346.master-192-168-8-48.1680.3,qkv.lora_B,5
1768388266.1441708,1585,49.5625,0.22660814225673676,Grad/qkv.lora_B,outputs_dev/vitb16/T=vtab_Q=3bit_L=lora_2_qkv-fc1-proj-fc2/cifar/20260114184203_default_acc=53.50/tensorboard/Grad_qkv.lora_B_block_5/events.out.tfevents.1768387346.master-192-168-8-48.1680.3,qkv.lora_B,5
1768388266.5708826,1586,49.59375,0.47012659907341003,Grad/qkv.lora_B,outputs_dev/vitb16/T=vtab_Q=3bit_L=lora_2_qkv-fc1-proj-fc2/cifar/20260114184203_default_acc=53.50/tensorboard/Grad_qkv.lora_B_block_5/events.out.tfevents.1768387346.master-192-168-8-48.1680.3,qkv.lora_B,5
1768388266.995708,1587,49.625,0.074648916721344,Grad/qkv.lora_B,outputs_dev/vitb16/T=vtab_Q=3bit_L=lora_2_qkv-fc1-proj-fc2/cifar/20260114184203_default_acc=53.50/tensorboard/Grad_qkv.lora_B_block_5/events.out.tfevents.1768387346.master-192-168-8-48.1680.3,qkv.lora_B,5
1768388267.4213626,1588,49.65625,0.28444766998291016,Grad/qkv.lora_B,outputs_dev/vitb16/T=vtab_Q=3bit_L=lora_2_qkv-fc1-proj-fc2/cifar/20260114184203_default_acc=53.50/tensorboard/Grad_qkv.lora_B_block_5/events.out.tfevents.1768387346.master-192-168-8-48.1680.3,qkv.lora_B,5
1768388267.8467662,1589,49.6875,0.7434877753257751,Grad/qkv.lora_B,outputs_dev/vitb16/T=vtab_Q=3bit_L=lora_2_qkv-fc1-proj-fc2/cifar/20260114184203_default_acc=53.50/tensorboard/Grad_qkv.lora_B_block_5/events.out.tfevents.1768387346.master-192-168-8-48.1680.3,qkv.lora_B,5
1768388268.2752035,1590,49.71875,0.6621375679969788,Grad/qkv.lora_B,outputs_dev/vitb16/T=vtab_Q=3bit_L=lora_2_qkv-fc1-proj-fc2/cifar/20260114184203_default_acc=53.50/tensorboard/Grad_qkv.lora_B_block_5/events.out.tfevents.1768387346.master-192-168-8-48.1680.3,qkv.lora_B,5
1768388268.705227,1591,49.75,0.1286107301712036,Grad/qkv.lora_B,outputs_dev/vitb16/T=vtab_Q=3bit_L=lora_2_qkv-fc1-proj-fc2/cifar/20260114184203_default_acc=53.50/tensorboard/Grad_qkv.lora_B_block_5/events.out.tfevents.1768387346.master-192-168-8-48.1680.3,qkv.lora_B,5
1768388269.1335447,1592,49.78125,0.43167969584465027,Grad/qkv.lora_B,outputs_dev/vitb16/T=vtab_Q=3bit_L=lora_2_qkv-fc1-proj-fc2/cifar/20260114184203_default_acc=53.50/tensorboard/Grad_qkv.lora_B_block_5/events.out.tfevents.1768387346.master-192-168-8-48.1680.3,qkv.lora_B,5
1768388269.559405,1593,49.8125,0.10268832743167877,Grad/qkv.lora_B,outputs_dev/vitb16/T=vtab_Q=3bit_L=lora_2_qkv-fc1-proj-fc2/cifar/20260114184203_default_acc=53.50/tensorboard/Grad_qkv.lora_B_block_5/events.out.tfevents.1768387346.master-192-168-8-48.1680.3,qkv.lora_B,5
1768388269.9832704,1594,49.84375,0.32483425736427307,Grad/qkv.lora_B,outputs_dev/vitb16/T=vtab_Q=3bit_L=lora_2_qkv-fc1-proj-fc2/cifar/20260114184203_default_acc=53.50/tensorboard/Grad_qkv.lora_B_block_5/events.out.tfevents.1768387346.master-192-168-8-48.1680.3,qkv.lora_B,5
1768388270.408448,1595,49.875,0.1837688386440277,Grad/qkv.lora_B,outputs_dev/vitb16/T=vtab_Q=3bit_L=lora_2_qkv-fc1-proj-fc2/cifar/20260114184203_default_acc=53.50/tensorboard/Grad_qkv.lora_B_block_5/events.out.tfevents.1768387346.master-192-168-8-48.1680.3,qkv.lora_B,5
1768388270.8312564,1596,49.90625,0.45383092761039734,Grad/qkv.lora_B,outputs_dev/vitb16/T=vtab_Q=3bit_L=lora_2_qkv-fc1-proj-fc2/cifar/20260114184203_default_acc=53.50/tensorboard/Grad_qkv.lora_B_block_5/events.out.tfevents.1768387346.master-192-168-8-48.1680.3,qkv.lora_B,5
1768388271.256468,1597,49.9375,0.18083778023719788,Grad/qkv.lora_B,outputs_dev/vitb16/T=vtab_Q=3bit_L=lora_2_qkv-fc1-proj-fc2/cifar/20260114184203_default_acc=53.50/tensorboard/Grad_qkv.lora_B_block_5/events.out.tfevents.1768387346.master-192-168-8-48.1680.3,qkv.lora_B,5
1768388271.6810062,1598,49.96875,0.2264418751001358,Grad/qkv.lora_B,outputs_dev/vitb16/T=vtab_Q=3bit_L=lora_2_qkv-fc1-proj-fc2/cifar/20260114184203_default_acc=53.50/tensorboard/Grad_qkv.lora_B_block_5/events.out.tfevents.1768387346.master-192-168-8-48.1680.3,qkv.lora_B,5
1768388271.8933747,1599,50.0,1.8506451845169067,Grad/qkv.lora_B,outputs_dev/vitb16/T=vtab_Q=3bit_L=lora_2_qkv-fc1-proj-fc2/cifar/20260114184203_default_acc=53.50/tensorboard/Grad_qkv.lora_B_block_5/events.out.tfevents.1768387346.master-192-168-8-48.1680.3,qkv.lora_B,5
1768388272.5791082,1600,50.03125,0.12822225689888,Grad/qkv.lora_B,outputs_dev/vitb16/T=vtab_Q=3bit_L=lora_2_qkv-fc1-proj-fc2/cifar/20260114184203_default_acc=53.50/tensorboard/Grad_qkv.lora_B_block_5/events.out.tfevents.1768387346.master-192-168-8-48.1680.3,qkv.lora_B,5
1768388273.006744,1601,50.0625,0.23098322749137878,Grad/qkv.lora_B,outputs_dev/vitb16/T=vtab_Q=3bit_L=lora_2_qkv-fc1-proj-fc2/cifar/20260114184203_default_acc=53.50/tensorboard/Grad_qkv.lora_B_block_5/events.out.tfevents.1768387346.master-192-168-8-48.1680.3,qkv.lora_B,5
1768388273.438152,1602,50.09375,0.11206938326358795,Grad/qkv.lora_B,outputs_dev/vitb16/T=vtab_Q=3bit_L=lora_2_qkv-fc1-proj-fc2/cifar/20260114184203_default_acc=53.50/tensorboard/Grad_qkv.lora_B_block_5/events.out.tfevents.1768387346.master-192-168-8-48.1680.3,qkv.lora_B,5
1768388273.8689733,1603,50.125,0.1231311485171318,Grad/qkv.lora_B,outputs_dev/vitb16/T=vtab_Q=3bit_L=lora_2_qkv-fc1-proj-fc2/cifar/20260114184203_default_acc=53.50/tensorboard/Grad_qkv.lora_B_block_5/events.out.tfevents.1768387346.master-192-168-8-48.1680.3,qkv.lora_B,5
1768388274.2937083,1604,50.15625,0.4701673984527588,Grad/qkv.lora_B,outputs_dev/vitb16/T=vtab_Q=3bit_L=lora_2_qkv-fc1-proj-fc2/cifar/20260114184203_default_acc=53.50/tensorboard/Grad_qkv.lora_B_block_5/events.out.tfevents.1768387346.master-192-168-8-48.1680.3,qkv.lora_B,5
1768388274.7194347,1605,50.1875,0.16253705322742462,Grad/qkv.lora_B,outputs_dev/vitb16/T=vtab_Q=3bit_L=lora_2_qkv-fc1-proj-fc2/cifar/20260114184203_default_acc=53.50/tensorboard/Grad_qkv.lora_B_block_5/events.out.tfevents.1768387346.master-192-168-8-48.1680.3,qkv.lora_B,5
1768388275.1381822,1606,50.21875,0.12556923925876617,Grad/qkv.lora_B,outputs_dev/vitb16/T=vtab_Q=3bit_L=lora_2_qkv-fc1-proj-fc2/cifar/20260114184203_default_acc=53.50/tensorboard/Grad_qkv.lora_B_block_5/events.out.tfevents.1768387346.master-192-168-8-48.1680.3,qkv.lora_B,5
1768388275.5566845,1607,50.25,0.17248694598674774,Grad/qkv.lora_B,outputs_dev/vitb16/T=vtab_Q=3bit_L=lora_2_qkv-fc1-proj-fc2/cifar/20260114184203_default_acc=53.50/tensorboard/Grad_qkv.lora_B_block_5/events.out.tfevents.1768387346.master-192-168-8-48.1680.3,qkv.lora_B,5
1768388275.9880364,1608,50.28125,0.23556992411613464,Grad/qkv.lora_B,outputs_dev/vitb16/T=vtab_Q=3bit_L=lora_2_qkv-fc1-proj-fc2/cifar/20260114184203_default_acc=53.50/tensorboard/Grad_qkv.lora_B_block_5/events.out.tfevents.1768387346.master-192-168-8-48.1680.3,qkv.lora_B,5
1768388276.421502,1609,50.3125,0.3577764928340912,Grad/qkv.lora_B,outputs_dev/vitb16/T=vtab_Q=3bit_L=lora_2_qkv-fc1-proj-fc2/cifar/20260114184203_default_acc=53.50/tensorboard/Grad_qkv.lora_B_block_5/events.out.tfevents.1768387346.master-192-168-8-48.1680.3,qkv.lora_B,5
1768388276.8435926,1610,50.34375,0.8712658286094666,Grad/qkv.lora_B,outputs_dev/vitb16/T=vtab_Q=3bit_L=lora_2_qkv-fc1-proj-fc2/cifar/20260114184203_default_acc=53.50/tensorboard/Grad_qkv.lora_B_block_5/events.out.tfevents.1768387346.master-192-168-8-48.1680.3,qkv.lora_B,5
1768388277.2773044,1611,50.375,0.10887020826339722,Grad/qkv.lora_B,outputs_dev/vitb16/T=vtab_Q=3bit_L=lora_2_qkv-fc1-proj-fc2/cifar/20260114184203_default_acc=53.50/tensorboard/Grad_qkv.lora_B_block_5/events.out.tfevents.1768387346.master-192-168-8-48.1680.3,qkv.lora_B,5
1768388277.7098317,1612,50.40625,0.14811989665031433,Grad/qkv.lora_B,outputs_dev/vitb16/T=vtab_Q=3bit_L=lora_2_qkv-fc1-proj-fc2/cifar/20260114184203_default_acc=53.50/tensorboard/Grad_qkv.lora_B_block_5/events.out.tfevents.1768387346.master-192-168-8-48.1680.3,qkv.lora_B,5
1768388278.141849,1613,50.4375,0.48277464509010315,Grad/qkv.lora_B,outputs_dev/vitb16/T=vtab_Q=3bit_L=lora_2_qkv-fc1-proj-fc2/cifar/20260114184203_default_acc=53.50/tensorboard/Grad_qkv.lora_B_block_5/events.out.tfevents.1768387346.master-192-168-8-48.1680.3,qkv.lora_B,5
1768388278.575734,1614,50.46875,0.23175062239170074,Grad/qkv.lora_B,outputs_dev/vitb16/T=vtab_Q=3bit_L=lora_2_qkv-fc1-proj-fc2/cifar/20260114184203_default_acc=53.50/tensorboard/Grad_qkv.lora_B_block_5/events.out.tfevents.1768387346.master-192-168-8-48.1680.3,qkv.lora_B,5
1768388279.0103664,1615,50.5,0.47768545150756836,Grad/qkv.lora_B,outputs_dev/vitb16/T=vtab_Q=3bit_L=lora_2_qkv-fc1-proj-fc2/cifar/20260114184203_default_acc=53.50/tensorboard/Grad_qkv.lora_B_block_5/events.out.tfevents.1768387346.master-192-168-8-48.1680.3,qkv.lora_B,5
1768388279.4332986,1616,50.53125,0.20973888039588928,Grad/qkv.lora_B,outputs_dev/vitb16/T=vtab_Q=3bit_L=lora_2_qkv-fc1-proj-fc2/cifar/20260114184203_default_acc=53.50/tensorboard/Grad_qkv.lora_B_block_5/events.out.tfevents.1768387346.master-192-168-8-48.1680.3,qkv.lora_B,5
1768388279.8663836,1617,50.5625,0.44253480434417725,Grad/qkv.lora_B,outputs_dev/vitb16/T=vtab_Q=3bit_L=lora_2_qkv-fc1-proj-fc2/cifar/20260114184203_default_acc=53.50/tensorboard/Grad_qkv.lora_B_block_5/events.out.tfevents.1768387346.master-192-168-8-48.1680.3,qkv.lora_B,5
1768388280.2702549,1618,50.59375,0.1554887890815735,Grad/qkv.lora_B,outputs_dev/vitb16/T=vtab_Q=3bit_L=lora_2_qkv-fc1-proj-fc2/cifar/20260114184203_default_acc=53.50/tensorboard/Grad_qkv.lora_B_block_5/events.out.tfevents.1768387346.master-192-168-8-48.1680.3,qkv.lora_B,5
1768388280.7023022,1619,50.625,0.6969857215881348,Grad/qkv.lora_B,outputs_dev/vitb16/T=vtab_Q=3bit_L=lora_2_qkv-fc1-proj-fc2/cifar/20260114184203_default_acc=53.50/tensorboard/Grad_qkv.lora_B_block_5/events.out.tfevents.1768387346.master-192-168-8-48.1680.3,qkv.lora_B,5
1768388281.1197176,1620,50.65625,0.780917227268219,Grad/qkv.lora_B,outputs_dev/vitb16/T=vtab_Q=3bit_L=lora_2_qkv-fc1-proj-fc2/cifar/20260114184203_default_acc=53.50/tensorboard/Grad_qkv.lora_B_block_5/events.out.tfevents.1768387346.master-192-168-8-48.1680.3,qkv.lora_B,5
1768388281.5657427,1621,50.6875,0.42359936237335205,Grad/qkv.lora_B,outputs_dev/vitb16/T=vtab_Q=3bit_L=lora_2_qkv-fc1-proj-fc2/cifar/20260114184203_default_acc=53.50/tensorboard/Grad_qkv.lora_B_block_5/events.out.tfevents.1768387346.master-192-168-8-48.1680.3,qkv.lora_B,5
1768388281.9993258,1622,50.71875,0.34575191140174866,Grad/qkv.lora_B,outputs_dev/vitb16/T=vtab_Q=3bit_L=lora_2_qkv-fc1-proj-fc2/cifar/20260114184203_default_acc=53.50/tensorboard/Grad_qkv.lora_B_block_5/events.out.tfevents.1768387346.master-192-168-8-48.1680.3,qkv.lora_B,5
1768388282.4194622,1623,50.75,0.1359441578388214,Grad/qkv.lora_B,outputs_dev/vitb16/T=vtab_Q=3bit_L=lora_2_qkv-fc1-proj-fc2/cifar/20260114184203_default_acc=53.50/tensorboard/Grad_qkv.lora_B_block_5/events.out.tfevents.1768387346.master-192-168-8-48.1680.3,qkv.lora_B,5
1768388282.840515,1624,50.78125,0.6231762766838074,Grad/qkv.lora_B,outputs_dev/vitb16/T=vtab_Q=3bit_L=lora_2_qkv-fc1-proj-fc2/cifar/20260114184203_default_acc=53.50/tensorboard/Grad_qkv.lora_B_block_5/events.out.tfevents.1768387346.master-192-168-8-48.1680.3,qkv.lora_B,5
1768388283.2615552,1625,50.8125,0.3298164904117584,Grad/qkv.lora_B,outputs_dev/vitb16/T=vtab_Q=3bit_L=lora_2_qkv-fc1-proj-fc2/cifar/20260114184203_default_acc=53.50/tensorboard/Grad_qkv.lora_B_block_5/events.out.tfevents.1768387346.master-192-168-8-48.1680.3,qkv.lora_B,5
1768388283.7135413,1626,50.84375,0.4664047360420227,Grad/qkv.lora_B,outputs_dev/vitb16/T=vtab_Q=3bit_L=lora_2_qkv-fc1-proj-fc2/cifar/20260114184203_default_acc=53.50/tensorboard/Grad_qkv.lora_B_block_5/events.out.tfevents.1768387346.master-192-168-8-48.1680.3,qkv.lora_B,5
1768388284.1505265,1627,50.875,0.10017214715480804,Grad/qkv.lora_B,outputs_dev/vitb16/T=vtab_Q=3bit_L=lora_2_qkv-fc1-proj-fc2/cifar/20260114184203_default_acc=53.50/tensorboard/Grad_qkv.lora_B_block_5/events.out.tfevents.1768387346.master-192-168-8-48.1680.3,qkv.lora_B,5
1768388284.5789104,1628,50.90625,0.5694223642349243,Grad/qkv.lora_B,outputs_dev/vitb16/T=vtab_Q=3bit_L=lora_2_qkv-fc1-proj-fc2/cifar/20260114184203_default_acc=53.50/tensorboard/Grad_qkv.lora_B_block_5/events.out.tfevents.1768387346.master-192-168-8-48.1680.3,qkv.lora_B,5
1768388285.0097716,1629,50.9375,0.38016173243522644,Grad/qkv.lora_B,outputs_dev/vitb16/T=vtab_Q=3bit_L=lora_2_qkv-fc1-proj-fc2/cifar/20260114184203_default_acc=53.50/tensorboard/Grad_qkv.lora_B_block_5/events.out.tfevents.1768387346.master-192-168-8-48.1680.3,qkv.lora_B,5
1768388285.4277902,1630,50.96875,0.17126259207725525,Grad/qkv.lora_B,outputs_dev/vitb16/T=vtab_Q=3bit_L=lora_2_qkv-fc1-proj-fc2/cifar/20260114184203_default_acc=53.50/tensorboard/Grad_qkv.lora_B_block_5/events.out.tfevents.1768387346.master-192-168-8-48.1680.3,qkv.lora_B,5
1768388285.6317282,1631,51.0,0.25018805265426636,Grad/qkv.lora_B,outputs_dev/vitb16/T=vtab_Q=3bit_L=lora_2_qkv-fc1-proj-fc2/cifar/20260114184203_default_acc=53.50/tensorboard/Grad_qkv.lora_B_block_5/events.out.tfevents.1768387346.master-192-168-8-48.1680.3,qkv.lora_B,5
1768388336.8241746,1632,51.03125,0.24033097922801971,Grad/qkv.lora_B,outputs_dev/vitb16/T=vtab_Q=3bit_L=lora_2_qkv-fc1-proj-fc2/cifar/20260114184203_default_acc=53.50/tensorboard/Grad_qkv.lora_B_block_5/events.out.tfevents.1768387346.master-192-168-8-48.1680.3,qkv.lora_B,5
1768388337.2320268,1633,51.0625,0.15680499374866486,Grad/qkv.lora_B,outputs_dev/vitb16/T=vtab_Q=3bit_L=lora_2_qkv-fc1-proj-fc2/cifar/20260114184203_default_acc=53.50/tensorboard/Grad_qkv.lora_B_block_5/events.out.tfevents.1768387346.master-192-168-8-48.1680.3,qkv.lora_B,5
1768388337.6341777,1634,51.09375,0.45633867383003235,Grad/qkv.lora_B,outputs_dev/vitb16/T=vtab_Q=3bit_L=lora_2_qkv-fc1-proj-fc2/cifar/20260114184203_default_acc=53.50/tensorboard/Grad_qkv.lora_B_block_5/events.out.tfevents.1768387346.master-192-168-8-48.1680.3,qkv.lora_B,5
1768388338.0217602,1635,51.125,0.4584089517593384,Grad/qkv.lora_B,outputs_dev/vitb16/T=vtab_Q=3bit_L=lora_2_qkv-fc1-proj-fc2/cifar/20260114184203_default_acc=53.50/tensorboard/Grad_qkv.lora_B_block_5/events.out.tfevents.1768387346.master-192-168-8-48.1680.3,qkv.lora_B,5
1768388338.409101,1636,51.15625,0.2407120019197464,Grad/qkv.lora_B,outputs_dev/vitb16/T=vtab_Q=3bit_L=lora_2_qkv-fc1-proj-fc2/cifar/20260114184203_default_acc=53.50/tensorboard/Grad_qkv.lora_B_block_5/events.out.tfevents.1768387346.master-192-168-8-48.1680.3,qkv.lora_B,5
1768388338.811692,1637,51.1875,0.21600767970085144,Grad/qkv.lora_B,outputs_dev/vitb16/T=vtab_Q=3bit_L=lora_2_qkv-fc1-proj-fc2/cifar/20260114184203_default_acc=53.50/tensorboard/Grad_qkv.lora_B_block_5/events.out.tfevents.1768387346.master-192-168-8-48.1680.3,qkv.lora_B,5
1768388339.2017634,1638,51.21875,0.2562832236289978,Grad/qkv.lora_B,outputs_dev/vitb16/T=vtab_Q=3bit_L=lora_2_qkv-fc1-proj-fc2/cifar/20260114184203_default_acc=53.50/tensorboard/Grad_qkv.lora_B_block_5/events.out.tfevents.1768387346.master-192-168-8-48.1680.3,qkv.lora_B,5
1768388339.5943246,1639,51.25,0.14256735146045685,Grad/qkv.lora_B,outputs_dev/vitb16/T=vtab_Q=3bit_L=lora_2_qkv-fc1-proj-fc2/cifar/20260114184203_default_acc=53.50/tensorboard/Grad_qkv.lora_B_block_5/events.out.tfevents.1768387346.master-192-168-8-48.1680.3,qkv.lora_B,5
1768388339.984514,1640,51.28125,0.3964318335056305,Grad/qkv.lora_B,outputs_dev/vitb16/T=vtab_Q=3bit_L=lora_2_qkv-fc1-proj-fc2/cifar/20260114184203_default_acc=53.50/tensorboard/Grad_qkv.lora_B_block_5/events.out.tfevents.1768387346.master-192-168-8-48.1680.3,qkv.lora_B,5
1768388340.3790877,1641,51.3125,0.18859821557998657,Grad/qkv.lora_B,outputs_dev/vitb16/T=vtab_Q=3bit_L=lora_2_qkv-fc1-proj-fc2/cifar/20260114184203_default_acc=53.50/tensorboard/Grad_qkv.lora_B_block_5/events.out.tfevents.1768387346.master-192-168-8-48.1680.3,qkv.lora_B,5
1768388340.770861,1642,51.34375,0.22306957840919495,Grad/qkv.lora_B,outputs_dev/vitb16/T=vtab_Q=3bit_L=lora_2_qkv-fc1-proj-fc2/cifar/20260114184203_default_acc=53.50/tensorboard/Grad_qkv.lora_B_block_5/events.out.tfevents.1768387346.master-192-168-8-48.1680.3,qkv.lora_B,5
1768388341.1613657,1643,51.375,0.09771328419446945,Grad/qkv.lora_B,outputs_dev/vitb16/T=vtab_Q=3bit_L=lora_2_qkv-fc1-proj-fc2/cifar/20260114184203_default_acc=53.50/tensorboard/Grad_qkv.lora_B_block_5/events.out.tfevents.1768387346.master-192-168-8-48.1680.3,qkv.lora_B,5
1768388341.550764,1644,51.40625,0.45681115984916687,Grad/qkv.lora_B,outputs_dev/vitb16/T=vtab_Q=3bit_L=lora_2_qkv-fc1-proj-fc2/cifar/20260114184203_default_acc=53.50/tensorboard/Grad_qkv.lora_B_block_5/events.out.tfevents.1768387346.master-192-168-8-48.1680.3,qkv.lora_B,5
1768388341.9434202,1645,51.4375,0.09996112436056137,Grad/qkv.lora_B,outputs_dev/vitb16/T=vtab_Q=3bit_L=lora_2_qkv-fc1-proj-fc2/cifar/20260114184203_default_acc=53.50/tensorboard/Grad_qkv.lora_B_block_5/events.out.tfevents.1768387346.master-192-168-8-48.1680.3,qkv.lora_B,5
1768388342.3578873,1646,51.46875,0.10013853758573532,Grad/qkv.lora_B,outputs_dev/vitb16/T=vtab_Q=3bit_L=lora_2_qkv-fc1-proj-fc2/cifar/20260114184203_default_acc=53.50/tensorboard/Grad_qkv.lora_B_block_5/events.out.tfevents.1768387346.master-192-168-8-48.1680.3,qkv.lora_B,5
1768388342.7537718,1647,51.5,0.16506034135818481,Grad/qkv.lora_B,outputs_dev/vitb16/T=vtab_Q=3bit_L=lora_2_qkv-fc1-proj-fc2/cifar/20260114184203_default_acc=53.50/tensorboard/Grad_qkv.lora_B_block_5/events.out.tfevents.1768387346.master-192-168-8-48.1680.3,qkv.lora_B,5
1768388343.15052,1648,51.53125,0.1953907608985901,Grad/qkv.lora_B,outputs_dev/vitb16/T=vtab_Q=3bit_L=lora_2_qkv-fc1-proj-fc2/cifar/20260114184203_default_acc=53.50/tensorboard/Grad_qkv.lora_B_block_5/events.out.tfevents.1768387346.master-192-168-8-48.1680.3,qkv.lora_B,5
1768388343.5453897,1649,51.5625,0.345562607049942,Grad/qkv.lora_B,outputs_dev/vitb16/T=vtab_Q=3bit_L=lora_2_qkv-fc1-proj-fc2/cifar/20260114184203_default_acc=53.50/tensorboard/Grad_qkv.lora_B_block_5/events.out.tfevents.1768387346.master-192-168-8-48.1680.3,qkv.lora_B,5
1768388343.9397807,1650,51.59375,0.0645398274064064,Grad/qkv.lora_B,outputs_dev/vitb16/T=vtab_Q=3bit_L=lora_2_qkv-fc1-proj-fc2/cifar/20260114184203_default_acc=53.50/tensorboard/Grad_qkv.lora_B_block_5/events.out.tfevents.1768387346.master-192-168-8-48.1680.3,qkv.lora_B,5
1768388344.3384995,1651,51.625,0.05243149772286415,Grad/qkv.lora_B,outputs_dev/vitb16/T=vtab_Q=3bit_L=lora_2_qkv-fc1-proj-fc2/cifar/20260114184203_default_acc=53.50/tensorboard/Grad_qkv.lora_B_block_5/events.out.tfevents.1768387346.master-192-168-8-48.1680.3,qkv.lora_B,5
1768388344.7351594,1652,51.65625,0.19629718363285065,Grad/qkv.lora_B,outputs_dev/vitb16/T=vtab_Q=3bit_L=lora_2_qkv-fc1-proj-fc2/cifar/20260114184203_default_acc=53.50/tensorboard/Grad_qkv.lora_B_block_5/events.out.tfevents.1768387346.master-192-168-8-48.1680.3,qkv.lora_B,5
1768388345.1331034,1653,51.6875,1.676948070526123,Grad/qkv.lora_B,outputs_dev/vitb16/T=vtab_Q=3bit_L=lora_2_qkv-fc1-proj-fc2/cifar/20260114184203_default_acc=53.50/tensorboard/Grad_qkv.lora_B_block_5/events.out.tfevents.1768387346.master-192-168-8-48.1680.3,qkv.lora_B,5
1768388345.5277843,1654,51.71875,0.47222480177879333,Grad/qkv.lora_B,outputs_dev/vitb16/T=vtab_Q=3bit_L=lora_2_qkv-fc1-proj-fc2/cifar/20260114184203_default_acc=53.50/tensorboard/Grad_qkv.lora_B_block_5/events.out.tfevents.1768387346.master-192-168-8-48.1680.3,qkv.lora_B,5
1768388345.936294,1655,51.75,0.08988046646118164,Grad/qkv.lora_B,outputs_dev/vitb16/T=vtab_Q=3bit_L=lora_2_qkv-fc1-proj-fc2/cifar/20260114184203_default_acc=53.50/tensorboard/Grad_qkv.lora_B_block_5/events.out.tfevents.1768387346.master-192-168-8-48.1680.3,qkv.lora_B,5
1768388346.3378756,1656,51.78125,0.16692914068698883,Grad/qkv.lora_B,outputs_dev/vitb16/T=vtab_Q=3bit_L=lora_2_qkv-fc1-proj-fc2/cifar/20260114184203_default_acc=53.50/tensorboard/Grad_qkv.lora_B_block_5/events.out.tfevents.1768387346.master-192-168-8-48.1680.3,qkv.lora_B,5
1768388346.7469807,1657,51.8125,0.28503289818763733,Grad/qkv.lora_B,outputs_dev/vitb16/T=vtab_Q=3bit_L=lora_2_qkv-fc1-proj-fc2/cifar/20260114184203_default_acc=53.50/tensorboard/Grad_qkv.lora_B_block_5/events.out.tfevents.1768387346.master-192-168-8-48.1680.3,qkv.lora_B,5
1768388347.1425421,1658,51.84375,0.10157869756221771,Grad/qkv.lora_B,outputs_dev/vitb16/T=vtab_Q=3bit_L=lora_2_qkv-fc1-proj-fc2/cifar/20260114184203_default_acc=53.50/tensorboard/Grad_qkv.lora_B_block_5/events.out.tfevents.1768387346.master-192-168-8-48.1680.3,qkv.lora_B,5
1768388347.545861,1659,51.875,0.16552339494228363,Grad/qkv.lora_B,outputs_dev/vitb16/T=vtab_Q=3bit_L=lora_2_qkv-fc1-proj-fc2/cifar/20260114184203_default_acc=53.50/tensorboard/Grad_qkv.lora_B_block_5/events.out.tfevents.1768387346.master-192-168-8-48.1680.3,qkv.lora_B,5
1768388347.935094,1660,51.90625,0.16047073900699615,Grad/qkv.lora_B,outputs_dev/vitb16/T=vtab_Q=3bit_L=lora_2_qkv-fc1-proj-fc2/cifar/20260114184203_default_acc=53.50/tensorboard/Grad_qkv.lora_B_block_5/events.out.tfevents.1768387346.master-192-168-8-48.1680.3,qkv.lora_B,5
1768388348.3330631,1661,51.9375,0.1893545687198639,Grad/qkv.lora_B,outputs_dev/vitb16/T=vtab_Q=3bit_L=lora_2_qkv-fc1-proj-fc2/cifar/20260114184203_default_acc=53.50/tensorboard/Grad_qkv.lora_B_block_5/events.out.tfevents.1768387346.master-192-168-8-48.1680.3,qkv.lora_B,5
1768388348.7310216,1662,51.96875,0.21194757521152496,Grad/qkv.lora_B,outputs_dev/vitb16/T=vtab_Q=3bit_L=lora_2_qkv-fc1-proj-fc2/cifar/20260114184203_default_acc=53.50/tensorboard/Grad_qkv.lora_B_block_5/events.out.tfevents.1768387346.master-192-168-8-48.1680.3,qkv.lora_B,5
1768388348.9112878,1663,52.0,0.3230305314064026,Grad/qkv.lora_B,outputs_dev/vitb16/T=vtab_Q=3bit_L=lora_2_qkv-fc1-proj-fc2/cifar/20260114184203_default_acc=53.50/tensorboard/Grad_qkv.lora_B_block_5/events.out.tfevents.1768387346.master-192-168-8-48.1680.3,qkv.lora_B,5
1768388349.5998256,1664,52.03125,0.2081625610589981,Grad/qkv.lora_B,outputs_dev/vitb16/T=vtab_Q=3bit_L=lora_2_qkv-fc1-proj-fc2/cifar/20260114184203_default_acc=53.50/tensorboard/Grad_qkv.lora_B_block_5/events.out.tfevents.1768387346.master-192-168-8-48.1680.3,qkv.lora_B,5
1768388349.9933388,1665,52.0625,0.48537471890449524,Grad/qkv.lora_B,outputs_dev/vitb16/T=vtab_Q=3bit_L=lora_2_qkv-fc1-proj-fc2/cifar/20260114184203_default_acc=53.50/tensorboard/Grad_qkv.lora_B_block_5/events.out.tfevents.1768387346.master-192-168-8-48.1680.3,qkv.lora_B,5
1768388350.3845344,1666,52.09375,0.14262641966342926,Grad/qkv.lora_B,outputs_dev/vitb16/T=vtab_Q=3bit_L=lora_2_qkv-fc1-proj-fc2/cifar/20260114184203_default_acc=53.50/tensorboard/Grad_qkv.lora_B_block_5/events.out.tfevents.1768387346.master-192-168-8-48.1680.3,qkv.lora_B,5
1768388350.7780797,1667,52.125,0.43662065267562866,Grad/qkv.lora_B,outputs_dev/vitb16/T=vtab_Q=3bit_L=lora_2_qkv-fc1-proj-fc2/cifar/20260114184203_default_acc=53.50/tensorboard/Grad_qkv.lora_B_block_5/events.out.tfevents.1768387346.master-192-168-8-48.1680.3,qkv.lora_B,5
1768388351.170805,1668,52.15625,0.105168417096138,Grad/qkv.lora_B,outputs_dev/vitb16/T=vtab_Q=3bit_L=lora_2_qkv-fc1-proj-fc2/cifar/20260114184203_default_acc=53.50/tensorboard/Grad_qkv.lora_B_block_5/events.out.tfevents.1768387346.master-192-168-8-48.1680.3,qkv.lora_B,5
1768388351.5739121,1669,52.1875,0.10745750367641449,Grad/qkv.lora_B,outputs_dev/vitb16/T=vtab_Q=3bit_L=lora_2_qkv-fc1-proj-fc2/cifar/20260114184203_default_acc=53.50/tensorboard/Grad_qkv.lora_B_block_5/events.out.tfevents.1768387346.master-192-168-8-48.1680.3,qkv.lora_B,5
1768388351.9648068,1670,52.21875,0.08428654074668884,Grad/qkv.lora_B,outputs_dev/vitb16/T=vtab_Q=3bit_L=lora_2_qkv-fc1-proj-fc2/cifar/20260114184203_default_acc=53.50/tensorboard/Grad_qkv.lora_B_block_5/events.out.tfevents.1768387346.master-192-168-8-48.1680.3,qkv.lora_B,5
1768388352.3543434,1671,52.25,0.07684645056724548,Grad/qkv.lora_B,outputs_dev/vitb16/T=vtab_Q=3bit_L=lora_2_qkv-fc1-proj-fc2/cifar/20260114184203_default_acc=53.50/tensorboard/Grad_qkv.lora_B_block_5/events.out.tfevents.1768387346.master-192-168-8-48.1680.3,qkv.lora_B,5
1768388352.745672,1672,52.28125,0.3775513768196106,Grad/qkv.lora_B,outputs_dev/vitb16/T=vtab_Q=3bit_L=lora_2_qkv-fc1-proj-fc2/cifar/20260114184203_default_acc=53.50/tensorboard/Grad_qkv.lora_B_block_5/events.out.tfevents.1768387346.master-192-168-8-48.1680.3,qkv.lora_B,5
1768388353.1352553,1673,52.3125,0.14846834540367126,Grad/qkv.lora_B,outputs_dev/vitb16/T=vtab_Q=3bit_L=lora_2_qkv-fc1-proj-fc2/cifar/20260114184203_default_acc=53.50/tensorboard/Grad_qkv.lora_B_block_5/events.out.tfevents.1768387346.master-192-168-8-48.1680.3,qkv.lora_B,5
1768388353.5572095,1674,52.34375,0.14001820981502533,Grad/qkv.lora_B,outputs_dev/vitb16/T=vtab_Q=3bit_L=lora_2_qkv-fc1-proj-fc2/cifar/20260114184203_default_acc=53.50/tensorboard/Grad_qkv.lora_B_block_5/events.out.tfevents.1768387346.master-192-168-8-48.1680.3,qkv.lora_B,5
1768388353.9548626,1675,52.375,0.823714017868042,Grad/qkv.lora_B,outputs_dev/vitb16/T=vtab_Q=3bit_L=lora_2_qkv-fc1-proj-fc2/cifar/20260114184203_default_acc=53.50/tensorboard/Grad_qkv.lora_B_block_5/events.out.tfevents.1768387346.master-192-168-8-48.1680.3,qkv.lora_B,5
1768388354.3538723,1676,52.40625,0.10179780423641205,Grad/qkv.lora_B,outputs_dev/vitb16/T=vtab_Q=3bit_L=lora_2_qkv-fc1-proj-fc2/cifar/20260114184203_default_acc=53.50/tensorboard/Grad_qkv.lora_B_block_5/events.out.tfevents.1768387346.master-192-168-8-48.1680.3,qkv.lora_B,5
1768388354.7474685,1677,52.4375,0.0679694265127182,Grad/qkv.lora_B,outputs_dev/vitb16/T=vtab_Q=3bit_L=lora_2_qkv-fc1-proj-fc2/cifar/20260114184203_default_acc=53.50/tensorboard/Grad_qkv.lora_B_block_5/events.out.tfevents.1768387346.master-192-168-8-48.1680.3,qkv.lora_B,5
1768388355.1526227,1678,52.46875,0.48678985238075256,Grad/qkv.lora_B,outputs_dev/vitb16/T=vtab_Q=3bit_L=lora_2_qkv-fc1-proj-fc2/cifar/20260114184203_default_acc=53.50/tensorboard/Grad_qkv.lora_B_block_5/events.out.tfevents.1768387346.master-192-168-8-48.1680.3,qkv.lora_B,5
1768388355.555109,1679,52.5,0.11662235856056213,Grad/qkv.lora_B,outputs_dev/vitb16/T=vtab_Q=3bit_L=lora_2_qkv-fc1-proj-fc2/cifar/20260114184203_default_acc=53.50/tensorboard/Grad_qkv.lora_B_block_5/events.out.tfevents.1768387346.master-192-168-8-48.1680.3,qkv.lora_B,5
1768388355.9472382,1680,52.53125,0.23953549563884735,Grad/qkv.lora_B,outputs_dev/vitb16/T=vtab_Q=3bit_L=lora_2_qkv-fc1-proj-fc2/cifar/20260114184203_default_acc=53.50/tensorboard/Grad_qkv.lora_B_block_5/events.out.tfevents.1768387346.master-192-168-8-48.1680.3,qkv.lora_B,5
1768388356.3367717,1681,52.5625,0.21627657115459442,Grad/qkv.lora_B,outputs_dev/vitb16/T=vtab_Q=3bit_L=lora_2_qkv-fc1-proj-fc2/cifar/20260114184203_default_acc=53.50/tensorboard/Grad_qkv.lora_B_block_5/events.out.tfevents.1768387346.master-192-168-8-48.1680.3,qkv.lora_B,5
1768388356.726618,1682,52.59375,0.3387758433818817,Grad/qkv.lora_B,outputs_dev/vitb16/T=vtab_Q=3bit_L=lora_2_qkv-fc1-proj-fc2/cifar/20260114184203_default_acc=53.50/tensorboard/Grad_qkv.lora_B_block_5/events.out.tfevents.1768387346.master-192-168-8-48.1680.3,qkv.lora_B,5
1768388357.1162,1683,52.625,0.31875374913215637,Grad/qkv.lora_B,outputs_dev/vitb16/T=vtab_Q=3bit_L=lora_2_qkv-fc1-proj-fc2/cifar/20260114184203_default_acc=53.50/tensorboard/Grad_qkv.lora_B_block_5/events.out.tfevents.1768387346.master-192-168-8-48.1680.3,qkv.lora_B,5
1768388357.508401,1684,52.65625,0.13114239275455475,Grad/qkv.lora_B,outputs_dev/vitb16/T=vtab_Q=3bit_L=lora_2_qkv-fc1-proj-fc2/cifar/20260114184203_default_acc=53.50/tensorboard/Grad_qkv.lora_B_block_5/events.out.tfevents.1768387346.master-192-168-8-48.1680.3,qkv.lora_B,5
1768388357.899616,1685,52.6875,0.33375561237335205,Grad/qkv.lora_B,outputs_dev/vitb16/T=vtab_Q=3bit_L=lora_2_qkv-fc1-proj-fc2/cifar/20260114184203_default_acc=53.50/tensorboard/Grad_qkv.lora_B_block_5/events.out.tfevents.1768387346.master-192-168-8-48.1680.3,qkv.lora_B,5
1768388358.2916453,1686,52.71875,0.619215190410614,Grad/qkv.lora_B,outputs_dev/vitb16/T=vtab_Q=3bit_L=lora_2_qkv-fc1-proj-fc2/cifar/20260114184203_default_acc=53.50/tensorboard/Grad_qkv.lora_B_block_5/events.out.tfevents.1768387346.master-192-168-8-48.1680.3,qkv.lora_B,5
1768388358.6964462,1687,52.75,0.2675846815109253,Grad/qkv.lora_B,outputs_dev/vitb16/T=vtab_Q=3bit_L=lora_2_qkv-fc1-proj-fc2/cifar/20260114184203_default_acc=53.50/tensorboard/Grad_qkv.lora_B_block_5/events.out.tfevents.1768387346.master-192-168-8-48.1680.3,qkv.lora_B,5
1768388359.0875413,1688,52.78125,0.17933306097984314,Grad/qkv.lora_B,outputs_dev/vitb16/T=vtab_Q=3bit_L=lora_2_qkv-fc1-proj-fc2/cifar/20260114184203_default_acc=53.50/tensorboard/Grad_qkv.lora_B_block_5/events.out.tfevents.1768387346.master-192-168-8-48.1680.3,qkv.lora_B,5
1768388359.4782743,1689,52.8125,0.13347117602825165,Grad/qkv.lora_B,outputs_dev/vitb16/T=vtab_Q=3bit_L=lora_2_qkv-fc1-proj-fc2/cifar/20260114184203_default_acc=53.50/tensorboard/Grad_qkv.lora_B_block_5/events.out.tfevents.1768387346.master-192-168-8-48.1680.3,qkv.lora_B,5
1768388359.8715065,1690,52.84375,0.26236462593078613,Grad/qkv.lora_B,outputs_dev/vitb16/T=vtab_Q=3bit_L=lora_2_qkv-fc1-proj-fc2/cifar/20260114184203_default_acc=53.50/tensorboard/Grad_qkv.lora_B_block_5/events.out.tfevents.1768387346.master-192-168-8-48.1680.3,qkv.lora_B,5
1768388360.2623959,1691,52.875,0.44645050168037415,Grad/qkv.lora_B,outputs_dev/vitb16/T=vtab_Q=3bit_L=lora_2_qkv-fc1-proj-fc2/cifar/20260114184203_default_acc=53.50/tensorboard/Grad_qkv.lora_B_block_5/events.out.tfevents.1768387346.master-192-168-8-48.1680.3,qkv.lora_B,5
1768388360.6709285,1692,52.90625,0.08522316813468933,Grad/qkv.lora_B,outputs_dev/vitb16/T=vtab_Q=3bit_L=lora_2_qkv-fc1-proj-fc2/cifar/20260114184203_default_acc=53.50/tensorboard/Grad_qkv.lora_B_block_5/events.out.tfevents.1768387346.master-192-168-8-48.1680.3,qkv.lora_B,5
1768388361.0642767,1693,52.9375,0.17592363059520721,Grad/qkv.lora_B,outputs_dev/vitb16/T=vtab_Q=3bit_L=lora_2_qkv-fc1-proj-fc2/cifar/20260114184203_default_acc=53.50/tensorboard/Grad_qkv.lora_B_block_5/events.out.tfevents.1768387346.master-192-168-8-48.1680.3,qkv.lora_B,5
1768388361.4606652,1694,52.96875,0.19458241760730743,Grad/qkv.lora_B,outputs_dev/vitb16/T=vtab_Q=3bit_L=lora_2_qkv-fc1-proj-fc2/cifar/20260114184203_default_acc=53.50/tensorboard/Grad_qkv.lora_B_block_5/events.out.tfevents.1768387346.master-192-168-8-48.1680.3,qkv.lora_B,5
1768388361.6682796,1695,53.0,0.08117679506540298,Grad/qkv.lora_B,outputs_dev/vitb16/T=vtab_Q=3bit_L=lora_2_qkv-fc1-proj-fc2/cifar/20260114184203_default_acc=53.50/tensorboard/Grad_qkv.lora_B_block_5/events.out.tfevents.1768387346.master-192-168-8-48.1680.3,qkv.lora_B,5
1768388362.3760245,1696,53.03125,0.05024565011262894,Grad/qkv.lora_B,outputs_dev/vitb16/T=vtab_Q=3bit_L=lora_2_qkv-fc1-proj-fc2/cifar/20260114184203_default_acc=53.50/tensorboard/Grad_qkv.lora_B_block_5/events.out.tfevents.1768387346.master-192-168-8-48.1680.3,qkv.lora_B,5
1768388362.7882876,1697,53.0625,0.09568805247545242,Grad/qkv.lora_B,outputs_dev/vitb16/T=vtab_Q=3bit_L=lora_2_qkv-fc1-proj-fc2/cifar/20260114184203_default_acc=53.50/tensorboard/Grad_qkv.lora_B_block_5/events.out.tfevents.1768387346.master-192-168-8-48.1680.3,qkv.lora_B,5
1768388363.1836383,1698,53.09375,0.10201616585254669,Grad/qkv.lora_B,outputs_dev/vitb16/T=vtab_Q=3bit_L=lora_2_qkv-fc1-proj-fc2/cifar/20260114184203_default_acc=53.50/tensorboard/Grad_qkv.lora_B_block_5/events.out.tfevents.1768387346.master-192-168-8-48.1680.3,qkv.lora_B,5
1768388363.5912318,1699,53.125,0.10745057463645935,Grad/qkv.lora_B,outputs_dev/vitb16/T=vtab_Q=3bit_L=lora_2_qkv-fc1-proj-fc2/cifar/20260114184203_default_acc=53.50/tensorboard/Grad_qkv.lora_B_block_5/events.out.tfevents.1768387346.master-192-168-8-48.1680.3,qkv.lora_B,5
1768388363.9988918,1700,53.15625,0.29885992407798767,Grad/qkv.lora_B,outputs_dev/vitb16/T=vtab_Q=3bit_L=lora_2_qkv-fc1-proj-fc2/cifar/20260114184203_default_acc=53.50/tensorboard/Grad_qkv.lora_B_block_5/events.out.tfevents.1768387346.master-192-168-8-48.1680.3,qkv.lora_B,5
1768388364.4094708,1701,53.1875,0.28248682618141174,Grad/qkv.lora_B,outputs_dev/vitb16/T=vtab_Q=3bit_L=lora_2_qkv-fc1-proj-fc2/cifar/20260114184203_default_acc=53.50/tensorboard/Grad_qkv.lora_B_block_5/events.out.tfevents.1768387346.master-192-168-8-48.1680.3,qkv.lora_B,5
1768388364.8022795,1702,53.21875,0.11210634559392929,Grad/qkv.lora_B,outputs_dev/vitb16/T=vtab_Q=3bit_L=lora_2_qkv-fc1-proj-fc2/cifar/20260114184203_default_acc=53.50/tensorboard/Grad_qkv.lora_B_block_5/events.out.tfevents.1768387346.master-192-168-8-48.1680.3,qkv.lora_B,5
1768388365.2154589,1703,53.25,0.3669297993183136,Grad/qkv.lora_B,outputs_dev/vitb16/T=vtab_Q=3bit_L=lora_2_qkv-fc1-proj-fc2/cifar/20260114184203_default_acc=53.50/tensorboard/Grad_qkv.lora_B_block_5/events.out.tfevents.1768387346.master-192-168-8-48.1680.3,qkv.lora_B,5
1768388365.6056743,1704,53.28125,0.2914801239967346,Grad/qkv.lora_B,outputs_dev/vitb16/T=vtab_Q=3bit_L=lora_2_qkv-fc1-proj-fc2/cifar/20260114184203_default_acc=53.50/tensorboard/Grad_qkv.lora_B_block_5/events.out.tfevents.1768387346.master-192-168-8-48.1680.3,qkv.lora_B,5
1768388366.0014358,1705,53.3125,0.2456180304288864,Grad/qkv.lora_B,outputs_dev/vitb16/T=vtab_Q=3bit_L=lora_2_qkv-fc1-proj-fc2/cifar/20260114184203_default_acc=53.50/tensorboard/Grad_qkv.lora_B_block_5/events.out.tfevents.1768387346.master-192-168-8-48.1680.3,qkv.lora_B,5
1768388366.406646,1706,53.34375,0.41779693961143494,Grad/qkv.lora_B,outputs_dev/vitb16/T=vtab_Q=3bit_L=lora_2_qkv-fc1-proj-fc2/cifar/20260114184203_default_acc=53.50/tensorboard/Grad_qkv.lora_B_block_5/events.out.tfevents.1768387346.master-192-168-8-48.1680.3,qkv.lora_B,5
1768388366.8002522,1707,53.375,0.19720421731472015,Grad/qkv.lora_B,outputs_dev/vitb16/T=vtab_Q=3bit_L=lora_2_qkv-fc1-proj-fc2/cifar/20260114184203_default_acc=53.50/tensorboard/Grad_qkv.lora_B_block_5/events.out.tfevents.1768387346.master-192-168-8-48.1680.3,qkv.lora_B,5
1768388367.1935124,1708,53.40625,0.1499214470386505,Grad/qkv.lora_B,outputs_dev/vitb16/T=vtab_Q=3bit_L=lora_2_qkv-fc1-proj-fc2/cifar/20260114184203_default_acc=53.50/tensorboard/Grad_qkv.lora_B_block_5/events.out.tfevents.1768387346.master-192-168-8-48.1680.3,qkv.lora_B,5
1768388367.5847082,1709,53.4375,0.15896625816822052,Grad/qkv.lora_B,outputs_dev/vitb16/T=vtab_Q=3bit_L=lora_2_qkv-fc1-proj-fc2/cifar/20260114184203_default_acc=53.50/tensorboard/Grad_qkv.lora_B_block_5/events.out.tfevents.1768387346.master-192-168-8-48.1680.3,qkv.lora_B,5
1768388367.977653,1710,53.46875,0.08462883532047272,Grad/qkv.lora_B,outputs_dev/vitb16/T=vtab_Q=3bit_L=lora_2_qkv-fc1-proj-fc2/cifar/20260114184203_default_acc=53.50/tensorboard/Grad_qkv.lora_B_block_5/events.out.tfevents.1768387346.master-192-168-8-48.1680.3,qkv.lora_B,5
1768388368.37097,1711,53.5,0.10611675679683685,Grad/qkv.lora_B,outputs_dev/vitb16/T=vtab_Q=3bit_L=lora_2_qkv-fc1-proj-fc2/cifar/20260114184203_default_acc=53.50/tensorboard/Grad_qkv.lora_B_block_5/events.out.tfevents.1768387346.master-192-168-8-48.1680.3,qkv.lora_B,5
1768388368.7613132,1712,53.53125,0.24294035136699677,Grad/qkv.lora_B,outputs_dev/vitb16/T=vtab_Q=3bit_L=lora_2_qkv-fc1-proj-fc2/cifar/20260114184203_default_acc=53.50/tensorboard/Grad_qkv.lora_B_block_5/events.out.tfevents.1768387346.master-192-168-8-48.1680.3,qkv.lora_B,5
1768388369.1526623,1713,53.5625,0.2035694718360901,Grad/qkv.lora_B,outputs_dev/vitb16/T=vtab_Q=3bit_L=lora_2_qkv-fc1-proj-fc2/cifar/20260114184203_default_acc=53.50/tensorboard/Grad_qkv.lora_B_block_5/events.out.tfevents.1768387346.master-192-168-8-48.1680.3,qkv.lora_B,5
1768388369.5428646,1714,53.59375,0.1445564329624176,Grad/qkv.lora_B,outputs_dev/vitb16/T=vtab_Q=3bit_L=lora_2_qkv-fc1-proj-fc2/cifar/20260114184203_default_acc=53.50/tensorboard/Grad_qkv.lora_B_block_5/events.out.tfevents.1768387346.master-192-168-8-48.1680.3,qkv.lora_B,5
1768388369.932722,1715,53.625,0.13179372251033783,Grad/qkv.lora_B,outputs_dev/vitb16/T=vtab_Q=3bit_L=lora_2_qkv-fc1-proj-fc2/cifar/20260114184203_default_acc=53.50/tensorboard/Grad_qkv.lora_B_block_5/events.out.tfevents.1768387346.master-192-168-8-48.1680.3,qkv.lora_B,5
1768388370.3221745,1716,53.65625,0.28001680970191956,Grad/qkv.lora_B,outputs_dev/vitb16/T=vtab_Q=3bit_L=lora_2_qkv-fc1-proj-fc2/cifar/20260114184203_default_acc=53.50/tensorboard/Grad_qkv.lora_B_block_5/events.out.tfevents.1768387346.master-192-168-8-48.1680.3,qkv.lora_B,5
1768388370.712781,1717,53.6875,0.4359026849269867,Grad/qkv.lora_B,outputs_dev/vitb16/T=vtab_Q=3bit_L=lora_2_qkv-fc1-proj-fc2/cifar/20260114184203_default_acc=53.50/tensorboard/Grad_qkv.lora_B_block_5/events.out.tfevents.1768387346.master-192-168-8-48.1680.3,qkv.lora_B,5
1768388371.103658,1718,53.71875,0.18910521268844604,Grad/qkv.lora_B,outputs_dev/vitb16/T=vtab_Q=3bit_L=lora_2_qkv-fc1-proj-fc2/cifar/20260114184203_default_acc=53.50/tensorboard/Grad_qkv.lora_B_block_5/events.out.tfevents.1768387346.master-192-168-8-48.1680.3,qkv.lora_B,5
1768388371.4823177,1719,53.75,0.18180102109909058,Grad/qkv.lora_B,outputs_dev/vitb16/T=vtab_Q=3bit_L=lora_2_qkv-fc1-proj-fc2/cifar/20260114184203_default_acc=53.50/tensorboard/Grad_qkv.lora_B_block_5/events.out.tfevents.1768387346.master-192-168-8-48.1680.3,qkv.lora_B,5
1768388371.861249,1720,53.78125,0.1766822338104248,Grad/qkv.lora_B,outputs_dev/vitb16/T=vtab_Q=3bit_L=lora_2_qkv-fc1-proj-fc2/cifar/20260114184203_default_acc=53.50/tensorboard/Grad_qkv.lora_B_block_5/events.out.tfevents.1768387346.master-192-168-8-48.1680.3,qkv.lora_B,5
1768388372.2823937,1721,53.8125,0.5069534778594971,Grad/qkv.lora_B,outputs_dev/vitb16/T=vtab_Q=3bit_L=lora_2_qkv-fc1-proj-fc2/cifar/20260114184203_default_acc=53.50/tensorboard/Grad_qkv.lora_B_block_5/events.out.tfevents.1768387346.master-192-168-8-48.1680.3,qkv.lora_B,5
1768388372.6809149,1722,53.84375,0.13099493086338043,Grad/qkv.lora_B,outputs_dev/vitb16/T=vtab_Q=3bit_L=lora_2_qkv-fc1-proj-fc2/cifar/20260114184203_default_acc=53.50/tensorboard/Grad_qkv.lora_B_block_5/events.out.tfevents.1768387346.master-192-168-8-48.1680.3,qkv.lora_B,5
1768388373.0830414,1723,53.875,0.16311444342136383,Grad/qkv.lora_B,outputs_dev/vitb16/T=vtab_Q=3bit_L=lora_2_qkv-fc1-proj-fc2/cifar/20260114184203_default_acc=53.50/tensorboard/Grad_qkv.lora_B_block_5/events.out.tfevents.1768387346.master-192-168-8-48.1680.3,qkv.lora_B,5
1768388373.4836197,1724,53.90625,0.22341910004615784,Grad/qkv.lora_B,outputs_dev/vitb16/T=vtab_Q=3bit_L=lora_2_qkv-fc1-proj-fc2/cifar/20260114184203_default_acc=53.50/tensorboard/Grad_qkv.lora_B_block_5/events.out.tfevents.1768387346.master-192-168-8-48.1680.3,qkv.lora_B,5
1768388373.8840835,1725,53.9375,0.2376704216003418,Grad/qkv.lora_B,outputs_dev/vitb16/T=vtab_Q=3bit_L=lora_2_qkv-fc1-proj-fc2/cifar/20260114184203_default_acc=53.50/tensorboard/Grad_qkv.lora_B_block_5/events.out.tfevents.1768387346.master-192-168-8-48.1680.3,qkv.lora_B,5
1768388374.2825143,1726,53.96875,0.19099046289920807,Grad/qkv.lora_B,outputs_dev/vitb16/T=vtab_Q=3bit_L=lora_2_qkv-fc1-proj-fc2/cifar/20260114184203_default_acc=53.50/tensorboard/Grad_qkv.lora_B_block_5/events.out.tfevents.1768387346.master-192-168-8-48.1680.3,qkv.lora_B,5
1768388374.468851,1727,54.0,0.5903966426849365,Grad/qkv.lora_B,outputs_dev/vitb16/T=vtab_Q=3bit_L=lora_2_qkv-fc1-proj-fc2/cifar/20260114184203_default_acc=53.50/tensorboard/Grad_qkv.lora_B_block_5/events.out.tfevents.1768387346.master-192-168-8-48.1680.3,qkv.lora_B,5
1768388375.1448355,1728,54.03125,0.25298938155174255,Grad/qkv.lora_B,outputs_dev/vitb16/T=vtab_Q=3bit_L=lora_2_qkv-fc1-proj-fc2/cifar/20260114184203_default_acc=53.50/tensorboard/Grad_qkv.lora_B_block_5/events.out.tfevents.1768387346.master-192-168-8-48.1680.3,qkv.lora_B,5
1768388375.5425837,1729,54.0625,0.13393251597881317,Grad/qkv.lora_B,outputs_dev/vitb16/T=vtab_Q=3bit_L=lora_2_qkv-fc1-proj-fc2/cifar/20260114184203_default_acc=53.50/tensorboard/Grad_qkv.lora_B_block_5/events.out.tfevents.1768387346.master-192-168-8-48.1680.3,qkv.lora_B,5
1768388375.9415326,1730,54.09375,0.1729351431131363,Grad/qkv.lora_B,outputs_dev/vitb16/T=vtab_Q=3bit_L=lora_2_qkv-fc1-proj-fc2/cifar/20260114184203_default_acc=53.50/tensorboard/Grad_qkv.lora_B_block_5/events.out.tfevents.1768387346.master-192-168-8-48.1680.3,qkv.lora_B,5
1768388376.3531885,1731,54.125,0.20884235203266144,Grad/qkv.lora_B,outputs_dev/vitb16/T=vtab_Q=3bit_L=lora_2_qkv-fc1-proj-fc2/cifar/20260114184203_default_acc=53.50/tensorboard/Grad_qkv.lora_B_block_5/events.out.tfevents.1768387346.master-192-168-8-48.1680.3,qkv.lora_B,5
1768388376.7474194,1732,54.15625,0.18948803842067719,Grad/qkv.lora_B,outputs_dev/vitb16/T=vtab_Q=3bit_L=lora_2_qkv-fc1-proj-fc2/cifar/20260114184203_default_acc=53.50/tensorboard/Grad_qkv.lora_B_block_5/events.out.tfevents.1768387346.master-192-168-8-48.1680.3,qkv.lora_B,5
1768388377.153365,1733,54.1875,0.09973390400409698,Grad/qkv.lora_B,outputs_dev/vitb16/T=vtab_Q=3bit_L=lora_2_qkv-fc1-proj-fc2/cifar/20260114184203_default_acc=53.50/tensorboard/Grad_qkv.lora_B_block_5/events.out.tfevents.1768387346.master-192-168-8-48.1680.3,qkv.lora_B,5
1768388377.563727,1734,54.21875,0.1108529269695282,Grad/qkv.lora_B,outputs_dev/vitb16/T=vtab_Q=3bit_L=lora_2_qkv-fc1-proj-fc2/cifar/20260114184203_default_acc=53.50/tensorboard/Grad_qkv.lora_B_block_5/events.out.tfevents.1768387346.master-192-168-8-48.1680.3,qkv.lora_B,5
1768388377.9748228,1735,54.25,0.14731283485889435,Grad/qkv.lora_B,outputs_dev/vitb16/T=vtab_Q=3bit_L=lora_2_qkv-fc1-proj-fc2/cifar/20260114184203_default_acc=53.50/tensorboard/Grad_qkv.lora_B_block_5/events.out.tfevents.1768387346.master-192-168-8-48.1680.3,qkv.lora_B,5
1768388378.3669894,1736,54.28125,0.2742643356323242,Grad/qkv.lora_B,outputs_dev/vitb16/T=vtab_Q=3bit_L=lora_2_qkv-fc1-proj-fc2/cifar/20260114184203_default_acc=53.50/tensorboard/Grad_qkv.lora_B_block_5/events.out.tfevents.1768387346.master-192-168-8-48.1680.3,qkv.lora_B,5
1768388378.7491055,1737,54.3125,0.1423487514257431,Grad/qkv.lora_B,outputs_dev/vitb16/T=vtab_Q=3bit_L=lora_2_qkv-fc1-proj-fc2/cifar/20260114184203_default_acc=53.50/tensorboard/Grad_qkv.lora_B_block_5/events.out.tfevents.1768387346.master-192-168-8-48.1680.3,qkv.lora_B,5
1768388379.1407175,1738,54.34375,0.05113429203629494,Grad/qkv.lora_B,outputs_dev/vitb16/T=vtab_Q=3bit_L=lora_2_qkv-fc1-proj-fc2/cifar/20260114184203_default_acc=53.50/tensorboard/Grad_qkv.lora_B_block_5/events.out.tfevents.1768387346.master-192-168-8-48.1680.3,qkv.lora_B,5
1768388379.5370386,1739,54.375,0.13152152299880981,Grad/qkv.lora_B,outputs_dev/vitb16/T=vtab_Q=3bit_L=lora_2_qkv-fc1-proj-fc2/cifar/20260114184203_default_acc=53.50/tensorboard/Grad_qkv.lora_B_block_5/events.out.tfevents.1768387346.master-192-168-8-48.1680.3,qkv.lora_B,5
1768388379.9280202,1740,54.40625,0.11681964248418808,Grad/qkv.lora_B,outputs_dev/vitb16/T=vtab_Q=3bit_L=lora_2_qkv-fc1-proj-fc2/cifar/20260114184203_default_acc=53.50/tensorboard/Grad_qkv.lora_B_block_5/events.out.tfevents.1768387346.master-192-168-8-48.1680.3,qkv.lora_B,5
1768388380.3220413,1741,54.4375,0.1720402091741562,Grad/qkv.lora_B,outputs_dev/vitb16/T=vtab_Q=3bit_L=lora_2_qkv-fc1-proj-fc2/cifar/20260114184203_default_acc=53.50/tensorboard/Grad_qkv.lora_B_block_5/events.out.tfevents.1768387346.master-192-168-8-48.1680.3,qkv.lora_B,5
1768388380.7146842,1742,54.46875,0.13366445899009705,Grad/qkv.lora_B,outputs_dev/vitb16/T=vtab_Q=3bit_L=lora_2_qkv-fc1-proj-fc2/cifar/20260114184203_default_acc=53.50/tensorboard/Grad_qkv.lora_B_block_5/events.out.tfevents.1768387346.master-192-168-8-48.1680.3,qkv.lora_B,5
1768388381.1064274,1743,54.5,0.2927900552749634,Grad/qkv.lora_B,outputs_dev/vitb16/T=vtab_Q=3bit_L=lora_2_qkv-fc1-proj-fc2/cifar/20260114184203_default_acc=53.50/tensorboard/Grad_qkv.lora_B_block_5/events.out.tfevents.1768387346.master-192-168-8-48.1680.3,qkv.lora_B,5
1768388381.5053942,1744,54.53125,0.2416885495185852,Grad/qkv.lora_B,outputs_dev/vitb16/T=vtab_Q=3bit_L=lora_2_qkv-fc1-proj-fc2/cifar/20260114184203_default_acc=53.50/tensorboard/Grad_qkv.lora_B_block_5/events.out.tfevents.1768387346.master-192-168-8-48.1680.3,qkv.lora_B,5
1768388381.922029,1745,54.5625,0.26388177275657654,Grad/qkv.lora_B,outputs_dev/vitb16/T=vtab_Q=3bit_L=lora_2_qkv-fc1-proj-fc2/cifar/20260114184203_default_acc=53.50/tensorboard/Grad_qkv.lora_B_block_5/events.out.tfevents.1768387346.master-192-168-8-48.1680.3,qkv.lora_B,5
1768388382.32754,1746,54.59375,0.22598300874233246,Grad/qkv.lora_B,outputs_dev/vitb16/T=vtab_Q=3bit_L=lora_2_qkv-fc1-proj-fc2/cifar/20260114184203_default_acc=53.50/tensorboard/Grad_qkv.lora_B_block_5/events.out.tfevents.1768387346.master-192-168-8-48.1680.3,qkv.lora_B,5
1768388382.7225556,1747,54.625,0.0776863619685173,Grad/qkv.lora_B,outputs_dev/vitb16/T=vtab_Q=3bit_L=lora_2_qkv-fc1-proj-fc2/cifar/20260114184203_default_acc=53.50/tensorboard/Grad_qkv.lora_B_block_5/events.out.tfevents.1768387346.master-192-168-8-48.1680.3,qkv.lora_B,5
1768388383.1278267,1748,54.65625,0.20169416069984436,Grad/qkv.lora_B,outputs_dev/vitb16/T=vtab_Q=3bit_L=lora_2_qkv-fc1-proj-fc2/cifar/20260114184203_default_acc=53.50/tensorboard/Grad_qkv.lora_B_block_5/events.out.tfevents.1768387346.master-192-168-8-48.1680.3,qkv.lora_B,5
1768388383.5238645,1749,54.6875,0.08977765589952469,Grad/qkv.lora_B,outputs_dev/vitb16/T=vtab_Q=3bit_L=lora_2_qkv-fc1-proj-fc2/cifar/20260114184203_default_acc=53.50/tensorboard/Grad_qkv.lora_B_block_5/events.out.tfevents.1768387346.master-192-168-8-48.1680.3,qkv.lora_B,5
1768388383.9132082,1750,54.71875,0.2511420249938965,Grad/qkv.lora_B,outputs_dev/vitb16/T=vtab_Q=3bit_L=lora_2_qkv-fc1-proj-fc2/cifar/20260114184203_default_acc=53.50/tensorboard/Grad_qkv.lora_B_block_5/events.out.tfevents.1768387346.master-192-168-8-48.1680.3,qkv.lora_B,5
1768388384.316342,1751,54.75,0.0503370463848114,Grad/qkv.lora_B,outputs_dev/vitb16/T=vtab_Q=3bit_L=lora_2_qkv-fc1-proj-fc2/cifar/20260114184203_default_acc=53.50/tensorboard/Grad_qkv.lora_B_block_5/events.out.tfevents.1768387346.master-192-168-8-48.1680.3,qkv.lora_B,5
1768388384.7237937,1752,54.78125,0.2103087455034256,Grad/qkv.lora_B,outputs_dev/vitb16/T=vtab_Q=3bit_L=lora_2_qkv-fc1-proj-fc2/cifar/20260114184203_default_acc=53.50/tensorboard/Grad_qkv.lora_B_block_5/events.out.tfevents.1768387346.master-192-168-8-48.1680.3,qkv.lora_B,5
1768388385.1050477,1753,54.8125,0.1269800066947937,Grad/qkv.lora_B,outputs_dev/vitb16/T=vtab_Q=3bit_L=lora_2_qkv-fc1-proj-fc2/cifar/20260114184203_default_acc=53.50/tensorboard/Grad_qkv.lora_B_block_5/events.out.tfevents.1768387346.master-192-168-8-48.1680.3,qkv.lora_B,5
1768388385.5090723,1754,54.84375,0.04859602823853493,Grad/qkv.lora_B,outputs_dev/vitb16/T=vtab_Q=3bit_L=lora_2_qkv-fc1-proj-fc2/cifar/20260114184203_default_acc=53.50/tensorboard/Grad_qkv.lora_B_block_5/events.out.tfevents.1768387346.master-192-168-8-48.1680.3,qkv.lora_B,5
1768388385.8935697,1755,54.875,0.08143843710422516,Grad/qkv.lora_B,outputs_dev/vitb16/T=vtab_Q=3bit_L=lora_2_qkv-fc1-proj-fc2/cifar/20260114184203_default_acc=53.50/tensorboard/Grad_qkv.lora_B_block_5/events.out.tfevents.1768387346.master-192-168-8-48.1680.3,qkv.lora_B,5
1768388386.2790308,1756,54.90625,0.2009795606136322,Grad/qkv.lora_B,outputs_dev/vitb16/T=vtab_Q=3bit_L=lora_2_qkv-fc1-proj-fc2/cifar/20260114184203_default_acc=53.50/tensorboard/Grad_qkv.lora_B_block_5/events.out.tfevents.1768387346.master-192-168-8-48.1680.3,qkv.lora_B,5
1768388386.682891,1757,54.9375,0.24331556260585785,Grad/qkv.lora_B,outputs_dev/vitb16/T=vtab_Q=3bit_L=lora_2_qkv-fc1-proj-fc2/cifar/20260114184203_default_acc=53.50/tensorboard/Grad_qkv.lora_B_block_5/events.out.tfevents.1768387346.master-192-168-8-48.1680.3,qkv.lora_B,5
1768388387.0868819,1758,54.96875,0.04541486129164696,Grad/qkv.lora_B,outputs_dev/vitb16/T=vtab_Q=3bit_L=lora_2_qkv-fc1-proj-fc2/cifar/20260114184203_default_acc=53.50/tensorboard/Grad_qkv.lora_B_block_5/events.out.tfevents.1768387346.master-192-168-8-48.1680.3,qkv.lora_B,5
1768388387.2680802,1759,55.0,0.05974013730883598,Grad/qkv.lora_B,outputs_dev/vitb16/T=vtab_Q=3bit_L=lora_2_qkv-fc1-proj-fc2/cifar/20260114184203_default_acc=53.50/tensorboard/Grad_qkv.lora_B_block_5/events.out.tfevents.1768387346.master-192-168-8-48.1680.3,qkv.lora_B,5
1768388387.8946195,1760,55.03125,0.05908770486712456,Grad/qkv.lora_B,outputs_dev/vitb16/T=vtab_Q=3bit_L=lora_2_qkv-fc1-proj-fc2/cifar/20260114184203_default_acc=53.50/tensorboard/Grad_qkv.lora_B_block_5/events.out.tfevents.1768387346.master-192-168-8-48.1680.3,qkv.lora_B,5
1768388388.3027692,1761,55.0625,0.3523014187812805,Grad/qkv.lora_B,outputs_dev/vitb16/T=vtab_Q=3bit_L=lora_2_qkv-fc1-proj-fc2/cifar/20260114184203_default_acc=53.50/tensorboard/Grad_qkv.lora_B_block_5/events.out.tfevents.1768387346.master-192-168-8-48.1680.3,qkv.lora_B,5
1768388388.710939,1762,55.09375,0.13155806064605713,Grad/qkv.lora_B,outputs_dev/vitb16/T=vtab_Q=3bit_L=lora_2_qkv-fc1-proj-fc2/cifar/20260114184203_default_acc=53.50/tensorboard/Grad_qkv.lora_B_block_5/events.out.tfevents.1768387346.master-192-168-8-48.1680.3,qkv.lora_B,5
1768388389.0991237,1763,55.125,0.047121092677116394,Grad/qkv.lora_B,outputs_dev/vitb16/T=vtab_Q=3bit_L=lora_2_qkv-fc1-proj-fc2/cifar/20260114184203_default_acc=53.50/tensorboard/Grad_qkv.lora_B_block_5/events.out.tfevents.1768387346.master-192-168-8-48.1680.3,qkv.lora_B,5
1768388389.4762015,1764,55.15625,0.054755665361881256,Grad/qkv.lora_B,outputs_dev/vitb16/T=vtab_Q=3bit_L=lora_2_qkv-fc1-proj-fc2/cifar/20260114184203_default_acc=53.50/tensorboard/Grad_qkv.lora_B_block_5/events.out.tfevents.1768387346.master-192-168-8-48.1680.3,qkv.lora_B,5
1768388389.8533828,1765,55.1875,0.07954861968755722,Grad/qkv.lora_B,outputs_dev/vitb16/T=vtab_Q=3bit_L=lora_2_qkv-fc1-proj-fc2/cifar/20260114184203_default_acc=53.50/tensorboard/Grad_qkv.lora_B_block_5/events.out.tfevents.1768387346.master-192-168-8-48.1680.3,qkv.lora_B,5
1768388390.2421424,1766,55.21875,0.08202192932367325,Grad/qkv.lora_B,outputs_dev/vitb16/T=vtab_Q=3bit_L=lora_2_qkv-fc1-proj-fc2/cifar/20260114184203_default_acc=53.50/tensorboard/Grad_qkv.lora_B_block_5/events.out.tfevents.1768387346.master-192-168-8-48.1680.3,qkv.lora_B,5
1768388390.6302404,1767,55.25,0.25404489040374756,Grad/qkv.lora_B,outputs_dev/vitb16/T=vtab_Q=3bit_L=lora_2_qkv-fc1-proj-fc2/cifar/20260114184203_default_acc=53.50/tensorboard/Grad_qkv.lora_B_block_5/events.out.tfevents.1768387346.master-192-168-8-48.1680.3,qkv.lora_B,5
1768388391.0160475,1768,55.28125,0.09595295041799545,Grad/qkv.lora_B,outputs_dev/vitb16/T=vtab_Q=3bit_L=lora_2_qkv-fc1-proj-fc2/cifar/20260114184203_default_acc=53.50/tensorboard/Grad_qkv.lora_B_block_5/events.out.tfevents.1768387346.master-192-168-8-48.1680.3,qkv.lora_B,5
1768388391.4076054,1769,55.3125,0.12406287342309952,Grad/qkv.lora_B,outputs_dev/vitb16/T=vtab_Q=3bit_L=lora_2_qkv-fc1-proj-fc2/cifar/20260114184203_default_acc=53.50/tensorboard/Grad_qkv.lora_B_block_5/events.out.tfevents.1768387346.master-192-168-8-48.1680.3,qkv.lora_B,5
1768388391.7977555,1770,55.34375,0.06276773661375046,Grad/qkv.lora_B,outputs_dev/vitb16/T=vtab_Q=3bit_L=lora_2_qkv-fc1-proj-fc2/cifar/20260114184203_default_acc=53.50/tensorboard/Grad_qkv.lora_B_block_5/events.out.tfevents.1768387346.master-192-168-8-48.1680.3,qkv.lora_B,5
1768388392.1928306,1771,55.375,0.11869071424007416,Grad/qkv.lora_B,outputs_dev/vitb16/T=vtab_Q=3bit_L=lora_2_qkv-fc1-proj-fc2/cifar/20260114184203_default_acc=53.50/tensorboard/Grad_qkv.lora_B_block_5/events.out.tfevents.1768387346.master-192-168-8-48.1680.3,qkv.lora_B,5
1768388392.5844936,1772,55.40625,0.10558430850505829,Grad/qkv.lora_B,outputs_dev/vitb16/T=vtab_Q=3bit_L=lora_2_qkv-fc1-proj-fc2/cifar/20260114184203_default_acc=53.50/tensorboard/Grad_qkv.lora_B_block_5/events.out.tfevents.1768387346.master-192-168-8-48.1680.3,qkv.lora_B,5
1768388392.9754493,1773,55.4375,0.1359177827835083,Grad/qkv.lora_B,outputs_dev/vitb16/T=vtab_Q=3bit_L=lora_2_qkv-fc1-proj-fc2/cifar/20260114184203_default_acc=53.50/tensorboard/Grad_qkv.lora_B_block_5/events.out.tfevents.1768387346.master-192-168-8-48.1680.3,qkv.lora_B,5
1768388393.366869,1774,55.46875,0.16275164484977722,Grad/qkv.lora_B,outputs_dev/vitb16/T=vtab_Q=3bit_L=lora_2_qkv-fc1-proj-fc2/cifar/20260114184203_default_acc=53.50/tensorboard/Grad_qkv.lora_B_block_5/events.out.tfevents.1768387346.master-192-168-8-48.1680.3,qkv.lora_B,5
1768388393.7627041,1775,55.5,0.16199281811714172,Grad/qkv.lora_B,outputs_dev/vitb16/T=vtab_Q=3bit_L=lora_2_qkv-fc1-proj-fc2/cifar/20260114184203_default_acc=53.50/tensorboard/Grad_qkv.lora_B_block_5/events.out.tfevents.1768387346.master-192-168-8-48.1680.3,qkv.lora_B,5
1768388394.1679378,1776,55.53125,0.13177254796028137,Grad/qkv.lora_B,outputs_dev/vitb16/T=vtab_Q=3bit_L=lora_2_qkv-fc1-proj-fc2/cifar/20260114184203_default_acc=53.50/tensorboard/Grad_qkv.lora_B_block_5/events.out.tfevents.1768387346.master-192-168-8-48.1680.3,qkv.lora_B,5
1768388394.5728614,1777,55.5625,0.21951550245285034,Grad/qkv.lora_B,outputs_dev/vitb16/T=vtab_Q=3bit_L=lora_2_qkv-fc1-proj-fc2/cifar/20260114184203_default_acc=53.50/tensorboard/Grad_qkv.lora_B_block_5/events.out.tfevents.1768387346.master-192-168-8-48.1680.3,qkv.lora_B,5
1768388394.9779704,1778,55.59375,0.2166135311126709,Grad/qkv.lora_B,outputs_dev/vitb16/T=vtab_Q=3bit_L=lora_2_qkv-fc1-proj-fc2/cifar/20260114184203_default_acc=53.50/tensorboard/Grad_qkv.lora_B_block_5/events.out.tfevents.1768387346.master-192-168-8-48.1680.3,qkv.lora_B,5
1768388395.3795094,1779,55.625,0.06472204625606537,Grad/qkv.lora_B,outputs_dev/vitb16/T=vtab_Q=3bit_L=lora_2_qkv-fc1-proj-fc2/cifar/20260114184203_default_acc=53.50/tensorboard/Grad_qkv.lora_B_block_5/events.out.tfevents.1768387346.master-192-168-8-48.1680.3,qkv.lora_B,5
1768388395.7682035,1780,55.65625,0.27007630467414856,Grad/qkv.lora_B,outputs_dev/vitb16/T=vtab_Q=3bit_L=lora_2_qkv-fc1-proj-fc2/cifar/20260114184203_default_acc=53.50/tensorboard/Grad_qkv.lora_B_block_5/events.out.tfevents.1768387346.master-192-168-8-48.1680.3,qkv.lora_B,5
1768388396.1651707,1781,55.6875,0.04303180053830147,Grad/qkv.lora_B,outputs_dev/vitb16/T=vtab_Q=3bit_L=lora_2_qkv-fc1-proj-fc2/cifar/20260114184203_default_acc=53.50/tensorboard/Grad_qkv.lora_B_block_5/events.out.tfevents.1768387346.master-192-168-8-48.1680.3,qkv.lora_B,5
1768388396.5737123,1782,55.71875,1.149476408958435,Grad/qkv.lora_B,outputs_dev/vitb16/T=vtab_Q=3bit_L=lora_2_qkv-fc1-proj-fc2/cifar/20260114184203_default_acc=53.50/tensorboard/Grad_qkv.lora_B_block_5/events.out.tfevents.1768387346.master-192-168-8-48.1680.3,qkv.lora_B,5
1768388396.9563785,1783,55.75,0.10026419907808304,Grad/qkv.lora_B,outputs_dev/vitb16/T=vtab_Q=3bit_L=lora_2_qkv-fc1-proj-fc2/cifar/20260114184203_default_acc=53.50/tensorboard/Grad_qkv.lora_B_block_5/events.out.tfevents.1768387346.master-192-168-8-48.1680.3,qkv.lora_B,5
1768388397.3615298,1784,55.78125,0.11649126559495926,Grad/qkv.lora_B,outputs_dev/vitb16/T=vtab_Q=3bit_L=lora_2_qkv-fc1-proj-fc2/cifar/20260114184203_default_acc=53.50/tensorboard/Grad_qkv.lora_B_block_5/events.out.tfevents.1768387346.master-192-168-8-48.1680.3,qkv.lora_B,5
1768388397.7547517,1785,55.8125,0.10391207784414291,Grad/qkv.lora_B,outputs_dev/vitb16/T=vtab_Q=3bit_L=lora_2_qkv-fc1-proj-fc2/cifar/20260114184203_default_acc=53.50/tensorboard/Grad_qkv.lora_B_block_5/events.out.tfevents.1768387346.master-192-168-8-48.1680.3,qkv.lora_B,5
1768388398.1511862,1786,55.84375,0.06054236367344856,Grad/qkv.lora_B,outputs_dev/vitb16/T=vtab_Q=3bit_L=lora_2_qkv-fc1-proj-fc2/cifar/20260114184203_default_acc=53.50/tensorboard/Grad_qkv.lora_B_block_5/events.out.tfevents.1768387346.master-192-168-8-48.1680.3,qkv.lora_B,5
1768388398.5403156,1787,55.875,0.05239272117614746,Grad/qkv.lora_B,outputs_dev/vitb16/T=vtab_Q=3bit_L=lora_2_qkv-fc1-proj-fc2/cifar/20260114184203_default_acc=53.50/tensorboard/Grad_qkv.lora_B_block_5/events.out.tfevents.1768387346.master-192-168-8-48.1680.3,qkv.lora_B,5
1768388398.9297907,1788,55.90625,0.32996946573257446,Grad/qkv.lora_B,outputs_dev/vitb16/T=vtab_Q=3bit_L=lora_2_qkv-fc1-proj-fc2/cifar/20260114184203_default_acc=53.50/tensorboard/Grad_qkv.lora_B_block_5/events.out.tfevents.1768387346.master-192-168-8-48.1680.3,qkv.lora_B,5
1768388399.319356,1789,55.9375,0.13621492683887482,Grad/qkv.lora_B,outputs_dev/vitb16/T=vtab_Q=3bit_L=lora_2_qkv-fc1-proj-fc2/cifar/20260114184203_default_acc=53.50/tensorboard/Grad_qkv.lora_B_block_5/events.out.tfevents.1768387346.master-192-168-8-48.1680.3,qkv.lora_B,5
1768388399.7225795,1790,55.96875,0.37402424216270447,Grad/qkv.lora_B,outputs_dev/vitb16/T=vtab_Q=3bit_L=lora_2_qkv-fc1-proj-fc2/cifar/20260114184203_default_acc=53.50/tensorboard/Grad_qkv.lora_B_block_5/events.out.tfevents.1768387346.master-192-168-8-48.1680.3,qkv.lora_B,5
1768388399.9283066,1791,56.0,0.173866406083107,Grad/qkv.lora_B,outputs_dev/vitb16/T=vtab_Q=3bit_L=lora_2_qkv-fc1-proj-fc2/cifar/20260114184203_default_acc=53.50/tensorboard/Grad_qkv.lora_B_block_5/events.out.tfevents.1768387346.master-192-168-8-48.1680.3,qkv.lora_B,5
1768388400.5013895,1792,56.03125,0.10396242886781693,Grad/qkv.lora_B,outputs_dev/vitb16/T=vtab_Q=3bit_L=lora_2_qkv-fc1-proj-fc2/cifar/20260114184203_default_acc=53.50/tensorboard/Grad_qkv.lora_B_block_5/events.out.tfevents.1768387346.master-192-168-8-48.1680.3,qkv.lora_B,5
1768388400.9062197,1793,56.0625,0.08321987092494965,Grad/qkv.lora_B,outputs_dev/vitb16/T=vtab_Q=3bit_L=lora_2_qkv-fc1-proj-fc2/cifar/20260114184203_default_acc=53.50/tensorboard/Grad_qkv.lora_B_block_5/events.out.tfevents.1768387346.master-192-168-8-48.1680.3,qkv.lora_B,5
1768388401.3032153,1794,56.09375,0.11672795563936234,Grad/qkv.lora_B,outputs_dev/vitb16/T=vtab_Q=3bit_L=lora_2_qkv-fc1-proj-fc2/cifar/20260114184203_default_acc=53.50/tensorboard/Grad_qkv.lora_B_block_5/events.out.tfevents.1768387346.master-192-168-8-48.1680.3,qkv.lora_B,5
1768388401.7181232,1795,56.125,0.2226225882768631,Grad/qkv.lora_B,outputs_dev/vitb16/T=vtab_Q=3bit_L=lora_2_qkv-fc1-proj-fc2/cifar/20260114184203_default_acc=53.50/tensorboard/Grad_qkv.lora_B_block_5/events.out.tfevents.1768387346.master-192-168-8-48.1680.3,qkv.lora_B,5
1768388402.1176586,1796,56.15625,0.3009933531284332,Grad/qkv.lora_B,outputs_dev/vitb16/T=vtab_Q=3bit_L=lora_2_qkv-fc1-proj-fc2/cifar/20260114184203_default_acc=53.50/tensorboard/Grad_qkv.lora_B_block_5/events.out.tfevents.1768387346.master-192-168-8-48.1680.3,qkv.lora_B,5
1768388402.5179331,1797,56.1875,0.1298360526561737,Grad/qkv.lora_B,outputs_dev/vitb16/T=vtab_Q=3bit_L=lora_2_qkv-fc1-proj-fc2/cifar/20260114184203_default_acc=53.50/tensorboard/Grad_qkv.lora_B_block_5/events.out.tfevents.1768387346.master-192-168-8-48.1680.3,qkv.lora_B,5
1768388402.9131095,1798,56.21875,0.8308791518211365,Grad/qkv.lora_B,outputs_dev/vitb16/T=vtab_Q=3bit_L=lora_2_qkv-fc1-proj-fc2/cifar/20260114184203_default_acc=53.50/tensorboard/Grad_qkv.lora_B_block_5/events.out.tfevents.1768387346.master-192-168-8-48.1680.3,qkv.lora_B,5
1768388403.3116395,1799,56.25,0.1720198392868042,Grad/qkv.lora_B,outputs_dev/vitb16/T=vtab_Q=3bit_L=lora_2_qkv-fc1-proj-fc2/cifar/20260114184203_default_acc=53.50/tensorboard/Grad_qkv.lora_B_block_5/events.out.tfevents.1768387346.master-192-168-8-48.1680.3,qkv.lora_B,5
1768388403.7083707,1800,56.28125,0.5162086486816406,Grad/qkv.lora_B,outputs_dev/vitb16/T=vtab_Q=3bit_L=lora_2_qkv-fc1-proj-fc2/cifar/20260114184203_default_acc=53.50/tensorboard/Grad_qkv.lora_B_block_5/events.out.tfevents.1768387346.master-192-168-8-48.1680.3,qkv.lora_B,5
1768388404.1041217,1801,56.3125,0.07137949019670486,Grad/qkv.lora_B,outputs_dev/vitb16/T=vtab_Q=3bit_L=lora_2_qkv-fc1-proj-fc2/cifar/20260114184203_default_acc=53.50/tensorboard/Grad_qkv.lora_B_block_5/events.out.tfevents.1768387346.master-192-168-8-48.1680.3,qkv.lora_B,5
1768388404.4995127,1802,56.34375,0.10096476972103119,Grad/qkv.lora_B,outputs_dev/vitb16/T=vtab_Q=3bit_L=lora_2_qkv-fc1-proj-fc2/cifar/20260114184203_default_acc=53.50/tensorboard/Grad_qkv.lora_B_block_5/events.out.tfevents.1768387346.master-192-168-8-48.1680.3,qkv.lora_B,5
1768388404.886229,1803,56.375,0.04908039793372154,Grad/qkv.lora_B,outputs_dev/vitb16/T=vtab_Q=3bit_L=lora_2_qkv-fc1-proj-fc2/cifar/20260114184203_default_acc=53.50/tensorboard/Grad_qkv.lora_B_block_5/events.out.tfevents.1768387346.master-192-168-8-48.1680.3,qkv.lora_B,5
1768388405.2811093,1804,56.40625,0.056804969906806946,Grad/qkv.lora_B,outputs_dev/vitb16/T=vtab_Q=3bit_L=lora_2_qkv-fc1-proj-fc2/cifar/20260114184203_default_acc=53.50/tensorboard/Grad_qkv.lora_B_block_5/events.out.tfevents.1768387346.master-192-168-8-48.1680.3,qkv.lora_B,5
1768388405.6971354,1805,56.4375,0.3471394181251526,Grad/qkv.lora_B,outputs_dev/vitb16/T=vtab_Q=3bit_L=lora_2_qkv-fc1-proj-fc2/cifar/20260114184203_default_acc=53.50/tensorboard/Grad_qkv.lora_B_block_5/events.out.tfevents.1768387346.master-192-168-8-48.1680.3,qkv.lora_B,5
1768388406.1016972,1806,56.46875,0.14949384331703186,Grad/qkv.lora_B,outputs_dev/vitb16/T=vtab_Q=3bit_L=lora_2_qkv-fc1-proj-fc2/cifar/20260114184203_default_acc=53.50/tensorboard/Grad_qkv.lora_B_block_5/events.out.tfevents.1768387346.master-192-168-8-48.1680.3,qkv.lora_B,5
1768388406.495928,1807,56.5,0.12720920145511627,Grad/qkv.lora_B,outputs_dev/vitb16/T=vtab_Q=3bit_L=lora_2_qkv-fc1-proj-fc2/cifar/20260114184203_default_acc=53.50/tensorboard/Grad_qkv.lora_B_block_5/events.out.tfevents.1768387346.master-192-168-8-48.1680.3,qkv.lora_B,5
1768388406.898491,1808,56.53125,0.14869315922260284,Grad/qkv.lora_B,outputs_dev/vitb16/T=vtab_Q=3bit_L=lora_2_qkv-fc1-proj-fc2/cifar/20260114184203_default_acc=53.50/tensorboard/Grad_qkv.lora_B_block_5/events.out.tfevents.1768387346.master-192-168-8-48.1680.3,qkv.lora_B,5
1768388407.3033817,1809,56.5625,0.6544391512870789,Grad/qkv.lora_B,outputs_dev/vitb16/T=vtab_Q=3bit_L=lora_2_qkv-fc1-proj-fc2/cifar/20260114184203_default_acc=53.50/tensorboard/Grad_qkv.lora_B_block_5/events.out.tfevents.1768387346.master-192-168-8-48.1680.3,qkv.lora_B,5
1768388407.7765334,1810,56.59375,0.11544505506753922,Grad/qkv.lora_B,outputs_dev/vitb16/T=vtab_Q=3bit_L=lora_2_qkv-fc1-proj-fc2/cifar/20260114184203_default_acc=53.50/tensorboard/Grad_qkv.lora_B_block_5/events.out.tfevents.1768387346.master-192-168-8-48.1680.3,qkv.lora_B,5
1768388408.180491,1811,56.625,0.3541380763053894,Grad/qkv.lora_B,outputs_dev/vitb16/T=vtab_Q=3bit_L=lora_2_qkv-fc1-proj-fc2/cifar/20260114184203_default_acc=53.50/tensorboard/Grad_qkv.lora_B_block_5/events.out.tfevents.1768387346.master-192-168-8-48.1680.3,qkv.lora_B,5
1768388408.5839334,1812,56.65625,0.06763982027769089,Grad/qkv.lora_B,outputs_dev/vitb16/T=vtab_Q=3bit_L=lora_2_qkv-fc1-proj-fc2/cifar/20260114184203_default_acc=53.50/tensorboard/Grad_qkv.lora_B_block_5/events.out.tfevents.1768387346.master-192-168-8-48.1680.3,qkv.lora_B,5
1768388408.990954,1813,56.6875,0.14549797773361206,Grad/qkv.lora_B,outputs_dev/vitb16/T=vtab_Q=3bit_L=lora_2_qkv-fc1-proj-fc2/cifar/20260114184203_default_acc=53.50/tensorboard/Grad_qkv.lora_B_block_5/events.out.tfevents.1768387346.master-192-168-8-48.1680.3,qkv.lora_B,5
1768388409.366231,1814,56.71875,0.2556981146335602,Grad/qkv.lora_B,outputs_dev/vitb16/T=vtab_Q=3bit_L=lora_2_qkv-fc1-proj-fc2/cifar/20260114184203_default_acc=53.50/tensorboard/Grad_qkv.lora_B_block_5/events.out.tfevents.1768387346.master-192-168-8-48.1680.3,qkv.lora_B,5
1768388409.778025,1815,56.75,0.20391373336315155,Grad/qkv.lora_B,outputs_dev/vitb16/T=vtab_Q=3bit_L=lora_2_qkv-fc1-proj-fc2/cifar/20260114184203_default_acc=53.50/tensorboard/Grad_qkv.lora_B_block_5/events.out.tfevents.1768387346.master-192-168-8-48.1680.3,qkv.lora_B,5
1768388410.172977,1816,56.78125,0.11699222773313522,Grad/qkv.lora_B,outputs_dev/vitb16/T=vtab_Q=3bit_L=lora_2_qkv-fc1-proj-fc2/cifar/20260114184203_default_acc=53.50/tensorboard/Grad_qkv.lora_B_block_5/events.out.tfevents.1768387346.master-192-168-8-48.1680.3,qkv.lora_B,5
1768388410.5571878,1817,56.8125,0.14870266616344452,Grad/qkv.lora_B,outputs_dev/vitb16/T=vtab_Q=3bit_L=lora_2_qkv-fc1-proj-fc2/cifar/20260114184203_default_acc=53.50/tensorboard/Grad_qkv.lora_B_block_5/events.out.tfevents.1768387346.master-192-168-8-48.1680.3,qkv.lora_B,5
1768388410.9639525,1818,56.84375,0.10281278938055038,Grad/qkv.lora_B,outputs_dev/vitb16/T=vtab_Q=3bit_L=lora_2_qkv-fc1-proj-fc2/cifar/20260114184203_default_acc=53.50/tensorboard/Grad_qkv.lora_B_block_5/events.out.tfevents.1768387346.master-192-168-8-48.1680.3,qkv.lora_B,5
1768388411.3408659,1819,56.875,0.08478035032749176,Grad/qkv.lora_B,outputs_dev/vitb16/T=vtab_Q=3bit_L=lora_2_qkv-fc1-proj-fc2/cifar/20260114184203_default_acc=53.50/tensorboard/Grad_qkv.lora_B_block_5/events.out.tfevents.1768387346.master-192-168-8-48.1680.3,qkv.lora_B,5
1768388411.7176251,1820,56.90625,0.056471455842256546,Grad/qkv.lora_B,outputs_dev/vitb16/T=vtab_Q=3bit_L=lora_2_qkv-fc1-proj-fc2/cifar/20260114184203_default_acc=53.50/tensorboard/Grad_qkv.lora_B_block_5/events.out.tfevents.1768387346.master-192-168-8-48.1680.3,qkv.lora_B,5
1768388412.1230257,1821,56.9375,0.06717480719089508,Grad/qkv.lora_B,outputs_dev/vitb16/T=vtab_Q=3bit_L=lora_2_qkv-fc1-proj-fc2/cifar/20260114184203_default_acc=53.50/tensorboard/Grad_qkv.lora_B_block_5/events.out.tfevents.1768387346.master-192-168-8-48.1680.3,qkv.lora_B,5
1768388412.4982202,1822,56.96875,0.1113693043589592,Grad/qkv.lora_B,outputs_dev/vitb16/T=vtab_Q=3bit_L=lora_2_qkv-fc1-proj-fc2/cifar/20260114184203_default_acc=53.50/tensorboard/Grad_qkv.lora_B_block_5/events.out.tfevents.1768387346.master-192-168-8-48.1680.3,qkv.lora_B,5
1768388412.6591918,1823,57.0,0.3333916664123535,Grad/qkv.lora_B,outputs_dev/vitb16/T=vtab_Q=3bit_L=lora_2_qkv-fc1-proj-fc2/cifar/20260114184203_default_acc=53.50/tensorboard/Grad_qkv.lora_B_block_5/events.out.tfevents.1768387346.master-192-168-8-48.1680.3,qkv.lora_B,5
1768388413.248693,1824,57.03125,0.32892224192619324,Grad/qkv.lora_B,outputs_dev/vitb16/T=vtab_Q=3bit_L=lora_2_qkv-fc1-proj-fc2/cifar/20260114184203_default_acc=53.50/tensorboard/Grad_qkv.lora_B_block_5/events.out.tfevents.1768387346.master-192-168-8-48.1680.3,qkv.lora_B,5
1768388413.6334586,1825,57.0625,0.1021258682012558,Grad/qkv.lora_B,outputs_dev/vitb16/T=vtab_Q=3bit_L=lora_2_qkv-fc1-proj-fc2/cifar/20260114184203_default_acc=53.50/tensorboard/Grad_qkv.lora_B_block_5/events.out.tfevents.1768387346.master-192-168-8-48.1680.3,qkv.lora_B,5
1768388414.0150886,1826,57.09375,0.17403484880924225,Grad/qkv.lora_B,outputs_dev/vitb16/T=vtab_Q=3bit_L=lora_2_qkv-fc1-proj-fc2/cifar/20260114184203_default_acc=53.50/tensorboard/Grad_qkv.lora_B_block_5/events.out.tfevents.1768387346.master-192-168-8-48.1680.3,qkv.lora_B,5
1768388414.409785,1827,57.125,0.06320855021476746,Grad/qkv.lora_B,outputs_dev/vitb16/T=vtab_Q=3bit_L=lora_2_qkv-fc1-proj-fc2/cifar/20260114184203_default_acc=53.50/tensorboard/Grad_qkv.lora_B_block_5/events.out.tfevents.1768387346.master-192-168-8-48.1680.3,qkv.lora_B,5
1768388414.8202355,1828,57.15625,0.05002095177769661,Grad/qkv.lora_B,outputs_dev/vitb16/T=vtab_Q=3bit_L=lora_2_qkv-fc1-proj-fc2/cifar/20260114184203_default_acc=53.50/tensorboard/Grad_qkv.lora_B_block_5/events.out.tfevents.1768387346.master-192-168-8-48.1680.3,qkv.lora_B,5
1768388415.2101238,1829,57.1875,0.19774170219898224,Grad/qkv.lora_B,outputs_dev/vitb16/T=vtab_Q=3bit_L=lora_2_qkv-fc1-proj-fc2/cifar/20260114184203_default_acc=53.50/tensorboard/Grad_qkv.lora_B_block_5/events.out.tfevents.1768387346.master-192-168-8-48.1680.3,qkv.lora_B,5
1768388415.598097,1830,57.21875,0.11023806035518646,Grad/qkv.lora_B,outputs_dev/vitb16/T=vtab_Q=3bit_L=lora_2_qkv-fc1-proj-fc2/cifar/20260114184203_default_acc=53.50/tensorboard/Grad_qkv.lora_B_block_5/events.out.tfevents.1768387346.master-192-168-8-48.1680.3,qkv.lora_B,5
1768388415.9729133,1831,57.25,0.2124244123697281,Grad/qkv.lora_B,outputs_dev/vitb16/T=vtab_Q=3bit_L=lora_2_qkv-fc1-proj-fc2/cifar/20260114184203_default_acc=53.50/tensorboard/Grad_qkv.lora_B_block_5/events.out.tfevents.1768387346.master-192-168-8-48.1680.3,qkv.lora_B,5
1768388416.374725,1832,57.28125,0.07300126552581787,Grad/qkv.lora_B,outputs_dev/vitb16/T=vtab_Q=3bit_L=lora_2_qkv-fc1-proj-fc2/cifar/20260114184203_default_acc=53.50/tensorboard/Grad_qkv.lora_B_block_5/events.out.tfevents.1768387346.master-192-168-8-48.1680.3,qkv.lora_B,5
1768388416.7613964,1833,57.3125,0.06440103054046631,Grad/qkv.lora_B,outputs_dev/vitb16/T=vtab_Q=3bit_L=lora_2_qkv-fc1-proj-fc2/cifar/20260114184203_default_acc=53.50/tensorboard/Grad_qkv.lora_B_block_5/events.out.tfevents.1768387346.master-192-168-8-48.1680.3,qkv.lora_B,5
1768388417.1626055,1834,57.34375,0.0713721290230751,Grad/qkv.lora_B,outputs_dev/vitb16/T=vtab_Q=3bit_L=lora_2_qkv-fc1-proj-fc2/cifar/20260114184203_default_acc=53.50/tensorboard/Grad_qkv.lora_B_block_5/events.out.tfevents.1768387346.master-192-168-8-48.1680.3,qkv.lora_B,5
1768388417.5438612,1835,57.375,0.2840467393398285,Grad/qkv.lora_B,outputs_dev/vitb16/T=vtab_Q=3bit_L=lora_2_qkv-fc1-proj-fc2/cifar/20260114184203_default_acc=53.50/tensorboard/Grad_qkv.lora_B_block_5/events.out.tfevents.1768387346.master-192-168-8-48.1680.3,qkv.lora_B,5
1768388417.9445755,1836,57.40625,0.18260662257671356,Grad/qkv.lora_B,outputs_dev/vitb16/T=vtab_Q=3bit_L=lora_2_qkv-fc1-proj-fc2/cifar/20260114184203_default_acc=53.50/tensorboard/Grad_qkv.lora_B_block_5/events.out.tfevents.1768387346.master-192-168-8-48.1680.3,qkv.lora_B,5
1768388418.3457174,1837,57.4375,0.09473570436239243,Grad/qkv.lora_B,outputs_dev/vitb16/T=vtab_Q=3bit_L=lora_2_qkv-fc1-proj-fc2/cifar/20260114184203_default_acc=53.50/tensorboard/Grad_qkv.lora_B_block_5/events.out.tfevents.1768387346.master-192-168-8-48.1680.3,qkv.lora_B,5
1768388418.7494783,1838,57.46875,0.09033386409282684,Grad/qkv.lora_B,outputs_dev/vitb16/T=vtab_Q=3bit_L=lora_2_qkv-fc1-proj-fc2/cifar/20260114184203_default_acc=53.50/tensorboard/Grad_qkv.lora_B_block_5/events.out.tfevents.1768387346.master-192-168-8-48.1680.3,qkv.lora_B,5
1768388419.1399114,1839,57.5,0.13326165080070496,Grad/qkv.lora_B,outputs_dev/vitb16/T=vtab_Q=3bit_L=lora_2_qkv-fc1-proj-fc2/cifar/20260114184203_default_acc=53.50/tensorboard/Grad_qkv.lora_B_block_5/events.out.tfevents.1768387346.master-192-168-8-48.1680.3,qkv.lora_B,5
1768388419.5419853,1840,57.53125,0.16106140613555908,Grad/qkv.lora_B,outputs_dev/vitb16/T=vtab_Q=3bit_L=lora_2_qkv-fc1-proj-fc2/cifar/20260114184203_default_acc=53.50/tensorboard/Grad_qkv.lora_B_block_5/events.out.tfevents.1768387346.master-192-168-8-48.1680.3,qkv.lora_B,5
1768388419.9294186,1841,57.5625,0.052492693066596985,Grad/qkv.lora_B,outputs_dev/vitb16/T=vtab_Q=3bit_L=lora_2_qkv-fc1-proj-fc2/cifar/20260114184203_default_acc=53.50/tensorboard/Grad_qkv.lora_B_block_5/events.out.tfevents.1768387346.master-192-168-8-48.1680.3,qkv.lora_B,5
1768388420.3205466,1842,57.59375,0.30715274810791016,Grad/qkv.lora_B,outputs_dev/vitb16/T=vtab_Q=3bit_L=lora_2_qkv-fc1-proj-fc2/cifar/20260114184203_default_acc=53.50/tensorboard/Grad_qkv.lora_B_block_5/events.out.tfevents.1768387346.master-192-168-8-48.1680.3,qkv.lora_B,5
1768388420.7117019,1843,57.625,0.0888882577419281,Grad/qkv.lora_B,outputs_dev/vitb16/T=vtab_Q=3bit_L=lora_2_qkv-fc1-proj-fc2/cifar/20260114184203_default_acc=53.50/tensorboard/Grad_qkv.lora_B_block_5/events.out.tfevents.1768387346.master-192-168-8-48.1680.3,qkv.lora_B,5
1768388421.092207,1844,57.65625,0.39286985993385315,Grad/qkv.lora_B,outputs_dev/vitb16/T=vtab_Q=3bit_L=lora_2_qkv-fc1-proj-fc2/cifar/20260114184203_default_acc=53.50/tensorboard/Grad_qkv.lora_B_block_5/events.out.tfevents.1768387346.master-192-168-8-48.1680.3,qkv.lora_B,5
1768388421.4983685,1845,57.6875,0.0843520313501358,Grad/qkv.lora_B,outputs_dev/vitb16/T=vtab_Q=3bit_L=lora_2_qkv-fc1-proj-fc2/cifar/20260114184203_default_acc=53.50/tensorboard/Grad_qkv.lora_B_block_5/events.out.tfevents.1768387346.master-192-168-8-48.1680.3,qkv.lora_B,5
1768388421.8840916,1846,57.71875,0.12964476644992828,Grad/qkv.lora_B,outputs_dev/vitb16/T=vtab_Q=3bit_L=lora_2_qkv-fc1-proj-fc2/cifar/20260114184203_default_acc=53.50/tensorboard/Grad_qkv.lora_B_block_5/events.out.tfevents.1768387346.master-192-168-8-48.1680.3,qkv.lora_B,5
1768388422.2609253,1847,57.75,0.2420244812965393,Grad/qkv.lora_B,outputs_dev/vitb16/T=vtab_Q=3bit_L=lora_2_qkv-fc1-proj-fc2/cifar/20260114184203_default_acc=53.50/tensorboard/Grad_qkv.lora_B_block_5/events.out.tfevents.1768387346.master-192-168-8-48.1680.3,qkv.lora_B,5
1768388422.6446593,1848,57.78125,0.1068725511431694,Grad/qkv.lora_B,outputs_dev/vitb16/T=vtab_Q=3bit_L=lora_2_qkv-fc1-proj-fc2/cifar/20260114184203_default_acc=53.50/tensorboard/Grad_qkv.lora_B_block_5/events.out.tfevents.1768387346.master-192-168-8-48.1680.3,qkv.lora_B,5
1768388423.032481,1849,57.8125,0.08062624931335449,Grad/qkv.lora_B,outputs_dev/vitb16/T=vtab_Q=3bit_L=lora_2_qkv-fc1-proj-fc2/cifar/20260114184203_default_acc=53.50/tensorboard/Grad_qkv.lora_B_block_5/events.out.tfevents.1768387346.master-192-168-8-48.1680.3,qkv.lora_B,5
1768388423.4363618,1850,57.84375,0.14749149978160858,Grad/qkv.lora_B,outputs_dev/vitb16/T=vtab_Q=3bit_L=lora_2_qkv-fc1-proj-fc2/cifar/20260114184203_default_acc=53.50/tensorboard/Grad_qkv.lora_B_block_5/events.out.tfevents.1768387346.master-192-168-8-48.1680.3,qkv.lora_B,5
1768388423.8243837,1851,57.875,0.18358191847801208,Grad/qkv.lora_B,outputs_dev/vitb16/T=vtab_Q=3bit_L=lora_2_qkv-fc1-proj-fc2/cifar/20260114184203_default_acc=53.50/tensorboard/Grad_qkv.lora_B_block_5/events.out.tfevents.1768387346.master-192-168-8-48.1680.3,qkv.lora_B,5
1768388424.216863,1852,57.90625,0.270586758852005,Grad/qkv.lora_B,outputs_dev/vitb16/T=vtab_Q=3bit_L=lora_2_qkv-fc1-proj-fc2/cifar/20260114184203_default_acc=53.50/tensorboard/Grad_qkv.lora_B_block_5/events.out.tfevents.1768387346.master-192-168-8-48.1680.3,qkv.lora_B,5
1768388424.616902,1853,57.9375,0.25620415806770325,Grad/qkv.lora_B,outputs_dev/vitb16/T=vtab_Q=3bit_L=lora_2_qkv-fc1-proj-fc2/cifar/20260114184203_default_acc=53.50/tensorboard/Grad_qkv.lora_B_block_5/events.out.tfevents.1768387346.master-192-168-8-48.1680.3,qkv.lora_B,5
1768388425.0069468,1854,57.96875,0.11005283892154694,Grad/qkv.lora_B,outputs_dev/vitb16/T=vtab_Q=3bit_L=lora_2_qkv-fc1-proj-fc2/cifar/20260114184203_default_acc=53.50/tensorboard/Grad_qkv.lora_B_block_5/events.out.tfevents.1768387346.master-192-168-8-48.1680.3,qkv.lora_B,5
1768388425.1927423,1855,58.0,0.11383844166994095,Grad/qkv.lora_B,outputs_dev/vitb16/T=vtab_Q=3bit_L=lora_2_qkv-fc1-proj-fc2/cifar/20260114184203_default_acc=53.50/tensorboard/Grad_qkv.lora_B_block_5/events.out.tfevents.1768387346.master-192-168-8-48.1680.3,qkv.lora_B,5
1768388425.7646914,1856,58.03125,0.06308992207050323,Grad/qkv.lora_B,outputs_dev/vitb16/T=vtab_Q=3bit_L=lora_2_qkv-fc1-proj-fc2/cifar/20260114184203_default_acc=53.50/tensorboard/Grad_qkv.lora_B_block_5/events.out.tfevents.1768387346.master-192-168-8-48.1680.3,qkv.lora_B,5
1768388426.1740751,1857,58.0625,0.12723474204540253,Grad/qkv.lora_B,outputs_dev/vitb16/T=vtab_Q=3bit_L=lora_2_qkv-fc1-proj-fc2/cifar/20260114184203_default_acc=53.50/tensorboard/Grad_qkv.lora_B_block_5/events.out.tfevents.1768387346.master-192-168-8-48.1680.3,qkv.lora_B,5
1768388426.5891607,1858,58.09375,0.1375797539949417,Grad/qkv.lora_B,outputs_dev/vitb16/T=vtab_Q=3bit_L=lora_2_qkv-fc1-proj-fc2/cifar/20260114184203_default_acc=53.50/tensorboard/Grad_qkv.lora_B_block_5/events.out.tfevents.1768387346.master-192-168-8-48.1680.3,qkv.lora_B,5
1768388426.983105,1859,58.125,0.05098949745297432,Grad/qkv.lora_B,outputs_dev/vitb16/T=vtab_Q=3bit_L=lora_2_qkv-fc1-proj-fc2/cifar/20260114184203_default_acc=53.50/tensorboard/Grad_qkv.lora_B_block_5/events.out.tfevents.1768387346.master-192-168-8-48.1680.3,qkv.lora_B,5
1768388427.3907125,1860,58.15625,0.19889652729034424,Grad/qkv.lora_B,outputs_dev/vitb16/T=vtab_Q=3bit_L=lora_2_qkv-fc1-proj-fc2/cifar/20260114184203_default_acc=53.50/tensorboard/Grad_qkv.lora_B_block_5/events.out.tfevents.1768387346.master-192-168-8-48.1680.3,qkv.lora_B,5
1768388427.7988997,1861,58.1875,0.4270158112049103,Grad/qkv.lora_B,outputs_dev/vitb16/T=vtab_Q=3bit_L=lora_2_qkv-fc1-proj-fc2/cifar/20260114184203_default_acc=53.50/tensorboard/Grad_qkv.lora_B_block_5/events.out.tfevents.1768387346.master-192-168-8-48.1680.3,qkv.lora_B,5
1768388428.1799188,1862,58.21875,0.08195563405752182,Grad/qkv.lora_B,outputs_dev/vitb16/T=vtab_Q=3bit_L=lora_2_qkv-fc1-proj-fc2/cifar/20260114184203_default_acc=53.50/tensorboard/Grad_qkv.lora_B_block_5/events.out.tfevents.1768387346.master-192-168-8-48.1680.3,qkv.lora_B,5
1768388428.5840595,1863,58.25,0.12779578566551208,Grad/qkv.lora_B,outputs_dev/vitb16/T=vtab_Q=3bit_L=lora_2_qkv-fc1-proj-fc2/cifar/20260114184203_default_acc=53.50/tensorboard/Grad_qkv.lora_B_block_5/events.out.tfevents.1768387346.master-192-168-8-48.1680.3,qkv.lora_B,5
1768388428.9616725,1864,58.28125,0.10406944900751114,Grad/qkv.lora_B,outputs_dev/vitb16/T=vtab_Q=3bit_L=lora_2_qkv-fc1-proj-fc2/cifar/20260114184203_default_acc=53.50/tensorboard/Grad_qkv.lora_B_block_5/events.out.tfevents.1768387346.master-192-168-8-48.1680.3,qkv.lora_B,5
1768388429.364652,1865,58.3125,0.155340775847435,Grad/qkv.lora_B,outputs_dev/vitb16/T=vtab_Q=3bit_L=lora_2_qkv-fc1-proj-fc2/cifar/20260114184203_default_acc=53.50/tensorboard/Grad_qkv.lora_B_block_5/events.out.tfevents.1768387346.master-192-168-8-48.1680.3,qkv.lora_B,5
1768388429.7532282,1866,58.34375,0.18851257860660553,Grad/qkv.lora_B,outputs_dev/vitb16/T=vtab_Q=3bit_L=lora_2_qkv-fc1-proj-fc2/cifar/20260114184203_default_acc=53.50/tensorboard/Grad_qkv.lora_B_block_5/events.out.tfevents.1768387346.master-192-168-8-48.1680.3,qkv.lora_B,5
1768388430.146808,1867,58.375,0.31479689478874207,Grad/qkv.lora_B,outputs_dev/vitb16/T=vtab_Q=3bit_L=lora_2_qkv-fc1-proj-fc2/cifar/20260114184203_default_acc=53.50/tensorboard/Grad_qkv.lora_B_block_5/events.out.tfevents.1768387346.master-192-168-8-48.1680.3,qkv.lora_B,5
1768388430.546696,1868,58.40625,0.15026526153087616,Grad/qkv.lora_B,outputs_dev/vitb16/T=vtab_Q=3bit_L=lora_2_qkv-fc1-proj-fc2/cifar/20260114184203_default_acc=53.50/tensorboard/Grad_qkv.lora_B_block_5/events.out.tfevents.1768387346.master-192-168-8-48.1680.3,qkv.lora_B,5
1768388430.9564407,1869,58.4375,0.13139867782592773,Grad/qkv.lora_B,outputs_dev/vitb16/T=vtab_Q=3bit_L=lora_2_qkv-fc1-proj-fc2/cifar/20260114184203_default_acc=53.50/tensorboard/Grad_qkv.lora_B_block_5/events.out.tfevents.1768387346.master-192-168-8-48.1680.3,qkv.lora_B,5
1768388431.336646,1870,58.46875,0.10983674973249435,Grad/qkv.lora_B,outputs_dev/vitb16/T=vtab_Q=3bit_L=lora_2_qkv-fc1-proj-fc2/cifar/20260114184203_default_acc=53.50/tensorboard/Grad_qkv.lora_B_block_5/events.out.tfevents.1768387346.master-192-168-8-48.1680.3,qkv.lora_B,5
1768388431.7183,1871,58.5,0.03934769332408905,Grad/qkv.lora_B,outputs_dev/vitb16/T=vtab_Q=3bit_L=lora_2_qkv-fc1-proj-fc2/cifar/20260114184203_default_acc=53.50/tensorboard/Grad_qkv.lora_B_block_5/events.out.tfevents.1768387346.master-192-168-8-48.1680.3,qkv.lora_B,5
1768388432.1241364,1872,58.53125,0.04283972457051277,Grad/qkv.lora_B,outputs_dev/vitb16/T=vtab_Q=3bit_L=lora_2_qkv-fc1-proj-fc2/cifar/20260114184203_default_acc=53.50/tensorboard/Grad_qkv.lora_B_block_5/events.out.tfevents.1768387346.master-192-168-8-48.1680.3,qkv.lora_B,5
1768388432.5288954,1873,58.5625,0.09313564002513885,Grad/qkv.lora_B,outputs_dev/vitb16/T=vtab_Q=3bit_L=lora_2_qkv-fc1-proj-fc2/cifar/20260114184203_default_acc=53.50/tensorboard/Grad_qkv.lora_B_block_5/events.out.tfevents.1768387346.master-192-168-8-48.1680.3,qkv.lora_B,5
1768388432.9180706,1874,58.59375,0.07951587438583374,Grad/qkv.lora_B,outputs_dev/vitb16/T=vtab_Q=3bit_L=lora_2_qkv-fc1-proj-fc2/cifar/20260114184203_default_acc=53.50/tensorboard/Grad_qkv.lora_B_block_5/events.out.tfevents.1768387346.master-192-168-8-48.1680.3,qkv.lora_B,5
1768388433.3095944,1875,58.625,0.10307047516107559,Grad/qkv.lora_B,outputs_dev/vitb16/T=vtab_Q=3bit_L=lora_2_qkv-fc1-proj-fc2/cifar/20260114184203_default_acc=53.50/tensorboard/Grad_qkv.lora_B_block_5/events.out.tfevents.1768387346.master-192-168-8-48.1680.3,qkv.lora_B,5
1768388433.714422,1876,58.65625,0.09764022380113602,Grad/qkv.lora_B,outputs_dev/vitb16/T=vtab_Q=3bit_L=lora_2_qkv-fc1-proj-fc2/cifar/20260114184203_default_acc=53.50/tensorboard/Grad_qkv.lora_B_block_5/events.out.tfevents.1768387346.master-192-168-8-48.1680.3,qkv.lora_B,5
1768388434.0961607,1877,58.6875,0.08365871012210846,Grad/qkv.lora_B,outputs_dev/vitb16/T=vtab_Q=3bit_L=lora_2_qkv-fc1-proj-fc2/cifar/20260114184203_default_acc=53.50/tensorboard/Grad_qkv.lora_B_block_5/events.out.tfevents.1768387346.master-192-168-8-48.1680.3,qkv.lora_B,5
1768388434.5013444,1878,58.71875,0.050479792058467865,Grad/qkv.lora_B,outputs_dev/vitb16/T=vtab_Q=3bit_L=lora_2_qkv-fc1-proj-fc2/cifar/20260114184203_default_acc=53.50/tensorboard/Grad_qkv.lora_B_block_5/events.out.tfevents.1768387346.master-192-168-8-48.1680.3,qkv.lora_B,5
1768388434.9041426,1879,58.75,0.29217466711997986,Grad/qkv.lora_B,outputs_dev/vitb16/T=vtab_Q=3bit_L=lora_2_qkv-fc1-proj-fc2/cifar/20260114184203_default_acc=53.50/tensorboard/Grad_qkv.lora_B_block_5/events.out.tfevents.1768387346.master-192-168-8-48.1680.3,qkv.lora_B,5
1768388435.2956336,1880,58.78125,0.09808675944805145,Grad/qkv.lora_B,outputs_dev/vitb16/T=vtab_Q=3bit_L=lora_2_qkv-fc1-proj-fc2/cifar/20260114184203_default_acc=53.50/tensorboard/Grad_qkv.lora_B_block_5/events.out.tfevents.1768387346.master-192-168-8-48.1680.3,qkv.lora_B,5
1768388435.6991045,1881,58.8125,0.03605353459715843,Grad/qkv.lora_B,outputs_dev/vitb16/T=vtab_Q=3bit_L=lora_2_qkv-fc1-proj-fc2/cifar/20260114184203_default_acc=53.50/tensorboard/Grad_qkv.lora_B_block_5/events.out.tfevents.1768387346.master-192-168-8-48.1680.3,qkv.lora_B,5
1768388436.0901957,1882,58.84375,0.27650368213653564,Grad/qkv.lora_B,outputs_dev/vitb16/T=vtab_Q=3bit_L=lora_2_qkv-fc1-proj-fc2/cifar/20260114184203_default_acc=53.50/tensorboard/Grad_qkv.lora_B_block_5/events.out.tfevents.1768387346.master-192-168-8-48.1680.3,qkv.lora_B,5
1768388436.47846,1883,58.875,0.04578923061490059,Grad/qkv.lora_B,outputs_dev/vitb16/T=vtab_Q=3bit_L=lora_2_qkv-fc1-proj-fc2/cifar/20260114184203_default_acc=53.50/tensorboard/Grad_qkv.lora_B_block_5/events.out.tfevents.1768387346.master-192-168-8-48.1680.3,qkv.lora_B,5
1768388436.8812788,1884,58.90625,0.8944823145866394,Grad/qkv.lora_B,outputs_dev/vitb16/T=vtab_Q=3bit_L=lora_2_qkv-fc1-proj-fc2/cifar/20260114184203_default_acc=53.50/tensorboard/Grad_qkv.lora_B_block_5/events.out.tfevents.1768387346.master-192-168-8-48.1680.3,qkv.lora_B,5
1768388437.2867243,1885,58.9375,0.11423423141241074,Grad/qkv.lora_B,outputs_dev/vitb16/T=vtab_Q=3bit_L=lora_2_qkv-fc1-proj-fc2/cifar/20260114184203_default_acc=53.50/tensorboard/Grad_qkv.lora_B_block_5/events.out.tfevents.1768387346.master-192-168-8-48.1680.3,qkv.lora_B,5
1768388437.689634,1886,58.96875,0.07657721638679504,Grad/qkv.lora_B,outputs_dev/vitb16/T=vtab_Q=3bit_L=lora_2_qkv-fc1-proj-fc2/cifar/20260114184203_default_acc=53.50/tensorboard/Grad_qkv.lora_B_block_5/events.out.tfevents.1768387346.master-192-168-8-48.1680.3,qkv.lora_B,5
1768388437.8948474,1887,59.0,0.09432128816843033,Grad/qkv.lora_B,outputs_dev/vitb16/T=vtab_Q=3bit_L=lora_2_qkv-fc1-proj-fc2/cifar/20260114184203_default_acc=53.50/tensorboard/Grad_qkv.lora_B_block_5/events.out.tfevents.1768387346.master-192-168-8-48.1680.3,qkv.lora_B,5
1768388438.4684622,1888,59.03125,0.0589606799185276,Grad/qkv.lora_B,outputs_dev/vitb16/T=vtab_Q=3bit_L=lora_2_qkv-fc1-proj-fc2/cifar/20260114184203_default_acc=53.50/tensorboard/Grad_qkv.lora_B_block_5/events.out.tfevents.1768387346.master-192-168-8-48.1680.3,qkv.lora_B,5
1768388438.8821356,1889,59.0625,0.12743838131427765,Grad/qkv.lora_B,outputs_dev/vitb16/T=vtab_Q=3bit_L=lora_2_qkv-fc1-proj-fc2/cifar/20260114184203_default_acc=53.50/tensorboard/Grad_qkv.lora_B_block_5/events.out.tfevents.1768387346.master-192-168-8-48.1680.3,qkv.lora_B,5
1768388439.272547,1890,59.09375,0.1128661036491394,Grad/qkv.lora_B,outputs_dev/vitb16/T=vtab_Q=3bit_L=lora_2_qkv-fc1-proj-fc2/cifar/20260114184203_default_acc=53.50/tensorboard/Grad_qkv.lora_B_block_5/events.out.tfevents.1768387346.master-192-168-8-48.1680.3,qkv.lora_B,5
1768388439.6669827,1891,59.125,0.1252644807100296,Grad/qkv.lora_B,outputs_dev/vitb16/T=vtab_Q=3bit_L=lora_2_qkv-fc1-proj-fc2/cifar/20260114184203_default_acc=53.50/tensorboard/Grad_qkv.lora_B_block_5/events.out.tfevents.1768387346.master-192-168-8-48.1680.3,qkv.lora_B,5
1768388440.0577881,1892,59.15625,0.112667977809906,Grad/qkv.lora_B,outputs_dev/vitb16/T=vtab_Q=3bit_L=lora_2_qkv-fc1-proj-fc2/cifar/20260114184203_default_acc=53.50/tensorboard/Grad_qkv.lora_B_block_5/events.out.tfevents.1768387346.master-192-168-8-48.1680.3,qkv.lora_B,5
1768388440.462068,1893,59.1875,0.047191817313432693,Grad/qkv.lora_B,outputs_dev/vitb16/T=vtab_Q=3bit_L=lora_2_qkv-fc1-proj-fc2/cifar/20260114184203_default_acc=53.50/tensorboard/Grad_qkv.lora_B_block_5/events.out.tfevents.1768387346.master-192-168-8-48.1680.3,qkv.lora_B,5
1768388440.8652236,1894,59.21875,1.0388284921646118,Grad/qkv.lora_B,outputs_dev/vitb16/T=vtab_Q=3bit_L=lora_2_qkv-fc1-proj-fc2/cifar/20260114184203_default_acc=53.50/tensorboard/Grad_qkv.lora_B_block_5/events.out.tfevents.1768387346.master-192-168-8-48.1680.3,qkv.lora_B,5
1768388441.2684484,1895,59.25,0.12881630659103394,Grad/qkv.lora_B,outputs_dev/vitb16/T=vtab_Q=3bit_L=lora_2_qkv-fc1-proj-fc2/cifar/20260114184203_default_acc=53.50/tensorboard/Grad_qkv.lora_B_block_5/events.out.tfevents.1768387346.master-192-168-8-48.1680.3,qkv.lora_B,5
1768388441.6467009,1896,59.28125,0.31812354922294617,Grad/qkv.lora_B,outputs_dev/vitb16/T=vtab_Q=3bit_L=lora_2_qkv-fc1-proj-fc2/cifar/20260114184203_default_acc=53.50/tensorboard/Grad_qkv.lora_B_block_5/events.out.tfevents.1768387346.master-192-168-8-48.1680.3,qkv.lora_B,5
1768388442.0497382,1897,59.3125,0.059805095195770264,Grad/qkv.lora_B,outputs_dev/vitb16/T=vtab_Q=3bit_L=lora_2_qkv-fc1-proj-fc2/cifar/20260114184203_default_acc=53.50/tensorboard/Grad_qkv.lora_B_block_5/events.out.tfevents.1768387346.master-192-168-8-48.1680.3,qkv.lora_B,5
1768388442.4534361,1898,59.34375,0.2227238267660141,Grad/qkv.lora_B,outputs_dev/vitb16/T=vtab_Q=3bit_L=lora_2_qkv-fc1-proj-fc2/cifar/20260114184203_default_acc=53.50/tensorboard/Grad_qkv.lora_B_block_5/events.out.tfevents.1768387346.master-192-168-8-48.1680.3,qkv.lora_B,5
1768388442.8462515,1899,59.375,0.06750462204217911,Grad/qkv.lora_B,outputs_dev/vitb16/T=vtab_Q=3bit_L=lora_2_qkv-fc1-proj-fc2/cifar/20260114184203_default_acc=53.50/tensorboard/Grad_qkv.lora_B_block_5/events.out.tfevents.1768387346.master-192-168-8-48.1680.3,qkv.lora_B,5
1768388443.2365663,1900,59.40625,0.15474115312099457,Grad/qkv.lora_B,outputs_dev/vitb16/T=vtab_Q=3bit_L=lora_2_qkv-fc1-proj-fc2/cifar/20260114184203_default_acc=53.50/tensorboard/Grad_qkv.lora_B_block_5/events.out.tfevents.1768387346.master-192-168-8-48.1680.3,qkv.lora_B,5
1768388443.6386466,1901,59.4375,0.15675275027751923,Grad/qkv.lora_B,outputs_dev/vitb16/T=vtab_Q=3bit_L=lora_2_qkv-fc1-proj-fc2/cifar/20260114184203_default_acc=53.50/tensorboard/Grad_qkv.lora_B_block_5/events.out.tfevents.1768387346.master-192-168-8-48.1680.3,qkv.lora_B,5
1768388444.0434616,1902,59.46875,0.32092055678367615,Grad/qkv.lora_B,outputs_dev/vitb16/T=vtab_Q=3bit_L=lora_2_qkv-fc1-proj-fc2/cifar/20260114184203_default_acc=53.50/tensorboard/Grad_qkv.lora_B_block_5/events.out.tfevents.1768387346.master-192-168-8-48.1680.3,qkv.lora_B,5
1768388444.4343376,1903,59.5,0.07713550329208374,Grad/qkv.lora_B,outputs_dev/vitb16/T=vtab_Q=3bit_L=lora_2_qkv-fc1-proj-fc2/cifar/20260114184203_default_acc=53.50/tensorboard/Grad_qkv.lora_B_block_5/events.out.tfevents.1768387346.master-192-168-8-48.1680.3,qkv.lora_B,5
1768388444.8439186,1904,59.53125,0.4363580048084259,Grad/qkv.lora_B,outputs_dev/vitb16/T=vtab_Q=3bit_L=lora_2_qkv-fc1-proj-fc2/cifar/20260114184203_default_acc=53.50/tensorboard/Grad_qkv.lora_B_block_5/events.out.tfevents.1768387346.master-192-168-8-48.1680.3,qkv.lora_B,5
1768388445.2356153,1905,59.5625,0.14842188358306885,Grad/qkv.lora_B,outputs_dev/vitb16/T=vtab_Q=3bit_L=lora_2_qkv-fc1-proj-fc2/cifar/20260114184203_default_acc=53.50/tensorboard/Grad_qkv.lora_B_block_5/events.out.tfevents.1768387346.master-192-168-8-48.1680.3,qkv.lora_B,5
1768388445.6417665,1906,59.59375,0.09012002497911453,Grad/qkv.lora_B,outputs_dev/vitb16/T=vtab_Q=3bit_L=lora_2_qkv-fc1-proj-fc2/cifar/20260114184203_default_acc=53.50/tensorboard/Grad_qkv.lora_B_block_5/events.out.tfevents.1768387346.master-192-168-8-48.1680.3,qkv.lora_B,5
1768388446.036319,1907,59.625,0.10825299471616745,Grad/qkv.lora_B,outputs_dev/vitb16/T=vtab_Q=3bit_L=lora_2_qkv-fc1-proj-fc2/cifar/20260114184203_default_acc=53.50/tensorboard/Grad_qkv.lora_B_block_5/events.out.tfevents.1768387346.master-192-168-8-48.1680.3,qkv.lora_B,5
1768388446.4413965,1908,59.65625,0.14310617744922638,Grad/qkv.lora_B,outputs_dev/vitb16/T=vtab_Q=3bit_L=lora_2_qkv-fc1-proj-fc2/cifar/20260114184203_default_acc=53.50/tensorboard/Grad_qkv.lora_B_block_5/events.out.tfevents.1768387346.master-192-168-8-48.1680.3,qkv.lora_B,5
1768388446.8320005,1909,59.6875,0.32629770040512085,Grad/qkv.lora_B,outputs_dev/vitb16/T=vtab_Q=3bit_L=lora_2_qkv-fc1-proj-fc2/cifar/20260114184203_default_acc=53.50/tensorboard/Grad_qkv.lora_B_block_5/events.out.tfevents.1768387346.master-192-168-8-48.1680.3,qkv.lora_B,5
1768388447.237989,1910,59.71875,0.1179661974310875,Grad/qkv.lora_B,outputs_dev/vitb16/T=vtab_Q=3bit_L=lora_2_qkv-fc1-proj-fc2/cifar/20260114184203_default_acc=53.50/tensorboard/Grad_qkv.lora_B_block_5/events.out.tfevents.1768387346.master-192-168-8-48.1680.3,qkv.lora_B,5
1768388447.6292233,1911,59.75,0.18933773040771484,Grad/qkv.lora_B,outputs_dev/vitb16/T=vtab_Q=3bit_L=lora_2_qkv-fc1-proj-fc2/cifar/20260114184203_default_acc=53.50/tensorboard/Grad_qkv.lora_B_block_5/events.out.tfevents.1768387346.master-192-168-8-48.1680.3,qkv.lora_B,5
1768388448.0209749,1912,59.78125,0.08880633860826492,Grad/qkv.lora_B,outputs_dev/vitb16/T=vtab_Q=3bit_L=lora_2_qkv-fc1-proj-fc2/cifar/20260114184203_default_acc=53.50/tensorboard/Grad_qkv.lora_B_block_5/events.out.tfevents.1768387346.master-192-168-8-48.1680.3,qkv.lora_B,5
1768388448.412234,1913,59.8125,0.044828567653894424,Grad/qkv.lora_B,outputs_dev/vitb16/T=vtab_Q=3bit_L=lora_2_qkv-fc1-proj-fc2/cifar/20260114184203_default_acc=53.50/tensorboard/Grad_qkv.lora_B_block_5/events.out.tfevents.1768387346.master-192-168-8-48.1680.3,qkv.lora_B,5
1768388448.8021357,1914,59.84375,0.09035739302635193,Grad/qkv.lora_B,outputs_dev/vitb16/T=vtab_Q=3bit_L=lora_2_qkv-fc1-proj-fc2/cifar/20260114184203_default_acc=53.50/tensorboard/Grad_qkv.lora_B_block_5/events.out.tfevents.1768387346.master-192-168-8-48.1680.3,qkv.lora_B,5
1768388449.190218,1915,59.875,0.15736278891563416,Grad/qkv.lora_B,outputs_dev/vitb16/T=vtab_Q=3bit_L=lora_2_qkv-fc1-proj-fc2/cifar/20260114184203_default_acc=53.50/tensorboard/Grad_qkv.lora_B_block_5/events.out.tfevents.1768387346.master-192-168-8-48.1680.3,qkv.lora_B,5
1768388449.580103,1916,59.90625,0.11261051893234253,Grad/qkv.lora_B,outputs_dev/vitb16/T=vtab_Q=3bit_L=lora_2_qkv-fc1-proj-fc2/cifar/20260114184203_default_acc=53.50/tensorboard/Grad_qkv.lora_B_block_5/events.out.tfevents.1768387346.master-192-168-8-48.1680.3,qkv.lora_B,5
1768388449.9846356,1917,59.9375,0.17961953580379486,Grad/qkv.lora_B,outputs_dev/vitb16/T=vtab_Q=3bit_L=lora_2_qkv-fc1-proj-fc2/cifar/20260114184203_default_acc=53.50/tensorboard/Grad_qkv.lora_B_block_5/events.out.tfevents.1768387346.master-192-168-8-48.1680.3,qkv.lora_B,5
1768388450.367121,1918,59.96875,0.08507350087165833,Grad/qkv.lora_B,outputs_dev/vitb16/T=vtab_Q=3bit_L=lora_2_qkv-fc1-proj-fc2/cifar/20260114184203_default_acc=53.50/tensorboard/Grad_qkv.lora_B_block_5/events.out.tfevents.1768387346.master-192-168-8-48.1680.3,qkv.lora_B,5
1768388450.5717363,1919,60.0,0.09844700247049332,Grad/qkv.lora_B,outputs_dev/vitb16/T=vtab_Q=3bit_L=lora_2_qkv-fc1-proj-fc2/cifar/20260114184203_default_acc=53.50/tensorboard/Grad_qkv.lora_B_block_5/events.out.tfevents.1768387346.master-192-168-8-48.1680.3,qkv.lora_B,5
1768388451.219423,1920,60.03125,0.4766697883605957,Grad/qkv.lora_B,outputs_dev/vitb16/T=vtab_Q=3bit_L=lora_2_qkv-fc1-proj-fc2/cifar/20260114184203_default_acc=53.50/tensorboard/Grad_qkv.lora_B_block_5/events.out.tfevents.1768387346.master-192-168-8-48.1680.3,qkv.lora_B,5
1768388451.6214693,1921,60.0625,0.07786912471055984,Grad/qkv.lora_B,outputs_dev/vitb16/T=vtab_Q=3bit_L=lora_2_qkv-fc1-proj-fc2/cifar/20260114184203_default_acc=53.50/tensorboard/Grad_qkv.lora_B_block_5/events.out.tfevents.1768387346.master-192-168-8-48.1680.3,qkv.lora_B,5
1768388452.0000048,1922,60.09375,0.059662580490112305,Grad/qkv.lora_B,outputs_dev/vitb16/T=vtab_Q=3bit_L=lora_2_qkv-fc1-proj-fc2/cifar/20260114184203_default_acc=53.50/tensorboard/Grad_qkv.lora_B_block_5/events.out.tfevents.1768387346.master-192-168-8-48.1680.3,qkv.lora_B,5
1768388452.3743203,1923,60.125,0.1794952154159546,Grad/qkv.lora_B,outputs_dev/vitb16/T=vtab_Q=3bit_L=lora_2_qkv-fc1-proj-fc2/cifar/20260114184203_default_acc=53.50/tensorboard/Grad_qkv.lora_B_block_5/events.out.tfevents.1768387346.master-192-168-8-48.1680.3,qkv.lora_B,5
1768388452.7520478,1924,60.15625,0.09270285069942474,Grad/qkv.lora_B,outputs_dev/vitb16/T=vtab_Q=3bit_L=lora_2_qkv-fc1-proj-fc2/cifar/20260114184203_default_acc=53.50/tensorboard/Grad_qkv.lora_B_block_5/events.out.tfevents.1768387346.master-192-168-8-48.1680.3,qkv.lora_B,5
1768388453.1300135,1925,60.1875,0.12285148352384567,Grad/qkv.lora_B,outputs_dev/vitb16/T=vtab_Q=3bit_L=lora_2_qkv-fc1-proj-fc2/cifar/20260114184203_default_acc=53.50/tensorboard/Grad_qkv.lora_B_block_5/events.out.tfevents.1768387346.master-192-168-8-48.1680.3,qkv.lora_B,5
1768388453.5101326,1926,60.21875,0.03758258372545242,Grad/qkv.lora_B,outputs_dev/vitb16/T=vtab_Q=3bit_L=lora_2_qkv-fc1-proj-fc2/cifar/20260114184203_default_acc=53.50/tensorboard/Grad_qkv.lora_B_block_5/events.out.tfevents.1768387346.master-192-168-8-48.1680.3,qkv.lora_B,5
1768388453.8857915,1927,60.25,0.14873714745044708,Grad/qkv.lora_B,outputs_dev/vitb16/T=vtab_Q=3bit_L=lora_2_qkv-fc1-proj-fc2/cifar/20260114184203_default_acc=53.50/tensorboard/Grad_qkv.lora_B_block_5/events.out.tfevents.1768387346.master-192-168-8-48.1680.3,qkv.lora_B,5
1768388454.2620964,1928,60.28125,0.30871763825416565,Grad/qkv.lora_B,outputs_dev/vitb16/T=vtab_Q=3bit_L=lora_2_qkv-fc1-proj-fc2/cifar/20260114184203_default_acc=53.50/tensorboard/Grad_qkv.lora_B_block_5/events.out.tfevents.1768387346.master-192-168-8-48.1680.3,qkv.lora_B,5
1768388454.6522145,1929,60.3125,0.12977562844753265,Grad/qkv.lora_B,outputs_dev/vitb16/T=vtab_Q=3bit_L=lora_2_qkv-fc1-proj-fc2/cifar/20260114184203_default_acc=53.50/tensorboard/Grad_qkv.lora_B_block_5/events.out.tfevents.1768387346.master-192-168-8-48.1680.3,qkv.lora_B,5
1768388455.0423126,1930,60.34375,0.06631020456552505,Grad/qkv.lora_B,outputs_dev/vitb16/T=vtab_Q=3bit_L=lora_2_qkv-fc1-proj-fc2/cifar/20260114184203_default_acc=53.50/tensorboard/Grad_qkv.lora_B_block_5/events.out.tfevents.1768387346.master-192-168-8-48.1680.3,qkv.lora_B,5
1768388455.4329426,1931,60.375,0.4081469178199768,Grad/qkv.lora_B,outputs_dev/vitb16/T=vtab_Q=3bit_L=lora_2_qkv-fc1-proj-fc2/cifar/20260114184203_default_acc=53.50/tensorboard/Grad_qkv.lora_B_block_5/events.out.tfevents.1768387346.master-192-168-8-48.1680.3,qkv.lora_B,5
1768388455.823034,1932,60.40625,0.06752894818782806,Grad/qkv.lora_B,outputs_dev/vitb16/T=vtab_Q=3bit_L=lora_2_qkv-fc1-proj-fc2/cifar/20260114184203_default_acc=53.50/tensorboard/Grad_qkv.lora_B_block_5/events.out.tfevents.1768387346.master-192-168-8-48.1680.3,qkv.lora_B,5
1768388456.224766,1933,60.4375,0.1257537603378296,Grad/qkv.lora_B,outputs_dev/vitb16/T=vtab_Q=3bit_L=lora_2_qkv-fc1-proj-fc2/cifar/20260114184203_default_acc=53.50/tensorboard/Grad_qkv.lora_B_block_5/events.out.tfevents.1768387346.master-192-168-8-48.1680.3,qkv.lora_B,5
1768388456.6175566,1934,60.46875,0.06258932501077652,Grad/qkv.lora_B,outputs_dev/vitb16/T=vtab_Q=3bit_L=lora_2_qkv-fc1-proj-fc2/cifar/20260114184203_default_acc=53.50/tensorboard/Grad_qkv.lora_B_block_5/events.out.tfevents.1768387346.master-192-168-8-48.1680.3,qkv.lora_B,5
1768388457.0078979,1935,60.5,0.12880218029022217,Grad/qkv.lora_B,outputs_dev/vitb16/T=vtab_Q=3bit_L=lora_2_qkv-fc1-proj-fc2/cifar/20260114184203_default_acc=53.50/tensorboard/Grad_qkv.lora_B_block_5/events.out.tfevents.1768387346.master-192-168-8-48.1680.3,qkv.lora_B,5
1768388457.3973484,1936,60.53125,0.08566249161958694,Grad/qkv.lora_B,outputs_dev/vitb16/T=vtab_Q=3bit_L=lora_2_qkv-fc1-proj-fc2/cifar/20260114184203_default_acc=53.50/tensorboard/Grad_qkv.lora_B_block_5/events.out.tfevents.1768387346.master-192-168-8-48.1680.3,qkv.lora_B,5
1768388457.7902966,1937,60.5625,0.07706654816865921,Grad/qkv.lora_B,outputs_dev/vitb16/T=vtab_Q=3bit_L=lora_2_qkv-fc1-proj-fc2/cifar/20260114184203_default_acc=53.50/tensorboard/Grad_qkv.lora_B_block_5/events.out.tfevents.1768387346.master-192-168-8-48.1680.3,qkv.lora_B,5
1768388458.1896136,1938,60.59375,0.05524948984384537,Grad/qkv.lora_B,outputs_dev/vitb16/T=vtab_Q=3bit_L=lora_2_qkv-fc1-proj-fc2/cifar/20260114184203_default_acc=53.50/tensorboard/Grad_qkv.lora_B_block_5/events.out.tfevents.1768387346.master-192-168-8-48.1680.3,qkv.lora_B,5
1768388458.580904,1939,60.625,0.06935077905654907,Grad/qkv.lora_B,outputs_dev/vitb16/T=vtab_Q=3bit_L=lora_2_qkv-fc1-proj-fc2/cifar/20260114184203_default_acc=53.50/tensorboard/Grad_qkv.lora_B_block_5/events.out.tfevents.1768387346.master-192-168-8-48.1680.3,qkv.lora_B,5
1768388458.9892454,1940,60.65625,0.15610894560813904,Grad/qkv.lora_B,outputs_dev/vitb16/T=vtab_Q=3bit_L=lora_2_qkv-fc1-proj-fc2/cifar/20260114184203_default_acc=53.50/tensorboard/Grad_qkv.lora_B_block_5/events.out.tfevents.1768387346.master-192-168-8-48.1680.3,qkv.lora_B,5
1768388459.3936055,1941,60.6875,0.048691608011722565,Grad/qkv.lora_B,outputs_dev/vitb16/T=vtab_Q=3bit_L=lora_2_qkv-fc1-proj-fc2/cifar/20260114184203_default_acc=53.50/tensorboard/Grad_qkv.lora_B_block_5/events.out.tfevents.1768387346.master-192-168-8-48.1680.3,qkv.lora_B,5
1768388459.797657,1942,60.71875,0.14293301105499268,Grad/qkv.lora_B,outputs_dev/vitb16/T=vtab_Q=3bit_L=lora_2_qkv-fc1-proj-fc2/cifar/20260114184203_default_acc=53.50/tensorboard/Grad_qkv.lora_B_block_5/events.out.tfevents.1768387346.master-192-168-8-48.1680.3,qkv.lora_B,5
1768388460.168178,1943,60.75,0.09005218744277954,Grad/qkv.lora_B,outputs_dev/vitb16/T=vtab_Q=3bit_L=lora_2_qkv-fc1-proj-fc2/cifar/20260114184203_default_acc=53.50/tensorboard/Grad_qkv.lora_B_block_5/events.out.tfevents.1768387346.master-192-168-8-48.1680.3,qkv.lora_B,5
1768388460.5735314,1944,60.78125,0.15440873801708221,Grad/qkv.lora_B,outputs_dev/vitb16/T=vtab_Q=3bit_L=lora_2_qkv-fc1-proj-fc2/cifar/20260114184203_default_acc=53.50/tensorboard/Grad_qkv.lora_B_block_5/events.out.tfevents.1768387346.master-192-168-8-48.1680.3,qkv.lora_B,5
1768388460.9801173,1945,60.8125,0.15886205434799194,Grad/qkv.lora_B,outputs_dev/vitb16/T=vtab_Q=3bit_L=lora_2_qkv-fc1-proj-fc2/cifar/20260114184203_default_acc=53.50/tensorboard/Grad_qkv.lora_B_block_5/events.out.tfevents.1768387346.master-192-168-8-48.1680.3,qkv.lora_B,5
1768388461.3861964,1946,60.84375,0.37399035692214966,Grad/qkv.lora_B,outputs_dev/vitb16/T=vtab_Q=3bit_L=lora_2_qkv-fc1-proj-fc2/cifar/20260114184203_default_acc=53.50/tensorboard/Grad_qkv.lora_B_block_5/events.out.tfevents.1768387346.master-192-168-8-48.1680.3,qkv.lora_B,5
1768388461.776168,1947,60.875,0.09161192178726196,Grad/qkv.lora_B,outputs_dev/vitb16/T=vtab_Q=3bit_L=lora_2_qkv-fc1-proj-fc2/cifar/20260114184203_default_acc=53.50/tensorboard/Grad_qkv.lora_B_block_5/events.out.tfevents.1768387346.master-192-168-8-48.1680.3,qkv.lora_B,5
1768388462.1662455,1948,60.90625,0.07604973763227463,Grad/qkv.lora_B,outputs_dev/vitb16/T=vtab_Q=3bit_L=lora_2_qkv-fc1-proj-fc2/cifar/20260114184203_default_acc=53.50/tensorboard/Grad_qkv.lora_B_block_5/events.out.tfevents.1768387346.master-192-168-8-48.1680.3,qkv.lora_B,5
1768388462.5705085,1949,60.9375,0.06016445904970169,Grad/qkv.lora_B,outputs_dev/vitb16/T=vtab_Q=3bit_L=lora_2_qkv-fc1-proj-fc2/cifar/20260114184203_default_acc=53.50/tensorboard/Grad_qkv.lora_B_block_5/events.out.tfevents.1768387346.master-192-168-8-48.1680.3,qkv.lora_B,5
1768388462.9587693,1950,60.96875,0.06118936091661453,Grad/qkv.lora_B,outputs_dev/vitb16/T=vtab_Q=3bit_L=lora_2_qkv-fc1-proj-fc2/cifar/20260114184203_default_acc=53.50/tensorboard/Grad_qkv.lora_B_block_5/events.out.tfevents.1768387346.master-192-168-8-48.1680.3,qkv.lora_B,5
1768388463.1663773,1951,61.0,0.15529289841651917,Grad/qkv.lora_B,outputs_dev/vitb16/T=vtab_Q=3bit_L=lora_2_qkv-fc1-proj-fc2/cifar/20260114184203_default_acc=53.50/tensorboard/Grad_qkv.lora_B_block_5/events.out.tfevents.1768387346.master-192-168-8-48.1680.3,qkv.lora_B,5
1768388501.2053125,1952,61.03125,0.0651351809501648,Grad/qkv.lora_B,outputs_dev/vitb16/T=vtab_Q=3bit_L=lora_2_qkv-fc1-proj-fc2/cifar/20260114184203_default_acc=53.50/tensorboard/Grad_qkv.lora_B_block_5/events.out.tfevents.1768387346.master-192-168-8-48.1680.3,qkv.lora_B,5
1768388501.6098473,1953,61.0625,0.3390401303768158,Grad/qkv.lora_B,outputs_dev/vitb16/T=vtab_Q=3bit_L=lora_2_qkv-fc1-proj-fc2/cifar/20260114184203_default_acc=53.50/tensorboard/Grad_qkv.lora_B_block_5/events.out.tfevents.1768387346.master-192-168-8-48.1680.3,qkv.lora_B,5
1768388502.008601,1954,61.09375,0.03838266804814339,Grad/qkv.lora_B,outputs_dev/vitb16/T=vtab_Q=3bit_L=lora_2_qkv-fc1-proj-fc2/cifar/20260114184203_default_acc=53.50/tensorboard/Grad_qkv.lora_B_block_5/events.out.tfevents.1768387346.master-192-168-8-48.1680.3,qkv.lora_B,5
1768388502.4016478,1955,61.125,0.029411429539322853,Grad/qkv.lora_B,outputs_dev/vitb16/T=vtab_Q=3bit_L=lora_2_qkv-fc1-proj-fc2/cifar/20260114184203_default_acc=53.50/tensorboard/Grad_qkv.lora_B_block_5/events.out.tfevents.1768387346.master-192-168-8-48.1680.3,qkv.lora_B,5
1768388502.79139,1956,61.15625,0.05335775390267372,Grad/qkv.lora_B,outputs_dev/vitb16/T=vtab_Q=3bit_L=lora_2_qkv-fc1-proj-fc2/cifar/20260114184203_default_acc=53.50/tensorboard/Grad_qkv.lora_B_block_5/events.out.tfevents.1768387346.master-192-168-8-48.1680.3,qkv.lora_B,5
1768388503.184199,1957,61.1875,0.0319310799241066,Grad/qkv.lora_B,outputs_dev/vitb16/T=vtab_Q=3bit_L=lora_2_qkv-fc1-proj-fc2/cifar/20260114184203_default_acc=53.50/tensorboard/Grad_qkv.lora_B_block_5/events.out.tfevents.1768387346.master-192-168-8-48.1680.3,qkv.lora_B,5
1768388503.5763714,1958,61.21875,0.06795075535774231,Grad/qkv.lora_B,outputs_dev/vitb16/T=vtab_Q=3bit_L=lora_2_qkv-fc1-proj-fc2/cifar/20260114184203_default_acc=53.50/tensorboard/Grad_qkv.lora_B_block_5/events.out.tfevents.1768387346.master-192-168-8-48.1680.3,qkv.lora_B,5
1768388503.968188,1959,61.25,0.45165154337882996,Grad/qkv.lora_B,outputs_dev/vitb16/T=vtab_Q=3bit_L=lora_2_qkv-fc1-proj-fc2/cifar/20260114184203_default_acc=53.50/tensorboard/Grad_qkv.lora_B_block_5/events.out.tfevents.1768387346.master-192-168-8-48.1680.3,qkv.lora_B,5
1768388504.3595693,1960,61.28125,0.08856293559074402,Grad/qkv.lora_B,outputs_dev/vitb16/T=vtab_Q=3bit_L=lora_2_qkv-fc1-proj-fc2/cifar/20260114184203_default_acc=53.50/tensorboard/Grad_qkv.lora_B_block_5/events.out.tfevents.1768387346.master-192-168-8-48.1680.3,qkv.lora_B,5
1768388504.7520926,1961,61.3125,0.05043897032737732,Grad/qkv.lora_B,outputs_dev/vitb16/T=vtab_Q=3bit_L=lora_2_qkv-fc1-proj-fc2/cifar/20260114184203_default_acc=53.50/tensorboard/Grad_qkv.lora_B_block_5/events.out.tfevents.1768387346.master-192-168-8-48.1680.3,qkv.lora_B,5
1768388505.1447544,1962,61.34375,0.03127405792474747,Grad/qkv.lora_B,outputs_dev/vitb16/T=vtab_Q=3bit_L=lora_2_qkv-fc1-proj-fc2/cifar/20260114184203_default_acc=53.50/tensorboard/Grad_qkv.lora_B_block_5/events.out.tfevents.1768387346.master-192-168-8-48.1680.3,qkv.lora_B,5
1768388505.536109,1963,61.375,0.33637434244155884,Grad/qkv.lora_B,outputs_dev/vitb16/T=vtab_Q=3bit_L=lora_2_qkv-fc1-proj-fc2/cifar/20260114184203_default_acc=53.50/tensorboard/Grad_qkv.lora_B_block_5/events.out.tfevents.1768387346.master-192-168-8-48.1680.3,qkv.lora_B,5
1768388505.9265194,1964,61.40625,0.03365876525640488,Grad/qkv.lora_B,outputs_dev/vitb16/T=vtab_Q=3bit_L=lora_2_qkv-fc1-proj-fc2/cifar/20260114184203_default_acc=53.50/tensorboard/Grad_qkv.lora_B_block_5/events.out.tfevents.1768387346.master-192-168-8-48.1680.3,qkv.lora_B,5
1768388506.3156507,1965,61.4375,0.06770779192447662,Grad/qkv.lora_B,outputs_dev/vitb16/T=vtab_Q=3bit_L=lora_2_qkv-fc1-proj-fc2/cifar/20260114184203_default_acc=53.50/tensorboard/Grad_qkv.lora_B_block_5/events.out.tfevents.1768387346.master-192-168-8-48.1680.3,qkv.lora_B,5
1768388506.7084317,1966,61.46875,0.04167972505092621,Grad/qkv.lora_B,outputs_dev/vitb16/T=vtab_Q=3bit_L=lora_2_qkv-fc1-proj-fc2/cifar/20260114184203_default_acc=53.50/tensorboard/Grad_qkv.lora_B_block_5/events.out.tfevents.1768387346.master-192-168-8-48.1680.3,qkv.lora_B,5
1768388507.1021001,1967,61.5,0.0788244754076004,Grad/qkv.lora_B,outputs_dev/vitb16/T=vtab_Q=3bit_L=lora_2_qkv-fc1-proj-fc2/cifar/20260114184203_default_acc=53.50/tensorboard/Grad_qkv.lora_B_block_5/events.out.tfevents.1768387346.master-192-168-8-48.1680.3,qkv.lora_B,5
1768388507.4942572,1968,61.53125,0.05000375583767891,Grad/qkv.lora_B,outputs_dev/vitb16/T=vtab_Q=3bit_L=lora_2_qkv-fc1-proj-fc2/cifar/20260114184203_default_acc=53.50/tensorboard/Grad_qkv.lora_B_block_5/events.out.tfevents.1768387346.master-192-168-8-48.1680.3,qkv.lora_B,5
1768388507.8975534,1969,61.5625,0.2603206932544708,Grad/qkv.lora_B,outputs_dev/vitb16/T=vtab_Q=3bit_L=lora_2_qkv-fc1-proj-fc2/cifar/20260114184203_default_acc=53.50/tensorboard/Grad_qkv.lora_B_block_5/events.out.tfevents.1768387346.master-192-168-8-48.1680.3,qkv.lora_B,5
1768388508.289265,1970,61.59375,0.03115352988243103,Grad/qkv.lora_B,outputs_dev/vitb16/T=vtab_Q=3bit_L=lora_2_qkv-fc1-proj-fc2/cifar/20260114184203_default_acc=53.50/tensorboard/Grad_qkv.lora_B_block_5/events.out.tfevents.1768387346.master-192-168-8-48.1680.3,qkv.lora_B,5
1768388508.6927373,1971,61.625,0.36103612184524536,Grad/qkv.lora_B,outputs_dev/vitb16/T=vtab_Q=3bit_L=lora_2_qkv-fc1-proj-fc2/cifar/20260114184203_default_acc=53.50/tensorboard/Grad_qkv.lora_B_block_5/events.out.tfevents.1768387346.master-192-168-8-48.1680.3,qkv.lora_B,5
1768388509.1128893,1972,61.65625,0.024844476953148842,Grad/qkv.lora_B,outputs_dev/vitb16/T=vtab_Q=3bit_L=lora_2_qkv-fc1-proj-fc2/cifar/20260114184203_default_acc=53.50/tensorboard/Grad_qkv.lora_B_block_5/events.out.tfevents.1768387346.master-192-168-8-48.1680.3,qkv.lora_B,5
1768388509.5104825,1973,61.6875,0.09288304299116135,Grad/qkv.lora_B,outputs_dev/vitb16/T=vtab_Q=3bit_L=lora_2_qkv-fc1-proj-fc2/cifar/20260114184203_default_acc=53.50/tensorboard/Grad_qkv.lora_B_block_5/events.out.tfevents.1768387346.master-192-168-8-48.1680.3,qkv.lora_B,5
1768388509.903337,1974,61.71875,0.12901698052883148,Grad/qkv.lora_B,outputs_dev/vitb16/T=vtab_Q=3bit_L=lora_2_qkv-fc1-proj-fc2/cifar/20260114184203_default_acc=53.50/tensorboard/Grad_qkv.lora_B_block_5/events.out.tfevents.1768387346.master-192-168-8-48.1680.3,qkv.lora_B,5
1768388510.2969003,1975,61.75,0.2848723530769348,Grad/qkv.lora_B,outputs_dev/vitb16/T=vtab_Q=3bit_L=lora_2_qkv-fc1-proj-fc2/cifar/20260114184203_default_acc=53.50/tensorboard/Grad_qkv.lora_B_block_5/events.out.tfevents.1768387346.master-192-168-8-48.1680.3,qkv.lora_B,5
1768388510.7007542,1976,61.78125,0.4874025583267212,Grad/qkv.lora_B,outputs_dev/vitb16/T=vtab_Q=3bit_L=lora_2_qkv-fc1-proj-fc2/cifar/20260114184203_default_acc=53.50/tensorboard/Grad_qkv.lora_B_block_5/events.out.tfevents.1768387346.master-192-168-8-48.1680.3,qkv.lora_B,5
1768388511.1070225,1977,61.8125,0.27867382764816284,Grad/qkv.lora_B,outputs_dev/vitb16/T=vtab_Q=3bit_L=lora_2_qkv-fc1-proj-fc2/cifar/20260114184203_default_acc=53.50/tensorboard/Grad_qkv.lora_B_block_5/events.out.tfevents.1768387346.master-192-168-8-48.1680.3,qkv.lora_B,5
1768388511.5204623,1978,61.84375,0.07300081849098206,Grad/qkv.lora_B,outputs_dev/vitb16/T=vtab_Q=3bit_L=lora_2_qkv-fc1-proj-fc2/cifar/20260114184203_default_acc=53.50/tensorboard/Grad_qkv.lora_B_block_5/events.out.tfevents.1768387346.master-192-168-8-48.1680.3,qkv.lora_B,5
1768388511.9235573,1979,61.875,0.14017541706562042,Grad/qkv.lora_B,outputs_dev/vitb16/T=vtab_Q=3bit_L=lora_2_qkv-fc1-proj-fc2/cifar/20260114184203_default_acc=53.50/tensorboard/Grad_qkv.lora_B_block_5/events.out.tfevents.1768387346.master-192-168-8-48.1680.3,qkv.lora_B,5
1768388512.3121843,1980,61.90625,0.43711230158805847,Grad/qkv.lora_B,outputs_dev/vitb16/T=vtab_Q=3bit_L=lora_2_qkv-fc1-proj-fc2/cifar/20260114184203_default_acc=53.50/tensorboard/Grad_qkv.lora_B_block_5/events.out.tfevents.1768387346.master-192-168-8-48.1680.3,qkv.lora_B,5
1768388512.7015085,1981,61.9375,0.28438258171081543,Grad/qkv.lora_B,outputs_dev/vitb16/T=vtab_Q=3bit_L=lora_2_qkv-fc1-proj-fc2/cifar/20260114184203_default_acc=53.50/tensorboard/Grad_qkv.lora_B_block_5/events.out.tfevents.1768387346.master-192-168-8-48.1680.3,qkv.lora_B,5
1768388513.106179,1982,61.96875,0.06104857474565506,Grad/qkv.lora_B,outputs_dev/vitb16/T=vtab_Q=3bit_L=lora_2_qkv-fc1-proj-fc2/cifar/20260114184203_default_acc=53.50/tensorboard/Grad_qkv.lora_B_block_5/events.out.tfevents.1768387346.master-192-168-8-48.1680.3,qkv.lora_B,5
1768388513.2899654,1983,62.0,0.0764542892575264,Grad/qkv.lora_B,outputs_dev/vitb16/T=vtab_Q=3bit_L=lora_2_qkv-fc1-proj-fc2/cifar/20260114184203_default_acc=53.50/tensorboard/Grad_qkv.lora_B_block_5/events.out.tfevents.1768387346.master-192-168-8-48.1680.3,qkv.lora_B,5
1768388513.9062953,1984,62.03125,0.038272466510534286,Grad/qkv.lora_B,outputs_dev/vitb16/T=vtab_Q=3bit_L=lora_2_qkv-fc1-proj-fc2/cifar/20260114184203_default_acc=53.50/tensorboard/Grad_qkv.lora_B_block_5/events.out.tfevents.1768387346.master-192-168-8-48.1680.3,qkv.lora_B,5
1768388514.3017983,1985,62.0625,0.07883497327566147,Grad/qkv.lora_B,outputs_dev/vitb16/T=vtab_Q=3bit_L=lora_2_qkv-fc1-proj-fc2/cifar/20260114184203_default_acc=53.50/tensorboard/Grad_qkv.lora_B_block_5/events.out.tfevents.1768387346.master-192-168-8-48.1680.3,qkv.lora_B,5
1768388514.6939485,1986,62.09375,0.06357526779174805,Grad/qkv.lora_B,outputs_dev/vitb16/T=vtab_Q=3bit_L=lora_2_qkv-fc1-proj-fc2/cifar/20260114184203_default_acc=53.50/tensorboard/Grad_qkv.lora_B_block_5/events.out.tfevents.1768387346.master-192-168-8-48.1680.3,qkv.lora_B,5
1768388515.0879965,1987,62.125,0.027938928455114365,Grad/qkv.lora_B,outputs_dev/vitb16/T=vtab_Q=3bit_L=lora_2_qkv-fc1-proj-fc2/cifar/20260114184203_default_acc=53.50/tensorboard/Grad_qkv.lora_B_block_5/events.out.tfevents.1768387346.master-192-168-8-48.1680.3,qkv.lora_B,5
1768388515.4766145,1988,62.15625,0.27812641859054565,Grad/qkv.lora_B,outputs_dev/vitb16/T=vtab_Q=3bit_L=lora_2_qkv-fc1-proj-fc2/cifar/20260114184203_default_acc=53.50/tensorboard/Grad_qkv.lora_B_block_5/events.out.tfevents.1768387346.master-192-168-8-48.1680.3,qkv.lora_B,5
1768388515.8709881,1989,62.1875,0.04656916856765747,Grad/qkv.lora_B,outputs_dev/vitb16/T=vtab_Q=3bit_L=lora_2_qkv-fc1-proj-fc2/cifar/20260114184203_default_acc=53.50/tensorboard/Grad_qkv.lora_B_block_5/events.out.tfevents.1768387346.master-192-168-8-48.1680.3,qkv.lora_B,5
1768388516.2608554,1990,62.21875,0.8752614259719849,Grad/qkv.lora_B,outputs_dev/vitb16/T=vtab_Q=3bit_L=lora_2_qkv-fc1-proj-fc2/cifar/20260114184203_default_acc=53.50/tensorboard/Grad_qkv.lora_B_block_5/events.out.tfevents.1768387346.master-192-168-8-48.1680.3,qkv.lora_B,5
1768388516.6486971,1991,62.25,0.26297420263290405,Grad/qkv.lora_B,outputs_dev/vitb16/T=vtab_Q=3bit_L=lora_2_qkv-fc1-proj-fc2/cifar/20260114184203_default_acc=53.50/tensorboard/Grad_qkv.lora_B_block_5/events.out.tfevents.1768387346.master-192-168-8-48.1680.3,qkv.lora_B,5
1768388517.05267,1992,62.28125,0.14557217061519623,Grad/qkv.lora_B,outputs_dev/vitb16/T=vtab_Q=3bit_L=lora_2_qkv-fc1-proj-fc2/cifar/20260114184203_default_acc=53.50/tensorboard/Grad_qkv.lora_B_block_5/events.out.tfevents.1768387346.master-192-168-8-48.1680.3,qkv.lora_B,5
1768388517.442765,1993,62.3125,0.1448344886302948,Grad/qkv.lora_B,outputs_dev/vitb16/T=vtab_Q=3bit_L=lora_2_qkv-fc1-proj-fc2/cifar/20260114184203_default_acc=53.50/tensorboard/Grad_qkv.lora_B_block_5/events.out.tfevents.1768387346.master-192-168-8-48.1680.3,qkv.lora_B,5
1768388517.8329298,1994,62.34375,0.1966993659734726,Grad/qkv.lora_B,outputs_dev/vitb16/T=vtab_Q=3bit_L=lora_2_qkv-fc1-proj-fc2/cifar/20260114184203_default_acc=53.50/tensorboard/Grad_qkv.lora_B_block_5/events.out.tfevents.1768387346.master-192-168-8-48.1680.3,qkv.lora_B,5
1768388518.2218564,1995,62.375,0.1999891698360443,Grad/qkv.lora_B,outputs_dev/vitb16/T=vtab_Q=3bit_L=lora_2_qkv-fc1-proj-fc2/cifar/20260114184203_default_acc=53.50/tensorboard/Grad_qkv.lora_B_block_5/events.out.tfevents.1768387346.master-192-168-8-48.1680.3,qkv.lora_B,5
1768388518.61143,1996,62.40625,0.06554180383682251,Grad/qkv.lora_B,outputs_dev/vitb16/T=vtab_Q=3bit_L=lora_2_qkv-fc1-proj-fc2/cifar/20260114184203_default_acc=53.50/tensorboard/Grad_qkv.lora_B_block_5/events.out.tfevents.1768387346.master-192-168-8-48.1680.3,qkv.lora_B,5
1768388518.999636,1997,62.4375,0.16689296066761017,Grad/qkv.lora_B,outputs_dev/vitb16/T=vtab_Q=3bit_L=lora_2_qkv-fc1-proj-fc2/cifar/20260114184203_default_acc=53.50/tensorboard/Grad_qkv.lora_B_block_5/events.out.tfevents.1768387346.master-192-168-8-48.1680.3,qkv.lora_B,5
1768388519.403088,1998,62.46875,0.04219743236899376,Grad/qkv.lora_B,outputs_dev/vitb16/T=vtab_Q=3bit_L=lora_2_qkv-fc1-proj-fc2/cifar/20260114184203_default_acc=53.50/tensorboard/Grad_qkv.lora_B_block_5/events.out.tfevents.1768387346.master-192-168-8-48.1680.3,qkv.lora_B,5
1768388519.8083084,1999,62.5,0.06699086725711823,Grad/qkv.lora_B,outputs_dev/vitb16/T=vtab_Q=3bit_L=lora_2_qkv-fc1-proj-fc2/cifar/20260114184203_default_acc=53.50/tensorboard/Grad_qkv.lora_B_block_5/events.out.tfevents.1768387346.master-192-168-8-48.1680.3,qkv.lora_B,5
1768388520.1986525,2000,62.53125,0.07705222070217133,Grad/qkv.lora_B,outputs_dev/vitb16/T=vtab_Q=3bit_L=lora_2_qkv-fc1-proj-fc2/cifar/20260114184203_default_acc=53.50/tensorboard/Grad_qkv.lora_B_block_5/events.out.tfevents.1768387346.master-192-168-8-48.1680.3,qkv.lora_B,5
1768388520.5870848,2001,62.5625,0.1177142933011055,Grad/qkv.lora_B,outputs_dev/vitb16/T=vtab_Q=3bit_L=lora_2_qkv-fc1-proj-fc2/cifar/20260114184203_default_acc=53.50/tensorboard/Grad_qkv.lora_B_block_5/events.out.tfevents.1768387346.master-192-168-8-48.1680.3,qkv.lora_B,5
1768388520.99113,2002,62.59375,0.08176986873149872,Grad/qkv.lora_B,outputs_dev/vitb16/T=vtab_Q=3bit_L=lora_2_qkv-fc1-proj-fc2/cifar/20260114184203_default_acc=53.50/tensorboard/Grad_qkv.lora_B_block_5/events.out.tfevents.1768387346.master-192-168-8-48.1680.3,qkv.lora_B,5
1768388521.394881,2003,62.625,0.0873473733663559,Grad/qkv.lora_B,outputs_dev/vitb16/T=vtab_Q=3bit_L=lora_2_qkv-fc1-proj-fc2/cifar/20260114184203_default_acc=53.50/tensorboard/Grad_qkv.lora_B_block_5/events.out.tfevents.1768387346.master-192-168-8-48.1680.3,qkv.lora_B,5
1768388521.8008418,2004,62.65625,0.06702876836061478,Grad/qkv.lora_B,outputs_dev/vitb16/T=vtab_Q=3bit_L=lora_2_qkv-fc1-proj-fc2/cifar/20260114184203_default_acc=53.50/tensorboard/Grad_qkv.lora_B_block_5/events.out.tfevents.1768387346.master-192-168-8-48.1680.3,qkv.lora_B,5
1768388522.1898422,2005,62.6875,0.08628996461629868,Grad/qkv.lora_B,outputs_dev/vitb16/T=vtab_Q=3bit_L=lora_2_qkv-fc1-proj-fc2/cifar/20260114184203_default_acc=53.50/tensorboard/Grad_qkv.lora_B_block_5/events.out.tfevents.1768387346.master-192-168-8-48.1680.3,qkv.lora_B,5
1768388522.5776024,2006,62.71875,0.3049287497997284,Grad/qkv.lora_B,outputs_dev/vitb16/T=vtab_Q=3bit_L=lora_2_qkv-fc1-proj-fc2/cifar/20260114184203_default_acc=53.50/tensorboard/Grad_qkv.lora_B_block_5/events.out.tfevents.1768387346.master-192-168-8-48.1680.3,qkv.lora_B,5
1768388522.9698231,2007,62.75,0.0993388444185257,Grad/qkv.lora_B,outputs_dev/vitb16/T=vtab_Q=3bit_L=lora_2_qkv-fc1-proj-fc2/cifar/20260114184203_default_acc=53.50/tensorboard/Grad_qkv.lora_B_block_5/events.out.tfevents.1768387346.master-192-168-8-48.1680.3,qkv.lora_B,5
1768388523.3588593,2008,62.78125,0.10902387648820877,Grad/qkv.lora_B,outputs_dev/vitb16/T=vtab_Q=3bit_L=lora_2_qkv-fc1-proj-fc2/cifar/20260114184203_default_acc=53.50/tensorboard/Grad_qkv.lora_B_block_5/events.out.tfevents.1768387346.master-192-168-8-48.1680.3,qkv.lora_B,5
1768388523.747178,2009,62.8125,0.0665416345000267,Grad/qkv.lora_B,outputs_dev/vitb16/T=vtab_Q=3bit_L=lora_2_qkv-fc1-proj-fc2/cifar/20260114184203_default_acc=53.50/tensorboard/Grad_qkv.lora_B_block_5/events.out.tfevents.1768387346.master-192-168-8-48.1680.3,qkv.lora_B,5
1768388524.134263,2010,62.84375,0.1154659315943718,Grad/qkv.lora_B,outputs_dev/vitb16/T=vtab_Q=3bit_L=lora_2_qkv-fc1-proj-fc2/cifar/20260114184203_default_acc=53.50/tensorboard/Grad_qkv.lora_B_block_5/events.out.tfevents.1768387346.master-192-168-8-48.1680.3,qkv.lora_B,5
1768388524.5235515,2011,62.875,0.13306009769439697,Grad/qkv.lora_B,outputs_dev/vitb16/T=vtab_Q=3bit_L=lora_2_qkv-fc1-proj-fc2/cifar/20260114184203_default_acc=53.50/tensorboard/Grad_qkv.lora_B_block_5/events.out.tfevents.1768387346.master-192-168-8-48.1680.3,qkv.lora_B,5
1768388524.903351,2012,62.90625,0.14191661775112152,Grad/qkv.lora_B,outputs_dev/vitb16/T=vtab_Q=3bit_L=lora_2_qkv-fc1-proj-fc2/cifar/20260114184203_default_acc=53.50/tensorboard/Grad_qkv.lora_B_block_5/events.out.tfevents.1768387346.master-192-168-8-48.1680.3,qkv.lora_B,5
1768388525.2920532,2013,62.9375,0.055737998336553574,Grad/qkv.lora_B,outputs_dev/vitb16/T=vtab_Q=3bit_L=lora_2_qkv-fc1-proj-fc2/cifar/20260114184203_default_acc=53.50/tensorboard/Grad_qkv.lora_B_block_5/events.out.tfevents.1768387346.master-192-168-8-48.1680.3,qkv.lora_B,5
1768388525.6802917,2014,62.96875,0.6432846784591675,Grad/qkv.lora_B,outputs_dev/vitb16/T=vtab_Q=3bit_L=lora_2_qkv-fc1-proj-fc2/cifar/20260114184203_default_acc=53.50/tensorboard/Grad_qkv.lora_B_block_5/events.out.tfevents.1768387346.master-192-168-8-48.1680.3,qkv.lora_B,5
1768388525.8888435,2015,63.0,0.09825604408979416,Grad/qkv.lora_B,outputs_dev/vitb16/T=vtab_Q=3bit_L=lora_2_qkv-fc1-proj-fc2/cifar/20260114184203_default_acc=53.50/tensorboard/Grad_qkv.lora_B_block_5/events.out.tfevents.1768387346.master-192-168-8-48.1680.3,qkv.lora_B,5
1768388526.5040534,2016,63.03125,0.0859723836183548,Grad/qkv.lora_B,outputs_dev/vitb16/T=vtab_Q=3bit_L=lora_2_qkv-fc1-proj-fc2/cifar/20260114184203_default_acc=53.50/tensorboard/Grad_qkv.lora_B_block_5/events.out.tfevents.1768387346.master-192-168-8-48.1680.3,qkv.lora_B,5
1768388526.9356892,2017,63.0625,0.1832152009010315,Grad/qkv.lora_B,outputs_dev/vitb16/T=vtab_Q=3bit_L=lora_2_qkv-fc1-proj-fc2/cifar/20260114184203_default_acc=53.50/tensorboard/Grad_qkv.lora_B_block_5/events.out.tfevents.1768387346.master-192-168-8-48.1680.3,qkv.lora_B,5
1768388527.3297675,2018,63.09375,0.20756559073925018,Grad/qkv.lora_B,outputs_dev/vitb16/T=vtab_Q=3bit_L=lora_2_qkv-fc1-proj-fc2/cifar/20260114184203_default_acc=53.50/tensorboard/Grad_qkv.lora_B_block_5/events.out.tfevents.1768387346.master-192-168-8-48.1680.3,qkv.lora_B,5
1768388527.8843532,2019,63.125,0.07914357632398605,Grad/qkv.lora_B,outputs_dev/vitb16/T=vtab_Q=3bit_L=lora_2_qkv-fc1-proj-fc2/cifar/20260114184203_default_acc=53.50/tensorboard/Grad_qkv.lora_B_block_5/events.out.tfevents.1768387346.master-192-168-8-48.1680.3,qkv.lora_B,5
1768388528.2786005,2020,63.15625,0.1956663876771927,Grad/qkv.lora_B,outputs_dev/vitb16/T=vtab_Q=3bit_L=lora_2_qkv-fc1-proj-fc2/cifar/20260114184203_default_acc=53.50/tensorboard/Grad_qkv.lora_B_block_5/events.out.tfevents.1768387346.master-192-168-8-48.1680.3,qkv.lora_B,5
1768388528.664824,2021,63.1875,0.12256021797657013,Grad/qkv.lora_B,outputs_dev/vitb16/T=vtab_Q=3bit_L=lora_2_qkv-fc1-proj-fc2/cifar/20260114184203_default_acc=53.50/tensorboard/Grad_qkv.lora_B_block_5/events.out.tfevents.1768387346.master-192-168-8-48.1680.3,qkv.lora_B,5
1768388529.0714679,2022,63.21875,0.22225292026996613,Grad/qkv.lora_B,outputs_dev/vitb16/T=vtab_Q=3bit_L=lora_2_qkv-fc1-proj-fc2/cifar/20260114184203_default_acc=53.50/tensorboard/Grad_qkv.lora_B_block_5/events.out.tfevents.1768387346.master-192-168-8-48.1680.3,qkv.lora_B,5
1768388529.4605412,2023,63.25,0.06809180229902267,Grad/qkv.lora_B,outputs_dev/vitb16/T=vtab_Q=3bit_L=lora_2_qkv-fc1-proj-fc2/cifar/20260114184203_default_acc=53.50/tensorboard/Grad_qkv.lora_B_block_5/events.out.tfevents.1768387346.master-192-168-8-48.1680.3,qkv.lora_B,5
1768388529.8488443,2024,63.28125,0.08298767358064651,Grad/qkv.lora_B,outputs_dev/vitb16/T=vtab_Q=3bit_L=lora_2_qkv-fc1-proj-fc2/cifar/20260114184203_default_acc=53.50/tensorboard/Grad_qkv.lora_B_block_5/events.out.tfevents.1768387346.master-192-168-8-48.1680.3,qkv.lora_B,5
1768388530.2490969,2025,63.3125,0.15564660727977753,Grad/qkv.lora_B,outputs_dev/vitb16/T=vtab_Q=3bit_L=lora_2_qkv-fc1-proj-fc2/cifar/20260114184203_default_acc=53.50/tensorboard/Grad_qkv.lora_B_block_5/events.out.tfevents.1768387346.master-192-168-8-48.1680.3,qkv.lora_B,5
1768388530.6416366,2026,63.34375,0.05098256096243858,Grad/qkv.lora_B,outputs_dev/vitb16/T=vtab_Q=3bit_L=lora_2_qkv-fc1-proj-fc2/cifar/20260114184203_default_acc=53.50/tensorboard/Grad_qkv.lora_B_block_5/events.out.tfevents.1768387346.master-192-168-8-48.1680.3,qkv.lora_B,5
1768388531.0343623,2027,63.375,0.1331886500120163,Grad/qkv.lora_B,outputs_dev/vitb16/T=vtab_Q=3bit_L=lora_2_qkv-fc1-proj-fc2/cifar/20260114184203_default_acc=53.50/tensorboard/Grad_qkv.lora_B_block_5/events.out.tfevents.1768387346.master-192-168-8-48.1680.3,qkv.lora_B,5
1768388531.4252594,2028,63.40625,0.044796235859394073,Grad/qkv.lora_B,outputs_dev/vitb16/T=vtab_Q=3bit_L=lora_2_qkv-fc1-proj-fc2/cifar/20260114184203_default_acc=53.50/tensorboard/Grad_qkv.lora_B_block_5/events.out.tfevents.1768387346.master-192-168-8-48.1680.3,qkv.lora_B,5
1768388531.8193977,2029,63.4375,0.18543732166290283,Grad/qkv.lora_B,outputs_dev/vitb16/T=vtab_Q=3bit_L=lora_2_qkv-fc1-proj-fc2/cifar/20260114184203_default_acc=53.50/tensorboard/Grad_qkv.lora_B_block_5/events.out.tfevents.1768387346.master-192-168-8-48.1680.3,qkv.lora_B,5
1768388532.2243707,2030,63.46875,0.05172985419631004,Grad/qkv.lora_B,outputs_dev/vitb16/T=vtab_Q=3bit_L=lora_2_qkv-fc1-proj-fc2/cifar/20260114184203_default_acc=53.50/tensorboard/Grad_qkv.lora_B_block_5/events.out.tfevents.1768387346.master-192-168-8-48.1680.3,qkv.lora_B,5
1768388532.6149414,2031,63.5,0.04641365632414818,Grad/qkv.lora_B,outputs_dev/vitb16/T=vtab_Q=3bit_L=lora_2_qkv-fc1-proj-fc2/cifar/20260114184203_default_acc=53.50/tensorboard/Grad_qkv.lora_B_block_5/events.out.tfevents.1768387346.master-192-168-8-48.1680.3,qkv.lora_B,5
1768388533.0171874,2032,63.53125,0.1527787148952484,Grad/qkv.lora_B,outputs_dev/vitb16/T=vtab_Q=3bit_L=lora_2_qkv-fc1-proj-fc2/cifar/20260114184203_default_acc=53.50/tensorboard/Grad_qkv.lora_B_block_5/events.out.tfevents.1768387346.master-192-168-8-48.1680.3,qkv.lora_B,5
1768388533.421561,2033,63.5625,0.05106476694345474,Grad/qkv.lora_B,outputs_dev/vitb16/T=vtab_Q=3bit_L=lora_2_qkv-fc1-proj-fc2/cifar/20260114184203_default_acc=53.50/tensorboard/Grad_qkv.lora_B_block_5/events.out.tfevents.1768387346.master-192-168-8-48.1680.3,qkv.lora_B,5
1768388533.826137,2034,63.59375,0.05251259356737137,Grad/qkv.lora_B,outputs_dev/vitb16/T=vtab_Q=3bit_L=lora_2_qkv-fc1-proj-fc2/cifar/20260114184203_default_acc=53.50/tensorboard/Grad_qkv.lora_B_block_5/events.out.tfevents.1768387346.master-192-168-8-48.1680.3,qkv.lora_B,5
1768388534.2290313,2035,63.625,0.19329148530960083,Grad/qkv.lora_B,outputs_dev/vitb16/T=vtab_Q=3bit_L=lora_2_qkv-fc1-proj-fc2/cifar/20260114184203_default_acc=53.50/tensorboard/Grad_qkv.lora_B_block_5/events.out.tfevents.1768387346.master-192-168-8-48.1680.3,qkv.lora_B,5
1768388534.6040316,2036,63.65625,0.12258931249380112,Grad/qkv.lora_B,outputs_dev/vitb16/T=vtab_Q=3bit_L=lora_2_qkv-fc1-proj-fc2/cifar/20260114184203_default_acc=53.50/tensorboard/Grad_qkv.lora_B_block_5/events.out.tfevents.1768387346.master-192-168-8-48.1680.3,qkv.lora_B,5
1768388534.9872272,2037,63.6875,0.06736744195222855,Grad/qkv.lora_B,outputs_dev/vitb16/T=vtab_Q=3bit_L=lora_2_qkv-fc1-proj-fc2/cifar/20260114184203_default_acc=53.50/tensorboard/Grad_qkv.lora_B_block_5/events.out.tfevents.1768387346.master-192-168-8-48.1680.3,qkv.lora_B,5
1768388535.3638945,2038,63.71875,0.4181569516658783,Grad/qkv.lora_B,outputs_dev/vitb16/T=vtab_Q=3bit_L=lora_2_qkv-fc1-proj-fc2/cifar/20260114184203_default_acc=53.50/tensorboard/Grad_qkv.lora_B_block_5/events.out.tfevents.1768387346.master-192-168-8-48.1680.3,qkv.lora_B,5
1768388535.7366278,2039,63.75,0.05239173024892807,Grad/qkv.lora_B,outputs_dev/vitb16/T=vtab_Q=3bit_L=lora_2_qkv-fc1-proj-fc2/cifar/20260114184203_default_acc=53.50/tensorboard/Grad_qkv.lora_B_block_5/events.out.tfevents.1768387346.master-192-168-8-48.1680.3,qkv.lora_B,5
1768388536.111959,2040,63.78125,0.051860518753528595,Grad/qkv.lora_B,outputs_dev/vitb16/T=vtab_Q=3bit_L=lora_2_qkv-fc1-proj-fc2/cifar/20260114184203_default_acc=53.50/tensorboard/Grad_qkv.lora_B_block_5/events.out.tfevents.1768387346.master-192-168-8-48.1680.3,qkv.lora_B,5
1768388536.4883733,2041,63.8125,0.046825017780065536,Grad/qkv.lora_B,outputs_dev/vitb16/T=vtab_Q=3bit_L=lora_2_qkv-fc1-proj-fc2/cifar/20260114184203_default_acc=53.50/tensorboard/Grad_qkv.lora_B_block_5/events.out.tfevents.1768387346.master-192-168-8-48.1680.3,qkv.lora_B,5
1768388536.863081,2042,63.84375,0.11888514459133148,Grad/qkv.lora_B,outputs_dev/vitb16/T=vtab_Q=3bit_L=lora_2_qkv-fc1-proj-fc2/cifar/20260114184203_default_acc=53.50/tensorboard/Grad_qkv.lora_B_block_5/events.out.tfevents.1768387346.master-192-168-8-48.1680.3,qkv.lora_B,5
1768388537.2416172,2043,63.875,0.20831690728664398,Grad/qkv.lora_B,outputs_dev/vitb16/T=vtab_Q=3bit_L=lora_2_qkv-fc1-proj-fc2/cifar/20260114184203_default_acc=53.50/tensorboard/Grad_qkv.lora_B_block_5/events.out.tfevents.1768387346.master-192-168-8-48.1680.3,qkv.lora_B,5
1768388537.6451924,2044,63.90625,0.17832519114017487,Grad/qkv.lora_B,outputs_dev/vitb16/T=vtab_Q=3bit_L=lora_2_qkv-fc1-proj-fc2/cifar/20260114184203_default_acc=53.50/tensorboard/Grad_qkv.lora_B_block_5/events.out.tfevents.1768387346.master-192-168-8-48.1680.3,qkv.lora_B,5
1768388538.0375025,2045,63.9375,0.0753592923283577,Grad/qkv.lora_B,outputs_dev/vitb16/T=vtab_Q=3bit_L=lora_2_qkv-fc1-proj-fc2/cifar/20260114184203_default_acc=53.50/tensorboard/Grad_qkv.lora_B_block_5/events.out.tfevents.1768387346.master-192-168-8-48.1680.3,qkv.lora_B,5
1768388538.4294138,2046,63.96875,0.10455435514450073,Grad/qkv.lora_B,outputs_dev/vitb16/T=vtab_Q=3bit_L=lora_2_qkv-fc1-proj-fc2/cifar/20260114184203_default_acc=53.50/tensorboard/Grad_qkv.lora_B_block_5/events.out.tfevents.1768387346.master-192-168-8-48.1680.3,qkv.lora_B,5
1768388538.578772,2047,64.0,0.22318442165851593,Grad/qkv.lora_B,outputs_dev/vitb16/T=vtab_Q=3bit_L=lora_2_qkv-fc1-proj-fc2/cifar/20260114184203_default_acc=53.50/tensorboard/Grad_qkv.lora_B_block_5/events.out.tfevents.1768387346.master-192-168-8-48.1680.3,qkv.lora_B,5
1768388539.2334712,2048,64.03125,0.08637170493602753,Grad/qkv.lora_B,outputs_dev/vitb16/T=vtab_Q=3bit_L=lora_2_qkv-fc1-proj-fc2/cifar/20260114184203_default_acc=53.50/tensorboard/Grad_qkv.lora_B_block_5/events.out.tfevents.1768387346.master-192-168-8-48.1680.3,qkv.lora_B,5
1768388539.6187236,2049,64.0625,0.37678125500679016,Grad/qkv.lora_B,outputs_dev/vitb16/T=vtab_Q=3bit_L=lora_2_qkv-fc1-proj-fc2/cifar/20260114184203_default_acc=53.50/tensorboard/Grad_qkv.lora_B_block_5/events.out.tfevents.1768387346.master-192-168-8-48.1680.3,qkv.lora_B,5
1768388540.014458,2050,64.09375,0.054377876222133636,Grad/qkv.lora_B,outputs_dev/vitb16/T=vtab_Q=3bit_L=lora_2_qkv-fc1-proj-fc2/cifar/20260114184203_default_acc=53.50/tensorboard/Grad_qkv.lora_B_block_5/events.out.tfevents.1768387346.master-192-168-8-48.1680.3,qkv.lora_B,5
1768388540.4106798,2051,64.125,0.06641735136508942,Grad/qkv.lora_B,outputs_dev/vitb16/T=vtab_Q=3bit_L=lora_2_qkv-fc1-proj-fc2/cifar/20260114184203_default_acc=53.50/tensorboard/Grad_qkv.lora_B_block_5/events.out.tfevents.1768387346.master-192-168-8-48.1680.3,qkv.lora_B,5
1768388540.805193,2052,64.15625,0.3764539659023285,Grad/qkv.lora_B,outputs_dev/vitb16/T=vtab_Q=3bit_L=lora_2_qkv-fc1-proj-fc2/cifar/20260114184203_default_acc=53.50/tensorboard/Grad_qkv.lora_B_block_5/events.out.tfevents.1768387346.master-192-168-8-48.1680.3,qkv.lora_B,5
1768388541.1991498,2053,64.1875,0.1716255396604538,Grad/qkv.lora_B,outputs_dev/vitb16/T=vtab_Q=3bit_L=lora_2_qkv-fc1-proj-fc2/cifar/20260114184203_default_acc=53.50/tensorboard/Grad_qkv.lora_B_block_5/events.out.tfevents.1768387346.master-192-168-8-48.1680.3,qkv.lora_B,5
1768388541.5933344,2054,64.21875,0.1897357553243637,Grad/qkv.lora_B,outputs_dev/vitb16/T=vtab_Q=3bit_L=lora_2_qkv-fc1-proj-fc2/cifar/20260114184203_default_acc=53.50/tensorboard/Grad_qkv.lora_B_block_5/events.out.tfevents.1768387346.master-192-168-8-48.1680.3,qkv.lora_B,5
1768388541.9891205,2055,64.25,0.6103150248527527,Grad/qkv.lora_B,outputs_dev/vitb16/T=vtab_Q=3bit_L=lora_2_qkv-fc1-proj-fc2/cifar/20260114184203_default_acc=53.50/tensorboard/Grad_qkv.lora_B_block_5/events.out.tfevents.1768387346.master-192-168-8-48.1680.3,qkv.lora_B,5
1768388542.3828893,2056,64.28125,0.03447246551513672,Grad/qkv.lora_B,outputs_dev/vitb16/T=vtab_Q=3bit_L=lora_2_qkv-fc1-proj-fc2/cifar/20260114184203_default_acc=53.50/tensorboard/Grad_qkv.lora_B_block_5/events.out.tfevents.1768387346.master-192-168-8-48.1680.3,qkv.lora_B,5
1768388542.779275,2057,64.3125,0.04758249595761299,Grad/qkv.lora_B,outputs_dev/vitb16/T=vtab_Q=3bit_L=lora_2_qkv-fc1-proj-fc2/cifar/20260114184203_default_acc=53.50/tensorboard/Grad_qkv.lora_B_block_5/events.out.tfevents.1768387346.master-192-168-8-48.1680.3,qkv.lora_B,5
1768388543.1720142,2058,64.34375,0.02757606841623783,Grad/qkv.lora_B,outputs_dev/vitb16/T=vtab_Q=3bit_L=lora_2_qkv-fc1-proj-fc2/cifar/20260114184203_default_acc=53.50/tensorboard/Grad_qkv.lora_B_block_5/events.out.tfevents.1768387346.master-192-168-8-48.1680.3,qkv.lora_B,5
1768388543.566196,2059,64.375,0.04954775422811508,Grad/qkv.lora_B,outputs_dev/vitb16/T=vtab_Q=3bit_L=lora_2_qkv-fc1-proj-fc2/cifar/20260114184203_default_acc=53.50/tensorboard/Grad_qkv.lora_B_block_5/events.out.tfevents.1768387346.master-192-168-8-48.1680.3,qkv.lora_B,5
1768388543.960314,2060,64.40625,0.038079045712947845,Grad/qkv.lora_B,outputs_dev/vitb16/T=vtab_Q=3bit_L=lora_2_qkv-fc1-proj-fc2/cifar/20260114184203_default_acc=53.50/tensorboard/Grad_qkv.lora_B_block_5/events.out.tfevents.1768387346.master-192-168-8-48.1680.3,qkv.lora_B,5
1768388544.3564353,2061,64.4375,0.042633213102817535,Grad/qkv.lora_B,outputs_dev/vitb16/T=vtab_Q=3bit_L=lora_2_qkv-fc1-proj-fc2/cifar/20260114184203_default_acc=53.50/tensorboard/Grad_qkv.lora_B_block_5/events.out.tfevents.1768387346.master-192-168-8-48.1680.3,qkv.lora_B,5
1768388544.750744,2062,64.46875,0.12199380248785019,Grad/qkv.lora_B,outputs_dev/vitb16/T=vtab_Q=3bit_L=lora_2_qkv-fc1-proj-fc2/cifar/20260114184203_default_acc=53.50/tensorboard/Grad_qkv.lora_B_block_5/events.out.tfevents.1768387346.master-192-168-8-48.1680.3,qkv.lora_B,5
1768388545.1434925,2063,64.5,0.21080410480499268,Grad/qkv.lora_B,outputs_dev/vitb16/T=vtab_Q=3bit_L=lora_2_qkv-fc1-proj-fc2/cifar/20260114184203_default_acc=53.50/tensorboard/Grad_qkv.lora_B_block_5/events.out.tfevents.1768387346.master-192-168-8-48.1680.3,qkv.lora_B,5
1768388545.53744,2064,64.53125,0.07720077782869339,Grad/qkv.lora_B,outputs_dev/vitb16/T=vtab_Q=3bit_L=lora_2_qkv-fc1-proj-fc2/cifar/20260114184203_default_acc=53.50/tensorboard/Grad_qkv.lora_B_block_5/events.out.tfevents.1768387346.master-192-168-8-48.1680.3,qkv.lora_B,5
1768388545.939226,2065,64.5625,0.13699743151664734,Grad/qkv.lora_B,outputs_dev/vitb16/T=vtab_Q=3bit_L=lora_2_qkv-fc1-proj-fc2/cifar/20260114184203_default_acc=53.50/tensorboard/Grad_qkv.lora_B_block_5/events.out.tfevents.1768387346.master-192-168-8-48.1680.3,qkv.lora_B,5
1768388546.354149,2066,64.59375,0.08551530539989471,Grad/qkv.lora_B,outputs_dev/vitb16/T=vtab_Q=3bit_L=lora_2_qkv-fc1-proj-fc2/cifar/20260114184203_default_acc=53.50/tensorboard/Grad_qkv.lora_B_block_5/events.out.tfevents.1768387346.master-192-168-8-48.1680.3,qkv.lora_B,5
1768388546.7551305,2067,64.625,0.02937220223248005,Grad/qkv.lora_B,outputs_dev/vitb16/T=vtab_Q=3bit_L=lora_2_qkv-fc1-proj-fc2/cifar/20260114184203_default_acc=53.50/tensorboard/Grad_qkv.lora_B_block_5/events.out.tfevents.1768387346.master-192-168-8-48.1680.3,qkv.lora_B,5
1768388547.152662,2068,64.65625,0.058140385895967484,Grad/qkv.lora_B,outputs_dev/vitb16/T=vtab_Q=3bit_L=lora_2_qkv-fc1-proj-fc2/cifar/20260114184203_default_acc=53.50/tensorboard/Grad_qkv.lora_B_block_5/events.out.tfevents.1768387346.master-192-168-8-48.1680.3,qkv.lora_B,5
1768388547.5482585,2069,64.6875,0.05040773004293442,Grad/qkv.lora_B,outputs_dev/vitb16/T=vtab_Q=3bit_L=lora_2_qkv-fc1-proj-fc2/cifar/20260114184203_default_acc=53.50/tensorboard/Grad_qkv.lora_B_block_5/events.out.tfevents.1768387346.master-192-168-8-48.1680.3,qkv.lora_B,5
1768388547.9479113,2070,64.71875,0.11326431483030319,Grad/qkv.lora_B,outputs_dev/vitb16/T=vtab_Q=3bit_L=lora_2_qkv-fc1-proj-fc2/cifar/20260114184203_default_acc=53.50/tensorboard/Grad_qkv.lora_B_block_5/events.out.tfevents.1768387346.master-192-168-8-48.1680.3,qkv.lora_B,5
1768388548.3447924,2071,64.75,0.0430423878133297,Grad/qkv.lora_B,outputs_dev/vitb16/T=vtab_Q=3bit_L=lora_2_qkv-fc1-proj-fc2/cifar/20260114184203_default_acc=53.50/tensorboard/Grad_qkv.lora_B_block_5/events.out.tfevents.1768387346.master-192-168-8-48.1680.3,qkv.lora_B,5
1768388548.7421443,2072,64.78125,0.059044040739536285,Grad/qkv.lora_B,outputs_dev/vitb16/T=vtab_Q=3bit_L=lora_2_qkv-fc1-proj-fc2/cifar/20260114184203_default_acc=53.50/tensorboard/Grad_qkv.lora_B_block_5/events.out.tfevents.1768387346.master-192-168-8-48.1680.3,qkv.lora_B,5
1768388549.1564913,2073,64.8125,0.19564668834209442,Grad/qkv.lora_B,outputs_dev/vitb16/T=vtab_Q=3bit_L=lora_2_qkv-fc1-proj-fc2/cifar/20260114184203_default_acc=53.50/tensorboard/Grad_qkv.lora_B_block_5/events.out.tfevents.1768387346.master-192-168-8-48.1680.3,qkv.lora_B,5
1768388549.5562747,2074,64.84375,0.042290203273296356,Grad/qkv.lora_B,outputs_dev/vitb16/T=vtab_Q=3bit_L=lora_2_qkv-fc1-proj-fc2/cifar/20260114184203_default_acc=53.50/tensorboard/Grad_qkv.lora_B_block_5/events.out.tfevents.1768387346.master-192-168-8-48.1680.3,qkv.lora_B,5
1768388549.9543586,2075,64.875,0.11053954064846039,Grad/qkv.lora_B,outputs_dev/vitb16/T=vtab_Q=3bit_L=lora_2_qkv-fc1-proj-fc2/cifar/20260114184203_default_acc=53.50/tensorboard/Grad_qkv.lora_B_block_5/events.out.tfevents.1768387346.master-192-168-8-48.1680.3,qkv.lora_B,5
1768388550.3512015,2076,64.90625,0.11909224092960358,Grad/qkv.lora_B,outputs_dev/vitb16/T=vtab_Q=3bit_L=lora_2_qkv-fc1-proj-fc2/cifar/20260114184203_default_acc=53.50/tensorboard/Grad_qkv.lora_B_block_5/events.out.tfevents.1768387346.master-192-168-8-48.1680.3,qkv.lora_B,5
1768388550.7492893,2077,64.9375,0.14148105680942535,Grad/qkv.lora_B,outputs_dev/vitb16/T=vtab_Q=3bit_L=lora_2_qkv-fc1-proj-fc2/cifar/20260114184203_default_acc=53.50/tensorboard/Grad_qkv.lora_B_block_5/events.out.tfevents.1768387346.master-192-168-8-48.1680.3,qkv.lora_B,5
1768388551.1480262,2078,64.96875,0.3133603632450104,Grad/qkv.lora_B,outputs_dev/vitb16/T=vtab_Q=3bit_L=lora_2_qkv-fc1-proj-fc2/cifar/20260114184203_default_acc=53.50/tensorboard/Grad_qkv.lora_B_block_5/events.out.tfevents.1768387346.master-192-168-8-48.1680.3,qkv.lora_B,5
1768388551.350478,2079,65.0,0.06891565024852753,Grad/qkv.lora_B,outputs_dev/vitb16/T=vtab_Q=3bit_L=lora_2_qkv-fc1-proj-fc2/cifar/20260114184203_default_acc=53.50/tensorboard/Grad_qkv.lora_B_block_5/events.out.tfevents.1768387346.master-192-168-8-48.1680.3,qkv.lora_B,5
1768388552.1555789,2080,65.03125,0.1173868402838707,Grad/qkv.lora_B,outputs_dev/vitb16/T=vtab_Q=3bit_L=lora_2_qkv-fc1-proj-fc2/cifar/20260114184203_default_acc=53.50/tensorboard/Grad_qkv.lora_B_block_5/events.out.tfevents.1768387346.master-192-168-8-48.1680.3,qkv.lora_B,5
1768388552.5522416,2081,65.0625,0.060192979872226715,Grad/qkv.lora_B,outputs_dev/vitb16/T=vtab_Q=3bit_L=lora_2_qkv-fc1-proj-fc2/cifar/20260114184203_default_acc=53.50/tensorboard/Grad_qkv.lora_B_block_5/events.out.tfevents.1768387346.master-192-168-8-48.1680.3,qkv.lora_B,5
1768388552.950815,2082,65.09375,0.09023143351078033,Grad/qkv.lora_B,outputs_dev/vitb16/T=vtab_Q=3bit_L=lora_2_qkv-fc1-proj-fc2/cifar/20260114184203_default_acc=53.50/tensorboard/Grad_qkv.lora_B_block_5/events.out.tfevents.1768387346.master-192-168-8-48.1680.3,qkv.lora_B,5
1768388553.3520014,2083,65.125,0.0442701056599617,Grad/qkv.lora_B,outputs_dev/vitb16/T=vtab_Q=3bit_L=lora_2_qkv-fc1-proj-fc2/cifar/20260114184203_default_acc=53.50/tensorboard/Grad_qkv.lora_B_block_5/events.out.tfevents.1768387346.master-192-168-8-48.1680.3,qkv.lora_B,5
1768388553.747109,2084,65.15625,0.05423155799508095,Grad/qkv.lora_B,outputs_dev/vitb16/T=vtab_Q=3bit_L=lora_2_qkv-fc1-proj-fc2/cifar/20260114184203_default_acc=53.50/tensorboard/Grad_qkv.lora_B_block_5/events.out.tfevents.1768387346.master-192-168-8-48.1680.3,qkv.lora_B,5
1768388554.1582987,2085,65.1875,0.048332277685403824,Grad/qkv.lora_B,outputs_dev/vitb16/T=vtab_Q=3bit_L=lora_2_qkv-fc1-proj-fc2/cifar/20260114184203_default_acc=53.50/tensorboard/Grad_qkv.lora_B_block_5/events.out.tfevents.1768387346.master-192-168-8-48.1680.3,qkv.lora_B,5
1768388554.554899,2086,65.21875,0.06174708530306816,Grad/qkv.lora_B,outputs_dev/vitb16/T=vtab_Q=3bit_L=lora_2_qkv-fc1-proj-fc2/cifar/20260114184203_default_acc=53.50/tensorboard/Grad_qkv.lora_B_block_5/events.out.tfevents.1768387346.master-192-168-8-48.1680.3,qkv.lora_B,5
1768388554.9492018,2087,65.25,0.08147169649600983,Grad/qkv.lora_B,outputs_dev/vitb16/T=vtab_Q=3bit_L=lora_2_qkv-fc1-proj-fc2/cifar/20260114184203_default_acc=53.50/tensorboard/Grad_qkv.lora_B_block_5/events.out.tfevents.1768387346.master-192-168-8-48.1680.3,qkv.lora_B,5
1768388555.3453417,2088,65.28125,0.061122093349695206,Grad/qkv.lora_B,outputs_dev/vitb16/T=vtab_Q=3bit_L=lora_2_qkv-fc1-proj-fc2/cifar/20260114184203_default_acc=53.50/tensorboard/Grad_qkv.lora_B_block_5/events.out.tfevents.1768387346.master-192-168-8-48.1680.3,qkv.lora_B,5
1768388555.7389197,2089,65.3125,0.05308177322149277,Grad/qkv.lora_B,outputs_dev/vitb16/T=vtab_Q=3bit_L=lora_2_qkv-fc1-proj-fc2/cifar/20260114184203_default_acc=53.50/tensorboard/Grad_qkv.lora_B_block_5/events.out.tfevents.1768387346.master-192-168-8-48.1680.3,qkv.lora_B,5
1768388556.1353936,2090,65.34375,0.05044789984822273,Grad/qkv.lora_B,outputs_dev/vitb16/T=vtab_Q=3bit_L=lora_2_qkv-fc1-proj-fc2/cifar/20260114184203_default_acc=53.50/tensorboard/Grad_qkv.lora_B_block_5/events.out.tfevents.1768387346.master-192-168-8-48.1680.3,qkv.lora_B,5
1768388556.5351865,2091,65.375,0.042279355227947235,Grad/qkv.lora_B,outputs_dev/vitb16/T=vtab_Q=3bit_L=lora_2_qkv-fc1-proj-fc2/cifar/20260114184203_default_acc=53.50/tensorboard/Grad_qkv.lora_B_block_5/events.out.tfevents.1768387346.master-192-168-8-48.1680.3,qkv.lora_B,5
1768388556.9305825,2092,65.40625,0.041010454297065735,Grad/qkv.lora_B,outputs_dev/vitb16/T=vtab_Q=3bit_L=lora_2_qkv-fc1-proj-fc2/cifar/20260114184203_default_acc=53.50/tensorboard/Grad_qkv.lora_B_block_5/events.out.tfevents.1768387346.master-192-168-8-48.1680.3,qkv.lora_B,5
1768388557.3269463,2093,65.4375,0.23873363435268402,Grad/qkv.lora_B,outputs_dev/vitb16/T=vtab_Q=3bit_L=lora_2_qkv-fc1-proj-fc2/cifar/20260114184203_default_acc=53.50/tensorboard/Grad_qkv.lora_B_block_5/events.out.tfevents.1768387346.master-192-168-8-48.1680.3,qkv.lora_B,5
1768388557.7214308,2094,65.46875,0.04358147457242012,Grad/qkv.lora_B,outputs_dev/vitb16/T=vtab_Q=3bit_L=lora_2_qkv-fc1-proj-fc2/cifar/20260114184203_default_acc=53.50/tensorboard/Grad_qkv.lora_B_block_5/events.out.tfevents.1768387346.master-192-168-8-48.1680.3,qkv.lora_B,5
1768388558.1147196,2095,65.5,0.19411246478557587,Grad/qkv.lora_B,outputs_dev/vitb16/T=vtab_Q=3bit_L=lora_2_qkv-fc1-proj-fc2/cifar/20260114184203_default_acc=53.50/tensorboard/Grad_qkv.lora_B_block_5/events.out.tfevents.1768387346.master-192-168-8-48.1680.3,qkv.lora_B,5
1768388558.510476,2096,65.53125,0.19576995074748993,Grad/qkv.lora_B,outputs_dev/vitb16/T=vtab_Q=3bit_L=lora_2_qkv-fc1-proj-fc2/cifar/20260114184203_default_acc=53.50/tensorboard/Grad_qkv.lora_B_block_5/events.out.tfevents.1768387346.master-192-168-8-48.1680.3,qkv.lora_B,5
1768388558.9110868,2097,65.5625,0.15327224135398865,Grad/qkv.lora_B,outputs_dev/vitb16/T=vtab_Q=3bit_L=lora_2_qkv-fc1-proj-fc2/cifar/20260114184203_default_acc=53.50/tensorboard/Grad_qkv.lora_B_block_5/events.out.tfevents.1768387346.master-192-168-8-48.1680.3,qkv.lora_B,5
1768388559.3098342,2098,65.59375,0.14492107927799225,Grad/qkv.lora_B,outputs_dev/vitb16/T=vtab_Q=3bit_L=lora_2_qkv-fc1-proj-fc2/cifar/20260114184203_default_acc=53.50/tensorboard/Grad_qkv.lora_B_block_5/events.out.tfevents.1768387346.master-192-168-8-48.1680.3,qkv.lora_B,5
1768388559.7225244,2099,65.625,0.06647098809480667,Grad/qkv.lora_B,outputs_dev/vitb16/T=vtab_Q=3bit_L=lora_2_qkv-fc1-proj-fc2/cifar/20260114184203_default_acc=53.50/tensorboard/Grad_qkv.lora_B_block_5/events.out.tfevents.1768387346.master-192-168-8-48.1680.3,qkv.lora_B,5
1768388560.1183808,2100,65.65625,0.1251525729894638,Grad/qkv.lora_B,outputs_dev/vitb16/T=vtab_Q=3bit_L=lora_2_qkv-fc1-proj-fc2/cifar/20260114184203_default_acc=53.50/tensorboard/Grad_qkv.lora_B_block_5/events.out.tfevents.1768387346.master-192-168-8-48.1680.3,qkv.lora_B,5
1768388560.499465,2101,65.6875,0.043783776462078094,Grad/qkv.lora_B,outputs_dev/vitb16/T=vtab_Q=3bit_L=lora_2_qkv-fc1-proj-fc2/cifar/20260114184203_default_acc=53.50/tensorboard/Grad_qkv.lora_B_block_5/events.out.tfevents.1768387346.master-192-168-8-48.1680.3,qkv.lora_B,5
1768388560.877883,2102,65.71875,0.08010250329971313,Grad/qkv.lora_B,outputs_dev/vitb16/T=vtab_Q=3bit_L=lora_2_qkv-fc1-proj-fc2/cifar/20260114184203_default_acc=53.50/tensorboard/Grad_qkv.lora_B_block_5/events.out.tfevents.1768387346.master-192-168-8-48.1680.3,qkv.lora_B,5
1768388561.2823544,2103,65.75,0.08690977096557617,Grad/qkv.lora_B,outputs_dev/vitb16/T=vtab_Q=3bit_L=lora_2_qkv-fc1-proj-fc2/cifar/20260114184203_default_acc=53.50/tensorboard/Grad_qkv.lora_B_block_5/events.out.tfevents.1768387346.master-192-168-8-48.1680.3,qkv.lora_B,5
1768388561.6924295,2104,65.78125,0.4182623028755188,Grad/qkv.lora_B,outputs_dev/vitb16/T=vtab_Q=3bit_L=lora_2_qkv-fc1-proj-fc2/cifar/20260114184203_default_acc=53.50/tensorboard/Grad_qkv.lora_B_block_5/events.out.tfevents.1768387346.master-192-168-8-48.1680.3,qkv.lora_B,5
1768388562.0992756,2105,65.8125,0.06833332777023315,Grad/qkv.lora_B,outputs_dev/vitb16/T=vtab_Q=3bit_L=lora_2_qkv-fc1-proj-fc2/cifar/20260114184203_default_acc=53.50/tensorboard/Grad_qkv.lora_B_block_5/events.out.tfevents.1768387346.master-192-168-8-48.1680.3,qkv.lora_B,5
1768388562.481128,2106,65.84375,0.04660198092460632,Grad/qkv.lora_B,outputs_dev/vitb16/T=vtab_Q=3bit_L=lora_2_qkv-fc1-proj-fc2/cifar/20260114184203_default_acc=53.50/tensorboard/Grad_qkv.lora_B_block_5/events.out.tfevents.1768387346.master-192-168-8-48.1680.3,qkv.lora_B,5
1768388562.8743489,2107,65.875,0.13065458834171295,Grad/qkv.lora_B,outputs_dev/vitb16/T=vtab_Q=3bit_L=lora_2_qkv-fc1-proj-fc2/cifar/20260114184203_default_acc=53.50/tensorboard/Grad_qkv.lora_B_block_5/events.out.tfevents.1768387346.master-192-168-8-48.1680.3,qkv.lora_B,5
1768388563.2645535,2108,65.90625,0.04197743907570839,Grad/qkv.lora_B,outputs_dev/vitb16/T=vtab_Q=3bit_L=lora_2_qkv-fc1-proj-fc2/cifar/20260114184203_default_acc=53.50/tensorboard/Grad_qkv.lora_B_block_5/events.out.tfevents.1768387346.master-192-168-8-48.1680.3,qkv.lora_B,5
1768388563.6578512,2109,65.9375,0.10977154225111008,Grad/qkv.lora_B,outputs_dev/vitb16/T=vtab_Q=3bit_L=lora_2_qkv-fc1-proj-fc2/cifar/20260114184203_default_acc=53.50/tensorboard/Grad_qkv.lora_B_block_5/events.out.tfevents.1768387346.master-192-168-8-48.1680.3,qkv.lora_B,5
1768388564.0480535,2110,65.96875,0.14180107414722443,Grad/qkv.lora_B,outputs_dev/vitb16/T=vtab_Q=3bit_L=lora_2_qkv-fc1-proj-fc2/cifar/20260114184203_default_acc=53.50/tensorboard/Grad_qkv.lora_B_block_5/events.out.tfevents.1768387346.master-192-168-8-48.1680.3,qkv.lora_B,5
1768388564.2374036,2111,66.0,0.056558139622211456,Grad/qkv.lora_B,outputs_dev/vitb16/T=vtab_Q=3bit_L=lora_2_qkv-fc1-proj-fc2/cifar/20260114184203_default_acc=53.50/tensorboard/Grad_qkv.lora_B_block_5/events.out.tfevents.1768387346.master-192-168-8-48.1680.3,qkv.lora_B,5
1768388564.9810205,2112,66.03125,0.017733894288539886,Grad/qkv.lora_B,outputs_dev/vitb16/T=vtab_Q=3bit_L=lora_2_qkv-fc1-proj-fc2/cifar/20260114184203_default_acc=53.50/tensorboard/Grad_qkv.lora_B_block_5/events.out.tfevents.1768387346.master-192-168-8-48.1680.3,qkv.lora_B,5
1768388565.3943992,2113,66.0625,0.2256518006324768,Grad/qkv.lora_B,outputs_dev/vitb16/T=vtab_Q=3bit_L=lora_2_qkv-fc1-proj-fc2/cifar/20260114184203_default_acc=53.50/tensorboard/Grad_qkv.lora_B_block_5/events.out.tfevents.1768387346.master-192-168-8-48.1680.3,qkv.lora_B,5
1768388565.807199,2114,66.09375,0.41887232661247253,Grad/qkv.lora_B,outputs_dev/vitb16/T=vtab_Q=3bit_L=lora_2_qkv-fc1-proj-fc2/cifar/20260114184203_default_acc=53.50/tensorboard/Grad_qkv.lora_B_block_5/events.out.tfevents.1768387346.master-192-168-8-48.1680.3,qkv.lora_B,5
1768388566.2187033,2115,66.125,0.25548645853996277,Grad/qkv.lora_B,outputs_dev/vitb16/T=vtab_Q=3bit_L=lora_2_qkv-fc1-proj-fc2/cifar/20260114184203_default_acc=53.50/tensorboard/Grad_qkv.lora_B_block_5/events.out.tfevents.1768387346.master-192-168-8-48.1680.3,qkv.lora_B,5
1768388566.6290605,2116,66.15625,0.09222738444805145,Grad/qkv.lora_B,outputs_dev/vitb16/T=vtab_Q=3bit_L=lora_2_qkv-fc1-proj-fc2/cifar/20260114184203_default_acc=53.50/tensorboard/Grad_qkv.lora_B_block_5/events.out.tfevents.1768387346.master-192-168-8-48.1680.3,qkv.lora_B,5
1768388567.027025,2117,66.1875,0.07227491587400436,Grad/qkv.lora_B,outputs_dev/vitb16/T=vtab_Q=3bit_L=lora_2_qkv-fc1-proj-fc2/cifar/20260114184203_default_acc=53.50/tensorboard/Grad_qkv.lora_B_block_5/events.out.tfevents.1768387346.master-192-168-8-48.1680.3,qkv.lora_B,5
1768388567.4243228,2118,66.21875,0.07714565098285675,Grad/qkv.lora_B,outputs_dev/vitb16/T=vtab_Q=3bit_L=lora_2_qkv-fc1-proj-fc2/cifar/20260114184203_default_acc=53.50/tensorboard/Grad_qkv.lora_B_block_5/events.out.tfevents.1768387346.master-192-168-8-48.1680.3,qkv.lora_B,5
1768388567.8275707,2119,66.25,0.08180873841047287,Grad/qkv.lora_B,outputs_dev/vitb16/T=vtab_Q=3bit_L=lora_2_qkv-fc1-proj-fc2/cifar/20260114184203_default_acc=53.50/tensorboard/Grad_qkv.lora_B_block_5/events.out.tfevents.1768387346.master-192-168-8-48.1680.3,qkv.lora_B,5
1768388568.2254808,2120,66.28125,0.02951669879257679,Grad/qkv.lora_B,outputs_dev/vitb16/T=vtab_Q=3bit_L=lora_2_qkv-fc1-proj-fc2/cifar/20260114184203_default_acc=53.50/tensorboard/Grad_qkv.lora_B_block_5/events.out.tfevents.1768387346.master-192-168-8-48.1680.3,qkv.lora_B,5
1768388568.6227422,2121,66.3125,0.12701217830181122,Grad/qkv.lora_B,outputs_dev/vitb16/T=vtab_Q=3bit_L=lora_2_qkv-fc1-proj-fc2/cifar/20260114184203_default_acc=53.50/tensorboard/Grad_qkv.lora_B_block_5/events.out.tfevents.1768387346.master-192-168-8-48.1680.3,qkv.lora_B,5
1768388569.0171747,2122,66.34375,1.2179596424102783,Grad/qkv.lora_B,outputs_dev/vitb16/T=vtab_Q=3bit_L=lora_2_qkv-fc1-proj-fc2/cifar/20260114184203_default_acc=53.50/tensorboard/Grad_qkv.lora_B_block_5/events.out.tfevents.1768387346.master-192-168-8-48.1680.3,qkv.lora_B,5
1768388569.4137347,2123,66.375,0.1838408261537552,Grad/qkv.lora_B,outputs_dev/vitb16/T=vtab_Q=3bit_L=lora_2_qkv-fc1-proj-fc2/cifar/20260114184203_default_acc=53.50/tensorboard/Grad_qkv.lora_B_block_5/events.out.tfevents.1768387346.master-192-168-8-48.1680.3,qkv.lora_B,5
1768388569.8106308,2124,66.40625,0.018041830509901047,Grad/qkv.lora_B,outputs_dev/vitb16/T=vtab_Q=3bit_L=lora_2_qkv-fc1-proj-fc2/cifar/20260114184203_default_acc=53.50/tensorboard/Grad_qkv.lora_B_block_5/events.out.tfevents.1768387346.master-192-168-8-48.1680.3,qkv.lora_B,5
1768388570.2092688,2125,66.4375,0.05252388119697571,Grad/qkv.lora_B,outputs_dev/vitb16/T=vtab_Q=3bit_L=lora_2_qkv-fc1-proj-fc2/cifar/20260114184203_default_acc=53.50/tensorboard/Grad_qkv.lora_B_block_5/events.out.tfevents.1768387346.master-192-168-8-48.1680.3,qkv.lora_B,5
1768388570.6035583,2126,66.46875,0.3896522521972656,Grad/qkv.lora_B,outputs_dev/vitb16/T=vtab_Q=3bit_L=lora_2_qkv-fc1-proj-fc2/cifar/20260114184203_default_acc=53.50/tensorboard/Grad_qkv.lora_B_block_5/events.out.tfevents.1768387346.master-192-168-8-48.1680.3,qkv.lora_B,5
1768388571.0009487,2127,66.5,0.1541406363248825,Grad/qkv.lora_B,outputs_dev/vitb16/T=vtab_Q=3bit_L=lora_2_qkv-fc1-proj-fc2/cifar/20260114184203_default_acc=53.50/tensorboard/Grad_qkv.lora_B_block_5/events.out.tfevents.1768387346.master-192-168-8-48.1680.3,qkv.lora_B,5
1768388571.3951876,2128,66.53125,0.26780715584754944,Grad/qkv.lora_B,outputs_dev/vitb16/T=vtab_Q=3bit_L=lora_2_qkv-fc1-proj-fc2/cifar/20260114184203_default_acc=53.50/tensorboard/Grad_qkv.lora_B_block_5/events.out.tfevents.1768387346.master-192-168-8-48.1680.3,qkv.lora_B,5
1768388571.7946992,2129,66.5625,0.5247625112533569,Grad/qkv.lora_B,outputs_dev/vitb16/T=vtab_Q=3bit_L=lora_2_qkv-fc1-proj-fc2/cifar/20260114184203_default_acc=53.50/tensorboard/Grad_qkv.lora_B_block_5/events.out.tfevents.1768387346.master-192-168-8-48.1680.3,qkv.lora_B,5
1768388572.191272,2130,66.59375,0.058191366493701935,Grad/qkv.lora_B,outputs_dev/vitb16/T=vtab_Q=3bit_L=lora_2_qkv-fc1-proj-fc2/cifar/20260114184203_default_acc=53.50/tensorboard/Grad_qkv.lora_B_block_5/events.out.tfevents.1768387346.master-192-168-8-48.1680.3,qkv.lora_B,5
1768388572.5882845,2131,66.625,0.41328805685043335,Grad/qkv.lora_B,outputs_dev/vitb16/T=vtab_Q=3bit_L=lora_2_qkv-fc1-proj-fc2/cifar/20260114184203_default_acc=53.50/tensorboard/Grad_qkv.lora_B_block_5/events.out.tfevents.1768387346.master-192-168-8-48.1680.3,qkv.lora_B,5
1768388572.9850364,2132,66.65625,0.12401880323886871,Grad/qkv.lora_B,outputs_dev/vitb16/T=vtab_Q=3bit_L=lora_2_qkv-fc1-proj-fc2/cifar/20260114184203_default_acc=53.50/tensorboard/Grad_qkv.lora_B_block_5/events.out.tfevents.1768387346.master-192-168-8-48.1680.3,qkv.lora_B,5
1768388573.3809574,2133,66.6875,0.1367882788181305,Grad/qkv.lora_B,outputs_dev/vitb16/T=vtab_Q=3bit_L=lora_2_qkv-fc1-proj-fc2/cifar/20260114184203_default_acc=53.50/tensorboard/Grad_qkv.lora_B_block_5/events.out.tfevents.1768387346.master-192-168-8-48.1680.3,qkv.lora_B,5
1768388573.775953,2134,66.71875,0.1390315592288971,Grad/qkv.lora_B,outputs_dev/vitb16/T=vtab_Q=3bit_L=lora_2_qkv-fc1-proj-fc2/cifar/20260114184203_default_acc=53.50/tensorboard/Grad_qkv.lora_B_block_5/events.out.tfevents.1768387346.master-192-168-8-48.1680.3,qkv.lora_B,5
1768388574.1756482,2135,66.75,0.047568418085575104,Grad/qkv.lora_B,outputs_dev/vitb16/T=vtab_Q=3bit_L=lora_2_qkv-fc1-proj-fc2/cifar/20260114184203_default_acc=53.50/tensorboard/Grad_qkv.lora_B_block_5/events.out.tfevents.1768387346.master-192-168-8-48.1680.3,qkv.lora_B,5
1768388574.6028328,2136,66.78125,0.14288058876991272,Grad/qkv.lora_B,outputs_dev/vitb16/T=vtab_Q=3bit_L=lora_2_qkv-fc1-proj-fc2/cifar/20260114184203_default_acc=53.50/tensorboard/Grad_qkv.lora_B_block_5/events.out.tfevents.1768387346.master-192-168-8-48.1680.3,qkv.lora_B,5
1768388574.9986644,2137,66.8125,0.048114415258169174,Grad/qkv.lora_B,outputs_dev/vitb16/T=vtab_Q=3bit_L=lora_2_qkv-fc1-proj-fc2/cifar/20260114184203_default_acc=53.50/tensorboard/Grad_qkv.lora_B_block_5/events.out.tfevents.1768387346.master-192-168-8-48.1680.3,qkv.lora_B,5
1768388575.3897452,2138,66.84375,0.07226919382810593,Grad/qkv.lora_B,outputs_dev/vitb16/T=vtab_Q=3bit_L=lora_2_qkv-fc1-proj-fc2/cifar/20260114184203_default_acc=53.50/tensorboard/Grad_qkv.lora_B_block_5/events.out.tfevents.1768387346.master-192-168-8-48.1680.3,qkv.lora_B,5
1768388575.7835708,2139,66.875,0.05406513810157776,Grad/qkv.lora_B,outputs_dev/vitb16/T=vtab_Q=3bit_L=lora_2_qkv-fc1-proj-fc2/cifar/20260114184203_default_acc=53.50/tensorboard/Grad_qkv.lora_B_block_5/events.out.tfevents.1768387346.master-192-168-8-48.1680.3,qkv.lora_B,5
1768388576.1769927,2140,66.90625,0.029133573174476624,Grad/qkv.lora_B,outputs_dev/vitb16/T=vtab_Q=3bit_L=lora_2_qkv-fc1-proj-fc2/cifar/20260114184203_default_acc=53.50/tensorboard/Grad_qkv.lora_B_block_5/events.out.tfevents.1768387346.master-192-168-8-48.1680.3,qkv.lora_B,5
1768388576.5682788,2141,66.9375,0.11569076031446457,Grad/qkv.lora_B,outputs_dev/vitb16/T=vtab_Q=3bit_L=lora_2_qkv-fc1-proj-fc2/cifar/20260114184203_default_acc=53.50/tensorboard/Grad_qkv.lora_B_block_5/events.out.tfevents.1768387346.master-192-168-8-48.1680.3,qkv.lora_B,5
1768388576.9619884,2142,66.96875,0.09712730348110199,Grad/qkv.lora_B,outputs_dev/vitb16/T=vtab_Q=3bit_L=lora_2_qkv-fc1-proj-fc2/cifar/20260114184203_default_acc=53.50/tensorboard/Grad_qkv.lora_B_block_5/events.out.tfevents.1768387346.master-192-168-8-48.1680.3,qkv.lora_B,5
1768388577.1137106,2143,67.0,0.0572536438703537,Grad/qkv.lora_B,outputs_dev/vitb16/T=vtab_Q=3bit_L=lora_2_qkv-fc1-proj-fc2/cifar/20260114184203_default_acc=53.50/tensorboard/Grad_qkv.lora_B_block_5/events.out.tfevents.1768387346.master-192-168-8-48.1680.3,qkv.lora_B,5
1768388577.7860515,2144,67.03125,0.05457240715622902,Grad/qkv.lora_B,outputs_dev/vitb16/T=vtab_Q=3bit_L=lora_2_qkv-fc1-proj-fc2/cifar/20260114184203_default_acc=53.50/tensorboard/Grad_qkv.lora_B_block_5/events.out.tfevents.1768387346.master-192-168-8-48.1680.3,qkv.lora_B,5
1768388578.2051249,2145,67.0625,0.059267807751894,Grad/qkv.lora_B,outputs_dev/vitb16/T=vtab_Q=3bit_L=lora_2_qkv-fc1-proj-fc2/cifar/20260114184203_default_acc=53.50/tensorboard/Grad_qkv.lora_B_block_5/events.out.tfevents.1768387346.master-192-168-8-48.1680.3,qkv.lora_B,5
1768388578.6137536,2146,67.09375,0.03478003665804863,Grad/qkv.lora_B,outputs_dev/vitb16/T=vtab_Q=3bit_L=lora_2_qkv-fc1-proj-fc2/cifar/20260114184203_default_acc=53.50/tensorboard/Grad_qkv.lora_B_block_5/events.out.tfevents.1768387346.master-192-168-8-48.1680.3,qkv.lora_B,5
1768388579.0073273,2147,67.125,0.11438561230897903,Grad/qkv.lora_B,outputs_dev/vitb16/T=vtab_Q=3bit_L=lora_2_qkv-fc1-proj-fc2/cifar/20260114184203_default_acc=53.50/tensorboard/Grad_qkv.lora_B_block_5/events.out.tfevents.1768387346.master-192-168-8-48.1680.3,qkv.lora_B,5
1768388579.4030674,2148,67.15625,0.13654348254203796,Grad/qkv.lora_B,outputs_dev/vitb16/T=vtab_Q=3bit_L=lora_2_qkv-fc1-proj-fc2/cifar/20260114184203_default_acc=53.50/tensorboard/Grad_qkv.lora_B_block_5/events.out.tfevents.1768387346.master-192-168-8-48.1680.3,qkv.lora_B,5
1768388579.8009338,2149,67.1875,0.06827910244464874,Grad/qkv.lora_B,outputs_dev/vitb16/T=vtab_Q=3bit_L=lora_2_qkv-fc1-proj-fc2/cifar/20260114184203_default_acc=53.50/tensorboard/Grad_qkv.lora_B_block_5/events.out.tfevents.1768387346.master-192-168-8-48.1680.3,qkv.lora_B,5
1768388580.185623,2150,67.21875,0.29981157183647156,Grad/qkv.lora_B,outputs_dev/vitb16/T=vtab_Q=3bit_L=lora_2_qkv-fc1-proj-fc2/cifar/20260114184203_default_acc=53.50/tensorboard/Grad_qkv.lora_B_block_5/events.out.tfevents.1768387346.master-192-168-8-48.1680.3,qkv.lora_B,5
1768388580.5825498,2151,67.25,0.6664085388183594,Grad/qkv.lora_B,outputs_dev/vitb16/T=vtab_Q=3bit_L=lora_2_qkv-fc1-proj-fc2/cifar/20260114184203_default_acc=53.50/tensorboard/Grad_qkv.lora_B_block_5/events.out.tfevents.1768387346.master-192-168-8-48.1680.3,qkv.lora_B,5
1768388580.9797907,2152,67.28125,0.030945250764489174,Grad/qkv.lora_B,outputs_dev/vitb16/T=vtab_Q=3bit_L=lora_2_qkv-fc1-proj-fc2/cifar/20260114184203_default_acc=53.50/tensorboard/Grad_qkv.lora_B_block_5/events.out.tfevents.1768387346.master-192-168-8-48.1680.3,qkv.lora_B,5
1768388581.3881352,2153,67.3125,0.0973881408572197,Grad/qkv.lora_B,outputs_dev/vitb16/T=vtab_Q=3bit_L=lora_2_qkv-fc1-proj-fc2/cifar/20260114184203_default_acc=53.50/tensorboard/Grad_qkv.lora_B_block_5/events.out.tfevents.1768387346.master-192-168-8-48.1680.3,qkv.lora_B,5
1768388581.7708097,2154,67.34375,0.04680702090263367,Grad/qkv.lora_B,outputs_dev/vitb16/T=vtab_Q=3bit_L=lora_2_qkv-fc1-proj-fc2/cifar/20260114184203_default_acc=53.50/tensorboard/Grad_qkv.lora_B_block_5/events.out.tfevents.1768387346.master-192-168-8-48.1680.3,qkv.lora_B,5
1768388582.1630666,2155,67.375,0.1237546056509018,Grad/qkv.lora_B,outputs_dev/vitb16/T=vtab_Q=3bit_L=lora_2_qkv-fc1-proj-fc2/cifar/20260114184203_default_acc=53.50/tensorboard/Grad_qkv.lora_B_block_5/events.out.tfevents.1768387346.master-192-168-8-48.1680.3,qkv.lora_B,5
1768388582.5585907,2156,67.40625,0.030956918373703957,Grad/qkv.lora_B,outputs_dev/vitb16/T=vtab_Q=3bit_L=lora_2_qkv-fc1-proj-fc2/cifar/20260114184203_default_acc=53.50/tensorboard/Grad_qkv.lora_B_block_5/events.out.tfevents.1768387346.master-192-168-8-48.1680.3,qkv.lora_B,5
1768388582.969884,2157,67.4375,0.14783771336078644,Grad/qkv.lora_B,outputs_dev/vitb16/T=vtab_Q=3bit_L=lora_2_qkv-fc1-proj-fc2/cifar/20260114184203_default_acc=53.50/tensorboard/Grad_qkv.lora_B_block_5/events.out.tfevents.1768387346.master-192-168-8-48.1680.3,qkv.lora_B,5
1768388583.3790455,2158,67.46875,0.06800267845392227,Grad/qkv.lora_B,outputs_dev/vitb16/T=vtab_Q=3bit_L=lora_2_qkv-fc1-proj-fc2/cifar/20260114184203_default_acc=53.50/tensorboard/Grad_qkv.lora_B_block_5/events.out.tfevents.1768387346.master-192-168-8-48.1680.3,qkv.lora_B,5
1768388583.755972,2159,67.5,0.15537229180335999,Grad/qkv.lora_B,outputs_dev/vitb16/T=vtab_Q=3bit_L=lora_2_qkv-fc1-proj-fc2/cifar/20260114184203_default_acc=53.50/tensorboard/Grad_qkv.lora_B_block_5/events.out.tfevents.1768387346.master-192-168-8-48.1680.3,qkv.lora_B,5
1768388584.1604695,2160,67.53125,0.0509502999484539,Grad/qkv.lora_B,outputs_dev/vitb16/T=vtab_Q=3bit_L=lora_2_qkv-fc1-proj-fc2/cifar/20260114184203_default_acc=53.50/tensorboard/Grad_qkv.lora_B_block_5/events.out.tfevents.1768387346.master-192-168-8-48.1680.3,qkv.lora_B,5
1768388584.554269,2161,67.5625,0.033035438507795334,Grad/qkv.lora_B,outputs_dev/vitb16/T=vtab_Q=3bit_L=lora_2_qkv-fc1-proj-fc2/cifar/20260114184203_default_acc=53.50/tensorboard/Grad_qkv.lora_B_block_5/events.out.tfevents.1768387346.master-192-168-8-48.1680.3,qkv.lora_B,5
1768388584.9443195,2162,67.59375,0.049569353461265564,Grad/qkv.lora_B,outputs_dev/vitb16/T=vtab_Q=3bit_L=lora_2_qkv-fc1-proj-fc2/cifar/20260114184203_default_acc=53.50/tensorboard/Grad_qkv.lora_B_block_5/events.out.tfevents.1768387346.master-192-168-8-48.1680.3,qkv.lora_B,5
1768388585.334836,2163,67.625,0.04274950549006462,Grad/qkv.lora_B,outputs_dev/vitb16/T=vtab_Q=3bit_L=lora_2_qkv-fc1-proj-fc2/cifar/20260114184203_default_acc=53.50/tensorboard/Grad_qkv.lora_B_block_5/events.out.tfevents.1768387346.master-192-168-8-48.1680.3,qkv.lora_B,5
1768388585.7264445,2164,67.65625,0.17790891230106354,Grad/qkv.lora_B,outputs_dev/vitb16/T=vtab_Q=3bit_L=lora_2_qkv-fc1-proj-fc2/cifar/20260114184203_default_acc=53.50/tensorboard/Grad_qkv.lora_B_block_5/events.out.tfevents.1768387346.master-192-168-8-48.1680.3,qkv.lora_B,5
1768388586.1169288,2165,67.6875,0.04535333439707756,Grad/qkv.lora_B,outputs_dev/vitb16/T=vtab_Q=3bit_L=lora_2_qkv-fc1-proj-fc2/cifar/20260114184203_default_acc=53.50/tensorboard/Grad_qkv.lora_B_block_5/events.out.tfevents.1768387346.master-192-168-8-48.1680.3,qkv.lora_B,5
1768388586.50655,2166,67.71875,0.07462272047996521,Grad/qkv.lora_B,outputs_dev/vitb16/T=vtab_Q=3bit_L=lora_2_qkv-fc1-proj-fc2/cifar/20260114184203_default_acc=53.50/tensorboard/Grad_qkv.lora_B_block_5/events.out.tfevents.1768387346.master-192-168-8-48.1680.3,qkv.lora_B,5
1768388586.898715,2167,67.75,0.07581956684589386,Grad/qkv.lora_B,outputs_dev/vitb16/T=vtab_Q=3bit_L=lora_2_qkv-fc1-proj-fc2/cifar/20260114184203_default_acc=53.50/tensorboard/Grad_qkv.lora_B_block_5/events.out.tfevents.1768387346.master-192-168-8-48.1680.3,qkv.lora_B,5
1768388587.2875252,2168,67.78125,0.04811367020010948,Grad/qkv.lora_B,outputs_dev/vitb16/T=vtab_Q=3bit_L=lora_2_qkv-fc1-proj-fc2/cifar/20260114184203_default_acc=53.50/tensorboard/Grad_qkv.lora_B_block_5/events.out.tfevents.1768387346.master-192-168-8-48.1680.3,qkv.lora_B,5
1768388587.678028,2169,67.8125,0.11923615634441376,Grad/qkv.lora_B,outputs_dev/vitb16/T=vtab_Q=3bit_L=lora_2_qkv-fc1-proj-fc2/cifar/20260114184203_default_acc=53.50/tensorboard/Grad_qkv.lora_B_block_5/events.out.tfevents.1768387346.master-192-168-8-48.1680.3,qkv.lora_B,5
1768388588.0694237,2170,67.84375,0.04700770601630211,Grad/qkv.lora_B,outputs_dev/vitb16/T=vtab_Q=3bit_L=lora_2_qkv-fc1-proj-fc2/cifar/20260114184203_default_acc=53.50/tensorboard/Grad_qkv.lora_B_block_5/events.out.tfevents.1768387346.master-192-168-8-48.1680.3,qkv.lora_B,5
1768388588.4748702,2171,67.875,0.0418287068605423,Grad/qkv.lora_B,outputs_dev/vitb16/T=vtab_Q=3bit_L=lora_2_qkv-fc1-proj-fc2/cifar/20260114184203_default_acc=53.50/tensorboard/Grad_qkv.lora_B_block_5/events.out.tfevents.1768387346.master-192-168-8-48.1680.3,qkv.lora_B,5
1768388588.882946,2172,67.90625,0.16041713953018188,Grad/qkv.lora_B,outputs_dev/vitb16/T=vtab_Q=3bit_L=lora_2_qkv-fc1-proj-fc2/cifar/20260114184203_default_acc=53.50/tensorboard/Grad_qkv.lora_B_block_5/events.out.tfevents.1768387346.master-192-168-8-48.1680.3,qkv.lora_B,5
1768388589.2706645,2173,67.9375,0.0619165301322937,Grad/qkv.lora_B,outputs_dev/vitb16/T=vtab_Q=3bit_L=lora_2_qkv-fc1-proj-fc2/cifar/20260114184203_default_acc=53.50/tensorboard/Grad_qkv.lora_B_block_5/events.out.tfevents.1768387346.master-192-168-8-48.1680.3,qkv.lora_B,5
1768388589.6600628,2174,67.96875,0.08091830462217331,Grad/qkv.lora_B,outputs_dev/vitb16/T=vtab_Q=3bit_L=lora_2_qkv-fc1-proj-fc2/cifar/20260114184203_default_acc=53.50/tensorboard/Grad_qkv.lora_B_block_5/events.out.tfevents.1768387346.master-192-168-8-48.1680.3,qkv.lora_B,5
1768388589.8482225,2175,68.0,0.2234896719455719,Grad/qkv.lora_B,outputs_dev/vitb16/T=vtab_Q=3bit_L=lora_2_qkv-fc1-proj-fc2/cifar/20260114184203_default_acc=53.50/tensorboard/Grad_qkv.lora_B_block_5/events.out.tfevents.1768387346.master-192-168-8-48.1680.3,qkv.lora_B,5
1768388590.5021322,2176,68.03125,0.0964822843670845,Grad/qkv.lora_B,outputs_dev/vitb16/T=vtab_Q=3bit_L=lora_2_qkv-fc1-proj-fc2/cifar/20260114184203_default_acc=53.50/tensorboard/Grad_qkv.lora_B_block_5/events.out.tfevents.1768387346.master-192-168-8-48.1680.3,qkv.lora_B,5
1768388590.9269505,2177,68.0625,0.19755180180072784,Grad/qkv.lora_B,outputs_dev/vitb16/T=vtab_Q=3bit_L=lora_2_qkv-fc1-proj-fc2/cifar/20260114184203_default_acc=53.50/tensorboard/Grad_qkv.lora_B_block_5/events.out.tfevents.1768387346.master-192-168-8-48.1680.3,qkv.lora_B,5
1768388591.3374405,2178,68.09375,0.04755999147891998,Grad/qkv.lora_B,outputs_dev/vitb16/T=vtab_Q=3bit_L=lora_2_qkv-fc1-proj-fc2/cifar/20260114184203_default_acc=53.50/tensorboard/Grad_qkv.lora_B_block_5/events.out.tfevents.1768387346.master-192-168-8-48.1680.3,qkv.lora_B,5
1768388591.7429504,2179,68.125,0.3061133027076721,Grad/qkv.lora_B,outputs_dev/vitb16/T=vtab_Q=3bit_L=lora_2_qkv-fc1-proj-fc2/cifar/20260114184203_default_acc=53.50/tensorboard/Grad_qkv.lora_B_block_5/events.out.tfevents.1768387346.master-192-168-8-48.1680.3,qkv.lora_B,5
1768388592.1489127,2180,68.15625,0.04834780469536781,Grad/qkv.lora_B,outputs_dev/vitb16/T=vtab_Q=3bit_L=lora_2_qkv-fc1-proj-fc2/cifar/20260114184203_default_acc=53.50/tensorboard/Grad_qkv.lora_B_block_5/events.out.tfevents.1768387346.master-192-168-8-48.1680.3,qkv.lora_B,5
1768388592.5806315,2181,68.1875,0.0507754422724247,Grad/qkv.lora_B,outputs_dev/vitb16/T=vtab_Q=3bit_L=lora_2_qkv-fc1-proj-fc2/cifar/20260114184203_default_acc=53.50/tensorboard/Grad_qkv.lora_B_block_5/events.out.tfevents.1768387346.master-192-168-8-48.1680.3,qkv.lora_B,5
1768388592.9817977,2182,68.21875,0.056850239634513855,Grad/qkv.lora_B,outputs_dev/vitb16/T=vtab_Q=3bit_L=lora_2_qkv-fc1-proj-fc2/cifar/20260114184203_default_acc=53.50/tensorboard/Grad_qkv.lora_B_block_5/events.out.tfevents.1768387346.master-192-168-8-48.1680.3,qkv.lora_B,5
1768388593.3884966,2183,68.25,0.06066759303212166,Grad/qkv.lora_B,outputs_dev/vitb16/T=vtab_Q=3bit_L=lora_2_qkv-fc1-proj-fc2/cifar/20260114184203_default_acc=53.50/tensorboard/Grad_qkv.lora_B_block_5/events.out.tfevents.1768387346.master-192-168-8-48.1680.3,qkv.lora_B,5
1768388593.7802129,2184,68.28125,0.027286164462566376,Grad/qkv.lora_B,outputs_dev/vitb16/T=vtab_Q=3bit_L=lora_2_qkv-fc1-proj-fc2/cifar/20260114184203_default_acc=53.50/tensorboard/Grad_qkv.lora_B_block_5/events.out.tfevents.1768387346.master-192-168-8-48.1680.3,qkv.lora_B,5
1768388594.170793,2185,68.3125,0.037013087421655655,Grad/qkv.lora_B,outputs_dev/vitb16/T=vtab_Q=3bit_L=lora_2_qkv-fc1-proj-fc2/cifar/20260114184203_default_acc=53.50/tensorboard/Grad_qkv.lora_B_block_5/events.out.tfevents.1768387346.master-192-168-8-48.1680.3,qkv.lora_B,5
1768388594.5615396,2186,68.34375,0.05891028419137001,Grad/qkv.lora_B,outputs_dev/vitb16/T=vtab_Q=3bit_L=lora_2_qkv-fc1-proj-fc2/cifar/20260114184203_default_acc=53.50/tensorboard/Grad_qkv.lora_B_block_5/events.out.tfevents.1768387346.master-192-168-8-48.1680.3,qkv.lora_B,5
1768388594.951717,2187,68.375,0.08023913949728012,Grad/qkv.lora_B,outputs_dev/vitb16/T=vtab_Q=3bit_L=lora_2_qkv-fc1-proj-fc2/cifar/20260114184203_default_acc=53.50/tensorboard/Grad_qkv.lora_B_block_5/events.out.tfevents.1768387346.master-192-168-8-48.1680.3,qkv.lora_B,5
1768388595.3464315,2188,68.40625,0.04097292944788933,Grad/qkv.lora_B,outputs_dev/vitb16/T=vtab_Q=3bit_L=lora_2_qkv-fc1-proj-fc2/cifar/20260114184203_default_acc=53.50/tensorboard/Grad_qkv.lora_B_block_5/events.out.tfevents.1768387346.master-192-168-8-48.1680.3,qkv.lora_B,5
1768388595.7516146,2189,68.4375,0.05494674667716026,Grad/qkv.lora_B,outputs_dev/vitb16/T=vtab_Q=3bit_L=lora_2_qkv-fc1-proj-fc2/cifar/20260114184203_default_acc=53.50/tensorboard/Grad_qkv.lora_B_block_5/events.out.tfevents.1768387346.master-192-168-8-48.1680.3,qkv.lora_B,5
1768388596.1410143,2190,68.46875,0.8984639048576355,Grad/qkv.lora_B,outputs_dev/vitb16/T=vtab_Q=3bit_L=lora_2_qkv-fc1-proj-fc2/cifar/20260114184203_default_acc=53.50/tensorboard/Grad_qkv.lora_B_block_5/events.out.tfevents.1768387346.master-192-168-8-48.1680.3,qkv.lora_B,5
1768388596.5308733,2191,68.5,0.03953953832387924,Grad/qkv.lora_B,outputs_dev/vitb16/T=vtab_Q=3bit_L=lora_2_qkv-fc1-proj-fc2/cifar/20260114184203_default_acc=53.50/tensorboard/Grad_qkv.lora_B_block_5/events.out.tfevents.1768387346.master-192-168-8-48.1680.3,qkv.lora_B,5
1768388596.9361439,2192,68.53125,0.06319057941436768,Grad/qkv.lora_B,outputs_dev/vitb16/T=vtab_Q=3bit_L=lora_2_qkv-fc1-proj-fc2/cifar/20260114184203_default_acc=53.50/tensorboard/Grad_qkv.lora_B_block_5/events.out.tfevents.1768387346.master-192-168-8-48.1680.3,qkv.lora_B,5
1768388597.3305886,2193,68.5625,0.11073299497365952,Grad/qkv.lora_B,outputs_dev/vitb16/T=vtab_Q=3bit_L=lora_2_qkv-fc1-proj-fc2/cifar/20260114184203_default_acc=53.50/tensorboard/Grad_qkv.lora_B_block_5/events.out.tfevents.1768387346.master-192-168-8-48.1680.3,qkv.lora_B,5
1768388597.7250564,2194,68.59375,0.025602513924241066,Grad/qkv.lora_B,outputs_dev/vitb16/T=vtab_Q=3bit_L=lora_2_qkv-fc1-proj-fc2/cifar/20260114184203_default_acc=53.50/tensorboard/Grad_qkv.lora_B_block_5/events.out.tfevents.1768387346.master-192-168-8-48.1680.3,qkv.lora_B,5
1768388598.149298,2195,68.625,0.14859531819820404,Grad/qkv.lora_B,outputs_dev/vitb16/T=vtab_Q=3bit_L=lora_2_qkv-fc1-proj-fc2/cifar/20260114184203_default_acc=53.50/tensorboard/Grad_qkv.lora_B_block_5/events.out.tfevents.1768387346.master-192-168-8-48.1680.3,qkv.lora_B,5
1768388598.561277,2196,68.65625,0.07823683321475983,Grad/qkv.lora_B,outputs_dev/vitb16/T=vtab_Q=3bit_L=lora_2_qkv-fc1-proj-fc2/cifar/20260114184203_default_acc=53.50/tensorboard/Grad_qkv.lora_B_block_5/events.out.tfevents.1768387346.master-192-168-8-48.1680.3,qkv.lora_B,5
1768388598.9673908,2197,68.6875,0.045625120401382446,Grad/qkv.lora_B,outputs_dev/vitb16/T=vtab_Q=3bit_L=lora_2_qkv-fc1-proj-fc2/cifar/20260114184203_default_acc=53.50/tensorboard/Grad_qkv.lora_B_block_5/events.out.tfevents.1768387346.master-192-168-8-48.1680.3,qkv.lora_B,5
1768388599.3726406,2198,68.71875,0.7544782757759094,Grad/qkv.lora_B,outputs_dev/vitb16/T=vtab_Q=3bit_L=lora_2_qkv-fc1-proj-fc2/cifar/20260114184203_default_acc=53.50/tensorboard/Grad_qkv.lora_B_block_5/events.out.tfevents.1768387346.master-192-168-8-48.1680.3,qkv.lora_B,5
1768388599.765306,2199,68.75,0.08958746492862701,Grad/qkv.lora_B,outputs_dev/vitb16/T=vtab_Q=3bit_L=lora_2_qkv-fc1-proj-fc2/cifar/20260114184203_default_acc=53.50/tensorboard/Grad_qkv.lora_B_block_5/events.out.tfevents.1768387346.master-192-168-8-48.1680.3,qkv.lora_B,5
1768388600.1579828,2200,68.78125,0.060774024575948715,Grad/qkv.lora_B,outputs_dev/vitb16/T=vtab_Q=3bit_L=lora_2_qkv-fc1-proj-fc2/cifar/20260114184203_default_acc=53.50/tensorboard/Grad_qkv.lora_B_block_5/events.out.tfevents.1768387346.master-192-168-8-48.1680.3,qkv.lora_B,5
1768388600.5501194,2201,68.8125,0.06792157143354416,Grad/qkv.lora_B,outputs_dev/vitb16/T=vtab_Q=3bit_L=lora_2_qkv-fc1-proj-fc2/cifar/20260114184203_default_acc=53.50/tensorboard/Grad_qkv.lora_B_block_5/events.out.tfevents.1768387346.master-192-168-8-48.1680.3,qkv.lora_B,5
1768388600.9417503,2202,68.84375,0.07310682535171509,Grad/qkv.lora_B,outputs_dev/vitb16/T=vtab_Q=3bit_L=lora_2_qkv-fc1-proj-fc2/cifar/20260114184203_default_acc=53.50/tensorboard/Grad_qkv.lora_B_block_5/events.out.tfevents.1768387346.master-192-168-8-48.1680.3,qkv.lora_B,5
1768388601.3343513,2203,68.875,0.06565673649311066,Grad/qkv.lora_B,outputs_dev/vitb16/T=vtab_Q=3bit_L=lora_2_qkv-fc1-proj-fc2/cifar/20260114184203_default_acc=53.50/tensorboard/Grad_qkv.lora_B_block_5/events.out.tfevents.1768387346.master-192-168-8-48.1680.3,qkv.lora_B,5
1768388601.7425075,2204,68.90625,0.029826989397406578,Grad/qkv.lora_B,outputs_dev/vitb16/T=vtab_Q=3bit_L=lora_2_qkv-fc1-proj-fc2/cifar/20260114184203_default_acc=53.50/tensorboard/Grad_qkv.lora_B_block_5/events.out.tfevents.1768387346.master-192-168-8-48.1680.3,qkv.lora_B,5
1768388602.1546612,2205,68.9375,0.06281489878892899,Grad/qkv.lora_B,outputs_dev/vitb16/T=vtab_Q=3bit_L=lora_2_qkv-fc1-proj-fc2/cifar/20260114184203_default_acc=53.50/tensorboard/Grad_qkv.lora_B_block_5/events.out.tfevents.1768387346.master-192-168-8-48.1680.3,qkv.lora_B,5
1768388602.570338,2206,68.96875,0.0841979905962944,Grad/qkv.lora_B,outputs_dev/vitb16/T=vtab_Q=3bit_L=lora_2_qkv-fc1-proj-fc2/cifar/20260114184203_default_acc=53.50/tensorboard/Grad_qkv.lora_B_block_5/events.out.tfevents.1768387346.master-192-168-8-48.1680.3,qkv.lora_B,5
1768388602.7383413,2207,69.0,0.20606929063796997,Grad/qkv.lora_B,outputs_dev/vitb16/T=vtab_Q=3bit_L=lora_2_qkv-fc1-proj-fc2/cifar/20260114184203_default_acc=53.50/tensorboard/Grad_qkv.lora_B_block_5/events.out.tfevents.1768387346.master-192-168-8-48.1680.3,qkv.lora_B,5
1768388603.4935496,2208,69.03125,0.029136236757040024,Grad/qkv.lora_B,outputs_dev/vitb16/T=vtab_Q=3bit_L=lora_2_qkv-fc1-proj-fc2/cifar/20260114184203_default_acc=53.50/tensorboard/Grad_qkv.lora_B_block_5/events.out.tfevents.1768387346.master-192-168-8-48.1680.3,qkv.lora_B,5
1768388603.9023774,2209,69.0625,0.05142667517066002,Grad/qkv.lora_B,outputs_dev/vitb16/T=vtab_Q=3bit_L=lora_2_qkv-fc1-proj-fc2/cifar/20260114184203_default_acc=53.50/tensorboard/Grad_qkv.lora_B_block_5/events.out.tfevents.1768387346.master-192-168-8-48.1680.3,qkv.lora_B,5
1768388604.2969503,2210,69.09375,0.08785219490528107,Grad/qkv.lora_B,outputs_dev/vitb16/T=vtab_Q=3bit_L=lora_2_qkv-fc1-proj-fc2/cifar/20260114184203_default_acc=53.50/tensorboard/Grad_qkv.lora_B_block_5/events.out.tfevents.1768387346.master-192-168-8-48.1680.3,qkv.lora_B,5
1768388604.6900005,2211,69.125,0.0880134254693985,Grad/qkv.lora_B,outputs_dev/vitb16/T=vtab_Q=3bit_L=lora_2_qkv-fc1-proj-fc2/cifar/20260114184203_default_acc=53.50/tensorboard/Grad_qkv.lora_B_block_5/events.out.tfevents.1768387346.master-192-168-8-48.1680.3,qkv.lora_B,5
1768388605.0827484,2212,69.15625,0.04119669646024704,Grad/qkv.lora_B,outputs_dev/vitb16/T=vtab_Q=3bit_L=lora_2_qkv-fc1-proj-fc2/cifar/20260114184203_default_acc=53.50/tensorboard/Grad_qkv.lora_B_block_5/events.out.tfevents.1768387346.master-192-168-8-48.1680.3,qkv.lora_B,5
1768388605.475584,2213,69.1875,0.3889564275741577,Grad/qkv.lora_B,outputs_dev/vitb16/T=vtab_Q=3bit_L=lora_2_qkv-fc1-proj-fc2/cifar/20260114184203_default_acc=53.50/tensorboard/Grad_qkv.lora_B_block_5/events.out.tfevents.1768387346.master-192-168-8-48.1680.3,qkv.lora_B,5
1768388605.8727324,2214,69.21875,0.2747846841812134,Grad/qkv.lora_B,outputs_dev/vitb16/T=vtab_Q=3bit_L=lora_2_qkv-fc1-proj-fc2/cifar/20260114184203_default_acc=53.50/tensorboard/Grad_qkv.lora_B_block_5/events.out.tfevents.1768387346.master-192-168-8-48.1680.3,qkv.lora_B,5
1768388606.2639744,2215,69.25,0.1106627956032753,Grad/qkv.lora_B,outputs_dev/vitb16/T=vtab_Q=3bit_L=lora_2_qkv-fc1-proj-fc2/cifar/20260114184203_default_acc=53.50/tensorboard/Grad_qkv.lora_B_block_5/events.out.tfevents.1768387346.master-192-168-8-48.1680.3,qkv.lora_B,5
1768388606.6596117,2216,69.28125,0.0921032726764679,Grad/qkv.lora_B,outputs_dev/vitb16/T=vtab_Q=3bit_L=lora_2_qkv-fc1-proj-fc2/cifar/20260114184203_default_acc=53.50/tensorboard/Grad_qkv.lora_B_block_5/events.out.tfevents.1768387346.master-192-168-8-48.1680.3,qkv.lora_B,5
1768388607.065279,2217,69.3125,0.14646276831626892,Grad/qkv.lora_B,outputs_dev/vitb16/T=vtab_Q=3bit_L=lora_2_qkv-fc1-proj-fc2/cifar/20260114184203_default_acc=53.50/tensorboard/Grad_qkv.lora_B_block_5/events.out.tfevents.1768387346.master-192-168-8-48.1680.3,qkv.lora_B,5
1768388607.4627702,2218,69.34375,0.4902387857437134,Grad/qkv.lora_B,outputs_dev/vitb16/T=vtab_Q=3bit_L=lora_2_qkv-fc1-proj-fc2/cifar/20260114184203_default_acc=53.50/tensorboard/Grad_qkv.lora_B_block_5/events.out.tfevents.1768387346.master-192-168-8-48.1680.3,qkv.lora_B,5
1768388607.8480783,2219,69.375,0.7383859753608704,Grad/qkv.lora_B,outputs_dev/vitb16/T=vtab_Q=3bit_L=lora_2_qkv-fc1-proj-fc2/cifar/20260114184203_default_acc=53.50/tensorboard/Grad_qkv.lora_B_block_5/events.out.tfevents.1768387346.master-192-168-8-48.1680.3,qkv.lora_B,5
1768388608.2411623,2220,69.40625,0.060142841190099716,Grad/qkv.lora_B,outputs_dev/vitb16/T=vtab_Q=3bit_L=lora_2_qkv-fc1-proj-fc2/cifar/20260114184203_default_acc=53.50/tensorboard/Grad_qkv.lora_B_block_5/events.out.tfevents.1768387346.master-192-168-8-48.1680.3,qkv.lora_B,5
1768388608.6356025,2221,69.4375,0.1313215047121048,Grad/qkv.lora_B,outputs_dev/vitb16/T=vtab_Q=3bit_L=lora_2_qkv-fc1-proj-fc2/cifar/20260114184203_default_acc=53.50/tensorboard/Grad_qkv.lora_B_block_5/events.out.tfevents.1768387346.master-192-168-8-48.1680.3,qkv.lora_B,5
1768388609.0332236,2222,69.46875,0.044169921427965164,Grad/qkv.lora_B,outputs_dev/vitb16/T=vtab_Q=3bit_L=lora_2_qkv-fc1-proj-fc2/cifar/20260114184203_default_acc=53.50/tensorboard/Grad_qkv.lora_B_block_5/events.out.tfevents.1768387346.master-192-168-8-48.1680.3,qkv.lora_B,5
1768388609.4277973,2223,69.5,0.10286026448011398,Grad/qkv.lora_B,outputs_dev/vitb16/T=vtab_Q=3bit_L=lora_2_qkv-fc1-proj-fc2/cifar/20260114184203_default_acc=53.50/tensorboard/Grad_qkv.lora_B_block_5/events.out.tfevents.1768387346.master-192-168-8-48.1680.3,qkv.lora_B,5
1768388609.820256,2224,69.53125,0.11933204531669617,Grad/qkv.lora_B,outputs_dev/vitb16/T=vtab_Q=3bit_L=lora_2_qkv-fc1-proj-fc2/cifar/20260114184203_default_acc=53.50/tensorboard/Grad_qkv.lora_B_block_5/events.out.tfevents.1768387346.master-192-168-8-48.1680.3,qkv.lora_B,5
1768388610.2116816,2225,69.5625,0.06914305686950684,Grad/qkv.lora_B,outputs_dev/vitb16/T=vtab_Q=3bit_L=lora_2_qkv-fc1-proj-fc2/cifar/20260114184203_default_acc=53.50/tensorboard/Grad_qkv.lora_B_block_5/events.out.tfevents.1768387346.master-192-168-8-48.1680.3,qkv.lora_B,5
1768388610.6056032,2226,69.59375,0.05475549399852753,Grad/qkv.lora_B,outputs_dev/vitb16/T=vtab_Q=3bit_L=lora_2_qkv-fc1-proj-fc2/cifar/20260114184203_default_acc=53.50/tensorboard/Grad_qkv.lora_B_block_5/events.out.tfevents.1768387346.master-192-168-8-48.1680.3,qkv.lora_B,5
1768388611.012737,2227,69.625,0.3415146470069885,Grad/qkv.lora_B,outputs_dev/vitb16/T=vtab_Q=3bit_L=lora_2_qkv-fc1-proj-fc2/cifar/20260114184203_default_acc=53.50/tensorboard/Grad_qkv.lora_B_block_5/events.out.tfevents.1768387346.master-192-168-8-48.1680.3,qkv.lora_B,5
1768388611.421501,2228,69.65625,0.10122017562389374,Grad/qkv.lora_B,outputs_dev/vitb16/T=vtab_Q=3bit_L=lora_2_qkv-fc1-proj-fc2/cifar/20260114184203_default_acc=53.50/tensorboard/Grad_qkv.lora_B_block_5/events.out.tfevents.1768387346.master-192-168-8-48.1680.3,qkv.lora_B,5
1768388611.8152423,2229,69.6875,0.048333991318941116,Grad/qkv.lora_B,outputs_dev/vitb16/T=vtab_Q=3bit_L=lora_2_qkv-fc1-proj-fc2/cifar/20260114184203_default_acc=53.50/tensorboard/Grad_qkv.lora_B_block_5/events.out.tfevents.1768387346.master-192-168-8-48.1680.3,qkv.lora_B,5
1768388612.2182257,2230,69.71875,0.02583811990916729,Grad/qkv.lora_B,outputs_dev/vitb16/T=vtab_Q=3bit_L=lora_2_qkv-fc1-proj-fc2/cifar/20260114184203_default_acc=53.50/tensorboard/Grad_qkv.lora_B_block_5/events.out.tfevents.1768387346.master-192-168-8-48.1680.3,qkv.lora_B,5
1768388612.621334,2231,69.75,0.02474738284945488,Grad/qkv.lora_B,outputs_dev/vitb16/T=vtab_Q=3bit_L=lora_2_qkv-fc1-proj-fc2/cifar/20260114184203_default_acc=53.50/tensorboard/Grad_qkv.lora_B_block_5/events.out.tfevents.1768387346.master-192-168-8-48.1680.3,qkv.lora_B,5
1768388613.0251286,2232,69.78125,0.08557815849781036,Grad/qkv.lora_B,outputs_dev/vitb16/T=vtab_Q=3bit_L=lora_2_qkv-fc1-proj-fc2/cifar/20260114184203_default_acc=53.50/tensorboard/Grad_qkv.lora_B_block_5/events.out.tfevents.1768387346.master-192-168-8-48.1680.3,qkv.lora_B,5
1768388613.4294116,2233,69.8125,0.08482500910758972,Grad/qkv.lora_B,outputs_dev/vitb16/T=vtab_Q=3bit_L=lora_2_qkv-fc1-proj-fc2/cifar/20260114184203_default_acc=53.50/tensorboard/Grad_qkv.lora_B_block_5/events.out.tfevents.1768387346.master-192-168-8-48.1680.3,qkv.lora_B,5
1768388613.837608,2234,69.84375,0.20659123361110687,Grad/qkv.lora_B,outputs_dev/vitb16/T=vtab_Q=3bit_L=lora_2_qkv-fc1-proj-fc2/cifar/20260114184203_default_acc=53.50/tensorboard/Grad_qkv.lora_B_block_5/events.out.tfevents.1768387346.master-192-168-8-48.1680.3,qkv.lora_B,5
1768388614.2315598,2235,69.875,0.18112163245677948,Grad/qkv.lora_B,outputs_dev/vitb16/T=vtab_Q=3bit_L=lora_2_qkv-fc1-proj-fc2/cifar/20260114184203_default_acc=53.50/tensorboard/Grad_qkv.lora_B_block_5/events.out.tfevents.1768387346.master-192-168-8-48.1680.3,qkv.lora_B,5
1768388614.622644,2236,69.90625,0.13249844312667847,Grad/qkv.lora_B,outputs_dev/vitb16/T=vtab_Q=3bit_L=lora_2_qkv-fc1-proj-fc2/cifar/20260114184203_default_acc=53.50/tensorboard/Grad_qkv.lora_B_block_5/events.out.tfevents.1768387346.master-192-168-8-48.1680.3,qkv.lora_B,5
1768388615.0144837,2237,69.9375,0.04617674648761749,Grad/qkv.lora_B,outputs_dev/vitb16/T=vtab_Q=3bit_L=lora_2_qkv-fc1-proj-fc2/cifar/20260114184203_default_acc=53.50/tensorboard/Grad_qkv.lora_B_block_5/events.out.tfevents.1768387346.master-192-168-8-48.1680.3,qkv.lora_B,5
1768388615.4000816,2238,69.96875,0.04835062101483345,Grad/qkv.lora_B,outputs_dev/vitb16/T=vtab_Q=3bit_L=lora_2_qkv-fc1-proj-fc2/cifar/20260114184203_default_acc=53.50/tensorboard/Grad_qkv.lora_B_block_5/events.out.tfevents.1768387346.master-192-168-8-48.1680.3,qkv.lora_B,5
1768388615.5502467,2239,70.0,0.1552157998085022,Grad/qkv.lora_B,outputs_dev/vitb16/T=vtab_Q=3bit_L=lora_2_qkv-fc1-proj-fc2/cifar/20260114184203_default_acc=53.50/tensorboard/Grad_qkv.lora_B_block_5/events.out.tfevents.1768387346.master-192-168-8-48.1680.3,qkv.lora_B,5
1768388616.2419713,2240,70.03125,0.07668182998895645,Grad/qkv.lora_B,outputs_dev/vitb16/T=vtab_Q=3bit_L=lora_2_qkv-fc1-proj-fc2/cifar/20260114184203_default_acc=53.50/tensorboard/Grad_qkv.lora_B_block_5/events.out.tfevents.1768387346.master-192-168-8-48.1680.3,qkv.lora_B,5
1768388616.637235,2241,70.0625,0.1571914404630661,Grad/qkv.lora_B,outputs_dev/vitb16/T=vtab_Q=3bit_L=lora_2_qkv-fc1-proj-fc2/cifar/20260114184203_default_acc=53.50/tensorboard/Grad_qkv.lora_B_block_5/events.out.tfevents.1768387346.master-192-168-8-48.1680.3,qkv.lora_B,5
1768388617.0300834,2242,70.09375,0.09737534821033478,Grad/qkv.lora_B,outputs_dev/vitb16/T=vtab_Q=3bit_L=lora_2_qkv-fc1-proj-fc2/cifar/20260114184203_default_acc=53.50/tensorboard/Grad_qkv.lora_B_block_5/events.out.tfevents.1768387346.master-192-168-8-48.1680.3,qkv.lora_B,5
1768388617.408143,2243,70.125,0.13247404992580414,Grad/qkv.lora_B,outputs_dev/vitb16/T=vtab_Q=3bit_L=lora_2_qkv-fc1-proj-fc2/cifar/20260114184203_default_acc=53.50/tensorboard/Grad_qkv.lora_B_block_5/events.out.tfevents.1768387346.master-192-168-8-48.1680.3,qkv.lora_B,5
1768388617.7991917,2244,70.15625,0.1988610476255417,Grad/qkv.lora_B,outputs_dev/vitb16/T=vtab_Q=3bit_L=lora_2_qkv-fc1-proj-fc2/cifar/20260114184203_default_acc=53.50/tensorboard/Grad_qkv.lora_B_block_5/events.out.tfevents.1768387346.master-192-168-8-48.1680.3,qkv.lora_B,5
1768388618.1916237,2245,70.1875,0.030293617397546768,Grad/qkv.lora_B,outputs_dev/vitb16/T=vtab_Q=3bit_L=lora_2_qkv-fc1-proj-fc2/cifar/20260114184203_default_acc=53.50/tensorboard/Grad_qkv.lora_B_block_5/events.out.tfevents.1768387346.master-192-168-8-48.1680.3,qkv.lora_B,5
1768388618.5825083,2246,70.21875,0.08586303144693375,Grad/qkv.lora_B,outputs_dev/vitb16/T=vtab_Q=3bit_L=lora_2_qkv-fc1-proj-fc2/cifar/20260114184203_default_acc=53.50/tensorboard/Grad_qkv.lora_B_block_5/events.out.tfevents.1768387346.master-192-168-8-48.1680.3,qkv.lora_B,5
1768388618.9792109,2247,70.25,0.0357278510928154,Grad/qkv.lora_B,outputs_dev/vitb16/T=vtab_Q=3bit_L=lora_2_qkv-fc1-proj-fc2/cifar/20260114184203_default_acc=53.50/tensorboard/Grad_qkv.lora_B_block_5/events.out.tfevents.1768387346.master-192-168-8-48.1680.3,qkv.lora_B,5
1768388619.3692653,2248,70.28125,0.1492667943239212,Grad/qkv.lora_B,outputs_dev/vitb16/T=vtab_Q=3bit_L=lora_2_qkv-fc1-proj-fc2/cifar/20260114184203_default_acc=53.50/tensorboard/Grad_qkv.lora_B_block_5/events.out.tfevents.1768387346.master-192-168-8-48.1680.3,qkv.lora_B,5
1768388619.759121,2249,70.3125,0.10010094940662384,Grad/qkv.lora_B,outputs_dev/vitb16/T=vtab_Q=3bit_L=lora_2_qkv-fc1-proj-fc2/cifar/20260114184203_default_acc=53.50/tensorboard/Grad_qkv.lora_B_block_5/events.out.tfevents.1768387346.master-192-168-8-48.1680.3,qkv.lora_B,5
1768388620.1548965,2250,70.34375,0.03793288394808769,Grad/qkv.lora_B,outputs_dev/vitb16/T=vtab_Q=3bit_L=lora_2_qkv-fc1-proj-fc2/cifar/20260114184203_default_acc=53.50/tensorboard/Grad_qkv.lora_B_block_5/events.out.tfevents.1768387346.master-192-168-8-48.1680.3,qkv.lora_B,5
1768388620.54835,2251,70.375,0.05758913233876228,Grad/qkv.lora_B,outputs_dev/vitb16/T=vtab_Q=3bit_L=lora_2_qkv-fc1-proj-fc2/cifar/20260114184203_default_acc=53.50/tensorboard/Grad_qkv.lora_B_block_5/events.out.tfevents.1768387346.master-192-168-8-48.1680.3,qkv.lora_B,5
1768388620.9428344,2252,70.40625,0.04289843887090683,Grad/qkv.lora_B,outputs_dev/vitb16/T=vtab_Q=3bit_L=lora_2_qkv-fc1-proj-fc2/cifar/20260114184203_default_acc=53.50/tensorboard/Grad_qkv.lora_B_block_5/events.out.tfevents.1768387346.master-192-168-8-48.1680.3,qkv.lora_B,5
1768388621.3382325,2253,70.4375,0.034469038248062134,Grad/qkv.lora_B,outputs_dev/vitb16/T=vtab_Q=3bit_L=lora_2_qkv-fc1-proj-fc2/cifar/20260114184203_default_acc=53.50/tensorboard/Grad_qkv.lora_B_block_5/events.out.tfevents.1768387346.master-192-168-8-48.1680.3,qkv.lora_B,5
1768388621.7339234,2254,70.46875,0.051627662032842636,Grad/qkv.lora_B,outputs_dev/vitb16/T=vtab_Q=3bit_L=lora_2_qkv-fc1-proj-fc2/cifar/20260114184203_default_acc=53.50/tensorboard/Grad_qkv.lora_B_block_5/events.out.tfevents.1768387346.master-192-168-8-48.1680.3,qkv.lora_B,5
1768388622.1260931,2255,70.5,0.14990182220935822,Grad/qkv.lora_B,outputs_dev/vitb16/T=vtab_Q=3bit_L=lora_2_qkv-fc1-proj-fc2/cifar/20260114184203_default_acc=53.50/tensorboard/Grad_qkv.lora_B_block_5/events.out.tfevents.1768387346.master-192-168-8-48.1680.3,qkv.lora_B,5
1768388622.5182188,2256,70.53125,0.0979892909526825,Grad/qkv.lora_B,outputs_dev/vitb16/T=vtab_Q=3bit_L=lora_2_qkv-fc1-proj-fc2/cifar/20260114184203_default_acc=53.50/tensorboard/Grad_qkv.lora_B_block_5/events.out.tfevents.1768387346.master-192-168-8-48.1680.3,qkv.lora_B,5
1768388622.9106476,2257,70.5625,0.0357578843832016,Grad/qkv.lora_B,outputs_dev/vitb16/T=vtab_Q=3bit_L=lora_2_qkv-fc1-proj-fc2/cifar/20260114184203_default_acc=53.50/tensorboard/Grad_qkv.lora_B_block_5/events.out.tfevents.1768387346.master-192-168-8-48.1680.3,qkv.lora_B,5
1768388623.2888207,2258,70.59375,0.03782176598906517,Grad/qkv.lora_B,outputs_dev/vitb16/T=vtab_Q=3bit_L=lora_2_qkv-fc1-proj-fc2/cifar/20260114184203_default_acc=53.50/tensorboard/Grad_qkv.lora_B_block_5/events.out.tfevents.1768387346.master-192-168-8-48.1680.3,qkv.lora_B,5
1768388623.6660771,2259,70.625,0.18119972944259644,Grad/qkv.lora_B,outputs_dev/vitb16/T=vtab_Q=3bit_L=lora_2_qkv-fc1-proj-fc2/cifar/20260114184203_default_acc=53.50/tensorboard/Grad_qkv.lora_B_block_5/events.out.tfevents.1768387346.master-192-168-8-48.1680.3,qkv.lora_B,5
1768388624.040864,2260,70.65625,0.03398412466049194,Grad/qkv.lora_B,outputs_dev/vitb16/T=vtab_Q=3bit_L=lora_2_qkv-fc1-proj-fc2/cifar/20260114184203_default_acc=53.50/tensorboard/Grad_qkv.lora_B_block_5/events.out.tfevents.1768387346.master-192-168-8-48.1680.3,qkv.lora_B,5
1768388624.4382408,2261,70.6875,0.06902612745761871,Grad/qkv.lora_B,outputs_dev/vitb16/T=vtab_Q=3bit_L=lora_2_qkv-fc1-proj-fc2/cifar/20260114184203_default_acc=53.50/tensorboard/Grad_qkv.lora_B_block_5/events.out.tfevents.1768387346.master-192-168-8-48.1680.3,qkv.lora_B,5
1768388624.830664,2262,70.71875,0.3419359624385834,Grad/qkv.lora_B,outputs_dev/vitb16/T=vtab_Q=3bit_L=lora_2_qkv-fc1-proj-fc2/cifar/20260114184203_default_acc=53.50/tensorboard/Grad_qkv.lora_B_block_5/events.out.tfevents.1768387346.master-192-168-8-48.1680.3,qkv.lora_B,5
1768388625.2213938,2263,70.75,0.2634370028972626,Grad/qkv.lora_B,outputs_dev/vitb16/T=vtab_Q=3bit_L=lora_2_qkv-fc1-proj-fc2/cifar/20260114184203_default_acc=53.50/tensorboard/Grad_qkv.lora_B_block_5/events.out.tfevents.1768387346.master-192-168-8-48.1680.3,qkv.lora_B,5
1768388625.6118715,2264,70.78125,0.037823423743247986,Grad/qkv.lora_B,outputs_dev/vitb16/T=vtab_Q=3bit_L=lora_2_qkv-fc1-proj-fc2/cifar/20260114184203_default_acc=53.50/tensorboard/Grad_qkv.lora_B_block_5/events.out.tfevents.1768387346.master-192-168-8-48.1680.3,qkv.lora_B,5
1768388626.0043077,2265,70.8125,0.0634848028421402,Grad/qkv.lora_B,outputs_dev/vitb16/T=vtab_Q=3bit_L=lora_2_qkv-fc1-proj-fc2/cifar/20260114184203_default_acc=53.50/tensorboard/Grad_qkv.lora_B_block_5/events.out.tfevents.1768387346.master-192-168-8-48.1680.3,qkv.lora_B,5
1768388626.3942008,2266,70.84375,0.03165212273597717,Grad/qkv.lora_B,outputs_dev/vitb16/T=vtab_Q=3bit_L=lora_2_qkv-fc1-proj-fc2/cifar/20260114184203_default_acc=53.50/tensorboard/Grad_qkv.lora_B_block_5/events.out.tfevents.1768387346.master-192-168-8-48.1680.3,qkv.lora_B,5
1768388626.7847924,2267,70.875,0.02931206300854683,Grad/qkv.lora_B,outputs_dev/vitb16/T=vtab_Q=3bit_L=lora_2_qkv-fc1-proj-fc2/cifar/20260114184203_default_acc=53.50/tensorboard/Grad_qkv.lora_B_block_5/events.out.tfevents.1768387346.master-192-168-8-48.1680.3,qkv.lora_B,5
1768388627.175279,2268,70.90625,0.22986379265785217,Grad/qkv.lora_B,outputs_dev/vitb16/T=vtab_Q=3bit_L=lora_2_qkv-fc1-proj-fc2/cifar/20260114184203_default_acc=53.50/tensorboard/Grad_qkv.lora_B_block_5/events.out.tfevents.1768387346.master-192-168-8-48.1680.3,qkv.lora_B,5
1768388627.5736156,2269,70.9375,0.03514132648706436,Grad/qkv.lora_B,outputs_dev/vitb16/T=vtab_Q=3bit_L=lora_2_qkv-fc1-proj-fc2/cifar/20260114184203_default_acc=53.50/tensorboard/Grad_qkv.lora_B_block_5/events.out.tfevents.1768387346.master-192-168-8-48.1680.3,qkv.lora_B,5
1768388627.9774244,2270,70.96875,0.19489407539367676,Grad/qkv.lora_B,outputs_dev/vitb16/T=vtab_Q=3bit_L=lora_2_qkv-fc1-proj-fc2/cifar/20260114184203_default_acc=53.50/tensorboard/Grad_qkv.lora_B_block_5/events.out.tfevents.1768387346.master-192-168-8-48.1680.3,qkv.lora_B,5
1768388628.1738262,2271,71.0,0.0869189128279686,Grad/qkv.lora_B,outputs_dev/vitb16/T=vtab_Q=3bit_L=lora_2_qkv-fc1-proj-fc2/cifar/20260114184203_default_acc=53.50/tensorboard/Grad_qkv.lora_B_block_5/events.out.tfevents.1768387346.master-192-168-8-48.1680.3,qkv.lora_B,5
1768388678.8658051,2272,71.03125,0.08415038138628006,Grad/qkv.lora_B,outputs_dev/vitb16/T=vtab_Q=3bit_L=lora_2_qkv-fc1-proj-fc2/cifar/20260114184203_default_acc=53.50/tensorboard/Grad_qkv.lora_B_block_5/events.out.tfevents.1768387346.master-192-168-8-48.1680.3,qkv.lora_B,5
1768388679.2615275,2273,71.0625,0.10021719336509705,Grad/qkv.lora_B,outputs_dev/vitb16/T=vtab_Q=3bit_L=lora_2_qkv-fc1-proj-fc2/cifar/20260114184203_default_acc=53.50/tensorboard/Grad_qkv.lora_B_block_5/events.out.tfevents.1768387346.master-192-168-8-48.1680.3,qkv.lora_B,5
1768388679.6545403,2274,71.09375,0.20056582987308502,Grad/qkv.lora_B,outputs_dev/vitb16/T=vtab_Q=3bit_L=lora_2_qkv-fc1-proj-fc2/cifar/20260114184203_default_acc=53.50/tensorboard/Grad_qkv.lora_B_block_5/events.out.tfevents.1768387346.master-192-168-8-48.1680.3,qkv.lora_B,5
1768388680.0590754,2275,71.125,0.15058082342147827,Grad/qkv.lora_B,outputs_dev/vitb16/T=vtab_Q=3bit_L=lora_2_qkv-fc1-proj-fc2/cifar/20260114184203_default_acc=53.50/tensorboard/Grad_qkv.lora_B_block_5/events.out.tfevents.1768387346.master-192-168-8-48.1680.3,qkv.lora_B,5
1768388680.4621565,2276,71.15625,0.0597519725561142,Grad/qkv.lora_B,outputs_dev/vitb16/T=vtab_Q=3bit_L=lora_2_qkv-fc1-proj-fc2/cifar/20260114184203_default_acc=53.50/tensorboard/Grad_qkv.lora_B_block_5/events.out.tfevents.1768387346.master-192-168-8-48.1680.3,qkv.lora_B,5
1768388680.8554742,2277,71.1875,0.0553327277302742,Grad/qkv.lora_B,outputs_dev/vitb16/T=vtab_Q=3bit_L=lora_2_qkv-fc1-proj-fc2/cifar/20260114184203_default_acc=53.50/tensorboard/Grad_qkv.lora_B_block_5/events.out.tfevents.1768387346.master-192-168-8-48.1680.3,qkv.lora_B,5
1768388681.2517915,2278,71.21875,0.1680648773908615,Grad/qkv.lora_B,outputs_dev/vitb16/T=vtab_Q=3bit_L=lora_2_qkv-fc1-proj-fc2/cifar/20260114184203_default_acc=53.50/tensorboard/Grad_qkv.lora_B_block_5/events.out.tfevents.1768387346.master-192-168-8-48.1680.3,qkv.lora_B,5
1768388681.6617792,2279,71.25,0.051054127514362335,Grad/qkv.lora_B,outputs_dev/vitb16/T=vtab_Q=3bit_L=lora_2_qkv-fc1-proj-fc2/cifar/20260114184203_default_acc=53.50/tensorboard/Grad_qkv.lora_B_block_5/events.out.tfevents.1768387346.master-192-168-8-48.1680.3,qkv.lora_B,5
1768388682.056381,2280,71.28125,0.04665764793753624,Grad/qkv.lora_B,outputs_dev/vitb16/T=vtab_Q=3bit_L=lora_2_qkv-fc1-proj-fc2/cifar/20260114184203_default_acc=53.50/tensorboard/Grad_qkv.lora_B_block_5/events.out.tfevents.1768387346.master-192-168-8-48.1680.3,qkv.lora_B,5
1768388682.44907,2281,71.3125,0.05988357216119766,Grad/qkv.lora_B,outputs_dev/vitb16/T=vtab_Q=3bit_L=lora_2_qkv-fc1-proj-fc2/cifar/20260114184203_default_acc=53.50/tensorboard/Grad_qkv.lora_B_block_5/events.out.tfevents.1768387346.master-192-168-8-48.1680.3,qkv.lora_B,5
1768388682.839454,2282,71.34375,0.17318202555179596,Grad/qkv.lora_B,outputs_dev/vitb16/T=vtab_Q=3bit_L=lora_2_qkv-fc1-proj-fc2/cifar/20260114184203_default_acc=53.50/tensorboard/Grad_qkv.lora_B_block_5/events.out.tfevents.1768387346.master-192-168-8-48.1680.3,qkv.lora_B,5
1768388683.2489789,2283,71.375,0.02371225506067276,Grad/qkv.lora_B,outputs_dev/vitb16/T=vtab_Q=3bit_L=lora_2_qkv-fc1-proj-fc2/cifar/20260114184203_default_acc=53.50/tensorboard/Grad_qkv.lora_B_block_5/events.out.tfevents.1768387346.master-192-168-8-48.1680.3,qkv.lora_B,5
1768388683.644903,2284,71.40625,0.06640009582042694,Grad/qkv.lora_B,outputs_dev/vitb16/T=vtab_Q=3bit_L=lora_2_qkv-fc1-proj-fc2/cifar/20260114184203_default_acc=53.50/tensorboard/Grad_qkv.lora_B_block_5/events.out.tfevents.1768387346.master-192-168-8-48.1680.3,qkv.lora_B,5
1768388684.0371916,2285,71.4375,0.03401508927345276,Grad/qkv.lora_B,outputs_dev/vitb16/T=vtab_Q=3bit_L=lora_2_qkv-fc1-proj-fc2/cifar/20260114184203_default_acc=53.50/tensorboard/Grad_qkv.lora_B_block_5/events.out.tfevents.1768387346.master-192-168-8-48.1680.3,qkv.lora_B,5
1768388684.4276707,2286,71.46875,0.03928592428565025,Grad/qkv.lora_B,outputs_dev/vitb16/T=vtab_Q=3bit_L=lora_2_qkv-fc1-proj-fc2/cifar/20260114184203_default_acc=53.50/tensorboard/Grad_qkv.lora_B_block_5/events.out.tfevents.1768387346.master-192-168-8-48.1680.3,qkv.lora_B,5
1768388684.8176336,2287,71.5,0.22010177373886108,Grad/qkv.lora_B,outputs_dev/vitb16/T=vtab_Q=3bit_L=lora_2_qkv-fc1-proj-fc2/cifar/20260114184203_default_acc=53.50/tensorboard/Grad_qkv.lora_B_block_5/events.out.tfevents.1768387346.master-192-168-8-48.1680.3,qkv.lora_B,5
1768388685.208906,2288,71.53125,0.0769941583275795,Grad/qkv.lora_B,outputs_dev/vitb16/T=vtab_Q=3bit_L=lora_2_qkv-fc1-proj-fc2/cifar/20260114184203_default_acc=53.50/tensorboard/Grad_qkv.lora_B_block_5/events.out.tfevents.1768387346.master-192-168-8-48.1680.3,qkv.lora_B,5
1768388685.6015935,2289,71.5625,0.08052655309438705,Grad/qkv.lora_B,outputs_dev/vitb16/T=vtab_Q=3bit_L=lora_2_qkv-fc1-proj-fc2/cifar/20260114184203_default_acc=53.50/tensorboard/Grad_qkv.lora_B_block_5/events.out.tfevents.1768387346.master-192-168-8-48.1680.3,qkv.lora_B,5
1768388685.9958465,2290,71.59375,0.37394052743911743,Grad/qkv.lora_B,outputs_dev/vitb16/T=vtab_Q=3bit_L=lora_2_qkv-fc1-proj-fc2/cifar/20260114184203_default_acc=53.50/tensorboard/Grad_qkv.lora_B_block_5/events.out.tfevents.1768387346.master-192-168-8-48.1680.3,qkv.lora_B,5
1768388686.3930492,2291,71.625,0.036085374653339386,Grad/qkv.lora_B,outputs_dev/vitb16/T=vtab_Q=3bit_L=lora_2_qkv-fc1-proj-fc2/cifar/20260114184203_default_acc=53.50/tensorboard/Grad_qkv.lora_B_block_5/events.out.tfevents.1768387346.master-192-168-8-48.1680.3,qkv.lora_B,5
1768388686.8060746,2292,71.65625,0.08839014172554016,Grad/qkv.lora_B,outputs_dev/vitb16/T=vtab_Q=3bit_L=lora_2_qkv-fc1-proj-fc2/cifar/20260114184203_default_acc=53.50/tensorboard/Grad_qkv.lora_B_block_5/events.out.tfevents.1768387346.master-192-168-8-48.1680.3,qkv.lora_B,5
1768388687.216755,2293,71.6875,0.29125505685806274,Grad/qkv.lora_B,outputs_dev/vitb16/T=vtab_Q=3bit_L=lora_2_qkv-fc1-proj-fc2/cifar/20260114184203_default_acc=53.50/tensorboard/Grad_qkv.lora_B_block_5/events.out.tfevents.1768387346.master-192-168-8-48.1680.3,qkv.lora_B,5
1768388687.62088,2294,71.71875,0.1815986931324005,Grad/qkv.lora_B,outputs_dev/vitb16/T=vtab_Q=3bit_L=lora_2_qkv-fc1-proj-fc2/cifar/20260114184203_default_acc=53.50/tensorboard/Grad_qkv.lora_B_block_5/events.out.tfevents.1768387346.master-192-168-8-48.1680.3,qkv.lora_B,5
1768388688.012253,2295,71.75,0.06567907333374023,Grad/qkv.lora_B,outputs_dev/vitb16/T=vtab_Q=3bit_L=lora_2_qkv-fc1-proj-fc2/cifar/20260114184203_default_acc=53.50/tensorboard/Grad_qkv.lora_B_block_5/events.out.tfevents.1768387346.master-192-168-8-48.1680.3,qkv.lora_B,5
1768388688.3900163,2296,71.78125,0.07540611177682877,Grad/qkv.lora_B,outputs_dev/vitb16/T=vtab_Q=3bit_L=lora_2_qkv-fc1-proj-fc2/cifar/20260114184203_default_acc=53.50/tensorboard/Grad_qkv.lora_B_block_5/events.out.tfevents.1768387346.master-192-168-8-48.1680.3,qkv.lora_B,5
1768388688.7801836,2297,71.8125,0.07676669955253601,Grad/qkv.lora_B,outputs_dev/vitb16/T=vtab_Q=3bit_L=lora_2_qkv-fc1-proj-fc2/cifar/20260114184203_default_acc=53.50/tensorboard/Grad_qkv.lora_B_block_5/events.out.tfevents.1768387346.master-192-168-8-48.1680.3,qkv.lora_B,5
1768388689.1720405,2298,71.84375,0.04401472583413124,Grad/qkv.lora_B,outputs_dev/vitb16/T=vtab_Q=3bit_L=lora_2_qkv-fc1-proj-fc2/cifar/20260114184203_default_acc=53.50/tensorboard/Grad_qkv.lora_B_block_5/events.out.tfevents.1768387346.master-192-168-8-48.1680.3,qkv.lora_B,5
1768388689.5563197,2299,71.875,0.057569533586502075,Grad/qkv.lora_B,outputs_dev/vitb16/T=vtab_Q=3bit_L=lora_2_qkv-fc1-proj-fc2/cifar/20260114184203_default_acc=53.50/tensorboard/Grad_qkv.lora_B_block_5/events.out.tfevents.1768387346.master-192-168-8-48.1680.3,qkv.lora_B,5
1768388689.9464767,2300,71.90625,0.0407303124666214,Grad/qkv.lora_B,outputs_dev/vitb16/T=vtab_Q=3bit_L=lora_2_qkv-fc1-proj-fc2/cifar/20260114184203_default_acc=53.50/tensorboard/Grad_qkv.lora_B_block_5/events.out.tfevents.1768387346.master-192-168-8-48.1680.3,qkv.lora_B,5
1768388690.3421028,2301,71.9375,0.09420210123062134,Grad/qkv.lora_B,outputs_dev/vitb16/T=vtab_Q=3bit_L=lora_2_qkv-fc1-proj-fc2/cifar/20260114184203_default_acc=53.50/tensorboard/Grad_qkv.lora_B_block_5/events.out.tfevents.1768387346.master-192-168-8-48.1680.3,qkv.lora_B,5
1768388690.7345943,2302,71.96875,0.03415657952427864,Grad/qkv.lora_B,outputs_dev/vitb16/T=vtab_Q=3bit_L=lora_2_qkv-fc1-proj-fc2/cifar/20260114184203_default_acc=53.50/tensorboard/Grad_qkv.lora_B_block_5/events.out.tfevents.1768387346.master-192-168-8-48.1680.3,qkv.lora_B,5
1768388690.9162354,2303,72.0,0.09867456555366516,Grad/qkv.lora_B,outputs_dev/vitb16/T=vtab_Q=3bit_L=lora_2_qkv-fc1-proj-fc2/cifar/20260114184203_default_acc=53.50/tensorboard/Grad_qkv.lora_B_block_5/events.out.tfevents.1768387346.master-192-168-8-48.1680.3,qkv.lora_B,5
1768388691.534022,2304,72.03125,0.06565035879611969,Grad/qkv.lora_B,outputs_dev/vitb16/T=vtab_Q=3bit_L=lora_2_qkv-fc1-proj-fc2/cifar/20260114184203_default_acc=53.50/tensorboard/Grad_qkv.lora_B_block_5/events.out.tfevents.1768387346.master-192-168-8-48.1680.3,qkv.lora_B,5
1768388691.9156432,2305,72.0625,0.5521894097328186,Grad/qkv.lora_B,outputs_dev/vitb16/T=vtab_Q=3bit_L=lora_2_qkv-fc1-proj-fc2/cifar/20260114184203_default_acc=53.50/tensorboard/Grad_qkv.lora_B_block_5/events.out.tfevents.1768387346.master-192-168-8-48.1680.3,qkv.lora_B,5
1768388692.3083053,2306,72.09375,0.17497260868549347,Grad/qkv.lora_B,outputs_dev/vitb16/T=vtab_Q=3bit_L=lora_2_qkv-fc1-proj-fc2/cifar/20260114184203_default_acc=53.50/tensorboard/Grad_qkv.lora_B_block_5/events.out.tfevents.1768387346.master-192-168-8-48.1680.3,qkv.lora_B,5
1768388692.6899118,2307,72.125,0.4572911858558655,Grad/qkv.lora_B,outputs_dev/vitb16/T=vtab_Q=3bit_L=lora_2_qkv-fc1-proj-fc2/cifar/20260114184203_default_acc=53.50/tensorboard/Grad_qkv.lora_B_block_5/events.out.tfevents.1768387346.master-192-168-8-48.1680.3,qkv.lora_B,5
1768388693.0711894,2308,72.15625,0.03604725003242493,Grad/qkv.lora_B,outputs_dev/vitb16/T=vtab_Q=3bit_L=lora_2_qkv-fc1-proj-fc2/cifar/20260114184203_default_acc=53.50/tensorboard/Grad_qkv.lora_B_block_5/events.out.tfevents.1768387346.master-192-168-8-48.1680.3,qkv.lora_B,5
1768388693.446592,2309,72.1875,0.10721157491207123,Grad/qkv.lora_B,outputs_dev/vitb16/T=vtab_Q=3bit_L=lora_2_qkv-fc1-proj-fc2/cifar/20260114184203_default_acc=53.50/tensorboard/Grad_qkv.lora_B_block_5/events.out.tfevents.1768387346.master-192-168-8-48.1680.3,qkv.lora_B,5
1768388693.825425,2310,72.21875,0.015454588457942009,Grad/qkv.lora_B,outputs_dev/vitb16/T=vtab_Q=3bit_L=lora_2_qkv-fc1-proj-fc2/cifar/20260114184203_default_acc=53.50/tensorboard/Grad_qkv.lora_B_block_5/events.out.tfevents.1768387346.master-192-168-8-48.1680.3,qkv.lora_B,5
1768388694.230937,2311,72.25,0.13594891130924225,Grad/qkv.lora_B,outputs_dev/vitb16/T=vtab_Q=3bit_L=lora_2_qkv-fc1-proj-fc2/cifar/20260114184203_default_acc=53.50/tensorboard/Grad_qkv.lora_B_block_5/events.out.tfevents.1768387346.master-192-168-8-48.1680.3,qkv.lora_B,5
1768388694.6322405,2312,72.28125,0.1013452485203743,Grad/qkv.lora_B,outputs_dev/vitb16/T=vtab_Q=3bit_L=lora_2_qkv-fc1-proj-fc2/cifar/20260114184203_default_acc=53.50/tensorboard/Grad_qkv.lora_B_block_5/events.out.tfevents.1768387346.master-192-168-8-48.1680.3,qkv.lora_B,5
1768388695.0081592,2313,72.3125,0.14052462577819824,Grad/qkv.lora_B,outputs_dev/vitb16/T=vtab_Q=3bit_L=lora_2_qkv-fc1-proj-fc2/cifar/20260114184203_default_acc=53.50/tensorboard/Grad_qkv.lora_B_block_5/events.out.tfevents.1768387346.master-192-168-8-48.1680.3,qkv.lora_B,5
1768388695.3959253,2314,72.34375,0.11659958213567734,Grad/qkv.lora_B,outputs_dev/vitb16/T=vtab_Q=3bit_L=lora_2_qkv-fc1-proj-fc2/cifar/20260114184203_default_acc=53.50/tensorboard/Grad_qkv.lora_B_block_5/events.out.tfevents.1768387346.master-192-168-8-48.1680.3,qkv.lora_B,5
1768388695.778267,2315,72.375,0.06881353259086609,Grad/qkv.lora_B,outputs_dev/vitb16/T=vtab_Q=3bit_L=lora_2_qkv-fc1-proj-fc2/cifar/20260114184203_default_acc=53.50/tensorboard/Grad_qkv.lora_B_block_5/events.out.tfevents.1768387346.master-192-168-8-48.1680.3,qkv.lora_B,5
1768388696.1848533,2316,72.40625,0.1004781499505043,Grad/qkv.lora_B,outputs_dev/vitb16/T=vtab_Q=3bit_L=lora_2_qkv-fc1-proj-fc2/cifar/20260114184203_default_acc=53.50/tensorboard/Grad_qkv.lora_B_block_5/events.out.tfevents.1768387346.master-192-168-8-48.1680.3,qkv.lora_B,5
1768388696.5745263,2317,72.4375,0.05157788097858429,Grad/qkv.lora_B,outputs_dev/vitb16/T=vtab_Q=3bit_L=lora_2_qkv-fc1-proj-fc2/cifar/20260114184203_default_acc=53.50/tensorboard/Grad_qkv.lora_B_block_5/events.out.tfevents.1768387346.master-192-168-8-48.1680.3,qkv.lora_B,5
1768388696.964032,2318,72.46875,1.1578640937805176,Grad/qkv.lora_B,outputs_dev/vitb16/T=vtab_Q=3bit_L=lora_2_qkv-fc1-proj-fc2/cifar/20260114184203_default_acc=53.50/tensorboard/Grad_qkv.lora_B_block_5/events.out.tfevents.1768387346.master-192-168-8-48.1680.3,qkv.lora_B,5
1768388697.3519368,2319,72.5,0.0915738195180893,Grad/qkv.lora_B,outputs_dev/vitb16/T=vtab_Q=3bit_L=lora_2_qkv-fc1-proj-fc2/cifar/20260114184203_default_acc=53.50/tensorboard/Grad_qkv.lora_B_block_5/events.out.tfevents.1768387346.master-192-168-8-48.1680.3,qkv.lora_B,5
1768388697.7367659,2320,72.53125,0.1932028830051422,Grad/qkv.lora_B,outputs_dev/vitb16/T=vtab_Q=3bit_L=lora_2_qkv-fc1-proj-fc2/cifar/20260114184203_default_acc=53.50/tensorboard/Grad_qkv.lora_B_block_5/events.out.tfevents.1768387346.master-192-168-8-48.1680.3,qkv.lora_B,5
1768388698.1254466,2321,72.5625,0.04969192296266556,Grad/qkv.lora_B,outputs_dev/vitb16/T=vtab_Q=3bit_L=lora_2_qkv-fc1-proj-fc2/cifar/20260114184203_default_acc=53.50/tensorboard/Grad_qkv.lora_B_block_5/events.out.tfevents.1768387346.master-192-168-8-48.1680.3,qkv.lora_B,5
1768388698.531399,2322,72.59375,0.037659578025341034,Grad/qkv.lora_B,outputs_dev/vitb16/T=vtab_Q=3bit_L=lora_2_qkv-fc1-proj-fc2/cifar/20260114184203_default_acc=53.50/tensorboard/Grad_qkv.lora_B_block_5/events.out.tfevents.1768387346.master-192-168-8-48.1680.3,qkv.lora_B,5
1768388698.918336,2323,72.625,0.03393520042300224,Grad/qkv.lora_B,outputs_dev/vitb16/T=vtab_Q=3bit_L=lora_2_qkv-fc1-proj-fc2/cifar/20260114184203_default_acc=53.50/tensorboard/Grad_qkv.lora_B_block_5/events.out.tfevents.1768387346.master-192-168-8-48.1680.3,qkv.lora_B,5
1768388699.3114128,2324,72.65625,0.06326451152563095,Grad/qkv.lora_B,outputs_dev/vitb16/T=vtab_Q=3bit_L=lora_2_qkv-fc1-proj-fc2/cifar/20260114184203_default_acc=53.50/tensorboard/Grad_qkv.lora_B_block_5/events.out.tfevents.1768387346.master-192-168-8-48.1680.3,qkv.lora_B,5
1768388699.6907535,2325,72.6875,0.09844972938299179,Grad/qkv.lora_B,outputs_dev/vitb16/T=vtab_Q=3bit_L=lora_2_qkv-fc1-proj-fc2/cifar/20260114184203_default_acc=53.50/tensorboard/Grad_qkv.lora_B_block_5/events.out.tfevents.1768387346.master-192-168-8-48.1680.3,qkv.lora_B,5
1768388700.0946105,2326,72.71875,0.06587822735309601,Grad/qkv.lora_B,outputs_dev/vitb16/T=vtab_Q=3bit_L=lora_2_qkv-fc1-proj-fc2/cifar/20260114184203_default_acc=53.50/tensorboard/Grad_qkv.lora_B_block_5/events.out.tfevents.1768387346.master-192-168-8-48.1680.3,qkv.lora_B,5
1768388700.5017385,2327,72.75,0.13743159174919128,Grad/qkv.lora_B,outputs_dev/vitb16/T=vtab_Q=3bit_L=lora_2_qkv-fc1-proj-fc2/cifar/20260114184203_default_acc=53.50/tensorboard/Grad_qkv.lora_B_block_5/events.out.tfevents.1768387346.master-192-168-8-48.1680.3,qkv.lora_B,5
1768388700.8923419,2328,72.78125,0.17890644073486328,Grad/qkv.lora_B,outputs_dev/vitb16/T=vtab_Q=3bit_L=lora_2_qkv-fc1-proj-fc2/cifar/20260114184203_default_acc=53.50/tensorboard/Grad_qkv.lora_B_block_5/events.out.tfevents.1768387346.master-192-168-8-48.1680.3,qkv.lora_B,5
1768388701.2704704,2329,72.8125,0.05252862721681595,Grad/qkv.lora_B,outputs_dev/vitb16/T=vtab_Q=3bit_L=lora_2_qkv-fc1-proj-fc2/cifar/20260114184203_default_acc=53.50/tensorboard/Grad_qkv.lora_B_block_5/events.out.tfevents.1768387346.master-192-168-8-48.1680.3,qkv.lora_B,5
1768388701.6638653,2330,72.84375,0.398978590965271,Grad/qkv.lora_B,outputs_dev/vitb16/T=vtab_Q=3bit_L=lora_2_qkv-fc1-proj-fc2/cifar/20260114184203_default_acc=53.50/tensorboard/Grad_qkv.lora_B_block_5/events.out.tfevents.1768387346.master-192-168-8-48.1680.3,qkv.lora_B,5
1768388702.0614464,2331,72.875,0.0448610745370388,Grad/qkv.lora_B,outputs_dev/vitb16/T=vtab_Q=3bit_L=lora_2_qkv-fc1-proj-fc2/cifar/20260114184203_default_acc=53.50/tensorboard/Grad_qkv.lora_B_block_5/events.out.tfevents.1768387346.master-192-168-8-48.1680.3,qkv.lora_B,5
1768388702.4521618,2332,72.90625,0.03618866205215454,Grad/qkv.lora_B,outputs_dev/vitb16/T=vtab_Q=3bit_L=lora_2_qkv-fc1-proj-fc2/cifar/20260114184203_default_acc=53.50/tensorboard/Grad_qkv.lora_B_block_5/events.out.tfevents.1768387346.master-192-168-8-48.1680.3,qkv.lora_B,5
1768388702.8423033,2333,72.9375,0.13329161703586578,Grad/qkv.lora_B,outputs_dev/vitb16/T=vtab_Q=3bit_L=lora_2_qkv-fc1-proj-fc2/cifar/20260114184203_default_acc=53.50/tensorboard/Grad_qkv.lora_B_block_5/events.out.tfevents.1768387346.master-192-168-8-48.1680.3,qkv.lora_B,5
1768388703.2349045,2334,72.96875,0.0773402750492096,Grad/qkv.lora_B,outputs_dev/vitb16/T=vtab_Q=3bit_L=lora_2_qkv-fc1-proj-fc2/cifar/20260114184203_default_acc=53.50/tensorboard/Grad_qkv.lora_B_block_5/events.out.tfevents.1768387346.master-192-168-8-48.1680.3,qkv.lora_B,5
1768388703.428491,2335,73.0,0.0574834905564785,Grad/qkv.lora_B,outputs_dev/vitb16/T=vtab_Q=3bit_L=lora_2_qkv-fc1-proj-fc2/cifar/20260114184203_default_acc=53.50/tensorboard/Grad_qkv.lora_B_block_5/events.out.tfevents.1768387346.master-192-168-8-48.1680.3,qkv.lora_B,5
1768388704.0867634,2336,73.03125,0.04670587182044983,Grad/qkv.lora_B,outputs_dev/vitb16/T=vtab_Q=3bit_L=lora_2_qkv-fc1-proj-fc2/cifar/20260114184203_default_acc=53.50/tensorboard/Grad_qkv.lora_B_block_5/events.out.tfevents.1768387346.master-192-168-8-48.1680.3,qkv.lora_B,5
1768388704.5069256,2337,73.0625,0.06757216155529022,Grad/qkv.lora_B,outputs_dev/vitb16/T=vtab_Q=3bit_L=lora_2_qkv-fc1-proj-fc2/cifar/20260114184203_default_acc=53.50/tensorboard/Grad_qkv.lora_B_block_5/events.out.tfevents.1768387346.master-192-168-8-48.1680.3,qkv.lora_B,5
1768388704.9154937,2338,73.09375,0.18303918838500977,Grad/qkv.lora_B,outputs_dev/vitb16/T=vtab_Q=3bit_L=lora_2_qkv-fc1-proj-fc2/cifar/20260114184203_default_acc=53.50/tensorboard/Grad_qkv.lora_B_block_5/events.out.tfevents.1768387346.master-192-168-8-48.1680.3,qkv.lora_B,5
1768388705.3061304,2339,73.125,0.03217906877398491,Grad/qkv.lora_B,outputs_dev/vitb16/T=vtab_Q=3bit_L=lora_2_qkv-fc1-proj-fc2/cifar/20260114184203_default_acc=53.50/tensorboard/Grad_qkv.lora_B_block_5/events.out.tfevents.1768387346.master-192-168-8-48.1680.3,qkv.lora_B,5
1768388705.6947439,2340,73.15625,0.08428066968917847,Grad/qkv.lora_B,outputs_dev/vitb16/T=vtab_Q=3bit_L=lora_2_qkv-fc1-proj-fc2/cifar/20260114184203_default_acc=53.50/tensorboard/Grad_qkv.lora_B_block_5/events.out.tfevents.1768387346.master-192-168-8-48.1680.3,qkv.lora_B,5
1768388706.097378,2341,73.1875,0.2428528517484665,Grad/qkv.lora_B,outputs_dev/vitb16/T=vtab_Q=3bit_L=lora_2_qkv-fc1-proj-fc2/cifar/20260114184203_default_acc=53.50/tensorboard/Grad_qkv.lora_B_block_5/events.out.tfevents.1768387346.master-192-168-8-48.1680.3,qkv.lora_B,5
1768388706.4749007,2342,73.21875,0.020293787121772766,Grad/qkv.lora_B,outputs_dev/vitb16/T=vtab_Q=3bit_L=lora_2_qkv-fc1-proj-fc2/cifar/20260114184203_default_acc=53.50/tensorboard/Grad_qkv.lora_B_block_5/events.out.tfevents.1768387346.master-192-168-8-48.1680.3,qkv.lora_B,5
1768388706.8776848,2343,73.25,0.06856373697519302,Grad/qkv.lora_B,outputs_dev/vitb16/T=vtab_Q=3bit_L=lora_2_qkv-fc1-proj-fc2/cifar/20260114184203_default_acc=53.50/tensorboard/Grad_qkv.lora_B_block_5/events.out.tfevents.1768387346.master-192-168-8-48.1680.3,qkv.lora_B,5
1768388707.274748,2344,73.28125,0.03798769786953926,Grad/qkv.lora_B,outputs_dev/vitb16/T=vtab_Q=3bit_L=lora_2_qkv-fc1-proj-fc2/cifar/20260114184203_default_acc=53.50/tensorboard/Grad_qkv.lora_B_block_5/events.out.tfevents.1768387346.master-192-168-8-48.1680.3,qkv.lora_B,5
1768388707.6658523,2345,73.3125,0.025927145034074783,Grad/qkv.lora_B,outputs_dev/vitb16/T=vtab_Q=3bit_L=lora_2_qkv-fc1-proj-fc2/cifar/20260114184203_default_acc=53.50/tensorboard/Grad_qkv.lora_B_block_5/events.out.tfevents.1768387346.master-192-168-8-48.1680.3,qkv.lora_B,5
1768388708.049889,2346,73.34375,0.12835250794887543,Grad/qkv.lora_B,outputs_dev/vitb16/T=vtab_Q=3bit_L=lora_2_qkv-fc1-proj-fc2/cifar/20260114184203_default_acc=53.50/tensorboard/Grad_qkv.lora_B_block_5/events.out.tfevents.1768387346.master-192-168-8-48.1680.3,qkv.lora_B,5
1768388708.4358025,2347,73.375,0.06378287822008133,Grad/qkv.lora_B,outputs_dev/vitb16/T=vtab_Q=3bit_L=lora_2_qkv-fc1-proj-fc2/cifar/20260114184203_default_acc=53.50/tensorboard/Grad_qkv.lora_B_block_5/events.out.tfevents.1768387346.master-192-168-8-48.1680.3,qkv.lora_B,5
1768388708.8386247,2348,73.40625,0.048740699887275696,Grad/qkv.lora_B,outputs_dev/vitb16/T=vtab_Q=3bit_L=lora_2_qkv-fc1-proj-fc2/cifar/20260114184203_default_acc=53.50/tensorboard/Grad_qkv.lora_B_block_5/events.out.tfevents.1768387346.master-192-168-8-48.1680.3,qkv.lora_B,5
1768388709.239129,2349,73.4375,0.028116505593061447,Grad/qkv.lora_B,outputs_dev/vitb16/T=vtab_Q=3bit_L=lora_2_qkv-fc1-proj-fc2/cifar/20260114184203_default_acc=53.50/tensorboard/Grad_qkv.lora_B_block_5/events.out.tfevents.1768387346.master-192-168-8-48.1680.3,qkv.lora_B,5
1768388709.61684,2350,73.46875,0.06892898678779602,Grad/qkv.lora_B,outputs_dev/vitb16/T=vtab_Q=3bit_L=lora_2_qkv-fc1-proj-fc2/cifar/20260114184203_default_acc=53.50/tensorboard/Grad_qkv.lora_B_block_5/events.out.tfevents.1768387346.master-192-168-8-48.1680.3,qkv.lora_B,5
1768388709.9966242,2351,73.5,0.053408183157444,Grad/qkv.lora_B,outputs_dev/vitb16/T=vtab_Q=3bit_L=lora_2_qkv-fc1-proj-fc2/cifar/20260114184203_default_acc=53.50/tensorboard/Grad_qkv.lora_B_block_5/events.out.tfevents.1768387346.master-192-168-8-48.1680.3,qkv.lora_B,5
1768388710.3978531,2352,73.53125,0.06841190159320831,Grad/qkv.lora_B,outputs_dev/vitb16/T=vtab_Q=3bit_L=lora_2_qkv-fc1-proj-fc2/cifar/20260114184203_default_acc=53.50/tensorboard/Grad_qkv.lora_B_block_5/events.out.tfevents.1768387346.master-192-168-8-48.1680.3,qkv.lora_B,5
1768388710.7986975,2353,73.5625,0.03985906392335892,Grad/qkv.lora_B,outputs_dev/vitb16/T=vtab_Q=3bit_L=lora_2_qkv-fc1-proj-fc2/cifar/20260114184203_default_acc=53.50/tensorboard/Grad_qkv.lora_B_block_5/events.out.tfevents.1768387346.master-192-168-8-48.1680.3,qkv.lora_B,5
1768388711.1827128,2354,73.59375,0.6348140835762024,Grad/qkv.lora_B,outputs_dev/vitb16/T=vtab_Q=3bit_L=lora_2_qkv-fc1-proj-fc2/cifar/20260114184203_default_acc=53.50/tensorboard/Grad_qkv.lora_B_block_5/events.out.tfevents.1768387346.master-192-168-8-48.1680.3,qkv.lora_B,5
1768388711.5741348,2355,73.625,0.07651796191930771,Grad/qkv.lora_B,outputs_dev/vitb16/T=vtab_Q=3bit_L=lora_2_qkv-fc1-proj-fc2/cifar/20260114184203_default_acc=53.50/tensorboard/Grad_qkv.lora_B_block_5/events.out.tfevents.1768387346.master-192-168-8-48.1680.3,qkv.lora_B,5
1768388711.954855,2356,73.65625,0.01714446395635605,Grad/qkv.lora_B,outputs_dev/vitb16/T=vtab_Q=3bit_L=lora_2_qkv-fc1-proj-fc2/cifar/20260114184203_default_acc=53.50/tensorboard/Grad_qkv.lora_B_block_5/events.out.tfevents.1768387346.master-192-168-8-48.1680.3,qkv.lora_B,5
1768388712.341341,2357,73.6875,0.06030562147498131,Grad/qkv.lora_B,outputs_dev/vitb16/T=vtab_Q=3bit_L=lora_2_qkv-fc1-proj-fc2/cifar/20260114184203_default_acc=53.50/tensorboard/Grad_qkv.lora_B_block_5/events.out.tfevents.1768387346.master-192-168-8-48.1680.3,qkv.lora_B,5
1768388712.73105,2358,73.71875,0.026324326172471046,Grad/qkv.lora_B,outputs_dev/vitb16/T=vtab_Q=3bit_L=lora_2_qkv-fc1-proj-fc2/cifar/20260114184203_default_acc=53.50/tensorboard/Grad_qkv.lora_B_block_5/events.out.tfevents.1768387346.master-192-168-8-48.1680.3,qkv.lora_B,5
1768388713.1218247,2359,73.75,0.07475405186414719,Grad/qkv.lora_B,outputs_dev/vitb16/T=vtab_Q=3bit_L=lora_2_qkv-fc1-proj-fc2/cifar/20260114184203_default_acc=53.50/tensorboard/Grad_qkv.lora_B_block_5/events.out.tfevents.1768387346.master-192-168-8-48.1680.3,qkv.lora_B,5
1768388713.512406,2360,73.78125,0.2027660459280014,Grad/qkv.lora_B,outputs_dev/vitb16/T=vtab_Q=3bit_L=lora_2_qkv-fc1-proj-fc2/cifar/20260114184203_default_acc=53.50/tensorboard/Grad_qkv.lora_B_block_5/events.out.tfevents.1768387346.master-192-168-8-48.1680.3,qkv.lora_B,5
1768388713.9063077,2361,73.8125,0.11178135871887207,Grad/qkv.lora_B,outputs_dev/vitb16/T=vtab_Q=3bit_L=lora_2_qkv-fc1-proj-fc2/cifar/20260114184203_default_acc=53.50/tensorboard/Grad_qkv.lora_B_block_5/events.out.tfevents.1768387346.master-192-168-8-48.1680.3,qkv.lora_B,5
1768388714.2973716,2362,73.84375,0.027811283245682716,Grad/qkv.lora_B,outputs_dev/vitb16/T=vtab_Q=3bit_L=lora_2_qkv-fc1-proj-fc2/cifar/20260114184203_default_acc=53.50/tensorboard/Grad_qkv.lora_B_block_5/events.out.tfevents.1768387346.master-192-168-8-48.1680.3,qkv.lora_B,5
1768388714.6896803,2363,73.875,0.12796910107135773,Grad/qkv.lora_B,outputs_dev/vitb16/T=vtab_Q=3bit_L=lora_2_qkv-fc1-proj-fc2/cifar/20260114184203_default_acc=53.50/tensorboard/Grad_qkv.lora_B_block_5/events.out.tfevents.1768387346.master-192-168-8-48.1680.3,qkv.lora_B,5
1768388715.0913923,2364,73.90625,0.02923780307173729,Grad/qkv.lora_B,outputs_dev/vitb16/T=vtab_Q=3bit_L=lora_2_qkv-fc1-proj-fc2/cifar/20260114184203_default_acc=53.50/tensorboard/Grad_qkv.lora_B_block_5/events.out.tfevents.1768387346.master-192-168-8-48.1680.3,qkv.lora_B,5
1768388715.4810078,2365,73.9375,0.021548138931393623,Grad/qkv.lora_B,outputs_dev/vitb16/T=vtab_Q=3bit_L=lora_2_qkv-fc1-proj-fc2/cifar/20260114184203_default_acc=53.50/tensorboard/Grad_qkv.lora_B_block_5/events.out.tfevents.1768387346.master-192-168-8-48.1680.3,qkv.lora_B,5
1768388715.867729,2366,73.96875,0.14816290140151978,Grad/qkv.lora_B,outputs_dev/vitb16/T=vtab_Q=3bit_L=lora_2_qkv-fc1-proj-fc2/cifar/20260114184203_default_acc=53.50/tensorboard/Grad_qkv.lora_B_block_5/events.out.tfevents.1768387346.master-192-168-8-48.1680.3,qkv.lora_B,5
1768388716.0567982,2367,74.0,0.27515527606010437,Grad/qkv.lora_B,outputs_dev/vitb16/T=vtab_Q=3bit_L=lora_2_qkv-fc1-proj-fc2/cifar/20260114184203_default_acc=53.50/tensorboard/Grad_qkv.lora_B_block_5/events.out.tfevents.1768387346.master-192-168-8-48.1680.3,qkv.lora_B,5
1768388716.6765115,2368,74.03125,0.04382197558879852,Grad/qkv.lora_B,outputs_dev/vitb16/T=vtab_Q=3bit_L=lora_2_qkv-fc1-proj-fc2/cifar/20260114184203_default_acc=53.50/tensorboard/Grad_qkv.lora_B_block_5/events.out.tfevents.1768387346.master-192-168-8-48.1680.3,qkv.lora_B,5
1768388717.0965338,2369,74.0625,0.10790104418992996,Grad/qkv.lora_B,outputs_dev/vitb16/T=vtab_Q=3bit_L=lora_2_qkv-fc1-proj-fc2/cifar/20260114184203_default_acc=53.50/tensorboard/Grad_qkv.lora_B_block_5/events.out.tfevents.1768387346.master-192-168-8-48.1680.3,qkv.lora_B,5
1768388717.4897428,2370,74.09375,0.10458055138587952,Grad/qkv.lora_B,outputs_dev/vitb16/T=vtab_Q=3bit_L=lora_2_qkv-fc1-proj-fc2/cifar/20260114184203_default_acc=53.50/tensorboard/Grad_qkv.lora_B_block_5/events.out.tfevents.1768387346.master-192-168-8-48.1680.3,qkv.lora_B,5
1768388717.8965049,2371,74.125,0.579728364944458,Grad/qkv.lora_B,outputs_dev/vitb16/T=vtab_Q=3bit_L=lora_2_qkv-fc1-proj-fc2/cifar/20260114184203_default_acc=53.50/tensorboard/Grad_qkv.lora_B_block_5/events.out.tfevents.1768387346.master-192-168-8-48.1680.3,qkv.lora_B,5
1768388718.3026173,2372,74.15625,0.053817979991436005,Grad/qkv.lora_B,outputs_dev/vitb16/T=vtab_Q=3bit_L=lora_2_qkv-fc1-proj-fc2/cifar/20260114184203_default_acc=53.50/tensorboard/Grad_qkv.lora_B_block_5/events.out.tfevents.1768387346.master-192-168-8-48.1680.3,qkv.lora_B,5
1768388718.6936069,2373,74.1875,0.02884547971189022,Grad/qkv.lora_B,outputs_dev/vitb16/T=vtab_Q=3bit_L=lora_2_qkv-fc1-proj-fc2/cifar/20260114184203_default_acc=53.50/tensorboard/Grad_qkv.lora_B_block_5/events.out.tfevents.1768387346.master-192-168-8-48.1680.3,qkv.lora_B,5
1768388719.0862353,2374,74.21875,0.01960195042192936,Grad/qkv.lora_B,outputs_dev/vitb16/T=vtab_Q=3bit_L=lora_2_qkv-fc1-proj-fc2/cifar/20260114184203_default_acc=53.50/tensorboard/Grad_qkv.lora_B_block_5/events.out.tfevents.1768387346.master-192-168-8-48.1680.3,qkv.lora_B,5
1768388719.4768806,2375,74.25,0.02765471301972866,Grad/qkv.lora_B,outputs_dev/vitb16/T=vtab_Q=3bit_L=lora_2_qkv-fc1-proj-fc2/cifar/20260114184203_default_acc=53.50/tensorboard/Grad_qkv.lora_B_block_5/events.out.tfevents.1768387346.master-192-168-8-48.1680.3,qkv.lora_B,5
1768388719.868066,2376,74.28125,0.1593925952911377,Grad/qkv.lora_B,outputs_dev/vitb16/T=vtab_Q=3bit_L=lora_2_qkv-fc1-proj-fc2/cifar/20260114184203_default_acc=53.50/tensorboard/Grad_qkv.lora_B_block_5/events.out.tfevents.1768387346.master-192-168-8-48.1680.3,qkv.lora_B,5
1768388720.2596529,2377,74.3125,0.12275753915309906,Grad/qkv.lora_B,outputs_dev/vitb16/T=vtab_Q=3bit_L=lora_2_qkv-fc1-proj-fc2/cifar/20260114184203_default_acc=53.50/tensorboard/Grad_qkv.lora_B_block_5/events.out.tfevents.1768387346.master-192-168-8-48.1680.3,qkv.lora_B,5
1768388720.6762486,2378,74.34375,0.33985427021980286,Grad/qkv.lora_B,outputs_dev/vitb16/T=vtab_Q=3bit_L=lora_2_qkv-fc1-proj-fc2/cifar/20260114184203_default_acc=53.50/tensorboard/Grad_qkv.lora_B_block_5/events.out.tfevents.1768387346.master-192-168-8-48.1680.3,qkv.lora_B,5
1768388721.0894632,2379,74.375,0.14874322712421417,Grad/qkv.lora_B,outputs_dev/vitb16/T=vtab_Q=3bit_L=lora_2_qkv-fc1-proj-fc2/cifar/20260114184203_default_acc=53.50/tensorboard/Grad_qkv.lora_B_block_5/events.out.tfevents.1768387346.master-192-168-8-48.1680.3,qkv.lora_B,5
1768388721.474058,2380,74.40625,0.0521332323551178,Grad/qkv.lora_B,outputs_dev/vitb16/T=vtab_Q=3bit_L=lora_2_qkv-fc1-proj-fc2/cifar/20260114184203_default_acc=53.50/tensorboard/Grad_qkv.lora_B_block_5/events.out.tfevents.1768387346.master-192-168-8-48.1680.3,qkv.lora_B,5
1768388721.8807788,2381,74.4375,0.03655382618308067,Grad/qkv.lora_B,outputs_dev/vitb16/T=vtab_Q=3bit_L=lora_2_qkv-fc1-proj-fc2/cifar/20260114184203_default_acc=53.50/tensorboard/Grad_qkv.lora_B_block_5/events.out.tfevents.1768387346.master-192-168-8-48.1680.3,qkv.lora_B,5
1768388722.290196,2382,74.46875,0.0351804681122303,Grad/qkv.lora_B,outputs_dev/vitb16/T=vtab_Q=3bit_L=lora_2_qkv-fc1-proj-fc2/cifar/20260114184203_default_acc=53.50/tensorboard/Grad_qkv.lora_B_block_5/events.out.tfevents.1768387346.master-192-168-8-48.1680.3,qkv.lora_B,5
1768388722.695254,2383,74.5,0.05421577766537666,Grad/qkv.lora_B,outputs_dev/vitb16/T=vtab_Q=3bit_L=lora_2_qkv-fc1-proj-fc2/cifar/20260114184203_default_acc=53.50/tensorboard/Grad_qkv.lora_B_block_5/events.out.tfevents.1768387346.master-192-168-8-48.1680.3,qkv.lora_B,5
1768388723.1004317,2384,74.53125,0.019869588315486908,Grad/qkv.lora_B,outputs_dev/vitb16/T=vtab_Q=3bit_L=lora_2_qkv-fc1-proj-fc2/cifar/20260114184203_default_acc=53.50/tensorboard/Grad_qkv.lora_B_block_5/events.out.tfevents.1768387346.master-192-168-8-48.1680.3,qkv.lora_B,5
1768388723.4838927,2385,74.5625,0.22112208604812622,Grad/qkv.lora_B,outputs_dev/vitb16/T=vtab_Q=3bit_L=lora_2_qkv-fc1-proj-fc2/cifar/20260114184203_default_acc=53.50/tensorboard/Grad_qkv.lora_B_block_5/events.out.tfevents.1768387346.master-192-168-8-48.1680.3,qkv.lora_B,5
1768388723.8749433,2386,74.59375,0.024918215349316597,Grad/qkv.lora_B,outputs_dev/vitb16/T=vtab_Q=3bit_L=lora_2_qkv-fc1-proj-fc2/cifar/20260114184203_default_acc=53.50/tensorboard/Grad_qkv.lora_B_block_5/events.out.tfevents.1768387346.master-192-168-8-48.1680.3,qkv.lora_B,5
1768388724.283129,2387,74.625,0.036416832357645035,Grad/qkv.lora_B,outputs_dev/vitb16/T=vtab_Q=3bit_L=lora_2_qkv-fc1-proj-fc2/cifar/20260114184203_default_acc=53.50/tensorboard/Grad_qkv.lora_B_block_5/events.out.tfevents.1768387346.master-192-168-8-48.1680.3,qkv.lora_B,5
1768388724.6736479,2388,74.65625,0.028950832784175873,Grad/qkv.lora_B,outputs_dev/vitb16/T=vtab_Q=3bit_L=lora_2_qkv-fc1-proj-fc2/cifar/20260114184203_default_acc=53.50/tensorboard/Grad_qkv.lora_B_block_5/events.out.tfevents.1768387346.master-192-168-8-48.1680.3,qkv.lora_B,5
1768388725.0751052,2389,74.6875,0.07164356112480164,Grad/qkv.lora_B,outputs_dev/vitb16/T=vtab_Q=3bit_L=lora_2_qkv-fc1-proj-fc2/cifar/20260114184203_default_acc=53.50/tensorboard/Grad_qkv.lora_B_block_5/events.out.tfevents.1768387346.master-192-168-8-48.1680.3,qkv.lora_B,5
1768388725.4804182,2390,74.71875,0.11538656055927277,Grad/qkv.lora_B,outputs_dev/vitb16/T=vtab_Q=3bit_L=lora_2_qkv-fc1-proj-fc2/cifar/20260114184203_default_acc=53.50/tensorboard/Grad_qkv.lora_B_block_5/events.out.tfevents.1768387346.master-192-168-8-48.1680.3,qkv.lora_B,5
1768388725.888171,2391,74.75,0.053225621581077576,Grad/qkv.lora_B,outputs_dev/vitb16/T=vtab_Q=3bit_L=lora_2_qkv-fc1-proj-fc2/cifar/20260114184203_default_acc=53.50/tensorboard/Grad_qkv.lora_B_block_5/events.out.tfevents.1768387346.master-192-168-8-48.1680.3,qkv.lora_B,5
1768388726.286128,2392,74.78125,0.1743469089269638,Grad/qkv.lora_B,outputs_dev/vitb16/T=vtab_Q=3bit_L=lora_2_qkv-fc1-proj-fc2/cifar/20260114184203_default_acc=53.50/tensorboard/Grad_qkv.lora_B_block_5/events.out.tfevents.1768387346.master-192-168-8-48.1680.3,qkv.lora_B,5
1768388726.7255998,2393,74.8125,0.028665831312537193,Grad/qkv.lora_B,outputs_dev/vitb16/T=vtab_Q=3bit_L=lora_2_qkv-fc1-proj-fc2/cifar/20260114184203_default_acc=53.50/tensorboard/Grad_qkv.lora_B_block_5/events.out.tfevents.1768387346.master-192-168-8-48.1680.3,qkv.lora_B,5
1768388727.1363137,2394,74.84375,0.11671604216098785,Grad/qkv.lora_B,outputs_dev/vitb16/T=vtab_Q=3bit_L=lora_2_qkv-fc1-proj-fc2/cifar/20260114184203_default_acc=53.50/tensorboard/Grad_qkv.lora_B_block_5/events.out.tfevents.1768387346.master-192-168-8-48.1680.3,qkv.lora_B,5
1768388727.5369825,2395,74.875,0.04110531881451607,Grad/qkv.lora_B,outputs_dev/vitb16/T=vtab_Q=3bit_L=lora_2_qkv-fc1-proj-fc2/cifar/20260114184203_default_acc=53.50/tensorboard/Grad_qkv.lora_B_block_5/events.out.tfevents.1768387346.master-192-168-8-48.1680.3,qkv.lora_B,5
1768388727.9828842,2396,74.90625,0.0742657259106636,Grad/qkv.lora_B,outputs_dev/vitb16/T=vtab_Q=3bit_L=lora_2_qkv-fc1-proj-fc2/cifar/20260114184203_default_acc=53.50/tensorboard/Grad_qkv.lora_B_block_5/events.out.tfevents.1768387346.master-192-168-8-48.1680.3,qkv.lora_B,5
1768388728.4527583,2397,74.9375,0.04983414337038994,Grad/qkv.lora_B,outputs_dev/vitb16/T=vtab_Q=3bit_L=lora_2_qkv-fc1-proj-fc2/cifar/20260114184203_default_acc=53.50/tensorboard/Grad_qkv.lora_B_block_5/events.out.tfevents.1768387346.master-192-168-8-48.1680.3,qkv.lora_B,5
1768388728.9546347,2398,74.96875,0.09488903731107712,Grad/qkv.lora_B,outputs_dev/vitb16/T=vtab_Q=3bit_L=lora_2_qkv-fc1-proj-fc2/cifar/20260114184203_default_acc=53.50/tensorboard/Grad_qkv.lora_B_block_5/events.out.tfevents.1768387346.master-192-168-8-48.1680.3,qkv.lora_B,5
1768388729.366825,2399,75.0,0.9071020483970642,Grad/qkv.lora_B,outputs_dev/vitb16/T=vtab_Q=3bit_L=lora_2_qkv-fc1-proj-fc2/cifar/20260114184203_default_acc=53.50/tensorboard/Grad_qkv.lora_B_block_5/events.out.tfevents.1768387346.master-192-168-8-48.1680.3,qkv.lora_B,5
1768388730.2443025,2400,75.03125,0.04175735265016556,Grad/qkv.lora_B,outputs_dev/vitb16/T=vtab_Q=3bit_L=lora_2_qkv-fc1-proj-fc2/cifar/20260114184203_default_acc=53.50/tensorboard/Grad_qkv.lora_B_block_5/events.out.tfevents.1768387346.master-192-168-8-48.1680.3,qkv.lora_B,5
1768388730.7182336,2401,75.0625,0.2516368329524994,Grad/qkv.lora_B,outputs_dev/vitb16/T=vtab_Q=3bit_L=lora_2_qkv-fc1-proj-fc2/cifar/20260114184203_default_acc=53.50/tensorboard/Grad_qkv.lora_B_block_5/events.out.tfevents.1768387346.master-192-168-8-48.1680.3,qkv.lora_B,5
1768388731.1193643,2402,75.09375,0.07493959367275238,Grad/qkv.lora_B,outputs_dev/vitb16/T=vtab_Q=3bit_L=lora_2_qkv-fc1-proj-fc2/cifar/20260114184203_default_acc=53.50/tensorboard/Grad_qkv.lora_B_block_5/events.out.tfevents.1768387346.master-192-168-8-48.1680.3,qkv.lora_B,5
1768388731.61415,2403,75.125,0.02107509784400463,Grad/qkv.lora_B,outputs_dev/vitb16/T=vtab_Q=3bit_L=lora_2_qkv-fc1-proj-fc2/cifar/20260114184203_default_acc=53.50/tensorboard/Grad_qkv.lora_B_block_5/events.out.tfevents.1768387346.master-192-168-8-48.1680.3,qkv.lora_B,5
1768388732.031253,2404,75.15625,0.0947384163737297,Grad/qkv.lora_B,outputs_dev/vitb16/T=vtab_Q=3bit_L=lora_2_qkv-fc1-proj-fc2/cifar/20260114184203_default_acc=53.50/tensorboard/Grad_qkv.lora_B_block_5/events.out.tfevents.1768387346.master-192-168-8-48.1680.3,qkv.lora_B,5
1768388732.4294336,2405,75.1875,0.08674997091293335,Grad/qkv.lora_B,outputs_dev/vitb16/T=vtab_Q=3bit_L=lora_2_qkv-fc1-proj-fc2/cifar/20260114184203_default_acc=53.50/tensorboard/Grad_qkv.lora_B_block_5/events.out.tfevents.1768387346.master-192-168-8-48.1680.3,qkv.lora_B,5
1768388732.8282678,2406,75.21875,0.08910872042179108,Grad/qkv.lora_B,outputs_dev/vitb16/T=vtab_Q=3bit_L=lora_2_qkv-fc1-proj-fc2/cifar/20260114184203_default_acc=53.50/tensorboard/Grad_qkv.lora_B_block_5/events.out.tfevents.1768387346.master-192-168-8-48.1680.3,qkv.lora_B,5
1768388733.2299006,2407,75.25,0.03917056694626808,Grad/qkv.lora_B,outputs_dev/vitb16/T=vtab_Q=3bit_L=lora_2_qkv-fc1-proj-fc2/cifar/20260114184203_default_acc=53.50/tensorboard/Grad_qkv.lora_B_block_5/events.out.tfevents.1768387346.master-192-168-8-48.1680.3,qkv.lora_B,5
1768388733.6450691,2408,75.28125,0.03578377887606621,Grad/qkv.lora_B,outputs_dev/vitb16/T=vtab_Q=3bit_L=lora_2_qkv-fc1-proj-fc2/cifar/20260114184203_default_acc=53.50/tensorboard/Grad_qkv.lora_B_block_5/events.out.tfevents.1768387346.master-192-168-8-48.1680.3,qkv.lora_B,5
1768388734.0431476,2409,75.3125,0.0753655806183815,Grad/qkv.lora_B,outputs_dev/vitb16/T=vtab_Q=3bit_L=lora_2_qkv-fc1-proj-fc2/cifar/20260114184203_default_acc=53.50/tensorboard/Grad_qkv.lora_B_block_5/events.out.tfevents.1768387346.master-192-168-8-48.1680.3,qkv.lora_B,5
1768388734.4419425,2410,75.34375,0.6053828001022339,Grad/qkv.lora_B,outputs_dev/vitb16/T=vtab_Q=3bit_L=lora_2_qkv-fc1-proj-fc2/cifar/20260114184203_default_acc=53.50/tensorboard/Grad_qkv.lora_B_block_5/events.out.tfevents.1768387346.master-192-168-8-48.1680.3,qkv.lora_B,5
1768388734.8554068,2411,75.375,0.09480922669172287,Grad/qkv.lora_B,outputs_dev/vitb16/T=vtab_Q=3bit_L=lora_2_qkv-fc1-proj-fc2/cifar/20260114184203_default_acc=53.50/tensorboard/Grad_qkv.lora_B_block_5/events.out.tfevents.1768387346.master-192-168-8-48.1680.3,qkv.lora_B,5
1768388735.2526324,2412,75.40625,0.2492828369140625,Grad/qkv.lora_B,outputs_dev/vitb16/T=vtab_Q=3bit_L=lora_2_qkv-fc1-proj-fc2/cifar/20260114184203_default_acc=53.50/tensorboard/Grad_qkv.lora_B_block_5/events.out.tfevents.1768387346.master-192-168-8-48.1680.3,qkv.lora_B,5
1768388735.664164,2413,75.4375,0.020202530547976494,Grad/qkv.lora_B,outputs_dev/vitb16/T=vtab_Q=3bit_L=lora_2_qkv-fc1-proj-fc2/cifar/20260114184203_default_acc=53.50/tensorboard/Grad_qkv.lora_B_block_5/events.out.tfevents.1768387346.master-192-168-8-48.1680.3,qkv.lora_B,5
1768388736.0617108,2414,75.46875,0.08025898039340973,Grad/qkv.lora_B,outputs_dev/vitb16/T=vtab_Q=3bit_L=lora_2_qkv-fc1-proj-fc2/cifar/20260114184203_default_acc=53.50/tensorboard/Grad_qkv.lora_B_block_5/events.out.tfevents.1768387346.master-192-168-8-48.1680.3,qkv.lora_B,5
1768388736.4572144,2415,75.5,0.04849746823310852,Grad/qkv.lora_B,outputs_dev/vitb16/T=vtab_Q=3bit_L=lora_2_qkv-fc1-proj-fc2/cifar/20260114184203_default_acc=53.50/tensorboard/Grad_qkv.lora_B_block_5/events.out.tfevents.1768387346.master-192-168-8-48.1680.3,qkv.lora_B,5
1768388736.8528996,2416,75.53125,0.06276682019233704,Grad/qkv.lora_B,outputs_dev/vitb16/T=vtab_Q=3bit_L=lora_2_qkv-fc1-proj-fc2/cifar/20260114184203_default_acc=53.50/tensorboard/Grad_qkv.lora_B_block_5/events.out.tfevents.1768387346.master-192-168-8-48.1680.3,qkv.lora_B,5
1768388737.2555985,2417,75.5625,0.0525575615465641,Grad/qkv.lora_B,outputs_dev/vitb16/T=vtab_Q=3bit_L=lora_2_qkv-fc1-proj-fc2/cifar/20260114184203_default_acc=53.50/tensorboard/Grad_qkv.lora_B_block_5/events.out.tfevents.1768387346.master-192-168-8-48.1680.3,qkv.lora_B,5
1768388737.6814275,2418,75.59375,0.10523763298988342,Grad/qkv.lora_B,outputs_dev/vitb16/T=vtab_Q=3bit_L=lora_2_qkv-fc1-proj-fc2/cifar/20260114184203_default_acc=53.50/tensorboard/Grad_qkv.lora_B_block_5/events.out.tfevents.1768387346.master-192-168-8-48.1680.3,qkv.lora_B,5
1768388738.0727515,2419,75.625,0.09993527829647064,Grad/qkv.lora_B,outputs_dev/vitb16/T=vtab_Q=3bit_L=lora_2_qkv-fc1-proj-fc2/cifar/20260114184203_default_acc=53.50/tensorboard/Grad_qkv.lora_B_block_5/events.out.tfevents.1768387346.master-192-168-8-48.1680.3,qkv.lora_B,5
1768388738.4595118,2420,75.65625,0.1245533749461174,Grad/qkv.lora_B,outputs_dev/vitb16/T=vtab_Q=3bit_L=lora_2_qkv-fc1-proj-fc2/cifar/20260114184203_default_acc=53.50/tensorboard/Grad_qkv.lora_B_block_5/events.out.tfevents.1768387346.master-192-168-8-48.1680.3,qkv.lora_B,5
1768388738.8844266,2421,75.6875,0.02754470333456993,Grad/qkv.lora_B,outputs_dev/vitb16/T=vtab_Q=3bit_L=lora_2_qkv-fc1-proj-fc2/cifar/20260114184203_default_acc=53.50/tensorboard/Grad_qkv.lora_B_block_5/events.out.tfevents.1768387346.master-192-168-8-48.1680.3,qkv.lora_B,5
1768388739.2779956,2422,75.71875,0.042118217796087265,Grad/qkv.lora_B,outputs_dev/vitb16/T=vtab_Q=3bit_L=lora_2_qkv-fc1-proj-fc2/cifar/20260114184203_default_acc=53.50/tensorboard/Grad_qkv.lora_B_block_5/events.out.tfevents.1768387346.master-192-168-8-48.1680.3,qkv.lora_B,5
1768388739.66997,2423,75.75,0.049351539462804794,Grad/qkv.lora_B,outputs_dev/vitb16/T=vtab_Q=3bit_L=lora_2_qkv-fc1-proj-fc2/cifar/20260114184203_default_acc=53.50/tensorboard/Grad_qkv.lora_B_block_5/events.out.tfevents.1768387346.master-192-168-8-48.1680.3,qkv.lora_B,5
1768388740.0559583,2424,75.78125,0.09319067746400833,Grad/qkv.lora_B,outputs_dev/vitb16/T=vtab_Q=3bit_L=lora_2_qkv-fc1-proj-fc2/cifar/20260114184203_default_acc=53.50/tensorboard/Grad_qkv.lora_B_block_5/events.out.tfevents.1768387346.master-192-168-8-48.1680.3,qkv.lora_B,5
1768388740.4666622,2425,75.8125,0.1811497062444687,Grad/qkv.lora_B,outputs_dev/vitb16/T=vtab_Q=3bit_L=lora_2_qkv-fc1-proj-fc2/cifar/20260114184203_default_acc=53.50/tensorboard/Grad_qkv.lora_B_block_5/events.out.tfevents.1768387346.master-192-168-8-48.1680.3,qkv.lora_B,5
1768388740.8601804,2426,75.84375,0.04401019588112831,Grad/qkv.lora_B,outputs_dev/vitb16/T=vtab_Q=3bit_L=lora_2_qkv-fc1-proj-fc2/cifar/20260114184203_default_acc=53.50/tensorboard/Grad_qkv.lora_B_block_5/events.out.tfevents.1768387346.master-192-168-8-48.1680.3,qkv.lora_B,5
1768388741.2682652,2427,75.875,0.07058561593294144,Grad/qkv.lora_B,outputs_dev/vitb16/T=vtab_Q=3bit_L=lora_2_qkv-fc1-proj-fc2/cifar/20260114184203_default_acc=53.50/tensorboard/Grad_qkv.lora_B_block_5/events.out.tfevents.1768387346.master-192-168-8-48.1680.3,qkv.lora_B,5
1768388741.6747596,2428,75.90625,0.021500982344150543,Grad/qkv.lora_B,outputs_dev/vitb16/T=vtab_Q=3bit_L=lora_2_qkv-fc1-proj-fc2/cifar/20260114184203_default_acc=53.50/tensorboard/Grad_qkv.lora_B_block_5/events.out.tfevents.1768387346.master-192-168-8-48.1680.3,qkv.lora_B,5
1768388742.0655985,2429,75.9375,0.09339246153831482,Grad/qkv.lora_B,outputs_dev/vitb16/T=vtab_Q=3bit_L=lora_2_qkv-fc1-proj-fc2/cifar/20260114184203_default_acc=53.50/tensorboard/Grad_qkv.lora_B_block_5/events.out.tfevents.1768387346.master-192-168-8-48.1680.3,qkv.lora_B,5
1768388742.4555519,2430,75.96875,0.03199172019958496,Grad/qkv.lora_B,outputs_dev/vitb16/T=vtab_Q=3bit_L=lora_2_qkv-fc1-proj-fc2/cifar/20260114184203_default_acc=53.50/tensorboard/Grad_qkv.lora_B_block_5/events.out.tfevents.1768387346.master-192-168-8-48.1680.3,qkv.lora_B,5
1768388742.6509628,2431,76.0,0.03562425822019577,Grad/qkv.lora_B,outputs_dev/vitb16/T=vtab_Q=3bit_L=lora_2_qkv-fc1-proj-fc2/cifar/20260114184203_default_acc=53.50/tensorboard/Grad_qkv.lora_B_block_5/events.out.tfevents.1768387346.master-192-168-8-48.1680.3,qkv.lora_B,5
1768388743.3178174,2432,76.03125,0.07092887163162231,Grad/qkv.lora_B,outputs_dev/vitb16/T=vtab_Q=3bit_L=lora_2_qkv-fc1-proj-fc2/cifar/20260114184203_default_acc=53.50/tensorboard/Grad_qkv.lora_B_block_5/events.out.tfevents.1768387346.master-192-168-8-48.1680.3,qkv.lora_B,5
1768388743.7345698,2433,76.0625,0.15813420712947845,Grad/qkv.lora_B,outputs_dev/vitb16/T=vtab_Q=3bit_L=lora_2_qkv-fc1-proj-fc2/cifar/20260114184203_default_acc=53.50/tensorboard/Grad_qkv.lora_B_block_5/events.out.tfevents.1768387346.master-192-168-8-48.1680.3,qkv.lora_B,5
1768388744.1589854,2434,76.09375,0.046698350459337234,Grad/qkv.lora_B,outputs_dev/vitb16/T=vtab_Q=3bit_L=lora_2_qkv-fc1-proj-fc2/cifar/20260114184203_default_acc=53.50/tensorboard/Grad_qkv.lora_B_block_5/events.out.tfevents.1768387346.master-192-168-8-48.1680.3,qkv.lora_B,5
1768388744.5652676,2435,76.125,0.020824696868658066,Grad/qkv.lora_B,outputs_dev/vitb16/T=vtab_Q=3bit_L=lora_2_qkv-fc1-proj-fc2/cifar/20260114184203_default_acc=53.50/tensorboard/Grad_qkv.lora_B_block_5/events.out.tfevents.1768387346.master-192-168-8-48.1680.3,qkv.lora_B,5
1768388744.9962635,2436,76.15625,0.5788782835006714,Grad/qkv.lora_B,outputs_dev/vitb16/T=vtab_Q=3bit_L=lora_2_qkv-fc1-proj-fc2/cifar/20260114184203_default_acc=53.50/tensorboard/Grad_qkv.lora_B_block_5/events.out.tfevents.1768387346.master-192-168-8-48.1680.3,qkv.lora_B,5
1768388745.418435,2437,76.1875,0.13934320211410522,Grad/qkv.lora_B,outputs_dev/vitb16/T=vtab_Q=3bit_L=lora_2_qkv-fc1-proj-fc2/cifar/20260114184203_default_acc=53.50/tensorboard/Grad_qkv.lora_B_block_5/events.out.tfevents.1768387346.master-192-168-8-48.1680.3,qkv.lora_B,5
1768388745.919032,2438,76.21875,0.020633770152926445,Grad/qkv.lora_B,outputs_dev/vitb16/T=vtab_Q=3bit_L=lora_2_qkv-fc1-proj-fc2/cifar/20260114184203_default_acc=53.50/tensorboard/Grad_qkv.lora_B_block_5/events.out.tfevents.1768387346.master-192-168-8-48.1680.3,qkv.lora_B,5
1768388746.4298751,2439,76.25,0.37745383381843567,Grad/qkv.lora_B,outputs_dev/vitb16/T=vtab_Q=3bit_L=lora_2_qkv-fc1-proj-fc2/cifar/20260114184203_default_acc=53.50/tensorboard/Grad_qkv.lora_B_block_5/events.out.tfevents.1768387346.master-192-168-8-48.1680.3,qkv.lora_B,5
1768388746.8425753,2440,76.28125,0.04552805796265602,Grad/qkv.lora_B,outputs_dev/vitb16/T=vtab_Q=3bit_L=lora_2_qkv-fc1-proj-fc2/cifar/20260114184203_default_acc=53.50/tensorboard/Grad_qkv.lora_B_block_5/events.out.tfevents.1768387346.master-192-168-8-48.1680.3,qkv.lora_B,5
1768388747.2503023,2441,76.3125,0.5128456354141235,Grad/qkv.lora_B,outputs_dev/vitb16/T=vtab_Q=3bit_L=lora_2_qkv-fc1-proj-fc2/cifar/20260114184203_default_acc=53.50/tensorboard/Grad_qkv.lora_B_block_5/events.out.tfevents.1768387346.master-192-168-8-48.1680.3,qkv.lora_B,5
1768388747.6399038,2442,76.34375,0.11695308238267899,Grad/qkv.lora_B,outputs_dev/vitb16/T=vtab_Q=3bit_L=lora_2_qkv-fc1-proj-fc2/cifar/20260114184203_default_acc=53.50/tensorboard/Grad_qkv.lora_B_block_5/events.out.tfevents.1768387346.master-192-168-8-48.1680.3,qkv.lora_B,5
1768388748.0446038,2443,76.375,0.12825673818588257,Grad/qkv.lora_B,outputs_dev/vitb16/T=vtab_Q=3bit_L=lora_2_qkv-fc1-proj-fc2/cifar/20260114184203_default_acc=53.50/tensorboard/Grad_qkv.lora_B_block_5/events.out.tfevents.1768387346.master-192-168-8-48.1680.3,qkv.lora_B,5
1768388748.4332201,2444,76.40625,0.042793769389390945,Grad/qkv.lora_B,outputs_dev/vitb16/T=vtab_Q=3bit_L=lora_2_qkv-fc1-proj-fc2/cifar/20260114184203_default_acc=53.50/tensorboard/Grad_qkv.lora_B_block_5/events.out.tfevents.1768387346.master-192-168-8-48.1680.3,qkv.lora_B,5
1768388748.8377972,2445,76.4375,0.4554700553417206,Grad/qkv.lora_B,outputs_dev/vitb16/T=vtab_Q=3bit_L=lora_2_qkv-fc1-proj-fc2/cifar/20260114184203_default_acc=53.50/tensorboard/Grad_qkv.lora_B_block_5/events.out.tfevents.1768387346.master-192-168-8-48.1680.3,qkv.lora_B,5
1768388749.232542,2446,76.46875,0.7689158320426941,Grad/qkv.lora_B,outputs_dev/vitb16/T=vtab_Q=3bit_L=lora_2_qkv-fc1-proj-fc2/cifar/20260114184203_default_acc=53.50/tensorboard/Grad_qkv.lora_B_block_5/events.out.tfevents.1768387346.master-192-168-8-48.1680.3,qkv.lora_B,5
1768388749.6757634,2447,76.5,0.3079279661178589,Grad/qkv.lora_B,outputs_dev/vitb16/T=vtab_Q=3bit_L=lora_2_qkv-fc1-proj-fc2/cifar/20260114184203_default_acc=53.50/tensorboard/Grad_qkv.lora_B_block_5/events.out.tfevents.1768387346.master-192-168-8-48.1680.3,qkv.lora_B,5
1768388750.0792575,2448,76.53125,0.18750523030757904,Grad/qkv.lora_B,outputs_dev/vitb16/T=vtab_Q=3bit_L=lora_2_qkv-fc1-proj-fc2/cifar/20260114184203_default_acc=53.50/tensorboard/Grad_qkv.lora_B_block_5/events.out.tfevents.1768387346.master-192-168-8-48.1680.3,qkv.lora_B,5
1768388750.4680567,2449,76.5625,0.2819461524486542,Grad/qkv.lora_B,outputs_dev/vitb16/T=vtab_Q=3bit_L=lora_2_qkv-fc1-proj-fc2/cifar/20260114184203_default_acc=53.50/tensorboard/Grad_qkv.lora_B_block_5/events.out.tfevents.1768387346.master-192-168-8-48.1680.3,qkv.lora_B,5
1768388750.8591607,2450,76.59375,0.07763771712779999,Grad/qkv.lora_B,outputs_dev/vitb16/T=vtab_Q=3bit_L=lora_2_qkv-fc1-proj-fc2/cifar/20260114184203_default_acc=53.50/tensorboard/Grad_qkv.lora_B_block_5/events.out.tfevents.1768387346.master-192-168-8-48.1680.3,qkv.lora_B,5
1768388751.263186,2451,76.625,0.03497747704386711,Grad/qkv.lora_B,outputs_dev/vitb16/T=vtab_Q=3bit_L=lora_2_qkv-fc1-proj-fc2/cifar/20260114184203_default_acc=53.50/tensorboard/Grad_qkv.lora_B_block_5/events.out.tfevents.1768387346.master-192-168-8-48.1680.3,qkv.lora_B,5
1768388751.6666849,2452,76.65625,0.06775462627410889,Grad/qkv.lora_B,outputs_dev/vitb16/T=vtab_Q=3bit_L=lora_2_qkv-fc1-proj-fc2/cifar/20260114184203_default_acc=53.50/tensorboard/Grad_qkv.lora_B_block_5/events.out.tfevents.1768387346.master-192-168-8-48.1680.3,qkv.lora_B,5
1768388752.0707335,2453,76.6875,0.21379512548446655,Grad/qkv.lora_B,outputs_dev/vitb16/T=vtab_Q=3bit_L=lora_2_qkv-fc1-proj-fc2/cifar/20260114184203_default_acc=53.50/tensorboard/Grad_qkv.lora_B_block_5/events.out.tfevents.1768387346.master-192-168-8-48.1680.3,qkv.lora_B,5
1768388752.4610114,2454,76.71875,0.07962363213300705,Grad/qkv.lora_B,outputs_dev/vitb16/T=vtab_Q=3bit_L=lora_2_qkv-fc1-proj-fc2/cifar/20260114184203_default_acc=53.50/tensorboard/Grad_qkv.lora_B_block_5/events.out.tfevents.1768387346.master-192-168-8-48.1680.3,qkv.lora_B,5
1768388752.8782594,2455,76.75,0.0813629999756813,Grad/qkv.lora_B,outputs_dev/vitb16/T=vtab_Q=3bit_L=lora_2_qkv-fc1-proj-fc2/cifar/20260114184203_default_acc=53.50/tensorboard/Grad_qkv.lora_B_block_5/events.out.tfevents.1768387346.master-192-168-8-48.1680.3,qkv.lora_B,5
1768388753.2838354,2456,76.78125,0.039180733263492584,Grad/qkv.lora_B,outputs_dev/vitb16/T=vtab_Q=3bit_L=lora_2_qkv-fc1-proj-fc2/cifar/20260114184203_default_acc=53.50/tensorboard/Grad_qkv.lora_B_block_5/events.out.tfevents.1768387346.master-192-168-8-48.1680.3,qkv.lora_B,5
1768388753.6895514,2457,76.8125,0.06784605979919434,Grad/qkv.lora_B,outputs_dev/vitb16/T=vtab_Q=3bit_L=lora_2_qkv-fc1-proj-fc2/cifar/20260114184203_default_acc=53.50/tensorboard/Grad_qkv.lora_B_block_5/events.out.tfevents.1768387346.master-192-168-8-48.1680.3,qkv.lora_B,5
1768388754.0943503,2458,76.84375,0.02674843557178974,Grad/qkv.lora_B,outputs_dev/vitb16/T=vtab_Q=3bit_L=lora_2_qkv-fc1-proj-fc2/cifar/20260114184203_default_acc=53.50/tensorboard/Grad_qkv.lora_B_block_5/events.out.tfevents.1768387346.master-192-168-8-48.1680.3,qkv.lora_B,5
1768388754.4981208,2459,76.875,0.08297082781791687,Grad/qkv.lora_B,outputs_dev/vitb16/T=vtab_Q=3bit_L=lora_2_qkv-fc1-proj-fc2/cifar/20260114184203_default_acc=53.50/tensorboard/Grad_qkv.lora_B_block_5/events.out.tfevents.1768387346.master-192-168-8-48.1680.3,qkv.lora_B,5
1768388754.888289,2460,76.90625,0.06064751371741295,Grad/qkv.lora_B,outputs_dev/vitb16/T=vtab_Q=3bit_L=lora_2_qkv-fc1-proj-fc2/cifar/20260114184203_default_acc=53.50/tensorboard/Grad_qkv.lora_B_block_5/events.out.tfevents.1768387346.master-192-168-8-48.1680.3,qkv.lora_B,5
1768388755.2787569,2461,76.9375,0.0405779704451561,Grad/qkv.lora_B,outputs_dev/vitb16/T=vtab_Q=3bit_L=lora_2_qkv-fc1-proj-fc2/cifar/20260114184203_default_acc=53.50/tensorboard/Grad_qkv.lora_B_block_5/events.out.tfevents.1768387346.master-192-168-8-48.1680.3,qkv.lora_B,5
1768388755.6821468,2462,76.96875,0.13100211322307587,Grad/qkv.lora_B,outputs_dev/vitb16/T=vtab_Q=3bit_L=lora_2_qkv-fc1-proj-fc2/cifar/20260114184203_default_acc=53.50/tensorboard/Grad_qkv.lora_B_block_5/events.out.tfevents.1768387346.master-192-168-8-48.1680.3,qkv.lora_B,5
1768388755.8888564,2463,77.0,0.08232402056455612,Grad/qkv.lora_B,outputs_dev/vitb16/T=vtab_Q=3bit_L=lora_2_qkv-fc1-proj-fc2/cifar/20260114184203_default_acc=53.50/tensorboard/Grad_qkv.lora_B_block_5/events.out.tfevents.1768387346.master-192-168-8-48.1680.3,qkv.lora_B,5
1768388756.5586243,2464,77.03125,0.04081736132502556,Grad/qkv.lora_B,outputs_dev/vitb16/T=vtab_Q=3bit_L=lora_2_qkv-fc1-proj-fc2/cifar/20260114184203_default_acc=53.50/tensorboard/Grad_qkv.lora_B_block_5/events.out.tfevents.1768387346.master-192-168-8-48.1680.3,qkv.lora_B,5
1768388756.968416,2465,77.0625,0.05122220143675804,Grad/qkv.lora_B,outputs_dev/vitb16/T=vtab_Q=3bit_L=lora_2_qkv-fc1-proj-fc2/cifar/20260114184203_default_acc=53.50/tensorboard/Grad_qkv.lora_B_block_5/events.out.tfevents.1768387346.master-192-168-8-48.1680.3,qkv.lora_B,5
1768388757.3610718,2466,77.09375,0.03826005011796951,Grad/qkv.lora_B,outputs_dev/vitb16/T=vtab_Q=3bit_L=lora_2_qkv-fc1-proj-fc2/cifar/20260114184203_default_acc=53.50/tensorboard/Grad_qkv.lora_B_block_5/events.out.tfevents.1768387346.master-192-168-8-48.1680.3,qkv.lora_B,5
1768388757.755578,2467,77.125,0.11057619750499725,Grad/qkv.lora_B,outputs_dev/vitb16/T=vtab_Q=3bit_L=lora_2_qkv-fc1-proj-fc2/cifar/20260114184203_default_acc=53.50/tensorboard/Grad_qkv.lora_B_block_5/events.out.tfevents.1768387346.master-192-168-8-48.1680.3,qkv.lora_B,5
1768388758.1658993,2468,77.15625,0.019151994958519936,Grad/qkv.lora_B,outputs_dev/vitb16/T=vtab_Q=3bit_L=lora_2_qkv-fc1-proj-fc2/cifar/20260114184203_default_acc=53.50/tensorboard/Grad_qkv.lora_B_block_5/events.out.tfevents.1768387346.master-192-168-8-48.1680.3,qkv.lora_B,5
1768388758.5677605,2469,77.1875,0.13013988733291626,Grad/qkv.lora_B,outputs_dev/vitb16/T=vtab_Q=3bit_L=lora_2_qkv-fc1-proj-fc2/cifar/20260114184203_default_acc=53.50/tensorboard/Grad_qkv.lora_B_block_5/events.out.tfevents.1768387346.master-192-168-8-48.1680.3,qkv.lora_B,5
1768388758.9650965,2470,77.21875,0.17346704006195068,Grad/qkv.lora_B,outputs_dev/vitb16/T=vtab_Q=3bit_L=lora_2_qkv-fc1-proj-fc2/cifar/20260114184203_default_acc=53.50/tensorboard/Grad_qkv.lora_B_block_5/events.out.tfevents.1768387346.master-192-168-8-48.1680.3,qkv.lora_B,5
1768388759.3569827,2471,77.25,0.07325775176286697,Grad/qkv.lora_B,outputs_dev/vitb16/T=vtab_Q=3bit_L=lora_2_qkv-fc1-proj-fc2/cifar/20260114184203_default_acc=53.50/tensorboard/Grad_qkv.lora_B_block_5/events.out.tfevents.1768387346.master-192-168-8-48.1680.3,qkv.lora_B,5
1768388759.7479632,2472,77.28125,0.09450821578502655,Grad/qkv.lora_B,outputs_dev/vitb16/T=vtab_Q=3bit_L=lora_2_qkv-fc1-proj-fc2/cifar/20260114184203_default_acc=53.50/tensorboard/Grad_qkv.lora_B_block_5/events.out.tfevents.1768387346.master-192-168-8-48.1680.3,qkv.lora_B,5
1768388760.1418958,2473,77.3125,0.03494340926408768,Grad/qkv.lora_B,outputs_dev/vitb16/T=vtab_Q=3bit_L=lora_2_qkv-fc1-proj-fc2/cifar/20260114184203_default_acc=53.50/tensorboard/Grad_qkv.lora_B_block_5/events.out.tfevents.1768387346.master-192-168-8-48.1680.3,qkv.lora_B,5
1768388760.5328848,2474,77.34375,0.07517518103122711,Grad/qkv.lora_B,outputs_dev/vitb16/T=vtab_Q=3bit_L=lora_2_qkv-fc1-proj-fc2/cifar/20260114184203_default_acc=53.50/tensorboard/Grad_qkv.lora_B_block_5/events.out.tfevents.1768387346.master-192-168-8-48.1680.3,qkv.lora_B,5
1768388760.9274087,2475,77.375,0.06870745867490768,Grad/qkv.lora_B,outputs_dev/vitb16/T=vtab_Q=3bit_L=lora_2_qkv-fc1-proj-fc2/cifar/20260114184203_default_acc=53.50/tensorboard/Grad_qkv.lora_B_block_5/events.out.tfevents.1768387346.master-192-168-8-48.1680.3,qkv.lora_B,5
1768388761.320486,2476,77.40625,0.03396878018975258,Grad/qkv.lora_B,outputs_dev/vitb16/T=vtab_Q=3bit_L=lora_2_qkv-fc1-proj-fc2/cifar/20260114184203_default_acc=53.50/tensorboard/Grad_qkv.lora_B_block_5/events.out.tfevents.1768387346.master-192-168-8-48.1680.3,qkv.lora_B,5
1768388761.7142513,2477,77.4375,0.5142964124679565,Grad/qkv.lora_B,outputs_dev/vitb16/T=vtab_Q=3bit_L=lora_2_qkv-fc1-proj-fc2/cifar/20260114184203_default_acc=53.50/tensorboard/Grad_qkv.lora_B_block_5/events.out.tfevents.1768387346.master-192-168-8-48.1680.3,qkv.lora_B,5
1768388762.10849,2478,77.46875,0.03942398354411125,Grad/qkv.lora_B,outputs_dev/vitb16/T=vtab_Q=3bit_L=lora_2_qkv-fc1-proj-fc2/cifar/20260114184203_default_acc=53.50/tensorboard/Grad_qkv.lora_B_block_5/events.out.tfevents.1768387346.master-192-168-8-48.1680.3,qkv.lora_B,5
1768388762.5000865,2479,77.5,0.0372287891805172,Grad/qkv.lora_B,outputs_dev/vitb16/T=vtab_Q=3bit_L=lora_2_qkv-fc1-proj-fc2/cifar/20260114184203_default_acc=53.50/tensorboard/Grad_qkv.lora_B_block_5/events.out.tfevents.1768387346.master-192-168-8-48.1680.3,qkv.lora_B,5
1768388762.8908627,2480,77.53125,0.016963941976428032,Grad/qkv.lora_B,outputs_dev/vitb16/T=vtab_Q=3bit_L=lora_2_qkv-fc1-proj-fc2/cifar/20260114184203_default_acc=53.50/tensorboard/Grad_qkv.lora_B_block_5/events.out.tfevents.1768387346.master-192-168-8-48.1680.3,qkv.lora_B,5
1768388763.281896,2481,77.5625,0.07499895989894867,Grad/qkv.lora_B,outputs_dev/vitb16/T=vtab_Q=3bit_L=lora_2_qkv-fc1-proj-fc2/cifar/20260114184203_default_acc=53.50/tensorboard/Grad_qkv.lora_B_block_5/events.out.tfevents.1768387346.master-192-168-8-48.1680.3,qkv.lora_B,5
1768388763.675484,2482,77.59375,0.1889360249042511,Grad/qkv.lora_B,outputs_dev/vitb16/T=vtab_Q=3bit_L=lora_2_qkv-fc1-proj-fc2/cifar/20260114184203_default_acc=53.50/tensorboard/Grad_qkv.lora_B_block_5/events.out.tfevents.1768387346.master-192-168-8-48.1680.3,qkv.lora_B,5
1768388764.0660703,2483,77.625,0.07621632516384125,Grad/qkv.lora_B,outputs_dev/vitb16/T=vtab_Q=3bit_L=lora_2_qkv-fc1-proj-fc2/cifar/20260114184203_default_acc=53.50/tensorboard/Grad_qkv.lora_B_block_5/events.out.tfevents.1768387346.master-192-168-8-48.1680.3,qkv.lora_B,5
1768388764.459637,2484,77.65625,0.02090664580464363,Grad/qkv.lora_B,outputs_dev/vitb16/T=vtab_Q=3bit_L=lora_2_qkv-fc1-proj-fc2/cifar/20260114184203_default_acc=53.50/tensorboard/Grad_qkv.lora_B_block_5/events.out.tfevents.1768387346.master-192-168-8-48.1680.3,qkv.lora_B,5
1768388764.8563786,2485,77.6875,0.13948965072631836,Grad/qkv.lora_B,outputs_dev/vitb16/T=vtab_Q=3bit_L=lora_2_qkv-fc1-proj-fc2/cifar/20260114184203_default_acc=53.50/tensorboard/Grad_qkv.lora_B_block_5/events.out.tfevents.1768387346.master-192-168-8-48.1680.3,qkv.lora_B,5
1768388765.272079,2486,77.71875,0.018068237230181694,Grad/qkv.lora_B,outputs_dev/vitb16/T=vtab_Q=3bit_L=lora_2_qkv-fc1-proj-fc2/cifar/20260114184203_default_acc=53.50/tensorboard/Grad_qkv.lora_B_block_5/events.out.tfevents.1768387346.master-192-168-8-48.1680.3,qkv.lora_B,5
1768388765.6741917,2487,77.75,0.08657503128051758,Grad/qkv.lora_B,outputs_dev/vitb16/T=vtab_Q=3bit_L=lora_2_qkv-fc1-proj-fc2/cifar/20260114184203_default_acc=53.50/tensorboard/Grad_qkv.lora_B_block_5/events.out.tfevents.1768387346.master-192-168-8-48.1680.3,qkv.lora_B,5
1768388766.0823193,2488,77.78125,0.17043732106685638,Grad/qkv.lora_B,outputs_dev/vitb16/T=vtab_Q=3bit_L=lora_2_qkv-fc1-proj-fc2/cifar/20260114184203_default_acc=53.50/tensorboard/Grad_qkv.lora_B_block_5/events.out.tfevents.1768387346.master-192-168-8-48.1680.3,qkv.lora_B,5
1768388766.4865305,2489,77.8125,0.1350538730621338,Grad/qkv.lora_B,outputs_dev/vitb16/T=vtab_Q=3bit_L=lora_2_qkv-fc1-proj-fc2/cifar/20260114184203_default_acc=53.50/tensorboard/Grad_qkv.lora_B_block_5/events.out.tfevents.1768387346.master-192-168-8-48.1680.3,qkv.lora_B,5
1768388766.8874345,2490,77.84375,0.45105937123298645,Grad/qkv.lora_B,outputs_dev/vitb16/T=vtab_Q=3bit_L=lora_2_qkv-fc1-proj-fc2/cifar/20260114184203_default_acc=53.50/tensorboard/Grad_qkv.lora_B_block_5/events.out.tfevents.1768387346.master-192-168-8-48.1680.3,qkv.lora_B,5
1768388767.2969887,2491,77.875,0.04923845827579498,Grad/qkv.lora_B,outputs_dev/vitb16/T=vtab_Q=3bit_L=lora_2_qkv-fc1-proj-fc2/cifar/20260114184203_default_acc=53.50/tensorboard/Grad_qkv.lora_B_block_5/events.out.tfevents.1768387346.master-192-168-8-48.1680.3,qkv.lora_B,5
1768388767.6953306,2492,77.90625,0.025754792615771294,Grad/qkv.lora_B,outputs_dev/vitb16/T=vtab_Q=3bit_L=lora_2_qkv-fc1-proj-fc2/cifar/20260114184203_default_acc=53.50/tensorboard/Grad_qkv.lora_B_block_5/events.out.tfevents.1768387346.master-192-168-8-48.1680.3,qkv.lora_B,5
1768388768.09458,2493,77.9375,0.2998102307319641,Grad/qkv.lora_B,outputs_dev/vitb16/T=vtab_Q=3bit_L=lora_2_qkv-fc1-proj-fc2/cifar/20260114184203_default_acc=53.50/tensorboard/Grad_qkv.lora_B_block_5/events.out.tfevents.1768387346.master-192-168-8-48.1680.3,qkv.lora_B,5
1768388768.5054927,2494,77.96875,0.07299893349409103,Grad/qkv.lora_B,outputs_dev/vitb16/T=vtab_Q=3bit_L=lora_2_qkv-fc1-proj-fc2/cifar/20260114184203_default_acc=53.50/tensorboard/Grad_qkv.lora_B_block_5/events.out.tfevents.1768387346.master-192-168-8-48.1680.3,qkv.lora_B,5
1768388768.7066286,2495,78.0,0.2723675072193146,Grad/qkv.lora_B,outputs_dev/vitb16/T=vtab_Q=3bit_L=lora_2_qkv-fc1-proj-fc2/cifar/20260114184203_default_acc=53.50/tensorboard/Grad_qkv.lora_B_block_5/events.out.tfevents.1768387346.master-192-168-8-48.1680.3,qkv.lora_B,5
1768388769.3436754,2496,78.03125,0.027454908937215805,Grad/qkv.lora_B,outputs_dev/vitb16/T=vtab_Q=3bit_L=lora_2_qkv-fc1-proj-fc2/cifar/20260114184203_default_acc=53.50/tensorboard/Grad_qkv.lora_B_block_5/events.out.tfevents.1768387346.master-192-168-8-48.1680.3,qkv.lora_B,5
1768388769.7543397,2497,78.0625,0.2490147203207016,Grad/qkv.lora_B,outputs_dev/vitb16/T=vtab_Q=3bit_L=lora_2_qkv-fc1-proj-fc2/cifar/20260114184203_default_acc=53.50/tensorboard/Grad_qkv.lora_B_block_5/events.out.tfevents.1768387346.master-192-168-8-48.1680.3,qkv.lora_B,5
1768388770.1477144,2498,78.09375,0.04093727096915245,Grad/qkv.lora_B,outputs_dev/vitb16/T=vtab_Q=3bit_L=lora_2_qkv-fc1-proj-fc2/cifar/20260114184203_default_acc=53.50/tensorboard/Grad_qkv.lora_B_block_5/events.out.tfevents.1768387346.master-192-168-8-48.1680.3,qkv.lora_B,5
1768388770.5440876,2499,78.125,0.0682891383767128,Grad/qkv.lora_B,outputs_dev/vitb16/T=vtab_Q=3bit_L=lora_2_qkv-fc1-proj-fc2/cifar/20260114184203_default_acc=53.50/tensorboard/Grad_qkv.lora_B_block_5/events.out.tfevents.1768387346.master-192-168-8-48.1680.3,qkv.lora_B,5
1768388770.9221153,2500,78.15625,0.05339648947119713,Grad/qkv.lora_B,outputs_dev/vitb16/T=vtab_Q=3bit_L=lora_2_qkv-fc1-proj-fc2/cifar/20260114184203_default_acc=53.50/tensorboard/Grad_qkv.lora_B_block_5/events.out.tfevents.1768387346.master-192-168-8-48.1680.3,qkv.lora_B,5
1768388771.3151383,2501,78.1875,0.02280210703611374,Grad/qkv.lora_B,outputs_dev/vitb16/T=vtab_Q=3bit_L=lora_2_qkv-fc1-proj-fc2/cifar/20260114184203_default_acc=53.50/tensorboard/Grad_qkv.lora_B_block_5/events.out.tfevents.1768387346.master-192-168-8-48.1680.3,qkv.lora_B,5
1768388771.7084718,2502,78.21875,0.07519454509019852,Grad/qkv.lora_B,outputs_dev/vitb16/T=vtab_Q=3bit_L=lora_2_qkv-fc1-proj-fc2/cifar/20260114184203_default_acc=53.50/tensorboard/Grad_qkv.lora_B_block_5/events.out.tfevents.1768387346.master-192-168-8-48.1680.3,qkv.lora_B,5
1768388772.0989454,2503,78.25,0.05884011089801788,Grad/qkv.lora_B,outputs_dev/vitb16/T=vtab_Q=3bit_L=lora_2_qkv-fc1-proj-fc2/cifar/20260114184203_default_acc=53.50/tensorboard/Grad_qkv.lora_B_block_5/events.out.tfevents.1768387346.master-192-168-8-48.1680.3,qkv.lora_B,5
1768388772.4908674,2504,78.28125,0.030586669221520424,Grad/qkv.lora_B,outputs_dev/vitb16/T=vtab_Q=3bit_L=lora_2_qkv-fc1-proj-fc2/cifar/20260114184203_default_acc=53.50/tensorboard/Grad_qkv.lora_B_block_5/events.out.tfevents.1768387346.master-192-168-8-48.1680.3,qkv.lora_B,5
1768388772.8867605,2505,78.3125,0.1424589306116104,Grad/qkv.lora_B,outputs_dev/vitb16/T=vtab_Q=3bit_L=lora_2_qkv-fc1-proj-fc2/cifar/20260114184203_default_acc=53.50/tensorboard/Grad_qkv.lora_B_block_5/events.out.tfevents.1768387346.master-192-168-8-48.1680.3,qkv.lora_B,5
1768388773.311528,2506,78.34375,0.04443306848406792,Grad/qkv.lora_B,outputs_dev/vitb16/T=vtab_Q=3bit_L=lora_2_qkv-fc1-proj-fc2/cifar/20260114184203_default_acc=53.50/tensorboard/Grad_qkv.lora_B_block_5/events.out.tfevents.1768387346.master-192-168-8-48.1680.3,qkv.lora_B,5
1768388773.7031868,2507,78.375,0.046742312610149384,Grad/qkv.lora_B,outputs_dev/vitb16/T=vtab_Q=3bit_L=lora_2_qkv-fc1-proj-fc2/cifar/20260114184203_default_acc=53.50/tensorboard/Grad_qkv.lora_B_block_5/events.out.tfevents.1768387346.master-192-168-8-48.1680.3,qkv.lora_B,5
1768388774.0932183,2508,78.40625,0.0544489286839962,Grad/qkv.lora_B,outputs_dev/vitb16/T=vtab_Q=3bit_L=lora_2_qkv-fc1-proj-fc2/cifar/20260114184203_default_acc=53.50/tensorboard/Grad_qkv.lora_B_block_5/events.out.tfevents.1768387346.master-192-168-8-48.1680.3,qkv.lora_B,5
1768388774.4833293,2509,78.4375,0.12648257613182068,Grad/qkv.lora_B,outputs_dev/vitb16/T=vtab_Q=3bit_L=lora_2_qkv-fc1-proj-fc2/cifar/20260114184203_default_acc=53.50/tensorboard/Grad_qkv.lora_B_block_5/events.out.tfevents.1768387346.master-192-168-8-48.1680.3,qkv.lora_B,5
1768388774.8931623,2510,78.46875,0.17068569362163544,Grad/qkv.lora_B,outputs_dev/vitb16/T=vtab_Q=3bit_L=lora_2_qkv-fc1-proj-fc2/cifar/20260114184203_default_acc=53.50/tensorboard/Grad_qkv.lora_B_block_5/events.out.tfevents.1768387346.master-192-168-8-48.1680.3,qkv.lora_B,5
1768388775.2887897,2511,78.5,0.04128409922122955,Grad/qkv.lora_B,outputs_dev/vitb16/T=vtab_Q=3bit_L=lora_2_qkv-fc1-proj-fc2/cifar/20260114184203_default_acc=53.50/tensorboard/Grad_qkv.lora_B_block_5/events.out.tfevents.1768387346.master-192-168-8-48.1680.3,qkv.lora_B,5
1768388775.6854224,2512,78.53125,0.09943298250436783,Grad/qkv.lora_B,outputs_dev/vitb16/T=vtab_Q=3bit_L=lora_2_qkv-fc1-proj-fc2/cifar/20260114184203_default_acc=53.50/tensorboard/Grad_qkv.lora_B_block_5/events.out.tfevents.1768387346.master-192-168-8-48.1680.3,qkv.lora_B,5
1768388776.0807865,2513,78.5625,0.20014964044094086,Grad/qkv.lora_B,outputs_dev/vitb16/T=vtab_Q=3bit_L=lora_2_qkv-fc1-proj-fc2/cifar/20260114184203_default_acc=53.50/tensorboard/Grad_qkv.lora_B_block_5/events.out.tfevents.1768387346.master-192-168-8-48.1680.3,qkv.lora_B,5
1768388776.480395,2514,78.59375,0.05904102697968483,Grad/qkv.lora_B,outputs_dev/vitb16/T=vtab_Q=3bit_L=lora_2_qkv-fc1-proj-fc2/cifar/20260114184203_default_acc=53.50/tensorboard/Grad_qkv.lora_B_block_5/events.out.tfevents.1768387346.master-192-168-8-48.1680.3,qkv.lora_B,5
1768388776.8847666,2515,78.625,0.030331512913107872,Grad/qkv.lora_B,outputs_dev/vitb16/T=vtab_Q=3bit_L=lora_2_qkv-fc1-proj-fc2/cifar/20260114184203_default_acc=53.50/tensorboard/Grad_qkv.lora_B_block_5/events.out.tfevents.1768387346.master-192-168-8-48.1680.3,qkv.lora_B,5
1768388777.3003614,2516,78.65625,0.05260856822133064,Grad/qkv.lora_B,outputs_dev/vitb16/T=vtab_Q=3bit_L=lora_2_qkv-fc1-proj-fc2/cifar/20260114184203_default_acc=53.50/tensorboard/Grad_qkv.lora_B_block_5/events.out.tfevents.1768387346.master-192-168-8-48.1680.3,qkv.lora_B,5
1768388777.6989374,2517,78.6875,0.039506491273641586,Grad/qkv.lora_B,outputs_dev/vitb16/T=vtab_Q=3bit_L=lora_2_qkv-fc1-proj-fc2/cifar/20260114184203_default_acc=53.50/tensorboard/Grad_qkv.lora_B_block_5/events.out.tfevents.1768387346.master-192-168-8-48.1680.3,qkv.lora_B,5
1768388778.0941525,2518,78.71875,0.02474859170615673,Grad/qkv.lora_B,outputs_dev/vitb16/T=vtab_Q=3bit_L=lora_2_qkv-fc1-proj-fc2/cifar/20260114184203_default_acc=53.50/tensorboard/Grad_qkv.lora_B_block_5/events.out.tfevents.1768387346.master-192-168-8-48.1680.3,qkv.lora_B,5
1768388778.4904659,2519,78.75,0.03731861710548401,Grad/qkv.lora_B,outputs_dev/vitb16/T=vtab_Q=3bit_L=lora_2_qkv-fc1-proj-fc2/cifar/20260114184203_default_acc=53.50/tensorboard/Grad_qkv.lora_B_block_5/events.out.tfevents.1768387346.master-192-168-8-48.1680.3,qkv.lora_B,5
1768388778.8823037,2520,78.78125,0.07694287598133087,Grad/qkv.lora_B,outputs_dev/vitb16/T=vtab_Q=3bit_L=lora_2_qkv-fc1-proj-fc2/cifar/20260114184203_default_acc=53.50/tensorboard/Grad_qkv.lora_B_block_5/events.out.tfevents.1768387346.master-192-168-8-48.1680.3,qkv.lora_B,5
1768388779.2776756,2521,78.8125,0.027782319113612175,Grad/qkv.lora_B,outputs_dev/vitb16/T=vtab_Q=3bit_L=lora_2_qkv-fc1-proj-fc2/cifar/20260114184203_default_acc=53.50/tensorboard/Grad_qkv.lora_B_block_5/events.out.tfevents.1768387346.master-192-168-8-48.1680.3,qkv.lora_B,5
1768388779.677982,2522,78.84375,0.04422849416732788,Grad/qkv.lora_B,outputs_dev/vitb16/T=vtab_Q=3bit_L=lora_2_qkv-fc1-proj-fc2/cifar/20260114184203_default_acc=53.50/tensorboard/Grad_qkv.lora_B_block_5/events.out.tfevents.1768387346.master-192-168-8-48.1680.3,qkv.lora_B,5
1768388780.0776098,2523,78.875,0.11506637185811996,Grad/qkv.lora_B,outputs_dev/vitb16/T=vtab_Q=3bit_L=lora_2_qkv-fc1-proj-fc2/cifar/20260114184203_default_acc=53.50/tensorboard/Grad_qkv.lora_B_block_5/events.out.tfevents.1768387346.master-192-168-8-48.1680.3,qkv.lora_B,5
1768388780.4746065,2524,78.90625,0.15670524537563324,Grad/qkv.lora_B,outputs_dev/vitb16/T=vtab_Q=3bit_L=lora_2_qkv-fc1-proj-fc2/cifar/20260114184203_default_acc=53.50/tensorboard/Grad_qkv.lora_B_block_5/events.out.tfevents.1768387346.master-192-168-8-48.1680.3,qkv.lora_B,5
1768388780.8718264,2525,78.9375,0.07930420339107513,Grad/qkv.lora_B,outputs_dev/vitb16/T=vtab_Q=3bit_L=lora_2_qkv-fc1-proj-fc2/cifar/20260114184203_default_acc=53.50/tensorboard/Grad_qkv.lora_B_block_5/events.out.tfevents.1768387346.master-192-168-8-48.1680.3,qkv.lora_B,5
1768388781.2690043,2526,78.96875,0.04224743694067001,Grad/qkv.lora_B,outputs_dev/vitb16/T=vtab_Q=3bit_L=lora_2_qkv-fc1-proj-fc2/cifar/20260114184203_default_acc=53.50/tensorboard/Grad_qkv.lora_B_block_5/events.out.tfevents.1768387346.master-192-168-8-48.1680.3,qkv.lora_B,5
1768388781.4945529,2527,79.0,0.09444881975650787,Grad/qkv.lora_B,outputs_dev/vitb16/T=vtab_Q=3bit_L=lora_2_qkv-fc1-proj-fc2/cifar/20260114184203_default_acc=53.50/tensorboard/Grad_qkv.lora_B_block_5/events.out.tfevents.1768387346.master-192-168-8-48.1680.3,qkv.lora_B,5
1768388782.135301,2528,79.03125,0.01748666912317276,Grad/qkv.lora_B,outputs_dev/vitb16/T=vtab_Q=3bit_L=lora_2_qkv-fc1-proj-fc2/cifar/20260114184203_default_acc=53.50/tensorboard/Grad_qkv.lora_B_block_5/events.out.tfevents.1768387346.master-192-168-8-48.1680.3,qkv.lora_B,5
1768388782.5472767,2529,79.0625,0.04017142206430435,Grad/qkv.lora_B,outputs_dev/vitb16/T=vtab_Q=3bit_L=lora_2_qkv-fc1-proj-fc2/cifar/20260114184203_default_acc=53.50/tensorboard/Grad_qkv.lora_B_block_5/events.out.tfevents.1768387346.master-192-168-8-48.1680.3,qkv.lora_B,5
1768388783.0423381,2530,79.09375,0.024149879813194275,Grad/qkv.lora_B,outputs_dev/vitb16/T=vtab_Q=3bit_L=lora_2_qkv-fc1-proj-fc2/cifar/20260114184203_default_acc=53.50/tensorboard/Grad_qkv.lora_B_block_5/events.out.tfevents.1768387346.master-192-168-8-48.1680.3,qkv.lora_B,5
1768388783.4385643,2531,79.125,0.017367009073495865,Grad/qkv.lora_B,outputs_dev/vitb16/T=vtab_Q=3bit_L=lora_2_qkv-fc1-proj-fc2/cifar/20260114184203_default_acc=53.50/tensorboard/Grad_qkv.lora_B_block_5/events.out.tfevents.1768387346.master-192-168-8-48.1680.3,qkv.lora_B,5
1768388783.8483129,2532,79.15625,0.0784030333161354,Grad/qkv.lora_B,outputs_dev/vitb16/T=vtab_Q=3bit_L=lora_2_qkv-fc1-proj-fc2/cifar/20260114184203_default_acc=53.50/tensorboard/Grad_qkv.lora_B_block_5/events.out.tfevents.1768387346.master-192-168-8-48.1680.3,qkv.lora_B,5
1768388784.2633207,2533,79.1875,0.03629864379763603,Grad/qkv.lora_B,outputs_dev/vitb16/T=vtab_Q=3bit_L=lora_2_qkv-fc1-proj-fc2/cifar/20260114184203_default_acc=53.50/tensorboard/Grad_qkv.lora_B_block_5/events.out.tfevents.1768387346.master-192-168-8-48.1680.3,qkv.lora_B,5
1768388784.662479,2534,79.21875,0.05028165876865387,Grad/qkv.lora_B,outputs_dev/vitb16/T=vtab_Q=3bit_L=lora_2_qkv-fc1-proj-fc2/cifar/20260114184203_default_acc=53.50/tensorboard/Grad_qkv.lora_B_block_5/events.out.tfevents.1768387346.master-192-168-8-48.1680.3,qkv.lora_B,5
1768388785.0467815,2535,79.25,0.08333919197320938,Grad/qkv.lora_B,outputs_dev/vitb16/T=vtab_Q=3bit_L=lora_2_qkv-fc1-proj-fc2/cifar/20260114184203_default_acc=53.50/tensorboard/Grad_qkv.lora_B_block_5/events.out.tfevents.1768387346.master-192-168-8-48.1680.3,qkv.lora_B,5
1768388785.4433165,2536,79.28125,0.330240935087204,Grad/qkv.lora_B,outputs_dev/vitb16/T=vtab_Q=3bit_L=lora_2_qkv-fc1-proj-fc2/cifar/20260114184203_default_acc=53.50/tensorboard/Grad_qkv.lora_B_block_5/events.out.tfevents.1768387346.master-192-168-8-48.1680.3,qkv.lora_B,5
1768388785.8404992,2537,79.3125,0.042140763252973557,Grad/qkv.lora_B,outputs_dev/vitb16/T=vtab_Q=3bit_L=lora_2_qkv-fc1-proj-fc2/cifar/20260114184203_default_acc=53.50/tensorboard/Grad_qkv.lora_B_block_5/events.out.tfevents.1768387346.master-192-168-8-48.1680.3,qkv.lora_B,5
1768388786.2381258,2538,79.34375,0.037841446697711945,Grad/qkv.lora_B,outputs_dev/vitb16/T=vtab_Q=3bit_L=lora_2_qkv-fc1-proj-fc2/cifar/20260114184203_default_acc=53.50/tensorboard/Grad_qkv.lora_B_block_5/events.out.tfevents.1768387346.master-192-168-8-48.1680.3,qkv.lora_B,5
1768388786.6550214,2539,79.375,0.06603705137968063,Grad/qkv.lora_B,outputs_dev/vitb16/T=vtab_Q=3bit_L=lora_2_qkv-fc1-proj-fc2/cifar/20260114184203_default_acc=53.50/tensorboard/Grad_qkv.lora_B_block_5/events.out.tfevents.1768387346.master-192-168-8-48.1680.3,qkv.lora_B,5
1768388787.071594,2540,79.40625,0.15079262852668762,Grad/qkv.lora_B,outputs_dev/vitb16/T=vtab_Q=3bit_L=lora_2_qkv-fc1-proj-fc2/cifar/20260114184203_default_acc=53.50/tensorboard/Grad_qkv.lora_B_block_5/events.out.tfevents.1768387346.master-192-168-8-48.1680.3,qkv.lora_B,5
1768388787.483961,2541,79.4375,0.03980794921517372,Grad/qkv.lora_B,outputs_dev/vitb16/T=vtab_Q=3bit_L=lora_2_qkv-fc1-proj-fc2/cifar/20260114184203_default_acc=53.50/tensorboard/Grad_qkv.lora_B_block_5/events.out.tfevents.1768387346.master-192-168-8-48.1680.3,qkv.lora_B,5
1768388787.8955047,2542,79.46875,0.034030891954898834,Grad/qkv.lora_B,outputs_dev/vitb16/T=vtab_Q=3bit_L=lora_2_qkv-fc1-proj-fc2/cifar/20260114184203_default_acc=53.50/tensorboard/Grad_qkv.lora_B_block_5/events.out.tfevents.1768387346.master-192-168-8-48.1680.3,qkv.lora_B,5
1768388788.275765,2543,79.5,0.6417953968048096,Grad/qkv.lora_B,outputs_dev/vitb16/T=vtab_Q=3bit_L=lora_2_qkv-fc1-proj-fc2/cifar/20260114184203_default_acc=53.50/tensorboard/Grad_qkv.lora_B_block_5/events.out.tfevents.1768387346.master-192-168-8-48.1680.3,qkv.lora_B,5
1768388788.6701615,2544,79.53125,0.037842221558094025,Grad/qkv.lora_B,outputs_dev/vitb16/T=vtab_Q=3bit_L=lora_2_qkv-fc1-proj-fc2/cifar/20260114184203_default_acc=53.50/tensorboard/Grad_qkv.lora_B_block_5/events.out.tfevents.1768387346.master-192-168-8-48.1680.3,qkv.lora_B,5
1768388789.060531,2545,79.5625,0.04306770861148834,Grad/qkv.lora_B,outputs_dev/vitb16/T=vtab_Q=3bit_L=lora_2_qkv-fc1-proj-fc2/cifar/20260114184203_default_acc=53.50/tensorboard/Grad_qkv.lora_B_block_5/events.out.tfevents.1768387346.master-192-168-8-48.1680.3,qkv.lora_B,5
1768388789.4401433,2546,79.59375,0.0513838455080986,Grad/qkv.lora_B,outputs_dev/vitb16/T=vtab_Q=3bit_L=lora_2_qkv-fc1-proj-fc2/cifar/20260114184203_default_acc=53.50/tensorboard/Grad_qkv.lora_B_block_5/events.out.tfevents.1768387346.master-192-168-8-48.1680.3,qkv.lora_B,5
1768388789.833134,2547,79.625,0.14784036576747894,Grad/qkv.lora_B,outputs_dev/vitb16/T=vtab_Q=3bit_L=lora_2_qkv-fc1-proj-fc2/cifar/20260114184203_default_acc=53.50/tensorboard/Grad_qkv.lora_B_block_5/events.out.tfevents.1768387346.master-192-168-8-48.1680.3,qkv.lora_B,5
1768388790.210738,2548,79.65625,0.07185167074203491,Grad/qkv.lora_B,outputs_dev/vitb16/T=vtab_Q=3bit_L=lora_2_qkv-fc1-proj-fc2/cifar/20260114184203_default_acc=53.50/tensorboard/Grad_qkv.lora_B_block_5/events.out.tfevents.1768387346.master-192-168-8-48.1680.3,qkv.lora_B,5
1768388790.6080124,2549,79.6875,0.07213444262742996,Grad/qkv.lora_B,outputs_dev/vitb16/T=vtab_Q=3bit_L=lora_2_qkv-fc1-proj-fc2/cifar/20260114184203_default_acc=53.50/tensorboard/Grad_qkv.lora_B_block_5/events.out.tfevents.1768387346.master-192-168-8-48.1680.3,qkv.lora_B,5
1768388791.0028656,2550,79.71875,0.09236760437488556,Grad/qkv.lora_B,outputs_dev/vitb16/T=vtab_Q=3bit_L=lora_2_qkv-fc1-proj-fc2/cifar/20260114184203_default_acc=53.50/tensorboard/Grad_qkv.lora_B_block_5/events.out.tfevents.1768387346.master-192-168-8-48.1680.3,qkv.lora_B,5
1768388791.4276485,2551,79.75,0.06914404034614563,Grad/qkv.lora_B,outputs_dev/vitb16/T=vtab_Q=3bit_L=lora_2_qkv-fc1-proj-fc2/cifar/20260114184203_default_acc=53.50/tensorboard/Grad_qkv.lora_B_block_5/events.out.tfevents.1768387346.master-192-168-8-48.1680.3,qkv.lora_B,5
1768388791.84494,2552,79.78125,0.08507218956947327,Grad/qkv.lora_B,outputs_dev/vitb16/T=vtab_Q=3bit_L=lora_2_qkv-fc1-proj-fc2/cifar/20260114184203_default_acc=53.50/tensorboard/Grad_qkv.lora_B_block_5/events.out.tfevents.1768387346.master-192-168-8-48.1680.3,qkv.lora_B,5
1768388792.2620635,2553,79.8125,0.7069066762924194,Grad/qkv.lora_B,outputs_dev/vitb16/T=vtab_Q=3bit_L=lora_2_qkv-fc1-proj-fc2/cifar/20260114184203_default_acc=53.50/tensorboard/Grad_qkv.lora_B_block_5/events.out.tfevents.1768387346.master-192-168-8-48.1680.3,qkv.lora_B,5
1768388792.7984605,2554,79.84375,0.11370650678873062,Grad/qkv.lora_B,outputs_dev/vitb16/T=vtab_Q=3bit_L=lora_2_qkv-fc1-proj-fc2/cifar/20260114184203_default_acc=53.50/tensorboard/Grad_qkv.lora_B_block_5/events.out.tfevents.1768387346.master-192-168-8-48.1680.3,qkv.lora_B,5
1768388793.3704574,2555,79.875,0.18558435142040253,Grad/qkv.lora_B,outputs_dev/vitb16/T=vtab_Q=3bit_L=lora_2_qkv-fc1-proj-fc2/cifar/20260114184203_default_acc=53.50/tensorboard/Grad_qkv.lora_B_block_5/events.out.tfevents.1768387346.master-192-168-8-48.1680.3,qkv.lora_B,5
1768388793.7622852,2556,79.90625,0.3237808644771576,Grad/qkv.lora_B,outputs_dev/vitb16/T=vtab_Q=3bit_L=lora_2_qkv-fc1-proj-fc2/cifar/20260114184203_default_acc=53.50/tensorboard/Grad_qkv.lora_B_block_5/events.out.tfevents.1768387346.master-192-168-8-48.1680.3,qkv.lora_B,5
1768388794.1684005,2557,79.9375,0.014205345883965492,Grad/qkv.lora_B,outputs_dev/vitb16/T=vtab_Q=3bit_L=lora_2_qkv-fc1-proj-fc2/cifar/20260114184203_default_acc=53.50/tensorboard/Grad_qkv.lora_B_block_5/events.out.tfevents.1768387346.master-192-168-8-48.1680.3,qkv.lora_B,5
1768388794.560863,2558,79.96875,0.24892298877239227,Grad/qkv.lora_B,outputs_dev/vitb16/T=vtab_Q=3bit_L=lora_2_qkv-fc1-proj-fc2/cifar/20260114184203_default_acc=53.50/tensorboard/Grad_qkv.lora_B_block_5/events.out.tfevents.1768387346.master-192-168-8-48.1680.3,qkv.lora_B,5
1768388794.8434057,2559,80.0,0.07393517345190048,Grad/qkv.lora_B,outputs_dev/vitb16/T=vtab_Q=3bit_L=lora_2_qkv-fc1-proj-fc2/cifar/20260114184203_default_acc=53.50/tensorboard/Grad_qkv.lora_B_block_5/events.out.tfevents.1768387346.master-192-168-8-48.1680.3,qkv.lora_B,5
1768388795.4747696,2560,80.03125,0.01653212495148182,Grad/qkv.lora_B,outputs_dev/vitb16/T=vtab_Q=3bit_L=lora_2_qkv-fc1-proj-fc2/cifar/20260114184203_default_acc=53.50/tensorboard/Grad_qkv.lora_B_block_5/events.out.tfevents.1768387346.master-192-168-8-48.1680.3,qkv.lora_B,5
1768388795.8755522,2561,80.0625,0.03290204331278801,Grad/qkv.lora_B,outputs_dev/vitb16/T=vtab_Q=3bit_L=lora_2_qkv-fc1-proj-fc2/cifar/20260114184203_default_acc=53.50/tensorboard/Grad_qkv.lora_B_block_5/events.out.tfevents.1768387346.master-192-168-8-48.1680.3,qkv.lora_B,5
1768388796.2827432,2562,80.09375,0.0682997852563858,Grad/qkv.lora_B,outputs_dev/vitb16/T=vtab_Q=3bit_L=lora_2_qkv-fc1-proj-fc2/cifar/20260114184203_default_acc=53.50/tensorboard/Grad_qkv.lora_B_block_5/events.out.tfevents.1768387346.master-192-168-8-48.1680.3,qkv.lora_B,5
1768388796.678643,2563,80.125,0.041574876755476,Grad/qkv.lora_B,outputs_dev/vitb16/T=vtab_Q=3bit_L=lora_2_qkv-fc1-proj-fc2/cifar/20260114184203_default_acc=53.50/tensorboard/Grad_qkv.lora_B_block_5/events.out.tfevents.1768387346.master-192-168-8-48.1680.3,qkv.lora_B,5
1768388797.0758123,2564,80.15625,0.024794746190309525,Grad/qkv.lora_B,outputs_dev/vitb16/T=vtab_Q=3bit_L=lora_2_qkv-fc1-proj-fc2/cifar/20260114184203_default_acc=53.50/tensorboard/Grad_qkv.lora_B_block_5/events.out.tfevents.1768387346.master-192-168-8-48.1680.3,qkv.lora_B,5
1768388797.4708424,2565,80.1875,0.04622781649231911,Grad/qkv.lora_B,outputs_dev/vitb16/T=vtab_Q=3bit_L=lora_2_qkv-fc1-proj-fc2/cifar/20260114184203_default_acc=53.50/tensorboard/Grad_qkv.lora_B_block_5/events.out.tfevents.1768387346.master-192-168-8-48.1680.3,qkv.lora_B,5
1768388797.8658166,2566,80.21875,0.06042050942778587,Grad/qkv.lora_B,outputs_dev/vitb16/T=vtab_Q=3bit_L=lora_2_qkv-fc1-proj-fc2/cifar/20260114184203_default_acc=53.50/tensorboard/Grad_qkv.lora_B_block_5/events.out.tfevents.1768387346.master-192-168-8-48.1680.3,qkv.lora_B,5
1768388798.263466,2567,80.25,0.23606108129024506,Grad/qkv.lora_B,outputs_dev/vitb16/T=vtab_Q=3bit_L=lora_2_qkv-fc1-proj-fc2/cifar/20260114184203_default_acc=53.50/tensorboard/Grad_qkv.lora_B_block_5/events.out.tfevents.1768387346.master-192-168-8-48.1680.3,qkv.lora_B,5
1768388798.6780753,2568,80.28125,0.06874927878379822,Grad/qkv.lora_B,outputs_dev/vitb16/T=vtab_Q=3bit_L=lora_2_qkv-fc1-proj-fc2/cifar/20260114184203_default_acc=53.50/tensorboard/Grad_qkv.lora_B_block_5/events.out.tfevents.1768387346.master-192-168-8-48.1680.3,qkv.lora_B,5
1768388799.0981283,2569,80.3125,0.032172657549381256,Grad/qkv.lora_B,outputs_dev/vitb16/T=vtab_Q=3bit_L=lora_2_qkv-fc1-proj-fc2/cifar/20260114184203_default_acc=53.50/tensorboard/Grad_qkv.lora_B_block_5/events.out.tfevents.1768387346.master-192-168-8-48.1680.3,qkv.lora_B,5
1768388799.5170498,2570,80.34375,0.7016205191612244,Grad/qkv.lora_B,outputs_dev/vitb16/T=vtab_Q=3bit_L=lora_2_qkv-fc1-proj-fc2/cifar/20260114184203_default_acc=53.50/tensorboard/Grad_qkv.lora_B_block_5/events.out.tfevents.1768387346.master-192-168-8-48.1680.3,qkv.lora_B,5
1768388799.9429,2571,80.375,0.11273353546857834,Grad/qkv.lora_B,outputs_dev/vitb16/T=vtab_Q=3bit_L=lora_2_qkv-fc1-proj-fc2/cifar/20260114184203_default_acc=53.50/tensorboard/Grad_qkv.lora_B_block_5/events.out.tfevents.1768387346.master-192-168-8-48.1680.3,qkv.lora_B,5
1768388800.380598,2572,80.40625,0.44903597235679626,Grad/qkv.lora_B,outputs_dev/vitb16/T=vtab_Q=3bit_L=lora_2_qkv-fc1-proj-fc2/cifar/20260114184203_default_acc=53.50/tensorboard/Grad_qkv.lora_B_block_5/events.out.tfevents.1768387346.master-192-168-8-48.1680.3,qkv.lora_B,5
1768388800.7862132,2573,80.4375,0.06792410463094711,Grad/qkv.lora_B,outputs_dev/vitb16/T=vtab_Q=3bit_L=lora_2_qkv-fc1-proj-fc2/cifar/20260114184203_default_acc=53.50/tensorboard/Grad_qkv.lora_B_block_5/events.out.tfevents.1768387346.master-192-168-8-48.1680.3,qkv.lora_B,5
1768388801.2016516,2574,80.46875,0.27755293250083923,Grad/qkv.lora_B,outputs_dev/vitb16/T=vtab_Q=3bit_L=lora_2_qkv-fc1-proj-fc2/cifar/20260114184203_default_acc=53.50/tensorboard/Grad_qkv.lora_B_block_5/events.out.tfevents.1768387346.master-192-168-8-48.1680.3,qkv.lora_B,5
1768388801.5984976,2575,80.5,0.05529229715466499,Grad/qkv.lora_B,outputs_dev/vitb16/T=vtab_Q=3bit_L=lora_2_qkv-fc1-proj-fc2/cifar/20260114184203_default_acc=53.50/tensorboard/Grad_qkv.lora_B_block_5/events.out.tfevents.1768387346.master-192-168-8-48.1680.3,qkv.lora_B,5
1768388801.9908319,2576,80.53125,0.048845190554857254,Grad/qkv.lora_B,outputs_dev/vitb16/T=vtab_Q=3bit_L=lora_2_qkv-fc1-proj-fc2/cifar/20260114184203_default_acc=53.50/tensorboard/Grad_qkv.lora_B_block_5/events.out.tfevents.1768387346.master-192-168-8-48.1680.3,qkv.lora_B,5
1768388802.3923407,2577,80.5625,0.033065315335989,Grad/qkv.lora_B,outputs_dev/vitb16/T=vtab_Q=3bit_L=lora_2_qkv-fc1-proj-fc2/cifar/20260114184203_default_acc=53.50/tensorboard/Grad_qkv.lora_B_block_5/events.out.tfevents.1768387346.master-192-168-8-48.1680.3,qkv.lora_B,5
1768388802.8023899,2578,80.59375,0.018317310139536858,Grad/qkv.lora_B,outputs_dev/vitb16/T=vtab_Q=3bit_L=lora_2_qkv-fc1-proj-fc2/cifar/20260114184203_default_acc=53.50/tensorboard/Grad_qkv.lora_B_block_5/events.out.tfevents.1768387346.master-192-168-8-48.1680.3,qkv.lora_B,5
1768388803.1975412,2579,80.625,0.027880767360329628,Grad/qkv.lora_B,outputs_dev/vitb16/T=vtab_Q=3bit_L=lora_2_qkv-fc1-proj-fc2/cifar/20260114184203_default_acc=53.50/tensorboard/Grad_qkv.lora_B_block_5/events.out.tfevents.1768387346.master-192-168-8-48.1680.3,qkv.lora_B,5
1768388803.5914574,2580,80.65625,0.024773091077804565,Grad/qkv.lora_B,outputs_dev/vitb16/T=vtab_Q=3bit_L=lora_2_qkv-fc1-proj-fc2/cifar/20260114184203_default_acc=53.50/tensorboard/Grad_qkv.lora_B_block_5/events.out.tfevents.1768387346.master-192-168-8-48.1680.3,qkv.lora_B,5
1768388803.986194,2581,80.6875,0.0634324699640274,Grad/qkv.lora_B,outputs_dev/vitb16/T=vtab_Q=3bit_L=lora_2_qkv-fc1-proj-fc2/cifar/20260114184203_default_acc=53.50/tensorboard/Grad_qkv.lora_B_block_5/events.out.tfevents.1768387346.master-192-168-8-48.1680.3,qkv.lora_B,5
1768388804.3798234,2582,80.71875,0.08706467598676682,Grad/qkv.lora_B,outputs_dev/vitb16/T=vtab_Q=3bit_L=lora_2_qkv-fc1-proj-fc2/cifar/20260114184203_default_acc=53.50/tensorboard/Grad_qkv.lora_B_block_5/events.out.tfevents.1768387346.master-192-168-8-48.1680.3,qkv.lora_B,5
1768388804.7880914,2583,80.75,0.03593454137444496,Grad/qkv.lora_B,outputs_dev/vitb16/T=vtab_Q=3bit_L=lora_2_qkv-fc1-proj-fc2/cifar/20260114184203_default_acc=53.50/tensorboard/Grad_qkv.lora_B_block_5/events.out.tfevents.1768387346.master-192-168-8-48.1680.3,qkv.lora_B,5
1768388805.1819694,2584,80.78125,0.025196164846420288,Grad/qkv.lora_B,outputs_dev/vitb16/T=vtab_Q=3bit_L=lora_2_qkv-fc1-proj-fc2/cifar/20260114184203_default_acc=53.50/tensorboard/Grad_qkv.lora_B_block_5/events.out.tfevents.1768387346.master-192-168-8-48.1680.3,qkv.lora_B,5
1768388805.576898,2585,80.8125,0.0578121617436409,Grad/qkv.lora_B,outputs_dev/vitb16/T=vtab_Q=3bit_L=lora_2_qkv-fc1-proj-fc2/cifar/20260114184203_default_acc=53.50/tensorboard/Grad_qkv.lora_B_block_5/events.out.tfevents.1768387346.master-192-168-8-48.1680.3,qkv.lora_B,5
1768388805.9716265,2586,80.84375,0.09558111429214478,Grad/qkv.lora_B,outputs_dev/vitb16/T=vtab_Q=3bit_L=lora_2_qkv-fc1-proj-fc2/cifar/20260114184203_default_acc=53.50/tensorboard/Grad_qkv.lora_B_block_5/events.out.tfevents.1768387346.master-192-168-8-48.1680.3,qkv.lora_B,5
1768388806.3658159,2587,80.875,0.04765579104423523,Grad/qkv.lora_B,outputs_dev/vitb16/T=vtab_Q=3bit_L=lora_2_qkv-fc1-proj-fc2/cifar/20260114184203_default_acc=53.50/tensorboard/Grad_qkv.lora_B_block_5/events.out.tfevents.1768387346.master-192-168-8-48.1680.3,qkv.lora_B,5
1768388806.7606456,2588,80.90625,0.0361807756125927,Grad/qkv.lora_B,outputs_dev/vitb16/T=vtab_Q=3bit_L=lora_2_qkv-fc1-proj-fc2/cifar/20260114184203_default_acc=53.50/tensorboard/Grad_qkv.lora_B_block_5/events.out.tfevents.1768387346.master-192-168-8-48.1680.3,qkv.lora_B,5
1768388807.1564507,2589,80.9375,0.04792829230427742,Grad/qkv.lora_B,outputs_dev/vitb16/T=vtab_Q=3bit_L=lora_2_qkv-fc1-proj-fc2/cifar/20260114184203_default_acc=53.50/tensorboard/Grad_qkv.lora_B_block_5/events.out.tfevents.1768387346.master-192-168-8-48.1680.3,qkv.lora_B,5
1768388807.562751,2590,80.96875,0.7878378033638,Grad/qkv.lora_B,outputs_dev/vitb16/T=vtab_Q=3bit_L=lora_2_qkv-fc1-proj-fc2/cifar/20260114184203_default_acc=53.50/tensorboard/Grad_qkv.lora_B_block_5/events.out.tfevents.1768387346.master-192-168-8-48.1680.3,qkv.lora_B,5
1768388807.7838604,2591,81.0,0.08737694472074509,Grad/qkv.lora_B,outputs_dev/vitb16/T=vtab_Q=3bit_L=lora_2_qkv-fc1-proj-fc2/cifar/20260114184203_default_acc=53.50/tensorboard/Grad_qkv.lora_B_block_5/events.out.tfevents.1768387346.master-192-168-8-48.1680.3,qkv.lora_B,5
1768388843.7687306,2592,81.03125,0.02372113987803459,Grad/qkv.lora_B,outputs_dev/vitb16/T=vtab_Q=3bit_L=lora_2_qkv-fc1-proj-fc2/cifar/20260114184203_default_acc=53.50/tensorboard/Grad_qkv.lora_B_block_5/events.out.tfevents.1768387346.master-192-168-8-48.1680.3,qkv.lora_B,5
1768388844.1814883,2593,81.0625,0.039670899510383606,Grad/qkv.lora_B,outputs_dev/vitb16/T=vtab_Q=3bit_L=lora_2_qkv-fc1-proj-fc2/cifar/20260114184203_default_acc=53.50/tensorboard/Grad_qkv.lora_B_block_5/events.out.tfevents.1768387346.master-192-168-8-48.1680.3,qkv.lora_B,5
1768388844.579935,2594,81.09375,0.3259970247745514,Grad/qkv.lora_B,outputs_dev/vitb16/T=vtab_Q=3bit_L=lora_2_qkv-fc1-proj-fc2/cifar/20260114184203_default_acc=53.50/tensorboard/Grad_qkv.lora_B_block_5/events.out.tfevents.1768387346.master-192-168-8-48.1680.3,qkv.lora_B,5
1768388845.0065172,2595,81.125,0.08946645259857178,Grad/qkv.lora_B,outputs_dev/vitb16/T=vtab_Q=3bit_L=lora_2_qkv-fc1-proj-fc2/cifar/20260114184203_default_acc=53.50/tensorboard/Grad_qkv.lora_B_block_5/events.out.tfevents.1768387346.master-192-168-8-48.1680.3,qkv.lora_B,5
1768388845.4048555,2596,81.15625,0.03731872886419296,Grad/qkv.lora_B,outputs_dev/vitb16/T=vtab_Q=3bit_L=lora_2_qkv-fc1-proj-fc2/cifar/20260114184203_default_acc=53.50/tensorboard/Grad_qkv.lora_B_block_5/events.out.tfevents.1768387346.master-192-168-8-48.1680.3,qkv.lora_B,5
1768388845.8176455,2597,81.1875,0.11852714419364929,Grad/qkv.lora_B,outputs_dev/vitb16/T=vtab_Q=3bit_L=lora_2_qkv-fc1-proj-fc2/cifar/20260114184203_default_acc=53.50/tensorboard/Grad_qkv.lora_B_block_5/events.out.tfevents.1768387346.master-192-168-8-48.1680.3,qkv.lora_B,5
1768388846.2392976,2598,81.21875,0.0326421745121479,Grad/qkv.lora_B,outputs_dev/vitb16/T=vtab_Q=3bit_L=lora_2_qkv-fc1-proj-fc2/cifar/20260114184203_default_acc=53.50/tensorboard/Grad_qkv.lora_B_block_5/events.out.tfevents.1768387346.master-192-168-8-48.1680.3,qkv.lora_B,5
1768388846.765621,2599,81.25,0.021641220897436142,Grad/qkv.lora_B,outputs_dev/vitb16/T=vtab_Q=3bit_L=lora_2_qkv-fc1-proj-fc2/cifar/20260114184203_default_acc=53.50/tensorboard/Grad_qkv.lora_B_block_5/events.out.tfevents.1768387346.master-192-168-8-48.1680.3,qkv.lora_B,5
1768388847.2672439,2600,81.28125,0.2062637209892273,Grad/qkv.lora_B,outputs_dev/vitb16/T=vtab_Q=3bit_L=lora_2_qkv-fc1-proj-fc2/cifar/20260114184203_default_acc=53.50/tensorboard/Grad_qkv.lora_B_block_5/events.out.tfevents.1768387346.master-192-168-8-48.1680.3,qkv.lora_B,5
1768388847.8088806,2601,81.3125,0.03843560442328453,Grad/qkv.lora_B,outputs_dev/vitb16/T=vtab_Q=3bit_L=lora_2_qkv-fc1-proj-fc2/cifar/20260114184203_default_acc=53.50/tensorboard/Grad_qkv.lora_B_block_5/events.out.tfevents.1768387346.master-192-168-8-48.1680.3,qkv.lora_B,5
1768388848.3493361,2602,81.34375,0.021998800337314606,Grad/qkv.lora_B,outputs_dev/vitb16/T=vtab_Q=3bit_L=lora_2_qkv-fc1-proj-fc2/cifar/20260114184203_default_acc=53.50/tensorboard/Grad_qkv.lora_B_block_5/events.out.tfevents.1768387346.master-192-168-8-48.1680.3,qkv.lora_B,5
1768388848.880096,2603,81.375,0.054862502962350845,Grad/qkv.lora_B,outputs_dev/vitb16/T=vtab_Q=3bit_L=lora_2_qkv-fc1-proj-fc2/cifar/20260114184203_default_acc=53.50/tensorboard/Grad_qkv.lora_B_block_5/events.out.tfevents.1768387346.master-192-168-8-48.1680.3,qkv.lora_B,5
1768388849.4297369,2604,81.40625,0.07268699258565903,Grad/qkv.lora_B,outputs_dev/vitb16/T=vtab_Q=3bit_L=lora_2_qkv-fc1-proj-fc2/cifar/20260114184203_default_acc=53.50/tensorboard/Grad_qkv.lora_B_block_5/events.out.tfevents.1768387346.master-192-168-8-48.1680.3,qkv.lora_B,5
1768388849.9045286,2605,81.4375,0.06442277878522873,Grad/qkv.lora_B,outputs_dev/vitb16/T=vtab_Q=3bit_L=lora_2_qkv-fc1-proj-fc2/cifar/20260114184203_default_acc=53.50/tensorboard/Grad_qkv.lora_B_block_5/events.out.tfevents.1768387346.master-192-168-8-48.1680.3,qkv.lora_B,5
1768388850.3014681,2606,81.46875,0.03468266874551773,Grad/qkv.lora_B,outputs_dev/vitb16/T=vtab_Q=3bit_L=lora_2_qkv-fc1-proj-fc2/cifar/20260114184203_default_acc=53.50/tensorboard/Grad_qkv.lora_B_block_5/events.out.tfevents.1768387346.master-192-168-8-48.1680.3,qkv.lora_B,5
1768388850.697139,2607,81.5,0.025387931615114212,Grad/qkv.lora_B,outputs_dev/vitb16/T=vtab_Q=3bit_L=lora_2_qkv-fc1-proj-fc2/cifar/20260114184203_default_acc=53.50/tensorboard/Grad_qkv.lora_B_block_5/events.out.tfevents.1768387346.master-192-168-8-48.1680.3,qkv.lora_B,5
1768388851.0946953,2608,81.53125,0.024916058406233788,Grad/qkv.lora_B,outputs_dev/vitb16/T=vtab_Q=3bit_L=lora_2_qkv-fc1-proj-fc2/cifar/20260114184203_default_acc=53.50/tensorboard/Grad_qkv.lora_B_block_5/events.out.tfevents.1768387346.master-192-168-8-48.1680.3,qkv.lora_B,5
1768388851.4936097,2609,81.5625,0.28702351450920105,Grad/qkv.lora_B,outputs_dev/vitb16/T=vtab_Q=3bit_L=lora_2_qkv-fc1-proj-fc2/cifar/20260114184203_default_acc=53.50/tensorboard/Grad_qkv.lora_B_block_5/events.out.tfevents.1768387346.master-192-168-8-48.1680.3,qkv.lora_B,5
1768388851.8905494,2610,81.59375,0.050998326390981674,Grad/qkv.lora_B,outputs_dev/vitb16/T=vtab_Q=3bit_L=lora_2_qkv-fc1-proj-fc2/cifar/20260114184203_default_acc=53.50/tensorboard/Grad_qkv.lora_B_block_5/events.out.tfevents.1768387346.master-192-168-8-48.1680.3,qkv.lora_B,5
1768388852.3102577,2611,81.625,0.02581408992409706,Grad/qkv.lora_B,outputs_dev/vitb16/T=vtab_Q=3bit_L=lora_2_qkv-fc1-proj-fc2/cifar/20260114184203_default_acc=53.50/tensorboard/Grad_qkv.lora_B_block_5/events.out.tfevents.1768387346.master-192-168-8-48.1680.3,qkv.lora_B,5
1768388852.713875,2612,81.65625,0.1529788076877594,Grad/qkv.lora_B,outputs_dev/vitb16/T=vtab_Q=3bit_L=lora_2_qkv-fc1-proj-fc2/cifar/20260114184203_default_acc=53.50/tensorboard/Grad_qkv.lora_B_block_5/events.out.tfevents.1768387346.master-192-168-8-48.1680.3,qkv.lora_B,5
1768388853.109513,2613,81.6875,0.03708135336637497,Grad/qkv.lora_B,outputs_dev/vitb16/T=vtab_Q=3bit_L=lora_2_qkv-fc1-proj-fc2/cifar/20260114184203_default_acc=53.50/tensorboard/Grad_qkv.lora_B_block_5/events.out.tfevents.1768387346.master-192-168-8-48.1680.3,qkv.lora_B,5
1768388853.5052292,2614,81.71875,0.03240938112139702,Grad/qkv.lora_B,outputs_dev/vitb16/T=vtab_Q=3bit_L=lora_2_qkv-fc1-proj-fc2/cifar/20260114184203_default_acc=53.50/tensorboard/Grad_qkv.lora_B_block_5/events.out.tfevents.1768387346.master-192-168-8-48.1680.3,qkv.lora_B,5
1768388853.8992283,2615,81.75,0.04503048583865166,Grad/qkv.lora_B,outputs_dev/vitb16/T=vtab_Q=3bit_L=lora_2_qkv-fc1-proj-fc2/cifar/20260114184203_default_acc=53.50/tensorboard/Grad_qkv.lora_B_block_5/events.out.tfevents.1768387346.master-192-168-8-48.1680.3,qkv.lora_B,5
1768388854.2969983,2616,81.78125,0.026544278487563133,Grad/qkv.lora_B,outputs_dev/vitb16/T=vtab_Q=3bit_L=lora_2_qkv-fc1-proj-fc2/cifar/20260114184203_default_acc=53.50/tensorboard/Grad_qkv.lora_B_block_5/events.out.tfevents.1768387346.master-192-168-8-48.1680.3,qkv.lora_B,5
1768388854.6958046,2617,81.8125,0.053829774260520935,Grad/qkv.lora_B,outputs_dev/vitb16/T=vtab_Q=3bit_L=lora_2_qkv-fc1-proj-fc2/cifar/20260114184203_default_acc=53.50/tensorboard/Grad_qkv.lora_B_block_5/events.out.tfevents.1768387346.master-192-168-8-48.1680.3,qkv.lora_B,5
1768388855.0928097,2618,81.84375,0.11635738611221313,Grad/qkv.lora_B,outputs_dev/vitb16/T=vtab_Q=3bit_L=lora_2_qkv-fc1-proj-fc2/cifar/20260114184203_default_acc=53.50/tensorboard/Grad_qkv.lora_B_block_5/events.out.tfevents.1768387346.master-192-168-8-48.1680.3,qkv.lora_B,5
1768388855.55668,2619,81.875,0.027055585756897926,Grad/qkv.lora_B,outputs_dev/vitb16/T=vtab_Q=3bit_L=lora_2_qkv-fc1-proj-fc2/cifar/20260114184203_default_acc=53.50/tensorboard/Grad_qkv.lora_B_block_5/events.out.tfevents.1768387346.master-192-168-8-48.1680.3,qkv.lora_B,5
1768388856.1143024,2620,81.90625,0.030429575592279434,Grad/qkv.lora_B,outputs_dev/vitb16/T=vtab_Q=3bit_L=lora_2_qkv-fc1-proj-fc2/cifar/20260114184203_default_acc=53.50/tensorboard/Grad_qkv.lora_B_block_5/events.out.tfevents.1768387346.master-192-168-8-48.1680.3,qkv.lora_B,5
1768388856.672625,2621,81.9375,0.044775884598493576,Grad/qkv.lora_B,outputs_dev/vitb16/T=vtab_Q=3bit_L=lora_2_qkv-fc1-proj-fc2/cifar/20260114184203_default_acc=53.50/tensorboard/Grad_qkv.lora_B_block_5/events.out.tfevents.1768387346.master-192-168-8-48.1680.3,qkv.lora_B,5
1768388857.224408,2622,81.96875,0.01954374834895134,Grad/qkv.lora_B,outputs_dev/vitb16/T=vtab_Q=3bit_L=lora_2_qkv-fc1-proj-fc2/cifar/20260114184203_default_acc=53.50/tensorboard/Grad_qkv.lora_B_block_5/events.out.tfevents.1768387346.master-192-168-8-48.1680.3,qkv.lora_B,5
1768388857.6726677,2623,82.0,0.14608876407146454,Grad/qkv.lora_B,outputs_dev/vitb16/T=vtab_Q=3bit_L=lora_2_qkv-fc1-proj-fc2/cifar/20260114184203_default_acc=53.50/tensorboard/Grad_qkv.lora_B_block_5/events.out.tfevents.1768387346.master-192-168-8-48.1680.3,qkv.lora_B,5
1768388858.6170502,2624,82.03125,0.02039427123963833,Grad/qkv.lora_B,outputs_dev/vitb16/T=vtab_Q=3bit_L=lora_2_qkv-fc1-proj-fc2/cifar/20260114184203_default_acc=53.50/tensorboard/Grad_qkv.lora_B_block_5/events.out.tfevents.1768387346.master-192-168-8-48.1680.3,qkv.lora_B,5
1768388859.0165517,2625,82.0625,0.032962001860141754,Grad/qkv.lora_B,outputs_dev/vitb16/T=vtab_Q=3bit_L=lora_2_qkv-fc1-proj-fc2/cifar/20260114184203_default_acc=53.50/tensorboard/Grad_qkv.lora_B_block_5/events.out.tfevents.1768387346.master-192-168-8-48.1680.3,qkv.lora_B,5
1768388859.4139452,2626,82.09375,0.021893739700317383,Grad/qkv.lora_B,outputs_dev/vitb16/T=vtab_Q=3bit_L=lora_2_qkv-fc1-proj-fc2/cifar/20260114184203_default_acc=53.50/tensorboard/Grad_qkv.lora_B_block_5/events.out.tfevents.1768387346.master-192-168-8-48.1680.3,qkv.lora_B,5
1768388859.8120902,2627,82.125,0.07105253636837006,Grad/qkv.lora_B,outputs_dev/vitb16/T=vtab_Q=3bit_L=lora_2_qkv-fc1-proj-fc2/cifar/20260114184203_default_acc=53.50/tensorboard/Grad_qkv.lora_B_block_5/events.out.tfevents.1768387346.master-192-168-8-48.1680.3,qkv.lora_B,5
1768388860.2064035,2628,82.15625,0.03212178498506546,Grad/qkv.lora_B,outputs_dev/vitb16/T=vtab_Q=3bit_L=lora_2_qkv-fc1-proj-fc2/cifar/20260114184203_default_acc=53.50/tensorboard/Grad_qkv.lora_B_block_5/events.out.tfevents.1768387346.master-192-168-8-48.1680.3,qkv.lora_B,5
1768388860.612253,2629,82.1875,0.15182343125343323,Grad/qkv.lora_B,outputs_dev/vitb16/T=vtab_Q=3bit_L=lora_2_qkv-fc1-proj-fc2/cifar/20260114184203_default_acc=53.50/tensorboard/Grad_qkv.lora_B_block_5/events.out.tfevents.1768387346.master-192-168-8-48.1680.3,qkv.lora_B,5
1768388861.025329,2630,82.21875,0.03503691405057907,Grad/qkv.lora_B,outputs_dev/vitb16/T=vtab_Q=3bit_L=lora_2_qkv-fc1-proj-fc2/cifar/20260114184203_default_acc=53.50/tensorboard/Grad_qkv.lora_B_block_5/events.out.tfevents.1768387346.master-192-168-8-48.1680.3,qkv.lora_B,5
1768388861.4347,2631,82.25,0.21459445357322693,Grad/qkv.lora_B,outputs_dev/vitb16/T=vtab_Q=3bit_L=lora_2_qkv-fc1-proj-fc2/cifar/20260114184203_default_acc=53.50/tensorboard/Grad_qkv.lora_B_block_5/events.out.tfevents.1768387346.master-192-168-8-48.1680.3,qkv.lora_B,5
1768388861.8300326,2632,82.28125,0.03577557951211929,Grad/qkv.lora_B,outputs_dev/vitb16/T=vtab_Q=3bit_L=lora_2_qkv-fc1-proj-fc2/cifar/20260114184203_default_acc=53.50/tensorboard/Grad_qkv.lora_B_block_5/events.out.tfevents.1768387346.master-192-168-8-48.1680.3,qkv.lora_B,5
1768388862.2239344,2633,82.3125,0.04816099628806114,Grad/qkv.lora_B,outputs_dev/vitb16/T=vtab_Q=3bit_L=lora_2_qkv-fc1-proj-fc2/cifar/20260114184203_default_acc=53.50/tensorboard/Grad_qkv.lora_B_block_5/events.out.tfevents.1768387346.master-192-168-8-48.1680.3,qkv.lora_B,5
1768388862.615801,2634,82.34375,0.12459228187799454,Grad/qkv.lora_B,outputs_dev/vitb16/T=vtab_Q=3bit_L=lora_2_qkv-fc1-proj-fc2/cifar/20260114184203_default_acc=53.50/tensorboard/Grad_qkv.lora_B_block_5/events.out.tfevents.1768387346.master-192-168-8-48.1680.3,qkv.lora_B,5
1768388863.0090632,2635,82.375,0.021495545282959938,Grad/qkv.lora_B,outputs_dev/vitb16/T=vtab_Q=3bit_L=lora_2_qkv-fc1-proj-fc2/cifar/20260114184203_default_acc=53.50/tensorboard/Grad_qkv.lora_B_block_5/events.out.tfevents.1768387346.master-192-168-8-48.1680.3,qkv.lora_B,5
1768388863.3977385,2636,82.40625,0.03583098202943802,Grad/qkv.lora_B,outputs_dev/vitb16/T=vtab_Q=3bit_L=lora_2_qkv-fc1-proj-fc2/cifar/20260114184203_default_acc=53.50/tensorboard/Grad_qkv.lora_B_block_5/events.out.tfevents.1768387346.master-192-168-8-48.1680.3,qkv.lora_B,5
1768388863.790326,2637,82.4375,0.03886022791266441,Grad/qkv.lora_B,outputs_dev/vitb16/T=vtab_Q=3bit_L=lora_2_qkv-fc1-proj-fc2/cifar/20260114184203_default_acc=53.50/tensorboard/Grad_qkv.lora_B_block_5/events.out.tfevents.1768387346.master-192-168-8-48.1680.3,qkv.lora_B,5
1768388864.1746073,2638,82.46875,0.0847695842385292,Grad/qkv.lora_B,outputs_dev/vitb16/T=vtab_Q=3bit_L=lora_2_qkv-fc1-proj-fc2/cifar/20260114184203_default_acc=53.50/tensorboard/Grad_qkv.lora_B_block_5/events.out.tfevents.1768387346.master-192-168-8-48.1680.3,qkv.lora_B,5
1768388864.5684946,2639,82.5,0.1020621806383133,Grad/qkv.lora_B,outputs_dev/vitb16/T=vtab_Q=3bit_L=lora_2_qkv-fc1-proj-fc2/cifar/20260114184203_default_acc=53.50/tensorboard/Grad_qkv.lora_B_block_5/events.out.tfevents.1768387346.master-192-168-8-48.1680.3,qkv.lora_B,5
1768388864.9624963,2640,82.53125,0.035855818539857864,Grad/qkv.lora_B,outputs_dev/vitb16/T=vtab_Q=3bit_L=lora_2_qkv-fc1-proj-fc2/cifar/20260114184203_default_acc=53.50/tensorboard/Grad_qkv.lora_B_block_5/events.out.tfevents.1768387346.master-192-168-8-48.1680.3,qkv.lora_B,5
1768388865.3547366,2641,82.5625,0.022317685186862946,Grad/qkv.lora_B,outputs_dev/vitb16/T=vtab_Q=3bit_L=lora_2_qkv-fc1-proj-fc2/cifar/20260114184203_default_acc=53.50/tensorboard/Grad_qkv.lora_B_block_5/events.out.tfevents.1768387346.master-192-168-8-48.1680.3,qkv.lora_B,5
1768388865.744788,2642,82.59375,0.035749513655900955,Grad/qkv.lora_B,outputs_dev/vitb16/T=vtab_Q=3bit_L=lora_2_qkv-fc1-proj-fc2/cifar/20260114184203_default_acc=53.50/tensorboard/Grad_qkv.lora_B_block_5/events.out.tfevents.1768387346.master-192-168-8-48.1680.3,qkv.lora_B,5
1768388866.1369867,2643,82.625,0.031339216977357864,Grad/qkv.lora_B,outputs_dev/vitb16/T=vtab_Q=3bit_L=lora_2_qkv-fc1-proj-fc2/cifar/20260114184203_default_acc=53.50/tensorboard/Grad_qkv.lora_B_block_5/events.out.tfevents.1768387346.master-192-168-8-48.1680.3,qkv.lora_B,5
1768388866.5176308,2644,82.65625,0.05686788260936737,Grad/qkv.lora_B,outputs_dev/vitb16/T=vtab_Q=3bit_L=lora_2_qkv-fc1-proj-fc2/cifar/20260114184203_default_acc=53.50/tensorboard/Grad_qkv.lora_B_block_5/events.out.tfevents.1768387346.master-192-168-8-48.1680.3,qkv.lora_B,5
1768388866.9578722,2645,82.6875,0.07577129453420639,Grad/qkv.lora_B,outputs_dev/vitb16/T=vtab_Q=3bit_L=lora_2_qkv-fc1-proj-fc2/cifar/20260114184203_default_acc=53.50/tensorboard/Grad_qkv.lora_B_block_5/events.out.tfevents.1768387346.master-192-168-8-48.1680.3,qkv.lora_B,5
1768388867.352954,2646,82.71875,0.02402506023645401,Grad/qkv.lora_B,outputs_dev/vitb16/T=vtab_Q=3bit_L=lora_2_qkv-fc1-proj-fc2/cifar/20260114184203_default_acc=53.50/tensorboard/Grad_qkv.lora_B_block_5/events.out.tfevents.1768387346.master-192-168-8-48.1680.3,qkv.lora_B,5
1768388867.7444632,2647,82.75,0.03609500080347061,Grad/qkv.lora_B,outputs_dev/vitb16/T=vtab_Q=3bit_L=lora_2_qkv-fc1-proj-fc2/cifar/20260114184203_default_acc=53.50/tensorboard/Grad_qkv.lora_B_block_5/events.out.tfevents.1768387346.master-192-168-8-48.1680.3,qkv.lora_B,5
1768388868.1270945,2648,82.78125,0.280227929353714,Grad/qkv.lora_B,outputs_dev/vitb16/T=vtab_Q=3bit_L=lora_2_qkv-fc1-proj-fc2/cifar/20260114184203_default_acc=53.50/tensorboard/Grad_qkv.lora_B_block_5/events.out.tfevents.1768387346.master-192-168-8-48.1680.3,qkv.lora_B,5
1768388868.5042188,2649,82.8125,0.037895675748586655,Grad/qkv.lora_B,outputs_dev/vitb16/T=vtab_Q=3bit_L=lora_2_qkv-fc1-proj-fc2/cifar/20260114184203_default_acc=53.50/tensorboard/Grad_qkv.lora_B_block_5/events.out.tfevents.1768387346.master-192-168-8-48.1680.3,qkv.lora_B,5
1768388868.9129589,2650,82.84375,0.03759317472577095,Grad/qkv.lora_B,outputs_dev/vitb16/T=vtab_Q=3bit_L=lora_2_qkv-fc1-proj-fc2/cifar/20260114184203_default_acc=53.50/tensorboard/Grad_qkv.lora_B_block_5/events.out.tfevents.1768387346.master-192-168-8-48.1680.3,qkv.lora_B,5
1768388869.3203175,2651,82.875,0.07581107318401337,Grad/qkv.lora_B,outputs_dev/vitb16/T=vtab_Q=3bit_L=lora_2_qkv-fc1-proj-fc2/cifar/20260114184203_default_acc=53.50/tensorboard/Grad_qkv.lora_B_block_5/events.out.tfevents.1768387346.master-192-168-8-48.1680.3,qkv.lora_B,5
1768388869.705615,2652,82.90625,0.0388198159635067,Grad/qkv.lora_B,outputs_dev/vitb16/T=vtab_Q=3bit_L=lora_2_qkv-fc1-proj-fc2/cifar/20260114184203_default_acc=53.50/tensorboard/Grad_qkv.lora_B_block_5/events.out.tfevents.1768387346.master-192-168-8-48.1680.3,qkv.lora_B,5
1768388870.0888479,2653,82.9375,0.03009953536093235,Grad/qkv.lora_B,outputs_dev/vitb16/T=vtab_Q=3bit_L=lora_2_qkv-fc1-proj-fc2/cifar/20260114184203_default_acc=53.50/tensorboard/Grad_qkv.lora_B_block_5/events.out.tfevents.1768387346.master-192-168-8-48.1680.3,qkv.lora_B,5
1768388870.471975,2654,82.96875,0.03518323227763176,Grad/qkv.lora_B,outputs_dev/vitb16/T=vtab_Q=3bit_L=lora_2_qkv-fc1-proj-fc2/cifar/20260114184203_default_acc=53.50/tensorboard/Grad_qkv.lora_B_block_5/events.out.tfevents.1768387346.master-192-168-8-48.1680.3,qkv.lora_B,5
1768388870.6671765,2655,83.0,0.03197465091943741,Grad/qkv.lora_B,outputs_dev/vitb16/T=vtab_Q=3bit_L=lora_2_qkv-fc1-proj-fc2/cifar/20260114184203_default_acc=53.50/tensorboard/Grad_qkv.lora_B_block_5/events.out.tfevents.1768387346.master-192-168-8-48.1680.3,qkv.lora_B,5
1768388871.445716,2656,83.03125,0.017300063744187355,Grad/qkv.lora_B,outputs_dev/vitb16/T=vtab_Q=3bit_L=lora_2_qkv-fc1-proj-fc2/cifar/20260114184203_default_acc=53.50/tensorboard/Grad_qkv.lora_B_block_5/events.out.tfevents.1768387346.master-192-168-8-48.1680.3,qkv.lora_B,5
1768388871.846677,2657,83.0625,0.037832073867321014,Grad/qkv.lora_B,outputs_dev/vitb16/T=vtab_Q=3bit_L=lora_2_qkv-fc1-proj-fc2/cifar/20260114184203_default_acc=53.50/tensorboard/Grad_qkv.lora_B_block_5/events.out.tfevents.1768387346.master-192-168-8-48.1680.3,qkv.lora_B,5
1768388872.241898,2658,83.09375,0.03503160551190376,Grad/qkv.lora_B,outputs_dev/vitb16/T=vtab_Q=3bit_L=lora_2_qkv-fc1-proj-fc2/cifar/20260114184203_default_acc=53.50/tensorboard/Grad_qkv.lora_B_block_5/events.out.tfevents.1768387346.master-192-168-8-48.1680.3,qkv.lora_B,5
1768388872.6341014,2659,83.125,0.02843664027750492,Grad/qkv.lora_B,outputs_dev/vitb16/T=vtab_Q=3bit_L=lora_2_qkv-fc1-proj-fc2/cifar/20260114184203_default_acc=53.50/tensorboard/Grad_qkv.lora_B_block_5/events.out.tfevents.1768387346.master-192-168-8-48.1680.3,qkv.lora_B,5
1768388873.0300663,2660,83.15625,0.03336060792207718,Grad/qkv.lora_B,outputs_dev/vitb16/T=vtab_Q=3bit_L=lora_2_qkv-fc1-proj-fc2/cifar/20260114184203_default_acc=53.50/tensorboard/Grad_qkv.lora_B_block_5/events.out.tfevents.1768387346.master-192-168-8-48.1680.3,qkv.lora_B,5
1768388873.4253917,2661,83.1875,0.036696359515190125,Grad/qkv.lora_B,outputs_dev/vitb16/T=vtab_Q=3bit_L=lora_2_qkv-fc1-proj-fc2/cifar/20260114184203_default_acc=53.50/tensorboard/Grad_qkv.lora_B_block_5/events.out.tfevents.1768387346.master-192-168-8-48.1680.3,qkv.lora_B,5
1768388873.8211238,2662,83.21875,0.05621655285358429,Grad/qkv.lora_B,outputs_dev/vitb16/T=vtab_Q=3bit_L=lora_2_qkv-fc1-proj-fc2/cifar/20260114184203_default_acc=53.50/tensorboard/Grad_qkv.lora_B_block_5/events.out.tfevents.1768387346.master-192-168-8-48.1680.3,qkv.lora_B,5
1768388874.2173223,2663,83.25,0.01705736480653286,Grad/qkv.lora_B,outputs_dev/vitb16/T=vtab_Q=3bit_L=lora_2_qkv-fc1-proj-fc2/cifar/20260114184203_default_acc=53.50/tensorboard/Grad_qkv.lora_B_block_5/events.out.tfevents.1768387346.master-192-168-8-48.1680.3,qkv.lora_B,5
1768388874.6259212,2664,83.28125,0.020921116694808006,Grad/qkv.lora_B,outputs_dev/vitb16/T=vtab_Q=3bit_L=lora_2_qkv-fc1-proj-fc2/cifar/20260114184203_default_acc=53.50/tensorboard/Grad_qkv.lora_B_block_5/events.out.tfevents.1768387346.master-192-168-8-48.1680.3,qkv.lora_B,5
1768388875.028574,2665,83.3125,0.08327648788690567,Grad/qkv.lora_B,outputs_dev/vitb16/T=vtab_Q=3bit_L=lora_2_qkv-fc1-proj-fc2/cifar/20260114184203_default_acc=53.50/tensorboard/Grad_qkv.lora_B_block_5/events.out.tfevents.1768387346.master-192-168-8-48.1680.3,qkv.lora_B,5
1768388875.4429483,2666,83.34375,0.10768750309944153,Grad/qkv.lora_B,outputs_dev/vitb16/T=vtab_Q=3bit_L=lora_2_qkv-fc1-proj-fc2/cifar/20260114184203_default_acc=53.50/tensorboard/Grad_qkv.lora_B_block_5/events.out.tfevents.1768387346.master-192-168-8-48.1680.3,qkv.lora_B,5
1768388875.8386717,2667,83.375,0.03701528161764145,Grad/qkv.lora_B,outputs_dev/vitb16/T=vtab_Q=3bit_L=lora_2_qkv-fc1-proj-fc2/cifar/20260114184203_default_acc=53.50/tensorboard/Grad_qkv.lora_B_block_5/events.out.tfevents.1768387346.master-192-168-8-48.1680.3,qkv.lora_B,5
1768388876.2496169,2668,83.40625,0.15774866938591003,Grad/qkv.lora_B,outputs_dev/vitb16/T=vtab_Q=3bit_L=lora_2_qkv-fc1-proj-fc2/cifar/20260114184203_default_acc=53.50/tensorboard/Grad_qkv.lora_B_block_5/events.out.tfevents.1768387346.master-192-168-8-48.1680.3,qkv.lora_B,5
1768388876.6411858,2669,83.4375,0.06167035922408104,Grad/qkv.lora_B,outputs_dev/vitb16/T=vtab_Q=3bit_L=lora_2_qkv-fc1-proj-fc2/cifar/20260114184203_default_acc=53.50/tensorboard/Grad_qkv.lora_B_block_5/events.out.tfevents.1768387346.master-192-168-8-48.1680.3,qkv.lora_B,5
1768388877.055071,2670,83.46875,0.03921099007129669,Grad/qkv.lora_B,outputs_dev/vitb16/T=vtab_Q=3bit_L=lora_2_qkv-fc1-proj-fc2/cifar/20260114184203_default_acc=53.50/tensorboard/Grad_qkv.lora_B_block_5/events.out.tfevents.1768387346.master-192-168-8-48.1680.3,qkv.lora_B,5
1768388877.5315099,2671,83.5,0.10404781997203827,Grad/qkv.lora_B,outputs_dev/vitb16/T=vtab_Q=3bit_L=lora_2_qkv-fc1-proj-fc2/cifar/20260114184203_default_acc=53.50/tensorboard/Grad_qkv.lora_B_block_5/events.out.tfevents.1768387346.master-192-168-8-48.1680.3,qkv.lora_B,5
1768388878.0652375,2672,83.53125,0.10525418817996979,Grad/qkv.lora_B,outputs_dev/vitb16/T=vtab_Q=3bit_L=lora_2_qkv-fc1-proj-fc2/cifar/20260114184203_default_acc=53.50/tensorboard/Grad_qkv.lora_B_block_5/events.out.tfevents.1768387346.master-192-168-8-48.1680.3,qkv.lora_B,5
1768388878.4565506,2673,83.5625,0.03951895609498024,Grad/qkv.lora_B,outputs_dev/vitb16/T=vtab_Q=3bit_L=lora_2_qkv-fc1-proj-fc2/cifar/20260114184203_default_acc=53.50/tensorboard/Grad_qkv.lora_B_block_5/events.out.tfevents.1768387346.master-192-168-8-48.1680.3,qkv.lora_B,5
1768388878.861594,2674,83.59375,0.046993374824523926,Grad/qkv.lora_B,outputs_dev/vitb16/T=vtab_Q=3bit_L=lora_2_qkv-fc1-proj-fc2/cifar/20260114184203_default_acc=53.50/tensorboard/Grad_qkv.lora_B_block_5/events.out.tfevents.1768387346.master-192-168-8-48.1680.3,qkv.lora_B,5
1768388879.2546232,2675,83.625,0.10587014257907867,Grad/qkv.lora_B,outputs_dev/vitb16/T=vtab_Q=3bit_L=lora_2_qkv-fc1-proj-fc2/cifar/20260114184203_default_acc=53.50/tensorboard/Grad_qkv.lora_B_block_5/events.out.tfevents.1768387346.master-192-168-8-48.1680.3,qkv.lora_B,5
1768388879.6469786,2676,83.65625,0.018786506727337837,Grad/qkv.lora_B,outputs_dev/vitb16/T=vtab_Q=3bit_L=lora_2_qkv-fc1-proj-fc2/cifar/20260114184203_default_acc=53.50/tensorboard/Grad_qkv.lora_B_block_5/events.out.tfevents.1768387346.master-192-168-8-48.1680.3,qkv.lora_B,5
1768388880.042021,2677,83.6875,0.08602958917617798,Grad/qkv.lora_B,outputs_dev/vitb16/T=vtab_Q=3bit_L=lora_2_qkv-fc1-proj-fc2/cifar/20260114184203_default_acc=53.50/tensorboard/Grad_qkv.lora_B_block_5/events.out.tfevents.1768387346.master-192-168-8-48.1680.3,qkv.lora_B,5
1768388880.4322257,2678,83.71875,0.03215061500668526,Grad/qkv.lora_B,outputs_dev/vitb16/T=vtab_Q=3bit_L=lora_2_qkv-fc1-proj-fc2/cifar/20260114184203_default_acc=53.50/tensorboard/Grad_qkv.lora_B_block_5/events.out.tfevents.1768387346.master-192-168-8-48.1680.3,qkv.lora_B,5
1768388880.8277302,2679,83.75,0.03219964727759361,Grad/qkv.lora_B,outputs_dev/vitb16/T=vtab_Q=3bit_L=lora_2_qkv-fc1-proj-fc2/cifar/20260114184203_default_acc=53.50/tensorboard/Grad_qkv.lora_B_block_5/events.out.tfevents.1768387346.master-192-168-8-48.1680.3,qkv.lora_B,5
1768388881.2227023,2680,83.78125,0.028624774888157845,Grad/qkv.lora_B,outputs_dev/vitb16/T=vtab_Q=3bit_L=lora_2_qkv-fc1-proj-fc2/cifar/20260114184203_default_acc=53.50/tensorboard/Grad_qkv.lora_B_block_5/events.out.tfevents.1768387346.master-192-168-8-48.1680.3,qkv.lora_B,5
1768388881.617507,2681,83.8125,0.06297340244054794,Grad/qkv.lora_B,outputs_dev/vitb16/T=vtab_Q=3bit_L=lora_2_qkv-fc1-proj-fc2/cifar/20260114184203_default_acc=53.50/tensorboard/Grad_qkv.lora_B_block_5/events.out.tfevents.1768387346.master-192-168-8-48.1680.3,qkv.lora_B,5
1768388882.0109918,2682,83.84375,0.0736837163567543,Grad/qkv.lora_B,outputs_dev/vitb16/T=vtab_Q=3bit_L=lora_2_qkv-fc1-proj-fc2/cifar/20260114184203_default_acc=53.50/tensorboard/Grad_qkv.lora_B_block_5/events.out.tfevents.1768387346.master-192-168-8-48.1680.3,qkv.lora_B,5
1768388882.403616,2683,83.875,0.02390870451927185,Grad/qkv.lora_B,outputs_dev/vitb16/T=vtab_Q=3bit_L=lora_2_qkv-fc1-proj-fc2/cifar/20260114184203_default_acc=53.50/tensorboard/Grad_qkv.lora_B_block_5/events.out.tfevents.1768387346.master-192-168-8-48.1680.3,qkv.lora_B,5
1768388882.7949147,2684,83.90625,0.13865026831626892,Grad/qkv.lora_B,outputs_dev/vitb16/T=vtab_Q=3bit_L=lora_2_qkv-fc1-proj-fc2/cifar/20260114184203_default_acc=53.50/tensorboard/Grad_qkv.lora_B_block_5/events.out.tfevents.1768387346.master-192-168-8-48.1680.3,qkv.lora_B,5
1768388883.187578,2685,83.9375,0.01976659521460533,Grad/qkv.lora_B,outputs_dev/vitb16/T=vtab_Q=3bit_L=lora_2_qkv-fc1-proj-fc2/cifar/20260114184203_default_acc=53.50/tensorboard/Grad_qkv.lora_B_block_5/events.out.tfevents.1768387346.master-192-168-8-48.1680.3,qkv.lora_B,5
1768388883.5797198,2686,83.96875,0.09052399545907974,Grad/qkv.lora_B,outputs_dev/vitb16/T=vtab_Q=3bit_L=lora_2_qkv-fc1-proj-fc2/cifar/20260114184203_default_acc=53.50/tensorboard/Grad_qkv.lora_B_block_5/events.out.tfevents.1768387346.master-192-168-8-48.1680.3,qkv.lora_B,5
1768388883.774666,2687,84.0,0.05950695276260376,Grad/qkv.lora_B,outputs_dev/vitb16/T=vtab_Q=3bit_L=lora_2_qkv-fc1-proj-fc2/cifar/20260114184203_default_acc=53.50/tensorboard/Grad_qkv.lora_B_block_5/events.out.tfevents.1768387346.master-192-168-8-48.1680.3,qkv.lora_B,5
1768388884.4120457,2688,84.03125,0.01881810650229454,Grad/qkv.lora_B,outputs_dev/vitb16/T=vtab_Q=3bit_L=lora_2_qkv-fc1-proj-fc2/cifar/20260114184203_default_acc=53.50/tensorboard/Grad_qkv.lora_B_block_5/events.out.tfevents.1768387346.master-192-168-8-48.1680.3,qkv.lora_B,5
1768388884.821112,2689,84.0625,0.0544145368039608,Grad/qkv.lora_B,outputs_dev/vitb16/T=vtab_Q=3bit_L=lora_2_qkv-fc1-proj-fc2/cifar/20260114184203_default_acc=53.50/tensorboard/Grad_qkv.lora_B_block_5/events.out.tfevents.1768387346.master-192-168-8-48.1680.3,qkv.lora_B,5
1768388885.2185886,2690,84.09375,0.45942652225494385,Grad/qkv.lora_B,outputs_dev/vitb16/T=vtab_Q=3bit_L=lora_2_qkv-fc1-proj-fc2/cifar/20260114184203_default_acc=53.50/tensorboard/Grad_qkv.lora_B_block_5/events.out.tfevents.1768387346.master-192-168-8-48.1680.3,qkv.lora_B,5
1768388885.6245852,2691,84.125,0.11048278212547302,Grad/qkv.lora_B,outputs_dev/vitb16/T=vtab_Q=3bit_L=lora_2_qkv-fc1-proj-fc2/cifar/20260114184203_default_acc=53.50/tensorboard/Grad_qkv.lora_B_block_5/events.out.tfevents.1768387346.master-192-168-8-48.1680.3,qkv.lora_B,5
1768388886.0159895,2692,84.15625,0.5326894521713257,Grad/qkv.lora_B,outputs_dev/vitb16/T=vtab_Q=3bit_L=lora_2_qkv-fc1-proj-fc2/cifar/20260114184203_default_acc=53.50/tensorboard/Grad_qkv.lora_B_block_5/events.out.tfevents.1768387346.master-192-168-8-48.1680.3,qkv.lora_B,5
1768388886.4090047,2693,84.1875,0.10985423624515533,Grad/qkv.lora_B,outputs_dev/vitb16/T=vtab_Q=3bit_L=lora_2_qkv-fc1-proj-fc2/cifar/20260114184203_default_acc=53.50/tensorboard/Grad_qkv.lora_B_block_5/events.out.tfevents.1768387346.master-192-168-8-48.1680.3,qkv.lora_B,5
1768388886.799833,2694,84.21875,0.0315832644701004,Grad/qkv.lora_B,outputs_dev/vitb16/T=vtab_Q=3bit_L=lora_2_qkv-fc1-proj-fc2/cifar/20260114184203_default_acc=53.50/tensorboard/Grad_qkv.lora_B_block_5/events.out.tfevents.1768387346.master-192-168-8-48.1680.3,qkv.lora_B,5
1768388887.190819,2695,84.25,0.013555697165429592,Grad/qkv.lora_B,outputs_dev/vitb16/T=vtab_Q=3bit_L=lora_2_qkv-fc1-proj-fc2/cifar/20260114184203_default_acc=53.50/tensorboard/Grad_qkv.lora_B_block_5/events.out.tfevents.1768387346.master-192-168-8-48.1680.3,qkv.lora_B,5
1768388887.5840685,2696,84.28125,0.2609499394893646,Grad/qkv.lora_B,outputs_dev/vitb16/T=vtab_Q=3bit_L=lora_2_qkv-fc1-proj-fc2/cifar/20260114184203_default_acc=53.50/tensorboard/Grad_qkv.lora_B_block_5/events.out.tfevents.1768387346.master-192-168-8-48.1680.3,qkv.lora_B,5
1768388887.9760432,2697,84.3125,0.07380780577659607,Grad/qkv.lora_B,outputs_dev/vitb16/T=vtab_Q=3bit_L=lora_2_qkv-fc1-proj-fc2/cifar/20260114184203_default_acc=53.50/tensorboard/Grad_qkv.lora_B_block_5/events.out.tfevents.1768387346.master-192-168-8-48.1680.3,qkv.lora_B,5
1768388888.3674,2698,84.34375,0.025617878884077072,Grad/qkv.lora_B,outputs_dev/vitb16/T=vtab_Q=3bit_L=lora_2_qkv-fc1-proj-fc2/cifar/20260114184203_default_acc=53.50/tensorboard/Grad_qkv.lora_B_block_5/events.out.tfevents.1768387346.master-192-168-8-48.1680.3,qkv.lora_B,5
1768388888.762443,2699,84.375,0.023130016401410103,Grad/qkv.lora_B,outputs_dev/vitb16/T=vtab_Q=3bit_L=lora_2_qkv-fc1-proj-fc2/cifar/20260114184203_default_acc=53.50/tensorboard/Grad_qkv.lora_B_block_5/events.out.tfevents.1768387346.master-192-168-8-48.1680.3,qkv.lora_B,5
1768388889.1536977,2700,84.40625,0.08511374145746231,Grad/qkv.lora_B,outputs_dev/vitb16/T=vtab_Q=3bit_L=lora_2_qkv-fc1-proj-fc2/cifar/20260114184203_default_acc=53.50/tensorboard/Grad_qkv.lora_B_block_5/events.out.tfevents.1768387346.master-192-168-8-48.1680.3,qkv.lora_B,5
1768388889.545421,2701,84.4375,0.21540848910808563,Grad/qkv.lora_B,outputs_dev/vitb16/T=vtab_Q=3bit_L=lora_2_qkv-fc1-proj-fc2/cifar/20260114184203_default_acc=53.50/tensorboard/Grad_qkv.lora_B_block_5/events.out.tfevents.1768387346.master-192-168-8-48.1680.3,qkv.lora_B,5
1768388889.9393167,2702,84.46875,0.2848035991191864,Grad/qkv.lora_B,outputs_dev/vitb16/T=vtab_Q=3bit_L=lora_2_qkv-fc1-proj-fc2/cifar/20260114184203_default_acc=53.50/tensorboard/Grad_qkv.lora_B_block_5/events.out.tfevents.1768387346.master-192-168-8-48.1680.3,qkv.lora_B,5
1768388890.330431,2703,84.5,0.04376349598169327,Grad/qkv.lora_B,outputs_dev/vitb16/T=vtab_Q=3bit_L=lora_2_qkv-fc1-proj-fc2/cifar/20260114184203_default_acc=53.50/tensorboard/Grad_qkv.lora_B_block_5/events.out.tfevents.1768387346.master-192-168-8-48.1680.3,qkv.lora_B,5
1768388890.723651,2704,84.53125,0.09556041657924652,Grad/qkv.lora_B,outputs_dev/vitb16/T=vtab_Q=3bit_L=lora_2_qkv-fc1-proj-fc2/cifar/20260114184203_default_acc=53.50/tensorboard/Grad_qkv.lora_B_block_5/events.out.tfevents.1768387346.master-192-168-8-48.1680.3,qkv.lora_B,5
1768388891.114686,2705,84.5625,0.015932898968458176,Grad/qkv.lora_B,outputs_dev/vitb16/T=vtab_Q=3bit_L=lora_2_qkv-fc1-proj-fc2/cifar/20260114184203_default_acc=53.50/tensorboard/Grad_qkv.lora_B_block_5/events.out.tfevents.1768387346.master-192-168-8-48.1680.3,qkv.lora_B,5
1768388891.5060182,2706,84.59375,0.03491349145770073,Grad/qkv.lora_B,outputs_dev/vitb16/T=vtab_Q=3bit_L=lora_2_qkv-fc1-proj-fc2/cifar/20260114184203_default_acc=53.50/tensorboard/Grad_qkv.lora_B_block_5/events.out.tfevents.1768387346.master-192-168-8-48.1680.3,qkv.lora_B,5
1768388891.8979025,2707,84.625,0.1236708015203476,Grad/qkv.lora_B,outputs_dev/vitb16/T=vtab_Q=3bit_L=lora_2_qkv-fc1-proj-fc2/cifar/20260114184203_default_acc=53.50/tensorboard/Grad_qkv.lora_B_block_5/events.out.tfevents.1768387346.master-192-168-8-48.1680.3,qkv.lora_B,5
1768388892.2920213,2708,84.65625,0.06678945571184158,Grad/qkv.lora_B,outputs_dev/vitb16/T=vtab_Q=3bit_L=lora_2_qkv-fc1-proj-fc2/cifar/20260114184203_default_acc=53.50/tensorboard/Grad_qkv.lora_B_block_5/events.out.tfevents.1768387346.master-192-168-8-48.1680.3,qkv.lora_B,5
1768388892.6846006,2709,84.6875,0.10141418129205704,Grad/qkv.lora_B,outputs_dev/vitb16/T=vtab_Q=3bit_L=lora_2_qkv-fc1-proj-fc2/cifar/20260114184203_default_acc=53.50/tensorboard/Grad_qkv.lora_B_block_5/events.out.tfevents.1768387346.master-192-168-8-48.1680.3,qkv.lora_B,5
1768388893.0766797,2710,84.71875,0.18073371052742004,Grad/qkv.lora_B,outputs_dev/vitb16/T=vtab_Q=3bit_L=lora_2_qkv-fc1-proj-fc2/cifar/20260114184203_default_acc=53.50/tensorboard/Grad_qkv.lora_B_block_5/events.out.tfevents.1768387346.master-192-168-8-48.1680.3,qkv.lora_B,5
1768388893.4718294,2711,84.75,0.03745027258992195,Grad/qkv.lora_B,outputs_dev/vitb16/T=vtab_Q=3bit_L=lora_2_qkv-fc1-proj-fc2/cifar/20260114184203_default_acc=53.50/tensorboard/Grad_qkv.lora_B_block_5/events.out.tfevents.1768387346.master-192-168-8-48.1680.3,qkv.lora_B,5
1768388893.873865,2712,84.78125,0.045615099370479584,Grad/qkv.lora_B,outputs_dev/vitb16/T=vtab_Q=3bit_L=lora_2_qkv-fc1-proj-fc2/cifar/20260114184203_default_acc=53.50/tensorboard/Grad_qkv.lora_B_block_5/events.out.tfevents.1768387346.master-192-168-8-48.1680.3,qkv.lora_B,5
1768388894.3309255,2713,84.8125,0.021129120141267776,Grad/qkv.lora_B,outputs_dev/vitb16/T=vtab_Q=3bit_L=lora_2_qkv-fc1-proj-fc2/cifar/20260114184203_default_acc=53.50/tensorboard/Grad_qkv.lora_B_block_5/events.out.tfevents.1768387346.master-192-168-8-48.1680.3,qkv.lora_B,5
1768388894.8587317,2714,84.84375,0.020841335877776146,Grad/qkv.lora_B,outputs_dev/vitb16/T=vtab_Q=3bit_L=lora_2_qkv-fc1-proj-fc2/cifar/20260114184203_default_acc=53.50/tensorboard/Grad_qkv.lora_B_block_5/events.out.tfevents.1768387346.master-192-168-8-48.1680.3,qkv.lora_B,5
1768388895.253321,2715,84.875,0.06314045190811157,Grad/qkv.lora_B,outputs_dev/vitb16/T=vtab_Q=3bit_L=lora_2_qkv-fc1-proj-fc2/cifar/20260114184203_default_acc=53.50/tensorboard/Grad_qkv.lora_B_block_5/events.out.tfevents.1768387346.master-192-168-8-48.1680.3,qkv.lora_B,5
1768388895.6970096,2716,84.90625,0.022001294419169426,Grad/qkv.lora_B,outputs_dev/vitb16/T=vtab_Q=3bit_L=lora_2_qkv-fc1-proj-fc2/cifar/20260114184203_default_acc=53.50/tensorboard/Grad_qkv.lora_B_block_5/events.out.tfevents.1768387346.master-192-168-8-48.1680.3,qkv.lora_B,5
1768388896.1078432,2717,84.9375,0.2308068424463272,Grad/qkv.lora_B,outputs_dev/vitb16/T=vtab_Q=3bit_L=lora_2_qkv-fc1-proj-fc2/cifar/20260114184203_default_acc=53.50/tensorboard/Grad_qkv.lora_B_block_5/events.out.tfevents.1768387346.master-192-168-8-48.1680.3,qkv.lora_B,5
1768388896.5176961,2718,84.96875,0.027529019862413406,Grad/qkv.lora_B,outputs_dev/vitb16/T=vtab_Q=3bit_L=lora_2_qkv-fc1-proj-fc2/cifar/20260114184203_default_acc=53.50/tensorboard/Grad_qkv.lora_B_block_5/events.out.tfevents.1768387346.master-192-168-8-48.1680.3,qkv.lora_B,5
1768388896.7114825,2719,85.0,0.7864432334899902,Grad/qkv.lora_B,outputs_dev/vitb16/T=vtab_Q=3bit_L=lora_2_qkv-fc1-proj-fc2/cifar/20260114184203_default_acc=53.50/tensorboard/Grad_qkv.lora_B_block_5/events.out.tfevents.1768387346.master-192-168-8-48.1680.3,qkv.lora_B,5
1768388897.362944,2720,85.03125,0.055039182305336,Grad/qkv.lora_B,outputs_dev/vitb16/T=vtab_Q=3bit_L=lora_2_qkv-fc1-proj-fc2/cifar/20260114184203_default_acc=53.50/tensorboard/Grad_qkv.lora_B_block_5/events.out.tfevents.1768387346.master-192-168-8-48.1680.3,qkv.lora_B,5
1768388897.7582126,2721,85.0625,0.02705637365579605,Grad/qkv.lora_B,outputs_dev/vitb16/T=vtab_Q=3bit_L=lora_2_qkv-fc1-proj-fc2/cifar/20260114184203_default_acc=53.50/tensorboard/Grad_qkv.lora_B_block_5/events.out.tfevents.1768387346.master-192-168-8-48.1680.3,qkv.lora_B,5
1768388898.164814,2722,85.09375,0.06772968918085098,Grad/qkv.lora_B,outputs_dev/vitb16/T=vtab_Q=3bit_L=lora_2_qkv-fc1-proj-fc2/cifar/20260114184203_default_acc=53.50/tensorboard/Grad_qkv.lora_B_block_5/events.out.tfevents.1768387346.master-192-168-8-48.1680.3,qkv.lora_B,5
1768388898.5560074,2723,85.125,0.03460897132754326,Grad/qkv.lora_B,outputs_dev/vitb16/T=vtab_Q=3bit_L=lora_2_qkv-fc1-proj-fc2/cifar/20260114184203_default_acc=53.50/tensorboard/Grad_qkv.lora_B_block_5/events.out.tfevents.1768387346.master-192-168-8-48.1680.3,qkv.lora_B,5
1768388898.9606369,2724,85.15625,0.07546022534370422,Grad/qkv.lora_B,outputs_dev/vitb16/T=vtab_Q=3bit_L=lora_2_qkv-fc1-proj-fc2/cifar/20260114184203_default_acc=53.50/tensorboard/Grad_qkv.lora_B_block_5/events.out.tfevents.1768387346.master-192-168-8-48.1680.3,qkv.lora_B,5
1768388899.3539345,2725,85.1875,0.04898472875356674,Grad/qkv.lora_B,outputs_dev/vitb16/T=vtab_Q=3bit_L=lora_2_qkv-fc1-proj-fc2/cifar/20260114184203_default_acc=53.50/tensorboard/Grad_qkv.lora_B_block_5/events.out.tfevents.1768387346.master-192-168-8-48.1680.3,qkv.lora_B,5
1768388899.8019974,2726,85.21875,0.11740118265151978,Grad/qkv.lora_B,outputs_dev/vitb16/T=vtab_Q=3bit_L=lora_2_qkv-fc1-proj-fc2/cifar/20260114184203_default_acc=53.50/tensorboard/Grad_qkv.lora_B_block_5/events.out.tfevents.1768387346.master-192-168-8-48.1680.3,qkv.lora_B,5
1768388900.1989558,2727,85.25,0.31706514954566956,Grad/qkv.lora_B,outputs_dev/vitb16/T=vtab_Q=3bit_L=lora_2_qkv-fc1-proj-fc2/cifar/20260114184203_default_acc=53.50/tensorboard/Grad_qkv.lora_B_block_5/events.out.tfevents.1768387346.master-192-168-8-48.1680.3,qkv.lora_B,5
1768388900.5934925,2728,85.28125,0.2634563148021698,Grad/qkv.lora_B,outputs_dev/vitb16/T=vtab_Q=3bit_L=lora_2_qkv-fc1-proj-fc2/cifar/20260114184203_default_acc=53.50/tensorboard/Grad_qkv.lora_B_block_5/events.out.tfevents.1768387346.master-192-168-8-48.1680.3,qkv.lora_B,5
1768388900.9854627,2729,85.3125,0.03619568049907684,Grad/qkv.lora_B,outputs_dev/vitb16/T=vtab_Q=3bit_L=lora_2_qkv-fc1-proj-fc2/cifar/20260114184203_default_acc=53.50/tensorboard/Grad_qkv.lora_B_block_5/events.out.tfevents.1768387346.master-192-168-8-48.1680.3,qkv.lora_B,5
1768388901.373974,2730,85.34375,0.022368349134922028,Grad/qkv.lora_B,outputs_dev/vitb16/T=vtab_Q=3bit_L=lora_2_qkv-fc1-proj-fc2/cifar/20260114184203_default_acc=53.50/tensorboard/Grad_qkv.lora_B_block_5/events.out.tfevents.1768387346.master-192-168-8-48.1680.3,qkv.lora_B,5
1768388901.7900846,2731,85.375,0.030516546219587326,Grad/qkv.lora_B,outputs_dev/vitb16/T=vtab_Q=3bit_L=lora_2_qkv-fc1-proj-fc2/cifar/20260114184203_default_acc=53.50/tensorboard/Grad_qkv.lora_B_block_5/events.out.tfevents.1768387346.master-192-168-8-48.1680.3,qkv.lora_B,5
1768388902.1863537,2732,85.40625,0.03679465502500534,Grad/qkv.lora_B,outputs_dev/vitb16/T=vtab_Q=3bit_L=lora_2_qkv-fc1-proj-fc2/cifar/20260114184203_default_acc=53.50/tensorboard/Grad_qkv.lora_B_block_5/events.out.tfevents.1768387346.master-192-168-8-48.1680.3,qkv.lora_B,5
1768388902.6034799,2733,85.4375,0.0763612687587738,Grad/qkv.lora_B,outputs_dev/vitb16/T=vtab_Q=3bit_L=lora_2_qkv-fc1-proj-fc2/cifar/20260114184203_default_acc=53.50/tensorboard/Grad_qkv.lora_B_block_5/events.out.tfevents.1768387346.master-192-168-8-48.1680.3,qkv.lora_B,5
1768388902.994735,2734,85.46875,0.015295126475393772,Grad/qkv.lora_B,outputs_dev/vitb16/T=vtab_Q=3bit_L=lora_2_qkv-fc1-proj-fc2/cifar/20260114184203_default_acc=53.50/tensorboard/Grad_qkv.lora_B_block_5/events.out.tfevents.1768387346.master-192-168-8-48.1680.3,qkv.lora_B,5
1768388903.3828034,2735,85.5,0.01777889020740986,Grad/qkv.lora_B,outputs_dev/vitb16/T=vtab_Q=3bit_L=lora_2_qkv-fc1-proj-fc2/cifar/20260114184203_default_acc=53.50/tensorboard/Grad_qkv.lora_B_block_5/events.out.tfevents.1768387346.master-192-168-8-48.1680.3,qkv.lora_B,5
1768388903.7684894,2736,85.53125,0.04009801521897316,Grad/qkv.lora_B,outputs_dev/vitb16/T=vtab_Q=3bit_L=lora_2_qkv-fc1-proj-fc2/cifar/20260114184203_default_acc=53.50/tensorboard/Grad_qkv.lora_B_block_5/events.out.tfevents.1768387346.master-192-168-8-48.1680.3,qkv.lora_B,5
1768388904.176507,2737,85.5625,0.12827832996845245,Grad/qkv.lora_B,outputs_dev/vitb16/T=vtab_Q=3bit_L=lora_2_qkv-fc1-proj-fc2/cifar/20260114184203_default_acc=53.50/tensorboard/Grad_qkv.lora_B_block_5/events.out.tfevents.1768387346.master-192-168-8-48.1680.3,qkv.lora_B,5
1768388904.5711305,2738,85.59375,0.052096836268901825,Grad/qkv.lora_B,outputs_dev/vitb16/T=vtab_Q=3bit_L=lora_2_qkv-fc1-proj-fc2/cifar/20260114184203_default_acc=53.50/tensorboard/Grad_qkv.lora_B_block_5/events.out.tfevents.1768387346.master-192-168-8-48.1680.3,qkv.lora_B,5
1768388904.967579,2739,85.625,0.0791102722287178,Grad/qkv.lora_B,outputs_dev/vitb16/T=vtab_Q=3bit_L=lora_2_qkv-fc1-proj-fc2/cifar/20260114184203_default_acc=53.50/tensorboard/Grad_qkv.lora_B_block_5/events.out.tfevents.1768387346.master-192-168-8-48.1680.3,qkv.lora_B,5
1768388905.3620887,2740,85.65625,0.8858369588851929,Grad/qkv.lora_B,outputs_dev/vitb16/T=vtab_Q=3bit_L=lora_2_qkv-fc1-proj-fc2/cifar/20260114184203_default_acc=53.50/tensorboard/Grad_qkv.lora_B_block_5/events.out.tfevents.1768387346.master-192-168-8-48.1680.3,qkv.lora_B,5
1768388905.761059,2741,85.6875,0.022040991112589836,Grad/qkv.lora_B,outputs_dev/vitb16/T=vtab_Q=3bit_L=lora_2_qkv-fc1-proj-fc2/cifar/20260114184203_default_acc=53.50/tensorboard/Grad_qkv.lora_B_block_5/events.out.tfevents.1768387346.master-192-168-8-48.1680.3,qkv.lora_B,5
1768388906.1565127,2742,85.71875,0.03665981814265251,Grad/qkv.lora_B,outputs_dev/vitb16/T=vtab_Q=3bit_L=lora_2_qkv-fc1-proj-fc2/cifar/20260114184203_default_acc=53.50/tensorboard/Grad_qkv.lora_B_block_5/events.out.tfevents.1768387346.master-192-168-8-48.1680.3,qkv.lora_B,5
1768388906.56167,2743,85.75,0.03312695771455765,Grad/qkv.lora_B,outputs_dev/vitb16/T=vtab_Q=3bit_L=lora_2_qkv-fc1-proj-fc2/cifar/20260114184203_default_acc=53.50/tensorboard/Grad_qkv.lora_B_block_5/events.out.tfevents.1768387346.master-192-168-8-48.1680.3,qkv.lora_B,5
1768388906.9611073,2744,85.78125,0.023506231606006622,Grad/qkv.lora_B,outputs_dev/vitb16/T=vtab_Q=3bit_L=lora_2_qkv-fc1-proj-fc2/cifar/20260114184203_default_acc=53.50/tensorboard/Grad_qkv.lora_B_block_5/events.out.tfevents.1768387346.master-192-168-8-48.1680.3,qkv.lora_B,5
1768388907.3752801,2745,85.8125,0.07805591821670532,Grad/qkv.lora_B,outputs_dev/vitb16/T=vtab_Q=3bit_L=lora_2_qkv-fc1-proj-fc2/cifar/20260114184203_default_acc=53.50/tensorboard/Grad_qkv.lora_B_block_5/events.out.tfevents.1768387346.master-192-168-8-48.1680.3,qkv.lora_B,5
1768388907.7682433,2746,85.84375,0.0279892235994339,Grad/qkv.lora_B,outputs_dev/vitb16/T=vtab_Q=3bit_L=lora_2_qkv-fc1-proj-fc2/cifar/20260114184203_default_acc=53.50/tensorboard/Grad_qkv.lora_B_block_5/events.out.tfevents.1768387346.master-192-168-8-48.1680.3,qkv.lora_B,5
1768388908.202348,2747,85.875,0.04437178373336792,Grad/qkv.lora_B,outputs_dev/vitb16/T=vtab_Q=3bit_L=lora_2_qkv-fc1-proj-fc2/cifar/20260114184203_default_acc=53.50/tensorboard/Grad_qkv.lora_B_block_5/events.out.tfevents.1768387346.master-192-168-8-48.1680.3,qkv.lora_B,5
1768388908.598317,2748,85.90625,0.06718237698078156,Grad/qkv.lora_B,outputs_dev/vitb16/T=vtab_Q=3bit_L=lora_2_qkv-fc1-proj-fc2/cifar/20260114184203_default_acc=53.50/tensorboard/Grad_qkv.lora_B_block_5/events.out.tfevents.1768387346.master-192-168-8-48.1680.3,qkv.lora_B,5
1768388908.9914002,2749,85.9375,0.19021758437156677,Grad/qkv.lora_B,outputs_dev/vitb16/T=vtab_Q=3bit_L=lora_2_qkv-fc1-proj-fc2/cifar/20260114184203_default_acc=53.50/tensorboard/Grad_qkv.lora_B_block_5/events.out.tfevents.1768387346.master-192-168-8-48.1680.3,qkv.lora_B,5
1768388909.3960593,2750,85.96875,0.040817879140377045,Grad/qkv.lora_B,outputs_dev/vitb16/T=vtab_Q=3bit_L=lora_2_qkv-fc1-proj-fc2/cifar/20260114184203_default_acc=53.50/tensorboard/Grad_qkv.lora_B_block_5/events.out.tfevents.1768387346.master-192-168-8-48.1680.3,qkv.lora_B,5
1768388909.6077898,2751,86.0,0.024793898686766624,Grad/qkv.lora_B,outputs_dev/vitb16/T=vtab_Q=3bit_L=lora_2_qkv-fc1-proj-fc2/cifar/20260114184203_default_acc=53.50/tensorboard/Grad_qkv.lora_B_block_5/events.out.tfevents.1768387346.master-192-168-8-48.1680.3,qkv.lora_B,5
1768388910.2905295,2752,86.03125,0.042197033762931824,Grad/qkv.lora_B,outputs_dev/vitb16/T=vtab_Q=3bit_L=lora_2_qkv-fc1-proj-fc2/cifar/20260114184203_default_acc=53.50/tensorboard/Grad_qkv.lora_B_block_5/events.out.tfevents.1768387346.master-192-168-8-48.1680.3,qkv.lora_B,5
1768388910.7014713,2753,86.0625,0.024657124653458595,Grad/qkv.lora_B,outputs_dev/vitb16/T=vtab_Q=3bit_L=lora_2_qkv-fc1-proj-fc2/cifar/20260114184203_default_acc=53.50/tensorboard/Grad_qkv.lora_B_block_5/events.out.tfevents.1768387346.master-192-168-8-48.1680.3,qkv.lora_B,5
1768388911.0834448,2754,86.09375,0.6089804172515869,Grad/qkv.lora_B,outputs_dev/vitb16/T=vtab_Q=3bit_L=lora_2_qkv-fc1-proj-fc2/cifar/20260114184203_default_acc=53.50/tensorboard/Grad_qkv.lora_B_block_5/events.out.tfevents.1768387346.master-192-168-8-48.1680.3,qkv.lora_B,5
1768388911.4750028,2755,86.125,0.04773769527673721,Grad/qkv.lora_B,outputs_dev/vitb16/T=vtab_Q=3bit_L=lora_2_qkv-fc1-proj-fc2/cifar/20260114184203_default_acc=53.50/tensorboard/Grad_qkv.lora_B_block_5/events.out.tfevents.1768387346.master-192-168-8-48.1680.3,qkv.lora_B,5
1768388911.8663907,2756,86.15625,0.014908120036125183,Grad/qkv.lora_B,outputs_dev/vitb16/T=vtab_Q=3bit_L=lora_2_qkv-fc1-proj-fc2/cifar/20260114184203_default_acc=53.50/tensorboard/Grad_qkv.lora_B_block_5/events.out.tfevents.1768387346.master-192-168-8-48.1680.3,qkv.lora_B,5
1768388912.260399,2757,86.1875,0.03137274459004402,Grad/qkv.lora_B,outputs_dev/vitb16/T=vtab_Q=3bit_L=lora_2_qkv-fc1-proj-fc2/cifar/20260114184203_default_acc=53.50/tensorboard/Grad_qkv.lora_B_block_5/events.out.tfevents.1768387346.master-192-168-8-48.1680.3,qkv.lora_B,5
1768388912.6545954,2758,86.21875,0.3968987464904785,Grad/qkv.lora_B,outputs_dev/vitb16/T=vtab_Q=3bit_L=lora_2_qkv-fc1-proj-fc2/cifar/20260114184203_default_acc=53.50/tensorboard/Grad_qkv.lora_B_block_5/events.out.tfevents.1768387346.master-192-168-8-48.1680.3,qkv.lora_B,5
1768388913.0474424,2759,86.25,0.044861990958452225,Grad/qkv.lora_B,outputs_dev/vitb16/T=vtab_Q=3bit_L=lora_2_qkv-fc1-proj-fc2/cifar/20260114184203_default_acc=53.50/tensorboard/Grad_qkv.lora_B_block_5/events.out.tfevents.1768387346.master-192-168-8-48.1680.3,qkv.lora_B,5
1768388913.4411025,2760,86.28125,0.04923562332987785,Grad/qkv.lora_B,outputs_dev/vitb16/T=vtab_Q=3bit_L=lora_2_qkv-fc1-proj-fc2/cifar/20260114184203_default_acc=53.50/tensorboard/Grad_qkv.lora_B_block_5/events.out.tfevents.1768387346.master-192-168-8-48.1680.3,qkv.lora_B,5
1768388913.8345006,2761,86.3125,0.14562344551086426,Grad/qkv.lora_B,outputs_dev/vitb16/T=vtab_Q=3bit_L=lora_2_qkv-fc1-proj-fc2/cifar/20260114184203_default_acc=53.50/tensorboard/Grad_qkv.lora_B_block_5/events.out.tfevents.1768387346.master-192-168-8-48.1680.3,qkv.lora_B,5
1768388914.2313042,2762,86.34375,0.02739320881664753,Grad/qkv.lora_B,outputs_dev/vitb16/T=vtab_Q=3bit_L=lora_2_qkv-fc1-proj-fc2/cifar/20260114184203_default_acc=53.50/tensorboard/Grad_qkv.lora_B_block_5/events.out.tfevents.1768387346.master-192-168-8-48.1680.3,qkv.lora_B,5
1768388914.627852,2763,86.375,0.02502121962606907,Grad/qkv.lora_B,outputs_dev/vitb16/T=vtab_Q=3bit_L=lora_2_qkv-fc1-proj-fc2/cifar/20260114184203_default_acc=53.50/tensorboard/Grad_qkv.lora_B_block_5/events.out.tfevents.1768387346.master-192-168-8-48.1680.3,qkv.lora_B,5
1768388915.023365,2764,86.40625,0.07481919974088669,Grad/qkv.lora_B,outputs_dev/vitb16/T=vtab_Q=3bit_L=lora_2_qkv-fc1-proj-fc2/cifar/20260114184203_default_acc=53.50/tensorboard/Grad_qkv.lora_B_block_5/events.out.tfevents.1768387346.master-192-168-8-48.1680.3,qkv.lora_B,5
1768388915.4164672,2765,86.4375,0.10631170868873596,Grad/qkv.lora_B,outputs_dev/vitb16/T=vtab_Q=3bit_L=lora_2_qkv-fc1-proj-fc2/cifar/20260114184203_default_acc=53.50/tensorboard/Grad_qkv.lora_B_block_5/events.out.tfevents.1768387346.master-192-168-8-48.1680.3,qkv.lora_B,5
1768388915.8293657,2766,86.46875,0.039664607495069504,Grad/qkv.lora_B,outputs_dev/vitb16/T=vtab_Q=3bit_L=lora_2_qkv-fc1-proj-fc2/cifar/20260114184203_default_acc=53.50/tensorboard/Grad_qkv.lora_B_block_5/events.out.tfevents.1768387346.master-192-168-8-48.1680.3,qkv.lora_B,5
1768388916.2244432,2767,86.5,0.05244820564985275,Grad/qkv.lora_B,outputs_dev/vitb16/T=vtab_Q=3bit_L=lora_2_qkv-fc1-proj-fc2/cifar/20260114184203_default_acc=53.50/tensorboard/Grad_qkv.lora_B_block_5/events.out.tfevents.1768387346.master-192-168-8-48.1680.3,qkv.lora_B,5
1768388916.6202142,2768,86.53125,0.14891380071640015,Grad/qkv.lora_B,outputs_dev/vitb16/T=vtab_Q=3bit_L=lora_2_qkv-fc1-proj-fc2/cifar/20260114184203_default_acc=53.50/tensorboard/Grad_qkv.lora_B_block_5/events.out.tfevents.1768387346.master-192-168-8-48.1680.3,qkv.lora_B,5
1768388917.0174458,2769,86.5625,0.030569668859243393,Grad/qkv.lora_B,outputs_dev/vitb16/T=vtab_Q=3bit_L=lora_2_qkv-fc1-proj-fc2/cifar/20260114184203_default_acc=53.50/tensorboard/Grad_qkv.lora_B_block_5/events.out.tfevents.1768387346.master-192-168-8-48.1680.3,qkv.lora_B,5
1768388917.4139538,2770,86.59375,0.08994555473327637,Grad/qkv.lora_B,outputs_dev/vitb16/T=vtab_Q=3bit_L=lora_2_qkv-fc1-proj-fc2/cifar/20260114184203_default_acc=53.50/tensorboard/Grad_qkv.lora_B_block_5/events.out.tfevents.1768387346.master-192-168-8-48.1680.3,qkv.lora_B,5
1768388917.808564,2771,86.625,0.3071056008338928,Grad/qkv.lora_B,outputs_dev/vitb16/T=vtab_Q=3bit_L=lora_2_qkv-fc1-proj-fc2/cifar/20260114184203_default_acc=53.50/tensorboard/Grad_qkv.lora_B_block_5/events.out.tfevents.1768387346.master-192-168-8-48.1680.3,qkv.lora_B,5
1768388918.280674,2772,86.65625,0.1562059223651886,Grad/qkv.lora_B,outputs_dev/vitb16/T=vtab_Q=3bit_L=lora_2_qkv-fc1-proj-fc2/cifar/20260114184203_default_acc=53.50/tensorboard/Grad_qkv.lora_B_block_5/events.out.tfevents.1768387346.master-192-168-8-48.1680.3,qkv.lora_B,5
1768388918.678358,2773,86.6875,0.06179075315594673,Grad/qkv.lora_B,outputs_dev/vitb16/T=vtab_Q=3bit_L=lora_2_qkv-fc1-proj-fc2/cifar/20260114184203_default_acc=53.50/tensorboard/Grad_qkv.lora_B_block_5/events.out.tfevents.1768387346.master-192-168-8-48.1680.3,qkv.lora_B,5
1768388919.0796018,2774,86.71875,0.03986828774213791,Grad/qkv.lora_B,outputs_dev/vitb16/T=vtab_Q=3bit_L=lora_2_qkv-fc1-proj-fc2/cifar/20260114184203_default_acc=53.50/tensorboard/Grad_qkv.lora_B_block_5/events.out.tfevents.1768387346.master-192-168-8-48.1680.3,qkv.lora_B,5
1768388919.4758966,2775,86.75,0.062468815594911575,Grad/qkv.lora_B,outputs_dev/vitb16/T=vtab_Q=3bit_L=lora_2_qkv-fc1-proj-fc2/cifar/20260114184203_default_acc=53.50/tensorboard/Grad_qkv.lora_B_block_5/events.out.tfevents.1768387346.master-192-168-8-48.1680.3,qkv.lora_B,5
1768388919.874503,2776,86.78125,0.04265943542122841,Grad/qkv.lora_B,outputs_dev/vitb16/T=vtab_Q=3bit_L=lora_2_qkv-fc1-proj-fc2/cifar/20260114184203_default_acc=53.50/tensorboard/Grad_qkv.lora_B_block_5/events.out.tfevents.1768387346.master-192-168-8-48.1680.3,qkv.lora_B,5
1768388920.288569,2777,86.8125,0.02461753971874714,Grad/qkv.lora_B,outputs_dev/vitb16/T=vtab_Q=3bit_L=lora_2_qkv-fc1-proj-fc2/cifar/20260114184203_default_acc=53.50/tensorboard/Grad_qkv.lora_B_block_5/events.out.tfevents.1768387346.master-192-168-8-48.1680.3,qkv.lora_B,5
1768388920.7015052,2778,86.84375,0.05891948193311691,Grad/qkv.lora_B,outputs_dev/vitb16/T=vtab_Q=3bit_L=lora_2_qkv-fc1-proj-fc2/cifar/20260114184203_default_acc=53.50/tensorboard/Grad_qkv.lora_B_block_5/events.out.tfevents.1768387346.master-192-168-8-48.1680.3,qkv.lora_B,5
1768388921.111517,2779,86.875,0.06010988727211952,Grad/qkv.lora_B,outputs_dev/vitb16/T=vtab_Q=3bit_L=lora_2_qkv-fc1-proj-fc2/cifar/20260114184203_default_acc=53.50/tensorboard/Grad_qkv.lora_B_block_5/events.out.tfevents.1768387346.master-192-168-8-48.1680.3,qkv.lora_B,5
1768388921.515799,2780,86.90625,0.030421780422329903,Grad/qkv.lora_B,outputs_dev/vitb16/T=vtab_Q=3bit_L=lora_2_qkv-fc1-proj-fc2/cifar/20260114184203_default_acc=53.50/tensorboard/Grad_qkv.lora_B_block_5/events.out.tfevents.1768387346.master-192-168-8-48.1680.3,qkv.lora_B,5
1768388921.906593,2781,86.9375,0.0428258553147316,Grad/qkv.lora_B,outputs_dev/vitb16/T=vtab_Q=3bit_L=lora_2_qkv-fc1-proj-fc2/cifar/20260114184203_default_acc=53.50/tensorboard/Grad_qkv.lora_B_block_5/events.out.tfevents.1768387346.master-192-168-8-48.1680.3,qkv.lora_B,5
1768388922.3004007,2782,86.96875,0.04174094274640083,Grad/qkv.lora_B,outputs_dev/vitb16/T=vtab_Q=3bit_L=lora_2_qkv-fc1-proj-fc2/cifar/20260114184203_default_acc=53.50/tensorboard/Grad_qkv.lora_B_block_5/events.out.tfevents.1768387346.master-192-168-8-48.1680.3,qkv.lora_B,5
1768388922.496383,2783,87.0,0.14219926297664642,Grad/qkv.lora_B,outputs_dev/vitb16/T=vtab_Q=3bit_L=lora_2_qkv-fc1-proj-fc2/cifar/20260114184203_default_acc=53.50/tensorboard/Grad_qkv.lora_B_block_5/events.out.tfevents.1768387346.master-192-168-8-48.1680.3,qkv.lora_B,5
1768388923.158098,2784,87.03125,0.29392915964126587,Grad/qkv.lora_B,outputs_dev/vitb16/T=vtab_Q=3bit_L=lora_2_qkv-fc1-proj-fc2/cifar/20260114184203_default_acc=53.50/tensorboard/Grad_qkv.lora_B_block_5/events.out.tfevents.1768387346.master-192-168-8-48.1680.3,qkv.lora_B,5
1768388923.5530622,2785,87.0625,0.0341593362390995,Grad/qkv.lora_B,outputs_dev/vitb16/T=vtab_Q=3bit_L=lora_2_qkv-fc1-proj-fc2/cifar/20260114184203_default_acc=53.50/tensorboard/Grad_qkv.lora_B_block_5/events.out.tfevents.1768387346.master-192-168-8-48.1680.3,qkv.lora_B,5
1768388923.9462888,2786,87.09375,0.10404745489358902,Grad/qkv.lora_B,outputs_dev/vitb16/T=vtab_Q=3bit_L=lora_2_qkv-fc1-proj-fc2/cifar/20260114184203_default_acc=53.50/tensorboard/Grad_qkv.lora_B_block_5/events.out.tfevents.1768387346.master-192-168-8-48.1680.3,qkv.lora_B,5
1768388924.343001,2787,87.125,0.02399829775094986,Grad/qkv.lora_B,outputs_dev/vitb16/T=vtab_Q=3bit_L=lora_2_qkv-fc1-proj-fc2/cifar/20260114184203_default_acc=53.50/tensorboard/Grad_qkv.lora_B_block_5/events.out.tfevents.1768387346.master-192-168-8-48.1680.3,qkv.lora_B,5
1768388924.7527196,2788,87.15625,0.02796171046793461,Grad/qkv.lora_B,outputs_dev/vitb16/T=vtab_Q=3bit_L=lora_2_qkv-fc1-proj-fc2/cifar/20260114184203_default_acc=53.50/tensorboard/Grad_qkv.lora_B_block_5/events.out.tfevents.1768387346.master-192-168-8-48.1680.3,qkv.lora_B,5
1768388925.1741168,2789,87.1875,0.05359309911727905,Grad/qkv.lora_B,outputs_dev/vitb16/T=vtab_Q=3bit_L=lora_2_qkv-fc1-proj-fc2/cifar/20260114184203_default_acc=53.50/tensorboard/Grad_qkv.lora_B_block_5/events.out.tfevents.1768387346.master-192-168-8-48.1680.3,qkv.lora_B,5
1768388925.5653296,2790,87.21875,0.04984385147690773,Grad/qkv.lora_B,outputs_dev/vitb16/T=vtab_Q=3bit_L=lora_2_qkv-fc1-proj-fc2/cifar/20260114184203_default_acc=53.50/tensorboard/Grad_qkv.lora_B_block_5/events.out.tfevents.1768387346.master-192-168-8-48.1680.3,qkv.lora_B,5
1768388925.9722824,2791,87.25,0.029718080535531044,Grad/qkv.lora_B,outputs_dev/vitb16/T=vtab_Q=3bit_L=lora_2_qkv-fc1-proj-fc2/cifar/20260114184203_default_acc=53.50/tensorboard/Grad_qkv.lora_B_block_5/events.out.tfevents.1768387346.master-192-168-8-48.1680.3,qkv.lora_B,5
1768388926.376986,2792,87.28125,0.02773156389594078,Grad/qkv.lora_B,outputs_dev/vitb16/T=vtab_Q=3bit_L=lora_2_qkv-fc1-proj-fc2/cifar/20260114184203_default_acc=53.50/tensorboard/Grad_qkv.lora_B_block_5/events.out.tfevents.1768387346.master-192-168-8-48.1680.3,qkv.lora_B,5
1768388926.7872226,2793,87.3125,0.17336294054985046,Grad/qkv.lora_B,outputs_dev/vitb16/T=vtab_Q=3bit_L=lora_2_qkv-fc1-proj-fc2/cifar/20260114184203_default_acc=53.50/tensorboard/Grad_qkv.lora_B_block_5/events.out.tfevents.1768387346.master-192-168-8-48.1680.3,qkv.lora_B,5
1768388927.1786764,2794,87.34375,0.10702246427536011,Grad/qkv.lora_B,outputs_dev/vitb16/T=vtab_Q=3bit_L=lora_2_qkv-fc1-proj-fc2/cifar/20260114184203_default_acc=53.50/tensorboard/Grad_qkv.lora_B_block_5/events.out.tfevents.1768387346.master-192-168-8-48.1680.3,qkv.lora_B,5
1768388927.5580091,2795,87.375,0.16094356775283813,Grad/qkv.lora_B,outputs_dev/vitb16/T=vtab_Q=3bit_L=lora_2_qkv-fc1-proj-fc2/cifar/20260114184203_default_acc=53.50/tensorboard/Grad_qkv.lora_B_block_5/events.out.tfevents.1768387346.master-192-168-8-48.1680.3,qkv.lora_B,5
1768388927.9483292,2796,87.40625,0.020251881331205368,Grad/qkv.lora_B,outputs_dev/vitb16/T=vtab_Q=3bit_L=lora_2_qkv-fc1-proj-fc2/cifar/20260114184203_default_acc=53.50/tensorboard/Grad_qkv.lora_B_block_5/events.out.tfevents.1768387346.master-192-168-8-48.1680.3,qkv.lora_B,5
1768388928.3585508,2797,87.4375,0.023373369127511978,Grad/qkv.lora_B,outputs_dev/vitb16/T=vtab_Q=3bit_L=lora_2_qkv-fc1-proj-fc2/cifar/20260114184203_default_acc=53.50/tensorboard/Grad_qkv.lora_B_block_5/events.out.tfevents.1768387346.master-192-168-8-48.1680.3,qkv.lora_B,5
1768388928.775106,2798,87.46875,0.024264691397547722,Grad/qkv.lora_B,outputs_dev/vitb16/T=vtab_Q=3bit_L=lora_2_qkv-fc1-proj-fc2/cifar/20260114184203_default_acc=53.50/tensorboard/Grad_qkv.lora_B_block_5/events.out.tfevents.1768387346.master-192-168-8-48.1680.3,qkv.lora_B,5
1768388929.1608672,2799,87.5,0.01906461827456951,Grad/qkv.lora_B,outputs_dev/vitb16/T=vtab_Q=3bit_L=lora_2_qkv-fc1-proj-fc2/cifar/20260114184203_default_acc=53.50/tensorboard/Grad_qkv.lora_B_block_5/events.out.tfevents.1768387346.master-192-168-8-48.1680.3,qkv.lora_B,5
1768388929.5493162,2800,87.53125,0.014136232435703278,Grad/qkv.lora_B,outputs_dev/vitb16/T=vtab_Q=3bit_L=lora_2_qkv-fc1-proj-fc2/cifar/20260114184203_default_acc=53.50/tensorboard/Grad_qkv.lora_B_block_5/events.out.tfevents.1768387346.master-192-168-8-48.1680.3,qkv.lora_B,5
1768388929.9441621,2801,87.5625,0.06537739932537079,Grad/qkv.lora_B,outputs_dev/vitb16/T=vtab_Q=3bit_L=lora_2_qkv-fc1-proj-fc2/cifar/20260114184203_default_acc=53.50/tensorboard/Grad_qkv.lora_B_block_5/events.out.tfevents.1768387346.master-192-168-8-48.1680.3,qkv.lora_B,5
1768388930.3440285,2802,87.59375,0.17331820726394653,Grad/qkv.lora_B,outputs_dev/vitb16/T=vtab_Q=3bit_L=lora_2_qkv-fc1-proj-fc2/cifar/20260114184203_default_acc=53.50/tensorboard/Grad_qkv.lora_B_block_5/events.out.tfevents.1768387346.master-192-168-8-48.1680.3,qkv.lora_B,5
1768388930.7278068,2803,87.625,0.29085367918014526,Grad/qkv.lora_B,outputs_dev/vitb16/T=vtab_Q=3bit_L=lora_2_qkv-fc1-proj-fc2/cifar/20260114184203_default_acc=53.50/tensorboard/Grad_qkv.lora_B_block_5/events.out.tfevents.1768387346.master-192-168-8-48.1680.3,qkv.lora_B,5
1768388931.1425636,2804,87.65625,0.13000287115573883,Grad/qkv.lora_B,outputs_dev/vitb16/T=vtab_Q=3bit_L=lora_2_qkv-fc1-proj-fc2/cifar/20260114184203_default_acc=53.50/tensorboard/Grad_qkv.lora_B_block_5/events.out.tfevents.1768387346.master-192-168-8-48.1680.3,qkv.lora_B,5
1768388931.556473,2805,87.6875,0.023007716983556747,Grad/qkv.lora_B,outputs_dev/vitb16/T=vtab_Q=3bit_L=lora_2_qkv-fc1-proj-fc2/cifar/20260114184203_default_acc=53.50/tensorboard/Grad_qkv.lora_B_block_5/events.out.tfevents.1768387346.master-192-168-8-48.1680.3,qkv.lora_B,5
1768388931.9664311,2806,87.71875,0.05142666772007942,Grad/qkv.lora_B,outputs_dev/vitb16/T=vtab_Q=3bit_L=lora_2_qkv-fc1-proj-fc2/cifar/20260114184203_default_acc=53.50/tensorboard/Grad_qkv.lora_B_block_5/events.out.tfevents.1768387346.master-192-168-8-48.1680.3,qkv.lora_B,5
1768388932.373334,2807,87.75,0.07439453899860382,Grad/qkv.lora_B,outputs_dev/vitb16/T=vtab_Q=3bit_L=lora_2_qkv-fc1-proj-fc2/cifar/20260114184203_default_acc=53.50/tensorboard/Grad_qkv.lora_B_block_5/events.out.tfevents.1768387346.master-192-168-8-48.1680.3,qkv.lora_B,5
1768388932.78458,2808,87.78125,0.015640122815966606,Grad/qkv.lora_B,outputs_dev/vitb16/T=vtab_Q=3bit_L=lora_2_qkv-fc1-proj-fc2/cifar/20260114184203_default_acc=53.50/tensorboard/Grad_qkv.lora_B_block_5/events.out.tfevents.1768387346.master-192-168-8-48.1680.3,qkv.lora_B,5
1768388933.1987798,2809,87.8125,0.021619876846671104,Grad/qkv.lora_B,outputs_dev/vitb16/T=vtab_Q=3bit_L=lora_2_qkv-fc1-proj-fc2/cifar/20260114184203_default_acc=53.50/tensorboard/Grad_qkv.lora_B_block_5/events.out.tfevents.1768387346.master-192-168-8-48.1680.3,qkv.lora_B,5
1768388933.5932572,2810,87.84375,0.08586283028125763,Grad/qkv.lora_B,outputs_dev/vitb16/T=vtab_Q=3bit_L=lora_2_qkv-fc1-proj-fc2/cifar/20260114184203_default_acc=53.50/tensorboard/Grad_qkv.lora_B_block_5/events.out.tfevents.1768387346.master-192-168-8-48.1680.3,qkv.lora_B,5
1768388933.9898205,2811,87.875,0.020711863413453102,Grad/qkv.lora_B,outputs_dev/vitb16/T=vtab_Q=3bit_L=lora_2_qkv-fc1-proj-fc2/cifar/20260114184203_default_acc=53.50/tensorboard/Grad_qkv.lora_B_block_5/events.out.tfevents.1768387346.master-192-168-8-48.1680.3,qkv.lora_B,5
1768388934.3862891,2812,87.90625,0.04964106157422066,Grad/qkv.lora_B,outputs_dev/vitb16/T=vtab_Q=3bit_L=lora_2_qkv-fc1-proj-fc2/cifar/20260114184203_default_acc=53.50/tensorboard/Grad_qkv.lora_B_block_5/events.out.tfevents.1768387346.master-192-168-8-48.1680.3,qkv.lora_B,5
1768388934.7821376,2813,87.9375,0.02818041667342186,Grad/qkv.lora_B,outputs_dev/vitb16/T=vtab_Q=3bit_L=lora_2_qkv-fc1-proj-fc2/cifar/20260114184203_default_acc=53.50/tensorboard/Grad_qkv.lora_B_block_5/events.out.tfevents.1768387346.master-192-168-8-48.1680.3,qkv.lora_B,5
1768388935.1781702,2814,87.96875,0.032510630786418915,Grad/qkv.lora_B,outputs_dev/vitb16/T=vtab_Q=3bit_L=lora_2_qkv-fc1-proj-fc2/cifar/20260114184203_default_acc=53.50/tensorboard/Grad_qkv.lora_B_block_5/events.out.tfevents.1768387346.master-192-168-8-48.1680.3,qkv.lora_B,5
1768388935.36476,2815,88.0,0.044399239122867584,Grad/qkv.lora_B,outputs_dev/vitb16/T=vtab_Q=3bit_L=lora_2_qkv-fc1-proj-fc2/cifar/20260114184203_default_acc=53.50/tensorboard/Grad_qkv.lora_B_block_5/events.out.tfevents.1768387346.master-192-168-8-48.1680.3,qkv.lora_B,5
1768388935.953079,2816,88.03125,0.5571826100349426,Grad/qkv.lora_B,outputs_dev/vitb16/T=vtab_Q=3bit_L=lora_2_qkv-fc1-proj-fc2/cifar/20260114184203_default_acc=53.50/tensorboard/Grad_qkv.lora_B_block_5/events.out.tfevents.1768387346.master-192-168-8-48.1680.3,qkv.lora_B,5
1768388936.373988,2817,88.0625,0.028368324041366577,Grad/qkv.lora_B,outputs_dev/vitb16/T=vtab_Q=3bit_L=lora_2_qkv-fc1-proj-fc2/cifar/20260114184203_default_acc=53.50/tensorboard/Grad_qkv.lora_B_block_5/events.out.tfevents.1768387346.master-192-168-8-48.1680.3,qkv.lora_B,5
1768388936.7828546,2818,88.09375,0.03338523581624031,Grad/qkv.lora_B,outputs_dev/vitb16/T=vtab_Q=3bit_L=lora_2_qkv-fc1-proj-fc2/cifar/20260114184203_default_acc=53.50/tensorboard/Grad_qkv.lora_B_block_5/events.out.tfevents.1768387346.master-192-168-8-48.1680.3,qkv.lora_B,5
1768388937.176708,2819,88.125,0.2768668532371521,Grad/qkv.lora_B,outputs_dev/vitb16/T=vtab_Q=3bit_L=lora_2_qkv-fc1-proj-fc2/cifar/20260114184203_default_acc=53.50/tensorboard/Grad_qkv.lora_B_block_5/events.out.tfevents.1768387346.master-192-168-8-48.1680.3,qkv.lora_B,5
1768388937.5897152,2820,88.15625,0.04147966206073761,Grad/qkv.lora_B,outputs_dev/vitb16/T=vtab_Q=3bit_L=lora_2_qkv-fc1-proj-fc2/cifar/20260114184203_default_acc=53.50/tensorboard/Grad_qkv.lora_B_block_5/events.out.tfevents.1768387346.master-192-168-8-48.1680.3,qkv.lora_B,5
1768388938.0216322,2821,88.1875,0.06512321531772614,Grad/qkv.lora_B,outputs_dev/vitb16/T=vtab_Q=3bit_L=lora_2_qkv-fc1-proj-fc2/cifar/20260114184203_default_acc=53.50/tensorboard/Grad_qkv.lora_B_block_5/events.out.tfevents.1768387346.master-192-168-8-48.1680.3,qkv.lora_B,5
1768388938.418587,2822,88.21875,0.10781238228082657,Grad/qkv.lora_B,outputs_dev/vitb16/T=vtab_Q=3bit_L=lora_2_qkv-fc1-proj-fc2/cifar/20260114184203_default_acc=53.50/tensorboard/Grad_qkv.lora_B_block_5/events.out.tfevents.1768387346.master-192-168-8-48.1680.3,qkv.lora_B,5
1768388938.8113158,2823,88.25,0.06424441188573837,Grad/qkv.lora_B,outputs_dev/vitb16/T=vtab_Q=3bit_L=lora_2_qkv-fc1-proj-fc2/cifar/20260114184203_default_acc=53.50/tensorboard/Grad_qkv.lora_B_block_5/events.out.tfevents.1768387346.master-192-168-8-48.1680.3,qkv.lora_B,5
1768388939.2093241,2824,88.28125,0.053812913596630096,Grad/qkv.lora_B,outputs_dev/vitb16/T=vtab_Q=3bit_L=lora_2_qkv-fc1-proj-fc2/cifar/20260114184203_default_acc=53.50/tensorboard/Grad_qkv.lora_B_block_5/events.out.tfevents.1768387346.master-192-168-8-48.1680.3,qkv.lora_B,5
1768388939.5905883,2825,88.3125,0.020362600684165955,Grad/qkv.lora_B,outputs_dev/vitb16/T=vtab_Q=3bit_L=lora_2_qkv-fc1-proj-fc2/cifar/20260114184203_default_acc=53.50/tensorboard/Grad_qkv.lora_B_block_5/events.out.tfevents.1768387346.master-192-168-8-48.1680.3,qkv.lora_B,5
1768388939.9743497,2826,88.34375,0.05047796666622162,Grad/qkv.lora_B,outputs_dev/vitb16/T=vtab_Q=3bit_L=lora_2_qkv-fc1-proj-fc2/cifar/20260114184203_default_acc=53.50/tensorboard/Grad_qkv.lora_B_block_5/events.out.tfevents.1768387346.master-192-168-8-48.1680.3,qkv.lora_B,5
1768388940.3678029,2827,88.375,0.026450300589203835,Grad/qkv.lora_B,outputs_dev/vitb16/T=vtab_Q=3bit_L=lora_2_qkv-fc1-proj-fc2/cifar/20260114184203_default_acc=53.50/tensorboard/Grad_qkv.lora_B_block_5/events.out.tfevents.1768387346.master-192-168-8-48.1680.3,qkv.lora_B,5
1768388940.8422585,2828,88.40625,0.037684399634599686,Grad/qkv.lora_B,outputs_dev/vitb16/T=vtab_Q=3bit_L=lora_2_qkv-fc1-proj-fc2/cifar/20260114184203_default_acc=53.50/tensorboard/Grad_qkv.lora_B_block_5/events.out.tfevents.1768387346.master-192-168-8-48.1680.3,qkv.lora_B,5
1768388941.2270858,2829,88.4375,0.163564532995224,Grad/qkv.lora_B,outputs_dev/vitb16/T=vtab_Q=3bit_L=lora_2_qkv-fc1-proj-fc2/cifar/20260114184203_default_acc=53.50/tensorboard/Grad_qkv.lora_B_block_5/events.out.tfevents.1768387346.master-192-168-8-48.1680.3,qkv.lora_B,5
1768388941.6146874,2830,88.46875,0.03613268584012985,Grad/qkv.lora_B,outputs_dev/vitb16/T=vtab_Q=3bit_L=lora_2_qkv-fc1-proj-fc2/cifar/20260114184203_default_acc=53.50/tensorboard/Grad_qkv.lora_B_block_5/events.out.tfevents.1768387346.master-192-168-8-48.1680.3,qkv.lora_B,5
1768388941.9999232,2831,88.5,0.024948257952928543,Grad/qkv.lora_B,outputs_dev/vitb16/T=vtab_Q=3bit_L=lora_2_qkv-fc1-proj-fc2/cifar/20260114184203_default_acc=53.50/tensorboard/Grad_qkv.lora_B_block_5/events.out.tfevents.1768387346.master-192-168-8-48.1680.3,qkv.lora_B,5
1768388942.3856826,2832,88.53125,0.03222578391432762,Grad/qkv.lora_B,outputs_dev/vitb16/T=vtab_Q=3bit_L=lora_2_qkv-fc1-proj-fc2/cifar/20260114184203_default_acc=53.50/tensorboard/Grad_qkv.lora_B_block_5/events.out.tfevents.1768387346.master-192-168-8-48.1680.3,qkv.lora_B,5
1768388942.786942,2833,88.5625,0.01925492286682129,Grad/qkv.lora_B,outputs_dev/vitb16/T=vtab_Q=3bit_L=lora_2_qkv-fc1-proj-fc2/cifar/20260114184203_default_acc=53.50/tensorboard/Grad_qkv.lora_B_block_5/events.out.tfevents.1768387346.master-192-168-8-48.1680.3,qkv.lora_B,5
1768388943.1961784,2834,88.59375,0.018218999728560448,Grad/qkv.lora_B,outputs_dev/vitb16/T=vtab_Q=3bit_L=lora_2_qkv-fc1-proj-fc2/cifar/20260114184203_default_acc=53.50/tensorboard/Grad_qkv.lora_B_block_5/events.out.tfevents.1768387346.master-192-168-8-48.1680.3,qkv.lora_B,5
1768388943.5965412,2835,88.625,0.06161754950881004,Grad/qkv.lora_B,outputs_dev/vitb16/T=vtab_Q=3bit_L=lora_2_qkv-fc1-proj-fc2/cifar/20260114184203_default_acc=53.50/tensorboard/Grad_qkv.lora_B_block_5/events.out.tfevents.1768387346.master-192-168-8-48.1680.3,qkv.lora_B,5
1768388943.9899902,2836,88.65625,0.03605283796787262,Grad/qkv.lora_B,outputs_dev/vitb16/T=vtab_Q=3bit_L=lora_2_qkv-fc1-proj-fc2/cifar/20260114184203_default_acc=53.50/tensorboard/Grad_qkv.lora_B_block_5/events.out.tfevents.1768387346.master-192-168-8-48.1680.3,qkv.lora_B,5
1768388944.4063392,2837,88.6875,0.01199667900800705,Grad/qkv.lora_B,outputs_dev/vitb16/T=vtab_Q=3bit_L=lora_2_qkv-fc1-proj-fc2/cifar/20260114184203_default_acc=53.50/tensorboard/Grad_qkv.lora_B_block_5/events.out.tfevents.1768387346.master-192-168-8-48.1680.3,qkv.lora_B,5
1768388944.8014786,2838,88.71875,0.021370962262153625,Grad/qkv.lora_B,outputs_dev/vitb16/T=vtab_Q=3bit_L=lora_2_qkv-fc1-proj-fc2/cifar/20260114184203_default_acc=53.50/tensorboard/Grad_qkv.lora_B_block_5/events.out.tfevents.1768387346.master-192-168-8-48.1680.3,qkv.lora_B,5
1768388945.193054,2839,88.75,0.014595930464565754,Grad/qkv.lora_B,outputs_dev/vitb16/T=vtab_Q=3bit_L=lora_2_qkv-fc1-proj-fc2/cifar/20260114184203_default_acc=53.50/tensorboard/Grad_qkv.lora_B_block_5/events.out.tfevents.1768387346.master-192-168-8-48.1680.3,qkv.lora_B,5
1768388945.5874543,2840,88.78125,0.04051798954606056,Grad/qkv.lora_B,outputs_dev/vitb16/T=vtab_Q=3bit_L=lora_2_qkv-fc1-proj-fc2/cifar/20260114184203_default_acc=53.50/tensorboard/Grad_qkv.lora_B_block_5/events.out.tfevents.1768387346.master-192-168-8-48.1680.3,qkv.lora_B,5
1768388945.984653,2841,88.8125,0.09504935890436172,Grad/qkv.lora_B,outputs_dev/vitb16/T=vtab_Q=3bit_L=lora_2_qkv-fc1-proj-fc2/cifar/20260114184203_default_acc=53.50/tensorboard/Grad_qkv.lora_B_block_5/events.out.tfevents.1768387346.master-192-168-8-48.1680.3,qkv.lora_B,5
1768388946.3767207,2842,88.84375,0.04647822305560112,Grad/qkv.lora_B,outputs_dev/vitb16/T=vtab_Q=3bit_L=lora_2_qkv-fc1-proj-fc2/cifar/20260114184203_default_acc=53.50/tensorboard/Grad_qkv.lora_B_block_5/events.out.tfevents.1768387346.master-192-168-8-48.1680.3,qkv.lora_B,5
1768388946.771206,2843,88.875,0.08808340132236481,Grad/qkv.lora_B,outputs_dev/vitb16/T=vtab_Q=3bit_L=lora_2_qkv-fc1-proj-fc2/cifar/20260114184203_default_acc=53.50/tensorboard/Grad_qkv.lora_B_block_5/events.out.tfevents.1768387346.master-192-168-8-48.1680.3,qkv.lora_B,5
1768388947.1642272,2844,88.90625,0.07253007590770721,Grad/qkv.lora_B,outputs_dev/vitb16/T=vtab_Q=3bit_L=lora_2_qkv-fc1-proj-fc2/cifar/20260114184203_default_acc=53.50/tensorboard/Grad_qkv.lora_B_block_5/events.out.tfevents.1768387346.master-192-168-8-48.1680.3,qkv.lora_B,5
1768388947.555845,2845,88.9375,0.18411210179328918,Grad/qkv.lora_B,outputs_dev/vitb16/T=vtab_Q=3bit_L=lora_2_qkv-fc1-proj-fc2/cifar/20260114184203_default_acc=53.50/tensorboard/Grad_qkv.lora_B_block_5/events.out.tfevents.1768387346.master-192-168-8-48.1680.3,qkv.lora_B,5
1768388947.9472136,2846,88.96875,0.03942053020000458,Grad/qkv.lora_B,outputs_dev/vitb16/T=vtab_Q=3bit_L=lora_2_qkv-fc1-proj-fc2/cifar/20260114184203_default_acc=53.50/tensorboard/Grad_qkv.lora_B_block_5/events.out.tfevents.1768387346.master-192-168-8-48.1680.3,qkv.lora_B,5
1768388948.1223967,2847,89.0,0.06179560348391533,Grad/qkv.lora_B,outputs_dev/vitb16/T=vtab_Q=3bit_L=lora_2_qkv-fc1-proj-fc2/cifar/20260114184203_default_acc=53.50/tensorboard/Grad_qkv.lora_B_block_5/events.out.tfevents.1768387346.master-192-168-8-48.1680.3,qkv.lora_B,5
1768388948.7787504,2848,89.03125,0.05560734122991562,Grad/qkv.lora_B,outputs_dev/vitb16/T=vtab_Q=3bit_L=lora_2_qkv-fc1-proj-fc2/cifar/20260114184203_default_acc=53.50/tensorboard/Grad_qkv.lora_B_block_5/events.out.tfevents.1768387346.master-192-168-8-48.1680.3,qkv.lora_B,5
1768388949.1867564,2849,89.0625,0.025338752195239067,Grad/qkv.lora_B,outputs_dev/vitb16/T=vtab_Q=3bit_L=lora_2_qkv-fc1-proj-fc2/cifar/20260114184203_default_acc=53.50/tensorboard/Grad_qkv.lora_B_block_5/events.out.tfevents.1768387346.master-192-168-8-48.1680.3,qkv.lora_B,5
1768388949.5842834,2850,89.09375,0.06340619921684265,Grad/qkv.lora_B,outputs_dev/vitb16/T=vtab_Q=3bit_L=lora_2_qkv-fc1-proj-fc2/cifar/20260114184203_default_acc=53.50/tensorboard/Grad_qkv.lora_B_block_5/events.out.tfevents.1768387346.master-192-168-8-48.1680.3,qkv.lora_B,5
1768388949.9962125,2851,89.125,0.06165032833814621,Grad/qkv.lora_B,outputs_dev/vitb16/T=vtab_Q=3bit_L=lora_2_qkv-fc1-proj-fc2/cifar/20260114184203_default_acc=53.50/tensorboard/Grad_qkv.lora_B_block_5/events.out.tfevents.1768387346.master-192-168-8-48.1680.3,qkv.lora_B,5
1768388950.3920457,2852,89.15625,0.1233246922492981,Grad/qkv.lora_B,outputs_dev/vitb16/T=vtab_Q=3bit_L=lora_2_qkv-fc1-proj-fc2/cifar/20260114184203_default_acc=53.50/tensorboard/Grad_qkv.lora_B_block_5/events.out.tfevents.1768387346.master-192-168-8-48.1680.3,qkv.lora_B,5
1768388950.7983463,2853,89.1875,0.04646778479218483,Grad/qkv.lora_B,outputs_dev/vitb16/T=vtab_Q=3bit_L=lora_2_qkv-fc1-proj-fc2/cifar/20260114184203_default_acc=53.50/tensorboard/Grad_qkv.lora_B_block_5/events.out.tfevents.1768387346.master-192-168-8-48.1680.3,qkv.lora_B,5
1768388951.2088122,2854,89.21875,0.05892867222428322,Grad/qkv.lora_B,outputs_dev/vitb16/T=vtab_Q=3bit_L=lora_2_qkv-fc1-proj-fc2/cifar/20260114184203_default_acc=53.50/tensorboard/Grad_qkv.lora_B_block_5/events.out.tfevents.1768387346.master-192-168-8-48.1680.3,qkv.lora_B,5
1768388951.6176803,2855,89.25,0.04187385365366936,Grad/qkv.lora_B,outputs_dev/vitb16/T=vtab_Q=3bit_L=lora_2_qkv-fc1-proj-fc2/cifar/20260114184203_default_acc=53.50/tensorboard/Grad_qkv.lora_B_block_5/events.out.tfevents.1768387346.master-192-168-8-48.1680.3,qkv.lora_B,5
1768388952.0213785,2856,89.28125,0.014789698645472527,Grad/qkv.lora_B,outputs_dev/vitb16/T=vtab_Q=3bit_L=lora_2_qkv-fc1-proj-fc2/cifar/20260114184203_default_acc=53.50/tensorboard/Grad_qkv.lora_B_block_5/events.out.tfevents.1768387346.master-192-168-8-48.1680.3,qkv.lora_B,5
1768388952.4160733,2857,89.3125,0.09000030905008316,Grad/qkv.lora_B,outputs_dev/vitb16/T=vtab_Q=3bit_L=lora_2_qkv-fc1-proj-fc2/cifar/20260114184203_default_acc=53.50/tensorboard/Grad_qkv.lora_B_block_5/events.out.tfevents.1768387346.master-192-168-8-48.1680.3,qkv.lora_B,5
1768388952.8088818,2858,89.34375,0.1815907508134842,Grad/qkv.lora_B,outputs_dev/vitb16/T=vtab_Q=3bit_L=lora_2_qkv-fc1-proj-fc2/cifar/20260114184203_default_acc=53.50/tensorboard/Grad_qkv.lora_B_block_5/events.out.tfevents.1768387346.master-192-168-8-48.1680.3,qkv.lora_B,5
1768388953.2045677,2859,89.375,0.1394655555486679,Grad/qkv.lora_B,outputs_dev/vitb16/T=vtab_Q=3bit_L=lora_2_qkv-fc1-proj-fc2/cifar/20260114184203_default_acc=53.50/tensorboard/Grad_qkv.lora_B_block_5/events.out.tfevents.1768387346.master-192-168-8-48.1680.3,qkv.lora_B,5
1768388953.5983055,2860,89.40625,0.041403014212846756,Grad/qkv.lora_B,outputs_dev/vitb16/T=vtab_Q=3bit_L=lora_2_qkv-fc1-proj-fc2/cifar/20260114184203_default_acc=53.50/tensorboard/Grad_qkv.lora_B_block_5/events.out.tfevents.1768387346.master-192-168-8-48.1680.3,qkv.lora_B,5
1768388953.9788706,2861,89.4375,0.018285127356648445,Grad/qkv.lora_B,outputs_dev/vitb16/T=vtab_Q=3bit_L=lora_2_qkv-fc1-proj-fc2/cifar/20260114184203_default_acc=53.50/tensorboard/Grad_qkv.lora_B_block_5/events.out.tfevents.1768387346.master-192-168-8-48.1680.3,qkv.lora_B,5
1768388954.3655043,2862,89.46875,0.1582385152578354,Grad/qkv.lora_B,outputs_dev/vitb16/T=vtab_Q=3bit_L=lora_2_qkv-fc1-proj-fc2/cifar/20260114184203_default_acc=53.50/tensorboard/Grad_qkv.lora_B_block_5/events.out.tfevents.1768387346.master-192-168-8-48.1680.3,qkv.lora_B,5
1768388954.7602587,2863,89.5,0.042143430560827255,Grad/qkv.lora_B,outputs_dev/vitb16/T=vtab_Q=3bit_L=lora_2_qkv-fc1-proj-fc2/cifar/20260114184203_default_acc=53.50/tensorboard/Grad_qkv.lora_B_block_5/events.out.tfevents.1768387346.master-192-168-8-48.1680.3,qkv.lora_B,5
1768388955.1662457,2864,89.53125,0.02161826379597187,Grad/qkv.lora_B,outputs_dev/vitb16/T=vtab_Q=3bit_L=lora_2_qkv-fc1-proj-fc2/cifar/20260114184203_default_acc=53.50/tensorboard/Grad_qkv.lora_B_block_5/events.out.tfevents.1768387346.master-192-168-8-48.1680.3,qkv.lora_B,5
1768388955.5929768,2865,89.5625,0.03739377483725548,Grad/qkv.lora_B,outputs_dev/vitb16/T=vtab_Q=3bit_L=lora_2_qkv-fc1-proj-fc2/cifar/20260114184203_default_acc=53.50/tensorboard/Grad_qkv.lora_B_block_5/events.out.tfevents.1768387346.master-192-168-8-48.1680.3,qkv.lora_B,5
1768388956.003266,2866,89.59375,0.06793084740638733,Grad/qkv.lora_B,outputs_dev/vitb16/T=vtab_Q=3bit_L=lora_2_qkv-fc1-proj-fc2/cifar/20260114184203_default_acc=53.50/tensorboard/Grad_qkv.lora_B_block_5/events.out.tfevents.1768387346.master-192-168-8-48.1680.3,qkv.lora_B,5
1768388956.396437,2867,89.625,0.023718170821666718,Grad/qkv.lora_B,outputs_dev/vitb16/T=vtab_Q=3bit_L=lora_2_qkv-fc1-proj-fc2/cifar/20260114184203_default_acc=53.50/tensorboard/Grad_qkv.lora_B_block_5/events.out.tfevents.1768387346.master-192-168-8-48.1680.3,qkv.lora_B,5
1768388956.7874286,2868,89.65625,0.10744307190179825,Grad/qkv.lora_B,outputs_dev/vitb16/T=vtab_Q=3bit_L=lora_2_qkv-fc1-proj-fc2/cifar/20260114184203_default_acc=53.50/tensorboard/Grad_qkv.lora_B_block_5/events.out.tfevents.1768387346.master-192-168-8-48.1680.3,qkv.lora_B,5
1768388957.1832502,2869,89.6875,0.023754220455884933,Grad/qkv.lora_B,outputs_dev/vitb16/T=vtab_Q=3bit_L=lora_2_qkv-fc1-proj-fc2/cifar/20260114184203_default_acc=53.50/tensorboard/Grad_qkv.lora_B_block_5/events.out.tfevents.1768387346.master-192-168-8-48.1680.3,qkv.lora_B,5
1768388957.5746052,2870,89.71875,0.059096626937389374,Grad/qkv.lora_B,outputs_dev/vitb16/T=vtab_Q=3bit_L=lora_2_qkv-fc1-proj-fc2/cifar/20260114184203_default_acc=53.50/tensorboard/Grad_qkv.lora_B_block_5/events.out.tfevents.1768387346.master-192-168-8-48.1680.3,qkv.lora_B,5
1768388957.9676511,2871,89.75,0.04417496547102928,Grad/qkv.lora_B,outputs_dev/vitb16/T=vtab_Q=3bit_L=lora_2_qkv-fc1-proj-fc2/cifar/20260114184203_default_acc=53.50/tensorboard/Grad_qkv.lora_B_block_5/events.out.tfevents.1768387346.master-192-168-8-48.1680.3,qkv.lora_B,5
1768388958.360564,2872,89.78125,0.13150164484977722,Grad/qkv.lora_B,outputs_dev/vitb16/T=vtab_Q=3bit_L=lora_2_qkv-fc1-proj-fc2/cifar/20260114184203_default_acc=53.50/tensorboard/Grad_qkv.lora_B_block_5/events.out.tfevents.1768387346.master-192-168-8-48.1680.3,qkv.lora_B,5
1768388958.7516425,2873,89.8125,0.05505088344216347,Grad/qkv.lora_B,outputs_dev/vitb16/T=vtab_Q=3bit_L=lora_2_qkv-fc1-proj-fc2/cifar/20260114184203_default_acc=53.50/tensorboard/Grad_qkv.lora_B_block_5/events.out.tfevents.1768387346.master-192-168-8-48.1680.3,qkv.lora_B,5
1768388959.1453607,2874,89.84375,0.11625529080629349,Grad/qkv.lora_B,outputs_dev/vitb16/T=vtab_Q=3bit_L=lora_2_qkv-fc1-proj-fc2/cifar/20260114184203_default_acc=53.50/tensorboard/Grad_qkv.lora_B_block_5/events.out.tfevents.1768387346.master-192-168-8-48.1680.3,qkv.lora_B,5
1768388959.5551956,2875,89.875,0.041503727436065674,Grad/qkv.lora_B,outputs_dev/vitb16/T=vtab_Q=3bit_L=lora_2_qkv-fc1-proj-fc2/cifar/20260114184203_default_acc=53.50/tensorboard/Grad_qkv.lora_B_block_5/events.out.tfevents.1768387346.master-192-168-8-48.1680.3,qkv.lora_B,5
1768388959.9504154,2876,89.90625,0.022723352536559105,Grad/qkv.lora_B,outputs_dev/vitb16/T=vtab_Q=3bit_L=lora_2_qkv-fc1-proj-fc2/cifar/20260114184203_default_acc=53.50/tensorboard/Grad_qkv.lora_B_block_5/events.out.tfevents.1768387346.master-192-168-8-48.1680.3,qkv.lora_B,5
1768388960.3471236,2877,89.9375,0.043025657534599304,Grad/qkv.lora_B,outputs_dev/vitb16/T=vtab_Q=3bit_L=lora_2_qkv-fc1-proj-fc2/cifar/20260114184203_default_acc=53.50/tensorboard/Grad_qkv.lora_B_block_5/events.out.tfevents.1768387346.master-192-168-8-48.1680.3,qkv.lora_B,5
1768388960.7436109,2878,89.96875,0.3279793858528137,Grad/qkv.lora_B,outputs_dev/vitb16/T=vtab_Q=3bit_L=lora_2_qkv-fc1-proj-fc2/cifar/20260114184203_default_acc=53.50/tensorboard/Grad_qkv.lora_B_block_5/events.out.tfevents.1768387346.master-192-168-8-48.1680.3,qkv.lora_B,5
1768388961.049695,2879,90.0,0.09777145087718964,Grad/qkv.lora_B,outputs_dev/vitb16/T=vtab_Q=3bit_L=lora_2_qkv-fc1-proj-fc2/cifar/20260114184203_default_acc=53.50/tensorboard/Grad_qkv.lora_B_block_5/events.out.tfevents.1768387346.master-192-168-8-48.1680.3,qkv.lora_B,5
1768388961.8424811,2880,90.03125,0.0423821322619915,Grad/qkv.lora_B,outputs_dev/vitb16/T=vtab_Q=3bit_L=lora_2_qkv-fc1-proj-fc2/cifar/20260114184203_default_acc=53.50/tensorboard/Grad_qkv.lora_B_block_5/events.out.tfevents.1768387346.master-192-168-8-48.1680.3,qkv.lora_B,5
1768388962.253012,2881,90.0625,0.04513159394264221,Grad/qkv.lora_B,outputs_dev/vitb16/T=vtab_Q=3bit_L=lora_2_qkv-fc1-proj-fc2/cifar/20260114184203_default_acc=53.50/tensorboard/Grad_qkv.lora_B_block_5/events.out.tfevents.1768387346.master-192-168-8-48.1680.3,qkv.lora_B,5
1768388962.6664658,2882,90.09375,0.04307815805077553,Grad/qkv.lora_B,outputs_dev/vitb16/T=vtab_Q=3bit_L=lora_2_qkv-fc1-proj-fc2/cifar/20260114184203_default_acc=53.50/tensorboard/Grad_qkv.lora_B_block_5/events.out.tfevents.1768387346.master-192-168-8-48.1680.3,qkv.lora_B,5
1768388963.0600579,2883,90.125,0.06838624179363251,Grad/qkv.lora_B,outputs_dev/vitb16/T=vtab_Q=3bit_L=lora_2_qkv-fc1-proj-fc2/cifar/20260114184203_default_acc=53.50/tensorboard/Grad_qkv.lora_B_block_5/events.out.tfevents.1768387346.master-192-168-8-48.1680.3,qkv.lora_B,5
1768388963.4509983,2884,90.15625,0.08735985308885574,Grad/qkv.lora_B,outputs_dev/vitb16/T=vtab_Q=3bit_L=lora_2_qkv-fc1-proj-fc2/cifar/20260114184203_default_acc=53.50/tensorboard/Grad_qkv.lora_B_block_5/events.out.tfevents.1768387346.master-192-168-8-48.1680.3,qkv.lora_B,5
1768388963.841543,2885,90.1875,0.08432620018720627,Grad/qkv.lora_B,outputs_dev/vitb16/T=vtab_Q=3bit_L=lora_2_qkv-fc1-proj-fc2/cifar/20260114184203_default_acc=53.50/tensorboard/Grad_qkv.lora_B_block_5/events.out.tfevents.1768387346.master-192-168-8-48.1680.3,qkv.lora_B,5
1768388964.2348764,2886,90.21875,0.04616439715027809,Grad/qkv.lora_B,outputs_dev/vitb16/T=vtab_Q=3bit_L=lora_2_qkv-fc1-proj-fc2/cifar/20260114184203_default_acc=53.50/tensorboard/Grad_qkv.lora_B_block_5/events.out.tfevents.1768387346.master-192-168-8-48.1680.3,qkv.lora_B,5
1768388964.6257467,2887,90.25,0.04189686104655266,Grad/qkv.lora_B,outputs_dev/vitb16/T=vtab_Q=3bit_L=lora_2_qkv-fc1-proj-fc2/cifar/20260114184203_default_acc=53.50/tensorboard/Grad_qkv.lora_B_block_5/events.out.tfevents.1768387346.master-192-168-8-48.1680.3,qkv.lora_B,5
1768388965.034863,2888,90.28125,0.04653291776776314,Grad/qkv.lora_B,outputs_dev/vitb16/T=vtab_Q=3bit_L=lora_2_qkv-fc1-proj-fc2/cifar/20260114184203_default_acc=53.50/tensorboard/Grad_qkv.lora_B_block_5/events.out.tfevents.1768387346.master-192-168-8-48.1680.3,qkv.lora_B,5
1768388965.4410756,2889,90.3125,0.03480266407132149,Grad/qkv.lora_B,outputs_dev/vitb16/T=vtab_Q=3bit_L=lora_2_qkv-fc1-proj-fc2/cifar/20260114184203_default_acc=53.50/tensorboard/Grad_qkv.lora_B_block_5/events.out.tfevents.1768387346.master-192-168-8-48.1680.3,qkv.lora_B,5
1768388965.833557,2890,90.34375,0.034256044775247574,Grad/qkv.lora_B,outputs_dev/vitb16/T=vtab_Q=3bit_L=lora_2_qkv-fc1-proj-fc2/cifar/20260114184203_default_acc=53.50/tensorboard/Grad_qkv.lora_B_block_5/events.out.tfevents.1768387346.master-192-168-8-48.1680.3,qkv.lora_B,5
1768388966.2406285,2891,90.375,0.011153575964272022,Grad/qkv.lora_B,outputs_dev/vitb16/T=vtab_Q=3bit_L=lora_2_qkv-fc1-proj-fc2/cifar/20260114184203_default_acc=53.50/tensorboard/Grad_qkv.lora_B_block_5/events.out.tfevents.1768387346.master-192-168-8-48.1680.3,qkv.lora_B,5
1768388966.632481,2892,90.40625,0.04000142216682434,Grad/qkv.lora_B,outputs_dev/vitb16/T=vtab_Q=3bit_L=lora_2_qkv-fc1-proj-fc2/cifar/20260114184203_default_acc=53.50/tensorboard/Grad_qkv.lora_B_block_5/events.out.tfevents.1768387346.master-192-168-8-48.1680.3,qkv.lora_B,5
1768388967.027748,2893,90.4375,0.01964895986020565,Grad/qkv.lora_B,outputs_dev/vitb16/T=vtab_Q=3bit_L=lora_2_qkv-fc1-proj-fc2/cifar/20260114184203_default_acc=53.50/tensorboard/Grad_qkv.lora_B_block_5/events.out.tfevents.1768387346.master-192-168-8-48.1680.3,qkv.lora_B,5
1768388967.420589,2894,90.46875,0.030685629695653915,Grad/qkv.lora_B,outputs_dev/vitb16/T=vtab_Q=3bit_L=lora_2_qkv-fc1-proj-fc2/cifar/20260114184203_default_acc=53.50/tensorboard/Grad_qkv.lora_B_block_5/events.out.tfevents.1768387346.master-192-168-8-48.1680.3,qkv.lora_B,5
1768388967.8264456,2895,90.5,0.02295861206948757,Grad/qkv.lora_B,outputs_dev/vitb16/T=vtab_Q=3bit_L=lora_2_qkv-fc1-proj-fc2/cifar/20260114184203_default_acc=53.50/tensorboard/Grad_qkv.lora_B_block_5/events.out.tfevents.1768387346.master-192-168-8-48.1680.3,qkv.lora_B,5
1768388968.2193632,2896,90.53125,0.045818209648132324,Grad/qkv.lora_B,outputs_dev/vitb16/T=vtab_Q=3bit_L=lora_2_qkv-fc1-proj-fc2/cifar/20260114184203_default_acc=53.50/tensorboard/Grad_qkv.lora_B_block_5/events.out.tfevents.1768387346.master-192-168-8-48.1680.3,qkv.lora_B,5
1768388968.611501,2897,90.5625,0.03733709082007408,Grad/qkv.lora_B,outputs_dev/vitb16/T=vtab_Q=3bit_L=lora_2_qkv-fc1-proj-fc2/cifar/20260114184203_default_acc=53.50/tensorboard/Grad_qkv.lora_B_block_5/events.out.tfevents.1768387346.master-192-168-8-48.1680.3,qkv.lora_B,5
1768388969.0057912,2898,90.59375,0.021792395040392876,Grad/qkv.lora_B,outputs_dev/vitb16/T=vtab_Q=3bit_L=lora_2_qkv-fc1-proj-fc2/cifar/20260114184203_default_acc=53.50/tensorboard/Grad_qkv.lora_B_block_5/events.out.tfevents.1768387346.master-192-168-8-48.1680.3,qkv.lora_B,5
1768388969.3972368,2899,90.625,0.02051888406276703,Grad/qkv.lora_B,outputs_dev/vitb16/T=vtab_Q=3bit_L=lora_2_qkv-fc1-proj-fc2/cifar/20260114184203_default_acc=53.50/tensorboard/Grad_qkv.lora_B_block_5/events.out.tfevents.1768387346.master-192-168-8-48.1680.3,qkv.lora_B,5
1768388969.7958424,2900,90.65625,0.037384334951639175,Grad/qkv.lora_B,outputs_dev/vitb16/T=vtab_Q=3bit_L=lora_2_qkv-fc1-proj-fc2/cifar/20260114184203_default_acc=53.50/tensorboard/Grad_qkv.lora_B_block_5/events.out.tfevents.1768387346.master-192-168-8-48.1680.3,qkv.lora_B,5
1768388970.2063096,2901,90.6875,0.151024729013443,Grad/qkv.lora_B,outputs_dev/vitb16/T=vtab_Q=3bit_L=lora_2_qkv-fc1-proj-fc2/cifar/20260114184203_default_acc=53.50/tensorboard/Grad_qkv.lora_B_block_5/events.out.tfevents.1768387346.master-192-168-8-48.1680.3,qkv.lora_B,5
1768388970.600641,2902,90.71875,0.5401626229286194,Grad/qkv.lora_B,outputs_dev/vitb16/T=vtab_Q=3bit_L=lora_2_qkv-fc1-proj-fc2/cifar/20260114184203_default_acc=53.50/tensorboard/Grad_qkv.lora_B_block_5/events.out.tfevents.1768387346.master-192-168-8-48.1680.3,qkv.lora_B,5
1768388971.0028813,2903,90.75,0.019050434231758118,Grad/qkv.lora_B,outputs_dev/vitb16/T=vtab_Q=3bit_L=lora_2_qkv-fc1-proj-fc2/cifar/20260114184203_default_acc=53.50/tensorboard/Grad_qkv.lora_B_block_5/events.out.tfevents.1768387346.master-192-168-8-48.1680.3,qkv.lora_B,5
1768388971.4120843,2904,90.78125,0.02265765517950058,Grad/qkv.lora_B,outputs_dev/vitb16/T=vtab_Q=3bit_L=lora_2_qkv-fc1-proj-fc2/cifar/20260114184203_default_acc=53.50/tensorboard/Grad_qkv.lora_B_block_5/events.out.tfevents.1768387346.master-192-168-8-48.1680.3,qkv.lora_B,5
1768388971.807809,2905,90.8125,0.02659178338944912,Grad/qkv.lora_B,outputs_dev/vitb16/T=vtab_Q=3bit_L=lora_2_qkv-fc1-proj-fc2/cifar/20260114184203_default_acc=53.50/tensorboard/Grad_qkv.lora_B_block_5/events.out.tfevents.1768387346.master-192-168-8-48.1680.3,qkv.lora_B,5
1768388972.2060053,2906,90.84375,0.029248211532831192,Grad/qkv.lora_B,outputs_dev/vitb16/T=vtab_Q=3bit_L=lora_2_qkv-fc1-proj-fc2/cifar/20260114184203_default_acc=53.50/tensorboard/Grad_qkv.lora_B_block_5/events.out.tfevents.1768387346.master-192-168-8-48.1680.3,qkv.lora_B,5
1768388972.6092055,2907,90.875,0.082979716360569,Grad/qkv.lora_B,outputs_dev/vitb16/T=vtab_Q=3bit_L=lora_2_qkv-fc1-proj-fc2/cifar/20260114184203_default_acc=53.50/tensorboard/Grad_qkv.lora_B_block_5/events.out.tfevents.1768387346.master-192-168-8-48.1680.3,qkv.lora_B,5
1768388973.0009928,2908,90.90625,0.10288824886083603,Grad/qkv.lora_B,outputs_dev/vitb16/T=vtab_Q=3bit_L=lora_2_qkv-fc1-proj-fc2/cifar/20260114184203_default_acc=53.50/tensorboard/Grad_qkv.lora_B_block_5/events.out.tfevents.1768387346.master-192-168-8-48.1680.3,qkv.lora_B,5
1768388973.4155586,2909,90.9375,0.04078111797571182,Grad/qkv.lora_B,outputs_dev/vitb16/T=vtab_Q=3bit_L=lora_2_qkv-fc1-proj-fc2/cifar/20260114184203_default_acc=53.50/tensorboard/Grad_qkv.lora_B_block_5/events.out.tfevents.1768387346.master-192-168-8-48.1680.3,qkv.lora_B,5
1768388973.8276134,2910,90.96875,0.06720924377441406,Grad/qkv.lora_B,outputs_dev/vitb16/T=vtab_Q=3bit_L=lora_2_qkv-fc1-proj-fc2/cifar/20260114184203_default_acc=53.50/tensorboard/Grad_qkv.lora_B_block_5/events.out.tfevents.1768387346.master-192-168-8-48.1680.3,qkv.lora_B,5
1768388974.0512788,2911,91.0,0.046095795929431915,Grad/qkv.lora_B,outputs_dev/vitb16/T=vtab_Q=3bit_L=lora_2_qkv-fc1-proj-fc2/cifar/20260114184203_default_acc=53.50/tensorboard/Grad_qkv.lora_B_block_5/events.out.tfevents.1768387346.master-192-168-8-48.1680.3,qkv.lora_B,5
1768389010.3851893,2912,91.03125,0.054572660475969315,Grad/qkv.lora_B,outputs_dev/vitb16/T=vtab_Q=3bit_L=lora_2_qkv-fc1-proj-fc2/cifar/20260114184203_default_acc=53.50/tensorboard/Grad_qkv.lora_B_block_5/events.out.tfevents.1768387346.master-192-168-8-48.1680.3,qkv.lora_B,5
1768389010.79646,2913,91.0625,0.0600576251745224,Grad/qkv.lora_B,outputs_dev/vitb16/T=vtab_Q=3bit_L=lora_2_qkv-fc1-proj-fc2/cifar/20260114184203_default_acc=53.50/tensorboard/Grad_qkv.lora_B_block_5/events.out.tfevents.1768387346.master-192-168-8-48.1680.3,qkv.lora_B,5
1768389011.1933148,2914,91.09375,0.029955381527543068,Grad/qkv.lora_B,outputs_dev/vitb16/T=vtab_Q=3bit_L=lora_2_qkv-fc1-proj-fc2/cifar/20260114184203_default_acc=53.50/tensorboard/Grad_qkv.lora_B_block_5/events.out.tfevents.1768387346.master-192-168-8-48.1680.3,qkv.lora_B,5
1768389011.5874078,2915,91.125,0.02342512458562851,Grad/qkv.lora_B,outputs_dev/vitb16/T=vtab_Q=3bit_L=lora_2_qkv-fc1-proj-fc2/cifar/20260114184203_default_acc=53.50/tensorboard/Grad_qkv.lora_B_block_5/events.out.tfevents.1768387346.master-192-168-8-48.1680.3,qkv.lora_B,5
1768389011.979187,2916,91.15625,0.30480918288230896,Grad/qkv.lora_B,outputs_dev/vitb16/T=vtab_Q=3bit_L=lora_2_qkv-fc1-proj-fc2/cifar/20260114184203_default_acc=53.50/tensorboard/Grad_qkv.lora_B_block_5/events.out.tfevents.1768387346.master-192-168-8-48.1680.3,qkv.lora_B,5
1768389012.3707075,2917,91.1875,0.1388729214668274,Grad/qkv.lora_B,outputs_dev/vitb16/T=vtab_Q=3bit_L=lora_2_qkv-fc1-proj-fc2/cifar/20260114184203_default_acc=53.50/tensorboard/Grad_qkv.lora_B_block_5/events.out.tfevents.1768387346.master-192-168-8-48.1680.3,qkv.lora_B,5
1768389012.7653303,2918,91.21875,0.4295656085014343,Grad/qkv.lora_B,outputs_dev/vitb16/T=vtab_Q=3bit_L=lora_2_qkv-fc1-proj-fc2/cifar/20260114184203_default_acc=53.50/tensorboard/Grad_qkv.lora_B_block_5/events.out.tfevents.1768387346.master-192-168-8-48.1680.3,qkv.lora_B,5
1768389013.174408,2919,91.25,0.019251864403486252,Grad/qkv.lora_B,outputs_dev/vitb16/T=vtab_Q=3bit_L=lora_2_qkv-fc1-proj-fc2/cifar/20260114184203_default_acc=53.50/tensorboard/Grad_qkv.lora_B_block_5/events.out.tfevents.1768387346.master-192-168-8-48.1680.3,qkv.lora_B,5
1768389013.5844085,2920,91.28125,0.0533914789557457,Grad/qkv.lora_B,outputs_dev/vitb16/T=vtab_Q=3bit_L=lora_2_qkv-fc1-proj-fc2/cifar/20260114184203_default_acc=53.50/tensorboard/Grad_qkv.lora_B_block_5/events.out.tfevents.1768387346.master-192-168-8-48.1680.3,qkv.lora_B,5
1768389013.980697,2921,91.3125,0.04353486746549606,Grad/qkv.lora_B,outputs_dev/vitb16/T=vtab_Q=3bit_L=lora_2_qkv-fc1-proj-fc2/cifar/20260114184203_default_acc=53.50/tensorboard/Grad_qkv.lora_B_block_5/events.out.tfevents.1768387346.master-192-168-8-48.1680.3,qkv.lora_B,5
1768389014.3739755,2922,91.34375,0.018591374158859253,Grad/qkv.lora_B,outputs_dev/vitb16/T=vtab_Q=3bit_L=lora_2_qkv-fc1-proj-fc2/cifar/20260114184203_default_acc=53.50/tensorboard/Grad_qkv.lora_B_block_5/events.out.tfevents.1768387346.master-192-168-8-48.1680.3,qkv.lora_B,5
1768389014.7730644,2923,91.375,0.025950487703084946,Grad/qkv.lora_B,outputs_dev/vitb16/T=vtab_Q=3bit_L=lora_2_qkv-fc1-proj-fc2/cifar/20260114184203_default_acc=53.50/tensorboard/Grad_qkv.lora_B_block_5/events.out.tfevents.1768387346.master-192-168-8-48.1680.3,qkv.lora_B,5
1768389015.1672256,2924,91.40625,0.062754787504673,Grad/qkv.lora_B,outputs_dev/vitb16/T=vtab_Q=3bit_L=lora_2_qkv-fc1-proj-fc2/cifar/20260114184203_default_acc=53.50/tensorboard/Grad_qkv.lora_B_block_5/events.out.tfevents.1768387346.master-192-168-8-48.1680.3,qkv.lora_B,5
1768389015.5630188,2925,91.4375,0.0280002374202013,Grad/qkv.lora_B,outputs_dev/vitb16/T=vtab_Q=3bit_L=lora_2_qkv-fc1-proj-fc2/cifar/20260114184203_default_acc=53.50/tensorboard/Grad_qkv.lora_B_block_5/events.out.tfevents.1768387346.master-192-168-8-48.1680.3,qkv.lora_B,5
1768389015.955295,2926,91.46875,0.023544905707240105,Grad/qkv.lora_B,outputs_dev/vitb16/T=vtab_Q=3bit_L=lora_2_qkv-fc1-proj-fc2/cifar/20260114184203_default_acc=53.50/tensorboard/Grad_qkv.lora_B_block_5/events.out.tfevents.1768387346.master-192-168-8-48.1680.3,qkv.lora_B,5
1768389016.3481846,2927,91.5,0.02807191200554371,Grad/qkv.lora_B,outputs_dev/vitb16/T=vtab_Q=3bit_L=lora_2_qkv-fc1-proj-fc2/cifar/20260114184203_default_acc=53.50/tensorboard/Grad_qkv.lora_B_block_5/events.out.tfevents.1768387346.master-192-168-8-48.1680.3,qkv.lora_B,5
1768389016.7479084,2928,91.53125,0.019490540027618408,Grad/qkv.lora_B,outputs_dev/vitb16/T=vtab_Q=3bit_L=lora_2_qkv-fc1-proj-fc2/cifar/20260114184203_default_acc=53.50/tensorboard/Grad_qkv.lora_B_block_5/events.out.tfevents.1768387346.master-192-168-8-48.1680.3,qkv.lora_B,5
1768389017.1419923,2929,91.5625,0.03496711328625679,Grad/qkv.lora_B,outputs_dev/vitb16/T=vtab_Q=3bit_L=lora_2_qkv-fc1-proj-fc2/cifar/20260114184203_default_acc=53.50/tensorboard/Grad_qkv.lora_B_block_5/events.out.tfevents.1768387346.master-192-168-8-48.1680.3,qkv.lora_B,5
1768389017.5390146,2930,91.59375,0.032693833112716675,Grad/qkv.lora_B,outputs_dev/vitb16/T=vtab_Q=3bit_L=lora_2_qkv-fc1-proj-fc2/cifar/20260114184203_default_acc=53.50/tensorboard/Grad_qkv.lora_B_block_5/events.out.tfevents.1768387346.master-192-168-8-48.1680.3,qkv.lora_B,5
1768389017.9378905,2931,91.625,0.12387010455131531,Grad/qkv.lora_B,outputs_dev/vitb16/T=vtab_Q=3bit_L=lora_2_qkv-fc1-proj-fc2/cifar/20260114184203_default_acc=53.50/tensorboard/Grad_qkv.lora_B_block_5/events.out.tfevents.1768387346.master-192-168-8-48.1680.3,qkv.lora_B,5
1768389018.330859,2932,91.65625,0.03622285649180412,Grad/qkv.lora_B,outputs_dev/vitb16/T=vtab_Q=3bit_L=lora_2_qkv-fc1-proj-fc2/cifar/20260114184203_default_acc=53.50/tensorboard/Grad_qkv.lora_B_block_5/events.out.tfevents.1768387346.master-192-168-8-48.1680.3,qkv.lora_B,5
1768389018.7170794,2933,91.6875,0.03494931012392044,Grad/qkv.lora_B,outputs_dev/vitb16/T=vtab_Q=3bit_L=lora_2_qkv-fc1-proj-fc2/cifar/20260114184203_default_acc=53.50/tensorboard/Grad_qkv.lora_B_block_5/events.out.tfevents.1768387346.master-192-168-8-48.1680.3,qkv.lora_B,5
1768389019.1215646,2934,91.71875,0.04294304922223091,Grad/qkv.lora_B,outputs_dev/vitb16/T=vtab_Q=3bit_L=lora_2_qkv-fc1-proj-fc2/cifar/20260114184203_default_acc=53.50/tensorboard/Grad_qkv.lora_B_block_5/events.out.tfevents.1768387346.master-192-168-8-48.1680.3,qkv.lora_B,5
1768389019.5289252,2935,91.75,0.026624849066138268,Grad/qkv.lora_B,outputs_dev/vitb16/T=vtab_Q=3bit_L=lora_2_qkv-fc1-proj-fc2/cifar/20260114184203_default_acc=53.50/tensorboard/Grad_qkv.lora_B_block_5/events.out.tfevents.1768387346.master-192-168-8-48.1680.3,qkv.lora_B,5
1768389019.9438274,2936,91.78125,0.13467715680599213,Grad/qkv.lora_B,outputs_dev/vitb16/T=vtab_Q=3bit_L=lora_2_qkv-fc1-proj-fc2/cifar/20260114184203_default_acc=53.50/tensorboard/Grad_qkv.lora_B_block_5/events.out.tfevents.1768387346.master-192-168-8-48.1680.3,qkv.lora_B,5
1768389020.3419333,2937,91.8125,0.023985492065548897,Grad/qkv.lora_B,outputs_dev/vitb16/T=vtab_Q=3bit_L=lora_2_qkv-fc1-proj-fc2/cifar/20260114184203_default_acc=53.50/tensorboard/Grad_qkv.lora_B_block_5/events.out.tfevents.1768387346.master-192-168-8-48.1680.3,qkv.lora_B,5
1768389020.7394176,2938,91.84375,0.014358664862811565,Grad/qkv.lora_B,outputs_dev/vitb16/T=vtab_Q=3bit_L=lora_2_qkv-fc1-proj-fc2/cifar/20260114184203_default_acc=53.50/tensorboard/Grad_qkv.lora_B_block_5/events.out.tfevents.1768387346.master-192-168-8-48.1680.3,qkv.lora_B,5
1768389021.149911,2939,91.875,0.09529466181993484,Grad/qkv.lora_B,outputs_dev/vitb16/T=vtab_Q=3bit_L=lora_2_qkv-fc1-proj-fc2/cifar/20260114184203_default_acc=53.50/tensorboard/Grad_qkv.lora_B_block_5/events.out.tfevents.1768387346.master-192-168-8-48.1680.3,qkv.lora_B,5
1768389021.5472496,2940,91.90625,0.04780146852135658,Grad/qkv.lora_B,outputs_dev/vitb16/T=vtab_Q=3bit_L=lora_2_qkv-fc1-proj-fc2/cifar/20260114184203_default_acc=53.50/tensorboard/Grad_qkv.lora_B_block_5/events.out.tfevents.1768387346.master-192-168-8-48.1680.3,qkv.lora_B,5
1768389021.9567034,2941,91.9375,0.05398855730891228,Grad/qkv.lora_B,outputs_dev/vitb16/T=vtab_Q=3bit_L=lora_2_qkv-fc1-proj-fc2/cifar/20260114184203_default_acc=53.50/tensorboard/Grad_qkv.lora_B_block_5/events.out.tfevents.1768387346.master-192-168-8-48.1680.3,qkv.lora_B,5
1768389022.3518398,2942,91.96875,0.029372287914156914,Grad/qkv.lora_B,outputs_dev/vitb16/T=vtab_Q=3bit_L=lora_2_qkv-fc1-proj-fc2/cifar/20260114184203_default_acc=53.50/tensorboard/Grad_qkv.lora_B_block_5/events.out.tfevents.1768387346.master-192-168-8-48.1680.3,qkv.lora_B,5
1768389022.5501735,2943,92.0,0.4341980218887329,Grad/qkv.lora_B,outputs_dev/vitb16/T=vtab_Q=3bit_L=lora_2_qkv-fc1-proj-fc2/cifar/20260114184203_default_acc=53.50/tensorboard/Grad_qkv.lora_B_block_5/events.out.tfevents.1768387346.master-192-168-8-48.1680.3,qkv.lora_B,5
1768389023.209674,2944,92.03125,0.024457814171910286,Grad/qkv.lora_B,outputs_dev/vitb16/T=vtab_Q=3bit_L=lora_2_qkv-fc1-proj-fc2/cifar/20260114184203_default_acc=53.50/tensorboard/Grad_qkv.lora_B_block_5/events.out.tfevents.1768387346.master-192-168-8-48.1680.3,qkv.lora_B,5
1768389023.6245003,2945,92.0625,0.03598359227180481,Grad/qkv.lora_B,outputs_dev/vitb16/T=vtab_Q=3bit_L=lora_2_qkv-fc1-proj-fc2/cifar/20260114184203_default_acc=53.50/tensorboard/Grad_qkv.lora_B_block_5/events.out.tfevents.1768387346.master-192-168-8-48.1680.3,qkv.lora_B,5
1768389024.0191252,2946,92.09375,0.09274832904338837,Grad/qkv.lora_B,outputs_dev/vitb16/T=vtab_Q=3bit_L=lora_2_qkv-fc1-proj-fc2/cifar/20260114184203_default_acc=53.50/tensorboard/Grad_qkv.lora_B_block_5/events.out.tfevents.1768387346.master-192-168-8-48.1680.3,qkv.lora_B,5
1768389024.4110165,2947,92.125,0.014249287545681,Grad/qkv.lora_B,outputs_dev/vitb16/T=vtab_Q=3bit_L=lora_2_qkv-fc1-proj-fc2/cifar/20260114184203_default_acc=53.50/tensorboard/Grad_qkv.lora_B_block_5/events.out.tfevents.1768387346.master-192-168-8-48.1680.3,qkv.lora_B,5
1768389024.8025098,2948,92.15625,0.03657268360257149,Grad/qkv.lora_B,outputs_dev/vitb16/T=vtab_Q=3bit_L=lora_2_qkv-fc1-proj-fc2/cifar/20260114184203_default_acc=53.50/tensorboard/Grad_qkv.lora_B_block_5/events.out.tfevents.1768387346.master-192-168-8-48.1680.3,qkv.lora_B,5
1768389025.1958694,2949,92.1875,0.029399603605270386,Grad/qkv.lora_B,outputs_dev/vitb16/T=vtab_Q=3bit_L=lora_2_qkv-fc1-proj-fc2/cifar/20260114184203_default_acc=53.50/tensorboard/Grad_qkv.lora_B_block_5/events.out.tfevents.1768387346.master-192-168-8-48.1680.3,qkv.lora_B,5
1768389025.5896091,2950,92.21875,0.03386769816279411,Grad/qkv.lora_B,outputs_dev/vitb16/T=vtab_Q=3bit_L=lora_2_qkv-fc1-proj-fc2/cifar/20260114184203_default_acc=53.50/tensorboard/Grad_qkv.lora_B_block_5/events.out.tfevents.1768387346.master-192-168-8-48.1680.3,qkv.lora_B,5
1768389025.9820557,2951,92.25,0.2412959486246109,Grad/qkv.lora_B,outputs_dev/vitb16/T=vtab_Q=3bit_L=lora_2_qkv-fc1-proj-fc2/cifar/20260114184203_default_acc=53.50/tensorboard/Grad_qkv.lora_B_block_5/events.out.tfevents.1768387346.master-192-168-8-48.1680.3,qkv.lora_B,5
1768389026.3763971,2952,92.28125,0.05139925330877304,Grad/qkv.lora_B,outputs_dev/vitb16/T=vtab_Q=3bit_L=lora_2_qkv-fc1-proj-fc2/cifar/20260114184203_default_acc=53.50/tensorboard/Grad_qkv.lora_B_block_5/events.out.tfevents.1768387346.master-192-168-8-48.1680.3,qkv.lora_B,5
1768389026.823493,2953,92.3125,0.044081974774599075,Grad/qkv.lora_B,outputs_dev/vitb16/T=vtab_Q=3bit_L=lora_2_qkv-fc1-proj-fc2/cifar/20260114184203_default_acc=53.50/tensorboard/Grad_qkv.lora_B_block_5/events.out.tfevents.1768387346.master-192-168-8-48.1680.3,qkv.lora_B,5
1768389027.235376,2954,92.34375,0.08175689727067947,Grad/qkv.lora_B,outputs_dev/vitb16/T=vtab_Q=3bit_L=lora_2_qkv-fc1-proj-fc2/cifar/20260114184203_default_acc=53.50/tensorboard/Grad_qkv.lora_B_block_5/events.out.tfevents.1768387346.master-192-168-8-48.1680.3,qkv.lora_B,5
1768389027.6601396,2955,92.375,0.02006347104907036,Grad/qkv.lora_B,outputs_dev/vitb16/T=vtab_Q=3bit_L=lora_2_qkv-fc1-proj-fc2/cifar/20260114184203_default_acc=53.50/tensorboard/Grad_qkv.lora_B_block_5/events.out.tfevents.1768387346.master-192-168-8-48.1680.3,qkv.lora_B,5
1768389028.0803654,2956,92.40625,0.02428758330643177,Grad/qkv.lora_B,outputs_dev/vitb16/T=vtab_Q=3bit_L=lora_2_qkv-fc1-proj-fc2/cifar/20260114184203_default_acc=53.50/tensorboard/Grad_qkv.lora_B_block_5/events.out.tfevents.1768387346.master-192-168-8-48.1680.3,qkv.lora_B,5
1768389028.488297,2957,92.4375,0.2752147614955902,Grad/qkv.lora_B,outputs_dev/vitb16/T=vtab_Q=3bit_L=lora_2_qkv-fc1-proj-fc2/cifar/20260114184203_default_acc=53.50/tensorboard/Grad_qkv.lora_B_block_5/events.out.tfevents.1768387346.master-192-168-8-48.1680.3,qkv.lora_B,5
1768389028.893399,2958,92.46875,0.03474507853388786,Grad/qkv.lora_B,outputs_dev/vitb16/T=vtab_Q=3bit_L=lora_2_qkv-fc1-proj-fc2/cifar/20260114184203_default_acc=53.50/tensorboard/Grad_qkv.lora_B_block_5/events.out.tfevents.1768387346.master-192-168-8-48.1680.3,qkv.lora_B,5
1768389029.292418,2959,92.5,0.055202022194862366,Grad/qkv.lora_B,outputs_dev/vitb16/T=vtab_Q=3bit_L=lora_2_qkv-fc1-proj-fc2/cifar/20260114184203_default_acc=53.50/tensorboard/Grad_qkv.lora_B_block_5/events.out.tfevents.1768387346.master-192-168-8-48.1680.3,qkv.lora_B,5
1768389029.6765807,2960,92.53125,0.074730783700943,Grad/qkv.lora_B,outputs_dev/vitb16/T=vtab_Q=3bit_L=lora_2_qkv-fc1-proj-fc2/cifar/20260114184203_default_acc=53.50/tensorboard/Grad_qkv.lora_B_block_5/events.out.tfevents.1768387346.master-192-168-8-48.1680.3,qkv.lora_B,5
1768389030.059643,2961,92.5625,0.08185666054487228,Grad/qkv.lora_B,outputs_dev/vitb16/T=vtab_Q=3bit_L=lora_2_qkv-fc1-proj-fc2/cifar/20260114184203_default_acc=53.50/tensorboard/Grad_qkv.lora_B_block_5/events.out.tfevents.1768387346.master-192-168-8-48.1680.3,qkv.lora_B,5
1768389030.4487994,2962,92.59375,0.04025879129767418,Grad/qkv.lora_B,outputs_dev/vitb16/T=vtab_Q=3bit_L=lora_2_qkv-fc1-proj-fc2/cifar/20260114184203_default_acc=53.50/tensorboard/Grad_qkv.lora_B_block_5/events.out.tfevents.1768387346.master-192-168-8-48.1680.3,qkv.lora_B,5
1768389030.835818,2963,92.625,0.10598042607307434,Grad/qkv.lora_B,outputs_dev/vitb16/T=vtab_Q=3bit_L=lora_2_qkv-fc1-proj-fc2/cifar/20260114184203_default_acc=53.50/tensorboard/Grad_qkv.lora_B_block_5/events.out.tfevents.1768387346.master-192-168-8-48.1680.3,qkv.lora_B,5
1768389031.2306888,2964,92.65625,0.03984672948718071,Grad/qkv.lora_B,outputs_dev/vitb16/T=vtab_Q=3bit_L=lora_2_qkv-fc1-proj-fc2/cifar/20260114184203_default_acc=53.50/tensorboard/Grad_qkv.lora_B_block_5/events.out.tfevents.1768387346.master-192-168-8-48.1680.3,qkv.lora_B,5
1768389031.6190236,2965,92.6875,0.04683054983615875,Grad/qkv.lora_B,outputs_dev/vitb16/T=vtab_Q=3bit_L=lora_2_qkv-fc1-proj-fc2/cifar/20260114184203_default_acc=53.50/tensorboard/Grad_qkv.lora_B_block_5/events.out.tfevents.1768387346.master-192-168-8-48.1680.3,qkv.lora_B,5
1768389032.005409,2966,92.71875,0.030374454334378242,Grad/qkv.lora_B,outputs_dev/vitb16/T=vtab_Q=3bit_L=lora_2_qkv-fc1-proj-fc2/cifar/20260114184203_default_acc=53.50/tensorboard/Grad_qkv.lora_B_block_5/events.out.tfevents.1768387346.master-192-168-8-48.1680.3,qkv.lora_B,5
1768389032.392201,2967,92.75,0.04238837584853172,Grad/qkv.lora_B,outputs_dev/vitb16/T=vtab_Q=3bit_L=lora_2_qkv-fc1-proj-fc2/cifar/20260114184203_default_acc=53.50/tensorboard/Grad_qkv.lora_B_block_5/events.out.tfevents.1768387346.master-192-168-8-48.1680.3,qkv.lora_B,5
1768389032.781331,2968,92.78125,0.08424364030361176,Grad/qkv.lora_B,outputs_dev/vitb16/T=vtab_Q=3bit_L=lora_2_qkv-fc1-proj-fc2/cifar/20260114184203_default_acc=53.50/tensorboard/Grad_qkv.lora_B_block_5/events.out.tfevents.1768387346.master-192-168-8-48.1680.3,qkv.lora_B,5
1768389033.1678088,2969,92.8125,0.058539167046546936,Grad/qkv.lora_B,outputs_dev/vitb16/T=vtab_Q=3bit_L=lora_2_qkv-fc1-proj-fc2/cifar/20260114184203_default_acc=53.50/tensorboard/Grad_qkv.lora_B_block_5/events.out.tfevents.1768387346.master-192-168-8-48.1680.3,qkv.lora_B,5
1768389033.5513,2970,92.84375,0.08885927498340607,Grad/qkv.lora_B,outputs_dev/vitb16/T=vtab_Q=3bit_L=lora_2_qkv-fc1-proj-fc2/cifar/20260114184203_default_acc=53.50/tensorboard/Grad_qkv.lora_B_block_5/events.out.tfevents.1768387346.master-192-168-8-48.1680.3,qkv.lora_B,5
1768389033.9293532,2971,92.875,0.26172295212745667,Grad/qkv.lora_B,outputs_dev/vitb16/T=vtab_Q=3bit_L=lora_2_qkv-fc1-proj-fc2/cifar/20260114184203_default_acc=53.50/tensorboard/Grad_qkv.lora_B_block_5/events.out.tfevents.1768387346.master-192-168-8-48.1680.3,qkv.lora_B,5
1768389034.315654,2972,92.90625,0.06274313479661942,Grad/qkv.lora_B,outputs_dev/vitb16/T=vtab_Q=3bit_L=lora_2_qkv-fc1-proj-fc2/cifar/20260114184203_default_acc=53.50/tensorboard/Grad_qkv.lora_B_block_5/events.out.tfevents.1768387346.master-192-168-8-48.1680.3,qkv.lora_B,5
1768389034.7002015,2973,92.9375,0.01698872074484825,Grad/qkv.lora_B,outputs_dev/vitb16/T=vtab_Q=3bit_L=lora_2_qkv-fc1-proj-fc2/cifar/20260114184203_default_acc=53.50/tensorboard/Grad_qkv.lora_B_block_5/events.out.tfevents.1768387346.master-192-168-8-48.1680.3,qkv.lora_B,5
1768389035.0968575,2974,92.96875,0.08517476171255112,Grad/qkv.lora_B,outputs_dev/vitb16/T=vtab_Q=3bit_L=lora_2_qkv-fc1-proj-fc2/cifar/20260114184203_default_acc=53.50/tensorboard/Grad_qkv.lora_B_block_5/events.out.tfevents.1768387346.master-192-168-8-48.1680.3,qkv.lora_B,5
1768389035.276472,2975,93.0,0.05777718871831894,Grad/qkv.lora_B,outputs_dev/vitb16/T=vtab_Q=3bit_L=lora_2_qkv-fc1-proj-fc2/cifar/20260114184203_default_acc=53.50/tensorboard/Grad_qkv.lora_B_block_5/events.out.tfevents.1768387346.master-192-168-8-48.1680.3,qkv.lora_B,5
1768389035.920805,2976,93.03125,0.16931280493736267,Grad/qkv.lora_B,outputs_dev/vitb16/T=vtab_Q=3bit_L=lora_2_qkv-fc1-proj-fc2/cifar/20260114184203_default_acc=53.50/tensorboard/Grad_qkv.lora_B_block_5/events.out.tfevents.1768387346.master-192-168-8-48.1680.3,qkv.lora_B,5
1768389036.320921,2977,93.0625,0.024622876197099686,Grad/qkv.lora_B,outputs_dev/vitb16/T=vtab_Q=3bit_L=lora_2_qkv-fc1-proj-fc2/cifar/20260114184203_default_acc=53.50/tensorboard/Grad_qkv.lora_B_block_5/events.out.tfevents.1768387346.master-192-168-8-48.1680.3,qkv.lora_B,5
1768389036.715133,2978,93.09375,0.08942057937383652,Grad/qkv.lora_B,outputs_dev/vitb16/T=vtab_Q=3bit_L=lora_2_qkv-fc1-proj-fc2/cifar/20260114184203_default_acc=53.50/tensorboard/Grad_qkv.lora_B_block_5/events.out.tfevents.1768387346.master-192-168-8-48.1680.3,qkv.lora_B,5
1768389037.1061528,2979,93.125,0.0366913266479969,Grad/qkv.lora_B,outputs_dev/vitb16/T=vtab_Q=3bit_L=lora_2_qkv-fc1-proj-fc2/cifar/20260114184203_default_acc=53.50/tensorboard/Grad_qkv.lora_B_block_5/events.out.tfevents.1768387346.master-192-168-8-48.1680.3,qkv.lora_B,5
1768389037.4965906,2980,93.15625,0.0424511544406414,Grad/qkv.lora_B,outputs_dev/vitb16/T=vtab_Q=3bit_L=lora_2_qkv-fc1-proj-fc2/cifar/20260114184203_default_acc=53.50/tensorboard/Grad_qkv.lora_B_block_5/events.out.tfevents.1768387346.master-192-168-8-48.1680.3,qkv.lora_B,5
1768389037.8900414,2981,93.1875,0.06666048616170883,Grad/qkv.lora_B,outputs_dev/vitb16/T=vtab_Q=3bit_L=lora_2_qkv-fc1-proj-fc2/cifar/20260114184203_default_acc=53.50/tensorboard/Grad_qkv.lora_B_block_5/events.out.tfevents.1768387346.master-192-168-8-48.1680.3,qkv.lora_B,5
1768389038.2817755,2982,93.21875,0.029252037405967712,Grad/qkv.lora_B,outputs_dev/vitb16/T=vtab_Q=3bit_L=lora_2_qkv-fc1-proj-fc2/cifar/20260114184203_default_acc=53.50/tensorboard/Grad_qkv.lora_B_block_5/events.out.tfevents.1768387346.master-192-168-8-48.1680.3,qkv.lora_B,5
1768389038.6727574,2983,93.25,0.07601063698530197,Grad/qkv.lora_B,outputs_dev/vitb16/T=vtab_Q=3bit_L=lora_2_qkv-fc1-proj-fc2/cifar/20260114184203_default_acc=53.50/tensorboard/Grad_qkv.lora_B_block_5/events.out.tfevents.1768387346.master-192-168-8-48.1680.3,qkv.lora_B,5
1768389039.0646377,2984,93.28125,0.07553330808877945,Grad/qkv.lora_B,outputs_dev/vitb16/T=vtab_Q=3bit_L=lora_2_qkv-fc1-proj-fc2/cifar/20260114184203_default_acc=53.50/tensorboard/Grad_qkv.lora_B_block_5/events.out.tfevents.1768387346.master-192-168-8-48.1680.3,qkv.lora_B,5
1768389039.456488,2985,93.3125,0.029380936175584793,Grad/qkv.lora_B,outputs_dev/vitb16/T=vtab_Q=3bit_L=lora_2_qkv-fc1-proj-fc2/cifar/20260114184203_default_acc=53.50/tensorboard/Grad_qkv.lora_B_block_5/events.out.tfevents.1768387346.master-192-168-8-48.1680.3,qkv.lora_B,5
1768389039.8479738,2986,93.34375,0.03405888378620148,Grad/qkv.lora_B,outputs_dev/vitb16/T=vtab_Q=3bit_L=lora_2_qkv-fc1-proj-fc2/cifar/20260114184203_default_acc=53.50/tensorboard/Grad_qkv.lora_B_block_5/events.out.tfevents.1768387346.master-192-168-8-48.1680.3,qkv.lora_B,5
1768389040.245113,2987,93.375,0.06680676341056824,Grad/qkv.lora_B,outputs_dev/vitb16/T=vtab_Q=3bit_L=lora_2_qkv-fc1-proj-fc2/cifar/20260114184203_default_acc=53.50/tensorboard/Grad_qkv.lora_B_block_5/events.out.tfevents.1768387346.master-192-168-8-48.1680.3,qkv.lora_B,5
1768389040.6637917,2988,93.40625,0.044376298785209656,Grad/qkv.lora_B,outputs_dev/vitb16/T=vtab_Q=3bit_L=lora_2_qkv-fc1-proj-fc2/cifar/20260114184203_default_acc=53.50/tensorboard/Grad_qkv.lora_B_block_5/events.out.tfevents.1768387346.master-192-168-8-48.1680.3,qkv.lora_B,5
1768389041.0770087,2989,93.4375,0.02685815468430519,Grad/qkv.lora_B,outputs_dev/vitb16/T=vtab_Q=3bit_L=lora_2_qkv-fc1-proj-fc2/cifar/20260114184203_default_acc=53.50/tensorboard/Grad_qkv.lora_B_block_5/events.out.tfevents.1768387346.master-192-168-8-48.1680.3,qkv.lora_B,5
1768389041.4744508,2990,93.46875,0.21584990620613098,Grad/qkv.lora_B,outputs_dev/vitb16/T=vtab_Q=3bit_L=lora_2_qkv-fc1-proj-fc2/cifar/20260114184203_default_acc=53.50/tensorboard/Grad_qkv.lora_B_block_5/events.out.tfevents.1768387346.master-192-168-8-48.1680.3,qkv.lora_B,5
1768389041.87435,2991,93.5,0.06848791241645813,Grad/qkv.lora_B,outputs_dev/vitb16/T=vtab_Q=3bit_L=lora_2_qkv-fc1-proj-fc2/cifar/20260114184203_default_acc=53.50/tensorboard/Grad_qkv.lora_B_block_5/events.out.tfevents.1768387346.master-192-168-8-48.1680.3,qkv.lora_B,5
1768389042.2642918,2992,93.53125,0.19718274474143982,Grad/qkv.lora_B,outputs_dev/vitb16/T=vtab_Q=3bit_L=lora_2_qkv-fc1-proj-fc2/cifar/20260114184203_default_acc=53.50/tensorboard/Grad_qkv.lora_B_block_5/events.out.tfevents.1768387346.master-192-168-8-48.1680.3,qkv.lora_B,5
1768389042.6504867,2993,93.5625,0.026720775291323662,Grad/qkv.lora_B,outputs_dev/vitb16/T=vtab_Q=3bit_L=lora_2_qkv-fc1-proj-fc2/cifar/20260114184203_default_acc=53.50/tensorboard/Grad_qkv.lora_B_block_5/events.out.tfevents.1768387346.master-192-168-8-48.1680.3,qkv.lora_B,5
1768389043.0345795,2994,93.59375,0.028768884018063545,Grad/qkv.lora_B,outputs_dev/vitb16/T=vtab_Q=3bit_L=lora_2_qkv-fc1-proj-fc2/cifar/20260114184203_default_acc=53.50/tensorboard/Grad_qkv.lora_B_block_5/events.out.tfevents.1768387346.master-192-168-8-48.1680.3,qkv.lora_B,5
1768389043.4180121,2995,93.625,0.040379367768764496,Grad/qkv.lora_B,outputs_dev/vitb16/T=vtab_Q=3bit_L=lora_2_qkv-fc1-proj-fc2/cifar/20260114184203_default_acc=53.50/tensorboard/Grad_qkv.lora_B_block_5/events.out.tfevents.1768387346.master-192-168-8-48.1680.3,qkv.lora_B,5
1768389043.82077,2996,93.65625,0.031244980171322823,Grad/qkv.lora_B,outputs_dev/vitb16/T=vtab_Q=3bit_L=lora_2_qkv-fc1-proj-fc2/cifar/20260114184203_default_acc=53.50/tensorboard/Grad_qkv.lora_B_block_5/events.out.tfevents.1768387346.master-192-168-8-48.1680.3,qkv.lora_B,5
1768389044.2176893,2997,93.6875,0.06687957793474197,Grad/qkv.lora_B,outputs_dev/vitb16/T=vtab_Q=3bit_L=lora_2_qkv-fc1-proj-fc2/cifar/20260114184203_default_acc=53.50/tensorboard/Grad_qkv.lora_B_block_5/events.out.tfevents.1768387346.master-192-168-8-48.1680.3,qkv.lora_B,5
1768389044.6385064,2998,93.71875,0.10174519568681717,Grad/qkv.lora_B,outputs_dev/vitb16/T=vtab_Q=3bit_L=lora_2_qkv-fc1-proj-fc2/cifar/20260114184203_default_acc=53.50/tensorboard/Grad_qkv.lora_B_block_5/events.out.tfevents.1768387346.master-192-168-8-48.1680.3,qkv.lora_B,5
1768389045.0441363,2999,93.75,0.02852880395948887,Grad/qkv.lora_B,outputs_dev/vitb16/T=vtab_Q=3bit_L=lora_2_qkv-fc1-proj-fc2/cifar/20260114184203_default_acc=53.50/tensorboard/Grad_qkv.lora_B_block_5/events.out.tfevents.1768387346.master-192-168-8-48.1680.3,qkv.lora_B,5
1768389045.45045,3000,93.78125,0.026326661929488182,Grad/qkv.lora_B,outputs_dev/vitb16/T=vtab_Q=3bit_L=lora_2_qkv-fc1-proj-fc2/cifar/20260114184203_default_acc=53.50/tensorboard/Grad_qkv.lora_B_block_5/events.out.tfevents.1768387346.master-192-168-8-48.1680.3,qkv.lora_B,5
1768389045.8445103,3001,93.8125,0.029645204544067383,Grad/qkv.lora_B,outputs_dev/vitb16/T=vtab_Q=3bit_L=lora_2_qkv-fc1-proj-fc2/cifar/20260114184203_default_acc=53.50/tensorboard/Grad_qkv.lora_B_block_5/events.out.tfevents.1768387346.master-192-168-8-48.1680.3,qkv.lora_B,5
1768389046.2357466,3002,93.84375,0.022915275767445564,Grad/qkv.lora_B,outputs_dev/vitb16/T=vtab_Q=3bit_L=lora_2_qkv-fc1-proj-fc2/cifar/20260114184203_default_acc=53.50/tensorboard/Grad_qkv.lora_B_block_5/events.out.tfevents.1768387346.master-192-168-8-48.1680.3,qkv.lora_B,5
1768389046.6294308,3003,93.875,0.1745932251214981,Grad/qkv.lora_B,outputs_dev/vitb16/T=vtab_Q=3bit_L=lora_2_qkv-fc1-proj-fc2/cifar/20260114184203_default_acc=53.50/tensorboard/Grad_qkv.lora_B_block_5/events.out.tfevents.1768387346.master-192-168-8-48.1680.3,qkv.lora_B,5
1768389047.035638,3004,93.90625,0.030059775337576866,Grad/qkv.lora_B,outputs_dev/vitb16/T=vtab_Q=3bit_L=lora_2_qkv-fc1-proj-fc2/cifar/20260114184203_default_acc=53.50/tensorboard/Grad_qkv.lora_B_block_5/events.out.tfevents.1768387346.master-192-168-8-48.1680.3,qkv.lora_B,5
1768389047.448622,3005,93.9375,0.05565987899899483,Grad/qkv.lora_B,outputs_dev/vitb16/T=vtab_Q=3bit_L=lora_2_qkv-fc1-proj-fc2/cifar/20260114184203_default_acc=53.50/tensorboard/Grad_qkv.lora_B_block_5/events.out.tfevents.1768387346.master-192-168-8-48.1680.3,qkv.lora_B,5
1768389047.8447142,3006,93.96875,0.10965970903635025,Grad/qkv.lora_B,outputs_dev/vitb16/T=vtab_Q=3bit_L=lora_2_qkv-fc1-proj-fc2/cifar/20260114184203_default_acc=53.50/tensorboard/Grad_qkv.lora_B_block_5/events.out.tfevents.1768387346.master-192-168-8-48.1680.3,qkv.lora_B,5
1768389048.0431378,3007,94.0,0.02710338495671749,Grad/qkv.lora_B,outputs_dev/vitb16/T=vtab_Q=3bit_L=lora_2_qkv-fc1-proj-fc2/cifar/20260114184203_default_acc=53.50/tensorboard/Grad_qkv.lora_B_block_5/events.out.tfevents.1768387346.master-192-168-8-48.1680.3,qkv.lora_B,5
1768389048.6798637,3008,94.03125,0.02005811780691147,Grad/qkv.lora_B,outputs_dev/vitb16/T=vtab_Q=3bit_L=lora_2_qkv-fc1-proj-fc2/cifar/20260114184203_default_acc=53.50/tensorboard/Grad_qkv.lora_B_block_5/events.out.tfevents.1768387346.master-192-168-8-48.1680.3,qkv.lora_B,5
1768389049.0770087,3009,94.0625,0.030929340049624443,Grad/qkv.lora_B,outputs_dev/vitb16/T=vtab_Q=3bit_L=lora_2_qkv-fc1-proj-fc2/cifar/20260114184203_default_acc=53.50/tensorboard/Grad_qkv.lora_B_block_5/events.out.tfevents.1768387346.master-192-168-8-48.1680.3,qkv.lora_B,5
1768389049.4773397,3010,94.09375,0.03625349700450897,Grad/qkv.lora_B,outputs_dev/vitb16/T=vtab_Q=3bit_L=lora_2_qkv-fc1-proj-fc2/cifar/20260114184203_default_acc=53.50/tensorboard/Grad_qkv.lora_B_block_5/events.out.tfevents.1768387346.master-192-168-8-48.1680.3,qkv.lora_B,5
1768389049.872518,3011,94.125,0.9536499381065369,Grad/qkv.lora_B,outputs_dev/vitb16/T=vtab_Q=3bit_L=lora_2_qkv-fc1-proj-fc2/cifar/20260114184203_default_acc=53.50/tensorboard/Grad_qkv.lora_B_block_5/events.out.tfevents.1768387346.master-192-168-8-48.1680.3,qkv.lora_B,5
1768389050.270264,3012,94.15625,0.05537572130560875,Grad/qkv.lora_B,outputs_dev/vitb16/T=vtab_Q=3bit_L=lora_2_qkv-fc1-proj-fc2/cifar/20260114184203_default_acc=53.50/tensorboard/Grad_qkv.lora_B_block_5/events.out.tfevents.1768387346.master-192-168-8-48.1680.3,qkv.lora_B,5
1768389050.662859,3013,94.1875,0.0788017064332962,Grad/qkv.lora_B,outputs_dev/vitb16/T=vtab_Q=3bit_L=lora_2_qkv-fc1-proj-fc2/cifar/20260114184203_default_acc=53.50/tensorboard/Grad_qkv.lora_B_block_5/events.out.tfevents.1768387346.master-192-168-8-48.1680.3,qkv.lora_B,5
1768389051.049075,3014,94.21875,0.03243619203567505,Grad/qkv.lora_B,outputs_dev/vitb16/T=vtab_Q=3bit_L=lora_2_qkv-fc1-proj-fc2/cifar/20260114184203_default_acc=53.50/tensorboard/Grad_qkv.lora_B_block_5/events.out.tfevents.1768387346.master-192-168-8-48.1680.3,qkv.lora_B,5
1768389051.454126,3015,94.25,0.07232635468244553,Grad/qkv.lora_B,outputs_dev/vitb16/T=vtab_Q=3bit_L=lora_2_qkv-fc1-proj-fc2/cifar/20260114184203_default_acc=53.50/tensorboard/Grad_qkv.lora_B_block_5/events.out.tfevents.1768387346.master-192-168-8-48.1680.3,qkv.lora_B,5
1768389051.8511965,3016,94.28125,0.019661664962768555,Grad/qkv.lora_B,outputs_dev/vitb16/T=vtab_Q=3bit_L=lora_2_qkv-fc1-proj-fc2/cifar/20260114184203_default_acc=53.50/tensorboard/Grad_qkv.lora_B_block_5/events.out.tfevents.1768387346.master-192-168-8-48.1680.3,qkv.lora_B,5
1768389052.249262,3017,94.3125,0.03379230201244354,Grad/qkv.lora_B,outputs_dev/vitb16/T=vtab_Q=3bit_L=lora_2_qkv-fc1-proj-fc2/cifar/20260114184203_default_acc=53.50/tensorboard/Grad_qkv.lora_B_block_5/events.out.tfevents.1768387346.master-192-168-8-48.1680.3,qkv.lora_B,5
1768389052.6499343,3018,94.34375,0.08123631030321121,Grad/qkv.lora_B,outputs_dev/vitb16/T=vtab_Q=3bit_L=lora_2_qkv-fc1-proj-fc2/cifar/20260114184203_default_acc=53.50/tensorboard/Grad_qkv.lora_B_block_5/events.out.tfevents.1768387346.master-192-168-8-48.1680.3,qkv.lora_B,5
1768389053.0396683,3019,94.375,0.021250663325190544,Grad/qkv.lora_B,outputs_dev/vitb16/T=vtab_Q=3bit_L=lora_2_qkv-fc1-proj-fc2/cifar/20260114184203_default_acc=53.50/tensorboard/Grad_qkv.lora_B_block_5/events.out.tfevents.1768387346.master-192-168-8-48.1680.3,qkv.lora_B,5
1768389053.4503782,3020,94.40625,0.20761460065841675,Grad/qkv.lora_B,outputs_dev/vitb16/T=vtab_Q=3bit_L=lora_2_qkv-fc1-proj-fc2/cifar/20260114184203_default_acc=53.50/tensorboard/Grad_qkv.lora_B_block_5/events.out.tfevents.1768387346.master-192-168-8-48.1680.3,qkv.lora_B,5
1768389053.8449974,3021,94.4375,0.01974901370704174,Grad/qkv.lora_B,outputs_dev/vitb16/T=vtab_Q=3bit_L=lora_2_qkv-fc1-proj-fc2/cifar/20260114184203_default_acc=53.50/tensorboard/Grad_qkv.lora_B_block_5/events.out.tfevents.1768387346.master-192-168-8-48.1680.3,qkv.lora_B,5
1768389054.2411046,3022,94.46875,0.024546613916754723,Grad/qkv.lora_B,outputs_dev/vitb16/T=vtab_Q=3bit_L=lora_2_qkv-fc1-proj-fc2/cifar/20260114184203_default_acc=53.50/tensorboard/Grad_qkv.lora_B_block_5/events.out.tfevents.1768387346.master-192-168-8-48.1680.3,qkv.lora_B,5
1768389054.6399624,3023,94.5,0.03266875818371773,Grad/qkv.lora_B,outputs_dev/vitb16/T=vtab_Q=3bit_L=lora_2_qkv-fc1-proj-fc2/cifar/20260114184203_default_acc=53.50/tensorboard/Grad_qkv.lora_B_block_5/events.out.tfevents.1768387346.master-192-168-8-48.1680.3,qkv.lora_B,5
1768389055.0359192,3024,94.53125,0.043034136295318604,Grad/qkv.lora_B,outputs_dev/vitb16/T=vtab_Q=3bit_L=lora_2_qkv-fc1-proj-fc2/cifar/20260114184203_default_acc=53.50/tensorboard/Grad_qkv.lora_B_block_5/events.out.tfevents.1768387346.master-192-168-8-48.1680.3,qkv.lora_B,5
1768389055.4328854,3025,94.5625,0.06334404647350311,Grad/qkv.lora_B,outputs_dev/vitb16/T=vtab_Q=3bit_L=lora_2_qkv-fc1-proj-fc2/cifar/20260114184203_default_acc=53.50/tensorboard/Grad_qkv.lora_B_block_5/events.out.tfevents.1768387346.master-192-168-8-48.1680.3,qkv.lora_B,5
1768389055.8309512,3026,94.59375,0.03717096149921417,Grad/qkv.lora_B,outputs_dev/vitb16/T=vtab_Q=3bit_L=lora_2_qkv-fc1-proj-fc2/cifar/20260114184203_default_acc=53.50/tensorboard/Grad_qkv.lora_B_block_5/events.out.tfevents.1768387346.master-192-168-8-48.1680.3,qkv.lora_B,5
1768389056.2288845,3027,94.625,0.017351945862174034,Grad/qkv.lora_B,outputs_dev/vitb16/T=vtab_Q=3bit_L=lora_2_qkv-fc1-proj-fc2/cifar/20260114184203_default_acc=53.50/tensorboard/Grad_qkv.lora_B_block_5/events.out.tfevents.1768387346.master-192-168-8-48.1680.3,qkv.lora_B,5
1768389056.6267385,3028,94.65625,0.07346832752227783,Grad/qkv.lora_B,outputs_dev/vitb16/T=vtab_Q=3bit_L=lora_2_qkv-fc1-proj-fc2/cifar/20260114184203_default_acc=53.50/tensorboard/Grad_qkv.lora_B_block_5/events.out.tfevents.1768387346.master-192-168-8-48.1680.3,qkv.lora_B,5
1768389057.037501,3029,94.6875,0.03605020046234131,Grad/qkv.lora_B,outputs_dev/vitb16/T=vtab_Q=3bit_L=lora_2_qkv-fc1-proj-fc2/cifar/20260114184203_default_acc=53.50/tensorboard/Grad_qkv.lora_B_block_5/events.out.tfevents.1768387346.master-192-168-8-48.1680.3,qkv.lora_B,5
1768389057.434168,3030,94.71875,0.02732713706791401,Grad/qkv.lora_B,outputs_dev/vitb16/T=vtab_Q=3bit_L=lora_2_qkv-fc1-proj-fc2/cifar/20260114184203_default_acc=53.50/tensorboard/Grad_qkv.lora_B_block_5/events.out.tfevents.1768387346.master-192-168-8-48.1680.3,qkv.lora_B,5
1768389057.8418229,3031,94.75,0.038812585175037384,Grad/qkv.lora_B,outputs_dev/vitb16/T=vtab_Q=3bit_L=lora_2_qkv-fc1-proj-fc2/cifar/20260114184203_default_acc=53.50/tensorboard/Grad_qkv.lora_B_block_5/events.out.tfevents.1768387346.master-192-168-8-48.1680.3,qkv.lora_B,5
1768389058.2357085,3032,94.78125,0.05631466209888458,Grad/qkv.lora_B,outputs_dev/vitb16/T=vtab_Q=3bit_L=lora_2_qkv-fc1-proj-fc2/cifar/20260114184203_default_acc=53.50/tensorboard/Grad_qkv.lora_B_block_5/events.out.tfevents.1768387346.master-192-168-8-48.1680.3,qkv.lora_B,5
1768389058.6325312,3033,94.8125,0.24198289215564728,Grad/qkv.lora_B,outputs_dev/vitb16/T=vtab_Q=3bit_L=lora_2_qkv-fc1-proj-fc2/cifar/20260114184203_default_acc=53.50/tensorboard/Grad_qkv.lora_B_block_5/events.out.tfevents.1768387346.master-192-168-8-48.1680.3,qkv.lora_B,5
1768389059.025832,3034,94.84375,0.03779514133930206,Grad/qkv.lora_B,outputs_dev/vitb16/T=vtab_Q=3bit_L=lora_2_qkv-fc1-proj-fc2/cifar/20260114184203_default_acc=53.50/tensorboard/Grad_qkv.lora_B_block_5/events.out.tfevents.1768387346.master-192-168-8-48.1680.3,qkv.lora_B,5
1768389059.4395595,3035,94.875,0.024254297837615013,Grad/qkv.lora_B,outputs_dev/vitb16/T=vtab_Q=3bit_L=lora_2_qkv-fc1-proj-fc2/cifar/20260114184203_default_acc=53.50/tensorboard/Grad_qkv.lora_B_block_5/events.out.tfevents.1768387346.master-192-168-8-48.1680.3,qkv.lora_B,5
1768389059.8359604,3036,94.90625,0.027439506724476814,Grad/qkv.lora_B,outputs_dev/vitb16/T=vtab_Q=3bit_L=lora_2_qkv-fc1-proj-fc2/cifar/20260114184203_default_acc=53.50/tensorboard/Grad_qkv.lora_B_block_5/events.out.tfevents.1768387346.master-192-168-8-48.1680.3,qkv.lora_B,5
1768389060.237916,3037,94.9375,0.027828581631183624,Grad/qkv.lora_B,outputs_dev/vitb16/T=vtab_Q=3bit_L=lora_2_qkv-fc1-proj-fc2/cifar/20260114184203_default_acc=53.50/tensorboard/Grad_qkv.lora_B_block_5/events.out.tfevents.1768387346.master-192-168-8-48.1680.3,qkv.lora_B,5
1768389060.645522,3038,94.96875,0.0727129653096199,Grad/qkv.lora_B,outputs_dev/vitb16/T=vtab_Q=3bit_L=lora_2_qkv-fc1-proj-fc2/cifar/20260114184203_default_acc=53.50/tensorboard/Grad_qkv.lora_B_block_5/events.out.tfevents.1768387346.master-192-168-8-48.1680.3,qkv.lora_B,5
1768389060.838147,3039,95.0,0.094736248254776,Grad/qkv.lora_B,outputs_dev/vitb16/T=vtab_Q=3bit_L=lora_2_qkv-fc1-proj-fc2/cifar/20260114184203_default_acc=53.50/tensorboard/Grad_qkv.lora_B_block_5/events.out.tfevents.1768387346.master-192-168-8-48.1680.3,qkv.lora_B,5
1768389061.4633484,3040,95.03125,0.02461080625653267,Grad/qkv.lora_B,outputs_dev/vitb16/T=vtab_Q=3bit_L=lora_2_qkv-fc1-proj-fc2/cifar/20260114184203_default_acc=53.50/tensorboard/Grad_qkv.lora_B_block_5/events.out.tfevents.1768387346.master-192-168-8-48.1680.3,qkv.lora_B,5
1768389061.8610182,3041,95.0625,0.04406507685780525,Grad/qkv.lora_B,outputs_dev/vitb16/T=vtab_Q=3bit_L=lora_2_qkv-fc1-proj-fc2/cifar/20260114184203_default_acc=53.50/tensorboard/Grad_qkv.lora_B_block_5/events.out.tfevents.1768387346.master-192-168-8-48.1680.3,qkv.lora_B,5
1768389062.2515478,3042,95.09375,0.045960552990436554,Grad/qkv.lora_B,outputs_dev/vitb16/T=vtab_Q=3bit_L=lora_2_qkv-fc1-proj-fc2/cifar/20260114184203_default_acc=53.50/tensorboard/Grad_qkv.lora_B_block_5/events.out.tfevents.1768387346.master-192-168-8-48.1680.3,qkv.lora_B,5
1768389062.6379404,3043,95.125,0.026888517662882805,Grad/qkv.lora_B,outputs_dev/vitb16/T=vtab_Q=3bit_L=lora_2_qkv-fc1-proj-fc2/cifar/20260114184203_default_acc=53.50/tensorboard/Grad_qkv.lora_B_block_5/events.out.tfevents.1768387346.master-192-168-8-48.1680.3,qkv.lora_B,5
1768389063.0548239,3044,95.15625,0.03308513015508652,Grad/qkv.lora_B,outputs_dev/vitb16/T=vtab_Q=3bit_L=lora_2_qkv-fc1-proj-fc2/cifar/20260114184203_default_acc=53.50/tensorboard/Grad_qkv.lora_B_block_5/events.out.tfevents.1768387346.master-192-168-8-48.1680.3,qkv.lora_B,5
1768389063.4511805,3045,95.1875,0.22895167768001556,Grad/qkv.lora_B,outputs_dev/vitb16/T=vtab_Q=3bit_L=lora_2_qkv-fc1-proj-fc2/cifar/20260114184203_default_acc=53.50/tensorboard/Grad_qkv.lora_B_block_5/events.out.tfevents.1768387346.master-192-168-8-48.1680.3,qkv.lora_B,5
1768389063.8405979,3046,95.21875,0.12837795913219452,Grad/qkv.lora_B,outputs_dev/vitb16/T=vtab_Q=3bit_L=lora_2_qkv-fc1-proj-fc2/cifar/20260114184203_default_acc=53.50/tensorboard/Grad_qkv.lora_B_block_5/events.out.tfevents.1768387346.master-192-168-8-48.1680.3,qkv.lora_B,5
1768389064.219311,3047,95.25,0.038242653012275696,Grad/qkv.lora_B,outputs_dev/vitb16/T=vtab_Q=3bit_L=lora_2_qkv-fc1-proj-fc2/cifar/20260114184203_default_acc=53.50/tensorboard/Grad_qkv.lora_B_block_5/events.out.tfevents.1768387346.master-192-168-8-48.1680.3,qkv.lora_B,5
1768389064.6152513,3048,95.28125,0.04732070490717888,Grad/qkv.lora_B,outputs_dev/vitb16/T=vtab_Q=3bit_L=lora_2_qkv-fc1-proj-fc2/cifar/20260114184203_default_acc=53.50/tensorboard/Grad_qkv.lora_B_block_5/events.out.tfevents.1768387346.master-192-168-8-48.1680.3,qkv.lora_B,5
1768389065.0111945,3049,95.3125,0.023896750062704086,Grad/qkv.lora_B,outputs_dev/vitb16/T=vtab_Q=3bit_L=lora_2_qkv-fc1-proj-fc2/cifar/20260114184203_default_acc=53.50/tensorboard/Grad_qkv.lora_B_block_5/events.out.tfevents.1768387346.master-192-168-8-48.1680.3,qkv.lora_B,5
1768389065.4045055,3050,95.34375,0.04089188575744629,Grad/qkv.lora_B,outputs_dev/vitb16/T=vtab_Q=3bit_L=lora_2_qkv-fc1-proj-fc2/cifar/20260114184203_default_acc=53.50/tensorboard/Grad_qkv.lora_B_block_5/events.out.tfevents.1768387346.master-192-168-8-48.1680.3,qkv.lora_B,5
1768389065.7879221,3051,95.375,0.10447878390550613,Grad/qkv.lora_B,outputs_dev/vitb16/T=vtab_Q=3bit_L=lora_2_qkv-fc1-proj-fc2/cifar/20260114184203_default_acc=53.50/tensorboard/Grad_qkv.lora_B_block_5/events.out.tfevents.1768387346.master-192-168-8-48.1680.3,qkv.lora_B,5
1768389066.1956751,3052,95.40625,0.02367468550801277,Grad/qkv.lora_B,outputs_dev/vitb16/T=vtab_Q=3bit_L=lora_2_qkv-fc1-proj-fc2/cifar/20260114184203_default_acc=53.50/tensorboard/Grad_qkv.lora_B_block_5/events.out.tfevents.1768387346.master-192-168-8-48.1680.3,qkv.lora_B,5
1768389066.579884,3053,95.4375,0.04724864289164543,Grad/qkv.lora_B,outputs_dev/vitb16/T=vtab_Q=3bit_L=lora_2_qkv-fc1-proj-fc2/cifar/20260114184203_default_acc=53.50/tensorboard/Grad_qkv.lora_B_block_5/events.out.tfevents.1768387346.master-192-168-8-48.1680.3,qkv.lora_B,5
1768389066.9768507,3054,95.46875,0.016763465479016304,Grad/qkv.lora_B,outputs_dev/vitb16/T=vtab_Q=3bit_L=lora_2_qkv-fc1-proj-fc2/cifar/20260114184203_default_acc=53.50/tensorboard/Grad_qkv.lora_B_block_5/events.out.tfevents.1768387346.master-192-168-8-48.1680.3,qkv.lora_B,5
1768389067.3719778,3055,95.5,0.053050149232149124,Grad/qkv.lora_B,outputs_dev/vitb16/T=vtab_Q=3bit_L=lora_2_qkv-fc1-proj-fc2/cifar/20260114184203_default_acc=53.50/tensorboard/Grad_qkv.lora_B_block_5/events.out.tfevents.1768387346.master-192-168-8-48.1680.3,qkv.lora_B,5
1768389067.758954,3056,95.53125,0.025343500077724457,Grad/qkv.lora_B,outputs_dev/vitb16/T=vtab_Q=3bit_L=lora_2_qkv-fc1-proj-fc2/cifar/20260114184203_default_acc=53.50/tensorboard/Grad_qkv.lora_B_block_5/events.out.tfevents.1768387346.master-192-168-8-48.1680.3,qkv.lora_B,5
1768389068.1415615,3057,95.5625,0.022595901042222977,Grad/qkv.lora_B,outputs_dev/vitb16/T=vtab_Q=3bit_L=lora_2_qkv-fc1-proj-fc2/cifar/20260114184203_default_acc=53.50/tensorboard/Grad_qkv.lora_B_block_5/events.out.tfevents.1768387346.master-192-168-8-48.1680.3,qkv.lora_B,5
1768389068.5368762,3058,95.59375,0.10039562731981277,Grad/qkv.lora_B,outputs_dev/vitb16/T=vtab_Q=3bit_L=lora_2_qkv-fc1-proj-fc2/cifar/20260114184203_default_acc=53.50/tensorboard/Grad_qkv.lora_B_block_5/events.out.tfevents.1768387346.master-192-168-8-48.1680.3,qkv.lora_B,5
1768389068.919377,3059,95.625,0.04378671199083328,Grad/qkv.lora_B,outputs_dev/vitb16/T=vtab_Q=3bit_L=lora_2_qkv-fc1-proj-fc2/cifar/20260114184203_default_acc=53.50/tensorboard/Grad_qkv.lora_B_block_5/events.out.tfevents.1768387346.master-192-168-8-48.1680.3,qkv.lora_B,5
1768389069.3163962,3060,95.65625,0.10611989349126816,Grad/qkv.lora_B,outputs_dev/vitb16/T=vtab_Q=3bit_L=lora_2_qkv-fc1-proj-fc2/cifar/20260114184203_default_acc=53.50/tensorboard/Grad_qkv.lora_B_block_5/events.out.tfevents.1768387346.master-192-168-8-48.1680.3,qkv.lora_B,5
1768389069.7120547,3061,95.6875,0.04599375277757645,Grad/qkv.lora_B,outputs_dev/vitb16/T=vtab_Q=3bit_L=lora_2_qkv-fc1-proj-fc2/cifar/20260114184203_default_acc=53.50/tensorboard/Grad_qkv.lora_B_block_5/events.out.tfevents.1768387346.master-192-168-8-48.1680.3,qkv.lora_B,5
1768389070.1092281,3062,95.71875,0.06041423976421356,Grad/qkv.lora_B,outputs_dev/vitb16/T=vtab_Q=3bit_L=lora_2_qkv-fc1-proj-fc2/cifar/20260114184203_default_acc=53.50/tensorboard/Grad_qkv.lora_B_block_5/events.out.tfevents.1768387346.master-192-168-8-48.1680.3,qkv.lora_B,5
1768389070.4856694,3063,95.75,0.0495358370244503,Grad/qkv.lora_B,outputs_dev/vitb16/T=vtab_Q=3bit_L=lora_2_qkv-fc1-proj-fc2/cifar/20260114184203_default_acc=53.50/tensorboard/Grad_qkv.lora_B_block_5/events.out.tfevents.1768387346.master-192-168-8-48.1680.3,qkv.lora_B,5
1768389070.88053,3064,95.78125,0.02288399264216423,Grad/qkv.lora_B,outputs_dev/vitb16/T=vtab_Q=3bit_L=lora_2_qkv-fc1-proj-fc2/cifar/20260114184203_default_acc=53.50/tensorboard/Grad_qkv.lora_B_block_5/events.out.tfevents.1768387346.master-192-168-8-48.1680.3,qkv.lora_B,5
1768389071.2752266,3065,95.8125,0.21404553949832916,Grad/qkv.lora_B,outputs_dev/vitb16/T=vtab_Q=3bit_L=lora_2_qkv-fc1-proj-fc2/cifar/20260114184203_default_acc=53.50/tensorboard/Grad_qkv.lora_B_block_5/events.out.tfevents.1768387346.master-192-168-8-48.1680.3,qkv.lora_B,5
1768389071.6578438,3066,95.84375,0.14098003506660461,Grad/qkv.lora_B,outputs_dev/vitb16/T=vtab_Q=3bit_L=lora_2_qkv-fc1-proj-fc2/cifar/20260114184203_default_acc=53.50/tensorboard/Grad_qkv.lora_B_block_5/events.out.tfevents.1768387346.master-192-168-8-48.1680.3,qkv.lora_B,5
1768389072.0560963,3067,95.875,0.05543205514550209,Grad/qkv.lora_B,outputs_dev/vitb16/T=vtab_Q=3bit_L=lora_2_qkv-fc1-proj-fc2/cifar/20260114184203_default_acc=53.50/tensorboard/Grad_qkv.lora_B_block_5/events.out.tfevents.1768387346.master-192-168-8-48.1680.3,qkv.lora_B,5
1768389072.4689658,3068,95.90625,0.04870310053229332,Grad/qkv.lora_B,outputs_dev/vitb16/T=vtab_Q=3bit_L=lora_2_qkv-fc1-proj-fc2/cifar/20260114184203_default_acc=53.50/tensorboard/Grad_qkv.lora_B_block_5/events.out.tfevents.1768387346.master-192-168-8-48.1680.3,qkv.lora_B,5
1768389072.88828,3069,95.9375,0.013512365520000458,Grad/qkv.lora_B,outputs_dev/vitb16/T=vtab_Q=3bit_L=lora_2_qkv-fc1-proj-fc2/cifar/20260114184203_default_acc=53.50/tensorboard/Grad_qkv.lora_B_block_5/events.out.tfevents.1768387346.master-192-168-8-48.1680.3,qkv.lora_B,5
1768389073.2701771,3070,95.96875,0.016305025666952133,Grad/qkv.lora_B,outputs_dev/vitb16/T=vtab_Q=3bit_L=lora_2_qkv-fc1-proj-fc2/cifar/20260114184203_default_acc=53.50/tensorboard/Grad_qkv.lora_B_block_5/events.out.tfevents.1768387346.master-192-168-8-48.1680.3,qkv.lora_B,5
1768389073.4396522,3071,96.0,0.05011570826172829,Grad/qkv.lora_B,outputs_dev/vitb16/T=vtab_Q=3bit_L=lora_2_qkv-fc1-proj-fc2/cifar/20260114184203_default_acc=53.50/tensorboard/Grad_qkv.lora_B_block_5/events.out.tfevents.1768387346.master-192-168-8-48.1680.3,qkv.lora_B,5
1768389074.0769129,3072,96.03125,0.014366761781275272,Grad/qkv.lora_B,outputs_dev/vitb16/T=vtab_Q=3bit_L=lora_2_qkv-fc1-proj-fc2/cifar/20260114184203_default_acc=53.50/tensorboard/Grad_qkv.lora_B_block_5/events.out.tfevents.1768387346.master-192-168-8-48.1680.3,qkv.lora_B,5
1768389074.4804661,3073,96.0625,0.07010871171951294,Grad/qkv.lora_B,outputs_dev/vitb16/T=vtab_Q=3bit_L=lora_2_qkv-fc1-proj-fc2/cifar/20260114184203_default_acc=53.50/tensorboard/Grad_qkv.lora_B_block_5/events.out.tfevents.1768387346.master-192-168-8-48.1680.3,qkv.lora_B,5
1768389074.8769205,3074,96.09375,0.12176957726478577,Grad/qkv.lora_B,outputs_dev/vitb16/T=vtab_Q=3bit_L=lora_2_qkv-fc1-proj-fc2/cifar/20260114184203_default_acc=53.50/tensorboard/Grad_qkv.lora_B_block_5/events.out.tfevents.1768387346.master-192-168-8-48.1680.3,qkv.lora_B,5
1768389075.2711031,3075,96.125,0.06919658929109573,Grad/qkv.lora_B,outputs_dev/vitb16/T=vtab_Q=3bit_L=lora_2_qkv-fc1-proj-fc2/cifar/20260114184203_default_acc=53.50/tensorboard/Grad_qkv.lora_B_block_5/events.out.tfevents.1768387346.master-192-168-8-48.1680.3,qkv.lora_B,5
1768389075.6671877,3076,96.15625,0.778717577457428,Grad/qkv.lora_B,outputs_dev/vitb16/T=vtab_Q=3bit_L=lora_2_qkv-fc1-proj-fc2/cifar/20260114184203_default_acc=53.50/tensorboard/Grad_qkv.lora_B_block_5/events.out.tfevents.1768387346.master-192-168-8-48.1680.3,qkv.lora_B,5
1768389076.06235,3077,96.1875,0.04551805555820465,Grad/qkv.lora_B,outputs_dev/vitb16/T=vtab_Q=3bit_L=lora_2_qkv-fc1-proj-fc2/cifar/20260114184203_default_acc=53.50/tensorboard/Grad_qkv.lora_B_block_5/events.out.tfevents.1768387346.master-192-168-8-48.1680.3,qkv.lora_B,5
1768389076.454645,3078,96.21875,0.020605137571692467,Grad/qkv.lora_B,outputs_dev/vitb16/T=vtab_Q=3bit_L=lora_2_qkv-fc1-proj-fc2/cifar/20260114184203_default_acc=53.50/tensorboard/Grad_qkv.lora_B_block_5/events.out.tfevents.1768387346.master-192-168-8-48.1680.3,qkv.lora_B,5
1768389076.859011,3079,96.25,0.01469482108950615,Grad/qkv.lora_B,outputs_dev/vitb16/T=vtab_Q=3bit_L=lora_2_qkv-fc1-proj-fc2/cifar/20260114184203_default_acc=53.50/tensorboard/Grad_qkv.lora_B_block_5/events.out.tfevents.1768387346.master-192-168-8-48.1680.3,qkv.lora_B,5
1768389077.2489486,3080,96.28125,0.09068331867456436,Grad/qkv.lora_B,outputs_dev/vitb16/T=vtab_Q=3bit_L=lora_2_qkv-fc1-proj-fc2/cifar/20260114184203_default_acc=53.50/tensorboard/Grad_qkv.lora_B_block_5/events.out.tfevents.1768387346.master-192-168-8-48.1680.3,qkv.lora_B,5
1768389077.6573288,3081,96.3125,0.0972125232219696,Grad/qkv.lora_B,outputs_dev/vitb16/T=vtab_Q=3bit_L=lora_2_qkv-fc1-proj-fc2/cifar/20260114184203_default_acc=53.50/tensorboard/Grad_qkv.lora_B_block_5/events.out.tfevents.1768387346.master-192-168-8-48.1680.3,qkv.lora_B,5
1768389078.0549967,3082,96.34375,0.02577841654419899,Grad/qkv.lora_B,outputs_dev/vitb16/T=vtab_Q=3bit_L=lora_2_qkv-fc1-proj-fc2/cifar/20260114184203_default_acc=53.50/tensorboard/Grad_qkv.lora_B_block_5/events.out.tfevents.1768387346.master-192-168-8-48.1680.3,qkv.lora_B,5
1768389078.4678216,3083,96.375,0.03597026318311691,Grad/qkv.lora_B,outputs_dev/vitb16/T=vtab_Q=3bit_L=lora_2_qkv-fc1-proj-fc2/cifar/20260114184203_default_acc=53.50/tensorboard/Grad_qkv.lora_B_block_5/events.out.tfevents.1768387346.master-192-168-8-48.1680.3,qkv.lora_B,5
1768389078.8840902,3084,96.40625,0.033459942787885666,Grad/qkv.lora_B,outputs_dev/vitb16/T=vtab_Q=3bit_L=lora_2_qkv-fc1-proj-fc2/cifar/20260114184203_default_acc=53.50/tensorboard/Grad_qkv.lora_B_block_5/events.out.tfevents.1768387346.master-192-168-8-48.1680.3,qkv.lora_B,5
1768389079.277841,3085,96.4375,0.06523571908473969,Grad/qkv.lora_B,outputs_dev/vitb16/T=vtab_Q=3bit_L=lora_2_qkv-fc1-proj-fc2/cifar/20260114184203_default_acc=53.50/tensorboard/Grad_qkv.lora_B_block_5/events.out.tfevents.1768387346.master-192-168-8-48.1680.3,qkv.lora_B,5
1768389079.6711469,3086,96.46875,0.027006199583411217,Grad/qkv.lora_B,outputs_dev/vitb16/T=vtab_Q=3bit_L=lora_2_qkv-fc1-proj-fc2/cifar/20260114184203_default_acc=53.50/tensorboard/Grad_qkv.lora_B_block_5/events.out.tfevents.1768387346.master-192-168-8-48.1680.3,qkv.lora_B,5
1768389080.065845,3087,96.5,1.0545871257781982,Grad/qkv.lora_B,outputs_dev/vitb16/T=vtab_Q=3bit_L=lora_2_qkv-fc1-proj-fc2/cifar/20260114184203_default_acc=53.50/tensorboard/Grad_qkv.lora_B_block_5/events.out.tfevents.1768387346.master-192-168-8-48.1680.3,qkv.lora_B,5
1768389080.458956,3088,96.53125,0.05553209036588669,Grad/qkv.lora_B,outputs_dev/vitb16/T=vtab_Q=3bit_L=lora_2_qkv-fc1-proj-fc2/cifar/20260114184203_default_acc=53.50/tensorboard/Grad_qkv.lora_B_block_5/events.out.tfevents.1768387346.master-192-168-8-48.1680.3,qkv.lora_B,5
1768389080.8508396,3089,96.5625,0.0730084553360939,Grad/qkv.lora_B,outputs_dev/vitb16/T=vtab_Q=3bit_L=lora_2_qkv-fc1-proj-fc2/cifar/20260114184203_default_acc=53.50/tensorboard/Grad_qkv.lora_B_block_5/events.out.tfevents.1768387346.master-192-168-8-48.1680.3,qkv.lora_B,5
1768389081.2449324,3090,96.59375,0.041127096861600876,Grad/qkv.lora_B,outputs_dev/vitb16/T=vtab_Q=3bit_L=lora_2_qkv-fc1-proj-fc2/cifar/20260114184203_default_acc=53.50/tensorboard/Grad_qkv.lora_B_block_5/events.out.tfevents.1768387346.master-192-168-8-48.1680.3,qkv.lora_B,5
1768389081.6376338,3091,96.625,0.029413115233182907,Grad/qkv.lora_B,outputs_dev/vitb16/T=vtab_Q=3bit_L=lora_2_qkv-fc1-proj-fc2/cifar/20260114184203_default_acc=53.50/tensorboard/Grad_qkv.lora_B_block_5/events.out.tfevents.1768387346.master-192-168-8-48.1680.3,qkv.lora_B,5
1768389082.02864,3092,96.65625,0.031456053256988525,Grad/qkv.lora_B,outputs_dev/vitb16/T=vtab_Q=3bit_L=lora_2_qkv-fc1-proj-fc2/cifar/20260114184203_default_acc=53.50/tensorboard/Grad_qkv.lora_B_block_5/events.out.tfevents.1768387346.master-192-168-8-48.1680.3,qkv.lora_B,5
1768389082.423848,3093,96.6875,0.01923597790300846,Grad/qkv.lora_B,outputs_dev/vitb16/T=vtab_Q=3bit_L=lora_2_qkv-fc1-proj-fc2/cifar/20260114184203_default_acc=53.50/tensorboard/Grad_qkv.lora_B_block_5/events.out.tfevents.1768387346.master-192-168-8-48.1680.3,qkv.lora_B,5
1768389082.8150675,3094,96.71875,0.25074291229248047,Grad/qkv.lora_B,outputs_dev/vitb16/T=vtab_Q=3bit_L=lora_2_qkv-fc1-proj-fc2/cifar/20260114184203_default_acc=53.50/tensorboard/Grad_qkv.lora_B_block_5/events.out.tfevents.1768387346.master-192-168-8-48.1680.3,qkv.lora_B,5
1768389083.2090924,3095,96.75,0.04175644367933273,Grad/qkv.lora_B,outputs_dev/vitb16/T=vtab_Q=3bit_L=lora_2_qkv-fc1-proj-fc2/cifar/20260114184203_default_acc=53.50/tensorboard/Grad_qkv.lora_B_block_5/events.out.tfevents.1768387346.master-192-168-8-48.1680.3,qkv.lora_B,5
1768389083.6051276,3096,96.78125,0.04196825996041298,Grad/qkv.lora_B,outputs_dev/vitb16/T=vtab_Q=3bit_L=lora_2_qkv-fc1-proj-fc2/cifar/20260114184203_default_acc=53.50/tensorboard/Grad_qkv.lora_B_block_5/events.out.tfevents.1768387346.master-192-168-8-48.1680.3,qkv.lora_B,5
1768389084.0000055,3097,96.8125,0.026344191282987595,Grad/qkv.lora_B,outputs_dev/vitb16/T=vtab_Q=3bit_L=lora_2_qkv-fc1-proj-fc2/cifar/20260114184203_default_acc=53.50/tensorboard/Grad_qkv.lora_B_block_5/events.out.tfevents.1768387346.master-192-168-8-48.1680.3,qkv.lora_B,5
1768389084.3938365,3098,96.84375,0.08884777873754501,Grad/qkv.lora_B,outputs_dev/vitb16/T=vtab_Q=3bit_L=lora_2_qkv-fc1-proj-fc2/cifar/20260114184203_default_acc=53.50/tensorboard/Grad_qkv.lora_B_block_5/events.out.tfevents.1768387346.master-192-168-8-48.1680.3,qkv.lora_B,5
1768389084.788321,3099,96.875,0.040081437677145004,Grad/qkv.lora_B,outputs_dev/vitb16/T=vtab_Q=3bit_L=lora_2_qkv-fc1-proj-fc2/cifar/20260114184203_default_acc=53.50/tensorboard/Grad_qkv.lora_B_block_5/events.out.tfevents.1768387346.master-192-168-8-48.1680.3,qkv.lora_B,5
1768389085.1799822,3100,96.90625,0.10180860012769699,Grad/qkv.lora_B,outputs_dev/vitb16/T=vtab_Q=3bit_L=lora_2_qkv-fc1-proj-fc2/cifar/20260114184203_default_acc=53.50/tensorboard/Grad_qkv.lora_B_block_5/events.out.tfevents.1768387346.master-192-168-8-48.1680.3,qkv.lora_B,5
1768389085.5634127,3101,96.9375,0.04561123624444008,Grad/qkv.lora_B,outputs_dev/vitb16/T=vtab_Q=3bit_L=lora_2_qkv-fc1-proj-fc2/cifar/20260114184203_default_acc=53.50/tensorboard/Grad_qkv.lora_B_block_5/events.out.tfevents.1768387346.master-192-168-8-48.1680.3,qkv.lora_B,5
1768389085.95724,3102,96.96875,0.030901646241545677,Grad/qkv.lora_B,outputs_dev/vitb16/T=vtab_Q=3bit_L=lora_2_qkv-fc1-proj-fc2/cifar/20260114184203_default_acc=53.50/tensorboard/Grad_qkv.lora_B_block_5/events.out.tfevents.1768387346.master-192-168-8-48.1680.3,qkv.lora_B,5
1768389086.1686444,3103,97.0,0.08125704526901245,Grad/qkv.lora_B,outputs_dev/vitb16/T=vtab_Q=3bit_L=lora_2_qkv-fc1-proj-fc2/cifar/20260114184203_default_acc=53.50/tensorboard/Grad_qkv.lora_B_block_5/events.out.tfevents.1768387346.master-192-168-8-48.1680.3,qkv.lora_B,5
1768389086.8160436,3104,97.03125,0.028224367648363113,Grad/qkv.lora_B,outputs_dev/vitb16/T=vtab_Q=3bit_L=lora_2_qkv-fc1-proj-fc2/cifar/20260114184203_default_acc=53.50/tensorboard/Grad_qkv.lora_B_block_5/events.out.tfevents.1768387346.master-192-168-8-48.1680.3,qkv.lora_B,5
1768389087.2175643,3105,97.0625,0.1604551374912262,Grad/qkv.lora_B,outputs_dev/vitb16/T=vtab_Q=3bit_L=lora_2_qkv-fc1-proj-fc2/cifar/20260114184203_default_acc=53.50/tensorboard/Grad_qkv.lora_B_block_5/events.out.tfevents.1768387346.master-192-168-8-48.1680.3,qkv.lora_B,5
1768389087.6134858,3106,97.09375,0.043766580522060394,Grad/qkv.lora_B,outputs_dev/vitb16/T=vtab_Q=3bit_L=lora_2_qkv-fc1-proj-fc2/cifar/20260114184203_default_acc=53.50/tensorboard/Grad_qkv.lora_B_block_5/events.out.tfevents.1768387346.master-192-168-8-48.1680.3,qkv.lora_B,5
1768389088.0083163,3107,97.125,0.050002600997686386,Grad/qkv.lora_B,outputs_dev/vitb16/T=vtab_Q=3bit_L=lora_2_qkv-fc1-proj-fc2/cifar/20260114184203_default_acc=53.50/tensorboard/Grad_qkv.lora_B_block_5/events.out.tfevents.1768387346.master-192-168-8-48.1680.3,qkv.lora_B,5
1768389088.4156153,3108,97.15625,0.022306818515062332,Grad/qkv.lora_B,outputs_dev/vitb16/T=vtab_Q=3bit_L=lora_2_qkv-fc1-proj-fc2/cifar/20260114184203_default_acc=53.50/tensorboard/Grad_qkv.lora_B_block_5/events.out.tfevents.1768387346.master-192-168-8-48.1680.3,qkv.lora_B,5
1768389088.809604,3109,97.1875,0.11106714606285095,Grad/qkv.lora_B,outputs_dev/vitb16/T=vtab_Q=3bit_L=lora_2_qkv-fc1-proj-fc2/cifar/20260114184203_default_acc=53.50/tensorboard/Grad_qkv.lora_B_block_5/events.out.tfevents.1768387346.master-192-168-8-48.1680.3,qkv.lora_B,5
1768389089.207229,3110,97.21875,0.021830834448337555,Grad/qkv.lora_B,outputs_dev/vitb16/T=vtab_Q=3bit_L=lora_2_qkv-fc1-proj-fc2/cifar/20260114184203_default_acc=53.50/tensorboard/Grad_qkv.lora_B_block_5/events.out.tfevents.1768387346.master-192-168-8-48.1680.3,qkv.lora_B,5
1768389089.6188211,3111,97.25,0.04528995603322983,Grad/qkv.lora_B,outputs_dev/vitb16/T=vtab_Q=3bit_L=lora_2_qkv-fc1-proj-fc2/cifar/20260114184203_default_acc=53.50/tensorboard/Grad_qkv.lora_B_block_5/events.out.tfevents.1768387346.master-192-168-8-48.1680.3,qkv.lora_B,5
1768389090.0258825,3112,97.28125,0.11722762137651443,Grad/qkv.lora_B,outputs_dev/vitb16/T=vtab_Q=3bit_L=lora_2_qkv-fc1-proj-fc2/cifar/20260114184203_default_acc=53.50/tensorboard/Grad_qkv.lora_B_block_5/events.out.tfevents.1768387346.master-192-168-8-48.1680.3,qkv.lora_B,5
1768389090.4198997,3113,97.3125,0.5981228351593018,Grad/qkv.lora_B,outputs_dev/vitb16/T=vtab_Q=3bit_L=lora_2_qkv-fc1-proj-fc2/cifar/20260114184203_default_acc=53.50/tensorboard/Grad_qkv.lora_B_block_5/events.out.tfevents.1768387346.master-192-168-8-48.1680.3,qkv.lora_B,5
1768389090.8275254,3114,97.34375,0.25913888216018677,Grad/qkv.lora_B,outputs_dev/vitb16/T=vtab_Q=3bit_L=lora_2_qkv-fc1-proj-fc2/cifar/20260114184203_default_acc=53.50/tensorboard/Grad_qkv.lora_B_block_5/events.out.tfevents.1768387346.master-192-168-8-48.1680.3,qkv.lora_B,5
1768389091.2230148,3115,97.375,0.052197881042957306,Grad/qkv.lora_B,outputs_dev/vitb16/T=vtab_Q=3bit_L=lora_2_qkv-fc1-proj-fc2/cifar/20260114184203_default_acc=53.50/tensorboard/Grad_qkv.lora_B_block_5/events.out.tfevents.1768387346.master-192-168-8-48.1680.3,qkv.lora_B,5
1768389091.6175165,3116,97.40625,0.13495129346847534,Grad/qkv.lora_B,outputs_dev/vitb16/T=vtab_Q=3bit_L=lora_2_qkv-fc1-proj-fc2/cifar/20260114184203_default_acc=53.50/tensorboard/Grad_qkv.lora_B_block_5/events.out.tfevents.1768387346.master-192-168-8-48.1680.3,qkv.lora_B,5
1768389092.012316,3117,97.4375,0.03331580385565758,Grad/qkv.lora_B,outputs_dev/vitb16/T=vtab_Q=3bit_L=lora_2_qkv-fc1-proj-fc2/cifar/20260114184203_default_acc=53.50/tensorboard/Grad_qkv.lora_B_block_5/events.out.tfevents.1768387346.master-192-168-8-48.1680.3,qkv.lora_B,5
1768389092.4316216,3118,97.46875,0.029873771592974663,Grad/qkv.lora_B,outputs_dev/vitb16/T=vtab_Q=3bit_L=lora_2_qkv-fc1-proj-fc2/cifar/20260114184203_default_acc=53.50/tensorboard/Grad_qkv.lora_B_block_5/events.out.tfevents.1768387346.master-192-168-8-48.1680.3,qkv.lora_B,5
1768389092.8248522,3119,97.5,0.032108794897794724,Grad/qkv.lora_B,outputs_dev/vitb16/T=vtab_Q=3bit_L=lora_2_qkv-fc1-proj-fc2/cifar/20260114184203_default_acc=53.50/tensorboard/Grad_qkv.lora_B_block_5/events.out.tfevents.1768387346.master-192-168-8-48.1680.3,qkv.lora_B,5
1768389093.2400942,3120,97.53125,0.021508488804101944,Grad/qkv.lora_B,outputs_dev/vitb16/T=vtab_Q=3bit_L=lora_2_qkv-fc1-proj-fc2/cifar/20260114184203_default_acc=53.50/tensorboard/Grad_qkv.lora_B_block_5/events.out.tfevents.1768387346.master-192-168-8-48.1680.3,qkv.lora_B,5
1768389093.6379008,3121,97.5625,0.05024134740233421,Grad/qkv.lora_B,outputs_dev/vitb16/T=vtab_Q=3bit_L=lora_2_qkv-fc1-proj-fc2/cifar/20260114184203_default_acc=53.50/tensorboard/Grad_qkv.lora_B_block_5/events.out.tfevents.1768387346.master-192-168-8-48.1680.3,qkv.lora_B,5
1768389094.065093,3122,97.59375,0.34981271624565125,Grad/qkv.lora_B,outputs_dev/vitb16/T=vtab_Q=3bit_L=lora_2_qkv-fc1-proj-fc2/cifar/20260114184203_default_acc=53.50/tensorboard/Grad_qkv.lora_B_block_5/events.out.tfevents.1768387346.master-192-168-8-48.1680.3,qkv.lora_B,5
1768389094.4607246,3123,97.625,0.018706735223531723,Grad/qkv.lora_B,outputs_dev/vitb16/T=vtab_Q=3bit_L=lora_2_qkv-fc1-proj-fc2/cifar/20260114184203_default_acc=53.50/tensorboard/Grad_qkv.lora_B_block_5/events.out.tfevents.1768387346.master-192-168-8-48.1680.3,qkv.lora_B,5
1768389094.8551316,3124,97.65625,0.08498920500278473,Grad/qkv.lora_B,outputs_dev/vitb16/T=vtab_Q=3bit_L=lora_2_qkv-fc1-proj-fc2/cifar/20260114184203_default_acc=53.50/tensorboard/Grad_qkv.lora_B_block_5/events.out.tfevents.1768387346.master-192-168-8-48.1680.3,qkv.lora_B,5
1768389095.251188,3125,97.6875,0.027737339958548546,Grad/qkv.lora_B,outputs_dev/vitb16/T=vtab_Q=3bit_L=lora_2_qkv-fc1-proj-fc2/cifar/20260114184203_default_acc=53.50/tensorboard/Grad_qkv.lora_B_block_5/events.out.tfevents.1768387346.master-192-168-8-48.1680.3,qkv.lora_B,5
1768389095.645042,3126,97.71875,0.1053641065955162,Grad/qkv.lora_B,outputs_dev/vitb16/T=vtab_Q=3bit_L=lora_2_qkv-fc1-proj-fc2/cifar/20260114184203_default_acc=53.50/tensorboard/Grad_qkv.lora_B_block_5/events.out.tfevents.1768387346.master-192-168-8-48.1680.3,qkv.lora_B,5
1768389096.0294774,3127,97.75,0.03283240273594856,Grad/qkv.lora_B,outputs_dev/vitb16/T=vtab_Q=3bit_L=lora_2_qkv-fc1-proj-fc2/cifar/20260114184203_default_acc=53.50/tensorboard/Grad_qkv.lora_B_block_5/events.out.tfevents.1768387346.master-192-168-8-48.1680.3,qkv.lora_B,5
1768389096.4258478,3128,97.78125,0.059475503861904144,Grad/qkv.lora_B,outputs_dev/vitb16/T=vtab_Q=3bit_L=lora_2_qkv-fc1-proj-fc2/cifar/20260114184203_default_acc=53.50/tensorboard/Grad_qkv.lora_B_block_5/events.out.tfevents.1768387346.master-192-168-8-48.1680.3,qkv.lora_B,5
1768389096.818196,3129,97.8125,0.20645692944526672,Grad/qkv.lora_B,outputs_dev/vitb16/T=vtab_Q=3bit_L=lora_2_qkv-fc1-proj-fc2/cifar/20260114184203_default_acc=53.50/tensorboard/Grad_qkv.lora_B_block_5/events.out.tfevents.1768387346.master-192-168-8-48.1680.3,qkv.lora_B,5
1768389097.2129374,3130,97.84375,0.016389887779951096,Grad/qkv.lora_B,outputs_dev/vitb16/T=vtab_Q=3bit_L=lora_2_qkv-fc1-proj-fc2/cifar/20260114184203_default_acc=53.50/tensorboard/Grad_qkv.lora_B_block_5/events.out.tfevents.1768387346.master-192-168-8-48.1680.3,qkv.lora_B,5
1768389097.612871,3131,97.875,0.08873941749334335,Grad/qkv.lora_B,outputs_dev/vitb16/T=vtab_Q=3bit_L=lora_2_qkv-fc1-proj-fc2/cifar/20260114184203_default_acc=53.50/tensorboard/Grad_qkv.lora_B_block_5/events.out.tfevents.1768387346.master-192-168-8-48.1680.3,qkv.lora_B,5
1768389098.0063684,3132,97.90625,0.3591645359992981,Grad/qkv.lora_B,outputs_dev/vitb16/T=vtab_Q=3bit_L=lora_2_qkv-fc1-proj-fc2/cifar/20260114184203_default_acc=53.50/tensorboard/Grad_qkv.lora_B_block_5/events.out.tfevents.1768387346.master-192-168-8-48.1680.3,qkv.lora_B,5
1768389098.4007614,3133,97.9375,0.1297186017036438,Grad/qkv.lora_B,outputs_dev/vitb16/T=vtab_Q=3bit_L=lora_2_qkv-fc1-proj-fc2/cifar/20260114184203_default_acc=53.50/tensorboard/Grad_qkv.lora_B_block_5/events.out.tfevents.1768387346.master-192-168-8-48.1680.3,qkv.lora_B,5
1768389098.80971,3134,97.96875,0.035873569548130035,Grad/qkv.lora_B,outputs_dev/vitb16/T=vtab_Q=3bit_L=lora_2_qkv-fc1-proj-fc2/cifar/20260114184203_default_acc=53.50/tensorboard/Grad_qkv.lora_B_block_5/events.out.tfevents.1768387346.master-192-168-8-48.1680.3,qkv.lora_B,5
1768389099.08334,3135,98.0,0.29616522789001465,Grad/qkv.lora_B,outputs_dev/vitb16/T=vtab_Q=3bit_L=lora_2_qkv-fc1-proj-fc2/cifar/20260114184203_default_acc=53.50/tensorboard/Grad_qkv.lora_B_block_5/events.out.tfevents.1768387346.master-192-168-8-48.1680.3,qkv.lora_B,5
1768389099.9596345,3136,98.03125,0.04907259717583656,Grad/qkv.lora_B,outputs_dev/vitb16/T=vtab_Q=3bit_L=lora_2_qkv-fc1-proj-fc2/cifar/20260114184203_default_acc=53.50/tensorboard/Grad_qkv.lora_B_block_5/events.out.tfevents.1768387346.master-192-168-8-48.1680.3,qkv.lora_B,5
1768389100.3580916,3137,98.0625,0.019167643040418625,Grad/qkv.lora_B,outputs_dev/vitb16/T=vtab_Q=3bit_L=lora_2_qkv-fc1-proj-fc2/cifar/20260114184203_default_acc=53.50/tensorboard/Grad_qkv.lora_B_block_5/events.out.tfevents.1768387346.master-192-168-8-48.1680.3,qkv.lora_B,5
1768389100.7517378,3138,98.09375,0.019194256514310837,Grad/qkv.lora_B,outputs_dev/vitb16/T=vtab_Q=3bit_L=lora_2_qkv-fc1-proj-fc2/cifar/20260114184203_default_acc=53.50/tensorboard/Grad_qkv.lora_B_block_5/events.out.tfevents.1768387346.master-192-168-8-48.1680.3,qkv.lora_B,5
1768389101.1498077,3139,98.125,0.08745305985212326,Grad/qkv.lora_B,outputs_dev/vitb16/T=vtab_Q=3bit_L=lora_2_qkv-fc1-proj-fc2/cifar/20260114184203_default_acc=53.50/tensorboard/Grad_qkv.lora_B_block_5/events.out.tfevents.1768387346.master-192-168-8-48.1680.3,qkv.lora_B,5
1768389101.5465653,3140,98.15625,0.08281754702329636,Grad/qkv.lora_B,outputs_dev/vitb16/T=vtab_Q=3bit_L=lora_2_qkv-fc1-proj-fc2/cifar/20260114184203_default_acc=53.50/tensorboard/Grad_qkv.lora_B_block_5/events.out.tfevents.1768387346.master-192-168-8-48.1680.3,qkv.lora_B,5
1768389101.9574778,3141,98.1875,0.0800342783331871,Grad/qkv.lora_B,outputs_dev/vitb16/T=vtab_Q=3bit_L=lora_2_qkv-fc1-proj-fc2/cifar/20260114184203_default_acc=53.50/tensorboard/Grad_qkv.lora_B_block_5/events.out.tfevents.1768387346.master-192-168-8-48.1680.3,qkv.lora_B,5
1768389102.3542502,3142,98.21875,0.018420273438096046,Grad/qkv.lora_B,outputs_dev/vitb16/T=vtab_Q=3bit_L=lora_2_qkv-fc1-proj-fc2/cifar/20260114184203_default_acc=53.50/tensorboard/Grad_qkv.lora_B_block_5/events.out.tfevents.1768387346.master-192-168-8-48.1680.3,qkv.lora_B,5
1768389102.7483552,3143,98.25,0.0926784798502922,Grad/qkv.lora_B,outputs_dev/vitb16/T=vtab_Q=3bit_L=lora_2_qkv-fc1-proj-fc2/cifar/20260114184203_default_acc=53.50/tensorboard/Grad_qkv.lora_B_block_5/events.out.tfevents.1768387346.master-192-168-8-48.1680.3,qkv.lora_B,5
1768389103.1549628,3144,98.28125,0.11641162633895874,Grad/qkv.lora_B,outputs_dev/vitb16/T=vtab_Q=3bit_L=lora_2_qkv-fc1-proj-fc2/cifar/20260114184203_default_acc=53.50/tensorboard/Grad_qkv.lora_B_block_5/events.out.tfevents.1768387346.master-192-168-8-48.1680.3,qkv.lora_B,5
1768389103.5645552,3145,98.3125,0.021634209901094437,Grad/qkv.lora_B,outputs_dev/vitb16/T=vtab_Q=3bit_L=lora_2_qkv-fc1-proj-fc2/cifar/20260114184203_default_acc=53.50/tensorboard/Grad_qkv.lora_B_block_5/events.out.tfevents.1768387346.master-192-168-8-48.1680.3,qkv.lora_B,5
1768389103.9717512,3146,98.34375,0.12521737813949585,Grad/qkv.lora_B,outputs_dev/vitb16/T=vtab_Q=3bit_L=lora_2_qkv-fc1-proj-fc2/cifar/20260114184203_default_acc=53.50/tensorboard/Grad_qkv.lora_B_block_5/events.out.tfevents.1768387346.master-192-168-8-48.1680.3,qkv.lora_B,5
1768389104.3779383,3147,98.375,0.9469446539878845,Grad/qkv.lora_B,outputs_dev/vitb16/T=vtab_Q=3bit_L=lora_2_qkv-fc1-proj-fc2/cifar/20260114184203_default_acc=53.50/tensorboard/Grad_qkv.lora_B_block_5/events.out.tfevents.1768387346.master-192-168-8-48.1680.3,qkv.lora_B,5
1768389104.7840953,3148,98.40625,0.08858586102724075,Grad/qkv.lora_B,outputs_dev/vitb16/T=vtab_Q=3bit_L=lora_2_qkv-fc1-proj-fc2/cifar/20260114184203_default_acc=53.50/tensorboard/Grad_qkv.lora_B_block_5/events.out.tfevents.1768387346.master-192-168-8-48.1680.3,qkv.lora_B,5
1768389105.1646187,3149,98.4375,0.08442901074886322,Grad/qkv.lora_B,outputs_dev/vitb16/T=vtab_Q=3bit_L=lora_2_qkv-fc1-proj-fc2/cifar/20260114184203_default_acc=53.50/tensorboard/Grad_qkv.lora_B_block_5/events.out.tfevents.1768387346.master-192-168-8-48.1680.3,qkv.lora_B,5
1768389105.5591328,3150,98.46875,0.017349522560834885,Grad/qkv.lora_B,outputs_dev/vitb16/T=vtab_Q=3bit_L=lora_2_qkv-fc1-proj-fc2/cifar/20260114184203_default_acc=53.50/tensorboard/Grad_qkv.lora_B_block_5/events.out.tfevents.1768387346.master-192-168-8-48.1680.3,qkv.lora_B,5
1768389105.9548965,3151,98.5,0.023335959762334824,Grad/qkv.lora_B,outputs_dev/vitb16/T=vtab_Q=3bit_L=lora_2_qkv-fc1-proj-fc2/cifar/20260114184203_default_acc=53.50/tensorboard/Grad_qkv.lora_B_block_5/events.out.tfevents.1768387346.master-192-168-8-48.1680.3,qkv.lora_B,5
1768389106.348114,3152,98.53125,0.03927137330174446,Grad/qkv.lora_B,outputs_dev/vitb16/T=vtab_Q=3bit_L=lora_2_qkv-fc1-proj-fc2/cifar/20260114184203_default_acc=53.50/tensorboard/Grad_qkv.lora_B_block_5/events.out.tfevents.1768387346.master-192-168-8-48.1680.3,qkv.lora_B,5
1768389106.7435,3153,98.5625,0.07657264173030853,Grad/qkv.lora_B,outputs_dev/vitb16/T=vtab_Q=3bit_L=lora_2_qkv-fc1-proj-fc2/cifar/20260114184203_default_acc=53.50/tensorboard/Grad_qkv.lora_B_block_5/events.out.tfevents.1768387346.master-192-168-8-48.1680.3,qkv.lora_B,5
1768389107.1393857,3154,98.59375,0.03498956933617592,Grad/qkv.lora_B,outputs_dev/vitb16/T=vtab_Q=3bit_L=lora_2_qkv-fc1-proj-fc2/cifar/20260114184203_default_acc=53.50/tensorboard/Grad_qkv.lora_B_block_5/events.out.tfevents.1768387346.master-192-168-8-48.1680.3,qkv.lora_B,5
1768389107.5329375,3155,98.625,0.02780504897236824,Grad/qkv.lora_B,outputs_dev/vitb16/T=vtab_Q=3bit_L=lora_2_qkv-fc1-proj-fc2/cifar/20260114184203_default_acc=53.50/tensorboard/Grad_qkv.lora_B_block_5/events.out.tfevents.1768387346.master-192-168-8-48.1680.3,qkv.lora_B,5
1768389107.9246552,3156,98.65625,0.016043400391936302,Grad/qkv.lora_B,outputs_dev/vitb16/T=vtab_Q=3bit_L=lora_2_qkv-fc1-proj-fc2/cifar/20260114184203_default_acc=53.50/tensorboard/Grad_qkv.lora_B_block_5/events.out.tfevents.1768387346.master-192-168-8-48.1680.3,qkv.lora_B,5
1768389108.3168933,3157,98.6875,0.052606433629989624,Grad/qkv.lora_B,outputs_dev/vitb16/T=vtab_Q=3bit_L=lora_2_qkv-fc1-proj-fc2/cifar/20260114184203_default_acc=53.50/tensorboard/Grad_qkv.lora_B_block_5/events.out.tfevents.1768387346.master-192-168-8-48.1680.3,qkv.lora_B,5
1768389108.7106767,3158,98.71875,0.033611178398132324,Grad/qkv.lora_B,outputs_dev/vitb16/T=vtab_Q=3bit_L=lora_2_qkv-fc1-proj-fc2/cifar/20260114184203_default_acc=53.50/tensorboard/Grad_qkv.lora_B_block_5/events.out.tfevents.1768387346.master-192-168-8-48.1680.3,qkv.lora_B,5
1768389109.1026726,3159,98.75,0.028965694829821587,Grad/qkv.lora_B,outputs_dev/vitb16/T=vtab_Q=3bit_L=lora_2_qkv-fc1-proj-fc2/cifar/20260114184203_default_acc=53.50/tensorboard/Grad_qkv.lora_B_block_5/events.out.tfevents.1768387346.master-192-168-8-48.1680.3,qkv.lora_B,5
1768389109.4846828,3160,98.78125,0.21704915165901184,Grad/qkv.lora_B,outputs_dev/vitb16/T=vtab_Q=3bit_L=lora_2_qkv-fc1-proj-fc2/cifar/20260114184203_default_acc=53.50/tensorboard/Grad_qkv.lora_B_block_5/events.out.tfevents.1768387346.master-192-168-8-48.1680.3,qkv.lora_B,5
1768389109.8794053,3161,98.8125,0.023295706138014793,Grad/qkv.lora_B,outputs_dev/vitb16/T=vtab_Q=3bit_L=lora_2_qkv-fc1-proj-fc2/cifar/20260114184203_default_acc=53.50/tensorboard/Grad_qkv.lora_B_block_5/events.out.tfevents.1768387346.master-192-168-8-48.1680.3,qkv.lora_B,5
1768389110.2756035,3162,98.84375,0.030597427859902382,Grad/qkv.lora_B,outputs_dev/vitb16/T=vtab_Q=3bit_L=lora_2_qkv-fc1-proj-fc2/cifar/20260114184203_default_acc=53.50/tensorboard/Grad_qkv.lora_B_block_5/events.out.tfevents.1768387346.master-192-168-8-48.1680.3,qkv.lora_B,5
1768389110.6697805,3163,98.875,0.02259179949760437,Grad/qkv.lora_B,outputs_dev/vitb16/T=vtab_Q=3bit_L=lora_2_qkv-fc1-proj-fc2/cifar/20260114184203_default_acc=53.50/tensorboard/Grad_qkv.lora_B_block_5/events.out.tfevents.1768387346.master-192-168-8-48.1680.3,qkv.lora_B,5
1768389111.0652385,3164,98.90625,0.07665218412876129,Grad/qkv.lora_B,outputs_dev/vitb16/T=vtab_Q=3bit_L=lora_2_qkv-fc1-proj-fc2/cifar/20260114184203_default_acc=53.50/tensorboard/Grad_qkv.lora_B_block_5/events.out.tfevents.1768387346.master-192-168-8-48.1680.3,qkv.lora_B,5
1768389111.4533975,3165,98.9375,0.03032340295612812,Grad/qkv.lora_B,outputs_dev/vitb16/T=vtab_Q=3bit_L=lora_2_qkv-fc1-proj-fc2/cifar/20260114184203_default_acc=53.50/tensorboard/Grad_qkv.lora_B_block_5/events.out.tfevents.1768387346.master-192-168-8-48.1680.3,qkv.lora_B,5
1768389111.8682144,3166,98.96875,0.03214547038078308,Grad/qkv.lora_B,outputs_dev/vitb16/T=vtab_Q=3bit_L=lora_2_qkv-fc1-proj-fc2/cifar/20260114184203_default_acc=53.50/tensorboard/Grad_qkv.lora_B_block_5/events.out.tfevents.1768387346.master-192-168-8-48.1680.3,qkv.lora_B,5
1768389112.0602858,3167,99.0,0.0826081782579422,Grad/qkv.lora_B,outputs_dev/vitb16/T=vtab_Q=3bit_L=lora_2_qkv-fc1-proj-fc2/cifar/20260114184203_default_acc=53.50/tensorboard/Grad_qkv.lora_B_block_5/events.out.tfevents.1768387346.master-192-168-8-48.1680.3,qkv.lora_B,5
1768389112.794981,3168,99.03125,0.48872289061546326,Grad/qkv.lora_B,outputs_dev/vitb16/T=vtab_Q=3bit_L=lora_2_qkv-fc1-proj-fc2/cifar/20260114184203_default_acc=53.50/tensorboard/Grad_qkv.lora_B_block_5/events.out.tfevents.1768387346.master-192-168-8-48.1680.3,qkv.lora_B,5
1768389113.1916819,3169,99.0625,0.027840765193104744,Grad/qkv.lora_B,outputs_dev/vitb16/T=vtab_Q=3bit_L=lora_2_qkv-fc1-proj-fc2/cifar/20260114184203_default_acc=53.50/tensorboard/Grad_qkv.lora_B_block_5/events.out.tfevents.1768387346.master-192-168-8-48.1680.3,qkv.lora_B,5
1768389113.5764656,3170,99.09375,0.02726668305695057,Grad/qkv.lora_B,outputs_dev/vitb16/T=vtab_Q=3bit_L=lora_2_qkv-fc1-proj-fc2/cifar/20260114184203_default_acc=53.50/tensorboard/Grad_qkv.lora_B_block_5/events.out.tfevents.1768387346.master-192-168-8-48.1680.3,qkv.lora_B,5
1768389113.9716039,3171,99.125,0.15129248797893524,Grad/qkv.lora_B,outputs_dev/vitb16/T=vtab_Q=3bit_L=lora_2_qkv-fc1-proj-fc2/cifar/20260114184203_default_acc=53.50/tensorboard/Grad_qkv.lora_B_block_5/events.out.tfevents.1768387346.master-192-168-8-48.1680.3,qkv.lora_B,5
1768389114.353973,3172,99.15625,0.017112212255597115,Grad/qkv.lora_B,outputs_dev/vitb16/T=vtab_Q=3bit_L=lora_2_qkv-fc1-proj-fc2/cifar/20260114184203_default_acc=53.50/tensorboard/Grad_qkv.lora_B_block_5/events.out.tfevents.1768387346.master-192-168-8-48.1680.3,qkv.lora_B,5
1768389114.7508342,3173,99.1875,0.147475466132164,Grad/qkv.lora_B,outputs_dev/vitb16/T=vtab_Q=3bit_L=lora_2_qkv-fc1-proj-fc2/cifar/20260114184203_default_acc=53.50/tensorboard/Grad_qkv.lora_B_block_5/events.out.tfevents.1768387346.master-192-168-8-48.1680.3,qkv.lora_B,5
1768389115.1578035,3174,99.21875,0.05307616665959358,Grad/qkv.lora_B,outputs_dev/vitb16/T=vtab_Q=3bit_L=lora_2_qkv-fc1-proj-fc2/cifar/20260114184203_default_acc=53.50/tensorboard/Grad_qkv.lora_B_block_5/events.out.tfevents.1768387346.master-192-168-8-48.1680.3,qkv.lora_B,5
1768389115.5562084,3175,99.25,0.034231867641210556,Grad/qkv.lora_B,outputs_dev/vitb16/T=vtab_Q=3bit_L=lora_2_qkv-fc1-proj-fc2/cifar/20260114184203_default_acc=53.50/tensorboard/Grad_qkv.lora_B_block_5/events.out.tfevents.1768387346.master-192-168-8-48.1680.3,qkv.lora_B,5
1768389115.9503458,3176,99.28125,0.15828049182891846,Grad/qkv.lora_B,outputs_dev/vitb16/T=vtab_Q=3bit_L=lora_2_qkv-fc1-proj-fc2/cifar/20260114184203_default_acc=53.50/tensorboard/Grad_qkv.lora_B_block_5/events.out.tfevents.1768387346.master-192-168-8-48.1680.3,qkv.lora_B,5
1768389116.341449,3177,99.3125,0.026327678933739662,Grad/qkv.lora_B,outputs_dev/vitb16/T=vtab_Q=3bit_L=lora_2_qkv-fc1-proj-fc2/cifar/20260114184203_default_acc=53.50/tensorboard/Grad_qkv.lora_B_block_5/events.out.tfevents.1768387346.master-192-168-8-48.1680.3,qkv.lora_B,5
1768389116.74901,3178,99.34375,0.05687619000673294,Grad/qkv.lora_B,outputs_dev/vitb16/T=vtab_Q=3bit_L=lora_2_qkv-fc1-proj-fc2/cifar/20260114184203_default_acc=53.50/tensorboard/Grad_qkv.lora_B_block_5/events.out.tfevents.1768387346.master-192-168-8-48.1680.3,qkv.lora_B,5
1768389117.1399944,3179,99.375,0.017142141237854958,Grad/qkv.lora_B,outputs_dev/vitb16/T=vtab_Q=3bit_L=lora_2_qkv-fc1-proj-fc2/cifar/20260114184203_default_acc=53.50/tensorboard/Grad_qkv.lora_B_block_5/events.out.tfevents.1768387346.master-192-168-8-48.1680.3,qkv.lora_B,5
1768389117.5307548,3180,99.40625,0.11514833569526672,Grad/qkv.lora_B,outputs_dev/vitb16/T=vtab_Q=3bit_L=lora_2_qkv-fc1-proj-fc2/cifar/20260114184203_default_acc=53.50/tensorboard/Grad_qkv.lora_B_block_5/events.out.tfevents.1768387346.master-192-168-8-48.1680.3,qkv.lora_B,5
1768389117.9529421,3181,99.4375,0.03598354756832123,Grad/qkv.lora_B,outputs_dev/vitb16/T=vtab_Q=3bit_L=lora_2_qkv-fc1-proj-fc2/cifar/20260114184203_default_acc=53.50/tensorboard/Grad_qkv.lora_B_block_5/events.out.tfevents.1768387346.master-192-168-8-48.1680.3,qkv.lora_B,5
1768389118.3618333,3182,99.46875,0.03959755599498749,Grad/qkv.lora_B,outputs_dev/vitb16/T=vtab_Q=3bit_L=lora_2_qkv-fc1-proj-fc2/cifar/20260114184203_default_acc=53.50/tensorboard/Grad_qkv.lora_B_block_5/events.out.tfevents.1768387346.master-192-168-8-48.1680.3,qkv.lora_B,5
1768389118.7505786,3183,99.5,0.03248157724738121,Grad/qkv.lora_B,outputs_dev/vitb16/T=vtab_Q=3bit_L=lora_2_qkv-fc1-proj-fc2/cifar/20260114184203_default_acc=53.50/tensorboard/Grad_qkv.lora_B_block_5/events.out.tfevents.1768387346.master-192-168-8-48.1680.3,qkv.lora_B,5
1768389119.1447997,3184,99.53125,0.06914649158716202,Grad/qkv.lora_B,outputs_dev/vitb16/T=vtab_Q=3bit_L=lora_2_qkv-fc1-proj-fc2/cifar/20260114184203_default_acc=53.50/tensorboard/Grad_qkv.lora_B_block_5/events.out.tfevents.1768387346.master-192-168-8-48.1680.3,qkv.lora_B,5
1768389119.5385141,3185,99.5625,0.0782230868935585,Grad/qkv.lora_B,outputs_dev/vitb16/T=vtab_Q=3bit_L=lora_2_qkv-fc1-proj-fc2/cifar/20260114184203_default_acc=53.50/tensorboard/Grad_qkv.lora_B_block_5/events.out.tfevents.1768387346.master-192-168-8-48.1680.3,qkv.lora_B,5
1768389119.9336295,3186,99.59375,0.07883879542350769,Grad/qkv.lora_B,outputs_dev/vitb16/T=vtab_Q=3bit_L=lora_2_qkv-fc1-proj-fc2/cifar/20260114184203_default_acc=53.50/tensorboard/Grad_qkv.lora_B_block_5/events.out.tfevents.1768387346.master-192-168-8-48.1680.3,qkv.lora_B,5
1768389120.3287,3187,99.625,0.06059851497411728,Grad/qkv.lora_B,outputs_dev/vitb16/T=vtab_Q=3bit_L=lora_2_qkv-fc1-proj-fc2/cifar/20260114184203_default_acc=53.50/tensorboard/Grad_qkv.lora_B_block_5/events.out.tfevents.1768387346.master-192-168-8-48.1680.3,qkv.lora_B,5
1768389120.7203863,3188,99.65625,0.09280786663293839,Grad/qkv.lora_B,outputs_dev/vitb16/T=vtab_Q=3bit_L=lora_2_qkv-fc1-proj-fc2/cifar/20260114184203_default_acc=53.50/tensorboard/Grad_qkv.lora_B_block_5/events.out.tfevents.1768387346.master-192-168-8-48.1680.3,qkv.lora_B,5
1768389121.1163554,3189,99.6875,0.056066710501909256,Grad/qkv.lora_B,outputs_dev/vitb16/T=vtab_Q=3bit_L=lora_2_qkv-fc1-proj-fc2/cifar/20260114184203_default_acc=53.50/tensorboard/Grad_qkv.lora_B_block_5/events.out.tfevents.1768387346.master-192-168-8-48.1680.3,qkv.lora_B,5
1768389121.5080276,3190,99.71875,0.028310192748904228,Grad/qkv.lora_B,outputs_dev/vitb16/T=vtab_Q=3bit_L=lora_2_qkv-fc1-proj-fc2/cifar/20260114184203_default_acc=53.50/tensorboard/Grad_qkv.lora_B_block_5/events.out.tfevents.1768387346.master-192-168-8-48.1680.3,qkv.lora_B,5
1768389121.902129,3191,99.75,0.07667381316423416,Grad/qkv.lora_B,outputs_dev/vitb16/T=vtab_Q=3bit_L=lora_2_qkv-fc1-proj-fc2/cifar/20260114184203_default_acc=53.50/tensorboard/Grad_qkv.lora_B_block_5/events.out.tfevents.1768387346.master-192-168-8-48.1680.3,qkv.lora_B,5
1768389122.3005378,3192,99.78125,0.02978285402059555,Grad/qkv.lora_B,outputs_dev/vitb16/T=vtab_Q=3bit_L=lora_2_qkv-fc1-proj-fc2/cifar/20260114184203_default_acc=53.50/tensorboard/Grad_qkv.lora_B_block_5/events.out.tfevents.1768387346.master-192-168-8-48.1680.3,qkv.lora_B,5
1768389122.6925673,3193,99.8125,0.028841612860560417,Grad/qkv.lora_B,outputs_dev/vitb16/T=vtab_Q=3bit_L=lora_2_qkv-fc1-proj-fc2/cifar/20260114184203_default_acc=53.50/tensorboard/Grad_qkv.lora_B_block_5/events.out.tfevents.1768387346.master-192-168-8-48.1680.3,qkv.lora_B,5
1768389123.08713,3194,99.84375,0.2333943098783493,Grad/qkv.lora_B,outputs_dev/vitb16/T=vtab_Q=3bit_L=lora_2_qkv-fc1-proj-fc2/cifar/20260114184203_default_acc=53.50/tensorboard/Grad_qkv.lora_B_block_5/events.out.tfevents.1768387346.master-192-168-8-48.1680.3,qkv.lora_B,5
1768389123.481992,3195,99.875,0.15566301345825195,Grad/qkv.lora_B,outputs_dev/vitb16/T=vtab_Q=3bit_L=lora_2_qkv-fc1-proj-fc2/cifar/20260114184203_default_acc=53.50/tensorboard/Grad_qkv.lora_B_block_5/events.out.tfevents.1768387346.master-192-168-8-48.1680.3,qkv.lora_B,5
1768389123.8741724,3196,99.90625,0.04499655216932297,Grad/qkv.lora_B,outputs_dev/vitb16/T=vtab_Q=3bit_L=lora_2_qkv-fc1-proj-fc2/cifar/20260114184203_default_acc=53.50/tensorboard/Grad_qkv.lora_B_block_5/events.out.tfevents.1768387346.master-192-168-8-48.1680.3,qkv.lora_B,5
1768389124.2695143,3197,99.9375,0.03231010213494301,Grad/qkv.lora_B,outputs_dev/vitb16/T=vtab_Q=3bit_L=lora_2_qkv-fc1-proj-fc2/cifar/20260114184203_default_acc=53.50/tensorboard/Grad_qkv.lora_B_block_5/events.out.tfevents.1768387346.master-192-168-8-48.1680.3,qkv.lora_B,5
1768389124.6844695,3198,99.96875,0.03057449497282505,Grad/qkv.lora_B,outputs_dev/vitb16/T=vtab_Q=3bit_L=lora_2_qkv-fc1-proj-fc2/cifar/20260114184203_default_acc=53.50/tensorboard/Grad_qkv.lora_B_block_5/events.out.tfevents.1768387346.master-192-168-8-48.1680.3,qkv.lora_B,5
1768389124.9412296,3199,100.0,0.054556816816329956,Grad/qkv.lora_B,outputs_dev/vitb16/T=vtab_Q=3bit_L=lora_2_qkv-fc1-proj-fc2/cifar/20260114184203_default_acc=53.50/tensorboard/Grad_qkv.lora_B_block_5/events.out.tfevents.1768387346.master-192-168-8-48.1680.3,qkv.lora_B,5
