wall_time,step,epoch,value,tag,event_file,parameter,block
1768387348.176696,0,0.03125,0.05558836832642555,Grad/mlp.fc2.lora_B,outputs_dev/vitb16/T=vtab_Q=3bit_L=lora_2_qkv-fc1-proj-fc2/cifar/20260114184203_default_acc=53.50/tensorboard/Grad_mlp.fc2.lora_B_block_5/events.out.tfevents.1768387349.master-192-168-8-48.1680.9,mlp.fc2.lora_B,5
1768387349.6452131,1,0.0625,0.05889735370874405,Grad/mlp.fc2.lora_B,outputs_dev/vitb16/T=vtab_Q=3bit_L=lora_2_qkv-fc1-proj-fc2/cifar/20260114184203_default_acc=53.50/tensorboard/Grad_mlp.fc2.lora_B_block_5/events.out.tfevents.1768387349.master-192-168-8-48.1680.9,mlp.fc2.lora_B,5
1768387350.0665364,2,0.09375,0.05901557579636574,Grad/mlp.fc2.lora_B,outputs_dev/vitb16/T=vtab_Q=3bit_L=lora_2_qkv-fc1-proj-fc2/cifar/20260114184203_default_acc=53.50/tensorboard/Grad_mlp.fc2.lora_B_block_5/events.out.tfevents.1768387349.master-192-168-8-48.1680.9,mlp.fc2.lora_B,5
1768387350.486471,3,0.125,0.062105972319841385,Grad/mlp.fc2.lora_B,outputs_dev/vitb16/T=vtab_Q=3bit_L=lora_2_qkv-fc1-proj-fc2/cifar/20260114184203_default_acc=53.50/tensorboard/Grad_mlp.fc2.lora_B_block_5/events.out.tfevents.1768387349.master-192-168-8-48.1680.9,mlp.fc2.lora_B,5
1768387350.9072537,4,0.15625,0.05672037601470947,Grad/mlp.fc2.lora_B,outputs_dev/vitb16/T=vtab_Q=3bit_L=lora_2_qkv-fc1-proj-fc2/cifar/20260114184203_default_acc=53.50/tensorboard/Grad_mlp.fc2.lora_B_block_5/events.out.tfevents.1768387349.master-192-168-8-48.1680.9,mlp.fc2.lora_B,5
1768387351.3340647,5,0.1875,0.06222803518176079,Grad/mlp.fc2.lora_B,outputs_dev/vitb16/T=vtab_Q=3bit_L=lora_2_qkv-fc1-proj-fc2/cifar/20260114184203_default_acc=53.50/tensorboard/Grad_mlp.fc2.lora_B_block_5/events.out.tfevents.1768387349.master-192-168-8-48.1680.9,mlp.fc2.lora_B,5
1768387351.773418,6,0.21875,0.07054702192544937,Grad/mlp.fc2.lora_B,outputs_dev/vitb16/T=vtab_Q=3bit_L=lora_2_qkv-fc1-proj-fc2/cifar/20260114184203_default_acc=53.50/tensorboard/Grad_mlp.fc2.lora_B_block_5/events.out.tfevents.1768387349.master-192-168-8-48.1680.9,mlp.fc2.lora_B,5
1768387352.2078435,7,0.25,0.05994214862585068,Grad/mlp.fc2.lora_B,outputs_dev/vitb16/T=vtab_Q=3bit_L=lora_2_qkv-fc1-proj-fc2/cifar/20260114184203_default_acc=53.50/tensorboard/Grad_mlp.fc2.lora_B_block_5/events.out.tfevents.1768387349.master-192-168-8-48.1680.9,mlp.fc2.lora_B,5
1768387352.6273499,8,0.28125,0.058805547654628754,Grad/mlp.fc2.lora_B,outputs_dev/vitb16/T=vtab_Q=3bit_L=lora_2_qkv-fc1-proj-fc2/cifar/20260114184203_default_acc=53.50/tensorboard/Grad_mlp.fc2.lora_B_block_5/events.out.tfevents.1768387349.master-192-168-8-48.1680.9,mlp.fc2.lora_B,5
1768387353.0617006,9,0.3125,0.054651498794555664,Grad/mlp.fc2.lora_B,outputs_dev/vitb16/T=vtab_Q=3bit_L=lora_2_qkv-fc1-proj-fc2/cifar/20260114184203_default_acc=53.50/tensorboard/Grad_mlp.fc2.lora_B_block_5/events.out.tfevents.1768387349.master-192-168-8-48.1680.9,mlp.fc2.lora_B,5
1768387353.4954302,10,0.34375,0.06026607006788254,Grad/mlp.fc2.lora_B,outputs_dev/vitb16/T=vtab_Q=3bit_L=lora_2_qkv-fc1-proj-fc2/cifar/20260114184203_default_acc=53.50/tensorboard/Grad_mlp.fc2.lora_B_block_5/events.out.tfevents.1768387349.master-192-168-8-48.1680.9,mlp.fc2.lora_B,5
1768387353.9165883,11,0.375,0.05892784148454666,Grad/mlp.fc2.lora_B,outputs_dev/vitb16/T=vtab_Q=3bit_L=lora_2_qkv-fc1-proj-fc2/cifar/20260114184203_default_acc=53.50/tensorboard/Grad_mlp.fc2.lora_B_block_5/events.out.tfevents.1768387349.master-192-168-8-48.1680.9,mlp.fc2.lora_B,5
1768387354.3516073,12,0.40625,0.07017926126718521,Grad/mlp.fc2.lora_B,outputs_dev/vitb16/T=vtab_Q=3bit_L=lora_2_qkv-fc1-proj-fc2/cifar/20260114184203_default_acc=53.50/tensorboard/Grad_mlp.fc2.lora_B_block_5/events.out.tfevents.1768387349.master-192-168-8-48.1680.9,mlp.fc2.lora_B,5
1768387354.7712476,13,0.4375,0.05915755406022072,Grad/mlp.fc2.lora_B,outputs_dev/vitb16/T=vtab_Q=3bit_L=lora_2_qkv-fc1-proj-fc2/cifar/20260114184203_default_acc=53.50/tensorboard/Grad_mlp.fc2.lora_B_block_5/events.out.tfevents.1768387349.master-192-168-8-48.1680.9,mlp.fc2.lora_B,5
1768387355.1904483,14,0.46875,0.06153087317943573,Grad/mlp.fc2.lora_B,outputs_dev/vitb16/T=vtab_Q=3bit_L=lora_2_qkv-fc1-proj-fc2/cifar/20260114184203_default_acc=53.50/tensorboard/Grad_mlp.fc2.lora_B_block_5/events.out.tfevents.1768387349.master-192-168-8-48.1680.9,mlp.fc2.lora_B,5
1768387355.624382,15,0.5,0.059417713433504105,Grad/mlp.fc2.lora_B,outputs_dev/vitb16/T=vtab_Q=3bit_L=lora_2_qkv-fc1-proj-fc2/cifar/20260114184203_default_acc=53.50/tensorboard/Grad_mlp.fc2.lora_B_block_5/events.out.tfevents.1768387349.master-192-168-8-48.1680.9,mlp.fc2.lora_B,5
1768387356.058185,16,0.53125,0.06956765055656433,Grad/mlp.fc2.lora_B,outputs_dev/vitb16/T=vtab_Q=3bit_L=lora_2_qkv-fc1-proj-fc2/cifar/20260114184203_default_acc=53.50/tensorboard/Grad_mlp.fc2.lora_B_block_5/events.out.tfevents.1768387349.master-192-168-8-48.1680.9,mlp.fc2.lora_B,5
1768387356.490538,17,0.5625,0.05648262798786163,Grad/mlp.fc2.lora_B,outputs_dev/vitb16/T=vtab_Q=3bit_L=lora_2_qkv-fc1-proj-fc2/cifar/20260114184203_default_acc=53.50/tensorboard/Grad_mlp.fc2.lora_B_block_5/events.out.tfevents.1768387349.master-192-168-8-48.1680.9,mlp.fc2.lora_B,5
1768387356.9115055,18,0.59375,0.06003621593117714,Grad/mlp.fc2.lora_B,outputs_dev/vitb16/T=vtab_Q=3bit_L=lora_2_qkv-fc1-proj-fc2/cifar/20260114184203_default_acc=53.50/tensorboard/Grad_mlp.fc2.lora_B_block_5/events.out.tfevents.1768387349.master-192-168-8-48.1680.9,mlp.fc2.lora_B,5
1768387357.3321595,19,0.625,0.06376232206821442,Grad/mlp.fc2.lora_B,outputs_dev/vitb16/T=vtab_Q=3bit_L=lora_2_qkv-fc1-proj-fc2/cifar/20260114184203_default_acc=53.50/tensorboard/Grad_mlp.fc2.lora_B_block_5/events.out.tfevents.1768387349.master-192-168-8-48.1680.9,mlp.fc2.lora_B,5
1768387357.7513945,20,0.65625,0.05601206421852112,Grad/mlp.fc2.lora_B,outputs_dev/vitb16/T=vtab_Q=3bit_L=lora_2_qkv-fc1-proj-fc2/cifar/20260114184203_default_acc=53.50/tensorboard/Grad_mlp.fc2.lora_B_block_5/events.out.tfevents.1768387349.master-192-168-8-48.1680.9,mlp.fc2.lora_B,5
1768387358.1862519,21,0.6875,0.061661507934331894,Grad/mlp.fc2.lora_B,outputs_dev/vitb16/T=vtab_Q=3bit_L=lora_2_qkv-fc1-proj-fc2/cifar/20260114184203_default_acc=53.50/tensorboard/Grad_mlp.fc2.lora_B_block_5/events.out.tfevents.1768387349.master-192-168-8-48.1680.9,mlp.fc2.lora_B,5
1768387358.6048455,22,0.71875,0.059957705438137054,Grad/mlp.fc2.lora_B,outputs_dev/vitb16/T=vtab_Q=3bit_L=lora_2_qkv-fc1-proj-fc2/cifar/20260114184203_default_acc=53.50/tensorboard/Grad_mlp.fc2.lora_B_block_5/events.out.tfevents.1768387349.master-192-168-8-48.1680.9,mlp.fc2.lora_B,5
1768387359.0253139,23,0.75,0.06381164491176605,Grad/mlp.fc2.lora_B,outputs_dev/vitb16/T=vtab_Q=3bit_L=lora_2_qkv-fc1-proj-fc2/cifar/20260114184203_default_acc=53.50/tensorboard/Grad_mlp.fc2.lora_B_block_5/events.out.tfevents.1768387349.master-192-168-8-48.1680.9,mlp.fc2.lora_B,5
1768387359.4608052,24,0.78125,0.05834301933646202,Grad/mlp.fc2.lora_B,outputs_dev/vitb16/T=vtab_Q=3bit_L=lora_2_qkv-fc1-proj-fc2/cifar/20260114184203_default_acc=53.50/tensorboard/Grad_mlp.fc2.lora_B_block_5/events.out.tfevents.1768387349.master-192-168-8-48.1680.9,mlp.fc2.lora_B,5
1768387359.8789806,25,0.8125,0.060547955334186554,Grad/mlp.fc2.lora_B,outputs_dev/vitb16/T=vtab_Q=3bit_L=lora_2_qkv-fc1-proj-fc2/cifar/20260114184203_default_acc=53.50/tensorboard/Grad_mlp.fc2.lora_B_block_5/events.out.tfevents.1768387349.master-192-168-8-48.1680.9,mlp.fc2.lora_B,5
1768387360.3129158,26,0.84375,0.05781867727637291,Grad/mlp.fc2.lora_B,outputs_dev/vitb16/T=vtab_Q=3bit_L=lora_2_qkv-fc1-proj-fc2/cifar/20260114184203_default_acc=53.50/tensorboard/Grad_mlp.fc2.lora_B_block_5/events.out.tfevents.1768387349.master-192-168-8-48.1680.9,mlp.fc2.lora_B,5
1768387360.7301722,27,0.875,0.057441346347332,Grad/mlp.fc2.lora_B,outputs_dev/vitb16/T=vtab_Q=3bit_L=lora_2_qkv-fc1-proj-fc2/cifar/20260114184203_default_acc=53.50/tensorboard/Grad_mlp.fc2.lora_B_block_5/events.out.tfevents.1768387349.master-192-168-8-48.1680.9,mlp.fc2.lora_B,5
1768387361.1494334,28,0.90625,0.059284817427396774,Grad/mlp.fc2.lora_B,outputs_dev/vitb16/T=vtab_Q=3bit_L=lora_2_qkv-fc1-proj-fc2/cifar/20260114184203_default_acc=53.50/tensorboard/Grad_mlp.fc2.lora_B_block_5/events.out.tfevents.1768387349.master-192-168-8-48.1680.9,mlp.fc2.lora_B,5
1768387361.5845115,29,0.9375,0.06978551298379898,Grad/mlp.fc2.lora_B,outputs_dev/vitb16/T=vtab_Q=3bit_L=lora_2_qkv-fc1-proj-fc2/cifar/20260114184203_default_acc=53.50/tensorboard/Grad_mlp.fc2.lora_B_block_5/events.out.tfevents.1768387349.master-192-168-8-48.1680.9,mlp.fc2.lora_B,5
1768387361.9925015,30,0.96875,0.057618722319602966,Grad/mlp.fc2.lora_B,outputs_dev/vitb16/T=vtab_Q=3bit_L=lora_2_qkv-fc1-proj-fc2/cifar/20260114184203_default_acc=53.50/tensorboard/Grad_mlp.fc2.lora_B_block_5/events.out.tfevents.1768387349.master-192-168-8-48.1680.9,mlp.fc2.lora_B,5
1768387362.1890178,31,1.0,0.1240248754620552,Grad/mlp.fc2.lora_B,outputs_dev/vitb16/T=vtab_Q=3bit_L=lora_2_qkv-fc1-proj-fc2/cifar/20260114184203_default_acc=53.50/tensorboard/Grad_mlp.fc2.lora_B_block_5/events.out.tfevents.1768387349.master-192-168-8-48.1680.9,mlp.fc2.lora_B,5
1768387362.800835,32,1.03125,0.06243746727705002,Grad/mlp.fc2.lora_B,outputs_dev/vitb16/T=vtab_Q=3bit_L=lora_2_qkv-fc1-proj-fc2/cifar/20260114184203_default_acc=53.50/tensorboard/Grad_mlp.fc2.lora_B_block_5/events.out.tfevents.1768387349.master-192-168-8-48.1680.9,mlp.fc2.lora_B,5
1768387363.226114,33,1.0625,0.061651866883039474,Grad/mlp.fc2.lora_B,outputs_dev/vitb16/T=vtab_Q=3bit_L=lora_2_qkv-fc1-proj-fc2/cifar/20260114184203_default_acc=53.50/tensorboard/Grad_mlp.fc2.lora_B_block_5/events.out.tfevents.1768387349.master-192-168-8-48.1680.9,mlp.fc2.lora_B,5
1768387363.6540396,34,1.09375,0.05701037868857384,Grad/mlp.fc2.lora_B,outputs_dev/vitb16/T=vtab_Q=3bit_L=lora_2_qkv-fc1-proj-fc2/cifar/20260114184203_default_acc=53.50/tensorboard/Grad_mlp.fc2.lora_B_block_5/events.out.tfevents.1768387349.master-192-168-8-48.1680.9,mlp.fc2.lora_B,5
1768387364.0830295,35,1.125,0.06558594852685928,Grad/mlp.fc2.lora_B,outputs_dev/vitb16/T=vtab_Q=3bit_L=lora_2_qkv-fc1-proj-fc2/cifar/20260114184203_default_acc=53.50/tensorboard/Grad_mlp.fc2.lora_B_block_5/events.out.tfevents.1768387349.master-192-168-8-48.1680.9,mlp.fc2.lora_B,5
1768387364.51368,36,1.15625,0.051004331558942795,Grad/mlp.fc2.lora_B,outputs_dev/vitb16/T=vtab_Q=3bit_L=lora_2_qkv-fc1-proj-fc2/cifar/20260114184203_default_acc=53.50/tensorboard/Grad_mlp.fc2.lora_B_block_5/events.out.tfevents.1768387349.master-192-168-8-48.1680.9,mlp.fc2.lora_B,5
1768387364.9443884,37,1.1875,0.05755779147148132,Grad/mlp.fc2.lora_B,outputs_dev/vitb16/T=vtab_Q=3bit_L=lora_2_qkv-fc1-proj-fc2/cifar/20260114184203_default_acc=53.50/tensorboard/Grad_mlp.fc2.lora_B_block_5/events.out.tfevents.1768387349.master-192-168-8-48.1680.9,mlp.fc2.lora_B,5
1768387365.37532,38,1.21875,0.059220537543296814,Grad/mlp.fc2.lora_B,outputs_dev/vitb16/T=vtab_Q=3bit_L=lora_2_qkv-fc1-proj-fc2/cifar/20260114184203_default_acc=53.50/tensorboard/Grad_mlp.fc2.lora_B_block_5/events.out.tfevents.1768387349.master-192-168-8-48.1680.9,mlp.fc2.lora_B,5
1768387365.8005726,39,1.25,0.059034232050180435,Grad/mlp.fc2.lora_B,outputs_dev/vitb16/T=vtab_Q=3bit_L=lora_2_qkv-fc1-proj-fc2/cifar/20260114184203_default_acc=53.50/tensorboard/Grad_mlp.fc2.lora_B_block_5/events.out.tfevents.1768387349.master-192-168-8-48.1680.9,mlp.fc2.lora_B,5
1768387366.2245488,40,1.28125,0.056009285151958466,Grad/mlp.fc2.lora_B,outputs_dev/vitb16/T=vtab_Q=3bit_L=lora_2_qkv-fc1-proj-fc2/cifar/20260114184203_default_acc=53.50/tensorboard/Grad_mlp.fc2.lora_B_block_5/events.out.tfevents.1768387349.master-192-168-8-48.1680.9,mlp.fc2.lora_B,5
1768387366.6477003,41,1.3125,0.06381441652774811,Grad/mlp.fc2.lora_B,outputs_dev/vitb16/T=vtab_Q=3bit_L=lora_2_qkv-fc1-proj-fc2/cifar/20260114184203_default_acc=53.50/tensorboard/Grad_mlp.fc2.lora_B_block_5/events.out.tfevents.1768387349.master-192-168-8-48.1680.9,mlp.fc2.lora_B,5
1768387367.057323,42,1.34375,0.06128000468015671,Grad/mlp.fc2.lora_B,outputs_dev/vitb16/T=vtab_Q=3bit_L=lora_2_qkv-fc1-proj-fc2/cifar/20260114184203_default_acc=53.50/tensorboard/Grad_mlp.fc2.lora_B_block_5/events.out.tfevents.1768387349.master-192-168-8-48.1680.9,mlp.fc2.lora_B,5
1768387367.481536,43,1.375,0.06491848081350327,Grad/mlp.fc2.lora_B,outputs_dev/vitb16/T=vtab_Q=3bit_L=lora_2_qkv-fc1-proj-fc2/cifar/20260114184203_default_acc=53.50/tensorboard/Grad_mlp.fc2.lora_B_block_5/events.out.tfevents.1768387349.master-192-168-8-48.1680.9,mlp.fc2.lora_B,5
1768387367.907665,44,1.40625,0.06321430951356888,Grad/mlp.fc2.lora_B,outputs_dev/vitb16/T=vtab_Q=3bit_L=lora_2_qkv-fc1-proj-fc2/cifar/20260114184203_default_acc=53.50/tensorboard/Grad_mlp.fc2.lora_B_block_5/events.out.tfevents.1768387349.master-192-168-8-48.1680.9,mlp.fc2.lora_B,5
1768387368.331546,45,1.4375,0.05771617963910103,Grad/mlp.fc2.lora_B,outputs_dev/vitb16/T=vtab_Q=3bit_L=lora_2_qkv-fc1-proj-fc2/cifar/20260114184203_default_acc=53.50/tensorboard/Grad_mlp.fc2.lora_B_block_5/events.out.tfevents.1768387349.master-192-168-8-48.1680.9,mlp.fc2.lora_B,5
1768387368.7738216,46,1.46875,0.057493485510349274,Grad/mlp.fc2.lora_B,outputs_dev/vitb16/T=vtab_Q=3bit_L=lora_2_qkv-fc1-proj-fc2/cifar/20260114184203_default_acc=53.50/tensorboard/Grad_mlp.fc2.lora_B_block_5/events.out.tfevents.1768387349.master-192-168-8-48.1680.9,mlp.fc2.lora_B,5
1768387369.1993878,47,1.5,0.056661780923604965,Grad/mlp.fc2.lora_B,outputs_dev/vitb16/T=vtab_Q=3bit_L=lora_2_qkv-fc1-proj-fc2/cifar/20260114184203_default_acc=53.50/tensorboard/Grad_mlp.fc2.lora_B_block_5/events.out.tfevents.1768387349.master-192-168-8-48.1680.9,mlp.fc2.lora_B,5
1768387369.6243598,48,1.53125,0.06183580309152603,Grad/mlp.fc2.lora_B,outputs_dev/vitb16/T=vtab_Q=3bit_L=lora_2_qkv-fc1-proj-fc2/cifar/20260114184203_default_acc=53.50/tensorboard/Grad_mlp.fc2.lora_B_block_5/events.out.tfevents.1768387349.master-192-168-8-48.1680.9,mlp.fc2.lora_B,5
1768387370.0426416,49,1.5625,0.061153706163167953,Grad/mlp.fc2.lora_B,outputs_dev/vitb16/T=vtab_Q=3bit_L=lora_2_qkv-fc1-proj-fc2/cifar/20260114184203_default_acc=53.50/tensorboard/Grad_mlp.fc2.lora_B_block_5/events.out.tfevents.1768387349.master-192-168-8-48.1680.9,mlp.fc2.lora_B,5
1768387370.465665,50,1.59375,0.06354408711194992,Grad/mlp.fc2.lora_B,outputs_dev/vitb16/T=vtab_Q=3bit_L=lora_2_qkv-fc1-proj-fc2/cifar/20260114184203_default_acc=53.50/tensorboard/Grad_mlp.fc2.lora_B_block_5/events.out.tfevents.1768387349.master-192-168-8-48.1680.9,mlp.fc2.lora_B,5
1768387370.8891113,51,1.625,0.06201227381825447,Grad/mlp.fc2.lora_B,outputs_dev/vitb16/T=vtab_Q=3bit_L=lora_2_qkv-fc1-proj-fc2/cifar/20260114184203_default_acc=53.50/tensorboard/Grad_mlp.fc2.lora_B_block_5/events.out.tfevents.1768387349.master-192-168-8-48.1680.9,mlp.fc2.lora_B,5
1768387371.3123002,52,1.65625,0.06252254545688629,Grad/mlp.fc2.lora_B,outputs_dev/vitb16/T=vtab_Q=3bit_L=lora_2_qkv-fc1-proj-fc2/cifar/20260114184203_default_acc=53.50/tensorboard/Grad_mlp.fc2.lora_B_block_5/events.out.tfevents.1768387349.master-192-168-8-48.1680.9,mlp.fc2.lora_B,5
1768387371.7216687,53,1.6875,0.06241801753640175,Grad/mlp.fc2.lora_B,outputs_dev/vitb16/T=vtab_Q=3bit_L=lora_2_qkv-fc1-proj-fc2/cifar/20260114184203_default_acc=53.50/tensorboard/Grad_mlp.fc2.lora_B_block_5/events.out.tfevents.1768387349.master-192-168-8-48.1680.9,mlp.fc2.lora_B,5
1768387372.1423826,54,1.71875,0.0681886300444603,Grad/mlp.fc2.lora_B,outputs_dev/vitb16/T=vtab_Q=3bit_L=lora_2_qkv-fc1-proj-fc2/cifar/20260114184203_default_acc=53.50/tensorboard/Grad_mlp.fc2.lora_B_block_5/events.out.tfevents.1768387349.master-192-168-8-48.1680.9,mlp.fc2.lora_B,5
1768387372.5653539,55,1.75,0.06570853292942047,Grad/mlp.fc2.lora_B,outputs_dev/vitb16/T=vtab_Q=3bit_L=lora_2_qkv-fc1-proj-fc2/cifar/20260114184203_default_acc=53.50/tensorboard/Grad_mlp.fc2.lora_B_block_5/events.out.tfevents.1768387349.master-192-168-8-48.1680.9,mlp.fc2.lora_B,5
1768387372.991858,56,1.78125,0.06164684146642685,Grad/mlp.fc2.lora_B,outputs_dev/vitb16/T=vtab_Q=3bit_L=lora_2_qkv-fc1-proj-fc2/cifar/20260114184203_default_acc=53.50/tensorboard/Grad_mlp.fc2.lora_B_block_5/events.out.tfevents.1768387349.master-192-168-8-48.1680.9,mlp.fc2.lora_B,5
1768387373.415915,57,1.8125,0.058470699936151505,Grad/mlp.fc2.lora_B,outputs_dev/vitb16/T=vtab_Q=3bit_L=lora_2_qkv-fc1-proj-fc2/cifar/20260114184203_default_acc=53.50/tensorboard/Grad_mlp.fc2.lora_B_block_5/events.out.tfevents.1768387349.master-192-168-8-48.1680.9,mlp.fc2.lora_B,5
1768387373.8643856,58,1.84375,0.0601486973464489,Grad/mlp.fc2.lora_B,outputs_dev/vitb16/T=vtab_Q=3bit_L=lora_2_qkv-fc1-proj-fc2/cifar/20260114184203_default_acc=53.50/tensorboard/Grad_mlp.fc2.lora_B_block_5/events.out.tfevents.1768387349.master-192-168-8-48.1680.9,mlp.fc2.lora_B,5
1768387374.3022943,59,1.875,0.06421254575252533,Grad/mlp.fc2.lora_B,outputs_dev/vitb16/T=vtab_Q=3bit_L=lora_2_qkv-fc1-proj-fc2/cifar/20260114184203_default_acc=53.50/tensorboard/Grad_mlp.fc2.lora_B_block_5/events.out.tfevents.1768387349.master-192-168-8-48.1680.9,mlp.fc2.lora_B,5
1768387374.7309008,60,1.90625,0.06122610718011856,Grad/mlp.fc2.lora_B,outputs_dev/vitb16/T=vtab_Q=3bit_L=lora_2_qkv-fc1-proj-fc2/cifar/20260114184203_default_acc=53.50/tensorboard/Grad_mlp.fc2.lora_B_block_5/events.out.tfevents.1768387349.master-192-168-8-48.1680.9,mlp.fc2.lora_B,5
1768387375.1523547,61,1.9375,0.0598498098552227,Grad/mlp.fc2.lora_B,outputs_dev/vitb16/T=vtab_Q=3bit_L=lora_2_qkv-fc1-proj-fc2/cifar/20260114184203_default_acc=53.50/tensorboard/Grad_mlp.fc2.lora_B_block_5/events.out.tfevents.1768387349.master-192-168-8-48.1680.9,mlp.fc2.lora_B,5
1768387375.5898108,62,1.96875,0.06862135231494904,Grad/mlp.fc2.lora_B,outputs_dev/vitb16/T=vtab_Q=3bit_L=lora_2_qkv-fc1-proj-fc2/cifar/20260114184203_default_acc=53.50/tensorboard/Grad_mlp.fc2.lora_B_block_5/events.out.tfevents.1768387349.master-192-168-8-48.1680.9,mlp.fc2.lora_B,5
1768387375.8030357,63,2.0,0.1290670484304428,Grad/mlp.fc2.lora_B,outputs_dev/vitb16/T=vtab_Q=3bit_L=lora_2_qkv-fc1-proj-fc2/cifar/20260114184203_default_acc=53.50/tensorboard/Grad_mlp.fc2.lora_B_block_5/events.out.tfevents.1768387349.master-192-168-8-48.1680.9,mlp.fc2.lora_B,5
1768387376.5102348,64,2.03125,0.05654144659638405,Grad/mlp.fc2.lora_B,outputs_dev/vitb16/T=vtab_Q=3bit_L=lora_2_qkv-fc1-proj-fc2/cifar/20260114184203_default_acc=53.50/tensorboard/Grad_mlp.fc2.lora_B_block_5/events.out.tfevents.1768387349.master-192-168-8-48.1680.9,mlp.fc2.lora_B,5
1768387376.9469566,65,2.0625,0.0703030526638031,Grad/mlp.fc2.lora_B,outputs_dev/vitb16/T=vtab_Q=3bit_L=lora_2_qkv-fc1-proj-fc2/cifar/20260114184203_default_acc=53.50/tensorboard/Grad_mlp.fc2.lora_B_block_5/events.out.tfevents.1768387349.master-192-168-8-48.1680.9,mlp.fc2.lora_B,5
1768387377.3956022,66,2.09375,0.05850594490766525,Grad/mlp.fc2.lora_B,outputs_dev/vitb16/T=vtab_Q=3bit_L=lora_2_qkv-fc1-proj-fc2/cifar/20260114184203_default_acc=53.50/tensorboard/Grad_mlp.fc2.lora_B_block_5/events.out.tfevents.1768387349.master-192-168-8-48.1680.9,mlp.fc2.lora_B,5
1768387377.8263667,67,2.125,0.06143302842974663,Grad/mlp.fc2.lora_B,outputs_dev/vitb16/T=vtab_Q=3bit_L=lora_2_qkv-fc1-proj-fc2/cifar/20260114184203_default_acc=53.50/tensorboard/Grad_mlp.fc2.lora_B_block_5/events.out.tfevents.1768387349.master-192-168-8-48.1680.9,mlp.fc2.lora_B,5
1768387378.2561648,68,2.15625,0.062443941831588745,Grad/mlp.fc2.lora_B,outputs_dev/vitb16/T=vtab_Q=3bit_L=lora_2_qkv-fc1-proj-fc2/cifar/20260114184203_default_acc=53.50/tensorboard/Grad_mlp.fc2.lora_B_block_5/events.out.tfevents.1768387349.master-192-168-8-48.1680.9,mlp.fc2.lora_B,5
1768387378.6861088,69,2.1875,0.06585343927145004,Grad/mlp.fc2.lora_B,outputs_dev/vitb16/T=vtab_Q=3bit_L=lora_2_qkv-fc1-proj-fc2/cifar/20260114184203_default_acc=53.50/tensorboard/Grad_mlp.fc2.lora_B_block_5/events.out.tfevents.1768387349.master-192-168-8-48.1680.9,mlp.fc2.lora_B,5
1768387379.1131635,70,2.21875,0.06351497769355774,Grad/mlp.fc2.lora_B,outputs_dev/vitb16/T=vtab_Q=3bit_L=lora_2_qkv-fc1-proj-fc2/cifar/20260114184203_default_acc=53.50/tensorboard/Grad_mlp.fc2.lora_B_block_5/events.out.tfevents.1768387349.master-192-168-8-48.1680.9,mlp.fc2.lora_B,5
1768387379.5426025,71,2.25,0.06842369586229324,Grad/mlp.fc2.lora_B,outputs_dev/vitb16/T=vtab_Q=3bit_L=lora_2_qkv-fc1-proj-fc2/cifar/20260114184203_default_acc=53.50/tensorboard/Grad_mlp.fc2.lora_B_block_5/events.out.tfevents.1768387349.master-192-168-8-48.1680.9,mlp.fc2.lora_B,5
1768387379.9957244,72,2.28125,0.0610613189637661,Grad/mlp.fc2.lora_B,outputs_dev/vitb16/T=vtab_Q=3bit_L=lora_2_qkv-fc1-proj-fc2/cifar/20260114184203_default_acc=53.50/tensorboard/Grad_mlp.fc2.lora_B_block_5/events.out.tfevents.1768387349.master-192-168-8-48.1680.9,mlp.fc2.lora_B,5
1768387380.4271958,73,2.3125,0.06486904621124268,Grad/mlp.fc2.lora_B,outputs_dev/vitb16/T=vtab_Q=3bit_L=lora_2_qkv-fc1-proj-fc2/cifar/20260114184203_default_acc=53.50/tensorboard/Grad_mlp.fc2.lora_B_block_5/events.out.tfevents.1768387349.master-192-168-8-48.1680.9,mlp.fc2.lora_B,5
1768387380.8569164,74,2.34375,0.0625380426645279,Grad/mlp.fc2.lora_B,outputs_dev/vitb16/T=vtab_Q=3bit_L=lora_2_qkv-fc1-proj-fc2/cifar/20260114184203_default_acc=53.50/tensorboard/Grad_mlp.fc2.lora_B_block_5/events.out.tfevents.1768387349.master-192-168-8-48.1680.9,mlp.fc2.lora_B,5
1768387381.28349,75,2.375,0.07018285244703293,Grad/mlp.fc2.lora_B,outputs_dev/vitb16/T=vtab_Q=3bit_L=lora_2_qkv-fc1-proj-fc2/cifar/20260114184203_default_acc=53.50/tensorboard/Grad_mlp.fc2.lora_B_block_5/events.out.tfevents.1768387349.master-192-168-8-48.1680.9,mlp.fc2.lora_B,5
1768387381.7114282,76,2.40625,0.0665721595287323,Grad/mlp.fc2.lora_B,outputs_dev/vitb16/T=vtab_Q=3bit_L=lora_2_qkv-fc1-proj-fc2/cifar/20260114184203_default_acc=53.50/tensorboard/Grad_mlp.fc2.lora_B_block_5/events.out.tfevents.1768387349.master-192-168-8-48.1680.9,mlp.fc2.lora_B,5
1768387382.1424675,77,2.4375,0.07136513292789459,Grad/mlp.fc2.lora_B,outputs_dev/vitb16/T=vtab_Q=3bit_L=lora_2_qkv-fc1-proj-fc2/cifar/20260114184203_default_acc=53.50/tensorboard/Grad_mlp.fc2.lora_B_block_5/events.out.tfevents.1768387349.master-192-168-8-48.1680.9,mlp.fc2.lora_B,5
1768387382.57068,78,2.46875,0.06360534578561783,Grad/mlp.fc2.lora_B,outputs_dev/vitb16/T=vtab_Q=3bit_L=lora_2_qkv-fc1-proj-fc2/cifar/20260114184203_default_acc=53.50/tensorboard/Grad_mlp.fc2.lora_B_block_5/events.out.tfevents.1768387349.master-192-168-8-48.1680.9,mlp.fc2.lora_B,5
1768387383.0001745,79,2.5,0.06826461106538773,Grad/mlp.fc2.lora_B,outputs_dev/vitb16/T=vtab_Q=3bit_L=lora_2_qkv-fc1-proj-fc2/cifar/20260114184203_default_acc=53.50/tensorboard/Grad_mlp.fc2.lora_B_block_5/events.out.tfevents.1768387349.master-192-168-8-48.1680.9,mlp.fc2.lora_B,5
1768387383.4261286,80,2.53125,0.07288336008787155,Grad/mlp.fc2.lora_B,outputs_dev/vitb16/T=vtab_Q=3bit_L=lora_2_qkv-fc1-proj-fc2/cifar/20260114184203_default_acc=53.50/tensorboard/Grad_mlp.fc2.lora_B_block_5/events.out.tfevents.1768387349.master-192-168-8-48.1680.9,mlp.fc2.lora_B,5
1768387383.8408418,81,2.5625,0.06997238844633102,Grad/mlp.fc2.lora_B,outputs_dev/vitb16/T=vtab_Q=3bit_L=lora_2_qkv-fc1-proj-fc2/cifar/20260114184203_default_acc=53.50/tensorboard/Grad_mlp.fc2.lora_B_block_5/events.out.tfevents.1768387349.master-192-168-8-48.1680.9,mlp.fc2.lora_B,5
1768387384.268895,82,2.59375,0.06816384941339493,Grad/mlp.fc2.lora_B,outputs_dev/vitb16/T=vtab_Q=3bit_L=lora_2_qkv-fc1-proj-fc2/cifar/20260114184203_default_acc=53.50/tensorboard/Grad_mlp.fc2.lora_B_block_5/events.out.tfevents.1768387349.master-192-168-8-48.1680.9,mlp.fc2.lora_B,5
1768387384.6965284,83,2.625,0.06920863687992096,Grad/mlp.fc2.lora_B,outputs_dev/vitb16/T=vtab_Q=3bit_L=lora_2_qkv-fc1-proj-fc2/cifar/20260114184203_default_acc=53.50/tensorboard/Grad_mlp.fc2.lora_B_block_5/events.out.tfevents.1768387349.master-192-168-8-48.1680.9,mlp.fc2.lora_B,5
1768387385.1276453,84,2.65625,0.06724938005208969,Grad/mlp.fc2.lora_B,outputs_dev/vitb16/T=vtab_Q=3bit_L=lora_2_qkv-fc1-proj-fc2/cifar/20260114184203_default_acc=53.50/tensorboard/Grad_mlp.fc2.lora_B_block_5/events.out.tfevents.1768387349.master-192-168-8-48.1680.9,mlp.fc2.lora_B,5
1768387385.5686443,85,2.6875,0.078696608543396,Grad/mlp.fc2.lora_B,outputs_dev/vitb16/T=vtab_Q=3bit_L=lora_2_qkv-fc1-proj-fc2/cifar/20260114184203_default_acc=53.50/tensorboard/Grad_mlp.fc2.lora_B_block_5/events.out.tfevents.1768387349.master-192-168-8-48.1680.9,mlp.fc2.lora_B,5
1768387385.9959168,86,2.71875,0.06723351776599884,Grad/mlp.fc2.lora_B,outputs_dev/vitb16/T=vtab_Q=3bit_L=lora_2_qkv-fc1-proj-fc2/cifar/20260114184203_default_acc=53.50/tensorboard/Grad_mlp.fc2.lora_B_block_5/events.out.tfevents.1768387349.master-192-168-8-48.1680.9,mlp.fc2.lora_B,5
1768387386.4221606,87,2.75,0.0661572590470314,Grad/mlp.fc2.lora_B,outputs_dev/vitb16/T=vtab_Q=3bit_L=lora_2_qkv-fc1-proj-fc2/cifar/20260114184203_default_acc=53.50/tensorboard/Grad_mlp.fc2.lora_B_block_5/events.out.tfevents.1768387349.master-192-168-8-48.1680.9,mlp.fc2.lora_B,5
1768387386.846132,88,2.78125,0.06786832213401794,Grad/mlp.fc2.lora_B,outputs_dev/vitb16/T=vtab_Q=3bit_L=lora_2_qkv-fc1-proj-fc2/cifar/20260114184203_default_acc=53.50/tensorboard/Grad_mlp.fc2.lora_B_block_5/events.out.tfevents.1768387349.master-192-168-8-48.1680.9,mlp.fc2.lora_B,5
1768387387.2692614,89,2.8125,0.06785046309232712,Grad/mlp.fc2.lora_B,outputs_dev/vitb16/T=vtab_Q=3bit_L=lora_2_qkv-fc1-proj-fc2/cifar/20260114184203_default_acc=53.50/tensorboard/Grad_mlp.fc2.lora_B_block_5/events.out.tfevents.1768387349.master-192-168-8-48.1680.9,mlp.fc2.lora_B,5
1768387387.6921756,90,2.84375,0.07153830677270889,Grad/mlp.fc2.lora_B,outputs_dev/vitb16/T=vtab_Q=3bit_L=lora_2_qkv-fc1-proj-fc2/cifar/20260114184203_default_acc=53.50/tensorboard/Grad_mlp.fc2.lora_B_block_5/events.out.tfevents.1768387349.master-192-168-8-48.1680.9,mlp.fc2.lora_B,5
1768387388.1133018,91,2.875,0.0727575495839119,Grad/mlp.fc2.lora_B,outputs_dev/vitb16/T=vtab_Q=3bit_L=lora_2_qkv-fc1-proj-fc2/cifar/20260114184203_default_acc=53.50/tensorboard/Grad_mlp.fc2.lora_B_block_5/events.out.tfevents.1768387349.master-192-168-8-48.1680.9,mlp.fc2.lora_B,5
1768387388.534668,92,2.90625,0.06920371949672699,Grad/mlp.fc2.lora_B,outputs_dev/vitb16/T=vtab_Q=3bit_L=lora_2_qkv-fc1-proj-fc2/cifar/20260114184203_default_acc=53.50/tensorboard/Grad_mlp.fc2.lora_B_block_5/events.out.tfevents.1768387349.master-192-168-8-48.1680.9,mlp.fc2.lora_B,5
1768387388.9581738,93,2.9375,0.07524173706769943,Grad/mlp.fc2.lora_B,outputs_dev/vitb16/T=vtab_Q=3bit_L=lora_2_qkv-fc1-proj-fc2/cifar/20260114184203_default_acc=53.50/tensorboard/Grad_mlp.fc2.lora_B_block_5/events.out.tfevents.1768387349.master-192-168-8-48.1680.9,mlp.fc2.lora_B,5
1768387389.3818066,94,2.96875,0.07799461483955383,Grad/mlp.fc2.lora_B,outputs_dev/vitb16/T=vtab_Q=3bit_L=lora_2_qkv-fc1-proj-fc2/cifar/20260114184203_default_acc=53.50/tensorboard/Grad_mlp.fc2.lora_B_block_5/events.out.tfevents.1768387349.master-192-168-8-48.1680.9,mlp.fc2.lora_B,5
1768387389.5879629,95,3.0,0.13884754478931427,Grad/mlp.fc2.lora_B,outputs_dev/vitb16/T=vtab_Q=3bit_L=lora_2_qkv-fc1-proj-fc2/cifar/20260114184203_default_acc=53.50/tensorboard/Grad_mlp.fc2.lora_B_block_5/events.out.tfevents.1768387349.master-192-168-8-48.1680.9,mlp.fc2.lora_B,5
1768387390.322179,96,3.03125,0.06685901433229446,Grad/mlp.fc2.lora_B,outputs_dev/vitb16/T=vtab_Q=3bit_L=lora_2_qkv-fc1-proj-fc2/cifar/20260114184203_default_acc=53.50/tensorboard/Grad_mlp.fc2.lora_B_block_5/events.out.tfevents.1768387349.master-192-168-8-48.1680.9,mlp.fc2.lora_B,5
1768387390.7578459,97,3.0625,0.07231075316667557,Grad/mlp.fc2.lora_B,outputs_dev/vitb16/T=vtab_Q=3bit_L=lora_2_qkv-fc1-proj-fc2/cifar/20260114184203_default_acc=53.50/tensorboard/Grad_mlp.fc2.lora_B_block_5/events.out.tfevents.1768387349.master-192-168-8-48.1680.9,mlp.fc2.lora_B,5
1768387391.2007458,98,3.09375,0.07382551580667496,Grad/mlp.fc2.lora_B,outputs_dev/vitb16/T=vtab_Q=3bit_L=lora_2_qkv-fc1-proj-fc2/cifar/20260114184203_default_acc=53.50/tensorboard/Grad_mlp.fc2.lora_B_block_5/events.out.tfevents.1768387349.master-192-168-8-48.1680.9,mlp.fc2.lora_B,5
1768387391.6257925,99,3.125,0.06862688064575195,Grad/mlp.fc2.lora_B,outputs_dev/vitb16/T=vtab_Q=3bit_L=lora_2_qkv-fc1-proj-fc2/cifar/20260114184203_default_acc=53.50/tensorboard/Grad_mlp.fc2.lora_B_block_5/events.out.tfevents.1768387349.master-192-168-8-48.1680.9,mlp.fc2.lora_B,5
1768387392.0372195,100,3.15625,0.06804421544075012,Grad/mlp.fc2.lora_B,outputs_dev/vitb16/T=vtab_Q=3bit_L=lora_2_qkv-fc1-proj-fc2/cifar/20260114184203_default_acc=53.50/tensorboard/Grad_mlp.fc2.lora_B_block_5/events.out.tfevents.1768387349.master-192-168-8-48.1680.9,mlp.fc2.lora_B,5
1768387392.460559,101,3.1875,0.08024770021438599,Grad/mlp.fc2.lora_B,outputs_dev/vitb16/T=vtab_Q=3bit_L=lora_2_qkv-fc1-proj-fc2/cifar/20260114184203_default_acc=53.50/tensorboard/Grad_mlp.fc2.lora_B_block_5/events.out.tfevents.1768387349.master-192-168-8-48.1680.9,mlp.fc2.lora_B,5
1768387392.8826888,102,3.21875,0.08417495340108871,Grad/mlp.fc2.lora_B,outputs_dev/vitb16/T=vtab_Q=3bit_L=lora_2_qkv-fc1-proj-fc2/cifar/20260114184203_default_acc=53.50/tensorboard/Grad_mlp.fc2.lora_B_block_5/events.out.tfevents.1768387349.master-192-168-8-48.1680.9,mlp.fc2.lora_B,5
1768387393.3073657,103,3.25,0.07618509232997894,Grad/mlp.fc2.lora_B,outputs_dev/vitb16/T=vtab_Q=3bit_L=lora_2_qkv-fc1-proj-fc2/cifar/20260114184203_default_acc=53.50/tensorboard/Grad_mlp.fc2.lora_B_block_5/events.out.tfevents.1768387349.master-192-168-8-48.1680.9,mlp.fc2.lora_B,5
1768387393.7515526,104,3.28125,0.07593310624361038,Grad/mlp.fc2.lora_B,outputs_dev/vitb16/T=vtab_Q=3bit_L=lora_2_qkv-fc1-proj-fc2/cifar/20260114184203_default_acc=53.50/tensorboard/Grad_mlp.fc2.lora_B_block_5/events.out.tfevents.1768387349.master-192-168-8-48.1680.9,mlp.fc2.lora_B,5
1768387394.1902146,105,3.3125,0.070999376475811,Grad/mlp.fc2.lora_B,outputs_dev/vitb16/T=vtab_Q=3bit_L=lora_2_qkv-fc1-proj-fc2/cifar/20260114184203_default_acc=53.50/tensorboard/Grad_mlp.fc2.lora_B_block_5/events.out.tfevents.1768387349.master-192-168-8-48.1680.9,mlp.fc2.lora_B,5
1768387394.6138933,106,3.34375,0.07555271685123444,Grad/mlp.fc2.lora_B,outputs_dev/vitb16/T=vtab_Q=3bit_L=lora_2_qkv-fc1-proj-fc2/cifar/20260114184203_default_acc=53.50/tensorboard/Grad_mlp.fc2.lora_B_block_5/events.out.tfevents.1768387349.master-192-168-8-48.1680.9,mlp.fc2.lora_B,5
1768387395.0438435,107,3.375,0.0803908258676529,Grad/mlp.fc2.lora_B,outputs_dev/vitb16/T=vtab_Q=3bit_L=lora_2_qkv-fc1-proj-fc2/cifar/20260114184203_default_acc=53.50/tensorboard/Grad_mlp.fc2.lora_B_block_5/events.out.tfevents.1768387349.master-192-168-8-48.1680.9,mlp.fc2.lora_B,5
1768387395.472964,108,3.40625,0.081573985517025,Grad/mlp.fc2.lora_B,outputs_dev/vitb16/T=vtab_Q=3bit_L=lora_2_qkv-fc1-proj-fc2/cifar/20260114184203_default_acc=53.50/tensorboard/Grad_mlp.fc2.lora_B_block_5/events.out.tfevents.1768387349.master-192-168-8-48.1680.9,mlp.fc2.lora_B,5
1768387395.9027443,109,3.4375,0.07844600081443787,Grad/mlp.fc2.lora_B,outputs_dev/vitb16/T=vtab_Q=3bit_L=lora_2_qkv-fc1-proj-fc2/cifar/20260114184203_default_acc=53.50/tensorboard/Grad_mlp.fc2.lora_B_block_5/events.out.tfevents.1768387349.master-192-168-8-48.1680.9,mlp.fc2.lora_B,5
1768387396.3440163,110,3.46875,0.07581707090139389,Grad/mlp.fc2.lora_B,outputs_dev/vitb16/T=vtab_Q=3bit_L=lora_2_qkv-fc1-proj-fc2/cifar/20260114184203_default_acc=53.50/tensorboard/Grad_mlp.fc2.lora_B_block_5/events.out.tfevents.1768387349.master-192-168-8-48.1680.9,mlp.fc2.lora_B,5
1768387396.7844262,111,3.5,0.08642210066318512,Grad/mlp.fc2.lora_B,outputs_dev/vitb16/T=vtab_Q=3bit_L=lora_2_qkv-fc1-proj-fc2/cifar/20260114184203_default_acc=53.50/tensorboard/Grad_mlp.fc2.lora_B_block_5/events.out.tfevents.1768387349.master-192-168-8-48.1680.9,mlp.fc2.lora_B,5
1768387397.2122424,112,3.53125,0.0735844299197197,Grad/mlp.fc2.lora_B,outputs_dev/vitb16/T=vtab_Q=3bit_L=lora_2_qkv-fc1-proj-fc2/cifar/20260114184203_default_acc=53.50/tensorboard/Grad_mlp.fc2.lora_B_block_5/events.out.tfevents.1768387349.master-192-168-8-48.1680.9,mlp.fc2.lora_B,5
1768387397.6432955,113,3.5625,0.07783146947622299,Grad/mlp.fc2.lora_B,outputs_dev/vitb16/T=vtab_Q=3bit_L=lora_2_qkv-fc1-proj-fc2/cifar/20260114184203_default_acc=53.50/tensorboard/Grad_mlp.fc2.lora_B_block_5/events.out.tfevents.1768387349.master-192-168-8-48.1680.9,mlp.fc2.lora_B,5
1768387398.0817134,114,3.59375,0.07965580374002457,Grad/mlp.fc2.lora_B,outputs_dev/vitb16/T=vtab_Q=3bit_L=lora_2_qkv-fc1-proj-fc2/cifar/20260114184203_default_acc=53.50/tensorboard/Grad_mlp.fc2.lora_B_block_5/events.out.tfevents.1768387349.master-192-168-8-48.1680.9,mlp.fc2.lora_B,5
1768387398.507126,115,3.625,0.07132187485694885,Grad/mlp.fc2.lora_B,outputs_dev/vitb16/T=vtab_Q=3bit_L=lora_2_qkv-fc1-proj-fc2/cifar/20260114184203_default_acc=53.50/tensorboard/Grad_mlp.fc2.lora_B_block_5/events.out.tfevents.1768387349.master-192-168-8-48.1680.9,mlp.fc2.lora_B,5
1768387398.9328866,116,3.65625,0.090369813144207,Grad/mlp.fc2.lora_B,outputs_dev/vitb16/T=vtab_Q=3bit_L=lora_2_qkv-fc1-proj-fc2/cifar/20260114184203_default_acc=53.50/tensorboard/Grad_mlp.fc2.lora_B_block_5/events.out.tfevents.1768387349.master-192-168-8-48.1680.9,mlp.fc2.lora_B,5
1768387399.3556755,117,3.6875,0.0880197286605835,Grad/mlp.fc2.lora_B,outputs_dev/vitb16/T=vtab_Q=3bit_L=lora_2_qkv-fc1-proj-fc2/cifar/20260114184203_default_acc=53.50/tensorboard/Grad_mlp.fc2.lora_B_block_5/events.out.tfevents.1768387349.master-192-168-8-48.1680.9,mlp.fc2.lora_B,5
1768387399.7978203,118,3.71875,0.06762968748807907,Grad/mlp.fc2.lora_B,outputs_dev/vitb16/T=vtab_Q=3bit_L=lora_2_qkv-fc1-proj-fc2/cifar/20260114184203_default_acc=53.50/tensorboard/Grad_mlp.fc2.lora_B_block_5/events.out.tfevents.1768387349.master-192-168-8-48.1680.9,mlp.fc2.lora_B,5
1768387400.2204843,119,3.75,0.08153495192527771,Grad/mlp.fc2.lora_B,outputs_dev/vitb16/T=vtab_Q=3bit_L=lora_2_qkv-fc1-proj-fc2/cifar/20260114184203_default_acc=53.50/tensorboard/Grad_mlp.fc2.lora_B_block_5/events.out.tfevents.1768387349.master-192-168-8-48.1680.9,mlp.fc2.lora_B,5
1768387400.6472788,120,3.78125,0.08247159421443939,Grad/mlp.fc2.lora_B,outputs_dev/vitb16/T=vtab_Q=3bit_L=lora_2_qkv-fc1-proj-fc2/cifar/20260114184203_default_acc=53.50/tensorboard/Grad_mlp.fc2.lora_B_block_5/events.out.tfevents.1768387349.master-192-168-8-48.1680.9,mlp.fc2.lora_B,5
1768387401.0695372,121,3.8125,0.08546898514032364,Grad/mlp.fc2.lora_B,outputs_dev/vitb16/T=vtab_Q=3bit_L=lora_2_qkv-fc1-proj-fc2/cifar/20260114184203_default_acc=53.50/tensorboard/Grad_mlp.fc2.lora_B_block_5/events.out.tfevents.1768387349.master-192-168-8-48.1680.9,mlp.fc2.lora_B,5
1768387401.4937992,122,3.84375,0.08787956088781357,Grad/mlp.fc2.lora_B,outputs_dev/vitb16/T=vtab_Q=3bit_L=lora_2_qkv-fc1-proj-fc2/cifar/20260114184203_default_acc=53.50/tensorboard/Grad_mlp.fc2.lora_B_block_5/events.out.tfevents.1768387349.master-192-168-8-48.1680.9,mlp.fc2.lora_B,5
1768387401.9212148,123,3.875,0.08539684116840363,Grad/mlp.fc2.lora_B,outputs_dev/vitb16/T=vtab_Q=3bit_L=lora_2_qkv-fc1-proj-fc2/cifar/20260114184203_default_acc=53.50/tensorboard/Grad_mlp.fc2.lora_B_block_5/events.out.tfevents.1768387349.master-192-168-8-48.1680.9,mlp.fc2.lora_B,5
1768387402.36106,124,3.90625,0.09867223352193832,Grad/mlp.fc2.lora_B,outputs_dev/vitb16/T=vtab_Q=3bit_L=lora_2_qkv-fc1-proj-fc2/cifar/20260114184203_default_acc=53.50/tensorboard/Grad_mlp.fc2.lora_B_block_5/events.out.tfevents.1768387349.master-192-168-8-48.1680.9,mlp.fc2.lora_B,5
1768387402.7850227,125,3.9375,0.08951982110738754,Grad/mlp.fc2.lora_B,outputs_dev/vitb16/T=vtab_Q=3bit_L=lora_2_qkv-fc1-proj-fc2/cifar/20260114184203_default_acc=53.50/tensorboard/Grad_mlp.fc2.lora_B_block_5/events.out.tfevents.1768387349.master-192-168-8-48.1680.9,mlp.fc2.lora_B,5
1768387403.2091246,126,3.96875,0.09345946460962296,Grad/mlp.fc2.lora_B,outputs_dev/vitb16/T=vtab_Q=3bit_L=lora_2_qkv-fc1-proj-fc2/cifar/20260114184203_default_acc=53.50/tensorboard/Grad_mlp.fc2.lora_B_block_5/events.out.tfevents.1768387349.master-192-168-8-48.1680.9,mlp.fc2.lora_B,5
1768387403.4367952,127,4.0,0.14604780077934265,Grad/mlp.fc2.lora_B,outputs_dev/vitb16/T=vtab_Q=3bit_L=lora_2_qkv-fc1-proj-fc2/cifar/20260114184203_default_acc=53.50/tensorboard/Grad_mlp.fc2.lora_B_block_5/events.out.tfevents.1768387349.master-192-168-8-48.1680.9,mlp.fc2.lora_B,5
1768387404.1367908,128,4.03125,0.09366771578788757,Grad/mlp.fc2.lora_B,outputs_dev/vitb16/T=vtab_Q=3bit_L=lora_2_qkv-fc1-proj-fc2/cifar/20260114184203_default_acc=53.50/tensorboard/Grad_mlp.fc2.lora_B_block_5/events.out.tfevents.1768387349.master-192-168-8-48.1680.9,mlp.fc2.lora_B,5
1768387404.5846937,129,4.0625,0.08105180412530899,Grad/mlp.fc2.lora_B,outputs_dev/vitb16/T=vtab_Q=3bit_L=lora_2_qkv-fc1-proj-fc2/cifar/20260114184203_default_acc=53.50/tensorboard/Grad_mlp.fc2.lora_B_block_5/events.out.tfevents.1768387349.master-192-168-8-48.1680.9,mlp.fc2.lora_B,5
1768387405.0219088,130,4.09375,0.07910843938589096,Grad/mlp.fc2.lora_B,outputs_dev/vitb16/T=vtab_Q=3bit_L=lora_2_qkv-fc1-proj-fc2/cifar/20260114184203_default_acc=53.50/tensorboard/Grad_mlp.fc2.lora_B_block_5/events.out.tfevents.1768387349.master-192-168-8-48.1680.9,mlp.fc2.lora_B,5
1768387405.456956,131,4.125,0.08871333301067352,Grad/mlp.fc2.lora_B,outputs_dev/vitb16/T=vtab_Q=3bit_L=lora_2_qkv-fc1-proj-fc2/cifar/20260114184203_default_acc=53.50/tensorboard/Grad_mlp.fc2.lora_B_block_5/events.out.tfevents.1768387349.master-192-168-8-48.1680.9,mlp.fc2.lora_B,5
1768387405.8913665,132,4.15625,0.10124058276414871,Grad/mlp.fc2.lora_B,outputs_dev/vitb16/T=vtab_Q=3bit_L=lora_2_qkv-fc1-proj-fc2/cifar/20260114184203_default_acc=53.50/tensorboard/Grad_mlp.fc2.lora_B_block_5/events.out.tfevents.1768387349.master-192-168-8-48.1680.9,mlp.fc2.lora_B,5
1768387406.3153243,133,4.1875,0.08794483542442322,Grad/mlp.fc2.lora_B,outputs_dev/vitb16/T=vtab_Q=3bit_L=lora_2_qkv-fc1-proj-fc2/cifar/20260114184203_default_acc=53.50/tensorboard/Grad_mlp.fc2.lora_B_block_5/events.out.tfevents.1768387349.master-192-168-8-48.1680.9,mlp.fc2.lora_B,5
1768387406.7539823,134,4.21875,0.07160311937332153,Grad/mlp.fc2.lora_B,outputs_dev/vitb16/T=vtab_Q=3bit_L=lora_2_qkv-fc1-proj-fc2/cifar/20260114184203_default_acc=53.50/tensorboard/Grad_mlp.fc2.lora_B_block_5/events.out.tfevents.1768387349.master-192-168-8-48.1680.9,mlp.fc2.lora_B,5
1768387407.1756525,135,4.25,0.08843943476676941,Grad/mlp.fc2.lora_B,outputs_dev/vitb16/T=vtab_Q=3bit_L=lora_2_qkv-fc1-proj-fc2/cifar/20260114184203_default_acc=53.50/tensorboard/Grad_mlp.fc2.lora_B_block_5/events.out.tfevents.1768387349.master-192-168-8-48.1680.9,mlp.fc2.lora_B,5
1768387407.6120594,136,4.28125,0.08905516564846039,Grad/mlp.fc2.lora_B,outputs_dev/vitb16/T=vtab_Q=3bit_L=lora_2_qkv-fc1-proj-fc2/cifar/20260114184203_default_acc=53.50/tensorboard/Grad_mlp.fc2.lora_B_block_5/events.out.tfevents.1768387349.master-192-168-8-48.1680.9,mlp.fc2.lora_B,5
1768387408.0449116,137,4.3125,0.09024188667535782,Grad/mlp.fc2.lora_B,outputs_dev/vitb16/T=vtab_Q=3bit_L=lora_2_qkv-fc1-proj-fc2/cifar/20260114184203_default_acc=53.50/tensorboard/Grad_mlp.fc2.lora_B_block_5/events.out.tfevents.1768387349.master-192-168-8-48.1680.9,mlp.fc2.lora_B,5
1768387408.4677656,138,4.34375,0.08824240416288376,Grad/mlp.fc2.lora_B,outputs_dev/vitb16/T=vtab_Q=3bit_L=lora_2_qkv-fc1-proj-fc2/cifar/20260114184203_default_acc=53.50/tensorboard/Grad_mlp.fc2.lora_B_block_5/events.out.tfevents.1768387349.master-192-168-8-48.1680.9,mlp.fc2.lora_B,5
1768387408.8890264,139,4.375,0.09781166911125183,Grad/mlp.fc2.lora_B,outputs_dev/vitb16/T=vtab_Q=3bit_L=lora_2_qkv-fc1-proj-fc2/cifar/20260114184203_default_acc=53.50/tensorboard/Grad_mlp.fc2.lora_B_block_5/events.out.tfevents.1768387349.master-192-168-8-48.1680.9,mlp.fc2.lora_B,5
1768387409.322545,140,4.40625,0.10100698471069336,Grad/mlp.fc2.lora_B,outputs_dev/vitb16/T=vtab_Q=3bit_L=lora_2_qkv-fc1-proj-fc2/cifar/20260114184203_default_acc=53.50/tensorboard/Grad_mlp.fc2.lora_B_block_5/events.out.tfevents.1768387349.master-192-168-8-48.1680.9,mlp.fc2.lora_B,5
1768387409.7429333,141,4.4375,0.09977533668279648,Grad/mlp.fc2.lora_B,outputs_dev/vitb16/T=vtab_Q=3bit_L=lora_2_qkv-fc1-proj-fc2/cifar/20260114184203_default_acc=53.50/tensorboard/Grad_mlp.fc2.lora_B_block_5/events.out.tfevents.1768387349.master-192-168-8-48.1680.9,mlp.fc2.lora_B,5
1768387410.153163,142,4.46875,0.09126853942871094,Grad/mlp.fc2.lora_B,outputs_dev/vitb16/T=vtab_Q=3bit_L=lora_2_qkv-fc1-proj-fc2/cifar/20260114184203_default_acc=53.50/tensorboard/Grad_mlp.fc2.lora_B_block_5/events.out.tfevents.1768387349.master-192-168-8-48.1680.9,mlp.fc2.lora_B,5
1768387410.5653498,143,4.5,0.09441924840211868,Grad/mlp.fc2.lora_B,outputs_dev/vitb16/T=vtab_Q=3bit_L=lora_2_qkv-fc1-proj-fc2/cifar/20260114184203_default_acc=53.50/tensorboard/Grad_mlp.fc2.lora_B_block_5/events.out.tfevents.1768387349.master-192-168-8-48.1680.9,mlp.fc2.lora_B,5
1768387410.986783,144,4.53125,0.10126633197069168,Grad/mlp.fc2.lora_B,outputs_dev/vitb16/T=vtab_Q=3bit_L=lora_2_qkv-fc1-proj-fc2/cifar/20260114184203_default_acc=53.50/tensorboard/Grad_mlp.fc2.lora_B_block_5/events.out.tfevents.1768387349.master-192-168-8-48.1680.9,mlp.fc2.lora_B,5
1768387411.3962862,145,4.5625,0.11112819612026215,Grad/mlp.fc2.lora_B,outputs_dev/vitb16/T=vtab_Q=3bit_L=lora_2_qkv-fc1-proj-fc2/cifar/20260114184203_default_acc=53.50/tensorboard/Grad_mlp.fc2.lora_B_block_5/events.out.tfevents.1768387349.master-192-168-8-48.1680.9,mlp.fc2.lora_B,5
1768387411.832176,146,4.59375,0.1108315959572792,Grad/mlp.fc2.lora_B,outputs_dev/vitb16/T=vtab_Q=3bit_L=lora_2_qkv-fc1-proj-fc2/cifar/20260114184203_default_acc=53.50/tensorboard/Grad_mlp.fc2.lora_B_block_5/events.out.tfevents.1768387349.master-192-168-8-48.1680.9,mlp.fc2.lora_B,5
1768387412.2567947,147,4.625,0.10701519250869751,Grad/mlp.fc2.lora_B,outputs_dev/vitb16/T=vtab_Q=3bit_L=lora_2_qkv-fc1-proj-fc2/cifar/20260114184203_default_acc=53.50/tensorboard/Grad_mlp.fc2.lora_B_block_5/events.out.tfevents.1768387349.master-192-168-8-48.1680.9,mlp.fc2.lora_B,5
1768387412.693294,148,4.65625,0.10006196796894073,Grad/mlp.fc2.lora_B,outputs_dev/vitb16/T=vtab_Q=3bit_L=lora_2_qkv-fc1-proj-fc2/cifar/20260114184203_default_acc=53.50/tensorboard/Grad_mlp.fc2.lora_B_block_5/events.out.tfevents.1768387349.master-192-168-8-48.1680.9,mlp.fc2.lora_B,5
1768387413.1297529,149,4.6875,0.09839238971471786,Grad/mlp.fc2.lora_B,outputs_dev/vitb16/T=vtab_Q=3bit_L=lora_2_qkv-fc1-proj-fc2/cifar/20260114184203_default_acc=53.50/tensorboard/Grad_mlp.fc2.lora_B_block_5/events.out.tfevents.1768387349.master-192-168-8-48.1680.9,mlp.fc2.lora_B,5
1768387413.5527806,150,4.71875,0.09472006559371948,Grad/mlp.fc2.lora_B,outputs_dev/vitb16/T=vtab_Q=3bit_L=lora_2_qkv-fc1-proj-fc2/cifar/20260114184203_default_acc=53.50/tensorboard/Grad_mlp.fc2.lora_B_block_5/events.out.tfevents.1768387349.master-192-168-8-48.1680.9,mlp.fc2.lora_B,5
1768387413.9902554,151,4.75,0.10209768265485764,Grad/mlp.fc2.lora_B,outputs_dev/vitb16/T=vtab_Q=3bit_L=lora_2_qkv-fc1-proj-fc2/cifar/20260114184203_default_acc=53.50/tensorboard/Grad_mlp.fc2.lora_B_block_5/events.out.tfevents.1768387349.master-192-168-8-48.1680.9,mlp.fc2.lora_B,5
1768387414.4260123,152,4.78125,0.10695397108793259,Grad/mlp.fc2.lora_B,outputs_dev/vitb16/T=vtab_Q=3bit_L=lora_2_qkv-fc1-proj-fc2/cifar/20260114184203_default_acc=53.50/tensorboard/Grad_mlp.fc2.lora_B_block_5/events.out.tfevents.1768387349.master-192-168-8-48.1680.9,mlp.fc2.lora_B,5
1768387414.8468103,153,4.8125,0.09909661114215851,Grad/mlp.fc2.lora_B,outputs_dev/vitb16/T=vtab_Q=3bit_L=lora_2_qkv-fc1-proj-fc2/cifar/20260114184203_default_acc=53.50/tensorboard/Grad_mlp.fc2.lora_B_block_5/events.out.tfevents.1768387349.master-192-168-8-48.1680.9,mlp.fc2.lora_B,5
1768387415.2791972,154,4.84375,0.10528114438056946,Grad/mlp.fc2.lora_B,outputs_dev/vitb16/T=vtab_Q=3bit_L=lora_2_qkv-fc1-proj-fc2/cifar/20260114184203_default_acc=53.50/tensorboard/Grad_mlp.fc2.lora_B_block_5/events.out.tfevents.1768387349.master-192-168-8-48.1680.9,mlp.fc2.lora_B,5
1768387415.7122755,155,4.875,0.11238303780555725,Grad/mlp.fc2.lora_B,outputs_dev/vitb16/T=vtab_Q=3bit_L=lora_2_qkv-fc1-proj-fc2/cifar/20260114184203_default_acc=53.50/tensorboard/Grad_mlp.fc2.lora_B_block_5/events.out.tfevents.1768387349.master-192-168-8-48.1680.9,mlp.fc2.lora_B,5
1768387416.1332328,156,4.90625,0.09777028113603592,Grad/mlp.fc2.lora_B,outputs_dev/vitb16/T=vtab_Q=3bit_L=lora_2_qkv-fc1-proj-fc2/cifar/20260114184203_default_acc=53.50/tensorboard/Grad_mlp.fc2.lora_B_block_5/events.out.tfevents.1768387349.master-192-168-8-48.1680.9,mlp.fc2.lora_B,5
1768387416.6822317,157,4.9375,0.10514389723539352,Grad/mlp.fc2.lora_B,outputs_dev/vitb16/T=vtab_Q=3bit_L=lora_2_qkv-fc1-proj-fc2/cifar/20260114184203_default_acc=53.50/tensorboard/Grad_mlp.fc2.lora_B_block_5/events.out.tfevents.1768387349.master-192-168-8-48.1680.9,mlp.fc2.lora_B,5
1768387417.1012337,158,4.96875,0.12581686675548553,Grad/mlp.fc2.lora_B,outputs_dev/vitb16/T=vtab_Q=3bit_L=lora_2_qkv-fc1-proj-fc2/cifar/20260114184203_default_acc=53.50/tensorboard/Grad_mlp.fc2.lora_B_block_5/events.out.tfevents.1768387349.master-192-168-8-48.1680.9,mlp.fc2.lora_B,5
1768387417.3228388,159,5.0,0.22472909092903137,Grad/mlp.fc2.lora_B,outputs_dev/vitb16/T=vtab_Q=3bit_L=lora_2_qkv-fc1-proj-fc2/cifar/20260114184203_default_acc=53.50/tensorboard/Grad_mlp.fc2.lora_B_block_5/events.out.tfevents.1768387349.master-192-168-8-48.1680.9,mlp.fc2.lora_B,5
1768387418.0441735,160,5.03125,0.11686388403177261,Grad/mlp.fc2.lora_B,outputs_dev/vitb16/T=vtab_Q=3bit_L=lora_2_qkv-fc1-proj-fc2/cifar/20260114184203_default_acc=53.50/tensorboard/Grad_mlp.fc2.lora_B_block_5/events.out.tfevents.1768387349.master-192-168-8-48.1680.9,mlp.fc2.lora_B,5
1768387418.4697745,161,5.0625,0.11776819080114365,Grad/mlp.fc2.lora_B,outputs_dev/vitb16/T=vtab_Q=3bit_L=lora_2_qkv-fc1-proj-fc2/cifar/20260114184203_default_acc=53.50/tensorboard/Grad_mlp.fc2.lora_B_block_5/events.out.tfevents.1768387349.master-192-168-8-48.1680.9,mlp.fc2.lora_B,5
1768387418.8944528,162,5.09375,0.10817838460206985,Grad/mlp.fc2.lora_B,outputs_dev/vitb16/T=vtab_Q=3bit_L=lora_2_qkv-fc1-proj-fc2/cifar/20260114184203_default_acc=53.50/tensorboard/Grad_mlp.fc2.lora_B_block_5/events.out.tfevents.1768387349.master-192-168-8-48.1680.9,mlp.fc2.lora_B,5
1768387419.3165383,163,5.125,0.1023404598236084,Grad/mlp.fc2.lora_B,outputs_dev/vitb16/T=vtab_Q=3bit_L=lora_2_qkv-fc1-proj-fc2/cifar/20260114184203_default_acc=53.50/tensorboard/Grad_mlp.fc2.lora_B_block_5/events.out.tfevents.1768387349.master-192-168-8-48.1680.9,mlp.fc2.lora_B,5
1768387419.743421,164,5.15625,0.12919902801513672,Grad/mlp.fc2.lora_B,outputs_dev/vitb16/T=vtab_Q=3bit_L=lora_2_qkv-fc1-proj-fc2/cifar/20260114184203_default_acc=53.50/tensorboard/Grad_mlp.fc2.lora_B_block_5/events.out.tfevents.1768387349.master-192-168-8-48.1680.9,mlp.fc2.lora_B,5
1768387420.1722841,165,5.1875,0.09894097596406937,Grad/mlp.fc2.lora_B,outputs_dev/vitb16/T=vtab_Q=3bit_L=lora_2_qkv-fc1-proj-fc2/cifar/20260114184203_default_acc=53.50/tensorboard/Grad_mlp.fc2.lora_B_block_5/events.out.tfevents.1768387349.master-192-168-8-48.1680.9,mlp.fc2.lora_B,5
1768387420.5945532,166,5.21875,0.11576475203037262,Grad/mlp.fc2.lora_B,outputs_dev/vitb16/T=vtab_Q=3bit_L=lora_2_qkv-fc1-proj-fc2/cifar/20260114184203_default_acc=53.50/tensorboard/Grad_mlp.fc2.lora_B_block_5/events.out.tfevents.1768387349.master-192-168-8-48.1680.9,mlp.fc2.lora_B,5
1768387421.0180666,167,5.25,0.10254239290952682,Grad/mlp.fc2.lora_B,outputs_dev/vitb16/T=vtab_Q=3bit_L=lora_2_qkv-fc1-proj-fc2/cifar/20260114184203_default_acc=53.50/tensorboard/Grad_mlp.fc2.lora_B_block_5/events.out.tfevents.1768387349.master-192-168-8-48.1680.9,mlp.fc2.lora_B,5
1768387421.4427843,168,5.28125,0.11962540447711945,Grad/mlp.fc2.lora_B,outputs_dev/vitb16/T=vtab_Q=3bit_L=lora_2_qkv-fc1-proj-fc2/cifar/20260114184203_default_acc=53.50/tensorboard/Grad_mlp.fc2.lora_B_block_5/events.out.tfevents.1768387349.master-192-168-8-48.1680.9,mlp.fc2.lora_B,5
1768387421.8692548,169,5.3125,0.12940599024295807,Grad/mlp.fc2.lora_B,outputs_dev/vitb16/T=vtab_Q=3bit_L=lora_2_qkv-fc1-proj-fc2/cifar/20260114184203_default_acc=53.50/tensorboard/Grad_mlp.fc2.lora_B_block_5/events.out.tfevents.1768387349.master-192-168-8-48.1680.9,mlp.fc2.lora_B,5
1768387422.2939844,170,5.34375,0.1366511434316635,Grad/mlp.fc2.lora_B,outputs_dev/vitb16/T=vtab_Q=3bit_L=lora_2_qkv-fc1-proj-fc2/cifar/20260114184203_default_acc=53.50/tensorboard/Grad_mlp.fc2.lora_B_block_5/events.out.tfevents.1768387349.master-192-168-8-48.1680.9,mlp.fc2.lora_B,5
1768387422.7170317,171,5.375,0.12750877439975739,Grad/mlp.fc2.lora_B,outputs_dev/vitb16/T=vtab_Q=3bit_L=lora_2_qkv-fc1-proj-fc2/cifar/20260114184203_default_acc=53.50/tensorboard/Grad_mlp.fc2.lora_B_block_5/events.out.tfevents.1768387349.master-192-168-8-48.1680.9,mlp.fc2.lora_B,5
1768387423.1530454,172,5.40625,0.1309737265110016,Grad/mlp.fc2.lora_B,outputs_dev/vitb16/T=vtab_Q=3bit_L=lora_2_qkv-fc1-proj-fc2/cifar/20260114184203_default_acc=53.50/tensorboard/Grad_mlp.fc2.lora_B_block_5/events.out.tfevents.1768387349.master-192-168-8-48.1680.9,mlp.fc2.lora_B,5
1768387423.5779371,173,5.4375,0.14341387152671814,Grad/mlp.fc2.lora_B,outputs_dev/vitb16/T=vtab_Q=3bit_L=lora_2_qkv-fc1-proj-fc2/cifar/20260114184203_default_acc=53.50/tensorboard/Grad_mlp.fc2.lora_B_block_5/events.out.tfevents.1768387349.master-192-168-8-48.1680.9,mlp.fc2.lora_B,5
1768387424.0103593,174,5.46875,0.14298677444458008,Grad/mlp.fc2.lora_B,outputs_dev/vitb16/T=vtab_Q=3bit_L=lora_2_qkv-fc1-proj-fc2/cifar/20260114184203_default_acc=53.50/tensorboard/Grad_mlp.fc2.lora_B_block_5/events.out.tfevents.1768387349.master-192-168-8-48.1680.9,mlp.fc2.lora_B,5
1768387424.4536695,175,5.5,0.1413724422454834,Grad/mlp.fc2.lora_B,outputs_dev/vitb16/T=vtab_Q=3bit_L=lora_2_qkv-fc1-proj-fc2/cifar/20260114184203_default_acc=53.50/tensorboard/Grad_mlp.fc2.lora_B_block_5/events.out.tfevents.1768387349.master-192-168-8-48.1680.9,mlp.fc2.lora_B,5
1768387424.8972635,176,5.53125,0.15063691139221191,Grad/mlp.fc2.lora_B,outputs_dev/vitb16/T=vtab_Q=3bit_L=lora_2_qkv-fc1-proj-fc2/cifar/20260114184203_default_acc=53.50/tensorboard/Grad_mlp.fc2.lora_B_block_5/events.out.tfevents.1768387349.master-192-168-8-48.1680.9,mlp.fc2.lora_B,5
1768387425.333482,177,5.5625,0.11663085967302322,Grad/mlp.fc2.lora_B,outputs_dev/vitb16/T=vtab_Q=3bit_L=lora_2_qkv-fc1-proj-fc2/cifar/20260114184203_default_acc=53.50/tensorboard/Grad_mlp.fc2.lora_B_block_5/events.out.tfevents.1768387349.master-192-168-8-48.1680.9,mlp.fc2.lora_B,5
1768387425.7859588,178,5.59375,0.13670282065868378,Grad/mlp.fc2.lora_B,outputs_dev/vitb16/T=vtab_Q=3bit_L=lora_2_qkv-fc1-proj-fc2/cifar/20260114184203_default_acc=53.50/tensorboard/Grad_mlp.fc2.lora_B_block_5/events.out.tfevents.1768387349.master-192-168-8-48.1680.9,mlp.fc2.lora_B,5
1768387426.2162848,179,5.625,0.12264184653759003,Grad/mlp.fc2.lora_B,outputs_dev/vitb16/T=vtab_Q=3bit_L=lora_2_qkv-fc1-proj-fc2/cifar/20260114184203_default_acc=53.50/tensorboard/Grad_mlp.fc2.lora_B_block_5/events.out.tfevents.1768387349.master-192-168-8-48.1680.9,mlp.fc2.lora_B,5
1768387426.6391385,180,5.65625,0.15561379492282867,Grad/mlp.fc2.lora_B,outputs_dev/vitb16/T=vtab_Q=3bit_L=lora_2_qkv-fc1-proj-fc2/cifar/20260114184203_default_acc=53.50/tensorboard/Grad_mlp.fc2.lora_B_block_5/events.out.tfevents.1768387349.master-192-168-8-48.1680.9,mlp.fc2.lora_B,5
1768387427.0797107,181,5.6875,0.12752839922904968,Grad/mlp.fc2.lora_B,outputs_dev/vitb16/T=vtab_Q=3bit_L=lora_2_qkv-fc1-proj-fc2/cifar/20260114184203_default_acc=53.50/tensorboard/Grad_mlp.fc2.lora_B_block_5/events.out.tfevents.1768387349.master-192-168-8-48.1680.9,mlp.fc2.lora_B,5
1768387427.532267,182,5.71875,0.1428488790988922,Grad/mlp.fc2.lora_B,outputs_dev/vitb16/T=vtab_Q=3bit_L=lora_2_qkv-fc1-proj-fc2/cifar/20260114184203_default_acc=53.50/tensorboard/Grad_mlp.fc2.lora_B_block_5/events.out.tfevents.1768387349.master-192-168-8-48.1680.9,mlp.fc2.lora_B,5
1768387427.957692,183,5.75,0.1550685465335846,Grad/mlp.fc2.lora_B,outputs_dev/vitb16/T=vtab_Q=3bit_L=lora_2_qkv-fc1-proj-fc2/cifar/20260114184203_default_acc=53.50/tensorboard/Grad_mlp.fc2.lora_B_block_5/events.out.tfevents.1768387349.master-192-168-8-48.1680.9,mlp.fc2.lora_B,5
1768387428.3921163,184,5.78125,0.1446988880634308,Grad/mlp.fc2.lora_B,outputs_dev/vitb16/T=vtab_Q=3bit_L=lora_2_qkv-fc1-proj-fc2/cifar/20260114184203_default_acc=53.50/tensorboard/Grad_mlp.fc2.lora_B_block_5/events.out.tfevents.1768387349.master-192-168-8-48.1680.9,mlp.fc2.lora_B,5
1768387428.8274,185,5.8125,0.1470179408788681,Grad/mlp.fc2.lora_B,outputs_dev/vitb16/T=vtab_Q=3bit_L=lora_2_qkv-fc1-proj-fc2/cifar/20260114184203_default_acc=53.50/tensorboard/Grad_mlp.fc2.lora_B_block_5/events.out.tfevents.1768387349.master-192-168-8-48.1680.9,mlp.fc2.lora_B,5
1768387429.252037,186,5.84375,0.12793193757534027,Grad/mlp.fc2.lora_B,outputs_dev/vitb16/T=vtab_Q=3bit_L=lora_2_qkv-fc1-proj-fc2/cifar/20260114184203_default_acc=53.50/tensorboard/Grad_mlp.fc2.lora_B_block_5/events.out.tfevents.1768387349.master-192-168-8-48.1680.9,mlp.fc2.lora_B,5
1768387429.6891644,187,5.875,0.12394295632839203,Grad/mlp.fc2.lora_B,outputs_dev/vitb16/T=vtab_Q=3bit_L=lora_2_qkv-fc1-proj-fc2/cifar/20260114184203_default_acc=53.50/tensorboard/Grad_mlp.fc2.lora_B_block_5/events.out.tfevents.1768387349.master-192-168-8-48.1680.9,mlp.fc2.lora_B,5
1768387430.131716,188,5.90625,0.14795011281967163,Grad/mlp.fc2.lora_B,outputs_dev/vitb16/T=vtab_Q=3bit_L=lora_2_qkv-fc1-proj-fc2/cifar/20260114184203_default_acc=53.50/tensorboard/Grad_mlp.fc2.lora_B_block_5/events.out.tfevents.1768387349.master-192-168-8-48.1680.9,mlp.fc2.lora_B,5
1768387430.558878,189,5.9375,0.14103765785694122,Grad/mlp.fc2.lora_B,outputs_dev/vitb16/T=vtab_Q=3bit_L=lora_2_qkv-fc1-proj-fc2/cifar/20260114184203_default_acc=53.50/tensorboard/Grad_mlp.fc2.lora_B_block_5/events.out.tfevents.1768387349.master-192-168-8-48.1680.9,mlp.fc2.lora_B,5
1768387430.9867725,190,5.96875,0.1450824737548828,Grad/mlp.fc2.lora_B,outputs_dev/vitb16/T=vtab_Q=3bit_L=lora_2_qkv-fc1-proj-fc2/cifar/20260114184203_default_acc=53.50/tensorboard/Grad_mlp.fc2.lora_B_block_5/events.out.tfevents.1768387349.master-192-168-8-48.1680.9,mlp.fc2.lora_B,5
1768387431.1963968,191,6.0,0.34576281905174255,Grad/mlp.fc2.lora_B,outputs_dev/vitb16/T=vtab_Q=3bit_L=lora_2_qkv-fc1-proj-fc2/cifar/20260114184203_default_acc=53.50/tensorboard/Grad_mlp.fc2.lora_B_block_5/events.out.tfevents.1768387349.master-192-168-8-48.1680.9,mlp.fc2.lora_B,5
1768387431.9566867,192,6.03125,0.13375955820083618,Grad/mlp.fc2.lora_B,outputs_dev/vitb16/T=vtab_Q=3bit_L=lora_2_qkv-fc1-proj-fc2/cifar/20260114184203_default_acc=53.50/tensorboard/Grad_mlp.fc2.lora_B_block_5/events.out.tfevents.1768387349.master-192-168-8-48.1680.9,mlp.fc2.lora_B,5
1768387432.3895402,193,6.0625,0.15986759960651398,Grad/mlp.fc2.lora_B,outputs_dev/vitb16/T=vtab_Q=3bit_L=lora_2_qkv-fc1-proj-fc2/cifar/20260114184203_default_acc=53.50/tensorboard/Grad_mlp.fc2.lora_B_block_5/events.out.tfevents.1768387349.master-192-168-8-48.1680.9,mlp.fc2.lora_B,5
1768387432.81851,194,6.09375,0.14105826616287231,Grad/mlp.fc2.lora_B,outputs_dev/vitb16/T=vtab_Q=3bit_L=lora_2_qkv-fc1-proj-fc2/cifar/20260114184203_default_acc=53.50/tensorboard/Grad_mlp.fc2.lora_B_block_5/events.out.tfevents.1768387349.master-192-168-8-48.1680.9,mlp.fc2.lora_B,5
1768387433.2484035,195,6.125,0.14870603382587433,Grad/mlp.fc2.lora_B,outputs_dev/vitb16/T=vtab_Q=3bit_L=lora_2_qkv-fc1-proj-fc2/cifar/20260114184203_default_acc=53.50/tensorboard/Grad_mlp.fc2.lora_B_block_5/events.out.tfevents.1768387349.master-192-168-8-48.1680.9,mlp.fc2.lora_B,5
1768387433.6768703,196,6.15625,0.17784567177295685,Grad/mlp.fc2.lora_B,outputs_dev/vitb16/T=vtab_Q=3bit_L=lora_2_qkv-fc1-proj-fc2/cifar/20260114184203_default_acc=53.50/tensorboard/Grad_mlp.fc2.lora_B_block_5/events.out.tfevents.1768387349.master-192-168-8-48.1680.9,mlp.fc2.lora_B,5
1768387434.105799,197,6.1875,0.1516684740781784,Grad/mlp.fc2.lora_B,outputs_dev/vitb16/T=vtab_Q=3bit_L=lora_2_qkv-fc1-proj-fc2/cifar/20260114184203_default_acc=53.50/tensorboard/Grad_mlp.fc2.lora_B_block_5/events.out.tfevents.1768387349.master-192-168-8-48.1680.9,mlp.fc2.lora_B,5
1768387434.5343513,198,6.21875,0.1625688076019287,Grad/mlp.fc2.lora_B,outputs_dev/vitb16/T=vtab_Q=3bit_L=lora_2_qkv-fc1-proj-fc2/cifar/20260114184203_default_acc=53.50/tensorboard/Grad_mlp.fc2.lora_B_block_5/events.out.tfevents.1768387349.master-192-168-8-48.1680.9,mlp.fc2.lora_B,5
1768387434.963587,199,6.25,0.1685824990272522,Grad/mlp.fc2.lora_B,outputs_dev/vitb16/T=vtab_Q=3bit_L=lora_2_qkv-fc1-proj-fc2/cifar/20260114184203_default_acc=53.50/tensorboard/Grad_mlp.fc2.lora_B_block_5/events.out.tfevents.1768387349.master-192-168-8-48.1680.9,mlp.fc2.lora_B,5
1768387435.412034,200,6.28125,0.1725665181875229,Grad/mlp.fc2.lora_B,outputs_dev/vitb16/T=vtab_Q=3bit_L=lora_2_qkv-fc1-proj-fc2/cifar/20260114184203_default_acc=53.50/tensorboard/Grad_mlp.fc2.lora_B_block_5/events.out.tfevents.1768387349.master-192-168-8-48.1680.9,mlp.fc2.lora_B,5
1768387435.8396964,201,6.3125,0.16429904103279114,Grad/mlp.fc2.lora_B,outputs_dev/vitb16/T=vtab_Q=3bit_L=lora_2_qkv-fc1-proj-fc2/cifar/20260114184203_default_acc=53.50/tensorboard/Grad_mlp.fc2.lora_B_block_5/events.out.tfevents.1768387349.master-192-168-8-48.1680.9,mlp.fc2.lora_B,5
1768387436.2619612,202,6.34375,0.17429983615875244,Grad/mlp.fc2.lora_B,outputs_dev/vitb16/T=vtab_Q=3bit_L=lora_2_qkv-fc1-proj-fc2/cifar/20260114184203_default_acc=53.50/tensorboard/Grad_mlp.fc2.lora_B_block_5/events.out.tfevents.1768387349.master-192-168-8-48.1680.9,mlp.fc2.lora_B,5
1768387436.6882112,203,6.375,0.1433323472738266,Grad/mlp.fc2.lora_B,outputs_dev/vitb16/T=vtab_Q=3bit_L=lora_2_qkv-fc1-proj-fc2/cifar/20260114184203_default_acc=53.50/tensorboard/Grad_mlp.fc2.lora_B_block_5/events.out.tfevents.1768387349.master-192-168-8-48.1680.9,mlp.fc2.lora_B,5
1768387437.1107767,204,6.40625,0.16766776144504547,Grad/mlp.fc2.lora_B,outputs_dev/vitb16/T=vtab_Q=3bit_L=lora_2_qkv-fc1-proj-fc2/cifar/20260114184203_default_acc=53.50/tensorboard/Grad_mlp.fc2.lora_B_block_5/events.out.tfevents.1768387349.master-192-168-8-48.1680.9,mlp.fc2.lora_B,5
1768387437.5332546,205,6.4375,0.16749294102191925,Grad/mlp.fc2.lora_B,outputs_dev/vitb16/T=vtab_Q=3bit_L=lora_2_qkv-fc1-proj-fc2/cifar/20260114184203_default_acc=53.50/tensorboard/Grad_mlp.fc2.lora_B_block_5/events.out.tfevents.1768387349.master-192-168-8-48.1680.9,mlp.fc2.lora_B,5
1768387437.9574845,206,6.46875,0.15911133587360382,Grad/mlp.fc2.lora_B,outputs_dev/vitb16/T=vtab_Q=3bit_L=lora_2_qkv-fc1-proj-fc2/cifar/20260114184203_default_acc=53.50/tensorboard/Grad_mlp.fc2.lora_B_block_5/events.out.tfevents.1768387349.master-192-168-8-48.1680.9,mlp.fc2.lora_B,5
1768387438.4086506,207,6.5,0.14703330397605896,Grad/mlp.fc2.lora_B,outputs_dev/vitb16/T=vtab_Q=3bit_L=lora_2_qkv-fc1-proj-fc2/cifar/20260114184203_default_acc=53.50/tensorboard/Grad_mlp.fc2.lora_B_block_5/events.out.tfevents.1768387349.master-192-168-8-48.1680.9,mlp.fc2.lora_B,5
1768387438.83046,208,6.53125,0.1607857644557953,Grad/mlp.fc2.lora_B,outputs_dev/vitb16/T=vtab_Q=3bit_L=lora_2_qkv-fc1-proj-fc2/cifar/20260114184203_default_acc=53.50/tensorboard/Grad_mlp.fc2.lora_B_block_5/events.out.tfevents.1768387349.master-192-168-8-48.1680.9,mlp.fc2.lora_B,5
1768387439.2530365,209,6.5625,0.18353970348834991,Grad/mlp.fc2.lora_B,outputs_dev/vitb16/T=vtab_Q=3bit_L=lora_2_qkv-fc1-proj-fc2/cifar/20260114184203_default_acc=53.50/tensorboard/Grad_mlp.fc2.lora_B_block_5/events.out.tfevents.1768387349.master-192-168-8-48.1680.9,mlp.fc2.lora_B,5
1768387439.6884806,210,6.59375,0.22409261763095856,Grad/mlp.fc2.lora_B,outputs_dev/vitb16/T=vtab_Q=3bit_L=lora_2_qkv-fc1-proj-fc2/cifar/20260114184203_default_acc=53.50/tensorboard/Grad_mlp.fc2.lora_B_block_5/events.out.tfevents.1768387349.master-192-168-8-48.1680.9,mlp.fc2.lora_B,5
1768387440.1254032,211,6.625,0.1931585818529129,Grad/mlp.fc2.lora_B,outputs_dev/vitb16/T=vtab_Q=3bit_L=lora_2_qkv-fc1-proj-fc2/cifar/20260114184203_default_acc=53.50/tensorboard/Grad_mlp.fc2.lora_B_block_5/events.out.tfevents.1768387349.master-192-168-8-48.1680.9,mlp.fc2.lora_B,5
1768387440.5641415,212,6.65625,0.14776447415351868,Grad/mlp.fc2.lora_B,outputs_dev/vitb16/T=vtab_Q=3bit_L=lora_2_qkv-fc1-proj-fc2/cifar/20260114184203_default_acc=53.50/tensorboard/Grad_mlp.fc2.lora_B_block_5/events.out.tfevents.1768387349.master-192-168-8-48.1680.9,mlp.fc2.lora_B,5
1768387440.999263,213,6.6875,0.17978492379188538,Grad/mlp.fc2.lora_B,outputs_dev/vitb16/T=vtab_Q=3bit_L=lora_2_qkv-fc1-proj-fc2/cifar/20260114184203_default_acc=53.50/tensorboard/Grad_mlp.fc2.lora_B_block_5/events.out.tfevents.1768387349.master-192-168-8-48.1680.9,mlp.fc2.lora_B,5
1768387441.4223363,214,6.71875,0.18504424393177032,Grad/mlp.fc2.lora_B,outputs_dev/vitb16/T=vtab_Q=3bit_L=lora_2_qkv-fc1-proj-fc2/cifar/20260114184203_default_acc=53.50/tensorboard/Grad_mlp.fc2.lora_B_block_5/events.out.tfevents.1768387349.master-192-168-8-48.1680.9,mlp.fc2.lora_B,5
1768387441.859841,215,6.75,0.1792159378528595,Grad/mlp.fc2.lora_B,outputs_dev/vitb16/T=vtab_Q=3bit_L=lora_2_qkv-fc1-proj-fc2/cifar/20260114184203_default_acc=53.50/tensorboard/Grad_mlp.fc2.lora_B_block_5/events.out.tfevents.1768387349.master-192-168-8-48.1680.9,mlp.fc2.lora_B,5
1768387442.2969124,216,6.78125,0.1685420274734497,Grad/mlp.fc2.lora_B,outputs_dev/vitb16/T=vtab_Q=3bit_L=lora_2_qkv-fc1-proj-fc2/cifar/20260114184203_default_acc=53.50/tensorboard/Grad_mlp.fc2.lora_B_block_5/events.out.tfevents.1768387349.master-192-168-8-48.1680.9,mlp.fc2.lora_B,5
1768387442.734308,217,6.8125,0.1774572730064392,Grad/mlp.fc2.lora_B,outputs_dev/vitb16/T=vtab_Q=3bit_L=lora_2_qkv-fc1-proj-fc2/cifar/20260114184203_default_acc=53.50/tensorboard/Grad_mlp.fc2.lora_B_block_5/events.out.tfevents.1768387349.master-192-168-8-48.1680.9,mlp.fc2.lora_B,5
1768387443.170898,218,6.84375,0.1544714868068695,Grad/mlp.fc2.lora_B,outputs_dev/vitb16/T=vtab_Q=3bit_L=lora_2_qkv-fc1-proj-fc2/cifar/20260114184203_default_acc=53.50/tensorboard/Grad_mlp.fc2.lora_B_block_5/events.out.tfevents.1768387349.master-192-168-8-48.1680.9,mlp.fc2.lora_B,5
1768387443.6083221,219,6.875,0.14691343903541565,Grad/mlp.fc2.lora_B,outputs_dev/vitb16/T=vtab_Q=3bit_L=lora_2_qkv-fc1-proj-fc2/cifar/20260114184203_default_acc=53.50/tensorboard/Grad_mlp.fc2.lora_B_block_5/events.out.tfevents.1768387349.master-192-168-8-48.1680.9,mlp.fc2.lora_B,5
1768387444.040061,220,6.90625,0.19083154201507568,Grad/mlp.fc2.lora_B,outputs_dev/vitb16/T=vtab_Q=3bit_L=lora_2_qkv-fc1-proj-fc2/cifar/20260114184203_default_acc=53.50/tensorboard/Grad_mlp.fc2.lora_B_block_5/events.out.tfevents.1768387349.master-192-168-8-48.1680.9,mlp.fc2.lora_B,5
1768387444.452616,221,6.9375,0.17986877262592316,Grad/mlp.fc2.lora_B,outputs_dev/vitb16/T=vtab_Q=3bit_L=lora_2_qkv-fc1-proj-fc2/cifar/20260114184203_default_acc=53.50/tensorboard/Grad_mlp.fc2.lora_B_block_5/events.out.tfevents.1768387349.master-192-168-8-48.1680.9,mlp.fc2.lora_B,5
1768387444.8788412,222,6.96875,0.207972452044487,Grad/mlp.fc2.lora_B,outputs_dev/vitb16/T=vtab_Q=3bit_L=lora_2_qkv-fc1-proj-fc2/cifar/20260114184203_default_acc=53.50/tensorboard/Grad_mlp.fc2.lora_B_block_5/events.out.tfevents.1768387349.master-192-168-8-48.1680.9,mlp.fc2.lora_B,5
1768387445.105177,223,7.0,0.30404606461524963,Grad/mlp.fc2.lora_B,outputs_dev/vitb16/T=vtab_Q=3bit_L=lora_2_qkv-fc1-proj-fc2/cifar/20260114184203_default_acc=53.50/tensorboard/Grad_mlp.fc2.lora_B_block_5/events.out.tfevents.1768387349.master-192-168-8-48.1680.9,mlp.fc2.lora_B,5
1768387445.76595,224,7.03125,0.16898293793201447,Grad/mlp.fc2.lora_B,outputs_dev/vitb16/T=vtab_Q=3bit_L=lora_2_qkv-fc1-proj-fc2/cifar/20260114184203_default_acc=53.50/tensorboard/Grad_mlp.fc2.lora_B_block_5/events.out.tfevents.1768387349.master-192-168-8-48.1680.9,mlp.fc2.lora_B,5
1768387446.2033575,225,7.0625,0.17900532484054565,Grad/mlp.fc2.lora_B,outputs_dev/vitb16/T=vtab_Q=3bit_L=lora_2_qkv-fc1-proj-fc2/cifar/20260114184203_default_acc=53.50/tensorboard/Grad_mlp.fc2.lora_B_block_5/events.out.tfevents.1768387349.master-192-168-8-48.1680.9,mlp.fc2.lora_B,5
1768387446.631128,226,7.09375,0.21853287518024445,Grad/mlp.fc2.lora_B,outputs_dev/vitb16/T=vtab_Q=3bit_L=lora_2_qkv-fc1-proj-fc2/cifar/20260114184203_default_acc=53.50/tensorboard/Grad_mlp.fc2.lora_B_block_5/events.out.tfevents.1768387349.master-192-168-8-48.1680.9,mlp.fc2.lora_B,5
1768387447.0629923,227,7.125,0.20698131620883942,Grad/mlp.fc2.lora_B,outputs_dev/vitb16/T=vtab_Q=3bit_L=lora_2_qkv-fc1-proj-fc2/cifar/20260114184203_default_acc=53.50/tensorboard/Grad_mlp.fc2.lora_B_block_5/events.out.tfevents.1768387349.master-192-168-8-48.1680.9,mlp.fc2.lora_B,5
1768387447.4935293,228,7.15625,0.20351730287075043,Grad/mlp.fc2.lora_B,outputs_dev/vitb16/T=vtab_Q=3bit_L=lora_2_qkv-fc1-proj-fc2/cifar/20260114184203_default_acc=53.50/tensorboard/Grad_mlp.fc2.lora_B_block_5/events.out.tfevents.1768387349.master-192-168-8-48.1680.9,mlp.fc2.lora_B,5
1768387447.9347253,229,7.1875,0.19155213236808777,Grad/mlp.fc2.lora_B,outputs_dev/vitb16/T=vtab_Q=3bit_L=lora_2_qkv-fc1-proj-fc2/cifar/20260114184203_default_acc=53.50/tensorboard/Grad_mlp.fc2.lora_B_block_5/events.out.tfevents.1768387349.master-192-168-8-48.1680.9,mlp.fc2.lora_B,5
1768387448.3754046,230,7.21875,0.17220595479011536,Grad/mlp.fc2.lora_B,outputs_dev/vitb16/T=vtab_Q=3bit_L=lora_2_qkv-fc1-proj-fc2/cifar/20260114184203_default_acc=53.50/tensorboard/Grad_mlp.fc2.lora_B_block_5/events.out.tfevents.1768387349.master-192-168-8-48.1680.9,mlp.fc2.lora_B,5
1768387448.8161373,231,7.25,0.2140466421842575,Grad/mlp.fc2.lora_B,outputs_dev/vitb16/T=vtab_Q=3bit_L=lora_2_qkv-fc1-proj-fc2/cifar/20260114184203_default_acc=53.50/tensorboard/Grad_mlp.fc2.lora_B_block_5/events.out.tfevents.1768387349.master-192-168-8-48.1680.9,mlp.fc2.lora_B,5
1768387449.2391622,232,7.28125,0.2009865939617157,Grad/mlp.fc2.lora_B,outputs_dev/vitb16/T=vtab_Q=3bit_L=lora_2_qkv-fc1-proj-fc2/cifar/20260114184203_default_acc=53.50/tensorboard/Grad_mlp.fc2.lora_B_block_5/events.out.tfevents.1768387349.master-192-168-8-48.1680.9,mlp.fc2.lora_B,5
1768387449.6739478,233,7.3125,0.19532273709774017,Grad/mlp.fc2.lora_B,outputs_dev/vitb16/T=vtab_Q=3bit_L=lora_2_qkv-fc1-proj-fc2/cifar/20260114184203_default_acc=53.50/tensorboard/Grad_mlp.fc2.lora_B_block_5/events.out.tfevents.1768387349.master-192-168-8-48.1680.9,mlp.fc2.lora_B,5
1768387450.0943303,234,7.34375,0.18539728224277496,Grad/mlp.fc2.lora_B,outputs_dev/vitb16/T=vtab_Q=3bit_L=lora_2_qkv-fc1-proj-fc2/cifar/20260114184203_default_acc=53.50/tensorboard/Grad_mlp.fc2.lora_B_block_5/events.out.tfevents.1768387349.master-192-168-8-48.1680.9,mlp.fc2.lora_B,5
1768387450.513436,235,7.375,0.3116912841796875,Grad/mlp.fc2.lora_B,outputs_dev/vitb16/T=vtab_Q=3bit_L=lora_2_qkv-fc1-proj-fc2/cifar/20260114184203_default_acc=53.50/tensorboard/Grad_mlp.fc2.lora_B_block_5/events.out.tfevents.1768387349.master-192-168-8-48.1680.9,mlp.fc2.lora_B,5
1768387450.956072,236,7.40625,0.15272535383701324,Grad/mlp.fc2.lora_B,outputs_dev/vitb16/T=vtab_Q=3bit_L=lora_2_qkv-fc1-proj-fc2/cifar/20260114184203_default_acc=53.50/tensorboard/Grad_mlp.fc2.lora_B_block_5/events.out.tfevents.1768387349.master-192-168-8-48.1680.9,mlp.fc2.lora_B,5
1768387451.3911579,237,7.4375,0.20165111124515533,Grad/mlp.fc2.lora_B,outputs_dev/vitb16/T=vtab_Q=3bit_L=lora_2_qkv-fc1-proj-fc2/cifar/20260114184203_default_acc=53.50/tensorboard/Grad_mlp.fc2.lora_B_block_5/events.out.tfevents.1768387349.master-192-168-8-48.1680.9,mlp.fc2.lora_B,5
1768387451.8288882,238,7.46875,0.238844633102417,Grad/mlp.fc2.lora_B,outputs_dev/vitb16/T=vtab_Q=3bit_L=lora_2_qkv-fc1-proj-fc2/cifar/20260114184203_default_acc=53.50/tensorboard/Grad_mlp.fc2.lora_B_block_5/events.out.tfevents.1768387349.master-192-168-8-48.1680.9,mlp.fc2.lora_B,5
1768387452.2535536,239,7.5,0.19678324460983276,Grad/mlp.fc2.lora_B,outputs_dev/vitb16/T=vtab_Q=3bit_L=lora_2_qkv-fc1-proj-fc2/cifar/20260114184203_default_acc=53.50/tensorboard/Grad_mlp.fc2.lora_B_block_5/events.out.tfevents.1768387349.master-192-168-8-48.1680.9,mlp.fc2.lora_B,5
1768387452.6836205,240,7.53125,0.3716672956943512,Grad/mlp.fc2.lora_B,outputs_dev/vitb16/T=vtab_Q=3bit_L=lora_2_qkv-fc1-proj-fc2/cifar/20260114184203_default_acc=53.50/tensorboard/Grad_mlp.fc2.lora_B_block_5/events.out.tfevents.1768387349.master-192-168-8-48.1680.9,mlp.fc2.lora_B,5
1768387453.1084507,241,7.5625,0.24156540632247925,Grad/mlp.fc2.lora_B,outputs_dev/vitb16/T=vtab_Q=3bit_L=lora_2_qkv-fc1-proj-fc2/cifar/20260114184203_default_acc=53.50/tensorboard/Grad_mlp.fc2.lora_B_block_5/events.out.tfevents.1768387349.master-192-168-8-48.1680.9,mlp.fc2.lora_B,5
1768387453.5309849,242,7.59375,0.21011605858802795,Grad/mlp.fc2.lora_B,outputs_dev/vitb16/T=vtab_Q=3bit_L=lora_2_qkv-fc1-proj-fc2/cifar/20260114184203_default_acc=53.50/tensorboard/Grad_mlp.fc2.lora_B_block_5/events.out.tfevents.1768387349.master-192-168-8-48.1680.9,mlp.fc2.lora_B,5
1768387453.9721887,243,7.625,0.20990322530269623,Grad/mlp.fc2.lora_B,outputs_dev/vitb16/T=vtab_Q=3bit_L=lora_2_qkv-fc1-proj-fc2/cifar/20260114184203_default_acc=53.50/tensorboard/Grad_mlp.fc2.lora_B_block_5/events.out.tfevents.1768387349.master-192-168-8-48.1680.9,mlp.fc2.lora_B,5
1768387454.39413,244,7.65625,0.22924554347991943,Grad/mlp.fc2.lora_B,outputs_dev/vitb16/T=vtab_Q=3bit_L=lora_2_qkv-fc1-proj-fc2/cifar/20260114184203_default_acc=53.50/tensorboard/Grad_mlp.fc2.lora_B_block_5/events.out.tfevents.1768387349.master-192-168-8-48.1680.9,mlp.fc2.lora_B,5
1768387454.8184364,245,7.6875,0.2014397382736206,Grad/mlp.fc2.lora_B,outputs_dev/vitb16/T=vtab_Q=3bit_L=lora_2_qkv-fc1-proj-fc2/cifar/20260114184203_default_acc=53.50/tensorboard/Grad_mlp.fc2.lora_B_block_5/events.out.tfevents.1768387349.master-192-168-8-48.1680.9,mlp.fc2.lora_B,5
1768387455.2584772,246,7.71875,0.20995713770389557,Grad/mlp.fc2.lora_B,outputs_dev/vitb16/T=vtab_Q=3bit_L=lora_2_qkv-fc1-proj-fc2/cifar/20260114184203_default_acc=53.50/tensorboard/Grad_mlp.fc2.lora_B_block_5/events.out.tfevents.1768387349.master-192-168-8-48.1680.9,mlp.fc2.lora_B,5
1768387455.6809812,247,7.75,0.22562451660633087,Grad/mlp.fc2.lora_B,outputs_dev/vitb16/T=vtab_Q=3bit_L=lora_2_qkv-fc1-proj-fc2/cifar/20260114184203_default_acc=53.50/tensorboard/Grad_mlp.fc2.lora_B_block_5/events.out.tfevents.1768387349.master-192-168-8-48.1680.9,mlp.fc2.lora_B,5
1768387456.102027,248,7.78125,0.20699523389339447,Grad/mlp.fc2.lora_B,outputs_dev/vitb16/T=vtab_Q=3bit_L=lora_2_qkv-fc1-proj-fc2/cifar/20260114184203_default_acc=53.50/tensorboard/Grad_mlp.fc2.lora_B_block_5/events.out.tfevents.1768387349.master-192-168-8-48.1680.9,mlp.fc2.lora_B,5
1768387456.5243917,249,7.8125,0.26086175441741943,Grad/mlp.fc2.lora_B,outputs_dev/vitb16/T=vtab_Q=3bit_L=lora_2_qkv-fc1-proj-fc2/cifar/20260114184203_default_acc=53.50/tensorboard/Grad_mlp.fc2.lora_B_block_5/events.out.tfevents.1768387349.master-192-168-8-48.1680.9,mlp.fc2.lora_B,5
1768387456.9482765,250,7.84375,0.25543931126594543,Grad/mlp.fc2.lora_B,outputs_dev/vitb16/T=vtab_Q=3bit_L=lora_2_qkv-fc1-proj-fc2/cifar/20260114184203_default_acc=53.50/tensorboard/Grad_mlp.fc2.lora_B_block_5/events.out.tfevents.1768387349.master-192-168-8-48.1680.9,mlp.fc2.lora_B,5
1768387457.3821507,251,7.875,0.19317209720611572,Grad/mlp.fc2.lora_B,outputs_dev/vitb16/T=vtab_Q=3bit_L=lora_2_qkv-fc1-proj-fc2/cifar/20260114184203_default_acc=53.50/tensorboard/Grad_mlp.fc2.lora_B_block_5/events.out.tfevents.1768387349.master-192-168-8-48.1680.9,mlp.fc2.lora_B,5
1768387457.8003297,252,7.90625,0.22232653200626373,Grad/mlp.fc2.lora_B,outputs_dev/vitb16/T=vtab_Q=3bit_L=lora_2_qkv-fc1-proj-fc2/cifar/20260114184203_default_acc=53.50/tensorboard/Grad_mlp.fc2.lora_B_block_5/events.out.tfevents.1768387349.master-192-168-8-48.1680.9,mlp.fc2.lora_B,5
1768387458.2350702,253,7.9375,0.2395031899213791,Grad/mlp.fc2.lora_B,outputs_dev/vitb16/T=vtab_Q=3bit_L=lora_2_qkv-fc1-proj-fc2/cifar/20260114184203_default_acc=53.50/tensorboard/Grad_mlp.fc2.lora_B_block_5/events.out.tfevents.1768387349.master-192-168-8-48.1680.9,mlp.fc2.lora_B,5
1768387458.6655507,254,7.96875,0.21773764491081238,Grad/mlp.fc2.lora_B,outputs_dev/vitb16/T=vtab_Q=3bit_L=lora_2_qkv-fc1-proj-fc2/cifar/20260114184203_default_acc=53.50/tensorboard/Grad_mlp.fc2.lora_B_block_5/events.out.tfevents.1768387349.master-192-168-8-48.1680.9,mlp.fc2.lora_B,5
1768387458.8710332,255,8.0,0.30823448300361633,Grad/mlp.fc2.lora_B,outputs_dev/vitb16/T=vtab_Q=3bit_L=lora_2_qkv-fc1-proj-fc2/cifar/20260114184203_default_acc=53.50/tensorboard/Grad_mlp.fc2.lora_B_block_5/events.out.tfevents.1768387349.master-192-168-8-48.1680.9,mlp.fc2.lora_B,5
1768387459.5322828,256,8.03125,0.204708531498909,Grad/mlp.fc2.lora_B,outputs_dev/vitb16/T=vtab_Q=3bit_L=lora_2_qkv-fc1-proj-fc2/cifar/20260114184203_default_acc=53.50/tensorboard/Grad_mlp.fc2.lora_B_block_5/events.out.tfevents.1768387349.master-192-168-8-48.1680.9,mlp.fc2.lora_B,5
1768387459.9714632,257,8.0625,0.23972231149673462,Grad/mlp.fc2.lora_B,outputs_dev/vitb16/T=vtab_Q=3bit_L=lora_2_qkv-fc1-proj-fc2/cifar/20260114184203_default_acc=53.50/tensorboard/Grad_mlp.fc2.lora_B_block_5/events.out.tfevents.1768387349.master-192-168-8-48.1680.9,mlp.fc2.lora_B,5
1768387460.4013886,258,8.09375,0.19132596254348755,Grad/mlp.fc2.lora_B,outputs_dev/vitb16/T=vtab_Q=3bit_L=lora_2_qkv-fc1-proj-fc2/cifar/20260114184203_default_acc=53.50/tensorboard/Grad_mlp.fc2.lora_B_block_5/events.out.tfevents.1768387349.master-192-168-8-48.1680.9,mlp.fc2.lora_B,5
1768387460.8272207,259,8.125,0.2770024240016937,Grad/mlp.fc2.lora_B,outputs_dev/vitb16/T=vtab_Q=3bit_L=lora_2_qkv-fc1-proj-fc2/cifar/20260114184203_default_acc=53.50/tensorboard/Grad_mlp.fc2.lora_B_block_5/events.out.tfevents.1768387349.master-192-168-8-48.1680.9,mlp.fc2.lora_B,5
1768387461.2690206,260,8.15625,0.22465656697750092,Grad/mlp.fc2.lora_B,outputs_dev/vitb16/T=vtab_Q=3bit_L=lora_2_qkv-fc1-proj-fc2/cifar/20260114184203_default_acc=53.50/tensorboard/Grad_mlp.fc2.lora_B_block_5/events.out.tfevents.1768387349.master-192-168-8-48.1680.9,mlp.fc2.lora_B,5
1768387461.710893,261,8.1875,0.20073792338371277,Grad/mlp.fc2.lora_B,outputs_dev/vitb16/T=vtab_Q=3bit_L=lora_2_qkv-fc1-proj-fc2/cifar/20260114184203_default_acc=53.50/tensorboard/Grad_mlp.fc2.lora_B_block_5/events.out.tfevents.1768387349.master-192-168-8-48.1680.9,mlp.fc2.lora_B,5
1768387462.1398976,262,8.21875,0.24916031956672668,Grad/mlp.fc2.lora_B,outputs_dev/vitb16/T=vtab_Q=3bit_L=lora_2_qkv-fc1-proj-fc2/cifar/20260114184203_default_acc=53.50/tensorboard/Grad_mlp.fc2.lora_B_block_5/events.out.tfevents.1768387349.master-192-168-8-48.1680.9,mlp.fc2.lora_B,5
1768387462.5663908,263,8.25,0.2235192507505417,Grad/mlp.fc2.lora_B,outputs_dev/vitb16/T=vtab_Q=3bit_L=lora_2_qkv-fc1-proj-fc2/cifar/20260114184203_default_acc=53.50/tensorboard/Grad_mlp.fc2.lora_B_block_5/events.out.tfevents.1768387349.master-192-168-8-48.1680.9,mlp.fc2.lora_B,5
1768387462.9920073,264,8.28125,0.2697291672229767,Grad/mlp.fc2.lora_B,outputs_dev/vitb16/T=vtab_Q=3bit_L=lora_2_qkv-fc1-proj-fc2/cifar/20260114184203_default_acc=53.50/tensorboard/Grad_mlp.fc2.lora_B_block_5/events.out.tfevents.1768387349.master-192-168-8-48.1680.9,mlp.fc2.lora_B,5
1768387463.4351819,265,8.3125,0.23822343349456787,Grad/mlp.fc2.lora_B,outputs_dev/vitb16/T=vtab_Q=3bit_L=lora_2_qkv-fc1-proj-fc2/cifar/20260114184203_default_acc=53.50/tensorboard/Grad_mlp.fc2.lora_B_block_5/events.out.tfevents.1768387349.master-192-168-8-48.1680.9,mlp.fc2.lora_B,5
1768387463.8739402,266,8.34375,0.2164161652326584,Grad/mlp.fc2.lora_B,outputs_dev/vitb16/T=vtab_Q=3bit_L=lora_2_qkv-fc1-proj-fc2/cifar/20260114184203_default_acc=53.50/tensorboard/Grad_mlp.fc2.lora_B_block_5/events.out.tfevents.1768387349.master-192-168-8-48.1680.9,mlp.fc2.lora_B,5
1768387464.313068,267,8.375,0.24378953874111176,Grad/mlp.fc2.lora_B,outputs_dev/vitb16/T=vtab_Q=3bit_L=lora_2_qkv-fc1-proj-fc2/cifar/20260114184203_default_acc=53.50/tensorboard/Grad_mlp.fc2.lora_B_block_5/events.out.tfevents.1768387349.master-192-168-8-48.1680.9,mlp.fc2.lora_B,5
1768387464.7508643,268,8.40625,0.1957961767911911,Grad/mlp.fc2.lora_B,outputs_dev/vitb16/T=vtab_Q=3bit_L=lora_2_qkv-fc1-proj-fc2/cifar/20260114184203_default_acc=53.50/tensorboard/Grad_mlp.fc2.lora_B_block_5/events.out.tfevents.1768387349.master-192-168-8-48.1680.9,mlp.fc2.lora_B,5
1768387465.1762037,269,8.4375,0.2418927699327469,Grad/mlp.fc2.lora_B,outputs_dev/vitb16/T=vtab_Q=3bit_L=lora_2_qkv-fc1-proj-fc2/cifar/20260114184203_default_acc=53.50/tensorboard/Grad_mlp.fc2.lora_B_block_5/events.out.tfevents.1768387349.master-192-168-8-48.1680.9,mlp.fc2.lora_B,5
1768387465.6120543,270,8.46875,0.2146492898464203,Grad/mlp.fc2.lora_B,outputs_dev/vitb16/T=vtab_Q=3bit_L=lora_2_qkv-fc1-proj-fc2/cifar/20260114184203_default_acc=53.50/tensorboard/Grad_mlp.fc2.lora_B_block_5/events.out.tfevents.1768387349.master-192-168-8-48.1680.9,mlp.fc2.lora_B,5
1768387466.0470474,271,8.5,0.22569480538368225,Grad/mlp.fc2.lora_B,outputs_dev/vitb16/T=vtab_Q=3bit_L=lora_2_qkv-fc1-proj-fc2/cifar/20260114184203_default_acc=53.50/tensorboard/Grad_mlp.fc2.lora_B_block_5/events.out.tfevents.1768387349.master-192-168-8-48.1680.9,mlp.fc2.lora_B,5
1768387466.489918,272,8.53125,0.253940224647522,Grad/mlp.fc2.lora_B,outputs_dev/vitb16/T=vtab_Q=3bit_L=lora_2_qkv-fc1-proj-fc2/cifar/20260114184203_default_acc=53.50/tensorboard/Grad_mlp.fc2.lora_B_block_5/events.out.tfevents.1768387349.master-192-168-8-48.1680.9,mlp.fc2.lora_B,5
1768387466.9291372,273,8.5625,0.26551294326782227,Grad/mlp.fc2.lora_B,outputs_dev/vitb16/T=vtab_Q=3bit_L=lora_2_qkv-fc1-proj-fc2/cifar/20260114184203_default_acc=53.50/tensorboard/Grad_mlp.fc2.lora_B_block_5/events.out.tfevents.1768387349.master-192-168-8-48.1680.9,mlp.fc2.lora_B,5
1768387467.3661752,274,8.59375,0.2828274071216583,Grad/mlp.fc2.lora_B,outputs_dev/vitb16/T=vtab_Q=3bit_L=lora_2_qkv-fc1-proj-fc2/cifar/20260114184203_default_acc=53.50/tensorboard/Grad_mlp.fc2.lora_B_block_5/events.out.tfevents.1768387349.master-192-168-8-48.1680.9,mlp.fc2.lora_B,5
1768387467.8012154,275,8.625,0.20467358827590942,Grad/mlp.fc2.lora_B,outputs_dev/vitb16/T=vtab_Q=3bit_L=lora_2_qkv-fc1-proj-fc2/cifar/20260114184203_default_acc=53.50/tensorboard/Grad_mlp.fc2.lora_B_block_5/events.out.tfevents.1768387349.master-192-168-8-48.1680.9,mlp.fc2.lora_B,5
1768387468.2260478,276,8.65625,0.22734011709690094,Grad/mlp.fc2.lora_B,outputs_dev/vitb16/T=vtab_Q=3bit_L=lora_2_qkv-fc1-proj-fc2/cifar/20260114184203_default_acc=53.50/tensorboard/Grad_mlp.fc2.lora_B_block_5/events.out.tfevents.1768387349.master-192-168-8-48.1680.9,mlp.fc2.lora_B,5
1768387468.662498,277,8.6875,0.24715010821819305,Grad/mlp.fc2.lora_B,outputs_dev/vitb16/T=vtab_Q=3bit_L=lora_2_qkv-fc1-proj-fc2/cifar/20260114184203_default_acc=53.50/tensorboard/Grad_mlp.fc2.lora_B_block_5/events.out.tfevents.1768387349.master-192-168-8-48.1680.9,mlp.fc2.lora_B,5
1768387469.100398,278,8.71875,0.3525763750076294,Grad/mlp.fc2.lora_B,outputs_dev/vitb16/T=vtab_Q=3bit_L=lora_2_qkv-fc1-proj-fc2/cifar/20260114184203_default_acc=53.50/tensorboard/Grad_mlp.fc2.lora_B_block_5/events.out.tfevents.1768387349.master-192-168-8-48.1680.9,mlp.fc2.lora_B,5
1768387469.5292883,279,8.75,0.20428666472434998,Grad/mlp.fc2.lora_B,outputs_dev/vitb16/T=vtab_Q=3bit_L=lora_2_qkv-fc1-proj-fc2/cifar/20260114184203_default_acc=53.50/tensorboard/Grad_mlp.fc2.lora_B_block_5/events.out.tfevents.1768387349.master-192-168-8-48.1680.9,mlp.fc2.lora_B,5
1768387469.9514534,280,8.78125,0.18633490800857544,Grad/mlp.fc2.lora_B,outputs_dev/vitb16/T=vtab_Q=3bit_L=lora_2_qkv-fc1-proj-fc2/cifar/20260114184203_default_acc=53.50/tensorboard/Grad_mlp.fc2.lora_B_block_5/events.out.tfevents.1768387349.master-192-168-8-48.1680.9,mlp.fc2.lora_B,5
1768387470.3905022,281,8.8125,0.21974605321884155,Grad/mlp.fc2.lora_B,outputs_dev/vitb16/T=vtab_Q=3bit_L=lora_2_qkv-fc1-proj-fc2/cifar/20260114184203_default_acc=53.50/tensorboard/Grad_mlp.fc2.lora_B_block_5/events.out.tfevents.1768387349.master-192-168-8-48.1680.9,mlp.fc2.lora_B,5
1768387470.8271255,282,8.84375,0.21449942886829376,Grad/mlp.fc2.lora_B,outputs_dev/vitb16/T=vtab_Q=3bit_L=lora_2_qkv-fc1-proj-fc2/cifar/20260114184203_default_acc=53.50/tensorboard/Grad_mlp.fc2.lora_B_block_5/events.out.tfevents.1768387349.master-192-168-8-48.1680.9,mlp.fc2.lora_B,5
1768387471.2585688,283,8.875,0.24612028896808624,Grad/mlp.fc2.lora_B,outputs_dev/vitb16/T=vtab_Q=3bit_L=lora_2_qkv-fc1-proj-fc2/cifar/20260114184203_default_acc=53.50/tensorboard/Grad_mlp.fc2.lora_B_block_5/events.out.tfevents.1768387349.master-192-168-8-48.1680.9,mlp.fc2.lora_B,5
1768387471.6934114,284,8.90625,0.16530942916870117,Grad/mlp.fc2.lora_B,outputs_dev/vitb16/T=vtab_Q=3bit_L=lora_2_qkv-fc1-proj-fc2/cifar/20260114184203_default_acc=53.50/tensorboard/Grad_mlp.fc2.lora_B_block_5/events.out.tfevents.1768387349.master-192-168-8-48.1680.9,mlp.fc2.lora_B,5
1768387472.1256578,285,8.9375,0.25578218698501587,Grad/mlp.fc2.lora_B,outputs_dev/vitb16/T=vtab_Q=3bit_L=lora_2_qkv-fc1-proj-fc2/cifar/20260114184203_default_acc=53.50/tensorboard/Grad_mlp.fc2.lora_B_block_5/events.out.tfevents.1768387349.master-192-168-8-48.1680.9,mlp.fc2.lora_B,5
1768387472.5464406,286,8.96875,0.19598641991615295,Grad/mlp.fc2.lora_B,outputs_dev/vitb16/T=vtab_Q=3bit_L=lora_2_qkv-fc1-proj-fc2/cifar/20260114184203_default_acc=53.50/tensorboard/Grad_mlp.fc2.lora_B_block_5/events.out.tfevents.1768387349.master-192-168-8-48.1680.9,mlp.fc2.lora_B,5
1768387472.7700946,287,9.0,0.4485965669155121,Grad/mlp.fc2.lora_B,outputs_dev/vitb16/T=vtab_Q=3bit_L=lora_2_qkv-fc1-proj-fc2/cifar/20260114184203_default_acc=53.50/tensorboard/Grad_mlp.fc2.lora_B_block_5/events.out.tfevents.1768387349.master-192-168-8-48.1680.9,mlp.fc2.lora_B,5
1768387473.392675,288,9.03125,0.2125837653875351,Grad/mlp.fc2.lora_B,outputs_dev/vitb16/T=vtab_Q=3bit_L=lora_2_qkv-fc1-proj-fc2/cifar/20260114184203_default_acc=53.50/tensorboard/Grad_mlp.fc2.lora_B_block_5/events.out.tfevents.1768387349.master-192-168-8-48.1680.9,mlp.fc2.lora_B,5
1768387473.8178675,289,9.0625,0.31731030344963074,Grad/mlp.fc2.lora_B,outputs_dev/vitb16/T=vtab_Q=3bit_L=lora_2_qkv-fc1-proj-fc2/cifar/20260114184203_default_acc=53.50/tensorboard/Grad_mlp.fc2.lora_B_block_5/events.out.tfevents.1768387349.master-192-168-8-48.1680.9,mlp.fc2.lora_B,5
1768387474.259711,290,9.09375,0.1663752794265747,Grad/mlp.fc2.lora_B,outputs_dev/vitb16/T=vtab_Q=3bit_L=lora_2_qkv-fc1-proj-fc2/cifar/20260114184203_default_acc=53.50/tensorboard/Grad_mlp.fc2.lora_B_block_5/events.out.tfevents.1768387349.master-192-168-8-48.1680.9,mlp.fc2.lora_B,5
1768387474.6888454,291,9.125,0.35946953296661377,Grad/mlp.fc2.lora_B,outputs_dev/vitb16/T=vtab_Q=3bit_L=lora_2_qkv-fc1-proj-fc2/cifar/20260114184203_default_acc=53.50/tensorboard/Grad_mlp.fc2.lora_B_block_5/events.out.tfevents.1768387349.master-192-168-8-48.1680.9,mlp.fc2.lora_B,5
1768387475.1110125,292,9.15625,0.22859808802604675,Grad/mlp.fc2.lora_B,outputs_dev/vitb16/T=vtab_Q=3bit_L=lora_2_qkv-fc1-proj-fc2/cifar/20260114184203_default_acc=53.50/tensorboard/Grad_mlp.fc2.lora_B_block_5/events.out.tfevents.1768387349.master-192-168-8-48.1680.9,mlp.fc2.lora_B,5
1768387475.5326436,293,9.1875,0.24743540585041046,Grad/mlp.fc2.lora_B,outputs_dev/vitb16/T=vtab_Q=3bit_L=lora_2_qkv-fc1-proj-fc2/cifar/20260114184203_default_acc=53.50/tensorboard/Grad_mlp.fc2.lora_B_block_5/events.out.tfevents.1768387349.master-192-168-8-48.1680.9,mlp.fc2.lora_B,5
1768387475.957507,294,9.21875,0.2539635896682739,Grad/mlp.fc2.lora_B,outputs_dev/vitb16/T=vtab_Q=3bit_L=lora_2_qkv-fc1-proj-fc2/cifar/20260114184203_default_acc=53.50/tensorboard/Grad_mlp.fc2.lora_B_block_5/events.out.tfevents.1768387349.master-192-168-8-48.1680.9,mlp.fc2.lora_B,5
1768387476.395192,295,9.25,0.21577145159244537,Grad/mlp.fc2.lora_B,outputs_dev/vitb16/T=vtab_Q=3bit_L=lora_2_qkv-fc1-proj-fc2/cifar/20260114184203_default_acc=53.50/tensorboard/Grad_mlp.fc2.lora_B_block_5/events.out.tfevents.1768387349.master-192-168-8-48.1680.9,mlp.fc2.lora_B,5
1768387476.8330815,296,9.28125,0.2759525775909424,Grad/mlp.fc2.lora_B,outputs_dev/vitb16/T=vtab_Q=3bit_L=lora_2_qkv-fc1-proj-fc2/cifar/20260114184203_default_acc=53.50/tensorboard/Grad_mlp.fc2.lora_B_block_5/events.out.tfevents.1768387349.master-192-168-8-48.1680.9,mlp.fc2.lora_B,5
1768387477.257887,297,9.3125,0.2661174535751343,Grad/mlp.fc2.lora_B,outputs_dev/vitb16/T=vtab_Q=3bit_L=lora_2_qkv-fc1-proj-fc2/cifar/20260114184203_default_acc=53.50/tensorboard/Grad_mlp.fc2.lora_B_block_5/events.out.tfevents.1768387349.master-192-168-8-48.1680.9,mlp.fc2.lora_B,5
1768387477.6979196,298,9.34375,0.2391752451658249,Grad/mlp.fc2.lora_B,outputs_dev/vitb16/T=vtab_Q=3bit_L=lora_2_qkv-fc1-proj-fc2/cifar/20260114184203_default_acc=53.50/tensorboard/Grad_mlp.fc2.lora_B_block_5/events.out.tfevents.1768387349.master-192-168-8-48.1680.9,mlp.fc2.lora_B,5
1768387478.1246924,299,9.375,0.2616713345050812,Grad/mlp.fc2.lora_B,outputs_dev/vitb16/T=vtab_Q=3bit_L=lora_2_qkv-fc1-proj-fc2/cifar/20260114184203_default_acc=53.50/tensorboard/Grad_mlp.fc2.lora_B_block_5/events.out.tfevents.1768387349.master-192-168-8-48.1680.9,mlp.fc2.lora_B,5
1768387478.5500293,300,9.40625,0.23151598870754242,Grad/mlp.fc2.lora_B,outputs_dev/vitb16/T=vtab_Q=3bit_L=lora_2_qkv-fc1-proj-fc2/cifar/20260114184203_default_acc=53.50/tensorboard/Grad_mlp.fc2.lora_B_block_5/events.out.tfevents.1768387349.master-192-168-8-48.1680.9,mlp.fc2.lora_B,5
1768387478.975601,301,9.4375,0.3637610971927643,Grad/mlp.fc2.lora_B,outputs_dev/vitb16/T=vtab_Q=3bit_L=lora_2_qkv-fc1-proj-fc2/cifar/20260114184203_default_acc=53.50/tensorboard/Grad_mlp.fc2.lora_B_block_5/events.out.tfevents.1768387349.master-192-168-8-48.1680.9,mlp.fc2.lora_B,5
1768387479.4048789,302,9.46875,0.18023182451725006,Grad/mlp.fc2.lora_B,outputs_dev/vitb16/T=vtab_Q=3bit_L=lora_2_qkv-fc1-proj-fc2/cifar/20260114184203_default_acc=53.50/tensorboard/Grad_mlp.fc2.lora_B_block_5/events.out.tfevents.1768387349.master-192-168-8-48.1680.9,mlp.fc2.lora_B,5
1768387479.8434105,303,9.5,0.3951071500778198,Grad/mlp.fc2.lora_B,outputs_dev/vitb16/T=vtab_Q=3bit_L=lora_2_qkv-fc1-proj-fc2/cifar/20260114184203_default_acc=53.50/tensorboard/Grad_mlp.fc2.lora_B_block_5/events.out.tfevents.1768387349.master-192-168-8-48.1680.9,mlp.fc2.lora_B,5
1768387480.2802763,304,9.53125,0.3400343060493469,Grad/mlp.fc2.lora_B,outputs_dev/vitb16/T=vtab_Q=3bit_L=lora_2_qkv-fc1-proj-fc2/cifar/20260114184203_default_acc=53.50/tensorboard/Grad_mlp.fc2.lora_B_block_5/events.out.tfevents.1768387349.master-192-168-8-48.1680.9,mlp.fc2.lora_B,5
1768387480.7140281,305,9.5625,0.20955738425254822,Grad/mlp.fc2.lora_B,outputs_dev/vitb16/T=vtab_Q=3bit_L=lora_2_qkv-fc1-proj-fc2/cifar/20260114184203_default_acc=53.50/tensorboard/Grad_mlp.fc2.lora_B_block_5/events.out.tfevents.1768387349.master-192-168-8-48.1680.9,mlp.fc2.lora_B,5
1768387481.1360357,306,9.59375,0.1958562582731247,Grad/mlp.fc2.lora_B,outputs_dev/vitb16/T=vtab_Q=3bit_L=lora_2_qkv-fc1-proj-fc2/cifar/20260114184203_default_acc=53.50/tensorboard/Grad_mlp.fc2.lora_B_block_5/events.out.tfevents.1768387349.master-192-168-8-48.1680.9,mlp.fc2.lora_B,5
1768387481.5561724,307,9.625,0.18746620416641235,Grad/mlp.fc2.lora_B,outputs_dev/vitb16/T=vtab_Q=3bit_L=lora_2_qkv-fc1-proj-fc2/cifar/20260114184203_default_acc=53.50/tensorboard/Grad_mlp.fc2.lora_B_block_5/events.out.tfevents.1768387349.master-192-168-8-48.1680.9,mlp.fc2.lora_B,5
1768387481.9934006,308,9.65625,0.25112780928611755,Grad/mlp.fc2.lora_B,outputs_dev/vitb16/T=vtab_Q=3bit_L=lora_2_qkv-fc1-proj-fc2/cifar/20260114184203_default_acc=53.50/tensorboard/Grad_mlp.fc2.lora_B_block_5/events.out.tfevents.1768387349.master-192-168-8-48.1680.9,mlp.fc2.lora_B,5
1768387482.4303875,309,9.6875,0.2073977291584015,Grad/mlp.fc2.lora_B,outputs_dev/vitb16/T=vtab_Q=3bit_L=lora_2_qkv-fc1-proj-fc2/cifar/20260114184203_default_acc=53.50/tensorboard/Grad_mlp.fc2.lora_B_block_5/events.out.tfevents.1768387349.master-192-168-8-48.1680.9,mlp.fc2.lora_B,5
1768387482.8667045,310,9.71875,0.22566430270671844,Grad/mlp.fc2.lora_B,outputs_dev/vitb16/T=vtab_Q=3bit_L=lora_2_qkv-fc1-proj-fc2/cifar/20260114184203_default_acc=53.50/tensorboard/Grad_mlp.fc2.lora_B_block_5/events.out.tfevents.1768387349.master-192-168-8-48.1680.9,mlp.fc2.lora_B,5
1768387483.2905107,311,9.75,0.2820145785808563,Grad/mlp.fc2.lora_B,outputs_dev/vitb16/T=vtab_Q=3bit_L=lora_2_qkv-fc1-proj-fc2/cifar/20260114184203_default_acc=53.50/tensorboard/Grad_mlp.fc2.lora_B_block_5/events.out.tfevents.1768387349.master-192-168-8-48.1680.9,mlp.fc2.lora_B,5
1768387483.7098882,312,9.78125,0.2504936158657074,Grad/mlp.fc2.lora_B,outputs_dev/vitb16/T=vtab_Q=3bit_L=lora_2_qkv-fc1-proj-fc2/cifar/20260114184203_default_acc=53.50/tensorboard/Grad_mlp.fc2.lora_B_block_5/events.out.tfevents.1768387349.master-192-168-8-48.1680.9,mlp.fc2.lora_B,5
1768387484.1314418,313,9.8125,0.49835535883903503,Grad/mlp.fc2.lora_B,outputs_dev/vitb16/T=vtab_Q=3bit_L=lora_2_qkv-fc1-proj-fc2/cifar/20260114184203_default_acc=53.50/tensorboard/Grad_mlp.fc2.lora_B_block_5/events.out.tfevents.1768387349.master-192-168-8-48.1680.9,mlp.fc2.lora_B,5
1768387484.5531716,314,9.84375,0.289677232503891,Grad/mlp.fc2.lora_B,outputs_dev/vitb16/T=vtab_Q=3bit_L=lora_2_qkv-fc1-proj-fc2/cifar/20260114184203_default_acc=53.50/tensorboard/Grad_mlp.fc2.lora_B_block_5/events.out.tfevents.1768387349.master-192-168-8-48.1680.9,mlp.fc2.lora_B,5
1768387484.9828653,315,9.875,0.24429810047149658,Grad/mlp.fc2.lora_B,outputs_dev/vitb16/T=vtab_Q=3bit_L=lora_2_qkv-fc1-proj-fc2/cifar/20260114184203_default_acc=53.50/tensorboard/Grad_mlp.fc2.lora_B_block_5/events.out.tfevents.1768387349.master-192-168-8-48.1680.9,mlp.fc2.lora_B,5
1768387485.4167492,316,9.90625,0.23065480589866638,Grad/mlp.fc2.lora_B,outputs_dev/vitb16/T=vtab_Q=3bit_L=lora_2_qkv-fc1-proj-fc2/cifar/20260114184203_default_acc=53.50/tensorboard/Grad_mlp.fc2.lora_B_block_5/events.out.tfevents.1768387349.master-192-168-8-48.1680.9,mlp.fc2.lora_B,5
1768387485.8375325,317,9.9375,0.36700430512428284,Grad/mlp.fc2.lora_B,outputs_dev/vitb16/T=vtab_Q=3bit_L=lora_2_qkv-fc1-proj-fc2/cifar/20260114184203_default_acc=53.50/tensorboard/Grad_mlp.fc2.lora_B_block_5/events.out.tfevents.1768387349.master-192-168-8-48.1680.9,mlp.fc2.lora_B,5
1768387486.2737637,318,9.96875,0.30037787556648254,Grad/mlp.fc2.lora_B,outputs_dev/vitb16/T=vtab_Q=3bit_L=lora_2_qkv-fc1-proj-fc2/cifar/20260114184203_default_acc=53.50/tensorboard/Grad_mlp.fc2.lora_B_block_5/events.out.tfevents.1768387349.master-192-168-8-48.1680.9,mlp.fc2.lora_B,5
1768387486.4744341,319,10.0,0.384970486164093,Grad/mlp.fc2.lora_B,outputs_dev/vitb16/T=vtab_Q=3bit_L=lora_2_qkv-fc1-proj-fc2/cifar/20260114184203_default_acc=53.50/tensorboard/Grad_mlp.fc2.lora_B_block_5/events.out.tfevents.1768387349.master-192-168-8-48.1680.9,mlp.fc2.lora_B,5
1768387487.1381476,320,10.03125,0.25911635160446167,Grad/mlp.fc2.lora_B,outputs_dev/vitb16/T=vtab_Q=3bit_L=lora_2_qkv-fc1-proj-fc2/cifar/20260114184203_default_acc=53.50/tensorboard/Grad_mlp.fc2.lora_B_block_5/events.out.tfevents.1768387349.master-192-168-8-48.1680.9,mlp.fc2.lora_B,5
1768387487.5843396,321,10.0625,0.18188399076461792,Grad/mlp.fc2.lora_B,outputs_dev/vitb16/T=vtab_Q=3bit_L=lora_2_qkv-fc1-proj-fc2/cifar/20260114184203_default_acc=53.50/tensorboard/Grad_mlp.fc2.lora_B_block_5/events.out.tfevents.1768387349.master-192-168-8-48.1680.9,mlp.fc2.lora_B,5
1768387488.0144975,322,10.09375,0.2750419080257416,Grad/mlp.fc2.lora_B,outputs_dev/vitb16/T=vtab_Q=3bit_L=lora_2_qkv-fc1-proj-fc2/cifar/20260114184203_default_acc=53.50/tensorboard/Grad_mlp.fc2.lora_B_block_5/events.out.tfevents.1768387349.master-192-168-8-48.1680.9,mlp.fc2.lora_B,5
1768387488.4396353,323,10.125,0.16028717160224915,Grad/mlp.fc2.lora_B,outputs_dev/vitb16/T=vtab_Q=3bit_L=lora_2_qkv-fc1-proj-fc2/cifar/20260114184203_default_acc=53.50/tensorboard/Grad_mlp.fc2.lora_B_block_5/events.out.tfevents.1768387349.master-192-168-8-48.1680.9,mlp.fc2.lora_B,5
1768387488.8814662,324,10.15625,0.24784420430660248,Grad/mlp.fc2.lora_B,outputs_dev/vitb16/T=vtab_Q=3bit_L=lora_2_qkv-fc1-proj-fc2/cifar/20260114184203_default_acc=53.50/tensorboard/Grad_mlp.fc2.lora_B_block_5/events.out.tfevents.1768387349.master-192-168-8-48.1680.9,mlp.fc2.lora_B,5
1768387489.3017461,325,10.1875,0.20333896577358246,Grad/mlp.fc2.lora_B,outputs_dev/vitb16/T=vtab_Q=3bit_L=lora_2_qkv-fc1-proj-fc2/cifar/20260114184203_default_acc=53.50/tensorboard/Grad_mlp.fc2.lora_B_block_5/events.out.tfevents.1768387349.master-192-168-8-48.1680.9,mlp.fc2.lora_B,5
1768387489.7228487,326,10.21875,0.22584615647792816,Grad/mlp.fc2.lora_B,outputs_dev/vitb16/T=vtab_Q=3bit_L=lora_2_qkv-fc1-proj-fc2/cifar/20260114184203_default_acc=53.50/tensorboard/Grad_mlp.fc2.lora_B_block_5/events.out.tfevents.1768387349.master-192-168-8-48.1680.9,mlp.fc2.lora_B,5
1768387490.1464245,327,10.25,0.25995856523513794,Grad/mlp.fc2.lora_B,outputs_dev/vitb16/T=vtab_Q=3bit_L=lora_2_qkv-fc1-proj-fc2/cifar/20260114184203_default_acc=53.50/tensorboard/Grad_mlp.fc2.lora_B_block_5/events.out.tfevents.1768387349.master-192-168-8-48.1680.9,mlp.fc2.lora_B,5
1768387490.6007266,328,10.28125,0.3077588677406311,Grad/mlp.fc2.lora_B,outputs_dev/vitb16/T=vtab_Q=3bit_L=lora_2_qkv-fc1-proj-fc2/cifar/20260114184203_default_acc=53.50/tensorboard/Grad_mlp.fc2.lora_B_block_5/events.out.tfevents.1768387349.master-192-168-8-48.1680.9,mlp.fc2.lora_B,5
1768387491.0262907,329,10.3125,0.2176530808210373,Grad/mlp.fc2.lora_B,outputs_dev/vitb16/T=vtab_Q=3bit_L=lora_2_qkv-fc1-proj-fc2/cifar/20260114184203_default_acc=53.50/tensorboard/Grad_mlp.fc2.lora_B_block_5/events.out.tfevents.1768387349.master-192-168-8-48.1680.9,mlp.fc2.lora_B,5
1768387491.4495068,330,10.34375,0.15422916412353516,Grad/mlp.fc2.lora_B,outputs_dev/vitb16/T=vtab_Q=3bit_L=lora_2_qkv-fc1-proj-fc2/cifar/20260114184203_default_acc=53.50/tensorboard/Grad_mlp.fc2.lora_B_block_5/events.out.tfevents.1768387349.master-192-168-8-48.1680.9,mlp.fc2.lora_B,5
1768387491.8736837,331,10.375,0.2302493005990982,Grad/mlp.fc2.lora_B,outputs_dev/vitb16/T=vtab_Q=3bit_L=lora_2_qkv-fc1-proj-fc2/cifar/20260114184203_default_acc=53.50/tensorboard/Grad_mlp.fc2.lora_B_block_5/events.out.tfevents.1768387349.master-192-168-8-48.1680.9,mlp.fc2.lora_B,5
1768387492.297472,332,10.40625,0.22637256979942322,Grad/mlp.fc2.lora_B,outputs_dev/vitb16/T=vtab_Q=3bit_L=lora_2_qkv-fc1-proj-fc2/cifar/20260114184203_default_acc=53.50/tensorboard/Grad_mlp.fc2.lora_B_block_5/events.out.tfevents.1768387349.master-192-168-8-48.1680.9,mlp.fc2.lora_B,5
1768387492.720841,333,10.4375,0.22141008079051971,Grad/mlp.fc2.lora_B,outputs_dev/vitb16/T=vtab_Q=3bit_L=lora_2_qkv-fc1-proj-fc2/cifar/20260114184203_default_acc=53.50/tensorboard/Grad_mlp.fc2.lora_B_block_5/events.out.tfevents.1768387349.master-192-168-8-48.1680.9,mlp.fc2.lora_B,5
1768387493.142022,334,10.46875,0.17866767942905426,Grad/mlp.fc2.lora_B,outputs_dev/vitb16/T=vtab_Q=3bit_L=lora_2_qkv-fc1-proj-fc2/cifar/20260114184203_default_acc=53.50/tensorboard/Grad_mlp.fc2.lora_B_block_5/events.out.tfevents.1768387349.master-192-168-8-48.1680.9,mlp.fc2.lora_B,5
1768387493.5642424,335,10.5,0.18940338492393494,Grad/mlp.fc2.lora_B,outputs_dev/vitb16/T=vtab_Q=3bit_L=lora_2_qkv-fc1-proj-fc2/cifar/20260114184203_default_acc=53.50/tensorboard/Grad_mlp.fc2.lora_B_block_5/events.out.tfevents.1768387349.master-192-168-8-48.1680.9,mlp.fc2.lora_B,5
1768387493.9910915,336,10.53125,0.19873052835464478,Grad/mlp.fc2.lora_B,outputs_dev/vitb16/T=vtab_Q=3bit_L=lora_2_qkv-fc1-proj-fc2/cifar/20260114184203_default_acc=53.50/tensorboard/Grad_mlp.fc2.lora_B_block_5/events.out.tfevents.1768387349.master-192-168-8-48.1680.9,mlp.fc2.lora_B,5
1768387494.4251714,337,10.5625,0.24853891134262085,Grad/mlp.fc2.lora_B,outputs_dev/vitb16/T=vtab_Q=3bit_L=lora_2_qkv-fc1-proj-fc2/cifar/20260114184203_default_acc=53.50/tensorboard/Grad_mlp.fc2.lora_B_block_5/events.out.tfevents.1768387349.master-192-168-8-48.1680.9,mlp.fc2.lora_B,5
1768387494.8475654,338,10.59375,0.3158934712409973,Grad/mlp.fc2.lora_B,outputs_dev/vitb16/T=vtab_Q=3bit_L=lora_2_qkv-fc1-proj-fc2/cifar/20260114184203_default_acc=53.50/tensorboard/Grad_mlp.fc2.lora_B_block_5/events.out.tfevents.1768387349.master-192-168-8-48.1680.9,mlp.fc2.lora_B,5
1768387495.2854881,339,10.625,0.26923036575317383,Grad/mlp.fc2.lora_B,outputs_dev/vitb16/T=vtab_Q=3bit_L=lora_2_qkv-fc1-proj-fc2/cifar/20260114184203_default_acc=53.50/tensorboard/Grad_mlp.fc2.lora_B_block_5/events.out.tfevents.1768387349.master-192-168-8-48.1680.9,mlp.fc2.lora_B,5
1768387495.713141,340,10.65625,0.1647925078868866,Grad/mlp.fc2.lora_B,outputs_dev/vitb16/T=vtab_Q=3bit_L=lora_2_qkv-fc1-proj-fc2/cifar/20260114184203_default_acc=53.50/tensorboard/Grad_mlp.fc2.lora_B_block_5/events.out.tfevents.1768387349.master-192-168-8-48.1680.9,mlp.fc2.lora_B,5
1768387496.149987,341,10.6875,0.2566028833389282,Grad/mlp.fc2.lora_B,outputs_dev/vitb16/T=vtab_Q=3bit_L=lora_2_qkv-fc1-proj-fc2/cifar/20260114184203_default_acc=53.50/tensorboard/Grad_mlp.fc2.lora_B_block_5/events.out.tfevents.1768387349.master-192-168-8-48.1680.9,mlp.fc2.lora_B,5
1768387496.5858307,342,10.71875,0.2939208745956421,Grad/mlp.fc2.lora_B,outputs_dev/vitb16/T=vtab_Q=3bit_L=lora_2_qkv-fc1-proj-fc2/cifar/20260114184203_default_acc=53.50/tensorboard/Grad_mlp.fc2.lora_B_block_5/events.out.tfevents.1768387349.master-192-168-8-48.1680.9,mlp.fc2.lora_B,5
1768387497.0086272,343,10.75,0.2872457504272461,Grad/mlp.fc2.lora_B,outputs_dev/vitb16/T=vtab_Q=3bit_L=lora_2_qkv-fc1-proj-fc2/cifar/20260114184203_default_acc=53.50/tensorboard/Grad_mlp.fc2.lora_B_block_5/events.out.tfevents.1768387349.master-192-168-8-48.1680.9,mlp.fc2.lora_B,5
1768387497.4466536,344,10.78125,0.19498345255851746,Grad/mlp.fc2.lora_B,outputs_dev/vitb16/T=vtab_Q=3bit_L=lora_2_qkv-fc1-proj-fc2/cifar/20260114184203_default_acc=53.50/tensorboard/Grad_mlp.fc2.lora_B_block_5/events.out.tfevents.1768387349.master-192-168-8-48.1680.9,mlp.fc2.lora_B,5
1768387497.8708036,345,10.8125,0.2006605714559555,Grad/mlp.fc2.lora_B,outputs_dev/vitb16/T=vtab_Q=3bit_L=lora_2_qkv-fc1-proj-fc2/cifar/20260114184203_default_acc=53.50/tensorboard/Grad_mlp.fc2.lora_B_block_5/events.out.tfevents.1768387349.master-192-168-8-48.1680.9,mlp.fc2.lora_B,5
1768387498.296024,346,10.84375,0.24532628059387207,Grad/mlp.fc2.lora_B,outputs_dev/vitb16/T=vtab_Q=3bit_L=lora_2_qkv-fc1-proj-fc2/cifar/20260114184203_default_acc=53.50/tensorboard/Grad_mlp.fc2.lora_B_block_5/events.out.tfevents.1768387349.master-192-168-8-48.1680.9,mlp.fc2.lora_B,5
1768387498.7199855,347,10.875,0.3447990417480469,Grad/mlp.fc2.lora_B,outputs_dev/vitb16/T=vtab_Q=3bit_L=lora_2_qkv-fc1-proj-fc2/cifar/20260114184203_default_acc=53.50/tensorboard/Grad_mlp.fc2.lora_B_block_5/events.out.tfevents.1768387349.master-192-168-8-48.1680.9,mlp.fc2.lora_B,5
1768387499.143443,348,10.90625,0.278035968542099,Grad/mlp.fc2.lora_B,outputs_dev/vitb16/T=vtab_Q=3bit_L=lora_2_qkv-fc1-proj-fc2/cifar/20260114184203_default_acc=53.50/tensorboard/Grad_mlp.fc2.lora_B_block_5/events.out.tfevents.1768387349.master-192-168-8-48.1680.9,mlp.fc2.lora_B,5
1768387499.56455,349,10.9375,0.21944749355316162,Grad/mlp.fc2.lora_B,outputs_dev/vitb16/T=vtab_Q=3bit_L=lora_2_qkv-fc1-proj-fc2/cifar/20260114184203_default_acc=53.50/tensorboard/Grad_mlp.fc2.lora_B_block_5/events.out.tfevents.1768387349.master-192-168-8-48.1680.9,mlp.fc2.lora_B,5
1768387499.989672,350,10.96875,0.20050302147865295,Grad/mlp.fc2.lora_B,outputs_dev/vitb16/T=vtab_Q=3bit_L=lora_2_qkv-fc1-proj-fc2/cifar/20260114184203_default_acc=53.50/tensorboard/Grad_mlp.fc2.lora_B_block_5/events.out.tfevents.1768387349.master-192-168-8-48.1680.9,mlp.fc2.lora_B,5
1768387500.214402,351,11.0,0.682295560836792,Grad/mlp.fc2.lora_B,outputs_dev/vitb16/T=vtab_Q=3bit_L=lora_2_qkv-fc1-proj-fc2/cifar/20260114184203_default_acc=53.50/tensorboard/Grad_mlp.fc2.lora_B_block_5/events.out.tfevents.1768387349.master-192-168-8-48.1680.9,mlp.fc2.lora_B,5
1768387617.6236072,352,11.03125,0.35089221596717834,Grad/mlp.fc2.lora_B,outputs_dev/vitb16/T=vtab_Q=3bit_L=lora_2_qkv-fc1-proj-fc2/cifar/20260114184203_default_acc=53.50/tensorboard/Grad_mlp.fc2.lora_B_block_5/events.out.tfevents.1768387349.master-192-168-8-48.1680.9,mlp.fc2.lora_B,5
1768387618.0528972,353,11.0625,0.19204041361808777,Grad/mlp.fc2.lora_B,outputs_dev/vitb16/T=vtab_Q=3bit_L=lora_2_qkv-fc1-proj-fc2/cifar/20260114184203_default_acc=53.50/tensorboard/Grad_mlp.fc2.lora_B_block_5/events.out.tfevents.1768387349.master-192-168-8-48.1680.9,mlp.fc2.lora_B,5
1768387618.490588,354,11.09375,0.22059525549411774,Grad/mlp.fc2.lora_B,outputs_dev/vitb16/T=vtab_Q=3bit_L=lora_2_qkv-fc1-proj-fc2/cifar/20260114184203_default_acc=53.50/tensorboard/Grad_mlp.fc2.lora_B_block_5/events.out.tfevents.1768387349.master-192-168-8-48.1680.9,mlp.fc2.lora_B,5
1768387618.9467058,355,11.125,0.24208687245845795,Grad/mlp.fc2.lora_B,outputs_dev/vitb16/T=vtab_Q=3bit_L=lora_2_qkv-fc1-proj-fc2/cifar/20260114184203_default_acc=53.50/tensorboard/Grad_mlp.fc2.lora_B_block_5/events.out.tfevents.1768387349.master-192-168-8-48.1680.9,mlp.fc2.lora_B,5
1768387619.3900971,356,11.15625,0.3102061152458191,Grad/mlp.fc2.lora_B,outputs_dev/vitb16/T=vtab_Q=3bit_L=lora_2_qkv-fc1-proj-fc2/cifar/20260114184203_default_acc=53.50/tensorboard/Grad_mlp.fc2.lora_B_block_5/events.out.tfevents.1768387349.master-192-168-8-48.1680.9,mlp.fc2.lora_B,5
1768387619.8260078,357,11.1875,0.18635614216327667,Grad/mlp.fc2.lora_B,outputs_dev/vitb16/T=vtab_Q=3bit_L=lora_2_qkv-fc1-proj-fc2/cifar/20260114184203_default_acc=53.50/tensorboard/Grad_mlp.fc2.lora_B_block_5/events.out.tfevents.1768387349.master-192-168-8-48.1680.9,mlp.fc2.lora_B,5
1768387620.2596755,358,11.21875,0.15614718198776245,Grad/mlp.fc2.lora_B,outputs_dev/vitb16/T=vtab_Q=3bit_L=lora_2_qkv-fc1-proj-fc2/cifar/20260114184203_default_acc=53.50/tensorboard/Grad_mlp.fc2.lora_B_block_5/events.out.tfevents.1768387349.master-192-168-8-48.1680.9,mlp.fc2.lora_B,5
1768387620.6843514,359,11.25,0.2101619839668274,Grad/mlp.fc2.lora_B,outputs_dev/vitb16/T=vtab_Q=3bit_L=lora_2_qkv-fc1-proj-fc2/cifar/20260114184203_default_acc=53.50/tensorboard/Grad_mlp.fc2.lora_B_block_5/events.out.tfevents.1768387349.master-192-168-8-48.1680.9,mlp.fc2.lora_B,5
1768387621.1114209,360,11.28125,0.17506906390190125,Grad/mlp.fc2.lora_B,outputs_dev/vitb16/T=vtab_Q=3bit_L=lora_2_qkv-fc1-proj-fc2/cifar/20260114184203_default_acc=53.50/tensorboard/Grad_mlp.fc2.lora_B_block_5/events.out.tfevents.1768387349.master-192-168-8-48.1680.9,mlp.fc2.lora_B,5
1768387621.5388181,361,11.3125,0.13000772893428802,Grad/mlp.fc2.lora_B,outputs_dev/vitb16/T=vtab_Q=3bit_L=lora_2_qkv-fc1-proj-fc2/cifar/20260114184203_default_acc=53.50/tensorboard/Grad_mlp.fc2.lora_B_block_5/events.out.tfevents.1768387349.master-192-168-8-48.1680.9,mlp.fc2.lora_B,5
1768387621.9808118,362,11.34375,0.18741841614246368,Grad/mlp.fc2.lora_B,outputs_dev/vitb16/T=vtab_Q=3bit_L=lora_2_qkv-fc1-proj-fc2/cifar/20260114184203_default_acc=53.50/tensorboard/Grad_mlp.fc2.lora_B_block_5/events.out.tfevents.1768387349.master-192-168-8-48.1680.9,mlp.fc2.lora_B,5
1768387622.4065301,363,11.375,0.20340976119041443,Grad/mlp.fc2.lora_B,outputs_dev/vitb16/T=vtab_Q=3bit_L=lora_2_qkv-fc1-proj-fc2/cifar/20260114184203_default_acc=53.50/tensorboard/Grad_mlp.fc2.lora_B_block_5/events.out.tfevents.1768387349.master-192-168-8-48.1680.9,mlp.fc2.lora_B,5
1768387622.8290448,364,11.40625,0.2673860788345337,Grad/mlp.fc2.lora_B,outputs_dev/vitb16/T=vtab_Q=3bit_L=lora_2_qkv-fc1-proj-fc2/cifar/20260114184203_default_acc=53.50/tensorboard/Grad_mlp.fc2.lora_B_block_5/events.out.tfevents.1768387349.master-192-168-8-48.1680.9,mlp.fc2.lora_B,5
1768387623.2513847,365,11.4375,0.20527242124080658,Grad/mlp.fc2.lora_B,outputs_dev/vitb16/T=vtab_Q=3bit_L=lora_2_qkv-fc1-proj-fc2/cifar/20260114184203_default_acc=53.50/tensorboard/Grad_mlp.fc2.lora_B_block_5/events.out.tfevents.1768387349.master-192-168-8-48.1680.9,mlp.fc2.lora_B,5
1768387623.6754262,366,11.46875,0.31262490153312683,Grad/mlp.fc2.lora_B,outputs_dev/vitb16/T=vtab_Q=3bit_L=lora_2_qkv-fc1-proj-fc2/cifar/20260114184203_default_acc=53.50/tensorboard/Grad_mlp.fc2.lora_B_block_5/events.out.tfevents.1768387349.master-192-168-8-48.1680.9,mlp.fc2.lora_B,5
1768387624.1085224,367,11.5,0.3272513747215271,Grad/mlp.fc2.lora_B,outputs_dev/vitb16/T=vtab_Q=3bit_L=lora_2_qkv-fc1-proj-fc2/cifar/20260114184203_default_acc=53.50/tensorboard/Grad_mlp.fc2.lora_B_block_5/events.out.tfevents.1768387349.master-192-168-8-48.1680.9,mlp.fc2.lora_B,5
1768387624.5480335,368,11.53125,0.27483808994293213,Grad/mlp.fc2.lora_B,outputs_dev/vitb16/T=vtab_Q=3bit_L=lora_2_qkv-fc1-proj-fc2/cifar/20260114184203_default_acc=53.50/tensorboard/Grad_mlp.fc2.lora_B_block_5/events.out.tfevents.1768387349.master-192-168-8-48.1680.9,mlp.fc2.lora_B,5
1768387624.98259,369,11.5625,0.20416678488254547,Grad/mlp.fc2.lora_B,outputs_dev/vitb16/T=vtab_Q=3bit_L=lora_2_qkv-fc1-proj-fc2/cifar/20260114184203_default_acc=53.50/tensorboard/Grad_mlp.fc2.lora_B_block_5/events.out.tfevents.1768387349.master-192-168-8-48.1680.9,mlp.fc2.lora_B,5
1768387625.4034145,370,11.59375,0.19428575038909912,Grad/mlp.fc2.lora_B,outputs_dev/vitb16/T=vtab_Q=3bit_L=lora_2_qkv-fc1-proj-fc2/cifar/20260114184203_default_acc=53.50/tensorboard/Grad_mlp.fc2.lora_B_block_5/events.out.tfevents.1768387349.master-192-168-8-48.1680.9,mlp.fc2.lora_B,5
1768387625.8395598,371,11.625,0.23606085777282715,Grad/mlp.fc2.lora_B,outputs_dev/vitb16/T=vtab_Q=3bit_L=lora_2_qkv-fc1-proj-fc2/cifar/20260114184203_default_acc=53.50/tensorboard/Grad_mlp.fc2.lora_B_block_5/events.out.tfevents.1768387349.master-192-168-8-48.1680.9,mlp.fc2.lora_B,5
1768387626.2734056,372,11.65625,0.31937187910079956,Grad/mlp.fc2.lora_B,outputs_dev/vitb16/T=vtab_Q=3bit_L=lora_2_qkv-fc1-proj-fc2/cifar/20260114184203_default_acc=53.50/tensorboard/Grad_mlp.fc2.lora_B_block_5/events.out.tfevents.1768387349.master-192-168-8-48.1680.9,mlp.fc2.lora_B,5
1768387626.7106466,373,11.6875,0.24201905727386475,Grad/mlp.fc2.lora_B,outputs_dev/vitb16/T=vtab_Q=3bit_L=lora_2_qkv-fc1-proj-fc2/cifar/20260114184203_default_acc=53.50/tensorboard/Grad_mlp.fc2.lora_B_block_5/events.out.tfevents.1768387349.master-192-168-8-48.1680.9,mlp.fc2.lora_B,5
1768387627.132039,374,11.71875,0.19267164170742035,Grad/mlp.fc2.lora_B,outputs_dev/vitb16/T=vtab_Q=3bit_L=lora_2_qkv-fc1-proj-fc2/cifar/20260114184203_default_acc=53.50/tensorboard/Grad_mlp.fc2.lora_B_block_5/events.out.tfevents.1768387349.master-192-168-8-48.1680.9,mlp.fc2.lora_B,5
1768387627.5536542,375,11.75,0.19610296189785004,Grad/mlp.fc2.lora_B,outputs_dev/vitb16/T=vtab_Q=3bit_L=lora_2_qkv-fc1-proj-fc2/cifar/20260114184203_default_acc=53.50/tensorboard/Grad_mlp.fc2.lora_B_block_5/events.out.tfevents.1768387349.master-192-168-8-48.1680.9,mlp.fc2.lora_B,5
1768387627.9753935,376,11.78125,0.23473621904850006,Grad/mlp.fc2.lora_B,outputs_dev/vitb16/T=vtab_Q=3bit_L=lora_2_qkv-fc1-proj-fc2/cifar/20260114184203_default_acc=53.50/tensorboard/Grad_mlp.fc2.lora_B_block_5/events.out.tfevents.1768387349.master-192-168-8-48.1680.9,mlp.fc2.lora_B,5
1768387628.3964887,377,11.8125,0.23107397556304932,Grad/mlp.fc2.lora_B,outputs_dev/vitb16/T=vtab_Q=3bit_L=lora_2_qkv-fc1-proj-fc2/cifar/20260114184203_default_acc=53.50/tensorboard/Grad_mlp.fc2.lora_B_block_5/events.out.tfevents.1768387349.master-192-168-8-48.1680.9,mlp.fc2.lora_B,5
1768387628.8324022,378,11.84375,0.24157476425170898,Grad/mlp.fc2.lora_B,outputs_dev/vitb16/T=vtab_Q=3bit_L=lora_2_qkv-fc1-proj-fc2/cifar/20260114184203_default_acc=53.50/tensorboard/Grad_mlp.fc2.lora_B_block_5/events.out.tfevents.1768387349.master-192-168-8-48.1680.9,mlp.fc2.lora_B,5
1768387629.2497551,379,11.875,0.16659724712371826,Grad/mlp.fc2.lora_B,outputs_dev/vitb16/T=vtab_Q=3bit_L=lora_2_qkv-fc1-proj-fc2/cifar/20260114184203_default_acc=53.50/tensorboard/Grad_mlp.fc2.lora_B_block_5/events.out.tfevents.1768387349.master-192-168-8-48.1680.9,mlp.fc2.lora_B,5
1768387629.6878424,380,11.90625,0.17696699500083923,Grad/mlp.fc2.lora_B,outputs_dev/vitb16/T=vtab_Q=3bit_L=lora_2_qkv-fc1-proj-fc2/cifar/20260114184203_default_acc=53.50/tensorboard/Grad_mlp.fc2.lora_B_block_5/events.out.tfevents.1768387349.master-192-168-8-48.1680.9,mlp.fc2.lora_B,5
1768387630.1234307,381,11.9375,0.2598739564418793,Grad/mlp.fc2.lora_B,outputs_dev/vitb16/T=vtab_Q=3bit_L=lora_2_qkv-fc1-proj-fc2/cifar/20260114184203_default_acc=53.50/tensorboard/Grad_mlp.fc2.lora_B_block_5/events.out.tfevents.1768387349.master-192-168-8-48.1680.9,mlp.fc2.lora_B,5
1768387630.5614316,382,11.96875,0.18967707455158234,Grad/mlp.fc2.lora_B,outputs_dev/vitb16/T=vtab_Q=3bit_L=lora_2_qkv-fc1-proj-fc2/cifar/20260114184203_default_acc=53.50/tensorboard/Grad_mlp.fc2.lora_B_block_5/events.out.tfevents.1768387349.master-192-168-8-48.1680.9,mlp.fc2.lora_B,5
1768387630.7839649,383,12.0,0.5438737869262695,Grad/mlp.fc2.lora_B,outputs_dev/vitb16/T=vtab_Q=3bit_L=lora_2_qkv-fc1-proj-fc2/cifar/20260114184203_default_acc=53.50/tensorboard/Grad_mlp.fc2.lora_B_block_5/events.out.tfevents.1768387349.master-192-168-8-48.1680.9,mlp.fc2.lora_B,5
1768387631.4996386,384,12.03125,0.19175678491592407,Grad/mlp.fc2.lora_B,outputs_dev/vitb16/T=vtab_Q=3bit_L=lora_2_qkv-fc1-proj-fc2/cifar/20260114184203_default_acc=53.50/tensorboard/Grad_mlp.fc2.lora_B_block_5/events.out.tfevents.1768387349.master-192-168-8-48.1680.9,mlp.fc2.lora_B,5
1768387631.947418,385,12.0625,0.2210717648267746,Grad/mlp.fc2.lora_B,outputs_dev/vitb16/T=vtab_Q=3bit_L=lora_2_qkv-fc1-proj-fc2/cifar/20260114184203_default_acc=53.50/tensorboard/Grad_mlp.fc2.lora_B_block_5/events.out.tfevents.1768387349.master-192-168-8-48.1680.9,mlp.fc2.lora_B,5
1768387632.3782163,386,12.09375,0.2874179184436798,Grad/mlp.fc2.lora_B,outputs_dev/vitb16/T=vtab_Q=3bit_L=lora_2_qkv-fc1-proj-fc2/cifar/20260114184203_default_acc=53.50/tensorboard/Grad_mlp.fc2.lora_B_block_5/events.out.tfevents.1768387349.master-192-168-8-48.1680.9,mlp.fc2.lora_B,5
1768387632.8033402,387,12.125,0.2654487192630768,Grad/mlp.fc2.lora_B,outputs_dev/vitb16/T=vtab_Q=3bit_L=lora_2_qkv-fc1-proj-fc2/cifar/20260114184203_default_acc=53.50/tensorboard/Grad_mlp.fc2.lora_B_block_5/events.out.tfevents.1768387349.master-192-168-8-48.1680.9,mlp.fc2.lora_B,5
1768387633.2257369,388,12.15625,0.1280108094215393,Grad/mlp.fc2.lora_B,outputs_dev/vitb16/T=vtab_Q=3bit_L=lora_2_qkv-fc1-proj-fc2/cifar/20260114184203_default_acc=53.50/tensorboard/Grad_mlp.fc2.lora_B_block_5/events.out.tfevents.1768387349.master-192-168-8-48.1680.9,mlp.fc2.lora_B,5
1768387633.6708524,389,12.1875,0.20980176329612732,Grad/mlp.fc2.lora_B,outputs_dev/vitb16/T=vtab_Q=3bit_L=lora_2_qkv-fc1-proj-fc2/cifar/20260114184203_default_acc=53.50/tensorboard/Grad_mlp.fc2.lora_B_block_5/events.out.tfevents.1768387349.master-192-168-8-48.1680.9,mlp.fc2.lora_B,5
1768387634.1083484,390,12.21875,0.2252482920885086,Grad/mlp.fc2.lora_B,outputs_dev/vitb16/T=vtab_Q=3bit_L=lora_2_qkv-fc1-proj-fc2/cifar/20260114184203_default_acc=53.50/tensorboard/Grad_mlp.fc2.lora_B_block_5/events.out.tfevents.1768387349.master-192-168-8-48.1680.9,mlp.fc2.lora_B,5
1768387634.532903,391,12.25,0.15354323387145996,Grad/mlp.fc2.lora_B,outputs_dev/vitb16/T=vtab_Q=3bit_L=lora_2_qkv-fc1-proj-fc2/cifar/20260114184203_default_acc=53.50/tensorboard/Grad_mlp.fc2.lora_B_block_5/events.out.tfevents.1768387349.master-192-168-8-48.1680.9,mlp.fc2.lora_B,5
1768387634.9545798,392,12.28125,0.1620459258556366,Grad/mlp.fc2.lora_B,outputs_dev/vitb16/T=vtab_Q=3bit_L=lora_2_qkv-fc1-proj-fc2/cifar/20260114184203_default_acc=53.50/tensorboard/Grad_mlp.fc2.lora_B_block_5/events.out.tfevents.1768387349.master-192-168-8-48.1680.9,mlp.fc2.lora_B,5
1768387635.3891602,393,12.3125,0.4207921028137207,Grad/mlp.fc2.lora_B,outputs_dev/vitb16/T=vtab_Q=3bit_L=lora_2_qkv-fc1-proj-fc2/cifar/20260114184203_default_acc=53.50/tensorboard/Grad_mlp.fc2.lora_B_block_5/events.out.tfevents.1768387349.master-192-168-8-48.1680.9,mlp.fc2.lora_B,5
1768387635.8243926,394,12.34375,0.1961888074874878,Grad/mlp.fc2.lora_B,outputs_dev/vitb16/T=vtab_Q=3bit_L=lora_2_qkv-fc1-proj-fc2/cifar/20260114184203_default_acc=53.50/tensorboard/Grad_mlp.fc2.lora_B_block_5/events.out.tfevents.1768387349.master-192-168-8-48.1680.9,mlp.fc2.lora_B,5
1768387636.2604723,395,12.375,0.19058659672737122,Grad/mlp.fc2.lora_B,outputs_dev/vitb16/T=vtab_Q=3bit_L=lora_2_qkv-fc1-proj-fc2/cifar/20260114184203_default_acc=53.50/tensorboard/Grad_mlp.fc2.lora_B_block_5/events.out.tfevents.1768387349.master-192-168-8-48.1680.9,mlp.fc2.lora_B,5
1768387636.6825106,396,12.40625,0.20403966307640076,Grad/mlp.fc2.lora_B,outputs_dev/vitb16/T=vtab_Q=3bit_L=lora_2_qkv-fc1-proj-fc2/cifar/20260114184203_default_acc=53.50/tensorboard/Grad_mlp.fc2.lora_B_block_5/events.out.tfevents.1768387349.master-192-168-8-48.1680.9,mlp.fc2.lora_B,5
1768387637.106022,397,12.4375,0.2026847004890442,Grad/mlp.fc2.lora_B,outputs_dev/vitb16/T=vtab_Q=3bit_L=lora_2_qkv-fc1-proj-fc2/cifar/20260114184203_default_acc=53.50/tensorboard/Grad_mlp.fc2.lora_B_block_5/events.out.tfevents.1768387349.master-192-168-8-48.1680.9,mlp.fc2.lora_B,5
1768387637.5415285,398,12.46875,0.2248043715953827,Grad/mlp.fc2.lora_B,outputs_dev/vitb16/T=vtab_Q=3bit_L=lora_2_qkv-fc1-proj-fc2/cifar/20260114184203_default_acc=53.50/tensorboard/Grad_mlp.fc2.lora_B_block_5/events.out.tfevents.1768387349.master-192-168-8-48.1680.9,mlp.fc2.lora_B,5
1768387637.979047,399,12.5,0.1956034004688263,Grad/mlp.fc2.lora_B,outputs_dev/vitb16/T=vtab_Q=3bit_L=lora_2_qkv-fc1-proj-fc2/cifar/20260114184203_default_acc=53.50/tensorboard/Grad_mlp.fc2.lora_B_block_5/events.out.tfevents.1768387349.master-192-168-8-48.1680.9,mlp.fc2.lora_B,5
1768387638.4127584,400,12.53125,0.20790813863277435,Grad/mlp.fc2.lora_B,outputs_dev/vitb16/T=vtab_Q=3bit_L=lora_2_qkv-fc1-proj-fc2/cifar/20260114184203_default_acc=53.50/tensorboard/Grad_mlp.fc2.lora_B_block_5/events.out.tfevents.1768387349.master-192-168-8-48.1680.9,mlp.fc2.lora_B,5
1768387638.8459966,401,12.5625,0.23011505603790283,Grad/mlp.fc2.lora_B,outputs_dev/vitb16/T=vtab_Q=3bit_L=lora_2_qkv-fc1-proj-fc2/cifar/20260114184203_default_acc=53.50/tensorboard/Grad_mlp.fc2.lora_B_block_5/events.out.tfevents.1768387349.master-192-168-8-48.1680.9,mlp.fc2.lora_B,5
1768387639.267776,402,12.59375,0.16161781549453735,Grad/mlp.fc2.lora_B,outputs_dev/vitb16/T=vtab_Q=3bit_L=lora_2_qkv-fc1-proj-fc2/cifar/20260114184203_default_acc=53.50/tensorboard/Grad_mlp.fc2.lora_B_block_5/events.out.tfevents.1768387349.master-192-168-8-48.1680.9,mlp.fc2.lora_B,5
1768387639.70834,403,12.625,0.17307333648204803,Grad/mlp.fc2.lora_B,outputs_dev/vitb16/T=vtab_Q=3bit_L=lora_2_qkv-fc1-proj-fc2/cifar/20260114184203_default_acc=53.50/tensorboard/Grad_mlp.fc2.lora_B_block_5/events.out.tfevents.1768387349.master-192-168-8-48.1680.9,mlp.fc2.lora_B,5
1768387640.1454754,404,12.65625,0.2823580801486969,Grad/mlp.fc2.lora_B,outputs_dev/vitb16/T=vtab_Q=3bit_L=lora_2_qkv-fc1-proj-fc2/cifar/20260114184203_default_acc=53.50/tensorboard/Grad_mlp.fc2.lora_B_block_5/events.out.tfevents.1768387349.master-192-168-8-48.1680.9,mlp.fc2.lora_B,5
1768387640.5805602,405,12.6875,0.14661520719528198,Grad/mlp.fc2.lora_B,outputs_dev/vitb16/T=vtab_Q=3bit_L=lora_2_qkv-fc1-proj-fc2/cifar/20260114184203_default_acc=53.50/tensorboard/Grad_mlp.fc2.lora_B_block_5/events.out.tfevents.1768387349.master-192-168-8-48.1680.9,mlp.fc2.lora_B,5
1768387641.0249174,406,12.71875,0.2148507535457611,Grad/mlp.fc2.lora_B,outputs_dev/vitb16/T=vtab_Q=3bit_L=lora_2_qkv-fc1-proj-fc2/cifar/20260114184203_default_acc=53.50/tensorboard/Grad_mlp.fc2.lora_B_block_5/events.out.tfevents.1768387349.master-192-168-8-48.1680.9,mlp.fc2.lora_B,5
1768387641.4600146,407,12.75,0.1662617027759552,Grad/mlp.fc2.lora_B,outputs_dev/vitb16/T=vtab_Q=3bit_L=lora_2_qkv-fc1-proj-fc2/cifar/20260114184203_default_acc=53.50/tensorboard/Grad_mlp.fc2.lora_B_block_5/events.out.tfevents.1768387349.master-192-168-8-48.1680.9,mlp.fc2.lora_B,5
1768387641.894147,408,12.78125,0.29984617233276367,Grad/mlp.fc2.lora_B,outputs_dev/vitb16/T=vtab_Q=3bit_L=lora_2_qkv-fc1-proj-fc2/cifar/20260114184203_default_acc=53.50/tensorboard/Grad_mlp.fc2.lora_B_block_5/events.out.tfevents.1768387349.master-192-168-8-48.1680.9,mlp.fc2.lora_B,5
1768387642.3155043,409,12.8125,0.1634484976530075,Grad/mlp.fc2.lora_B,outputs_dev/vitb16/T=vtab_Q=3bit_L=lora_2_qkv-fc1-proj-fc2/cifar/20260114184203_default_acc=53.50/tensorboard/Grad_mlp.fc2.lora_B_block_5/events.out.tfevents.1768387349.master-192-168-8-48.1680.9,mlp.fc2.lora_B,5
1768387642.7366421,410,12.84375,0.294173926115036,Grad/mlp.fc2.lora_B,outputs_dev/vitb16/T=vtab_Q=3bit_L=lora_2_qkv-fc1-proj-fc2/cifar/20260114184203_default_acc=53.50/tensorboard/Grad_mlp.fc2.lora_B_block_5/events.out.tfevents.1768387349.master-192-168-8-48.1680.9,mlp.fc2.lora_B,5
1768387643.1590142,411,12.875,0.2340916395187378,Grad/mlp.fc2.lora_B,outputs_dev/vitb16/T=vtab_Q=3bit_L=lora_2_qkv-fc1-proj-fc2/cifar/20260114184203_default_acc=53.50/tensorboard/Grad_mlp.fc2.lora_B_block_5/events.out.tfevents.1768387349.master-192-168-8-48.1680.9,mlp.fc2.lora_B,5
1768387643.58115,412,12.90625,0.1917247623205185,Grad/mlp.fc2.lora_B,outputs_dev/vitb16/T=vtab_Q=3bit_L=lora_2_qkv-fc1-proj-fc2/cifar/20260114184203_default_acc=53.50/tensorboard/Grad_mlp.fc2.lora_B_block_5/events.out.tfevents.1768387349.master-192-168-8-48.1680.9,mlp.fc2.lora_B,5
1768387644.003184,413,12.9375,0.1825859546661377,Grad/mlp.fc2.lora_B,outputs_dev/vitb16/T=vtab_Q=3bit_L=lora_2_qkv-fc1-proj-fc2/cifar/20260114184203_default_acc=53.50/tensorboard/Grad_mlp.fc2.lora_B_block_5/events.out.tfevents.1768387349.master-192-168-8-48.1680.9,mlp.fc2.lora_B,5
1768387644.4319324,414,12.96875,0.2203027606010437,Grad/mlp.fc2.lora_B,outputs_dev/vitb16/T=vtab_Q=3bit_L=lora_2_qkv-fc1-proj-fc2/cifar/20260114184203_default_acc=53.50/tensorboard/Grad_mlp.fc2.lora_B_block_5/events.out.tfevents.1768387349.master-192-168-8-48.1680.9,mlp.fc2.lora_B,5
1768387644.6555808,415,13.0,0.3617665767669678,Grad/mlp.fc2.lora_B,outputs_dev/vitb16/T=vtab_Q=3bit_L=lora_2_qkv-fc1-proj-fc2/cifar/20260114184203_default_acc=53.50/tensorboard/Grad_mlp.fc2.lora_B_block_5/events.out.tfevents.1768387349.master-192-168-8-48.1680.9,mlp.fc2.lora_B,5
1768387645.2918253,416,13.03125,0.3603126108646393,Grad/mlp.fc2.lora_B,outputs_dev/vitb16/T=vtab_Q=3bit_L=lora_2_qkv-fc1-proj-fc2/cifar/20260114184203_default_acc=53.50/tensorboard/Grad_mlp.fc2.lora_B_block_5/events.out.tfevents.1768387349.master-192-168-8-48.1680.9,mlp.fc2.lora_B,5
1768387645.738458,417,13.0625,0.17296425998210907,Grad/mlp.fc2.lora_B,outputs_dev/vitb16/T=vtab_Q=3bit_L=lora_2_qkv-fc1-proj-fc2/cifar/20260114184203_default_acc=53.50/tensorboard/Grad_mlp.fc2.lora_B_block_5/events.out.tfevents.1768387349.master-192-168-8-48.1680.9,mlp.fc2.lora_B,5
1768387646.177412,418,13.09375,0.16859528422355652,Grad/mlp.fc2.lora_B,outputs_dev/vitb16/T=vtab_Q=3bit_L=lora_2_qkv-fc1-proj-fc2/cifar/20260114184203_default_acc=53.50/tensorboard/Grad_mlp.fc2.lora_B_block_5/events.out.tfevents.1768387349.master-192-168-8-48.1680.9,mlp.fc2.lora_B,5
1768387646.603755,419,13.125,0.17261992394924164,Grad/mlp.fc2.lora_B,outputs_dev/vitb16/T=vtab_Q=3bit_L=lora_2_qkv-fc1-proj-fc2/cifar/20260114184203_default_acc=53.50/tensorboard/Grad_mlp.fc2.lora_B_block_5/events.out.tfevents.1768387349.master-192-168-8-48.1680.9,mlp.fc2.lora_B,5
1768387647.0171714,420,13.15625,0.2929624617099762,Grad/mlp.fc2.lora_B,outputs_dev/vitb16/T=vtab_Q=3bit_L=lora_2_qkv-fc1-proj-fc2/cifar/20260114184203_default_acc=53.50/tensorboard/Grad_mlp.fc2.lora_B_block_5/events.out.tfevents.1768387349.master-192-168-8-48.1680.9,mlp.fc2.lora_B,5
1768387647.437695,421,13.1875,0.5145351886749268,Grad/mlp.fc2.lora_B,outputs_dev/vitb16/T=vtab_Q=3bit_L=lora_2_qkv-fc1-proj-fc2/cifar/20260114184203_default_acc=53.50/tensorboard/Grad_mlp.fc2.lora_B_block_5/events.out.tfevents.1768387349.master-192-168-8-48.1680.9,mlp.fc2.lora_B,5
1768387647.858892,422,13.21875,0.18839411437511444,Grad/mlp.fc2.lora_B,outputs_dev/vitb16/T=vtab_Q=3bit_L=lora_2_qkv-fc1-proj-fc2/cifar/20260114184203_default_acc=53.50/tensorboard/Grad_mlp.fc2.lora_B_block_5/events.out.tfevents.1768387349.master-192-168-8-48.1680.9,mlp.fc2.lora_B,5
1768387648.280933,423,13.25,0.1810237169265747,Grad/mlp.fc2.lora_B,outputs_dev/vitb16/T=vtab_Q=3bit_L=lora_2_qkv-fc1-proj-fc2/cifar/20260114184203_default_acc=53.50/tensorboard/Grad_mlp.fc2.lora_B_block_5/events.out.tfevents.1768387349.master-192-168-8-48.1680.9,mlp.fc2.lora_B,5
1768387648.7153816,424,13.28125,0.21320506930351257,Grad/mlp.fc2.lora_B,outputs_dev/vitb16/T=vtab_Q=3bit_L=lora_2_qkv-fc1-proj-fc2/cifar/20260114184203_default_acc=53.50/tensorboard/Grad_mlp.fc2.lora_B_block_5/events.out.tfevents.1768387349.master-192-168-8-48.1680.9,mlp.fc2.lora_B,5
1768387649.1345232,425,13.3125,0.31617751717567444,Grad/mlp.fc2.lora_B,outputs_dev/vitb16/T=vtab_Q=3bit_L=lora_2_qkv-fc1-proj-fc2/cifar/20260114184203_default_acc=53.50/tensorboard/Grad_mlp.fc2.lora_B_block_5/events.out.tfevents.1768387349.master-192-168-8-48.1680.9,mlp.fc2.lora_B,5
1768387649.567844,426,13.34375,0.399993896484375,Grad/mlp.fc2.lora_B,outputs_dev/vitb16/T=vtab_Q=3bit_L=lora_2_qkv-fc1-proj-fc2/cifar/20260114184203_default_acc=53.50/tensorboard/Grad_mlp.fc2.lora_B_block_5/events.out.tfevents.1768387349.master-192-168-8-48.1680.9,mlp.fc2.lora_B,5
1768387649.99184,427,13.375,0.1936606913805008,Grad/mlp.fc2.lora_B,outputs_dev/vitb16/T=vtab_Q=3bit_L=lora_2_qkv-fc1-proj-fc2/cifar/20260114184203_default_acc=53.50/tensorboard/Grad_mlp.fc2.lora_B_block_5/events.out.tfevents.1768387349.master-192-168-8-48.1680.9,mlp.fc2.lora_B,5
1768387650.4248626,428,13.40625,0.204225093126297,Grad/mlp.fc2.lora_B,outputs_dev/vitb16/T=vtab_Q=3bit_L=lora_2_qkv-fc1-proj-fc2/cifar/20260114184203_default_acc=53.50/tensorboard/Grad_mlp.fc2.lora_B_block_5/events.out.tfevents.1768387349.master-192-168-8-48.1680.9,mlp.fc2.lora_B,5
1768387650.8463814,429,13.4375,0.17919623851776123,Grad/mlp.fc2.lora_B,outputs_dev/vitb16/T=vtab_Q=3bit_L=lora_2_qkv-fc1-proj-fc2/cifar/20260114184203_default_acc=53.50/tensorboard/Grad_mlp.fc2.lora_B_block_5/events.out.tfevents.1768387349.master-192-168-8-48.1680.9,mlp.fc2.lora_B,5
1768387651.2805614,430,13.46875,0.17603205144405365,Grad/mlp.fc2.lora_B,outputs_dev/vitb16/T=vtab_Q=3bit_L=lora_2_qkv-fc1-proj-fc2/cifar/20260114184203_default_acc=53.50/tensorboard/Grad_mlp.fc2.lora_B_block_5/events.out.tfevents.1768387349.master-192-168-8-48.1680.9,mlp.fc2.lora_B,5
1768387651.7021103,431,13.5,0.20468787848949432,Grad/mlp.fc2.lora_B,outputs_dev/vitb16/T=vtab_Q=3bit_L=lora_2_qkv-fc1-proj-fc2/cifar/20260114184203_default_acc=53.50/tensorboard/Grad_mlp.fc2.lora_B_block_5/events.out.tfevents.1768387349.master-192-168-8-48.1680.9,mlp.fc2.lora_B,5
1768387652.135472,432,13.53125,0.13677337765693665,Grad/mlp.fc2.lora_B,outputs_dev/vitb16/T=vtab_Q=3bit_L=lora_2_qkv-fc1-proj-fc2/cifar/20260114184203_default_acc=53.50/tensorboard/Grad_mlp.fc2.lora_B_block_5/events.out.tfevents.1768387349.master-192-168-8-48.1680.9,mlp.fc2.lora_B,5
1768387652.553018,433,13.5625,0.19344663619995117,Grad/mlp.fc2.lora_B,outputs_dev/vitb16/T=vtab_Q=3bit_L=lora_2_qkv-fc1-proj-fc2/cifar/20260114184203_default_acc=53.50/tensorboard/Grad_mlp.fc2.lora_B_block_5/events.out.tfevents.1768387349.master-192-168-8-48.1680.9,mlp.fc2.lora_B,5
1768387652.9732225,434,13.59375,0.24454644322395325,Grad/mlp.fc2.lora_B,outputs_dev/vitb16/T=vtab_Q=3bit_L=lora_2_qkv-fc1-proj-fc2/cifar/20260114184203_default_acc=53.50/tensorboard/Grad_mlp.fc2.lora_B_block_5/events.out.tfevents.1768387349.master-192-168-8-48.1680.9,mlp.fc2.lora_B,5
1768387653.3945558,435,13.625,0.19322612881660461,Grad/mlp.fc2.lora_B,outputs_dev/vitb16/T=vtab_Q=3bit_L=lora_2_qkv-fc1-proj-fc2/cifar/20260114184203_default_acc=53.50/tensorboard/Grad_mlp.fc2.lora_B_block_5/events.out.tfevents.1768387349.master-192-168-8-48.1680.9,mlp.fc2.lora_B,5
1768387653.817108,436,13.65625,0.18986456096172333,Grad/mlp.fc2.lora_B,outputs_dev/vitb16/T=vtab_Q=3bit_L=lora_2_qkv-fc1-proj-fc2/cifar/20260114184203_default_acc=53.50/tensorboard/Grad_mlp.fc2.lora_B_block_5/events.out.tfevents.1768387349.master-192-168-8-48.1680.9,mlp.fc2.lora_B,5
1768387654.2392602,437,13.6875,0.3072648048400879,Grad/mlp.fc2.lora_B,outputs_dev/vitb16/T=vtab_Q=3bit_L=lora_2_qkv-fc1-proj-fc2/cifar/20260114184203_default_acc=53.50/tensorboard/Grad_mlp.fc2.lora_B_block_5/events.out.tfevents.1768387349.master-192-168-8-48.1680.9,mlp.fc2.lora_B,5
1768387654.673364,438,13.71875,0.18836525082588196,Grad/mlp.fc2.lora_B,outputs_dev/vitb16/T=vtab_Q=3bit_L=lora_2_qkv-fc1-proj-fc2/cifar/20260114184203_default_acc=53.50/tensorboard/Grad_mlp.fc2.lora_B_block_5/events.out.tfevents.1768387349.master-192-168-8-48.1680.9,mlp.fc2.lora_B,5
1768387655.0885966,439,13.75,0.22398826479911804,Grad/mlp.fc2.lora_B,outputs_dev/vitb16/T=vtab_Q=3bit_L=lora_2_qkv-fc1-proj-fc2/cifar/20260114184203_default_acc=53.50/tensorboard/Grad_mlp.fc2.lora_B_block_5/events.out.tfevents.1768387349.master-192-168-8-48.1680.9,mlp.fc2.lora_B,5
1768387655.512141,440,13.78125,0.200795516371727,Grad/mlp.fc2.lora_B,outputs_dev/vitb16/T=vtab_Q=3bit_L=lora_2_qkv-fc1-proj-fc2/cifar/20260114184203_default_acc=53.50/tensorboard/Grad_mlp.fc2.lora_B_block_5/events.out.tfevents.1768387349.master-192-168-8-48.1680.9,mlp.fc2.lora_B,5
1768387655.934214,441,13.8125,0.23368458449840546,Grad/mlp.fc2.lora_B,outputs_dev/vitb16/T=vtab_Q=3bit_L=lora_2_qkv-fc1-proj-fc2/cifar/20260114184203_default_acc=53.50/tensorboard/Grad_mlp.fc2.lora_B_block_5/events.out.tfevents.1768387349.master-192-168-8-48.1680.9,mlp.fc2.lora_B,5
1768387656.3694654,442,13.84375,0.3133617341518402,Grad/mlp.fc2.lora_B,outputs_dev/vitb16/T=vtab_Q=3bit_L=lora_2_qkv-fc1-proj-fc2/cifar/20260114184203_default_acc=53.50/tensorboard/Grad_mlp.fc2.lora_B_block_5/events.out.tfevents.1768387349.master-192-168-8-48.1680.9,mlp.fc2.lora_B,5
1768387656.791084,443,13.875,0.20119836926460266,Grad/mlp.fc2.lora_B,outputs_dev/vitb16/T=vtab_Q=3bit_L=lora_2_qkv-fc1-proj-fc2/cifar/20260114184203_default_acc=53.50/tensorboard/Grad_mlp.fc2.lora_B_block_5/events.out.tfevents.1768387349.master-192-168-8-48.1680.9,mlp.fc2.lora_B,5
1768387657.2126572,444,13.90625,0.18804912269115448,Grad/mlp.fc2.lora_B,outputs_dev/vitb16/T=vtab_Q=3bit_L=lora_2_qkv-fc1-proj-fc2/cifar/20260114184203_default_acc=53.50/tensorboard/Grad_mlp.fc2.lora_B_block_5/events.out.tfevents.1768387349.master-192-168-8-48.1680.9,mlp.fc2.lora_B,5
1768387657.6458054,445,13.9375,0.2043706774711609,Grad/mlp.fc2.lora_B,outputs_dev/vitb16/T=vtab_Q=3bit_L=lora_2_qkv-fc1-proj-fc2/cifar/20260114184203_default_acc=53.50/tensorboard/Grad_mlp.fc2.lora_B_block_5/events.out.tfevents.1768387349.master-192-168-8-48.1680.9,mlp.fc2.lora_B,5
1768387658.0792212,446,13.96875,0.22002772986888885,Grad/mlp.fc2.lora_B,outputs_dev/vitb16/T=vtab_Q=3bit_L=lora_2_qkv-fc1-proj-fc2/cifar/20260114184203_default_acc=53.50/tensorboard/Grad_mlp.fc2.lora_B_block_5/events.out.tfevents.1768387349.master-192-168-8-48.1680.9,mlp.fc2.lora_B,5
1768387658.2807124,447,14.0,0.29043152928352356,Grad/mlp.fc2.lora_B,outputs_dev/vitb16/T=vtab_Q=3bit_L=lora_2_qkv-fc1-proj-fc2/cifar/20260114184203_default_acc=53.50/tensorboard/Grad_mlp.fc2.lora_B_block_5/events.out.tfevents.1768387349.master-192-168-8-48.1680.9,mlp.fc2.lora_B,5
1768387658.9411402,448,14.03125,0.1651042401790619,Grad/mlp.fc2.lora_B,outputs_dev/vitb16/T=vtab_Q=3bit_L=lora_2_qkv-fc1-proj-fc2/cifar/20260114184203_default_acc=53.50/tensorboard/Grad_mlp.fc2.lora_B_block_5/events.out.tfevents.1768387349.master-192-168-8-48.1680.9,mlp.fc2.lora_B,5
1768387659.3803954,449,14.0625,0.20727738738059998,Grad/mlp.fc2.lora_B,outputs_dev/vitb16/T=vtab_Q=3bit_L=lora_2_qkv-fc1-proj-fc2/cifar/20260114184203_default_acc=53.50/tensorboard/Grad_mlp.fc2.lora_B_block_5/events.out.tfevents.1768387349.master-192-168-8-48.1680.9,mlp.fc2.lora_B,5
1768387659.8145487,450,14.09375,0.15986678004264832,Grad/mlp.fc2.lora_B,outputs_dev/vitb16/T=vtab_Q=3bit_L=lora_2_qkv-fc1-proj-fc2/cifar/20260114184203_default_acc=53.50/tensorboard/Grad_mlp.fc2.lora_B_block_5/events.out.tfevents.1768387349.master-192-168-8-48.1680.9,mlp.fc2.lora_B,5
1768387660.2351928,451,14.125,0.1984710544347763,Grad/mlp.fc2.lora_B,outputs_dev/vitb16/T=vtab_Q=3bit_L=lora_2_qkv-fc1-proj-fc2/cifar/20260114184203_default_acc=53.50/tensorboard/Grad_mlp.fc2.lora_B_block_5/events.out.tfevents.1768387349.master-192-168-8-48.1680.9,mlp.fc2.lora_B,5
1768387660.6558678,452,14.15625,0.2084113359451294,Grad/mlp.fc2.lora_B,outputs_dev/vitb16/T=vtab_Q=3bit_L=lora_2_qkv-fc1-proj-fc2/cifar/20260114184203_default_acc=53.50/tensorboard/Grad_mlp.fc2.lora_B_block_5/events.out.tfevents.1768387349.master-192-168-8-48.1680.9,mlp.fc2.lora_B,5
1768387661.0755613,453,14.1875,0.24517588317394257,Grad/mlp.fc2.lora_B,outputs_dev/vitb16/T=vtab_Q=3bit_L=lora_2_qkv-fc1-proj-fc2/cifar/20260114184203_default_acc=53.50/tensorboard/Grad_mlp.fc2.lora_B_block_5/events.out.tfevents.1768387349.master-192-168-8-48.1680.9,mlp.fc2.lora_B,5
1768387661.51007,454,14.21875,0.15958964824676514,Grad/mlp.fc2.lora_B,outputs_dev/vitb16/T=vtab_Q=3bit_L=lora_2_qkv-fc1-proj-fc2/cifar/20260114184203_default_acc=53.50/tensorboard/Grad_mlp.fc2.lora_B_block_5/events.out.tfevents.1768387349.master-192-168-8-48.1680.9,mlp.fc2.lora_B,5
1768387661.931585,455,14.25,0.17172254621982574,Grad/mlp.fc2.lora_B,outputs_dev/vitb16/T=vtab_Q=3bit_L=lora_2_qkv-fc1-proj-fc2/cifar/20260114184203_default_acc=53.50/tensorboard/Grad_mlp.fc2.lora_B_block_5/events.out.tfevents.1768387349.master-192-168-8-48.1680.9,mlp.fc2.lora_B,5
1768387662.3644128,456,14.28125,0.1821708381175995,Grad/mlp.fc2.lora_B,outputs_dev/vitb16/T=vtab_Q=3bit_L=lora_2_qkv-fc1-proj-fc2/cifar/20260114184203_default_acc=53.50/tensorboard/Grad_mlp.fc2.lora_B_block_5/events.out.tfevents.1768387349.master-192-168-8-48.1680.9,mlp.fc2.lora_B,5
1768387662.783849,457,14.3125,0.23885254561901093,Grad/mlp.fc2.lora_B,outputs_dev/vitb16/T=vtab_Q=3bit_L=lora_2_qkv-fc1-proj-fc2/cifar/20260114184203_default_acc=53.50/tensorboard/Grad_mlp.fc2.lora_B_block_5/events.out.tfevents.1768387349.master-192-168-8-48.1680.9,mlp.fc2.lora_B,5
1768387663.2047284,458,14.34375,0.1922868937253952,Grad/mlp.fc2.lora_B,outputs_dev/vitb16/T=vtab_Q=3bit_L=lora_2_qkv-fc1-proj-fc2/cifar/20260114184203_default_acc=53.50/tensorboard/Grad_mlp.fc2.lora_B_block_5/events.out.tfevents.1768387349.master-192-168-8-48.1680.9,mlp.fc2.lora_B,5
1768387663.6425962,459,14.375,0.18589897453784943,Grad/mlp.fc2.lora_B,outputs_dev/vitb16/T=vtab_Q=3bit_L=lora_2_qkv-fc1-proj-fc2/cifar/20260114184203_default_acc=53.50/tensorboard/Grad_mlp.fc2.lora_B_block_5/events.out.tfevents.1768387349.master-192-168-8-48.1680.9,mlp.fc2.lora_B,5
1768387664.0627894,460,14.40625,0.21435639262199402,Grad/mlp.fc2.lora_B,outputs_dev/vitb16/T=vtab_Q=3bit_L=lora_2_qkv-fc1-proj-fc2/cifar/20260114184203_default_acc=53.50/tensorboard/Grad_mlp.fc2.lora_B_block_5/events.out.tfevents.1768387349.master-192-168-8-48.1680.9,mlp.fc2.lora_B,5
1768387664.484711,461,14.4375,0.2249884307384491,Grad/mlp.fc2.lora_B,outputs_dev/vitb16/T=vtab_Q=3bit_L=lora_2_qkv-fc1-proj-fc2/cifar/20260114184203_default_acc=53.50/tensorboard/Grad_mlp.fc2.lora_B_block_5/events.out.tfevents.1768387349.master-192-168-8-48.1680.9,mlp.fc2.lora_B,5
1768387664.9047303,462,14.46875,0.1840171366930008,Grad/mlp.fc2.lora_B,outputs_dev/vitb16/T=vtab_Q=3bit_L=lora_2_qkv-fc1-proj-fc2/cifar/20260114184203_default_acc=53.50/tensorboard/Grad_mlp.fc2.lora_B_block_5/events.out.tfevents.1768387349.master-192-168-8-48.1680.9,mlp.fc2.lora_B,5
1768387665.3247485,463,14.5,0.16825267672538757,Grad/mlp.fc2.lora_B,outputs_dev/vitb16/T=vtab_Q=3bit_L=lora_2_qkv-fc1-proj-fc2/cifar/20260114184203_default_acc=53.50/tensorboard/Grad_mlp.fc2.lora_B_block_5/events.out.tfevents.1768387349.master-192-168-8-48.1680.9,mlp.fc2.lora_B,5
1768387665.7466614,464,14.53125,0.2287839651107788,Grad/mlp.fc2.lora_B,outputs_dev/vitb16/T=vtab_Q=3bit_L=lora_2_qkv-fc1-proj-fc2/cifar/20260114184203_default_acc=53.50/tensorboard/Grad_mlp.fc2.lora_B_block_5/events.out.tfevents.1768387349.master-192-168-8-48.1680.9,mlp.fc2.lora_B,5
1768387666.181937,465,14.5625,0.22533166408538818,Grad/mlp.fc2.lora_B,outputs_dev/vitb16/T=vtab_Q=3bit_L=lora_2_qkv-fc1-proj-fc2/cifar/20260114184203_default_acc=53.50/tensorboard/Grad_mlp.fc2.lora_B_block_5/events.out.tfevents.1768387349.master-192-168-8-48.1680.9,mlp.fc2.lora_B,5
1768387666.6179612,466,14.59375,0.21163375675678253,Grad/mlp.fc2.lora_B,outputs_dev/vitb16/T=vtab_Q=3bit_L=lora_2_qkv-fc1-proj-fc2/cifar/20260114184203_default_acc=53.50/tensorboard/Grad_mlp.fc2.lora_B_block_5/events.out.tfevents.1768387349.master-192-168-8-48.1680.9,mlp.fc2.lora_B,5
1768387667.151539,467,14.625,0.22505392134189606,Grad/mlp.fc2.lora_B,outputs_dev/vitb16/T=vtab_Q=3bit_L=lora_2_qkv-fc1-proj-fc2/cifar/20260114184203_default_acc=53.50/tensorboard/Grad_mlp.fc2.lora_B_block_5/events.out.tfevents.1768387349.master-192-168-8-48.1680.9,mlp.fc2.lora_B,5
1768387667.5675347,468,14.65625,0.20244358479976654,Grad/mlp.fc2.lora_B,outputs_dev/vitb16/T=vtab_Q=3bit_L=lora_2_qkv-fc1-proj-fc2/cifar/20260114184203_default_acc=53.50/tensorboard/Grad_mlp.fc2.lora_B_block_5/events.out.tfevents.1768387349.master-192-168-8-48.1680.9,mlp.fc2.lora_B,5
1768387668.0041661,469,14.6875,0.24651284515857697,Grad/mlp.fc2.lora_B,outputs_dev/vitb16/T=vtab_Q=3bit_L=lora_2_qkv-fc1-proj-fc2/cifar/20260114184203_default_acc=53.50/tensorboard/Grad_mlp.fc2.lora_B_block_5/events.out.tfevents.1768387349.master-192-168-8-48.1680.9,mlp.fc2.lora_B,5
1768387668.424884,470,14.71875,0.229829803109169,Grad/mlp.fc2.lora_B,outputs_dev/vitb16/T=vtab_Q=3bit_L=lora_2_qkv-fc1-proj-fc2/cifar/20260114184203_default_acc=53.50/tensorboard/Grad_mlp.fc2.lora_B_block_5/events.out.tfevents.1768387349.master-192-168-8-48.1680.9,mlp.fc2.lora_B,5
1768387668.8444202,471,14.75,0.22065316140651703,Grad/mlp.fc2.lora_B,outputs_dev/vitb16/T=vtab_Q=3bit_L=lora_2_qkv-fc1-proj-fc2/cifar/20260114184203_default_acc=53.50/tensorboard/Grad_mlp.fc2.lora_B_block_5/events.out.tfevents.1768387349.master-192-168-8-48.1680.9,mlp.fc2.lora_B,5
1768387669.2850604,472,14.78125,0.20498137176036835,Grad/mlp.fc2.lora_B,outputs_dev/vitb16/T=vtab_Q=3bit_L=lora_2_qkv-fc1-proj-fc2/cifar/20260114184203_default_acc=53.50/tensorboard/Grad_mlp.fc2.lora_B_block_5/events.out.tfevents.1768387349.master-192-168-8-48.1680.9,mlp.fc2.lora_B,5
1768387669.708866,473,14.8125,0.18499748408794403,Grad/mlp.fc2.lora_B,outputs_dev/vitb16/T=vtab_Q=3bit_L=lora_2_qkv-fc1-proj-fc2/cifar/20260114184203_default_acc=53.50/tensorboard/Grad_mlp.fc2.lora_B_block_5/events.out.tfevents.1768387349.master-192-168-8-48.1680.9,mlp.fc2.lora_B,5
1768387670.1305506,474,14.84375,0.1521623581647873,Grad/mlp.fc2.lora_B,outputs_dev/vitb16/T=vtab_Q=3bit_L=lora_2_qkv-fc1-proj-fc2/cifar/20260114184203_default_acc=53.50/tensorboard/Grad_mlp.fc2.lora_B_block_5/events.out.tfevents.1768387349.master-192-168-8-48.1680.9,mlp.fc2.lora_B,5
1768387670.5653358,475,14.875,0.2036151885986328,Grad/mlp.fc2.lora_B,outputs_dev/vitb16/T=vtab_Q=3bit_L=lora_2_qkv-fc1-proj-fc2/cifar/20260114184203_default_acc=53.50/tensorboard/Grad_mlp.fc2.lora_B_block_5/events.out.tfevents.1768387349.master-192-168-8-48.1680.9,mlp.fc2.lora_B,5
1768387671.0021782,476,14.90625,0.28710272908210754,Grad/mlp.fc2.lora_B,outputs_dev/vitb16/T=vtab_Q=3bit_L=lora_2_qkv-fc1-proj-fc2/cifar/20260114184203_default_acc=53.50/tensorboard/Grad_mlp.fc2.lora_B_block_5/events.out.tfevents.1768387349.master-192-168-8-48.1680.9,mlp.fc2.lora_B,5
1768387671.4364522,477,14.9375,0.208649680018425,Grad/mlp.fc2.lora_B,outputs_dev/vitb16/T=vtab_Q=3bit_L=lora_2_qkv-fc1-proj-fc2/cifar/20260114184203_default_acc=53.50/tensorboard/Grad_mlp.fc2.lora_B_block_5/events.out.tfevents.1768387349.master-192-168-8-48.1680.9,mlp.fc2.lora_B,5
1768387671.8577094,478,14.96875,0.22215579450130463,Grad/mlp.fc2.lora_B,outputs_dev/vitb16/T=vtab_Q=3bit_L=lora_2_qkv-fc1-proj-fc2/cifar/20260114184203_default_acc=53.50/tensorboard/Grad_mlp.fc2.lora_B_block_5/events.out.tfevents.1768387349.master-192-168-8-48.1680.9,mlp.fc2.lora_B,5
1768387672.0628467,479,15.0,0.38636448979377747,Grad/mlp.fc2.lora_B,outputs_dev/vitb16/T=vtab_Q=3bit_L=lora_2_qkv-fc1-proj-fc2/cifar/20260114184203_default_acc=53.50/tensorboard/Grad_mlp.fc2.lora_B_block_5/events.out.tfevents.1768387349.master-192-168-8-48.1680.9,mlp.fc2.lora_B,5
1768387672.7594883,480,15.03125,0.22915209829807281,Grad/mlp.fc2.lora_B,outputs_dev/vitb16/T=vtab_Q=3bit_L=lora_2_qkv-fc1-proj-fc2/cifar/20260114184203_default_acc=53.50/tensorboard/Grad_mlp.fc2.lora_B_block_5/events.out.tfevents.1768387349.master-192-168-8-48.1680.9,mlp.fc2.lora_B,5
1768387673.1874986,481,15.0625,0.17251478135585785,Grad/mlp.fc2.lora_B,outputs_dev/vitb16/T=vtab_Q=3bit_L=lora_2_qkv-fc1-proj-fc2/cifar/20260114184203_default_acc=53.50/tensorboard/Grad_mlp.fc2.lora_B_block_5/events.out.tfevents.1768387349.master-192-168-8-48.1680.9,mlp.fc2.lora_B,5
1768387673.6223683,482,15.09375,0.2196049988269806,Grad/mlp.fc2.lora_B,outputs_dev/vitb16/T=vtab_Q=3bit_L=lora_2_qkv-fc1-proj-fc2/cifar/20260114184203_default_acc=53.50/tensorboard/Grad_mlp.fc2.lora_B_block_5/events.out.tfevents.1768387349.master-192-168-8-48.1680.9,mlp.fc2.lora_B,5
1768387674.0572398,483,15.125,0.325876384973526,Grad/mlp.fc2.lora_B,outputs_dev/vitb16/T=vtab_Q=3bit_L=lora_2_qkv-fc1-proj-fc2/cifar/20260114184203_default_acc=53.50/tensorboard/Grad_mlp.fc2.lora_B_block_5/events.out.tfevents.1768387349.master-192-168-8-48.1680.9,mlp.fc2.lora_B,5
1768387674.4767766,484,15.15625,0.28791356086730957,Grad/mlp.fc2.lora_B,outputs_dev/vitb16/T=vtab_Q=3bit_L=lora_2_qkv-fc1-proj-fc2/cifar/20260114184203_default_acc=53.50/tensorboard/Grad_mlp.fc2.lora_B_block_5/events.out.tfevents.1768387349.master-192-168-8-48.1680.9,mlp.fc2.lora_B,5
1768387674.924478,485,15.1875,0.16960087418556213,Grad/mlp.fc2.lora_B,outputs_dev/vitb16/T=vtab_Q=3bit_L=lora_2_qkv-fc1-proj-fc2/cifar/20260114184203_default_acc=53.50/tensorboard/Grad_mlp.fc2.lora_B_block_5/events.out.tfevents.1768387349.master-192-168-8-48.1680.9,mlp.fc2.lora_B,5
1768387675.361454,486,15.21875,0.2280167043209076,Grad/mlp.fc2.lora_B,outputs_dev/vitb16/T=vtab_Q=3bit_L=lora_2_qkv-fc1-proj-fc2/cifar/20260114184203_default_acc=53.50/tensorboard/Grad_mlp.fc2.lora_B_block_5/events.out.tfevents.1768387349.master-192-168-8-48.1680.9,mlp.fc2.lora_B,5
1768387675.8036954,487,15.25,0.14955726265907288,Grad/mlp.fc2.lora_B,outputs_dev/vitb16/T=vtab_Q=3bit_L=lora_2_qkv-fc1-proj-fc2/cifar/20260114184203_default_acc=53.50/tensorboard/Grad_mlp.fc2.lora_B_block_5/events.out.tfevents.1768387349.master-192-168-8-48.1680.9,mlp.fc2.lora_B,5
1768387676.244886,488,15.28125,0.17244115471839905,Grad/mlp.fc2.lora_B,outputs_dev/vitb16/T=vtab_Q=3bit_L=lora_2_qkv-fc1-proj-fc2/cifar/20260114184203_default_acc=53.50/tensorboard/Grad_mlp.fc2.lora_B_block_5/events.out.tfevents.1768387349.master-192-168-8-48.1680.9,mlp.fc2.lora_B,5
1768387676.6812167,489,15.3125,0.21386128664016724,Grad/mlp.fc2.lora_B,outputs_dev/vitb16/T=vtab_Q=3bit_L=lora_2_qkv-fc1-proj-fc2/cifar/20260114184203_default_acc=53.50/tensorboard/Grad_mlp.fc2.lora_B_block_5/events.out.tfevents.1768387349.master-192-168-8-48.1680.9,mlp.fc2.lora_B,5
1768387677.1059885,490,15.34375,0.27117541432380676,Grad/mlp.fc2.lora_B,outputs_dev/vitb16/T=vtab_Q=3bit_L=lora_2_qkv-fc1-proj-fc2/cifar/20260114184203_default_acc=53.50/tensorboard/Grad_mlp.fc2.lora_B_block_5/events.out.tfevents.1768387349.master-192-168-8-48.1680.9,mlp.fc2.lora_B,5
1768387677.532783,491,15.375,0.19333405792713165,Grad/mlp.fc2.lora_B,outputs_dev/vitb16/T=vtab_Q=3bit_L=lora_2_qkv-fc1-proj-fc2/cifar/20260114184203_default_acc=53.50/tensorboard/Grad_mlp.fc2.lora_B_block_5/events.out.tfevents.1768387349.master-192-168-8-48.1680.9,mlp.fc2.lora_B,5
1768387677.9567218,492,15.40625,0.20931792259216309,Grad/mlp.fc2.lora_B,outputs_dev/vitb16/T=vtab_Q=3bit_L=lora_2_qkv-fc1-proj-fc2/cifar/20260114184203_default_acc=53.50/tensorboard/Grad_mlp.fc2.lora_B_block_5/events.out.tfevents.1768387349.master-192-168-8-48.1680.9,mlp.fc2.lora_B,5
1768387678.3814006,493,15.4375,0.2679375410079956,Grad/mlp.fc2.lora_B,outputs_dev/vitb16/T=vtab_Q=3bit_L=lora_2_qkv-fc1-proj-fc2/cifar/20260114184203_default_acc=53.50/tensorboard/Grad_mlp.fc2.lora_B_block_5/events.out.tfevents.1768387349.master-192-168-8-48.1680.9,mlp.fc2.lora_B,5
1768387678.8164878,494,15.46875,0.20377063751220703,Grad/mlp.fc2.lora_B,outputs_dev/vitb16/T=vtab_Q=3bit_L=lora_2_qkv-fc1-proj-fc2/cifar/20260114184203_default_acc=53.50/tensorboard/Grad_mlp.fc2.lora_B_block_5/events.out.tfevents.1768387349.master-192-168-8-48.1680.9,mlp.fc2.lora_B,5
1768387679.2535872,495,15.5,0.19824491441249847,Grad/mlp.fc2.lora_B,outputs_dev/vitb16/T=vtab_Q=3bit_L=lora_2_qkv-fc1-proj-fc2/cifar/20260114184203_default_acc=53.50/tensorboard/Grad_mlp.fc2.lora_B_block_5/events.out.tfevents.1768387349.master-192-168-8-48.1680.9,mlp.fc2.lora_B,5
1768387679.6789217,496,15.53125,0.24388882517814636,Grad/mlp.fc2.lora_B,outputs_dev/vitb16/T=vtab_Q=3bit_L=lora_2_qkv-fc1-proj-fc2/cifar/20260114184203_default_acc=53.50/tensorboard/Grad_mlp.fc2.lora_B_block_5/events.out.tfevents.1768387349.master-192-168-8-48.1680.9,mlp.fc2.lora_B,5
1768387680.1169858,497,15.5625,0.2640724778175354,Grad/mlp.fc2.lora_B,outputs_dev/vitb16/T=vtab_Q=3bit_L=lora_2_qkv-fc1-proj-fc2/cifar/20260114184203_default_acc=53.50/tensorboard/Grad_mlp.fc2.lora_B_block_5/events.out.tfevents.1768387349.master-192-168-8-48.1680.9,mlp.fc2.lora_B,5
1768387680.5485585,498,15.59375,0.34832969307899475,Grad/mlp.fc2.lora_B,outputs_dev/vitb16/T=vtab_Q=3bit_L=lora_2_qkv-fc1-proj-fc2/cifar/20260114184203_default_acc=53.50/tensorboard/Grad_mlp.fc2.lora_B_block_5/events.out.tfevents.1768387349.master-192-168-8-48.1680.9,mlp.fc2.lora_B,5
1768387680.9771168,499,15.625,0.2773745357990265,Grad/mlp.fc2.lora_B,outputs_dev/vitb16/T=vtab_Q=3bit_L=lora_2_qkv-fc1-proj-fc2/cifar/20260114184203_default_acc=53.50/tensorboard/Grad_mlp.fc2.lora_B_block_5/events.out.tfevents.1768387349.master-192-168-8-48.1680.9,mlp.fc2.lora_B,5
1768387681.401498,500,15.65625,0.3292640149593353,Grad/mlp.fc2.lora_B,outputs_dev/vitb16/T=vtab_Q=3bit_L=lora_2_qkv-fc1-proj-fc2/cifar/20260114184203_default_acc=53.50/tensorboard/Grad_mlp.fc2.lora_B_block_5/events.out.tfevents.1768387349.master-192-168-8-48.1680.9,mlp.fc2.lora_B,5
1768387681.8266392,501,15.6875,0.279771625995636,Grad/mlp.fc2.lora_B,outputs_dev/vitb16/T=vtab_Q=3bit_L=lora_2_qkv-fc1-proj-fc2/cifar/20260114184203_default_acc=53.50/tensorboard/Grad_mlp.fc2.lora_B_block_5/events.out.tfevents.1768387349.master-192-168-8-48.1680.9,mlp.fc2.lora_B,5
1768387682.2735837,502,15.71875,0.25214654207229614,Grad/mlp.fc2.lora_B,outputs_dev/vitb16/T=vtab_Q=3bit_L=lora_2_qkv-fc1-proj-fc2/cifar/20260114184203_default_acc=53.50/tensorboard/Grad_mlp.fc2.lora_B_block_5/events.out.tfevents.1768387349.master-192-168-8-48.1680.9,mlp.fc2.lora_B,5
1768387682.7086568,503,15.75,0.2902410924434662,Grad/mlp.fc2.lora_B,outputs_dev/vitb16/T=vtab_Q=3bit_L=lora_2_qkv-fc1-proj-fc2/cifar/20260114184203_default_acc=53.50/tensorboard/Grad_mlp.fc2.lora_B_block_5/events.out.tfevents.1768387349.master-192-168-8-48.1680.9,mlp.fc2.lora_B,5
1768387683.144361,504,15.78125,0.22147442400455475,Grad/mlp.fc2.lora_B,outputs_dev/vitb16/T=vtab_Q=3bit_L=lora_2_qkv-fc1-proj-fc2/cifar/20260114184203_default_acc=53.50/tensorboard/Grad_mlp.fc2.lora_B_block_5/events.out.tfevents.1768387349.master-192-168-8-48.1680.9,mlp.fc2.lora_B,5
1768387683.5811412,505,15.8125,0.37921085953712463,Grad/mlp.fc2.lora_B,outputs_dev/vitb16/T=vtab_Q=3bit_L=lora_2_qkv-fc1-proj-fc2/cifar/20260114184203_default_acc=53.50/tensorboard/Grad_mlp.fc2.lora_B_block_5/events.out.tfevents.1768387349.master-192-168-8-48.1680.9,mlp.fc2.lora_B,5
1768387684.0176308,506,15.84375,0.22040081024169922,Grad/mlp.fc2.lora_B,outputs_dev/vitb16/T=vtab_Q=3bit_L=lora_2_qkv-fc1-proj-fc2/cifar/20260114184203_default_acc=53.50/tensorboard/Grad_mlp.fc2.lora_B_block_5/events.out.tfevents.1768387349.master-192-168-8-48.1680.9,mlp.fc2.lora_B,5
1768387684.4557009,507,15.875,0.33227571845054626,Grad/mlp.fc2.lora_B,outputs_dev/vitb16/T=vtab_Q=3bit_L=lora_2_qkv-fc1-proj-fc2/cifar/20260114184203_default_acc=53.50/tensorboard/Grad_mlp.fc2.lora_B_block_5/events.out.tfevents.1768387349.master-192-168-8-48.1680.9,mlp.fc2.lora_B,5
1768387684.8915389,508,15.90625,0.20783814787864685,Grad/mlp.fc2.lora_B,outputs_dev/vitb16/T=vtab_Q=3bit_L=lora_2_qkv-fc1-proj-fc2/cifar/20260114184203_default_acc=53.50/tensorboard/Grad_mlp.fc2.lora_B_block_5/events.out.tfevents.1768387349.master-192-168-8-48.1680.9,mlp.fc2.lora_B,5
1768387685.317134,509,15.9375,0.18238650262355804,Grad/mlp.fc2.lora_B,outputs_dev/vitb16/T=vtab_Q=3bit_L=lora_2_qkv-fc1-proj-fc2/cifar/20260114184203_default_acc=53.50/tensorboard/Grad_mlp.fc2.lora_B_block_5/events.out.tfevents.1768387349.master-192-168-8-48.1680.9,mlp.fc2.lora_B,5
1768387685.7567284,510,15.96875,0.2417321503162384,Grad/mlp.fc2.lora_B,outputs_dev/vitb16/T=vtab_Q=3bit_L=lora_2_qkv-fc1-proj-fc2/cifar/20260114184203_default_acc=53.50/tensorboard/Grad_mlp.fc2.lora_B_block_5/events.out.tfevents.1768387349.master-192-168-8-48.1680.9,mlp.fc2.lora_B,5
1768387685.9925086,511,16.0,0.6559221148490906,Grad/mlp.fc2.lora_B,outputs_dev/vitb16/T=vtab_Q=3bit_L=lora_2_qkv-fc1-proj-fc2/cifar/20260114184203_default_acc=53.50/tensorboard/Grad_mlp.fc2.lora_B_block_5/events.out.tfevents.1768387349.master-192-168-8-48.1680.9,mlp.fc2.lora_B,5
1768387686.6885097,512,16.03125,0.17345350980758667,Grad/mlp.fc2.lora_B,outputs_dev/vitb16/T=vtab_Q=3bit_L=lora_2_qkv-fc1-proj-fc2/cifar/20260114184203_default_acc=53.50/tensorboard/Grad_mlp.fc2.lora_B_block_5/events.out.tfevents.1768387349.master-192-168-8-48.1680.9,mlp.fc2.lora_B,5
1768387687.119853,513,16.0625,0.2958759665489197,Grad/mlp.fc2.lora_B,outputs_dev/vitb16/T=vtab_Q=3bit_L=lora_2_qkv-fc1-proj-fc2/cifar/20260114184203_default_acc=53.50/tensorboard/Grad_mlp.fc2.lora_B_block_5/events.out.tfevents.1768387349.master-192-168-8-48.1680.9,mlp.fc2.lora_B,5
1768387687.5502398,514,16.09375,0.23792853951454163,Grad/mlp.fc2.lora_B,outputs_dev/vitb16/T=vtab_Q=3bit_L=lora_2_qkv-fc1-proj-fc2/cifar/20260114184203_default_acc=53.50/tensorboard/Grad_mlp.fc2.lora_B_block_5/events.out.tfevents.1768387349.master-192-168-8-48.1680.9,mlp.fc2.lora_B,5
1768387687.9786017,515,16.125,0.25160762667655945,Grad/mlp.fc2.lora_B,outputs_dev/vitb16/T=vtab_Q=3bit_L=lora_2_qkv-fc1-proj-fc2/cifar/20260114184203_default_acc=53.50/tensorboard/Grad_mlp.fc2.lora_B_block_5/events.out.tfevents.1768387349.master-192-168-8-48.1680.9,mlp.fc2.lora_B,5
1768387688.4073918,516,16.15625,0.19870470464229584,Grad/mlp.fc2.lora_B,outputs_dev/vitb16/T=vtab_Q=3bit_L=lora_2_qkv-fc1-proj-fc2/cifar/20260114184203_default_acc=53.50/tensorboard/Grad_mlp.fc2.lora_B_block_5/events.out.tfevents.1768387349.master-192-168-8-48.1680.9,mlp.fc2.lora_B,5
1768387688.8370144,517,16.1875,0.25176095962524414,Grad/mlp.fc2.lora_B,outputs_dev/vitb16/T=vtab_Q=3bit_L=lora_2_qkv-fc1-proj-fc2/cifar/20260114184203_default_acc=53.50/tensorboard/Grad_mlp.fc2.lora_B_block_5/events.out.tfevents.1768387349.master-192-168-8-48.1680.9,mlp.fc2.lora_B,5
1768387689.2663856,518,16.21875,0.25830215215682983,Grad/mlp.fc2.lora_B,outputs_dev/vitb16/T=vtab_Q=3bit_L=lora_2_qkv-fc1-proj-fc2/cifar/20260114184203_default_acc=53.50/tensorboard/Grad_mlp.fc2.lora_B_block_5/events.out.tfevents.1768387349.master-192-168-8-48.1680.9,mlp.fc2.lora_B,5
1768387689.7013094,519,16.25,0.30967244505882263,Grad/mlp.fc2.lora_B,outputs_dev/vitb16/T=vtab_Q=3bit_L=lora_2_qkv-fc1-proj-fc2/cifar/20260114184203_default_acc=53.50/tensorboard/Grad_mlp.fc2.lora_B_block_5/events.out.tfevents.1768387349.master-192-168-8-48.1680.9,mlp.fc2.lora_B,5
1768387690.1492186,520,16.28125,0.2903384268283844,Grad/mlp.fc2.lora_B,outputs_dev/vitb16/T=vtab_Q=3bit_L=lora_2_qkv-fc1-proj-fc2/cifar/20260114184203_default_acc=53.50/tensorboard/Grad_mlp.fc2.lora_B_block_5/events.out.tfevents.1768387349.master-192-168-8-48.1680.9,mlp.fc2.lora_B,5
1768387690.5747478,521,16.3125,0.18810603022575378,Grad/mlp.fc2.lora_B,outputs_dev/vitb16/T=vtab_Q=3bit_L=lora_2_qkv-fc1-proj-fc2/cifar/20260114184203_default_acc=53.50/tensorboard/Grad_mlp.fc2.lora_B_block_5/events.out.tfevents.1768387349.master-192-168-8-48.1680.9,mlp.fc2.lora_B,5
1768387691.0129602,522,16.34375,0.20630672574043274,Grad/mlp.fc2.lora_B,outputs_dev/vitb16/T=vtab_Q=3bit_L=lora_2_qkv-fc1-proj-fc2/cifar/20260114184203_default_acc=53.50/tensorboard/Grad_mlp.fc2.lora_B_block_5/events.out.tfevents.1768387349.master-192-168-8-48.1680.9,mlp.fc2.lora_B,5
1768387691.441511,523,16.375,0.21833841502666473,Grad/mlp.fc2.lora_B,outputs_dev/vitb16/T=vtab_Q=3bit_L=lora_2_qkv-fc1-proj-fc2/cifar/20260114184203_default_acc=53.50/tensorboard/Grad_mlp.fc2.lora_B_block_5/events.out.tfevents.1768387349.master-192-168-8-48.1680.9,mlp.fc2.lora_B,5
1768387691.8659225,524,16.40625,0.20503981411457062,Grad/mlp.fc2.lora_B,outputs_dev/vitb16/T=vtab_Q=3bit_L=lora_2_qkv-fc1-proj-fc2/cifar/20260114184203_default_acc=53.50/tensorboard/Grad_mlp.fc2.lora_B_block_5/events.out.tfevents.1768387349.master-192-168-8-48.1680.9,mlp.fc2.lora_B,5
1768387692.291269,525,16.4375,0.2957709729671478,Grad/mlp.fc2.lora_B,outputs_dev/vitb16/T=vtab_Q=3bit_L=lora_2_qkv-fc1-proj-fc2/cifar/20260114184203_default_acc=53.50/tensorboard/Grad_mlp.fc2.lora_B_block_5/events.out.tfevents.1768387349.master-192-168-8-48.1680.9,mlp.fc2.lora_B,5
1768387692.701226,526,16.46875,0.2170904129743576,Grad/mlp.fc2.lora_B,outputs_dev/vitb16/T=vtab_Q=3bit_L=lora_2_qkv-fc1-proj-fc2/cifar/20260114184203_default_acc=53.50/tensorboard/Grad_mlp.fc2.lora_B_block_5/events.out.tfevents.1768387349.master-192-168-8-48.1680.9,mlp.fc2.lora_B,5
1768387693.142318,527,16.5,0.1855260580778122,Grad/mlp.fc2.lora_B,outputs_dev/vitb16/T=vtab_Q=3bit_L=lora_2_qkv-fc1-proj-fc2/cifar/20260114184203_default_acc=53.50/tensorboard/Grad_mlp.fc2.lora_B_block_5/events.out.tfevents.1768387349.master-192-168-8-48.1680.9,mlp.fc2.lora_B,5
1768387693.57784,528,16.53125,0.27875784039497375,Grad/mlp.fc2.lora_B,outputs_dev/vitb16/T=vtab_Q=3bit_L=lora_2_qkv-fc1-proj-fc2/cifar/20260114184203_default_acc=53.50/tensorboard/Grad_mlp.fc2.lora_B_block_5/events.out.tfevents.1768387349.master-192-168-8-48.1680.9,mlp.fc2.lora_B,5
1768387694.0148857,529,16.5625,0.13498367369174957,Grad/mlp.fc2.lora_B,outputs_dev/vitb16/T=vtab_Q=3bit_L=lora_2_qkv-fc1-proj-fc2/cifar/20260114184203_default_acc=53.50/tensorboard/Grad_mlp.fc2.lora_B_block_5/events.out.tfevents.1768387349.master-192-168-8-48.1680.9,mlp.fc2.lora_B,5
1768387694.4512897,530,16.59375,0.20399998128414154,Grad/mlp.fc2.lora_B,outputs_dev/vitb16/T=vtab_Q=3bit_L=lora_2_qkv-fc1-proj-fc2/cifar/20260114184203_default_acc=53.50/tensorboard/Grad_mlp.fc2.lora_B_block_5/events.out.tfevents.1768387349.master-192-168-8-48.1680.9,mlp.fc2.lora_B,5
1768387694.8925672,531,16.625,0.2905767858028412,Grad/mlp.fc2.lora_B,outputs_dev/vitb16/T=vtab_Q=3bit_L=lora_2_qkv-fc1-proj-fc2/cifar/20260114184203_default_acc=53.50/tensorboard/Grad_mlp.fc2.lora_B_block_5/events.out.tfevents.1768387349.master-192-168-8-48.1680.9,mlp.fc2.lora_B,5
1768387695.3194222,532,16.65625,0.2275954931974411,Grad/mlp.fc2.lora_B,outputs_dev/vitb16/T=vtab_Q=3bit_L=lora_2_qkv-fc1-proj-fc2/cifar/20260114184203_default_acc=53.50/tensorboard/Grad_mlp.fc2.lora_B_block_5/events.out.tfevents.1768387349.master-192-168-8-48.1680.9,mlp.fc2.lora_B,5
1768387695.7655394,533,16.6875,0.20463573932647705,Grad/mlp.fc2.lora_B,outputs_dev/vitb16/T=vtab_Q=3bit_L=lora_2_qkv-fc1-proj-fc2/cifar/20260114184203_default_acc=53.50/tensorboard/Grad_mlp.fc2.lora_B_block_5/events.out.tfevents.1768387349.master-192-168-8-48.1680.9,mlp.fc2.lora_B,5
1768387696.1949177,534,16.71875,0.19755126535892487,Grad/mlp.fc2.lora_B,outputs_dev/vitb16/T=vtab_Q=3bit_L=lora_2_qkv-fc1-proj-fc2/cifar/20260114184203_default_acc=53.50/tensorboard/Grad_mlp.fc2.lora_B_block_5/events.out.tfevents.1768387349.master-192-168-8-48.1680.9,mlp.fc2.lora_B,5
1768387696.620335,535,16.75,0.22581517696380615,Grad/mlp.fc2.lora_B,outputs_dev/vitb16/T=vtab_Q=3bit_L=lora_2_qkv-fc1-proj-fc2/cifar/20260114184203_default_acc=53.50/tensorboard/Grad_mlp.fc2.lora_B_block_5/events.out.tfevents.1768387349.master-192-168-8-48.1680.9,mlp.fc2.lora_B,5
1768387697.0457444,536,16.78125,0.21852193772792816,Grad/mlp.fc2.lora_B,outputs_dev/vitb16/T=vtab_Q=3bit_L=lora_2_qkv-fc1-proj-fc2/cifar/20260114184203_default_acc=53.50/tensorboard/Grad_mlp.fc2.lora_B_block_5/events.out.tfevents.1768387349.master-192-168-8-48.1680.9,mlp.fc2.lora_B,5
1768387697.4695327,537,16.8125,0.1939997375011444,Grad/mlp.fc2.lora_B,outputs_dev/vitb16/T=vtab_Q=3bit_L=lora_2_qkv-fc1-proj-fc2/cifar/20260114184203_default_acc=53.50/tensorboard/Grad_mlp.fc2.lora_B_block_5/events.out.tfevents.1768387349.master-192-168-8-48.1680.9,mlp.fc2.lora_B,5
1768387697.8957837,538,16.84375,0.23185418546199799,Grad/mlp.fc2.lora_B,outputs_dev/vitb16/T=vtab_Q=3bit_L=lora_2_qkv-fc1-proj-fc2/cifar/20260114184203_default_acc=53.50/tensorboard/Grad_mlp.fc2.lora_B_block_5/events.out.tfevents.1768387349.master-192-168-8-48.1680.9,mlp.fc2.lora_B,5
1768387698.320667,539,16.875,0.19198425114154816,Grad/mlp.fc2.lora_B,outputs_dev/vitb16/T=vtab_Q=3bit_L=lora_2_qkv-fc1-proj-fc2/cifar/20260114184203_default_acc=53.50/tensorboard/Grad_mlp.fc2.lora_B_block_5/events.out.tfevents.1768387349.master-192-168-8-48.1680.9,mlp.fc2.lora_B,5
1768387698.75029,540,16.90625,0.24944648146629333,Grad/mlp.fc2.lora_B,outputs_dev/vitb16/T=vtab_Q=3bit_L=lora_2_qkv-fc1-proj-fc2/cifar/20260114184203_default_acc=53.50/tensorboard/Grad_mlp.fc2.lora_B_block_5/events.out.tfevents.1768387349.master-192-168-8-48.1680.9,mlp.fc2.lora_B,5
1768387699.1747315,541,16.9375,0.1864742934703827,Grad/mlp.fc2.lora_B,outputs_dev/vitb16/T=vtab_Q=3bit_L=lora_2_qkv-fc1-proj-fc2/cifar/20260114184203_default_acc=53.50/tensorboard/Grad_mlp.fc2.lora_B_block_5/events.out.tfevents.1768387349.master-192-168-8-48.1680.9,mlp.fc2.lora_B,5
1768387699.602036,542,16.96875,0.18220733106136322,Grad/mlp.fc2.lora_B,outputs_dev/vitb16/T=vtab_Q=3bit_L=lora_2_qkv-fc1-proj-fc2/cifar/20260114184203_default_acc=53.50/tensorboard/Grad_mlp.fc2.lora_B_block_5/events.out.tfevents.1768387349.master-192-168-8-48.1680.9,mlp.fc2.lora_B,5
1768387699.803842,543,17.0,0.4528498351573944,Grad/mlp.fc2.lora_B,outputs_dev/vitb16/T=vtab_Q=3bit_L=lora_2_qkv-fc1-proj-fc2/cifar/20260114184203_default_acc=53.50/tensorboard/Grad_mlp.fc2.lora_B_block_5/events.out.tfevents.1768387349.master-192-168-8-48.1680.9,mlp.fc2.lora_B,5
1768387700.4509032,544,17.03125,0.2525564730167389,Grad/mlp.fc2.lora_B,outputs_dev/vitb16/T=vtab_Q=3bit_L=lora_2_qkv-fc1-proj-fc2/cifar/20260114184203_default_acc=53.50/tensorboard/Grad_mlp.fc2.lora_B_block_5/events.out.tfevents.1768387349.master-192-168-8-48.1680.9,mlp.fc2.lora_B,5
1768387700.8625813,545,17.0625,0.22177796065807343,Grad/mlp.fc2.lora_B,outputs_dev/vitb16/T=vtab_Q=3bit_L=lora_2_qkv-fc1-proj-fc2/cifar/20260114184203_default_acc=53.50/tensorboard/Grad_mlp.fc2.lora_B_block_5/events.out.tfevents.1768387349.master-192-168-8-48.1680.9,mlp.fc2.lora_B,5
1768387701.2876537,546,17.09375,0.17844435572624207,Grad/mlp.fc2.lora_B,outputs_dev/vitb16/T=vtab_Q=3bit_L=lora_2_qkv-fc1-proj-fc2/cifar/20260114184203_default_acc=53.50/tensorboard/Grad_mlp.fc2.lora_B_block_5/events.out.tfevents.1768387349.master-192-168-8-48.1680.9,mlp.fc2.lora_B,5
1768387701.712582,547,17.125,0.174534410238266,Grad/mlp.fc2.lora_B,outputs_dev/vitb16/T=vtab_Q=3bit_L=lora_2_qkv-fc1-proj-fc2/cifar/20260114184203_default_acc=53.50/tensorboard/Grad_mlp.fc2.lora_B_block_5/events.out.tfevents.1768387349.master-192-168-8-48.1680.9,mlp.fc2.lora_B,5
1768387702.1399417,548,17.15625,0.23962050676345825,Grad/mlp.fc2.lora_B,outputs_dev/vitb16/T=vtab_Q=3bit_L=lora_2_qkv-fc1-proj-fc2/cifar/20260114184203_default_acc=53.50/tensorboard/Grad_mlp.fc2.lora_B_block_5/events.out.tfevents.1768387349.master-192-168-8-48.1680.9,mlp.fc2.lora_B,5
1768387702.568053,549,17.1875,0.15822142362594604,Grad/mlp.fc2.lora_B,outputs_dev/vitb16/T=vtab_Q=3bit_L=lora_2_qkv-fc1-proj-fc2/cifar/20260114184203_default_acc=53.50/tensorboard/Grad_mlp.fc2.lora_B_block_5/events.out.tfevents.1768387349.master-192-168-8-48.1680.9,mlp.fc2.lora_B,5
1768387703.0148103,550,17.21875,0.2209690809249878,Grad/mlp.fc2.lora_B,outputs_dev/vitb16/T=vtab_Q=3bit_L=lora_2_qkv-fc1-proj-fc2/cifar/20260114184203_default_acc=53.50/tensorboard/Grad_mlp.fc2.lora_B_block_5/events.out.tfevents.1768387349.master-192-168-8-48.1680.9,mlp.fc2.lora_B,5
1768387703.4379027,551,17.25,0.17455263435840607,Grad/mlp.fc2.lora_B,outputs_dev/vitb16/T=vtab_Q=3bit_L=lora_2_qkv-fc1-proj-fc2/cifar/20260114184203_default_acc=53.50/tensorboard/Grad_mlp.fc2.lora_B_block_5/events.out.tfevents.1768387349.master-192-168-8-48.1680.9,mlp.fc2.lora_B,5
1768387703.8622053,552,17.28125,0.19651566445827484,Grad/mlp.fc2.lora_B,outputs_dev/vitb16/T=vtab_Q=3bit_L=lora_2_qkv-fc1-proj-fc2/cifar/20260114184203_default_acc=53.50/tensorboard/Grad_mlp.fc2.lora_B_block_5/events.out.tfevents.1768387349.master-192-168-8-48.1680.9,mlp.fc2.lora_B,5
1768387704.2871444,553,17.3125,0.24156887829303741,Grad/mlp.fc2.lora_B,outputs_dev/vitb16/T=vtab_Q=3bit_L=lora_2_qkv-fc1-proj-fc2/cifar/20260114184203_default_acc=53.50/tensorboard/Grad_mlp.fc2.lora_B_block_5/events.out.tfevents.1768387349.master-192-168-8-48.1680.9,mlp.fc2.lora_B,5
1768387704.7094114,554,17.34375,0.2482367604970932,Grad/mlp.fc2.lora_B,outputs_dev/vitb16/T=vtab_Q=3bit_L=lora_2_qkv-fc1-proj-fc2/cifar/20260114184203_default_acc=53.50/tensorboard/Grad_mlp.fc2.lora_B_block_5/events.out.tfevents.1768387349.master-192-168-8-48.1680.9,mlp.fc2.lora_B,5
1768387705.136591,555,17.375,0.16952112317085266,Grad/mlp.fc2.lora_B,outputs_dev/vitb16/T=vtab_Q=3bit_L=lora_2_qkv-fc1-proj-fc2/cifar/20260114184203_default_acc=53.50/tensorboard/Grad_mlp.fc2.lora_B_block_5/events.out.tfevents.1768387349.master-192-168-8-48.1680.9,mlp.fc2.lora_B,5
1768387705.560228,556,17.40625,0.20887431502342224,Grad/mlp.fc2.lora_B,outputs_dev/vitb16/T=vtab_Q=3bit_L=lora_2_qkv-fc1-proj-fc2/cifar/20260114184203_default_acc=53.50/tensorboard/Grad_mlp.fc2.lora_B_block_5/events.out.tfevents.1768387349.master-192-168-8-48.1680.9,mlp.fc2.lora_B,5
1768387705.9691806,557,17.4375,0.281594842672348,Grad/mlp.fc2.lora_B,outputs_dev/vitb16/T=vtab_Q=3bit_L=lora_2_qkv-fc1-proj-fc2/cifar/20260114184203_default_acc=53.50/tensorboard/Grad_mlp.fc2.lora_B_block_5/events.out.tfevents.1768387349.master-192-168-8-48.1680.9,mlp.fc2.lora_B,5
1768387706.3903499,558,17.46875,0.18846581876277924,Grad/mlp.fc2.lora_B,outputs_dev/vitb16/T=vtab_Q=3bit_L=lora_2_qkv-fc1-proj-fc2/cifar/20260114184203_default_acc=53.50/tensorboard/Grad_mlp.fc2.lora_B_block_5/events.out.tfevents.1768387349.master-192-168-8-48.1680.9,mlp.fc2.lora_B,5
1768387706.8141031,559,17.5,0.1892886757850647,Grad/mlp.fc2.lora_B,outputs_dev/vitb16/T=vtab_Q=3bit_L=lora_2_qkv-fc1-proj-fc2/cifar/20260114184203_default_acc=53.50/tensorboard/Grad_mlp.fc2.lora_B_block_5/events.out.tfevents.1768387349.master-192-168-8-48.1680.9,mlp.fc2.lora_B,5
1768387707.2347953,560,17.53125,0.24672038853168488,Grad/mlp.fc2.lora_B,outputs_dev/vitb16/T=vtab_Q=3bit_L=lora_2_qkv-fc1-proj-fc2/cifar/20260114184203_default_acc=53.50/tensorboard/Grad_mlp.fc2.lora_B_block_5/events.out.tfevents.1768387349.master-192-168-8-48.1680.9,mlp.fc2.lora_B,5
1768387707.6584156,561,17.5625,0.3755436837673187,Grad/mlp.fc2.lora_B,outputs_dev/vitb16/T=vtab_Q=3bit_L=lora_2_qkv-fc1-proj-fc2/cifar/20260114184203_default_acc=53.50/tensorboard/Grad_mlp.fc2.lora_B_block_5/events.out.tfevents.1768387349.master-192-168-8-48.1680.9,mlp.fc2.lora_B,5
1768387708.0803428,562,17.59375,0.3687562644481659,Grad/mlp.fc2.lora_B,outputs_dev/vitb16/T=vtab_Q=3bit_L=lora_2_qkv-fc1-proj-fc2/cifar/20260114184203_default_acc=53.50/tensorboard/Grad_mlp.fc2.lora_B_block_5/events.out.tfevents.1768387349.master-192-168-8-48.1680.9,mlp.fc2.lora_B,5
1768387708.4905403,563,17.625,0.1728406846523285,Grad/mlp.fc2.lora_B,outputs_dev/vitb16/T=vtab_Q=3bit_L=lora_2_qkv-fc1-proj-fc2/cifar/20260114184203_default_acc=53.50/tensorboard/Grad_mlp.fc2.lora_B_block_5/events.out.tfevents.1768387349.master-192-168-8-48.1680.9,mlp.fc2.lora_B,5
1768387708.9122143,564,17.65625,0.22656089067459106,Grad/mlp.fc2.lora_B,outputs_dev/vitb16/T=vtab_Q=3bit_L=lora_2_qkv-fc1-proj-fc2/cifar/20260114184203_default_acc=53.50/tensorboard/Grad_mlp.fc2.lora_B_block_5/events.out.tfevents.1768387349.master-192-168-8-48.1680.9,mlp.fc2.lora_B,5
1768387709.3376524,565,17.6875,0.36050334572792053,Grad/mlp.fc2.lora_B,outputs_dev/vitb16/T=vtab_Q=3bit_L=lora_2_qkv-fc1-proj-fc2/cifar/20260114184203_default_acc=53.50/tensorboard/Grad_mlp.fc2.lora_B_block_5/events.out.tfevents.1768387349.master-192-168-8-48.1680.9,mlp.fc2.lora_B,5
1768387709.7622986,566,17.71875,0.19616512954235077,Grad/mlp.fc2.lora_B,outputs_dev/vitb16/T=vtab_Q=3bit_L=lora_2_qkv-fc1-proj-fc2/cifar/20260114184203_default_acc=53.50/tensorboard/Grad_mlp.fc2.lora_B_block_5/events.out.tfevents.1768387349.master-192-168-8-48.1680.9,mlp.fc2.lora_B,5
1768387710.1849606,567,17.75,0.2538941502571106,Grad/mlp.fc2.lora_B,outputs_dev/vitb16/T=vtab_Q=3bit_L=lora_2_qkv-fc1-proj-fc2/cifar/20260114184203_default_acc=53.50/tensorboard/Grad_mlp.fc2.lora_B_block_5/events.out.tfevents.1768387349.master-192-168-8-48.1680.9,mlp.fc2.lora_B,5
1768387710.6103168,568,17.78125,0.2553562521934509,Grad/mlp.fc2.lora_B,outputs_dev/vitb16/T=vtab_Q=3bit_L=lora_2_qkv-fc1-proj-fc2/cifar/20260114184203_default_acc=53.50/tensorboard/Grad_mlp.fc2.lora_B_block_5/events.out.tfevents.1768387349.master-192-168-8-48.1680.9,mlp.fc2.lora_B,5
1768387711.0354888,569,17.8125,0.23103727400302887,Grad/mlp.fc2.lora_B,outputs_dev/vitb16/T=vtab_Q=3bit_L=lora_2_qkv-fc1-proj-fc2/cifar/20260114184203_default_acc=53.50/tensorboard/Grad_mlp.fc2.lora_B_block_5/events.out.tfevents.1768387349.master-192-168-8-48.1680.9,mlp.fc2.lora_B,5
1768387711.458921,570,17.84375,0.17257273197174072,Grad/mlp.fc2.lora_B,outputs_dev/vitb16/T=vtab_Q=3bit_L=lora_2_qkv-fc1-proj-fc2/cifar/20260114184203_default_acc=53.50/tensorboard/Grad_mlp.fc2.lora_B_block_5/events.out.tfevents.1768387349.master-192-168-8-48.1680.9,mlp.fc2.lora_B,5
1768387711.8830426,571,17.875,0.2515161335468292,Grad/mlp.fc2.lora_B,outputs_dev/vitb16/T=vtab_Q=3bit_L=lora_2_qkv-fc1-proj-fc2/cifar/20260114184203_default_acc=53.50/tensorboard/Grad_mlp.fc2.lora_B_block_5/events.out.tfevents.1768387349.master-192-168-8-48.1680.9,mlp.fc2.lora_B,5
1768387712.3086505,572,17.90625,0.23129689693450928,Grad/mlp.fc2.lora_B,outputs_dev/vitb16/T=vtab_Q=3bit_L=lora_2_qkv-fc1-proj-fc2/cifar/20260114184203_default_acc=53.50/tensorboard/Grad_mlp.fc2.lora_B_block_5/events.out.tfevents.1768387349.master-192-168-8-48.1680.9,mlp.fc2.lora_B,5
1768387712.7312052,573,17.9375,0.17882739007472992,Grad/mlp.fc2.lora_B,outputs_dev/vitb16/T=vtab_Q=3bit_L=lora_2_qkv-fc1-proj-fc2/cifar/20260114184203_default_acc=53.50/tensorboard/Grad_mlp.fc2.lora_B_block_5/events.out.tfevents.1768387349.master-192-168-8-48.1680.9,mlp.fc2.lora_B,5
1768387713.1556194,574,17.96875,0.2595142424106598,Grad/mlp.fc2.lora_B,outputs_dev/vitb16/T=vtab_Q=3bit_L=lora_2_qkv-fc1-proj-fc2/cifar/20260114184203_default_acc=53.50/tensorboard/Grad_mlp.fc2.lora_B_block_5/events.out.tfevents.1768387349.master-192-168-8-48.1680.9,mlp.fc2.lora_B,5
1768387713.3642347,575,18.0,0.38559332489967346,Grad/mlp.fc2.lora_B,outputs_dev/vitb16/T=vtab_Q=3bit_L=lora_2_qkv-fc1-proj-fc2/cifar/20260114184203_default_acc=53.50/tensorboard/Grad_mlp.fc2.lora_B_block_5/events.out.tfevents.1768387349.master-192-168-8-48.1680.9,mlp.fc2.lora_B,5
1768387714.0549562,576,18.03125,0.17907030880451202,Grad/mlp.fc2.lora_B,outputs_dev/vitb16/T=vtab_Q=3bit_L=lora_2_qkv-fc1-proj-fc2/cifar/20260114184203_default_acc=53.50/tensorboard/Grad_mlp.fc2.lora_B_block_5/events.out.tfevents.1768387349.master-192-168-8-48.1680.9,mlp.fc2.lora_B,5
1768387714.4993398,577,18.0625,0.23321828246116638,Grad/mlp.fc2.lora_B,outputs_dev/vitb16/T=vtab_Q=3bit_L=lora_2_qkv-fc1-proj-fc2/cifar/20260114184203_default_acc=53.50/tensorboard/Grad_mlp.fc2.lora_B_block_5/events.out.tfevents.1768387349.master-192-168-8-48.1680.9,mlp.fc2.lora_B,5
1768387714.929391,578,18.09375,0.2810015380382538,Grad/mlp.fc2.lora_B,outputs_dev/vitb16/T=vtab_Q=3bit_L=lora_2_qkv-fc1-proj-fc2/cifar/20260114184203_default_acc=53.50/tensorboard/Grad_mlp.fc2.lora_B_block_5/events.out.tfevents.1768387349.master-192-168-8-48.1680.9,mlp.fc2.lora_B,5
1768387715.3713946,579,18.125,0.17952710390090942,Grad/mlp.fc2.lora_B,outputs_dev/vitb16/T=vtab_Q=3bit_L=lora_2_qkv-fc1-proj-fc2/cifar/20260114184203_default_acc=53.50/tensorboard/Grad_mlp.fc2.lora_B_block_5/events.out.tfevents.1768387349.master-192-168-8-48.1680.9,mlp.fc2.lora_B,5
1768387715.8129075,580,18.15625,0.26298195123672485,Grad/mlp.fc2.lora_B,outputs_dev/vitb16/T=vtab_Q=3bit_L=lora_2_qkv-fc1-proj-fc2/cifar/20260114184203_default_acc=53.50/tensorboard/Grad_mlp.fc2.lora_B_block_5/events.out.tfevents.1768387349.master-192-168-8-48.1680.9,mlp.fc2.lora_B,5
1768387716.2436223,581,18.1875,0.3150337040424347,Grad/mlp.fc2.lora_B,outputs_dev/vitb16/T=vtab_Q=3bit_L=lora_2_qkv-fc1-proj-fc2/cifar/20260114184203_default_acc=53.50/tensorboard/Grad_mlp.fc2.lora_B_block_5/events.out.tfevents.1768387349.master-192-168-8-48.1680.9,mlp.fc2.lora_B,5
1768387716.677118,582,18.21875,0.167329341173172,Grad/mlp.fc2.lora_B,outputs_dev/vitb16/T=vtab_Q=3bit_L=lora_2_qkv-fc1-proj-fc2/cifar/20260114184203_default_acc=53.50/tensorboard/Grad_mlp.fc2.lora_B_block_5/events.out.tfevents.1768387349.master-192-168-8-48.1680.9,mlp.fc2.lora_B,5
1768387717.106199,583,18.25,0.17785078287124634,Grad/mlp.fc2.lora_B,outputs_dev/vitb16/T=vtab_Q=3bit_L=lora_2_qkv-fc1-proj-fc2/cifar/20260114184203_default_acc=53.50/tensorboard/Grad_mlp.fc2.lora_B_block_5/events.out.tfevents.1768387349.master-192-168-8-48.1680.9,mlp.fc2.lora_B,5
1768387717.5532286,584,18.28125,0.3046765625476837,Grad/mlp.fc2.lora_B,outputs_dev/vitb16/T=vtab_Q=3bit_L=lora_2_qkv-fc1-proj-fc2/cifar/20260114184203_default_acc=53.50/tensorboard/Grad_mlp.fc2.lora_B_block_5/events.out.tfevents.1768387349.master-192-168-8-48.1680.9,mlp.fc2.lora_B,5
1768387718.000646,585,18.3125,0.3779227137565613,Grad/mlp.fc2.lora_B,outputs_dev/vitb16/T=vtab_Q=3bit_L=lora_2_qkv-fc1-proj-fc2/cifar/20260114184203_default_acc=53.50/tensorboard/Grad_mlp.fc2.lora_B_block_5/events.out.tfevents.1768387349.master-192-168-8-48.1680.9,mlp.fc2.lora_B,5
1768387718.429841,586,18.34375,0.25064003467559814,Grad/mlp.fc2.lora_B,outputs_dev/vitb16/T=vtab_Q=3bit_L=lora_2_qkv-fc1-proj-fc2/cifar/20260114184203_default_acc=53.50/tensorboard/Grad_mlp.fc2.lora_B_block_5/events.out.tfevents.1768387349.master-192-168-8-48.1680.9,mlp.fc2.lora_B,5
1768387718.864334,587,18.375,0.23663103580474854,Grad/mlp.fc2.lora_B,outputs_dev/vitb16/T=vtab_Q=3bit_L=lora_2_qkv-fc1-proj-fc2/cifar/20260114184203_default_acc=53.50/tensorboard/Grad_mlp.fc2.lora_B_block_5/events.out.tfevents.1768387349.master-192-168-8-48.1680.9,mlp.fc2.lora_B,5
1768387719.3058586,588,18.40625,0.3249956965446472,Grad/mlp.fc2.lora_B,outputs_dev/vitb16/T=vtab_Q=3bit_L=lora_2_qkv-fc1-proj-fc2/cifar/20260114184203_default_acc=53.50/tensorboard/Grad_mlp.fc2.lora_B_block_5/events.out.tfevents.1768387349.master-192-168-8-48.1680.9,mlp.fc2.lora_B,5
1768387719.7341287,589,18.4375,0.22887326776981354,Grad/mlp.fc2.lora_B,outputs_dev/vitb16/T=vtab_Q=3bit_L=lora_2_qkv-fc1-proj-fc2/cifar/20260114184203_default_acc=53.50/tensorboard/Grad_mlp.fc2.lora_B_block_5/events.out.tfevents.1768387349.master-192-168-8-48.1680.9,mlp.fc2.lora_B,5
1768387720.16232,590,18.46875,0.3446902334690094,Grad/mlp.fc2.lora_B,outputs_dev/vitb16/T=vtab_Q=3bit_L=lora_2_qkv-fc1-proj-fc2/cifar/20260114184203_default_acc=53.50/tensorboard/Grad_mlp.fc2.lora_B_block_5/events.out.tfevents.1768387349.master-192-168-8-48.1680.9,mlp.fc2.lora_B,5
1768387720.589747,591,18.5,0.30393946170806885,Grad/mlp.fc2.lora_B,outputs_dev/vitb16/T=vtab_Q=3bit_L=lora_2_qkv-fc1-proj-fc2/cifar/20260114184203_default_acc=53.50/tensorboard/Grad_mlp.fc2.lora_B_block_5/events.out.tfevents.1768387349.master-192-168-8-48.1680.9,mlp.fc2.lora_B,5
1768387721.0289798,592,18.53125,0.3072860836982727,Grad/mlp.fc2.lora_B,outputs_dev/vitb16/T=vtab_Q=3bit_L=lora_2_qkv-fc1-proj-fc2/cifar/20260114184203_default_acc=53.50/tensorboard/Grad_mlp.fc2.lora_B_block_5/events.out.tfevents.1768387349.master-192-168-8-48.1680.9,mlp.fc2.lora_B,5
1768387721.458056,593,18.5625,0.37387987971305847,Grad/mlp.fc2.lora_B,outputs_dev/vitb16/T=vtab_Q=3bit_L=lora_2_qkv-fc1-proj-fc2/cifar/20260114184203_default_acc=53.50/tensorboard/Grad_mlp.fc2.lora_B_block_5/events.out.tfevents.1768387349.master-192-168-8-48.1680.9,mlp.fc2.lora_B,5
1768387721.9107378,594,18.59375,0.33005982637405396,Grad/mlp.fc2.lora_B,outputs_dev/vitb16/T=vtab_Q=3bit_L=lora_2_qkv-fc1-proj-fc2/cifar/20260114184203_default_acc=53.50/tensorboard/Grad_mlp.fc2.lora_B_block_5/events.out.tfevents.1768387349.master-192-168-8-48.1680.9,mlp.fc2.lora_B,5
1768387722.3274999,595,18.625,0.3560194671154022,Grad/mlp.fc2.lora_B,outputs_dev/vitb16/T=vtab_Q=3bit_L=lora_2_qkv-fc1-proj-fc2/cifar/20260114184203_default_acc=53.50/tensorboard/Grad_mlp.fc2.lora_B_block_5/events.out.tfevents.1768387349.master-192-168-8-48.1680.9,mlp.fc2.lora_B,5
1768387722.7689943,596,18.65625,0.20532621443271637,Grad/mlp.fc2.lora_B,outputs_dev/vitb16/T=vtab_Q=3bit_L=lora_2_qkv-fc1-proj-fc2/cifar/20260114184203_default_acc=53.50/tensorboard/Grad_mlp.fc2.lora_B_block_5/events.out.tfevents.1768387349.master-192-168-8-48.1680.9,mlp.fc2.lora_B,5
1768387723.1932123,597,18.6875,0.17746171355247498,Grad/mlp.fc2.lora_B,outputs_dev/vitb16/T=vtab_Q=3bit_L=lora_2_qkv-fc1-proj-fc2/cifar/20260114184203_default_acc=53.50/tensorboard/Grad_mlp.fc2.lora_B_block_5/events.out.tfevents.1768387349.master-192-168-8-48.1680.9,mlp.fc2.lora_B,5
1768387723.6296415,598,18.71875,0.17691589891910553,Grad/mlp.fc2.lora_B,outputs_dev/vitb16/T=vtab_Q=3bit_L=lora_2_qkv-fc1-proj-fc2/cifar/20260114184203_default_acc=53.50/tensorboard/Grad_mlp.fc2.lora_B_block_5/events.out.tfevents.1768387349.master-192-168-8-48.1680.9,mlp.fc2.lora_B,5
1768387724.0534256,599,18.75,0.3209421634674072,Grad/mlp.fc2.lora_B,outputs_dev/vitb16/T=vtab_Q=3bit_L=lora_2_qkv-fc1-proj-fc2/cifar/20260114184203_default_acc=53.50/tensorboard/Grad_mlp.fc2.lora_B_block_5/events.out.tfevents.1768387349.master-192-168-8-48.1680.9,mlp.fc2.lora_B,5
1768387724.4905803,600,18.78125,0.3352445960044861,Grad/mlp.fc2.lora_B,outputs_dev/vitb16/T=vtab_Q=3bit_L=lora_2_qkv-fc1-proj-fc2/cifar/20260114184203_default_acc=53.50/tensorboard/Grad_mlp.fc2.lora_B_block_5/events.out.tfevents.1768387349.master-192-168-8-48.1680.9,mlp.fc2.lora_B,5
1768387724.9140947,601,18.8125,0.27517592906951904,Grad/mlp.fc2.lora_B,outputs_dev/vitb16/T=vtab_Q=3bit_L=lora_2_qkv-fc1-proj-fc2/cifar/20260114184203_default_acc=53.50/tensorboard/Grad_mlp.fc2.lora_B_block_5/events.out.tfevents.1768387349.master-192-168-8-48.1680.9,mlp.fc2.lora_B,5
1768387725.337613,602,18.84375,0.325359046459198,Grad/mlp.fc2.lora_B,outputs_dev/vitb16/T=vtab_Q=3bit_L=lora_2_qkv-fc1-proj-fc2/cifar/20260114184203_default_acc=53.50/tensorboard/Grad_mlp.fc2.lora_B_block_5/events.out.tfevents.1768387349.master-192-168-8-48.1680.9,mlp.fc2.lora_B,5
1768387725.7621613,603,18.875,0.23243172466754913,Grad/mlp.fc2.lora_B,outputs_dev/vitb16/T=vtab_Q=3bit_L=lora_2_qkv-fc1-proj-fc2/cifar/20260114184203_default_acc=53.50/tensorboard/Grad_mlp.fc2.lora_B_block_5/events.out.tfevents.1768387349.master-192-168-8-48.1680.9,mlp.fc2.lora_B,5
1768387726.1866336,604,18.90625,0.22507400810718536,Grad/mlp.fc2.lora_B,outputs_dev/vitb16/T=vtab_Q=3bit_L=lora_2_qkv-fc1-proj-fc2/cifar/20260114184203_default_acc=53.50/tensorboard/Grad_mlp.fc2.lora_B_block_5/events.out.tfevents.1768387349.master-192-168-8-48.1680.9,mlp.fc2.lora_B,5
1768387726.6086903,605,18.9375,0.19393038749694824,Grad/mlp.fc2.lora_B,outputs_dev/vitb16/T=vtab_Q=3bit_L=lora_2_qkv-fc1-proj-fc2/cifar/20260114184203_default_acc=53.50/tensorboard/Grad_mlp.fc2.lora_B_block_5/events.out.tfevents.1768387349.master-192-168-8-48.1680.9,mlp.fc2.lora_B,5
1768387727.0340564,606,18.96875,0.23885619640350342,Grad/mlp.fc2.lora_B,outputs_dev/vitb16/T=vtab_Q=3bit_L=lora_2_qkv-fc1-proj-fc2/cifar/20260114184203_default_acc=53.50/tensorboard/Grad_mlp.fc2.lora_B_block_5/events.out.tfevents.1768387349.master-192-168-8-48.1680.9,mlp.fc2.lora_B,5
1768387727.2593055,607,19.0,0.56966233253479,Grad/mlp.fc2.lora_B,outputs_dev/vitb16/T=vtab_Q=3bit_L=lora_2_qkv-fc1-proj-fc2/cifar/20260114184203_default_acc=53.50/tensorboard/Grad_mlp.fc2.lora_B_block_5/events.out.tfevents.1768387349.master-192-168-8-48.1680.9,mlp.fc2.lora_B,5
1768387727.952076,608,19.03125,0.3077792227268219,Grad/mlp.fc2.lora_B,outputs_dev/vitb16/T=vtab_Q=3bit_L=lora_2_qkv-fc1-proj-fc2/cifar/20260114184203_default_acc=53.50/tensorboard/Grad_mlp.fc2.lora_B_block_5/events.out.tfevents.1768387349.master-192-168-8-48.1680.9,mlp.fc2.lora_B,5
1768387728.3854318,609,19.0625,0.23836320638656616,Grad/mlp.fc2.lora_B,outputs_dev/vitb16/T=vtab_Q=3bit_L=lora_2_qkv-fc1-proj-fc2/cifar/20260114184203_default_acc=53.50/tensorboard/Grad_mlp.fc2.lora_B_block_5/events.out.tfevents.1768387349.master-192-168-8-48.1680.9,mlp.fc2.lora_B,5
1768387728.8296273,610,19.09375,0.28101691603660583,Grad/mlp.fc2.lora_B,outputs_dev/vitb16/T=vtab_Q=3bit_L=lora_2_qkv-fc1-proj-fc2/cifar/20260114184203_default_acc=53.50/tensorboard/Grad_mlp.fc2.lora_B_block_5/events.out.tfevents.1768387349.master-192-168-8-48.1680.9,mlp.fc2.lora_B,5
1768387729.2605383,611,19.125,0.26150262355804443,Grad/mlp.fc2.lora_B,outputs_dev/vitb16/T=vtab_Q=3bit_L=lora_2_qkv-fc1-proj-fc2/cifar/20260114184203_default_acc=53.50/tensorboard/Grad_mlp.fc2.lora_B_block_5/events.out.tfevents.1768387349.master-192-168-8-48.1680.9,mlp.fc2.lora_B,5
1768387729.6853807,612,19.15625,0.2380143702030182,Grad/mlp.fc2.lora_B,outputs_dev/vitb16/T=vtab_Q=3bit_L=lora_2_qkv-fc1-proj-fc2/cifar/20260114184203_default_acc=53.50/tensorboard/Grad_mlp.fc2.lora_B_block_5/events.out.tfevents.1768387349.master-192-168-8-48.1680.9,mlp.fc2.lora_B,5
1768387730.1135385,613,19.1875,0.30354467034339905,Grad/mlp.fc2.lora_B,outputs_dev/vitb16/T=vtab_Q=3bit_L=lora_2_qkv-fc1-proj-fc2/cifar/20260114184203_default_acc=53.50/tensorboard/Grad_mlp.fc2.lora_B_block_5/events.out.tfevents.1768387349.master-192-168-8-48.1680.9,mlp.fc2.lora_B,5
1768387730.5391057,614,19.21875,0.2718253433704376,Grad/mlp.fc2.lora_B,outputs_dev/vitb16/T=vtab_Q=3bit_L=lora_2_qkv-fc1-proj-fc2/cifar/20260114184203_default_acc=53.50/tensorboard/Grad_mlp.fc2.lora_B_block_5/events.out.tfevents.1768387349.master-192-168-8-48.1680.9,mlp.fc2.lora_B,5
1768387730.9669743,615,19.25,0.22427998483181,Grad/mlp.fc2.lora_B,outputs_dev/vitb16/T=vtab_Q=3bit_L=lora_2_qkv-fc1-proj-fc2/cifar/20260114184203_default_acc=53.50/tensorboard/Grad_mlp.fc2.lora_B_block_5/events.out.tfevents.1768387349.master-192-168-8-48.1680.9,mlp.fc2.lora_B,5
1768387731.3998623,616,19.28125,0.22376085817813873,Grad/mlp.fc2.lora_B,outputs_dev/vitb16/T=vtab_Q=3bit_L=lora_2_qkv-fc1-proj-fc2/cifar/20260114184203_default_acc=53.50/tensorboard/Grad_mlp.fc2.lora_B_block_5/events.out.tfevents.1768387349.master-192-168-8-48.1680.9,mlp.fc2.lora_B,5
1768387731.817684,617,19.3125,0.2155841588973999,Grad/mlp.fc2.lora_B,outputs_dev/vitb16/T=vtab_Q=3bit_L=lora_2_qkv-fc1-proj-fc2/cifar/20260114184203_default_acc=53.50/tensorboard/Grad_mlp.fc2.lora_B_block_5/events.out.tfevents.1768387349.master-192-168-8-48.1680.9,mlp.fc2.lora_B,5
1768387732.2446663,618,19.34375,0.32559478282928467,Grad/mlp.fc2.lora_B,outputs_dev/vitb16/T=vtab_Q=3bit_L=lora_2_qkv-fc1-proj-fc2/cifar/20260114184203_default_acc=53.50/tensorboard/Grad_mlp.fc2.lora_B_block_5/events.out.tfevents.1768387349.master-192-168-8-48.1680.9,mlp.fc2.lora_B,5
1768387732.6762488,619,19.375,0.29985320568084717,Grad/mlp.fc2.lora_B,outputs_dev/vitb16/T=vtab_Q=3bit_L=lora_2_qkv-fc1-proj-fc2/cifar/20260114184203_default_acc=53.50/tensorboard/Grad_mlp.fc2.lora_B_block_5/events.out.tfevents.1768387349.master-192-168-8-48.1680.9,mlp.fc2.lora_B,5
1768387733.1061914,620,19.40625,0.26948896050453186,Grad/mlp.fc2.lora_B,outputs_dev/vitb16/T=vtab_Q=3bit_L=lora_2_qkv-fc1-proj-fc2/cifar/20260114184203_default_acc=53.50/tensorboard/Grad_mlp.fc2.lora_B_block_5/events.out.tfevents.1768387349.master-192-168-8-48.1680.9,mlp.fc2.lora_B,5
1768387733.5473948,621,19.4375,0.25650766491889954,Grad/mlp.fc2.lora_B,outputs_dev/vitb16/T=vtab_Q=3bit_L=lora_2_qkv-fc1-proj-fc2/cifar/20260114184203_default_acc=53.50/tensorboard/Grad_mlp.fc2.lora_B_block_5/events.out.tfevents.1768387349.master-192-168-8-48.1680.9,mlp.fc2.lora_B,5
1768387733.978579,622,19.46875,0.22157889604568481,Grad/mlp.fc2.lora_B,outputs_dev/vitb16/T=vtab_Q=3bit_L=lora_2_qkv-fc1-proj-fc2/cifar/20260114184203_default_acc=53.50/tensorboard/Grad_mlp.fc2.lora_B_block_5/events.out.tfevents.1768387349.master-192-168-8-48.1680.9,mlp.fc2.lora_B,5
1768387734.4081397,623,19.5,0.26657360792160034,Grad/mlp.fc2.lora_B,outputs_dev/vitb16/T=vtab_Q=3bit_L=lora_2_qkv-fc1-proj-fc2/cifar/20260114184203_default_acc=53.50/tensorboard/Grad_mlp.fc2.lora_B_block_5/events.out.tfevents.1768387349.master-192-168-8-48.1680.9,mlp.fc2.lora_B,5
1768387734.8553731,624,19.53125,0.3441254198551178,Grad/mlp.fc2.lora_B,outputs_dev/vitb16/T=vtab_Q=3bit_L=lora_2_qkv-fc1-proj-fc2/cifar/20260114184203_default_acc=53.50/tensorboard/Grad_mlp.fc2.lora_B_block_5/events.out.tfevents.1768387349.master-192-168-8-48.1680.9,mlp.fc2.lora_B,5
1768387735.2849088,625,19.5625,0.30229002237319946,Grad/mlp.fc2.lora_B,outputs_dev/vitb16/T=vtab_Q=3bit_L=lora_2_qkv-fc1-proj-fc2/cifar/20260114184203_default_acc=53.50/tensorboard/Grad_mlp.fc2.lora_B_block_5/events.out.tfevents.1768387349.master-192-168-8-48.1680.9,mlp.fc2.lora_B,5
1768387735.7141852,626,19.59375,0.2640785574913025,Grad/mlp.fc2.lora_B,outputs_dev/vitb16/T=vtab_Q=3bit_L=lora_2_qkv-fc1-proj-fc2/cifar/20260114184203_default_acc=53.50/tensorboard/Grad_mlp.fc2.lora_B_block_5/events.out.tfevents.1768387349.master-192-168-8-48.1680.9,mlp.fc2.lora_B,5
1768387736.1427965,627,19.625,0.5298263430595398,Grad/mlp.fc2.lora_B,outputs_dev/vitb16/T=vtab_Q=3bit_L=lora_2_qkv-fc1-proj-fc2/cifar/20260114184203_default_acc=53.50/tensorboard/Grad_mlp.fc2.lora_B_block_5/events.out.tfevents.1768387349.master-192-168-8-48.1680.9,mlp.fc2.lora_B,5
1768387736.570512,628,19.65625,0.3069427013397217,Grad/mlp.fc2.lora_B,outputs_dev/vitb16/T=vtab_Q=3bit_L=lora_2_qkv-fc1-proj-fc2/cifar/20260114184203_default_acc=53.50/tensorboard/Grad_mlp.fc2.lora_B_block_5/events.out.tfevents.1768387349.master-192-168-8-48.1680.9,mlp.fc2.lora_B,5
1768387737.0030437,629,19.6875,0.2827500104904175,Grad/mlp.fc2.lora_B,outputs_dev/vitb16/T=vtab_Q=3bit_L=lora_2_qkv-fc1-proj-fc2/cifar/20260114184203_default_acc=53.50/tensorboard/Grad_mlp.fc2.lora_B_block_5/events.out.tfevents.1768387349.master-192-168-8-48.1680.9,mlp.fc2.lora_B,5
1768387737.4335537,630,19.71875,0.3504594564437866,Grad/mlp.fc2.lora_B,outputs_dev/vitb16/T=vtab_Q=3bit_L=lora_2_qkv-fc1-proj-fc2/cifar/20260114184203_default_acc=53.50/tensorboard/Grad_mlp.fc2.lora_B_block_5/events.out.tfevents.1768387349.master-192-168-8-48.1680.9,mlp.fc2.lora_B,5
1768387737.8629377,631,19.75,0.27825263142585754,Grad/mlp.fc2.lora_B,outputs_dev/vitb16/T=vtab_Q=3bit_L=lora_2_qkv-fc1-proj-fc2/cifar/20260114184203_default_acc=53.50/tensorboard/Grad_mlp.fc2.lora_B_block_5/events.out.tfevents.1768387349.master-192-168-8-48.1680.9,mlp.fc2.lora_B,5
1768387738.2892838,632,19.78125,0.4007345139980316,Grad/mlp.fc2.lora_B,outputs_dev/vitb16/T=vtab_Q=3bit_L=lora_2_qkv-fc1-proj-fc2/cifar/20260114184203_default_acc=53.50/tensorboard/Grad_mlp.fc2.lora_B_block_5/events.out.tfevents.1768387349.master-192-168-8-48.1680.9,mlp.fc2.lora_B,5
1768387738.71799,633,19.8125,0.3691609799861908,Grad/mlp.fc2.lora_B,outputs_dev/vitb16/T=vtab_Q=3bit_L=lora_2_qkv-fc1-proj-fc2/cifar/20260114184203_default_acc=53.50/tensorboard/Grad_mlp.fc2.lora_B_block_5/events.out.tfevents.1768387349.master-192-168-8-48.1680.9,mlp.fc2.lora_B,5
1768387739.145945,634,19.84375,0.25779011845588684,Grad/mlp.fc2.lora_B,outputs_dev/vitb16/T=vtab_Q=3bit_L=lora_2_qkv-fc1-proj-fc2/cifar/20260114184203_default_acc=53.50/tensorboard/Grad_mlp.fc2.lora_B_block_5/events.out.tfevents.1768387349.master-192-168-8-48.1680.9,mlp.fc2.lora_B,5
1768387739.574185,635,19.875,0.25955334305763245,Grad/mlp.fc2.lora_B,outputs_dev/vitb16/T=vtab_Q=3bit_L=lora_2_qkv-fc1-proj-fc2/cifar/20260114184203_default_acc=53.50/tensorboard/Grad_mlp.fc2.lora_B_block_5/events.out.tfevents.1768387349.master-192-168-8-48.1680.9,mlp.fc2.lora_B,5
1768387740.002212,636,19.90625,0.3571770191192627,Grad/mlp.fc2.lora_B,outputs_dev/vitb16/T=vtab_Q=3bit_L=lora_2_qkv-fc1-proj-fc2/cifar/20260114184203_default_acc=53.50/tensorboard/Grad_mlp.fc2.lora_B_block_5/events.out.tfevents.1768387349.master-192-168-8-48.1680.9,mlp.fc2.lora_B,5
1768387740.4311974,637,19.9375,0.26808643341064453,Grad/mlp.fc2.lora_B,outputs_dev/vitb16/T=vtab_Q=3bit_L=lora_2_qkv-fc1-proj-fc2/cifar/20260114184203_default_acc=53.50/tensorboard/Grad_mlp.fc2.lora_B_block_5/events.out.tfevents.1768387349.master-192-168-8-48.1680.9,mlp.fc2.lora_B,5
1768387740.8619003,638,19.96875,0.2651815414428711,Grad/mlp.fc2.lora_B,outputs_dev/vitb16/T=vtab_Q=3bit_L=lora_2_qkv-fc1-proj-fc2/cifar/20260114184203_default_acc=53.50/tensorboard/Grad_mlp.fc2.lora_B_block_5/events.out.tfevents.1768387349.master-192-168-8-48.1680.9,mlp.fc2.lora_B,5
1768387741.0803568,639,20.0,0.41873079538345337,Grad/mlp.fc2.lora_B,outputs_dev/vitb16/T=vtab_Q=3bit_L=lora_2_qkv-fc1-proj-fc2/cifar/20260114184203_default_acc=53.50/tensorboard/Grad_mlp.fc2.lora_B_block_5/events.out.tfevents.1768387349.master-192-168-8-48.1680.9,mlp.fc2.lora_B,5
1768387741.794883,640,20.03125,0.31414246559143066,Grad/mlp.fc2.lora_B,outputs_dev/vitb16/T=vtab_Q=3bit_L=lora_2_qkv-fc1-proj-fc2/cifar/20260114184203_default_acc=53.50/tensorboard/Grad_mlp.fc2.lora_B_block_5/events.out.tfevents.1768387349.master-192-168-8-48.1680.9,mlp.fc2.lora_B,5
1768387742.2251446,641,20.0625,0.3730563521385193,Grad/mlp.fc2.lora_B,outputs_dev/vitb16/T=vtab_Q=3bit_L=lora_2_qkv-fc1-proj-fc2/cifar/20260114184203_default_acc=53.50/tensorboard/Grad_mlp.fc2.lora_B_block_5/events.out.tfevents.1768387349.master-192-168-8-48.1680.9,mlp.fc2.lora_B,5
1768387742.653513,642,20.09375,0.31283843517303467,Grad/mlp.fc2.lora_B,outputs_dev/vitb16/T=vtab_Q=3bit_L=lora_2_qkv-fc1-proj-fc2/cifar/20260114184203_default_acc=53.50/tensorboard/Grad_mlp.fc2.lora_B_block_5/events.out.tfevents.1768387349.master-192-168-8-48.1680.9,mlp.fc2.lora_B,5
1768387743.0790372,643,20.125,0.23766173422336578,Grad/mlp.fc2.lora_B,outputs_dev/vitb16/T=vtab_Q=3bit_L=lora_2_qkv-fc1-proj-fc2/cifar/20260114184203_default_acc=53.50/tensorboard/Grad_mlp.fc2.lora_B_block_5/events.out.tfevents.1768387349.master-192-168-8-48.1680.9,mlp.fc2.lora_B,5
1768387743.506522,644,20.15625,0.3402484357357025,Grad/mlp.fc2.lora_B,outputs_dev/vitb16/T=vtab_Q=3bit_L=lora_2_qkv-fc1-proj-fc2/cifar/20260114184203_default_acc=53.50/tensorboard/Grad_mlp.fc2.lora_B_block_5/events.out.tfevents.1768387349.master-192-168-8-48.1680.9,mlp.fc2.lora_B,5
1768387743.960477,645,20.1875,0.16045035421848297,Grad/mlp.fc2.lora_B,outputs_dev/vitb16/T=vtab_Q=3bit_L=lora_2_qkv-fc1-proj-fc2/cifar/20260114184203_default_acc=53.50/tensorboard/Grad_mlp.fc2.lora_B_block_5/events.out.tfevents.1768387349.master-192-168-8-48.1680.9,mlp.fc2.lora_B,5
1768387744.4049706,646,20.21875,0.24216637015342712,Grad/mlp.fc2.lora_B,outputs_dev/vitb16/T=vtab_Q=3bit_L=lora_2_qkv-fc1-proj-fc2/cifar/20260114184203_default_acc=53.50/tensorboard/Grad_mlp.fc2.lora_B_block_5/events.out.tfevents.1768387349.master-192-168-8-48.1680.9,mlp.fc2.lora_B,5
1768387744.8332996,647,20.25,0.3255802094936371,Grad/mlp.fc2.lora_B,outputs_dev/vitb16/T=vtab_Q=3bit_L=lora_2_qkv-fc1-proj-fc2/cifar/20260114184203_default_acc=53.50/tensorboard/Grad_mlp.fc2.lora_B_block_5/events.out.tfevents.1768387349.master-192-168-8-48.1680.9,mlp.fc2.lora_B,5
1768387745.2668014,648,20.28125,0.2846549451351166,Grad/mlp.fc2.lora_B,outputs_dev/vitb16/T=vtab_Q=3bit_L=lora_2_qkv-fc1-proj-fc2/cifar/20260114184203_default_acc=53.50/tensorboard/Grad_mlp.fc2.lora_B_block_5/events.out.tfevents.1768387349.master-192-168-8-48.1680.9,mlp.fc2.lora_B,5
1768387745.7047198,649,20.3125,0.31379812955856323,Grad/mlp.fc2.lora_B,outputs_dev/vitb16/T=vtab_Q=3bit_L=lora_2_qkv-fc1-proj-fc2/cifar/20260114184203_default_acc=53.50/tensorboard/Grad_mlp.fc2.lora_B_block_5/events.out.tfevents.1768387349.master-192-168-8-48.1680.9,mlp.fc2.lora_B,5
1768387746.1346133,650,20.34375,0.437175452709198,Grad/mlp.fc2.lora_B,outputs_dev/vitb16/T=vtab_Q=3bit_L=lora_2_qkv-fc1-proj-fc2/cifar/20260114184203_default_acc=53.50/tensorboard/Grad_mlp.fc2.lora_B_block_5/events.out.tfevents.1768387349.master-192-168-8-48.1680.9,mlp.fc2.lora_B,5
1768387746.565445,651,20.375,0.16087180376052856,Grad/mlp.fc2.lora_B,outputs_dev/vitb16/T=vtab_Q=3bit_L=lora_2_qkv-fc1-proj-fc2/cifar/20260114184203_default_acc=53.50/tensorboard/Grad_mlp.fc2.lora_B_block_5/events.out.tfevents.1768387349.master-192-168-8-48.1680.9,mlp.fc2.lora_B,5
1768387746.9960759,652,20.40625,0.2279367744922638,Grad/mlp.fc2.lora_B,outputs_dev/vitb16/T=vtab_Q=3bit_L=lora_2_qkv-fc1-proj-fc2/cifar/20260114184203_default_acc=53.50/tensorboard/Grad_mlp.fc2.lora_B_block_5/events.out.tfevents.1768387349.master-192-168-8-48.1680.9,mlp.fc2.lora_B,5
1768387747.4259007,653,20.4375,0.5015859603881836,Grad/mlp.fc2.lora_B,outputs_dev/vitb16/T=vtab_Q=3bit_L=lora_2_qkv-fc1-proj-fc2/cifar/20260114184203_default_acc=53.50/tensorboard/Grad_mlp.fc2.lora_B_block_5/events.out.tfevents.1768387349.master-192-168-8-48.1680.9,mlp.fc2.lora_B,5
1768387747.8601687,654,20.46875,0.16938333213329315,Grad/mlp.fc2.lora_B,outputs_dev/vitb16/T=vtab_Q=3bit_L=lora_2_qkv-fc1-proj-fc2/cifar/20260114184203_default_acc=53.50/tensorboard/Grad_mlp.fc2.lora_B_block_5/events.out.tfevents.1768387349.master-192-168-8-48.1680.9,mlp.fc2.lora_B,5
1768387748.2870626,655,20.5,0.20534753799438477,Grad/mlp.fc2.lora_B,outputs_dev/vitb16/T=vtab_Q=3bit_L=lora_2_qkv-fc1-proj-fc2/cifar/20260114184203_default_acc=53.50/tensorboard/Grad_mlp.fc2.lora_B_block_5/events.out.tfevents.1768387349.master-192-168-8-48.1680.9,mlp.fc2.lora_B,5
1768387748.726339,656,20.53125,0.50896817445755,Grad/mlp.fc2.lora_B,outputs_dev/vitb16/T=vtab_Q=3bit_L=lora_2_qkv-fc1-proj-fc2/cifar/20260114184203_default_acc=53.50/tensorboard/Grad_mlp.fc2.lora_B_block_5/events.out.tfevents.1768387349.master-192-168-8-48.1680.9,mlp.fc2.lora_B,5
1768387749.1573725,657,20.5625,0.18969963490962982,Grad/mlp.fc2.lora_B,outputs_dev/vitb16/T=vtab_Q=3bit_L=lora_2_qkv-fc1-proj-fc2/cifar/20260114184203_default_acc=53.50/tensorboard/Grad_mlp.fc2.lora_B_block_5/events.out.tfevents.1768387349.master-192-168-8-48.1680.9,mlp.fc2.lora_B,5
1768387749.6031024,658,20.59375,0.2604930102825165,Grad/mlp.fc2.lora_B,outputs_dev/vitb16/T=vtab_Q=3bit_L=lora_2_qkv-fc1-proj-fc2/cifar/20260114184203_default_acc=53.50/tensorboard/Grad_mlp.fc2.lora_B_block_5/events.out.tfevents.1768387349.master-192-168-8-48.1680.9,mlp.fc2.lora_B,5
1768387750.0506296,659,20.625,0.23433427512645721,Grad/mlp.fc2.lora_B,outputs_dev/vitb16/T=vtab_Q=3bit_L=lora_2_qkv-fc1-proj-fc2/cifar/20260114184203_default_acc=53.50/tensorboard/Grad_mlp.fc2.lora_B_block_5/events.out.tfevents.1768387349.master-192-168-8-48.1680.9,mlp.fc2.lora_B,5
1768387750.482129,660,20.65625,0.1934065967798233,Grad/mlp.fc2.lora_B,outputs_dev/vitb16/T=vtab_Q=3bit_L=lora_2_qkv-fc1-proj-fc2/cifar/20260114184203_default_acc=53.50/tensorboard/Grad_mlp.fc2.lora_B_block_5/events.out.tfevents.1768387349.master-192-168-8-48.1680.9,mlp.fc2.lora_B,5
1768387750.913369,661,20.6875,0.24256350100040436,Grad/mlp.fc2.lora_B,outputs_dev/vitb16/T=vtab_Q=3bit_L=lora_2_qkv-fc1-proj-fc2/cifar/20260114184203_default_acc=53.50/tensorboard/Grad_mlp.fc2.lora_B_block_5/events.out.tfevents.1768387349.master-192-168-8-48.1680.9,mlp.fc2.lora_B,5
1768387751.3416097,662,20.71875,0.17669068276882172,Grad/mlp.fc2.lora_B,outputs_dev/vitb16/T=vtab_Q=3bit_L=lora_2_qkv-fc1-proj-fc2/cifar/20260114184203_default_acc=53.50/tensorboard/Grad_mlp.fc2.lora_B_block_5/events.out.tfevents.1768387349.master-192-168-8-48.1680.9,mlp.fc2.lora_B,5
1768387751.8023007,663,20.75,0.2821353077888489,Grad/mlp.fc2.lora_B,outputs_dev/vitb16/T=vtab_Q=3bit_L=lora_2_qkv-fc1-proj-fc2/cifar/20260114184203_default_acc=53.50/tensorboard/Grad_mlp.fc2.lora_B_block_5/events.out.tfevents.1768387349.master-192-168-8-48.1680.9,mlp.fc2.lora_B,5
1768387752.2279856,664,20.78125,0.17222502827644348,Grad/mlp.fc2.lora_B,outputs_dev/vitb16/T=vtab_Q=3bit_L=lora_2_qkv-fc1-proj-fc2/cifar/20260114184203_default_acc=53.50/tensorboard/Grad_mlp.fc2.lora_B_block_5/events.out.tfevents.1768387349.master-192-168-8-48.1680.9,mlp.fc2.lora_B,5
1768387752.6665027,665,20.8125,0.21201953291893005,Grad/mlp.fc2.lora_B,outputs_dev/vitb16/T=vtab_Q=3bit_L=lora_2_qkv-fc1-proj-fc2/cifar/20260114184203_default_acc=53.50/tensorboard/Grad_mlp.fc2.lora_B_block_5/events.out.tfevents.1768387349.master-192-168-8-48.1680.9,mlp.fc2.lora_B,5
1768387753.0896513,666,20.84375,0.21777571737766266,Grad/mlp.fc2.lora_B,outputs_dev/vitb16/T=vtab_Q=3bit_L=lora_2_qkv-fc1-proj-fc2/cifar/20260114184203_default_acc=53.50/tensorboard/Grad_mlp.fc2.lora_B_block_5/events.out.tfevents.1768387349.master-192-168-8-48.1680.9,mlp.fc2.lora_B,5
1768387753.5241451,667,20.875,0.2909298539161682,Grad/mlp.fc2.lora_B,outputs_dev/vitb16/T=vtab_Q=3bit_L=lora_2_qkv-fc1-proj-fc2/cifar/20260114184203_default_acc=53.50/tensorboard/Grad_mlp.fc2.lora_B_block_5/events.out.tfevents.1768387349.master-192-168-8-48.1680.9,mlp.fc2.lora_B,5
1768387753.9604983,668,20.90625,0.38017216324806213,Grad/mlp.fc2.lora_B,outputs_dev/vitb16/T=vtab_Q=3bit_L=lora_2_qkv-fc1-proj-fc2/cifar/20260114184203_default_acc=53.50/tensorboard/Grad_mlp.fc2.lora_B_block_5/events.out.tfevents.1768387349.master-192-168-8-48.1680.9,mlp.fc2.lora_B,5
1768387754.3965573,669,20.9375,0.18281802535057068,Grad/mlp.fc2.lora_B,outputs_dev/vitb16/T=vtab_Q=3bit_L=lora_2_qkv-fc1-proj-fc2/cifar/20260114184203_default_acc=53.50/tensorboard/Grad_mlp.fc2.lora_B_block_5/events.out.tfevents.1768387349.master-192-168-8-48.1680.9,mlp.fc2.lora_B,5
1768387754.8204863,670,20.96875,0.21859507262706757,Grad/mlp.fc2.lora_B,outputs_dev/vitb16/T=vtab_Q=3bit_L=lora_2_qkv-fc1-proj-fc2/cifar/20260114184203_default_acc=53.50/tensorboard/Grad_mlp.fc2.lora_B_block_5/events.out.tfevents.1768387349.master-192-168-8-48.1680.9,mlp.fc2.lora_B,5
1768387755.0278428,671,21.0,0.4497653841972351,Grad/mlp.fc2.lora_B,outputs_dev/vitb16/T=vtab_Q=3bit_L=lora_2_qkv-fc1-proj-fc2/cifar/20260114184203_default_acc=53.50/tensorboard/Grad_mlp.fc2.lora_B_block_5/events.out.tfevents.1768387349.master-192-168-8-48.1680.9,mlp.fc2.lora_B,5
1768387795.790312,672,21.03125,0.1846272349357605,Grad/mlp.fc2.lora_B,outputs_dev/vitb16/T=vtab_Q=3bit_L=lora_2_qkv-fc1-proj-fc2/cifar/20260114184203_default_acc=53.50/tensorboard/Grad_mlp.fc2.lora_B_block_5/events.out.tfevents.1768387349.master-192-168-8-48.1680.9,mlp.fc2.lora_B,5
1768387796.2160583,673,21.0625,0.25777530670166016,Grad/mlp.fc2.lora_B,outputs_dev/vitb16/T=vtab_Q=3bit_L=lora_2_qkv-fc1-proj-fc2/cifar/20260114184203_default_acc=53.50/tensorboard/Grad_mlp.fc2.lora_B_block_5/events.out.tfevents.1768387349.master-192-168-8-48.1680.9,mlp.fc2.lora_B,5
1768387796.6468487,674,21.09375,0.2752944231033325,Grad/mlp.fc2.lora_B,outputs_dev/vitb16/T=vtab_Q=3bit_L=lora_2_qkv-fc1-proj-fc2/cifar/20260114184203_default_acc=53.50/tensorboard/Grad_mlp.fc2.lora_B_block_5/events.out.tfevents.1768387349.master-192-168-8-48.1680.9,mlp.fc2.lora_B,5
1768387797.0723827,675,21.125,0.1849103569984436,Grad/mlp.fc2.lora_B,outputs_dev/vitb16/T=vtab_Q=3bit_L=lora_2_qkv-fc1-proj-fc2/cifar/20260114184203_default_acc=53.50/tensorboard/Grad_mlp.fc2.lora_B_block_5/events.out.tfevents.1768387349.master-192-168-8-48.1680.9,mlp.fc2.lora_B,5
1768387797.4976938,676,21.15625,0.26400893926620483,Grad/mlp.fc2.lora_B,outputs_dev/vitb16/T=vtab_Q=3bit_L=lora_2_qkv-fc1-proj-fc2/cifar/20260114184203_default_acc=53.50/tensorboard/Grad_mlp.fc2.lora_B_block_5/events.out.tfevents.1768387349.master-192-168-8-48.1680.9,mlp.fc2.lora_B,5
1768387797.924005,677,21.1875,0.4173066020011902,Grad/mlp.fc2.lora_B,outputs_dev/vitb16/T=vtab_Q=3bit_L=lora_2_qkv-fc1-proj-fc2/cifar/20260114184203_default_acc=53.50/tensorboard/Grad_mlp.fc2.lora_B_block_5/events.out.tfevents.1768387349.master-192-168-8-48.1680.9,mlp.fc2.lora_B,5
1768387798.3592231,678,21.21875,0.3125554025173187,Grad/mlp.fc2.lora_B,outputs_dev/vitb16/T=vtab_Q=3bit_L=lora_2_qkv-fc1-proj-fc2/cifar/20260114184203_default_acc=53.50/tensorboard/Grad_mlp.fc2.lora_B_block_5/events.out.tfevents.1768387349.master-192-168-8-48.1680.9,mlp.fc2.lora_B,5
1768387798.794256,679,21.25,0.28301769495010376,Grad/mlp.fc2.lora_B,outputs_dev/vitb16/T=vtab_Q=3bit_L=lora_2_qkv-fc1-proj-fc2/cifar/20260114184203_default_acc=53.50/tensorboard/Grad_mlp.fc2.lora_B_block_5/events.out.tfevents.1768387349.master-192-168-8-48.1680.9,mlp.fc2.lora_B,5
1768387799.2206285,680,21.28125,0.3304438889026642,Grad/mlp.fc2.lora_B,outputs_dev/vitb16/T=vtab_Q=3bit_L=lora_2_qkv-fc1-proj-fc2/cifar/20260114184203_default_acc=53.50/tensorboard/Grad_mlp.fc2.lora_B_block_5/events.out.tfevents.1768387349.master-192-168-8-48.1680.9,mlp.fc2.lora_B,5
1768387799.6658843,681,21.3125,0.33221200108528137,Grad/mlp.fc2.lora_B,outputs_dev/vitb16/T=vtab_Q=3bit_L=lora_2_qkv-fc1-proj-fc2/cifar/20260114184203_default_acc=53.50/tensorboard/Grad_mlp.fc2.lora_B_block_5/events.out.tfevents.1768387349.master-192-168-8-48.1680.9,mlp.fc2.lora_B,5
1768387800.0935261,682,21.34375,0.26535820960998535,Grad/mlp.fc2.lora_B,outputs_dev/vitb16/T=vtab_Q=3bit_L=lora_2_qkv-fc1-proj-fc2/cifar/20260114184203_default_acc=53.50/tensorboard/Grad_mlp.fc2.lora_B_block_5/events.out.tfevents.1768387349.master-192-168-8-48.1680.9,mlp.fc2.lora_B,5
1768387800.5208938,683,21.375,0.2624829113483429,Grad/mlp.fc2.lora_B,outputs_dev/vitb16/T=vtab_Q=3bit_L=lora_2_qkv-fc1-proj-fc2/cifar/20260114184203_default_acc=53.50/tensorboard/Grad_mlp.fc2.lora_B_block_5/events.out.tfevents.1768387349.master-192-168-8-48.1680.9,mlp.fc2.lora_B,5
1768387800.9457865,684,21.40625,0.27758508920669556,Grad/mlp.fc2.lora_B,outputs_dev/vitb16/T=vtab_Q=3bit_L=lora_2_qkv-fc1-proj-fc2/cifar/20260114184203_default_acc=53.50/tensorboard/Grad_mlp.fc2.lora_B_block_5/events.out.tfevents.1768387349.master-192-168-8-48.1680.9,mlp.fc2.lora_B,5
1768387801.3719106,685,21.4375,0.3950138986110687,Grad/mlp.fc2.lora_B,outputs_dev/vitb16/T=vtab_Q=3bit_L=lora_2_qkv-fc1-proj-fc2/cifar/20260114184203_default_acc=53.50/tensorboard/Grad_mlp.fc2.lora_B_block_5/events.out.tfevents.1768387349.master-192-168-8-48.1680.9,mlp.fc2.lora_B,5
1768387801.7944036,686,21.46875,0.2847026586532593,Grad/mlp.fc2.lora_B,outputs_dev/vitb16/T=vtab_Q=3bit_L=lora_2_qkv-fc1-proj-fc2/cifar/20260114184203_default_acc=53.50/tensorboard/Grad_mlp.fc2.lora_B_block_5/events.out.tfevents.1768387349.master-192-168-8-48.1680.9,mlp.fc2.lora_B,5
1768387802.2198524,687,21.5,0.2069973647594452,Grad/mlp.fc2.lora_B,outputs_dev/vitb16/T=vtab_Q=3bit_L=lora_2_qkv-fc1-proj-fc2/cifar/20260114184203_default_acc=53.50/tensorboard/Grad_mlp.fc2.lora_B_block_5/events.out.tfevents.1768387349.master-192-168-8-48.1680.9,mlp.fc2.lora_B,5
1768387802.6438053,688,21.53125,0.18436811864376068,Grad/mlp.fc2.lora_B,outputs_dev/vitb16/T=vtab_Q=3bit_L=lora_2_qkv-fc1-proj-fc2/cifar/20260114184203_default_acc=53.50/tensorboard/Grad_mlp.fc2.lora_B_block_5/events.out.tfevents.1768387349.master-192-168-8-48.1680.9,mlp.fc2.lora_B,5
1768387803.0662186,689,21.5625,0.21627120673656464,Grad/mlp.fc2.lora_B,outputs_dev/vitb16/T=vtab_Q=3bit_L=lora_2_qkv-fc1-proj-fc2/cifar/20260114184203_default_acc=53.50/tensorboard/Grad_mlp.fc2.lora_B_block_5/events.out.tfevents.1768387349.master-192-168-8-48.1680.9,mlp.fc2.lora_B,5
1768387803.4907537,690,21.59375,0.2859644591808319,Grad/mlp.fc2.lora_B,outputs_dev/vitb16/T=vtab_Q=3bit_L=lora_2_qkv-fc1-proj-fc2/cifar/20260114184203_default_acc=53.50/tensorboard/Grad_mlp.fc2.lora_B_block_5/events.out.tfevents.1768387349.master-192-168-8-48.1680.9,mlp.fc2.lora_B,5
1768387803.9144244,691,21.625,0.26852938532829285,Grad/mlp.fc2.lora_B,outputs_dev/vitb16/T=vtab_Q=3bit_L=lora_2_qkv-fc1-proj-fc2/cifar/20260114184203_default_acc=53.50/tensorboard/Grad_mlp.fc2.lora_B_block_5/events.out.tfevents.1768387349.master-192-168-8-48.1680.9,mlp.fc2.lora_B,5
1768387804.3388915,692,21.65625,0.37464356422424316,Grad/mlp.fc2.lora_B,outputs_dev/vitb16/T=vtab_Q=3bit_L=lora_2_qkv-fc1-proj-fc2/cifar/20260114184203_default_acc=53.50/tensorboard/Grad_mlp.fc2.lora_B_block_5/events.out.tfevents.1768387349.master-192-168-8-48.1680.9,mlp.fc2.lora_B,5
1768387804.7636998,693,21.6875,0.2770305275917053,Grad/mlp.fc2.lora_B,outputs_dev/vitb16/T=vtab_Q=3bit_L=lora_2_qkv-fc1-proj-fc2/cifar/20260114184203_default_acc=53.50/tensorboard/Grad_mlp.fc2.lora_B_block_5/events.out.tfevents.1768387349.master-192-168-8-48.1680.9,mlp.fc2.lora_B,5
1768387805.1879494,694,21.71875,0.2625136375427246,Grad/mlp.fc2.lora_B,outputs_dev/vitb16/T=vtab_Q=3bit_L=lora_2_qkv-fc1-proj-fc2/cifar/20260114184203_default_acc=53.50/tensorboard/Grad_mlp.fc2.lora_B_block_5/events.out.tfevents.1768387349.master-192-168-8-48.1680.9,mlp.fc2.lora_B,5
1768387805.6119742,695,21.75,0.20808693766593933,Grad/mlp.fc2.lora_B,outputs_dev/vitb16/T=vtab_Q=3bit_L=lora_2_qkv-fc1-proj-fc2/cifar/20260114184203_default_acc=53.50/tensorboard/Grad_mlp.fc2.lora_B_block_5/events.out.tfevents.1768387349.master-192-168-8-48.1680.9,mlp.fc2.lora_B,5
1768387806.036559,696,21.78125,0.451843798160553,Grad/mlp.fc2.lora_B,outputs_dev/vitb16/T=vtab_Q=3bit_L=lora_2_qkv-fc1-proj-fc2/cifar/20260114184203_default_acc=53.50/tensorboard/Grad_mlp.fc2.lora_B_block_5/events.out.tfevents.1768387349.master-192-168-8-48.1680.9,mlp.fc2.lora_B,5
1768387806.4596636,697,21.8125,0.27219122648239136,Grad/mlp.fc2.lora_B,outputs_dev/vitb16/T=vtab_Q=3bit_L=lora_2_qkv-fc1-proj-fc2/cifar/20260114184203_default_acc=53.50/tensorboard/Grad_mlp.fc2.lora_B_block_5/events.out.tfevents.1768387349.master-192-168-8-48.1680.9,mlp.fc2.lora_B,5
1768387806.8869774,698,21.84375,0.33263179659843445,Grad/mlp.fc2.lora_B,outputs_dev/vitb16/T=vtab_Q=3bit_L=lora_2_qkv-fc1-proj-fc2/cifar/20260114184203_default_acc=53.50/tensorboard/Grad_mlp.fc2.lora_B_block_5/events.out.tfevents.1768387349.master-192-168-8-48.1680.9,mlp.fc2.lora_B,5
1768387807.3224094,699,21.875,0.39521336555480957,Grad/mlp.fc2.lora_B,outputs_dev/vitb16/T=vtab_Q=3bit_L=lora_2_qkv-fc1-proj-fc2/cifar/20260114184203_default_acc=53.50/tensorboard/Grad_mlp.fc2.lora_B_block_5/events.out.tfevents.1768387349.master-192-168-8-48.1680.9,mlp.fc2.lora_B,5
1768387807.7500265,700,21.90625,0.20893661677837372,Grad/mlp.fc2.lora_B,outputs_dev/vitb16/T=vtab_Q=3bit_L=lora_2_qkv-fc1-proj-fc2/cifar/20260114184203_default_acc=53.50/tensorboard/Grad_mlp.fc2.lora_B_block_5/events.out.tfevents.1768387349.master-192-168-8-48.1680.9,mlp.fc2.lora_B,5
1768387808.1762388,701,21.9375,0.19132910668849945,Grad/mlp.fc2.lora_B,outputs_dev/vitb16/T=vtab_Q=3bit_L=lora_2_qkv-fc1-proj-fc2/cifar/20260114184203_default_acc=53.50/tensorboard/Grad_mlp.fc2.lora_B_block_5/events.out.tfevents.1768387349.master-192-168-8-48.1680.9,mlp.fc2.lora_B,5
1768387808.6002944,702,21.96875,0.30810099840164185,Grad/mlp.fc2.lora_B,outputs_dev/vitb16/T=vtab_Q=3bit_L=lora_2_qkv-fc1-proj-fc2/cifar/20260114184203_default_acc=53.50/tensorboard/Grad_mlp.fc2.lora_B_block_5/events.out.tfevents.1768387349.master-192-168-8-48.1680.9,mlp.fc2.lora_B,5
1768387808.790899,703,22.0,0.5944892764091492,Grad/mlp.fc2.lora_B,outputs_dev/vitb16/T=vtab_Q=3bit_L=lora_2_qkv-fc1-proj-fc2/cifar/20260114184203_default_acc=53.50/tensorboard/Grad_mlp.fc2.lora_B_block_5/events.out.tfevents.1768387349.master-192-168-8-48.1680.9,mlp.fc2.lora_B,5
1768387809.613493,704,22.03125,0.19903162121772766,Grad/mlp.fc2.lora_B,outputs_dev/vitb16/T=vtab_Q=3bit_L=lora_2_qkv-fc1-proj-fc2/cifar/20260114184203_default_acc=53.50/tensorboard/Grad_mlp.fc2.lora_B_block_5/events.out.tfevents.1768387349.master-192-168-8-48.1680.9,mlp.fc2.lora_B,5
1768387810.055949,705,22.0625,0.23232395946979523,Grad/mlp.fc2.lora_B,outputs_dev/vitb16/T=vtab_Q=3bit_L=lora_2_qkv-fc1-proj-fc2/cifar/20260114184203_default_acc=53.50/tensorboard/Grad_mlp.fc2.lora_B_block_5/events.out.tfevents.1768387349.master-192-168-8-48.1680.9,mlp.fc2.lora_B,5
1768387810.5757532,706,22.09375,0.1738000512123108,Grad/mlp.fc2.lora_B,outputs_dev/vitb16/T=vtab_Q=3bit_L=lora_2_qkv-fc1-proj-fc2/cifar/20260114184203_default_acc=53.50/tensorboard/Grad_mlp.fc2.lora_B_block_5/events.out.tfevents.1768387349.master-192-168-8-48.1680.9,mlp.fc2.lora_B,5
1768387811.0012624,707,22.125,0.2673477232456207,Grad/mlp.fc2.lora_B,outputs_dev/vitb16/T=vtab_Q=3bit_L=lora_2_qkv-fc1-proj-fc2/cifar/20260114184203_default_acc=53.50/tensorboard/Grad_mlp.fc2.lora_B_block_5/events.out.tfevents.1768387349.master-192-168-8-48.1680.9,mlp.fc2.lora_B,5
1768387811.4252005,708,22.15625,0.1875249445438385,Grad/mlp.fc2.lora_B,outputs_dev/vitb16/T=vtab_Q=3bit_L=lora_2_qkv-fc1-proj-fc2/cifar/20260114184203_default_acc=53.50/tensorboard/Grad_mlp.fc2.lora_B_block_5/events.out.tfevents.1768387349.master-192-168-8-48.1680.9,mlp.fc2.lora_B,5
1768387811.8499095,709,22.1875,0.23240096867084503,Grad/mlp.fc2.lora_B,outputs_dev/vitb16/T=vtab_Q=3bit_L=lora_2_qkv-fc1-proj-fc2/cifar/20260114184203_default_acc=53.50/tensorboard/Grad_mlp.fc2.lora_B_block_5/events.out.tfevents.1768387349.master-192-168-8-48.1680.9,mlp.fc2.lora_B,5
1768387812.261721,710,22.21875,0.2700369954109192,Grad/mlp.fc2.lora_B,outputs_dev/vitb16/T=vtab_Q=3bit_L=lora_2_qkv-fc1-proj-fc2/cifar/20260114184203_default_acc=53.50/tensorboard/Grad_mlp.fc2.lora_B_block_5/events.out.tfevents.1768387349.master-192-168-8-48.1680.9,mlp.fc2.lora_B,5
1768387812.6898935,711,22.25,0.16359618306159973,Grad/mlp.fc2.lora_B,outputs_dev/vitb16/T=vtab_Q=3bit_L=lora_2_qkv-fc1-proj-fc2/cifar/20260114184203_default_acc=53.50/tensorboard/Grad_mlp.fc2.lora_B_block_5/events.out.tfevents.1768387349.master-192-168-8-48.1680.9,mlp.fc2.lora_B,5
1768387813.1308918,712,22.28125,0.33078470826148987,Grad/mlp.fc2.lora_B,outputs_dev/vitb16/T=vtab_Q=3bit_L=lora_2_qkv-fc1-proj-fc2/cifar/20260114184203_default_acc=53.50/tensorboard/Grad_mlp.fc2.lora_B_block_5/events.out.tfevents.1768387349.master-192-168-8-48.1680.9,mlp.fc2.lora_B,5
1768387813.5701284,713,22.3125,0.21667620539665222,Grad/mlp.fc2.lora_B,outputs_dev/vitb16/T=vtab_Q=3bit_L=lora_2_qkv-fc1-proj-fc2/cifar/20260114184203_default_acc=53.50/tensorboard/Grad_mlp.fc2.lora_B_block_5/events.out.tfevents.1768387349.master-192-168-8-48.1680.9,mlp.fc2.lora_B,5
1768387813.9938998,714,22.34375,0.30752792954444885,Grad/mlp.fc2.lora_B,outputs_dev/vitb16/T=vtab_Q=3bit_L=lora_2_qkv-fc1-proj-fc2/cifar/20260114184203_default_acc=53.50/tensorboard/Grad_mlp.fc2.lora_B_block_5/events.out.tfevents.1768387349.master-192-168-8-48.1680.9,mlp.fc2.lora_B,5
1768387814.418478,715,22.375,0.26497188210487366,Grad/mlp.fc2.lora_B,outputs_dev/vitb16/T=vtab_Q=3bit_L=lora_2_qkv-fc1-proj-fc2/cifar/20260114184203_default_acc=53.50/tensorboard/Grad_mlp.fc2.lora_B_block_5/events.out.tfevents.1768387349.master-192-168-8-48.1680.9,mlp.fc2.lora_B,5
1768387814.842189,716,22.40625,0.26292935013771057,Grad/mlp.fc2.lora_B,outputs_dev/vitb16/T=vtab_Q=3bit_L=lora_2_qkv-fc1-proj-fc2/cifar/20260114184203_default_acc=53.50/tensorboard/Grad_mlp.fc2.lora_B_block_5/events.out.tfevents.1768387349.master-192-168-8-48.1680.9,mlp.fc2.lora_B,5
1768387815.2656605,717,22.4375,0.1997208148241043,Grad/mlp.fc2.lora_B,outputs_dev/vitb16/T=vtab_Q=3bit_L=lora_2_qkv-fc1-proj-fc2/cifar/20260114184203_default_acc=53.50/tensorboard/Grad_mlp.fc2.lora_B_block_5/events.out.tfevents.1768387349.master-192-168-8-48.1680.9,mlp.fc2.lora_B,5
1768387815.690745,718,22.46875,0.17111021280288696,Grad/mlp.fc2.lora_B,outputs_dev/vitb16/T=vtab_Q=3bit_L=lora_2_qkv-fc1-proj-fc2/cifar/20260114184203_default_acc=53.50/tensorboard/Grad_mlp.fc2.lora_B_block_5/events.out.tfevents.1768387349.master-192-168-8-48.1680.9,mlp.fc2.lora_B,5
1768387816.1147223,719,22.5,0.2760820984840393,Grad/mlp.fc2.lora_B,outputs_dev/vitb16/T=vtab_Q=3bit_L=lora_2_qkv-fc1-proj-fc2/cifar/20260114184203_default_acc=53.50/tensorboard/Grad_mlp.fc2.lora_B_block_5/events.out.tfevents.1768387349.master-192-168-8-48.1680.9,mlp.fc2.lora_B,5
1768387816.5386686,720,22.53125,0.22063839435577393,Grad/mlp.fc2.lora_B,outputs_dev/vitb16/T=vtab_Q=3bit_L=lora_2_qkv-fc1-proj-fc2/cifar/20260114184203_default_acc=53.50/tensorboard/Grad_mlp.fc2.lora_B_block_5/events.out.tfevents.1768387349.master-192-168-8-48.1680.9,mlp.fc2.lora_B,5
1768387816.9625409,721,22.5625,0.19711320102214813,Grad/mlp.fc2.lora_B,outputs_dev/vitb16/T=vtab_Q=3bit_L=lora_2_qkv-fc1-proj-fc2/cifar/20260114184203_default_acc=53.50/tensorboard/Grad_mlp.fc2.lora_B_block_5/events.out.tfevents.1768387349.master-192-168-8-48.1680.9,mlp.fc2.lora_B,5
1768387817.3835928,722,22.59375,0.39665648341178894,Grad/mlp.fc2.lora_B,outputs_dev/vitb16/T=vtab_Q=3bit_L=lora_2_qkv-fc1-proj-fc2/cifar/20260114184203_default_acc=53.50/tensorboard/Grad_mlp.fc2.lora_B_block_5/events.out.tfevents.1768387349.master-192-168-8-48.1680.9,mlp.fc2.lora_B,5
1768387817.8073015,723,22.625,0.4571930468082428,Grad/mlp.fc2.lora_B,outputs_dev/vitb16/T=vtab_Q=3bit_L=lora_2_qkv-fc1-proj-fc2/cifar/20260114184203_default_acc=53.50/tensorboard/Grad_mlp.fc2.lora_B_block_5/events.out.tfevents.1768387349.master-192-168-8-48.1680.9,mlp.fc2.lora_B,5
1768387818.2315354,724,22.65625,0.12990610301494598,Grad/mlp.fc2.lora_B,outputs_dev/vitb16/T=vtab_Q=3bit_L=lora_2_qkv-fc1-proj-fc2/cifar/20260114184203_default_acc=53.50/tensorboard/Grad_mlp.fc2.lora_B_block_5/events.out.tfevents.1768387349.master-192-168-8-48.1680.9,mlp.fc2.lora_B,5
1768387818.6572092,725,22.6875,0.20052911341190338,Grad/mlp.fc2.lora_B,outputs_dev/vitb16/T=vtab_Q=3bit_L=lora_2_qkv-fc1-proj-fc2/cifar/20260114184203_default_acc=53.50/tensorboard/Grad_mlp.fc2.lora_B_block_5/events.out.tfevents.1768387349.master-192-168-8-48.1680.9,mlp.fc2.lora_B,5
1768387819.0810814,726,22.71875,0.2616194784641266,Grad/mlp.fc2.lora_B,outputs_dev/vitb16/T=vtab_Q=3bit_L=lora_2_qkv-fc1-proj-fc2/cifar/20260114184203_default_acc=53.50/tensorboard/Grad_mlp.fc2.lora_B_block_5/events.out.tfevents.1768387349.master-192-168-8-48.1680.9,mlp.fc2.lora_B,5
1768387819.5221534,727,22.75,0.21430297195911407,Grad/mlp.fc2.lora_B,outputs_dev/vitb16/T=vtab_Q=3bit_L=lora_2_qkv-fc1-proj-fc2/cifar/20260114184203_default_acc=53.50/tensorboard/Grad_mlp.fc2.lora_B_block_5/events.out.tfevents.1768387349.master-192-168-8-48.1680.9,mlp.fc2.lora_B,5
1768387819.9450178,728,22.78125,0.3891476094722748,Grad/mlp.fc2.lora_B,outputs_dev/vitb16/T=vtab_Q=3bit_L=lora_2_qkv-fc1-proj-fc2/cifar/20260114184203_default_acc=53.50/tensorboard/Grad_mlp.fc2.lora_B_block_5/events.out.tfevents.1768387349.master-192-168-8-48.1680.9,mlp.fc2.lora_B,5
1768387820.3664231,729,22.8125,0.18400056660175323,Grad/mlp.fc2.lora_B,outputs_dev/vitb16/T=vtab_Q=3bit_L=lora_2_qkv-fc1-proj-fc2/cifar/20260114184203_default_acc=53.50/tensorboard/Grad_mlp.fc2.lora_B_block_5/events.out.tfevents.1768387349.master-192-168-8-48.1680.9,mlp.fc2.lora_B,5
1768387820.7907352,730,22.84375,0.3666973114013672,Grad/mlp.fc2.lora_B,outputs_dev/vitb16/T=vtab_Q=3bit_L=lora_2_qkv-fc1-proj-fc2/cifar/20260114184203_default_acc=53.50/tensorboard/Grad_mlp.fc2.lora_B_block_5/events.out.tfevents.1768387349.master-192-168-8-48.1680.9,mlp.fc2.lora_B,5
1768387821.2120397,731,22.875,0.2744270861148834,Grad/mlp.fc2.lora_B,outputs_dev/vitb16/T=vtab_Q=3bit_L=lora_2_qkv-fc1-proj-fc2/cifar/20260114184203_default_acc=53.50/tensorboard/Grad_mlp.fc2.lora_B_block_5/events.out.tfevents.1768387349.master-192-168-8-48.1680.9,mlp.fc2.lora_B,5
1768387821.6387537,732,22.90625,0.30538490414619446,Grad/mlp.fc2.lora_B,outputs_dev/vitb16/T=vtab_Q=3bit_L=lora_2_qkv-fc1-proj-fc2/cifar/20260114184203_default_acc=53.50/tensorboard/Grad_mlp.fc2.lora_B_block_5/events.out.tfevents.1768387349.master-192-168-8-48.1680.9,mlp.fc2.lora_B,5
1768387822.0661197,733,22.9375,0.3033348023891449,Grad/mlp.fc2.lora_B,outputs_dev/vitb16/T=vtab_Q=3bit_L=lora_2_qkv-fc1-proj-fc2/cifar/20260114184203_default_acc=53.50/tensorboard/Grad_mlp.fc2.lora_B_block_5/events.out.tfevents.1768387349.master-192-168-8-48.1680.9,mlp.fc2.lora_B,5
1768387822.492212,734,22.96875,0.36808839440345764,Grad/mlp.fc2.lora_B,outputs_dev/vitb16/T=vtab_Q=3bit_L=lora_2_qkv-fc1-proj-fc2/cifar/20260114184203_default_acc=53.50/tensorboard/Grad_mlp.fc2.lora_B_block_5/events.out.tfevents.1768387349.master-192-168-8-48.1680.9,mlp.fc2.lora_B,5
1768387822.7224197,735,23.0,0.2717704772949219,Grad/mlp.fc2.lora_B,outputs_dev/vitb16/T=vtab_Q=3bit_L=lora_2_qkv-fc1-proj-fc2/cifar/20260114184203_default_acc=53.50/tensorboard/Grad_mlp.fc2.lora_B_block_5/events.out.tfevents.1768387349.master-192-168-8-48.1680.9,mlp.fc2.lora_B,5
1768387823.3186722,736,23.03125,0.2171768695116043,Grad/mlp.fc2.lora_B,outputs_dev/vitb16/T=vtab_Q=3bit_L=lora_2_qkv-fc1-proj-fc2/cifar/20260114184203_default_acc=53.50/tensorboard/Grad_mlp.fc2.lora_B_block_5/events.out.tfevents.1768387349.master-192-168-8-48.1680.9,mlp.fc2.lora_B,5
1768387823.7688508,737,23.0625,0.23138095438480377,Grad/mlp.fc2.lora_B,outputs_dev/vitb16/T=vtab_Q=3bit_L=lora_2_qkv-fc1-proj-fc2/cifar/20260114184203_default_acc=53.50/tensorboard/Grad_mlp.fc2.lora_B_block_5/events.out.tfevents.1768387349.master-192-168-8-48.1680.9,mlp.fc2.lora_B,5
1768387824.1920538,738,23.09375,0.26336848735809326,Grad/mlp.fc2.lora_B,outputs_dev/vitb16/T=vtab_Q=3bit_L=lora_2_qkv-fc1-proj-fc2/cifar/20260114184203_default_acc=53.50/tensorboard/Grad_mlp.fc2.lora_B_block_5/events.out.tfevents.1768387349.master-192-168-8-48.1680.9,mlp.fc2.lora_B,5
1768387824.6306498,739,23.125,0.20220093429088593,Grad/mlp.fc2.lora_B,outputs_dev/vitb16/T=vtab_Q=3bit_L=lora_2_qkv-fc1-proj-fc2/cifar/20260114184203_default_acc=53.50/tensorboard/Grad_mlp.fc2.lora_B_block_5/events.out.tfevents.1768387349.master-192-168-8-48.1680.9,mlp.fc2.lora_B,5
1768387825.077334,740,23.15625,0.3699733018875122,Grad/mlp.fc2.lora_B,outputs_dev/vitb16/T=vtab_Q=3bit_L=lora_2_qkv-fc1-proj-fc2/cifar/20260114184203_default_acc=53.50/tensorboard/Grad_mlp.fc2.lora_B_block_5/events.out.tfevents.1768387349.master-192-168-8-48.1680.9,mlp.fc2.lora_B,5
1768387825.5128875,741,23.1875,0.24208702147006989,Grad/mlp.fc2.lora_B,outputs_dev/vitb16/T=vtab_Q=3bit_L=lora_2_qkv-fc1-proj-fc2/cifar/20260114184203_default_acc=53.50/tensorboard/Grad_mlp.fc2.lora_B_block_5/events.out.tfevents.1768387349.master-192-168-8-48.1680.9,mlp.fc2.lora_B,5
1768387825.9385703,742,23.21875,0.3600614666938782,Grad/mlp.fc2.lora_B,outputs_dev/vitb16/T=vtab_Q=3bit_L=lora_2_qkv-fc1-proj-fc2/cifar/20260114184203_default_acc=53.50/tensorboard/Grad_mlp.fc2.lora_B_block_5/events.out.tfevents.1768387349.master-192-168-8-48.1680.9,mlp.fc2.lora_B,5
1768387826.373139,743,23.25,0.17655126750469208,Grad/mlp.fc2.lora_B,outputs_dev/vitb16/T=vtab_Q=3bit_L=lora_2_qkv-fc1-proj-fc2/cifar/20260114184203_default_acc=53.50/tensorboard/Grad_mlp.fc2.lora_B_block_5/events.out.tfevents.1768387349.master-192-168-8-48.1680.9,mlp.fc2.lora_B,5
1768387826.812057,744,23.28125,0.4045078456401825,Grad/mlp.fc2.lora_B,outputs_dev/vitb16/T=vtab_Q=3bit_L=lora_2_qkv-fc1-proj-fc2/cifar/20260114184203_default_acc=53.50/tensorboard/Grad_mlp.fc2.lora_B_block_5/events.out.tfevents.1768387349.master-192-168-8-48.1680.9,mlp.fc2.lora_B,5
1768387827.2340147,745,23.3125,0.2844206988811493,Grad/mlp.fc2.lora_B,outputs_dev/vitb16/T=vtab_Q=3bit_L=lora_2_qkv-fc1-proj-fc2/cifar/20260114184203_default_acc=53.50/tensorboard/Grad_mlp.fc2.lora_B_block_5/events.out.tfevents.1768387349.master-192-168-8-48.1680.9,mlp.fc2.lora_B,5
1768387827.669833,746,23.34375,0.16759581863880157,Grad/mlp.fc2.lora_B,outputs_dev/vitb16/T=vtab_Q=3bit_L=lora_2_qkv-fc1-proj-fc2/cifar/20260114184203_default_acc=53.50/tensorboard/Grad_mlp.fc2.lora_B_block_5/events.out.tfevents.1768387349.master-192-168-8-48.1680.9,mlp.fc2.lora_B,5
1768387828.1125984,747,23.375,0.26346442103385925,Grad/mlp.fc2.lora_B,outputs_dev/vitb16/T=vtab_Q=3bit_L=lora_2_qkv-fc1-proj-fc2/cifar/20260114184203_default_acc=53.50/tensorboard/Grad_mlp.fc2.lora_B_block_5/events.out.tfevents.1768387349.master-192-168-8-48.1680.9,mlp.fc2.lora_B,5
1768387828.5581222,748,23.40625,0.3026154935359955,Grad/mlp.fc2.lora_B,outputs_dev/vitb16/T=vtab_Q=3bit_L=lora_2_qkv-fc1-proj-fc2/cifar/20260114184203_default_acc=53.50/tensorboard/Grad_mlp.fc2.lora_B_block_5/events.out.tfevents.1768387349.master-192-168-8-48.1680.9,mlp.fc2.lora_B,5
1768387828.996108,749,23.4375,0.1810074895620346,Grad/mlp.fc2.lora_B,outputs_dev/vitb16/T=vtab_Q=3bit_L=lora_2_qkv-fc1-proj-fc2/cifar/20260114184203_default_acc=53.50/tensorboard/Grad_mlp.fc2.lora_B_block_5/events.out.tfevents.1768387349.master-192-168-8-48.1680.9,mlp.fc2.lora_B,5
1768387829.4197676,750,23.46875,0.20221292972564697,Grad/mlp.fc2.lora_B,outputs_dev/vitb16/T=vtab_Q=3bit_L=lora_2_qkv-fc1-proj-fc2/cifar/20260114184203_default_acc=53.50/tensorboard/Grad_mlp.fc2.lora_B_block_5/events.out.tfevents.1768387349.master-192-168-8-48.1680.9,mlp.fc2.lora_B,5
1768387829.8355224,751,23.5,0.23422887921333313,Grad/mlp.fc2.lora_B,outputs_dev/vitb16/T=vtab_Q=3bit_L=lora_2_qkv-fc1-proj-fc2/cifar/20260114184203_default_acc=53.50/tensorboard/Grad_mlp.fc2.lora_B_block_5/events.out.tfevents.1768387349.master-192-168-8-48.1680.9,mlp.fc2.lora_B,5
1768387830.2599561,752,23.53125,0.32130563259124756,Grad/mlp.fc2.lora_B,outputs_dev/vitb16/T=vtab_Q=3bit_L=lora_2_qkv-fc1-proj-fc2/cifar/20260114184203_default_acc=53.50/tensorboard/Grad_mlp.fc2.lora_B_block_5/events.out.tfevents.1768387349.master-192-168-8-48.1680.9,mlp.fc2.lora_B,5
1768387830.6821737,753,23.5625,0.2145564705133438,Grad/mlp.fc2.lora_B,outputs_dev/vitb16/T=vtab_Q=3bit_L=lora_2_qkv-fc1-proj-fc2/cifar/20260114184203_default_acc=53.50/tensorboard/Grad_mlp.fc2.lora_B_block_5/events.out.tfevents.1768387349.master-192-168-8-48.1680.9,mlp.fc2.lora_B,5
1768387831.118702,754,23.59375,0.21930360794067383,Grad/mlp.fc2.lora_B,outputs_dev/vitb16/T=vtab_Q=3bit_L=lora_2_qkv-fc1-proj-fc2/cifar/20260114184203_default_acc=53.50/tensorboard/Grad_mlp.fc2.lora_B_block_5/events.out.tfevents.1768387349.master-192-168-8-48.1680.9,mlp.fc2.lora_B,5
1768387831.5418928,755,23.625,0.1727074533700943,Grad/mlp.fc2.lora_B,outputs_dev/vitb16/T=vtab_Q=3bit_L=lora_2_qkv-fc1-proj-fc2/cifar/20260114184203_default_acc=53.50/tensorboard/Grad_mlp.fc2.lora_B_block_5/events.out.tfevents.1768387349.master-192-168-8-48.1680.9,mlp.fc2.lora_B,5
1768387831.9771855,756,23.65625,0.33400389552116394,Grad/mlp.fc2.lora_B,outputs_dev/vitb16/T=vtab_Q=3bit_L=lora_2_qkv-fc1-proj-fc2/cifar/20260114184203_default_acc=53.50/tensorboard/Grad_mlp.fc2.lora_B_block_5/events.out.tfevents.1768387349.master-192-168-8-48.1680.9,mlp.fc2.lora_B,5
1768387832.4037416,757,23.6875,0.21125832200050354,Grad/mlp.fc2.lora_B,outputs_dev/vitb16/T=vtab_Q=3bit_L=lora_2_qkv-fc1-proj-fc2/cifar/20260114184203_default_acc=53.50/tensorboard/Grad_mlp.fc2.lora_B_block_5/events.out.tfevents.1768387349.master-192-168-8-48.1680.9,mlp.fc2.lora_B,5
1768387832.848895,758,23.71875,0.19760414958000183,Grad/mlp.fc2.lora_B,outputs_dev/vitb16/T=vtab_Q=3bit_L=lora_2_qkv-fc1-proj-fc2/cifar/20260114184203_default_acc=53.50/tensorboard/Grad_mlp.fc2.lora_B_block_5/events.out.tfevents.1768387349.master-192-168-8-48.1680.9,mlp.fc2.lora_B,5
1768387833.2651181,759,23.75,0.20953895151615143,Grad/mlp.fc2.lora_B,outputs_dev/vitb16/T=vtab_Q=3bit_L=lora_2_qkv-fc1-proj-fc2/cifar/20260114184203_default_acc=53.50/tensorboard/Grad_mlp.fc2.lora_B_block_5/events.out.tfevents.1768387349.master-192-168-8-48.1680.9,mlp.fc2.lora_B,5
1768387833.6907856,760,23.78125,0.2513553202152252,Grad/mlp.fc2.lora_B,outputs_dev/vitb16/T=vtab_Q=3bit_L=lora_2_qkv-fc1-proj-fc2/cifar/20260114184203_default_acc=53.50/tensorboard/Grad_mlp.fc2.lora_B_block_5/events.out.tfevents.1768387349.master-192-168-8-48.1680.9,mlp.fc2.lora_B,5
1768387834.1163223,761,23.8125,0.22729015350341797,Grad/mlp.fc2.lora_B,outputs_dev/vitb16/T=vtab_Q=3bit_L=lora_2_qkv-fc1-proj-fc2/cifar/20260114184203_default_acc=53.50/tensorboard/Grad_mlp.fc2.lora_B_block_5/events.out.tfevents.1768387349.master-192-168-8-48.1680.9,mlp.fc2.lora_B,5
1768387834.5554504,762,23.84375,0.4022717773914337,Grad/mlp.fc2.lora_B,outputs_dev/vitb16/T=vtab_Q=3bit_L=lora_2_qkv-fc1-proj-fc2/cifar/20260114184203_default_acc=53.50/tensorboard/Grad_mlp.fc2.lora_B_block_5/events.out.tfevents.1768387349.master-192-168-8-48.1680.9,mlp.fc2.lora_B,5
1768387834.9964633,763,23.875,0.17286010086536407,Grad/mlp.fc2.lora_B,outputs_dev/vitb16/T=vtab_Q=3bit_L=lora_2_qkv-fc1-proj-fc2/cifar/20260114184203_default_acc=53.50/tensorboard/Grad_mlp.fc2.lora_B_block_5/events.out.tfevents.1768387349.master-192-168-8-48.1680.9,mlp.fc2.lora_B,5
1768387835.4346502,764,23.90625,0.23337188363075256,Grad/mlp.fc2.lora_B,outputs_dev/vitb16/T=vtab_Q=3bit_L=lora_2_qkv-fc1-proj-fc2/cifar/20260114184203_default_acc=53.50/tensorboard/Grad_mlp.fc2.lora_B_block_5/events.out.tfevents.1768387349.master-192-168-8-48.1680.9,mlp.fc2.lora_B,5
1768387835.8741865,765,23.9375,0.14591379463672638,Grad/mlp.fc2.lora_B,outputs_dev/vitb16/T=vtab_Q=3bit_L=lora_2_qkv-fc1-proj-fc2/cifar/20260114184203_default_acc=53.50/tensorboard/Grad_mlp.fc2.lora_B_block_5/events.out.tfevents.1768387349.master-192-168-8-48.1680.9,mlp.fc2.lora_B,5
1768387836.287909,766,23.96875,0.25916218757629395,Grad/mlp.fc2.lora_B,outputs_dev/vitb16/T=vtab_Q=3bit_L=lora_2_qkv-fc1-proj-fc2/cifar/20260114184203_default_acc=53.50/tensorboard/Grad_mlp.fc2.lora_B_block_5/events.out.tfevents.1768387349.master-192-168-8-48.1680.9,mlp.fc2.lora_B,5
1768387836.4917135,767,24.0,0.39851465821266174,Grad/mlp.fc2.lora_B,outputs_dev/vitb16/T=vtab_Q=3bit_L=lora_2_qkv-fc1-proj-fc2/cifar/20260114184203_default_acc=53.50/tensorboard/Grad_mlp.fc2.lora_B_block_5/events.out.tfevents.1768387349.master-192-168-8-48.1680.9,mlp.fc2.lora_B,5
1768387837.2016203,768,24.03125,0.1375541388988495,Grad/mlp.fc2.lora_B,outputs_dev/vitb16/T=vtab_Q=3bit_L=lora_2_qkv-fc1-proj-fc2/cifar/20260114184203_default_acc=53.50/tensorboard/Grad_mlp.fc2.lora_B_block_5/events.out.tfevents.1768387349.master-192-168-8-48.1680.9,mlp.fc2.lora_B,5
1768387837.6425083,769,24.0625,0.20926454663276672,Grad/mlp.fc2.lora_B,outputs_dev/vitb16/T=vtab_Q=3bit_L=lora_2_qkv-fc1-proj-fc2/cifar/20260114184203_default_acc=53.50/tensorboard/Grad_mlp.fc2.lora_B_block_5/events.out.tfevents.1768387349.master-192-168-8-48.1680.9,mlp.fc2.lora_B,5
1768387838.0839458,770,24.09375,0.232925146818161,Grad/mlp.fc2.lora_B,outputs_dev/vitb16/T=vtab_Q=3bit_L=lora_2_qkv-fc1-proj-fc2/cifar/20260114184203_default_acc=53.50/tensorboard/Grad_mlp.fc2.lora_B_block_5/events.out.tfevents.1768387349.master-192-168-8-48.1680.9,mlp.fc2.lora_B,5
1768387838.5255384,771,24.125,0.2412109076976776,Grad/mlp.fc2.lora_B,outputs_dev/vitb16/T=vtab_Q=3bit_L=lora_2_qkv-fc1-proj-fc2/cifar/20260114184203_default_acc=53.50/tensorboard/Grad_mlp.fc2.lora_B_block_5/events.out.tfevents.1768387349.master-192-168-8-48.1680.9,mlp.fc2.lora_B,5
1768387838.954487,772,24.15625,0.21108663082122803,Grad/mlp.fc2.lora_B,outputs_dev/vitb16/T=vtab_Q=3bit_L=lora_2_qkv-fc1-proj-fc2/cifar/20260114184203_default_acc=53.50/tensorboard/Grad_mlp.fc2.lora_B_block_5/events.out.tfevents.1768387349.master-192-168-8-48.1680.9,mlp.fc2.lora_B,5
1768387839.3850367,773,24.1875,0.2453610897064209,Grad/mlp.fc2.lora_B,outputs_dev/vitb16/T=vtab_Q=3bit_L=lora_2_qkv-fc1-proj-fc2/cifar/20260114184203_default_acc=53.50/tensorboard/Grad_mlp.fc2.lora_B_block_5/events.out.tfevents.1768387349.master-192-168-8-48.1680.9,mlp.fc2.lora_B,5
1768387839.824353,774,24.21875,0.19976210594177246,Grad/mlp.fc2.lora_B,outputs_dev/vitb16/T=vtab_Q=3bit_L=lora_2_qkv-fc1-proj-fc2/cifar/20260114184203_default_acc=53.50/tensorboard/Grad_mlp.fc2.lora_B_block_5/events.out.tfevents.1768387349.master-192-168-8-48.1680.9,mlp.fc2.lora_B,5
1768387840.2507656,775,24.25,0.26042118668556213,Grad/mlp.fc2.lora_B,outputs_dev/vitb16/T=vtab_Q=3bit_L=lora_2_qkv-fc1-proj-fc2/cifar/20260114184203_default_acc=53.50/tensorboard/Grad_mlp.fc2.lora_B_block_5/events.out.tfevents.1768387349.master-192-168-8-48.1680.9,mlp.fc2.lora_B,5
1768387840.6789274,776,24.28125,0.3085682690143585,Grad/mlp.fc2.lora_B,outputs_dev/vitb16/T=vtab_Q=3bit_L=lora_2_qkv-fc1-proj-fc2/cifar/20260114184203_default_acc=53.50/tensorboard/Grad_mlp.fc2.lora_B_block_5/events.out.tfevents.1768387349.master-192-168-8-48.1680.9,mlp.fc2.lora_B,5
1768387841.1119359,777,24.3125,0.24339604377746582,Grad/mlp.fc2.lora_B,outputs_dev/vitb16/T=vtab_Q=3bit_L=lora_2_qkv-fc1-proj-fc2/cifar/20260114184203_default_acc=53.50/tensorboard/Grad_mlp.fc2.lora_B_block_5/events.out.tfevents.1768387349.master-192-168-8-48.1680.9,mlp.fc2.lora_B,5
1768387841.5366924,778,24.34375,0.34310150146484375,Grad/mlp.fc2.lora_B,outputs_dev/vitb16/T=vtab_Q=3bit_L=lora_2_qkv-fc1-proj-fc2/cifar/20260114184203_default_acc=53.50/tensorboard/Grad_mlp.fc2.lora_B_block_5/events.out.tfevents.1768387349.master-192-168-8-48.1680.9,mlp.fc2.lora_B,5
1768387841.9600987,779,24.375,0.16082875430583954,Grad/mlp.fc2.lora_B,outputs_dev/vitb16/T=vtab_Q=3bit_L=lora_2_qkv-fc1-proj-fc2/cifar/20260114184203_default_acc=53.50/tensorboard/Grad_mlp.fc2.lora_B_block_5/events.out.tfevents.1768387349.master-192-168-8-48.1680.9,mlp.fc2.lora_B,5
1768387842.3836896,780,24.40625,0.4818226993083954,Grad/mlp.fc2.lora_B,outputs_dev/vitb16/T=vtab_Q=3bit_L=lora_2_qkv-fc1-proj-fc2/cifar/20260114184203_default_acc=53.50/tensorboard/Grad_mlp.fc2.lora_B_block_5/events.out.tfevents.1768387349.master-192-168-8-48.1680.9,mlp.fc2.lora_B,5
1768387842.7949312,781,24.4375,0.24431422352790833,Grad/mlp.fc2.lora_B,outputs_dev/vitb16/T=vtab_Q=3bit_L=lora_2_qkv-fc1-proj-fc2/cifar/20260114184203_default_acc=53.50/tensorboard/Grad_mlp.fc2.lora_B_block_5/events.out.tfevents.1768387349.master-192-168-8-48.1680.9,mlp.fc2.lora_B,5
1768387843.225349,782,24.46875,0.277945876121521,Grad/mlp.fc2.lora_B,outputs_dev/vitb16/T=vtab_Q=3bit_L=lora_2_qkv-fc1-proj-fc2/cifar/20260114184203_default_acc=53.50/tensorboard/Grad_mlp.fc2.lora_B_block_5/events.out.tfevents.1768387349.master-192-168-8-48.1680.9,mlp.fc2.lora_B,5
1768387843.661148,783,24.5,0.26568278670310974,Grad/mlp.fc2.lora_B,outputs_dev/vitb16/T=vtab_Q=3bit_L=lora_2_qkv-fc1-proj-fc2/cifar/20260114184203_default_acc=53.50/tensorboard/Grad_mlp.fc2.lora_B_block_5/events.out.tfevents.1768387349.master-192-168-8-48.1680.9,mlp.fc2.lora_B,5
1768387844.0884137,784,24.53125,0.28120213747024536,Grad/mlp.fc2.lora_B,outputs_dev/vitb16/T=vtab_Q=3bit_L=lora_2_qkv-fc1-proj-fc2/cifar/20260114184203_default_acc=53.50/tensorboard/Grad_mlp.fc2.lora_B_block_5/events.out.tfevents.1768387349.master-192-168-8-48.1680.9,mlp.fc2.lora_B,5
1768387844.5139244,785,24.5625,0.18459150195121765,Grad/mlp.fc2.lora_B,outputs_dev/vitb16/T=vtab_Q=3bit_L=lora_2_qkv-fc1-proj-fc2/cifar/20260114184203_default_acc=53.50/tensorboard/Grad_mlp.fc2.lora_B_block_5/events.out.tfevents.1768387349.master-192-168-8-48.1680.9,mlp.fc2.lora_B,5
1768387844.9381807,786,24.59375,0.16923333704471588,Grad/mlp.fc2.lora_B,outputs_dev/vitb16/T=vtab_Q=3bit_L=lora_2_qkv-fc1-proj-fc2/cifar/20260114184203_default_acc=53.50/tensorboard/Grad_mlp.fc2.lora_B_block_5/events.out.tfevents.1768387349.master-192-168-8-48.1680.9,mlp.fc2.lora_B,5
1768387845.3640158,787,24.625,0.16074906289577484,Grad/mlp.fc2.lora_B,outputs_dev/vitb16/T=vtab_Q=3bit_L=lora_2_qkv-fc1-proj-fc2/cifar/20260114184203_default_acc=53.50/tensorboard/Grad_mlp.fc2.lora_B_block_5/events.out.tfevents.1768387349.master-192-168-8-48.1680.9,mlp.fc2.lora_B,5
1768387845.7909126,788,24.65625,0.24854148924350739,Grad/mlp.fc2.lora_B,outputs_dev/vitb16/T=vtab_Q=3bit_L=lora_2_qkv-fc1-proj-fc2/cifar/20260114184203_default_acc=53.50/tensorboard/Grad_mlp.fc2.lora_B_block_5/events.out.tfevents.1768387349.master-192-168-8-48.1680.9,mlp.fc2.lora_B,5
1768387846.2162004,789,24.6875,0.4753422141075134,Grad/mlp.fc2.lora_B,outputs_dev/vitb16/T=vtab_Q=3bit_L=lora_2_qkv-fc1-proj-fc2/cifar/20260114184203_default_acc=53.50/tensorboard/Grad_mlp.fc2.lora_B_block_5/events.out.tfevents.1768387349.master-192-168-8-48.1680.9,mlp.fc2.lora_B,5
1768387846.641561,790,24.71875,0.21366451680660248,Grad/mlp.fc2.lora_B,outputs_dev/vitb16/T=vtab_Q=3bit_L=lora_2_qkv-fc1-proj-fc2/cifar/20260114184203_default_acc=53.50/tensorboard/Grad_mlp.fc2.lora_B_block_5/events.out.tfevents.1768387349.master-192-168-8-48.1680.9,mlp.fc2.lora_B,5
1768387847.0643783,791,24.75,0.18303915858268738,Grad/mlp.fc2.lora_B,outputs_dev/vitb16/T=vtab_Q=3bit_L=lora_2_qkv-fc1-proj-fc2/cifar/20260114184203_default_acc=53.50/tensorboard/Grad_mlp.fc2.lora_B_block_5/events.out.tfevents.1768387349.master-192-168-8-48.1680.9,mlp.fc2.lora_B,5
1768387847.4899664,792,24.78125,0.297404021024704,Grad/mlp.fc2.lora_B,outputs_dev/vitb16/T=vtab_Q=3bit_L=lora_2_qkv-fc1-proj-fc2/cifar/20260114184203_default_acc=53.50/tensorboard/Grad_mlp.fc2.lora_B_block_5/events.out.tfevents.1768387349.master-192-168-8-48.1680.9,mlp.fc2.lora_B,5
1768387847.9135754,793,24.8125,0.22271467745304108,Grad/mlp.fc2.lora_B,outputs_dev/vitb16/T=vtab_Q=3bit_L=lora_2_qkv-fc1-proj-fc2/cifar/20260114184203_default_acc=53.50/tensorboard/Grad_mlp.fc2.lora_B_block_5/events.out.tfevents.1768387349.master-192-168-8-48.1680.9,mlp.fc2.lora_B,5
1768387848.337212,794,24.84375,0.3547198176383972,Grad/mlp.fc2.lora_B,outputs_dev/vitb16/T=vtab_Q=3bit_L=lora_2_qkv-fc1-proj-fc2/cifar/20260114184203_default_acc=53.50/tensorboard/Grad_mlp.fc2.lora_B_block_5/events.out.tfevents.1768387349.master-192-168-8-48.1680.9,mlp.fc2.lora_B,5
1768387848.7598896,795,24.875,0.18595808744430542,Grad/mlp.fc2.lora_B,outputs_dev/vitb16/T=vtab_Q=3bit_L=lora_2_qkv-fc1-proj-fc2/cifar/20260114184203_default_acc=53.50/tensorboard/Grad_mlp.fc2.lora_B_block_5/events.out.tfevents.1768387349.master-192-168-8-48.1680.9,mlp.fc2.lora_B,5
1768387849.1722658,796,24.90625,0.2073134332895279,Grad/mlp.fc2.lora_B,outputs_dev/vitb16/T=vtab_Q=3bit_L=lora_2_qkv-fc1-proj-fc2/cifar/20260114184203_default_acc=53.50/tensorboard/Grad_mlp.fc2.lora_B_block_5/events.out.tfevents.1768387349.master-192-168-8-48.1680.9,mlp.fc2.lora_B,5
1768387849.603054,797,24.9375,0.27042096853256226,Grad/mlp.fc2.lora_B,outputs_dev/vitb16/T=vtab_Q=3bit_L=lora_2_qkv-fc1-proj-fc2/cifar/20260114184203_default_acc=53.50/tensorboard/Grad_mlp.fc2.lora_B_block_5/events.out.tfevents.1768387349.master-192-168-8-48.1680.9,mlp.fc2.lora_B,5
1768387850.0262463,798,24.96875,0.28904426097869873,Grad/mlp.fc2.lora_B,outputs_dev/vitb16/T=vtab_Q=3bit_L=lora_2_qkv-fc1-proj-fc2/cifar/20260114184203_default_acc=53.50/tensorboard/Grad_mlp.fc2.lora_B_block_5/events.out.tfevents.1768387349.master-192-168-8-48.1680.9,mlp.fc2.lora_B,5
1768387850.2310672,799,25.0,0.36155351996421814,Grad/mlp.fc2.lora_B,outputs_dev/vitb16/T=vtab_Q=3bit_L=lora_2_qkv-fc1-proj-fc2/cifar/20260114184203_default_acc=53.50/tensorboard/Grad_mlp.fc2.lora_B_block_5/events.out.tfevents.1768387349.master-192-168-8-48.1680.9,mlp.fc2.lora_B,5
1768387850.9366183,800,25.03125,0.3333682417869568,Grad/mlp.fc2.lora_B,outputs_dev/vitb16/T=vtab_Q=3bit_L=lora_2_qkv-fc1-proj-fc2/cifar/20260114184203_default_acc=53.50/tensorboard/Grad_mlp.fc2.lora_B_block_5/events.out.tfevents.1768387349.master-192-168-8-48.1680.9,mlp.fc2.lora_B,5
1768387851.3790371,801,25.0625,0.10163881629705429,Grad/mlp.fc2.lora_B,outputs_dev/vitb16/T=vtab_Q=3bit_L=lora_2_qkv-fc1-proj-fc2/cifar/20260114184203_default_acc=53.50/tensorboard/Grad_mlp.fc2.lora_B_block_5/events.out.tfevents.1768387349.master-192-168-8-48.1680.9,mlp.fc2.lora_B,5
1768387851.8187428,802,25.09375,0.290964275598526,Grad/mlp.fc2.lora_B,outputs_dev/vitb16/T=vtab_Q=3bit_L=lora_2_qkv-fc1-proj-fc2/cifar/20260114184203_default_acc=53.50/tensorboard/Grad_mlp.fc2.lora_B_block_5/events.out.tfevents.1768387349.master-192-168-8-48.1680.9,mlp.fc2.lora_B,5
1768387852.2487702,803,25.125,0.14865504205226898,Grad/mlp.fc2.lora_B,outputs_dev/vitb16/T=vtab_Q=3bit_L=lora_2_qkv-fc1-proj-fc2/cifar/20260114184203_default_acc=53.50/tensorboard/Grad_mlp.fc2.lora_B_block_5/events.out.tfevents.1768387349.master-192-168-8-48.1680.9,mlp.fc2.lora_B,5
1768387852.6753166,804,25.15625,0.3004351854324341,Grad/mlp.fc2.lora_B,outputs_dev/vitb16/T=vtab_Q=3bit_L=lora_2_qkv-fc1-proj-fc2/cifar/20260114184203_default_acc=53.50/tensorboard/Grad_mlp.fc2.lora_B_block_5/events.out.tfevents.1768387349.master-192-168-8-48.1680.9,mlp.fc2.lora_B,5
1768387853.0980625,805,25.1875,0.17817068099975586,Grad/mlp.fc2.lora_B,outputs_dev/vitb16/T=vtab_Q=3bit_L=lora_2_qkv-fc1-proj-fc2/cifar/20260114184203_default_acc=53.50/tensorboard/Grad_mlp.fc2.lora_B_block_5/events.out.tfevents.1768387349.master-192-168-8-48.1680.9,mlp.fc2.lora_B,5
1768387853.5227046,806,25.21875,0.17727933824062347,Grad/mlp.fc2.lora_B,outputs_dev/vitb16/T=vtab_Q=3bit_L=lora_2_qkv-fc1-proj-fc2/cifar/20260114184203_default_acc=53.50/tensorboard/Grad_mlp.fc2.lora_B_block_5/events.out.tfevents.1768387349.master-192-168-8-48.1680.9,mlp.fc2.lora_B,5
1768387853.9474366,807,25.25,0.4072601795196533,Grad/mlp.fc2.lora_B,outputs_dev/vitb16/T=vtab_Q=3bit_L=lora_2_qkv-fc1-proj-fc2/cifar/20260114184203_default_acc=53.50/tensorboard/Grad_mlp.fc2.lora_B_block_5/events.out.tfevents.1768387349.master-192-168-8-48.1680.9,mlp.fc2.lora_B,5
1768387854.371765,808,25.28125,0.16705334186553955,Grad/mlp.fc2.lora_B,outputs_dev/vitb16/T=vtab_Q=3bit_L=lora_2_qkv-fc1-proj-fc2/cifar/20260114184203_default_acc=53.50/tensorboard/Grad_mlp.fc2.lora_B_block_5/events.out.tfevents.1768387349.master-192-168-8-48.1680.9,mlp.fc2.lora_B,5
1768387854.7957757,809,25.3125,0.22591544687747955,Grad/mlp.fc2.lora_B,outputs_dev/vitb16/T=vtab_Q=3bit_L=lora_2_qkv-fc1-proj-fc2/cifar/20260114184203_default_acc=53.50/tensorboard/Grad_mlp.fc2.lora_B_block_5/events.out.tfevents.1768387349.master-192-168-8-48.1680.9,mlp.fc2.lora_B,5
1768387855.2204483,810,25.34375,0.30580762028694153,Grad/mlp.fc2.lora_B,outputs_dev/vitb16/T=vtab_Q=3bit_L=lora_2_qkv-fc1-proj-fc2/cifar/20260114184203_default_acc=53.50/tensorboard/Grad_mlp.fc2.lora_B_block_5/events.out.tfevents.1768387349.master-192-168-8-48.1680.9,mlp.fc2.lora_B,5
1768387855.6467428,811,25.375,0.19161225855350494,Grad/mlp.fc2.lora_B,outputs_dev/vitb16/T=vtab_Q=3bit_L=lora_2_qkv-fc1-proj-fc2/cifar/20260114184203_default_acc=53.50/tensorboard/Grad_mlp.fc2.lora_B_block_5/events.out.tfevents.1768387349.master-192-168-8-48.1680.9,mlp.fc2.lora_B,5
1768387856.0710914,812,25.40625,0.15789006650447845,Grad/mlp.fc2.lora_B,outputs_dev/vitb16/T=vtab_Q=3bit_L=lora_2_qkv-fc1-proj-fc2/cifar/20260114184203_default_acc=53.50/tensorboard/Grad_mlp.fc2.lora_B_block_5/events.out.tfevents.1768387349.master-192-168-8-48.1680.9,mlp.fc2.lora_B,5
1768387856.5071418,813,25.4375,0.22304180264472961,Grad/mlp.fc2.lora_B,outputs_dev/vitb16/T=vtab_Q=3bit_L=lora_2_qkv-fc1-proj-fc2/cifar/20260114184203_default_acc=53.50/tensorboard/Grad_mlp.fc2.lora_B_block_5/events.out.tfevents.1768387349.master-192-168-8-48.1680.9,mlp.fc2.lora_B,5
1768387856.9420803,814,25.46875,0.22874322533607483,Grad/mlp.fc2.lora_B,outputs_dev/vitb16/T=vtab_Q=3bit_L=lora_2_qkv-fc1-proj-fc2/cifar/20260114184203_default_acc=53.50/tensorboard/Grad_mlp.fc2.lora_B_block_5/events.out.tfevents.1768387349.master-192-168-8-48.1680.9,mlp.fc2.lora_B,5
1768387857.3797617,815,25.5,0.17126545310020447,Grad/mlp.fc2.lora_B,outputs_dev/vitb16/T=vtab_Q=3bit_L=lora_2_qkv-fc1-proj-fc2/cifar/20260114184203_default_acc=53.50/tensorboard/Grad_mlp.fc2.lora_B_block_5/events.out.tfevents.1768387349.master-192-168-8-48.1680.9,mlp.fc2.lora_B,5
1768387857.817976,816,25.53125,0.24992823600769043,Grad/mlp.fc2.lora_B,outputs_dev/vitb16/T=vtab_Q=3bit_L=lora_2_qkv-fc1-proj-fc2/cifar/20260114184203_default_acc=53.50/tensorboard/Grad_mlp.fc2.lora_B_block_5/events.out.tfevents.1768387349.master-192-168-8-48.1680.9,mlp.fc2.lora_B,5
1768387858.2534842,817,25.5625,0.20024944841861725,Grad/mlp.fc2.lora_B,outputs_dev/vitb16/T=vtab_Q=3bit_L=lora_2_qkv-fc1-proj-fc2/cifar/20260114184203_default_acc=53.50/tensorboard/Grad_mlp.fc2.lora_B_block_5/events.out.tfevents.1768387349.master-192-168-8-48.1680.9,mlp.fc2.lora_B,5
1768387858.6899998,818,25.59375,0.16536015272140503,Grad/mlp.fc2.lora_B,outputs_dev/vitb16/T=vtab_Q=3bit_L=lora_2_qkv-fc1-proj-fc2/cifar/20260114184203_default_acc=53.50/tensorboard/Grad_mlp.fc2.lora_B_block_5/events.out.tfevents.1768387349.master-192-168-8-48.1680.9,mlp.fc2.lora_B,5
1768387859.1362796,819,25.625,0.170489102602005,Grad/mlp.fc2.lora_B,outputs_dev/vitb16/T=vtab_Q=3bit_L=lora_2_qkv-fc1-proj-fc2/cifar/20260114184203_default_acc=53.50/tensorboard/Grad_mlp.fc2.lora_B_block_5/events.out.tfevents.1768387349.master-192-168-8-48.1680.9,mlp.fc2.lora_B,5
1768387859.5593777,820,25.65625,0.1803908497095108,Grad/mlp.fc2.lora_B,outputs_dev/vitb16/T=vtab_Q=3bit_L=lora_2_qkv-fc1-proj-fc2/cifar/20260114184203_default_acc=53.50/tensorboard/Grad_mlp.fc2.lora_B_block_5/events.out.tfevents.1768387349.master-192-168-8-48.1680.9,mlp.fc2.lora_B,5
1768387859.9962184,821,25.6875,0.21690835058689117,Grad/mlp.fc2.lora_B,outputs_dev/vitb16/T=vtab_Q=3bit_L=lora_2_qkv-fc1-proj-fc2/cifar/20260114184203_default_acc=53.50/tensorboard/Grad_mlp.fc2.lora_B_block_5/events.out.tfevents.1768387349.master-192-168-8-48.1680.9,mlp.fc2.lora_B,5
1768387860.4214044,822,25.71875,0.29169514775276184,Grad/mlp.fc2.lora_B,outputs_dev/vitb16/T=vtab_Q=3bit_L=lora_2_qkv-fc1-proj-fc2/cifar/20260114184203_default_acc=53.50/tensorboard/Grad_mlp.fc2.lora_B_block_5/events.out.tfevents.1768387349.master-192-168-8-48.1680.9,mlp.fc2.lora_B,5
1768387860.8577657,823,25.75,0.559074342250824,Grad/mlp.fc2.lora_B,outputs_dev/vitb16/T=vtab_Q=3bit_L=lora_2_qkv-fc1-proj-fc2/cifar/20260114184203_default_acc=53.50/tensorboard/Grad_mlp.fc2.lora_B_block_5/events.out.tfevents.1768387349.master-192-168-8-48.1680.9,mlp.fc2.lora_B,5
1768387861.293533,824,25.78125,0.2511933445930481,Grad/mlp.fc2.lora_B,outputs_dev/vitb16/T=vtab_Q=3bit_L=lora_2_qkv-fc1-proj-fc2/cifar/20260114184203_default_acc=53.50/tensorboard/Grad_mlp.fc2.lora_B_block_5/events.out.tfevents.1768387349.master-192-168-8-48.1680.9,mlp.fc2.lora_B,5
1768387861.715913,825,25.8125,0.20186425745487213,Grad/mlp.fc2.lora_B,outputs_dev/vitb16/T=vtab_Q=3bit_L=lora_2_qkv-fc1-proj-fc2/cifar/20260114184203_default_acc=53.50/tensorboard/Grad_mlp.fc2.lora_B_block_5/events.out.tfevents.1768387349.master-192-168-8-48.1680.9,mlp.fc2.lora_B,5
1768387862.1528192,826,25.84375,0.3090987205505371,Grad/mlp.fc2.lora_B,outputs_dev/vitb16/T=vtab_Q=3bit_L=lora_2_qkv-fc1-proj-fc2/cifar/20260114184203_default_acc=53.50/tensorboard/Grad_mlp.fc2.lora_B_block_5/events.out.tfevents.1768387349.master-192-168-8-48.1680.9,mlp.fc2.lora_B,5
1768387862.5934398,827,25.875,0.27260711789131165,Grad/mlp.fc2.lora_B,outputs_dev/vitb16/T=vtab_Q=3bit_L=lora_2_qkv-fc1-proj-fc2/cifar/20260114184203_default_acc=53.50/tensorboard/Grad_mlp.fc2.lora_B_block_5/events.out.tfevents.1768387349.master-192-168-8-48.1680.9,mlp.fc2.lora_B,5
1768387863.0227365,828,25.90625,0.31051185727119446,Grad/mlp.fc2.lora_B,outputs_dev/vitb16/T=vtab_Q=3bit_L=lora_2_qkv-fc1-proj-fc2/cifar/20260114184203_default_acc=53.50/tensorboard/Grad_mlp.fc2.lora_B_block_5/events.out.tfevents.1768387349.master-192-168-8-48.1680.9,mlp.fc2.lora_B,5
1768387863.4562962,829,25.9375,0.22579152882099152,Grad/mlp.fc2.lora_B,outputs_dev/vitb16/T=vtab_Q=3bit_L=lora_2_qkv-fc1-proj-fc2/cifar/20260114184203_default_acc=53.50/tensorboard/Grad_mlp.fc2.lora_B_block_5/events.out.tfevents.1768387349.master-192-168-8-48.1680.9,mlp.fc2.lora_B,5
1768387863.8974633,830,25.96875,0.16755089163780212,Grad/mlp.fc2.lora_B,outputs_dev/vitb16/T=vtab_Q=3bit_L=lora_2_qkv-fc1-proj-fc2/cifar/20260114184203_default_acc=53.50/tensorboard/Grad_mlp.fc2.lora_B_block_5/events.out.tfevents.1768387349.master-192-168-8-48.1680.9,mlp.fc2.lora_B,5
1768387864.1201336,831,26.0,0.3726837635040283,Grad/mlp.fc2.lora_B,outputs_dev/vitb16/T=vtab_Q=3bit_L=lora_2_qkv-fc1-proj-fc2/cifar/20260114184203_default_acc=53.50/tensorboard/Grad_mlp.fc2.lora_B_block_5/events.out.tfevents.1768387349.master-192-168-8-48.1680.9,mlp.fc2.lora_B,5
1768387864.814979,832,26.03125,0.1911602020263672,Grad/mlp.fc2.lora_B,outputs_dev/vitb16/T=vtab_Q=3bit_L=lora_2_qkv-fc1-proj-fc2/cifar/20260114184203_default_acc=53.50/tensorboard/Grad_mlp.fc2.lora_B_block_5/events.out.tfevents.1768387349.master-192-168-8-48.1680.9,mlp.fc2.lora_B,5
1768387865.2437642,833,26.0625,0.14063458144664764,Grad/mlp.fc2.lora_B,outputs_dev/vitb16/T=vtab_Q=3bit_L=lora_2_qkv-fc1-proj-fc2/cifar/20260114184203_default_acc=53.50/tensorboard/Grad_mlp.fc2.lora_B_block_5/events.out.tfevents.1768387349.master-192-168-8-48.1680.9,mlp.fc2.lora_B,5
1768387865.671273,834,26.09375,0.23245421051979065,Grad/mlp.fc2.lora_B,outputs_dev/vitb16/T=vtab_Q=3bit_L=lora_2_qkv-fc1-proj-fc2/cifar/20260114184203_default_acc=53.50/tensorboard/Grad_mlp.fc2.lora_B_block_5/events.out.tfevents.1768387349.master-192-168-8-48.1680.9,mlp.fc2.lora_B,5
1768387866.0970542,835,26.125,0.29662376642227173,Grad/mlp.fc2.lora_B,outputs_dev/vitb16/T=vtab_Q=3bit_L=lora_2_qkv-fc1-proj-fc2/cifar/20260114184203_default_acc=53.50/tensorboard/Grad_mlp.fc2.lora_B_block_5/events.out.tfevents.1768387349.master-192-168-8-48.1680.9,mlp.fc2.lora_B,5
1768387866.5271428,836,26.15625,0.17799606919288635,Grad/mlp.fc2.lora_B,outputs_dev/vitb16/T=vtab_Q=3bit_L=lora_2_qkv-fc1-proj-fc2/cifar/20260114184203_default_acc=53.50/tensorboard/Grad_mlp.fc2.lora_B_block_5/events.out.tfevents.1768387349.master-192-168-8-48.1680.9,mlp.fc2.lora_B,5
1768387866.9684403,837,26.1875,0.24057243764400482,Grad/mlp.fc2.lora_B,outputs_dev/vitb16/T=vtab_Q=3bit_L=lora_2_qkv-fc1-proj-fc2/cifar/20260114184203_default_acc=53.50/tensorboard/Grad_mlp.fc2.lora_B_block_5/events.out.tfevents.1768387349.master-192-168-8-48.1680.9,mlp.fc2.lora_B,5
1768387867.3963523,838,26.21875,0.24001286923885345,Grad/mlp.fc2.lora_B,outputs_dev/vitb16/T=vtab_Q=3bit_L=lora_2_qkv-fc1-proj-fc2/cifar/20260114184203_default_acc=53.50/tensorboard/Grad_mlp.fc2.lora_B_block_5/events.out.tfevents.1768387349.master-192-168-8-48.1680.9,mlp.fc2.lora_B,5
1768387867.8323922,839,26.25,0.16728858649730682,Grad/mlp.fc2.lora_B,outputs_dev/vitb16/T=vtab_Q=3bit_L=lora_2_qkv-fc1-proj-fc2/cifar/20260114184203_default_acc=53.50/tensorboard/Grad_mlp.fc2.lora_B_block_5/events.out.tfevents.1768387349.master-192-168-8-48.1680.9,mlp.fc2.lora_B,5
1768387868.2686832,840,26.28125,0.27589356899261475,Grad/mlp.fc2.lora_B,outputs_dev/vitb16/T=vtab_Q=3bit_L=lora_2_qkv-fc1-proj-fc2/cifar/20260114184203_default_acc=53.50/tensorboard/Grad_mlp.fc2.lora_B_block_5/events.out.tfevents.1768387349.master-192-168-8-48.1680.9,mlp.fc2.lora_B,5
1768387868.6936853,841,26.3125,0.19274204969406128,Grad/mlp.fc2.lora_B,outputs_dev/vitb16/T=vtab_Q=3bit_L=lora_2_qkv-fc1-proj-fc2/cifar/20260114184203_default_acc=53.50/tensorboard/Grad_mlp.fc2.lora_B_block_5/events.out.tfevents.1768387349.master-192-168-8-48.1680.9,mlp.fc2.lora_B,5
1768387869.1162763,842,26.34375,0.3697672486305237,Grad/mlp.fc2.lora_B,outputs_dev/vitb16/T=vtab_Q=3bit_L=lora_2_qkv-fc1-proj-fc2/cifar/20260114184203_default_acc=53.50/tensorboard/Grad_mlp.fc2.lora_B_block_5/events.out.tfevents.1768387349.master-192-168-8-48.1680.9,mlp.fc2.lora_B,5
1768387869.554102,843,26.375,0.1529543399810791,Grad/mlp.fc2.lora_B,outputs_dev/vitb16/T=vtab_Q=3bit_L=lora_2_qkv-fc1-proj-fc2/cifar/20260114184203_default_acc=53.50/tensorboard/Grad_mlp.fc2.lora_B_block_5/events.out.tfevents.1768387349.master-192-168-8-48.1680.9,mlp.fc2.lora_B,5
1768387870.0049076,844,26.40625,0.16857247054576874,Grad/mlp.fc2.lora_B,outputs_dev/vitb16/T=vtab_Q=3bit_L=lora_2_qkv-fc1-proj-fc2/cifar/20260114184203_default_acc=53.50/tensorboard/Grad_mlp.fc2.lora_B_block_5/events.out.tfevents.1768387349.master-192-168-8-48.1680.9,mlp.fc2.lora_B,5
1768387870.4326055,845,26.4375,0.37133878469467163,Grad/mlp.fc2.lora_B,outputs_dev/vitb16/T=vtab_Q=3bit_L=lora_2_qkv-fc1-proj-fc2/cifar/20260114184203_default_acc=53.50/tensorboard/Grad_mlp.fc2.lora_B_block_5/events.out.tfevents.1768387349.master-192-168-8-48.1680.9,mlp.fc2.lora_B,5
1768387870.8739502,846,26.46875,0.12155717611312866,Grad/mlp.fc2.lora_B,outputs_dev/vitb16/T=vtab_Q=3bit_L=lora_2_qkv-fc1-proj-fc2/cifar/20260114184203_default_acc=53.50/tensorboard/Grad_mlp.fc2.lora_B_block_5/events.out.tfevents.1768387349.master-192-168-8-48.1680.9,mlp.fc2.lora_B,5
1768387871.302081,847,26.5,0.1407473087310791,Grad/mlp.fc2.lora_B,outputs_dev/vitb16/T=vtab_Q=3bit_L=lora_2_qkv-fc1-proj-fc2/cifar/20260114184203_default_acc=53.50/tensorboard/Grad_mlp.fc2.lora_B_block_5/events.out.tfevents.1768387349.master-192-168-8-48.1680.9,mlp.fc2.lora_B,5
1768387871.7179966,848,26.53125,0.17064079642295837,Grad/mlp.fc2.lora_B,outputs_dev/vitb16/T=vtab_Q=3bit_L=lora_2_qkv-fc1-proj-fc2/cifar/20260114184203_default_acc=53.50/tensorboard/Grad_mlp.fc2.lora_B_block_5/events.out.tfevents.1768387349.master-192-168-8-48.1680.9,mlp.fc2.lora_B,5
1768387872.1464586,849,26.5625,0.21087907254695892,Grad/mlp.fc2.lora_B,outputs_dev/vitb16/T=vtab_Q=3bit_L=lora_2_qkv-fc1-proj-fc2/cifar/20260114184203_default_acc=53.50/tensorboard/Grad_mlp.fc2.lora_B_block_5/events.out.tfevents.1768387349.master-192-168-8-48.1680.9,mlp.fc2.lora_B,5
1768387872.575291,850,26.59375,0.1792573481798172,Grad/mlp.fc2.lora_B,outputs_dev/vitb16/T=vtab_Q=3bit_L=lora_2_qkv-fc1-proj-fc2/cifar/20260114184203_default_acc=53.50/tensorboard/Grad_mlp.fc2.lora_B_block_5/events.out.tfevents.1768387349.master-192-168-8-48.1680.9,mlp.fc2.lora_B,5
1768387872.9943845,851,26.625,0.13003754615783691,Grad/mlp.fc2.lora_B,outputs_dev/vitb16/T=vtab_Q=3bit_L=lora_2_qkv-fc1-proj-fc2/cifar/20260114184203_default_acc=53.50/tensorboard/Grad_mlp.fc2.lora_B_block_5/events.out.tfevents.1768387349.master-192-168-8-48.1680.9,mlp.fc2.lora_B,5
1768387873.4167228,852,26.65625,0.3284224569797516,Grad/mlp.fc2.lora_B,outputs_dev/vitb16/T=vtab_Q=3bit_L=lora_2_qkv-fc1-proj-fc2/cifar/20260114184203_default_acc=53.50/tensorboard/Grad_mlp.fc2.lora_B_block_5/events.out.tfevents.1768387349.master-192-168-8-48.1680.9,mlp.fc2.lora_B,5
1768387873.8482168,853,26.6875,0.17562927305698395,Grad/mlp.fc2.lora_B,outputs_dev/vitb16/T=vtab_Q=3bit_L=lora_2_qkv-fc1-proj-fc2/cifar/20260114184203_default_acc=53.50/tensorboard/Grad_mlp.fc2.lora_B_block_5/events.out.tfevents.1768387349.master-192-168-8-48.1680.9,mlp.fc2.lora_B,5
1768387874.2777295,854,26.71875,0.44188806414604187,Grad/mlp.fc2.lora_B,outputs_dev/vitb16/T=vtab_Q=3bit_L=lora_2_qkv-fc1-proj-fc2/cifar/20260114184203_default_acc=53.50/tensorboard/Grad_mlp.fc2.lora_B_block_5/events.out.tfevents.1768387349.master-192-168-8-48.1680.9,mlp.fc2.lora_B,5
1768387874.7061844,855,26.75,0.21739280223846436,Grad/mlp.fc2.lora_B,outputs_dev/vitb16/T=vtab_Q=3bit_L=lora_2_qkv-fc1-proj-fc2/cifar/20260114184203_default_acc=53.50/tensorboard/Grad_mlp.fc2.lora_B_block_5/events.out.tfevents.1768387349.master-192-168-8-48.1680.9,mlp.fc2.lora_B,5
1768387875.1343389,856,26.78125,0.3036964535713196,Grad/mlp.fc2.lora_B,outputs_dev/vitb16/T=vtab_Q=3bit_L=lora_2_qkv-fc1-proj-fc2/cifar/20260114184203_default_acc=53.50/tensorboard/Grad_mlp.fc2.lora_B_block_5/events.out.tfevents.1768387349.master-192-168-8-48.1680.9,mlp.fc2.lora_B,5
1768387875.5795288,857,26.8125,0.11877220124006271,Grad/mlp.fc2.lora_B,outputs_dev/vitb16/T=vtab_Q=3bit_L=lora_2_qkv-fc1-proj-fc2/cifar/20260114184203_default_acc=53.50/tensorboard/Grad_mlp.fc2.lora_B_block_5/events.out.tfevents.1768387349.master-192-168-8-48.1680.9,mlp.fc2.lora_B,5
1768387876.007716,858,26.84375,0.28056660294532776,Grad/mlp.fc2.lora_B,outputs_dev/vitb16/T=vtab_Q=3bit_L=lora_2_qkv-fc1-proj-fc2/cifar/20260114184203_default_acc=53.50/tensorboard/Grad_mlp.fc2.lora_B_block_5/events.out.tfevents.1768387349.master-192-168-8-48.1680.9,mlp.fc2.lora_B,5
1768387876.4439857,859,26.875,0.23495180904865265,Grad/mlp.fc2.lora_B,outputs_dev/vitb16/T=vtab_Q=3bit_L=lora_2_qkv-fc1-proj-fc2/cifar/20260114184203_default_acc=53.50/tensorboard/Grad_mlp.fc2.lora_B_block_5/events.out.tfevents.1768387349.master-192-168-8-48.1680.9,mlp.fc2.lora_B,5
1768387876.8542526,860,26.90625,0.3788479268550873,Grad/mlp.fc2.lora_B,outputs_dev/vitb16/T=vtab_Q=3bit_L=lora_2_qkv-fc1-proj-fc2/cifar/20260114184203_default_acc=53.50/tensorboard/Grad_mlp.fc2.lora_B_block_5/events.out.tfevents.1768387349.master-192-168-8-48.1680.9,mlp.fc2.lora_B,5
1768387877.2754877,861,26.9375,0.2430611103773117,Grad/mlp.fc2.lora_B,outputs_dev/vitb16/T=vtab_Q=3bit_L=lora_2_qkv-fc1-proj-fc2/cifar/20260114184203_default_acc=53.50/tensorboard/Grad_mlp.fc2.lora_B_block_5/events.out.tfevents.1768387349.master-192-168-8-48.1680.9,mlp.fc2.lora_B,5
1768387877.711524,862,26.96875,0.2365853488445282,Grad/mlp.fc2.lora_B,outputs_dev/vitb16/T=vtab_Q=3bit_L=lora_2_qkv-fc1-proj-fc2/cifar/20260114184203_default_acc=53.50/tensorboard/Grad_mlp.fc2.lora_B_block_5/events.out.tfevents.1768387349.master-192-168-8-48.1680.9,mlp.fc2.lora_B,5
1768387877.9281065,863,27.0,0.23371772468090057,Grad/mlp.fc2.lora_B,outputs_dev/vitb16/T=vtab_Q=3bit_L=lora_2_qkv-fc1-proj-fc2/cifar/20260114184203_default_acc=53.50/tensorboard/Grad_mlp.fc2.lora_B_block_5/events.out.tfevents.1768387349.master-192-168-8-48.1680.9,mlp.fc2.lora_B,5
1768387878.5697749,864,27.03125,0.21058082580566406,Grad/mlp.fc2.lora_B,outputs_dev/vitb16/T=vtab_Q=3bit_L=lora_2_qkv-fc1-proj-fc2/cifar/20260114184203_default_acc=53.50/tensorboard/Grad_mlp.fc2.lora_B_block_5/events.out.tfevents.1768387349.master-192-168-8-48.1680.9,mlp.fc2.lora_B,5
1768387878.995046,865,27.0625,0.17730432748794556,Grad/mlp.fc2.lora_B,outputs_dev/vitb16/T=vtab_Q=3bit_L=lora_2_qkv-fc1-proj-fc2/cifar/20260114184203_default_acc=53.50/tensorboard/Grad_mlp.fc2.lora_B_block_5/events.out.tfevents.1768387349.master-192-168-8-48.1680.9,mlp.fc2.lora_B,5
1768387879.4195256,866,27.09375,0.17283011972904205,Grad/mlp.fc2.lora_B,outputs_dev/vitb16/T=vtab_Q=3bit_L=lora_2_qkv-fc1-proj-fc2/cifar/20260114184203_default_acc=53.50/tensorboard/Grad_mlp.fc2.lora_B_block_5/events.out.tfevents.1768387349.master-192-168-8-48.1680.9,mlp.fc2.lora_B,5
1768387879.843598,867,27.125,0.2498461902141571,Grad/mlp.fc2.lora_B,outputs_dev/vitb16/T=vtab_Q=3bit_L=lora_2_qkv-fc1-proj-fc2/cifar/20260114184203_default_acc=53.50/tensorboard/Grad_mlp.fc2.lora_B_block_5/events.out.tfevents.1768387349.master-192-168-8-48.1680.9,mlp.fc2.lora_B,5
1768387880.2703996,868,27.15625,0.16832676529884338,Grad/mlp.fc2.lora_B,outputs_dev/vitb16/T=vtab_Q=3bit_L=lora_2_qkv-fc1-proj-fc2/cifar/20260114184203_default_acc=53.50/tensorboard/Grad_mlp.fc2.lora_B_block_5/events.out.tfevents.1768387349.master-192-168-8-48.1680.9,mlp.fc2.lora_B,5
1768387880.7064886,869,27.1875,0.2569476068019867,Grad/mlp.fc2.lora_B,outputs_dev/vitb16/T=vtab_Q=3bit_L=lora_2_qkv-fc1-proj-fc2/cifar/20260114184203_default_acc=53.50/tensorboard/Grad_mlp.fc2.lora_B_block_5/events.out.tfevents.1768387349.master-192-168-8-48.1680.9,mlp.fc2.lora_B,5
1768387881.155146,870,27.21875,0.1807069331407547,Grad/mlp.fc2.lora_B,outputs_dev/vitb16/T=vtab_Q=3bit_L=lora_2_qkv-fc1-proj-fc2/cifar/20260114184203_default_acc=53.50/tensorboard/Grad_mlp.fc2.lora_B_block_5/events.out.tfevents.1768387349.master-192-168-8-48.1680.9,mlp.fc2.lora_B,5
1768387881.5959451,871,27.25,0.19207854568958282,Grad/mlp.fc2.lora_B,outputs_dev/vitb16/T=vtab_Q=3bit_L=lora_2_qkv-fc1-proj-fc2/cifar/20260114184203_default_acc=53.50/tensorboard/Grad_mlp.fc2.lora_B_block_5/events.out.tfevents.1768387349.master-192-168-8-48.1680.9,mlp.fc2.lora_B,5
1768387882.0426698,872,27.28125,0.21509191393852234,Grad/mlp.fc2.lora_B,outputs_dev/vitb16/T=vtab_Q=3bit_L=lora_2_qkv-fc1-proj-fc2/cifar/20260114184203_default_acc=53.50/tensorboard/Grad_mlp.fc2.lora_B_block_5/events.out.tfevents.1768387349.master-192-168-8-48.1680.9,mlp.fc2.lora_B,5
1768387882.4727473,873,27.3125,0.3802167773246765,Grad/mlp.fc2.lora_B,outputs_dev/vitb16/T=vtab_Q=3bit_L=lora_2_qkv-fc1-proj-fc2/cifar/20260114184203_default_acc=53.50/tensorboard/Grad_mlp.fc2.lora_B_block_5/events.out.tfevents.1768387349.master-192-168-8-48.1680.9,mlp.fc2.lora_B,5
1768387882.895735,874,27.34375,0.2551189661026001,Grad/mlp.fc2.lora_B,outputs_dev/vitb16/T=vtab_Q=3bit_L=lora_2_qkv-fc1-proj-fc2/cifar/20260114184203_default_acc=53.50/tensorboard/Grad_mlp.fc2.lora_B_block_5/events.out.tfevents.1768387349.master-192-168-8-48.1680.9,mlp.fc2.lora_B,5
1768387883.3186803,875,27.375,0.15000082552433014,Grad/mlp.fc2.lora_B,outputs_dev/vitb16/T=vtab_Q=3bit_L=lora_2_qkv-fc1-proj-fc2/cifar/20260114184203_default_acc=53.50/tensorboard/Grad_mlp.fc2.lora_B_block_5/events.out.tfevents.1768387349.master-192-168-8-48.1680.9,mlp.fc2.lora_B,5
1768387883.7563517,876,27.40625,0.1300005316734314,Grad/mlp.fc2.lora_B,outputs_dev/vitb16/T=vtab_Q=3bit_L=lora_2_qkv-fc1-proj-fc2/cifar/20260114184203_default_acc=53.50/tensorboard/Grad_mlp.fc2.lora_B_block_5/events.out.tfevents.1768387349.master-192-168-8-48.1680.9,mlp.fc2.lora_B,5
1768387884.1827579,877,27.4375,0.20199227333068848,Grad/mlp.fc2.lora_B,outputs_dev/vitb16/T=vtab_Q=3bit_L=lora_2_qkv-fc1-proj-fc2/cifar/20260114184203_default_acc=53.50/tensorboard/Grad_mlp.fc2.lora_B_block_5/events.out.tfevents.1768387349.master-192-168-8-48.1680.9,mlp.fc2.lora_B,5
1768387884.6069038,878,27.46875,0.35630708932876587,Grad/mlp.fc2.lora_B,outputs_dev/vitb16/T=vtab_Q=3bit_L=lora_2_qkv-fc1-proj-fc2/cifar/20260114184203_default_acc=53.50/tensorboard/Grad_mlp.fc2.lora_B_block_5/events.out.tfevents.1768387349.master-192-168-8-48.1680.9,mlp.fc2.lora_B,5
1768387885.0307488,879,27.5,0.20057040452957153,Grad/mlp.fc2.lora_B,outputs_dev/vitb16/T=vtab_Q=3bit_L=lora_2_qkv-fc1-proj-fc2/cifar/20260114184203_default_acc=53.50/tensorboard/Grad_mlp.fc2.lora_B_block_5/events.out.tfevents.1768387349.master-192-168-8-48.1680.9,mlp.fc2.lora_B,5
1768387885.4550824,880,27.53125,0.17989470064640045,Grad/mlp.fc2.lora_B,outputs_dev/vitb16/T=vtab_Q=3bit_L=lora_2_qkv-fc1-proj-fc2/cifar/20260114184203_default_acc=53.50/tensorboard/Grad_mlp.fc2.lora_B_block_5/events.out.tfevents.1768387349.master-192-168-8-48.1680.9,mlp.fc2.lora_B,5
1768387885.8798203,881,27.5625,0.20329441130161285,Grad/mlp.fc2.lora_B,outputs_dev/vitb16/T=vtab_Q=3bit_L=lora_2_qkv-fc1-proj-fc2/cifar/20260114184203_default_acc=53.50/tensorboard/Grad_mlp.fc2.lora_B_block_5/events.out.tfevents.1768387349.master-192-168-8-48.1680.9,mlp.fc2.lora_B,5
1768387886.3009412,882,27.59375,0.24433426558971405,Grad/mlp.fc2.lora_B,outputs_dev/vitb16/T=vtab_Q=3bit_L=lora_2_qkv-fc1-proj-fc2/cifar/20260114184203_default_acc=53.50/tensorboard/Grad_mlp.fc2.lora_B_block_5/events.out.tfevents.1768387349.master-192-168-8-48.1680.9,mlp.fc2.lora_B,5
1768387886.7251537,883,27.625,0.14663445949554443,Grad/mlp.fc2.lora_B,outputs_dev/vitb16/T=vtab_Q=3bit_L=lora_2_qkv-fc1-proj-fc2/cifar/20260114184203_default_acc=53.50/tensorboard/Grad_mlp.fc2.lora_B_block_5/events.out.tfevents.1768387349.master-192-168-8-48.1680.9,mlp.fc2.lora_B,5
1768387887.149254,884,27.65625,0.1360456943511963,Grad/mlp.fc2.lora_B,outputs_dev/vitb16/T=vtab_Q=3bit_L=lora_2_qkv-fc1-proj-fc2/cifar/20260114184203_default_acc=53.50/tensorboard/Grad_mlp.fc2.lora_B_block_5/events.out.tfevents.1768387349.master-192-168-8-48.1680.9,mlp.fc2.lora_B,5
1768387887.5725737,885,27.6875,0.18059182167053223,Grad/mlp.fc2.lora_B,outputs_dev/vitb16/T=vtab_Q=3bit_L=lora_2_qkv-fc1-proj-fc2/cifar/20260114184203_default_acc=53.50/tensorboard/Grad_mlp.fc2.lora_B_block_5/events.out.tfevents.1768387349.master-192-168-8-48.1680.9,mlp.fc2.lora_B,5
1768387887.990002,886,27.71875,0.20826707780361176,Grad/mlp.fc2.lora_B,outputs_dev/vitb16/T=vtab_Q=3bit_L=lora_2_qkv-fc1-proj-fc2/cifar/20260114184203_default_acc=53.50/tensorboard/Grad_mlp.fc2.lora_B_block_5/events.out.tfevents.1768387349.master-192-168-8-48.1680.9,mlp.fc2.lora_B,5
1768387888.414639,887,27.75,0.30256739258766174,Grad/mlp.fc2.lora_B,outputs_dev/vitb16/T=vtab_Q=3bit_L=lora_2_qkv-fc1-proj-fc2/cifar/20260114184203_default_acc=53.50/tensorboard/Grad_mlp.fc2.lora_B_block_5/events.out.tfevents.1768387349.master-192-168-8-48.1680.9,mlp.fc2.lora_B,5
1768387888.8394966,888,27.78125,0.4318295121192932,Grad/mlp.fc2.lora_B,outputs_dev/vitb16/T=vtab_Q=3bit_L=lora_2_qkv-fc1-proj-fc2/cifar/20260114184203_default_acc=53.50/tensorboard/Grad_mlp.fc2.lora_B_block_5/events.out.tfevents.1768387349.master-192-168-8-48.1680.9,mlp.fc2.lora_B,5
1768387889.2815268,889,27.8125,0.24294739961624146,Grad/mlp.fc2.lora_B,outputs_dev/vitb16/T=vtab_Q=3bit_L=lora_2_qkv-fc1-proj-fc2/cifar/20260114184203_default_acc=53.50/tensorboard/Grad_mlp.fc2.lora_B_block_5/events.out.tfevents.1768387349.master-192-168-8-48.1680.9,mlp.fc2.lora_B,5
1768387889.7054198,890,27.84375,0.13462857902050018,Grad/mlp.fc2.lora_B,outputs_dev/vitb16/T=vtab_Q=3bit_L=lora_2_qkv-fc1-proj-fc2/cifar/20260114184203_default_acc=53.50/tensorboard/Grad_mlp.fc2.lora_B_block_5/events.out.tfevents.1768387349.master-192-168-8-48.1680.9,mlp.fc2.lora_B,5
1768387890.1315978,891,27.875,0.21300087869167328,Grad/mlp.fc2.lora_B,outputs_dev/vitb16/T=vtab_Q=3bit_L=lora_2_qkv-fc1-proj-fc2/cifar/20260114184203_default_acc=53.50/tensorboard/Grad_mlp.fc2.lora_B_block_5/events.out.tfevents.1768387349.master-192-168-8-48.1680.9,mlp.fc2.lora_B,5
1768387890.5540848,892,27.90625,0.230946883559227,Grad/mlp.fc2.lora_B,outputs_dev/vitb16/T=vtab_Q=3bit_L=lora_2_qkv-fc1-proj-fc2/cifar/20260114184203_default_acc=53.50/tensorboard/Grad_mlp.fc2.lora_B_block_5/events.out.tfevents.1768387349.master-192-168-8-48.1680.9,mlp.fc2.lora_B,5
1768387890.9763005,893,27.9375,0.18027111887931824,Grad/mlp.fc2.lora_B,outputs_dev/vitb16/T=vtab_Q=3bit_L=lora_2_qkv-fc1-proj-fc2/cifar/20260114184203_default_acc=53.50/tensorboard/Grad_mlp.fc2.lora_B_block_5/events.out.tfevents.1768387349.master-192-168-8-48.1680.9,mlp.fc2.lora_B,5
1768387891.3985279,894,27.96875,0.18298201262950897,Grad/mlp.fc2.lora_B,outputs_dev/vitb16/T=vtab_Q=3bit_L=lora_2_qkv-fc1-proj-fc2/cifar/20260114184203_default_acc=53.50/tensorboard/Grad_mlp.fc2.lora_B_block_5/events.out.tfevents.1768387349.master-192-168-8-48.1680.9,mlp.fc2.lora_B,5
1768387891.600746,895,28.0,0.48078033328056335,Grad/mlp.fc2.lora_B,outputs_dev/vitb16/T=vtab_Q=3bit_L=lora_2_qkv-fc1-proj-fc2/cifar/20260114184203_default_acc=53.50/tensorboard/Grad_mlp.fc2.lora_B_block_5/events.out.tfevents.1768387349.master-192-168-8-48.1680.9,mlp.fc2.lora_B,5
1768387892.3223605,896,28.03125,0.1843930184841156,Grad/mlp.fc2.lora_B,outputs_dev/vitb16/T=vtab_Q=3bit_L=lora_2_qkv-fc1-proj-fc2/cifar/20260114184203_default_acc=53.50/tensorboard/Grad_mlp.fc2.lora_B_block_5/events.out.tfevents.1768387349.master-192-168-8-48.1680.9,mlp.fc2.lora_B,5
1768387892.751147,897,28.0625,0.1868523359298706,Grad/mlp.fc2.lora_B,outputs_dev/vitb16/T=vtab_Q=3bit_L=lora_2_qkv-fc1-proj-fc2/cifar/20260114184203_default_acc=53.50/tensorboard/Grad_mlp.fc2.lora_B_block_5/events.out.tfevents.1768387349.master-192-168-8-48.1680.9,mlp.fc2.lora_B,5
1768387893.184807,898,28.09375,0.36978086829185486,Grad/mlp.fc2.lora_B,outputs_dev/vitb16/T=vtab_Q=3bit_L=lora_2_qkv-fc1-proj-fc2/cifar/20260114184203_default_acc=53.50/tensorboard/Grad_mlp.fc2.lora_B_block_5/events.out.tfevents.1768387349.master-192-168-8-48.1680.9,mlp.fc2.lora_B,5
1768387893.6158535,899,28.125,0.2743334174156189,Grad/mlp.fc2.lora_B,outputs_dev/vitb16/T=vtab_Q=3bit_L=lora_2_qkv-fc1-proj-fc2/cifar/20260114184203_default_acc=53.50/tensorboard/Grad_mlp.fc2.lora_B_block_5/events.out.tfevents.1768387349.master-192-168-8-48.1680.9,mlp.fc2.lora_B,5
1768387894.0398548,900,28.15625,0.2253165990114212,Grad/mlp.fc2.lora_B,outputs_dev/vitb16/T=vtab_Q=3bit_L=lora_2_qkv-fc1-proj-fc2/cifar/20260114184203_default_acc=53.50/tensorboard/Grad_mlp.fc2.lora_B_block_5/events.out.tfevents.1768387349.master-192-168-8-48.1680.9,mlp.fc2.lora_B,5
1768387894.4663627,901,28.1875,0.10798338800668716,Grad/mlp.fc2.lora_B,outputs_dev/vitb16/T=vtab_Q=3bit_L=lora_2_qkv-fc1-proj-fc2/cifar/20260114184203_default_acc=53.50/tensorboard/Grad_mlp.fc2.lora_B_block_5/events.out.tfevents.1768387349.master-192-168-8-48.1680.9,mlp.fc2.lora_B,5
1768387894.8876095,902,28.21875,0.26279330253601074,Grad/mlp.fc2.lora_B,outputs_dev/vitb16/T=vtab_Q=3bit_L=lora_2_qkv-fc1-proj-fc2/cifar/20260114184203_default_acc=53.50/tensorboard/Grad_mlp.fc2.lora_B_block_5/events.out.tfevents.1768387349.master-192-168-8-48.1680.9,mlp.fc2.lora_B,5
1768387895.3104892,903,28.25,0.19905556738376617,Grad/mlp.fc2.lora_B,outputs_dev/vitb16/T=vtab_Q=3bit_L=lora_2_qkv-fc1-proj-fc2/cifar/20260114184203_default_acc=53.50/tensorboard/Grad_mlp.fc2.lora_B_block_5/events.out.tfevents.1768387349.master-192-168-8-48.1680.9,mlp.fc2.lora_B,5
1768387895.7345345,904,28.28125,0.12653689086437225,Grad/mlp.fc2.lora_B,outputs_dev/vitb16/T=vtab_Q=3bit_L=lora_2_qkv-fc1-proj-fc2/cifar/20260114184203_default_acc=53.50/tensorboard/Grad_mlp.fc2.lora_B_block_5/events.out.tfevents.1768387349.master-192-168-8-48.1680.9,mlp.fc2.lora_B,5
1768387896.1575134,905,28.3125,0.28579920530319214,Grad/mlp.fc2.lora_B,outputs_dev/vitb16/T=vtab_Q=3bit_L=lora_2_qkv-fc1-proj-fc2/cifar/20260114184203_default_acc=53.50/tensorboard/Grad_mlp.fc2.lora_B_block_5/events.out.tfevents.1768387349.master-192-168-8-48.1680.9,mlp.fc2.lora_B,5
1768387896.579369,906,28.34375,0.1972006857395172,Grad/mlp.fc2.lora_B,outputs_dev/vitb16/T=vtab_Q=3bit_L=lora_2_qkv-fc1-proj-fc2/cifar/20260114184203_default_acc=53.50/tensorboard/Grad_mlp.fc2.lora_B_block_5/events.out.tfevents.1768387349.master-192-168-8-48.1680.9,mlp.fc2.lora_B,5
1768387897.0048647,907,28.375,0.6440836191177368,Grad/mlp.fc2.lora_B,outputs_dev/vitb16/T=vtab_Q=3bit_L=lora_2_qkv-fc1-proj-fc2/cifar/20260114184203_default_acc=53.50/tensorboard/Grad_mlp.fc2.lora_B_block_5/events.out.tfevents.1768387349.master-192-168-8-48.1680.9,mlp.fc2.lora_B,5
1768387897.4427156,908,28.40625,0.20443794131278992,Grad/mlp.fc2.lora_B,outputs_dev/vitb16/T=vtab_Q=3bit_L=lora_2_qkv-fc1-proj-fc2/cifar/20260114184203_default_acc=53.50/tensorboard/Grad_mlp.fc2.lora_B_block_5/events.out.tfevents.1768387349.master-192-168-8-48.1680.9,mlp.fc2.lora_B,5
1768387897.8832796,909,28.4375,0.2162846475839615,Grad/mlp.fc2.lora_B,outputs_dev/vitb16/T=vtab_Q=3bit_L=lora_2_qkv-fc1-proj-fc2/cifar/20260114184203_default_acc=53.50/tensorboard/Grad_mlp.fc2.lora_B_block_5/events.out.tfevents.1768387349.master-192-168-8-48.1680.9,mlp.fc2.lora_B,5
1768387898.3085353,910,28.46875,0.13216623663902283,Grad/mlp.fc2.lora_B,outputs_dev/vitb16/T=vtab_Q=3bit_L=lora_2_qkv-fc1-proj-fc2/cifar/20260114184203_default_acc=53.50/tensorboard/Grad_mlp.fc2.lora_B_block_5/events.out.tfevents.1768387349.master-192-168-8-48.1680.9,mlp.fc2.lora_B,5
1768387898.7341733,911,28.5,0.19449147582054138,Grad/mlp.fc2.lora_B,outputs_dev/vitb16/T=vtab_Q=3bit_L=lora_2_qkv-fc1-proj-fc2/cifar/20260114184203_default_acc=53.50/tensorboard/Grad_mlp.fc2.lora_B_block_5/events.out.tfevents.1768387349.master-192-168-8-48.1680.9,mlp.fc2.lora_B,5
1768387899.1557446,912,28.53125,0.1767365038394928,Grad/mlp.fc2.lora_B,outputs_dev/vitb16/T=vtab_Q=3bit_L=lora_2_qkv-fc1-proj-fc2/cifar/20260114184203_default_acc=53.50/tensorboard/Grad_mlp.fc2.lora_B_block_5/events.out.tfevents.1768387349.master-192-168-8-48.1680.9,mlp.fc2.lora_B,5
1768387899.579863,913,28.5625,0.12922659516334534,Grad/mlp.fc2.lora_B,outputs_dev/vitb16/T=vtab_Q=3bit_L=lora_2_qkv-fc1-proj-fc2/cifar/20260114184203_default_acc=53.50/tensorboard/Grad_mlp.fc2.lora_B_block_5/events.out.tfevents.1768387349.master-192-168-8-48.1680.9,mlp.fc2.lora_B,5
1768387900.0051167,914,28.59375,0.371358186006546,Grad/mlp.fc2.lora_B,outputs_dev/vitb16/T=vtab_Q=3bit_L=lora_2_qkv-fc1-proj-fc2/cifar/20260114184203_default_acc=53.50/tensorboard/Grad_mlp.fc2.lora_B_block_5/events.out.tfevents.1768387349.master-192-168-8-48.1680.9,mlp.fc2.lora_B,5
1768387900.4272625,915,28.625,0.11068687587976456,Grad/mlp.fc2.lora_B,outputs_dev/vitb16/T=vtab_Q=3bit_L=lora_2_qkv-fc1-proj-fc2/cifar/20260114184203_default_acc=53.50/tensorboard/Grad_mlp.fc2.lora_B_block_5/events.out.tfevents.1768387349.master-192-168-8-48.1680.9,mlp.fc2.lora_B,5
1768387900.8520186,916,28.65625,0.21611227095127106,Grad/mlp.fc2.lora_B,outputs_dev/vitb16/T=vtab_Q=3bit_L=lora_2_qkv-fc1-proj-fc2/cifar/20260114184203_default_acc=53.50/tensorboard/Grad_mlp.fc2.lora_B_block_5/events.out.tfevents.1768387349.master-192-168-8-48.1680.9,mlp.fc2.lora_B,5
1768387901.2755592,917,28.6875,0.16294662654399872,Grad/mlp.fc2.lora_B,outputs_dev/vitb16/T=vtab_Q=3bit_L=lora_2_qkv-fc1-proj-fc2/cifar/20260114184203_default_acc=53.50/tensorboard/Grad_mlp.fc2.lora_B_block_5/events.out.tfevents.1768387349.master-192-168-8-48.1680.9,mlp.fc2.lora_B,5
1768387901.699627,918,28.71875,0.3604690432548523,Grad/mlp.fc2.lora_B,outputs_dev/vitb16/T=vtab_Q=3bit_L=lora_2_qkv-fc1-proj-fc2/cifar/20260114184203_default_acc=53.50/tensorboard/Grad_mlp.fc2.lora_B_block_5/events.out.tfevents.1768387349.master-192-168-8-48.1680.9,mlp.fc2.lora_B,5
1768387902.1419122,919,28.75,0.16750146448612213,Grad/mlp.fc2.lora_B,outputs_dev/vitb16/T=vtab_Q=3bit_L=lora_2_qkv-fc1-proj-fc2/cifar/20260114184203_default_acc=53.50/tensorboard/Grad_mlp.fc2.lora_B_block_5/events.out.tfevents.1768387349.master-192-168-8-48.1680.9,mlp.fc2.lora_B,5
1768387902.5788414,920,28.78125,0.24331209063529968,Grad/mlp.fc2.lora_B,outputs_dev/vitb16/T=vtab_Q=3bit_L=lora_2_qkv-fc1-proj-fc2/cifar/20260114184203_default_acc=53.50/tensorboard/Grad_mlp.fc2.lora_B_block_5/events.out.tfevents.1768387349.master-192-168-8-48.1680.9,mlp.fc2.lora_B,5
1768387903.020649,921,28.8125,0.21554996073246002,Grad/mlp.fc2.lora_B,outputs_dev/vitb16/T=vtab_Q=3bit_L=lora_2_qkv-fc1-proj-fc2/cifar/20260114184203_default_acc=53.50/tensorboard/Grad_mlp.fc2.lora_B_block_5/events.out.tfevents.1768387349.master-192-168-8-48.1680.9,mlp.fc2.lora_B,5
1768387903.4475937,922,28.84375,0.39630672335624695,Grad/mlp.fc2.lora_B,outputs_dev/vitb16/T=vtab_Q=3bit_L=lora_2_qkv-fc1-proj-fc2/cifar/20260114184203_default_acc=53.50/tensorboard/Grad_mlp.fc2.lora_B_block_5/events.out.tfevents.1768387349.master-192-168-8-48.1680.9,mlp.fc2.lora_B,5
1768387903.872121,923,28.875,0.2114550620317459,Grad/mlp.fc2.lora_B,outputs_dev/vitb16/T=vtab_Q=3bit_L=lora_2_qkv-fc1-proj-fc2/cifar/20260114184203_default_acc=53.50/tensorboard/Grad_mlp.fc2.lora_B_block_5/events.out.tfevents.1768387349.master-192-168-8-48.1680.9,mlp.fc2.lora_B,5
1768387904.3074281,924,28.90625,0.12400013208389282,Grad/mlp.fc2.lora_B,outputs_dev/vitb16/T=vtab_Q=3bit_L=lora_2_qkv-fc1-proj-fc2/cifar/20260114184203_default_acc=53.50/tensorboard/Grad_mlp.fc2.lora_B_block_5/events.out.tfevents.1768387349.master-192-168-8-48.1680.9,mlp.fc2.lora_B,5
1768387904.7469618,925,28.9375,0.18987557291984558,Grad/mlp.fc2.lora_B,outputs_dev/vitb16/T=vtab_Q=3bit_L=lora_2_qkv-fc1-proj-fc2/cifar/20260114184203_default_acc=53.50/tensorboard/Grad_mlp.fc2.lora_B_block_5/events.out.tfevents.1768387349.master-192-168-8-48.1680.9,mlp.fc2.lora_B,5
1768387905.1670198,926,28.96875,0.23654377460479736,Grad/mlp.fc2.lora_B,outputs_dev/vitb16/T=vtab_Q=3bit_L=lora_2_qkv-fc1-proj-fc2/cifar/20260114184203_default_acc=53.50/tensorboard/Grad_mlp.fc2.lora_B_block_5/events.out.tfevents.1768387349.master-192-168-8-48.1680.9,mlp.fc2.lora_B,5
1768387905.388832,927,29.0,0.31749898195266724,Grad/mlp.fc2.lora_B,outputs_dev/vitb16/T=vtab_Q=3bit_L=lora_2_qkv-fc1-proj-fc2/cifar/20260114184203_default_acc=53.50/tensorboard/Grad_mlp.fc2.lora_B_block_5/events.out.tfevents.1768387349.master-192-168-8-48.1680.9,mlp.fc2.lora_B,5
1768387906.1122484,928,29.03125,0.23765632510185242,Grad/mlp.fc2.lora_B,outputs_dev/vitb16/T=vtab_Q=3bit_L=lora_2_qkv-fc1-proj-fc2/cifar/20260114184203_default_acc=53.50/tensorboard/Grad_mlp.fc2.lora_B_block_5/events.out.tfevents.1768387349.master-192-168-8-48.1680.9,mlp.fc2.lora_B,5
1768387906.5426137,929,29.0625,0.14035552740097046,Grad/mlp.fc2.lora_B,outputs_dev/vitb16/T=vtab_Q=3bit_L=lora_2_qkv-fc1-proj-fc2/cifar/20260114184203_default_acc=53.50/tensorboard/Grad_mlp.fc2.lora_B_block_5/events.out.tfevents.1768387349.master-192-168-8-48.1680.9,mlp.fc2.lora_B,5
1768387906.9692414,930,29.09375,0.18770566582679749,Grad/mlp.fc2.lora_B,outputs_dev/vitb16/T=vtab_Q=3bit_L=lora_2_qkv-fc1-proj-fc2/cifar/20260114184203_default_acc=53.50/tensorboard/Grad_mlp.fc2.lora_B_block_5/events.out.tfevents.1768387349.master-192-168-8-48.1680.9,mlp.fc2.lora_B,5
1768387907.398619,931,29.125,0.19793017208576202,Grad/mlp.fc2.lora_B,outputs_dev/vitb16/T=vtab_Q=3bit_L=lora_2_qkv-fc1-proj-fc2/cifar/20260114184203_default_acc=53.50/tensorboard/Grad_mlp.fc2.lora_B_block_5/events.out.tfevents.1768387349.master-192-168-8-48.1680.9,mlp.fc2.lora_B,5
1768387907.8275394,932,29.15625,0.17303988337516785,Grad/mlp.fc2.lora_B,outputs_dev/vitb16/T=vtab_Q=3bit_L=lora_2_qkv-fc1-proj-fc2/cifar/20260114184203_default_acc=53.50/tensorboard/Grad_mlp.fc2.lora_B_block_5/events.out.tfevents.1768387349.master-192-168-8-48.1680.9,mlp.fc2.lora_B,5
1768387908.256238,933,29.1875,0.23735038936138153,Grad/mlp.fc2.lora_B,outputs_dev/vitb16/T=vtab_Q=3bit_L=lora_2_qkv-fc1-proj-fc2/cifar/20260114184203_default_acc=53.50/tensorboard/Grad_mlp.fc2.lora_B_block_5/events.out.tfevents.1768387349.master-192-168-8-48.1680.9,mlp.fc2.lora_B,5
1768387908.68453,934,29.21875,0.2180853635072708,Grad/mlp.fc2.lora_B,outputs_dev/vitb16/T=vtab_Q=3bit_L=lora_2_qkv-fc1-proj-fc2/cifar/20260114184203_default_acc=53.50/tensorboard/Grad_mlp.fc2.lora_B_block_5/events.out.tfevents.1768387349.master-192-168-8-48.1680.9,mlp.fc2.lora_B,5
1768387909.112339,935,29.25,0.23050762712955475,Grad/mlp.fc2.lora_B,outputs_dev/vitb16/T=vtab_Q=3bit_L=lora_2_qkv-fc1-proj-fc2/cifar/20260114184203_default_acc=53.50/tensorboard/Grad_mlp.fc2.lora_B_block_5/events.out.tfevents.1768387349.master-192-168-8-48.1680.9,mlp.fc2.lora_B,5
1768387909.5396743,936,29.28125,0.16536323726177216,Grad/mlp.fc2.lora_B,outputs_dev/vitb16/T=vtab_Q=3bit_L=lora_2_qkv-fc1-proj-fc2/cifar/20260114184203_default_acc=53.50/tensorboard/Grad_mlp.fc2.lora_B_block_5/events.out.tfevents.1768387349.master-192-168-8-48.1680.9,mlp.fc2.lora_B,5
1768387909.966309,937,29.3125,0.18539810180664062,Grad/mlp.fc2.lora_B,outputs_dev/vitb16/T=vtab_Q=3bit_L=lora_2_qkv-fc1-proj-fc2/cifar/20260114184203_default_acc=53.50/tensorboard/Grad_mlp.fc2.lora_B_block_5/events.out.tfevents.1768387349.master-192-168-8-48.1680.9,mlp.fc2.lora_B,5
1768387910.3997478,938,29.34375,0.18683697283267975,Grad/mlp.fc2.lora_B,outputs_dev/vitb16/T=vtab_Q=3bit_L=lora_2_qkv-fc1-proj-fc2/cifar/20260114184203_default_acc=53.50/tensorboard/Grad_mlp.fc2.lora_B_block_5/events.out.tfevents.1768387349.master-192-168-8-48.1680.9,mlp.fc2.lora_B,5
1768387910.8290715,939,29.375,0.22840365767478943,Grad/mlp.fc2.lora_B,outputs_dev/vitb16/T=vtab_Q=3bit_L=lora_2_qkv-fc1-proj-fc2/cifar/20260114184203_default_acc=53.50/tensorboard/Grad_mlp.fc2.lora_B_block_5/events.out.tfevents.1768387349.master-192-168-8-48.1680.9,mlp.fc2.lora_B,5
1768387911.2572815,940,29.40625,0.14926406741142273,Grad/mlp.fc2.lora_B,outputs_dev/vitb16/T=vtab_Q=3bit_L=lora_2_qkv-fc1-proj-fc2/cifar/20260114184203_default_acc=53.50/tensorboard/Grad_mlp.fc2.lora_B_block_5/events.out.tfevents.1768387349.master-192-168-8-48.1680.9,mlp.fc2.lora_B,5
1768387911.6894944,941,29.4375,0.3540007770061493,Grad/mlp.fc2.lora_B,outputs_dev/vitb16/T=vtab_Q=3bit_L=lora_2_qkv-fc1-proj-fc2/cifar/20260114184203_default_acc=53.50/tensorboard/Grad_mlp.fc2.lora_B_block_5/events.out.tfevents.1768387349.master-192-168-8-48.1680.9,mlp.fc2.lora_B,5
1768387912.1195242,942,29.46875,0.14546799659729004,Grad/mlp.fc2.lora_B,outputs_dev/vitb16/T=vtab_Q=3bit_L=lora_2_qkv-fc1-proj-fc2/cifar/20260114184203_default_acc=53.50/tensorboard/Grad_mlp.fc2.lora_B_block_5/events.out.tfevents.1768387349.master-192-168-8-48.1680.9,mlp.fc2.lora_B,5
1768387912.5472403,943,29.5,0.16238561272621155,Grad/mlp.fc2.lora_B,outputs_dev/vitb16/T=vtab_Q=3bit_L=lora_2_qkv-fc1-proj-fc2/cifar/20260114184203_default_acc=53.50/tensorboard/Grad_mlp.fc2.lora_B_block_5/events.out.tfevents.1768387349.master-192-168-8-48.1680.9,mlp.fc2.lora_B,5
1768387912.9753685,944,29.53125,0.15496568381786346,Grad/mlp.fc2.lora_B,outputs_dev/vitb16/T=vtab_Q=3bit_L=lora_2_qkv-fc1-proj-fc2/cifar/20260114184203_default_acc=53.50/tensorboard/Grad_mlp.fc2.lora_B_block_5/events.out.tfevents.1768387349.master-192-168-8-48.1680.9,mlp.fc2.lora_B,5
1768387913.4012024,945,29.5625,0.2242743968963623,Grad/mlp.fc2.lora_B,outputs_dev/vitb16/T=vtab_Q=3bit_L=lora_2_qkv-fc1-proj-fc2/cifar/20260114184203_default_acc=53.50/tensorboard/Grad_mlp.fc2.lora_B_block_5/events.out.tfevents.1768387349.master-192-168-8-48.1680.9,mlp.fc2.lora_B,5
1768387913.8295429,946,29.59375,0.39900630712509155,Grad/mlp.fc2.lora_B,outputs_dev/vitb16/T=vtab_Q=3bit_L=lora_2_qkv-fc1-proj-fc2/cifar/20260114184203_default_acc=53.50/tensorboard/Grad_mlp.fc2.lora_B_block_5/events.out.tfevents.1768387349.master-192-168-8-48.1680.9,mlp.fc2.lora_B,5
1768387914.2587838,947,29.625,0.08665719628334045,Grad/mlp.fc2.lora_B,outputs_dev/vitb16/T=vtab_Q=3bit_L=lora_2_qkv-fc1-proj-fc2/cifar/20260114184203_default_acc=53.50/tensorboard/Grad_mlp.fc2.lora_B_block_5/events.out.tfevents.1768387349.master-192-168-8-48.1680.9,mlp.fc2.lora_B,5
1768387914.686514,948,29.65625,0.19420914351940155,Grad/mlp.fc2.lora_B,outputs_dev/vitb16/T=vtab_Q=3bit_L=lora_2_qkv-fc1-proj-fc2/cifar/20260114184203_default_acc=53.50/tensorboard/Grad_mlp.fc2.lora_B_block_5/events.out.tfevents.1768387349.master-192-168-8-48.1680.9,mlp.fc2.lora_B,5
1768387915.1063585,949,29.6875,0.1956581473350525,Grad/mlp.fc2.lora_B,outputs_dev/vitb16/T=vtab_Q=3bit_L=lora_2_qkv-fc1-proj-fc2/cifar/20260114184203_default_acc=53.50/tensorboard/Grad_mlp.fc2.lora_B_block_5/events.out.tfevents.1768387349.master-192-168-8-48.1680.9,mlp.fc2.lora_B,5
1768387915.533657,950,29.71875,0.15228424966335297,Grad/mlp.fc2.lora_B,outputs_dev/vitb16/T=vtab_Q=3bit_L=lora_2_qkv-fc1-proj-fc2/cifar/20260114184203_default_acc=53.50/tensorboard/Grad_mlp.fc2.lora_B_block_5/events.out.tfevents.1768387349.master-192-168-8-48.1680.9,mlp.fc2.lora_B,5
1768387915.9608958,951,29.75,0.3611052334308624,Grad/mlp.fc2.lora_B,outputs_dev/vitb16/T=vtab_Q=3bit_L=lora_2_qkv-fc1-proj-fc2/cifar/20260114184203_default_acc=53.50/tensorboard/Grad_mlp.fc2.lora_B_block_5/events.out.tfevents.1768387349.master-192-168-8-48.1680.9,mlp.fc2.lora_B,5
1768387916.3992677,952,29.78125,0.2754756808280945,Grad/mlp.fc2.lora_B,outputs_dev/vitb16/T=vtab_Q=3bit_L=lora_2_qkv-fc1-proj-fc2/cifar/20260114184203_default_acc=53.50/tensorboard/Grad_mlp.fc2.lora_B_block_5/events.out.tfevents.1768387349.master-192-168-8-48.1680.9,mlp.fc2.lora_B,5
1768387916.8263402,953,29.8125,0.3135703504085541,Grad/mlp.fc2.lora_B,outputs_dev/vitb16/T=vtab_Q=3bit_L=lora_2_qkv-fc1-proj-fc2/cifar/20260114184203_default_acc=53.50/tensorboard/Grad_mlp.fc2.lora_B_block_5/events.out.tfevents.1768387349.master-192-168-8-48.1680.9,mlp.fc2.lora_B,5
1768387917.2639005,954,29.84375,0.1758773922920227,Grad/mlp.fc2.lora_B,outputs_dev/vitb16/T=vtab_Q=3bit_L=lora_2_qkv-fc1-proj-fc2/cifar/20260114184203_default_acc=53.50/tensorboard/Grad_mlp.fc2.lora_B_block_5/events.out.tfevents.1768387349.master-192-168-8-48.1680.9,mlp.fc2.lora_B,5
1768387917.6924949,955,29.875,0.1940569430589676,Grad/mlp.fc2.lora_B,outputs_dev/vitb16/T=vtab_Q=3bit_L=lora_2_qkv-fc1-proj-fc2/cifar/20260114184203_default_acc=53.50/tensorboard/Grad_mlp.fc2.lora_B_block_5/events.out.tfevents.1768387349.master-192-168-8-48.1680.9,mlp.fc2.lora_B,5
1768387918.142125,956,29.90625,0.10885605961084366,Grad/mlp.fc2.lora_B,outputs_dev/vitb16/T=vtab_Q=3bit_L=lora_2_qkv-fc1-proj-fc2/cifar/20260114184203_default_acc=53.50/tensorboard/Grad_mlp.fc2.lora_B_block_5/events.out.tfevents.1768387349.master-192-168-8-48.1680.9,mlp.fc2.lora_B,5
1768387918.5795226,957,29.9375,0.3158542811870575,Grad/mlp.fc2.lora_B,outputs_dev/vitb16/T=vtab_Q=3bit_L=lora_2_qkv-fc1-proj-fc2/cifar/20260114184203_default_acc=53.50/tensorboard/Grad_mlp.fc2.lora_B_block_5/events.out.tfevents.1768387349.master-192-168-8-48.1680.9,mlp.fc2.lora_B,5
1768387919.0019178,958,29.96875,0.4206508994102478,Grad/mlp.fc2.lora_B,outputs_dev/vitb16/T=vtab_Q=3bit_L=lora_2_qkv-fc1-proj-fc2/cifar/20260114184203_default_acc=53.50/tensorboard/Grad_mlp.fc2.lora_B_block_5/events.out.tfevents.1768387349.master-192-168-8-48.1680.9,mlp.fc2.lora_B,5
1768387919.2000127,959,30.0,0.6018038392066956,Grad/mlp.fc2.lora_B,outputs_dev/vitb16/T=vtab_Q=3bit_L=lora_2_qkv-fc1-proj-fc2/cifar/20260114184203_default_acc=53.50/tensorboard/Grad_mlp.fc2.lora_B_block_5/events.out.tfevents.1768387349.master-192-168-8-48.1680.9,mlp.fc2.lora_B,5
1768387919.8749015,960,30.03125,0.14076119661331177,Grad/mlp.fc2.lora_B,outputs_dev/vitb16/T=vtab_Q=3bit_L=lora_2_qkv-fc1-proj-fc2/cifar/20260114184203_default_acc=53.50/tensorboard/Grad_mlp.fc2.lora_B_block_5/events.out.tfevents.1768387349.master-192-168-8-48.1680.9,mlp.fc2.lora_B,5
1768387920.3130512,961,30.0625,0.20167356729507446,Grad/mlp.fc2.lora_B,outputs_dev/vitb16/T=vtab_Q=3bit_L=lora_2_qkv-fc1-proj-fc2/cifar/20260114184203_default_acc=53.50/tensorboard/Grad_mlp.fc2.lora_B_block_5/events.out.tfevents.1768387349.master-192-168-8-48.1680.9,mlp.fc2.lora_B,5
1768387920.7551558,962,30.09375,0.31234052777290344,Grad/mlp.fc2.lora_B,outputs_dev/vitb16/T=vtab_Q=3bit_L=lora_2_qkv-fc1-proj-fc2/cifar/20260114184203_default_acc=53.50/tensorboard/Grad_mlp.fc2.lora_B_block_5/events.out.tfevents.1768387349.master-192-168-8-48.1680.9,mlp.fc2.lora_B,5
1768387921.1915948,963,30.125,0.2527887523174286,Grad/mlp.fc2.lora_B,outputs_dev/vitb16/T=vtab_Q=3bit_L=lora_2_qkv-fc1-proj-fc2/cifar/20260114184203_default_acc=53.50/tensorboard/Grad_mlp.fc2.lora_B_block_5/events.out.tfevents.1768387349.master-192-168-8-48.1680.9,mlp.fc2.lora_B,5
1768387921.615788,964,30.15625,0.44462764263153076,Grad/mlp.fc2.lora_B,outputs_dev/vitb16/T=vtab_Q=3bit_L=lora_2_qkv-fc1-proj-fc2/cifar/20260114184203_default_acc=53.50/tensorboard/Grad_mlp.fc2.lora_B_block_5/events.out.tfevents.1768387349.master-192-168-8-48.1680.9,mlp.fc2.lora_B,5
1768387922.0393002,965,30.1875,0.245161771774292,Grad/mlp.fc2.lora_B,outputs_dev/vitb16/T=vtab_Q=3bit_L=lora_2_qkv-fc1-proj-fc2/cifar/20260114184203_default_acc=53.50/tensorboard/Grad_mlp.fc2.lora_B_block_5/events.out.tfevents.1768387349.master-192-168-8-48.1680.9,mlp.fc2.lora_B,5
1768387922.4743373,966,30.21875,0.2538492679595947,Grad/mlp.fc2.lora_B,outputs_dev/vitb16/T=vtab_Q=3bit_L=lora_2_qkv-fc1-proj-fc2/cifar/20260114184203_default_acc=53.50/tensorboard/Grad_mlp.fc2.lora_B_block_5/events.out.tfevents.1768387349.master-192-168-8-48.1680.9,mlp.fc2.lora_B,5
1768387922.8963678,967,30.25,0.25744011998176575,Grad/mlp.fc2.lora_B,outputs_dev/vitb16/T=vtab_Q=3bit_L=lora_2_qkv-fc1-proj-fc2/cifar/20260114184203_default_acc=53.50/tensorboard/Grad_mlp.fc2.lora_B_block_5/events.out.tfevents.1768387349.master-192-168-8-48.1680.9,mlp.fc2.lora_B,5
1768387923.3367655,968,30.28125,0.24544371664524078,Grad/mlp.fc2.lora_B,outputs_dev/vitb16/T=vtab_Q=3bit_L=lora_2_qkv-fc1-proj-fc2/cifar/20260114184203_default_acc=53.50/tensorboard/Grad_mlp.fc2.lora_B_block_5/events.out.tfevents.1768387349.master-192-168-8-48.1680.9,mlp.fc2.lora_B,5
1768387923.7681491,969,30.3125,0.1758444458246231,Grad/mlp.fc2.lora_B,outputs_dev/vitb16/T=vtab_Q=3bit_L=lora_2_qkv-fc1-proj-fc2/cifar/20260114184203_default_acc=53.50/tensorboard/Grad_mlp.fc2.lora_B_block_5/events.out.tfevents.1768387349.master-192-168-8-48.1680.9,mlp.fc2.lora_B,5
1768387924.2062938,970,30.34375,0.19718898832798004,Grad/mlp.fc2.lora_B,outputs_dev/vitb16/T=vtab_Q=3bit_L=lora_2_qkv-fc1-proj-fc2/cifar/20260114184203_default_acc=53.50/tensorboard/Grad_mlp.fc2.lora_B_block_5/events.out.tfevents.1768387349.master-192-168-8-48.1680.9,mlp.fc2.lora_B,5
1768387924.6318126,971,30.375,0.19231140613555908,Grad/mlp.fc2.lora_B,outputs_dev/vitb16/T=vtab_Q=3bit_L=lora_2_qkv-fc1-proj-fc2/cifar/20260114184203_default_acc=53.50/tensorboard/Grad_mlp.fc2.lora_B_block_5/events.out.tfevents.1768387349.master-192-168-8-48.1680.9,mlp.fc2.lora_B,5
1768387925.0552063,972,30.40625,0.5927715301513672,Grad/mlp.fc2.lora_B,outputs_dev/vitb16/T=vtab_Q=3bit_L=lora_2_qkv-fc1-proj-fc2/cifar/20260114184203_default_acc=53.50/tensorboard/Grad_mlp.fc2.lora_B_block_5/events.out.tfevents.1768387349.master-192-168-8-48.1680.9,mlp.fc2.lora_B,5
1768387925.4789896,973,30.4375,0.305054247379303,Grad/mlp.fc2.lora_B,outputs_dev/vitb16/T=vtab_Q=3bit_L=lora_2_qkv-fc1-proj-fc2/cifar/20260114184203_default_acc=53.50/tensorboard/Grad_mlp.fc2.lora_B_block_5/events.out.tfevents.1768387349.master-192-168-8-48.1680.9,mlp.fc2.lora_B,5
1768387925.9122372,974,30.46875,0.23604454100131989,Grad/mlp.fc2.lora_B,outputs_dev/vitb16/T=vtab_Q=3bit_L=lora_2_qkv-fc1-proj-fc2/cifar/20260114184203_default_acc=53.50/tensorboard/Grad_mlp.fc2.lora_B_block_5/events.out.tfevents.1768387349.master-192-168-8-48.1680.9,mlp.fc2.lora_B,5
1768387926.3356528,975,30.5,0.17976877093315125,Grad/mlp.fc2.lora_B,outputs_dev/vitb16/T=vtab_Q=3bit_L=lora_2_qkv-fc1-proj-fc2/cifar/20260114184203_default_acc=53.50/tensorboard/Grad_mlp.fc2.lora_B_block_5/events.out.tfevents.1768387349.master-192-168-8-48.1680.9,mlp.fc2.lora_B,5
1768387926.770045,976,30.53125,0.17343509197235107,Grad/mlp.fc2.lora_B,outputs_dev/vitb16/T=vtab_Q=3bit_L=lora_2_qkv-fc1-proj-fc2/cifar/20260114184203_default_acc=53.50/tensorboard/Grad_mlp.fc2.lora_B_block_5/events.out.tfevents.1768387349.master-192-168-8-48.1680.9,mlp.fc2.lora_B,5
1768387927.1996222,977,30.5625,0.08677111566066742,Grad/mlp.fc2.lora_B,outputs_dev/vitb16/T=vtab_Q=3bit_L=lora_2_qkv-fc1-proj-fc2/cifar/20260114184203_default_acc=53.50/tensorboard/Grad_mlp.fc2.lora_B_block_5/events.out.tfevents.1768387349.master-192-168-8-48.1680.9,mlp.fc2.lora_B,5
1768387927.6484225,978,30.59375,0.2402849942445755,Grad/mlp.fc2.lora_B,outputs_dev/vitb16/T=vtab_Q=3bit_L=lora_2_qkv-fc1-proj-fc2/cifar/20260114184203_default_acc=53.50/tensorboard/Grad_mlp.fc2.lora_B_block_5/events.out.tfevents.1768387349.master-192-168-8-48.1680.9,mlp.fc2.lora_B,5
1768387928.0821729,979,30.625,0.33773931860923767,Grad/mlp.fc2.lora_B,outputs_dev/vitb16/T=vtab_Q=3bit_L=lora_2_qkv-fc1-proj-fc2/cifar/20260114184203_default_acc=53.50/tensorboard/Grad_mlp.fc2.lora_B_block_5/events.out.tfevents.1768387349.master-192-168-8-48.1680.9,mlp.fc2.lora_B,5
1768387928.5055938,980,30.65625,0.27315717935562134,Grad/mlp.fc2.lora_B,outputs_dev/vitb16/T=vtab_Q=3bit_L=lora_2_qkv-fc1-proj-fc2/cifar/20260114184203_default_acc=53.50/tensorboard/Grad_mlp.fc2.lora_B_block_5/events.out.tfevents.1768387349.master-192-168-8-48.1680.9,mlp.fc2.lora_B,5
1768387928.9278433,981,30.6875,0.1923559457063675,Grad/mlp.fc2.lora_B,outputs_dev/vitb16/T=vtab_Q=3bit_L=lora_2_qkv-fc1-proj-fc2/cifar/20260114184203_default_acc=53.50/tensorboard/Grad_mlp.fc2.lora_B_block_5/events.out.tfevents.1768387349.master-192-168-8-48.1680.9,mlp.fc2.lora_B,5
1768387929.3498368,982,30.71875,0.16612766683101654,Grad/mlp.fc2.lora_B,outputs_dev/vitb16/T=vtab_Q=3bit_L=lora_2_qkv-fc1-proj-fc2/cifar/20260114184203_default_acc=53.50/tensorboard/Grad_mlp.fc2.lora_B_block_5/events.out.tfevents.1768387349.master-192-168-8-48.1680.9,mlp.fc2.lora_B,5
1768387929.7754097,983,30.75,0.24641098082065582,Grad/mlp.fc2.lora_B,outputs_dev/vitb16/T=vtab_Q=3bit_L=lora_2_qkv-fc1-proj-fc2/cifar/20260114184203_default_acc=53.50/tensorboard/Grad_mlp.fc2.lora_B_block_5/events.out.tfevents.1768387349.master-192-168-8-48.1680.9,mlp.fc2.lora_B,5
1768387930.1960425,984,30.78125,0.29138636589050293,Grad/mlp.fc2.lora_B,outputs_dev/vitb16/T=vtab_Q=3bit_L=lora_2_qkv-fc1-proj-fc2/cifar/20260114184203_default_acc=53.50/tensorboard/Grad_mlp.fc2.lora_B_block_5/events.out.tfevents.1768387349.master-192-168-8-48.1680.9,mlp.fc2.lora_B,5
1768387930.6204185,985,30.8125,0.4180271625518799,Grad/mlp.fc2.lora_B,outputs_dev/vitb16/T=vtab_Q=3bit_L=lora_2_qkv-fc1-proj-fc2/cifar/20260114184203_default_acc=53.50/tensorboard/Grad_mlp.fc2.lora_B_block_5/events.out.tfevents.1768387349.master-192-168-8-48.1680.9,mlp.fc2.lora_B,5
1768387931.0555096,986,30.84375,0.11791080981492996,Grad/mlp.fc2.lora_B,outputs_dev/vitb16/T=vtab_Q=3bit_L=lora_2_qkv-fc1-proj-fc2/cifar/20260114184203_default_acc=53.50/tensorboard/Grad_mlp.fc2.lora_B_block_5/events.out.tfevents.1768387349.master-192-168-8-48.1680.9,mlp.fc2.lora_B,5
1768387931.4797854,987,30.875,0.19299109280109406,Grad/mlp.fc2.lora_B,outputs_dev/vitb16/T=vtab_Q=3bit_L=lora_2_qkv-fc1-proj-fc2/cifar/20260114184203_default_acc=53.50/tensorboard/Grad_mlp.fc2.lora_B_block_5/events.out.tfevents.1768387349.master-192-168-8-48.1680.9,mlp.fc2.lora_B,5
1768387931.9028902,988,30.90625,0.17023324966430664,Grad/mlp.fc2.lora_B,outputs_dev/vitb16/T=vtab_Q=3bit_L=lora_2_qkv-fc1-proj-fc2/cifar/20260114184203_default_acc=53.50/tensorboard/Grad_mlp.fc2.lora_B_block_5/events.out.tfevents.1768387349.master-192-168-8-48.1680.9,mlp.fc2.lora_B,5
1768387932.32663,989,30.9375,0.15803560614585876,Grad/mlp.fc2.lora_B,outputs_dev/vitb16/T=vtab_Q=3bit_L=lora_2_qkv-fc1-proj-fc2/cifar/20260114184203_default_acc=53.50/tensorboard/Grad_mlp.fc2.lora_B_block_5/events.out.tfevents.1768387349.master-192-168-8-48.1680.9,mlp.fc2.lora_B,5
1768387932.7511678,990,30.96875,0.14373323321342468,Grad/mlp.fc2.lora_B,outputs_dev/vitb16/T=vtab_Q=3bit_L=lora_2_qkv-fc1-proj-fc2/cifar/20260114184203_default_acc=53.50/tensorboard/Grad_mlp.fc2.lora_B_block_5/events.out.tfevents.1768387349.master-192-168-8-48.1680.9,mlp.fc2.lora_B,5
1768387932.9814894,991,31.0,0.2746785581111908,Grad/mlp.fc2.lora_B,outputs_dev/vitb16/T=vtab_Q=3bit_L=lora_2_qkv-fc1-proj-fc2/cifar/20260114184203_default_acc=53.50/tensorboard/Grad_mlp.fc2.lora_B_block_5/events.out.tfevents.1768387349.master-192-168-8-48.1680.9,mlp.fc2.lora_B,5
1768387972.7421062,992,31.03125,0.2569541931152344,Grad/mlp.fc2.lora_B,outputs_dev/vitb16/T=vtab_Q=3bit_L=lora_2_qkv-fc1-proj-fc2/cifar/20260114184203_default_acc=53.50/tensorboard/Grad_mlp.fc2.lora_B_block_5/events.out.tfevents.1768387349.master-192-168-8-48.1680.9,mlp.fc2.lora_B,5
1768387973.1806273,993,31.0625,0.194102942943573,Grad/mlp.fc2.lora_B,outputs_dev/vitb16/T=vtab_Q=3bit_L=lora_2_qkv-fc1-proj-fc2/cifar/20260114184203_default_acc=53.50/tensorboard/Grad_mlp.fc2.lora_B_block_5/events.out.tfevents.1768387349.master-192-168-8-48.1680.9,mlp.fc2.lora_B,5
1768387973.6053193,994,31.09375,0.1948179304599762,Grad/mlp.fc2.lora_B,outputs_dev/vitb16/T=vtab_Q=3bit_L=lora_2_qkv-fc1-proj-fc2/cifar/20260114184203_default_acc=53.50/tensorboard/Grad_mlp.fc2.lora_B_block_5/events.out.tfevents.1768387349.master-192-168-8-48.1680.9,mlp.fc2.lora_B,5
1768387974.0501559,995,31.125,0.27389201521873474,Grad/mlp.fc2.lora_B,outputs_dev/vitb16/T=vtab_Q=3bit_L=lora_2_qkv-fc1-proj-fc2/cifar/20260114184203_default_acc=53.50/tensorboard/Grad_mlp.fc2.lora_B_block_5/events.out.tfevents.1768387349.master-192-168-8-48.1680.9,mlp.fc2.lora_B,5
1768387974.488761,996,31.15625,0.14876025915145874,Grad/mlp.fc2.lora_B,outputs_dev/vitb16/T=vtab_Q=3bit_L=lora_2_qkv-fc1-proj-fc2/cifar/20260114184203_default_acc=53.50/tensorboard/Grad_mlp.fc2.lora_B_block_5/events.out.tfevents.1768387349.master-192-168-8-48.1680.9,mlp.fc2.lora_B,5
1768387974.9237907,997,31.1875,0.15503628551959991,Grad/mlp.fc2.lora_B,outputs_dev/vitb16/T=vtab_Q=3bit_L=lora_2_qkv-fc1-proj-fc2/cifar/20260114184203_default_acc=53.50/tensorboard/Grad_mlp.fc2.lora_B_block_5/events.out.tfevents.1768387349.master-192-168-8-48.1680.9,mlp.fc2.lora_B,5
1768387975.3665326,998,31.21875,0.2346901297569275,Grad/mlp.fc2.lora_B,outputs_dev/vitb16/T=vtab_Q=3bit_L=lora_2_qkv-fc1-proj-fc2/cifar/20260114184203_default_acc=53.50/tensorboard/Grad_mlp.fc2.lora_B_block_5/events.out.tfevents.1768387349.master-192-168-8-48.1680.9,mlp.fc2.lora_B,5
1768387975.8180149,999,31.25,0.19105011224746704,Grad/mlp.fc2.lora_B,outputs_dev/vitb16/T=vtab_Q=3bit_L=lora_2_qkv-fc1-proj-fc2/cifar/20260114184203_default_acc=53.50/tensorboard/Grad_mlp.fc2.lora_B_block_5/events.out.tfevents.1768387349.master-192-168-8-48.1680.9,mlp.fc2.lora_B,5
1768387976.246707,1000,31.28125,0.1741054803133011,Grad/mlp.fc2.lora_B,outputs_dev/vitb16/T=vtab_Q=3bit_L=lora_2_qkv-fc1-proj-fc2/cifar/20260114184203_default_acc=53.50/tensorboard/Grad_mlp.fc2.lora_B_block_5/events.out.tfevents.1768387349.master-192-168-8-48.1680.9,mlp.fc2.lora_B,5
1768387976.6827197,1001,31.3125,0.17931321263313293,Grad/mlp.fc2.lora_B,outputs_dev/vitb16/T=vtab_Q=3bit_L=lora_2_qkv-fc1-proj-fc2/cifar/20260114184203_default_acc=53.50/tensorboard/Grad_mlp.fc2.lora_B_block_5/events.out.tfevents.1768387349.master-192-168-8-48.1680.9,mlp.fc2.lora_B,5
1768387977.125811,1002,31.34375,0.22779467701911926,Grad/mlp.fc2.lora_B,outputs_dev/vitb16/T=vtab_Q=3bit_L=lora_2_qkv-fc1-proj-fc2/cifar/20260114184203_default_acc=53.50/tensorboard/Grad_mlp.fc2.lora_B_block_5/events.out.tfevents.1768387349.master-192-168-8-48.1680.9,mlp.fc2.lora_B,5
1768387977.5495424,1003,31.375,0.21210971474647522,Grad/mlp.fc2.lora_B,outputs_dev/vitb16/T=vtab_Q=3bit_L=lora_2_qkv-fc1-proj-fc2/cifar/20260114184203_default_acc=53.50/tensorboard/Grad_mlp.fc2.lora_B_block_5/events.out.tfevents.1768387349.master-192-168-8-48.1680.9,mlp.fc2.lora_B,5
1768387977.9825168,1004,31.40625,0.13825657963752747,Grad/mlp.fc2.lora_B,outputs_dev/vitb16/T=vtab_Q=3bit_L=lora_2_qkv-fc1-proj-fc2/cifar/20260114184203_default_acc=53.50/tensorboard/Grad_mlp.fc2.lora_B_block_5/events.out.tfevents.1768387349.master-192-168-8-48.1680.9,mlp.fc2.lora_B,5
1768387978.4187508,1005,31.4375,0.1907079815864563,Grad/mlp.fc2.lora_B,outputs_dev/vitb16/T=vtab_Q=3bit_L=lora_2_qkv-fc1-proj-fc2/cifar/20260114184203_default_acc=53.50/tensorboard/Grad_mlp.fc2.lora_B_block_5/events.out.tfevents.1768387349.master-192-168-8-48.1680.9,mlp.fc2.lora_B,5
1768387978.8659425,1006,31.46875,0.15459990501403809,Grad/mlp.fc2.lora_B,outputs_dev/vitb16/T=vtab_Q=3bit_L=lora_2_qkv-fc1-proj-fc2/cifar/20260114184203_default_acc=53.50/tensorboard/Grad_mlp.fc2.lora_B_block_5/events.out.tfevents.1768387349.master-192-168-8-48.1680.9,mlp.fc2.lora_B,5
1768387979.3017712,1007,31.5,0.2001112997531891,Grad/mlp.fc2.lora_B,outputs_dev/vitb16/T=vtab_Q=3bit_L=lora_2_qkv-fc1-proj-fc2/cifar/20260114184203_default_acc=53.50/tensorboard/Grad_mlp.fc2.lora_B_block_5/events.out.tfevents.1768387349.master-192-168-8-48.1680.9,mlp.fc2.lora_B,5
1768387979.7445831,1008,31.53125,0.076370969414711,Grad/mlp.fc2.lora_B,outputs_dev/vitb16/T=vtab_Q=3bit_L=lora_2_qkv-fc1-proj-fc2/cifar/20260114184203_default_acc=53.50/tensorboard/Grad_mlp.fc2.lora_B_block_5/events.out.tfevents.1768387349.master-192-168-8-48.1680.9,mlp.fc2.lora_B,5
1768387980.185412,1009,31.5625,0.19288477301597595,Grad/mlp.fc2.lora_B,outputs_dev/vitb16/T=vtab_Q=3bit_L=lora_2_qkv-fc1-proj-fc2/cifar/20260114184203_default_acc=53.50/tensorboard/Grad_mlp.fc2.lora_B_block_5/events.out.tfevents.1768387349.master-192-168-8-48.1680.9,mlp.fc2.lora_B,5
1768387980.6246579,1010,31.59375,0.3485729992389679,Grad/mlp.fc2.lora_B,outputs_dev/vitb16/T=vtab_Q=3bit_L=lora_2_qkv-fc1-proj-fc2/cifar/20260114184203_default_acc=53.50/tensorboard/Grad_mlp.fc2.lora_B_block_5/events.out.tfevents.1768387349.master-192-168-8-48.1680.9,mlp.fc2.lora_B,5
1768387981.0500567,1011,31.625,0.12014707177877426,Grad/mlp.fc2.lora_B,outputs_dev/vitb16/T=vtab_Q=3bit_L=lora_2_qkv-fc1-proj-fc2/cifar/20260114184203_default_acc=53.50/tensorboard/Grad_mlp.fc2.lora_B_block_5/events.out.tfevents.1768387349.master-192-168-8-48.1680.9,mlp.fc2.lora_B,5
1768387981.477942,1012,31.65625,0.17465698719024658,Grad/mlp.fc2.lora_B,outputs_dev/vitb16/T=vtab_Q=3bit_L=lora_2_qkv-fc1-proj-fc2/cifar/20260114184203_default_acc=53.50/tensorboard/Grad_mlp.fc2.lora_B_block_5/events.out.tfevents.1768387349.master-192-168-8-48.1680.9,mlp.fc2.lora_B,5
1768387981.9083838,1013,31.6875,0.1242164745926857,Grad/mlp.fc2.lora_B,outputs_dev/vitb16/T=vtab_Q=3bit_L=lora_2_qkv-fc1-proj-fc2/cifar/20260114184203_default_acc=53.50/tensorboard/Grad_mlp.fc2.lora_B_block_5/events.out.tfevents.1768387349.master-192-168-8-48.1680.9,mlp.fc2.lora_B,5
1768387982.3341238,1014,31.71875,0.2644151747226715,Grad/mlp.fc2.lora_B,outputs_dev/vitb16/T=vtab_Q=3bit_L=lora_2_qkv-fc1-proj-fc2/cifar/20260114184203_default_acc=53.50/tensorboard/Grad_mlp.fc2.lora_B_block_5/events.out.tfevents.1768387349.master-192-168-8-48.1680.9,mlp.fc2.lora_B,5
1768387982.758536,1015,31.75,0.36095449328422546,Grad/mlp.fc2.lora_B,outputs_dev/vitb16/T=vtab_Q=3bit_L=lora_2_qkv-fc1-proj-fc2/cifar/20260114184203_default_acc=53.50/tensorboard/Grad_mlp.fc2.lora_B_block_5/events.out.tfevents.1768387349.master-192-168-8-48.1680.9,mlp.fc2.lora_B,5
1768387983.1842217,1016,31.78125,0.17831456661224365,Grad/mlp.fc2.lora_B,outputs_dev/vitb16/T=vtab_Q=3bit_L=lora_2_qkv-fc1-proj-fc2/cifar/20260114184203_default_acc=53.50/tensorboard/Grad_mlp.fc2.lora_B_block_5/events.out.tfevents.1768387349.master-192-168-8-48.1680.9,mlp.fc2.lora_B,5
1768387983.6152594,1017,31.8125,0.17130066454410553,Grad/mlp.fc2.lora_B,outputs_dev/vitb16/T=vtab_Q=3bit_L=lora_2_qkv-fc1-proj-fc2/cifar/20260114184203_default_acc=53.50/tensorboard/Grad_mlp.fc2.lora_B_block_5/events.out.tfevents.1768387349.master-192-168-8-48.1680.9,mlp.fc2.lora_B,5
1768387984.043375,1018,31.84375,0.11984024196863174,Grad/mlp.fc2.lora_B,outputs_dev/vitb16/T=vtab_Q=3bit_L=lora_2_qkv-fc1-proj-fc2/cifar/20260114184203_default_acc=53.50/tensorboard/Grad_mlp.fc2.lora_B_block_5/events.out.tfevents.1768387349.master-192-168-8-48.1680.9,mlp.fc2.lora_B,5
1768387984.4674547,1019,31.875,0.4967115819454193,Grad/mlp.fc2.lora_B,outputs_dev/vitb16/T=vtab_Q=3bit_L=lora_2_qkv-fc1-proj-fc2/cifar/20260114184203_default_acc=53.50/tensorboard/Grad_mlp.fc2.lora_B_block_5/events.out.tfevents.1768387349.master-192-168-8-48.1680.9,mlp.fc2.lora_B,5
1768387984.8919506,1020,31.90625,0.27354228496551514,Grad/mlp.fc2.lora_B,outputs_dev/vitb16/T=vtab_Q=3bit_L=lora_2_qkv-fc1-proj-fc2/cifar/20260114184203_default_acc=53.50/tensorboard/Grad_mlp.fc2.lora_B_block_5/events.out.tfevents.1768387349.master-192-168-8-48.1680.9,mlp.fc2.lora_B,5
1768387985.3158848,1021,31.9375,0.21387717127799988,Grad/mlp.fc2.lora_B,outputs_dev/vitb16/T=vtab_Q=3bit_L=lora_2_qkv-fc1-proj-fc2/cifar/20260114184203_default_acc=53.50/tensorboard/Grad_mlp.fc2.lora_B_block_5/events.out.tfevents.1768387349.master-192-168-8-48.1680.9,mlp.fc2.lora_B,5
1768387985.7384677,1022,31.96875,0.13869786262512207,Grad/mlp.fc2.lora_B,outputs_dev/vitb16/T=vtab_Q=3bit_L=lora_2_qkv-fc1-proj-fc2/cifar/20260114184203_default_acc=53.50/tensorboard/Grad_mlp.fc2.lora_B_block_5/events.out.tfevents.1768387349.master-192-168-8-48.1680.9,mlp.fc2.lora_B,5
1768387985.950484,1023,32.0,0.20163948833942413,Grad/mlp.fc2.lora_B,outputs_dev/vitb16/T=vtab_Q=3bit_L=lora_2_qkv-fc1-proj-fc2/cifar/20260114184203_default_acc=53.50/tensorboard/Grad_mlp.fc2.lora_B_block_5/events.out.tfevents.1768387349.master-192-168-8-48.1680.9,mlp.fc2.lora_B,5
1768387986.610617,1024,32.03125,0.29513657093048096,Grad/mlp.fc2.lora_B,outputs_dev/vitb16/T=vtab_Q=3bit_L=lora_2_qkv-fc1-proj-fc2/cifar/20260114184203_default_acc=53.50/tensorboard/Grad_mlp.fc2.lora_B_block_5/events.out.tfevents.1768387349.master-192-168-8-48.1680.9,mlp.fc2.lora_B,5
1768387987.0247397,1025,32.0625,0.19743889570236206,Grad/mlp.fc2.lora_B,outputs_dev/vitb16/T=vtab_Q=3bit_L=lora_2_qkv-fc1-proj-fc2/cifar/20260114184203_default_acc=53.50/tensorboard/Grad_mlp.fc2.lora_B_block_5/events.out.tfevents.1768387349.master-192-168-8-48.1680.9,mlp.fc2.lora_B,5
1768387987.4486194,1026,32.09375,0.12465875595808029,Grad/mlp.fc2.lora_B,outputs_dev/vitb16/T=vtab_Q=3bit_L=lora_2_qkv-fc1-proj-fc2/cifar/20260114184203_default_acc=53.50/tensorboard/Grad_mlp.fc2.lora_B_block_5/events.out.tfevents.1768387349.master-192-168-8-48.1680.9,mlp.fc2.lora_B,5
1768387987.871426,1027,32.125,0.27551060914993286,Grad/mlp.fc2.lora_B,outputs_dev/vitb16/T=vtab_Q=3bit_L=lora_2_qkv-fc1-proj-fc2/cifar/20260114184203_default_acc=53.50/tensorboard/Grad_mlp.fc2.lora_B_block_5/events.out.tfevents.1768387349.master-192-168-8-48.1680.9,mlp.fc2.lora_B,5
1768387988.3039944,1028,32.15625,0.3067972958087921,Grad/mlp.fc2.lora_B,outputs_dev/vitb16/T=vtab_Q=3bit_L=lora_2_qkv-fc1-proj-fc2/cifar/20260114184203_default_acc=53.50/tensorboard/Grad_mlp.fc2.lora_B_block_5/events.out.tfevents.1768387349.master-192-168-8-48.1680.9,mlp.fc2.lora_B,5
1768387988.7252786,1029,32.1875,0.21345233917236328,Grad/mlp.fc2.lora_B,outputs_dev/vitb16/T=vtab_Q=3bit_L=lora_2_qkv-fc1-proj-fc2/cifar/20260114184203_default_acc=53.50/tensorboard/Grad_mlp.fc2.lora_B_block_5/events.out.tfevents.1768387349.master-192-168-8-48.1680.9,mlp.fc2.lora_B,5
1768387989.1486194,1030,32.21875,0.15585844218730927,Grad/mlp.fc2.lora_B,outputs_dev/vitb16/T=vtab_Q=3bit_L=lora_2_qkv-fc1-proj-fc2/cifar/20260114184203_default_acc=53.50/tensorboard/Grad_mlp.fc2.lora_B_block_5/events.out.tfevents.1768387349.master-192-168-8-48.1680.9,mlp.fc2.lora_B,5
1768387989.5720885,1031,32.25,0.10109444707632065,Grad/mlp.fc2.lora_B,outputs_dev/vitb16/T=vtab_Q=3bit_L=lora_2_qkv-fc1-proj-fc2/cifar/20260114184203_default_acc=53.50/tensorboard/Grad_mlp.fc2.lora_B_block_5/events.out.tfevents.1768387349.master-192-168-8-48.1680.9,mlp.fc2.lora_B,5
1768387989.9943385,1032,32.28125,0.3065982162952423,Grad/mlp.fc2.lora_B,outputs_dev/vitb16/T=vtab_Q=3bit_L=lora_2_qkv-fc1-proj-fc2/cifar/20260114184203_default_acc=53.50/tensorboard/Grad_mlp.fc2.lora_B_block_5/events.out.tfevents.1768387349.master-192-168-8-48.1680.9,mlp.fc2.lora_B,5
1768387990.4147918,1033,32.3125,0.1531447023153305,Grad/mlp.fc2.lora_B,outputs_dev/vitb16/T=vtab_Q=3bit_L=lora_2_qkv-fc1-proj-fc2/cifar/20260114184203_default_acc=53.50/tensorboard/Grad_mlp.fc2.lora_B_block_5/events.out.tfevents.1768387349.master-192-168-8-48.1680.9,mlp.fc2.lora_B,5
1768387990.8370748,1034,32.34375,0.4222901463508606,Grad/mlp.fc2.lora_B,outputs_dev/vitb16/T=vtab_Q=3bit_L=lora_2_qkv-fc1-proj-fc2/cifar/20260114184203_default_acc=53.50/tensorboard/Grad_mlp.fc2.lora_B_block_5/events.out.tfevents.1768387349.master-192-168-8-48.1680.9,mlp.fc2.lora_B,5
1768387991.2814586,1035,32.375,0.33721959590911865,Grad/mlp.fc2.lora_B,outputs_dev/vitb16/T=vtab_Q=3bit_L=lora_2_qkv-fc1-proj-fc2/cifar/20260114184203_default_acc=53.50/tensorboard/Grad_mlp.fc2.lora_B_block_5/events.out.tfevents.1768387349.master-192-168-8-48.1680.9,mlp.fc2.lora_B,5
1768387991.7029657,1036,32.40625,0.1618427336215973,Grad/mlp.fc2.lora_B,outputs_dev/vitb16/T=vtab_Q=3bit_L=lora_2_qkv-fc1-proj-fc2/cifar/20260114184203_default_acc=53.50/tensorboard/Grad_mlp.fc2.lora_B_block_5/events.out.tfevents.1768387349.master-192-168-8-48.1680.9,mlp.fc2.lora_B,5
1768387992.129502,1037,32.4375,0.18401241302490234,Grad/mlp.fc2.lora_B,outputs_dev/vitb16/T=vtab_Q=3bit_L=lora_2_qkv-fc1-proj-fc2/cifar/20260114184203_default_acc=53.50/tensorboard/Grad_mlp.fc2.lora_B_block_5/events.out.tfevents.1768387349.master-192-168-8-48.1680.9,mlp.fc2.lora_B,5
1768387992.5658529,1038,32.46875,0.14425258338451385,Grad/mlp.fc2.lora_B,outputs_dev/vitb16/T=vtab_Q=3bit_L=lora_2_qkv-fc1-proj-fc2/cifar/20260114184203_default_acc=53.50/tensorboard/Grad_mlp.fc2.lora_B_block_5/events.out.tfevents.1768387349.master-192-168-8-48.1680.9,mlp.fc2.lora_B,5
1768387993.0038402,1039,32.5,0.27408602833747864,Grad/mlp.fc2.lora_B,outputs_dev/vitb16/T=vtab_Q=3bit_L=lora_2_qkv-fc1-proj-fc2/cifar/20260114184203_default_acc=53.50/tensorboard/Grad_mlp.fc2.lora_B_block_5/events.out.tfevents.1768387349.master-192-168-8-48.1680.9,mlp.fc2.lora_B,5
1768387993.4338048,1040,32.53125,0.18430376052856445,Grad/mlp.fc2.lora_B,outputs_dev/vitb16/T=vtab_Q=3bit_L=lora_2_qkv-fc1-proj-fc2/cifar/20260114184203_default_acc=53.50/tensorboard/Grad_mlp.fc2.lora_B_block_5/events.out.tfevents.1768387349.master-192-168-8-48.1680.9,mlp.fc2.lora_B,5
1768387993.8705065,1041,32.5625,0.1809816062450409,Grad/mlp.fc2.lora_B,outputs_dev/vitb16/T=vtab_Q=3bit_L=lora_2_qkv-fc1-proj-fc2/cifar/20260114184203_default_acc=53.50/tensorboard/Grad_mlp.fc2.lora_B_block_5/events.out.tfevents.1768387349.master-192-168-8-48.1680.9,mlp.fc2.lora_B,5
1768387994.2902825,1042,32.59375,0.23260264098644257,Grad/mlp.fc2.lora_B,outputs_dev/vitb16/T=vtab_Q=3bit_L=lora_2_qkv-fc1-proj-fc2/cifar/20260114184203_default_acc=53.50/tensorboard/Grad_mlp.fc2.lora_B_block_5/events.out.tfevents.1768387349.master-192-168-8-48.1680.9,mlp.fc2.lora_B,5
1768387994.7250617,1043,32.625,0.3997483551502228,Grad/mlp.fc2.lora_B,outputs_dev/vitb16/T=vtab_Q=3bit_L=lora_2_qkv-fc1-proj-fc2/cifar/20260114184203_default_acc=53.50/tensorboard/Grad_mlp.fc2.lora_B_block_5/events.out.tfevents.1768387349.master-192-168-8-48.1680.9,mlp.fc2.lora_B,5
1768387995.159617,1044,32.65625,0.25723761320114136,Grad/mlp.fc2.lora_B,outputs_dev/vitb16/T=vtab_Q=3bit_L=lora_2_qkv-fc1-proj-fc2/cifar/20260114184203_default_acc=53.50/tensorboard/Grad_mlp.fc2.lora_B_block_5/events.out.tfevents.1768387349.master-192-168-8-48.1680.9,mlp.fc2.lora_B,5
1768387995.5859768,1045,32.6875,0.2861856520175934,Grad/mlp.fc2.lora_B,outputs_dev/vitb16/T=vtab_Q=3bit_L=lora_2_qkv-fc1-proj-fc2/cifar/20260114184203_default_acc=53.50/tensorboard/Grad_mlp.fc2.lora_B_block_5/events.out.tfevents.1768387349.master-192-168-8-48.1680.9,mlp.fc2.lora_B,5
1768387996.0153859,1046,32.71875,0.12270691990852356,Grad/mlp.fc2.lora_B,outputs_dev/vitb16/T=vtab_Q=3bit_L=lora_2_qkv-fc1-proj-fc2/cifar/20260114184203_default_acc=53.50/tensorboard/Grad_mlp.fc2.lora_B_block_5/events.out.tfevents.1768387349.master-192-168-8-48.1680.9,mlp.fc2.lora_B,5
1768387996.439071,1047,32.75,0.18059907853603363,Grad/mlp.fc2.lora_B,outputs_dev/vitb16/T=vtab_Q=3bit_L=lora_2_qkv-fc1-proj-fc2/cifar/20260114184203_default_acc=53.50/tensorboard/Grad_mlp.fc2.lora_B_block_5/events.out.tfevents.1768387349.master-192-168-8-48.1680.9,mlp.fc2.lora_B,5
1768387996.8769083,1048,32.78125,0.19002637267112732,Grad/mlp.fc2.lora_B,outputs_dev/vitb16/T=vtab_Q=3bit_L=lora_2_qkv-fc1-proj-fc2/cifar/20260114184203_default_acc=53.50/tensorboard/Grad_mlp.fc2.lora_B_block_5/events.out.tfevents.1768387349.master-192-168-8-48.1680.9,mlp.fc2.lora_B,5
1768387997.3118825,1049,32.8125,0.2669605314731598,Grad/mlp.fc2.lora_B,outputs_dev/vitb16/T=vtab_Q=3bit_L=lora_2_qkv-fc1-proj-fc2/cifar/20260114184203_default_acc=53.50/tensorboard/Grad_mlp.fc2.lora_B_block_5/events.out.tfevents.1768387349.master-192-168-8-48.1680.9,mlp.fc2.lora_B,5
1768387997.7463174,1050,32.84375,0.16195765137672424,Grad/mlp.fc2.lora_B,outputs_dev/vitb16/T=vtab_Q=3bit_L=lora_2_qkv-fc1-proj-fc2/cifar/20260114184203_default_acc=53.50/tensorboard/Grad_mlp.fc2.lora_B_block_5/events.out.tfevents.1768387349.master-192-168-8-48.1680.9,mlp.fc2.lora_B,5
1768387998.1810825,1051,32.875,0.1394997388124466,Grad/mlp.fc2.lora_B,outputs_dev/vitb16/T=vtab_Q=3bit_L=lora_2_qkv-fc1-proj-fc2/cifar/20260114184203_default_acc=53.50/tensorboard/Grad_mlp.fc2.lora_B_block_5/events.out.tfevents.1768387349.master-192-168-8-48.1680.9,mlp.fc2.lora_B,5
1768387998.6027665,1052,32.90625,0.2984541356563568,Grad/mlp.fc2.lora_B,outputs_dev/vitb16/T=vtab_Q=3bit_L=lora_2_qkv-fc1-proj-fc2/cifar/20260114184203_default_acc=53.50/tensorboard/Grad_mlp.fc2.lora_B_block_5/events.out.tfevents.1768387349.master-192-168-8-48.1680.9,mlp.fc2.lora_B,5
1768387999.0241492,1053,32.9375,0.24625863134860992,Grad/mlp.fc2.lora_B,outputs_dev/vitb16/T=vtab_Q=3bit_L=lora_2_qkv-fc1-proj-fc2/cifar/20260114184203_default_acc=53.50/tensorboard/Grad_mlp.fc2.lora_B_block_5/events.out.tfevents.1768387349.master-192-168-8-48.1680.9,mlp.fc2.lora_B,5
1768387999.447708,1054,32.96875,0.17374348640441895,Grad/mlp.fc2.lora_B,outputs_dev/vitb16/T=vtab_Q=3bit_L=lora_2_qkv-fc1-proj-fc2/cifar/20260114184203_default_acc=53.50/tensorboard/Grad_mlp.fc2.lora_B_block_5/events.out.tfevents.1768387349.master-192-168-8-48.1680.9,mlp.fc2.lora_B,5
1768387999.6702304,1055,33.0,0.19321170449256897,Grad/mlp.fc2.lora_B,outputs_dev/vitb16/T=vtab_Q=3bit_L=lora_2_qkv-fc1-proj-fc2/cifar/20260114184203_default_acc=53.50/tensorboard/Grad_mlp.fc2.lora_B_block_5/events.out.tfevents.1768387349.master-192-168-8-48.1680.9,mlp.fc2.lora_B,5
1768388000.563314,1056,33.03125,0.16613924503326416,Grad/mlp.fc2.lora_B,outputs_dev/vitb16/T=vtab_Q=3bit_L=lora_2_qkv-fc1-proj-fc2/cifar/20260114184203_default_acc=53.50/tensorboard/Grad_mlp.fc2.lora_B_block_5/events.out.tfevents.1768387349.master-192-168-8-48.1680.9,mlp.fc2.lora_B,5
1768388000.9886546,1057,33.0625,0.2045389860868454,Grad/mlp.fc2.lora_B,outputs_dev/vitb16/T=vtab_Q=3bit_L=lora_2_qkv-fc1-proj-fc2/cifar/20260114184203_default_acc=53.50/tensorboard/Grad_mlp.fc2.lora_B_block_5/events.out.tfevents.1768387349.master-192-168-8-48.1680.9,mlp.fc2.lora_B,5
1768388001.4095254,1058,33.09375,0.11123029887676239,Grad/mlp.fc2.lora_B,outputs_dev/vitb16/T=vtab_Q=3bit_L=lora_2_qkv-fc1-proj-fc2/cifar/20260114184203_default_acc=53.50/tensorboard/Grad_mlp.fc2.lora_B_block_5/events.out.tfevents.1768387349.master-192-168-8-48.1680.9,mlp.fc2.lora_B,5
1768388001.848389,1059,33.125,0.19515645503997803,Grad/mlp.fc2.lora_B,outputs_dev/vitb16/T=vtab_Q=3bit_L=lora_2_qkv-fc1-proj-fc2/cifar/20260114184203_default_acc=53.50/tensorboard/Grad_mlp.fc2.lora_B_block_5/events.out.tfevents.1768387349.master-192-168-8-48.1680.9,mlp.fc2.lora_B,5
1768388002.2715347,1060,33.15625,0.12887851893901825,Grad/mlp.fc2.lora_B,outputs_dev/vitb16/T=vtab_Q=3bit_L=lora_2_qkv-fc1-proj-fc2/cifar/20260114184203_default_acc=53.50/tensorboard/Grad_mlp.fc2.lora_B_block_5/events.out.tfevents.1768387349.master-192-168-8-48.1680.9,mlp.fc2.lora_B,5
1768388002.694047,1061,33.1875,0.1251278668642044,Grad/mlp.fc2.lora_B,outputs_dev/vitb16/T=vtab_Q=3bit_L=lora_2_qkv-fc1-proj-fc2/cifar/20260114184203_default_acc=53.50/tensorboard/Grad_mlp.fc2.lora_B_block_5/events.out.tfevents.1768387349.master-192-168-8-48.1680.9,mlp.fc2.lora_B,5
1768388003.1285648,1062,33.21875,0.118935726583004,Grad/mlp.fc2.lora_B,outputs_dev/vitb16/T=vtab_Q=3bit_L=lora_2_qkv-fc1-proj-fc2/cifar/20260114184203_default_acc=53.50/tensorboard/Grad_mlp.fc2.lora_B_block_5/events.out.tfevents.1768387349.master-192-168-8-48.1680.9,mlp.fc2.lora_B,5
1768388003.5516233,1063,33.25,0.18097828328609467,Grad/mlp.fc2.lora_B,outputs_dev/vitb16/T=vtab_Q=3bit_L=lora_2_qkv-fc1-proj-fc2/cifar/20260114184203_default_acc=53.50/tensorboard/Grad_mlp.fc2.lora_B_block_5/events.out.tfevents.1768387349.master-192-168-8-48.1680.9,mlp.fc2.lora_B,5
1768388003.974906,1064,33.28125,0.14762069284915924,Grad/mlp.fc2.lora_B,outputs_dev/vitb16/T=vtab_Q=3bit_L=lora_2_qkv-fc1-proj-fc2/cifar/20260114184203_default_acc=53.50/tensorboard/Grad_mlp.fc2.lora_B_block_5/events.out.tfevents.1768387349.master-192-168-8-48.1680.9,mlp.fc2.lora_B,5
1768388004.4106383,1065,33.3125,0.24285408854484558,Grad/mlp.fc2.lora_B,outputs_dev/vitb16/T=vtab_Q=3bit_L=lora_2_qkv-fc1-proj-fc2/cifar/20260114184203_default_acc=53.50/tensorboard/Grad_mlp.fc2.lora_B_block_5/events.out.tfevents.1768387349.master-192-168-8-48.1680.9,mlp.fc2.lora_B,5
1768388004.8435776,1066,33.34375,0.21316909790039062,Grad/mlp.fc2.lora_B,outputs_dev/vitb16/T=vtab_Q=3bit_L=lora_2_qkv-fc1-proj-fc2/cifar/20260114184203_default_acc=53.50/tensorboard/Grad_mlp.fc2.lora_B_block_5/events.out.tfevents.1768387349.master-192-168-8-48.1680.9,mlp.fc2.lora_B,5
1768388005.268605,1067,33.375,0.14335745573043823,Grad/mlp.fc2.lora_B,outputs_dev/vitb16/T=vtab_Q=3bit_L=lora_2_qkv-fc1-proj-fc2/cifar/20260114184203_default_acc=53.50/tensorboard/Grad_mlp.fc2.lora_B_block_5/events.out.tfevents.1768387349.master-192-168-8-48.1680.9,mlp.fc2.lora_B,5
1768388005.6920638,1068,33.40625,0.2381054013967514,Grad/mlp.fc2.lora_B,outputs_dev/vitb16/T=vtab_Q=3bit_L=lora_2_qkv-fc1-proj-fc2/cifar/20260114184203_default_acc=53.50/tensorboard/Grad_mlp.fc2.lora_B_block_5/events.out.tfevents.1768387349.master-192-168-8-48.1680.9,mlp.fc2.lora_B,5
1768388006.1128654,1069,33.4375,0.16915814578533173,Grad/mlp.fc2.lora_B,outputs_dev/vitb16/T=vtab_Q=3bit_L=lora_2_qkv-fc1-proj-fc2/cifar/20260114184203_default_acc=53.50/tensorboard/Grad_mlp.fc2.lora_B_block_5/events.out.tfevents.1768387349.master-192-168-8-48.1680.9,mlp.fc2.lora_B,5
1768388006.5339012,1070,33.46875,0.05696474760770798,Grad/mlp.fc2.lora_B,outputs_dev/vitb16/T=vtab_Q=3bit_L=lora_2_qkv-fc1-proj-fc2/cifar/20260114184203_default_acc=53.50/tensorboard/Grad_mlp.fc2.lora_B_block_5/events.out.tfevents.1768387349.master-192-168-8-48.1680.9,mlp.fc2.lora_B,5
1768388006.9599898,1071,33.5,0.12338544428348541,Grad/mlp.fc2.lora_B,outputs_dev/vitb16/T=vtab_Q=3bit_L=lora_2_qkv-fc1-proj-fc2/cifar/20260114184203_default_acc=53.50/tensorboard/Grad_mlp.fc2.lora_B_block_5/events.out.tfevents.1768387349.master-192-168-8-48.1680.9,mlp.fc2.lora_B,5
1768388007.3953319,1072,33.53125,0.28749769926071167,Grad/mlp.fc2.lora_B,outputs_dev/vitb16/T=vtab_Q=3bit_L=lora_2_qkv-fc1-proj-fc2/cifar/20260114184203_default_acc=53.50/tensorboard/Grad_mlp.fc2.lora_B_block_5/events.out.tfevents.1768387349.master-192-168-8-48.1680.9,mlp.fc2.lora_B,5
1768388007.8333,1073,33.5625,0.18174141645431519,Grad/mlp.fc2.lora_B,outputs_dev/vitb16/T=vtab_Q=3bit_L=lora_2_qkv-fc1-proj-fc2/cifar/20260114184203_default_acc=53.50/tensorboard/Grad_mlp.fc2.lora_B_block_5/events.out.tfevents.1768387349.master-192-168-8-48.1680.9,mlp.fc2.lora_B,5
1768388008.2567937,1074,33.59375,0.1672389656305313,Grad/mlp.fc2.lora_B,outputs_dev/vitb16/T=vtab_Q=3bit_L=lora_2_qkv-fc1-proj-fc2/cifar/20260114184203_default_acc=53.50/tensorboard/Grad_mlp.fc2.lora_B_block_5/events.out.tfevents.1768387349.master-192-168-8-48.1680.9,mlp.fc2.lora_B,5
1768388008.6789832,1075,33.625,0.16880540549755096,Grad/mlp.fc2.lora_B,outputs_dev/vitb16/T=vtab_Q=3bit_L=lora_2_qkv-fc1-proj-fc2/cifar/20260114184203_default_acc=53.50/tensorboard/Grad_mlp.fc2.lora_B_block_5/events.out.tfevents.1768387349.master-192-168-8-48.1680.9,mlp.fc2.lora_B,5
1768388009.100004,1076,33.65625,0.3333355188369751,Grad/mlp.fc2.lora_B,outputs_dev/vitb16/T=vtab_Q=3bit_L=lora_2_qkv-fc1-proj-fc2/cifar/20260114184203_default_acc=53.50/tensorboard/Grad_mlp.fc2.lora_B_block_5/events.out.tfevents.1768387349.master-192-168-8-48.1680.9,mlp.fc2.lora_B,5
1768388009.5245073,1077,33.6875,0.0985630452632904,Grad/mlp.fc2.lora_B,outputs_dev/vitb16/T=vtab_Q=3bit_L=lora_2_qkv-fc1-proj-fc2/cifar/20260114184203_default_acc=53.50/tensorboard/Grad_mlp.fc2.lora_B_block_5/events.out.tfevents.1768387349.master-192-168-8-48.1680.9,mlp.fc2.lora_B,5
1768388009.9465284,1078,33.71875,0.1686491221189499,Grad/mlp.fc2.lora_B,outputs_dev/vitb16/T=vtab_Q=3bit_L=lora_2_qkv-fc1-proj-fc2/cifar/20260114184203_default_acc=53.50/tensorboard/Grad_mlp.fc2.lora_B_block_5/events.out.tfevents.1768387349.master-192-168-8-48.1680.9,mlp.fc2.lora_B,5
1768388010.3799238,1079,33.75,0.1965412050485611,Grad/mlp.fc2.lora_B,outputs_dev/vitb16/T=vtab_Q=3bit_L=lora_2_qkv-fc1-proj-fc2/cifar/20260114184203_default_acc=53.50/tensorboard/Grad_mlp.fc2.lora_B_block_5/events.out.tfevents.1768387349.master-192-168-8-48.1680.9,mlp.fc2.lora_B,5
1768388010.7876468,1080,33.78125,0.16614000499248505,Grad/mlp.fc2.lora_B,outputs_dev/vitb16/T=vtab_Q=3bit_L=lora_2_qkv-fc1-proj-fc2/cifar/20260114184203_default_acc=53.50/tensorboard/Grad_mlp.fc2.lora_B_block_5/events.out.tfevents.1768387349.master-192-168-8-48.1680.9,mlp.fc2.lora_B,5
1768388011.1978264,1081,33.8125,0.20593015849590302,Grad/mlp.fc2.lora_B,outputs_dev/vitb16/T=vtab_Q=3bit_L=lora_2_qkv-fc1-proj-fc2/cifar/20260114184203_default_acc=53.50/tensorboard/Grad_mlp.fc2.lora_B_block_5/events.out.tfevents.1768387349.master-192-168-8-48.1680.9,mlp.fc2.lora_B,5
1768388011.6200871,1082,33.84375,0.15481923520565033,Grad/mlp.fc2.lora_B,outputs_dev/vitb16/T=vtab_Q=3bit_L=lora_2_qkv-fc1-proj-fc2/cifar/20260114184203_default_acc=53.50/tensorboard/Grad_mlp.fc2.lora_B_block_5/events.out.tfevents.1768387349.master-192-168-8-48.1680.9,mlp.fc2.lora_B,5
1768388012.0424166,1083,33.875,0.33301520347595215,Grad/mlp.fc2.lora_B,outputs_dev/vitb16/T=vtab_Q=3bit_L=lora_2_qkv-fc1-proj-fc2/cifar/20260114184203_default_acc=53.50/tensorboard/Grad_mlp.fc2.lora_B_block_5/events.out.tfevents.1768387349.master-192-168-8-48.1680.9,mlp.fc2.lora_B,5
1768388012.4807925,1084,33.90625,0.2061513215303421,Grad/mlp.fc2.lora_B,outputs_dev/vitb16/T=vtab_Q=3bit_L=lora_2_qkv-fc1-proj-fc2/cifar/20260114184203_default_acc=53.50/tensorboard/Grad_mlp.fc2.lora_B_block_5/events.out.tfevents.1768387349.master-192-168-8-48.1680.9,mlp.fc2.lora_B,5
1768388012.9014878,1085,33.9375,0.23822687566280365,Grad/mlp.fc2.lora_B,outputs_dev/vitb16/T=vtab_Q=3bit_L=lora_2_qkv-fc1-proj-fc2/cifar/20260114184203_default_acc=53.50/tensorboard/Grad_mlp.fc2.lora_B_block_5/events.out.tfevents.1768387349.master-192-168-8-48.1680.9,mlp.fc2.lora_B,5
1768388013.3226202,1086,33.96875,0.17790250480175018,Grad/mlp.fc2.lora_B,outputs_dev/vitb16/T=vtab_Q=3bit_L=lora_2_qkv-fc1-proj-fc2/cifar/20260114184203_default_acc=53.50/tensorboard/Grad_mlp.fc2.lora_B_block_5/events.out.tfevents.1768387349.master-192-168-8-48.1680.9,mlp.fc2.lora_B,5
1768388013.5456944,1087,34.0,0.36551332473754883,Grad/mlp.fc2.lora_B,outputs_dev/vitb16/T=vtab_Q=3bit_L=lora_2_qkv-fc1-proj-fc2/cifar/20260114184203_default_acc=53.50/tensorboard/Grad_mlp.fc2.lora_B_block_5/events.out.tfevents.1768387349.master-192-168-8-48.1680.9,mlp.fc2.lora_B,5
1768388014.210753,1088,34.03125,0.2163592427968979,Grad/mlp.fc2.lora_B,outputs_dev/vitb16/T=vtab_Q=3bit_L=lora_2_qkv-fc1-proj-fc2/cifar/20260114184203_default_acc=53.50/tensorboard/Grad_mlp.fc2.lora_B_block_5/events.out.tfevents.1768387349.master-192-168-8-48.1680.9,mlp.fc2.lora_B,5
1768388014.6264644,1089,34.0625,0.2664434015750885,Grad/mlp.fc2.lora_B,outputs_dev/vitb16/T=vtab_Q=3bit_L=lora_2_qkv-fc1-proj-fc2/cifar/20260114184203_default_acc=53.50/tensorboard/Grad_mlp.fc2.lora_B_block_5/events.out.tfevents.1768387349.master-192-168-8-48.1680.9,mlp.fc2.lora_B,5
1768388015.0379975,1090,34.09375,0.17926764488220215,Grad/mlp.fc2.lora_B,outputs_dev/vitb16/T=vtab_Q=3bit_L=lora_2_qkv-fc1-proj-fc2/cifar/20260114184203_default_acc=53.50/tensorboard/Grad_mlp.fc2.lora_B_block_5/events.out.tfevents.1768387349.master-192-168-8-48.1680.9,mlp.fc2.lora_B,5
1768388015.448074,1091,34.125,0.2773078978061676,Grad/mlp.fc2.lora_B,outputs_dev/vitb16/T=vtab_Q=3bit_L=lora_2_qkv-fc1-proj-fc2/cifar/20260114184203_default_acc=53.50/tensorboard/Grad_mlp.fc2.lora_B_block_5/events.out.tfevents.1768387349.master-192-168-8-48.1680.9,mlp.fc2.lora_B,5
1768388015.8607879,1092,34.15625,0.15009833872318268,Grad/mlp.fc2.lora_B,outputs_dev/vitb16/T=vtab_Q=3bit_L=lora_2_qkv-fc1-proj-fc2/cifar/20260114184203_default_acc=53.50/tensorboard/Grad_mlp.fc2.lora_B_block_5/events.out.tfevents.1768387349.master-192-168-8-48.1680.9,mlp.fc2.lora_B,5
1768388016.2708333,1093,34.1875,0.2329060286283493,Grad/mlp.fc2.lora_B,outputs_dev/vitb16/T=vtab_Q=3bit_L=lora_2_qkv-fc1-proj-fc2/cifar/20260114184203_default_acc=53.50/tensorboard/Grad_mlp.fc2.lora_B_block_5/events.out.tfevents.1768387349.master-192-168-8-48.1680.9,mlp.fc2.lora_B,5
1768388016.6839666,1094,34.21875,0.13709835708141327,Grad/mlp.fc2.lora_B,outputs_dev/vitb16/T=vtab_Q=3bit_L=lora_2_qkv-fc1-proj-fc2/cifar/20260114184203_default_acc=53.50/tensorboard/Grad_mlp.fc2.lora_B_block_5/events.out.tfevents.1768387349.master-192-168-8-48.1680.9,mlp.fc2.lora_B,5
1768388017.097111,1095,34.25,0.22262385487556458,Grad/mlp.fc2.lora_B,outputs_dev/vitb16/T=vtab_Q=3bit_L=lora_2_qkv-fc1-proj-fc2/cifar/20260114184203_default_acc=53.50/tensorboard/Grad_mlp.fc2.lora_B_block_5/events.out.tfevents.1768387349.master-192-168-8-48.1680.9,mlp.fc2.lora_B,5
1768388017.5085883,1096,34.28125,0.11258913576602936,Grad/mlp.fc2.lora_B,outputs_dev/vitb16/T=vtab_Q=3bit_L=lora_2_qkv-fc1-proj-fc2/cifar/20260114184203_default_acc=53.50/tensorboard/Grad_mlp.fc2.lora_B_block_5/events.out.tfevents.1768387349.master-192-168-8-48.1680.9,mlp.fc2.lora_B,5
1768388017.9281414,1097,34.3125,0.31340956687927246,Grad/mlp.fc2.lora_B,outputs_dev/vitb16/T=vtab_Q=3bit_L=lora_2_qkv-fc1-proj-fc2/cifar/20260114184203_default_acc=53.50/tensorboard/Grad_mlp.fc2.lora_B_block_5/events.out.tfevents.1768387349.master-192-168-8-48.1680.9,mlp.fc2.lora_B,5
1768388018.3803976,1098,34.34375,0.08730371296405792,Grad/mlp.fc2.lora_B,outputs_dev/vitb16/T=vtab_Q=3bit_L=lora_2_qkv-fc1-proj-fc2/cifar/20260114184203_default_acc=53.50/tensorboard/Grad_mlp.fc2.lora_B_block_5/events.out.tfevents.1768387349.master-192-168-8-48.1680.9,mlp.fc2.lora_B,5
1768388018.8219087,1099,34.375,0.1076350212097168,Grad/mlp.fc2.lora_B,outputs_dev/vitb16/T=vtab_Q=3bit_L=lora_2_qkv-fc1-proj-fc2/cifar/20260114184203_default_acc=53.50/tensorboard/Grad_mlp.fc2.lora_B_block_5/events.out.tfevents.1768387349.master-192-168-8-48.1680.9,mlp.fc2.lora_B,5
1768388019.2616203,1100,34.40625,0.237348735332489,Grad/mlp.fc2.lora_B,outputs_dev/vitb16/T=vtab_Q=3bit_L=lora_2_qkv-fc1-proj-fc2/cifar/20260114184203_default_acc=53.50/tensorboard/Grad_mlp.fc2.lora_B_block_5/events.out.tfevents.1768387349.master-192-168-8-48.1680.9,mlp.fc2.lora_B,5
1768388019.7011504,1101,34.4375,0.3172219693660736,Grad/mlp.fc2.lora_B,outputs_dev/vitb16/T=vtab_Q=3bit_L=lora_2_qkv-fc1-proj-fc2/cifar/20260114184203_default_acc=53.50/tensorboard/Grad_mlp.fc2.lora_B_block_5/events.out.tfevents.1768387349.master-192-168-8-48.1680.9,mlp.fc2.lora_B,5
1768388020.136499,1102,34.46875,0.17908480763435364,Grad/mlp.fc2.lora_B,outputs_dev/vitb16/T=vtab_Q=3bit_L=lora_2_qkv-fc1-proj-fc2/cifar/20260114184203_default_acc=53.50/tensorboard/Grad_mlp.fc2.lora_B_block_5/events.out.tfevents.1768387349.master-192-168-8-48.1680.9,mlp.fc2.lora_B,5
1768388020.570627,1103,34.5,0.19342243671417236,Grad/mlp.fc2.lora_B,outputs_dev/vitb16/T=vtab_Q=3bit_L=lora_2_qkv-fc1-proj-fc2/cifar/20260114184203_default_acc=53.50/tensorboard/Grad_mlp.fc2.lora_B_block_5/events.out.tfevents.1768387349.master-192-168-8-48.1680.9,mlp.fc2.lora_B,5
1768388021.0058794,1104,34.53125,0.31053999066352844,Grad/mlp.fc2.lora_B,outputs_dev/vitb16/T=vtab_Q=3bit_L=lora_2_qkv-fc1-proj-fc2/cifar/20260114184203_default_acc=53.50/tensorboard/Grad_mlp.fc2.lora_B_block_5/events.out.tfevents.1768387349.master-192-168-8-48.1680.9,mlp.fc2.lora_B,5
1768388021.4168048,1105,34.5625,0.2090073972940445,Grad/mlp.fc2.lora_B,outputs_dev/vitb16/T=vtab_Q=3bit_L=lora_2_qkv-fc1-proj-fc2/cifar/20260114184203_default_acc=53.50/tensorboard/Grad_mlp.fc2.lora_B_block_5/events.out.tfevents.1768387349.master-192-168-8-48.1680.9,mlp.fc2.lora_B,5
1768388021.850563,1106,34.59375,0.19127421081066132,Grad/mlp.fc2.lora_B,outputs_dev/vitb16/T=vtab_Q=3bit_L=lora_2_qkv-fc1-proj-fc2/cifar/20260114184203_default_acc=53.50/tensorboard/Grad_mlp.fc2.lora_B_block_5/events.out.tfevents.1768387349.master-192-168-8-48.1680.9,mlp.fc2.lora_B,5
1768388022.2895136,1107,34.625,0.27994391322135925,Grad/mlp.fc2.lora_B,outputs_dev/vitb16/T=vtab_Q=3bit_L=lora_2_qkv-fc1-proj-fc2/cifar/20260114184203_default_acc=53.50/tensorboard/Grad_mlp.fc2.lora_B_block_5/events.out.tfevents.1768387349.master-192-168-8-48.1680.9,mlp.fc2.lora_B,5
1768388022.7262623,1108,34.65625,0.2345990687608719,Grad/mlp.fc2.lora_B,outputs_dev/vitb16/T=vtab_Q=3bit_L=lora_2_qkv-fc1-proj-fc2/cifar/20260114184203_default_acc=53.50/tensorboard/Grad_mlp.fc2.lora_B_block_5/events.out.tfevents.1768387349.master-192-168-8-48.1680.9,mlp.fc2.lora_B,5
1768388023.160469,1109,34.6875,0.16797448694705963,Grad/mlp.fc2.lora_B,outputs_dev/vitb16/T=vtab_Q=3bit_L=lora_2_qkv-fc1-proj-fc2/cifar/20260114184203_default_acc=53.50/tensorboard/Grad_mlp.fc2.lora_B_block_5/events.out.tfevents.1768387349.master-192-168-8-48.1680.9,mlp.fc2.lora_B,5
1768388023.5820017,1110,34.71875,0.10033224523067474,Grad/mlp.fc2.lora_B,outputs_dev/vitb16/T=vtab_Q=3bit_L=lora_2_qkv-fc1-proj-fc2/cifar/20260114184203_default_acc=53.50/tensorboard/Grad_mlp.fc2.lora_B_block_5/events.out.tfevents.1768387349.master-192-168-8-48.1680.9,mlp.fc2.lora_B,5
1768388024.0035117,1111,34.75,0.17465700209140778,Grad/mlp.fc2.lora_B,outputs_dev/vitb16/T=vtab_Q=3bit_L=lora_2_qkv-fc1-proj-fc2/cifar/20260114184203_default_acc=53.50/tensorboard/Grad_mlp.fc2.lora_B_block_5/events.out.tfevents.1768387349.master-192-168-8-48.1680.9,mlp.fc2.lora_B,5
1768388024.436559,1112,34.78125,0.2507827579975128,Grad/mlp.fc2.lora_B,outputs_dev/vitb16/T=vtab_Q=3bit_L=lora_2_qkv-fc1-proj-fc2/cifar/20260114184203_default_acc=53.50/tensorboard/Grad_mlp.fc2.lora_B_block_5/events.out.tfevents.1768387349.master-192-168-8-48.1680.9,mlp.fc2.lora_B,5
1768388024.8748286,1113,34.8125,0.1559094488620758,Grad/mlp.fc2.lora_B,outputs_dev/vitb16/T=vtab_Q=3bit_L=lora_2_qkv-fc1-proj-fc2/cifar/20260114184203_default_acc=53.50/tensorboard/Grad_mlp.fc2.lora_B_block_5/events.out.tfevents.1768387349.master-192-168-8-48.1680.9,mlp.fc2.lora_B,5
1768388025.309362,1114,34.84375,0.2675215005874634,Grad/mlp.fc2.lora_B,outputs_dev/vitb16/T=vtab_Q=3bit_L=lora_2_qkv-fc1-proj-fc2/cifar/20260114184203_default_acc=53.50/tensorboard/Grad_mlp.fc2.lora_B_block_5/events.out.tfevents.1768387349.master-192-168-8-48.1680.9,mlp.fc2.lora_B,5
1768388025.7424304,1115,34.875,0.18952998518943787,Grad/mlp.fc2.lora_B,outputs_dev/vitb16/T=vtab_Q=3bit_L=lora_2_qkv-fc1-proj-fc2/cifar/20260114184203_default_acc=53.50/tensorboard/Grad_mlp.fc2.lora_B_block_5/events.out.tfevents.1768387349.master-192-168-8-48.1680.9,mlp.fc2.lora_B,5
1768388026.1653128,1116,34.90625,0.19485034048557281,Grad/mlp.fc2.lora_B,outputs_dev/vitb16/T=vtab_Q=3bit_L=lora_2_qkv-fc1-proj-fc2/cifar/20260114184203_default_acc=53.50/tensorboard/Grad_mlp.fc2.lora_B_block_5/events.out.tfevents.1768387349.master-192-168-8-48.1680.9,mlp.fc2.lora_B,5
1768388026.587852,1117,34.9375,0.2314375638961792,Grad/mlp.fc2.lora_B,outputs_dev/vitb16/T=vtab_Q=3bit_L=lora_2_qkv-fc1-proj-fc2/cifar/20260114184203_default_acc=53.50/tensorboard/Grad_mlp.fc2.lora_B_block_5/events.out.tfevents.1768387349.master-192-168-8-48.1680.9,mlp.fc2.lora_B,5
1768388027.0085318,1118,34.96875,0.20114381611347198,Grad/mlp.fc2.lora_B,outputs_dev/vitb16/T=vtab_Q=3bit_L=lora_2_qkv-fc1-proj-fc2/cifar/20260114184203_default_acc=53.50/tensorboard/Grad_mlp.fc2.lora_B_block_5/events.out.tfevents.1768387349.master-192-168-8-48.1680.9,mlp.fc2.lora_B,5
1768388027.2225769,1119,35.0,0.29463517665863037,Grad/mlp.fc2.lora_B,outputs_dev/vitb16/T=vtab_Q=3bit_L=lora_2_qkv-fc1-proj-fc2/cifar/20260114184203_default_acc=53.50/tensorboard/Grad_mlp.fc2.lora_B_block_5/events.out.tfevents.1768387349.master-192-168-8-48.1680.9,mlp.fc2.lora_B,5
1768388027.9573097,1120,35.03125,0.34612947702407837,Grad/mlp.fc2.lora_B,outputs_dev/vitb16/T=vtab_Q=3bit_L=lora_2_qkv-fc1-proj-fc2/cifar/20260114184203_default_acc=53.50/tensorboard/Grad_mlp.fc2.lora_B_block_5/events.out.tfevents.1768387349.master-192-168-8-48.1680.9,mlp.fc2.lora_B,5
1768388028.397169,1121,35.0625,0.14446428418159485,Grad/mlp.fc2.lora_B,outputs_dev/vitb16/T=vtab_Q=3bit_L=lora_2_qkv-fc1-proj-fc2/cifar/20260114184203_default_acc=53.50/tensorboard/Grad_mlp.fc2.lora_B_block_5/events.out.tfevents.1768387349.master-192-168-8-48.1680.9,mlp.fc2.lora_B,5
1768388028.8192759,1122,35.09375,0.41218748688697815,Grad/mlp.fc2.lora_B,outputs_dev/vitb16/T=vtab_Q=3bit_L=lora_2_qkv-fc1-proj-fc2/cifar/20260114184203_default_acc=53.50/tensorboard/Grad_mlp.fc2.lora_B_block_5/events.out.tfevents.1768387349.master-192-168-8-48.1680.9,mlp.fc2.lora_B,5
1768388029.2543116,1123,35.125,0.21376411616802216,Grad/mlp.fc2.lora_B,outputs_dev/vitb16/T=vtab_Q=3bit_L=lora_2_qkv-fc1-proj-fc2/cifar/20260114184203_default_acc=53.50/tensorboard/Grad_mlp.fc2.lora_B_block_5/events.out.tfevents.1768387349.master-192-168-8-48.1680.9,mlp.fc2.lora_B,5
1768388029.6754806,1124,35.15625,0.0976695641875267,Grad/mlp.fc2.lora_B,outputs_dev/vitb16/T=vtab_Q=3bit_L=lora_2_qkv-fc1-proj-fc2/cifar/20260114184203_default_acc=53.50/tensorboard/Grad_mlp.fc2.lora_B_block_5/events.out.tfevents.1768387349.master-192-168-8-48.1680.9,mlp.fc2.lora_B,5
1768388030.095298,1125,35.1875,0.2208067774772644,Grad/mlp.fc2.lora_B,outputs_dev/vitb16/T=vtab_Q=3bit_L=lora_2_qkv-fc1-proj-fc2/cifar/20260114184203_default_acc=53.50/tensorboard/Grad_mlp.fc2.lora_B_block_5/events.out.tfevents.1768387349.master-192-168-8-48.1680.9,mlp.fc2.lora_B,5
1768388030.520706,1126,35.21875,0.21101513504981995,Grad/mlp.fc2.lora_B,outputs_dev/vitb16/T=vtab_Q=3bit_L=lora_2_qkv-fc1-proj-fc2/cifar/20260114184203_default_acc=53.50/tensorboard/Grad_mlp.fc2.lora_B_block_5/events.out.tfevents.1768387349.master-192-168-8-48.1680.9,mlp.fc2.lora_B,5
1768388030.9327025,1127,35.25,0.15757879614830017,Grad/mlp.fc2.lora_B,outputs_dev/vitb16/T=vtab_Q=3bit_L=lora_2_qkv-fc1-proj-fc2/cifar/20260114184203_default_acc=53.50/tensorboard/Grad_mlp.fc2.lora_B_block_5/events.out.tfevents.1768387349.master-192-168-8-48.1680.9,mlp.fc2.lora_B,5
1768388031.365771,1128,35.28125,0.1413741260766983,Grad/mlp.fc2.lora_B,outputs_dev/vitb16/T=vtab_Q=3bit_L=lora_2_qkv-fc1-proj-fc2/cifar/20260114184203_default_acc=53.50/tensorboard/Grad_mlp.fc2.lora_B_block_5/events.out.tfevents.1768387349.master-192-168-8-48.1680.9,mlp.fc2.lora_B,5
1768388031.780447,1129,35.3125,0.2172739952802658,Grad/mlp.fc2.lora_B,outputs_dev/vitb16/T=vtab_Q=3bit_L=lora_2_qkv-fc1-proj-fc2/cifar/20260114184203_default_acc=53.50/tensorboard/Grad_mlp.fc2.lora_B_block_5/events.out.tfevents.1768387349.master-192-168-8-48.1680.9,mlp.fc2.lora_B,5
1768388032.206117,1130,35.34375,0.1570241004228592,Grad/mlp.fc2.lora_B,outputs_dev/vitb16/T=vtab_Q=3bit_L=lora_2_qkv-fc1-proj-fc2/cifar/20260114184203_default_acc=53.50/tensorboard/Grad_mlp.fc2.lora_B_block_5/events.out.tfevents.1768387349.master-192-168-8-48.1680.9,mlp.fc2.lora_B,5
1768388032.6271715,1131,35.375,0.22965073585510254,Grad/mlp.fc2.lora_B,outputs_dev/vitb16/T=vtab_Q=3bit_L=lora_2_qkv-fc1-proj-fc2/cifar/20260114184203_default_acc=53.50/tensorboard/Grad_mlp.fc2.lora_B_block_5/events.out.tfevents.1768387349.master-192-168-8-48.1680.9,mlp.fc2.lora_B,5
1768388033.0474417,1132,35.40625,0.100810207426548,Grad/mlp.fc2.lora_B,outputs_dev/vitb16/T=vtab_Q=3bit_L=lora_2_qkv-fc1-proj-fc2/cifar/20260114184203_default_acc=53.50/tensorboard/Grad_mlp.fc2.lora_B_block_5/events.out.tfevents.1768387349.master-192-168-8-48.1680.9,mlp.fc2.lora_B,5
1768388033.4657245,1133,35.4375,0.17741771042346954,Grad/mlp.fc2.lora_B,outputs_dev/vitb16/T=vtab_Q=3bit_L=lora_2_qkv-fc1-proj-fc2/cifar/20260114184203_default_acc=53.50/tensorboard/Grad_mlp.fc2.lora_B_block_5/events.out.tfevents.1768387349.master-192-168-8-48.1680.9,mlp.fc2.lora_B,5
1768388033.8987362,1134,35.46875,0.1648060381412506,Grad/mlp.fc2.lora_B,outputs_dev/vitb16/T=vtab_Q=3bit_L=lora_2_qkv-fc1-proj-fc2/cifar/20260114184203_default_acc=53.50/tensorboard/Grad_mlp.fc2.lora_B_block_5/events.out.tfevents.1768387349.master-192-168-8-48.1680.9,mlp.fc2.lora_B,5
1768388034.332546,1135,35.5,0.11536561697721481,Grad/mlp.fc2.lora_B,outputs_dev/vitb16/T=vtab_Q=3bit_L=lora_2_qkv-fc1-proj-fc2/cifar/20260114184203_default_acc=53.50/tensorboard/Grad_mlp.fc2.lora_B_block_5/events.out.tfevents.1768387349.master-192-168-8-48.1680.9,mlp.fc2.lora_B,5
1768388034.7688048,1136,35.53125,0.14792177081108093,Grad/mlp.fc2.lora_B,outputs_dev/vitb16/T=vtab_Q=3bit_L=lora_2_qkv-fc1-proj-fc2/cifar/20260114184203_default_acc=53.50/tensorboard/Grad_mlp.fc2.lora_B_block_5/events.out.tfevents.1768387349.master-192-168-8-48.1680.9,mlp.fc2.lora_B,5
1768388035.2070122,1137,35.5625,0.11256590485572815,Grad/mlp.fc2.lora_B,outputs_dev/vitb16/T=vtab_Q=3bit_L=lora_2_qkv-fc1-proj-fc2/cifar/20260114184203_default_acc=53.50/tensorboard/Grad_mlp.fc2.lora_B_block_5/events.out.tfevents.1768387349.master-192-168-8-48.1680.9,mlp.fc2.lora_B,5
1768388035.6363783,1138,35.59375,0.05552494525909424,Grad/mlp.fc2.lora_B,outputs_dev/vitb16/T=vtab_Q=3bit_L=lora_2_qkv-fc1-proj-fc2/cifar/20260114184203_default_acc=53.50/tensorboard/Grad_mlp.fc2.lora_B_block_5/events.out.tfevents.1768387349.master-192-168-8-48.1680.9,mlp.fc2.lora_B,5
1768388036.070488,1139,35.625,0.2506087124347687,Grad/mlp.fc2.lora_B,outputs_dev/vitb16/T=vtab_Q=3bit_L=lora_2_qkv-fc1-proj-fc2/cifar/20260114184203_default_acc=53.50/tensorboard/Grad_mlp.fc2.lora_B_block_5/events.out.tfevents.1768387349.master-192-168-8-48.1680.9,mlp.fc2.lora_B,5
1768388036.4886987,1140,35.65625,0.17833590507507324,Grad/mlp.fc2.lora_B,outputs_dev/vitb16/T=vtab_Q=3bit_L=lora_2_qkv-fc1-proj-fc2/cifar/20260114184203_default_acc=53.50/tensorboard/Grad_mlp.fc2.lora_B_block_5/events.out.tfevents.1768387349.master-192-168-8-48.1680.9,mlp.fc2.lora_B,5
1768388036.9133313,1141,35.6875,0.15267743170261383,Grad/mlp.fc2.lora_B,outputs_dev/vitb16/T=vtab_Q=3bit_L=lora_2_qkv-fc1-proj-fc2/cifar/20260114184203_default_acc=53.50/tensorboard/Grad_mlp.fc2.lora_B_block_5/events.out.tfevents.1768387349.master-192-168-8-48.1680.9,mlp.fc2.lora_B,5
1768388037.3478837,1142,35.71875,0.28694379329681396,Grad/mlp.fc2.lora_B,outputs_dev/vitb16/T=vtab_Q=3bit_L=lora_2_qkv-fc1-proj-fc2/cifar/20260114184203_default_acc=53.50/tensorboard/Grad_mlp.fc2.lora_B_block_5/events.out.tfevents.1768387349.master-192-168-8-48.1680.9,mlp.fc2.lora_B,5
1768388037.76659,1143,35.75,0.14696253836154938,Grad/mlp.fc2.lora_B,outputs_dev/vitb16/T=vtab_Q=3bit_L=lora_2_qkv-fc1-proj-fc2/cifar/20260114184203_default_acc=53.50/tensorboard/Grad_mlp.fc2.lora_B_block_5/events.out.tfevents.1768387349.master-192-168-8-48.1680.9,mlp.fc2.lora_B,5
1768388038.1871908,1144,35.78125,0.11509927362203598,Grad/mlp.fc2.lora_B,outputs_dev/vitb16/T=vtab_Q=3bit_L=lora_2_qkv-fc1-proj-fc2/cifar/20260114184203_default_acc=53.50/tensorboard/Grad_mlp.fc2.lora_B_block_5/events.out.tfevents.1768387349.master-192-168-8-48.1680.9,mlp.fc2.lora_B,5
1768388038.6192935,1145,35.8125,0.13429978489875793,Grad/mlp.fc2.lora_B,outputs_dev/vitb16/T=vtab_Q=3bit_L=lora_2_qkv-fc1-proj-fc2/cifar/20260114184203_default_acc=53.50/tensorboard/Grad_mlp.fc2.lora_B_block_5/events.out.tfevents.1768387349.master-192-168-8-48.1680.9,mlp.fc2.lora_B,5
1768388039.052239,1146,35.84375,0.22939401865005493,Grad/mlp.fc2.lora_B,outputs_dev/vitb16/T=vtab_Q=3bit_L=lora_2_qkv-fc1-proj-fc2/cifar/20260114184203_default_acc=53.50/tensorboard/Grad_mlp.fc2.lora_B_block_5/events.out.tfevents.1768387349.master-192-168-8-48.1680.9,mlp.fc2.lora_B,5
1768388039.4853687,1147,35.875,0.17950482666492462,Grad/mlp.fc2.lora_B,outputs_dev/vitb16/T=vtab_Q=3bit_L=lora_2_qkv-fc1-proj-fc2/cifar/20260114184203_default_acc=53.50/tensorboard/Grad_mlp.fc2.lora_B_block_5/events.out.tfevents.1768387349.master-192-168-8-48.1680.9,mlp.fc2.lora_B,5
1768388039.918401,1148,35.90625,0.28886139392852783,Grad/mlp.fc2.lora_B,outputs_dev/vitb16/T=vtab_Q=3bit_L=lora_2_qkv-fc1-proj-fc2/cifar/20260114184203_default_acc=53.50/tensorboard/Grad_mlp.fc2.lora_B_block_5/events.out.tfevents.1768387349.master-192-168-8-48.1680.9,mlp.fc2.lora_B,5
1768388040.352066,1149,35.9375,0.10054029524326324,Grad/mlp.fc2.lora_B,outputs_dev/vitb16/T=vtab_Q=3bit_L=lora_2_qkv-fc1-proj-fc2/cifar/20260114184203_default_acc=53.50/tensorboard/Grad_mlp.fc2.lora_B_block_5/events.out.tfevents.1768387349.master-192-168-8-48.1680.9,mlp.fc2.lora_B,5
1768388040.771313,1150,35.96875,0.282426118850708,Grad/mlp.fc2.lora_B,outputs_dev/vitb16/T=vtab_Q=3bit_L=lora_2_qkv-fc1-proj-fc2/cifar/20260114184203_default_acc=53.50/tensorboard/Grad_mlp.fc2.lora_B_block_5/events.out.tfevents.1768387349.master-192-168-8-48.1680.9,mlp.fc2.lora_B,5
1768388040.969573,1151,36.0,0.7225603461265564,Grad/mlp.fc2.lora_B,outputs_dev/vitb16/T=vtab_Q=3bit_L=lora_2_qkv-fc1-proj-fc2/cifar/20260114184203_default_acc=53.50/tensorboard/Grad_mlp.fc2.lora_B_block_5/events.out.tfevents.1768387349.master-192-168-8-48.1680.9,mlp.fc2.lora_B,5
1768388041.6474009,1152,36.03125,0.17674395442008972,Grad/mlp.fc2.lora_B,outputs_dev/vitb16/T=vtab_Q=3bit_L=lora_2_qkv-fc1-proj-fc2/cifar/20260114184203_default_acc=53.50/tensorboard/Grad_mlp.fc2.lora_B_block_5/events.out.tfevents.1768387349.master-192-168-8-48.1680.9,mlp.fc2.lora_B,5
1768388042.0756257,1153,36.0625,0.2505576014518738,Grad/mlp.fc2.lora_B,outputs_dev/vitb16/T=vtab_Q=3bit_L=lora_2_qkv-fc1-proj-fc2/cifar/20260114184203_default_acc=53.50/tensorboard/Grad_mlp.fc2.lora_B_block_5/events.out.tfevents.1768387349.master-192-168-8-48.1680.9,mlp.fc2.lora_B,5
1768388042.5043018,1154,36.09375,0.2585280239582062,Grad/mlp.fc2.lora_B,outputs_dev/vitb16/T=vtab_Q=3bit_L=lora_2_qkv-fc1-proj-fc2/cifar/20260114184203_default_acc=53.50/tensorboard/Grad_mlp.fc2.lora_B_block_5/events.out.tfevents.1768387349.master-192-168-8-48.1680.9,mlp.fc2.lora_B,5
1768388042.9294937,1155,36.125,0.17331582307815552,Grad/mlp.fc2.lora_B,outputs_dev/vitb16/T=vtab_Q=3bit_L=lora_2_qkv-fc1-proj-fc2/cifar/20260114184203_default_acc=53.50/tensorboard/Grad_mlp.fc2.lora_B_block_5/events.out.tfevents.1768387349.master-192-168-8-48.1680.9,mlp.fc2.lora_B,5
1768388043.3625278,1156,36.15625,0.38116124272346497,Grad/mlp.fc2.lora_B,outputs_dev/vitb16/T=vtab_Q=3bit_L=lora_2_qkv-fc1-proj-fc2/cifar/20260114184203_default_acc=53.50/tensorboard/Grad_mlp.fc2.lora_B_block_5/events.out.tfevents.1768387349.master-192-168-8-48.1680.9,mlp.fc2.lora_B,5
1768388043.7824903,1157,36.1875,0.1957847774028778,Grad/mlp.fc2.lora_B,outputs_dev/vitb16/T=vtab_Q=3bit_L=lora_2_qkv-fc1-proj-fc2/cifar/20260114184203_default_acc=53.50/tensorboard/Grad_mlp.fc2.lora_B_block_5/events.out.tfevents.1768387349.master-192-168-8-48.1680.9,mlp.fc2.lora_B,5
1768388044.2020981,1158,36.21875,0.1936669498682022,Grad/mlp.fc2.lora_B,outputs_dev/vitb16/T=vtab_Q=3bit_L=lora_2_qkv-fc1-proj-fc2/cifar/20260114184203_default_acc=53.50/tensorboard/Grad_mlp.fc2.lora_B_block_5/events.out.tfevents.1768387349.master-192-168-8-48.1680.9,mlp.fc2.lora_B,5
1768388044.6332479,1159,36.25,0.2738497853279114,Grad/mlp.fc2.lora_B,outputs_dev/vitb16/T=vtab_Q=3bit_L=lora_2_qkv-fc1-proj-fc2/cifar/20260114184203_default_acc=53.50/tensorboard/Grad_mlp.fc2.lora_B_block_5/events.out.tfevents.1768387349.master-192-168-8-48.1680.9,mlp.fc2.lora_B,5
1768388045.0687108,1160,36.28125,0.318123996257782,Grad/mlp.fc2.lora_B,outputs_dev/vitb16/T=vtab_Q=3bit_L=lora_2_qkv-fc1-proj-fc2/cifar/20260114184203_default_acc=53.50/tensorboard/Grad_mlp.fc2.lora_B_block_5/events.out.tfevents.1768387349.master-192-168-8-48.1680.9,mlp.fc2.lora_B,5
1768388045.4887378,1161,36.3125,0.5032051205635071,Grad/mlp.fc2.lora_B,outputs_dev/vitb16/T=vtab_Q=3bit_L=lora_2_qkv-fc1-proj-fc2/cifar/20260114184203_default_acc=53.50/tensorboard/Grad_mlp.fc2.lora_B_block_5/events.out.tfevents.1768387349.master-192-168-8-48.1680.9,mlp.fc2.lora_B,5
1768388045.920617,1162,36.34375,0.23152649402618408,Grad/mlp.fc2.lora_B,outputs_dev/vitb16/T=vtab_Q=3bit_L=lora_2_qkv-fc1-proj-fc2/cifar/20260114184203_default_acc=53.50/tensorboard/Grad_mlp.fc2.lora_B_block_5/events.out.tfevents.1768387349.master-192-168-8-48.1680.9,mlp.fc2.lora_B,5
1768388046.3564541,1163,36.375,0.39977189898490906,Grad/mlp.fc2.lora_B,outputs_dev/vitb16/T=vtab_Q=3bit_L=lora_2_qkv-fc1-proj-fc2/cifar/20260114184203_default_acc=53.50/tensorboard/Grad_mlp.fc2.lora_B_block_5/events.out.tfevents.1768387349.master-192-168-8-48.1680.9,mlp.fc2.lora_B,5
1768388046.7910566,1164,36.40625,0.1898607760667801,Grad/mlp.fc2.lora_B,outputs_dev/vitb16/T=vtab_Q=3bit_L=lora_2_qkv-fc1-proj-fc2/cifar/20260114184203_default_acc=53.50/tensorboard/Grad_mlp.fc2.lora_B_block_5/events.out.tfevents.1768387349.master-192-168-8-48.1680.9,mlp.fc2.lora_B,5
1768388047.2097604,1165,36.4375,0.250165194272995,Grad/mlp.fc2.lora_B,outputs_dev/vitb16/T=vtab_Q=3bit_L=lora_2_qkv-fc1-proj-fc2/cifar/20260114184203_default_acc=53.50/tensorboard/Grad_mlp.fc2.lora_B_block_5/events.out.tfevents.1768387349.master-192-168-8-48.1680.9,mlp.fc2.lora_B,5
1768388047.6302745,1166,36.46875,0.2561689615249634,Grad/mlp.fc2.lora_B,outputs_dev/vitb16/T=vtab_Q=3bit_L=lora_2_qkv-fc1-proj-fc2/cifar/20260114184203_default_acc=53.50/tensorboard/Grad_mlp.fc2.lora_B_block_5/events.out.tfevents.1768387349.master-192-168-8-48.1680.9,mlp.fc2.lora_B,5
1768388048.0507135,1167,36.5,0.1326356828212738,Grad/mlp.fc2.lora_B,outputs_dev/vitb16/T=vtab_Q=3bit_L=lora_2_qkv-fc1-proj-fc2/cifar/20260114184203_default_acc=53.50/tensorboard/Grad_mlp.fc2.lora_B_block_5/events.out.tfevents.1768387349.master-192-168-8-48.1680.9,mlp.fc2.lora_B,5
1768388048.4716017,1168,36.53125,0.19697213172912598,Grad/mlp.fc2.lora_B,outputs_dev/vitb16/T=vtab_Q=3bit_L=lora_2_qkv-fc1-proj-fc2/cifar/20260114184203_default_acc=53.50/tensorboard/Grad_mlp.fc2.lora_B_block_5/events.out.tfevents.1768387349.master-192-168-8-48.1680.9,mlp.fc2.lora_B,5
1768388048.8886213,1169,36.5625,0.18381048738956451,Grad/mlp.fc2.lora_B,outputs_dev/vitb16/T=vtab_Q=3bit_L=lora_2_qkv-fc1-proj-fc2/cifar/20260114184203_default_acc=53.50/tensorboard/Grad_mlp.fc2.lora_B_block_5/events.out.tfevents.1768387349.master-192-168-8-48.1680.9,mlp.fc2.lora_B,5
1768388049.3108804,1170,36.59375,0.3291517496109009,Grad/mlp.fc2.lora_B,outputs_dev/vitb16/T=vtab_Q=3bit_L=lora_2_qkv-fc1-proj-fc2/cifar/20260114184203_default_acc=53.50/tensorboard/Grad_mlp.fc2.lora_B_block_5/events.out.tfevents.1768387349.master-192-168-8-48.1680.9,mlp.fc2.lora_B,5
1768388049.7441587,1171,36.625,0.2357940822839737,Grad/mlp.fc2.lora_B,outputs_dev/vitb16/T=vtab_Q=3bit_L=lora_2_qkv-fc1-proj-fc2/cifar/20260114184203_default_acc=53.50/tensorboard/Grad_mlp.fc2.lora_B_block_5/events.out.tfevents.1768387349.master-192-168-8-48.1680.9,mlp.fc2.lora_B,5
1768388050.1719544,1172,36.65625,0.18405365943908691,Grad/mlp.fc2.lora_B,outputs_dev/vitb16/T=vtab_Q=3bit_L=lora_2_qkv-fc1-proj-fc2/cifar/20260114184203_default_acc=53.50/tensorboard/Grad_mlp.fc2.lora_B_block_5/events.out.tfevents.1768387349.master-192-168-8-48.1680.9,mlp.fc2.lora_B,5
1768388050.5898306,1173,36.6875,0.1913095861673355,Grad/mlp.fc2.lora_B,outputs_dev/vitb16/T=vtab_Q=3bit_L=lora_2_qkv-fc1-proj-fc2/cifar/20260114184203_default_acc=53.50/tensorboard/Grad_mlp.fc2.lora_B_block_5/events.out.tfevents.1768387349.master-192-168-8-48.1680.9,mlp.fc2.lora_B,5
1768388051.0248966,1174,36.71875,0.22015921771526337,Grad/mlp.fc2.lora_B,outputs_dev/vitb16/T=vtab_Q=3bit_L=lora_2_qkv-fc1-proj-fc2/cifar/20260114184203_default_acc=53.50/tensorboard/Grad_mlp.fc2.lora_B_block_5/events.out.tfevents.1768387349.master-192-168-8-48.1680.9,mlp.fc2.lora_B,5
1768388051.4440606,1175,36.75,0.30767303705215454,Grad/mlp.fc2.lora_B,outputs_dev/vitb16/T=vtab_Q=3bit_L=lora_2_qkv-fc1-proj-fc2/cifar/20260114184203_default_acc=53.50/tensorboard/Grad_mlp.fc2.lora_B_block_5/events.out.tfevents.1768387349.master-192-168-8-48.1680.9,mlp.fc2.lora_B,5
1768388051.8783147,1176,36.78125,0.32727575302124023,Grad/mlp.fc2.lora_B,outputs_dev/vitb16/T=vtab_Q=3bit_L=lora_2_qkv-fc1-proj-fc2/cifar/20260114184203_default_acc=53.50/tensorboard/Grad_mlp.fc2.lora_B_block_5/events.out.tfevents.1768387349.master-192-168-8-48.1680.9,mlp.fc2.lora_B,5
1768388052.2989483,1177,36.8125,0.2116481214761734,Grad/mlp.fc2.lora_B,outputs_dev/vitb16/T=vtab_Q=3bit_L=lora_2_qkv-fc1-proj-fc2/cifar/20260114184203_default_acc=53.50/tensorboard/Grad_mlp.fc2.lora_B_block_5/events.out.tfevents.1768387349.master-192-168-8-48.1680.9,mlp.fc2.lora_B,5
1768388052.7377841,1178,36.84375,0.19279588758945465,Grad/mlp.fc2.lora_B,outputs_dev/vitb16/T=vtab_Q=3bit_L=lora_2_qkv-fc1-proj-fc2/cifar/20260114184203_default_acc=53.50/tensorboard/Grad_mlp.fc2.lora_B_block_5/events.out.tfevents.1768387349.master-192-168-8-48.1680.9,mlp.fc2.lora_B,5
1768388053.1579156,1179,36.875,0.20541125535964966,Grad/mlp.fc2.lora_B,outputs_dev/vitb16/T=vtab_Q=3bit_L=lora_2_qkv-fc1-proj-fc2/cifar/20260114184203_default_acc=53.50/tensorboard/Grad_mlp.fc2.lora_B_block_5/events.out.tfevents.1768387349.master-192-168-8-48.1680.9,mlp.fc2.lora_B,5
1768388053.5781438,1180,36.90625,0.3382345139980316,Grad/mlp.fc2.lora_B,outputs_dev/vitb16/T=vtab_Q=3bit_L=lora_2_qkv-fc1-proj-fc2/cifar/20260114184203_default_acc=53.50/tensorboard/Grad_mlp.fc2.lora_B_block_5/events.out.tfevents.1768387349.master-192-168-8-48.1680.9,mlp.fc2.lora_B,5
1768388053.98527,1181,36.9375,0.25980067253112793,Grad/mlp.fc2.lora_B,outputs_dev/vitb16/T=vtab_Q=3bit_L=lora_2_qkv-fc1-proj-fc2/cifar/20260114184203_default_acc=53.50/tensorboard/Grad_mlp.fc2.lora_B_block_5/events.out.tfevents.1768387349.master-192-168-8-48.1680.9,mlp.fc2.lora_B,5
1768388054.4161692,1182,36.96875,0.1864694505929947,Grad/mlp.fc2.lora_B,outputs_dev/vitb16/T=vtab_Q=3bit_L=lora_2_qkv-fc1-proj-fc2/cifar/20260114184203_default_acc=53.50/tensorboard/Grad_mlp.fc2.lora_B_block_5/events.out.tfevents.1768387349.master-192-168-8-48.1680.9,mlp.fc2.lora_B,5
1768388054.6379142,1183,37.0,0.1900453269481659,Grad/mlp.fc2.lora_B,outputs_dev/vitb16/T=vtab_Q=3bit_L=lora_2_qkv-fc1-proj-fc2/cifar/20260114184203_default_acc=53.50/tensorboard/Grad_mlp.fc2.lora_B_block_5/events.out.tfevents.1768387349.master-192-168-8-48.1680.9,mlp.fc2.lora_B,5
1768388055.2937403,1184,37.03125,0.18709824979305267,Grad/mlp.fc2.lora_B,outputs_dev/vitb16/T=vtab_Q=3bit_L=lora_2_qkv-fc1-proj-fc2/cifar/20260114184203_default_acc=53.50/tensorboard/Grad_mlp.fc2.lora_B_block_5/events.out.tfevents.1768387349.master-192-168-8-48.1680.9,mlp.fc2.lora_B,5
1768388055.7298725,1185,37.0625,0.13409817218780518,Grad/mlp.fc2.lora_B,outputs_dev/vitb16/T=vtab_Q=3bit_L=lora_2_qkv-fc1-proj-fc2/cifar/20260114184203_default_acc=53.50/tensorboard/Grad_mlp.fc2.lora_B_block_5/events.out.tfevents.1768387349.master-192-168-8-48.1680.9,mlp.fc2.lora_B,5
1768388056.1648617,1186,37.09375,0.40175387263298035,Grad/mlp.fc2.lora_B,outputs_dev/vitb16/T=vtab_Q=3bit_L=lora_2_qkv-fc1-proj-fc2/cifar/20260114184203_default_acc=53.50/tensorboard/Grad_mlp.fc2.lora_B_block_5/events.out.tfevents.1768387349.master-192-168-8-48.1680.9,mlp.fc2.lora_B,5
1768388056.6258333,1187,37.125,0.3045477569103241,Grad/mlp.fc2.lora_B,outputs_dev/vitb16/T=vtab_Q=3bit_L=lora_2_qkv-fc1-proj-fc2/cifar/20260114184203_default_acc=53.50/tensorboard/Grad_mlp.fc2.lora_B_block_5/events.out.tfevents.1768387349.master-192-168-8-48.1680.9,mlp.fc2.lora_B,5
1768388057.0551803,1188,37.15625,0.38056236505508423,Grad/mlp.fc2.lora_B,outputs_dev/vitb16/T=vtab_Q=3bit_L=lora_2_qkv-fc1-proj-fc2/cifar/20260114184203_default_acc=53.50/tensorboard/Grad_mlp.fc2.lora_B_block_5/events.out.tfevents.1768387349.master-192-168-8-48.1680.9,mlp.fc2.lora_B,5
1768388057.4804711,1189,37.1875,0.19118377566337585,Grad/mlp.fc2.lora_B,outputs_dev/vitb16/T=vtab_Q=3bit_L=lora_2_qkv-fc1-proj-fc2/cifar/20260114184203_default_acc=53.50/tensorboard/Grad_mlp.fc2.lora_B_block_5/events.out.tfevents.1768387349.master-192-168-8-48.1680.9,mlp.fc2.lora_B,5
1768388057.9039621,1190,37.21875,0.12497863918542862,Grad/mlp.fc2.lora_B,outputs_dev/vitb16/T=vtab_Q=3bit_L=lora_2_qkv-fc1-proj-fc2/cifar/20260114184203_default_acc=53.50/tensorboard/Grad_mlp.fc2.lora_B_block_5/events.out.tfevents.1768387349.master-192-168-8-48.1680.9,mlp.fc2.lora_B,5
1768388058.3256536,1191,37.25,0.10258662700653076,Grad/mlp.fc2.lora_B,outputs_dev/vitb16/T=vtab_Q=3bit_L=lora_2_qkv-fc1-proj-fc2/cifar/20260114184203_default_acc=53.50/tensorboard/Grad_mlp.fc2.lora_B_block_5/events.out.tfevents.1768387349.master-192-168-8-48.1680.9,mlp.fc2.lora_B,5
1768388058.7480025,1192,37.28125,0.29047060012817383,Grad/mlp.fc2.lora_B,outputs_dev/vitb16/T=vtab_Q=3bit_L=lora_2_qkv-fc1-proj-fc2/cifar/20260114184203_default_acc=53.50/tensorboard/Grad_mlp.fc2.lora_B_block_5/events.out.tfevents.1768387349.master-192-168-8-48.1680.9,mlp.fc2.lora_B,5
1768388059.1868458,1193,37.3125,0.17459088563919067,Grad/mlp.fc2.lora_B,outputs_dev/vitb16/T=vtab_Q=3bit_L=lora_2_qkv-fc1-proj-fc2/cifar/20260114184203_default_acc=53.50/tensorboard/Grad_mlp.fc2.lora_B_block_5/events.out.tfevents.1768387349.master-192-168-8-48.1680.9,mlp.fc2.lora_B,5
1768388059.6070821,1194,37.34375,0.12595844268798828,Grad/mlp.fc2.lora_B,outputs_dev/vitb16/T=vtab_Q=3bit_L=lora_2_qkv-fc1-proj-fc2/cifar/20260114184203_default_acc=53.50/tensorboard/Grad_mlp.fc2.lora_B_block_5/events.out.tfevents.1768387349.master-192-168-8-48.1680.9,mlp.fc2.lora_B,5
1768388060.0295572,1195,37.375,0.18145951628684998,Grad/mlp.fc2.lora_B,outputs_dev/vitb16/T=vtab_Q=3bit_L=lora_2_qkv-fc1-proj-fc2/cifar/20260114184203_default_acc=53.50/tensorboard/Grad_mlp.fc2.lora_B_block_5/events.out.tfevents.1768387349.master-192-168-8-48.1680.9,mlp.fc2.lora_B,5
1768388060.4510958,1196,37.40625,0.2864108681678772,Grad/mlp.fc2.lora_B,outputs_dev/vitb16/T=vtab_Q=3bit_L=lora_2_qkv-fc1-proj-fc2/cifar/20260114184203_default_acc=53.50/tensorboard/Grad_mlp.fc2.lora_B_block_5/events.out.tfevents.1768387349.master-192-168-8-48.1680.9,mlp.fc2.lora_B,5
1768388060.87413,1197,37.4375,0.3136633336544037,Grad/mlp.fc2.lora_B,outputs_dev/vitb16/T=vtab_Q=3bit_L=lora_2_qkv-fc1-proj-fc2/cifar/20260114184203_default_acc=53.50/tensorboard/Grad_mlp.fc2.lora_B_block_5/events.out.tfevents.1768387349.master-192-168-8-48.1680.9,mlp.fc2.lora_B,5
1768388061.297599,1198,37.46875,0.1435638666152954,Grad/mlp.fc2.lora_B,outputs_dev/vitb16/T=vtab_Q=3bit_L=lora_2_qkv-fc1-proj-fc2/cifar/20260114184203_default_acc=53.50/tensorboard/Grad_mlp.fc2.lora_B_block_5/events.out.tfevents.1768387349.master-192-168-8-48.1680.9,mlp.fc2.lora_B,5
1768388061.7179914,1199,37.5,0.1134207472205162,Grad/mlp.fc2.lora_B,outputs_dev/vitb16/T=vtab_Q=3bit_L=lora_2_qkv-fc1-proj-fc2/cifar/20260114184203_default_acc=53.50/tensorboard/Grad_mlp.fc2.lora_B_block_5/events.out.tfevents.1768387349.master-192-168-8-48.1680.9,mlp.fc2.lora_B,5
1768388062.14155,1200,37.53125,0.19592086970806122,Grad/mlp.fc2.lora_B,outputs_dev/vitb16/T=vtab_Q=3bit_L=lora_2_qkv-fc1-proj-fc2/cifar/20260114184203_default_acc=53.50/tensorboard/Grad_mlp.fc2.lora_B_block_5/events.out.tfevents.1768387349.master-192-168-8-48.1680.9,mlp.fc2.lora_B,5
1768388062.5686433,1201,37.5625,0.44743049144744873,Grad/mlp.fc2.lora_B,outputs_dev/vitb16/T=vtab_Q=3bit_L=lora_2_qkv-fc1-proj-fc2/cifar/20260114184203_default_acc=53.50/tensorboard/Grad_mlp.fc2.lora_B_block_5/events.out.tfevents.1768387349.master-192-168-8-48.1680.9,mlp.fc2.lora_B,5
1768388062.9872768,1202,37.59375,0.5535239577293396,Grad/mlp.fc2.lora_B,outputs_dev/vitb16/T=vtab_Q=3bit_L=lora_2_qkv-fc1-proj-fc2/cifar/20260114184203_default_acc=53.50/tensorboard/Grad_mlp.fc2.lora_B_block_5/events.out.tfevents.1768387349.master-192-168-8-48.1680.9,mlp.fc2.lora_B,5
1768388063.4245596,1203,37.625,0.4927825331687927,Grad/mlp.fc2.lora_B,outputs_dev/vitb16/T=vtab_Q=3bit_L=lora_2_qkv-fc1-proj-fc2/cifar/20260114184203_default_acc=53.50/tensorboard/Grad_mlp.fc2.lora_B_block_5/events.out.tfevents.1768387349.master-192-168-8-48.1680.9,mlp.fc2.lora_B,5
1768388063.858107,1204,37.65625,0.15661656856536865,Grad/mlp.fc2.lora_B,outputs_dev/vitb16/T=vtab_Q=3bit_L=lora_2_qkv-fc1-proj-fc2/cifar/20260114184203_default_acc=53.50/tensorboard/Grad_mlp.fc2.lora_B_block_5/events.out.tfevents.1768387349.master-192-168-8-48.1680.9,mlp.fc2.lora_B,5
1768388064.2818408,1205,37.6875,0.20954513549804688,Grad/mlp.fc2.lora_B,outputs_dev/vitb16/T=vtab_Q=3bit_L=lora_2_qkv-fc1-proj-fc2/cifar/20260114184203_default_acc=53.50/tensorboard/Grad_mlp.fc2.lora_B_block_5/events.out.tfevents.1768387349.master-192-168-8-48.1680.9,mlp.fc2.lora_B,5
1768388064.7013748,1206,37.71875,0.25254395604133606,Grad/mlp.fc2.lora_B,outputs_dev/vitb16/T=vtab_Q=3bit_L=lora_2_qkv-fc1-proj-fc2/cifar/20260114184203_default_acc=53.50/tensorboard/Grad_mlp.fc2.lora_B_block_5/events.out.tfevents.1768387349.master-192-168-8-48.1680.9,mlp.fc2.lora_B,5
1768388065.1369739,1207,37.75,0.34923645853996277,Grad/mlp.fc2.lora_B,outputs_dev/vitb16/T=vtab_Q=3bit_L=lora_2_qkv-fc1-proj-fc2/cifar/20260114184203_default_acc=53.50/tensorboard/Grad_mlp.fc2.lora_B_block_5/events.out.tfevents.1768387349.master-192-168-8-48.1680.9,mlp.fc2.lora_B,5
1768388065.5593777,1208,37.78125,0.224225252866745,Grad/mlp.fc2.lora_B,outputs_dev/vitb16/T=vtab_Q=3bit_L=lora_2_qkv-fc1-proj-fc2/cifar/20260114184203_default_acc=53.50/tensorboard/Grad_mlp.fc2.lora_B_block_5/events.out.tfevents.1768387349.master-192-168-8-48.1680.9,mlp.fc2.lora_B,5
1768388065.9923549,1209,37.8125,0.2438640147447586,Grad/mlp.fc2.lora_B,outputs_dev/vitb16/T=vtab_Q=3bit_L=lora_2_qkv-fc1-proj-fc2/cifar/20260114184203_default_acc=53.50/tensorboard/Grad_mlp.fc2.lora_B_block_5/events.out.tfevents.1768387349.master-192-168-8-48.1680.9,mlp.fc2.lora_B,5
1768388066.4037626,1210,37.84375,0.14423280954360962,Grad/mlp.fc2.lora_B,outputs_dev/vitb16/T=vtab_Q=3bit_L=lora_2_qkv-fc1-proj-fc2/cifar/20260114184203_default_acc=53.50/tensorboard/Grad_mlp.fc2.lora_B_block_5/events.out.tfevents.1768387349.master-192-168-8-48.1680.9,mlp.fc2.lora_B,5
1768388066.8260813,1211,37.875,0.37021544575691223,Grad/mlp.fc2.lora_B,outputs_dev/vitb16/T=vtab_Q=3bit_L=lora_2_qkv-fc1-proj-fc2/cifar/20260114184203_default_acc=53.50/tensorboard/Grad_mlp.fc2.lora_B_block_5/events.out.tfevents.1768387349.master-192-168-8-48.1680.9,mlp.fc2.lora_B,5
1768388067.2500756,1212,37.90625,0.388133704662323,Grad/mlp.fc2.lora_B,outputs_dev/vitb16/T=vtab_Q=3bit_L=lora_2_qkv-fc1-proj-fc2/cifar/20260114184203_default_acc=53.50/tensorboard/Grad_mlp.fc2.lora_B_block_5/events.out.tfevents.1768387349.master-192-168-8-48.1680.9,mlp.fc2.lora_B,5
1768388067.6780815,1213,37.9375,0.15359175205230713,Grad/mlp.fc2.lora_B,outputs_dev/vitb16/T=vtab_Q=3bit_L=lora_2_qkv-fc1-proj-fc2/cifar/20260114184203_default_acc=53.50/tensorboard/Grad_mlp.fc2.lora_B_block_5/events.out.tfevents.1768387349.master-192-168-8-48.1680.9,mlp.fc2.lora_B,5
1768388068.099161,1214,37.96875,0.32263362407684326,Grad/mlp.fc2.lora_B,outputs_dev/vitb16/T=vtab_Q=3bit_L=lora_2_qkv-fc1-proj-fc2/cifar/20260114184203_default_acc=53.50/tensorboard/Grad_mlp.fc2.lora_B_block_5/events.out.tfevents.1768387349.master-192-168-8-48.1680.9,mlp.fc2.lora_B,5
1768388068.2891269,1215,38.0,0.47206148505210876,Grad/mlp.fc2.lora_B,outputs_dev/vitb16/T=vtab_Q=3bit_L=lora_2_qkv-fc1-proj-fc2/cifar/20260114184203_default_acc=53.50/tensorboard/Grad_mlp.fc2.lora_B_block_5/events.out.tfevents.1768387349.master-192-168-8-48.1680.9,mlp.fc2.lora_B,5
1768388068.9760575,1216,38.03125,0.2976628541946411,Grad/mlp.fc2.lora_B,outputs_dev/vitb16/T=vtab_Q=3bit_L=lora_2_qkv-fc1-proj-fc2/cifar/20260114184203_default_acc=53.50/tensorboard/Grad_mlp.fc2.lora_B_block_5/events.out.tfevents.1768387349.master-192-168-8-48.1680.9,mlp.fc2.lora_B,5
1768388069.4139042,1217,38.0625,0.18427790701389313,Grad/mlp.fc2.lora_B,outputs_dev/vitb16/T=vtab_Q=3bit_L=lora_2_qkv-fc1-proj-fc2/cifar/20260114184203_default_acc=53.50/tensorboard/Grad_mlp.fc2.lora_B_block_5/events.out.tfevents.1768387349.master-192-168-8-48.1680.9,mlp.fc2.lora_B,5
1768388069.836793,1218,38.09375,0.20631469786167145,Grad/mlp.fc2.lora_B,outputs_dev/vitb16/T=vtab_Q=3bit_L=lora_2_qkv-fc1-proj-fc2/cifar/20260114184203_default_acc=53.50/tensorboard/Grad_mlp.fc2.lora_B_block_5/events.out.tfevents.1768387349.master-192-168-8-48.1680.9,mlp.fc2.lora_B,5
1768388070.2585092,1219,38.125,0.3231121599674225,Grad/mlp.fc2.lora_B,outputs_dev/vitb16/T=vtab_Q=3bit_L=lora_2_qkv-fc1-proj-fc2/cifar/20260114184203_default_acc=53.50/tensorboard/Grad_mlp.fc2.lora_B_block_5/events.out.tfevents.1768387349.master-192-168-8-48.1680.9,mlp.fc2.lora_B,5
1768388070.6833553,1220,38.15625,0.21335607767105103,Grad/mlp.fc2.lora_B,outputs_dev/vitb16/T=vtab_Q=3bit_L=lora_2_qkv-fc1-proj-fc2/cifar/20260114184203_default_acc=53.50/tensorboard/Grad_mlp.fc2.lora_B_block_5/events.out.tfevents.1768387349.master-192-168-8-48.1680.9,mlp.fc2.lora_B,5
1768388071.119407,1221,38.1875,0.34458228945732117,Grad/mlp.fc2.lora_B,outputs_dev/vitb16/T=vtab_Q=3bit_L=lora_2_qkv-fc1-proj-fc2/cifar/20260114184203_default_acc=53.50/tensorboard/Grad_mlp.fc2.lora_B_block_5/events.out.tfevents.1768387349.master-192-168-8-48.1680.9,mlp.fc2.lora_B,5
1768388071.5425937,1222,38.21875,0.12255832552909851,Grad/mlp.fc2.lora_B,outputs_dev/vitb16/T=vtab_Q=3bit_L=lora_2_qkv-fc1-proj-fc2/cifar/20260114184203_default_acc=53.50/tensorboard/Grad_mlp.fc2.lora_B_block_5/events.out.tfevents.1768387349.master-192-168-8-48.1680.9,mlp.fc2.lora_B,5
1768388071.979875,1223,38.25,0.5098598003387451,Grad/mlp.fc2.lora_B,outputs_dev/vitb16/T=vtab_Q=3bit_L=lora_2_qkv-fc1-proj-fc2/cifar/20260114184203_default_acc=53.50/tensorboard/Grad_mlp.fc2.lora_B_block_5/events.out.tfevents.1768387349.master-192-168-8-48.1680.9,mlp.fc2.lora_B,5
1768388072.3900478,1224,38.28125,0.19448813796043396,Grad/mlp.fc2.lora_B,outputs_dev/vitb16/T=vtab_Q=3bit_L=lora_2_qkv-fc1-proj-fc2/cifar/20260114184203_default_acc=53.50/tensorboard/Grad_mlp.fc2.lora_B_block_5/events.out.tfevents.1768387349.master-192-168-8-48.1680.9,mlp.fc2.lora_B,5
1768388072.8143888,1225,38.3125,0.0846477597951889,Grad/mlp.fc2.lora_B,outputs_dev/vitb16/T=vtab_Q=3bit_L=lora_2_qkv-fc1-proj-fc2/cifar/20260114184203_default_acc=53.50/tensorboard/Grad_mlp.fc2.lora_B_block_5/events.out.tfevents.1768387349.master-192-168-8-48.1680.9,mlp.fc2.lora_B,5
1768388073.2390485,1226,38.34375,0.271871417760849,Grad/mlp.fc2.lora_B,outputs_dev/vitb16/T=vtab_Q=3bit_L=lora_2_qkv-fc1-proj-fc2/cifar/20260114184203_default_acc=53.50/tensorboard/Grad_mlp.fc2.lora_B_block_5/events.out.tfevents.1768387349.master-192-168-8-48.1680.9,mlp.fc2.lora_B,5
1768388073.6639142,1227,38.375,0.15166905522346497,Grad/mlp.fc2.lora_B,outputs_dev/vitb16/T=vtab_Q=3bit_L=lora_2_qkv-fc1-proj-fc2/cifar/20260114184203_default_acc=53.50/tensorboard/Grad_mlp.fc2.lora_B_block_5/events.out.tfevents.1768387349.master-192-168-8-48.1680.9,mlp.fc2.lora_B,5
1768388074.0879967,1228,38.40625,0.19924892485141754,Grad/mlp.fc2.lora_B,outputs_dev/vitb16/T=vtab_Q=3bit_L=lora_2_qkv-fc1-proj-fc2/cifar/20260114184203_default_acc=53.50/tensorboard/Grad_mlp.fc2.lora_B_block_5/events.out.tfevents.1768387349.master-192-168-8-48.1680.9,mlp.fc2.lora_B,5
1768388074.5108216,1229,38.4375,0.12697917222976685,Grad/mlp.fc2.lora_B,outputs_dev/vitb16/T=vtab_Q=3bit_L=lora_2_qkv-fc1-proj-fc2/cifar/20260114184203_default_acc=53.50/tensorboard/Grad_mlp.fc2.lora_B_block_5/events.out.tfevents.1768387349.master-192-168-8-48.1680.9,mlp.fc2.lora_B,5
1768388074.9338763,1230,38.46875,0.36537379026412964,Grad/mlp.fc2.lora_B,outputs_dev/vitb16/T=vtab_Q=3bit_L=lora_2_qkv-fc1-proj-fc2/cifar/20260114184203_default_acc=53.50/tensorboard/Grad_mlp.fc2.lora_B_block_5/events.out.tfevents.1768387349.master-192-168-8-48.1680.9,mlp.fc2.lora_B,5
1768388075.3543653,1231,38.5,0.4469308853149414,Grad/mlp.fc2.lora_B,outputs_dev/vitb16/T=vtab_Q=3bit_L=lora_2_qkv-fc1-proj-fc2/cifar/20260114184203_default_acc=53.50/tensorboard/Grad_mlp.fc2.lora_B_block_5/events.out.tfevents.1768387349.master-192-168-8-48.1680.9,mlp.fc2.lora_B,5
1768388075.7786314,1232,38.53125,0.2609003186225891,Grad/mlp.fc2.lora_B,outputs_dev/vitb16/T=vtab_Q=3bit_L=lora_2_qkv-fc1-proj-fc2/cifar/20260114184203_default_acc=53.50/tensorboard/Grad_mlp.fc2.lora_B_block_5/events.out.tfevents.1768387349.master-192-168-8-48.1680.9,mlp.fc2.lora_B,5
1768388076.2163181,1233,38.5625,0.2756127417087555,Grad/mlp.fc2.lora_B,outputs_dev/vitb16/T=vtab_Q=3bit_L=lora_2_qkv-fc1-proj-fc2/cifar/20260114184203_default_acc=53.50/tensorboard/Grad_mlp.fc2.lora_B_block_5/events.out.tfevents.1768387349.master-192-168-8-48.1680.9,mlp.fc2.lora_B,5
1768388076.651281,1234,38.59375,0.09004584699869156,Grad/mlp.fc2.lora_B,outputs_dev/vitb16/T=vtab_Q=3bit_L=lora_2_qkv-fc1-proj-fc2/cifar/20260114184203_default_acc=53.50/tensorboard/Grad_mlp.fc2.lora_B_block_5/events.out.tfevents.1768387349.master-192-168-8-48.1680.9,mlp.fc2.lora_B,5
1768388077.0855176,1235,38.625,0.2098822295665741,Grad/mlp.fc2.lora_B,outputs_dev/vitb16/T=vtab_Q=3bit_L=lora_2_qkv-fc1-proj-fc2/cifar/20260114184203_default_acc=53.50/tensorboard/Grad_mlp.fc2.lora_B_block_5/events.out.tfevents.1768387349.master-192-168-8-48.1680.9,mlp.fc2.lora_B,5
1768388077.5078864,1236,38.65625,0.22607894241809845,Grad/mlp.fc2.lora_B,outputs_dev/vitb16/T=vtab_Q=3bit_L=lora_2_qkv-fc1-proj-fc2/cifar/20260114184203_default_acc=53.50/tensorboard/Grad_mlp.fc2.lora_B_block_5/events.out.tfevents.1768387349.master-192-168-8-48.1680.9,mlp.fc2.lora_B,5
1768388077.9310338,1237,38.6875,0.3677197992801666,Grad/mlp.fc2.lora_B,outputs_dev/vitb16/T=vtab_Q=3bit_L=lora_2_qkv-fc1-proj-fc2/cifar/20260114184203_default_acc=53.50/tensorboard/Grad_mlp.fc2.lora_B_block_5/events.out.tfevents.1768387349.master-192-168-8-48.1680.9,mlp.fc2.lora_B,5
1768388078.3535252,1238,38.71875,0.17493534088134766,Grad/mlp.fc2.lora_B,outputs_dev/vitb16/T=vtab_Q=3bit_L=lora_2_qkv-fc1-proj-fc2/cifar/20260114184203_default_acc=53.50/tensorboard/Grad_mlp.fc2.lora_B_block_5/events.out.tfevents.1768387349.master-192-168-8-48.1680.9,mlp.fc2.lora_B,5
1768388078.778579,1239,38.75,0.267810583114624,Grad/mlp.fc2.lora_B,outputs_dev/vitb16/T=vtab_Q=3bit_L=lora_2_qkv-fc1-proj-fc2/cifar/20260114184203_default_acc=53.50/tensorboard/Grad_mlp.fc2.lora_B_block_5/events.out.tfevents.1768387349.master-192-168-8-48.1680.9,mlp.fc2.lora_B,5
1768388079.2018695,1240,38.78125,0.16832780838012695,Grad/mlp.fc2.lora_B,outputs_dev/vitb16/T=vtab_Q=3bit_L=lora_2_qkv-fc1-proj-fc2/cifar/20260114184203_default_acc=53.50/tensorboard/Grad_mlp.fc2.lora_B_block_5/events.out.tfevents.1768387349.master-192-168-8-48.1680.9,mlp.fc2.lora_B,5
1768388079.6229448,1241,38.8125,0.5338444709777832,Grad/mlp.fc2.lora_B,outputs_dev/vitb16/T=vtab_Q=3bit_L=lora_2_qkv-fc1-proj-fc2/cifar/20260114184203_default_acc=53.50/tensorboard/Grad_mlp.fc2.lora_B_block_5/events.out.tfevents.1768387349.master-192-168-8-48.1680.9,mlp.fc2.lora_B,5
1768388080.05495,1242,38.84375,0.1854945719242096,Grad/mlp.fc2.lora_B,outputs_dev/vitb16/T=vtab_Q=3bit_L=lora_2_qkv-fc1-proj-fc2/cifar/20260114184203_default_acc=53.50/tensorboard/Grad_mlp.fc2.lora_B_block_5/events.out.tfevents.1768387349.master-192-168-8-48.1680.9,mlp.fc2.lora_B,5
1768388080.4889698,1243,38.875,0.2831754684448242,Grad/mlp.fc2.lora_B,outputs_dev/vitb16/T=vtab_Q=3bit_L=lora_2_qkv-fc1-proj-fc2/cifar/20260114184203_default_acc=53.50/tensorboard/Grad_mlp.fc2.lora_B_block_5/events.out.tfevents.1768387349.master-192-168-8-48.1680.9,mlp.fc2.lora_B,5
1768388080.9270506,1244,38.90625,0.6725338697433472,Grad/mlp.fc2.lora_B,outputs_dev/vitb16/T=vtab_Q=3bit_L=lora_2_qkv-fc1-proj-fc2/cifar/20260114184203_default_acc=53.50/tensorboard/Grad_mlp.fc2.lora_B_block_5/events.out.tfevents.1768387349.master-192-168-8-48.1680.9,mlp.fc2.lora_B,5
1768388081.3510396,1245,38.9375,0.3372401297092438,Grad/mlp.fc2.lora_B,outputs_dev/vitb16/T=vtab_Q=3bit_L=lora_2_qkv-fc1-proj-fc2/cifar/20260114184203_default_acc=53.50/tensorboard/Grad_mlp.fc2.lora_B_block_5/events.out.tfevents.1768387349.master-192-168-8-48.1680.9,mlp.fc2.lora_B,5
1768388081.773287,1246,38.96875,0.5288432240486145,Grad/mlp.fc2.lora_B,outputs_dev/vitb16/T=vtab_Q=3bit_L=lora_2_qkv-fc1-proj-fc2/cifar/20260114184203_default_acc=53.50/tensorboard/Grad_mlp.fc2.lora_B_block_5/events.out.tfevents.1768387349.master-192-168-8-48.1680.9,mlp.fc2.lora_B,5
1768388081.9806879,1247,39.0,0.43059849739074707,Grad/mlp.fc2.lora_B,outputs_dev/vitb16/T=vtab_Q=3bit_L=lora_2_qkv-fc1-proj-fc2/cifar/20260114184203_default_acc=53.50/tensorboard/Grad_mlp.fc2.lora_B_block_5/events.out.tfevents.1768387349.master-192-168-8-48.1680.9,mlp.fc2.lora_B,5
1768388082.6981542,1248,39.03125,0.2212589532136917,Grad/mlp.fc2.lora_B,outputs_dev/vitb16/T=vtab_Q=3bit_L=lora_2_qkv-fc1-proj-fc2/cifar/20260114184203_default_acc=53.50/tensorboard/Grad_mlp.fc2.lora_B_block_5/events.out.tfevents.1768387349.master-192-168-8-48.1680.9,mlp.fc2.lora_B,5
1768388083.1267548,1249,39.0625,0.2830617129802704,Grad/mlp.fc2.lora_B,outputs_dev/vitb16/T=vtab_Q=3bit_L=lora_2_qkv-fc1-proj-fc2/cifar/20260114184203_default_acc=53.50/tensorboard/Grad_mlp.fc2.lora_B_block_5/events.out.tfevents.1768387349.master-192-168-8-48.1680.9,mlp.fc2.lora_B,5
1768388083.5485697,1250,39.09375,0.2523333728313446,Grad/mlp.fc2.lora_B,outputs_dev/vitb16/T=vtab_Q=3bit_L=lora_2_qkv-fc1-proj-fc2/cifar/20260114184203_default_acc=53.50/tensorboard/Grad_mlp.fc2.lora_B_block_5/events.out.tfevents.1768387349.master-192-168-8-48.1680.9,mlp.fc2.lora_B,5
1768388083.9599106,1251,39.125,0.15807701647281647,Grad/mlp.fc2.lora_B,outputs_dev/vitb16/T=vtab_Q=3bit_L=lora_2_qkv-fc1-proj-fc2/cifar/20260114184203_default_acc=53.50/tensorboard/Grad_mlp.fc2.lora_B_block_5/events.out.tfevents.1768387349.master-192-168-8-48.1680.9,mlp.fc2.lora_B,5
1768388084.3720865,1252,39.15625,0.2092975676059723,Grad/mlp.fc2.lora_B,outputs_dev/vitb16/T=vtab_Q=3bit_L=lora_2_qkv-fc1-proj-fc2/cifar/20260114184203_default_acc=53.50/tensorboard/Grad_mlp.fc2.lora_B_block_5/events.out.tfevents.1768387349.master-192-168-8-48.1680.9,mlp.fc2.lora_B,5
1768388084.7941349,1253,39.1875,0.1874212622642517,Grad/mlp.fc2.lora_B,outputs_dev/vitb16/T=vtab_Q=3bit_L=lora_2_qkv-fc1-proj-fc2/cifar/20260114184203_default_acc=53.50/tensorboard/Grad_mlp.fc2.lora_B_block_5/events.out.tfevents.1768387349.master-192-168-8-48.1680.9,mlp.fc2.lora_B,5
1768388085.2182064,1254,39.21875,0.1689538061618805,Grad/mlp.fc2.lora_B,outputs_dev/vitb16/T=vtab_Q=3bit_L=lora_2_qkv-fc1-proj-fc2/cifar/20260114184203_default_acc=53.50/tensorboard/Grad_mlp.fc2.lora_B_block_5/events.out.tfevents.1768387349.master-192-168-8-48.1680.9,mlp.fc2.lora_B,5
1768388085.658469,1255,39.25,0.3177817463874817,Grad/mlp.fc2.lora_B,outputs_dev/vitb16/T=vtab_Q=3bit_L=lora_2_qkv-fc1-proj-fc2/cifar/20260114184203_default_acc=53.50/tensorboard/Grad_mlp.fc2.lora_B_block_5/events.out.tfevents.1768387349.master-192-168-8-48.1680.9,mlp.fc2.lora_B,5
1768388086.0863664,1256,39.28125,0.27744412422180176,Grad/mlp.fc2.lora_B,outputs_dev/vitb16/T=vtab_Q=3bit_L=lora_2_qkv-fc1-proj-fc2/cifar/20260114184203_default_acc=53.50/tensorboard/Grad_mlp.fc2.lora_B_block_5/events.out.tfevents.1768387349.master-192-168-8-48.1680.9,mlp.fc2.lora_B,5
1768388086.513189,1257,39.3125,0.2372611165046692,Grad/mlp.fc2.lora_B,outputs_dev/vitb16/T=vtab_Q=3bit_L=lora_2_qkv-fc1-proj-fc2/cifar/20260114184203_default_acc=53.50/tensorboard/Grad_mlp.fc2.lora_B_block_5/events.out.tfevents.1768387349.master-192-168-8-48.1680.9,mlp.fc2.lora_B,5
1768388086.9418437,1258,39.34375,0.15158846974372864,Grad/mlp.fc2.lora_B,outputs_dev/vitb16/T=vtab_Q=3bit_L=lora_2_qkv-fc1-proj-fc2/cifar/20260114184203_default_acc=53.50/tensorboard/Grad_mlp.fc2.lora_B_block_5/events.out.tfevents.1768387349.master-192-168-8-48.1680.9,mlp.fc2.lora_B,5
1768388087.3869429,1259,39.375,0.3696175515651703,Grad/mlp.fc2.lora_B,outputs_dev/vitb16/T=vtab_Q=3bit_L=lora_2_qkv-fc1-proj-fc2/cifar/20260114184203_default_acc=53.50/tensorboard/Grad_mlp.fc2.lora_B_block_5/events.out.tfevents.1768387349.master-192-168-8-48.1680.9,mlp.fc2.lora_B,5
1768388087.825151,1260,39.40625,0.25000110268592834,Grad/mlp.fc2.lora_B,outputs_dev/vitb16/T=vtab_Q=3bit_L=lora_2_qkv-fc1-proj-fc2/cifar/20260114184203_default_acc=53.50/tensorboard/Grad_mlp.fc2.lora_B_block_5/events.out.tfevents.1768387349.master-192-168-8-48.1680.9,mlp.fc2.lora_B,5
1768388088.2657018,1261,39.4375,0.2705526649951935,Grad/mlp.fc2.lora_B,outputs_dev/vitb16/T=vtab_Q=3bit_L=lora_2_qkv-fc1-proj-fc2/cifar/20260114184203_default_acc=53.50/tensorboard/Grad_mlp.fc2.lora_B_block_5/events.out.tfevents.1768387349.master-192-168-8-48.1680.9,mlp.fc2.lora_B,5
1768388088.7113001,1262,39.46875,0.2326088845729828,Grad/mlp.fc2.lora_B,outputs_dev/vitb16/T=vtab_Q=3bit_L=lora_2_qkv-fc1-proj-fc2/cifar/20260114184203_default_acc=53.50/tensorboard/Grad_mlp.fc2.lora_B_block_5/events.out.tfevents.1768387349.master-192-168-8-48.1680.9,mlp.fc2.lora_B,5
1768388089.1522834,1263,39.5,0.17703509330749512,Grad/mlp.fc2.lora_B,outputs_dev/vitb16/T=vtab_Q=3bit_L=lora_2_qkv-fc1-proj-fc2/cifar/20260114184203_default_acc=53.50/tensorboard/Grad_mlp.fc2.lora_B_block_5/events.out.tfevents.1768387349.master-192-168-8-48.1680.9,mlp.fc2.lora_B,5
1768388089.581353,1264,39.53125,0.43516379594802856,Grad/mlp.fc2.lora_B,outputs_dev/vitb16/T=vtab_Q=3bit_L=lora_2_qkv-fc1-proj-fc2/cifar/20260114184203_default_acc=53.50/tensorboard/Grad_mlp.fc2.lora_B_block_5/events.out.tfevents.1768387349.master-192-168-8-48.1680.9,mlp.fc2.lora_B,5
1768388090.0210683,1265,39.5625,0.28023532032966614,Grad/mlp.fc2.lora_B,outputs_dev/vitb16/T=vtab_Q=3bit_L=lora_2_qkv-fc1-proj-fc2/cifar/20260114184203_default_acc=53.50/tensorboard/Grad_mlp.fc2.lora_B_block_5/events.out.tfevents.1768387349.master-192-168-8-48.1680.9,mlp.fc2.lora_B,5
1768388090.4606245,1266,39.59375,0.11346527934074402,Grad/mlp.fc2.lora_B,outputs_dev/vitb16/T=vtab_Q=3bit_L=lora_2_qkv-fc1-proj-fc2/cifar/20260114184203_default_acc=53.50/tensorboard/Grad_mlp.fc2.lora_B_block_5/events.out.tfevents.1768387349.master-192-168-8-48.1680.9,mlp.fc2.lora_B,5
1768388090.8911328,1267,39.625,0.30770841240882874,Grad/mlp.fc2.lora_B,outputs_dev/vitb16/T=vtab_Q=3bit_L=lora_2_qkv-fc1-proj-fc2/cifar/20260114184203_default_acc=53.50/tensorboard/Grad_mlp.fc2.lora_B_block_5/events.out.tfevents.1768387349.master-192-168-8-48.1680.9,mlp.fc2.lora_B,5
1768388091.3257282,1268,39.65625,0.30859172344207764,Grad/mlp.fc2.lora_B,outputs_dev/vitb16/T=vtab_Q=3bit_L=lora_2_qkv-fc1-proj-fc2/cifar/20260114184203_default_acc=53.50/tensorboard/Grad_mlp.fc2.lora_B_block_5/events.out.tfevents.1768387349.master-192-168-8-48.1680.9,mlp.fc2.lora_B,5
1768388091.756669,1269,39.6875,0.2283003032207489,Grad/mlp.fc2.lora_B,outputs_dev/vitb16/T=vtab_Q=3bit_L=lora_2_qkv-fc1-proj-fc2/cifar/20260114184203_default_acc=53.50/tensorboard/Grad_mlp.fc2.lora_B_block_5/events.out.tfevents.1768387349.master-192-168-8-48.1680.9,mlp.fc2.lora_B,5
1768388092.2018943,1270,39.71875,0.49752140045166016,Grad/mlp.fc2.lora_B,outputs_dev/vitb16/T=vtab_Q=3bit_L=lora_2_qkv-fc1-proj-fc2/cifar/20260114184203_default_acc=53.50/tensorboard/Grad_mlp.fc2.lora_B_block_5/events.out.tfevents.1768387349.master-192-168-8-48.1680.9,mlp.fc2.lora_B,5
1768388092.6320224,1271,39.75,0.2297671139240265,Grad/mlp.fc2.lora_B,outputs_dev/vitb16/T=vtab_Q=3bit_L=lora_2_qkv-fc1-proj-fc2/cifar/20260114184203_default_acc=53.50/tensorboard/Grad_mlp.fc2.lora_B_block_5/events.out.tfevents.1768387349.master-192-168-8-48.1680.9,mlp.fc2.lora_B,5
1768388093.0449712,1272,39.78125,0.20670470595359802,Grad/mlp.fc2.lora_B,outputs_dev/vitb16/T=vtab_Q=3bit_L=lora_2_qkv-fc1-proj-fc2/cifar/20260114184203_default_acc=53.50/tensorboard/Grad_mlp.fc2.lora_B_block_5/events.out.tfevents.1768387349.master-192-168-8-48.1680.9,mlp.fc2.lora_B,5
1768388093.490872,1273,39.8125,0.16927486658096313,Grad/mlp.fc2.lora_B,outputs_dev/vitb16/T=vtab_Q=3bit_L=lora_2_qkv-fc1-proj-fc2/cifar/20260114184203_default_acc=53.50/tensorboard/Grad_mlp.fc2.lora_B_block_5/events.out.tfevents.1768387349.master-192-168-8-48.1680.9,mlp.fc2.lora_B,5
1768388093.9147732,1274,39.84375,0.23180536925792694,Grad/mlp.fc2.lora_B,outputs_dev/vitb16/T=vtab_Q=3bit_L=lora_2_qkv-fc1-proj-fc2/cifar/20260114184203_default_acc=53.50/tensorboard/Grad_mlp.fc2.lora_B_block_5/events.out.tfevents.1768387349.master-192-168-8-48.1680.9,mlp.fc2.lora_B,5
1768388094.3392935,1275,39.875,0.31584519147872925,Grad/mlp.fc2.lora_B,outputs_dev/vitb16/T=vtab_Q=3bit_L=lora_2_qkv-fc1-proj-fc2/cifar/20260114184203_default_acc=53.50/tensorboard/Grad_mlp.fc2.lora_B_block_5/events.out.tfevents.1768387349.master-192-168-8-48.1680.9,mlp.fc2.lora_B,5
1768388094.798899,1276,39.90625,0.31937482953071594,Grad/mlp.fc2.lora_B,outputs_dev/vitb16/T=vtab_Q=3bit_L=lora_2_qkv-fc1-proj-fc2/cifar/20260114184203_default_acc=53.50/tensorboard/Grad_mlp.fc2.lora_B_block_5/events.out.tfevents.1768387349.master-192-168-8-48.1680.9,mlp.fc2.lora_B,5
1768388095.2428224,1277,39.9375,0.11609036475419998,Grad/mlp.fc2.lora_B,outputs_dev/vitb16/T=vtab_Q=3bit_L=lora_2_qkv-fc1-proj-fc2/cifar/20260114184203_default_acc=53.50/tensorboard/Grad_mlp.fc2.lora_B_block_5/events.out.tfevents.1768387349.master-192-168-8-48.1680.9,mlp.fc2.lora_B,5
1768388095.679764,1278,39.96875,0.16128818690776825,Grad/mlp.fc2.lora_B,outputs_dev/vitb16/T=vtab_Q=3bit_L=lora_2_qkv-fc1-proj-fc2/cifar/20260114184203_default_acc=53.50/tensorboard/Grad_mlp.fc2.lora_B_block_5/events.out.tfevents.1768387349.master-192-168-8-48.1680.9,mlp.fc2.lora_B,5
1768388095.8616278,1279,40.0,0.19215908646583557,Grad/mlp.fc2.lora_B,outputs_dev/vitb16/T=vtab_Q=3bit_L=lora_2_qkv-fc1-proj-fc2/cifar/20260114184203_default_acc=53.50/tensorboard/Grad_mlp.fc2.lora_B_block_5/events.out.tfevents.1768387349.master-192-168-8-48.1680.9,mlp.fc2.lora_B,5
1768388096.5820541,1280,40.03125,0.20012444257736206,Grad/mlp.fc2.lora_B,outputs_dev/vitb16/T=vtab_Q=3bit_L=lora_2_qkv-fc1-proj-fc2/cifar/20260114184203_default_acc=53.50/tensorboard/Grad_mlp.fc2.lora_B_block_5/events.out.tfevents.1768387349.master-192-168-8-48.1680.9,mlp.fc2.lora_B,5
1768388097.0272543,1281,40.0625,0.3738803565502167,Grad/mlp.fc2.lora_B,outputs_dev/vitb16/T=vtab_Q=3bit_L=lora_2_qkv-fc1-proj-fc2/cifar/20260114184203_default_acc=53.50/tensorboard/Grad_mlp.fc2.lora_B_block_5/events.out.tfevents.1768387349.master-192-168-8-48.1680.9,mlp.fc2.lora_B,5
1768388097.452131,1282,40.09375,0.3050559461116791,Grad/mlp.fc2.lora_B,outputs_dev/vitb16/T=vtab_Q=3bit_L=lora_2_qkv-fc1-proj-fc2/cifar/20260114184203_default_acc=53.50/tensorboard/Grad_mlp.fc2.lora_B_block_5/events.out.tfevents.1768387349.master-192-168-8-48.1680.9,mlp.fc2.lora_B,5
1768388097.8753636,1283,40.125,0.14103032648563385,Grad/mlp.fc2.lora_B,outputs_dev/vitb16/T=vtab_Q=3bit_L=lora_2_qkv-fc1-proj-fc2/cifar/20260114184203_default_acc=53.50/tensorboard/Grad_mlp.fc2.lora_B_block_5/events.out.tfevents.1768387349.master-192-168-8-48.1680.9,mlp.fc2.lora_B,5
1768388098.2996445,1284,40.15625,0.13527357578277588,Grad/mlp.fc2.lora_B,outputs_dev/vitb16/T=vtab_Q=3bit_L=lora_2_qkv-fc1-proj-fc2/cifar/20260114184203_default_acc=53.50/tensorboard/Grad_mlp.fc2.lora_B_block_5/events.out.tfevents.1768387349.master-192-168-8-48.1680.9,mlp.fc2.lora_B,5
1768388098.7241018,1285,40.1875,0.25236234068870544,Grad/mlp.fc2.lora_B,outputs_dev/vitb16/T=vtab_Q=3bit_L=lora_2_qkv-fc1-proj-fc2/cifar/20260114184203_default_acc=53.50/tensorboard/Grad_mlp.fc2.lora_B_block_5/events.out.tfevents.1768387349.master-192-168-8-48.1680.9,mlp.fc2.lora_B,5
1768388099.1473858,1286,40.21875,0.19899918138980865,Grad/mlp.fc2.lora_B,outputs_dev/vitb16/T=vtab_Q=3bit_L=lora_2_qkv-fc1-proj-fc2/cifar/20260114184203_default_acc=53.50/tensorboard/Grad_mlp.fc2.lora_B_block_5/events.out.tfevents.1768387349.master-192-168-8-48.1680.9,mlp.fc2.lora_B,5
1768388099.5705369,1287,40.25,0.16592177748680115,Grad/mlp.fc2.lora_B,outputs_dev/vitb16/T=vtab_Q=3bit_L=lora_2_qkv-fc1-proj-fc2/cifar/20260114184203_default_acc=53.50/tensorboard/Grad_mlp.fc2.lora_B_block_5/events.out.tfevents.1768387349.master-192-168-8-48.1680.9,mlp.fc2.lora_B,5
1768388099.9952166,1288,40.28125,0.20216163992881775,Grad/mlp.fc2.lora_B,outputs_dev/vitb16/T=vtab_Q=3bit_L=lora_2_qkv-fc1-proj-fc2/cifar/20260114184203_default_acc=53.50/tensorboard/Grad_mlp.fc2.lora_B_block_5/events.out.tfevents.1768387349.master-192-168-8-48.1680.9,mlp.fc2.lora_B,5
1768388100.416332,1289,40.3125,0.1950252652168274,Grad/mlp.fc2.lora_B,outputs_dev/vitb16/T=vtab_Q=3bit_L=lora_2_qkv-fc1-proj-fc2/cifar/20260114184203_default_acc=53.50/tensorboard/Grad_mlp.fc2.lora_B_block_5/events.out.tfevents.1768387349.master-192-168-8-48.1680.9,mlp.fc2.lora_B,5
1768388100.842831,1290,40.34375,0.09754056483507156,Grad/mlp.fc2.lora_B,outputs_dev/vitb16/T=vtab_Q=3bit_L=lora_2_qkv-fc1-proj-fc2/cifar/20260114184203_default_acc=53.50/tensorboard/Grad_mlp.fc2.lora_B_block_5/events.out.tfevents.1768387349.master-192-168-8-48.1680.9,mlp.fc2.lora_B,5
1768388101.268233,1291,40.375,0.32308152318000793,Grad/mlp.fc2.lora_B,outputs_dev/vitb16/T=vtab_Q=3bit_L=lora_2_qkv-fc1-proj-fc2/cifar/20260114184203_default_acc=53.50/tensorboard/Grad_mlp.fc2.lora_B_block_5/events.out.tfevents.1768387349.master-192-168-8-48.1680.9,mlp.fc2.lora_B,5
1768388101.697502,1292,40.40625,0.30958569049835205,Grad/mlp.fc2.lora_B,outputs_dev/vitb16/T=vtab_Q=3bit_L=lora_2_qkv-fc1-proj-fc2/cifar/20260114184203_default_acc=53.50/tensorboard/Grad_mlp.fc2.lora_B_block_5/events.out.tfevents.1768387349.master-192-168-8-48.1680.9,mlp.fc2.lora_B,5
1768388102.120893,1293,40.4375,0.08204092085361481,Grad/mlp.fc2.lora_B,outputs_dev/vitb16/T=vtab_Q=3bit_L=lora_2_qkv-fc1-proj-fc2/cifar/20260114184203_default_acc=53.50/tensorboard/Grad_mlp.fc2.lora_B_block_5/events.out.tfevents.1768387349.master-192-168-8-48.1680.9,mlp.fc2.lora_B,5
1768388102.5440423,1294,40.46875,0.1774330884218216,Grad/mlp.fc2.lora_B,outputs_dev/vitb16/T=vtab_Q=3bit_L=lora_2_qkv-fc1-proj-fc2/cifar/20260114184203_default_acc=53.50/tensorboard/Grad_mlp.fc2.lora_B_block_5/events.out.tfevents.1768387349.master-192-168-8-48.1680.9,mlp.fc2.lora_B,5
1768388103.0778654,1295,40.5,0.1329718977212906,Grad/mlp.fc2.lora_B,outputs_dev/vitb16/T=vtab_Q=3bit_L=lora_2_qkv-fc1-proj-fc2/cifar/20260114184203_default_acc=53.50/tensorboard/Grad_mlp.fc2.lora_B_block_5/events.out.tfevents.1768387349.master-192-168-8-48.1680.9,mlp.fc2.lora_B,5
1768388103.5000508,1296,40.53125,0.3226799964904785,Grad/mlp.fc2.lora_B,outputs_dev/vitb16/T=vtab_Q=3bit_L=lora_2_qkv-fc1-proj-fc2/cifar/20260114184203_default_acc=53.50/tensorboard/Grad_mlp.fc2.lora_B_block_5/events.out.tfevents.1768387349.master-192-168-8-48.1680.9,mlp.fc2.lora_B,5
1768388103.9232411,1297,40.5625,0.11527207493782043,Grad/mlp.fc2.lora_B,outputs_dev/vitb16/T=vtab_Q=3bit_L=lora_2_qkv-fc1-proj-fc2/cifar/20260114184203_default_acc=53.50/tensorboard/Grad_mlp.fc2.lora_B_block_5/events.out.tfevents.1768387349.master-192-168-8-48.1680.9,mlp.fc2.lora_B,5
1768388104.3474028,1298,40.59375,0.28032487630844116,Grad/mlp.fc2.lora_B,outputs_dev/vitb16/T=vtab_Q=3bit_L=lora_2_qkv-fc1-proj-fc2/cifar/20260114184203_default_acc=53.50/tensorboard/Grad_mlp.fc2.lora_B_block_5/events.out.tfevents.1768387349.master-192-168-8-48.1680.9,mlp.fc2.lora_B,5
1768388104.7716377,1299,40.625,0.14943543076515198,Grad/mlp.fc2.lora_B,outputs_dev/vitb16/T=vtab_Q=3bit_L=lora_2_qkv-fc1-proj-fc2/cifar/20260114184203_default_acc=53.50/tensorboard/Grad_mlp.fc2.lora_B_block_5/events.out.tfevents.1768387349.master-192-168-8-48.1680.9,mlp.fc2.lora_B,5
1768388105.1957707,1300,40.65625,0.20740534365177155,Grad/mlp.fc2.lora_B,outputs_dev/vitb16/T=vtab_Q=3bit_L=lora_2_qkv-fc1-proj-fc2/cifar/20260114184203_default_acc=53.50/tensorboard/Grad_mlp.fc2.lora_B_block_5/events.out.tfevents.1768387349.master-192-168-8-48.1680.9,mlp.fc2.lora_B,5
1768388105.6188293,1301,40.6875,0.592219352722168,Grad/mlp.fc2.lora_B,outputs_dev/vitb16/T=vtab_Q=3bit_L=lora_2_qkv-fc1-proj-fc2/cifar/20260114184203_default_acc=53.50/tensorboard/Grad_mlp.fc2.lora_B_block_5/events.out.tfevents.1768387349.master-192-168-8-48.1680.9,mlp.fc2.lora_B,5
1768388106.0400746,1302,40.71875,0.22082556784152985,Grad/mlp.fc2.lora_B,outputs_dev/vitb16/T=vtab_Q=3bit_L=lora_2_qkv-fc1-proj-fc2/cifar/20260114184203_default_acc=53.50/tensorboard/Grad_mlp.fc2.lora_B_block_5/events.out.tfevents.1768387349.master-192-168-8-48.1680.9,mlp.fc2.lora_B,5
1768388106.4622042,1303,40.75,0.14020054042339325,Grad/mlp.fc2.lora_B,outputs_dev/vitb16/T=vtab_Q=3bit_L=lora_2_qkv-fc1-proj-fc2/cifar/20260114184203_default_acc=53.50/tensorboard/Grad_mlp.fc2.lora_B_block_5/events.out.tfevents.1768387349.master-192-168-8-48.1680.9,mlp.fc2.lora_B,5
1768388106.883222,1304,40.78125,0.47708627581596375,Grad/mlp.fc2.lora_B,outputs_dev/vitb16/T=vtab_Q=3bit_L=lora_2_qkv-fc1-proj-fc2/cifar/20260114184203_default_acc=53.50/tensorboard/Grad_mlp.fc2.lora_B_block_5/events.out.tfevents.1768387349.master-192-168-8-48.1680.9,mlp.fc2.lora_B,5
1768388107.305247,1305,40.8125,0.28961706161499023,Grad/mlp.fc2.lora_B,outputs_dev/vitb16/T=vtab_Q=3bit_L=lora_2_qkv-fc1-proj-fc2/cifar/20260114184203_default_acc=53.50/tensorboard/Grad_mlp.fc2.lora_B_block_5/events.out.tfevents.1768387349.master-192-168-8-48.1680.9,mlp.fc2.lora_B,5
1768388107.7296743,1306,40.84375,0.2801955044269562,Grad/mlp.fc2.lora_B,outputs_dev/vitb16/T=vtab_Q=3bit_L=lora_2_qkv-fc1-proj-fc2/cifar/20260114184203_default_acc=53.50/tensorboard/Grad_mlp.fc2.lora_B_block_5/events.out.tfevents.1768387349.master-192-168-8-48.1680.9,mlp.fc2.lora_B,5
1768388108.1548462,1307,40.875,0.24289961159229279,Grad/mlp.fc2.lora_B,outputs_dev/vitb16/T=vtab_Q=3bit_L=lora_2_qkv-fc1-proj-fc2/cifar/20260114184203_default_acc=53.50/tensorboard/Grad_mlp.fc2.lora_B_block_5/events.out.tfevents.1768387349.master-192-168-8-48.1680.9,mlp.fc2.lora_B,5
1768388108.5792642,1308,40.90625,0.1505131721496582,Grad/mlp.fc2.lora_B,outputs_dev/vitb16/T=vtab_Q=3bit_L=lora_2_qkv-fc1-proj-fc2/cifar/20260114184203_default_acc=53.50/tensorboard/Grad_mlp.fc2.lora_B_block_5/events.out.tfevents.1768387349.master-192-168-8-48.1680.9,mlp.fc2.lora_B,5
1768388109.0011437,1309,40.9375,0.16523481905460358,Grad/mlp.fc2.lora_B,outputs_dev/vitb16/T=vtab_Q=3bit_L=lora_2_qkv-fc1-proj-fc2/cifar/20260114184203_default_acc=53.50/tensorboard/Grad_mlp.fc2.lora_B_block_5/events.out.tfevents.1768387349.master-192-168-8-48.1680.9,mlp.fc2.lora_B,5
1768388109.4275486,1310,40.96875,0.19919192790985107,Grad/mlp.fc2.lora_B,outputs_dev/vitb16/T=vtab_Q=3bit_L=lora_2_qkv-fc1-proj-fc2/cifar/20260114184203_default_acc=53.50/tensorboard/Grad_mlp.fc2.lora_B_block_5/events.out.tfevents.1768387349.master-192-168-8-48.1680.9,mlp.fc2.lora_B,5
1768388109.6368613,1311,41.0,0.473745733499527,Grad/mlp.fc2.lora_B,outputs_dev/vitb16/T=vtab_Q=3bit_L=lora_2_qkv-fc1-proj-fc2/cifar/20260114184203_default_acc=53.50/tensorboard/Grad_mlp.fc2.lora_B_block_5/events.out.tfevents.1768387349.master-192-168-8-48.1680.9,mlp.fc2.lora_B,5
1768388148.557556,1312,41.03125,0.3339906632900238,Grad/mlp.fc2.lora_B,outputs_dev/vitb16/T=vtab_Q=3bit_L=lora_2_qkv-fc1-proj-fc2/cifar/20260114184203_default_acc=53.50/tensorboard/Grad_mlp.fc2.lora_B_block_5/events.out.tfevents.1768387349.master-192-168-8-48.1680.9,mlp.fc2.lora_B,5
1768388148.9952683,1313,41.0625,0.17030519247055054,Grad/mlp.fc2.lora_B,outputs_dev/vitb16/T=vtab_Q=3bit_L=lora_2_qkv-fc1-proj-fc2/cifar/20260114184203_default_acc=53.50/tensorboard/Grad_mlp.fc2.lora_B_block_5/events.out.tfevents.1768387349.master-192-168-8-48.1680.9,mlp.fc2.lora_B,5
1768388149.433037,1314,41.09375,0.469504177570343,Grad/mlp.fc2.lora_B,outputs_dev/vitb16/T=vtab_Q=3bit_L=lora_2_qkv-fc1-proj-fc2/cifar/20260114184203_default_acc=53.50/tensorboard/Grad_mlp.fc2.lora_B_block_5/events.out.tfevents.1768387349.master-192-168-8-48.1680.9,mlp.fc2.lora_B,5
1768388149.8711793,1315,41.125,0.3012504577636719,Grad/mlp.fc2.lora_B,outputs_dev/vitb16/T=vtab_Q=3bit_L=lora_2_qkv-fc1-proj-fc2/cifar/20260114184203_default_acc=53.50/tensorboard/Grad_mlp.fc2.lora_B_block_5/events.out.tfevents.1768387349.master-192-168-8-48.1680.9,mlp.fc2.lora_B,5
1768388150.315227,1316,41.15625,0.3286220133304596,Grad/mlp.fc2.lora_B,outputs_dev/vitb16/T=vtab_Q=3bit_L=lora_2_qkv-fc1-proj-fc2/cifar/20260114184203_default_acc=53.50/tensorboard/Grad_mlp.fc2.lora_B_block_5/events.out.tfevents.1768387349.master-192-168-8-48.1680.9,mlp.fc2.lora_B,5
1768388150.752831,1317,41.1875,0.3215029537677765,Grad/mlp.fc2.lora_B,outputs_dev/vitb16/T=vtab_Q=3bit_L=lora_2_qkv-fc1-proj-fc2/cifar/20260114184203_default_acc=53.50/tensorboard/Grad_mlp.fc2.lora_B_block_5/events.out.tfevents.1768387349.master-192-168-8-48.1680.9,mlp.fc2.lora_B,5
1768388151.1812983,1318,41.21875,0.26128286123275757,Grad/mlp.fc2.lora_B,outputs_dev/vitb16/T=vtab_Q=3bit_L=lora_2_qkv-fc1-proj-fc2/cifar/20260114184203_default_acc=53.50/tensorboard/Grad_mlp.fc2.lora_B_block_5/events.out.tfevents.1768387349.master-192-168-8-48.1680.9,mlp.fc2.lora_B,5
1768388151.6074371,1319,41.25,0.14654432237148285,Grad/mlp.fc2.lora_B,outputs_dev/vitb16/T=vtab_Q=3bit_L=lora_2_qkv-fc1-proj-fc2/cifar/20260114184203_default_acc=53.50/tensorboard/Grad_mlp.fc2.lora_B_block_5/events.out.tfevents.1768387349.master-192-168-8-48.1680.9,mlp.fc2.lora_B,5
1768388152.0403929,1320,41.28125,0.19951513409614563,Grad/mlp.fc2.lora_B,outputs_dev/vitb16/T=vtab_Q=3bit_L=lora_2_qkv-fc1-proj-fc2/cifar/20260114184203_default_acc=53.50/tensorboard/Grad_mlp.fc2.lora_B_block_5/events.out.tfevents.1768387349.master-192-168-8-48.1680.9,mlp.fc2.lora_B,5
1768388152.4923792,1321,41.3125,0.18268348276615143,Grad/mlp.fc2.lora_B,outputs_dev/vitb16/T=vtab_Q=3bit_L=lora_2_qkv-fc1-proj-fc2/cifar/20260114184203_default_acc=53.50/tensorboard/Grad_mlp.fc2.lora_B_block_5/events.out.tfevents.1768387349.master-192-168-8-48.1680.9,mlp.fc2.lora_B,5
1768388152.9296114,1322,41.34375,0.14347346127033234,Grad/mlp.fc2.lora_B,outputs_dev/vitb16/T=vtab_Q=3bit_L=lora_2_qkv-fc1-proj-fc2/cifar/20260114184203_default_acc=53.50/tensorboard/Grad_mlp.fc2.lora_B_block_5/events.out.tfevents.1768387349.master-192-168-8-48.1680.9,mlp.fc2.lora_B,5
1768388153.3692546,1323,41.375,0.12406449764966965,Grad/mlp.fc2.lora_B,outputs_dev/vitb16/T=vtab_Q=3bit_L=lora_2_qkv-fc1-proj-fc2/cifar/20260114184203_default_acc=53.50/tensorboard/Grad_mlp.fc2.lora_B_block_5/events.out.tfevents.1768387349.master-192-168-8-48.1680.9,mlp.fc2.lora_B,5
1768388153.8113813,1324,41.40625,0.4006822109222412,Grad/mlp.fc2.lora_B,outputs_dev/vitb16/T=vtab_Q=3bit_L=lora_2_qkv-fc1-proj-fc2/cifar/20260114184203_default_acc=53.50/tensorboard/Grad_mlp.fc2.lora_B_block_5/events.out.tfevents.1768387349.master-192-168-8-48.1680.9,mlp.fc2.lora_B,5
1768388154.2399228,1325,41.4375,0.14355523884296417,Grad/mlp.fc2.lora_B,outputs_dev/vitb16/T=vtab_Q=3bit_L=lora_2_qkv-fc1-proj-fc2/cifar/20260114184203_default_acc=53.50/tensorboard/Grad_mlp.fc2.lora_B_block_5/events.out.tfevents.1768387349.master-192-168-8-48.1680.9,mlp.fc2.lora_B,5
1768388154.6692219,1326,41.46875,0.4612463414669037,Grad/mlp.fc2.lora_B,outputs_dev/vitb16/T=vtab_Q=3bit_L=lora_2_qkv-fc1-proj-fc2/cifar/20260114184203_default_acc=53.50/tensorboard/Grad_mlp.fc2.lora_B_block_5/events.out.tfevents.1768387349.master-192-168-8-48.1680.9,mlp.fc2.lora_B,5
1768388155.0979912,1327,41.5,0.18265113234519958,Grad/mlp.fc2.lora_B,outputs_dev/vitb16/T=vtab_Q=3bit_L=lora_2_qkv-fc1-proj-fc2/cifar/20260114184203_default_acc=53.50/tensorboard/Grad_mlp.fc2.lora_B_block_5/events.out.tfevents.1768387349.master-192-168-8-48.1680.9,mlp.fc2.lora_B,5
1768388155.5250053,1328,41.53125,0.24931533634662628,Grad/mlp.fc2.lora_B,outputs_dev/vitb16/T=vtab_Q=3bit_L=lora_2_qkv-fc1-proj-fc2/cifar/20260114184203_default_acc=53.50/tensorboard/Grad_mlp.fc2.lora_B_block_5/events.out.tfevents.1768387349.master-192-168-8-48.1680.9,mlp.fc2.lora_B,5
1768388155.9542181,1329,41.5625,0.17842380702495575,Grad/mlp.fc2.lora_B,outputs_dev/vitb16/T=vtab_Q=3bit_L=lora_2_qkv-fc1-proj-fc2/cifar/20260114184203_default_acc=53.50/tensorboard/Grad_mlp.fc2.lora_B_block_5/events.out.tfevents.1768387349.master-192-168-8-48.1680.9,mlp.fc2.lora_B,5
1768388156.3815932,1330,41.59375,0.2469644993543625,Grad/mlp.fc2.lora_B,outputs_dev/vitb16/T=vtab_Q=3bit_L=lora_2_qkv-fc1-proj-fc2/cifar/20260114184203_default_acc=53.50/tensorboard/Grad_mlp.fc2.lora_B_block_5/events.out.tfevents.1768387349.master-192-168-8-48.1680.9,mlp.fc2.lora_B,5
1768388156.807617,1331,41.625,0.35823434591293335,Grad/mlp.fc2.lora_B,outputs_dev/vitb16/T=vtab_Q=3bit_L=lora_2_qkv-fc1-proj-fc2/cifar/20260114184203_default_acc=53.50/tensorboard/Grad_mlp.fc2.lora_B_block_5/events.out.tfevents.1768387349.master-192-168-8-48.1680.9,mlp.fc2.lora_B,5
1768388157.2346363,1332,41.65625,0.23635980486869812,Grad/mlp.fc2.lora_B,outputs_dev/vitb16/T=vtab_Q=3bit_L=lora_2_qkv-fc1-proj-fc2/cifar/20260114184203_default_acc=53.50/tensorboard/Grad_mlp.fc2.lora_B_block_5/events.out.tfevents.1768387349.master-192-168-8-48.1680.9,mlp.fc2.lora_B,5
1768388157.6629581,1333,41.6875,0.17322400212287903,Grad/mlp.fc2.lora_B,outputs_dev/vitb16/T=vtab_Q=3bit_L=lora_2_qkv-fc1-proj-fc2/cifar/20260114184203_default_acc=53.50/tensorboard/Grad_mlp.fc2.lora_B_block_5/events.out.tfevents.1768387349.master-192-168-8-48.1680.9,mlp.fc2.lora_B,5
1768388158.092013,1334,41.71875,0.4433853328227997,Grad/mlp.fc2.lora_B,outputs_dev/vitb16/T=vtab_Q=3bit_L=lora_2_qkv-fc1-proj-fc2/cifar/20260114184203_default_acc=53.50/tensorboard/Grad_mlp.fc2.lora_B_block_5/events.out.tfevents.1768387349.master-192-168-8-48.1680.9,mlp.fc2.lora_B,5
1768388158.5248332,1335,41.75,0.35455676913261414,Grad/mlp.fc2.lora_B,outputs_dev/vitb16/T=vtab_Q=3bit_L=lora_2_qkv-fc1-proj-fc2/cifar/20260114184203_default_acc=53.50/tensorboard/Grad_mlp.fc2.lora_B_block_5/events.out.tfevents.1768387349.master-192-168-8-48.1680.9,mlp.fc2.lora_B,5
1768388158.969039,1336,41.78125,0.2567191421985626,Grad/mlp.fc2.lora_B,outputs_dev/vitb16/T=vtab_Q=3bit_L=lora_2_qkv-fc1-proj-fc2/cifar/20260114184203_default_acc=53.50/tensorboard/Grad_mlp.fc2.lora_B_block_5/events.out.tfevents.1768387349.master-192-168-8-48.1680.9,mlp.fc2.lora_B,5
1768388159.4089248,1337,41.8125,0.2615860104560852,Grad/mlp.fc2.lora_B,outputs_dev/vitb16/T=vtab_Q=3bit_L=lora_2_qkv-fc1-proj-fc2/cifar/20260114184203_default_acc=53.50/tensorboard/Grad_mlp.fc2.lora_B_block_5/events.out.tfevents.1768387349.master-192-168-8-48.1680.9,mlp.fc2.lora_B,5
1768388159.8322299,1338,41.84375,0.1720544993877411,Grad/mlp.fc2.lora_B,outputs_dev/vitb16/T=vtab_Q=3bit_L=lora_2_qkv-fc1-proj-fc2/cifar/20260114184203_default_acc=53.50/tensorboard/Grad_mlp.fc2.lora_B_block_5/events.out.tfevents.1768387349.master-192-168-8-48.1680.9,mlp.fc2.lora_B,5
1768388160.267274,1339,41.875,0.31259673833847046,Grad/mlp.fc2.lora_B,outputs_dev/vitb16/T=vtab_Q=3bit_L=lora_2_qkv-fc1-proj-fc2/cifar/20260114184203_default_acc=53.50/tensorboard/Grad_mlp.fc2.lora_B_block_5/events.out.tfevents.1768387349.master-192-168-8-48.1680.9,mlp.fc2.lora_B,5
1768388160.6757529,1340,41.90625,0.1733156144618988,Grad/mlp.fc2.lora_B,outputs_dev/vitb16/T=vtab_Q=3bit_L=lora_2_qkv-fc1-proj-fc2/cifar/20260114184203_default_acc=53.50/tensorboard/Grad_mlp.fc2.lora_B_block_5/events.out.tfevents.1768387349.master-192-168-8-48.1680.9,mlp.fc2.lora_B,5
1768388161.1132855,1341,41.9375,0.3962586224079132,Grad/mlp.fc2.lora_B,outputs_dev/vitb16/T=vtab_Q=3bit_L=lora_2_qkv-fc1-proj-fc2/cifar/20260114184203_default_acc=53.50/tensorboard/Grad_mlp.fc2.lora_B_block_5/events.out.tfevents.1768387349.master-192-168-8-48.1680.9,mlp.fc2.lora_B,5
1768388161.5355892,1342,41.96875,0.29589831829071045,Grad/mlp.fc2.lora_B,outputs_dev/vitb16/T=vtab_Q=3bit_L=lora_2_qkv-fc1-proj-fc2/cifar/20260114184203_default_acc=53.50/tensorboard/Grad_mlp.fc2.lora_B_block_5/events.out.tfevents.1768387349.master-192-168-8-48.1680.9,mlp.fc2.lora_B,5
1768388161.742608,1343,42.0,0.5974050760269165,Grad/mlp.fc2.lora_B,outputs_dev/vitb16/T=vtab_Q=3bit_L=lora_2_qkv-fc1-proj-fc2/cifar/20260114184203_default_acc=53.50/tensorboard/Grad_mlp.fc2.lora_B_block_5/events.out.tfevents.1768387349.master-192-168-8-48.1680.9,mlp.fc2.lora_B,5
1768388162.3719692,1344,42.03125,0.1624125838279724,Grad/mlp.fc2.lora_B,outputs_dev/vitb16/T=vtab_Q=3bit_L=lora_2_qkv-fc1-proj-fc2/cifar/20260114184203_default_acc=53.50/tensorboard/Grad_mlp.fc2.lora_B_block_5/events.out.tfevents.1768387349.master-192-168-8-48.1680.9,mlp.fc2.lora_B,5
1768388162.7954226,1345,42.0625,0.4798423945903778,Grad/mlp.fc2.lora_B,outputs_dev/vitb16/T=vtab_Q=3bit_L=lora_2_qkv-fc1-proj-fc2/cifar/20260114184203_default_acc=53.50/tensorboard/Grad_mlp.fc2.lora_B_block_5/events.out.tfevents.1768387349.master-192-168-8-48.1680.9,mlp.fc2.lora_B,5
1768388163.2196188,1346,42.09375,0.2882245182991028,Grad/mlp.fc2.lora_B,outputs_dev/vitb16/T=vtab_Q=3bit_L=lora_2_qkv-fc1-proj-fc2/cifar/20260114184203_default_acc=53.50/tensorboard/Grad_mlp.fc2.lora_B_block_5/events.out.tfevents.1768387349.master-192-168-8-48.1680.9,mlp.fc2.lora_B,5
1768388163.6516287,1347,42.125,0.2709745466709137,Grad/mlp.fc2.lora_B,outputs_dev/vitb16/T=vtab_Q=3bit_L=lora_2_qkv-fc1-proj-fc2/cifar/20260114184203_default_acc=53.50/tensorboard/Grad_mlp.fc2.lora_B_block_5/events.out.tfevents.1768387349.master-192-168-8-48.1680.9,mlp.fc2.lora_B,5
1768388164.0785666,1348,42.15625,0.21596650779247284,Grad/mlp.fc2.lora_B,outputs_dev/vitb16/T=vtab_Q=3bit_L=lora_2_qkv-fc1-proj-fc2/cifar/20260114184203_default_acc=53.50/tensorboard/Grad_mlp.fc2.lora_B_block_5/events.out.tfevents.1768387349.master-192-168-8-48.1680.9,mlp.fc2.lora_B,5
1768388164.5146306,1349,42.1875,0.14107510447502136,Grad/mlp.fc2.lora_B,outputs_dev/vitb16/T=vtab_Q=3bit_L=lora_2_qkv-fc1-proj-fc2/cifar/20260114184203_default_acc=53.50/tensorboard/Grad_mlp.fc2.lora_B_block_5/events.out.tfevents.1768387349.master-192-168-8-48.1680.9,mlp.fc2.lora_B,5
1768388164.9356406,1350,42.21875,0.3010861277580261,Grad/mlp.fc2.lora_B,outputs_dev/vitb16/T=vtab_Q=3bit_L=lora_2_qkv-fc1-proj-fc2/cifar/20260114184203_default_acc=53.50/tensorboard/Grad_mlp.fc2.lora_B_block_5/events.out.tfevents.1768387349.master-192-168-8-48.1680.9,mlp.fc2.lora_B,5
1768388165.3701377,1351,42.25,0.18610654771327972,Grad/mlp.fc2.lora_B,outputs_dev/vitb16/T=vtab_Q=3bit_L=lora_2_qkv-fc1-proj-fc2/cifar/20260114184203_default_acc=53.50/tensorboard/Grad_mlp.fc2.lora_B_block_5/events.out.tfevents.1768387349.master-192-168-8-48.1680.9,mlp.fc2.lora_B,5
1768388165.8034801,1352,42.28125,0.28236889839172363,Grad/mlp.fc2.lora_B,outputs_dev/vitb16/T=vtab_Q=3bit_L=lora_2_qkv-fc1-proj-fc2/cifar/20260114184203_default_acc=53.50/tensorboard/Grad_mlp.fc2.lora_B_block_5/events.out.tfevents.1768387349.master-192-168-8-48.1680.9,mlp.fc2.lora_B,5
1768388166.2363214,1353,42.3125,0.3181835412979126,Grad/mlp.fc2.lora_B,outputs_dev/vitb16/T=vtab_Q=3bit_L=lora_2_qkv-fc1-proj-fc2/cifar/20260114184203_default_acc=53.50/tensorboard/Grad_mlp.fc2.lora_B_block_5/events.out.tfevents.1768387349.master-192-168-8-48.1680.9,mlp.fc2.lora_B,5
1768388166.657475,1354,42.34375,0.21554522216320038,Grad/mlp.fc2.lora_B,outputs_dev/vitb16/T=vtab_Q=3bit_L=lora_2_qkv-fc1-proj-fc2/cifar/20260114184203_default_acc=53.50/tensorboard/Grad_mlp.fc2.lora_B_block_5/events.out.tfevents.1768387349.master-192-168-8-48.1680.9,mlp.fc2.lora_B,5
1768388167.0952017,1355,42.375,0.3261246681213379,Grad/mlp.fc2.lora_B,outputs_dev/vitb16/T=vtab_Q=3bit_L=lora_2_qkv-fc1-proj-fc2/cifar/20260114184203_default_acc=53.50/tensorboard/Grad_mlp.fc2.lora_B_block_5/events.out.tfevents.1768387349.master-192-168-8-48.1680.9,mlp.fc2.lora_B,5
1768388167.5140347,1356,42.40625,0.2570336163043976,Grad/mlp.fc2.lora_B,outputs_dev/vitb16/T=vtab_Q=3bit_L=lora_2_qkv-fc1-proj-fc2/cifar/20260114184203_default_acc=53.50/tensorboard/Grad_mlp.fc2.lora_B_block_5/events.out.tfevents.1768387349.master-192-168-8-48.1680.9,mlp.fc2.lora_B,5
1768388167.932224,1357,42.4375,0.12550120055675507,Grad/mlp.fc2.lora_B,outputs_dev/vitb16/T=vtab_Q=3bit_L=lora_2_qkv-fc1-proj-fc2/cifar/20260114184203_default_acc=53.50/tensorboard/Grad_mlp.fc2.lora_B_block_5/events.out.tfevents.1768387349.master-192-168-8-48.1680.9,mlp.fc2.lora_B,5
1768388168.352152,1358,42.46875,0.21525681018829346,Grad/mlp.fc2.lora_B,outputs_dev/vitb16/T=vtab_Q=3bit_L=lora_2_qkv-fc1-proj-fc2/cifar/20260114184203_default_acc=53.50/tensorboard/Grad_mlp.fc2.lora_B_block_5/events.out.tfevents.1768387349.master-192-168-8-48.1680.9,mlp.fc2.lora_B,5
1768388168.7862868,1359,42.5,0.4848966598510742,Grad/mlp.fc2.lora_B,outputs_dev/vitb16/T=vtab_Q=3bit_L=lora_2_qkv-fc1-proj-fc2/cifar/20260114184203_default_acc=53.50/tensorboard/Grad_mlp.fc2.lora_B_block_5/events.out.tfevents.1768387349.master-192-168-8-48.1680.9,mlp.fc2.lora_B,5
1768388169.2057815,1360,42.53125,0.14974763989448547,Grad/mlp.fc2.lora_B,outputs_dev/vitb16/T=vtab_Q=3bit_L=lora_2_qkv-fc1-proj-fc2/cifar/20260114184203_default_acc=53.50/tensorboard/Grad_mlp.fc2.lora_B_block_5/events.out.tfevents.1768387349.master-192-168-8-48.1680.9,mlp.fc2.lora_B,5
1768388169.624408,1361,42.5625,0.4460381269454956,Grad/mlp.fc2.lora_B,outputs_dev/vitb16/T=vtab_Q=3bit_L=lora_2_qkv-fc1-proj-fc2/cifar/20260114184203_default_acc=53.50/tensorboard/Grad_mlp.fc2.lora_B_block_5/events.out.tfevents.1768387349.master-192-168-8-48.1680.9,mlp.fc2.lora_B,5
1768388170.0438237,1362,42.59375,0.1424543559551239,Grad/mlp.fc2.lora_B,outputs_dev/vitb16/T=vtab_Q=3bit_L=lora_2_qkv-fc1-proj-fc2/cifar/20260114184203_default_acc=53.50/tensorboard/Grad_mlp.fc2.lora_B_block_5/events.out.tfevents.1768387349.master-192-168-8-48.1680.9,mlp.fc2.lora_B,5
1768388170.4627438,1363,42.625,0.25377997756004333,Grad/mlp.fc2.lora_B,outputs_dev/vitb16/T=vtab_Q=3bit_L=lora_2_qkv-fc1-proj-fc2/cifar/20260114184203_default_acc=53.50/tensorboard/Grad_mlp.fc2.lora_B_block_5/events.out.tfevents.1768387349.master-192-168-8-48.1680.9,mlp.fc2.lora_B,5
1768388170.8831735,1364,42.65625,0.06286414712667465,Grad/mlp.fc2.lora_B,outputs_dev/vitb16/T=vtab_Q=3bit_L=lora_2_qkv-fc1-proj-fc2/cifar/20260114184203_default_acc=53.50/tensorboard/Grad_mlp.fc2.lora_B_block_5/events.out.tfevents.1768387349.master-192-168-8-48.1680.9,mlp.fc2.lora_B,5
1768388171.316412,1365,42.6875,0.37879541516304016,Grad/mlp.fc2.lora_B,outputs_dev/vitb16/T=vtab_Q=3bit_L=lora_2_qkv-fc1-proj-fc2/cifar/20260114184203_default_acc=53.50/tensorboard/Grad_mlp.fc2.lora_B_block_5/events.out.tfevents.1768387349.master-192-168-8-48.1680.9,mlp.fc2.lora_B,5
1768388171.7495606,1366,42.71875,0.28526073694229126,Grad/mlp.fc2.lora_B,outputs_dev/vitb16/T=vtab_Q=3bit_L=lora_2_qkv-fc1-proj-fc2/cifar/20260114184203_default_acc=53.50/tensorboard/Grad_mlp.fc2.lora_B_block_5/events.out.tfevents.1768387349.master-192-168-8-48.1680.9,mlp.fc2.lora_B,5
1768388172.1691751,1367,42.75,0.21074043214321136,Grad/mlp.fc2.lora_B,outputs_dev/vitb16/T=vtab_Q=3bit_L=lora_2_qkv-fc1-proj-fc2/cifar/20260114184203_default_acc=53.50/tensorboard/Grad_mlp.fc2.lora_B_block_5/events.out.tfevents.1768387349.master-192-168-8-48.1680.9,mlp.fc2.lora_B,5
1768388172.592382,1368,42.78125,0.23674339056015015,Grad/mlp.fc2.lora_B,outputs_dev/vitb16/T=vtab_Q=3bit_L=lora_2_qkv-fc1-proj-fc2/cifar/20260114184203_default_acc=53.50/tensorboard/Grad_mlp.fc2.lora_B_block_5/events.out.tfevents.1768387349.master-192-168-8-48.1680.9,mlp.fc2.lora_B,5
1768388173.0139787,1369,42.8125,0.14405608177185059,Grad/mlp.fc2.lora_B,outputs_dev/vitb16/T=vtab_Q=3bit_L=lora_2_qkv-fc1-proj-fc2/cifar/20260114184203_default_acc=53.50/tensorboard/Grad_mlp.fc2.lora_B_block_5/events.out.tfevents.1768387349.master-192-168-8-48.1680.9,mlp.fc2.lora_B,5
1768388173.4532018,1370,42.84375,0.3085924983024597,Grad/mlp.fc2.lora_B,outputs_dev/vitb16/T=vtab_Q=3bit_L=lora_2_qkv-fc1-proj-fc2/cifar/20260114184203_default_acc=53.50/tensorboard/Grad_mlp.fc2.lora_B_block_5/events.out.tfevents.1768387349.master-192-168-8-48.1680.9,mlp.fc2.lora_B,5
1768388173.8855863,1371,42.875,0.1447085589170456,Grad/mlp.fc2.lora_B,outputs_dev/vitb16/T=vtab_Q=3bit_L=lora_2_qkv-fc1-proj-fc2/cifar/20260114184203_default_acc=53.50/tensorboard/Grad_mlp.fc2.lora_B_block_5/events.out.tfevents.1768387349.master-192-168-8-48.1680.9,mlp.fc2.lora_B,5
1768388174.3169498,1372,42.90625,0.2697148323059082,Grad/mlp.fc2.lora_B,outputs_dev/vitb16/T=vtab_Q=3bit_L=lora_2_qkv-fc1-proj-fc2/cifar/20260114184203_default_acc=53.50/tensorboard/Grad_mlp.fc2.lora_B_block_5/events.out.tfevents.1768387349.master-192-168-8-48.1680.9,mlp.fc2.lora_B,5
1768388174.736148,1373,42.9375,0.2534711956977844,Grad/mlp.fc2.lora_B,outputs_dev/vitb16/T=vtab_Q=3bit_L=lora_2_qkv-fc1-proj-fc2/cifar/20260114184203_default_acc=53.50/tensorboard/Grad_mlp.fc2.lora_B_block_5/events.out.tfevents.1768387349.master-192-168-8-48.1680.9,mlp.fc2.lora_B,5
1768388175.153832,1374,42.96875,0.2005261331796646,Grad/mlp.fc2.lora_B,outputs_dev/vitb16/T=vtab_Q=3bit_L=lora_2_qkv-fc1-proj-fc2/cifar/20260114184203_default_acc=53.50/tensorboard/Grad_mlp.fc2.lora_B_block_5/events.out.tfevents.1768387349.master-192-168-8-48.1680.9,mlp.fc2.lora_B,5
1768388175.3562315,1375,43.0,0.7544865608215332,Grad/mlp.fc2.lora_B,outputs_dev/vitb16/T=vtab_Q=3bit_L=lora_2_qkv-fc1-proj-fc2/cifar/20260114184203_default_acc=53.50/tensorboard/Grad_mlp.fc2.lora_B_block_5/events.out.tfevents.1768387349.master-192-168-8-48.1680.9,mlp.fc2.lora_B,5
1768388176.0924518,1376,43.03125,0.12746012210845947,Grad/mlp.fc2.lora_B,outputs_dev/vitb16/T=vtab_Q=3bit_L=lora_2_qkv-fc1-proj-fc2/cifar/20260114184203_default_acc=53.50/tensorboard/Grad_mlp.fc2.lora_B_block_5/events.out.tfevents.1768387349.master-192-168-8-48.1680.9,mlp.fc2.lora_B,5
1768388176.5268552,1377,43.0625,0.215357705950737,Grad/mlp.fc2.lora_B,outputs_dev/vitb16/T=vtab_Q=3bit_L=lora_2_qkv-fc1-proj-fc2/cifar/20260114184203_default_acc=53.50/tensorboard/Grad_mlp.fc2.lora_B_block_5/events.out.tfevents.1768387349.master-192-168-8-48.1680.9,mlp.fc2.lora_B,5
1768388176.9470727,1378,43.09375,0.2810431718826294,Grad/mlp.fc2.lora_B,outputs_dev/vitb16/T=vtab_Q=3bit_L=lora_2_qkv-fc1-proj-fc2/cifar/20260114184203_default_acc=53.50/tensorboard/Grad_mlp.fc2.lora_B_block_5/events.out.tfevents.1768387349.master-192-168-8-48.1680.9,mlp.fc2.lora_B,5
1768388177.3661299,1379,43.125,0.3788217306137085,Grad/mlp.fc2.lora_B,outputs_dev/vitb16/T=vtab_Q=3bit_L=lora_2_qkv-fc1-proj-fc2/cifar/20260114184203_default_acc=53.50/tensorboard/Grad_mlp.fc2.lora_B_block_5/events.out.tfevents.1768387349.master-192-168-8-48.1680.9,mlp.fc2.lora_B,5
1768388177.800804,1380,43.15625,0.12339135259389877,Grad/mlp.fc2.lora_B,outputs_dev/vitb16/T=vtab_Q=3bit_L=lora_2_qkv-fc1-proj-fc2/cifar/20260114184203_default_acc=53.50/tensorboard/Grad_mlp.fc2.lora_B_block_5/events.out.tfevents.1768387349.master-192-168-8-48.1680.9,mlp.fc2.lora_B,5
1768388178.2329285,1381,43.1875,0.21981391310691833,Grad/mlp.fc2.lora_B,outputs_dev/vitb16/T=vtab_Q=3bit_L=lora_2_qkv-fc1-proj-fc2/cifar/20260114184203_default_acc=53.50/tensorboard/Grad_mlp.fc2.lora_B_block_5/events.out.tfevents.1768387349.master-192-168-8-48.1680.9,mlp.fc2.lora_B,5
1768388178.6650927,1382,43.21875,0.19100457429885864,Grad/mlp.fc2.lora_B,outputs_dev/vitb16/T=vtab_Q=3bit_L=lora_2_qkv-fc1-proj-fc2/cifar/20260114184203_default_acc=53.50/tensorboard/Grad_mlp.fc2.lora_B_block_5/events.out.tfevents.1768387349.master-192-168-8-48.1680.9,mlp.fc2.lora_B,5
1768388179.0825171,1383,43.25,0.2638148367404938,Grad/mlp.fc2.lora_B,outputs_dev/vitb16/T=vtab_Q=3bit_L=lora_2_qkv-fc1-proj-fc2/cifar/20260114184203_default_acc=53.50/tensorboard/Grad_mlp.fc2.lora_B_block_5/events.out.tfevents.1768387349.master-192-168-8-48.1680.9,mlp.fc2.lora_B,5
1768388179.5028424,1384,43.28125,0.16404543817043304,Grad/mlp.fc2.lora_B,outputs_dev/vitb16/T=vtab_Q=3bit_L=lora_2_qkv-fc1-proj-fc2/cifar/20260114184203_default_acc=53.50/tensorboard/Grad_mlp.fc2.lora_B_block_5/events.out.tfevents.1768387349.master-192-168-8-48.1680.9,mlp.fc2.lora_B,5
1768388179.9237878,1385,43.3125,0.311236709356308,Grad/mlp.fc2.lora_B,outputs_dev/vitb16/T=vtab_Q=3bit_L=lora_2_qkv-fc1-proj-fc2/cifar/20260114184203_default_acc=53.50/tensorboard/Grad_mlp.fc2.lora_B_block_5/events.out.tfevents.1768387349.master-192-168-8-48.1680.9,mlp.fc2.lora_B,5
1768388180.3571584,1386,43.34375,0.1546974778175354,Grad/mlp.fc2.lora_B,outputs_dev/vitb16/T=vtab_Q=3bit_L=lora_2_qkv-fc1-proj-fc2/cifar/20260114184203_default_acc=53.50/tensorboard/Grad_mlp.fc2.lora_B_block_5/events.out.tfevents.1768387349.master-192-168-8-48.1680.9,mlp.fc2.lora_B,5
1768388180.771273,1387,43.375,0.13822489976882935,Grad/mlp.fc2.lora_B,outputs_dev/vitb16/T=vtab_Q=3bit_L=lora_2_qkv-fc1-proj-fc2/cifar/20260114184203_default_acc=53.50/tensorboard/Grad_mlp.fc2.lora_B_block_5/events.out.tfevents.1768387349.master-192-168-8-48.1680.9,mlp.fc2.lora_B,5
1768388181.2042334,1388,43.40625,0.11073044687509537,Grad/mlp.fc2.lora_B,outputs_dev/vitb16/T=vtab_Q=3bit_L=lora_2_qkv-fc1-proj-fc2/cifar/20260114184203_default_acc=53.50/tensorboard/Grad_mlp.fc2.lora_B_block_5/events.out.tfevents.1768387349.master-192-168-8-48.1680.9,mlp.fc2.lora_B,5
1768388181.6436598,1389,43.4375,0.11390557885169983,Grad/mlp.fc2.lora_B,outputs_dev/vitb16/T=vtab_Q=3bit_L=lora_2_qkv-fc1-proj-fc2/cifar/20260114184203_default_acc=53.50/tensorboard/Grad_mlp.fc2.lora_B_block_5/events.out.tfevents.1768387349.master-192-168-8-48.1680.9,mlp.fc2.lora_B,5
1768388182.0776708,1390,43.46875,0.21034491062164307,Grad/mlp.fc2.lora_B,outputs_dev/vitb16/T=vtab_Q=3bit_L=lora_2_qkv-fc1-proj-fc2/cifar/20260114184203_default_acc=53.50/tensorboard/Grad_mlp.fc2.lora_B_block_5/events.out.tfevents.1768387349.master-192-168-8-48.1680.9,mlp.fc2.lora_B,5
1768388182.497089,1391,43.5,0.22499863803386688,Grad/mlp.fc2.lora_B,outputs_dev/vitb16/T=vtab_Q=3bit_L=lora_2_qkv-fc1-proj-fc2/cifar/20260114184203_default_acc=53.50/tensorboard/Grad_mlp.fc2.lora_B_block_5/events.out.tfevents.1768387349.master-192-168-8-48.1680.9,mlp.fc2.lora_B,5
1768388182.9158278,1392,43.53125,0.25270479917526245,Grad/mlp.fc2.lora_B,outputs_dev/vitb16/T=vtab_Q=3bit_L=lora_2_qkv-fc1-proj-fc2/cifar/20260114184203_default_acc=53.50/tensorboard/Grad_mlp.fc2.lora_B_block_5/events.out.tfevents.1768387349.master-192-168-8-48.1680.9,mlp.fc2.lora_B,5
1768388183.33828,1393,43.5625,0.23003600537776947,Grad/mlp.fc2.lora_B,outputs_dev/vitb16/T=vtab_Q=3bit_L=lora_2_qkv-fc1-proj-fc2/cifar/20260114184203_default_acc=53.50/tensorboard/Grad_mlp.fc2.lora_B_block_5/events.out.tfevents.1768387349.master-192-168-8-48.1680.9,mlp.fc2.lora_B,5
1768388183.7721353,1394,43.59375,0.13091112673282623,Grad/mlp.fc2.lora_B,outputs_dev/vitb16/T=vtab_Q=3bit_L=lora_2_qkv-fc1-proj-fc2/cifar/20260114184203_default_acc=53.50/tensorboard/Grad_mlp.fc2.lora_B_block_5/events.out.tfevents.1768387349.master-192-168-8-48.1680.9,mlp.fc2.lora_B,5
1768388184.203678,1395,43.625,0.1155785545706749,Grad/mlp.fc2.lora_B,outputs_dev/vitb16/T=vtab_Q=3bit_L=lora_2_qkv-fc1-proj-fc2/cifar/20260114184203_default_acc=53.50/tensorboard/Grad_mlp.fc2.lora_B_block_5/events.out.tfevents.1768387349.master-192-168-8-48.1680.9,mlp.fc2.lora_B,5
1768388184.6231024,1396,43.65625,0.2058240920305252,Grad/mlp.fc2.lora_B,outputs_dev/vitb16/T=vtab_Q=3bit_L=lora_2_qkv-fc1-proj-fc2/cifar/20260114184203_default_acc=53.50/tensorboard/Grad_mlp.fc2.lora_B_block_5/events.out.tfevents.1768387349.master-192-168-8-48.1680.9,mlp.fc2.lora_B,5
1768388185.0446534,1397,43.6875,0.23923049867153168,Grad/mlp.fc2.lora_B,outputs_dev/vitb16/T=vtab_Q=3bit_L=lora_2_qkv-fc1-proj-fc2/cifar/20260114184203_default_acc=53.50/tensorboard/Grad_mlp.fc2.lora_B_block_5/events.out.tfevents.1768387349.master-192-168-8-48.1680.9,mlp.fc2.lora_B,5
1768388185.475852,1398,43.71875,0.13366729021072388,Grad/mlp.fc2.lora_B,outputs_dev/vitb16/T=vtab_Q=3bit_L=lora_2_qkv-fc1-proj-fc2/cifar/20260114184203_default_acc=53.50/tensorboard/Grad_mlp.fc2.lora_B_block_5/events.out.tfevents.1768387349.master-192-168-8-48.1680.9,mlp.fc2.lora_B,5
1768388185.8966,1399,43.75,0.3099648356437683,Grad/mlp.fc2.lora_B,outputs_dev/vitb16/T=vtab_Q=3bit_L=lora_2_qkv-fc1-proj-fc2/cifar/20260114184203_default_acc=53.50/tensorboard/Grad_mlp.fc2.lora_B_block_5/events.out.tfevents.1768387349.master-192-168-8-48.1680.9,mlp.fc2.lora_B,5
1768388186.317559,1400,43.78125,0.17880646884441376,Grad/mlp.fc2.lora_B,outputs_dev/vitb16/T=vtab_Q=3bit_L=lora_2_qkv-fc1-proj-fc2/cifar/20260114184203_default_acc=53.50/tensorboard/Grad_mlp.fc2.lora_B_block_5/events.out.tfevents.1768387349.master-192-168-8-48.1680.9,mlp.fc2.lora_B,5
1768388186.7592957,1401,43.8125,0.1475680023431778,Grad/mlp.fc2.lora_B,outputs_dev/vitb16/T=vtab_Q=3bit_L=lora_2_qkv-fc1-proj-fc2/cifar/20260114184203_default_acc=53.50/tensorboard/Grad_mlp.fc2.lora_B_block_5/events.out.tfevents.1768387349.master-192-168-8-48.1680.9,mlp.fc2.lora_B,5
1768388187.1766925,1402,43.84375,0.21250738203525543,Grad/mlp.fc2.lora_B,outputs_dev/vitb16/T=vtab_Q=3bit_L=lora_2_qkv-fc1-proj-fc2/cifar/20260114184203_default_acc=53.50/tensorboard/Grad_mlp.fc2.lora_B_block_5/events.out.tfevents.1768387349.master-192-168-8-48.1680.9,mlp.fc2.lora_B,5
1768388187.6117554,1403,43.875,0.16716328263282776,Grad/mlp.fc2.lora_B,outputs_dev/vitb16/T=vtab_Q=3bit_L=lora_2_qkv-fc1-proj-fc2/cifar/20260114184203_default_acc=53.50/tensorboard/Grad_mlp.fc2.lora_B_block_5/events.out.tfevents.1768387349.master-192-168-8-48.1680.9,mlp.fc2.lora_B,5
1768388188.0437155,1404,43.90625,0.17023156583309174,Grad/mlp.fc2.lora_B,outputs_dev/vitb16/T=vtab_Q=3bit_L=lora_2_qkv-fc1-proj-fc2/cifar/20260114184203_default_acc=53.50/tensorboard/Grad_mlp.fc2.lora_B_block_5/events.out.tfevents.1768387349.master-192-168-8-48.1680.9,mlp.fc2.lora_B,5
1768388188.4760082,1405,43.9375,0.24550914764404297,Grad/mlp.fc2.lora_B,outputs_dev/vitb16/T=vtab_Q=3bit_L=lora_2_qkv-fc1-proj-fc2/cifar/20260114184203_default_acc=53.50/tensorboard/Grad_mlp.fc2.lora_B_block_5/events.out.tfevents.1768387349.master-192-168-8-48.1680.9,mlp.fc2.lora_B,5
1768388188.8943064,1406,43.96875,0.29024672508239746,Grad/mlp.fc2.lora_B,outputs_dev/vitb16/T=vtab_Q=3bit_L=lora_2_qkv-fc1-proj-fc2/cifar/20260114184203_default_acc=53.50/tensorboard/Grad_mlp.fc2.lora_B_block_5/events.out.tfevents.1768387349.master-192-168-8-48.1680.9,mlp.fc2.lora_B,5
1768388189.1001644,1407,44.0,0.20636585354804993,Grad/mlp.fc2.lora_B,outputs_dev/vitb16/T=vtab_Q=3bit_L=lora_2_qkv-fc1-proj-fc2/cifar/20260114184203_default_acc=53.50/tensorboard/Grad_mlp.fc2.lora_B_block_5/events.out.tfevents.1768387349.master-192-168-8-48.1680.9,mlp.fc2.lora_B,5
1768388189.893693,1408,44.03125,0.22690443694591522,Grad/mlp.fc2.lora_B,outputs_dev/vitb16/T=vtab_Q=3bit_L=lora_2_qkv-fc1-proj-fc2/cifar/20260114184203_default_acc=53.50/tensorboard/Grad_mlp.fc2.lora_B_block_5/events.out.tfevents.1768387349.master-192-168-8-48.1680.9,mlp.fc2.lora_B,5
1768388190.3308892,1409,44.0625,0.12736213207244873,Grad/mlp.fc2.lora_B,outputs_dev/vitb16/T=vtab_Q=3bit_L=lora_2_qkv-fc1-proj-fc2/cifar/20260114184203_default_acc=53.50/tensorboard/Grad_mlp.fc2.lora_B_block_5/events.out.tfevents.1768387349.master-192-168-8-48.1680.9,mlp.fc2.lora_B,5
1768388190.770663,1410,44.09375,0.17823247611522675,Grad/mlp.fc2.lora_B,outputs_dev/vitb16/T=vtab_Q=3bit_L=lora_2_qkv-fc1-proj-fc2/cifar/20260114184203_default_acc=53.50/tensorboard/Grad_mlp.fc2.lora_B_block_5/events.out.tfevents.1768387349.master-192-168-8-48.1680.9,mlp.fc2.lora_B,5
1768388191.2291439,1411,44.125,0.17169266939163208,Grad/mlp.fc2.lora_B,outputs_dev/vitb16/T=vtab_Q=3bit_L=lora_2_qkv-fc1-proj-fc2/cifar/20260114184203_default_acc=53.50/tensorboard/Grad_mlp.fc2.lora_B_block_5/events.out.tfevents.1768387349.master-192-168-8-48.1680.9,mlp.fc2.lora_B,5
1768388191.6649904,1412,44.15625,0.13917818665504456,Grad/mlp.fc2.lora_B,outputs_dev/vitb16/T=vtab_Q=3bit_L=lora_2_qkv-fc1-proj-fc2/cifar/20260114184203_default_acc=53.50/tensorboard/Grad_mlp.fc2.lora_B_block_5/events.out.tfevents.1768387349.master-192-168-8-48.1680.9,mlp.fc2.lora_B,5
1768388192.0813367,1413,44.1875,0.3446272015571594,Grad/mlp.fc2.lora_B,outputs_dev/vitb16/T=vtab_Q=3bit_L=lora_2_qkv-fc1-proj-fc2/cifar/20260114184203_default_acc=53.50/tensorboard/Grad_mlp.fc2.lora_B_block_5/events.out.tfevents.1768387349.master-192-168-8-48.1680.9,mlp.fc2.lora_B,5
1768388192.5086799,1414,44.21875,0.08762030303478241,Grad/mlp.fc2.lora_B,outputs_dev/vitb16/T=vtab_Q=3bit_L=lora_2_qkv-fc1-proj-fc2/cifar/20260114184203_default_acc=53.50/tensorboard/Grad_mlp.fc2.lora_B_block_5/events.out.tfevents.1768387349.master-192-168-8-48.1680.9,mlp.fc2.lora_B,5
1768388192.9314497,1415,44.25,0.0746685266494751,Grad/mlp.fc2.lora_B,outputs_dev/vitb16/T=vtab_Q=3bit_L=lora_2_qkv-fc1-proj-fc2/cifar/20260114184203_default_acc=53.50/tensorboard/Grad_mlp.fc2.lora_B_block_5/events.out.tfevents.1768387349.master-192-168-8-48.1680.9,mlp.fc2.lora_B,5
1768388193.3544228,1416,44.28125,0.1475876271724701,Grad/mlp.fc2.lora_B,outputs_dev/vitb16/T=vtab_Q=3bit_L=lora_2_qkv-fc1-proj-fc2/cifar/20260114184203_default_acc=53.50/tensorboard/Grad_mlp.fc2.lora_B_block_5/events.out.tfevents.1768387349.master-192-168-8-48.1680.9,mlp.fc2.lora_B,5
1768388193.7769294,1417,44.3125,0.12882305681705475,Grad/mlp.fc2.lora_B,outputs_dev/vitb16/T=vtab_Q=3bit_L=lora_2_qkv-fc1-proj-fc2/cifar/20260114184203_default_acc=53.50/tensorboard/Grad_mlp.fc2.lora_B_block_5/events.out.tfevents.1768387349.master-192-168-8-48.1680.9,mlp.fc2.lora_B,5
1768388194.1845462,1418,44.34375,0.470121294260025,Grad/mlp.fc2.lora_B,outputs_dev/vitb16/T=vtab_Q=3bit_L=lora_2_qkv-fc1-proj-fc2/cifar/20260114184203_default_acc=53.50/tensorboard/Grad_mlp.fc2.lora_B_block_5/events.out.tfevents.1768387349.master-192-168-8-48.1680.9,mlp.fc2.lora_B,5
1768388194.606973,1419,44.375,0.18567049503326416,Grad/mlp.fc2.lora_B,outputs_dev/vitb16/T=vtab_Q=3bit_L=lora_2_qkv-fc1-proj-fc2/cifar/20260114184203_default_acc=53.50/tensorboard/Grad_mlp.fc2.lora_B_block_5/events.out.tfevents.1768387349.master-192-168-8-48.1680.9,mlp.fc2.lora_B,5
1768388195.0292513,1420,44.40625,0.31749653816223145,Grad/mlp.fc2.lora_B,outputs_dev/vitb16/T=vtab_Q=3bit_L=lora_2_qkv-fc1-proj-fc2/cifar/20260114184203_default_acc=53.50/tensorboard/Grad_mlp.fc2.lora_B_block_5/events.out.tfevents.1768387349.master-192-168-8-48.1680.9,mlp.fc2.lora_B,5
1768388195.4623666,1421,44.4375,0.11604629456996918,Grad/mlp.fc2.lora_B,outputs_dev/vitb16/T=vtab_Q=3bit_L=lora_2_qkv-fc1-proj-fc2/cifar/20260114184203_default_acc=53.50/tensorboard/Grad_mlp.fc2.lora_B_block_5/events.out.tfevents.1768387349.master-192-168-8-48.1680.9,mlp.fc2.lora_B,5
1768388195.8838055,1422,44.46875,0.22783847153186798,Grad/mlp.fc2.lora_B,outputs_dev/vitb16/T=vtab_Q=3bit_L=lora_2_qkv-fc1-proj-fc2/cifar/20260114184203_default_acc=53.50/tensorboard/Grad_mlp.fc2.lora_B_block_5/events.out.tfevents.1768387349.master-192-168-8-48.1680.9,mlp.fc2.lora_B,5
1768388196.3261213,1423,44.5,0.389354407787323,Grad/mlp.fc2.lora_B,outputs_dev/vitb16/T=vtab_Q=3bit_L=lora_2_qkv-fc1-proj-fc2/cifar/20260114184203_default_acc=53.50/tensorboard/Grad_mlp.fc2.lora_B_block_5/events.out.tfevents.1768387349.master-192-168-8-48.1680.9,mlp.fc2.lora_B,5
1768388196.7620616,1424,44.53125,0.19323113560676575,Grad/mlp.fc2.lora_B,outputs_dev/vitb16/T=vtab_Q=3bit_L=lora_2_qkv-fc1-proj-fc2/cifar/20260114184203_default_acc=53.50/tensorboard/Grad_mlp.fc2.lora_B_block_5/events.out.tfevents.1768387349.master-192-168-8-48.1680.9,mlp.fc2.lora_B,5
1768388197.1972203,1425,44.5625,0.17983154952526093,Grad/mlp.fc2.lora_B,outputs_dev/vitb16/T=vtab_Q=3bit_L=lora_2_qkv-fc1-proj-fc2/cifar/20260114184203_default_acc=53.50/tensorboard/Grad_mlp.fc2.lora_B_block_5/events.out.tfevents.1768387349.master-192-168-8-48.1680.9,mlp.fc2.lora_B,5
1768388197.616012,1426,44.59375,0.10943258553743362,Grad/mlp.fc2.lora_B,outputs_dev/vitb16/T=vtab_Q=3bit_L=lora_2_qkv-fc1-proj-fc2/cifar/20260114184203_default_acc=53.50/tensorboard/Grad_mlp.fc2.lora_B_block_5/events.out.tfevents.1768387349.master-192-168-8-48.1680.9,mlp.fc2.lora_B,5
1768388198.0402784,1427,44.625,0.08985008299350739,Grad/mlp.fc2.lora_B,outputs_dev/vitb16/T=vtab_Q=3bit_L=lora_2_qkv-fc1-proj-fc2/cifar/20260114184203_default_acc=53.50/tensorboard/Grad_mlp.fc2.lora_B_block_5/events.out.tfevents.1768387349.master-192-168-8-48.1680.9,mlp.fc2.lora_B,5
1768388198.4465702,1428,44.65625,0.08826687186956406,Grad/mlp.fc2.lora_B,outputs_dev/vitb16/T=vtab_Q=3bit_L=lora_2_qkv-fc1-proj-fc2/cifar/20260114184203_default_acc=53.50/tensorboard/Grad_mlp.fc2.lora_B_block_5/events.out.tfevents.1768387349.master-192-168-8-48.1680.9,mlp.fc2.lora_B,5
1768388198.8829844,1429,44.6875,0.1928579956293106,Grad/mlp.fc2.lora_B,outputs_dev/vitb16/T=vtab_Q=3bit_L=lora_2_qkv-fc1-proj-fc2/cifar/20260114184203_default_acc=53.50/tensorboard/Grad_mlp.fc2.lora_B_block_5/events.out.tfevents.1768387349.master-192-168-8-48.1680.9,mlp.fc2.lora_B,5
1768388199.304199,1430,44.71875,0.13888190686702728,Grad/mlp.fc2.lora_B,outputs_dev/vitb16/T=vtab_Q=3bit_L=lora_2_qkv-fc1-proj-fc2/cifar/20260114184203_default_acc=53.50/tensorboard/Grad_mlp.fc2.lora_B_block_5/events.out.tfevents.1768387349.master-192-168-8-48.1680.9,mlp.fc2.lora_B,5
1768388199.723655,1431,44.75,0.34510213136672974,Grad/mlp.fc2.lora_B,outputs_dev/vitb16/T=vtab_Q=3bit_L=lora_2_qkv-fc1-proj-fc2/cifar/20260114184203_default_acc=53.50/tensorboard/Grad_mlp.fc2.lora_B_block_5/events.out.tfevents.1768387349.master-192-168-8-48.1680.9,mlp.fc2.lora_B,5
1768388200.1449296,1432,44.78125,0.3030646741390228,Grad/mlp.fc2.lora_B,outputs_dev/vitb16/T=vtab_Q=3bit_L=lora_2_qkv-fc1-proj-fc2/cifar/20260114184203_default_acc=53.50/tensorboard/Grad_mlp.fc2.lora_B_block_5/events.out.tfevents.1768387349.master-192-168-8-48.1680.9,mlp.fc2.lora_B,5
1768388200.565109,1433,44.8125,0.6494428515434265,Grad/mlp.fc2.lora_B,outputs_dev/vitb16/T=vtab_Q=3bit_L=lora_2_qkv-fc1-proj-fc2/cifar/20260114184203_default_acc=53.50/tensorboard/Grad_mlp.fc2.lora_B_block_5/events.out.tfevents.1768387349.master-192-168-8-48.1680.9,mlp.fc2.lora_B,5
1768388200.9759192,1434,44.84375,0.22962816059589386,Grad/mlp.fc2.lora_B,outputs_dev/vitb16/T=vtab_Q=3bit_L=lora_2_qkv-fc1-proj-fc2/cifar/20260114184203_default_acc=53.50/tensorboard/Grad_mlp.fc2.lora_B_block_5/events.out.tfevents.1768387349.master-192-168-8-48.1680.9,mlp.fc2.lora_B,5
1768388201.3962684,1435,44.875,0.11649956554174423,Grad/mlp.fc2.lora_B,outputs_dev/vitb16/T=vtab_Q=3bit_L=lora_2_qkv-fc1-proj-fc2/cifar/20260114184203_default_acc=53.50/tensorboard/Grad_mlp.fc2.lora_B_block_5/events.out.tfevents.1768387349.master-192-168-8-48.1680.9,mlp.fc2.lora_B,5
1768388201.8162637,1436,44.90625,0.3004475235939026,Grad/mlp.fc2.lora_B,outputs_dev/vitb16/T=vtab_Q=3bit_L=lora_2_qkv-fc1-proj-fc2/cifar/20260114184203_default_acc=53.50/tensorboard/Grad_mlp.fc2.lora_B_block_5/events.out.tfevents.1768387349.master-192-168-8-48.1680.9,mlp.fc2.lora_B,5
1768388202.247282,1437,44.9375,0.08156859129667282,Grad/mlp.fc2.lora_B,outputs_dev/vitb16/T=vtab_Q=3bit_L=lora_2_qkv-fc1-proj-fc2/cifar/20260114184203_default_acc=53.50/tensorboard/Grad_mlp.fc2.lora_B_block_5/events.out.tfevents.1768387349.master-192-168-8-48.1680.9,mlp.fc2.lora_B,5
1768388202.6656132,1438,44.96875,0.29740625619888306,Grad/mlp.fc2.lora_B,outputs_dev/vitb16/T=vtab_Q=3bit_L=lora_2_qkv-fc1-proj-fc2/cifar/20260114184203_default_acc=53.50/tensorboard/Grad_mlp.fc2.lora_B_block_5/events.out.tfevents.1768387349.master-192-168-8-48.1680.9,mlp.fc2.lora_B,5
1768388202.9075637,1439,45.0,0.27724626660346985,Grad/mlp.fc2.lora_B,outputs_dev/vitb16/T=vtab_Q=3bit_L=lora_2_qkv-fc1-proj-fc2/cifar/20260114184203_default_acc=53.50/tensorboard/Grad_mlp.fc2.lora_B_block_5/events.out.tfevents.1768387349.master-192-168-8-48.1680.9,mlp.fc2.lora_B,5
1768388203.6039574,1440,45.03125,0.16167685389518738,Grad/mlp.fc2.lora_B,outputs_dev/vitb16/T=vtab_Q=3bit_L=lora_2_qkv-fc1-proj-fc2/cifar/20260114184203_default_acc=53.50/tensorboard/Grad_mlp.fc2.lora_B_block_5/events.out.tfevents.1768387349.master-192-168-8-48.1680.9,mlp.fc2.lora_B,5
1768388204.0438542,1441,45.0625,0.1151784285902977,Grad/mlp.fc2.lora_B,outputs_dev/vitb16/T=vtab_Q=3bit_L=lora_2_qkv-fc1-proj-fc2/cifar/20260114184203_default_acc=53.50/tensorboard/Grad_mlp.fc2.lora_B_block_5/events.out.tfevents.1768387349.master-192-168-8-48.1680.9,mlp.fc2.lora_B,5
1768388204.4968402,1442,45.09375,0.06422705203294754,Grad/mlp.fc2.lora_B,outputs_dev/vitb16/T=vtab_Q=3bit_L=lora_2_qkv-fc1-proj-fc2/cifar/20260114184203_default_acc=53.50/tensorboard/Grad_mlp.fc2.lora_B_block_5/events.out.tfevents.1768387349.master-192-168-8-48.1680.9,mlp.fc2.lora_B,5
1768388204.9413216,1443,45.125,0.06672384589910507,Grad/mlp.fc2.lora_B,outputs_dev/vitb16/T=vtab_Q=3bit_L=lora_2_qkv-fc1-proj-fc2/cifar/20260114184203_default_acc=53.50/tensorboard/Grad_mlp.fc2.lora_B_block_5/events.out.tfevents.1768387349.master-192-168-8-48.1680.9,mlp.fc2.lora_B,5
1768388205.366556,1444,45.15625,0.149075448513031,Grad/mlp.fc2.lora_B,outputs_dev/vitb16/T=vtab_Q=3bit_L=lora_2_qkv-fc1-proj-fc2/cifar/20260114184203_default_acc=53.50/tensorboard/Grad_mlp.fc2.lora_B_block_5/events.out.tfevents.1768387349.master-192-168-8-48.1680.9,mlp.fc2.lora_B,5
1768388205.7887552,1445,45.1875,0.101766437292099,Grad/mlp.fc2.lora_B,outputs_dev/vitb16/T=vtab_Q=3bit_L=lora_2_qkv-fc1-proj-fc2/cifar/20260114184203_default_acc=53.50/tensorboard/Grad_mlp.fc2.lora_B_block_5/events.out.tfevents.1768387349.master-192-168-8-48.1680.9,mlp.fc2.lora_B,5
1768388206.2205698,1446,45.21875,0.1405293196439743,Grad/mlp.fc2.lora_B,outputs_dev/vitb16/T=vtab_Q=3bit_L=lora_2_qkv-fc1-proj-fc2/cifar/20260114184203_default_acc=53.50/tensorboard/Grad_mlp.fc2.lora_B_block_5/events.out.tfevents.1768387349.master-192-168-8-48.1680.9,mlp.fc2.lora_B,5
1768388206.6584494,1447,45.25,0.08785059303045273,Grad/mlp.fc2.lora_B,outputs_dev/vitb16/T=vtab_Q=3bit_L=lora_2_qkv-fc1-proj-fc2/cifar/20260114184203_default_acc=53.50/tensorboard/Grad_mlp.fc2.lora_B_block_5/events.out.tfevents.1768387349.master-192-168-8-48.1680.9,mlp.fc2.lora_B,5
1768388207.080288,1448,45.28125,0.4526061713695526,Grad/mlp.fc2.lora_B,outputs_dev/vitb16/T=vtab_Q=3bit_L=lora_2_qkv-fc1-proj-fc2/cifar/20260114184203_default_acc=53.50/tensorboard/Grad_mlp.fc2.lora_B_block_5/events.out.tfevents.1768387349.master-192-168-8-48.1680.9,mlp.fc2.lora_B,5
1768388207.5028949,1449,45.3125,0.31460297107696533,Grad/mlp.fc2.lora_B,outputs_dev/vitb16/T=vtab_Q=3bit_L=lora_2_qkv-fc1-proj-fc2/cifar/20260114184203_default_acc=53.50/tensorboard/Grad_mlp.fc2.lora_B_block_5/events.out.tfevents.1768387349.master-192-168-8-48.1680.9,mlp.fc2.lora_B,5
1768388207.9237497,1450,45.34375,0.262794554233551,Grad/mlp.fc2.lora_B,outputs_dev/vitb16/T=vtab_Q=3bit_L=lora_2_qkv-fc1-proj-fc2/cifar/20260114184203_default_acc=53.50/tensorboard/Grad_mlp.fc2.lora_B_block_5/events.out.tfevents.1768387349.master-192-168-8-48.1680.9,mlp.fc2.lora_B,5
1768388208.356182,1451,45.375,0.18255066871643066,Grad/mlp.fc2.lora_B,outputs_dev/vitb16/T=vtab_Q=3bit_L=lora_2_qkv-fc1-proj-fc2/cifar/20260114184203_default_acc=53.50/tensorboard/Grad_mlp.fc2.lora_B_block_5/events.out.tfevents.1768387349.master-192-168-8-48.1680.9,mlp.fc2.lora_B,5
1768388208.790071,1452,45.40625,0.24012500047683716,Grad/mlp.fc2.lora_B,outputs_dev/vitb16/T=vtab_Q=3bit_L=lora_2_qkv-fc1-proj-fc2/cifar/20260114184203_default_acc=53.50/tensorboard/Grad_mlp.fc2.lora_B_block_5/events.out.tfevents.1768387349.master-192-168-8-48.1680.9,mlp.fc2.lora_B,5
1768388209.2141252,1453,45.4375,0.45401281118392944,Grad/mlp.fc2.lora_B,outputs_dev/vitb16/T=vtab_Q=3bit_L=lora_2_qkv-fc1-proj-fc2/cifar/20260114184203_default_acc=53.50/tensorboard/Grad_mlp.fc2.lora_B_block_5/events.out.tfevents.1768387349.master-192-168-8-48.1680.9,mlp.fc2.lora_B,5
1768388209.6459043,1454,45.46875,0.13591523468494415,Grad/mlp.fc2.lora_B,outputs_dev/vitb16/T=vtab_Q=3bit_L=lora_2_qkv-fc1-proj-fc2/cifar/20260114184203_default_acc=53.50/tensorboard/Grad_mlp.fc2.lora_B_block_5/events.out.tfevents.1768387349.master-192-168-8-48.1680.9,mlp.fc2.lora_B,5
1768388210.0814545,1455,45.5,0.24558161199092865,Grad/mlp.fc2.lora_B,outputs_dev/vitb16/T=vtab_Q=3bit_L=lora_2_qkv-fc1-proj-fc2/cifar/20260114184203_default_acc=53.50/tensorboard/Grad_mlp.fc2.lora_B_block_5/events.out.tfevents.1768387349.master-192-168-8-48.1680.9,mlp.fc2.lora_B,5
1768388210.525567,1456,45.53125,0.254930704832077,Grad/mlp.fc2.lora_B,outputs_dev/vitb16/T=vtab_Q=3bit_L=lora_2_qkv-fc1-proj-fc2/cifar/20260114184203_default_acc=53.50/tensorboard/Grad_mlp.fc2.lora_B_block_5/events.out.tfevents.1768387349.master-192-168-8-48.1680.9,mlp.fc2.lora_B,5
1768388210.9564238,1457,45.5625,0.14325639605522156,Grad/mlp.fc2.lora_B,outputs_dev/vitb16/T=vtab_Q=3bit_L=lora_2_qkv-fc1-proj-fc2/cifar/20260114184203_default_acc=53.50/tensorboard/Grad_mlp.fc2.lora_B_block_5/events.out.tfevents.1768387349.master-192-168-8-48.1680.9,mlp.fc2.lora_B,5
1768388211.4010708,1458,45.59375,0.2213861346244812,Grad/mlp.fc2.lora_B,outputs_dev/vitb16/T=vtab_Q=3bit_L=lora_2_qkv-fc1-proj-fc2/cifar/20260114184203_default_acc=53.50/tensorboard/Grad_mlp.fc2.lora_B_block_5/events.out.tfevents.1768387349.master-192-168-8-48.1680.9,mlp.fc2.lora_B,5
1768388211.8218215,1459,45.625,0.2843448519706726,Grad/mlp.fc2.lora_B,outputs_dev/vitb16/T=vtab_Q=3bit_L=lora_2_qkv-fc1-proj-fc2/cifar/20260114184203_default_acc=53.50/tensorboard/Grad_mlp.fc2.lora_B_block_5/events.out.tfevents.1768387349.master-192-168-8-48.1680.9,mlp.fc2.lora_B,5
1768388212.262006,1460,45.65625,0.3298838138580322,Grad/mlp.fc2.lora_B,outputs_dev/vitb16/T=vtab_Q=3bit_L=lora_2_qkv-fc1-proj-fc2/cifar/20260114184203_default_acc=53.50/tensorboard/Grad_mlp.fc2.lora_B_block_5/events.out.tfevents.1768387349.master-192-168-8-48.1680.9,mlp.fc2.lora_B,5
1768388212.6896787,1461,45.6875,0.21909211575984955,Grad/mlp.fc2.lora_B,outputs_dev/vitb16/T=vtab_Q=3bit_L=lora_2_qkv-fc1-proj-fc2/cifar/20260114184203_default_acc=53.50/tensorboard/Grad_mlp.fc2.lora_B_block_5/events.out.tfevents.1768387349.master-192-168-8-48.1680.9,mlp.fc2.lora_B,5
1768388213.1239061,1462,45.71875,0.22624094784259796,Grad/mlp.fc2.lora_B,outputs_dev/vitb16/T=vtab_Q=3bit_L=lora_2_qkv-fc1-proj-fc2/cifar/20260114184203_default_acc=53.50/tensorboard/Grad_mlp.fc2.lora_B_block_5/events.out.tfevents.1768387349.master-192-168-8-48.1680.9,mlp.fc2.lora_B,5
1768388213.5353577,1463,45.75,0.133286714553833,Grad/mlp.fc2.lora_B,outputs_dev/vitb16/T=vtab_Q=3bit_L=lora_2_qkv-fc1-proj-fc2/cifar/20260114184203_default_acc=53.50/tensorboard/Grad_mlp.fc2.lora_B_block_5/events.out.tfevents.1768387349.master-192-168-8-48.1680.9,mlp.fc2.lora_B,5
1768388213.9577448,1464,45.78125,0.2569408714771271,Grad/mlp.fc2.lora_B,outputs_dev/vitb16/T=vtab_Q=3bit_L=lora_2_qkv-fc1-proj-fc2/cifar/20260114184203_default_acc=53.50/tensorboard/Grad_mlp.fc2.lora_B_block_5/events.out.tfevents.1768387349.master-192-168-8-48.1680.9,mlp.fc2.lora_B,5
1768388214.3807755,1465,45.8125,0.06451021134853363,Grad/mlp.fc2.lora_B,outputs_dev/vitb16/T=vtab_Q=3bit_L=lora_2_qkv-fc1-proj-fc2/cifar/20260114184203_default_acc=53.50/tensorboard/Grad_mlp.fc2.lora_B_block_5/events.out.tfevents.1768387349.master-192-168-8-48.1680.9,mlp.fc2.lora_B,5
1768388214.8021886,1466,45.84375,0.09454504400491714,Grad/mlp.fc2.lora_B,outputs_dev/vitb16/T=vtab_Q=3bit_L=lora_2_qkv-fc1-proj-fc2/cifar/20260114184203_default_acc=53.50/tensorboard/Grad_mlp.fc2.lora_B_block_5/events.out.tfevents.1768387349.master-192-168-8-48.1680.9,mlp.fc2.lora_B,5
1768388215.2232773,1467,45.875,0.4069894552230835,Grad/mlp.fc2.lora_B,outputs_dev/vitb16/T=vtab_Q=3bit_L=lora_2_qkv-fc1-proj-fc2/cifar/20260114184203_default_acc=53.50/tensorboard/Grad_mlp.fc2.lora_B_block_5/events.out.tfevents.1768387349.master-192-168-8-48.1680.9,mlp.fc2.lora_B,5
1768388215.6455102,1468,45.90625,0.2504562735557556,Grad/mlp.fc2.lora_B,outputs_dev/vitb16/T=vtab_Q=3bit_L=lora_2_qkv-fc1-proj-fc2/cifar/20260114184203_default_acc=53.50/tensorboard/Grad_mlp.fc2.lora_B_block_5/events.out.tfevents.1768387349.master-192-168-8-48.1680.9,mlp.fc2.lora_B,5
1768388216.066792,1469,45.9375,0.2985464930534363,Grad/mlp.fc2.lora_B,outputs_dev/vitb16/T=vtab_Q=3bit_L=lora_2_qkv-fc1-proj-fc2/cifar/20260114184203_default_acc=53.50/tensorboard/Grad_mlp.fc2.lora_B_block_5/events.out.tfevents.1768387349.master-192-168-8-48.1680.9,mlp.fc2.lora_B,5
1768388216.4875088,1470,45.96875,0.15626084804534912,Grad/mlp.fc2.lora_B,outputs_dev/vitb16/T=vtab_Q=3bit_L=lora_2_qkv-fc1-proj-fc2/cifar/20260114184203_default_acc=53.50/tensorboard/Grad_mlp.fc2.lora_B_block_5/events.out.tfevents.1768387349.master-192-168-8-48.1680.9,mlp.fc2.lora_B,5
1768388216.6968722,1471,46.0,0.07962616533041,Grad/mlp.fc2.lora_B,outputs_dev/vitb16/T=vtab_Q=3bit_L=lora_2_qkv-fc1-proj-fc2/cifar/20260114184203_default_acc=53.50/tensorboard/Grad_mlp.fc2.lora_B_block_5/events.out.tfevents.1768387349.master-192-168-8-48.1680.9,mlp.fc2.lora_B,5
1768388217.3740382,1472,46.03125,0.2520621716976166,Grad/mlp.fc2.lora_B,outputs_dev/vitb16/T=vtab_Q=3bit_L=lora_2_qkv-fc1-proj-fc2/cifar/20260114184203_default_acc=53.50/tensorboard/Grad_mlp.fc2.lora_B_block_5/events.out.tfevents.1768387349.master-192-168-8-48.1680.9,mlp.fc2.lora_B,5
1768388217.8044958,1473,46.0625,0.08408600091934204,Grad/mlp.fc2.lora_B,outputs_dev/vitb16/T=vtab_Q=3bit_L=lora_2_qkv-fc1-proj-fc2/cifar/20260114184203_default_acc=53.50/tensorboard/Grad_mlp.fc2.lora_B_block_5/events.out.tfevents.1768387349.master-192-168-8-48.1680.9,mlp.fc2.lora_B,5
1768388218.2335021,1474,46.09375,0.46715644001960754,Grad/mlp.fc2.lora_B,outputs_dev/vitb16/T=vtab_Q=3bit_L=lora_2_qkv-fc1-proj-fc2/cifar/20260114184203_default_acc=53.50/tensorboard/Grad_mlp.fc2.lora_B_block_5/events.out.tfevents.1768387349.master-192-168-8-48.1680.9,mlp.fc2.lora_B,5
1768388218.664722,1475,46.125,0.20029103755950928,Grad/mlp.fc2.lora_B,outputs_dev/vitb16/T=vtab_Q=3bit_L=lora_2_qkv-fc1-proj-fc2/cifar/20260114184203_default_acc=53.50/tensorboard/Grad_mlp.fc2.lora_B_block_5/events.out.tfevents.1768387349.master-192-168-8-48.1680.9,mlp.fc2.lora_B,5
1768388219.094917,1476,46.15625,0.20340760052204132,Grad/mlp.fc2.lora_B,outputs_dev/vitb16/T=vtab_Q=3bit_L=lora_2_qkv-fc1-proj-fc2/cifar/20260114184203_default_acc=53.50/tensorboard/Grad_mlp.fc2.lora_B_block_5/events.out.tfevents.1768387349.master-192-168-8-48.1680.9,mlp.fc2.lora_B,5
1768388219.540527,1477,46.1875,0.3054525554180145,Grad/mlp.fc2.lora_B,outputs_dev/vitb16/T=vtab_Q=3bit_L=lora_2_qkv-fc1-proj-fc2/cifar/20260114184203_default_acc=53.50/tensorboard/Grad_mlp.fc2.lora_B_block_5/events.out.tfevents.1768387349.master-192-168-8-48.1680.9,mlp.fc2.lora_B,5
1768388219.980388,1478,46.21875,0.11064573377370834,Grad/mlp.fc2.lora_B,outputs_dev/vitb16/T=vtab_Q=3bit_L=lora_2_qkv-fc1-proj-fc2/cifar/20260114184203_default_acc=53.50/tensorboard/Grad_mlp.fc2.lora_B_block_5/events.out.tfevents.1768387349.master-192-168-8-48.1680.9,mlp.fc2.lora_B,5
1768388220.3946435,1479,46.25,0.7308804988861084,Grad/mlp.fc2.lora_B,outputs_dev/vitb16/T=vtab_Q=3bit_L=lora_2_qkv-fc1-proj-fc2/cifar/20260114184203_default_acc=53.50/tensorboard/Grad_mlp.fc2.lora_B_block_5/events.out.tfevents.1768387349.master-192-168-8-48.1680.9,mlp.fc2.lora_B,5
1768388220.8209066,1480,46.28125,0.07862326502799988,Grad/mlp.fc2.lora_B,outputs_dev/vitb16/T=vtab_Q=3bit_L=lora_2_qkv-fc1-proj-fc2/cifar/20260114184203_default_acc=53.50/tensorboard/Grad_mlp.fc2.lora_B_block_5/events.out.tfevents.1768387349.master-192-168-8-48.1680.9,mlp.fc2.lora_B,5
1768388221.2601962,1481,46.3125,0.18273569643497467,Grad/mlp.fc2.lora_B,outputs_dev/vitb16/T=vtab_Q=3bit_L=lora_2_qkv-fc1-proj-fc2/cifar/20260114184203_default_acc=53.50/tensorboard/Grad_mlp.fc2.lora_B_block_5/events.out.tfevents.1768387349.master-192-168-8-48.1680.9,mlp.fc2.lora_B,5
1768388221.6995008,1482,46.34375,0.1144571453332901,Grad/mlp.fc2.lora_B,outputs_dev/vitb16/T=vtab_Q=3bit_L=lora_2_qkv-fc1-proj-fc2/cifar/20260114184203_default_acc=53.50/tensorboard/Grad_mlp.fc2.lora_B_block_5/events.out.tfevents.1768387349.master-192-168-8-48.1680.9,mlp.fc2.lora_B,5
1768388222.1420333,1483,46.375,0.08616099506616592,Grad/mlp.fc2.lora_B,outputs_dev/vitb16/T=vtab_Q=3bit_L=lora_2_qkv-fc1-proj-fc2/cifar/20260114184203_default_acc=53.50/tensorboard/Grad_mlp.fc2.lora_B_block_5/events.out.tfevents.1768387349.master-192-168-8-48.1680.9,mlp.fc2.lora_B,5
1768388222.5913236,1484,46.40625,0.17433354258537292,Grad/mlp.fc2.lora_B,outputs_dev/vitb16/T=vtab_Q=3bit_L=lora_2_qkv-fc1-proj-fc2/cifar/20260114184203_default_acc=53.50/tensorboard/Grad_mlp.fc2.lora_B_block_5/events.out.tfevents.1768387349.master-192-168-8-48.1680.9,mlp.fc2.lora_B,5
1768388223.0287893,1485,46.4375,0.14523640275001526,Grad/mlp.fc2.lora_B,outputs_dev/vitb16/T=vtab_Q=3bit_L=lora_2_qkv-fc1-proj-fc2/cifar/20260114184203_default_acc=53.50/tensorboard/Grad_mlp.fc2.lora_B_block_5/events.out.tfevents.1768387349.master-192-168-8-48.1680.9,mlp.fc2.lora_B,5
1768388223.4547226,1486,46.46875,0.15087972581386566,Grad/mlp.fc2.lora_B,outputs_dev/vitb16/T=vtab_Q=3bit_L=lora_2_qkv-fc1-proj-fc2/cifar/20260114184203_default_acc=53.50/tensorboard/Grad_mlp.fc2.lora_B_block_5/events.out.tfevents.1768387349.master-192-168-8-48.1680.9,mlp.fc2.lora_B,5
1768388223.8893726,1487,46.5,0.5539747476577759,Grad/mlp.fc2.lora_B,outputs_dev/vitb16/T=vtab_Q=3bit_L=lora_2_qkv-fc1-proj-fc2/cifar/20260114184203_default_acc=53.50/tensorboard/Grad_mlp.fc2.lora_B_block_5/events.out.tfevents.1768387349.master-192-168-8-48.1680.9,mlp.fc2.lora_B,5
1768388224.324896,1488,46.53125,0.16400544345378876,Grad/mlp.fc2.lora_B,outputs_dev/vitb16/T=vtab_Q=3bit_L=lora_2_qkv-fc1-proj-fc2/cifar/20260114184203_default_acc=53.50/tensorboard/Grad_mlp.fc2.lora_B_block_5/events.out.tfevents.1768387349.master-192-168-8-48.1680.9,mlp.fc2.lora_B,5
1768388224.7576385,1489,46.5625,0.13068032264709473,Grad/mlp.fc2.lora_B,outputs_dev/vitb16/T=vtab_Q=3bit_L=lora_2_qkv-fc1-proj-fc2/cifar/20260114184203_default_acc=53.50/tensorboard/Grad_mlp.fc2.lora_B_block_5/events.out.tfevents.1768387349.master-192-168-8-48.1680.9,mlp.fc2.lora_B,5
1768388225.1926615,1490,46.59375,0.18420834839344025,Grad/mlp.fc2.lora_B,outputs_dev/vitb16/T=vtab_Q=3bit_L=lora_2_qkv-fc1-proj-fc2/cifar/20260114184203_default_acc=53.50/tensorboard/Grad_mlp.fc2.lora_B_block_5/events.out.tfevents.1768387349.master-192-168-8-48.1680.9,mlp.fc2.lora_B,5
1768388225.629475,1491,46.625,0.10170316696166992,Grad/mlp.fc2.lora_B,outputs_dev/vitb16/T=vtab_Q=3bit_L=lora_2_qkv-fc1-proj-fc2/cifar/20260114184203_default_acc=53.50/tensorboard/Grad_mlp.fc2.lora_B_block_5/events.out.tfevents.1768387349.master-192-168-8-48.1680.9,mlp.fc2.lora_B,5
1768388226.0646055,1492,46.65625,0.109436996281147,Grad/mlp.fc2.lora_B,outputs_dev/vitb16/T=vtab_Q=3bit_L=lora_2_qkv-fc1-proj-fc2/cifar/20260114184203_default_acc=53.50/tensorboard/Grad_mlp.fc2.lora_B_block_5/events.out.tfevents.1768387349.master-192-168-8-48.1680.9,mlp.fc2.lora_B,5
1768388226.5031369,1493,46.6875,0.23374620079994202,Grad/mlp.fc2.lora_B,outputs_dev/vitb16/T=vtab_Q=3bit_L=lora_2_qkv-fc1-proj-fc2/cifar/20260114184203_default_acc=53.50/tensorboard/Grad_mlp.fc2.lora_B_block_5/events.out.tfevents.1768387349.master-192-168-8-48.1680.9,mlp.fc2.lora_B,5
1768388226.9239829,1494,46.71875,0.31059056520462036,Grad/mlp.fc2.lora_B,outputs_dev/vitb16/T=vtab_Q=3bit_L=lora_2_qkv-fc1-proj-fc2/cifar/20260114184203_default_acc=53.50/tensorboard/Grad_mlp.fc2.lora_B_block_5/events.out.tfevents.1768387349.master-192-168-8-48.1680.9,mlp.fc2.lora_B,5
1768388227.3601398,1495,46.75,0.2957892119884491,Grad/mlp.fc2.lora_B,outputs_dev/vitb16/T=vtab_Q=3bit_L=lora_2_qkv-fc1-proj-fc2/cifar/20260114184203_default_acc=53.50/tensorboard/Grad_mlp.fc2.lora_B_block_5/events.out.tfevents.1768387349.master-192-168-8-48.1680.9,mlp.fc2.lora_B,5
1768388227.7934997,1496,46.78125,0.11607875674962997,Grad/mlp.fc2.lora_B,outputs_dev/vitb16/T=vtab_Q=3bit_L=lora_2_qkv-fc1-proj-fc2/cifar/20260114184203_default_acc=53.50/tensorboard/Grad_mlp.fc2.lora_B_block_5/events.out.tfevents.1768387349.master-192-168-8-48.1680.9,mlp.fc2.lora_B,5
1768388228.226975,1497,46.8125,0.07312740385532379,Grad/mlp.fc2.lora_B,outputs_dev/vitb16/T=vtab_Q=3bit_L=lora_2_qkv-fc1-proj-fc2/cifar/20260114184203_default_acc=53.50/tensorboard/Grad_mlp.fc2.lora_B_block_5/events.out.tfevents.1768387349.master-192-168-8-48.1680.9,mlp.fc2.lora_B,5
1768388228.661279,1498,46.84375,0.151829332113266,Grad/mlp.fc2.lora_B,outputs_dev/vitb16/T=vtab_Q=3bit_L=lora_2_qkv-fc1-proj-fc2/cifar/20260114184203_default_acc=53.50/tensorboard/Grad_mlp.fc2.lora_B_block_5/events.out.tfevents.1768387349.master-192-168-8-48.1680.9,mlp.fc2.lora_B,5
1768388229.0836134,1499,46.875,0.5095775723457336,Grad/mlp.fc2.lora_B,outputs_dev/vitb16/T=vtab_Q=3bit_L=lora_2_qkv-fc1-proj-fc2/cifar/20260114184203_default_acc=53.50/tensorboard/Grad_mlp.fc2.lora_B_block_5/events.out.tfevents.1768387349.master-192-168-8-48.1680.9,mlp.fc2.lora_B,5
1768388229.5222497,1500,46.90625,0.051045309752225876,Grad/mlp.fc2.lora_B,outputs_dev/vitb16/T=vtab_Q=3bit_L=lora_2_qkv-fc1-proj-fc2/cifar/20260114184203_default_acc=53.50/tensorboard/Grad_mlp.fc2.lora_B_block_5/events.out.tfevents.1768387349.master-192-168-8-48.1680.9,mlp.fc2.lora_B,5
1768388229.9713607,1501,46.9375,0.07891281694173813,Grad/mlp.fc2.lora_B,outputs_dev/vitb16/T=vtab_Q=3bit_L=lora_2_qkv-fc1-proj-fc2/cifar/20260114184203_default_acc=53.50/tensorboard/Grad_mlp.fc2.lora_B_block_5/events.out.tfevents.1768387349.master-192-168-8-48.1680.9,mlp.fc2.lora_B,5
1768388230.4124649,1502,46.96875,0.3264479339122772,Grad/mlp.fc2.lora_B,outputs_dev/vitb16/T=vtab_Q=3bit_L=lora_2_qkv-fc1-proj-fc2/cifar/20260114184203_default_acc=53.50/tensorboard/Grad_mlp.fc2.lora_B_block_5/events.out.tfevents.1768387349.master-192-168-8-48.1680.9,mlp.fc2.lora_B,5
1768388230.6365552,1503,47.0,0.17354531586170197,Grad/mlp.fc2.lora_B,outputs_dev/vitb16/T=vtab_Q=3bit_L=lora_2_qkv-fc1-proj-fc2/cifar/20260114184203_default_acc=53.50/tensorboard/Grad_mlp.fc2.lora_B_block_5/events.out.tfevents.1768387349.master-192-168-8-48.1680.9,mlp.fc2.lora_B,5
1768388231.3394458,1504,47.03125,0.46916529536247253,Grad/mlp.fc2.lora_B,outputs_dev/vitb16/T=vtab_Q=3bit_L=lora_2_qkv-fc1-proj-fc2/cifar/20260114184203_default_acc=53.50/tensorboard/Grad_mlp.fc2.lora_B_block_5/events.out.tfevents.1768387349.master-192-168-8-48.1680.9,mlp.fc2.lora_B,5
1768388231.770437,1505,47.0625,0.1031837984919548,Grad/mlp.fc2.lora_B,outputs_dev/vitb16/T=vtab_Q=3bit_L=lora_2_qkv-fc1-proj-fc2/cifar/20260114184203_default_acc=53.50/tensorboard/Grad_mlp.fc2.lora_B_block_5/events.out.tfevents.1768387349.master-192-168-8-48.1680.9,mlp.fc2.lora_B,5
1768388232.2023175,1506,47.09375,0.3005104959011078,Grad/mlp.fc2.lora_B,outputs_dev/vitb16/T=vtab_Q=3bit_L=lora_2_qkv-fc1-proj-fc2/cifar/20260114184203_default_acc=53.50/tensorboard/Grad_mlp.fc2.lora_B_block_5/events.out.tfevents.1768387349.master-192-168-8-48.1680.9,mlp.fc2.lora_B,5
1768388232.6142046,1507,47.125,0.1076057106256485,Grad/mlp.fc2.lora_B,outputs_dev/vitb16/T=vtab_Q=3bit_L=lora_2_qkv-fc1-proj-fc2/cifar/20260114184203_default_acc=53.50/tensorboard/Grad_mlp.fc2.lora_B_block_5/events.out.tfevents.1768387349.master-192-168-8-48.1680.9,mlp.fc2.lora_B,5
1768388233.0402737,1508,47.15625,0.1564599722623825,Grad/mlp.fc2.lora_B,outputs_dev/vitb16/T=vtab_Q=3bit_L=lora_2_qkv-fc1-proj-fc2/cifar/20260114184203_default_acc=53.50/tensorboard/Grad_mlp.fc2.lora_B_block_5/events.out.tfevents.1768387349.master-192-168-8-48.1680.9,mlp.fc2.lora_B,5
1768388233.4668078,1509,47.1875,0.13924965262413025,Grad/mlp.fc2.lora_B,outputs_dev/vitb16/T=vtab_Q=3bit_L=lora_2_qkv-fc1-proj-fc2/cifar/20260114184203_default_acc=53.50/tensorboard/Grad_mlp.fc2.lora_B_block_5/events.out.tfevents.1768387349.master-192-168-8-48.1680.9,mlp.fc2.lora_B,5
1768388233.895125,1510,47.21875,0.3660966753959656,Grad/mlp.fc2.lora_B,outputs_dev/vitb16/T=vtab_Q=3bit_L=lora_2_qkv-fc1-proj-fc2/cifar/20260114184203_default_acc=53.50/tensorboard/Grad_mlp.fc2.lora_B_block_5/events.out.tfevents.1768387349.master-192-168-8-48.1680.9,mlp.fc2.lora_B,5
1768388234.3232048,1511,47.25,0.1434089094400406,Grad/mlp.fc2.lora_B,outputs_dev/vitb16/T=vtab_Q=3bit_L=lora_2_qkv-fc1-proj-fc2/cifar/20260114184203_default_acc=53.50/tensorboard/Grad_mlp.fc2.lora_B_block_5/events.out.tfevents.1768387349.master-192-168-8-48.1680.9,mlp.fc2.lora_B,5
1768388234.7629373,1512,47.28125,0.2363366335630417,Grad/mlp.fc2.lora_B,outputs_dev/vitb16/T=vtab_Q=3bit_L=lora_2_qkv-fc1-proj-fc2/cifar/20260114184203_default_acc=53.50/tensorboard/Grad_mlp.fc2.lora_B_block_5/events.out.tfevents.1768387349.master-192-168-8-48.1680.9,mlp.fc2.lora_B,5
1768388235.1913497,1513,47.3125,0.3528660535812378,Grad/mlp.fc2.lora_B,outputs_dev/vitb16/T=vtab_Q=3bit_L=lora_2_qkv-fc1-proj-fc2/cifar/20260114184203_default_acc=53.50/tensorboard/Grad_mlp.fc2.lora_B_block_5/events.out.tfevents.1768387349.master-192-168-8-48.1680.9,mlp.fc2.lora_B,5
1768388235.6209044,1514,47.34375,0.17288261651992798,Grad/mlp.fc2.lora_B,outputs_dev/vitb16/T=vtab_Q=3bit_L=lora_2_qkv-fc1-proj-fc2/cifar/20260114184203_default_acc=53.50/tensorboard/Grad_mlp.fc2.lora_B_block_5/events.out.tfevents.1768387349.master-192-168-8-48.1680.9,mlp.fc2.lora_B,5
1768388236.0662968,1515,47.375,0.09541827440261841,Grad/mlp.fc2.lora_B,outputs_dev/vitb16/T=vtab_Q=3bit_L=lora_2_qkv-fc1-proj-fc2/cifar/20260114184203_default_acc=53.50/tensorboard/Grad_mlp.fc2.lora_B_block_5/events.out.tfevents.1768387349.master-192-168-8-48.1680.9,mlp.fc2.lora_B,5
1768388236.4942136,1516,47.40625,0.1103191152215004,Grad/mlp.fc2.lora_B,outputs_dev/vitb16/T=vtab_Q=3bit_L=lora_2_qkv-fc1-proj-fc2/cifar/20260114184203_default_acc=53.50/tensorboard/Grad_mlp.fc2.lora_B_block_5/events.out.tfevents.1768387349.master-192-168-8-48.1680.9,mlp.fc2.lora_B,5
1768388236.9282465,1517,47.4375,0.1994764804840088,Grad/mlp.fc2.lora_B,outputs_dev/vitb16/T=vtab_Q=3bit_L=lora_2_qkv-fc1-proj-fc2/cifar/20260114184203_default_acc=53.50/tensorboard/Grad_mlp.fc2.lora_B_block_5/events.out.tfevents.1768387349.master-192-168-8-48.1680.9,mlp.fc2.lora_B,5
1768388237.3675327,1518,47.46875,0.25937387347221375,Grad/mlp.fc2.lora_B,outputs_dev/vitb16/T=vtab_Q=3bit_L=lora_2_qkv-fc1-proj-fc2/cifar/20260114184203_default_acc=53.50/tensorboard/Grad_mlp.fc2.lora_B_block_5/events.out.tfevents.1768387349.master-192-168-8-48.1680.9,mlp.fc2.lora_B,5
1768388237.8007143,1519,47.5,0.08219408243894577,Grad/mlp.fc2.lora_B,outputs_dev/vitb16/T=vtab_Q=3bit_L=lora_2_qkv-fc1-proj-fc2/cifar/20260114184203_default_acc=53.50/tensorboard/Grad_mlp.fc2.lora_B_block_5/events.out.tfevents.1768387349.master-192-168-8-48.1680.9,mlp.fc2.lora_B,5
1768388238.2221584,1520,47.53125,0.22186234593391418,Grad/mlp.fc2.lora_B,outputs_dev/vitb16/T=vtab_Q=3bit_L=lora_2_qkv-fc1-proj-fc2/cifar/20260114184203_default_acc=53.50/tensorboard/Grad_mlp.fc2.lora_B_block_5/events.out.tfevents.1768387349.master-192-168-8-48.1680.9,mlp.fc2.lora_B,5
1768388238.6458507,1521,47.5625,0.16685611009597778,Grad/mlp.fc2.lora_B,outputs_dev/vitb16/T=vtab_Q=3bit_L=lora_2_qkv-fc1-proj-fc2/cifar/20260114184203_default_acc=53.50/tensorboard/Grad_mlp.fc2.lora_B_block_5/events.out.tfevents.1768387349.master-192-168-8-48.1680.9,mlp.fc2.lora_B,5
1768388239.0704114,1522,47.59375,0.11600101739168167,Grad/mlp.fc2.lora_B,outputs_dev/vitb16/T=vtab_Q=3bit_L=lora_2_qkv-fc1-proj-fc2/cifar/20260114184203_default_acc=53.50/tensorboard/Grad_mlp.fc2.lora_B_block_5/events.out.tfevents.1768387349.master-192-168-8-48.1680.9,mlp.fc2.lora_B,5
1768388239.4942024,1523,47.625,0.12579552829265594,Grad/mlp.fc2.lora_B,outputs_dev/vitb16/T=vtab_Q=3bit_L=lora_2_qkv-fc1-proj-fc2/cifar/20260114184203_default_acc=53.50/tensorboard/Grad_mlp.fc2.lora_B_block_5/events.out.tfevents.1768387349.master-192-168-8-48.1680.9,mlp.fc2.lora_B,5
1768388239.9162385,1524,47.65625,0.15424609184265137,Grad/mlp.fc2.lora_B,outputs_dev/vitb16/T=vtab_Q=3bit_L=lora_2_qkv-fc1-proj-fc2/cifar/20260114184203_default_acc=53.50/tensorboard/Grad_mlp.fc2.lora_B_block_5/events.out.tfevents.1768387349.master-192-168-8-48.1680.9,mlp.fc2.lora_B,5
1768388240.3412483,1525,47.6875,0.19378229975700378,Grad/mlp.fc2.lora_B,outputs_dev/vitb16/T=vtab_Q=3bit_L=lora_2_qkv-fc1-proj-fc2/cifar/20260114184203_default_acc=53.50/tensorboard/Grad_mlp.fc2.lora_B_block_5/events.out.tfevents.1768387349.master-192-168-8-48.1680.9,mlp.fc2.lora_B,5
1768388240.7644792,1526,47.71875,0.2296295315027237,Grad/mlp.fc2.lora_B,outputs_dev/vitb16/T=vtab_Q=3bit_L=lora_2_qkv-fc1-proj-fc2/cifar/20260114184203_default_acc=53.50/tensorboard/Grad_mlp.fc2.lora_B_block_5/events.out.tfevents.1768387349.master-192-168-8-48.1680.9,mlp.fc2.lora_B,5
1768388241.1862571,1527,47.75,0.1431068331003189,Grad/mlp.fc2.lora_B,outputs_dev/vitb16/T=vtab_Q=3bit_L=lora_2_qkv-fc1-proj-fc2/cifar/20260114184203_default_acc=53.50/tensorboard/Grad_mlp.fc2.lora_B_block_5/events.out.tfevents.1768387349.master-192-168-8-48.1680.9,mlp.fc2.lora_B,5
1768388241.6080687,1528,47.78125,0.24364808201789856,Grad/mlp.fc2.lora_B,outputs_dev/vitb16/T=vtab_Q=3bit_L=lora_2_qkv-fc1-proj-fc2/cifar/20260114184203_default_acc=53.50/tensorboard/Grad_mlp.fc2.lora_B_block_5/events.out.tfevents.1768387349.master-192-168-8-48.1680.9,mlp.fc2.lora_B,5
1768388242.0409079,1529,47.8125,0.27676376700401306,Grad/mlp.fc2.lora_B,outputs_dev/vitb16/T=vtab_Q=3bit_L=lora_2_qkv-fc1-proj-fc2/cifar/20260114184203_default_acc=53.50/tensorboard/Grad_mlp.fc2.lora_B_block_5/events.out.tfevents.1768387349.master-192-168-8-48.1680.9,mlp.fc2.lora_B,5
1768388242.4701474,1530,47.84375,0.11361439526081085,Grad/mlp.fc2.lora_B,outputs_dev/vitb16/T=vtab_Q=3bit_L=lora_2_qkv-fc1-proj-fc2/cifar/20260114184203_default_acc=53.50/tensorboard/Grad_mlp.fc2.lora_B_block_5/events.out.tfevents.1768387349.master-192-168-8-48.1680.9,mlp.fc2.lora_B,5
1768388242.8959706,1531,47.875,0.055698566138744354,Grad/mlp.fc2.lora_B,outputs_dev/vitb16/T=vtab_Q=3bit_L=lora_2_qkv-fc1-proj-fc2/cifar/20260114184203_default_acc=53.50/tensorboard/Grad_mlp.fc2.lora_B_block_5/events.out.tfevents.1768387349.master-192-168-8-48.1680.9,mlp.fc2.lora_B,5
1768388243.3198972,1532,47.90625,0.09569701552391052,Grad/mlp.fc2.lora_B,outputs_dev/vitb16/T=vtab_Q=3bit_L=lora_2_qkv-fc1-proj-fc2/cifar/20260114184203_default_acc=53.50/tensorboard/Grad_mlp.fc2.lora_B_block_5/events.out.tfevents.1768387349.master-192-168-8-48.1680.9,mlp.fc2.lora_B,5
1768388243.7525883,1533,47.9375,0.0791015699505806,Grad/mlp.fc2.lora_B,outputs_dev/vitb16/T=vtab_Q=3bit_L=lora_2_qkv-fc1-proj-fc2/cifar/20260114184203_default_acc=53.50/tensorboard/Grad_mlp.fc2.lora_B_block_5/events.out.tfevents.1768387349.master-192-168-8-48.1680.9,mlp.fc2.lora_B,5
1768388244.2587082,1534,47.96875,0.20412561297416687,Grad/mlp.fc2.lora_B,outputs_dev/vitb16/T=vtab_Q=3bit_L=lora_2_qkv-fc1-proj-fc2/cifar/20260114184203_default_acc=53.50/tensorboard/Grad_mlp.fc2.lora_B_block_5/events.out.tfevents.1768387349.master-192-168-8-48.1680.9,mlp.fc2.lora_B,5
1768388244.4641685,1535,48.0,0.19939137995243073,Grad/mlp.fc2.lora_B,outputs_dev/vitb16/T=vtab_Q=3bit_L=lora_2_qkv-fc1-proj-fc2/cifar/20260114184203_default_acc=53.50/tensorboard/Grad_mlp.fc2.lora_B_block_5/events.out.tfevents.1768387349.master-192-168-8-48.1680.9,mlp.fc2.lora_B,5
1768388245.1259112,1536,48.03125,0.331351637840271,Grad/mlp.fc2.lora_B,outputs_dev/vitb16/T=vtab_Q=3bit_L=lora_2_qkv-fc1-proj-fc2/cifar/20260114184203_default_acc=53.50/tensorboard/Grad_mlp.fc2.lora_B_block_5/events.out.tfevents.1768387349.master-192-168-8-48.1680.9,mlp.fc2.lora_B,5
1768388245.5557284,1537,48.0625,0.07544919848442078,Grad/mlp.fc2.lora_B,outputs_dev/vitb16/T=vtab_Q=3bit_L=lora_2_qkv-fc1-proj-fc2/cifar/20260114184203_default_acc=53.50/tensorboard/Grad_mlp.fc2.lora_B_block_5/events.out.tfevents.1768387349.master-192-168-8-48.1680.9,mlp.fc2.lora_B,5
1768388245.9865062,1538,48.09375,0.34337684512138367,Grad/mlp.fc2.lora_B,outputs_dev/vitb16/T=vtab_Q=3bit_L=lora_2_qkv-fc1-proj-fc2/cifar/20260114184203_default_acc=53.50/tensorboard/Grad_mlp.fc2.lora_B_block_5/events.out.tfevents.1768387349.master-192-168-8-48.1680.9,mlp.fc2.lora_B,5
1768388246.4245358,1539,48.125,0.10950758308172226,Grad/mlp.fc2.lora_B,outputs_dev/vitb16/T=vtab_Q=3bit_L=lora_2_qkv-fc1-proj-fc2/cifar/20260114184203_default_acc=53.50/tensorboard/Grad_mlp.fc2.lora_B_block_5/events.out.tfevents.1768387349.master-192-168-8-48.1680.9,mlp.fc2.lora_B,5
1768388246.8501227,1540,48.15625,0.0951385572552681,Grad/mlp.fc2.lora_B,outputs_dev/vitb16/T=vtab_Q=3bit_L=lora_2_qkv-fc1-proj-fc2/cifar/20260114184203_default_acc=53.50/tensorboard/Grad_mlp.fc2.lora_B_block_5/events.out.tfevents.1768387349.master-192-168-8-48.1680.9,mlp.fc2.lora_B,5
1768388247.291811,1541,48.1875,0.15910948812961578,Grad/mlp.fc2.lora_B,outputs_dev/vitb16/T=vtab_Q=3bit_L=lora_2_qkv-fc1-proj-fc2/cifar/20260114184203_default_acc=53.50/tensorboard/Grad_mlp.fc2.lora_B_block_5/events.out.tfevents.1768387349.master-192-168-8-48.1680.9,mlp.fc2.lora_B,5
1768388247.7153792,1542,48.21875,0.08703942596912384,Grad/mlp.fc2.lora_B,outputs_dev/vitb16/T=vtab_Q=3bit_L=lora_2_qkv-fc1-proj-fc2/cifar/20260114184203_default_acc=53.50/tensorboard/Grad_mlp.fc2.lora_B_block_5/events.out.tfevents.1768387349.master-192-168-8-48.1680.9,mlp.fc2.lora_B,5
1768388248.129414,1543,48.25,0.15171955525875092,Grad/mlp.fc2.lora_B,outputs_dev/vitb16/T=vtab_Q=3bit_L=lora_2_qkv-fc1-proj-fc2/cifar/20260114184203_default_acc=53.50/tensorboard/Grad_mlp.fc2.lora_B_block_5/events.out.tfevents.1768387349.master-192-168-8-48.1680.9,mlp.fc2.lora_B,5
1768388248.5701995,1544,48.28125,0.10440127551555634,Grad/mlp.fc2.lora_B,outputs_dev/vitb16/T=vtab_Q=3bit_L=lora_2_qkv-fc1-proj-fc2/cifar/20260114184203_default_acc=53.50/tensorboard/Grad_mlp.fc2.lora_B_block_5/events.out.tfevents.1768387349.master-192-168-8-48.1680.9,mlp.fc2.lora_B,5
1768388249.0065153,1545,48.3125,0.47325512766838074,Grad/mlp.fc2.lora_B,outputs_dev/vitb16/T=vtab_Q=3bit_L=lora_2_qkv-fc1-proj-fc2/cifar/20260114184203_default_acc=53.50/tensorboard/Grad_mlp.fc2.lora_B_block_5/events.out.tfevents.1768387349.master-192-168-8-48.1680.9,mlp.fc2.lora_B,5
1768388249.4421449,1546,48.34375,0.20784452557563782,Grad/mlp.fc2.lora_B,outputs_dev/vitb16/T=vtab_Q=3bit_L=lora_2_qkv-fc1-proj-fc2/cifar/20260114184203_default_acc=53.50/tensorboard/Grad_mlp.fc2.lora_B_block_5/events.out.tfevents.1768387349.master-192-168-8-48.1680.9,mlp.fc2.lora_B,5
1768388249.8761725,1547,48.375,0.10727868229150772,Grad/mlp.fc2.lora_B,outputs_dev/vitb16/T=vtab_Q=3bit_L=lora_2_qkv-fc1-proj-fc2/cifar/20260114184203_default_acc=53.50/tensorboard/Grad_mlp.fc2.lora_B_block_5/events.out.tfevents.1768387349.master-192-168-8-48.1680.9,mlp.fc2.lora_B,5
1768388250.299008,1548,48.40625,0.16951695084571838,Grad/mlp.fc2.lora_B,outputs_dev/vitb16/T=vtab_Q=3bit_L=lora_2_qkv-fc1-proj-fc2/cifar/20260114184203_default_acc=53.50/tensorboard/Grad_mlp.fc2.lora_B_block_5/events.out.tfevents.1768387349.master-192-168-8-48.1680.9,mlp.fc2.lora_B,5
1768388250.7218676,1549,48.4375,0.08573933690786362,Grad/mlp.fc2.lora_B,outputs_dev/vitb16/T=vtab_Q=3bit_L=lora_2_qkv-fc1-proj-fc2/cifar/20260114184203_default_acc=53.50/tensorboard/Grad_mlp.fc2.lora_B_block_5/events.out.tfevents.1768387349.master-192-168-8-48.1680.9,mlp.fc2.lora_B,5
1768388251.1473281,1550,48.46875,0.11561887711286545,Grad/mlp.fc2.lora_B,outputs_dev/vitb16/T=vtab_Q=3bit_L=lora_2_qkv-fc1-proj-fc2/cifar/20260114184203_default_acc=53.50/tensorboard/Grad_mlp.fc2.lora_B_block_5/events.out.tfevents.1768387349.master-192-168-8-48.1680.9,mlp.fc2.lora_B,5
1768388251.5695763,1551,48.5,0.1626652032136917,Grad/mlp.fc2.lora_B,outputs_dev/vitb16/T=vtab_Q=3bit_L=lora_2_qkv-fc1-proj-fc2/cifar/20260114184203_default_acc=53.50/tensorboard/Grad_mlp.fc2.lora_B_block_5/events.out.tfevents.1768387349.master-192-168-8-48.1680.9,mlp.fc2.lora_B,5
1768388251.9917014,1552,48.53125,0.14968372881412506,Grad/mlp.fc2.lora_B,outputs_dev/vitb16/T=vtab_Q=3bit_L=lora_2_qkv-fc1-proj-fc2/cifar/20260114184203_default_acc=53.50/tensorboard/Grad_mlp.fc2.lora_B_block_5/events.out.tfevents.1768387349.master-192-168-8-48.1680.9,mlp.fc2.lora_B,5
1768388252.4252555,1553,48.5625,0.3139171302318573,Grad/mlp.fc2.lora_B,outputs_dev/vitb16/T=vtab_Q=3bit_L=lora_2_qkv-fc1-proj-fc2/cifar/20260114184203_default_acc=53.50/tensorboard/Grad_mlp.fc2.lora_B_block_5/events.out.tfevents.1768387349.master-192-168-8-48.1680.9,mlp.fc2.lora_B,5
1768388252.8602545,1554,48.59375,0.16611063480377197,Grad/mlp.fc2.lora_B,outputs_dev/vitb16/T=vtab_Q=3bit_L=lora_2_qkv-fc1-proj-fc2/cifar/20260114184203_default_acc=53.50/tensorboard/Grad_mlp.fc2.lora_B_block_5/events.out.tfevents.1768387349.master-192-168-8-48.1680.9,mlp.fc2.lora_B,5
1768388253.293649,1555,48.625,0.14160692691802979,Grad/mlp.fc2.lora_B,outputs_dev/vitb16/T=vtab_Q=3bit_L=lora_2_qkv-fc1-proj-fc2/cifar/20260114184203_default_acc=53.50/tensorboard/Grad_mlp.fc2.lora_B_block_5/events.out.tfevents.1768387349.master-192-168-8-48.1680.9,mlp.fc2.lora_B,5
1768388253.7223258,1556,48.65625,0.13540099561214447,Grad/mlp.fc2.lora_B,outputs_dev/vitb16/T=vtab_Q=3bit_L=lora_2_qkv-fc1-proj-fc2/cifar/20260114184203_default_acc=53.50/tensorboard/Grad_mlp.fc2.lora_B_block_5/events.out.tfevents.1768387349.master-192-168-8-48.1680.9,mlp.fc2.lora_B,5
1768388254.1445434,1557,48.6875,0.09182358533143997,Grad/mlp.fc2.lora_B,outputs_dev/vitb16/T=vtab_Q=3bit_L=lora_2_qkv-fc1-proj-fc2/cifar/20260114184203_default_acc=53.50/tensorboard/Grad_mlp.fc2.lora_B_block_5/events.out.tfevents.1768387349.master-192-168-8-48.1680.9,mlp.fc2.lora_B,5
1768388254.5739048,1558,48.71875,0.2331991046667099,Grad/mlp.fc2.lora_B,outputs_dev/vitb16/T=vtab_Q=3bit_L=lora_2_qkv-fc1-proj-fc2/cifar/20260114184203_default_acc=53.50/tensorboard/Grad_mlp.fc2.lora_B_block_5/events.out.tfevents.1768387349.master-192-168-8-48.1680.9,mlp.fc2.lora_B,5
1768388255.0117671,1559,48.75,0.07795916497707367,Grad/mlp.fc2.lora_B,outputs_dev/vitb16/T=vtab_Q=3bit_L=lora_2_qkv-fc1-proj-fc2/cifar/20260114184203_default_acc=53.50/tensorboard/Grad_mlp.fc2.lora_B_block_5/events.out.tfevents.1768387349.master-192-168-8-48.1680.9,mlp.fc2.lora_B,5
1768388255.4493783,1560,48.78125,0.1390320509672165,Grad/mlp.fc2.lora_B,outputs_dev/vitb16/T=vtab_Q=3bit_L=lora_2_qkv-fc1-proj-fc2/cifar/20260114184203_default_acc=53.50/tensorboard/Grad_mlp.fc2.lora_B_block_5/events.out.tfevents.1768387349.master-192-168-8-48.1680.9,mlp.fc2.lora_B,5
1768388255.8781805,1561,48.8125,0.06578931957483292,Grad/mlp.fc2.lora_B,outputs_dev/vitb16/T=vtab_Q=3bit_L=lora_2_qkv-fc1-proj-fc2/cifar/20260114184203_default_acc=53.50/tensorboard/Grad_mlp.fc2.lora_B_block_5/events.out.tfevents.1768387349.master-192-168-8-48.1680.9,mlp.fc2.lora_B,5
1768388256.311523,1562,48.84375,0.12315963208675385,Grad/mlp.fc2.lora_B,outputs_dev/vitb16/T=vtab_Q=3bit_L=lora_2_qkv-fc1-proj-fc2/cifar/20260114184203_default_acc=53.50/tensorboard/Grad_mlp.fc2.lora_B_block_5/events.out.tfevents.1768387349.master-192-168-8-48.1680.9,mlp.fc2.lora_B,5
1768388256.7507927,1563,48.875,0.07549213618040085,Grad/mlp.fc2.lora_B,outputs_dev/vitb16/T=vtab_Q=3bit_L=lora_2_qkv-fc1-proj-fc2/cifar/20260114184203_default_acc=53.50/tensorboard/Grad_mlp.fc2.lora_B_block_5/events.out.tfevents.1768387349.master-192-168-8-48.1680.9,mlp.fc2.lora_B,5
1768388257.1751125,1564,48.90625,0.17235735058784485,Grad/mlp.fc2.lora_B,outputs_dev/vitb16/T=vtab_Q=3bit_L=lora_2_qkv-fc1-proj-fc2/cifar/20260114184203_default_acc=53.50/tensorboard/Grad_mlp.fc2.lora_B_block_5/events.out.tfevents.1768387349.master-192-168-8-48.1680.9,mlp.fc2.lora_B,5
1768388257.5967867,1565,48.9375,0.1448872834444046,Grad/mlp.fc2.lora_B,outputs_dev/vitb16/T=vtab_Q=3bit_L=lora_2_qkv-fc1-proj-fc2/cifar/20260114184203_default_acc=53.50/tensorboard/Grad_mlp.fc2.lora_B_block_5/events.out.tfevents.1768387349.master-192-168-8-48.1680.9,mlp.fc2.lora_B,5
1768388258.018638,1566,48.96875,0.18812760710716248,Grad/mlp.fc2.lora_B,outputs_dev/vitb16/T=vtab_Q=3bit_L=lora_2_qkv-fc1-proj-fc2/cifar/20260114184203_default_acc=53.50/tensorboard/Grad_mlp.fc2.lora_B_block_5/events.out.tfevents.1768387349.master-192-168-8-48.1680.9,mlp.fc2.lora_B,5
1768388258.2131317,1567,49.0,0.3328753113746643,Grad/mlp.fc2.lora_B,outputs_dev/vitb16/T=vtab_Q=3bit_L=lora_2_qkv-fc1-proj-fc2/cifar/20260114184203_default_acc=53.50/tensorboard/Grad_mlp.fc2.lora_B_block_5/events.out.tfevents.1768387349.master-192-168-8-48.1680.9,mlp.fc2.lora_B,5
1768388258.8652904,1568,49.03125,0.09471186995506287,Grad/mlp.fc2.lora_B,outputs_dev/vitb16/T=vtab_Q=3bit_L=lora_2_qkv-fc1-proj-fc2/cifar/20260114184203_default_acc=53.50/tensorboard/Grad_mlp.fc2.lora_B_block_5/events.out.tfevents.1768387349.master-192-168-8-48.1680.9,mlp.fc2.lora_B,5
1768388259.327414,1569,49.0625,0.08751124888658524,Grad/mlp.fc2.lora_B,outputs_dev/vitb16/T=vtab_Q=3bit_L=lora_2_qkv-fc1-proj-fc2/cifar/20260114184203_default_acc=53.50/tensorboard/Grad_mlp.fc2.lora_B_block_5/events.out.tfevents.1768387349.master-192-168-8-48.1680.9,mlp.fc2.lora_B,5
1768388259.7539346,1570,49.09375,0.08490382879972458,Grad/mlp.fc2.lora_B,outputs_dev/vitb16/T=vtab_Q=3bit_L=lora_2_qkv-fc1-proj-fc2/cifar/20260114184203_default_acc=53.50/tensorboard/Grad_mlp.fc2.lora_B_block_5/events.out.tfevents.1768387349.master-192-168-8-48.1680.9,mlp.fc2.lora_B,5
1768388260.175289,1571,49.125,0.11913588643074036,Grad/mlp.fc2.lora_B,outputs_dev/vitb16/T=vtab_Q=3bit_L=lora_2_qkv-fc1-proj-fc2/cifar/20260114184203_default_acc=53.50/tensorboard/Grad_mlp.fc2.lora_B_block_5/events.out.tfevents.1768387349.master-192-168-8-48.1680.9,mlp.fc2.lora_B,5
1768388260.5976276,1572,49.15625,0.4902806282043457,Grad/mlp.fc2.lora_B,outputs_dev/vitb16/T=vtab_Q=3bit_L=lora_2_qkv-fc1-proj-fc2/cifar/20260114184203_default_acc=53.50/tensorboard/Grad_mlp.fc2.lora_B_block_5/events.out.tfevents.1768387349.master-192-168-8-48.1680.9,mlp.fc2.lora_B,5
1768388261.0062418,1573,49.1875,0.14975382387638092,Grad/mlp.fc2.lora_B,outputs_dev/vitb16/T=vtab_Q=3bit_L=lora_2_qkv-fc1-proj-fc2/cifar/20260114184203_default_acc=53.50/tensorboard/Grad_mlp.fc2.lora_B_block_5/events.out.tfevents.1768387349.master-192-168-8-48.1680.9,mlp.fc2.lora_B,5
1768388261.429332,1574,49.21875,0.06532565504312515,Grad/mlp.fc2.lora_B,outputs_dev/vitb16/T=vtab_Q=3bit_L=lora_2_qkv-fc1-proj-fc2/cifar/20260114184203_default_acc=53.50/tensorboard/Grad_mlp.fc2.lora_B_block_5/events.out.tfevents.1768387349.master-192-168-8-48.1680.9,mlp.fc2.lora_B,5
1768388261.8517454,1575,49.25,0.10628502070903778,Grad/mlp.fc2.lora_B,outputs_dev/vitb16/T=vtab_Q=3bit_L=lora_2_qkv-fc1-proj-fc2/cifar/20260114184203_default_acc=53.50/tensorboard/Grad_mlp.fc2.lora_B_block_5/events.out.tfevents.1768387349.master-192-168-8-48.1680.9,mlp.fc2.lora_B,5
1768388262.2744226,1576,49.28125,0.15880104899406433,Grad/mlp.fc2.lora_B,outputs_dev/vitb16/T=vtab_Q=3bit_L=lora_2_qkv-fc1-proj-fc2/cifar/20260114184203_default_acc=53.50/tensorboard/Grad_mlp.fc2.lora_B_block_5/events.out.tfevents.1768387349.master-192-168-8-48.1680.9,mlp.fc2.lora_B,5
1768388262.6968167,1577,49.3125,0.043197404593229294,Grad/mlp.fc2.lora_B,outputs_dev/vitb16/T=vtab_Q=3bit_L=lora_2_qkv-fc1-proj-fc2/cifar/20260114184203_default_acc=53.50/tensorboard/Grad_mlp.fc2.lora_B_block_5/events.out.tfevents.1768387349.master-192-168-8-48.1680.9,mlp.fc2.lora_B,5
1768388263.1190643,1578,49.34375,0.10920658707618713,Grad/mlp.fc2.lora_B,outputs_dev/vitb16/T=vtab_Q=3bit_L=lora_2_qkv-fc1-proj-fc2/cifar/20260114184203_default_acc=53.50/tensorboard/Grad_mlp.fc2.lora_B_block_5/events.out.tfevents.1768387349.master-192-168-8-48.1680.9,mlp.fc2.lora_B,5
1768388263.5436661,1579,49.375,0.06416874378919601,Grad/mlp.fc2.lora_B,outputs_dev/vitb16/T=vtab_Q=3bit_L=lora_2_qkv-fc1-proj-fc2/cifar/20260114184203_default_acc=53.50/tensorboard/Grad_mlp.fc2.lora_B_block_5/events.out.tfevents.1768387349.master-192-168-8-48.1680.9,mlp.fc2.lora_B,5
1768388263.9842553,1580,49.40625,0.034956298768520355,Grad/mlp.fc2.lora_B,outputs_dev/vitb16/T=vtab_Q=3bit_L=lora_2_qkv-fc1-proj-fc2/cifar/20260114184203_default_acc=53.50/tensorboard/Grad_mlp.fc2.lora_B_block_5/events.out.tfevents.1768387349.master-192-168-8-48.1680.9,mlp.fc2.lora_B,5
1768388264.4058883,1581,49.4375,0.07231096178293228,Grad/mlp.fc2.lora_B,outputs_dev/vitb16/T=vtab_Q=3bit_L=lora_2_qkv-fc1-proj-fc2/cifar/20260114184203_default_acc=53.50/tensorboard/Grad_mlp.fc2.lora_B_block_5/events.out.tfevents.1768387349.master-192-168-8-48.1680.9,mlp.fc2.lora_B,5
1768388264.8284001,1582,49.46875,0.07746712118387222,Grad/mlp.fc2.lora_B,outputs_dev/vitb16/T=vtab_Q=3bit_L=lora_2_qkv-fc1-proj-fc2/cifar/20260114184203_default_acc=53.50/tensorboard/Grad_mlp.fc2.lora_B_block_5/events.out.tfevents.1768387349.master-192-168-8-48.1680.9,mlp.fc2.lora_B,5
1768388265.2498593,1583,49.5,0.09375383704900742,Grad/mlp.fc2.lora_B,outputs_dev/vitb16/T=vtab_Q=3bit_L=lora_2_qkv-fc1-proj-fc2/cifar/20260114184203_default_acc=53.50/tensorboard/Grad_mlp.fc2.lora_B_block_5/events.out.tfevents.1768387349.master-192-168-8-48.1680.9,mlp.fc2.lora_B,5
1768388265.697519,1584,49.53125,0.07340751588344574,Grad/mlp.fc2.lora_B,outputs_dev/vitb16/T=vtab_Q=3bit_L=lora_2_qkv-fc1-proj-fc2/cifar/20260114184203_default_acc=53.50/tensorboard/Grad_mlp.fc2.lora_B_block_5/events.out.tfevents.1768387349.master-192-168-8-48.1680.9,mlp.fc2.lora_B,5
1768388266.1447458,1585,49.5625,0.10213551670312881,Grad/mlp.fc2.lora_B,outputs_dev/vitb16/T=vtab_Q=3bit_L=lora_2_qkv-fc1-proj-fc2/cifar/20260114184203_default_acc=53.50/tensorboard/Grad_mlp.fc2.lora_B_block_5/events.out.tfevents.1768387349.master-192-168-8-48.1680.9,mlp.fc2.lora_B,5
1768388266.571203,1586,49.59375,0.21202045679092407,Grad/mlp.fc2.lora_B,outputs_dev/vitb16/T=vtab_Q=3bit_L=lora_2_qkv-fc1-proj-fc2/cifar/20260114184203_default_acc=53.50/tensorboard/Grad_mlp.fc2.lora_B_block_5/events.out.tfevents.1768387349.master-192-168-8-48.1680.9,mlp.fc2.lora_B,5
1768388266.9960232,1587,49.625,0.12433498352766037,Grad/mlp.fc2.lora_B,outputs_dev/vitb16/T=vtab_Q=3bit_L=lora_2_qkv-fc1-proj-fc2/cifar/20260114184203_default_acc=53.50/tensorboard/Grad_mlp.fc2.lora_B_block_5/events.out.tfevents.1768387349.master-192-168-8-48.1680.9,mlp.fc2.lora_B,5
1768388267.4216833,1588,49.65625,0.17993997037410736,Grad/mlp.fc2.lora_B,outputs_dev/vitb16/T=vtab_Q=3bit_L=lora_2_qkv-fc1-proj-fc2/cifar/20260114184203_default_acc=53.50/tensorboard/Grad_mlp.fc2.lora_B_block_5/events.out.tfevents.1768387349.master-192-168-8-48.1680.9,mlp.fc2.lora_B,5
1768388267.8471048,1589,49.6875,0.3181617856025696,Grad/mlp.fc2.lora_B,outputs_dev/vitb16/T=vtab_Q=3bit_L=lora_2_qkv-fc1-proj-fc2/cifar/20260114184203_default_acc=53.50/tensorboard/Grad_mlp.fc2.lora_B_block_5/events.out.tfevents.1768387349.master-192-168-8-48.1680.9,mlp.fc2.lora_B,5
1768388268.2756126,1590,49.71875,0.24683189392089844,Grad/mlp.fc2.lora_B,outputs_dev/vitb16/T=vtab_Q=3bit_L=lora_2_qkv-fc1-proj-fc2/cifar/20260114184203_default_acc=53.50/tensorboard/Grad_mlp.fc2.lora_B_block_5/events.out.tfevents.1768387349.master-192-168-8-48.1680.9,mlp.fc2.lora_B,5
1768388268.70558,1591,49.75,0.10274168848991394,Grad/mlp.fc2.lora_B,outputs_dev/vitb16/T=vtab_Q=3bit_L=lora_2_qkv-fc1-proj-fc2/cifar/20260114184203_default_acc=53.50/tensorboard/Grad_mlp.fc2.lora_B_block_5/events.out.tfevents.1768387349.master-192-168-8-48.1680.9,mlp.fc2.lora_B,5
1768388269.1338754,1592,49.78125,0.20062394440174103,Grad/mlp.fc2.lora_B,outputs_dev/vitb16/T=vtab_Q=3bit_L=lora_2_qkv-fc1-proj-fc2/cifar/20260114184203_default_acc=53.50/tensorboard/Grad_mlp.fc2.lora_B_block_5/events.out.tfevents.1768387349.master-192-168-8-48.1680.9,mlp.fc2.lora_B,5
1768388269.5597248,1593,49.8125,0.11239589005708694,Grad/mlp.fc2.lora_B,outputs_dev/vitb16/T=vtab_Q=3bit_L=lora_2_qkv-fc1-proj-fc2/cifar/20260114184203_default_acc=53.50/tensorboard/Grad_mlp.fc2.lora_B_block_5/events.out.tfevents.1768387349.master-192-168-8-48.1680.9,mlp.fc2.lora_B,5
1768388269.983597,1594,49.84375,0.15421278774738312,Grad/mlp.fc2.lora_B,outputs_dev/vitb16/T=vtab_Q=3bit_L=lora_2_qkv-fc1-proj-fc2/cifar/20260114184203_default_acc=53.50/tensorboard/Grad_mlp.fc2.lora_B_block_5/events.out.tfevents.1768387349.master-192-168-8-48.1680.9,mlp.fc2.lora_B,5
1768388270.4087749,1595,49.875,0.13084182143211365,Grad/mlp.fc2.lora_B,outputs_dev/vitb16/T=vtab_Q=3bit_L=lora_2_qkv-fc1-proj-fc2/cifar/20260114184203_default_acc=53.50/tensorboard/Grad_mlp.fc2.lora_B_block_5/events.out.tfevents.1768387349.master-192-168-8-48.1680.9,mlp.fc2.lora_B,5
1768388270.8315697,1596,49.90625,0.17915751039981842,Grad/mlp.fc2.lora_B,outputs_dev/vitb16/T=vtab_Q=3bit_L=lora_2_qkv-fc1-proj-fc2/cifar/20260114184203_default_acc=53.50/tensorboard/Grad_mlp.fc2.lora_B_block_5/events.out.tfevents.1768387349.master-192-168-8-48.1680.9,mlp.fc2.lora_B,5
1768388271.2567995,1597,49.9375,0.08069634437561035,Grad/mlp.fc2.lora_B,outputs_dev/vitb16/T=vtab_Q=3bit_L=lora_2_qkv-fc1-proj-fc2/cifar/20260114184203_default_acc=53.50/tensorboard/Grad_mlp.fc2.lora_B_block_5/events.out.tfevents.1768387349.master-192-168-8-48.1680.9,mlp.fc2.lora_B,5
1768388271.6813328,1598,49.96875,0.30263829231262207,Grad/mlp.fc2.lora_B,outputs_dev/vitb16/T=vtab_Q=3bit_L=lora_2_qkv-fc1-proj-fc2/cifar/20260114184203_default_acc=53.50/tensorboard/Grad_mlp.fc2.lora_B_block_5/events.out.tfevents.1768387349.master-192-168-8-48.1680.9,mlp.fc2.lora_B,5
1768388271.8938005,1599,50.0,1.4068108797073364,Grad/mlp.fc2.lora_B,outputs_dev/vitb16/T=vtab_Q=3bit_L=lora_2_qkv-fc1-proj-fc2/cifar/20260114184203_default_acc=53.50/tensorboard/Grad_mlp.fc2.lora_B_block_5/events.out.tfevents.1768387349.master-192-168-8-48.1680.9,mlp.fc2.lora_B,5
1768388272.579522,1600,50.03125,0.07439050823450089,Grad/mlp.fc2.lora_B,outputs_dev/vitb16/T=vtab_Q=3bit_L=lora_2_qkv-fc1-proj-fc2/cifar/20260114184203_default_acc=53.50/tensorboard/Grad_mlp.fc2.lora_B_block_5/events.out.tfevents.1768387349.master-192-168-8-48.1680.9,mlp.fc2.lora_B,5
1768388273.0070894,1601,50.0625,0.13554158806800842,Grad/mlp.fc2.lora_B,outputs_dev/vitb16/T=vtab_Q=3bit_L=lora_2_qkv-fc1-proj-fc2/cifar/20260114184203_default_acc=53.50/tensorboard/Grad_mlp.fc2.lora_B_block_5/events.out.tfevents.1768387349.master-192-168-8-48.1680.9,mlp.fc2.lora_B,5
1768388273.4384706,1602,50.09375,0.06695354729890823,Grad/mlp.fc2.lora_B,outputs_dev/vitb16/T=vtab_Q=3bit_L=lora_2_qkv-fc1-proj-fc2/cifar/20260114184203_default_acc=53.50/tensorboard/Grad_mlp.fc2.lora_B_block_5/events.out.tfevents.1768387349.master-192-168-8-48.1680.9,mlp.fc2.lora_B,5
1768388273.8693569,1603,50.125,0.07863295078277588,Grad/mlp.fc2.lora_B,outputs_dev/vitb16/T=vtab_Q=3bit_L=lora_2_qkv-fc1-proj-fc2/cifar/20260114184203_default_acc=53.50/tensorboard/Grad_mlp.fc2.lora_B_block_5/events.out.tfevents.1768387349.master-192-168-8-48.1680.9,mlp.fc2.lora_B,5
1768388274.2942991,1604,50.15625,0.3999522030353546,Grad/mlp.fc2.lora_B,outputs_dev/vitb16/T=vtab_Q=3bit_L=lora_2_qkv-fc1-proj-fc2/cifar/20260114184203_default_acc=53.50/tensorboard/Grad_mlp.fc2.lora_B_block_5/events.out.tfevents.1768387349.master-192-168-8-48.1680.9,mlp.fc2.lora_B,5
1768388274.7197409,1605,50.1875,0.10129029303789139,Grad/mlp.fc2.lora_B,outputs_dev/vitb16/T=vtab_Q=3bit_L=lora_2_qkv-fc1-proj-fc2/cifar/20260114184203_default_acc=53.50/tensorboard/Grad_mlp.fc2.lora_B_block_5/events.out.tfevents.1768387349.master-192-168-8-48.1680.9,mlp.fc2.lora_B,5
1768388275.138486,1606,50.21875,0.0584619864821434,Grad/mlp.fc2.lora_B,outputs_dev/vitb16/T=vtab_Q=3bit_L=lora_2_qkv-fc1-proj-fc2/cifar/20260114184203_default_acc=53.50/tensorboard/Grad_mlp.fc2.lora_B_block_5/events.out.tfevents.1768387349.master-192-168-8-48.1680.9,mlp.fc2.lora_B,5
1768388275.5569956,1607,50.25,0.10888583213090897,Grad/mlp.fc2.lora_B,outputs_dev/vitb16/T=vtab_Q=3bit_L=lora_2_qkv-fc1-proj-fc2/cifar/20260114184203_default_acc=53.50/tensorboard/Grad_mlp.fc2.lora_B_block_5/events.out.tfevents.1768387349.master-192-168-8-48.1680.9,mlp.fc2.lora_B,5
1768388275.9883463,1608,50.28125,0.1688762754201889,Grad/mlp.fc2.lora_B,outputs_dev/vitb16/T=vtab_Q=3bit_L=lora_2_qkv-fc1-proj-fc2/cifar/20260114184203_default_acc=53.50/tensorboard/Grad_mlp.fc2.lora_B_block_5/events.out.tfevents.1768387349.master-192-168-8-48.1680.9,mlp.fc2.lora_B,5
1768388276.4218721,1609,50.3125,0.1698497086763382,Grad/mlp.fc2.lora_B,outputs_dev/vitb16/T=vtab_Q=3bit_L=lora_2_qkv-fc1-proj-fc2/cifar/20260114184203_default_acc=53.50/tensorboard/Grad_mlp.fc2.lora_B_block_5/events.out.tfevents.1768387349.master-192-168-8-48.1680.9,mlp.fc2.lora_B,5
1768388276.8439107,1610,50.34375,0.542889416217804,Grad/mlp.fc2.lora_B,outputs_dev/vitb16/T=vtab_Q=3bit_L=lora_2_qkv-fc1-proj-fc2/cifar/20260114184203_default_acc=53.50/tensorboard/Grad_mlp.fc2.lora_B_block_5/events.out.tfevents.1768387349.master-192-168-8-48.1680.9,mlp.fc2.lora_B,5
1768388277.277622,1611,50.375,0.0927152931690216,Grad/mlp.fc2.lora_B,outputs_dev/vitb16/T=vtab_Q=3bit_L=lora_2_qkv-fc1-proj-fc2/cifar/20260114184203_default_acc=53.50/tensorboard/Grad_mlp.fc2.lora_B_block_5/events.out.tfevents.1768387349.master-192-168-8-48.1680.9,mlp.fc2.lora_B,5
1768388277.7101398,1612,50.40625,0.07958648353815079,Grad/mlp.fc2.lora_B,outputs_dev/vitb16/T=vtab_Q=3bit_L=lora_2_qkv-fc1-proj-fc2/cifar/20260114184203_default_acc=53.50/tensorboard/Grad_mlp.fc2.lora_B_block_5/events.out.tfevents.1768387349.master-192-168-8-48.1680.9,mlp.fc2.lora_B,5
1768388278.1421554,1613,50.4375,0.41447895765304565,Grad/mlp.fc2.lora_B,outputs_dev/vitb16/T=vtab_Q=3bit_L=lora_2_qkv-fc1-proj-fc2/cifar/20260114184203_default_acc=53.50/tensorboard/Grad_mlp.fc2.lora_B_block_5/events.out.tfevents.1768387349.master-192-168-8-48.1680.9,mlp.fc2.lora_B,5
1768388278.5760772,1614,50.46875,0.24590609967708588,Grad/mlp.fc2.lora_B,outputs_dev/vitb16/T=vtab_Q=3bit_L=lora_2_qkv-fc1-proj-fc2/cifar/20260114184203_default_acc=53.50/tensorboard/Grad_mlp.fc2.lora_B_block_5/events.out.tfevents.1768387349.master-192-168-8-48.1680.9,mlp.fc2.lora_B,5
1768388279.0107474,1615,50.5,0.36368316411972046,Grad/mlp.fc2.lora_B,outputs_dev/vitb16/T=vtab_Q=3bit_L=lora_2_qkv-fc1-proj-fc2/cifar/20260114184203_default_acc=53.50/tensorboard/Grad_mlp.fc2.lora_B_block_5/events.out.tfevents.1768387349.master-192-168-8-48.1680.9,mlp.fc2.lora_B,5
1768388279.4341092,1616,50.53125,0.11479655653238297,Grad/mlp.fc2.lora_B,outputs_dev/vitb16/T=vtab_Q=3bit_L=lora_2_qkv-fc1-proj-fc2/cifar/20260114184203_default_acc=53.50/tensorboard/Grad_mlp.fc2.lora_B_block_5/events.out.tfevents.1768387349.master-192-168-8-48.1680.9,mlp.fc2.lora_B,5
1768388279.866764,1617,50.5625,0.18186180293560028,Grad/mlp.fc2.lora_B,outputs_dev/vitb16/T=vtab_Q=3bit_L=lora_2_qkv-fc1-proj-fc2/cifar/20260114184203_default_acc=53.50/tensorboard/Grad_mlp.fc2.lora_B_block_5/events.out.tfevents.1768387349.master-192-168-8-48.1680.9,mlp.fc2.lora_B,5
1768388280.2706258,1618,50.59375,0.1224803701043129,Grad/mlp.fc2.lora_B,outputs_dev/vitb16/T=vtab_Q=3bit_L=lora_2_qkv-fc1-proj-fc2/cifar/20260114184203_default_acc=53.50/tensorboard/Grad_mlp.fc2.lora_B_block_5/events.out.tfevents.1768387349.master-192-168-8-48.1680.9,mlp.fc2.lora_B,5
1768388280.702702,1619,50.625,0.43117135763168335,Grad/mlp.fc2.lora_B,outputs_dev/vitb16/T=vtab_Q=3bit_L=lora_2_qkv-fc1-proj-fc2/cifar/20260114184203_default_acc=53.50/tensorboard/Grad_mlp.fc2.lora_B_block_5/events.out.tfevents.1768387349.master-192-168-8-48.1680.9,mlp.fc2.lora_B,5
1768388281.1200233,1620,50.65625,0.26065191626548767,Grad/mlp.fc2.lora_B,outputs_dev/vitb16/T=vtab_Q=3bit_L=lora_2_qkv-fc1-proj-fc2/cifar/20260114184203_default_acc=53.50/tensorboard/Grad_mlp.fc2.lora_B_block_5/events.out.tfevents.1768387349.master-192-168-8-48.1680.9,mlp.fc2.lora_B,5
1768388281.566067,1621,50.6875,0.19536183774471283,Grad/mlp.fc2.lora_B,outputs_dev/vitb16/T=vtab_Q=3bit_L=lora_2_qkv-fc1-proj-fc2/cifar/20260114184203_default_acc=53.50/tensorboard/Grad_mlp.fc2.lora_B_block_5/events.out.tfevents.1768387349.master-192-168-8-48.1680.9,mlp.fc2.lora_B,5
1768388281.999691,1622,50.71875,0.21510915458202362,Grad/mlp.fc2.lora_B,outputs_dev/vitb16/T=vtab_Q=3bit_L=lora_2_qkv-fc1-proj-fc2/cifar/20260114184203_default_acc=53.50/tensorboard/Grad_mlp.fc2.lora_B_block_5/events.out.tfevents.1768387349.master-192-168-8-48.1680.9,mlp.fc2.lora_B,5
1768388282.4198499,1623,50.75,0.20949694514274597,Grad/mlp.fc2.lora_B,outputs_dev/vitb16/T=vtab_Q=3bit_L=lora_2_qkv-fc1-proj-fc2/cifar/20260114184203_default_acc=53.50/tensorboard/Grad_mlp.fc2.lora_B_block_5/events.out.tfevents.1768387349.master-192-168-8-48.1680.9,mlp.fc2.lora_B,5
1768388282.8408647,1624,50.78125,0.39910387992858887,Grad/mlp.fc2.lora_B,outputs_dev/vitb16/T=vtab_Q=3bit_L=lora_2_qkv-fc1-proj-fc2/cifar/20260114184203_default_acc=53.50/tensorboard/Grad_mlp.fc2.lora_B_block_5/events.out.tfevents.1768387349.master-192-168-8-48.1680.9,mlp.fc2.lora_B,5
1768388283.2644095,1625,50.8125,0.1748424470424652,Grad/mlp.fc2.lora_B,outputs_dev/vitb16/T=vtab_Q=3bit_L=lora_2_qkv-fc1-proj-fc2/cifar/20260114184203_default_acc=53.50/tensorboard/Grad_mlp.fc2.lora_B_block_5/events.out.tfevents.1768387349.master-192-168-8-48.1680.9,mlp.fc2.lora_B,5
1768388283.7138655,1626,50.84375,0.33070534467697144,Grad/mlp.fc2.lora_B,outputs_dev/vitb16/T=vtab_Q=3bit_L=lora_2_qkv-fc1-proj-fc2/cifar/20260114184203_default_acc=53.50/tensorboard/Grad_mlp.fc2.lora_B_block_5/events.out.tfevents.1768387349.master-192-168-8-48.1680.9,mlp.fc2.lora_B,5
1768388284.1508424,1627,50.875,0.07275892794132233,Grad/mlp.fc2.lora_B,outputs_dev/vitb16/T=vtab_Q=3bit_L=lora_2_qkv-fc1-proj-fc2/cifar/20260114184203_default_acc=53.50/tensorboard/Grad_mlp.fc2.lora_B_block_5/events.out.tfevents.1768387349.master-192-168-8-48.1680.9,mlp.fc2.lora_B,5
1768388284.5792155,1628,50.90625,0.36293354630470276,Grad/mlp.fc2.lora_B,outputs_dev/vitb16/T=vtab_Q=3bit_L=lora_2_qkv-fc1-proj-fc2/cifar/20260114184203_default_acc=53.50/tensorboard/Grad_mlp.fc2.lora_B_block_5/events.out.tfevents.1768387349.master-192-168-8-48.1680.9,mlp.fc2.lora_B,5
1768388285.0100868,1629,50.9375,0.3529946804046631,Grad/mlp.fc2.lora_B,outputs_dev/vitb16/T=vtab_Q=3bit_L=lora_2_qkv-fc1-proj-fc2/cifar/20260114184203_default_acc=53.50/tensorboard/Grad_mlp.fc2.lora_B_block_5/events.out.tfevents.1768387349.master-192-168-8-48.1680.9,mlp.fc2.lora_B,5
1768388285.4281006,1630,50.96875,0.10940706729888916,Grad/mlp.fc2.lora_B,outputs_dev/vitb16/T=vtab_Q=3bit_L=lora_2_qkv-fc1-proj-fc2/cifar/20260114184203_default_acc=53.50/tensorboard/Grad_mlp.fc2.lora_B_block_5/events.out.tfevents.1768387349.master-192-168-8-48.1680.9,mlp.fc2.lora_B,5
1768388285.6321456,1631,51.0,0.17731180787086487,Grad/mlp.fc2.lora_B,outputs_dev/vitb16/T=vtab_Q=3bit_L=lora_2_qkv-fc1-proj-fc2/cifar/20260114184203_default_acc=53.50/tensorboard/Grad_mlp.fc2.lora_B_block_5/events.out.tfevents.1768387349.master-192-168-8-48.1680.9,mlp.fc2.lora_B,5
1768388336.8247252,1632,51.03125,0.12234494090080261,Grad/mlp.fc2.lora_B,outputs_dev/vitb16/T=vtab_Q=3bit_L=lora_2_qkv-fc1-proj-fc2/cifar/20260114184203_default_acc=53.50/tensorboard/Grad_mlp.fc2.lora_B_block_5/events.out.tfevents.1768387349.master-192-168-8-48.1680.9,mlp.fc2.lora_B,5
1768388337.2323492,1633,51.0625,0.1224725991487503,Grad/mlp.fc2.lora_B,outputs_dev/vitb16/T=vtab_Q=3bit_L=lora_2_qkv-fc1-proj-fc2/cifar/20260114184203_default_acc=53.50/tensorboard/Grad_mlp.fc2.lora_B_block_5/events.out.tfevents.1768387349.master-192-168-8-48.1680.9,mlp.fc2.lora_B,5
1768388337.6344721,1634,51.09375,0.2791522741317749,Grad/mlp.fc2.lora_B,outputs_dev/vitb16/T=vtab_Q=3bit_L=lora_2_qkv-fc1-proj-fc2/cifar/20260114184203_default_acc=53.50/tensorboard/Grad_mlp.fc2.lora_B_block_5/events.out.tfevents.1768387349.master-192-168-8-48.1680.9,mlp.fc2.lora_B,5
1768388338.0220425,1635,51.125,0.24357061088085175,Grad/mlp.fc2.lora_B,outputs_dev/vitb16/T=vtab_Q=3bit_L=lora_2_qkv-fc1-proj-fc2/cifar/20260114184203_default_acc=53.50/tensorboard/Grad_mlp.fc2.lora_B_block_5/events.out.tfevents.1768387349.master-192-168-8-48.1680.9,mlp.fc2.lora_B,5
1768388338.4093866,1636,51.15625,0.09958446025848389,Grad/mlp.fc2.lora_B,outputs_dev/vitb16/T=vtab_Q=3bit_L=lora_2_qkv-fc1-proj-fc2/cifar/20260114184203_default_acc=53.50/tensorboard/Grad_mlp.fc2.lora_B_block_5/events.out.tfevents.1768387349.master-192-168-8-48.1680.9,mlp.fc2.lora_B,5
1768388338.811978,1637,51.1875,0.0889371931552887,Grad/mlp.fc2.lora_B,outputs_dev/vitb16/T=vtab_Q=3bit_L=lora_2_qkv-fc1-proj-fc2/cifar/20260114184203_default_acc=53.50/tensorboard/Grad_mlp.fc2.lora_B_block_5/events.out.tfevents.1768387349.master-192-168-8-48.1680.9,mlp.fc2.lora_B,5
1768388339.202073,1638,51.21875,0.11089099943637848,Grad/mlp.fc2.lora_B,outputs_dev/vitb16/T=vtab_Q=3bit_L=lora_2_qkv-fc1-proj-fc2/cifar/20260114184203_default_acc=53.50/tensorboard/Grad_mlp.fc2.lora_B_block_5/events.out.tfevents.1768387349.master-192-168-8-48.1680.9,mlp.fc2.lora_B,5
1768388339.5946207,1639,51.25,0.137712299823761,Grad/mlp.fc2.lora_B,outputs_dev/vitb16/T=vtab_Q=3bit_L=lora_2_qkv-fc1-proj-fc2/cifar/20260114184203_default_acc=53.50/tensorboard/Grad_mlp.fc2.lora_B_block_5/events.out.tfevents.1768387349.master-192-168-8-48.1680.9,mlp.fc2.lora_B,5
1768388339.984891,1640,51.28125,0.2633148729801178,Grad/mlp.fc2.lora_B,outputs_dev/vitb16/T=vtab_Q=3bit_L=lora_2_qkv-fc1-proj-fc2/cifar/20260114184203_default_acc=53.50/tensorboard/Grad_mlp.fc2.lora_B_block_5/events.out.tfevents.1768387349.master-192-168-8-48.1680.9,mlp.fc2.lora_B,5
1768388340.379393,1641,51.3125,0.11694969236850739,Grad/mlp.fc2.lora_B,outputs_dev/vitb16/T=vtab_Q=3bit_L=lora_2_qkv-fc1-proj-fc2/cifar/20260114184203_default_acc=53.50/tensorboard/Grad_mlp.fc2.lora_B_block_5/events.out.tfevents.1768387349.master-192-168-8-48.1680.9,mlp.fc2.lora_B,5
1768388340.771146,1642,51.34375,0.08978221565485,Grad/mlp.fc2.lora_B,outputs_dev/vitb16/T=vtab_Q=3bit_L=lora_2_qkv-fc1-proj-fc2/cifar/20260114184203_default_acc=53.50/tensorboard/Grad_mlp.fc2.lora_B_block_5/events.out.tfevents.1768387349.master-192-168-8-48.1680.9,mlp.fc2.lora_B,5
1768388341.1616488,1643,51.375,0.0761537104845047,Grad/mlp.fc2.lora_B,outputs_dev/vitb16/T=vtab_Q=3bit_L=lora_2_qkv-fc1-proj-fc2/cifar/20260114184203_default_acc=53.50/tensorboard/Grad_mlp.fc2.lora_B_block_5/events.out.tfevents.1768387349.master-192-168-8-48.1680.9,mlp.fc2.lora_B,5
1768388341.5510528,1644,51.40625,0.3912333548069,Grad/mlp.fc2.lora_B,outputs_dev/vitb16/T=vtab_Q=3bit_L=lora_2_qkv-fc1-proj-fc2/cifar/20260114184203_default_acc=53.50/tensorboard/Grad_mlp.fc2.lora_B_block_5/events.out.tfevents.1768387349.master-192-168-8-48.1680.9,mlp.fc2.lora_B,5
1768388341.9440987,1645,51.4375,0.0601959303021431,Grad/mlp.fc2.lora_B,outputs_dev/vitb16/T=vtab_Q=3bit_L=lora_2_qkv-fc1-proj-fc2/cifar/20260114184203_default_acc=53.50/tensorboard/Grad_mlp.fc2.lora_B_block_5/events.out.tfevents.1768387349.master-192-168-8-48.1680.9,mlp.fc2.lora_B,5
1768388342.3582215,1646,51.46875,0.04467407241463661,Grad/mlp.fc2.lora_B,outputs_dev/vitb16/T=vtab_Q=3bit_L=lora_2_qkv-fc1-proj-fc2/cifar/20260114184203_default_acc=53.50/tensorboard/Grad_mlp.fc2.lora_B_block_5/events.out.tfevents.1768387349.master-192-168-8-48.1680.9,mlp.fc2.lora_B,5
1768388342.7541146,1647,51.5,0.03506948798894882,Grad/mlp.fc2.lora_B,outputs_dev/vitb16/T=vtab_Q=3bit_L=lora_2_qkv-fc1-proj-fc2/cifar/20260114184203_default_acc=53.50/tensorboard/Grad_mlp.fc2.lora_B_block_5/events.out.tfevents.1768387349.master-192-168-8-48.1680.9,mlp.fc2.lora_B,5
1768388343.1508272,1648,51.53125,0.07642199844121933,Grad/mlp.fc2.lora_B,outputs_dev/vitb16/T=vtab_Q=3bit_L=lora_2_qkv-fc1-proj-fc2/cifar/20260114184203_default_acc=53.50/tensorboard/Grad_mlp.fc2.lora_B_block_5/events.out.tfevents.1768387349.master-192-168-8-48.1680.9,mlp.fc2.lora_B,5
1768388343.5457041,1649,51.5625,0.08434336632490158,Grad/mlp.fc2.lora_B,outputs_dev/vitb16/T=vtab_Q=3bit_L=lora_2_qkv-fc1-proj-fc2/cifar/20260114184203_default_acc=53.50/tensorboard/Grad_mlp.fc2.lora_B_block_5/events.out.tfevents.1768387349.master-192-168-8-48.1680.9,mlp.fc2.lora_B,5
1768388343.940095,1650,51.59375,0.02537747286260128,Grad/mlp.fc2.lora_B,outputs_dev/vitb16/T=vtab_Q=3bit_L=lora_2_qkv-fc1-proj-fc2/cifar/20260114184203_default_acc=53.50/tensorboard/Grad_mlp.fc2.lora_B_block_5/events.out.tfevents.1768387349.master-192-168-8-48.1680.9,mlp.fc2.lora_B,5
1768388344.3388703,1651,51.625,0.035127777606248856,Grad/mlp.fc2.lora_B,outputs_dev/vitb16/T=vtab_Q=3bit_L=lora_2_qkv-fc1-proj-fc2/cifar/20260114184203_default_acc=53.50/tensorboard/Grad_mlp.fc2.lora_B_block_5/events.out.tfevents.1768387349.master-192-168-8-48.1680.9,mlp.fc2.lora_B,5
1768388344.7354708,1652,51.65625,0.09699586778879166,Grad/mlp.fc2.lora_B,outputs_dev/vitb16/T=vtab_Q=3bit_L=lora_2_qkv-fc1-proj-fc2/cifar/20260114184203_default_acc=53.50/tensorboard/Grad_mlp.fc2.lora_B_block_5/events.out.tfevents.1768387349.master-192-168-8-48.1680.9,mlp.fc2.lora_B,5
1768388345.133397,1653,51.6875,0.8730514049530029,Grad/mlp.fc2.lora_B,outputs_dev/vitb16/T=vtab_Q=3bit_L=lora_2_qkv-fc1-proj-fc2/cifar/20260114184203_default_acc=53.50/tensorboard/Grad_mlp.fc2.lora_B_block_5/events.out.tfevents.1768387349.master-192-168-8-48.1680.9,mlp.fc2.lora_B,5
1768388345.528097,1654,51.71875,0.2983204126358032,Grad/mlp.fc2.lora_B,outputs_dev/vitb16/T=vtab_Q=3bit_L=lora_2_qkv-fc1-proj-fc2/cifar/20260114184203_default_acc=53.50/tensorboard/Grad_mlp.fc2.lora_B_block_5/events.out.tfevents.1768387349.master-192-168-8-48.1680.9,mlp.fc2.lora_B,5
1768388345.9366035,1655,51.75,0.41106119751930237,Grad/mlp.fc2.lora_B,outputs_dev/vitb16/T=vtab_Q=3bit_L=lora_2_qkv-fc1-proj-fc2/cifar/20260114184203_default_acc=53.50/tensorboard/Grad_mlp.fc2.lora_B_block_5/events.out.tfevents.1768387349.master-192-168-8-48.1680.9,mlp.fc2.lora_B,5
1768388346.3382194,1656,51.78125,0.07569395750761032,Grad/mlp.fc2.lora_B,outputs_dev/vitb16/T=vtab_Q=3bit_L=lora_2_qkv-fc1-proj-fc2/cifar/20260114184203_default_acc=53.50/tensorboard/Grad_mlp.fc2.lora_B_block_5/events.out.tfevents.1768387349.master-192-168-8-48.1680.9,mlp.fc2.lora_B,5
1768388346.7472725,1657,51.8125,0.20218631625175476,Grad/mlp.fc2.lora_B,outputs_dev/vitb16/T=vtab_Q=3bit_L=lora_2_qkv-fc1-proj-fc2/cifar/20260114184203_default_acc=53.50/tensorboard/Grad_mlp.fc2.lora_B_block_5/events.out.tfevents.1768387349.master-192-168-8-48.1680.9,mlp.fc2.lora_B,5
1768388347.1432028,1658,51.84375,0.07193901389837265,Grad/mlp.fc2.lora_B,outputs_dev/vitb16/T=vtab_Q=3bit_L=lora_2_qkv-fc1-proj-fc2/cifar/20260114184203_default_acc=53.50/tensorboard/Grad_mlp.fc2.lora_B_block_5/events.out.tfevents.1768387349.master-192-168-8-48.1680.9,mlp.fc2.lora_B,5
1768388347.5461695,1659,51.875,0.09458504617214203,Grad/mlp.fc2.lora_B,outputs_dev/vitb16/T=vtab_Q=3bit_L=lora_2_qkv-fc1-proj-fc2/cifar/20260114184203_default_acc=53.50/tensorboard/Grad_mlp.fc2.lora_B_block_5/events.out.tfevents.1768387349.master-192-168-8-48.1680.9,mlp.fc2.lora_B,5
1768388347.9354358,1660,51.90625,0.23725222051143646,Grad/mlp.fc2.lora_B,outputs_dev/vitb16/T=vtab_Q=3bit_L=lora_2_qkv-fc1-proj-fc2/cifar/20260114184203_default_acc=53.50/tensorboard/Grad_mlp.fc2.lora_B_block_5/events.out.tfevents.1768387349.master-192-168-8-48.1680.9,mlp.fc2.lora_B,5
1768388348.3334029,1661,51.9375,0.12372640520334244,Grad/mlp.fc2.lora_B,outputs_dev/vitb16/T=vtab_Q=3bit_L=lora_2_qkv-fc1-proj-fc2/cifar/20260114184203_default_acc=53.50/tensorboard/Grad_mlp.fc2.lora_B_block_5/events.out.tfevents.1768387349.master-192-168-8-48.1680.9,mlp.fc2.lora_B,5
1768388348.7312787,1662,51.96875,0.1122961938381195,Grad/mlp.fc2.lora_B,outputs_dev/vitb16/T=vtab_Q=3bit_L=lora_2_qkv-fc1-proj-fc2/cifar/20260114184203_default_acc=53.50/tensorboard/Grad_mlp.fc2.lora_B_block_5/events.out.tfevents.1768387349.master-192-168-8-48.1680.9,mlp.fc2.lora_B,5
1768388348.9117122,1663,52.0,0.21162191033363342,Grad/mlp.fc2.lora_B,outputs_dev/vitb16/T=vtab_Q=3bit_L=lora_2_qkv-fc1-proj-fc2/cifar/20260114184203_default_acc=53.50/tensorboard/Grad_mlp.fc2.lora_B_block_5/events.out.tfevents.1768387349.master-192-168-8-48.1680.9,mlp.fc2.lora_B,5
1768388349.600197,1664,52.03125,0.0992463156580925,Grad/mlp.fc2.lora_B,outputs_dev/vitb16/T=vtab_Q=3bit_L=lora_2_qkv-fc1-proj-fc2/cifar/20260114184203_default_acc=53.50/tensorboard/Grad_mlp.fc2.lora_B_block_5/events.out.tfevents.1768387349.master-192-168-8-48.1680.9,mlp.fc2.lora_B,5
1768388349.9936814,1665,52.0625,0.13749422132968903,Grad/mlp.fc2.lora_B,outputs_dev/vitb16/T=vtab_Q=3bit_L=lora_2_qkv-fc1-proj-fc2/cifar/20260114184203_default_acc=53.50/tensorboard/Grad_mlp.fc2.lora_B_block_5/events.out.tfevents.1768387349.master-192-168-8-48.1680.9,mlp.fc2.lora_B,5
1768388350.3848753,1666,52.09375,0.14489929378032684,Grad/mlp.fc2.lora_B,outputs_dev/vitb16/T=vtab_Q=3bit_L=lora_2_qkv-fc1-proj-fc2/cifar/20260114184203_default_acc=53.50/tensorboard/Grad_mlp.fc2.lora_B_block_5/events.out.tfevents.1768387349.master-192-168-8-48.1680.9,mlp.fc2.lora_B,5
1768388350.778409,1667,52.125,0.2652299404144287,Grad/mlp.fc2.lora_B,outputs_dev/vitb16/T=vtab_Q=3bit_L=lora_2_qkv-fc1-proj-fc2/cifar/20260114184203_default_acc=53.50/tensorboard/Grad_mlp.fc2.lora_B_block_5/events.out.tfevents.1768387349.master-192-168-8-48.1680.9,mlp.fc2.lora_B,5
1768388351.171139,1668,52.15625,0.13660527765750885,Grad/mlp.fc2.lora_B,outputs_dev/vitb16/T=vtab_Q=3bit_L=lora_2_qkv-fc1-proj-fc2/cifar/20260114184203_default_acc=53.50/tensorboard/Grad_mlp.fc2.lora_B_block_5/events.out.tfevents.1768387349.master-192-168-8-48.1680.9,mlp.fc2.lora_B,5
1768388351.5742514,1669,52.1875,0.10157383233308792,Grad/mlp.fc2.lora_B,outputs_dev/vitb16/T=vtab_Q=3bit_L=lora_2_qkv-fc1-proj-fc2/cifar/20260114184203_default_acc=53.50/tensorboard/Grad_mlp.fc2.lora_B_block_5/events.out.tfevents.1768387349.master-192-168-8-48.1680.9,mlp.fc2.lora_B,5
1768388351.96513,1670,52.21875,0.06068497151136398,Grad/mlp.fc2.lora_B,outputs_dev/vitb16/T=vtab_Q=3bit_L=lora_2_qkv-fc1-proj-fc2/cifar/20260114184203_default_acc=53.50/tensorboard/Grad_mlp.fc2.lora_B_block_5/events.out.tfevents.1768387349.master-192-168-8-48.1680.9,mlp.fc2.lora_B,5
1768388352.3546672,1671,52.25,0.2572329640388489,Grad/mlp.fc2.lora_B,outputs_dev/vitb16/T=vtab_Q=3bit_L=lora_2_qkv-fc1-proj-fc2/cifar/20260114184203_default_acc=53.50/tensorboard/Grad_mlp.fc2.lora_B_block_5/events.out.tfevents.1768387349.master-192-168-8-48.1680.9,mlp.fc2.lora_B,5
1768388352.7460067,1672,52.28125,0.2035081386566162,Grad/mlp.fc2.lora_B,outputs_dev/vitb16/T=vtab_Q=3bit_L=lora_2_qkv-fc1-proj-fc2/cifar/20260114184203_default_acc=53.50/tensorboard/Grad_mlp.fc2.lora_B_block_5/events.out.tfevents.1768387349.master-192-168-8-48.1680.9,mlp.fc2.lora_B,5
1768388353.1355524,1673,52.3125,0.11316164582967758,Grad/mlp.fc2.lora_B,outputs_dev/vitb16/T=vtab_Q=3bit_L=lora_2_qkv-fc1-proj-fc2/cifar/20260114184203_default_acc=53.50/tensorboard/Grad_mlp.fc2.lora_B_block_5/events.out.tfevents.1768387349.master-192-168-8-48.1680.9,mlp.fc2.lora_B,5
1768388353.5575857,1674,52.34375,0.11883693188428879,Grad/mlp.fc2.lora_B,outputs_dev/vitb16/T=vtab_Q=3bit_L=lora_2_qkv-fc1-proj-fc2/cifar/20260114184203_default_acc=53.50/tensorboard/Grad_mlp.fc2.lora_B_block_5/events.out.tfevents.1768387349.master-192-168-8-48.1680.9,mlp.fc2.lora_B,5
1768388353.9554853,1675,52.375,0.6322628259658813,Grad/mlp.fc2.lora_B,outputs_dev/vitb16/T=vtab_Q=3bit_L=lora_2_qkv-fc1-proj-fc2/cifar/20260114184203_default_acc=53.50/tensorboard/Grad_mlp.fc2.lora_B_block_5/events.out.tfevents.1768387349.master-192-168-8-48.1680.9,mlp.fc2.lora_B,5
1768388354.3542068,1676,52.40625,0.06322160363197327,Grad/mlp.fc2.lora_B,outputs_dev/vitb16/T=vtab_Q=3bit_L=lora_2_qkv-fc1-proj-fc2/cifar/20260114184203_default_acc=53.50/tensorboard/Grad_mlp.fc2.lora_B_block_5/events.out.tfevents.1768387349.master-192-168-8-48.1680.9,mlp.fc2.lora_B,5
1768388354.7477765,1677,52.4375,0.06153063848614693,Grad/mlp.fc2.lora_B,outputs_dev/vitb16/T=vtab_Q=3bit_L=lora_2_qkv-fc1-proj-fc2/cifar/20260114184203_default_acc=53.50/tensorboard/Grad_mlp.fc2.lora_B_block_5/events.out.tfevents.1768387349.master-192-168-8-48.1680.9,mlp.fc2.lora_B,5
1768388355.1529713,1678,52.46875,0.26374199986457825,Grad/mlp.fc2.lora_B,outputs_dev/vitb16/T=vtab_Q=3bit_L=lora_2_qkv-fc1-proj-fc2/cifar/20260114184203_default_acc=53.50/tensorboard/Grad_mlp.fc2.lora_B_block_5/events.out.tfevents.1768387349.master-192-168-8-48.1680.9,mlp.fc2.lora_B,5
1768388355.5554402,1679,52.5,0.07517271488904953,Grad/mlp.fc2.lora_B,outputs_dev/vitb16/T=vtab_Q=3bit_L=lora_2_qkv-fc1-proj-fc2/cifar/20260114184203_default_acc=53.50/tensorboard/Grad_mlp.fc2.lora_B_block_5/events.out.tfevents.1768387349.master-192-168-8-48.1680.9,mlp.fc2.lora_B,5
1768388355.9475389,1680,52.53125,0.1383257508277893,Grad/mlp.fc2.lora_B,outputs_dev/vitb16/T=vtab_Q=3bit_L=lora_2_qkv-fc1-proj-fc2/cifar/20260114184203_default_acc=53.50/tensorboard/Grad_mlp.fc2.lora_B_block_5/events.out.tfevents.1768387349.master-192-168-8-48.1680.9,mlp.fc2.lora_B,5
1768388356.3370802,1681,52.5625,0.09576074033975601,Grad/mlp.fc2.lora_B,outputs_dev/vitb16/T=vtab_Q=3bit_L=lora_2_qkv-fc1-proj-fc2/cifar/20260114184203_default_acc=53.50/tensorboard/Grad_mlp.fc2.lora_B_block_5/events.out.tfevents.1768387349.master-192-168-8-48.1680.9,mlp.fc2.lora_B,5
1768388356.726913,1682,52.59375,0.2121986597776413,Grad/mlp.fc2.lora_B,outputs_dev/vitb16/T=vtab_Q=3bit_L=lora_2_qkv-fc1-proj-fc2/cifar/20260114184203_default_acc=53.50/tensorboard/Grad_mlp.fc2.lora_B_block_5/events.out.tfevents.1768387349.master-192-168-8-48.1680.9,mlp.fc2.lora_B,5
1768388357.116523,1683,52.625,0.15880469977855682,Grad/mlp.fc2.lora_B,outputs_dev/vitb16/T=vtab_Q=3bit_L=lora_2_qkv-fc1-proj-fc2/cifar/20260114184203_default_acc=53.50/tensorboard/Grad_mlp.fc2.lora_B_block_5/events.out.tfevents.1768387349.master-192-168-8-48.1680.9,mlp.fc2.lora_B,5
1768388357.5087316,1684,52.65625,0.07971830666065216,Grad/mlp.fc2.lora_B,outputs_dev/vitb16/T=vtab_Q=3bit_L=lora_2_qkv-fc1-proj-fc2/cifar/20260114184203_default_acc=53.50/tensorboard/Grad_mlp.fc2.lora_B_block_5/events.out.tfevents.1768387349.master-192-168-8-48.1680.9,mlp.fc2.lora_B,5
1768388357.8999367,1685,52.6875,0.17348365485668182,Grad/mlp.fc2.lora_B,outputs_dev/vitb16/T=vtab_Q=3bit_L=lora_2_qkv-fc1-proj-fc2/cifar/20260114184203_default_acc=53.50/tensorboard/Grad_mlp.fc2.lora_B_block_5/events.out.tfevents.1768387349.master-192-168-8-48.1680.9,mlp.fc2.lora_B,5
1768388358.2919698,1686,52.71875,0.26367294788360596,Grad/mlp.fc2.lora_B,outputs_dev/vitb16/T=vtab_Q=3bit_L=lora_2_qkv-fc1-proj-fc2/cifar/20260114184203_default_acc=53.50/tensorboard/Grad_mlp.fc2.lora_B_block_5/events.out.tfevents.1768387349.master-192-168-8-48.1680.9,mlp.fc2.lora_B,5
1768388358.6967795,1687,52.75,0.20301856100559235,Grad/mlp.fc2.lora_B,outputs_dev/vitb16/T=vtab_Q=3bit_L=lora_2_qkv-fc1-proj-fc2/cifar/20260114184203_default_acc=53.50/tensorboard/Grad_mlp.fc2.lora_B_block_5/events.out.tfevents.1768387349.master-192-168-8-48.1680.9,mlp.fc2.lora_B,5
1768388359.0878825,1688,52.78125,0.06399356573820114,Grad/mlp.fc2.lora_B,outputs_dev/vitb16/T=vtab_Q=3bit_L=lora_2_qkv-fc1-proj-fc2/cifar/20260114184203_default_acc=53.50/tensorboard/Grad_mlp.fc2.lora_B_block_5/events.out.tfevents.1768387349.master-192-168-8-48.1680.9,mlp.fc2.lora_B,5
1768388359.4785905,1689,52.8125,0.08795920014381409,Grad/mlp.fc2.lora_B,outputs_dev/vitb16/T=vtab_Q=3bit_L=lora_2_qkv-fc1-proj-fc2/cifar/20260114184203_default_acc=53.50/tensorboard/Grad_mlp.fc2.lora_B_block_5/events.out.tfevents.1768387349.master-192-168-8-48.1680.9,mlp.fc2.lora_B,5
1768388359.8718014,1690,52.84375,0.2071634829044342,Grad/mlp.fc2.lora_B,outputs_dev/vitb16/T=vtab_Q=3bit_L=lora_2_qkv-fc1-proj-fc2/cifar/20260114184203_default_acc=53.50/tensorboard/Grad_mlp.fc2.lora_B_block_5/events.out.tfevents.1768387349.master-192-168-8-48.1680.9,mlp.fc2.lora_B,5
1768388360.2627602,1691,52.875,0.26195257902145386,Grad/mlp.fc2.lora_B,outputs_dev/vitb16/T=vtab_Q=3bit_L=lora_2_qkv-fc1-proj-fc2/cifar/20260114184203_default_acc=53.50/tensorboard/Grad_mlp.fc2.lora_B_block_5/events.out.tfevents.1768387349.master-192-168-8-48.1680.9,mlp.fc2.lora_B,5
1768388360.67127,1692,52.90625,0.046938762068748474,Grad/mlp.fc2.lora_B,outputs_dev/vitb16/T=vtab_Q=3bit_L=lora_2_qkv-fc1-proj-fc2/cifar/20260114184203_default_acc=53.50/tensorboard/Grad_mlp.fc2.lora_B_block_5/events.out.tfevents.1768387349.master-192-168-8-48.1680.9,mlp.fc2.lora_B,5
1768388361.0645847,1693,52.9375,0.13661226630210876,Grad/mlp.fc2.lora_B,outputs_dev/vitb16/T=vtab_Q=3bit_L=lora_2_qkv-fc1-proj-fc2/cifar/20260114184203_default_acc=53.50/tensorboard/Grad_mlp.fc2.lora_B_block_5/events.out.tfevents.1768387349.master-192-168-8-48.1680.9,mlp.fc2.lora_B,5
1768388361.461022,1694,52.96875,0.12381374835968018,Grad/mlp.fc2.lora_B,outputs_dev/vitb16/T=vtab_Q=3bit_L=lora_2_qkv-fc1-proj-fc2/cifar/20260114184203_default_acc=53.50/tensorboard/Grad_mlp.fc2.lora_B_block_5/events.out.tfevents.1768387349.master-192-168-8-48.1680.9,mlp.fc2.lora_B,5
1768388361.668694,1695,53.0,0.058476101607084274,Grad/mlp.fc2.lora_B,outputs_dev/vitb16/T=vtab_Q=3bit_L=lora_2_qkv-fc1-proj-fc2/cifar/20260114184203_default_acc=53.50/tensorboard/Grad_mlp.fc2.lora_B_block_5/events.out.tfevents.1768387349.master-192-168-8-48.1680.9,mlp.fc2.lora_B,5
1768388362.3764677,1696,53.03125,0.04193321242928505,Grad/mlp.fc2.lora_B,outputs_dev/vitb16/T=vtab_Q=3bit_L=lora_2_qkv-fc1-proj-fc2/cifar/20260114184203_default_acc=53.50/tensorboard/Grad_mlp.fc2.lora_B_block_5/events.out.tfevents.1768387349.master-192-168-8-48.1680.9,mlp.fc2.lora_B,5
1768388362.7886188,1697,53.0625,0.05580524727702141,Grad/mlp.fc2.lora_B,outputs_dev/vitb16/T=vtab_Q=3bit_L=lora_2_qkv-fc1-proj-fc2/cifar/20260114184203_default_acc=53.50/tensorboard/Grad_mlp.fc2.lora_B_block_5/events.out.tfevents.1768387349.master-192-168-8-48.1680.9,mlp.fc2.lora_B,5
1768388363.1839538,1698,53.09375,0.07310935109853745,Grad/mlp.fc2.lora_B,outputs_dev/vitb16/T=vtab_Q=3bit_L=lora_2_qkv-fc1-proj-fc2/cifar/20260114184203_default_acc=53.50/tensorboard/Grad_mlp.fc2.lora_B_block_5/events.out.tfevents.1768387349.master-192-168-8-48.1680.9,mlp.fc2.lora_B,5
1768388363.591553,1699,53.125,0.08030331134796143,Grad/mlp.fc2.lora_B,outputs_dev/vitb16/T=vtab_Q=3bit_L=lora_2_qkv-fc1-proj-fc2/cifar/20260114184203_default_acc=53.50/tensorboard/Grad_mlp.fc2.lora_B_block_5/events.out.tfevents.1768387349.master-192-168-8-48.1680.9,mlp.fc2.lora_B,5
1768388363.9992466,1700,53.15625,0.18763664364814758,Grad/mlp.fc2.lora_B,outputs_dev/vitb16/T=vtab_Q=3bit_L=lora_2_qkv-fc1-proj-fc2/cifar/20260114184203_default_acc=53.50/tensorboard/Grad_mlp.fc2.lora_B_block_5/events.out.tfevents.1768387349.master-192-168-8-48.1680.9,mlp.fc2.lora_B,5
1768388364.4098043,1701,53.1875,0.21691416203975677,Grad/mlp.fc2.lora_B,outputs_dev/vitb16/T=vtab_Q=3bit_L=lora_2_qkv-fc1-proj-fc2/cifar/20260114184203_default_acc=53.50/tensorboard/Grad_mlp.fc2.lora_B_block_5/events.out.tfevents.1768387349.master-192-168-8-48.1680.9,mlp.fc2.lora_B,5
1768388364.8026745,1702,53.21875,0.09680915623903275,Grad/mlp.fc2.lora_B,outputs_dev/vitb16/T=vtab_Q=3bit_L=lora_2_qkv-fc1-proj-fc2/cifar/20260114184203_default_acc=53.50/tensorboard/Grad_mlp.fc2.lora_B_block_5/events.out.tfevents.1768387349.master-192-168-8-48.1680.9,mlp.fc2.lora_B,5
1768388365.215766,1703,53.25,0.3738763928413391,Grad/mlp.fc2.lora_B,outputs_dev/vitb16/T=vtab_Q=3bit_L=lora_2_qkv-fc1-proj-fc2/cifar/20260114184203_default_acc=53.50/tensorboard/Grad_mlp.fc2.lora_B_block_5/events.out.tfevents.1768387349.master-192-168-8-48.1680.9,mlp.fc2.lora_B,5
1768388365.606283,1704,53.28125,0.1247088834643364,Grad/mlp.fc2.lora_B,outputs_dev/vitb16/T=vtab_Q=3bit_L=lora_2_qkv-fc1-proj-fc2/cifar/20260114184203_default_acc=53.50/tensorboard/Grad_mlp.fc2.lora_B_block_5/events.out.tfevents.1768387349.master-192-168-8-48.1680.9,mlp.fc2.lora_B,5
1768388366.001847,1705,53.3125,0.1472795456647873,Grad/mlp.fc2.lora_B,outputs_dev/vitb16/T=vtab_Q=3bit_L=lora_2_qkv-fc1-proj-fc2/cifar/20260114184203_default_acc=53.50/tensorboard/Grad_mlp.fc2.lora_B_block_5/events.out.tfevents.1768387349.master-192-168-8-48.1680.9,mlp.fc2.lora_B,5
1768388366.4069886,1706,53.34375,0.32342293858528137,Grad/mlp.fc2.lora_B,outputs_dev/vitb16/T=vtab_Q=3bit_L=lora_2_qkv-fc1-proj-fc2/cifar/20260114184203_default_acc=53.50/tensorboard/Grad_mlp.fc2.lora_B_block_5/events.out.tfevents.1768387349.master-192-168-8-48.1680.9,mlp.fc2.lora_B,5
1768388366.8005905,1707,53.375,0.11634518206119537,Grad/mlp.fc2.lora_B,outputs_dev/vitb16/T=vtab_Q=3bit_L=lora_2_qkv-fc1-proj-fc2/cifar/20260114184203_default_acc=53.50/tensorboard/Grad_mlp.fc2.lora_B_block_5/events.out.tfevents.1768387349.master-192-168-8-48.1680.9,mlp.fc2.lora_B,5
1768388367.1938255,1708,53.40625,0.0715937539935112,Grad/mlp.fc2.lora_B,outputs_dev/vitb16/T=vtab_Q=3bit_L=lora_2_qkv-fc1-proj-fc2/cifar/20260114184203_default_acc=53.50/tensorboard/Grad_mlp.fc2.lora_B_block_5/events.out.tfevents.1768387349.master-192-168-8-48.1680.9,mlp.fc2.lora_B,5
1768388367.5850203,1709,53.4375,0.12267304956912994,Grad/mlp.fc2.lora_B,outputs_dev/vitb16/T=vtab_Q=3bit_L=lora_2_qkv-fc1-proj-fc2/cifar/20260114184203_default_acc=53.50/tensorboard/Grad_mlp.fc2.lora_B_block_5/events.out.tfevents.1768387349.master-192-168-8-48.1680.9,mlp.fc2.lora_B,5
1768388367.9779785,1710,53.46875,0.170566126704216,Grad/mlp.fc2.lora_B,outputs_dev/vitb16/T=vtab_Q=3bit_L=lora_2_qkv-fc1-proj-fc2/cifar/20260114184203_default_acc=53.50/tensorboard/Grad_mlp.fc2.lora_B_block_5/events.out.tfevents.1768387349.master-192-168-8-48.1680.9,mlp.fc2.lora_B,5
1768388368.3712685,1711,53.5,0.06403380632400513,Grad/mlp.fc2.lora_B,outputs_dev/vitb16/T=vtab_Q=3bit_L=lora_2_qkv-fc1-proj-fc2/cifar/20260114184203_default_acc=53.50/tensorboard/Grad_mlp.fc2.lora_B_block_5/events.out.tfevents.1768387349.master-192-168-8-48.1680.9,mlp.fc2.lora_B,5
1768388368.761624,1712,53.53125,0.199985072016716,Grad/mlp.fc2.lora_B,outputs_dev/vitb16/T=vtab_Q=3bit_L=lora_2_qkv-fc1-proj-fc2/cifar/20260114184203_default_acc=53.50/tensorboard/Grad_mlp.fc2.lora_B_block_5/events.out.tfevents.1768387349.master-192-168-8-48.1680.9,mlp.fc2.lora_B,5
1768388369.1529584,1713,53.5625,0.16137352585792542,Grad/mlp.fc2.lora_B,outputs_dev/vitb16/T=vtab_Q=3bit_L=lora_2_qkv-fc1-proj-fc2/cifar/20260114184203_default_acc=53.50/tensorboard/Grad_mlp.fc2.lora_B_block_5/events.out.tfevents.1768387349.master-192-168-8-48.1680.9,mlp.fc2.lora_B,5
1768388369.543166,1714,53.59375,0.10432768613100052,Grad/mlp.fc2.lora_B,outputs_dev/vitb16/T=vtab_Q=3bit_L=lora_2_qkv-fc1-proj-fc2/cifar/20260114184203_default_acc=53.50/tensorboard/Grad_mlp.fc2.lora_B_block_5/events.out.tfevents.1768387349.master-192-168-8-48.1680.9,mlp.fc2.lora_B,5
1768388369.9330318,1715,53.625,0.11902803927659988,Grad/mlp.fc2.lora_B,outputs_dev/vitb16/T=vtab_Q=3bit_L=lora_2_qkv-fc1-proj-fc2/cifar/20260114184203_default_acc=53.50/tensorboard/Grad_mlp.fc2.lora_B_block_5/events.out.tfevents.1768387349.master-192-168-8-48.1680.9,mlp.fc2.lora_B,5
1768388370.3224728,1716,53.65625,0.3607032895088196,Grad/mlp.fc2.lora_B,outputs_dev/vitb16/T=vtab_Q=3bit_L=lora_2_qkv-fc1-proj-fc2/cifar/20260114184203_default_acc=53.50/tensorboard/Grad_mlp.fc2.lora_B_block_5/events.out.tfevents.1768387349.master-192-168-8-48.1680.9,mlp.fc2.lora_B,5
1768388370.713103,1717,53.6875,0.18292051553726196,Grad/mlp.fc2.lora_B,outputs_dev/vitb16/T=vtab_Q=3bit_L=lora_2_qkv-fc1-proj-fc2/cifar/20260114184203_default_acc=53.50/tensorboard/Grad_mlp.fc2.lora_B_block_5/events.out.tfevents.1768387349.master-192-168-8-48.1680.9,mlp.fc2.lora_B,5
1768388371.1038826,1718,53.71875,0.14616894721984863,Grad/mlp.fc2.lora_B,outputs_dev/vitb16/T=vtab_Q=3bit_L=lora_2_qkv-fc1-proj-fc2/cifar/20260114184203_default_acc=53.50/tensorboard/Grad_mlp.fc2.lora_B_block_5/events.out.tfevents.1768387349.master-192-168-8-48.1680.9,mlp.fc2.lora_B,5
1768388371.4825263,1719,53.75,0.11325499415397644,Grad/mlp.fc2.lora_B,outputs_dev/vitb16/T=vtab_Q=3bit_L=lora_2_qkv-fc1-proj-fc2/cifar/20260114184203_default_acc=53.50/tensorboard/Grad_mlp.fc2.lora_B_block_5/events.out.tfevents.1768387349.master-192-168-8-48.1680.9,mlp.fc2.lora_B,5
1768388371.8619332,1720,53.78125,0.05679351091384888,Grad/mlp.fc2.lora_B,outputs_dev/vitb16/T=vtab_Q=3bit_L=lora_2_qkv-fc1-proj-fc2/cifar/20260114184203_default_acc=53.50/tensorboard/Grad_mlp.fc2.lora_B_block_5/events.out.tfevents.1768387349.master-192-168-8-48.1680.9,mlp.fc2.lora_B,5
1768388372.2827978,1721,53.8125,0.3160783350467682,Grad/mlp.fc2.lora_B,outputs_dev/vitb16/T=vtab_Q=3bit_L=lora_2_qkv-fc1-proj-fc2/cifar/20260114184203_default_acc=53.50/tensorboard/Grad_mlp.fc2.lora_B_block_5/events.out.tfevents.1768387349.master-192-168-8-48.1680.9,mlp.fc2.lora_B,5
1768388372.6813197,1722,53.84375,0.08899796009063721,Grad/mlp.fc2.lora_B,outputs_dev/vitb16/T=vtab_Q=3bit_L=lora_2_qkv-fc1-proj-fc2/cifar/20260114184203_default_acc=53.50/tensorboard/Grad_mlp.fc2.lora_B_block_5/events.out.tfevents.1768387349.master-192-168-8-48.1680.9,mlp.fc2.lora_B,5
1768388373.0833912,1723,53.875,0.08911202102899551,Grad/mlp.fc2.lora_B,outputs_dev/vitb16/T=vtab_Q=3bit_L=lora_2_qkv-fc1-proj-fc2/cifar/20260114184203_default_acc=53.50/tensorboard/Grad_mlp.fc2.lora_B_block_5/events.out.tfevents.1768387349.master-192-168-8-48.1680.9,mlp.fc2.lora_B,5
1768388373.4839633,1724,53.90625,0.08707291632890701,Grad/mlp.fc2.lora_B,outputs_dev/vitb16/T=vtab_Q=3bit_L=lora_2_qkv-fc1-proj-fc2/cifar/20260114184203_default_acc=53.50/tensorboard/Grad_mlp.fc2.lora_B_block_5/events.out.tfevents.1768387349.master-192-168-8-48.1680.9,mlp.fc2.lora_B,5
1768388373.8844013,1725,53.9375,0.16696599125862122,Grad/mlp.fc2.lora_B,outputs_dev/vitb16/T=vtab_Q=3bit_L=lora_2_qkv-fc1-proj-fc2/cifar/20260114184203_default_acc=53.50/tensorboard/Grad_mlp.fc2.lora_B_block_5/events.out.tfevents.1768387349.master-192-168-8-48.1680.9,mlp.fc2.lora_B,5
1768388374.2827826,1726,53.96875,0.09937137365341187,Grad/mlp.fc2.lora_B,outputs_dev/vitb16/T=vtab_Q=3bit_L=lora_2_qkv-fc1-proj-fc2/cifar/20260114184203_default_acc=53.50/tensorboard/Grad_mlp.fc2.lora_B_block_5/events.out.tfevents.1768387349.master-192-168-8-48.1680.9,mlp.fc2.lora_B,5
1768388374.469287,1727,54.0,0.2541319727897644,Grad/mlp.fc2.lora_B,outputs_dev/vitb16/T=vtab_Q=3bit_L=lora_2_qkv-fc1-proj-fc2/cifar/20260114184203_default_acc=53.50/tensorboard/Grad_mlp.fc2.lora_B_block_5/events.out.tfevents.1768387349.master-192-168-8-48.1680.9,mlp.fc2.lora_B,5
1768388375.1452155,1728,54.03125,0.32042691111564636,Grad/mlp.fc2.lora_B,outputs_dev/vitb16/T=vtab_Q=3bit_L=lora_2_qkv-fc1-proj-fc2/cifar/20260114184203_default_acc=53.50/tensorboard/Grad_mlp.fc2.lora_B_block_5/events.out.tfevents.1768387349.master-192-168-8-48.1680.9,mlp.fc2.lora_B,5
1768388375.5429215,1729,54.0625,0.13649068772792816,Grad/mlp.fc2.lora_B,outputs_dev/vitb16/T=vtab_Q=3bit_L=lora_2_qkv-fc1-proj-fc2/cifar/20260114184203_default_acc=53.50/tensorboard/Grad_mlp.fc2.lora_B_block_5/events.out.tfevents.1768387349.master-192-168-8-48.1680.9,mlp.fc2.lora_B,5
1768388375.9422033,1730,54.09375,0.13399827480316162,Grad/mlp.fc2.lora_B,outputs_dev/vitb16/T=vtab_Q=3bit_L=lora_2_qkv-fc1-proj-fc2/cifar/20260114184203_default_acc=53.50/tensorboard/Grad_mlp.fc2.lora_B_block_5/events.out.tfevents.1768387349.master-192-168-8-48.1680.9,mlp.fc2.lora_B,5
1768388376.3535068,1731,54.125,0.2650880217552185,Grad/mlp.fc2.lora_B,outputs_dev/vitb16/T=vtab_Q=3bit_L=lora_2_qkv-fc1-proj-fc2/cifar/20260114184203_default_acc=53.50/tensorboard/Grad_mlp.fc2.lora_B_block_5/events.out.tfevents.1768387349.master-192-168-8-48.1680.9,mlp.fc2.lora_B,5
1768388376.74766,1732,54.15625,0.08960892260074615,Grad/mlp.fc2.lora_B,outputs_dev/vitb16/T=vtab_Q=3bit_L=lora_2_qkv-fc1-proj-fc2/cifar/20260114184203_default_acc=53.50/tensorboard/Grad_mlp.fc2.lora_B_block_5/events.out.tfevents.1768387349.master-192-168-8-48.1680.9,mlp.fc2.lora_B,5
1768388377.1536746,1733,54.1875,0.04981563612818718,Grad/mlp.fc2.lora_B,outputs_dev/vitb16/T=vtab_Q=3bit_L=lora_2_qkv-fc1-proj-fc2/cifar/20260114184203_default_acc=53.50/tensorboard/Grad_mlp.fc2.lora_B_block_5/events.out.tfevents.1768387349.master-192-168-8-48.1680.9,mlp.fc2.lora_B,5
1768388377.564062,1734,54.21875,0.05613897740840912,Grad/mlp.fc2.lora_B,outputs_dev/vitb16/T=vtab_Q=3bit_L=lora_2_qkv-fc1-proj-fc2/cifar/20260114184203_default_acc=53.50/tensorboard/Grad_mlp.fc2.lora_B_block_5/events.out.tfevents.1768387349.master-192-168-8-48.1680.9,mlp.fc2.lora_B,5
1768388377.9751725,1735,54.25,0.06648756563663483,Grad/mlp.fc2.lora_B,outputs_dev/vitb16/T=vtab_Q=3bit_L=lora_2_qkv-fc1-proj-fc2/cifar/20260114184203_default_acc=53.50/tensorboard/Grad_mlp.fc2.lora_B_block_5/events.out.tfevents.1768387349.master-192-168-8-48.1680.9,mlp.fc2.lora_B,5
1768388378.3672783,1736,54.28125,0.16860249638557434,Grad/mlp.fc2.lora_B,outputs_dev/vitb16/T=vtab_Q=3bit_L=lora_2_qkv-fc1-proj-fc2/cifar/20260114184203_default_acc=53.50/tensorboard/Grad_mlp.fc2.lora_B_block_5/events.out.tfevents.1768387349.master-192-168-8-48.1680.9,mlp.fc2.lora_B,5
1768388378.7494109,1737,54.3125,0.08743070065975189,Grad/mlp.fc2.lora_B,outputs_dev/vitb16/T=vtab_Q=3bit_L=lora_2_qkv-fc1-proj-fc2/cifar/20260114184203_default_acc=53.50/tensorboard/Grad_mlp.fc2.lora_B_block_5/events.out.tfevents.1768387349.master-192-168-8-48.1680.9,mlp.fc2.lora_B,5
1768388379.141027,1738,54.34375,0.031505685299634933,Grad/mlp.fc2.lora_B,outputs_dev/vitb16/T=vtab_Q=3bit_L=lora_2_qkv-fc1-proj-fc2/cifar/20260114184203_default_acc=53.50/tensorboard/Grad_mlp.fc2.lora_B_block_5/events.out.tfevents.1768387349.master-192-168-8-48.1680.9,mlp.fc2.lora_B,5
1768388379.5373552,1739,54.375,0.1383051872253418,Grad/mlp.fc2.lora_B,outputs_dev/vitb16/T=vtab_Q=3bit_L=lora_2_qkv-fc1-proj-fc2/cifar/20260114184203_default_acc=53.50/tensorboard/Grad_mlp.fc2.lora_B_block_5/events.out.tfevents.1768387349.master-192-168-8-48.1680.9,mlp.fc2.lora_B,5
1768388379.9283547,1740,54.40625,0.048262596130371094,Grad/mlp.fc2.lora_B,outputs_dev/vitb16/T=vtab_Q=3bit_L=lora_2_qkv-fc1-proj-fc2/cifar/20260114184203_default_acc=53.50/tensorboard/Grad_mlp.fc2.lora_B_block_5/events.out.tfevents.1768387349.master-192-168-8-48.1680.9,mlp.fc2.lora_B,5
1768388380.3223839,1741,54.4375,0.10664461553096771,Grad/mlp.fc2.lora_B,outputs_dev/vitb16/T=vtab_Q=3bit_L=lora_2_qkv-fc1-proj-fc2/cifar/20260114184203_default_acc=53.50/tensorboard/Grad_mlp.fc2.lora_B_block_5/events.out.tfevents.1768387349.master-192-168-8-48.1680.9,mlp.fc2.lora_B,5
1768388380.7150126,1742,54.46875,0.11003252863883972,Grad/mlp.fc2.lora_B,outputs_dev/vitb16/T=vtab_Q=3bit_L=lora_2_qkv-fc1-proj-fc2/cifar/20260114184203_default_acc=53.50/tensorboard/Grad_mlp.fc2.lora_B_block_5/events.out.tfevents.1768387349.master-192-168-8-48.1680.9,mlp.fc2.lora_B,5
1768388381.1067555,1743,54.5,0.2068113088607788,Grad/mlp.fc2.lora_B,outputs_dev/vitb16/T=vtab_Q=3bit_L=lora_2_qkv-fc1-proj-fc2/cifar/20260114184203_default_acc=53.50/tensorboard/Grad_mlp.fc2.lora_B_block_5/events.out.tfevents.1768387349.master-192-168-8-48.1680.9,mlp.fc2.lora_B,5
1768388381.5060966,1744,54.53125,0.1368875950574875,Grad/mlp.fc2.lora_B,outputs_dev/vitb16/T=vtab_Q=3bit_L=lora_2_qkv-fc1-proj-fc2/cifar/20260114184203_default_acc=53.50/tensorboard/Grad_mlp.fc2.lora_B_block_5/events.out.tfevents.1768387349.master-192-168-8-48.1680.9,mlp.fc2.lora_B,5
1768388381.9226365,1745,54.5625,0.12137806415557861,Grad/mlp.fc2.lora_B,outputs_dev/vitb16/T=vtab_Q=3bit_L=lora_2_qkv-fc1-proj-fc2/cifar/20260114184203_default_acc=53.50/tensorboard/Grad_mlp.fc2.lora_B_block_5/events.out.tfevents.1768387349.master-192-168-8-48.1680.9,mlp.fc2.lora_B,5
1768388382.3278544,1746,54.59375,0.16305924952030182,Grad/mlp.fc2.lora_B,outputs_dev/vitb16/T=vtab_Q=3bit_L=lora_2_qkv-fc1-proj-fc2/cifar/20260114184203_default_acc=53.50/tensorboard/Grad_mlp.fc2.lora_B_block_5/events.out.tfevents.1768387349.master-192-168-8-48.1680.9,mlp.fc2.lora_B,5
1768388382.7231152,1747,54.625,0.16864389181137085,Grad/mlp.fc2.lora_B,outputs_dev/vitb16/T=vtab_Q=3bit_L=lora_2_qkv-fc1-proj-fc2/cifar/20260114184203_default_acc=53.50/tensorboard/Grad_mlp.fc2.lora_B_block_5/events.out.tfevents.1768387349.master-192-168-8-48.1680.9,mlp.fc2.lora_B,5
1768388383.1281435,1748,54.65625,0.05297277122735977,Grad/mlp.fc2.lora_B,outputs_dev/vitb16/T=vtab_Q=3bit_L=lora_2_qkv-fc1-proj-fc2/cifar/20260114184203_default_acc=53.50/tensorboard/Grad_mlp.fc2.lora_B_block_5/events.out.tfevents.1768387349.master-192-168-8-48.1680.9,mlp.fc2.lora_B,5
1768388383.52418,1749,54.6875,0.06324722617864609,Grad/mlp.fc2.lora_B,outputs_dev/vitb16/T=vtab_Q=3bit_L=lora_2_qkv-fc1-proj-fc2/cifar/20260114184203_default_acc=53.50/tensorboard/Grad_mlp.fc2.lora_B_block_5/events.out.tfevents.1768387349.master-192-168-8-48.1680.9,mlp.fc2.lora_B,5
1768388383.913489,1750,54.71875,0.1903727501630783,Grad/mlp.fc2.lora_B,outputs_dev/vitb16/T=vtab_Q=3bit_L=lora_2_qkv-fc1-proj-fc2/cifar/20260114184203_default_acc=53.50/tensorboard/Grad_mlp.fc2.lora_B_block_5/events.out.tfevents.1768387349.master-192-168-8-48.1680.9,mlp.fc2.lora_B,5
1768388384.3166387,1751,54.75,0.040232352912425995,Grad/mlp.fc2.lora_B,outputs_dev/vitb16/T=vtab_Q=3bit_L=lora_2_qkv-fc1-proj-fc2/cifar/20260114184203_default_acc=53.50/tensorboard/Grad_mlp.fc2.lora_B_block_5/events.out.tfevents.1768387349.master-192-168-8-48.1680.9,mlp.fc2.lora_B,5
1768388384.724111,1752,54.78125,0.13655689358711243,Grad/mlp.fc2.lora_B,outputs_dev/vitb16/T=vtab_Q=3bit_L=lora_2_qkv-fc1-proj-fc2/cifar/20260114184203_default_acc=53.50/tensorboard/Grad_mlp.fc2.lora_B_block_5/events.out.tfevents.1768387349.master-192-168-8-48.1680.9,mlp.fc2.lora_B,5
1768388385.1052551,1753,54.8125,0.09566745907068253,Grad/mlp.fc2.lora_B,outputs_dev/vitb16/T=vtab_Q=3bit_L=lora_2_qkv-fc1-proj-fc2/cifar/20260114184203_default_acc=53.50/tensorboard/Grad_mlp.fc2.lora_B_block_5/events.out.tfevents.1768387349.master-192-168-8-48.1680.9,mlp.fc2.lora_B,5
1768388385.5093904,1754,54.84375,0.022746240720152855,Grad/mlp.fc2.lora_B,outputs_dev/vitb16/T=vtab_Q=3bit_L=lora_2_qkv-fc1-proj-fc2/cifar/20260114184203_default_acc=53.50/tensorboard/Grad_mlp.fc2.lora_B_block_5/events.out.tfevents.1768387349.master-192-168-8-48.1680.9,mlp.fc2.lora_B,5
1768388385.8937516,1755,54.875,0.22293706238269806,Grad/mlp.fc2.lora_B,outputs_dev/vitb16/T=vtab_Q=3bit_L=lora_2_qkv-fc1-proj-fc2/cifar/20260114184203_default_acc=53.50/tensorboard/Grad_mlp.fc2.lora_B_block_5/events.out.tfevents.1768387349.master-192-168-8-48.1680.9,mlp.fc2.lora_B,5
1768388386.2793179,1756,54.90625,0.12696556746959686,Grad/mlp.fc2.lora_B,outputs_dev/vitb16/T=vtab_Q=3bit_L=lora_2_qkv-fc1-proj-fc2/cifar/20260114184203_default_acc=53.50/tensorboard/Grad_mlp.fc2.lora_B_block_5/events.out.tfevents.1768387349.master-192-168-8-48.1680.9,mlp.fc2.lora_B,5
1768388386.6831748,1757,54.9375,0.022594135254621506,Grad/mlp.fc2.lora_B,outputs_dev/vitb16/T=vtab_Q=3bit_L=lora_2_qkv-fc1-proj-fc2/cifar/20260114184203_default_acc=53.50/tensorboard/Grad_mlp.fc2.lora_B_block_5/events.out.tfevents.1768387349.master-192-168-8-48.1680.9,mlp.fc2.lora_B,5
1768388387.0871928,1758,54.96875,0.05119604989886284,Grad/mlp.fc2.lora_B,outputs_dev/vitb16/T=vtab_Q=3bit_L=lora_2_qkv-fc1-proj-fc2/cifar/20260114184203_default_acc=53.50/tensorboard/Grad_mlp.fc2.lora_B_block_5/events.out.tfevents.1768387349.master-192-168-8-48.1680.9,mlp.fc2.lora_B,5
1768388387.2685077,1759,55.0,0.04041202366352081,Grad/mlp.fc2.lora_B,outputs_dev/vitb16/T=vtab_Q=3bit_L=lora_2_qkv-fc1-proj-fc2/cifar/20260114184203_default_acc=53.50/tensorboard/Grad_mlp.fc2.lora_B_block_5/events.out.tfevents.1768387349.master-192-168-8-48.1680.9,mlp.fc2.lora_B,5
1768388387.8948638,1760,55.03125,0.02970004640519619,Grad/mlp.fc2.lora_B,outputs_dev/vitb16/T=vtab_Q=3bit_L=lora_2_qkv-fc1-proj-fc2/cifar/20260114184203_default_acc=53.50/tensorboard/Grad_mlp.fc2.lora_B_block_5/events.out.tfevents.1768387349.master-192-168-8-48.1680.9,mlp.fc2.lora_B,5
1768388388.3030922,1761,55.0625,0.1778174787759781,Grad/mlp.fc2.lora_B,outputs_dev/vitb16/T=vtab_Q=3bit_L=lora_2_qkv-fc1-proj-fc2/cifar/20260114184203_default_acc=53.50/tensorboard/Grad_mlp.fc2.lora_B_block_5/events.out.tfevents.1768387349.master-192-168-8-48.1680.9,mlp.fc2.lora_B,5
1768388388.7112916,1762,55.09375,0.021292131394147873,Grad/mlp.fc2.lora_B,outputs_dev/vitb16/T=vtab_Q=3bit_L=lora_2_qkv-fc1-proj-fc2/cifar/20260114184203_default_acc=53.50/tensorboard/Grad_mlp.fc2.lora_B_block_5/events.out.tfevents.1768387349.master-192-168-8-48.1680.9,mlp.fc2.lora_B,5
1768388389.0992625,1763,55.125,0.06198224425315857,Grad/mlp.fc2.lora_B,outputs_dev/vitb16/T=vtab_Q=3bit_L=lora_2_qkv-fc1-proj-fc2/cifar/20260114184203_default_acc=53.50/tensorboard/Grad_mlp.fc2.lora_B_block_5/events.out.tfevents.1768387349.master-192-168-8-48.1680.9,mlp.fc2.lora_B,5
1768388389.4763577,1764,55.15625,0.03184262663125992,Grad/mlp.fc2.lora_B,outputs_dev/vitb16/T=vtab_Q=3bit_L=lora_2_qkv-fc1-proj-fc2/cifar/20260114184203_default_acc=53.50/tensorboard/Grad_mlp.fc2.lora_B_block_5/events.out.tfevents.1768387349.master-192-168-8-48.1680.9,mlp.fc2.lora_B,5
1768388389.8537474,1765,55.1875,0.09506705403327942,Grad/mlp.fc2.lora_B,outputs_dev/vitb16/T=vtab_Q=3bit_L=lora_2_qkv-fc1-proj-fc2/cifar/20260114184203_default_acc=53.50/tensorboard/Grad_mlp.fc2.lora_B_block_5/events.out.tfevents.1768387349.master-192-168-8-48.1680.9,mlp.fc2.lora_B,5
1768388390.2424488,1766,55.21875,0.055196572095155716,Grad/mlp.fc2.lora_B,outputs_dev/vitb16/T=vtab_Q=3bit_L=lora_2_qkv-fc1-proj-fc2/cifar/20260114184203_default_acc=53.50/tensorboard/Grad_mlp.fc2.lora_B_block_5/events.out.tfevents.1768387349.master-192-168-8-48.1680.9,mlp.fc2.lora_B,5
1768388390.6305141,1767,55.25,0.22510908544063568,Grad/mlp.fc2.lora_B,outputs_dev/vitb16/T=vtab_Q=3bit_L=lora_2_qkv-fc1-proj-fc2/cifar/20260114184203_default_acc=53.50/tensorboard/Grad_mlp.fc2.lora_B_block_5/events.out.tfevents.1768387349.master-192-168-8-48.1680.9,mlp.fc2.lora_B,5
1768388391.016363,1768,55.28125,0.1857568770647049,Grad/mlp.fc2.lora_B,outputs_dev/vitb16/T=vtab_Q=3bit_L=lora_2_qkv-fc1-proj-fc2/cifar/20260114184203_default_acc=53.50/tensorboard/Grad_mlp.fc2.lora_B_block_5/events.out.tfevents.1768387349.master-192-168-8-48.1680.9,mlp.fc2.lora_B,5
1768388391.4078972,1769,55.3125,0.05329403281211853,Grad/mlp.fc2.lora_B,outputs_dev/vitb16/T=vtab_Q=3bit_L=lora_2_qkv-fc1-proj-fc2/cifar/20260114184203_default_acc=53.50/tensorboard/Grad_mlp.fc2.lora_B_block_5/events.out.tfevents.1768387349.master-192-168-8-48.1680.9,mlp.fc2.lora_B,5
1768388391.798062,1770,55.34375,0.13605673611164093,Grad/mlp.fc2.lora_B,outputs_dev/vitb16/T=vtab_Q=3bit_L=lora_2_qkv-fc1-proj-fc2/cifar/20260114184203_default_acc=53.50/tensorboard/Grad_mlp.fc2.lora_B_block_5/events.out.tfevents.1768387349.master-192-168-8-48.1680.9,mlp.fc2.lora_B,5
1768388392.1931603,1771,55.375,0.08352984488010406,Grad/mlp.fc2.lora_B,outputs_dev/vitb16/T=vtab_Q=3bit_L=lora_2_qkv-fc1-proj-fc2/cifar/20260114184203_default_acc=53.50/tensorboard/Grad_mlp.fc2.lora_B_block_5/events.out.tfevents.1768387349.master-192-168-8-48.1680.9,mlp.fc2.lora_B,5
1768388392.5848005,1772,55.40625,0.11975720524787903,Grad/mlp.fc2.lora_B,outputs_dev/vitb16/T=vtab_Q=3bit_L=lora_2_qkv-fc1-proj-fc2/cifar/20260114184203_default_acc=53.50/tensorboard/Grad_mlp.fc2.lora_B_block_5/events.out.tfevents.1768387349.master-192-168-8-48.1680.9,mlp.fc2.lora_B,5
1768388392.9757502,1773,55.4375,0.09252806007862091,Grad/mlp.fc2.lora_B,outputs_dev/vitb16/T=vtab_Q=3bit_L=lora_2_qkv-fc1-proj-fc2/cifar/20260114184203_default_acc=53.50/tensorboard/Grad_mlp.fc2.lora_B_block_5/events.out.tfevents.1768387349.master-192-168-8-48.1680.9,mlp.fc2.lora_B,5
1768388393.367191,1774,55.46875,0.06038966774940491,Grad/mlp.fc2.lora_B,outputs_dev/vitb16/T=vtab_Q=3bit_L=lora_2_qkv-fc1-proj-fc2/cifar/20260114184203_default_acc=53.50/tensorboard/Grad_mlp.fc2.lora_B_block_5/events.out.tfevents.1768387349.master-192-168-8-48.1680.9,mlp.fc2.lora_B,5
1768388393.763226,1775,55.5,0.10622266680002213,Grad/mlp.fc2.lora_B,outputs_dev/vitb16/T=vtab_Q=3bit_L=lora_2_qkv-fc1-proj-fc2/cifar/20260114184203_default_acc=53.50/tensorboard/Grad_mlp.fc2.lora_B_block_5/events.out.tfevents.1768387349.master-192-168-8-48.1680.9,mlp.fc2.lora_B,5
1768388394.1684422,1776,55.53125,0.051222626119852066,Grad/mlp.fc2.lora_B,outputs_dev/vitb16/T=vtab_Q=3bit_L=lora_2_qkv-fc1-proj-fc2/cifar/20260114184203_default_acc=53.50/tensorboard/Grad_mlp.fc2.lora_B_block_5/events.out.tfevents.1768387349.master-192-168-8-48.1680.9,mlp.fc2.lora_B,5
1768388394.5731819,1777,55.5625,0.09433598816394806,Grad/mlp.fc2.lora_B,outputs_dev/vitb16/T=vtab_Q=3bit_L=lora_2_qkv-fc1-proj-fc2/cifar/20260114184203_default_acc=53.50/tensorboard/Grad_mlp.fc2.lora_B_block_5/events.out.tfevents.1768387349.master-192-168-8-48.1680.9,mlp.fc2.lora_B,5
1768388394.9782734,1778,55.59375,0.1764681190252304,Grad/mlp.fc2.lora_B,outputs_dev/vitb16/T=vtab_Q=3bit_L=lora_2_qkv-fc1-proj-fc2/cifar/20260114184203_default_acc=53.50/tensorboard/Grad_mlp.fc2.lora_B_block_5/events.out.tfevents.1768387349.master-192-168-8-48.1680.9,mlp.fc2.lora_B,5
1768388395.379801,1779,55.625,0.0397593230009079,Grad/mlp.fc2.lora_B,outputs_dev/vitb16/T=vtab_Q=3bit_L=lora_2_qkv-fc1-proj-fc2/cifar/20260114184203_default_acc=53.50/tensorboard/Grad_mlp.fc2.lora_B_block_5/events.out.tfevents.1768387349.master-192-168-8-48.1680.9,mlp.fc2.lora_B,5
1768388395.7685463,1780,55.65625,0.17283764481544495,Grad/mlp.fc2.lora_B,outputs_dev/vitb16/T=vtab_Q=3bit_L=lora_2_qkv-fc1-proj-fc2/cifar/20260114184203_default_acc=53.50/tensorboard/Grad_mlp.fc2.lora_B_block_5/events.out.tfevents.1768387349.master-192-168-8-48.1680.9,mlp.fc2.lora_B,5
1768388396.1657722,1781,55.6875,0.05525631085038185,Grad/mlp.fc2.lora_B,outputs_dev/vitb16/T=vtab_Q=3bit_L=lora_2_qkv-fc1-proj-fc2/cifar/20260114184203_default_acc=53.50/tensorboard/Grad_mlp.fc2.lora_B_block_5/events.out.tfevents.1768387349.master-192-168-8-48.1680.9,mlp.fc2.lora_B,5
1768388396.5739708,1782,55.71875,0.4473778009414673,Grad/mlp.fc2.lora_B,outputs_dev/vitb16/T=vtab_Q=3bit_L=lora_2_qkv-fc1-proj-fc2/cifar/20260114184203_default_acc=53.50/tensorboard/Grad_mlp.fc2.lora_B_block_5/events.out.tfevents.1768387349.master-192-168-8-48.1680.9,mlp.fc2.lora_B,5
1768388396.9565754,1783,55.75,0.38728073239326477,Grad/mlp.fc2.lora_B,outputs_dev/vitb16/T=vtab_Q=3bit_L=lora_2_qkv-fc1-proj-fc2/cifar/20260114184203_default_acc=53.50/tensorboard/Grad_mlp.fc2.lora_B_block_5/events.out.tfevents.1768387349.master-192-168-8-48.1680.9,mlp.fc2.lora_B,5
1768388397.3618617,1784,55.78125,0.053377117961645126,Grad/mlp.fc2.lora_B,outputs_dev/vitb16/T=vtab_Q=3bit_L=lora_2_qkv-fc1-proj-fc2/cifar/20260114184203_default_acc=53.50/tensorboard/Grad_mlp.fc2.lora_B_block_5/events.out.tfevents.1768387349.master-192-168-8-48.1680.9,mlp.fc2.lora_B,5
1768388397.7550502,1785,55.8125,0.19699087738990784,Grad/mlp.fc2.lora_B,outputs_dev/vitb16/T=vtab_Q=3bit_L=lora_2_qkv-fc1-proj-fc2/cifar/20260114184203_default_acc=53.50/tensorboard/Grad_mlp.fc2.lora_B_block_5/events.out.tfevents.1768387349.master-192-168-8-48.1680.9,mlp.fc2.lora_B,5
1768388398.151481,1786,55.84375,0.061537966132164,Grad/mlp.fc2.lora_B,outputs_dev/vitb16/T=vtab_Q=3bit_L=lora_2_qkv-fc1-proj-fc2/cifar/20260114184203_default_acc=53.50/tensorboard/Grad_mlp.fc2.lora_B_block_5/events.out.tfevents.1768387349.master-192-168-8-48.1680.9,mlp.fc2.lora_B,5
1768388398.540622,1787,55.875,0.03376290947198868,Grad/mlp.fc2.lora_B,outputs_dev/vitb16/T=vtab_Q=3bit_L=lora_2_qkv-fc1-proj-fc2/cifar/20260114184203_default_acc=53.50/tensorboard/Grad_mlp.fc2.lora_B_block_5/events.out.tfevents.1768387349.master-192-168-8-48.1680.9,mlp.fc2.lora_B,5
1768388398.9300716,1788,55.90625,0.20940038561820984,Grad/mlp.fc2.lora_B,outputs_dev/vitb16/T=vtab_Q=3bit_L=lora_2_qkv-fc1-proj-fc2/cifar/20260114184203_default_acc=53.50/tensorboard/Grad_mlp.fc2.lora_B_block_5/events.out.tfevents.1768387349.master-192-168-8-48.1680.9,mlp.fc2.lora_B,5
1768388399.319659,1789,55.9375,0.10063658654689789,Grad/mlp.fc2.lora_B,outputs_dev/vitb16/T=vtab_Q=3bit_L=lora_2_qkv-fc1-proj-fc2/cifar/20260114184203_default_acc=53.50/tensorboard/Grad_mlp.fc2.lora_B_block_5/events.out.tfevents.1768387349.master-192-168-8-48.1680.9,mlp.fc2.lora_B,5
1768388399.7228994,1790,55.96875,0.18603135645389557,Grad/mlp.fc2.lora_B,outputs_dev/vitb16/T=vtab_Q=3bit_L=lora_2_qkv-fc1-proj-fc2/cifar/20260114184203_default_acc=53.50/tensorboard/Grad_mlp.fc2.lora_B_block_5/events.out.tfevents.1768387349.master-192-168-8-48.1680.9,mlp.fc2.lora_B,5
1768388399.9287174,1791,56.0,0.09648680686950684,Grad/mlp.fc2.lora_B,outputs_dev/vitb16/T=vtab_Q=3bit_L=lora_2_qkv-fc1-proj-fc2/cifar/20260114184203_default_acc=53.50/tensorboard/Grad_mlp.fc2.lora_B_block_5/events.out.tfevents.1768387349.master-192-168-8-48.1680.9,mlp.fc2.lora_B,5
1768388400.501771,1792,56.03125,0.07756343483924866,Grad/mlp.fc2.lora_B,outputs_dev/vitb16/T=vtab_Q=3bit_L=lora_2_qkv-fc1-proj-fc2/cifar/20260114184203_default_acc=53.50/tensorboard/Grad_mlp.fc2.lora_B_block_5/events.out.tfevents.1768387349.master-192-168-8-48.1680.9,mlp.fc2.lora_B,5
1768388400.9065826,1793,56.0625,0.04605869948863983,Grad/mlp.fc2.lora_B,outputs_dev/vitb16/T=vtab_Q=3bit_L=lora_2_qkv-fc1-proj-fc2/cifar/20260114184203_default_acc=53.50/tensorboard/Grad_mlp.fc2.lora_B_block_5/events.out.tfevents.1768387349.master-192-168-8-48.1680.9,mlp.fc2.lora_B,5
1768388401.3035283,1794,56.09375,0.06930434703826904,Grad/mlp.fc2.lora_B,outputs_dev/vitb16/T=vtab_Q=3bit_L=lora_2_qkv-fc1-proj-fc2/cifar/20260114184203_default_acc=53.50/tensorboard/Grad_mlp.fc2.lora_B_block_5/events.out.tfevents.1768387349.master-192-168-8-48.1680.9,mlp.fc2.lora_B,5
1768388401.718726,1795,56.125,0.39973777532577515,Grad/mlp.fc2.lora_B,outputs_dev/vitb16/T=vtab_Q=3bit_L=lora_2_qkv-fc1-proj-fc2/cifar/20260114184203_default_acc=53.50/tensorboard/Grad_mlp.fc2.lora_B_block_5/events.out.tfevents.1768387349.master-192-168-8-48.1680.9,mlp.fc2.lora_B,5
1768388402.1179764,1796,56.15625,0.18457284569740295,Grad/mlp.fc2.lora_B,outputs_dev/vitb16/T=vtab_Q=3bit_L=lora_2_qkv-fc1-proj-fc2/cifar/20260114184203_default_acc=53.50/tensorboard/Grad_mlp.fc2.lora_B_block_5/events.out.tfevents.1768387349.master-192-168-8-48.1680.9,mlp.fc2.lora_B,5
1768388402.5182555,1797,56.1875,0.13310204446315765,Grad/mlp.fc2.lora_B,outputs_dev/vitb16/T=vtab_Q=3bit_L=lora_2_qkv-fc1-proj-fc2/cifar/20260114184203_default_acc=53.50/tensorboard/Grad_mlp.fc2.lora_B_block_5/events.out.tfevents.1768387349.master-192-168-8-48.1680.9,mlp.fc2.lora_B,5
1768388402.9137323,1798,56.21875,0.4054001569747925,Grad/mlp.fc2.lora_B,outputs_dev/vitb16/T=vtab_Q=3bit_L=lora_2_qkv-fc1-proj-fc2/cifar/20260114184203_default_acc=53.50/tensorboard/Grad_mlp.fc2.lora_B_block_5/events.out.tfevents.1768387349.master-192-168-8-48.1680.9,mlp.fc2.lora_B,5
1768388403.3119566,1799,56.25,0.10634742677211761,Grad/mlp.fc2.lora_B,outputs_dev/vitb16/T=vtab_Q=3bit_L=lora_2_qkv-fc1-proj-fc2/cifar/20260114184203_default_acc=53.50/tensorboard/Grad_mlp.fc2.lora_B_block_5/events.out.tfevents.1768387349.master-192-168-8-48.1680.9,mlp.fc2.lora_B,5
1768388403.708696,1800,56.28125,0.2341521680355072,Grad/mlp.fc2.lora_B,outputs_dev/vitb16/T=vtab_Q=3bit_L=lora_2_qkv-fc1-proj-fc2/cifar/20260114184203_default_acc=53.50/tensorboard/Grad_mlp.fc2.lora_B_block_5/events.out.tfevents.1768387349.master-192-168-8-48.1680.9,mlp.fc2.lora_B,5
1768388404.1044564,1801,56.3125,0.04660768061876297,Grad/mlp.fc2.lora_B,outputs_dev/vitb16/T=vtab_Q=3bit_L=lora_2_qkv-fc1-proj-fc2/cifar/20260114184203_default_acc=53.50/tensorboard/Grad_mlp.fc2.lora_B_block_5/events.out.tfevents.1768387349.master-192-168-8-48.1680.9,mlp.fc2.lora_B,5
1768388404.4997199,1802,56.34375,0.04534829407930374,Grad/mlp.fc2.lora_B,outputs_dev/vitb16/T=vtab_Q=3bit_L=lora_2_qkv-fc1-proj-fc2/cifar/20260114184203_default_acc=53.50/tensorboard/Grad_mlp.fc2.lora_B_block_5/events.out.tfevents.1768387349.master-192-168-8-48.1680.9,mlp.fc2.lora_B,5
1768388404.8865652,1803,56.375,0.06695766746997833,Grad/mlp.fc2.lora_B,outputs_dev/vitb16/T=vtab_Q=3bit_L=lora_2_qkv-fc1-proj-fc2/cifar/20260114184203_default_acc=53.50/tensorboard/Grad_mlp.fc2.lora_B_block_5/events.out.tfevents.1768387349.master-192-168-8-48.1680.9,mlp.fc2.lora_B,5
1768388405.281415,1804,56.40625,0.038170479238033295,Grad/mlp.fc2.lora_B,outputs_dev/vitb16/T=vtab_Q=3bit_L=lora_2_qkv-fc1-proj-fc2/cifar/20260114184203_default_acc=53.50/tensorboard/Grad_mlp.fc2.lora_B_block_5/events.out.tfevents.1768387349.master-192-168-8-48.1680.9,mlp.fc2.lora_B,5
1768388405.6977026,1805,56.4375,0.1765875220298767,Grad/mlp.fc2.lora_B,outputs_dev/vitb16/T=vtab_Q=3bit_L=lora_2_qkv-fc1-proj-fc2/cifar/20260114184203_default_acc=53.50/tensorboard/Grad_mlp.fc2.lora_B_block_5/events.out.tfevents.1768387349.master-192-168-8-48.1680.9,mlp.fc2.lora_B,5
1768388406.1020043,1806,56.46875,0.08723286539316177,Grad/mlp.fc2.lora_B,outputs_dev/vitb16/T=vtab_Q=3bit_L=lora_2_qkv-fc1-proj-fc2/cifar/20260114184203_default_acc=53.50/tensorboard/Grad_mlp.fc2.lora_B_block_5/events.out.tfevents.1768387349.master-192-168-8-48.1680.9,mlp.fc2.lora_B,5
1768388406.4961507,1807,56.5,0.06877253949642181,Grad/mlp.fc2.lora_B,outputs_dev/vitb16/T=vtab_Q=3bit_L=lora_2_qkv-fc1-proj-fc2/cifar/20260114184203_default_acc=53.50/tensorboard/Grad_mlp.fc2.lora_B_block_5/events.out.tfevents.1768387349.master-192-168-8-48.1680.9,mlp.fc2.lora_B,5
1768388406.900189,1808,56.53125,0.126212939620018,Grad/mlp.fc2.lora_B,outputs_dev/vitb16/T=vtab_Q=3bit_L=lora_2_qkv-fc1-proj-fc2/cifar/20260114184203_default_acc=53.50/tensorboard/Grad_mlp.fc2.lora_B_block_5/events.out.tfevents.1768387349.master-192-168-8-48.1680.9,mlp.fc2.lora_B,5
1768388407.3036718,1809,56.5625,0.40661120414733887,Grad/mlp.fc2.lora_B,outputs_dev/vitb16/T=vtab_Q=3bit_L=lora_2_qkv-fc1-proj-fc2/cifar/20260114184203_default_acc=53.50/tensorboard/Grad_mlp.fc2.lora_B_block_5/events.out.tfevents.1768387349.master-192-168-8-48.1680.9,mlp.fc2.lora_B,5
1768388407.7768478,1810,56.59375,0.12070260941982269,Grad/mlp.fc2.lora_B,outputs_dev/vitb16/T=vtab_Q=3bit_L=lora_2_qkv-fc1-proj-fc2/cifar/20260114184203_default_acc=53.50/tensorboard/Grad_mlp.fc2.lora_B_block_5/events.out.tfevents.1768387349.master-192-168-8-48.1680.9,mlp.fc2.lora_B,5
1768388408.1808133,1811,56.625,0.07439722120761871,Grad/mlp.fc2.lora_B,outputs_dev/vitb16/T=vtab_Q=3bit_L=lora_2_qkv-fc1-proj-fc2/cifar/20260114184203_default_acc=53.50/tensorboard/Grad_mlp.fc2.lora_B_block_5/events.out.tfevents.1768387349.master-192-168-8-48.1680.9,mlp.fc2.lora_B,5
1768388408.584231,1812,56.65625,0.04558044672012329,Grad/mlp.fc2.lora_B,outputs_dev/vitb16/T=vtab_Q=3bit_L=lora_2_qkv-fc1-proj-fc2/cifar/20260114184203_default_acc=53.50/tensorboard/Grad_mlp.fc2.lora_B_block_5/events.out.tfevents.1768387349.master-192-168-8-48.1680.9,mlp.fc2.lora_B,5
1768388408.9912837,1813,56.6875,0.07297451794147491,Grad/mlp.fc2.lora_B,outputs_dev/vitb16/T=vtab_Q=3bit_L=lora_2_qkv-fc1-proj-fc2/cifar/20260114184203_default_acc=53.50/tensorboard/Grad_mlp.fc2.lora_B_block_5/events.out.tfevents.1768387349.master-192-168-8-48.1680.9,mlp.fc2.lora_B,5
1768388409.3664372,1814,56.71875,0.15377560257911682,Grad/mlp.fc2.lora_B,outputs_dev/vitb16/T=vtab_Q=3bit_L=lora_2_qkv-fc1-proj-fc2/cifar/20260114184203_default_acc=53.50/tensorboard/Grad_mlp.fc2.lora_B_block_5/events.out.tfevents.1768387349.master-192-168-8-48.1680.9,mlp.fc2.lora_B,5
1768388409.7784097,1815,56.75,0.09297463297843933,Grad/mlp.fc2.lora_B,outputs_dev/vitb16/T=vtab_Q=3bit_L=lora_2_qkv-fc1-proj-fc2/cifar/20260114184203_default_acc=53.50/tensorboard/Grad_mlp.fc2.lora_B_block_5/events.out.tfevents.1768387349.master-192-168-8-48.1680.9,mlp.fc2.lora_B,5
1768388410.1749332,1816,56.78125,0.04995816946029663,Grad/mlp.fc2.lora_B,outputs_dev/vitb16/T=vtab_Q=3bit_L=lora_2_qkv-fc1-proj-fc2/cifar/20260114184203_default_acc=53.50/tensorboard/Grad_mlp.fc2.lora_B_block_5/events.out.tfevents.1768387349.master-192-168-8-48.1680.9,mlp.fc2.lora_B,5
1768388410.5574465,1817,56.8125,0.051145341247320175,Grad/mlp.fc2.lora_B,outputs_dev/vitb16/T=vtab_Q=3bit_L=lora_2_qkv-fc1-proj-fc2/cifar/20260114184203_default_acc=53.50/tensorboard/Grad_mlp.fc2.lora_B_block_5/events.out.tfevents.1768387349.master-192-168-8-48.1680.9,mlp.fc2.lora_B,5
1768388410.9641373,1818,56.84375,0.06382942199707031,Grad/mlp.fc2.lora_B,outputs_dev/vitb16/T=vtab_Q=3bit_L=lora_2_qkv-fc1-proj-fc2/cifar/20260114184203_default_acc=53.50/tensorboard/Grad_mlp.fc2.lora_B_block_5/events.out.tfevents.1768387349.master-192-168-8-48.1680.9,mlp.fc2.lora_B,5
1768388411.341184,1819,56.875,0.062426142394542694,Grad/mlp.fc2.lora_B,outputs_dev/vitb16/T=vtab_Q=3bit_L=lora_2_qkv-fc1-proj-fc2/cifar/20260114184203_default_acc=53.50/tensorboard/Grad_mlp.fc2.lora_B_block_5/events.out.tfevents.1768387349.master-192-168-8-48.1680.9,mlp.fc2.lora_B,5
1768388411.7178173,1820,56.90625,0.08411945402622223,Grad/mlp.fc2.lora_B,outputs_dev/vitb16/T=vtab_Q=3bit_L=lora_2_qkv-fc1-proj-fc2/cifar/20260114184203_default_acc=53.50/tensorboard/Grad_mlp.fc2.lora_B_block_5/events.out.tfevents.1768387349.master-192-168-8-48.1680.9,mlp.fc2.lora_B,5
1768388412.1233666,1821,56.9375,0.05821388587355614,Grad/mlp.fc2.lora_B,outputs_dev/vitb16/T=vtab_Q=3bit_L=lora_2_qkv-fc1-proj-fc2/cifar/20260114184203_default_acc=53.50/tensorboard/Grad_mlp.fc2.lora_B_block_5/events.out.tfevents.1768387349.master-192-168-8-48.1680.9,mlp.fc2.lora_B,5
1768388412.498437,1822,56.96875,0.11825414001941681,Grad/mlp.fc2.lora_B,outputs_dev/vitb16/T=vtab_Q=3bit_L=lora_2_qkv-fc1-proj-fc2/cifar/20260114184203_default_acc=53.50/tensorboard/Grad_mlp.fc2.lora_B_block_5/events.out.tfevents.1768387349.master-192-168-8-48.1680.9,mlp.fc2.lora_B,5
1768388412.6593707,1823,57.0,0.16389283537864685,Grad/mlp.fc2.lora_B,outputs_dev/vitb16/T=vtab_Q=3bit_L=lora_2_qkv-fc1-proj-fc2/cifar/20260114184203_default_acc=53.50/tensorboard/Grad_mlp.fc2.lora_B_block_5/events.out.tfevents.1768387349.master-192-168-8-48.1680.9,mlp.fc2.lora_B,5
1768388413.2490802,1824,57.03125,0.2177610844373703,Grad/mlp.fc2.lora_B,outputs_dev/vitb16/T=vtab_Q=3bit_L=lora_2_qkv-fc1-proj-fc2/cifar/20260114184203_default_acc=53.50/tensorboard/Grad_mlp.fc2.lora_B_block_5/events.out.tfevents.1768387349.master-192-168-8-48.1680.9,mlp.fc2.lora_B,5
1768388413.633746,1825,57.0625,0.1307855248451233,Grad/mlp.fc2.lora_B,outputs_dev/vitb16/T=vtab_Q=3bit_L=lora_2_qkv-fc1-proj-fc2/cifar/20260114184203_default_acc=53.50/tensorboard/Grad_mlp.fc2.lora_B_block_5/events.out.tfevents.1768387349.master-192-168-8-48.1680.9,mlp.fc2.lora_B,5
1768388414.015515,1826,57.09375,0.06400024890899658,Grad/mlp.fc2.lora_B,outputs_dev/vitb16/T=vtab_Q=3bit_L=lora_2_qkv-fc1-proj-fc2/cifar/20260114184203_default_acc=53.50/tensorboard/Grad_mlp.fc2.lora_B_block_5/events.out.tfevents.1768387349.master-192-168-8-48.1680.9,mlp.fc2.lora_B,5
1768388414.4102182,1827,57.125,0.04444652423262596,Grad/mlp.fc2.lora_B,outputs_dev/vitb16/T=vtab_Q=3bit_L=lora_2_qkv-fc1-proj-fc2/cifar/20260114184203_default_acc=53.50/tensorboard/Grad_mlp.fc2.lora_B_block_5/events.out.tfevents.1768387349.master-192-168-8-48.1680.9,mlp.fc2.lora_B,5
1768388414.8205595,1828,57.15625,0.04275008663535118,Grad/mlp.fc2.lora_B,outputs_dev/vitb16/T=vtab_Q=3bit_L=lora_2_qkv-fc1-proj-fc2/cifar/20260114184203_default_acc=53.50/tensorboard/Grad_mlp.fc2.lora_B_block_5/events.out.tfevents.1768387349.master-192-168-8-48.1680.9,mlp.fc2.lora_B,5
1768388415.2104115,1829,57.1875,0.1243162751197815,Grad/mlp.fc2.lora_B,outputs_dev/vitb16/T=vtab_Q=3bit_L=lora_2_qkv-fc1-proj-fc2/cifar/20260114184203_default_acc=53.50/tensorboard/Grad_mlp.fc2.lora_B_block_5/events.out.tfevents.1768387349.master-192-168-8-48.1680.9,mlp.fc2.lora_B,5
1768388415.5983908,1830,57.21875,0.025581561028957367,Grad/mlp.fc2.lora_B,outputs_dev/vitb16/T=vtab_Q=3bit_L=lora_2_qkv-fc1-proj-fc2/cifar/20260114184203_default_acc=53.50/tensorboard/Grad_mlp.fc2.lora_B_block_5/events.out.tfevents.1768387349.master-192-168-8-48.1680.9,mlp.fc2.lora_B,5
1768388415.9731438,1831,57.25,0.1106250137090683,Grad/mlp.fc2.lora_B,outputs_dev/vitb16/T=vtab_Q=3bit_L=lora_2_qkv-fc1-proj-fc2/cifar/20260114184203_default_acc=53.50/tensorboard/Grad_mlp.fc2.lora_B_block_5/events.out.tfevents.1768387349.master-192-168-8-48.1680.9,mlp.fc2.lora_B,5
1768388416.3750157,1832,57.28125,0.05026029795408249,Grad/mlp.fc2.lora_B,outputs_dev/vitb16/T=vtab_Q=3bit_L=lora_2_qkv-fc1-proj-fc2/cifar/20260114184203_default_acc=53.50/tensorboard/Grad_mlp.fc2.lora_B_block_5/events.out.tfevents.1768387349.master-192-168-8-48.1680.9,mlp.fc2.lora_B,5
1768388416.7616968,1833,57.3125,0.05344478785991669,Grad/mlp.fc2.lora_B,outputs_dev/vitb16/T=vtab_Q=3bit_L=lora_2_qkv-fc1-proj-fc2/cifar/20260114184203_default_acc=53.50/tensorboard/Grad_mlp.fc2.lora_B_block_5/events.out.tfevents.1768387349.master-192-168-8-48.1680.9,mlp.fc2.lora_B,5
1768388417.1628187,1834,57.34375,0.045172374695539474,Grad/mlp.fc2.lora_B,outputs_dev/vitb16/T=vtab_Q=3bit_L=lora_2_qkv-fc1-proj-fc2/cifar/20260114184203_default_acc=53.50/tensorboard/Grad_mlp.fc2.lora_B_block_5/events.out.tfevents.1768387349.master-192-168-8-48.1680.9,mlp.fc2.lora_B,5
1768388417.544074,1835,57.375,0.21538874506950378,Grad/mlp.fc2.lora_B,outputs_dev/vitb16/T=vtab_Q=3bit_L=lora_2_qkv-fc1-proj-fc2/cifar/20260114184203_default_acc=53.50/tensorboard/Grad_mlp.fc2.lora_B_block_5/events.out.tfevents.1768387349.master-192-168-8-48.1680.9,mlp.fc2.lora_B,5
1768388417.944876,1836,57.40625,0.2401430457830429,Grad/mlp.fc2.lora_B,outputs_dev/vitb16/T=vtab_Q=3bit_L=lora_2_qkv-fc1-proj-fc2/cifar/20260114184203_default_acc=53.50/tensorboard/Grad_mlp.fc2.lora_B_block_5/events.out.tfevents.1768387349.master-192-168-8-48.1680.9,mlp.fc2.lora_B,5
1768388418.3459651,1837,57.4375,0.05515889823436737,Grad/mlp.fc2.lora_B,outputs_dev/vitb16/T=vtab_Q=3bit_L=lora_2_qkv-fc1-proj-fc2/cifar/20260114184203_default_acc=53.50/tensorboard/Grad_mlp.fc2.lora_B_block_5/events.out.tfevents.1768387349.master-192-168-8-48.1680.9,mlp.fc2.lora_B,5
1768388418.7497892,1838,57.46875,0.04748757556080818,Grad/mlp.fc2.lora_B,outputs_dev/vitb16/T=vtab_Q=3bit_L=lora_2_qkv-fc1-proj-fc2/cifar/20260114184203_default_acc=53.50/tensorboard/Grad_mlp.fc2.lora_B_block_5/events.out.tfevents.1768387349.master-192-168-8-48.1680.9,mlp.fc2.lora_B,5
1768388419.1401563,1839,57.5,0.08299940079450607,Grad/mlp.fc2.lora_B,outputs_dev/vitb16/T=vtab_Q=3bit_L=lora_2_qkv-fc1-proj-fc2/cifar/20260114184203_default_acc=53.50/tensorboard/Grad_mlp.fc2.lora_B_block_5/events.out.tfevents.1768387349.master-192-168-8-48.1680.9,mlp.fc2.lora_B,5
1768388419.542285,1840,57.53125,0.08543331176042557,Grad/mlp.fc2.lora_B,outputs_dev/vitb16/T=vtab_Q=3bit_L=lora_2_qkv-fc1-proj-fc2/cifar/20260114184203_default_acc=53.50/tensorboard/Grad_mlp.fc2.lora_B_block_5/events.out.tfevents.1768387349.master-192-168-8-48.1680.9,mlp.fc2.lora_B,5
1768388419.929861,1841,57.5625,0.0324554480612278,Grad/mlp.fc2.lora_B,outputs_dev/vitb16/T=vtab_Q=3bit_L=lora_2_qkv-fc1-proj-fc2/cifar/20260114184203_default_acc=53.50/tensorboard/Grad_mlp.fc2.lora_B_block_5/events.out.tfevents.1768387349.master-192-168-8-48.1680.9,mlp.fc2.lora_B,5
1768388420.320854,1842,57.59375,0.18999633193016052,Grad/mlp.fc2.lora_B,outputs_dev/vitb16/T=vtab_Q=3bit_L=lora_2_qkv-fc1-proj-fc2/cifar/20260114184203_default_acc=53.50/tensorboard/Grad_mlp.fc2.lora_B_block_5/events.out.tfevents.1768387349.master-192-168-8-48.1680.9,mlp.fc2.lora_B,5
1768388420.7121804,1843,57.625,0.039460137486457825,Grad/mlp.fc2.lora_B,outputs_dev/vitb16/T=vtab_Q=3bit_L=lora_2_qkv-fc1-proj-fc2/cifar/20260114184203_default_acc=53.50/tensorboard/Grad_mlp.fc2.lora_B_block_5/events.out.tfevents.1768387349.master-192-168-8-48.1680.9,mlp.fc2.lora_B,5
1768388421.0925298,1844,57.65625,0.1508752852678299,Grad/mlp.fc2.lora_B,outputs_dev/vitb16/T=vtab_Q=3bit_L=lora_2_qkv-fc1-proj-fc2/cifar/20260114184203_default_acc=53.50/tensorboard/Grad_mlp.fc2.lora_B_block_5/events.out.tfevents.1768387349.master-192-168-8-48.1680.9,mlp.fc2.lora_B,5
1768388421.4986851,1845,57.6875,0.05351708456873894,Grad/mlp.fc2.lora_B,outputs_dev/vitb16/T=vtab_Q=3bit_L=lora_2_qkv-fc1-proj-fc2/cifar/20260114184203_default_acc=53.50/tensorboard/Grad_mlp.fc2.lora_B_block_5/events.out.tfevents.1768387349.master-192-168-8-48.1680.9,mlp.fc2.lora_B,5
1768388421.884291,1846,57.71875,0.07661298662424088,Grad/mlp.fc2.lora_B,outputs_dev/vitb16/T=vtab_Q=3bit_L=lora_2_qkv-fc1-proj-fc2/cifar/20260114184203_default_acc=53.50/tensorboard/Grad_mlp.fc2.lora_B_block_5/events.out.tfevents.1768387349.master-192-168-8-48.1680.9,mlp.fc2.lora_B,5
1768388422.261122,1847,57.75,0.13638333976268768,Grad/mlp.fc2.lora_B,outputs_dev/vitb16/T=vtab_Q=3bit_L=lora_2_qkv-fc1-proj-fc2/cifar/20260114184203_default_acc=53.50/tensorboard/Grad_mlp.fc2.lora_B_block_5/events.out.tfevents.1768387349.master-192-168-8-48.1680.9,mlp.fc2.lora_B,5
1768388422.6449893,1848,57.78125,0.09447334706783295,Grad/mlp.fc2.lora_B,outputs_dev/vitb16/T=vtab_Q=3bit_L=lora_2_qkv-fc1-proj-fc2/cifar/20260114184203_default_acc=53.50/tensorboard/Grad_mlp.fc2.lora_B_block_5/events.out.tfevents.1768387349.master-192-168-8-48.1680.9,mlp.fc2.lora_B,5
1768388423.0327795,1849,57.8125,0.0635627880692482,Grad/mlp.fc2.lora_B,outputs_dev/vitb16/T=vtab_Q=3bit_L=lora_2_qkv-fc1-proj-fc2/cifar/20260114184203_default_acc=53.50/tensorboard/Grad_mlp.fc2.lora_B_block_5/events.out.tfevents.1768387349.master-192-168-8-48.1680.9,mlp.fc2.lora_B,5
1768388423.4366598,1850,57.84375,0.08314888179302216,Grad/mlp.fc2.lora_B,outputs_dev/vitb16/T=vtab_Q=3bit_L=lora_2_qkv-fc1-proj-fc2/cifar/20260114184203_default_acc=53.50/tensorboard/Grad_mlp.fc2.lora_B_block_5/events.out.tfevents.1768387349.master-192-168-8-48.1680.9,mlp.fc2.lora_B,5
1768388423.8247952,1851,57.875,0.05710388720035553,Grad/mlp.fc2.lora_B,outputs_dev/vitb16/T=vtab_Q=3bit_L=lora_2_qkv-fc1-proj-fc2/cifar/20260114184203_default_acc=53.50/tensorboard/Grad_mlp.fc2.lora_B_block_5/events.out.tfevents.1768387349.master-192-168-8-48.1680.9,mlp.fc2.lora_B,5
1768388424.2173386,1852,57.90625,0.21925364434719086,Grad/mlp.fc2.lora_B,outputs_dev/vitb16/T=vtab_Q=3bit_L=lora_2_qkv-fc1-proj-fc2/cifar/20260114184203_default_acc=53.50/tensorboard/Grad_mlp.fc2.lora_B_block_5/events.out.tfevents.1768387349.master-192-168-8-48.1680.9,mlp.fc2.lora_B,5
1768388424.6172488,1853,57.9375,0.20851807296276093,Grad/mlp.fc2.lora_B,outputs_dev/vitb16/T=vtab_Q=3bit_L=lora_2_qkv-fc1-proj-fc2/cifar/20260114184203_default_acc=53.50/tensorboard/Grad_mlp.fc2.lora_B_block_5/events.out.tfevents.1768387349.master-192-168-8-48.1680.9,mlp.fc2.lora_B,5
1768388425.0072289,1854,57.96875,0.08394461870193481,Grad/mlp.fc2.lora_B,outputs_dev/vitb16/T=vtab_Q=3bit_L=lora_2_qkv-fc1-proj-fc2/cifar/20260114184203_default_acc=53.50/tensorboard/Grad_mlp.fc2.lora_B_block_5/events.out.tfevents.1768387349.master-192-168-8-48.1680.9,mlp.fc2.lora_B,5
1768388425.193164,1855,58.0,0.10281209647655487,Grad/mlp.fc2.lora_B,outputs_dev/vitb16/T=vtab_Q=3bit_L=lora_2_qkv-fc1-proj-fc2/cifar/20260114184203_default_acc=53.50/tensorboard/Grad_mlp.fc2.lora_B_block_5/events.out.tfevents.1768387349.master-192-168-8-48.1680.9,mlp.fc2.lora_B,5
1768388425.7650125,1856,58.03125,0.03965497016906738,Grad/mlp.fc2.lora_B,outputs_dev/vitb16/T=vtab_Q=3bit_L=lora_2_qkv-fc1-proj-fc2/cifar/20260114184203_default_acc=53.50/tensorboard/Grad_mlp.fc2.lora_B_block_5/events.out.tfevents.1768387349.master-192-168-8-48.1680.9,mlp.fc2.lora_B,5
1768388426.1743798,1857,58.0625,0.07281340658664703,Grad/mlp.fc2.lora_B,outputs_dev/vitb16/T=vtab_Q=3bit_L=lora_2_qkv-fc1-proj-fc2/cifar/20260114184203_default_acc=53.50/tensorboard/Grad_mlp.fc2.lora_B_block_5/events.out.tfevents.1768387349.master-192-168-8-48.1680.9,mlp.fc2.lora_B,5
1768388426.589513,1858,58.09375,0.054891809821128845,Grad/mlp.fc2.lora_B,outputs_dev/vitb16/T=vtab_Q=3bit_L=lora_2_qkv-fc1-proj-fc2/cifar/20260114184203_default_acc=53.50/tensorboard/Grad_mlp.fc2.lora_B_block_5/events.out.tfevents.1768387349.master-192-168-8-48.1680.9,mlp.fc2.lora_B,5
1768388426.983658,1859,58.125,0.030924411490559578,Grad/mlp.fc2.lora_B,outputs_dev/vitb16/T=vtab_Q=3bit_L=lora_2_qkv-fc1-proj-fc2/cifar/20260114184203_default_acc=53.50/tensorboard/Grad_mlp.fc2.lora_B_block_5/events.out.tfevents.1768387349.master-192-168-8-48.1680.9,mlp.fc2.lora_B,5
1768388427.391058,1860,58.15625,0.029488788917660713,Grad/mlp.fc2.lora_B,outputs_dev/vitb16/T=vtab_Q=3bit_L=lora_2_qkv-fc1-proj-fc2/cifar/20260114184203_default_acc=53.50/tensorboard/Grad_mlp.fc2.lora_B_block_5/events.out.tfevents.1768387349.master-192-168-8-48.1680.9,mlp.fc2.lora_B,5
1768388427.799192,1861,58.1875,0.20288614928722382,Grad/mlp.fc2.lora_B,outputs_dev/vitb16/T=vtab_Q=3bit_L=lora_2_qkv-fc1-proj-fc2/cifar/20260114184203_default_acc=53.50/tensorboard/Grad_mlp.fc2.lora_B_block_5/events.out.tfevents.1768387349.master-192-168-8-48.1680.9,mlp.fc2.lora_B,5
1768388428.1801286,1862,58.21875,0.11927738040685654,Grad/mlp.fc2.lora_B,outputs_dev/vitb16/T=vtab_Q=3bit_L=lora_2_qkv-fc1-proj-fc2/cifar/20260114184203_default_acc=53.50/tensorboard/Grad_mlp.fc2.lora_B_block_5/events.out.tfevents.1768387349.master-192-168-8-48.1680.9,mlp.fc2.lora_B,5
1768388428.5843725,1863,58.25,0.060969047248363495,Grad/mlp.fc2.lora_B,outputs_dev/vitb16/T=vtab_Q=3bit_L=lora_2_qkv-fc1-proj-fc2/cifar/20260114184203_default_acc=53.50/tensorboard/Grad_mlp.fc2.lora_B_block_5/events.out.tfevents.1768387349.master-192-168-8-48.1680.9,mlp.fc2.lora_B,5
1768388428.9618952,1864,58.28125,0.06739240884780884,Grad/mlp.fc2.lora_B,outputs_dev/vitb16/T=vtab_Q=3bit_L=lora_2_qkv-fc1-proj-fc2/cifar/20260114184203_default_acc=53.50/tensorboard/Grad_mlp.fc2.lora_B_block_5/events.out.tfevents.1768387349.master-192-168-8-48.1680.9,mlp.fc2.lora_B,5
1768388429.364943,1865,58.3125,0.06486678868532181,Grad/mlp.fc2.lora_B,outputs_dev/vitb16/T=vtab_Q=3bit_L=lora_2_qkv-fc1-proj-fc2/cifar/20260114184203_default_acc=53.50/tensorboard/Grad_mlp.fc2.lora_B_block_5/events.out.tfevents.1768387349.master-192-168-8-48.1680.9,mlp.fc2.lora_B,5
1768388429.7535806,1866,58.34375,0.0657956600189209,Grad/mlp.fc2.lora_B,outputs_dev/vitb16/T=vtab_Q=3bit_L=lora_2_qkv-fc1-proj-fc2/cifar/20260114184203_default_acc=53.50/tensorboard/Grad_mlp.fc2.lora_B_block_5/events.out.tfevents.1768387349.master-192-168-8-48.1680.9,mlp.fc2.lora_B,5
1768388430.1471372,1867,58.375,0.16829140484333038,Grad/mlp.fc2.lora_B,outputs_dev/vitb16/T=vtab_Q=3bit_L=lora_2_qkv-fc1-proj-fc2/cifar/20260114184203_default_acc=53.50/tensorboard/Grad_mlp.fc2.lora_B_block_5/events.out.tfevents.1768387349.master-192-168-8-48.1680.9,mlp.fc2.lora_B,5
1768388430.5470042,1868,58.40625,0.09928295016288757,Grad/mlp.fc2.lora_B,outputs_dev/vitb16/T=vtab_Q=3bit_L=lora_2_qkv-fc1-proj-fc2/cifar/20260114184203_default_acc=53.50/tensorboard/Grad_mlp.fc2.lora_B_block_5/events.out.tfevents.1768387349.master-192-168-8-48.1680.9,mlp.fc2.lora_B,5
1768388430.956789,1869,58.4375,0.07343937456607819,Grad/mlp.fc2.lora_B,outputs_dev/vitb16/T=vtab_Q=3bit_L=lora_2_qkv-fc1-proj-fc2/cifar/20260114184203_default_acc=53.50/tensorboard/Grad_mlp.fc2.lora_B_block_5/events.out.tfevents.1768387349.master-192-168-8-48.1680.9,mlp.fc2.lora_B,5
1768388431.3369021,1870,58.46875,0.06187320128083229,Grad/mlp.fc2.lora_B,outputs_dev/vitb16/T=vtab_Q=3bit_L=lora_2_qkv-fc1-proj-fc2/cifar/20260114184203_default_acc=53.50/tensorboard/Grad_mlp.fc2.lora_B_block_5/events.out.tfevents.1768387349.master-192-168-8-48.1680.9,mlp.fc2.lora_B,5
1768388431.718513,1871,58.5,0.029859494417905807,Grad/mlp.fc2.lora_B,outputs_dev/vitb16/T=vtab_Q=3bit_L=lora_2_qkv-fc1-proj-fc2/cifar/20260114184203_default_acc=53.50/tensorboard/Grad_mlp.fc2.lora_B_block_5/events.out.tfevents.1768387349.master-192-168-8-48.1680.9,mlp.fc2.lora_B,5
1768388432.1244428,1872,58.53125,0.05535051226615906,Grad/mlp.fc2.lora_B,outputs_dev/vitb16/T=vtab_Q=3bit_L=lora_2_qkv-fc1-proj-fc2/cifar/20260114184203_default_acc=53.50/tensorboard/Grad_mlp.fc2.lora_B_block_5/events.out.tfevents.1768387349.master-192-168-8-48.1680.9,mlp.fc2.lora_B,5
1768388432.5292091,1873,58.5625,0.0936795100569725,Grad/mlp.fc2.lora_B,outputs_dev/vitb16/T=vtab_Q=3bit_L=lora_2_qkv-fc1-proj-fc2/cifar/20260114184203_default_acc=53.50/tensorboard/Grad_mlp.fc2.lora_B_block_5/events.out.tfevents.1768387349.master-192-168-8-48.1680.9,mlp.fc2.lora_B,5
1768388432.9183795,1874,58.59375,0.3418881595134735,Grad/mlp.fc2.lora_B,outputs_dev/vitb16/T=vtab_Q=3bit_L=lora_2_qkv-fc1-proj-fc2/cifar/20260114184203_default_acc=53.50/tensorboard/Grad_mlp.fc2.lora_B_block_5/events.out.tfevents.1768387349.master-192-168-8-48.1680.9,mlp.fc2.lora_B,5
1768388433.309955,1875,58.625,0.03753736615180969,Grad/mlp.fc2.lora_B,outputs_dev/vitb16/T=vtab_Q=3bit_L=lora_2_qkv-fc1-proj-fc2/cifar/20260114184203_default_acc=53.50/tensorboard/Grad_mlp.fc2.lora_B_block_5/events.out.tfevents.1768387349.master-192-168-8-48.1680.9,mlp.fc2.lora_B,5
1768388433.7147098,1876,58.65625,0.04401953145861626,Grad/mlp.fc2.lora_B,outputs_dev/vitb16/T=vtab_Q=3bit_L=lora_2_qkv-fc1-proj-fc2/cifar/20260114184203_default_acc=53.50/tensorboard/Grad_mlp.fc2.lora_B_block_5/events.out.tfevents.1768387349.master-192-168-8-48.1680.9,mlp.fc2.lora_B,5
1768388434.0963585,1877,58.6875,0.051686882972717285,Grad/mlp.fc2.lora_B,outputs_dev/vitb16/T=vtab_Q=3bit_L=lora_2_qkv-fc1-proj-fc2/cifar/20260114184203_default_acc=53.50/tensorboard/Grad_mlp.fc2.lora_B_block_5/events.out.tfevents.1768387349.master-192-168-8-48.1680.9,mlp.fc2.lora_B,5
1768388434.5016494,1878,58.71875,0.01742272637784481,Grad/mlp.fc2.lora_B,outputs_dev/vitb16/T=vtab_Q=3bit_L=lora_2_qkv-fc1-proj-fc2/cifar/20260114184203_default_acc=53.50/tensorboard/Grad_mlp.fc2.lora_B_block_5/events.out.tfevents.1768387349.master-192-168-8-48.1680.9,mlp.fc2.lora_B,5
1768388434.9044435,1879,58.75,0.12714658677577972,Grad/mlp.fc2.lora_B,outputs_dev/vitb16/T=vtab_Q=3bit_L=lora_2_qkv-fc1-proj-fc2/cifar/20260114184203_default_acc=53.50/tensorboard/Grad_mlp.fc2.lora_B_block_5/events.out.tfevents.1768387349.master-192-168-8-48.1680.9,mlp.fc2.lora_B,5
1768388435.295993,1880,58.78125,0.045581065118312836,Grad/mlp.fc2.lora_B,outputs_dev/vitb16/T=vtab_Q=3bit_L=lora_2_qkv-fc1-proj-fc2/cifar/20260114184203_default_acc=53.50/tensorboard/Grad_mlp.fc2.lora_B_block_5/events.out.tfevents.1768387349.master-192-168-8-48.1680.9,mlp.fc2.lora_B,5
1768388435.6994126,1881,58.8125,0.08420297503471375,Grad/mlp.fc2.lora_B,outputs_dev/vitb16/T=vtab_Q=3bit_L=lora_2_qkv-fc1-proj-fc2/cifar/20260114184203_default_acc=53.50/tensorboard/Grad_mlp.fc2.lora_B_block_5/events.out.tfevents.1768387349.master-192-168-8-48.1680.9,mlp.fc2.lora_B,5
1768388436.0905006,1882,58.84375,0.13009248673915863,Grad/mlp.fc2.lora_B,outputs_dev/vitb16/T=vtab_Q=3bit_L=lora_2_qkv-fc1-proj-fc2/cifar/20260114184203_default_acc=53.50/tensorboard/Grad_mlp.fc2.lora_B_block_5/events.out.tfevents.1768387349.master-192-168-8-48.1680.9,mlp.fc2.lora_B,5
1768388436.4787652,1883,58.875,0.03974386304616928,Grad/mlp.fc2.lora_B,outputs_dev/vitb16/T=vtab_Q=3bit_L=lora_2_qkv-fc1-proj-fc2/cifar/20260114184203_default_acc=53.50/tensorboard/Grad_mlp.fc2.lora_B_block_5/events.out.tfevents.1768387349.master-192-168-8-48.1680.9,mlp.fc2.lora_B,5
1768388436.8815653,1884,58.90625,0.23122958838939667,Grad/mlp.fc2.lora_B,outputs_dev/vitb16/T=vtab_Q=3bit_L=lora_2_qkv-fc1-proj-fc2/cifar/20260114184203_default_acc=53.50/tensorboard/Grad_mlp.fc2.lora_B_block_5/events.out.tfevents.1768387349.master-192-168-8-48.1680.9,mlp.fc2.lora_B,5
1768388437.2870133,1885,58.9375,0.06609059125185013,Grad/mlp.fc2.lora_B,outputs_dev/vitb16/T=vtab_Q=3bit_L=lora_2_qkv-fc1-proj-fc2/cifar/20260114184203_default_acc=53.50/tensorboard/Grad_mlp.fc2.lora_B_block_5/events.out.tfevents.1768387349.master-192-168-8-48.1680.9,mlp.fc2.lora_B,5
1768388437.689858,1886,58.96875,0.04064769670367241,Grad/mlp.fc2.lora_B,outputs_dev/vitb16/T=vtab_Q=3bit_L=lora_2_qkv-fc1-proj-fc2/cifar/20260114184203_default_acc=53.50/tensorboard/Grad_mlp.fc2.lora_B_block_5/events.out.tfevents.1768387349.master-192-168-8-48.1680.9,mlp.fc2.lora_B,5
1768388437.895258,1887,59.0,0.04874466732144356,Grad/mlp.fc2.lora_B,outputs_dev/vitb16/T=vtab_Q=3bit_L=lora_2_qkv-fc1-proj-fc2/cifar/20260114184203_default_acc=53.50/tensorboard/Grad_mlp.fc2.lora_B_block_5/events.out.tfevents.1768387349.master-192-168-8-48.1680.9,mlp.fc2.lora_B,5
1768388438.46886,1888,59.03125,0.1321011334657669,Grad/mlp.fc2.lora_B,outputs_dev/vitb16/T=vtab_Q=3bit_L=lora_2_qkv-fc1-proj-fc2/cifar/20260114184203_default_acc=53.50/tensorboard/Grad_mlp.fc2.lora_B_block_5/events.out.tfevents.1768387349.master-192-168-8-48.1680.9,mlp.fc2.lora_B,5
1768388438.8824487,1889,59.0625,0.09690489619970322,Grad/mlp.fc2.lora_B,outputs_dev/vitb16/T=vtab_Q=3bit_L=lora_2_qkv-fc1-proj-fc2/cifar/20260114184203_default_acc=53.50/tensorboard/Grad_mlp.fc2.lora_B_block_5/events.out.tfevents.1768387349.master-192-168-8-48.1680.9,mlp.fc2.lora_B,5
1768388439.2728555,1890,59.09375,0.05051605403423309,Grad/mlp.fc2.lora_B,outputs_dev/vitb16/T=vtab_Q=3bit_L=lora_2_qkv-fc1-proj-fc2/cifar/20260114184203_default_acc=53.50/tensorboard/Grad_mlp.fc2.lora_B_block_5/events.out.tfevents.1768387349.master-192-168-8-48.1680.9,mlp.fc2.lora_B,5
1768388439.6676059,1891,59.125,0.11799568682909012,Grad/mlp.fc2.lora_B,outputs_dev/vitb16/T=vtab_Q=3bit_L=lora_2_qkv-fc1-proj-fc2/cifar/20260114184203_default_acc=53.50/tensorboard/Grad_mlp.fc2.lora_B_block_5/events.out.tfevents.1768387349.master-192-168-8-48.1680.9,mlp.fc2.lora_B,5
1768388440.0581446,1892,59.15625,0.17749372124671936,Grad/mlp.fc2.lora_B,outputs_dev/vitb16/T=vtab_Q=3bit_L=lora_2_qkv-fc1-proj-fc2/cifar/20260114184203_default_acc=53.50/tensorboard/Grad_mlp.fc2.lora_B_block_5/events.out.tfevents.1768387349.master-192-168-8-48.1680.9,mlp.fc2.lora_B,5
1768388440.4623725,1893,59.1875,0.03242981433868408,Grad/mlp.fc2.lora_B,outputs_dev/vitb16/T=vtab_Q=3bit_L=lora_2_qkv-fc1-proj-fc2/cifar/20260114184203_default_acc=53.50/tensorboard/Grad_mlp.fc2.lora_B_block_5/events.out.tfevents.1768387349.master-192-168-8-48.1680.9,mlp.fc2.lora_B,5
1768388440.8654306,1894,59.21875,0.6000853776931763,Grad/mlp.fc2.lora_B,outputs_dev/vitb16/T=vtab_Q=3bit_L=lora_2_qkv-fc1-proj-fc2/cifar/20260114184203_default_acc=53.50/tensorboard/Grad_mlp.fc2.lora_B_block_5/events.out.tfevents.1768387349.master-192-168-8-48.1680.9,mlp.fc2.lora_B,5
1768388441.2687018,1895,59.25,0.08681083470582962,Grad/mlp.fc2.lora_B,outputs_dev/vitb16/T=vtab_Q=3bit_L=lora_2_qkv-fc1-proj-fc2/cifar/20260114184203_default_acc=53.50/tensorboard/Grad_mlp.fc2.lora_B_block_5/events.out.tfevents.1768387349.master-192-168-8-48.1680.9,mlp.fc2.lora_B,5
1768388441.646945,1896,59.28125,0.046408671885728836,Grad/mlp.fc2.lora_B,outputs_dev/vitb16/T=vtab_Q=3bit_L=lora_2_qkv-fc1-proj-fc2/cifar/20260114184203_default_acc=53.50/tensorboard/Grad_mlp.fc2.lora_B_block_5/events.out.tfevents.1768387349.master-192-168-8-48.1680.9,mlp.fc2.lora_B,5
1768388442.05003,1897,59.3125,0.04356074333190918,Grad/mlp.fc2.lora_B,outputs_dev/vitb16/T=vtab_Q=3bit_L=lora_2_qkv-fc1-proj-fc2/cifar/20260114184203_default_acc=53.50/tensorboard/Grad_mlp.fc2.lora_B_block_5/events.out.tfevents.1768387349.master-192-168-8-48.1680.9,mlp.fc2.lora_B,5
1768388442.453754,1898,59.34375,0.19960977137088776,Grad/mlp.fc2.lora_B,outputs_dev/vitb16/T=vtab_Q=3bit_L=lora_2_qkv-fc1-proj-fc2/cifar/20260114184203_default_acc=53.50/tensorboard/Grad_mlp.fc2.lora_B_block_5/events.out.tfevents.1768387349.master-192-168-8-48.1680.9,mlp.fc2.lora_B,5
1768388442.846584,1899,59.375,0.048390649259090424,Grad/mlp.fc2.lora_B,outputs_dev/vitb16/T=vtab_Q=3bit_L=lora_2_qkv-fc1-proj-fc2/cifar/20260114184203_default_acc=53.50/tensorboard/Grad_mlp.fc2.lora_B_block_5/events.out.tfevents.1768387349.master-192-168-8-48.1680.9,mlp.fc2.lora_B,5
1768388443.2367866,1900,59.40625,0.17568495869636536,Grad/mlp.fc2.lora_B,outputs_dev/vitb16/T=vtab_Q=3bit_L=lora_2_qkv-fc1-proj-fc2/cifar/20260114184203_default_acc=53.50/tensorboard/Grad_mlp.fc2.lora_B_block_5/events.out.tfevents.1768387349.master-192-168-8-48.1680.9,mlp.fc2.lora_B,5
1768388443.6389682,1901,59.4375,0.24193696677684784,Grad/mlp.fc2.lora_B,outputs_dev/vitb16/T=vtab_Q=3bit_L=lora_2_qkv-fc1-proj-fc2/cifar/20260114184203_default_acc=53.50/tensorboard/Grad_mlp.fc2.lora_B_block_5/events.out.tfevents.1768387349.master-192-168-8-48.1680.9,mlp.fc2.lora_B,5
1768388444.043818,1902,59.46875,0.14009332656860352,Grad/mlp.fc2.lora_B,outputs_dev/vitb16/T=vtab_Q=3bit_L=lora_2_qkv-fc1-proj-fc2/cifar/20260114184203_default_acc=53.50/tensorboard/Grad_mlp.fc2.lora_B_block_5/events.out.tfevents.1768387349.master-192-168-8-48.1680.9,mlp.fc2.lora_B,5
1768388444.4347703,1903,59.5,0.04756772145628929,Grad/mlp.fc2.lora_B,outputs_dev/vitb16/T=vtab_Q=3bit_L=lora_2_qkv-fc1-proj-fc2/cifar/20260114184203_default_acc=53.50/tensorboard/Grad_mlp.fc2.lora_B_block_5/events.out.tfevents.1768387349.master-192-168-8-48.1680.9,mlp.fc2.lora_B,5
1768388444.8442411,1904,59.53125,0.1917342245578766,Grad/mlp.fc2.lora_B,outputs_dev/vitb16/T=vtab_Q=3bit_L=lora_2_qkv-fc1-proj-fc2/cifar/20260114184203_default_acc=53.50/tensorboard/Grad_mlp.fc2.lora_B_block_5/events.out.tfevents.1768387349.master-192-168-8-48.1680.9,mlp.fc2.lora_B,5
1768388445.2361858,1905,59.5625,0.07368496805429459,Grad/mlp.fc2.lora_B,outputs_dev/vitb16/T=vtab_Q=3bit_L=lora_2_qkv-fc1-proj-fc2/cifar/20260114184203_default_acc=53.50/tensorboard/Grad_mlp.fc2.lora_B_block_5/events.out.tfevents.1768387349.master-192-168-8-48.1680.9,mlp.fc2.lora_B,5
1768388445.6421049,1906,59.59375,0.07787159830331802,Grad/mlp.fc2.lora_B,outputs_dev/vitb16/T=vtab_Q=3bit_L=lora_2_qkv-fc1-proj-fc2/cifar/20260114184203_default_acc=53.50/tensorboard/Grad_mlp.fc2.lora_B_block_5/events.out.tfevents.1768387349.master-192-168-8-48.1680.9,mlp.fc2.lora_B,5
1768388446.0367224,1907,59.625,0.17989878356456757,Grad/mlp.fc2.lora_B,outputs_dev/vitb16/T=vtab_Q=3bit_L=lora_2_qkv-fc1-proj-fc2/cifar/20260114184203_default_acc=53.50/tensorboard/Grad_mlp.fc2.lora_B_block_5/events.out.tfevents.1768387349.master-192-168-8-48.1680.9,mlp.fc2.lora_B,5
1768388446.4417288,1908,59.65625,0.0695679560303688,Grad/mlp.fc2.lora_B,outputs_dev/vitb16/T=vtab_Q=3bit_L=lora_2_qkv-fc1-proj-fc2/cifar/20260114184203_default_acc=53.50/tensorboard/Grad_mlp.fc2.lora_B_block_5/events.out.tfevents.1768387349.master-192-168-8-48.1680.9,mlp.fc2.lora_B,5
1768388446.8323007,1909,59.6875,0.1977989226579666,Grad/mlp.fc2.lora_B,outputs_dev/vitb16/T=vtab_Q=3bit_L=lora_2_qkv-fc1-proj-fc2/cifar/20260114184203_default_acc=53.50/tensorboard/Grad_mlp.fc2.lora_B_block_5/events.out.tfevents.1768387349.master-192-168-8-48.1680.9,mlp.fc2.lora_B,5
1768388447.2383502,1910,59.71875,0.05852663889527321,Grad/mlp.fc2.lora_B,outputs_dev/vitb16/T=vtab_Q=3bit_L=lora_2_qkv-fc1-proj-fc2/cifar/20260114184203_default_acc=53.50/tensorboard/Grad_mlp.fc2.lora_B_block_5/events.out.tfevents.1768387349.master-192-168-8-48.1680.9,mlp.fc2.lora_B,5
1768388447.6295543,1911,59.75,0.1386198252439499,Grad/mlp.fc2.lora_B,outputs_dev/vitb16/T=vtab_Q=3bit_L=lora_2_qkv-fc1-proj-fc2/cifar/20260114184203_default_acc=53.50/tensorboard/Grad_mlp.fc2.lora_B_block_5/events.out.tfevents.1768387349.master-192-168-8-48.1680.9,mlp.fc2.lora_B,5
1768388448.0213094,1912,59.78125,0.06206457316875458,Grad/mlp.fc2.lora_B,outputs_dev/vitb16/T=vtab_Q=3bit_L=lora_2_qkv-fc1-proj-fc2/cifar/20260114184203_default_acc=53.50/tensorboard/Grad_mlp.fc2.lora_B_block_5/events.out.tfevents.1768387349.master-192-168-8-48.1680.9,mlp.fc2.lora_B,5
1768388448.4125562,1913,59.8125,0.03602709621191025,Grad/mlp.fc2.lora_B,outputs_dev/vitb16/T=vtab_Q=3bit_L=lora_2_qkv-fc1-proj-fc2/cifar/20260114184203_default_acc=53.50/tensorboard/Grad_mlp.fc2.lora_B_block_5/events.out.tfevents.1768387349.master-192-168-8-48.1680.9,mlp.fc2.lora_B,5
1768388448.8024178,1914,59.84375,0.0633324608206749,Grad/mlp.fc2.lora_B,outputs_dev/vitb16/T=vtab_Q=3bit_L=lora_2_qkv-fc1-proj-fc2/cifar/20260114184203_default_acc=53.50/tensorboard/Grad_mlp.fc2.lora_B_block_5/events.out.tfevents.1768387349.master-192-168-8-48.1680.9,mlp.fc2.lora_B,5
1768388449.1905165,1915,59.875,0.13023290038108826,Grad/mlp.fc2.lora_B,outputs_dev/vitb16/T=vtab_Q=3bit_L=lora_2_qkv-fc1-proj-fc2/cifar/20260114184203_default_acc=53.50/tensorboard/Grad_mlp.fc2.lora_B_block_5/events.out.tfevents.1768387349.master-192-168-8-48.1680.9,mlp.fc2.lora_B,5
1768388449.5804074,1916,59.90625,0.061163876205682755,Grad/mlp.fc2.lora_B,outputs_dev/vitb16/T=vtab_Q=3bit_L=lora_2_qkv-fc1-proj-fc2/cifar/20260114184203_default_acc=53.50/tensorboard/Grad_mlp.fc2.lora_B_block_5/events.out.tfevents.1768387349.master-192-168-8-48.1680.9,mlp.fc2.lora_B,5
1768388449.9849358,1917,59.9375,0.17924317717552185,Grad/mlp.fc2.lora_B,outputs_dev/vitb16/T=vtab_Q=3bit_L=lora_2_qkv-fc1-proj-fc2/cifar/20260114184203_default_acc=53.50/tensorboard/Grad_mlp.fc2.lora_B_block_5/events.out.tfevents.1768387349.master-192-168-8-48.1680.9,mlp.fc2.lora_B,5
1768388450.3673596,1918,59.96875,0.05714663118124008,Grad/mlp.fc2.lora_B,outputs_dev/vitb16/T=vtab_Q=3bit_L=lora_2_qkv-fc1-proj-fc2/cifar/20260114184203_default_acc=53.50/tensorboard/Grad_mlp.fc2.lora_B_block_5/events.out.tfevents.1768387349.master-192-168-8-48.1680.9,mlp.fc2.lora_B,5
1768388450.5721447,1919,60.0,0.022772755473852158,Grad/mlp.fc2.lora_B,outputs_dev/vitb16/T=vtab_Q=3bit_L=lora_2_qkv-fc1-proj-fc2/cifar/20260114184203_default_acc=53.50/tensorboard/Grad_mlp.fc2.lora_B_block_5/events.out.tfevents.1768387349.master-192-168-8-48.1680.9,mlp.fc2.lora_B,5
1768388451.219848,1920,60.03125,0.2647283375263214,Grad/mlp.fc2.lora_B,outputs_dev/vitb16/T=vtab_Q=3bit_L=lora_2_qkv-fc1-proj-fc2/cifar/20260114184203_default_acc=53.50/tensorboard/Grad_mlp.fc2.lora_B_block_5/events.out.tfevents.1768387349.master-192-168-8-48.1680.9,mlp.fc2.lora_B,5
1768388451.6218536,1921,60.0625,0.1088443472981453,Grad/mlp.fc2.lora_B,outputs_dev/vitb16/T=vtab_Q=3bit_L=lora_2_qkv-fc1-proj-fc2/cifar/20260114184203_default_acc=53.50/tensorboard/Grad_mlp.fc2.lora_B_block_5/events.out.tfevents.1768387349.master-192-168-8-48.1680.9,mlp.fc2.lora_B,5
1768388452.000234,1922,60.09375,0.05368939787149429,Grad/mlp.fc2.lora_B,outputs_dev/vitb16/T=vtab_Q=3bit_L=lora_2_qkv-fc1-proj-fc2/cifar/20260114184203_default_acc=53.50/tensorboard/Grad_mlp.fc2.lora_B_block_5/events.out.tfevents.1768387349.master-192-168-8-48.1680.9,mlp.fc2.lora_B,5
1768388452.3745098,1923,60.125,0.1280786097049713,Grad/mlp.fc2.lora_B,outputs_dev/vitb16/T=vtab_Q=3bit_L=lora_2_qkv-fc1-proj-fc2/cifar/20260114184203_default_acc=53.50/tensorboard/Grad_mlp.fc2.lora_B_block_5/events.out.tfevents.1768387349.master-192-168-8-48.1680.9,mlp.fc2.lora_B,5
1768388452.752315,1924,60.15625,0.06344910711050034,Grad/mlp.fc2.lora_B,outputs_dev/vitb16/T=vtab_Q=3bit_L=lora_2_qkv-fc1-proj-fc2/cifar/20260114184203_default_acc=53.50/tensorboard/Grad_mlp.fc2.lora_B_block_5/events.out.tfevents.1768387349.master-192-168-8-48.1680.9,mlp.fc2.lora_B,5
1768388453.130279,1925,60.1875,0.04853042587637901,Grad/mlp.fc2.lora_B,outputs_dev/vitb16/T=vtab_Q=3bit_L=lora_2_qkv-fc1-proj-fc2/cifar/20260114184203_default_acc=53.50/tensorboard/Grad_mlp.fc2.lora_B_block_5/events.out.tfevents.1768387349.master-192-168-8-48.1680.9,mlp.fc2.lora_B,5
1768388453.5103335,1926,60.21875,0.037782132625579834,Grad/mlp.fc2.lora_B,outputs_dev/vitb16/T=vtab_Q=3bit_L=lora_2_qkv-fc1-proj-fc2/cifar/20260114184203_default_acc=53.50/tensorboard/Grad_mlp.fc2.lora_B_block_5/events.out.tfevents.1768387349.master-192-168-8-48.1680.9,mlp.fc2.lora_B,5
1768388453.8860493,1927,60.25,0.07274510711431503,Grad/mlp.fc2.lora_B,outputs_dev/vitb16/T=vtab_Q=3bit_L=lora_2_qkv-fc1-proj-fc2/cifar/20260114184203_default_acc=53.50/tensorboard/Grad_mlp.fc2.lora_B_block_5/events.out.tfevents.1768387349.master-192-168-8-48.1680.9,mlp.fc2.lora_B,5
1768388454.262426,1928,60.28125,0.17615167796611786,Grad/mlp.fc2.lora_B,outputs_dev/vitb16/T=vtab_Q=3bit_L=lora_2_qkv-fc1-proj-fc2/cifar/20260114184203_default_acc=53.50/tensorboard/Grad_mlp.fc2.lora_B_block_5/events.out.tfevents.1768387349.master-192-168-8-48.1680.9,mlp.fc2.lora_B,5
1768388454.6525364,1929,60.3125,0.08608091622591019,Grad/mlp.fc2.lora_B,outputs_dev/vitb16/T=vtab_Q=3bit_L=lora_2_qkv-fc1-proj-fc2/cifar/20260114184203_default_acc=53.50/tensorboard/Grad_mlp.fc2.lora_B_block_5/events.out.tfevents.1768387349.master-192-168-8-48.1680.9,mlp.fc2.lora_B,5
1768388455.0426157,1930,60.34375,0.03655035421252251,Grad/mlp.fc2.lora_B,outputs_dev/vitb16/T=vtab_Q=3bit_L=lora_2_qkv-fc1-proj-fc2/cifar/20260114184203_default_acc=53.50/tensorboard/Grad_mlp.fc2.lora_B_block_5/events.out.tfevents.1768387349.master-192-168-8-48.1680.9,mlp.fc2.lora_B,5
1768388455.4332542,1931,60.375,0.22081103920936584,Grad/mlp.fc2.lora_B,outputs_dev/vitb16/T=vtab_Q=3bit_L=lora_2_qkv-fc1-proj-fc2/cifar/20260114184203_default_acc=53.50/tensorboard/Grad_mlp.fc2.lora_B_block_5/events.out.tfevents.1768387349.master-192-168-8-48.1680.9,mlp.fc2.lora_B,5
1768388455.823436,1932,60.40625,0.049372848123311996,Grad/mlp.fc2.lora_B,outputs_dev/vitb16/T=vtab_Q=3bit_L=lora_2_qkv-fc1-proj-fc2/cifar/20260114184203_default_acc=53.50/tensorboard/Grad_mlp.fc2.lora_B_block_5/events.out.tfevents.1768387349.master-192-168-8-48.1680.9,mlp.fc2.lora_B,5
1768388456.225082,1933,60.4375,0.11649198085069656,Grad/mlp.fc2.lora_B,outputs_dev/vitb16/T=vtab_Q=3bit_L=lora_2_qkv-fc1-proj-fc2/cifar/20260114184203_default_acc=53.50/tensorboard/Grad_mlp.fc2.lora_B_block_5/events.out.tfevents.1768387349.master-192-168-8-48.1680.9,mlp.fc2.lora_B,5
1768388456.617864,1934,60.46875,0.026481229811906815,Grad/mlp.fc2.lora_B,outputs_dev/vitb16/T=vtab_Q=3bit_L=lora_2_qkv-fc1-proj-fc2/cifar/20260114184203_default_acc=53.50/tensorboard/Grad_mlp.fc2.lora_B_block_5/events.out.tfevents.1768387349.master-192-168-8-48.1680.9,mlp.fc2.lora_B,5
1768388457.0082102,1935,60.5,0.11619749665260315,Grad/mlp.fc2.lora_B,outputs_dev/vitb16/T=vtab_Q=3bit_L=lora_2_qkv-fc1-proj-fc2/cifar/20260114184203_default_acc=53.50/tensorboard/Grad_mlp.fc2.lora_B_block_5/events.out.tfevents.1768387349.master-192-168-8-48.1680.9,mlp.fc2.lora_B,5
1768388457.3976614,1936,60.53125,0.04212772473692894,Grad/mlp.fc2.lora_B,outputs_dev/vitb16/T=vtab_Q=3bit_L=lora_2_qkv-fc1-proj-fc2/cifar/20260114184203_default_acc=53.50/tensorboard/Grad_mlp.fc2.lora_B_block_5/events.out.tfevents.1768387349.master-192-168-8-48.1680.9,mlp.fc2.lora_B,5
1768388457.7906058,1937,60.5625,0.04502496495842934,Grad/mlp.fc2.lora_B,outputs_dev/vitb16/T=vtab_Q=3bit_L=lora_2_qkv-fc1-proj-fc2/cifar/20260114184203_default_acc=53.50/tensorboard/Grad_mlp.fc2.lora_B_block_5/events.out.tfevents.1768387349.master-192-168-8-48.1680.9,mlp.fc2.lora_B,5
1768388458.1899326,1938,60.59375,0.09318144619464874,Grad/mlp.fc2.lora_B,outputs_dev/vitb16/T=vtab_Q=3bit_L=lora_2_qkv-fc1-proj-fc2/cifar/20260114184203_default_acc=53.50/tensorboard/Grad_mlp.fc2.lora_B_block_5/events.out.tfevents.1768387349.master-192-168-8-48.1680.9,mlp.fc2.lora_B,5
1768388458.581576,1939,60.625,0.036932334303855896,Grad/mlp.fc2.lora_B,outputs_dev/vitb16/T=vtab_Q=3bit_L=lora_2_qkv-fc1-proj-fc2/cifar/20260114184203_default_acc=53.50/tensorboard/Grad_mlp.fc2.lora_B_block_5/events.out.tfevents.1768387349.master-192-168-8-48.1680.9,mlp.fc2.lora_B,5
1768388458.989556,1940,60.65625,0.13708165287971497,Grad/mlp.fc2.lora_B,outputs_dev/vitb16/T=vtab_Q=3bit_L=lora_2_qkv-fc1-proj-fc2/cifar/20260114184203_default_acc=53.50/tensorboard/Grad_mlp.fc2.lora_B_block_5/events.out.tfevents.1768387349.master-192-168-8-48.1680.9,mlp.fc2.lora_B,5
1768388459.393929,1941,60.6875,0.12635374069213867,Grad/mlp.fc2.lora_B,outputs_dev/vitb16/T=vtab_Q=3bit_L=lora_2_qkv-fc1-proj-fc2/cifar/20260114184203_default_acc=53.50/tensorboard/Grad_mlp.fc2.lora_B_block_5/events.out.tfevents.1768387349.master-192-168-8-48.1680.9,mlp.fc2.lora_B,5
1768388459.797949,1942,60.71875,0.07672860473394394,Grad/mlp.fc2.lora_B,outputs_dev/vitb16/T=vtab_Q=3bit_L=lora_2_qkv-fc1-proj-fc2/cifar/20260114184203_default_acc=53.50/tensorboard/Grad_mlp.fc2.lora_B_block_5/events.out.tfevents.1768387349.master-192-168-8-48.1680.9,mlp.fc2.lora_B,5
1768388460.168492,1943,60.75,0.07164668291807175,Grad/mlp.fc2.lora_B,outputs_dev/vitb16/T=vtab_Q=3bit_L=lora_2_qkv-fc1-proj-fc2/cifar/20260114184203_default_acc=53.50/tensorboard/Grad_mlp.fc2.lora_B_block_5/events.out.tfevents.1768387349.master-192-168-8-48.1680.9,mlp.fc2.lora_B,5
1768388460.5738776,1944,60.78125,0.10909246653318405,Grad/mlp.fc2.lora_B,outputs_dev/vitb16/T=vtab_Q=3bit_L=lora_2_qkv-fc1-proj-fc2/cifar/20260114184203_default_acc=53.50/tensorboard/Grad_mlp.fc2.lora_B_block_5/events.out.tfevents.1768387349.master-192-168-8-48.1680.9,mlp.fc2.lora_B,5
1768388460.9804535,1945,60.8125,0.08903656154870987,Grad/mlp.fc2.lora_B,outputs_dev/vitb16/T=vtab_Q=3bit_L=lora_2_qkv-fc1-proj-fc2/cifar/20260114184203_default_acc=53.50/tensorboard/Grad_mlp.fc2.lora_B_block_5/events.out.tfevents.1768387349.master-192-168-8-48.1680.9,mlp.fc2.lora_B,5
1768388461.386543,1946,60.84375,0.1669703871011734,Grad/mlp.fc2.lora_B,outputs_dev/vitb16/T=vtab_Q=3bit_L=lora_2_qkv-fc1-proj-fc2/cifar/20260114184203_default_acc=53.50/tensorboard/Grad_mlp.fc2.lora_B_block_5/events.out.tfevents.1768387349.master-192-168-8-48.1680.9,mlp.fc2.lora_B,5
1768388461.776479,1947,60.875,0.0580114908516407,Grad/mlp.fc2.lora_B,outputs_dev/vitb16/T=vtab_Q=3bit_L=lora_2_qkv-fc1-proj-fc2/cifar/20260114184203_default_acc=53.50/tensorboard/Grad_mlp.fc2.lora_B_block_5/events.out.tfevents.1768387349.master-192-168-8-48.1680.9,mlp.fc2.lora_B,5
1768388462.1665497,1948,60.90625,0.03935662657022476,Grad/mlp.fc2.lora_B,outputs_dev/vitb16/T=vtab_Q=3bit_L=lora_2_qkv-fc1-proj-fc2/cifar/20260114184203_default_acc=53.50/tensorboard/Grad_mlp.fc2.lora_B_block_5/events.out.tfevents.1768387349.master-192-168-8-48.1680.9,mlp.fc2.lora_B,5
1768388462.5708292,1949,60.9375,0.04768835008144379,Grad/mlp.fc2.lora_B,outputs_dev/vitb16/T=vtab_Q=3bit_L=lora_2_qkv-fc1-proj-fc2/cifar/20260114184203_default_acc=53.50/tensorboard/Grad_mlp.fc2.lora_B_block_5/events.out.tfevents.1768387349.master-192-168-8-48.1680.9,mlp.fc2.lora_B,5
1768388462.9591165,1950,60.96875,0.0610823817551136,Grad/mlp.fc2.lora_B,outputs_dev/vitb16/T=vtab_Q=3bit_L=lora_2_qkv-fc1-proj-fc2/cifar/20260114184203_default_acc=53.50/tensorboard/Grad_mlp.fc2.lora_B_block_5/events.out.tfevents.1768387349.master-192-168-8-48.1680.9,mlp.fc2.lora_B,5
1768388463.1668172,1951,61.0,0.10392826795578003,Grad/mlp.fc2.lora_B,outputs_dev/vitb16/T=vtab_Q=3bit_L=lora_2_qkv-fc1-proj-fc2/cifar/20260114184203_default_acc=53.50/tensorboard/Grad_mlp.fc2.lora_B_block_5/events.out.tfevents.1768387349.master-192-168-8-48.1680.9,mlp.fc2.lora_B,5
1768388501.2057383,1952,61.03125,0.03690974414348602,Grad/mlp.fc2.lora_B,outputs_dev/vitb16/T=vtab_Q=3bit_L=lora_2_qkv-fc1-proj-fc2/cifar/20260114184203_default_acc=53.50/tensorboard/Grad_mlp.fc2.lora_B_block_5/events.out.tfevents.1768387349.master-192-168-8-48.1680.9,mlp.fc2.lora_B,5
1768388501.6101813,1953,61.0625,0.12462747097015381,Grad/mlp.fc2.lora_B,outputs_dev/vitb16/T=vtab_Q=3bit_L=lora_2_qkv-fc1-proj-fc2/cifar/20260114184203_default_acc=53.50/tensorboard/Grad_mlp.fc2.lora_B_block_5/events.out.tfevents.1768387349.master-192-168-8-48.1680.9,mlp.fc2.lora_B,5
1768388502.009166,1954,61.09375,0.027281181886792183,Grad/mlp.fc2.lora_B,outputs_dev/vitb16/T=vtab_Q=3bit_L=lora_2_qkv-fc1-proj-fc2/cifar/20260114184203_default_acc=53.50/tensorboard/Grad_mlp.fc2.lora_B_block_5/events.out.tfevents.1768387349.master-192-168-8-48.1680.9,mlp.fc2.lora_B,5
1768388502.4019554,1955,61.125,0.03678655996918678,Grad/mlp.fc2.lora_B,outputs_dev/vitb16/T=vtab_Q=3bit_L=lora_2_qkv-fc1-proj-fc2/cifar/20260114184203_default_acc=53.50/tensorboard/Grad_mlp.fc2.lora_B_block_5/events.out.tfevents.1768387349.master-192-168-8-48.1680.9,mlp.fc2.lora_B,5
1768388502.791694,1956,61.15625,0.041836339980363846,Grad/mlp.fc2.lora_B,outputs_dev/vitb16/T=vtab_Q=3bit_L=lora_2_qkv-fc1-proj-fc2/cifar/20260114184203_default_acc=53.50/tensorboard/Grad_mlp.fc2.lora_B_block_5/events.out.tfevents.1768387349.master-192-168-8-48.1680.9,mlp.fc2.lora_B,5
1768388503.1845593,1957,61.1875,0.030267024412751198,Grad/mlp.fc2.lora_B,outputs_dev/vitb16/T=vtab_Q=3bit_L=lora_2_qkv-fc1-proj-fc2/cifar/20260114184203_default_acc=53.50/tensorboard/Grad_mlp.fc2.lora_B_block_5/events.out.tfevents.1768387349.master-192-168-8-48.1680.9,mlp.fc2.lora_B,5
1768388503.5766776,1958,61.21875,0.054024215787649155,Grad/mlp.fc2.lora_B,outputs_dev/vitb16/T=vtab_Q=3bit_L=lora_2_qkv-fc1-proj-fc2/cifar/20260114184203_default_acc=53.50/tensorboard/Grad_mlp.fc2.lora_B_block_5/events.out.tfevents.1768387349.master-192-168-8-48.1680.9,mlp.fc2.lora_B,5
1768388503.9685016,1959,61.25,0.33238986134529114,Grad/mlp.fc2.lora_B,outputs_dev/vitb16/T=vtab_Q=3bit_L=lora_2_qkv-fc1-proj-fc2/cifar/20260114184203_default_acc=53.50/tensorboard/Grad_mlp.fc2.lora_B_block_5/events.out.tfevents.1768387349.master-192-168-8-48.1680.9,mlp.fc2.lora_B,5
1768388504.359866,1960,61.28125,0.061614327132701874,Grad/mlp.fc2.lora_B,outputs_dev/vitb16/T=vtab_Q=3bit_L=lora_2_qkv-fc1-proj-fc2/cifar/20260114184203_default_acc=53.50/tensorboard/Grad_mlp.fc2.lora_B_block_5/events.out.tfevents.1768387349.master-192-168-8-48.1680.9,mlp.fc2.lora_B,5
1768388504.7523913,1961,61.3125,0.038136642426252365,Grad/mlp.fc2.lora_B,outputs_dev/vitb16/T=vtab_Q=3bit_L=lora_2_qkv-fc1-proj-fc2/cifar/20260114184203_default_acc=53.50/tensorboard/Grad_mlp.fc2.lora_B_block_5/events.out.tfevents.1768387349.master-192-168-8-48.1680.9,mlp.fc2.lora_B,5
1768388505.14504,1962,61.34375,0.05678747221827507,Grad/mlp.fc2.lora_B,outputs_dev/vitb16/T=vtab_Q=3bit_L=lora_2_qkv-fc1-proj-fc2/cifar/20260114184203_default_acc=53.50/tensorboard/Grad_mlp.fc2.lora_B_block_5/events.out.tfevents.1768387349.master-192-168-8-48.1680.9,mlp.fc2.lora_B,5
1768388505.536417,1963,61.375,0.175450399518013,Grad/mlp.fc2.lora_B,outputs_dev/vitb16/T=vtab_Q=3bit_L=lora_2_qkv-fc1-proj-fc2/cifar/20260114184203_default_acc=53.50/tensorboard/Grad_mlp.fc2.lora_B_block_5/events.out.tfevents.1768387349.master-192-168-8-48.1680.9,mlp.fc2.lora_B,5
1768388505.9268174,1964,61.40625,0.02202850766479969,Grad/mlp.fc2.lora_B,outputs_dev/vitb16/T=vtab_Q=3bit_L=lora_2_qkv-fc1-proj-fc2/cifar/20260114184203_default_acc=53.50/tensorboard/Grad_mlp.fc2.lora_B_block_5/events.out.tfevents.1768387349.master-192-168-8-48.1680.9,mlp.fc2.lora_B,5
1768388506.3159482,1965,61.4375,0.10432781279087067,Grad/mlp.fc2.lora_B,outputs_dev/vitb16/T=vtab_Q=3bit_L=lora_2_qkv-fc1-proj-fc2/cifar/20260114184203_default_acc=53.50/tensorboard/Grad_mlp.fc2.lora_B_block_5/events.out.tfevents.1768387349.master-192-168-8-48.1680.9,mlp.fc2.lora_B,5
1768388506.7087846,1966,61.46875,0.031154723837971687,Grad/mlp.fc2.lora_B,outputs_dev/vitb16/T=vtab_Q=3bit_L=lora_2_qkv-fc1-proj-fc2/cifar/20260114184203_default_acc=53.50/tensorboard/Grad_mlp.fc2.lora_B_block_5/events.out.tfevents.1768387349.master-192-168-8-48.1680.9,mlp.fc2.lora_B,5
1768388507.1023982,1967,61.5,0.05196177586913109,Grad/mlp.fc2.lora_B,outputs_dev/vitb16/T=vtab_Q=3bit_L=lora_2_qkv-fc1-proj-fc2/cifar/20260114184203_default_acc=53.50/tensorboard/Grad_mlp.fc2.lora_B_block_5/events.out.tfevents.1768387349.master-192-168-8-48.1680.9,mlp.fc2.lora_B,5
1768388507.4945033,1968,61.53125,0.022061463445425034,Grad/mlp.fc2.lora_B,outputs_dev/vitb16/T=vtab_Q=3bit_L=lora_2_qkv-fc1-proj-fc2/cifar/20260114184203_default_acc=53.50/tensorboard/Grad_mlp.fc2.lora_B_block_5/events.out.tfevents.1768387349.master-192-168-8-48.1680.9,mlp.fc2.lora_B,5
1768388507.897864,1969,61.5625,0.08267142623662949,Grad/mlp.fc2.lora_B,outputs_dev/vitb16/T=vtab_Q=3bit_L=lora_2_qkv-fc1-proj-fc2/cifar/20260114184203_default_acc=53.50/tensorboard/Grad_mlp.fc2.lora_B_block_5/events.out.tfevents.1768387349.master-192-168-8-48.1680.9,mlp.fc2.lora_B,5
1768388508.2895691,1970,61.59375,0.02187999337911606,Grad/mlp.fc2.lora_B,outputs_dev/vitb16/T=vtab_Q=3bit_L=lora_2_qkv-fc1-proj-fc2/cifar/20260114184203_default_acc=53.50/tensorboard/Grad_mlp.fc2.lora_B_block_5/events.out.tfevents.1768387349.master-192-168-8-48.1680.9,mlp.fc2.lora_B,5
1768388508.6929955,1971,61.625,0.232052743434906,Grad/mlp.fc2.lora_B,outputs_dev/vitb16/T=vtab_Q=3bit_L=lora_2_qkv-fc1-proj-fc2/cifar/20260114184203_default_acc=53.50/tensorboard/Grad_mlp.fc2.lora_B_block_5/events.out.tfevents.1768387349.master-192-168-8-48.1680.9,mlp.fc2.lora_B,5
1768388509.1135428,1972,61.65625,0.014241033233702183,Grad/mlp.fc2.lora_B,outputs_dev/vitb16/T=vtab_Q=3bit_L=lora_2_qkv-fc1-proj-fc2/cifar/20260114184203_default_acc=53.50/tensorboard/Grad_mlp.fc2.lora_B_block_5/events.out.tfevents.1768387349.master-192-168-8-48.1680.9,mlp.fc2.lora_B,5
1768388509.5107977,1973,61.6875,0.05433812737464905,Grad/mlp.fc2.lora_B,outputs_dev/vitb16/T=vtab_Q=3bit_L=lora_2_qkv-fc1-proj-fc2/cifar/20260114184203_default_acc=53.50/tensorboard/Grad_mlp.fc2.lora_B_block_5/events.out.tfevents.1768387349.master-192-168-8-48.1680.9,mlp.fc2.lora_B,5
1768388509.9037054,1974,61.71875,0.10248258709907532,Grad/mlp.fc2.lora_B,outputs_dev/vitb16/T=vtab_Q=3bit_L=lora_2_qkv-fc1-proj-fc2/cifar/20260114184203_default_acc=53.50/tensorboard/Grad_mlp.fc2.lora_B_block_5/events.out.tfevents.1768387349.master-192-168-8-48.1680.9,mlp.fc2.lora_B,5
1768388510.2970822,1975,61.75,0.13834793865680695,Grad/mlp.fc2.lora_B,outputs_dev/vitb16/T=vtab_Q=3bit_L=lora_2_qkv-fc1-proj-fc2/cifar/20260114184203_default_acc=53.50/tensorboard/Grad_mlp.fc2.lora_B_block_5/events.out.tfevents.1768387349.master-192-168-8-48.1680.9,mlp.fc2.lora_B,5
1768388510.70107,1976,61.78125,0.3295699954032898,Grad/mlp.fc2.lora_B,outputs_dev/vitb16/T=vtab_Q=3bit_L=lora_2_qkv-fc1-proj-fc2/cifar/20260114184203_default_acc=53.50/tensorboard/Grad_mlp.fc2.lora_B_block_5/events.out.tfevents.1768387349.master-192-168-8-48.1680.9,mlp.fc2.lora_B,5
1768388511.1073453,1977,61.8125,0.1399412602186203,Grad/mlp.fc2.lora_B,outputs_dev/vitb16/T=vtab_Q=3bit_L=lora_2_qkv-fc1-proj-fc2/cifar/20260114184203_default_acc=53.50/tensorboard/Grad_mlp.fc2.lora_B_block_5/events.out.tfevents.1768387349.master-192-168-8-48.1680.9,mlp.fc2.lora_B,5
1768388511.5206926,1978,61.84375,0.041386742144823074,Grad/mlp.fc2.lora_B,outputs_dev/vitb16/T=vtab_Q=3bit_L=lora_2_qkv-fc1-proj-fc2/cifar/20260114184203_default_acc=53.50/tensorboard/Grad_mlp.fc2.lora_B_block_5/events.out.tfevents.1768387349.master-192-168-8-48.1680.9,mlp.fc2.lora_B,5
1768388511.923849,1979,61.875,0.1153445839881897,Grad/mlp.fc2.lora_B,outputs_dev/vitb16/T=vtab_Q=3bit_L=lora_2_qkv-fc1-proj-fc2/cifar/20260114184203_default_acc=53.50/tensorboard/Grad_mlp.fc2.lora_B_block_5/events.out.tfevents.1768387349.master-192-168-8-48.1680.9,mlp.fc2.lora_B,5
1768388512.3124964,1980,61.90625,0.1871868222951889,Grad/mlp.fc2.lora_B,outputs_dev/vitb16/T=vtab_Q=3bit_L=lora_2_qkv-fc1-proj-fc2/cifar/20260114184203_default_acc=53.50/tensorboard/Grad_mlp.fc2.lora_B_block_5/events.out.tfevents.1768387349.master-192-168-8-48.1680.9,mlp.fc2.lora_B,5
1768388512.7018237,1981,61.9375,0.20071262121200562,Grad/mlp.fc2.lora_B,outputs_dev/vitb16/T=vtab_Q=3bit_L=lora_2_qkv-fc1-proj-fc2/cifar/20260114184203_default_acc=53.50/tensorboard/Grad_mlp.fc2.lora_B_block_5/events.out.tfevents.1768387349.master-192-168-8-48.1680.9,mlp.fc2.lora_B,5
1768388513.1065187,1982,61.96875,0.037447135895490646,Grad/mlp.fc2.lora_B,outputs_dev/vitb16/T=vtab_Q=3bit_L=lora_2_qkv-fc1-proj-fc2/cifar/20260114184203_default_acc=53.50/tensorboard/Grad_mlp.fc2.lora_B_block_5/events.out.tfevents.1768387349.master-192-168-8-48.1680.9,mlp.fc2.lora_B,5
1768388513.2903714,1983,62.0,0.043580953031778336,Grad/mlp.fc2.lora_B,outputs_dev/vitb16/T=vtab_Q=3bit_L=lora_2_qkv-fc1-proj-fc2/cifar/20260114184203_default_acc=53.50/tensorboard/Grad_mlp.fc2.lora_B_block_5/events.out.tfevents.1768387349.master-192-168-8-48.1680.9,mlp.fc2.lora_B,5
1768388513.9066398,1984,62.03125,0.02478412166237831,Grad/mlp.fc2.lora_B,outputs_dev/vitb16/T=vtab_Q=3bit_L=lora_2_qkv-fc1-proj-fc2/cifar/20260114184203_default_acc=53.50/tensorboard/Grad_mlp.fc2.lora_B_block_5/events.out.tfevents.1768387349.master-192-168-8-48.1680.9,mlp.fc2.lora_B,5
1768388514.302212,1985,62.0625,0.0538613498210907,Grad/mlp.fc2.lora_B,outputs_dev/vitb16/T=vtab_Q=3bit_L=lora_2_qkv-fc1-proj-fc2/cifar/20260114184203_default_acc=53.50/tensorboard/Grad_mlp.fc2.lora_B_block_5/events.out.tfevents.1768387349.master-192-168-8-48.1680.9,mlp.fc2.lora_B,5
1768388514.6952858,1986,62.09375,0.03185403347015381,Grad/mlp.fc2.lora_B,outputs_dev/vitb16/T=vtab_Q=3bit_L=lora_2_qkv-fc1-proj-fc2/cifar/20260114184203_default_acc=53.50/tensorboard/Grad_mlp.fc2.lora_B_block_5/events.out.tfevents.1768387349.master-192-168-8-48.1680.9,mlp.fc2.lora_B,5
1768388515.088303,1987,62.125,0.01615077629685402,Grad/mlp.fc2.lora_B,outputs_dev/vitb16/T=vtab_Q=3bit_L=lora_2_qkv-fc1-proj-fc2/cifar/20260114184203_default_acc=53.50/tensorboard/Grad_mlp.fc2.lora_B_block_5/events.out.tfevents.1768387349.master-192-168-8-48.1680.9,mlp.fc2.lora_B,5
1768388515.477209,1988,62.15625,0.22122101485729218,Grad/mlp.fc2.lora_B,outputs_dev/vitb16/T=vtab_Q=3bit_L=lora_2_qkv-fc1-proj-fc2/cifar/20260114184203_default_acc=53.50/tensorboard/Grad_mlp.fc2.lora_B_block_5/events.out.tfevents.1768387349.master-192-168-8-48.1680.9,mlp.fc2.lora_B,5
1768388515.8712926,1989,62.1875,0.04238726571202278,Grad/mlp.fc2.lora_B,outputs_dev/vitb16/T=vtab_Q=3bit_L=lora_2_qkv-fc1-proj-fc2/cifar/20260114184203_default_acc=53.50/tensorboard/Grad_mlp.fc2.lora_B_block_5/events.out.tfevents.1768387349.master-192-168-8-48.1680.9,mlp.fc2.lora_B,5
1768388516.261159,1990,62.21875,0.36358293890953064,Grad/mlp.fc2.lora_B,outputs_dev/vitb16/T=vtab_Q=3bit_L=lora_2_qkv-fc1-proj-fc2/cifar/20260114184203_default_acc=53.50/tensorboard/Grad_mlp.fc2.lora_B_block_5/events.out.tfevents.1768387349.master-192-168-8-48.1680.9,mlp.fc2.lora_B,5
1768388516.6489987,1991,62.25,0.17050780355930328,Grad/mlp.fc2.lora_B,outputs_dev/vitb16/T=vtab_Q=3bit_L=lora_2_qkv-fc1-proj-fc2/cifar/20260114184203_default_acc=53.50/tensorboard/Grad_mlp.fc2.lora_B_block_5/events.out.tfevents.1768387349.master-192-168-8-48.1680.9,mlp.fc2.lora_B,5
1768388517.0529962,1992,62.28125,0.07565032690763474,Grad/mlp.fc2.lora_B,outputs_dev/vitb16/T=vtab_Q=3bit_L=lora_2_qkv-fc1-proj-fc2/cifar/20260114184203_default_acc=53.50/tensorboard/Grad_mlp.fc2.lora_B_block_5/events.out.tfevents.1768387349.master-192-168-8-48.1680.9,mlp.fc2.lora_B,5
1768388517.442971,1993,62.3125,0.10668354481458664,Grad/mlp.fc2.lora_B,outputs_dev/vitb16/T=vtab_Q=3bit_L=lora_2_qkv-fc1-proj-fc2/cifar/20260114184203_default_acc=53.50/tensorboard/Grad_mlp.fc2.lora_B_block_5/events.out.tfevents.1768387349.master-192-168-8-48.1680.9,mlp.fc2.lora_B,5
1768388517.8332195,1994,62.34375,0.14491096138954163,Grad/mlp.fc2.lora_B,outputs_dev/vitb16/T=vtab_Q=3bit_L=lora_2_qkv-fc1-proj-fc2/cifar/20260114184203_default_acc=53.50/tensorboard/Grad_mlp.fc2.lora_B_block_5/events.out.tfevents.1768387349.master-192-168-8-48.1680.9,mlp.fc2.lora_B,5
1768388518.2221658,1995,62.375,0.032359249889850616,Grad/mlp.fc2.lora_B,outputs_dev/vitb16/T=vtab_Q=3bit_L=lora_2_qkv-fc1-proj-fc2/cifar/20260114184203_default_acc=53.50/tensorboard/Grad_mlp.fc2.lora_B_block_5/events.out.tfevents.1768387349.master-192-168-8-48.1680.9,mlp.fc2.lora_B,5
1768388518.611721,1996,62.40625,0.03587224334478378,Grad/mlp.fc2.lora_B,outputs_dev/vitb16/T=vtab_Q=3bit_L=lora_2_qkv-fc1-proj-fc2/cifar/20260114184203_default_acc=53.50/tensorboard/Grad_mlp.fc2.lora_B_block_5/events.out.tfevents.1768387349.master-192-168-8-48.1680.9,mlp.fc2.lora_B,5
1768388518.9999251,1997,62.4375,0.10352560132741928,Grad/mlp.fc2.lora_B,outputs_dev/vitb16/T=vtab_Q=3bit_L=lora_2_qkv-fc1-proj-fc2/cifar/20260114184203_default_acc=53.50/tensorboard/Grad_mlp.fc2.lora_B_block_5/events.out.tfevents.1768387349.master-192-168-8-48.1680.9,mlp.fc2.lora_B,5
1768388519.4033947,1998,62.46875,0.12673386931419373,Grad/mlp.fc2.lora_B,outputs_dev/vitb16/T=vtab_Q=3bit_L=lora_2_qkv-fc1-proj-fc2/cifar/20260114184203_default_acc=53.50/tensorboard/Grad_mlp.fc2.lora_B_block_5/events.out.tfevents.1768387349.master-192-168-8-48.1680.9,mlp.fc2.lora_B,5
1768388519.808618,1999,62.5,0.04294747859239578,Grad/mlp.fc2.lora_B,outputs_dev/vitb16/T=vtab_Q=3bit_L=lora_2_qkv-fc1-proj-fc2/cifar/20260114184203_default_acc=53.50/tensorboard/Grad_mlp.fc2.lora_B_block_5/events.out.tfevents.1768387349.master-192-168-8-48.1680.9,mlp.fc2.lora_B,5
1768388520.1989267,2000,62.53125,0.07483996450901031,Grad/mlp.fc2.lora_B,outputs_dev/vitb16/T=vtab_Q=3bit_L=lora_2_qkv-fc1-proj-fc2/cifar/20260114184203_default_acc=53.50/tensorboard/Grad_mlp.fc2.lora_B_block_5/events.out.tfevents.1768387349.master-192-168-8-48.1680.9,mlp.fc2.lora_B,5
1768388520.5876455,2001,62.5625,0.06118627265095711,Grad/mlp.fc2.lora_B,outputs_dev/vitb16/T=vtab_Q=3bit_L=lora_2_qkv-fc1-proj-fc2/cifar/20260114184203_default_acc=53.50/tensorboard/Grad_mlp.fc2.lora_B_block_5/events.out.tfevents.1768387349.master-192-168-8-48.1680.9,mlp.fc2.lora_B,5
1768388520.9914525,2002,62.59375,0.09126652032136917,Grad/mlp.fc2.lora_B,outputs_dev/vitb16/T=vtab_Q=3bit_L=lora_2_qkv-fc1-proj-fc2/cifar/20260114184203_default_acc=53.50/tensorboard/Grad_mlp.fc2.lora_B_block_5/events.out.tfevents.1768387349.master-192-168-8-48.1680.9,mlp.fc2.lora_B,5
1768388521.395521,2003,62.625,0.3556530773639679,Grad/mlp.fc2.lora_B,outputs_dev/vitb16/T=vtab_Q=3bit_L=lora_2_qkv-fc1-proj-fc2/cifar/20260114184203_default_acc=53.50/tensorboard/Grad_mlp.fc2.lora_B_block_5/events.out.tfevents.1768387349.master-192-168-8-48.1680.9,mlp.fc2.lora_B,5
1768388521.801163,2004,62.65625,0.06105941906571388,Grad/mlp.fc2.lora_B,outputs_dev/vitb16/T=vtab_Q=3bit_L=lora_2_qkv-fc1-proj-fc2/cifar/20260114184203_default_acc=53.50/tensorboard/Grad_mlp.fc2.lora_B_block_5/events.out.tfevents.1768387349.master-192-168-8-48.1680.9,mlp.fc2.lora_B,5
1768388522.1901278,2005,62.6875,0.04713867977261543,Grad/mlp.fc2.lora_B,outputs_dev/vitb16/T=vtab_Q=3bit_L=lora_2_qkv-fc1-proj-fc2/cifar/20260114184203_default_acc=53.50/tensorboard/Grad_mlp.fc2.lora_B_block_5/events.out.tfevents.1768387349.master-192-168-8-48.1680.9,mlp.fc2.lora_B,5
1768388522.5779624,2006,62.71875,0.2564978003501892,Grad/mlp.fc2.lora_B,outputs_dev/vitb16/T=vtab_Q=3bit_L=lora_2_qkv-fc1-proj-fc2/cifar/20260114184203_default_acc=53.50/tensorboard/Grad_mlp.fc2.lora_B_block_5/events.out.tfevents.1768387349.master-192-168-8-48.1680.9,mlp.fc2.lora_B,5
1768388522.9701314,2007,62.75,0.0782531350851059,Grad/mlp.fc2.lora_B,outputs_dev/vitb16/T=vtab_Q=3bit_L=lora_2_qkv-fc1-proj-fc2/cifar/20260114184203_default_acc=53.50/tensorboard/Grad_mlp.fc2.lora_B_block_5/events.out.tfevents.1768387349.master-192-168-8-48.1680.9,mlp.fc2.lora_B,5
1768388523.3591616,2008,62.78125,0.07464327663183212,Grad/mlp.fc2.lora_B,outputs_dev/vitb16/T=vtab_Q=3bit_L=lora_2_qkv-fc1-proj-fc2/cifar/20260114184203_default_acc=53.50/tensorboard/Grad_mlp.fc2.lora_B_block_5/events.out.tfevents.1768387349.master-192-168-8-48.1680.9,mlp.fc2.lora_B,5
1768388523.7474499,2009,62.8125,0.060875359922647476,Grad/mlp.fc2.lora_B,outputs_dev/vitb16/T=vtab_Q=3bit_L=lora_2_qkv-fc1-proj-fc2/cifar/20260114184203_default_acc=53.50/tensorboard/Grad_mlp.fc2.lora_B_block_5/events.out.tfevents.1768387349.master-192-168-8-48.1680.9,mlp.fc2.lora_B,5
1768388524.1345694,2010,62.84375,0.06268328428268433,Grad/mlp.fc2.lora_B,outputs_dev/vitb16/T=vtab_Q=3bit_L=lora_2_qkv-fc1-proj-fc2/cifar/20260114184203_default_acc=53.50/tensorboard/Grad_mlp.fc2.lora_B_block_5/events.out.tfevents.1768387349.master-192-168-8-48.1680.9,mlp.fc2.lora_B,5
1768388524.5238273,2011,62.875,0.07237043231725693,Grad/mlp.fc2.lora_B,outputs_dev/vitb16/T=vtab_Q=3bit_L=lora_2_qkv-fc1-proj-fc2/cifar/20260114184203_default_acc=53.50/tensorboard/Grad_mlp.fc2.lora_B_block_5/events.out.tfevents.1768387349.master-192-168-8-48.1680.9,mlp.fc2.lora_B,5
1768388524.9036665,2012,62.90625,0.08029601722955704,Grad/mlp.fc2.lora_B,outputs_dev/vitb16/T=vtab_Q=3bit_L=lora_2_qkv-fc1-proj-fc2/cifar/20260114184203_default_acc=53.50/tensorboard/Grad_mlp.fc2.lora_B_block_5/events.out.tfevents.1768387349.master-192-168-8-48.1680.9,mlp.fc2.lora_B,5
1768388525.2923555,2013,62.9375,0.050674136728048325,Grad/mlp.fc2.lora_B,outputs_dev/vitb16/T=vtab_Q=3bit_L=lora_2_qkv-fc1-proj-fc2/cifar/20260114184203_default_acc=53.50/tensorboard/Grad_mlp.fc2.lora_B_block_5/events.out.tfevents.1768387349.master-192-168-8-48.1680.9,mlp.fc2.lora_B,5
1768388525.6805646,2014,62.96875,0.41611284017562866,Grad/mlp.fc2.lora_B,outputs_dev/vitb16/T=vtab_Q=3bit_L=lora_2_qkv-fc1-proj-fc2/cifar/20260114184203_default_acc=53.50/tensorboard/Grad_mlp.fc2.lora_B_block_5/events.out.tfevents.1768387349.master-192-168-8-48.1680.9,mlp.fc2.lora_B,5
1768388525.8892884,2015,63.0,0.05620279908180237,Grad/mlp.fc2.lora_B,outputs_dev/vitb16/T=vtab_Q=3bit_L=lora_2_qkv-fc1-proj-fc2/cifar/20260114184203_default_acc=53.50/tensorboard/Grad_mlp.fc2.lora_B_block_5/events.out.tfevents.1768387349.master-192-168-8-48.1680.9,mlp.fc2.lora_B,5
1768388526.5044374,2016,63.03125,0.03252334147691727,Grad/mlp.fc2.lora_B,outputs_dev/vitb16/T=vtab_Q=3bit_L=lora_2_qkv-fc1-proj-fc2/cifar/20260114184203_default_acc=53.50/tensorboard/Grad_mlp.fc2.lora_B_block_5/events.out.tfevents.1768387349.master-192-168-8-48.1680.9,mlp.fc2.lora_B,5
1768388526.9360201,2017,63.0625,0.12181229889392853,Grad/mlp.fc2.lora_B,outputs_dev/vitb16/T=vtab_Q=3bit_L=lora_2_qkv-fc1-proj-fc2/cifar/20260114184203_default_acc=53.50/tensorboard/Grad_mlp.fc2.lora_B_block_5/events.out.tfevents.1768387349.master-192-168-8-48.1680.9,mlp.fc2.lora_B,5
1768388527.3300948,2018,63.09375,0.14761464297771454,Grad/mlp.fc2.lora_B,outputs_dev/vitb16/T=vtab_Q=3bit_L=lora_2_qkv-fc1-proj-fc2/cifar/20260114184203_default_acc=53.50/tensorboard/Grad_mlp.fc2.lora_B_block_5/events.out.tfevents.1768387349.master-192-168-8-48.1680.9,mlp.fc2.lora_B,5
1768388527.8846862,2019,63.125,0.05600646138191223,Grad/mlp.fc2.lora_B,outputs_dev/vitb16/T=vtab_Q=3bit_L=lora_2_qkv-fc1-proj-fc2/cifar/20260114184203_default_acc=53.50/tensorboard/Grad_mlp.fc2.lora_B_block_5/events.out.tfevents.1768387349.master-192-168-8-48.1680.9,mlp.fc2.lora_B,5
1768388528.2789085,2020,63.15625,0.0698230043053627,Grad/mlp.fc2.lora_B,outputs_dev/vitb16/T=vtab_Q=3bit_L=lora_2_qkv-fc1-proj-fc2/cifar/20260114184203_default_acc=53.50/tensorboard/Grad_mlp.fc2.lora_B_block_5/events.out.tfevents.1768387349.master-192-168-8-48.1680.9,mlp.fc2.lora_B,5
1768388528.6651185,2021,63.1875,0.07790523022413254,Grad/mlp.fc2.lora_B,outputs_dev/vitb16/T=vtab_Q=3bit_L=lora_2_qkv-fc1-proj-fc2/cifar/20260114184203_default_acc=53.50/tensorboard/Grad_mlp.fc2.lora_B_block_5/events.out.tfevents.1768387349.master-192-168-8-48.1680.9,mlp.fc2.lora_B,5
1768388529.0717874,2022,63.21875,0.09139416366815567,Grad/mlp.fc2.lora_B,outputs_dev/vitb16/T=vtab_Q=3bit_L=lora_2_qkv-fc1-proj-fc2/cifar/20260114184203_default_acc=53.50/tensorboard/Grad_mlp.fc2.lora_B_block_5/events.out.tfevents.1768387349.master-192-168-8-48.1680.9,mlp.fc2.lora_B,5
1768388529.4611368,2023,63.25,0.04223411902785301,Grad/mlp.fc2.lora_B,outputs_dev/vitb16/T=vtab_Q=3bit_L=lora_2_qkv-fc1-proj-fc2/cifar/20260114184203_default_acc=53.50/tensorboard/Grad_mlp.fc2.lora_B_block_5/events.out.tfevents.1768387349.master-192-168-8-48.1680.9,mlp.fc2.lora_B,5
1768388529.84918,2024,63.28125,0.07887092232704163,Grad/mlp.fc2.lora_B,outputs_dev/vitb16/T=vtab_Q=3bit_L=lora_2_qkv-fc1-proj-fc2/cifar/20260114184203_default_acc=53.50/tensorboard/Grad_mlp.fc2.lora_B_block_5/events.out.tfevents.1768387349.master-192-168-8-48.1680.9,mlp.fc2.lora_B,5
1768388530.2494295,2025,63.3125,0.09293393790721893,Grad/mlp.fc2.lora_B,outputs_dev/vitb16/T=vtab_Q=3bit_L=lora_2_qkv-fc1-proj-fc2/cifar/20260114184203_default_acc=53.50/tensorboard/Grad_mlp.fc2.lora_B_block_5/events.out.tfevents.1768387349.master-192-168-8-48.1680.9,mlp.fc2.lora_B,5
1768388530.6419332,2026,63.34375,0.03690345957875252,Grad/mlp.fc2.lora_B,outputs_dev/vitb16/T=vtab_Q=3bit_L=lora_2_qkv-fc1-proj-fc2/cifar/20260114184203_default_acc=53.50/tensorboard/Grad_mlp.fc2.lora_B_block_5/events.out.tfevents.1768387349.master-192-168-8-48.1680.9,mlp.fc2.lora_B,5
1768388531.0346901,2027,63.375,0.058815013617277145,Grad/mlp.fc2.lora_B,outputs_dev/vitb16/T=vtab_Q=3bit_L=lora_2_qkv-fc1-proj-fc2/cifar/20260114184203_default_acc=53.50/tensorboard/Grad_mlp.fc2.lora_B_block_5/events.out.tfevents.1768387349.master-192-168-8-48.1680.9,mlp.fc2.lora_B,5
1768388531.4256527,2028,63.40625,0.1766486018896103,Grad/mlp.fc2.lora_B,outputs_dev/vitb16/T=vtab_Q=3bit_L=lora_2_qkv-fc1-proj-fc2/cifar/20260114184203_default_acc=53.50/tensorboard/Grad_mlp.fc2.lora_B_block_5/events.out.tfevents.1768387349.master-192-168-8-48.1680.9,mlp.fc2.lora_B,5
1768388531.8196797,2029,63.4375,0.15981610119342804,Grad/mlp.fc2.lora_B,outputs_dev/vitb16/T=vtab_Q=3bit_L=lora_2_qkv-fc1-proj-fc2/cifar/20260114184203_default_acc=53.50/tensorboard/Grad_mlp.fc2.lora_B_block_5/events.out.tfevents.1768387349.master-192-168-8-48.1680.9,mlp.fc2.lora_B,5
1768388532.224652,2030,63.46875,0.04322477802634239,Grad/mlp.fc2.lora_B,outputs_dev/vitb16/T=vtab_Q=3bit_L=lora_2_qkv-fc1-proj-fc2/cifar/20260114184203_default_acc=53.50/tensorboard/Grad_mlp.fc2.lora_B_block_5/events.out.tfevents.1768387349.master-192-168-8-48.1680.9,mlp.fc2.lora_B,5
1768388532.6152325,2031,63.5,0.05542408674955368,Grad/mlp.fc2.lora_B,outputs_dev/vitb16/T=vtab_Q=3bit_L=lora_2_qkv-fc1-proj-fc2/cifar/20260114184203_default_acc=53.50/tensorboard/Grad_mlp.fc2.lora_B_block_5/events.out.tfevents.1768387349.master-192-168-8-48.1680.9,mlp.fc2.lora_B,5
1768388533.017499,2032,63.53125,0.08296218514442444,Grad/mlp.fc2.lora_B,outputs_dev/vitb16/T=vtab_Q=3bit_L=lora_2_qkv-fc1-proj-fc2/cifar/20260114184203_default_acc=53.50/tensorboard/Grad_mlp.fc2.lora_B_block_5/events.out.tfevents.1768387349.master-192-168-8-48.1680.9,mlp.fc2.lora_B,5
1768388533.4218578,2033,63.5625,0.03370632603764534,Grad/mlp.fc2.lora_B,outputs_dev/vitb16/T=vtab_Q=3bit_L=lora_2_qkv-fc1-proj-fc2/cifar/20260114184203_default_acc=53.50/tensorboard/Grad_mlp.fc2.lora_B_block_5/events.out.tfevents.1768387349.master-192-168-8-48.1680.9,mlp.fc2.lora_B,5
1768388533.826338,2034,63.59375,0.021300090476870537,Grad/mlp.fc2.lora_B,outputs_dev/vitb16/T=vtab_Q=3bit_L=lora_2_qkv-fc1-proj-fc2/cifar/20260114184203_default_acc=53.50/tensorboard/Grad_mlp.fc2.lora_B_block_5/events.out.tfevents.1768387349.master-192-168-8-48.1680.9,mlp.fc2.lora_B,5
1768388534.229266,2035,63.625,0.12644639611244202,Grad/mlp.fc2.lora_B,outputs_dev/vitb16/T=vtab_Q=3bit_L=lora_2_qkv-fc1-proj-fc2/cifar/20260114184203_default_acc=53.50/tensorboard/Grad_mlp.fc2.lora_B_block_5/events.out.tfevents.1768387349.master-192-168-8-48.1680.9,mlp.fc2.lora_B,5
1768388534.6042926,2036,63.65625,0.06308060139417648,Grad/mlp.fc2.lora_B,outputs_dev/vitb16/T=vtab_Q=3bit_L=lora_2_qkv-fc1-proj-fc2/cifar/20260114184203_default_acc=53.50/tensorboard/Grad_mlp.fc2.lora_B_block_5/events.out.tfevents.1768387349.master-192-168-8-48.1680.9,mlp.fc2.lora_B,5
1768388534.9874015,2037,63.6875,0.04494692385196686,Grad/mlp.fc2.lora_B,outputs_dev/vitb16/T=vtab_Q=3bit_L=lora_2_qkv-fc1-proj-fc2/cifar/20260114184203_default_acc=53.50/tensorboard/Grad_mlp.fc2.lora_B_block_5/events.out.tfevents.1768387349.master-192-168-8-48.1680.9,mlp.fc2.lora_B,5
1768388535.3640387,2038,63.71875,0.2943989634513855,Grad/mlp.fc2.lora_B,outputs_dev/vitb16/T=vtab_Q=3bit_L=lora_2_qkv-fc1-proj-fc2/cifar/20260114184203_default_acc=53.50/tensorboard/Grad_mlp.fc2.lora_B_block_5/events.out.tfevents.1768387349.master-192-168-8-48.1680.9,mlp.fc2.lora_B,5
1768388535.736811,2039,63.75,0.042357686907052994,Grad/mlp.fc2.lora_B,outputs_dev/vitb16/T=vtab_Q=3bit_L=lora_2_qkv-fc1-proj-fc2/cifar/20260114184203_default_acc=53.50/tensorboard/Grad_mlp.fc2.lora_B_block_5/events.out.tfevents.1768387349.master-192-168-8-48.1680.9,mlp.fc2.lora_B,5
1768388536.1121705,2040,63.78125,0.05843321979045868,Grad/mlp.fc2.lora_B,outputs_dev/vitb16/T=vtab_Q=3bit_L=lora_2_qkv-fc1-proj-fc2/cifar/20260114184203_default_acc=53.50/tensorboard/Grad_mlp.fc2.lora_B_block_5/events.out.tfevents.1768387349.master-192-168-8-48.1680.9,mlp.fc2.lora_B,5
1768388536.4885886,2041,63.8125,0.019936664029955864,Grad/mlp.fc2.lora_B,outputs_dev/vitb16/T=vtab_Q=3bit_L=lora_2_qkv-fc1-proj-fc2/cifar/20260114184203_default_acc=53.50/tensorboard/Grad_mlp.fc2.lora_B_block_5/events.out.tfevents.1768387349.master-192-168-8-48.1680.9,mlp.fc2.lora_B,5
1768388536.863308,2042,63.84375,0.07260780036449432,Grad/mlp.fc2.lora_B,outputs_dev/vitb16/T=vtab_Q=3bit_L=lora_2_qkv-fc1-proj-fc2/cifar/20260114184203_default_acc=53.50/tensorboard/Grad_mlp.fc2.lora_B_block_5/events.out.tfevents.1768387349.master-192-168-8-48.1680.9,mlp.fc2.lora_B,5
1768388537.2418547,2043,63.875,0.22301921248435974,Grad/mlp.fc2.lora_B,outputs_dev/vitb16/T=vtab_Q=3bit_L=lora_2_qkv-fc1-proj-fc2/cifar/20260114184203_default_acc=53.50/tensorboard/Grad_mlp.fc2.lora_B_block_5/events.out.tfevents.1768387349.master-192-168-8-48.1680.9,mlp.fc2.lora_B,5
1768388537.645481,2044,63.90625,0.07989377528429031,Grad/mlp.fc2.lora_B,outputs_dev/vitb16/T=vtab_Q=3bit_L=lora_2_qkv-fc1-proj-fc2/cifar/20260114184203_default_acc=53.50/tensorboard/Grad_mlp.fc2.lora_B_block_5/events.out.tfevents.1768387349.master-192-168-8-48.1680.9,mlp.fc2.lora_B,5
1768388538.03802,2045,63.9375,0.052727196365594864,Grad/mlp.fc2.lora_B,outputs_dev/vitb16/T=vtab_Q=3bit_L=lora_2_qkv-fc1-proj-fc2/cifar/20260114184203_default_acc=53.50/tensorboard/Grad_mlp.fc2.lora_B_block_5/events.out.tfevents.1768387349.master-192-168-8-48.1680.9,mlp.fc2.lora_B,5
1768388538.429723,2046,63.96875,0.08713950216770172,Grad/mlp.fc2.lora_B,outputs_dev/vitb16/T=vtab_Q=3bit_L=lora_2_qkv-fc1-proj-fc2/cifar/20260114184203_default_acc=53.50/tensorboard/Grad_mlp.fc2.lora_B_block_5/events.out.tfevents.1768387349.master-192-168-8-48.1680.9,mlp.fc2.lora_B,5
1768388538.5791817,2047,64.0,0.13962531089782715,Grad/mlp.fc2.lora_B,outputs_dev/vitb16/T=vtab_Q=3bit_L=lora_2_qkv-fc1-proj-fc2/cifar/20260114184203_default_acc=53.50/tensorboard/Grad_mlp.fc2.lora_B_block_5/events.out.tfevents.1768387349.master-192-168-8-48.1680.9,mlp.fc2.lora_B,5
1768388539.2337909,2048,64.03125,0.03342888504266739,Grad/mlp.fc2.lora_B,outputs_dev/vitb16/T=vtab_Q=3bit_L=lora_2_qkv-fc1-proj-fc2/cifar/20260114184203_default_acc=53.50/tensorboard/Grad_mlp.fc2.lora_B_block_5/events.out.tfevents.1768387349.master-192-168-8-48.1680.9,mlp.fc2.lora_B,5
1768388539.6190548,2049,64.0625,0.12573683261871338,Grad/mlp.fc2.lora_B,outputs_dev/vitb16/T=vtab_Q=3bit_L=lora_2_qkv-fc1-proj-fc2/cifar/20260114184203_default_acc=53.50/tensorboard/Grad_mlp.fc2.lora_B_block_5/events.out.tfevents.1768387349.master-192-168-8-48.1680.9,mlp.fc2.lora_B,5
1768388540.0147855,2050,64.09375,0.047511786222457886,Grad/mlp.fc2.lora_B,outputs_dev/vitb16/T=vtab_Q=3bit_L=lora_2_qkv-fc1-proj-fc2/cifar/20260114184203_default_acc=53.50/tensorboard/Grad_mlp.fc2.lora_B_block_5/events.out.tfevents.1768387349.master-192-168-8-48.1680.9,mlp.fc2.lora_B,5
1768388540.4109864,2051,64.125,0.04955832287669182,Grad/mlp.fc2.lora_B,outputs_dev/vitb16/T=vtab_Q=3bit_L=lora_2_qkv-fc1-proj-fc2/cifar/20260114184203_default_acc=53.50/tensorboard/Grad_mlp.fc2.lora_B_block_5/events.out.tfevents.1768387349.master-192-168-8-48.1680.9,mlp.fc2.lora_B,5
1768388540.8055103,2052,64.15625,0.15211212635040283,Grad/mlp.fc2.lora_B,outputs_dev/vitb16/T=vtab_Q=3bit_L=lora_2_qkv-fc1-proj-fc2/cifar/20260114184203_default_acc=53.50/tensorboard/Grad_mlp.fc2.lora_B_block_5/events.out.tfevents.1768387349.master-192-168-8-48.1680.9,mlp.fc2.lora_B,5
1768388541.1994493,2053,64.1875,0.16132915019989014,Grad/mlp.fc2.lora_B,outputs_dev/vitb16/T=vtab_Q=3bit_L=lora_2_qkv-fc1-proj-fc2/cifar/20260114184203_default_acc=53.50/tensorboard/Grad_mlp.fc2.lora_B_block_5/events.out.tfevents.1768387349.master-192-168-8-48.1680.9,mlp.fc2.lora_B,5
1768388541.5936587,2054,64.21875,0.10613104701042175,Grad/mlp.fc2.lora_B,outputs_dev/vitb16/T=vtab_Q=3bit_L=lora_2_qkv-fc1-proj-fc2/cifar/20260114184203_default_acc=53.50/tensorboard/Grad_mlp.fc2.lora_B_block_5/events.out.tfevents.1768387349.master-192-168-8-48.1680.9,mlp.fc2.lora_B,5
1768388541.989425,2055,64.25,0.06567446142435074,Grad/mlp.fc2.lora_B,outputs_dev/vitb16/T=vtab_Q=3bit_L=lora_2_qkv-fc1-proj-fc2/cifar/20260114184203_default_acc=53.50/tensorboard/Grad_mlp.fc2.lora_B_block_5/events.out.tfevents.1768387349.master-192-168-8-48.1680.9,mlp.fc2.lora_B,5
1768388542.3832028,2056,64.28125,0.01801144704222679,Grad/mlp.fc2.lora_B,outputs_dev/vitb16/T=vtab_Q=3bit_L=lora_2_qkv-fc1-proj-fc2/cifar/20260114184203_default_acc=53.50/tensorboard/Grad_mlp.fc2.lora_B_block_5/events.out.tfevents.1768387349.master-192-168-8-48.1680.9,mlp.fc2.lora_B,5
1768388542.779597,2057,64.3125,0.028776297345757484,Grad/mlp.fc2.lora_B,outputs_dev/vitb16/T=vtab_Q=3bit_L=lora_2_qkv-fc1-proj-fc2/cifar/20260114184203_default_acc=53.50/tensorboard/Grad_mlp.fc2.lora_B_block_5/events.out.tfevents.1768387349.master-192-168-8-48.1680.9,mlp.fc2.lora_B,5
1768388543.1723225,2058,64.34375,0.043056175112724304,Grad/mlp.fc2.lora_B,outputs_dev/vitb16/T=vtab_Q=3bit_L=lora_2_qkv-fc1-proj-fc2/cifar/20260114184203_default_acc=53.50/tensorboard/Grad_mlp.fc2.lora_B_block_5/events.out.tfevents.1768387349.master-192-168-8-48.1680.9,mlp.fc2.lora_B,5
1768388543.5664988,2059,64.375,0.036303553730249405,Grad/mlp.fc2.lora_B,outputs_dev/vitb16/T=vtab_Q=3bit_L=lora_2_qkv-fc1-proj-fc2/cifar/20260114184203_default_acc=53.50/tensorboard/Grad_mlp.fc2.lora_B_block_5/events.out.tfevents.1768387349.master-192-168-8-48.1680.9,mlp.fc2.lora_B,5
1768388543.9606378,2060,64.40625,0.024608472362160683,Grad/mlp.fc2.lora_B,outputs_dev/vitb16/T=vtab_Q=3bit_L=lora_2_qkv-fc1-proj-fc2/cifar/20260114184203_default_acc=53.50/tensorboard/Grad_mlp.fc2.lora_B_block_5/events.out.tfevents.1768387349.master-192-168-8-48.1680.9,mlp.fc2.lora_B,5
1768388544.3567379,2061,64.4375,0.03420177102088928,Grad/mlp.fc2.lora_B,outputs_dev/vitb16/T=vtab_Q=3bit_L=lora_2_qkv-fc1-proj-fc2/cifar/20260114184203_default_acc=53.50/tensorboard/Grad_mlp.fc2.lora_B_block_5/events.out.tfevents.1768387349.master-192-168-8-48.1680.9,mlp.fc2.lora_B,5
1768388544.751063,2062,64.46875,0.03664197400212288,Grad/mlp.fc2.lora_B,outputs_dev/vitb16/T=vtab_Q=3bit_L=lora_2_qkv-fc1-proj-fc2/cifar/20260114184203_default_acc=53.50/tensorboard/Grad_mlp.fc2.lora_B_block_5/events.out.tfevents.1768387349.master-192-168-8-48.1680.9,mlp.fc2.lora_B,5
1768388545.143823,2063,64.5,0.03542035445570946,Grad/mlp.fc2.lora_B,outputs_dev/vitb16/T=vtab_Q=3bit_L=lora_2_qkv-fc1-proj-fc2/cifar/20260114184203_default_acc=53.50/tensorboard/Grad_mlp.fc2.lora_B_block_5/events.out.tfevents.1768387349.master-192-168-8-48.1680.9,mlp.fc2.lora_B,5
1768388545.5378323,2064,64.53125,0.07230446487665176,Grad/mlp.fc2.lora_B,outputs_dev/vitb16/T=vtab_Q=3bit_L=lora_2_qkv-fc1-proj-fc2/cifar/20260114184203_default_acc=53.50/tensorboard/Grad_mlp.fc2.lora_B_block_5/events.out.tfevents.1768387349.master-192-168-8-48.1680.9,mlp.fc2.lora_B,5
1768388545.939544,2065,64.5625,0.06092163547873497,Grad/mlp.fc2.lora_B,outputs_dev/vitb16/T=vtab_Q=3bit_L=lora_2_qkv-fc1-proj-fc2/cifar/20260114184203_default_acc=53.50/tensorboard/Grad_mlp.fc2.lora_B_block_5/events.out.tfevents.1768387349.master-192-168-8-48.1680.9,mlp.fc2.lora_B,5
1768388546.3546774,2066,64.59375,0.07157081365585327,Grad/mlp.fc2.lora_B,outputs_dev/vitb16/T=vtab_Q=3bit_L=lora_2_qkv-fc1-proj-fc2/cifar/20260114184203_default_acc=53.50/tensorboard/Grad_mlp.fc2.lora_B_block_5/events.out.tfevents.1768387349.master-192-168-8-48.1680.9,mlp.fc2.lora_B,5
1768388546.7554595,2067,64.625,0.01957758143544197,Grad/mlp.fc2.lora_B,outputs_dev/vitb16/T=vtab_Q=3bit_L=lora_2_qkv-fc1-proj-fc2/cifar/20260114184203_default_acc=53.50/tensorboard/Grad_mlp.fc2.lora_B_block_5/events.out.tfevents.1768387349.master-192-168-8-48.1680.9,mlp.fc2.lora_B,5
1768388547.1529653,2068,64.65625,0.020384470000863075,Grad/mlp.fc2.lora_B,outputs_dev/vitb16/T=vtab_Q=3bit_L=lora_2_qkv-fc1-proj-fc2/cifar/20260114184203_default_acc=53.50/tensorboard/Grad_mlp.fc2.lora_B_block_5/events.out.tfevents.1768387349.master-192-168-8-48.1680.9,mlp.fc2.lora_B,5
1768388547.5485764,2069,64.6875,0.0389295369386673,Grad/mlp.fc2.lora_B,outputs_dev/vitb16/T=vtab_Q=3bit_L=lora_2_qkv-fc1-proj-fc2/cifar/20260114184203_default_acc=53.50/tensorboard/Grad_mlp.fc2.lora_B_block_5/events.out.tfevents.1768387349.master-192-168-8-48.1680.9,mlp.fc2.lora_B,5
1768388547.9482768,2070,64.71875,0.05525963008403778,Grad/mlp.fc2.lora_B,outputs_dev/vitb16/T=vtab_Q=3bit_L=lora_2_qkv-fc1-proj-fc2/cifar/20260114184203_default_acc=53.50/tensorboard/Grad_mlp.fc2.lora_B_block_5/events.out.tfevents.1768387349.master-192-168-8-48.1680.9,mlp.fc2.lora_B,5
1768388548.3451476,2071,64.75,0.06702803075313568,Grad/mlp.fc2.lora_B,outputs_dev/vitb16/T=vtab_Q=3bit_L=lora_2_qkv-fc1-proj-fc2/cifar/20260114184203_default_acc=53.50/tensorboard/Grad_mlp.fc2.lora_B_block_5/events.out.tfevents.1768387349.master-192-168-8-48.1680.9,mlp.fc2.lora_B,5
1768388548.7425086,2072,64.78125,0.17802226543426514,Grad/mlp.fc2.lora_B,outputs_dev/vitb16/T=vtab_Q=3bit_L=lora_2_qkv-fc1-proj-fc2/cifar/20260114184203_default_acc=53.50/tensorboard/Grad_mlp.fc2.lora_B_block_5/events.out.tfevents.1768387349.master-192-168-8-48.1680.9,mlp.fc2.lora_B,5
1768388549.156828,2073,64.8125,0.08384353667497635,Grad/mlp.fc2.lora_B,outputs_dev/vitb16/T=vtab_Q=3bit_L=lora_2_qkv-fc1-proj-fc2/cifar/20260114184203_default_acc=53.50/tensorboard/Grad_mlp.fc2.lora_B_block_5/events.out.tfevents.1768387349.master-192-168-8-48.1680.9,mlp.fc2.lora_B,5
1768388549.5565991,2074,64.84375,0.11415749043226242,Grad/mlp.fc2.lora_B,outputs_dev/vitb16/T=vtab_Q=3bit_L=lora_2_qkv-fc1-proj-fc2/cifar/20260114184203_default_acc=53.50/tensorboard/Grad_mlp.fc2.lora_B_block_5/events.out.tfevents.1768387349.master-192-168-8-48.1680.9,mlp.fc2.lora_B,5
1768388549.9546824,2075,64.875,0.12381342053413391,Grad/mlp.fc2.lora_B,outputs_dev/vitb16/T=vtab_Q=3bit_L=lora_2_qkv-fc1-proj-fc2/cifar/20260114184203_default_acc=53.50/tensorboard/Grad_mlp.fc2.lora_B_block_5/events.out.tfevents.1768387349.master-192-168-8-48.1680.9,mlp.fc2.lora_B,5
1768388550.3515217,2076,64.90625,0.06924453377723694,Grad/mlp.fc2.lora_B,outputs_dev/vitb16/T=vtab_Q=3bit_L=lora_2_qkv-fc1-proj-fc2/cifar/20260114184203_default_acc=53.50/tensorboard/Grad_mlp.fc2.lora_B_block_5/events.out.tfevents.1768387349.master-192-168-8-48.1680.9,mlp.fc2.lora_B,5
1768388550.7496057,2077,64.9375,0.05776897445321083,Grad/mlp.fc2.lora_B,outputs_dev/vitb16/T=vtab_Q=3bit_L=lora_2_qkv-fc1-proj-fc2/cifar/20260114184203_default_acc=53.50/tensorboard/Grad_mlp.fc2.lora_B_block_5/events.out.tfevents.1768387349.master-192-168-8-48.1680.9,mlp.fc2.lora_B,5
1768388551.1483467,2078,64.96875,0.25808268785476685,Grad/mlp.fc2.lora_B,outputs_dev/vitb16/T=vtab_Q=3bit_L=lora_2_qkv-fc1-proj-fc2/cifar/20260114184203_default_acc=53.50/tensorboard/Grad_mlp.fc2.lora_B_block_5/events.out.tfevents.1768387349.master-192-168-8-48.1680.9,mlp.fc2.lora_B,5
1768388551.3508956,2079,65.0,0.05185895413160324,Grad/mlp.fc2.lora_B,outputs_dev/vitb16/T=vtab_Q=3bit_L=lora_2_qkv-fc1-proj-fc2/cifar/20260114184203_default_acc=53.50/tensorboard/Grad_mlp.fc2.lora_B_block_5/events.out.tfevents.1768387349.master-192-168-8-48.1680.9,mlp.fc2.lora_B,5
1768388552.1559422,2080,65.03125,0.09279032796621323,Grad/mlp.fc2.lora_B,outputs_dev/vitb16/T=vtab_Q=3bit_L=lora_2_qkv-fc1-proj-fc2/cifar/20260114184203_default_acc=53.50/tensorboard/Grad_mlp.fc2.lora_B_block_5/events.out.tfevents.1768387349.master-192-168-8-48.1680.9,mlp.fc2.lora_B,5
1768388552.5525591,2081,65.0625,0.03973441570997238,Grad/mlp.fc2.lora_B,outputs_dev/vitb16/T=vtab_Q=3bit_L=lora_2_qkv-fc1-proj-fc2/cifar/20260114184203_default_acc=53.50/tensorboard/Grad_mlp.fc2.lora_B_block_5/events.out.tfevents.1768387349.master-192-168-8-48.1680.9,mlp.fc2.lora_B,5
1768388552.9511178,2082,65.09375,0.07971260696649551,Grad/mlp.fc2.lora_B,outputs_dev/vitb16/T=vtab_Q=3bit_L=lora_2_qkv-fc1-proj-fc2/cifar/20260114184203_default_acc=53.50/tensorboard/Grad_mlp.fc2.lora_B_block_5/events.out.tfevents.1768387349.master-192-168-8-48.1680.9,mlp.fc2.lora_B,5
1768388553.3523555,2083,65.125,0.02835112251341343,Grad/mlp.fc2.lora_B,outputs_dev/vitb16/T=vtab_Q=3bit_L=lora_2_qkv-fc1-proj-fc2/cifar/20260114184203_default_acc=53.50/tensorboard/Grad_mlp.fc2.lora_B_block_5/events.out.tfevents.1768387349.master-192-168-8-48.1680.9,mlp.fc2.lora_B,5
1768388553.7479718,2084,65.15625,0.036413684487342834,Grad/mlp.fc2.lora_B,outputs_dev/vitb16/T=vtab_Q=3bit_L=lora_2_qkv-fc1-proj-fc2/cifar/20260114184203_default_acc=53.50/tensorboard/Grad_mlp.fc2.lora_B_block_5/events.out.tfevents.1768387349.master-192-168-8-48.1680.9,mlp.fc2.lora_B,5
1768388554.1586237,2085,65.1875,0.040805984288454056,Grad/mlp.fc2.lora_B,outputs_dev/vitb16/T=vtab_Q=3bit_L=lora_2_qkv-fc1-proj-fc2/cifar/20260114184203_default_acc=53.50/tensorboard/Grad_mlp.fc2.lora_B_block_5/events.out.tfevents.1768387349.master-192-168-8-48.1680.9,mlp.fc2.lora_B,5
1768388554.5552132,2086,65.21875,0.03499329462647438,Grad/mlp.fc2.lora_B,outputs_dev/vitb16/T=vtab_Q=3bit_L=lora_2_qkv-fc1-proj-fc2/cifar/20260114184203_default_acc=53.50/tensorboard/Grad_mlp.fc2.lora_B_block_5/events.out.tfevents.1768387349.master-192-168-8-48.1680.9,mlp.fc2.lora_B,5
1768388554.949531,2087,65.25,0.04325117915868759,Grad/mlp.fc2.lora_B,outputs_dev/vitb16/T=vtab_Q=3bit_L=lora_2_qkv-fc1-proj-fc2/cifar/20260114184203_default_acc=53.50/tensorboard/Grad_mlp.fc2.lora_B_block_5/events.out.tfevents.1768387349.master-192-168-8-48.1680.9,mlp.fc2.lora_B,5
1768388555.345663,2088,65.28125,0.04636991024017334,Grad/mlp.fc2.lora_B,outputs_dev/vitb16/T=vtab_Q=3bit_L=lora_2_qkv-fc1-proj-fc2/cifar/20260114184203_default_acc=53.50/tensorboard/Grad_mlp.fc2.lora_B_block_5/events.out.tfevents.1768387349.master-192-168-8-48.1680.9,mlp.fc2.lora_B,5
1768388555.7392418,2089,65.3125,0.032946281135082245,Grad/mlp.fc2.lora_B,outputs_dev/vitb16/T=vtab_Q=3bit_L=lora_2_qkv-fc1-proj-fc2/cifar/20260114184203_default_acc=53.50/tensorboard/Grad_mlp.fc2.lora_B_block_5/events.out.tfevents.1768387349.master-192-168-8-48.1680.9,mlp.fc2.lora_B,5
1768388556.1357956,2090,65.34375,0.04095294326543808,Grad/mlp.fc2.lora_B,outputs_dev/vitb16/T=vtab_Q=3bit_L=lora_2_qkv-fc1-proj-fc2/cifar/20260114184203_default_acc=53.50/tensorboard/Grad_mlp.fc2.lora_B_block_5/events.out.tfevents.1768387349.master-192-168-8-48.1680.9,mlp.fc2.lora_B,5
1768388556.5354989,2091,65.375,0.029977886006236076,Grad/mlp.fc2.lora_B,outputs_dev/vitb16/T=vtab_Q=3bit_L=lora_2_qkv-fc1-proj-fc2/cifar/20260114184203_default_acc=53.50/tensorboard/Grad_mlp.fc2.lora_B_block_5/events.out.tfevents.1768387349.master-192-168-8-48.1680.9,mlp.fc2.lora_B,5
1768388556.9309056,2092,65.40625,0.028969096019864082,Grad/mlp.fc2.lora_B,outputs_dev/vitb16/T=vtab_Q=3bit_L=lora_2_qkv-fc1-proj-fc2/cifar/20260114184203_default_acc=53.50/tensorboard/Grad_mlp.fc2.lora_B_block_5/events.out.tfevents.1768387349.master-192-168-8-48.1680.9,mlp.fc2.lora_B,5
1768388557.3272462,2093,65.4375,0.11385743319988251,Grad/mlp.fc2.lora_B,outputs_dev/vitb16/T=vtab_Q=3bit_L=lora_2_qkv-fc1-proj-fc2/cifar/20260114184203_default_acc=53.50/tensorboard/Grad_mlp.fc2.lora_B_block_5/events.out.tfevents.1768387349.master-192-168-8-48.1680.9,mlp.fc2.lora_B,5
1768388557.7217584,2094,65.46875,0.039401840418577194,Grad/mlp.fc2.lora_B,outputs_dev/vitb16/T=vtab_Q=3bit_L=lora_2_qkv-fc1-proj-fc2/cifar/20260114184203_default_acc=53.50/tensorboard/Grad_mlp.fc2.lora_B_block_5/events.out.tfevents.1768387349.master-192-168-8-48.1680.9,mlp.fc2.lora_B,5
1768388558.115037,2095,65.5,0.14876872301101685,Grad/mlp.fc2.lora_B,outputs_dev/vitb16/T=vtab_Q=3bit_L=lora_2_qkv-fc1-proj-fc2/cifar/20260114184203_default_acc=53.50/tensorboard/Grad_mlp.fc2.lora_B_block_5/events.out.tfevents.1768387349.master-192-168-8-48.1680.9,mlp.fc2.lora_B,5
1768388558.5108569,2096,65.53125,0.10735102742910385,Grad/mlp.fc2.lora_B,outputs_dev/vitb16/T=vtab_Q=3bit_L=lora_2_qkv-fc1-proj-fc2/cifar/20260114184203_default_acc=53.50/tensorboard/Grad_mlp.fc2.lora_B_block_5/events.out.tfevents.1768387349.master-192-168-8-48.1680.9,mlp.fc2.lora_B,5
1768388558.911471,2097,65.5625,0.08035201579332352,Grad/mlp.fc2.lora_B,outputs_dev/vitb16/T=vtab_Q=3bit_L=lora_2_qkv-fc1-proj-fc2/cifar/20260114184203_default_acc=53.50/tensorboard/Grad_mlp.fc2.lora_B_block_5/events.out.tfevents.1768387349.master-192-168-8-48.1680.9,mlp.fc2.lora_B,5
1768388559.31018,2098,65.59375,0.11126723140478134,Grad/mlp.fc2.lora_B,outputs_dev/vitb16/T=vtab_Q=3bit_L=lora_2_qkv-fc1-proj-fc2/cifar/20260114184203_default_acc=53.50/tensorboard/Grad_mlp.fc2.lora_B_block_5/events.out.tfevents.1768387349.master-192-168-8-48.1680.9,mlp.fc2.lora_B,5
1768388559.7228532,2099,65.625,0.041825853288173676,Grad/mlp.fc2.lora_B,outputs_dev/vitb16/T=vtab_Q=3bit_L=lora_2_qkv-fc1-proj-fc2/cifar/20260114184203_default_acc=53.50/tensorboard/Grad_mlp.fc2.lora_B_block_5/events.out.tfevents.1768387349.master-192-168-8-48.1680.9,mlp.fc2.lora_B,5
1768388560.1186342,2100,65.65625,0.031303368508815765,Grad/mlp.fc2.lora_B,outputs_dev/vitb16/T=vtab_Q=3bit_L=lora_2_qkv-fc1-proj-fc2/cifar/20260114184203_default_acc=53.50/tensorboard/Grad_mlp.fc2.lora_B_block_5/events.out.tfevents.1768387349.master-192-168-8-48.1680.9,mlp.fc2.lora_B,5
1768388560.4997628,2101,65.6875,0.03323788940906525,Grad/mlp.fc2.lora_B,outputs_dev/vitb16/T=vtab_Q=3bit_L=lora_2_qkv-fc1-proj-fc2/cifar/20260114184203_default_acc=53.50/tensorboard/Grad_mlp.fc2.lora_B_block_5/events.out.tfevents.1768387349.master-192-168-8-48.1680.9,mlp.fc2.lora_B,5
1768388560.8780878,2102,65.71875,0.0158925149589777,Grad/mlp.fc2.lora_B,outputs_dev/vitb16/T=vtab_Q=3bit_L=lora_2_qkv-fc1-proj-fc2/cifar/20260114184203_default_acc=53.50/tensorboard/Grad_mlp.fc2.lora_B_block_5/events.out.tfevents.1768387349.master-192-168-8-48.1680.9,mlp.fc2.lora_B,5
1768388561.2827454,2103,65.75,0.0370289646089077,Grad/mlp.fc2.lora_B,outputs_dev/vitb16/T=vtab_Q=3bit_L=lora_2_qkv-fc1-proj-fc2/cifar/20260114184203_default_acc=53.50/tensorboard/Grad_mlp.fc2.lora_B_block_5/events.out.tfevents.1768387349.master-192-168-8-48.1680.9,mlp.fc2.lora_B,5
1768388561.6930687,2104,65.78125,0.25702136754989624,Grad/mlp.fc2.lora_B,outputs_dev/vitb16/T=vtab_Q=3bit_L=lora_2_qkv-fc1-proj-fc2/cifar/20260114184203_default_acc=53.50/tensorboard/Grad_mlp.fc2.lora_B_block_5/events.out.tfevents.1768387349.master-192-168-8-48.1680.9,mlp.fc2.lora_B,5
1768388562.0994995,2105,65.8125,0.03109091706573963,Grad/mlp.fc2.lora_B,outputs_dev/vitb16/T=vtab_Q=3bit_L=lora_2_qkv-fc1-proj-fc2/cifar/20260114184203_default_acc=53.50/tensorboard/Grad_mlp.fc2.lora_B_block_5/events.out.tfevents.1768387349.master-192-168-8-48.1680.9,mlp.fc2.lora_B,5
1768388562.481455,2106,65.84375,0.034642718732357025,Grad/mlp.fc2.lora_B,outputs_dev/vitb16/T=vtab_Q=3bit_L=lora_2_qkv-fc1-proj-fc2/cifar/20260114184203_default_acc=53.50/tensorboard/Grad_mlp.fc2.lora_B_block_5/events.out.tfevents.1768387349.master-192-168-8-48.1680.9,mlp.fc2.lora_B,5
1768388562.8746638,2107,65.875,0.08471681922674179,Grad/mlp.fc2.lora_B,outputs_dev/vitb16/T=vtab_Q=3bit_L=lora_2_qkv-fc1-proj-fc2/cifar/20260114184203_default_acc=53.50/tensorboard/Grad_mlp.fc2.lora_B_block_5/events.out.tfevents.1768387349.master-192-168-8-48.1680.9,mlp.fc2.lora_B,5
1768388563.2648907,2108,65.90625,0.03939757123589516,Grad/mlp.fc2.lora_B,outputs_dev/vitb16/T=vtab_Q=3bit_L=lora_2_qkv-fc1-proj-fc2/cifar/20260114184203_default_acc=53.50/tensorboard/Grad_mlp.fc2.lora_B_block_5/events.out.tfevents.1768387349.master-192-168-8-48.1680.9,mlp.fc2.lora_B,5
1768388563.6581647,2109,65.9375,0.14008186757564545,Grad/mlp.fc2.lora_B,outputs_dev/vitb16/T=vtab_Q=3bit_L=lora_2_qkv-fc1-proj-fc2/cifar/20260114184203_default_acc=53.50/tensorboard/Grad_mlp.fc2.lora_B_block_5/events.out.tfevents.1768387349.master-192-168-8-48.1680.9,mlp.fc2.lora_B,5
1768388564.0483937,2110,65.96875,0.11360809952020645,Grad/mlp.fc2.lora_B,outputs_dev/vitb16/T=vtab_Q=3bit_L=lora_2_qkv-fc1-proj-fc2/cifar/20260114184203_default_acc=53.50/tensorboard/Grad_mlp.fc2.lora_B_block_5/events.out.tfevents.1768387349.master-192-168-8-48.1680.9,mlp.fc2.lora_B,5
1768388564.2378352,2111,66.0,0.042444296181201935,Grad/mlp.fc2.lora_B,outputs_dev/vitb16/T=vtab_Q=3bit_L=lora_2_qkv-fc1-proj-fc2/cifar/20260114184203_default_acc=53.50/tensorboard/Grad_mlp.fc2.lora_B_block_5/events.out.tfevents.1768387349.master-192-168-8-48.1680.9,mlp.fc2.lora_B,5
1768388564.9814477,2112,66.03125,0.03330405429005623,Grad/mlp.fc2.lora_B,outputs_dev/vitb16/T=vtab_Q=3bit_L=lora_2_qkv-fc1-proj-fc2/cifar/20260114184203_default_acc=53.50/tensorboard/Grad_mlp.fc2.lora_B_block_5/events.out.tfevents.1768387349.master-192-168-8-48.1680.9,mlp.fc2.lora_B,5
1768388565.3947933,2113,66.0625,0.11763390153646469,Grad/mlp.fc2.lora_B,outputs_dev/vitb16/T=vtab_Q=3bit_L=lora_2_qkv-fc1-proj-fc2/cifar/20260114184203_default_acc=53.50/tensorboard/Grad_mlp.fc2.lora_B_block_5/events.out.tfevents.1768387349.master-192-168-8-48.1680.9,mlp.fc2.lora_B,5
1768388565.8075979,2114,66.09375,0.25925925374031067,Grad/mlp.fc2.lora_B,outputs_dev/vitb16/T=vtab_Q=3bit_L=lora_2_qkv-fc1-proj-fc2/cifar/20260114184203_default_acc=53.50/tensorboard/Grad_mlp.fc2.lora_B_block_5/events.out.tfevents.1768387349.master-192-168-8-48.1680.9,mlp.fc2.lora_B,5
1768388566.2190273,2115,66.125,0.2564767599105835,Grad/mlp.fc2.lora_B,outputs_dev/vitb16/T=vtab_Q=3bit_L=lora_2_qkv-fc1-proj-fc2/cifar/20260114184203_default_acc=53.50/tensorboard/Grad_mlp.fc2.lora_B_block_5/events.out.tfevents.1768387349.master-192-168-8-48.1680.9,mlp.fc2.lora_B,5
1768388566.6293995,2116,66.15625,0.05013120919466019,Grad/mlp.fc2.lora_B,outputs_dev/vitb16/T=vtab_Q=3bit_L=lora_2_qkv-fc1-proj-fc2/cifar/20260114184203_default_acc=53.50/tensorboard/Grad_mlp.fc2.lora_B_block_5/events.out.tfevents.1768387349.master-192-168-8-48.1680.9,mlp.fc2.lora_B,5
1768388567.0273871,2117,66.1875,0.06553348898887634,Grad/mlp.fc2.lora_B,outputs_dev/vitb16/T=vtab_Q=3bit_L=lora_2_qkv-fc1-proj-fc2/cifar/20260114184203_default_acc=53.50/tensorboard/Grad_mlp.fc2.lora_B_block_5/events.out.tfevents.1768387349.master-192-168-8-48.1680.9,mlp.fc2.lora_B,5
1768388567.4250216,2118,66.21875,0.050683680921792984,Grad/mlp.fc2.lora_B,outputs_dev/vitb16/T=vtab_Q=3bit_L=lora_2_qkv-fc1-proj-fc2/cifar/20260114184203_default_acc=53.50/tensorboard/Grad_mlp.fc2.lora_B_block_5/events.out.tfevents.1768387349.master-192-168-8-48.1680.9,mlp.fc2.lora_B,5
1768388567.8278866,2119,66.25,0.027200179174542427,Grad/mlp.fc2.lora_B,outputs_dev/vitb16/T=vtab_Q=3bit_L=lora_2_qkv-fc1-proj-fc2/cifar/20260114184203_default_acc=53.50/tensorboard/Grad_mlp.fc2.lora_B_block_5/events.out.tfevents.1768387349.master-192-168-8-48.1680.9,mlp.fc2.lora_B,5
1768388568.2258034,2120,66.28125,0.0261295847594738,Grad/mlp.fc2.lora_B,outputs_dev/vitb16/T=vtab_Q=3bit_L=lora_2_qkv-fc1-proj-fc2/cifar/20260114184203_default_acc=53.50/tensorboard/Grad_mlp.fc2.lora_B_block_5/events.out.tfevents.1768387349.master-192-168-8-48.1680.9,mlp.fc2.lora_B,5
1768388568.6230443,2121,66.3125,0.037239234894514084,Grad/mlp.fc2.lora_B,outputs_dev/vitb16/T=vtab_Q=3bit_L=lora_2_qkv-fc1-proj-fc2/cifar/20260114184203_default_acc=53.50/tensorboard/Grad_mlp.fc2.lora_B_block_5/events.out.tfevents.1768387349.master-192-168-8-48.1680.9,mlp.fc2.lora_B,5
1768388569.0174882,2122,66.34375,0.6077696084976196,Grad/mlp.fc2.lora_B,outputs_dev/vitb16/T=vtab_Q=3bit_L=lora_2_qkv-fc1-proj-fc2/cifar/20260114184203_default_acc=53.50/tensorboard/Grad_mlp.fc2.lora_B_block_5/events.out.tfevents.1768387349.master-192-168-8-48.1680.9,mlp.fc2.lora_B,5
1768388569.4140513,2123,66.375,0.1967383772134781,Grad/mlp.fc2.lora_B,outputs_dev/vitb16/T=vtab_Q=3bit_L=lora_2_qkv-fc1-proj-fc2/cifar/20260114184203_default_acc=53.50/tensorboard/Grad_mlp.fc2.lora_B_block_5/events.out.tfevents.1768387349.master-192-168-8-48.1680.9,mlp.fc2.lora_B,5
1768388569.8109424,2124,66.40625,0.015597441233694553,Grad/mlp.fc2.lora_B,outputs_dev/vitb16/T=vtab_Q=3bit_L=lora_2_qkv-fc1-proj-fc2/cifar/20260114184203_default_acc=53.50/tensorboard/Grad_mlp.fc2.lora_B_block_5/events.out.tfevents.1768387349.master-192-168-8-48.1680.9,mlp.fc2.lora_B,5
1768388570.2096179,2125,66.4375,0.031193459406495094,Grad/mlp.fc2.lora_B,outputs_dev/vitb16/T=vtab_Q=3bit_L=lora_2_qkv-fc1-proj-fc2/cifar/20260114184203_default_acc=53.50/tensorboard/Grad_mlp.fc2.lora_B_block_5/events.out.tfevents.1768387349.master-192-168-8-48.1680.9,mlp.fc2.lora_B,5
1768388570.6038685,2126,66.46875,0.4836672842502594,Grad/mlp.fc2.lora_B,outputs_dev/vitb16/T=vtab_Q=3bit_L=lora_2_qkv-fc1-proj-fc2/cifar/20260114184203_default_acc=53.50/tensorboard/Grad_mlp.fc2.lora_B_block_5/events.out.tfevents.1768387349.master-192-168-8-48.1680.9,mlp.fc2.lora_B,5
1768388571.0012765,2127,66.5,0.16230042278766632,Grad/mlp.fc2.lora_B,outputs_dev/vitb16/T=vtab_Q=3bit_L=lora_2_qkv-fc1-proj-fc2/cifar/20260114184203_default_acc=53.50/tensorboard/Grad_mlp.fc2.lora_B_block_5/events.out.tfevents.1768387349.master-192-168-8-48.1680.9,mlp.fc2.lora_B,5
1768388571.395525,2128,66.53125,0.21848267316818237,Grad/mlp.fc2.lora_B,outputs_dev/vitb16/T=vtab_Q=3bit_L=lora_2_qkv-fc1-proj-fc2/cifar/20260114184203_default_acc=53.50/tensorboard/Grad_mlp.fc2.lora_B_block_5/events.out.tfevents.1768387349.master-192-168-8-48.1680.9,mlp.fc2.lora_B,5
1768388571.7950757,2129,66.5625,0.019280480220913887,Grad/mlp.fc2.lora_B,outputs_dev/vitb16/T=vtab_Q=3bit_L=lora_2_qkv-fc1-proj-fc2/cifar/20260114184203_default_acc=53.50/tensorboard/Grad_mlp.fc2.lora_B_block_5/events.out.tfevents.1768387349.master-192-168-8-48.1680.9,mlp.fc2.lora_B,5
1768388572.191596,2130,66.59375,0.04344439506530762,Grad/mlp.fc2.lora_B,outputs_dev/vitb16/T=vtab_Q=3bit_L=lora_2_qkv-fc1-proj-fc2/cifar/20260114184203_default_acc=53.50/tensorboard/Grad_mlp.fc2.lora_B_block_5/events.out.tfevents.1768387349.master-192-168-8-48.1680.9,mlp.fc2.lora_B,5
1768388572.5886111,2131,66.625,0.24532286822795868,Grad/mlp.fc2.lora_B,outputs_dev/vitb16/T=vtab_Q=3bit_L=lora_2_qkv-fc1-proj-fc2/cifar/20260114184203_default_acc=53.50/tensorboard/Grad_mlp.fc2.lora_B_block_5/events.out.tfevents.1768387349.master-192-168-8-48.1680.9,mlp.fc2.lora_B,5
1768388572.985346,2132,66.65625,0.08021129667758942,Grad/mlp.fc2.lora_B,outputs_dev/vitb16/T=vtab_Q=3bit_L=lora_2_qkv-fc1-proj-fc2/cifar/20260114184203_default_acc=53.50/tensorboard/Grad_mlp.fc2.lora_B_block_5/events.out.tfevents.1768387349.master-192-168-8-48.1680.9,mlp.fc2.lora_B,5
1768388573.3812768,2133,66.6875,0.1284659504890442,Grad/mlp.fc2.lora_B,outputs_dev/vitb16/T=vtab_Q=3bit_L=lora_2_qkv-fc1-proj-fc2/cifar/20260114184203_default_acc=53.50/tensorboard/Grad_mlp.fc2.lora_B_block_5/events.out.tfevents.1768387349.master-192-168-8-48.1680.9,mlp.fc2.lora_B,5
1768388573.776343,2134,66.71875,0.06617547571659088,Grad/mlp.fc2.lora_B,outputs_dev/vitb16/T=vtab_Q=3bit_L=lora_2_qkv-fc1-proj-fc2/cifar/20260114184203_default_acc=53.50/tensorboard/Grad_mlp.fc2.lora_B_block_5/events.out.tfevents.1768387349.master-192-168-8-48.1680.9,mlp.fc2.lora_B,5
1768388574.17596,2135,66.75,0.07234589755535126,Grad/mlp.fc2.lora_B,outputs_dev/vitb16/T=vtab_Q=3bit_L=lora_2_qkv-fc1-proj-fc2/cifar/20260114184203_default_acc=53.50/tensorboard/Grad_mlp.fc2.lora_B_block_5/events.out.tfevents.1768387349.master-192-168-8-48.1680.9,mlp.fc2.lora_B,5
1768388574.6034691,2136,66.78125,0.09214533120393753,Grad/mlp.fc2.lora_B,outputs_dev/vitb16/T=vtab_Q=3bit_L=lora_2_qkv-fc1-proj-fc2/cifar/20260114184203_default_acc=53.50/tensorboard/Grad_mlp.fc2.lora_B_block_5/events.out.tfevents.1768387349.master-192-168-8-48.1680.9,mlp.fc2.lora_B,5
1768388574.9989552,2137,66.8125,0.08866924047470093,Grad/mlp.fc2.lora_B,outputs_dev/vitb16/T=vtab_Q=3bit_L=lora_2_qkv-fc1-proj-fc2/cifar/20260114184203_default_acc=53.50/tensorboard/Grad_mlp.fc2.lora_B_block_5/events.out.tfevents.1768387349.master-192-168-8-48.1680.9,mlp.fc2.lora_B,5
1768388575.3900864,2138,66.84375,0.03241376206278801,Grad/mlp.fc2.lora_B,outputs_dev/vitb16/T=vtab_Q=3bit_L=lora_2_qkv-fc1-proj-fc2/cifar/20260114184203_default_acc=53.50/tensorboard/Grad_mlp.fc2.lora_B_block_5/events.out.tfevents.1768387349.master-192-168-8-48.1680.9,mlp.fc2.lora_B,5
1768388575.7839386,2139,66.875,0.03782379999756813,Grad/mlp.fc2.lora_B,outputs_dev/vitb16/T=vtab_Q=3bit_L=lora_2_qkv-fc1-proj-fc2/cifar/20260114184203_default_acc=53.50/tensorboard/Grad_mlp.fc2.lora_B_block_5/events.out.tfevents.1768387349.master-192-168-8-48.1680.9,mlp.fc2.lora_B,5
1768388576.177326,2140,66.90625,0.025981571525335312,Grad/mlp.fc2.lora_B,outputs_dev/vitb16/T=vtab_Q=3bit_L=lora_2_qkv-fc1-proj-fc2/cifar/20260114184203_default_acc=53.50/tensorboard/Grad_mlp.fc2.lora_B_block_5/events.out.tfevents.1768387349.master-192-168-8-48.1680.9,mlp.fc2.lora_B,5
1768388576.568598,2141,66.9375,0.13958802819252014,Grad/mlp.fc2.lora_B,outputs_dev/vitb16/T=vtab_Q=3bit_L=lora_2_qkv-fc1-proj-fc2/cifar/20260114184203_default_acc=53.50/tensorboard/Grad_mlp.fc2.lora_B_block_5/events.out.tfevents.1768387349.master-192-168-8-48.1680.9,mlp.fc2.lora_B,5
1768388576.9622972,2142,66.96875,0.07254050672054291,Grad/mlp.fc2.lora_B,outputs_dev/vitb16/T=vtab_Q=3bit_L=lora_2_qkv-fc1-proj-fc2/cifar/20260114184203_default_acc=53.50/tensorboard/Grad_mlp.fc2.lora_B_block_5/events.out.tfevents.1768387349.master-192-168-8-48.1680.9,mlp.fc2.lora_B,5
1768388577.1141381,2143,67.0,0.05494386702775955,Grad/mlp.fc2.lora_B,outputs_dev/vitb16/T=vtab_Q=3bit_L=lora_2_qkv-fc1-proj-fc2/cifar/20260114184203_default_acc=53.50/tensorboard/Grad_mlp.fc2.lora_B_block_5/events.out.tfevents.1768387349.master-192-168-8-48.1680.9,mlp.fc2.lora_B,5
1768388577.786407,2144,67.03125,0.03916138410568237,Grad/mlp.fc2.lora_B,outputs_dev/vitb16/T=vtab_Q=3bit_L=lora_2_qkv-fc1-proj-fc2/cifar/20260114184203_default_acc=53.50/tensorboard/Grad_mlp.fc2.lora_B_block_5/events.out.tfevents.1768387349.master-192-168-8-48.1680.9,mlp.fc2.lora_B,5
1768388578.205454,2145,67.0625,0.018221218138933182,Grad/mlp.fc2.lora_B,outputs_dev/vitb16/T=vtab_Q=3bit_L=lora_2_qkv-fc1-proj-fc2/cifar/20260114184203_default_acc=53.50/tensorboard/Grad_mlp.fc2.lora_B_block_5/events.out.tfevents.1768387349.master-192-168-8-48.1680.9,mlp.fc2.lora_B,5
1768388578.6140504,2146,67.09375,0.029910419136285782,Grad/mlp.fc2.lora_B,outputs_dev/vitb16/T=vtab_Q=3bit_L=lora_2_qkv-fc1-proj-fc2/cifar/20260114184203_default_acc=53.50/tensorboard/Grad_mlp.fc2.lora_B_block_5/events.out.tfevents.1768387349.master-192-168-8-48.1680.9,mlp.fc2.lora_B,5
1768388579.007647,2147,67.125,0.08355364203453064,Grad/mlp.fc2.lora_B,outputs_dev/vitb16/T=vtab_Q=3bit_L=lora_2_qkv-fc1-proj-fc2/cifar/20260114184203_default_acc=53.50/tensorboard/Grad_mlp.fc2.lora_B_block_5/events.out.tfevents.1768387349.master-192-168-8-48.1680.9,mlp.fc2.lora_B,5
1768388579.4033885,2148,67.15625,0.0833703801035881,Grad/mlp.fc2.lora_B,outputs_dev/vitb16/T=vtab_Q=3bit_L=lora_2_qkv-fc1-proj-fc2/cifar/20260114184203_default_acc=53.50/tensorboard/Grad_mlp.fc2.lora_B_block_5/events.out.tfevents.1768387349.master-192-168-8-48.1680.9,mlp.fc2.lora_B,5
1768388579.8011656,2149,67.1875,0.03484946861863136,Grad/mlp.fc2.lora_B,outputs_dev/vitb16/T=vtab_Q=3bit_L=lora_2_qkv-fc1-proj-fc2/cifar/20260114184203_default_acc=53.50/tensorboard/Grad_mlp.fc2.lora_B_block_5/events.out.tfevents.1768387349.master-192-168-8-48.1680.9,mlp.fc2.lora_B,5
1768388580.185979,2150,67.21875,0.19688323140144348,Grad/mlp.fc2.lora_B,outputs_dev/vitb16/T=vtab_Q=3bit_L=lora_2_qkv-fc1-proj-fc2/cifar/20260114184203_default_acc=53.50/tensorboard/Grad_mlp.fc2.lora_B_block_5/events.out.tfevents.1768387349.master-192-168-8-48.1680.9,mlp.fc2.lora_B,5
1768388580.5828962,2151,67.25,0.399817556142807,Grad/mlp.fc2.lora_B,outputs_dev/vitb16/T=vtab_Q=3bit_L=lora_2_qkv-fc1-proj-fc2/cifar/20260114184203_default_acc=53.50/tensorboard/Grad_mlp.fc2.lora_B_block_5/events.out.tfevents.1768387349.master-192-168-8-48.1680.9,mlp.fc2.lora_B,5
1768388580.9801083,2152,67.28125,0.031945839524269104,Grad/mlp.fc2.lora_B,outputs_dev/vitb16/T=vtab_Q=3bit_L=lora_2_qkv-fc1-proj-fc2/cifar/20260114184203_default_acc=53.50/tensorboard/Grad_mlp.fc2.lora_B_block_5/events.out.tfevents.1768387349.master-192-168-8-48.1680.9,mlp.fc2.lora_B,5
1768388581.3884122,2153,67.3125,0.054362889379262924,Grad/mlp.fc2.lora_B,outputs_dev/vitb16/T=vtab_Q=3bit_L=lora_2_qkv-fc1-proj-fc2/cifar/20260114184203_default_acc=53.50/tensorboard/Grad_mlp.fc2.lora_B_block_5/events.out.tfevents.1768387349.master-192-168-8-48.1680.9,mlp.fc2.lora_B,5
1768388581.7711449,2154,67.34375,0.034928686916828156,Grad/mlp.fc2.lora_B,outputs_dev/vitb16/T=vtab_Q=3bit_L=lora_2_qkv-fc1-proj-fc2/cifar/20260114184203_default_acc=53.50/tensorboard/Grad_mlp.fc2.lora_B_block_5/events.out.tfevents.1768387349.master-192-168-8-48.1680.9,mlp.fc2.lora_B,5
1768388582.163382,2155,67.375,0.100101538002491,Grad/mlp.fc2.lora_B,outputs_dev/vitb16/T=vtab_Q=3bit_L=lora_2_qkv-fc1-proj-fc2/cifar/20260114184203_default_acc=53.50/tensorboard/Grad_mlp.fc2.lora_B_block_5/events.out.tfevents.1768387349.master-192-168-8-48.1680.9,mlp.fc2.lora_B,5
1768388582.5593047,2156,67.40625,0.020349932834506035,Grad/mlp.fc2.lora_B,outputs_dev/vitb16/T=vtab_Q=3bit_L=lora_2_qkv-fc1-proj-fc2/cifar/20260114184203_default_acc=53.50/tensorboard/Grad_mlp.fc2.lora_B_block_5/events.out.tfevents.1768387349.master-192-168-8-48.1680.9,mlp.fc2.lora_B,5
1768388582.9703987,2157,67.4375,0.13422545790672302,Grad/mlp.fc2.lora_B,outputs_dev/vitb16/T=vtab_Q=3bit_L=lora_2_qkv-fc1-proj-fc2/cifar/20260114184203_default_acc=53.50/tensorboard/Grad_mlp.fc2.lora_B_block_5/events.out.tfevents.1768387349.master-192-168-8-48.1680.9,mlp.fc2.lora_B,5
1768388583.3794289,2158,67.46875,0.10792569816112518,Grad/mlp.fc2.lora_B,outputs_dev/vitb16/T=vtab_Q=3bit_L=lora_2_qkv-fc1-proj-fc2/cifar/20260114184203_default_acc=53.50/tensorboard/Grad_mlp.fc2.lora_B_block_5/events.out.tfevents.1768387349.master-192-168-8-48.1680.9,mlp.fc2.lora_B,5
1768388583.7563045,2159,67.5,0.10869549214839935,Grad/mlp.fc2.lora_B,outputs_dev/vitb16/T=vtab_Q=3bit_L=lora_2_qkv-fc1-proj-fc2/cifar/20260114184203_default_acc=53.50/tensorboard/Grad_mlp.fc2.lora_B_block_5/events.out.tfevents.1768387349.master-192-168-8-48.1680.9,mlp.fc2.lora_B,5
1768388584.1608205,2160,67.53125,0.06158982962369919,Grad/mlp.fc2.lora_B,outputs_dev/vitb16/T=vtab_Q=3bit_L=lora_2_qkv-fc1-proj-fc2/cifar/20260114184203_default_acc=53.50/tensorboard/Grad_mlp.fc2.lora_B_block_5/events.out.tfevents.1768387349.master-192-168-8-48.1680.9,mlp.fc2.lora_B,5
1768388584.5545683,2161,67.5625,0.017049765214323997,Grad/mlp.fc2.lora_B,outputs_dev/vitb16/T=vtab_Q=3bit_L=lora_2_qkv-fc1-proj-fc2/cifar/20260114184203_default_acc=53.50/tensorboard/Grad_mlp.fc2.lora_B_block_5/events.out.tfevents.1768387349.master-192-168-8-48.1680.9,mlp.fc2.lora_B,5
1768388584.9446309,2162,67.59375,0.026339296251535416,Grad/mlp.fc2.lora_B,outputs_dev/vitb16/T=vtab_Q=3bit_L=lora_2_qkv-fc1-proj-fc2/cifar/20260114184203_default_acc=53.50/tensorboard/Grad_mlp.fc2.lora_B_block_5/events.out.tfevents.1768387349.master-192-168-8-48.1680.9,mlp.fc2.lora_B,5
1768388585.3351417,2163,67.625,0.03970080614089966,Grad/mlp.fc2.lora_B,outputs_dev/vitb16/T=vtab_Q=3bit_L=lora_2_qkv-fc1-proj-fc2/cifar/20260114184203_default_acc=53.50/tensorboard/Grad_mlp.fc2.lora_B_block_5/events.out.tfevents.1768387349.master-192-168-8-48.1680.9,mlp.fc2.lora_B,5
1768388585.7267308,2164,67.65625,0.1354413777589798,Grad/mlp.fc2.lora_B,outputs_dev/vitb16/T=vtab_Q=3bit_L=lora_2_qkv-fc1-proj-fc2/cifar/20260114184203_default_acc=53.50/tensorboard/Grad_mlp.fc2.lora_B_block_5/events.out.tfevents.1768387349.master-192-168-8-48.1680.9,mlp.fc2.lora_B,5
1768388586.117239,2165,67.6875,0.04677632451057434,Grad/mlp.fc2.lora_B,outputs_dev/vitb16/T=vtab_Q=3bit_L=lora_2_qkv-fc1-proj-fc2/cifar/20260114184203_default_acc=53.50/tensorboard/Grad_mlp.fc2.lora_B_block_5/events.out.tfevents.1768387349.master-192-168-8-48.1680.9,mlp.fc2.lora_B,5
1768388586.506853,2166,67.71875,0.04667617380619049,Grad/mlp.fc2.lora_B,outputs_dev/vitb16/T=vtab_Q=3bit_L=lora_2_qkv-fc1-proj-fc2/cifar/20260114184203_default_acc=53.50/tensorboard/Grad_mlp.fc2.lora_B_block_5/events.out.tfevents.1768387349.master-192-168-8-48.1680.9,mlp.fc2.lora_B,5
1768388586.8990164,2167,67.75,0.0788375586271286,Grad/mlp.fc2.lora_B,outputs_dev/vitb16/T=vtab_Q=3bit_L=lora_2_qkv-fc1-proj-fc2/cifar/20260114184203_default_acc=53.50/tensorboard/Grad_mlp.fc2.lora_B_block_5/events.out.tfevents.1768387349.master-192-168-8-48.1680.9,mlp.fc2.lora_B,5
1768388587.287826,2168,67.78125,0.037484075874090195,Grad/mlp.fc2.lora_B,outputs_dev/vitb16/T=vtab_Q=3bit_L=lora_2_qkv-fc1-proj-fc2/cifar/20260114184203_default_acc=53.50/tensorboard/Grad_mlp.fc2.lora_B_block_5/events.out.tfevents.1768387349.master-192-168-8-48.1680.9,mlp.fc2.lora_B,5
1768388587.6783106,2169,67.8125,0.0888960137963295,Grad/mlp.fc2.lora_B,outputs_dev/vitb16/T=vtab_Q=3bit_L=lora_2_qkv-fc1-proj-fc2/cifar/20260114184203_default_acc=53.50/tensorboard/Grad_mlp.fc2.lora_B_block_5/events.out.tfevents.1768387349.master-192-168-8-48.1680.9,mlp.fc2.lora_B,5
1768388588.069772,2170,67.84375,0.02941364049911499,Grad/mlp.fc2.lora_B,outputs_dev/vitb16/T=vtab_Q=3bit_L=lora_2_qkv-fc1-proj-fc2/cifar/20260114184203_default_acc=53.50/tensorboard/Grad_mlp.fc2.lora_B_block_5/events.out.tfevents.1768387349.master-192-168-8-48.1680.9,mlp.fc2.lora_B,5
1768388588.4754832,2171,67.875,0.02658100239932537,Grad/mlp.fc2.lora_B,outputs_dev/vitb16/T=vtab_Q=3bit_L=lora_2_qkv-fc1-proj-fc2/cifar/20260114184203_default_acc=53.50/tensorboard/Grad_mlp.fc2.lora_B_block_5/events.out.tfevents.1768387349.master-192-168-8-48.1680.9,mlp.fc2.lora_B,5
1768388588.8832366,2172,67.90625,0.13715143501758575,Grad/mlp.fc2.lora_B,outputs_dev/vitb16/T=vtab_Q=3bit_L=lora_2_qkv-fc1-proj-fc2/cifar/20260114184203_default_acc=53.50/tensorboard/Grad_mlp.fc2.lora_B_block_5/events.out.tfevents.1768387349.master-192-168-8-48.1680.9,mlp.fc2.lora_B,5
1768388589.2709525,2173,67.9375,0.0468892864882946,Grad/mlp.fc2.lora_B,outputs_dev/vitb16/T=vtab_Q=3bit_L=lora_2_qkv-fc1-proj-fc2/cifar/20260114184203_default_acc=53.50/tensorboard/Grad_mlp.fc2.lora_B_block_5/events.out.tfevents.1768387349.master-192-168-8-48.1680.9,mlp.fc2.lora_B,5
1768388589.6603508,2174,67.96875,0.07360085844993591,Grad/mlp.fc2.lora_B,outputs_dev/vitb16/T=vtab_Q=3bit_L=lora_2_qkv-fc1-proj-fc2/cifar/20260114184203_default_acc=53.50/tensorboard/Grad_mlp.fc2.lora_B_block_5/events.out.tfevents.1768387349.master-192-168-8-48.1680.9,mlp.fc2.lora_B,5
1768388589.8486252,2175,68.0,0.1074473112821579,Grad/mlp.fc2.lora_B,outputs_dev/vitb16/T=vtab_Q=3bit_L=lora_2_qkv-fc1-proj-fc2/cifar/20260114184203_default_acc=53.50/tensorboard/Grad_mlp.fc2.lora_B_block_5/events.out.tfevents.1768387349.master-192-168-8-48.1680.9,mlp.fc2.lora_B,5
1768388590.5026653,2176,68.03125,0.08560170233249664,Grad/mlp.fc2.lora_B,outputs_dev/vitb16/T=vtab_Q=3bit_L=lora_2_qkv-fc1-proj-fc2/cifar/20260114184203_default_acc=53.50/tensorboard/Grad_mlp.fc2.lora_B_block_5/events.out.tfevents.1768387349.master-192-168-8-48.1680.9,mlp.fc2.lora_B,5
1768388590.9272025,2177,68.0625,0.06735585629940033,Grad/mlp.fc2.lora_B,outputs_dev/vitb16/T=vtab_Q=3bit_L=lora_2_qkv-fc1-proj-fc2/cifar/20260114184203_default_acc=53.50/tensorboard/Grad_mlp.fc2.lora_B_block_5/events.out.tfevents.1768387349.master-192-168-8-48.1680.9,mlp.fc2.lora_B,5
1768388591.3377516,2178,68.09375,0.035624850541353226,Grad/mlp.fc2.lora_B,outputs_dev/vitb16/T=vtab_Q=3bit_L=lora_2_qkv-fc1-proj-fc2/cifar/20260114184203_default_acc=53.50/tensorboard/Grad_mlp.fc2.lora_B_block_5/events.out.tfevents.1768387349.master-192-168-8-48.1680.9,mlp.fc2.lora_B,5
1768388591.743261,2179,68.125,0.1851119101047516,Grad/mlp.fc2.lora_B,outputs_dev/vitb16/T=vtab_Q=3bit_L=lora_2_qkv-fc1-proj-fc2/cifar/20260114184203_default_acc=53.50/tensorboard/Grad_mlp.fc2.lora_B_block_5/events.out.tfevents.1768387349.master-192-168-8-48.1680.9,mlp.fc2.lora_B,5
1768388592.149568,2180,68.15625,0.023749368265271187,Grad/mlp.fc2.lora_B,outputs_dev/vitb16/T=vtab_Q=3bit_L=lora_2_qkv-fc1-proj-fc2/cifar/20260114184203_default_acc=53.50/tensorboard/Grad_mlp.fc2.lora_B_block_5/events.out.tfevents.1768387349.master-192-168-8-48.1680.9,mlp.fc2.lora_B,5
1768388592.5813532,2181,68.1875,0.05849265307188034,Grad/mlp.fc2.lora_B,outputs_dev/vitb16/T=vtab_Q=3bit_L=lora_2_qkv-fc1-proj-fc2/cifar/20260114184203_default_acc=53.50/tensorboard/Grad_mlp.fc2.lora_B_block_5/events.out.tfevents.1768387349.master-192-168-8-48.1680.9,mlp.fc2.lora_B,5
1768388592.982107,2182,68.21875,0.06445912271738052,Grad/mlp.fc2.lora_B,outputs_dev/vitb16/T=vtab_Q=3bit_L=lora_2_qkv-fc1-proj-fc2/cifar/20260114184203_default_acc=53.50/tensorboard/Grad_mlp.fc2.lora_B_block_5/events.out.tfevents.1768387349.master-192-168-8-48.1680.9,mlp.fc2.lora_B,5
1768388593.3888192,2183,68.25,0.044912103563547134,Grad/mlp.fc2.lora_B,outputs_dev/vitb16/T=vtab_Q=3bit_L=lora_2_qkv-fc1-proj-fc2/cifar/20260114184203_default_acc=53.50/tensorboard/Grad_mlp.fc2.lora_B_block_5/events.out.tfevents.1768387349.master-192-168-8-48.1680.9,mlp.fc2.lora_B,5
1768388593.7805476,2184,68.28125,0.014008236117661,Grad/mlp.fc2.lora_B,outputs_dev/vitb16/T=vtab_Q=3bit_L=lora_2_qkv-fc1-proj-fc2/cifar/20260114184203_default_acc=53.50/tensorboard/Grad_mlp.fc2.lora_B_block_5/events.out.tfevents.1768387349.master-192-168-8-48.1680.9,mlp.fc2.lora_B,5
1768388594.1711044,2185,68.3125,0.02325989119708538,Grad/mlp.fc2.lora_B,outputs_dev/vitb16/T=vtab_Q=3bit_L=lora_2_qkv-fc1-proj-fc2/cifar/20260114184203_default_acc=53.50/tensorboard/Grad_mlp.fc2.lora_B_block_5/events.out.tfevents.1768387349.master-192-168-8-48.1680.9,mlp.fc2.lora_B,5
1768388594.5618446,2186,68.34375,0.043183472007513046,Grad/mlp.fc2.lora_B,outputs_dev/vitb16/T=vtab_Q=3bit_L=lora_2_qkv-fc1-proj-fc2/cifar/20260114184203_default_acc=53.50/tensorboard/Grad_mlp.fc2.lora_B_block_5/events.out.tfevents.1768387349.master-192-168-8-48.1680.9,mlp.fc2.lora_B,5
1768388594.9520957,2187,68.375,0.07917719334363937,Grad/mlp.fc2.lora_B,outputs_dev/vitb16/T=vtab_Q=3bit_L=lora_2_qkv-fc1-proj-fc2/cifar/20260114184203_default_acc=53.50/tensorboard/Grad_mlp.fc2.lora_B_block_5/events.out.tfevents.1768387349.master-192-168-8-48.1680.9,mlp.fc2.lora_B,5
1768388595.346742,2188,68.40625,0.020049072802066803,Grad/mlp.fc2.lora_B,outputs_dev/vitb16/T=vtab_Q=3bit_L=lora_2_qkv-fc1-proj-fc2/cifar/20260114184203_default_acc=53.50/tensorboard/Grad_mlp.fc2.lora_B_block_5/events.out.tfevents.1768387349.master-192-168-8-48.1680.9,mlp.fc2.lora_B,5
1768388595.751928,2189,68.4375,0.0756065845489502,Grad/mlp.fc2.lora_B,outputs_dev/vitb16/T=vtab_Q=3bit_L=lora_2_qkv-fc1-proj-fc2/cifar/20260114184203_default_acc=53.50/tensorboard/Grad_mlp.fc2.lora_B_block_5/events.out.tfevents.1768387349.master-192-168-8-48.1680.9,mlp.fc2.lora_B,5
1768388596.1413367,2190,68.46875,0.32356318831443787,Grad/mlp.fc2.lora_B,outputs_dev/vitb16/T=vtab_Q=3bit_L=lora_2_qkv-fc1-proj-fc2/cifar/20260114184203_default_acc=53.50/tensorboard/Grad_mlp.fc2.lora_B_block_5/events.out.tfevents.1768387349.master-192-168-8-48.1680.9,mlp.fc2.lora_B,5
1768388596.5311975,2191,68.5,0.04901647940278053,Grad/mlp.fc2.lora_B,outputs_dev/vitb16/T=vtab_Q=3bit_L=lora_2_qkv-fc1-proj-fc2/cifar/20260114184203_default_acc=53.50/tensorboard/Grad_mlp.fc2.lora_B_block_5/events.out.tfevents.1768387349.master-192-168-8-48.1680.9,mlp.fc2.lora_B,5
1768388596.9364817,2192,68.53125,0.17118670046329498,Grad/mlp.fc2.lora_B,outputs_dev/vitb16/T=vtab_Q=3bit_L=lora_2_qkv-fc1-proj-fc2/cifar/20260114184203_default_acc=53.50/tensorboard/Grad_mlp.fc2.lora_B_block_5/events.out.tfevents.1768387349.master-192-168-8-48.1680.9,mlp.fc2.lora_B,5
1768388597.3319583,2193,68.5625,0.061313603073358536,Grad/mlp.fc2.lora_B,outputs_dev/vitb16/T=vtab_Q=3bit_L=lora_2_qkv-fc1-proj-fc2/cifar/20260114184203_default_acc=53.50/tensorboard/Grad_mlp.fc2.lora_B_block_5/events.out.tfevents.1768387349.master-192-168-8-48.1680.9,mlp.fc2.lora_B,5
1768388597.7254007,2194,68.59375,0.023426666855812073,Grad/mlp.fc2.lora_B,outputs_dev/vitb16/T=vtab_Q=3bit_L=lora_2_qkv-fc1-proj-fc2/cifar/20260114184203_default_acc=53.50/tensorboard/Grad_mlp.fc2.lora_B_block_5/events.out.tfevents.1768387349.master-192-168-8-48.1680.9,mlp.fc2.lora_B,5
1768388598.149821,2195,68.625,0.12870903313159943,Grad/mlp.fc2.lora_B,outputs_dev/vitb16/T=vtab_Q=3bit_L=lora_2_qkv-fc1-proj-fc2/cifar/20260114184203_default_acc=53.50/tensorboard/Grad_mlp.fc2.lora_B_block_5/events.out.tfevents.1768387349.master-192-168-8-48.1680.9,mlp.fc2.lora_B,5
1768388598.561589,2196,68.65625,0.05727839842438698,Grad/mlp.fc2.lora_B,outputs_dev/vitb16/T=vtab_Q=3bit_L=lora_2_qkv-fc1-proj-fc2/cifar/20260114184203_default_acc=53.50/tensorboard/Grad_mlp.fc2.lora_B_block_5/events.out.tfevents.1768387349.master-192-168-8-48.1680.9,mlp.fc2.lora_B,5
1768388598.9676976,2197,68.6875,0.0630534365773201,Grad/mlp.fc2.lora_B,outputs_dev/vitb16/T=vtab_Q=3bit_L=lora_2_qkv-fc1-proj-fc2/cifar/20260114184203_default_acc=53.50/tensorboard/Grad_mlp.fc2.lora_B_block_5/events.out.tfevents.1768387349.master-192-168-8-48.1680.9,mlp.fc2.lora_B,5
1768388599.3729784,2198,68.71875,0.6927978992462158,Grad/mlp.fc2.lora_B,outputs_dev/vitb16/T=vtab_Q=3bit_L=lora_2_qkv-fc1-proj-fc2/cifar/20260114184203_default_acc=53.50/tensorboard/Grad_mlp.fc2.lora_B_block_5/events.out.tfevents.1768387349.master-192-168-8-48.1680.9,mlp.fc2.lora_B,5
1768388599.765624,2199,68.75,0.11199051886796951,Grad/mlp.fc2.lora_B,outputs_dev/vitb16/T=vtab_Q=3bit_L=lora_2_qkv-fc1-proj-fc2/cifar/20260114184203_default_acc=53.50/tensorboard/Grad_mlp.fc2.lora_B_block_5/events.out.tfevents.1768387349.master-192-168-8-48.1680.9,mlp.fc2.lora_B,5
1768388600.1583023,2200,68.78125,0.03746822476387024,Grad/mlp.fc2.lora_B,outputs_dev/vitb16/T=vtab_Q=3bit_L=lora_2_qkv-fc1-proj-fc2/cifar/20260114184203_default_acc=53.50/tensorboard/Grad_mlp.fc2.lora_B_block_5/events.out.tfevents.1768387349.master-192-168-8-48.1680.9,mlp.fc2.lora_B,5
1768388600.5503864,2201,68.8125,0.10456039756536484,Grad/mlp.fc2.lora_B,outputs_dev/vitb16/T=vtab_Q=3bit_L=lora_2_qkv-fc1-proj-fc2/cifar/20260114184203_default_acc=53.50/tensorboard/Grad_mlp.fc2.lora_B_block_5/events.out.tfevents.1768387349.master-192-168-8-48.1680.9,mlp.fc2.lora_B,5
1768388600.9420614,2202,68.84375,0.030050115659832954,Grad/mlp.fc2.lora_B,outputs_dev/vitb16/T=vtab_Q=3bit_L=lora_2_qkv-fc1-proj-fc2/cifar/20260114184203_default_acc=53.50/tensorboard/Grad_mlp.fc2.lora_B_block_5/events.out.tfevents.1768387349.master-192-168-8-48.1680.9,mlp.fc2.lora_B,5
1768388601.334662,2203,68.875,0.106963612139225,Grad/mlp.fc2.lora_B,outputs_dev/vitb16/T=vtab_Q=3bit_L=lora_2_qkv-fc1-proj-fc2/cifar/20260114184203_default_acc=53.50/tensorboard/Grad_mlp.fc2.lora_B_block_5/events.out.tfevents.1768387349.master-192-168-8-48.1680.9,mlp.fc2.lora_B,5
1768388601.7429888,2204,68.90625,0.015552496537566185,Grad/mlp.fc2.lora_B,outputs_dev/vitb16/T=vtab_Q=3bit_L=lora_2_qkv-fc1-proj-fc2/cifar/20260114184203_default_acc=53.50/tensorboard/Grad_mlp.fc2.lora_B_block_5/events.out.tfevents.1768387349.master-192-168-8-48.1680.9,mlp.fc2.lora_B,5
1768388602.1555462,2205,68.9375,0.05385687202215195,Grad/mlp.fc2.lora_B,outputs_dev/vitb16/T=vtab_Q=3bit_L=lora_2_qkv-fc1-proj-fc2/cifar/20260114184203_default_acc=53.50/tensorboard/Grad_mlp.fc2.lora_B_block_5/events.out.tfevents.1768387349.master-192-168-8-48.1680.9,mlp.fc2.lora_B,5
1768388602.5706701,2206,68.96875,0.048023924231529236,Grad/mlp.fc2.lora_B,outputs_dev/vitb16/T=vtab_Q=3bit_L=lora_2_qkv-fc1-proj-fc2/cifar/20260114184203_default_acc=53.50/tensorboard/Grad_mlp.fc2.lora_B_block_5/events.out.tfevents.1768387349.master-192-168-8-48.1680.9,mlp.fc2.lora_B,5
1768388602.7387614,2207,69.0,0.10551215708255768,Grad/mlp.fc2.lora_B,outputs_dev/vitb16/T=vtab_Q=3bit_L=lora_2_qkv-fc1-proj-fc2/cifar/20260114184203_default_acc=53.50/tensorboard/Grad_mlp.fc2.lora_B_block_5/events.out.tfevents.1768387349.master-192-168-8-48.1680.9,mlp.fc2.lora_B,5
1768388603.4939275,2208,69.03125,0.028158027678728104,Grad/mlp.fc2.lora_B,outputs_dev/vitb16/T=vtab_Q=3bit_L=lora_2_qkv-fc1-proj-fc2/cifar/20260114184203_default_acc=53.50/tensorboard/Grad_mlp.fc2.lora_B_block_5/events.out.tfevents.1768387349.master-192-168-8-48.1680.9,mlp.fc2.lora_B,5
1768388603.9028666,2209,69.0625,0.022945938631892204,Grad/mlp.fc2.lora_B,outputs_dev/vitb16/T=vtab_Q=3bit_L=lora_2_qkv-fc1-proj-fc2/cifar/20260114184203_default_acc=53.50/tensorboard/Grad_mlp.fc2.lora_B_block_5/events.out.tfevents.1768387349.master-192-168-8-48.1680.9,mlp.fc2.lora_B,5
1768388604.2972803,2210,69.09375,0.06808067113161087,Grad/mlp.fc2.lora_B,outputs_dev/vitb16/T=vtab_Q=3bit_L=lora_2_qkv-fc1-proj-fc2/cifar/20260114184203_default_acc=53.50/tensorboard/Grad_mlp.fc2.lora_B_block_5/events.out.tfevents.1768387349.master-192-168-8-48.1680.9,mlp.fc2.lora_B,5
1768388604.6903238,2211,69.125,0.08445519953966141,Grad/mlp.fc2.lora_B,outputs_dev/vitb16/T=vtab_Q=3bit_L=lora_2_qkv-fc1-proj-fc2/cifar/20260114184203_default_acc=53.50/tensorboard/Grad_mlp.fc2.lora_B_block_5/events.out.tfevents.1768387349.master-192-168-8-48.1680.9,mlp.fc2.lora_B,5
1768388605.083068,2212,69.15625,0.030669571831822395,Grad/mlp.fc2.lora_B,outputs_dev/vitb16/T=vtab_Q=3bit_L=lora_2_qkv-fc1-proj-fc2/cifar/20260114184203_default_acc=53.50/tensorboard/Grad_mlp.fc2.lora_B_block_5/events.out.tfevents.1768387349.master-192-168-8-48.1680.9,mlp.fc2.lora_B,5
1768388605.4759114,2213,69.1875,0.22355784475803375,Grad/mlp.fc2.lora_B,outputs_dev/vitb16/T=vtab_Q=3bit_L=lora_2_qkv-fc1-proj-fc2/cifar/20260114184203_default_acc=53.50/tensorboard/Grad_mlp.fc2.lora_B_block_5/events.out.tfevents.1768387349.master-192-168-8-48.1680.9,mlp.fc2.lora_B,5
1768388605.8730936,2214,69.21875,0.19618520140647888,Grad/mlp.fc2.lora_B,outputs_dev/vitb16/T=vtab_Q=3bit_L=lora_2_qkv-fc1-proj-fc2/cifar/20260114184203_default_acc=53.50/tensorboard/Grad_mlp.fc2.lora_B_block_5/events.out.tfevents.1768387349.master-192-168-8-48.1680.9,mlp.fc2.lora_B,5
1768388606.2642982,2215,69.25,0.06992964446544647,Grad/mlp.fc2.lora_B,outputs_dev/vitb16/T=vtab_Q=3bit_L=lora_2_qkv-fc1-proj-fc2/cifar/20260114184203_default_acc=53.50/tensorboard/Grad_mlp.fc2.lora_B_block_5/events.out.tfevents.1768387349.master-192-168-8-48.1680.9,mlp.fc2.lora_B,5
1768388606.6601493,2216,69.28125,0.036129292100667953,Grad/mlp.fc2.lora_B,outputs_dev/vitb16/T=vtab_Q=3bit_L=lora_2_qkv-fc1-proj-fc2/cifar/20260114184203_default_acc=53.50/tensorboard/Grad_mlp.fc2.lora_B_block_5/events.out.tfevents.1768387349.master-192-168-8-48.1680.9,mlp.fc2.lora_B,5
1768388607.0655878,2217,69.3125,0.10196880251169205,Grad/mlp.fc2.lora_B,outputs_dev/vitb16/T=vtab_Q=3bit_L=lora_2_qkv-fc1-proj-fc2/cifar/20260114184203_default_acc=53.50/tensorboard/Grad_mlp.fc2.lora_B_block_5/events.out.tfevents.1768387349.master-192-168-8-48.1680.9,mlp.fc2.lora_B,5
1768388607.4630327,2218,69.34375,0.27894189953804016,Grad/mlp.fc2.lora_B,outputs_dev/vitb16/T=vtab_Q=3bit_L=lora_2_qkv-fc1-proj-fc2/cifar/20260114184203_default_acc=53.50/tensorboard/Grad_mlp.fc2.lora_B_block_5/events.out.tfevents.1768387349.master-192-168-8-48.1680.9,mlp.fc2.lora_B,5
1768388607.848397,2219,69.375,0.3484870195388794,Grad/mlp.fc2.lora_B,outputs_dev/vitb16/T=vtab_Q=3bit_L=lora_2_qkv-fc1-proj-fc2/cifar/20260114184203_default_acc=53.50/tensorboard/Grad_mlp.fc2.lora_B_block_5/events.out.tfevents.1768387349.master-192-168-8-48.1680.9,mlp.fc2.lora_B,5
1768388608.2414827,2220,69.40625,0.04327293857932091,Grad/mlp.fc2.lora_B,outputs_dev/vitb16/T=vtab_Q=3bit_L=lora_2_qkv-fc1-proj-fc2/cifar/20260114184203_default_acc=53.50/tensorboard/Grad_mlp.fc2.lora_B_block_5/events.out.tfevents.1768387349.master-192-168-8-48.1680.9,mlp.fc2.lora_B,5
1768388608.6360128,2221,69.4375,0.07556062191724777,Grad/mlp.fc2.lora_B,outputs_dev/vitb16/T=vtab_Q=3bit_L=lora_2_qkv-fc1-proj-fc2/cifar/20260114184203_default_acc=53.50/tensorboard/Grad_mlp.fc2.lora_B_block_5/events.out.tfevents.1768387349.master-192-168-8-48.1680.9,mlp.fc2.lora_B,5
1768388609.0335598,2222,69.46875,0.027810275554656982,Grad/mlp.fc2.lora_B,outputs_dev/vitb16/T=vtab_Q=3bit_L=lora_2_qkv-fc1-proj-fc2/cifar/20260114184203_default_acc=53.50/tensorboard/Grad_mlp.fc2.lora_B_block_5/events.out.tfevents.1768387349.master-192-168-8-48.1680.9,mlp.fc2.lora_B,5
1768388609.428114,2223,69.5,0.06963139772415161,Grad/mlp.fc2.lora_B,outputs_dev/vitb16/T=vtab_Q=3bit_L=lora_2_qkv-fc1-proj-fc2/cifar/20260114184203_default_acc=53.50/tensorboard/Grad_mlp.fc2.lora_B_block_5/events.out.tfevents.1768387349.master-192-168-8-48.1680.9,mlp.fc2.lora_B,5
1768388609.8205743,2224,69.53125,0.09339933842420578,Grad/mlp.fc2.lora_B,outputs_dev/vitb16/T=vtab_Q=3bit_L=lora_2_qkv-fc1-proj-fc2/cifar/20260114184203_default_acc=53.50/tensorboard/Grad_mlp.fc2.lora_B_block_5/events.out.tfevents.1768387349.master-192-168-8-48.1680.9,mlp.fc2.lora_B,5
1768388610.21201,2225,69.5625,0.04470515251159668,Grad/mlp.fc2.lora_B,outputs_dev/vitb16/T=vtab_Q=3bit_L=lora_2_qkv-fc1-proj-fc2/cifar/20260114184203_default_acc=53.50/tensorboard/Grad_mlp.fc2.lora_B_block_5/events.out.tfevents.1768387349.master-192-168-8-48.1680.9,mlp.fc2.lora_B,5
1768388610.6060398,2226,69.59375,0.03311933949589729,Grad/mlp.fc2.lora_B,outputs_dev/vitb16/T=vtab_Q=3bit_L=lora_2_qkv-fc1-proj-fc2/cifar/20260114184203_default_acc=53.50/tensorboard/Grad_mlp.fc2.lora_B_block_5/events.out.tfevents.1768387349.master-192-168-8-48.1680.9,mlp.fc2.lora_B,5
1768388611.013485,2227,69.625,0.03992428258061409,Grad/mlp.fc2.lora_B,outputs_dev/vitb16/T=vtab_Q=3bit_L=lora_2_qkv-fc1-proj-fc2/cifar/20260114184203_default_acc=53.50/tensorboard/Grad_mlp.fc2.lora_B_block_5/events.out.tfevents.1768387349.master-192-168-8-48.1680.9,mlp.fc2.lora_B,5
1768388611.4218273,2228,69.65625,0.05570419505238533,Grad/mlp.fc2.lora_B,outputs_dev/vitb16/T=vtab_Q=3bit_L=lora_2_qkv-fc1-proj-fc2/cifar/20260114184203_default_acc=53.50/tensorboard/Grad_mlp.fc2.lora_B_block_5/events.out.tfevents.1768387349.master-192-168-8-48.1680.9,mlp.fc2.lora_B,5
1768388611.8154423,2229,69.6875,0.031220968812704086,Grad/mlp.fc2.lora_B,outputs_dev/vitb16/T=vtab_Q=3bit_L=lora_2_qkv-fc1-proj-fc2/cifar/20260114184203_default_acc=53.50/tensorboard/Grad_mlp.fc2.lora_B_block_5/events.out.tfevents.1768387349.master-192-168-8-48.1680.9,mlp.fc2.lora_B,5
1768388612.2185578,2230,69.71875,0.017565006390213966,Grad/mlp.fc2.lora_B,outputs_dev/vitb16/T=vtab_Q=3bit_L=lora_2_qkv-fc1-proj-fc2/cifar/20260114184203_default_acc=53.50/tensorboard/Grad_mlp.fc2.lora_B_block_5/events.out.tfevents.1768387349.master-192-168-8-48.1680.9,mlp.fc2.lora_B,5
1768388612.6216588,2231,69.75,0.01361928228288889,Grad/mlp.fc2.lora_B,outputs_dev/vitb16/T=vtab_Q=3bit_L=lora_2_qkv-fc1-proj-fc2/cifar/20260114184203_default_acc=53.50/tensorboard/Grad_mlp.fc2.lora_B_block_5/events.out.tfevents.1768387349.master-192-168-8-48.1680.9,mlp.fc2.lora_B,5
1768388613.0254579,2232,69.78125,0.041378818452358246,Grad/mlp.fc2.lora_B,outputs_dev/vitb16/T=vtab_Q=3bit_L=lora_2_qkv-fc1-proj-fc2/cifar/20260114184203_default_acc=53.50/tensorboard/Grad_mlp.fc2.lora_B_block_5/events.out.tfevents.1768387349.master-192-168-8-48.1680.9,mlp.fc2.lora_B,5
1768388613.4299476,2233,69.8125,0.060747355222702026,Grad/mlp.fc2.lora_B,outputs_dev/vitb16/T=vtab_Q=3bit_L=lora_2_qkv-fc1-proj-fc2/cifar/20260114184203_default_acc=53.50/tensorboard/Grad_mlp.fc2.lora_B_block_5/events.out.tfevents.1768387349.master-192-168-8-48.1680.9,mlp.fc2.lora_B,5
1768388613.837944,2234,69.84375,0.11772125214338303,Grad/mlp.fc2.lora_B,outputs_dev/vitb16/T=vtab_Q=3bit_L=lora_2_qkv-fc1-proj-fc2/cifar/20260114184203_default_acc=53.50/tensorboard/Grad_mlp.fc2.lora_B_block_5/events.out.tfevents.1768387349.master-192-168-8-48.1680.9,mlp.fc2.lora_B,5
1768388614.2318938,2235,69.875,0.12279196083545685,Grad/mlp.fc2.lora_B,outputs_dev/vitb16/T=vtab_Q=3bit_L=lora_2_qkv-fc1-proj-fc2/cifar/20260114184203_default_acc=53.50/tensorboard/Grad_mlp.fc2.lora_B_block_5/events.out.tfevents.1768387349.master-192-168-8-48.1680.9,mlp.fc2.lora_B,5
1768388614.6229775,2236,69.90625,0.09501457959413528,Grad/mlp.fc2.lora_B,outputs_dev/vitb16/T=vtab_Q=3bit_L=lora_2_qkv-fc1-proj-fc2/cifar/20260114184203_default_acc=53.50/tensorboard/Grad_mlp.fc2.lora_B_block_5/events.out.tfevents.1768387349.master-192-168-8-48.1680.9,mlp.fc2.lora_B,5
1768388615.0147336,2237,69.9375,0.032960109412670135,Grad/mlp.fc2.lora_B,outputs_dev/vitb16/T=vtab_Q=3bit_L=lora_2_qkv-fc1-proj-fc2/cifar/20260114184203_default_acc=53.50/tensorboard/Grad_mlp.fc2.lora_B_block_5/events.out.tfevents.1768387349.master-192-168-8-48.1680.9,mlp.fc2.lora_B,5
1768388615.4004,2238,69.96875,0.04707358404994011,Grad/mlp.fc2.lora_B,outputs_dev/vitb16/T=vtab_Q=3bit_L=lora_2_qkv-fc1-proj-fc2/cifar/20260114184203_default_acc=53.50/tensorboard/Grad_mlp.fc2.lora_B_block_5/events.out.tfevents.1768387349.master-192-168-8-48.1680.9,mlp.fc2.lora_B,5
1768388615.5506616,2239,70.0,0.15618841350078583,Grad/mlp.fc2.lora_B,outputs_dev/vitb16/T=vtab_Q=3bit_L=lora_2_qkv-fc1-proj-fc2/cifar/20260114184203_default_acc=53.50/tensorboard/Grad_mlp.fc2.lora_B_block_5/events.out.tfevents.1768387349.master-192-168-8-48.1680.9,mlp.fc2.lora_B,5
1768388616.2423294,2240,70.03125,0.04342612996697426,Grad/mlp.fc2.lora_B,outputs_dev/vitb16/T=vtab_Q=3bit_L=lora_2_qkv-fc1-proj-fc2/cifar/20260114184203_default_acc=53.50/tensorboard/Grad_mlp.fc2.lora_B_block_5/events.out.tfevents.1768387349.master-192-168-8-48.1680.9,mlp.fc2.lora_B,5
1768388616.6375554,2241,70.0625,0.08736030757427216,Grad/mlp.fc2.lora_B,outputs_dev/vitb16/T=vtab_Q=3bit_L=lora_2_qkv-fc1-proj-fc2/cifar/20260114184203_default_acc=53.50/tensorboard/Grad_mlp.fc2.lora_B_block_5/events.out.tfevents.1768387349.master-192-168-8-48.1680.9,mlp.fc2.lora_B,5
1768388617.0302937,2242,70.09375,0.10174209624528885,Grad/mlp.fc2.lora_B,outputs_dev/vitb16/T=vtab_Q=3bit_L=lora_2_qkv-fc1-proj-fc2/cifar/20260114184203_default_acc=53.50/tensorboard/Grad_mlp.fc2.lora_B_block_5/events.out.tfevents.1768387349.master-192-168-8-48.1680.9,mlp.fc2.lora_B,5
1768388617.4084694,2243,70.125,0.11597762256860733,Grad/mlp.fc2.lora_B,outputs_dev/vitb16/T=vtab_Q=3bit_L=lora_2_qkv-fc1-proj-fc2/cifar/20260114184203_default_acc=53.50/tensorboard/Grad_mlp.fc2.lora_B_block_5/events.out.tfevents.1768387349.master-192-168-8-48.1680.9,mlp.fc2.lora_B,5
1768388617.7995112,2244,70.15625,0.03806682676076889,Grad/mlp.fc2.lora_B,outputs_dev/vitb16/T=vtab_Q=3bit_L=lora_2_qkv-fc1-proj-fc2/cifar/20260114184203_default_acc=53.50/tensorboard/Grad_mlp.fc2.lora_B_block_5/events.out.tfevents.1768387349.master-192-168-8-48.1680.9,mlp.fc2.lora_B,5
1768388618.191941,2245,70.1875,0.0452394038438797,Grad/mlp.fc2.lora_B,outputs_dev/vitb16/T=vtab_Q=3bit_L=lora_2_qkv-fc1-proj-fc2/cifar/20260114184203_default_acc=53.50/tensorboard/Grad_mlp.fc2.lora_B_block_5/events.out.tfevents.1768387349.master-192-168-8-48.1680.9,mlp.fc2.lora_B,5
1768388618.5827982,2246,70.21875,0.05414019152522087,Grad/mlp.fc2.lora_B,outputs_dev/vitb16/T=vtab_Q=3bit_L=lora_2_qkv-fc1-proj-fc2/cifar/20260114184203_default_acc=53.50/tensorboard/Grad_mlp.fc2.lora_B_block_5/events.out.tfevents.1768387349.master-192-168-8-48.1680.9,mlp.fc2.lora_B,5
1768388618.9795053,2247,70.25,0.0238709207624197,Grad/mlp.fc2.lora_B,outputs_dev/vitb16/T=vtab_Q=3bit_L=lora_2_qkv-fc1-proj-fc2/cifar/20260114184203_default_acc=53.50/tensorboard/Grad_mlp.fc2.lora_B_block_5/events.out.tfevents.1768387349.master-192-168-8-48.1680.9,mlp.fc2.lora_B,5
1768388619.369581,2248,70.28125,0.07902146130800247,Grad/mlp.fc2.lora_B,outputs_dev/vitb16/T=vtab_Q=3bit_L=lora_2_qkv-fc1-proj-fc2/cifar/20260114184203_default_acc=53.50/tensorboard/Grad_mlp.fc2.lora_B_block_5/events.out.tfevents.1768387349.master-192-168-8-48.1680.9,mlp.fc2.lora_B,5
1768388619.7594345,2249,70.3125,0.08406759053468704,Grad/mlp.fc2.lora_B,outputs_dev/vitb16/T=vtab_Q=3bit_L=lora_2_qkv-fc1-proj-fc2/cifar/20260114184203_default_acc=53.50/tensorboard/Grad_mlp.fc2.lora_B_block_5/events.out.tfevents.1768387349.master-192-168-8-48.1680.9,mlp.fc2.lora_B,5
1768388620.15527,2250,70.34375,0.018874607980251312,Grad/mlp.fc2.lora_B,outputs_dev/vitb16/T=vtab_Q=3bit_L=lora_2_qkv-fc1-proj-fc2/cifar/20260114184203_default_acc=53.50/tensorboard/Grad_mlp.fc2.lora_B_block_5/events.out.tfevents.1768387349.master-192-168-8-48.1680.9,mlp.fc2.lora_B,5
1768388620.5489626,2251,70.375,0.027942990884184837,Grad/mlp.fc2.lora_B,outputs_dev/vitb16/T=vtab_Q=3bit_L=lora_2_qkv-fc1-proj-fc2/cifar/20260114184203_default_acc=53.50/tensorboard/Grad_mlp.fc2.lora_B_block_5/events.out.tfevents.1768387349.master-192-168-8-48.1680.9,mlp.fc2.lora_B,5
1768388620.9431462,2252,70.40625,0.028084468096494675,Grad/mlp.fc2.lora_B,outputs_dev/vitb16/T=vtab_Q=3bit_L=lora_2_qkv-fc1-proj-fc2/cifar/20260114184203_default_acc=53.50/tensorboard/Grad_mlp.fc2.lora_B_block_5/events.out.tfevents.1768387349.master-192-168-8-48.1680.9,mlp.fc2.lora_B,5
1768388621.3385427,2253,70.4375,0.04979313910007477,Grad/mlp.fc2.lora_B,outputs_dev/vitb16/T=vtab_Q=3bit_L=lora_2_qkv-fc1-proj-fc2/cifar/20260114184203_default_acc=53.50/tensorboard/Grad_mlp.fc2.lora_B_block_5/events.out.tfevents.1768387349.master-192-168-8-48.1680.9,mlp.fc2.lora_B,5
1768388621.7342794,2254,70.46875,0.015938187018036842,Grad/mlp.fc2.lora_B,outputs_dev/vitb16/T=vtab_Q=3bit_L=lora_2_qkv-fc1-proj-fc2/cifar/20260114184203_default_acc=53.50/tensorboard/Grad_mlp.fc2.lora_B_block_5/events.out.tfevents.1768387349.master-192-168-8-48.1680.9,mlp.fc2.lora_B,5
1768388622.1263976,2255,70.5,0.09985804557800293,Grad/mlp.fc2.lora_B,outputs_dev/vitb16/T=vtab_Q=3bit_L=lora_2_qkv-fc1-proj-fc2/cifar/20260114184203_default_acc=53.50/tensorboard/Grad_mlp.fc2.lora_B_block_5/events.out.tfevents.1768387349.master-192-168-8-48.1680.9,mlp.fc2.lora_B,5
1768388622.518508,2256,70.53125,0.0942215546965599,Grad/mlp.fc2.lora_B,outputs_dev/vitb16/T=vtab_Q=3bit_L=lora_2_qkv-fc1-proj-fc2/cifar/20260114184203_default_acc=53.50/tensorboard/Grad_mlp.fc2.lora_B_block_5/events.out.tfevents.1768387349.master-192-168-8-48.1680.9,mlp.fc2.lora_B,5
1768388622.9108574,2257,70.5625,0.023213937878608704,Grad/mlp.fc2.lora_B,outputs_dev/vitb16/T=vtab_Q=3bit_L=lora_2_qkv-fc1-proj-fc2/cifar/20260114184203_default_acc=53.50/tensorboard/Grad_mlp.fc2.lora_B_block_5/events.out.tfevents.1768387349.master-192-168-8-48.1680.9,mlp.fc2.lora_B,5
1768388623.2890363,2258,70.59375,0.025897815823554993,Grad/mlp.fc2.lora_B,outputs_dev/vitb16/T=vtab_Q=3bit_L=lora_2_qkv-fc1-proj-fc2/cifar/20260114184203_default_acc=53.50/tensorboard/Grad_mlp.fc2.lora_B_block_5/events.out.tfevents.1768387349.master-192-168-8-48.1680.9,mlp.fc2.lora_B,5
1768388623.6662576,2259,70.625,0.08205322921276093,Grad/mlp.fc2.lora_B,outputs_dev/vitb16/T=vtab_Q=3bit_L=lora_2_qkv-fc1-proj-fc2/cifar/20260114184203_default_acc=53.50/tensorboard/Grad_mlp.fc2.lora_B_block_5/events.out.tfevents.1768387349.master-192-168-8-48.1680.9,mlp.fc2.lora_B,5
1768388624.0411956,2260,70.65625,0.039140067994594574,Grad/mlp.fc2.lora_B,outputs_dev/vitb16/T=vtab_Q=3bit_L=lora_2_qkv-fc1-proj-fc2/cifar/20260114184203_default_acc=53.50/tensorboard/Grad_mlp.fc2.lora_B_block_5/events.out.tfevents.1768387349.master-192-168-8-48.1680.9,mlp.fc2.lora_B,5
1768388624.4385438,2261,70.6875,0.02309293858706951,Grad/mlp.fc2.lora_B,outputs_dev/vitb16/T=vtab_Q=3bit_L=lora_2_qkv-fc1-proj-fc2/cifar/20260114184203_default_acc=53.50/tensorboard/Grad_mlp.fc2.lora_B_block_5/events.out.tfevents.1768387349.master-192-168-8-48.1680.9,mlp.fc2.lora_B,5
1768388624.8309531,2262,70.71875,0.22782114148139954,Grad/mlp.fc2.lora_B,outputs_dev/vitb16/T=vtab_Q=3bit_L=lora_2_qkv-fc1-proj-fc2/cifar/20260114184203_default_acc=53.50/tensorboard/Grad_mlp.fc2.lora_B_block_5/events.out.tfevents.1768387349.master-192-168-8-48.1680.9,mlp.fc2.lora_B,5
1768388625.2217038,2263,70.75,0.1150355264544487,Grad/mlp.fc2.lora_B,outputs_dev/vitb16/T=vtab_Q=3bit_L=lora_2_qkv-fc1-proj-fc2/cifar/20260114184203_default_acc=53.50/tensorboard/Grad_mlp.fc2.lora_B_block_5/events.out.tfevents.1768387349.master-192-168-8-48.1680.9,mlp.fc2.lora_B,5
1768388625.612199,2264,70.78125,0.030225468799471855,Grad/mlp.fc2.lora_B,outputs_dev/vitb16/T=vtab_Q=3bit_L=lora_2_qkv-fc1-proj-fc2/cifar/20260114184203_default_acc=53.50/tensorboard/Grad_mlp.fc2.lora_B_block_5/events.out.tfevents.1768387349.master-192-168-8-48.1680.9,mlp.fc2.lora_B,5
1768388626.0045896,2265,70.8125,0.061186764389276505,Grad/mlp.fc2.lora_B,outputs_dev/vitb16/T=vtab_Q=3bit_L=lora_2_qkv-fc1-proj-fc2/cifar/20260114184203_default_acc=53.50/tensorboard/Grad_mlp.fc2.lora_B_block_5/events.out.tfevents.1768387349.master-192-168-8-48.1680.9,mlp.fc2.lora_B,5
1768388626.3945143,2266,70.84375,0.029065215960144997,Grad/mlp.fc2.lora_B,outputs_dev/vitb16/T=vtab_Q=3bit_L=lora_2_qkv-fc1-proj-fc2/cifar/20260114184203_default_acc=53.50/tensorboard/Grad_mlp.fc2.lora_B_block_5/events.out.tfevents.1768387349.master-192-168-8-48.1680.9,mlp.fc2.lora_B,5
1768388626.7851179,2267,70.875,0.018985502421855927,Grad/mlp.fc2.lora_B,outputs_dev/vitb16/T=vtab_Q=3bit_L=lora_2_qkv-fc1-proj-fc2/cifar/20260114184203_default_acc=53.50/tensorboard/Grad_mlp.fc2.lora_B_block_5/events.out.tfevents.1768387349.master-192-168-8-48.1680.9,mlp.fc2.lora_B,5
1768388627.1756158,2268,70.90625,0.10718788206577301,Grad/mlp.fc2.lora_B,outputs_dev/vitb16/T=vtab_Q=3bit_L=lora_2_qkv-fc1-proj-fc2/cifar/20260114184203_default_acc=53.50/tensorboard/Grad_mlp.fc2.lora_B_block_5/events.out.tfevents.1768387349.master-192-168-8-48.1680.9,mlp.fc2.lora_B,5
1768388627.5739877,2269,70.9375,0.018759576603770256,Grad/mlp.fc2.lora_B,outputs_dev/vitb16/T=vtab_Q=3bit_L=lora_2_qkv-fc1-proj-fc2/cifar/20260114184203_default_acc=53.50/tensorboard/Grad_mlp.fc2.lora_B_block_5/events.out.tfevents.1768387349.master-192-168-8-48.1680.9,mlp.fc2.lora_B,5
1768388627.9780495,2270,70.96875,0.09085292369127274,Grad/mlp.fc2.lora_B,outputs_dev/vitb16/T=vtab_Q=3bit_L=lora_2_qkv-fc1-proj-fc2/cifar/20260114184203_default_acc=53.50/tensorboard/Grad_mlp.fc2.lora_B_block_5/events.out.tfevents.1768387349.master-192-168-8-48.1680.9,mlp.fc2.lora_B,5
1768388628.1742442,2271,71.0,0.054058972746133804,Grad/mlp.fc2.lora_B,outputs_dev/vitb16/T=vtab_Q=3bit_L=lora_2_qkv-fc1-proj-fc2/cifar/20260114184203_default_acc=53.50/tensorboard/Grad_mlp.fc2.lora_B_block_5/events.out.tfevents.1768387349.master-192-168-8-48.1680.9,mlp.fc2.lora_B,5
1768388678.8661792,2272,71.03125,0.05422741919755936,Grad/mlp.fc2.lora_B,outputs_dev/vitb16/T=vtab_Q=3bit_L=lora_2_qkv-fc1-proj-fc2/cifar/20260114184203_default_acc=53.50/tensorboard/Grad_mlp.fc2.lora_B_block_5/events.out.tfevents.1768387349.master-192-168-8-48.1680.9,mlp.fc2.lora_B,5
1768388679.2618551,2273,71.0625,0.027378365397453308,Grad/mlp.fc2.lora_B,outputs_dev/vitb16/T=vtab_Q=3bit_L=lora_2_qkv-fc1-proj-fc2/cifar/20260114184203_default_acc=53.50/tensorboard/Grad_mlp.fc2.lora_B_block_5/events.out.tfevents.1768387349.master-192-168-8-48.1680.9,mlp.fc2.lora_B,5
1768388679.6548674,2274,71.09375,0.025497974827885628,Grad/mlp.fc2.lora_B,outputs_dev/vitb16/T=vtab_Q=3bit_L=lora_2_qkv-fc1-proj-fc2/cifar/20260114184203_default_acc=53.50/tensorboard/Grad_mlp.fc2.lora_B_block_5/events.out.tfevents.1768387349.master-192-168-8-48.1680.9,mlp.fc2.lora_B,5
1768388680.0594206,2275,71.125,0.1111348494887352,Grad/mlp.fc2.lora_B,outputs_dev/vitb16/T=vtab_Q=3bit_L=lora_2_qkv-fc1-proj-fc2/cifar/20260114184203_default_acc=53.50/tensorboard/Grad_mlp.fc2.lora_B_block_5/events.out.tfevents.1768387349.master-192-168-8-48.1680.9,mlp.fc2.lora_B,5
1768388680.4625127,2276,71.15625,0.05246282368898392,Grad/mlp.fc2.lora_B,outputs_dev/vitb16/T=vtab_Q=3bit_L=lora_2_qkv-fc1-proj-fc2/cifar/20260114184203_default_acc=53.50/tensorboard/Grad_mlp.fc2.lora_B_block_5/events.out.tfevents.1768387349.master-192-168-8-48.1680.9,mlp.fc2.lora_B,5
1768388680.8558054,2277,71.1875,0.04665416479110718,Grad/mlp.fc2.lora_B,outputs_dev/vitb16/T=vtab_Q=3bit_L=lora_2_qkv-fc1-proj-fc2/cifar/20260114184203_default_acc=53.50/tensorboard/Grad_mlp.fc2.lora_B_block_5/events.out.tfevents.1768387349.master-192-168-8-48.1680.9,mlp.fc2.lora_B,5
1768388681.252177,2278,71.21875,0.08503181487321854,Grad/mlp.fc2.lora_B,outputs_dev/vitb16/T=vtab_Q=3bit_L=lora_2_qkv-fc1-proj-fc2/cifar/20260114184203_default_acc=53.50/tensorboard/Grad_mlp.fc2.lora_B_block_5/events.out.tfevents.1768387349.master-192-168-8-48.1680.9,mlp.fc2.lora_B,5
1768388681.6623313,2279,71.25,0.053391773253679276,Grad/mlp.fc2.lora_B,outputs_dev/vitb16/T=vtab_Q=3bit_L=lora_2_qkv-fc1-proj-fc2/cifar/20260114184203_default_acc=53.50/tensorboard/Grad_mlp.fc2.lora_B_block_5/events.out.tfevents.1768387349.master-192-168-8-48.1680.9,mlp.fc2.lora_B,5
1768388682.056773,2280,71.28125,0.03446579352021217,Grad/mlp.fc2.lora_B,outputs_dev/vitb16/T=vtab_Q=3bit_L=lora_2_qkv-fc1-proj-fc2/cifar/20260114184203_default_acc=53.50/tensorboard/Grad_mlp.fc2.lora_B_block_5/events.out.tfevents.1768387349.master-192-168-8-48.1680.9,mlp.fc2.lora_B,5
1768388682.4493947,2281,71.3125,0.06686386466026306,Grad/mlp.fc2.lora_B,outputs_dev/vitb16/T=vtab_Q=3bit_L=lora_2_qkv-fc1-proj-fc2/cifar/20260114184203_default_acc=53.50/tensorboard/Grad_mlp.fc2.lora_B_block_5/events.out.tfevents.1768387349.master-192-168-8-48.1680.9,mlp.fc2.lora_B,5
1768388682.839776,2282,71.34375,0.10358884185552597,Grad/mlp.fc2.lora_B,outputs_dev/vitb16/T=vtab_Q=3bit_L=lora_2_qkv-fc1-proj-fc2/cifar/20260114184203_default_acc=53.50/tensorboard/Grad_mlp.fc2.lora_B_block_5/events.out.tfevents.1768387349.master-192-168-8-48.1680.9,mlp.fc2.lora_B,5
1768388683.2493181,2283,71.375,0.017758231610059738,Grad/mlp.fc2.lora_B,outputs_dev/vitb16/T=vtab_Q=3bit_L=lora_2_qkv-fc1-proj-fc2/cifar/20260114184203_default_acc=53.50/tensorboard/Grad_mlp.fc2.lora_B_block_5/events.out.tfevents.1768387349.master-192-168-8-48.1680.9,mlp.fc2.lora_B,5
1768388683.6452353,2284,71.40625,0.04983307048678398,Grad/mlp.fc2.lora_B,outputs_dev/vitb16/T=vtab_Q=3bit_L=lora_2_qkv-fc1-proj-fc2/cifar/20260114184203_default_acc=53.50/tensorboard/Grad_mlp.fc2.lora_B_block_5/events.out.tfevents.1768387349.master-192-168-8-48.1680.9,mlp.fc2.lora_B,5
1768388684.0374925,2285,71.4375,0.012054501101374626,Grad/mlp.fc2.lora_B,outputs_dev/vitb16/T=vtab_Q=3bit_L=lora_2_qkv-fc1-proj-fc2/cifar/20260114184203_default_acc=53.50/tensorboard/Grad_mlp.fc2.lora_B_block_5/events.out.tfevents.1768387349.master-192-168-8-48.1680.9,mlp.fc2.lora_B,5
1768388684.4279675,2286,71.46875,0.03356048837304115,Grad/mlp.fc2.lora_B,outputs_dev/vitb16/T=vtab_Q=3bit_L=lora_2_qkv-fc1-proj-fc2/cifar/20260114184203_default_acc=53.50/tensorboard/Grad_mlp.fc2.lora_B_block_5/events.out.tfevents.1768387349.master-192-168-8-48.1680.9,mlp.fc2.lora_B,5
1768388684.817952,2287,71.5,0.16077183187007904,Grad/mlp.fc2.lora_B,outputs_dev/vitb16/T=vtab_Q=3bit_L=lora_2_qkv-fc1-proj-fc2/cifar/20260114184203_default_acc=53.50/tensorboard/Grad_mlp.fc2.lora_B_block_5/events.out.tfevents.1768387349.master-192-168-8-48.1680.9,mlp.fc2.lora_B,5
1768388685.2092133,2288,71.53125,0.047373246401548386,Grad/mlp.fc2.lora_B,outputs_dev/vitb16/T=vtab_Q=3bit_L=lora_2_qkv-fc1-proj-fc2/cifar/20260114184203_default_acc=53.50/tensorboard/Grad_mlp.fc2.lora_B_block_5/events.out.tfevents.1768387349.master-192-168-8-48.1680.9,mlp.fc2.lora_B,5
1768388685.6019633,2289,71.5625,0.05683360621333122,Grad/mlp.fc2.lora_B,outputs_dev/vitb16/T=vtab_Q=3bit_L=lora_2_qkv-fc1-proj-fc2/cifar/20260114184203_default_acc=53.50/tensorboard/Grad_mlp.fc2.lora_B_block_5/events.out.tfevents.1768387349.master-192-168-8-48.1680.9,mlp.fc2.lora_B,5
1768388685.9961593,2290,71.59375,0.4643752872943878,Grad/mlp.fc2.lora_B,outputs_dev/vitb16/T=vtab_Q=3bit_L=lora_2_qkv-fc1-proj-fc2/cifar/20260114184203_default_acc=53.50/tensorboard/Grad_mlp.fc2.lora_B_block_5/events.out.tfevents.1768387349.master-192-168-8-48.1680.9,mlp.fc2.lora_B,5
1768388686.393687,2291,71.625,0.027411602437496185,Grad/mlp.fc2.lora_B,outputs_dev/vitb16/T=vtab_Q=3bit_L=lora_2_qkv-fc1-proj-fc2/cifar/20260114184203_default_acc=53.50/tensorboard/Grad_mlp.fc2.lora_B_block_5/events.out.tfevents.1768387349.master-192-168-8-48.1680.9,mlp.fc2.lora_B,5
1768388686.8064,2292,71.65625,0.060939282178878784,Grad/mlp.fc2.lora_B,outputs_dev/vitb16/T=vtab_Q=3bit_L=lora_2_qkv-fc1-proj-fc2/cifar/20260114184203_default_acc=53.50/tensorboard/Grad_mlp.fc2.lora_B_block_5/events.out.tfevents.1768387349.master-192-168-8-48.1680.9,mlp.fc2.lora_B,5
1768388687.2172363,2293,71.6875,0.15971234440803528,Grad/mlp.fc2.lora_B,outputs_dev/vitb16/T=vtab_Q=3bit_L=lora_2_qkv-fc1-proj-fc2/cifar/20260114184203_default_acc=53.50/tensorboard/Grad_mlp.fc2.lora_B_block_5/events.out.tfevents.1768387349.master-192-168-8-48.1680.9,mlp.fc2.lora_B,5
1768388687.6211953,2294,71.71875,0.12317649275064468,Grad/mlp.fc2.lora_B,outputs_dev/vitb16/T=vtab_Q=3bit_L=lora_2_qkv-fc1-proj-fc2/cifar/20260114184203_default_acc=53.50/tensorboard/Grad_mlp.fc2.lora_B_block_5/events.out.tfevents.1768387349.master-192-168-8-48.1680.9,mlp.fc2.lora_B,5
1768388688.0124454,2295,71.75,0.049782201647758484,Grad/mlp.fc2.lora_B,outputs_dev/vitb16/T=vtab_Q=3bit_L=lora_2_qkv-fc1-proj-fc2/cifar/20260114184203_default_acc=53.50/tensorboard/Grad_mlp.fc2.lora_B_block_5/events.out.tfevents.1768387349.master-192-168-8-48.1680.9,mlp.fc2.lora_B,5
1768388688.3903203,2296,71.78125,0.032323699444532394,Grad/mlp.fc2.lora_B,outputs_dev/vitb16/T=vtab_Q=3bit_L=lora_2_qkv-fc1-proj-fc2/cifar/20260114184203_default_acc=53.50/tensorboard/Grad_mlp.fc2.lora_B_block_5/events.out.tfevents.1768387349.master-192-168-8-48.1680.9,mlp.fc2.lora_B,5
1768388688.780488,2297,71.8125,0.04239052161574364,Grad/mlp.fc2.lora_B,outputs_dev/vitb16/T=vtab_Q=3bit_L=lora_2_qkv-fc1-proj-fc2/cifar/20260114184203_default_acc=53.50/tensorboard/Grad_mlp.fc2.lora_B_block_5/events.out.tfevents.1768387349.master-192-168-8-48.1680.9,mlp.fc2.lora_B,5
1768388689.172321,2298,71.84375,0.1499154269695282,Grad/mlp.fc2.lora_B,outputs_dev/vitb16/T=vtab_Q=3bit_L=lora_2_qkv-fc1-proj-fc2/cifar/20260114184203_default_acc=53.50/tensorboard/Grad_mlp.fc2.lora_B_block_5/events.out.tfevents.1768387349.master-192-168-8-48.1680.9,mlp.fc2.lora_B,5
1768388689.5566049,2299,71.875,0.040018871426582336,Grad/mlp.fc2.lora_B,outputs_dev/vitb16/T=vtab_Q=3bit_L=lora_2_qkv-fc1-proj-fc2/cifar/20260114184203_default_acc=53.50/tensorboard/Grad_mlp.fc2.lora_B_block_5/events.out.tfevents.1768387349.master-192-168-8-48.1680.9,mlp.fc2.lora_B,5
1768388689.9467626,2300,71.90625,0.04031459614634514,Grad/mlp.fc2.lora_B,outputs_dev/vitb16/T=vtab_Q=3bit_L=lora_2_qkv-fc1-proj-fc2/cifar/20260114184203_default_acc=53.50/tensorboard/Grad_mlp.fc2.lora_B_block_5/events.out.tfevents.1768387349.master-192-168-8-48.1680.9,mlp.fc2.lora_B,5
1768388690.3425248,2301,71.9375,0.0433194674551487,Grad/mlp.fc2.lora_B,outputs_dev/vitb16/T=vtab_Q=3bit_L=lora_2_qkv-fc1-proj-fc2/cifar/20260114184203_default_acc=53.50/tensorboard/Grad_mlp.fc2.lora_B_block_5/events.out.tfevents.1768387349.master-192-168-8-48.1680.9,mlp.fc2.lora_B,5
1768388690.7348409,2302,71.96875,0.024153918027877808,Grad/mlp.fc2.lora_B,outputs_dev/vitb16/T=vtab_Q=3bit_L=lora_2_qkv-fc1-proj-fc2/cifar/20260114184203_default_acc=53.50/tensorboard/Grad_mlp.fc2.lora_B_block_5/events.out.tfevents.1768387349.master-192-168-8-48.1680.9,mlp.fc2.lora_B,5
1768388690.9164155,2303,72.0,0.05061492323875427,Grad/mlp.fc2.lora_B,outputs_dev/vitb16/T=vtab_Q=3bit_L=lora_2_qkv-fc1-proj-fc2/cifar/20260114184203_default_acc=53.50/tensorboard/Grad_mlp.fc2.lora_B_block_5/events.out.tfevents.1768387349.master-192-168-8-48.1680.9,mlp.fc2.lora_B,5
1768388691.5343506,2304,72.03125,0.061953723430633545,Grad/mlp.fc2.lora_B,outputs_dev/vitb16/T=vtab_Q=3bit_L=lora_2_qkv-fc1-proj-fc2/cifar/20260114184203_default_acc=53.50/tensorboard/Grad_mlp.fc2.lora_B_block_5/events.out.tfevents.1768387349.master-192-168-8-48.1680.9,mlp.fc2.lora_B,5
1768388691.915966,2305,72.0625,0.232367143034935,Grad/mlp.fc2.lora_B,outputs_dev/vitb16/T=vtab_Q=3bit_L=lora_2_qkv-fc1-proj-fc2/cifar/20260114184203_default_acc=53.50/tensorboard/Grad_mlp.fc2.lora_B_block_5/events.out.tfevents.1768387349.master-192-168-8-48.1680.9,mlp.fc2.lora_B,5
1768388692.3085437,2306,72.09375,0.013512229546904564,Grad/mlp.fc2.lora_B,outputs_dev/vitb16/T=vtab_Q=3bit_L=lora_2_qkv-fc1-proj-fc2/cifar/20260114184203_default_acc=53.50/tensorboard/Grad_mlp.fc2.lora_B_block_5/events.out.tfevents.1768387349.master-192-168-8-48.1680.9,mlp.fc2.lora_B,5
1768388692.6902087,2307,72.125,0.18484456837177277,Grad/mlp.fc2.lora_B,outputs_dev/vitb16/T=vtab_Q=3bit_L=lora_2_qkv-fc1-proj-fc2/cifar/20260114184203_default_acc=53.50/tensorboard/Grad_mlp.fc2.lora_B_block_5/events.out.tfevents.1768387349.master-192-168-8-48.1680.9,mlp.fc2.lora_B,5
1768388693.0713482,2308,72.15625,0.03450827673077583,Grad/mlp.fc2.lora_B,outputs_dev/vitb16/T=vtab_Q=3bit_L=lora_2_qkv-fc1-proj-fc2/cifar/20260114184203_default_acc=53.50/tensorboard/Grad_mlp.fc2.lora_B_block_5/events.out.tfevents.1768387349.master-192-168-8-48.1680.9,mlp.fc2.lora_B,5
1768388693.4468305,2309,72.1875,0.0650167241692543,Grad/mlp.fc2.lora_B,outputs_dev/vitb16/T=vtab_Q=3bit_L=lora_2_qkv-fc1-proj-fc2/cifar/20260114184203_default_acc=53.50/tensorboard/Grad_mlp.fc2.lora_B_block_5/events.out.tfevents.1768387349.master-192-168-8-48.1680.9,mlp.fc2.lora_B,5
1768388693.8257499,2310,72.21875,0.01033466961234808,Grad/mlp.fc2.lora_B,outputs_dev/vitb16/T=vtab_Q=3bit_L=lora_2_qkv-fc1-proj-fc2/cifar/20260114184203_default_acc=53.50/tensorboard/Grad_mlp.fc2.lora_B_block_5/events.out.tfevents.1768387349.master-192-168-8-48.1680.9,mlp.fc2.lora_B,5
1768388694.231275,2311,72.25,0.09275145828723907,Grad/mlp.fc2.lora_B,outputs_dev/vitb16/T=vtab_Q=3bit_L=lora_2_qkv-fc1-proj-fc2/cifar/20260114184203_default_acc=53.50/tensorboard/Grad_mlp.fc2.lora_B_block_5/events.out.tfevents.1768387349.master-192-168-8-48.1680.9,mlp.fc2.lora_B,5
1768388694.6324482,2312,72.28125,0.09224363416433334,Grad/mlp.fc2.lora_B,outputs_dev/vitb16/T=vtab_Q=3bit_L=lora_2_qkv-fc1-proj-fc2/cifar/20260114184203_default_acc=53.50/tensorboard/Grad_mlp.fc2.lora_B_block_5/events.out.tfevents.1768387349.master-192-168-8-48.1680.9,mlp.fc2.lora_B,5
1768388695.008474,2313,72.3125,0.12738469243049622,Grad/mlp.fc2.lora_B,outputs_dev/vitb16/T=vtab_Q=3bit_L=lora_2_qkv-fc1-proj-fc2/cifar/20260114184203_default_acc=53.50/tensorboard/Grad_mlp.fc2.lora_B_block_5/events.out.tfevents.1768387349.master-192-168-8-48.1680.9,mlp.fc2.lora_B,5
1768388695.39619,2314,72.34375,0.06884627044200897,Grad/mlp.fc2.lora_B,outputs_dev/vitb16/T=vtab_Q=3bit_L=lora_2_qkv-fc1-proj-fc2/cifar/20260114184203_default_acc=53.50/tensorboard/Grad_mlp.fc2.lora_B_block_5/events.out.tfevents.1768387349.master-192-168-8-48.1680.9,mlp.fc2.lora_B,5
1768388695.7785485,2315,72.375,0.037010785192251205,Grad/mlp.fc2.lora_B,outputs_dev/vitb16/T=vtab_Q=3bit_L=lora_2_qkv-fc1-proj-fc2/cifar/20260114184203_default_acc=53.50/tensorboard/Grad_mlp.fc2.lora_B_block_5/events.out.tfevents.1768387349.master-192-168-8-48.1680.9,mlp.fc2.lora_B,5
1768388696.185326,2316,72.40625,0.06726295500993729,Grad/mlp.fc2.lora_B,outputs_dev/vitb16/T=vtab_Q=3bit_L=lora_2_qkv-fc1-proj-fc2/cifar/20260114184203_default_acc=53.50/tensorboard/Grad_mlp.fc2.lora_B_block_5/events.out.tfevents.1768387349.master-192-168-8-48.1680.9,mlp.fc2.lora_B,5
1768388696.574827,2317,72.4375,0.04132992401719093,Grad/mlp.fc2.lora_B,outputs_dev/vitb16/T=vtab_Q=3bit_L=lora_2_qkv-fc1-proj-fc2/cifar/20260114184203_default_acc=53.50/tensorboard/Grad_mlp.fc2.lora_B_block_5/events.out.tfevents.1768387349.master-192-168-8-48.1680.9,mlp.fc2.lora_B,5
1768388696.96436,2318,72.46875,0.42649704217910767,Grad/mlp.fc2.lora_B,outputs_dev/vitb16/T=vtab_Q=3bit_L=lora_2_qkv-fc1-proj-fc2/cifar/20260114184203_default_acc=53.50/tensorboard/Grad_mlp.fc2.lora_B_block_5/events.out.tfevents.1768387349.master-192-168-8-48.1680.9,mlp.fc2.lora_B,5
1768388697.3522475,2319,72.5,0.05533609166741371,Grad/mlp.fc2.lora_B,outputs_dev/vitb16/T=vtab_Q=3bit_L=lora_2_qkv-fc1-proj-fc2/cifar/20260114184203_default_acc=53.50/tensorboard/Grad_mlp.fc2.lora_B_block_5/events.out.tfevents.1768387349.master-192-168-8-48.1680.9,mlp.fc2.lora_B,5
1768388697.737072,2320,72.53125,0.243764728307724,Grad/mlp.fc2.lora_B,outputs_dev/vitb16/T=vtab_Q=3bit_L=lora_2_qkv-fc1-proj-fc2/cifar/20260114184203_default_acc=53.50/tensorboard/Grad_mlp.fc2.lora_B_block_5/events.out.tfevents.1768387349.master-192-168-8-48.1680.9,mlp.fc2.lora_B,5
1768388698.1282115,2321,72.5625,0.03754996508359909,Grad/mlp.fc2.lora_B,outputs_dev/vitb16/T=vtab_Q=3bit_L=lora_2_qkv-fc1-proj-fc2/cifar/20260114184203_default_acc=53.50/tensorboard/Grad_mlp.fc2.lora_B_block_5/events.out.tfevents.1768387349.master-192-168-8-48.1680.9,mlp.fc2.lora_B,5
1768388698.5317047,2322,72.59375,0.023866739124059677,Grad/mlp.fc2.lora_B,outputs_dev/vitb16/T=vtab_Q=3bit_L=lora_2_qkv-fc1-proj-fc2/cifar/20260114184203_default_acc=53.50/tensorboard/Grad_mlp.fc2.lora_B_block_5/events.out.tfevents.1768387349.master-192-168-8-48.1680.9,mlp.fc2.lora_B,5
1768388698.9186425,2323,72.625,0.032125379890203476,Grad/mlp.fc2.lora_B,outputs_dev/vitb16/T=vtab_Q=3bit_L=lora_2_qkv-fc1-proj-fc2/cifar/20260114184203_default_acc=53.50/tensorboard/Grad_mlp.fc2.lora_B_block_5/events.out.tfevents.1768387349.master-192-168-8-48.1680.9,mlp.fc2.lora_B,5
1768388699.3116083,2324,72.65625,0.04189853370189667,Grad/mlp.fc2.lora_B,outputs_dev/vitb16/T=vtab_Q=3bit_L=lora_2_qkv-fc1-proj-fc2/cifar/20260114184203_default_acc=53.50/tensorboard/Grad_mlp.fc2.lora_B_block_5/events.out.tfevents.1768387349.master-192-168-8-48.1680.9,mlp.fc2.lora_B,5
1768388699.6910691,2325,72.6875,0.047993000596761703,Grad/mlp.fc2.lora_B,outputs_dev/vitb16/T=vtab_Q=3bit_L=lora_2_qkv-fc1-proj-fc2/cifar/20260114184203_default_acc=53.50/tensorboard/Grad_mlp.fc2.lora_B_block_5/events.out.tfevents.1768387349.master-192-168-8-48.1680.9,mlp.fc2.lora_B,5
1768388700.0949254,2326,72.71875,0.038671091198921204,Grad/mlp.fc2.lora_B,outputs_dev/vitb16/T=vtab_Q=3bit_L=lora_2_qkv-fc1-proj-fc2/cifar/20260114184203_default_acc=53.50/tensorboard/Grad_mlp.fc2.lora_B_block_5/events.out.tfevents.1768387349.master-192-168-8-48.1680.9,mlp.fc2.lora_B,5
1768388700.5020754,2327,72.75,0.11098923534154892,Grad/mlp.fc2.lora_B,outputs_dev/vitb16/T=vtab_Q=3bit_L=lora_2_qkv-fc1-proj-fc2/cifar/20260114184203_default_acc=53.50/tensorboard/Grad_mlp.fc2.lora_B_block_5/events.out.tfevents.1768387349.master-192-168-8-48.1680.9,mlp.fc2.lora_B,5
1768388700.8925838,2328,72.78125,0.06454547494649887,Grad/mlp.fc2.lora_B,outputs_dev/vitb16/T=vtab_Q=3bit_L=lora_2_qkv-fc1-proj-fc2/cifar/20260114184203_default_acc=53.50/tensorboard/Grad_mlp.fc2.lora_B_block_5/events.out.tfevents.1768387349.master-192-168-8-48.1680.9,mlp.fc2.lora_B,5
1768388701.270795,2329,72.8125,0.04323510080575943,Grad/mlp.fc2.lora_B,outputs_dev/vitb16/T=vtab_Q=3bit_L=lora_2_qkv-fc1-proj-fc2/cifar/20260114184203_default_acc=53.50/tensorboard/Grad_mlp.fc2.lora_B_block_5/events.out.tfevents.1768387349.master-192-168-8-48.1680.9,mlp.fc2.lora_B,5
1768388701.6642492,2330,72.84375,0.20859593152999878,Grad/mlp.fc2.lora_B,outputs_dev/vitb16/T=vtab_Q=3bit_L=lora_2_qkv-fc1-proj-fc2/cifar/20260114184203_default_acc=53.50/tensorboard/Grad_mlp.fc2.lora_B_block_5/events.out.tfevents.1768387349.master-192-168-8-48.1680.9,mlp.fc2.lora_B,5
1768388702.061739,2331,72.875,0.021484490483999252,Grad/mlp.fc2.lora_B,outputs_dev/vitb16/T=vtab_Q=3bit_L=lora_2_qkv-fc1-proj-fc2/cifar/20260114184203_default_acc=53.50/tensorboard/Grad_mlp.fc2.lora_B_block_5/events.out.tfevents.1768387349.master-192-168-8-48.1680.9,mlp.fc2.lora_B,5
1768388702.4524765,2332,72.90625,0.022972995415329933,Grad/mlp.fc2.lora_B,outputs_dev/vitb16/T=vtab_Q=3bit_L=lora_2_qkv-fc1-proj-fc2/cifar/20260114184203_default_acc=53.50/tensorboard/Grad_mlp.fc2.lora_B_block_5/events.out.tfevents.1768387349.master-192-168-8-48.1680.9,mlp.fc2.lora_B,5
1768388702.842627,2333,72.9375,0.05644381791353226,Grad/mlp.fc2.lora_B,outputs_dev/vitb16/T=vtab_Q=3bit_L=lora_2_qkv-fc1-proj-fc2/cifar/20260114184203_default_acc=53.50/tensorboard/Grad_mlp.fc2.lora_B_block_5/events.out.tfevents.1768387349.master-192-168-8-48.1680.9,mlp.fc2.lora_B,5
1768388703.2352257,2334,72.96875,0.05256624147295952,Grad/mlp.fc2.lora_B,outputs_dev/vitb16/T=vtab_Q=3bit_L=lora_2_qkv-fc1-proj-fc2/cifar/20260114184203_default_acc=53.50/tensorboard/Grad_mlp.fc2.lora_B_block_5/events.out.tfevents.1768387349.master-192-168-8-48.1680.9,mlp.fc2.lora_B,5
1768388703.4289098,2335,73.0,0.5264740586280823,Grad/mlp.fc2.lora_B,outputs_dev/vitb16/T=vtab_Q=3bit_L=lora_2_qkv-fc1-proj-fc2/cifar/20260114184203_default_acc=53.50/tensorboard/Grad_mlp.fc2.lora_B_block_5/events.out.tfevents.1768387349.master-192-168-8-48.1680.9,mlp.fc2.lora_B,5
1768388704.087262,2336,73.03125,0.3004912734031677,Grad/mlp.fc2.lora_B,outputs_dev/vitb16/T=vtab_Q=3bit_L=lora_2_qkv-fc1-proj-fc2/cifar/20260114184203_default_acc=53.50/tensorboard/Grad_mlp.fc2.lora_B_block_5/events.out.tfevents.1768387349.master-192-168-8-48.1680.9,mlp.fc2.lora_B,5
1768388704.5072734,2337,73.0625,0.04222297668457031,Grad/mlp.fc2.lora_B,outputs_dev/vitb16/T=vtab_Q=3bit_L=lora_2_qkv-fc1-proj-fc2/cifar/20260114184203_default_acc=53.50/tensorboard/Grad_mlp.fc2.lora_B_block_5/events.out.tfevents.1768387349.master-192-168-8-48.1680.9,mlp.fc2.lora_B,5
1768388704.9161518,2338,73.09375,0.22738267481327057,Grad/mlp.fc2.lora_B,outputs_dev/vitb16/T=vtab_Q=3bit_L=lora_2_qkv-fc1-proj-fc2/cifar/20260114184203_default_acc=53.50/tensorboard/Grad_mlp.fc2.lora_B_block_5/events.out.tfevents.1768387349.master-192-168-8-48.1680.9,mlp.fc2.lora_B,5
1768388705.3064356,2339,73.125,0.018401265144348145,Grad/mlp.fc2.lora_B,outputs_dev/vitb16/T=vtab_Q=3bit_L=lora_2_qkv-fc1-proj-fc2/cifar/20260114184203_default_acc=53.50/tensorboard/Grad_mlp.fc2.lora_B_block_5/events.out.tfevents.1768387349.master-192-168-8-48.1680.9,mlp.fc2.lora_B,5
1768388705.6950562,2340,73.15625,0.04607905447483063,Grad/mlp.fc2.lora_B,outputs_dev/vitb16/T=vtab_Q=3bit_L=lora_2_qkv-fc1-proj-fc2/cifar/20260114184203_default_acc=53.50/tensorboard/Grad_mlp.fc2.lora_B_block_5/events.out.tfevents.1768387349.master-192-168-8-48.1680.9,mlp.fc2.lora_B,5
1768388706.0975752,2341,73.1875,0.09390372782945633,Grad/mlp.fc2.lora_B,outputs_dev/vitb16/T=vtab_Q=3bit_L=lora_2_qkv-fc1-proj-fc2/cifar/20260114184203_default_acc=53.50/tensorboard/Grad_mlp.fc2.lora_B_block_5/events.out.tfevents.1768387349.master-192-168-8-48.1680.9,mlp.fc2.lora_B,5
1768388706.4751513,2342,73.21875,0.012155178003013134,Grad/mlp.fc2.lora_B,outputs_dev/vitb16/T=vtab_Q=3bit_L=lora_2_qkv-fc1-proj-fc2/cifar/20260114184203_default_acc=53.50/tensorboard/Grad_mlp.fc2.lora_B_block_5/events.out.tfevents.1768387349.master-192-168-8-48.1680.9,mlp.fc2.lora_B,5
1768388706.877982,2343,73.25,0.030542466789484024,Grad/mlp.fc2.lora_B,outputs_dev/vitb16/T=vtab_Q=3bit_L=lora_2_qkv-fc1-proj-fc2/cifar/20260114184203_default_acc=53.50/tensorboard/Grad_mlp.fc2.lora_B_block_5/events.out.tfevents.1768387349.master-192-168-8-48.1680.9,mlp.fc2.lora_B,5
1768388707.2751336,2344,73.28125,0.032369181513786316,Grad/mlp.fc2.lora_B,outputs_dev/vitb16/T=vtab_Q=3bit_L=lora_2_qkv-fc1-proj-fc2/cifar/20260114184203_default_acc=53.50/tensorboard/Grad_mlp.fc2.lora_B_block_5/events.out.tfevents.1768387349.master-192-168-8-48.1680.9,mlp.fc2.lora_B,5
1768388707.6661315,2345,73.3125,0.017923986539244652,Grad/mlp.fc2.lora_B,outputs_dev/vitb16/T=vtab_Q=3bit_L=lora_2_qkv-fc1-proj-fc2/cifar/20260114184203_default_acc=53.50/tensorboard/Grad_mlp.fc2.lora_B_block_5/events.out.tfevents.1768387349.master-192-168-8-48.1680.9,mlp.fc2.lora_B,5
1768388708.0502539,2346,73.34375,0.09135331958532333,Grad/mlp.fc2.lora_B,outputs_dev/vitb16/T=vtab_Q=3bit_L=lora_2_qkv-fc1-proj-fc2/cifar/20260114184203_default_acc=53.50/tensorboard/Grad_mlp.fc2.lora_B_block_5/events.out.tfevents.1768387349.master-192-168-8-48.1680.9,mlp.fc2.lora_B,5
1768388708.436124,2347,73.375,0.023999283090233803,Grad/mlp.fc2.lora_B,outputs_dev/vitb16/T=vtab_Q=3bit_L=lora_2_qkv-fc1-proj-fc2/cifar/20260114184203_default_acc=53.50/tensorboard/Grad_mlp.fc2.lora_B_block_5/events.out.tfevents.1768387349.master-192-168-8-48.1680.9,mlp.fc2.lora_B,5
1768388708.838944,2348,73.40625,0.02844175323843956,Grad/mlp.fc2.lora_B,outputs_dev/vitb16/T=vtab_Q=3bit_L=lora_2_qkv-fc1-proj-fc2/cifar/20260114184203_default_acc=53.50/tensorboard/Grad_mlp.fc2.lora_B_block_5/events.out.tfevents.1768387349.master-192-168-8-48.1680.9,mlp.fc2.lora_B,5
1768388709.2393177,2349,73.4375,0.043236084282398224,Grad/mlp.fc2.lora_B,outputs_dev/vitb16/T=vtab_Q=3bit_L=lora_2_qkv-fc1-proj-fc2/cifar/20260114184203_default_acc=53.50/tensorboard/Grad_mlp.fc2.lora_B_block_5/events.out.tfevents.1768387349.master-192-168-8-48.1680.9,mlp.fc2.lora_B,5
1768388709.6171124,2350,73.46875,0.04157772660255432,Grad/mlp.fc2.lora_B,outputs_dev/vitb16/T=vtab_Q=3bit_L=lora_2_qkv-fc1-proj-fc2/cifar/20260114184203_default_acc=53.50/tensorboard/Grad_mlp.fc2.lora_B_block_5/events.out.tfevents.1768387349.master-192-168-8-48.1680.9,mlp.fc2.lora_B,5
1768388709.9968789,2351,73.5,0.0405859611928463,Grad/mlp.fc2.lora_B,outputs_dev/vitb16/T=vtab_Q=3bit_L=lora_2_qkv-fc1-proj-fc2/cifar/20260114184203_default_acc=53.50/tensorboard/Grad_mlp.fc2.lora_B_block_5/events.out.tfevents.1768387349.master-192-168-8-48.1680.9,mlp.fc2.lora_B,5
1768388710.3981714,2352,73.53125,0.03111158311367035,Grad/mlp.fc2.lora_B,outputs_dev/vitb16/T=vtab_Q=3bit_L=lora_2_qkv-fc1-proj-fc2/cifar/20260114184203_default_acc=53.50/tensorboard/Grad_mlp.fc2.lora_B_block_5/events.out.tfevents.1768387349.master-192-168-8-48.1680.9,mlp.fc2.lora_B,5
1768388710.7989795,2353,73.5625,0.03737589716911316,Grad/mlp.fc2.lora_B,outputs_dev/vitb16/T=vtab_Q=3bit_L=lora_2_qkv-fc1-proj-fc2/cifar/20260114184203_default_acc=53.50/tensorboard/Grad_mlp.fc2.lora_B_block_5/events.out.tfevents.1768387349.master-192-168-8-48.1680.9,mlp.fc2.lora_B,5
1768388711.1830602,2354,73.59375,0.1693391054868698,Grad/mlp.fc2.lora_B,outputs_dev/vitb16/T=vtab_Q=3bit_L=lora_2_qkv-fc1-proj-fc2/cifar/20260114184203_default_acc=53.50/tensorboard/Grad_mlp.fc2.lora_B_block_5/events.out.tfevents.1768387349.master-192-168-8-48.1680.9,mlp.fc2.lora_B,5
1768388711.5744336,2355,73.625,0.08244828879833221,Grad/mlp.fc2.lora_B,outputs_dev/vitb16/T=vtab_Q=3bit_L=lora_2_qkv-fc1-proj-fc2/cifar/20260114184203_default_acc=53.50/tensorboard/Grad_mlp.fc2.lora_B_block_5/events.out.tfevents.1768387349.master-192-168-8-48.1680.9,mlp.fc2.lora_B,5
1768388711.9551349,2356,73.65625,0.011338404379785061,Grad/mlp.fc2.lora_B,outputs_dev/vitb16/T=vtab_Q=3bit_L=lora_2_qkv-fc1-proj-fc2/cifar/20260114184203_default_acc=53.50/tensorboard/Grad_mlp.fc2.lora_B_block_5/events.out.tfevents.1768387349.master-192-168-8-48.1680.9,mlp.fc2.lora_B,5
1768388712.341677,2357,73.6875,0.03971517086029053,Grad/mlp.fc2.lora_B,outputs_dev/vitb16/T=vtab_Q=3bit_L=lora_2_qkv-fc1-proj-fc2/cifar/20260114184203_default_acc=53.50/tensorboard/Grad_mlp.fc2.lora_B_block_5/events.out.tfevents.1768387349.master-192-168-8-48.1680.9,mlp.fc2.lora_B,5
1768388712.7313764,2358,73.71875,0.04053894430398941,Grad/mlp.fc2.lora_B,outputs_dev/vitb16/T=vtab_Q=3bit_L=lora_2_qkv-fc1-proj-fc2/cifar/20260114184203_default_acc=53.50/tensorboard/Grad_mlp.fc2.lora_B_block_5/events.out.tfevents.1768387349.master-192-168-8-48.1680.9,mlp.fc2.lora_B,5
1768388713.1221635,2359,73.75,0.018890637904405594,Grad/mlp.fc2.lora_B,outputs_dev/vitb16/T=vtab_Q=3bit_L=lora_2_qkv-fc1-proj-fc2/cifar/20260114184203_default_acc=53.50/tensorboard/Grad_mlp.fc2.lora_B_block_5/events.out.tfevents.1768387349.master-192-168-8-48.1680.9,mlp.fc2.lora_B,5
1768388713.5127554,2360,73.78125,0.10773543268442154,Grad/mlp.fc2.lora_B,outputs_dev/vitb16/T=vtab_Q=3bit_L=lora_2_qkv-fc1-proj-fc2/cifar/20260114184203_default_acc=53.50/tensorboard/Grad_mlp.fc2.lora_B_block_5/events.out.tfevents.1768387349.master-192-168-8-48.1680.9,mlp.fc2.lora_B,5
1768388713.9067266,2361,73.8125,0.08534283190965652,Grad/mlp.fc2.lora_B,outputs_dev/vitb16/T=vtab_Q=3bit_L=lora_2_qkv-fc1-proj-fc2/cifar/20260114184203_default_acc=53.50/tensorboard/Grad_mlp.fc2.lora_B_block_5/events.out.tfevents.1768387349.master-192-168-8-48.1680.9,mlp.fc2.lora_B,5
1768388714.2977154,2362,73.84375,0.019346242770552635,Grad/mlp.fc2.lora_B,outputs_dev/vitb16/T=vtab_Q=3bit_L=lora_2_qkv-fc1-proj-fc2/cifar/20260114184203_default_acc=53.50/tensorboard/Grad_mlp.fc2.lora_B_block_5/events.out.tfevents.1768387349.master-192-168-8-48.1680.9,mlp.fc2.lora_B,5
1768388714.6902835,2363,73.875,0.08445731550455093,Grad/mlp.fc2.lora_B,outputs_dev/vitb16/T=vtab_Q=3bit_L=lora_2_qkv-fc1-proj-fc2/cifar/20260114184203_default_acc=53.50/tensorboard/Grad_mlp.fc2.lora_B_block_5/events.out.tfevents.1768387349.master-192-168-8-48.1680.9,mlp.fc2.lora_B,5
1768388715.0917292,2364,73.90625,0.2013212889432907,Grad/mlp.fc2.lora_B,outputs_dev/vitb16/T=vtab_Q=3bit_L=lora_2_qkv-fc1-proj-fc2/cifar/20260114184203_default_acc=53.50/tensorboard/Grad_mlp.fc2.lora_B_block_5/events.out.tfevents.1768387349.master-192-168-8-48.1680.9,mlp.fc2.lora_B,5
1768388715.4813175,2365,73.9375,0.014643077738583088,Grad/mlp.fc2.lora_B,outputs_dev/vitb16/T=vtab_Q=3bit_L=lora_2_qkv-fc1-proj-fc2/cifar/20260114184203_default_acc=53.50/tensorboard/Grad_mlp.fc2.lora_B_block_5/events.out.tfevents.1768387349.master-192-168-8-48.1680.9,mlp.fc2.lora_B,5
1768388715.8680367,2366,73.96875,0.027470357716083527,Grad/mlp.fc2.lora_B,outputs_dev/vitb16/T=vtab_Q=3bit_L=lora_2_qkv-fc1-proj-fc2/cifar/20260114184203_default_acc=53.50/tensorboard/Grad_mlp.fc2.lora_B_block_5/events.out.tfevents.1768387349.master-192-168-8-48.1680.9,mlp.fc2.lora_B,5
1768388716.05731,2367,74.0,0.2134946882724762,Grad/mlp.fc2.lora_B,outputs_dev/vitb16/T=vtab_Q=3bit_L=lora_2_qkv-fc1-proj-fc2/cifar/20260114184203_default_acc=53.50/tensorboard/Grad_mlp.fc2.lora_B_block_5/events.out.tfevents.1768387349.master-192-168-8-48.1680.9,mlp.fc2.lora_B,5
1768388716.6768854,2368,74.03125,0.11063019931316376,Grad/mlp.fc2.lora_B,outputs_dev/vitb16/T=vtab_Q=3bit_L=lora_2_qkv-fc1-proj-fc2/cifar/20260114184203_default_acc=53.50/tensorboard/Grad_mlp.fc2.lora_B_block_5/events.out.tfevents.1768387349.master-192-168-8-48.1680.9,mlp.fc2.lora_B,5
1768388717.0968437,2369,74.0625,0.053278177976608276,Grad/mlp.fc2.lora_B,outputs_dev/vitb16/T=vtab_Q=3bit_L=lora_2_qkv-fc1-proj-fc2/cifar/20260114184203_default_acc=53.50/tensorboard/Grad_mlp.fc2.lora_B_block_5/events.out.tfevents.1768387349.master-192-168-8-48.1680.9,mlp.fc2.lora_B,5
1768388717.4900546,2370,74.09375,0.08710596710443497,Grad/mlp.fc2.lora_B,outputs_dev/vitb16/T=vtab_Q=3bit_L=lora_2_qkv-fc1-proj-fc2/cifar/20260114184203_default_acc=53.50/tensorboard/Grad_mlp.fc2.lora_B_block_5/events.out.tfevents.1768387349.master-192-168-8-48.1680.9,mlp.fc2.lora_B,5
1768388717.896826,2371,74.125,0.21275438368320465,Grad/mlp.fc2.lora_B,outputs_dev/vitb16/T=vtab_Q=3bit_L=lora_2_qkv-fc1-proj-fc2/cifar/20260114184203_default_acc=53.50/tensorboard/Grad_mlp.fc2.lora_B_block_5/events.out.tfevents.1768387349.master-192-168-8-48.1680.9,mlp.fc2.lora_B,5
1768388718.3029447,2372,74.15625,0.029743434861302376,Grad/mlp.fc2.lora_B,outputs_dev/vitb16/T=vtab_Q=3bit_L=lora_2_qkv-fc1-proj-fc2/cifar/20260114184203_default_acc=53.50/tensorboard/Grad_mlp.fc2.lora_B_block_5/events.out.tfevents.1768387349.master-192-168-8-48.1680.9,mlp.fc2.lora_B,5
1768388718.693916,2373,74.1875,0.019148459658026695,Grad/mlp.fc2.lora_B,outputs_dev/vitb16/T=vtab_Q=3bit_L=lora_2_qkv-fc1-proj-fc2/cifar/20260114184203_default_acc=53.50/tensorboard/Grad_mlp.fc2.lora_B_block_5/events.out.tfevents.1768387349.master-192-168-8-48.1680.9,mlp.fc2.lora_B,5
1768388719.0865543,2374,74.21875,0.014623290859162807,Grad/mlp.fc2.lora_B,outputs_dev/vitb16/T=vtab_Q=3bit_L=lora_2_qkv-fc1-proj-fc2/cifar/20260114184203_default_acc=53.50/tensorboard/Grad_mlp.fc2.lora_B_block_5/events.out.tfevents.1768387349.master-192-168-8-48.1680.9,mlp.fc2.lora_B,5
1768388719.477201,2375,74.25,0.022273369133472443,Grad/mlp.fc2.lora_B,outputs_dev/vitb16/T=vtab_Q=3bit_L=lora_2_qkv-fc1-proj-fc2/cifar/20260114184203_default_acc=53.50/tensorboard/Grad_mlp.fc2.lora_B_block_5/events.out.tfevents.1768387349.master-192-168-8-48.1680.9,mlp.fc2.lora_B,5
1768388719.8683808,2376,74.28125,0.07339608669281006,Grad/mlp.fc2.lora_B,outputs_dev/vitb16/T=vtab_Q=3bit_L=lora_2_qkv-fc1-proj-fc2/cifar/20260114184203_default_acc=53.50/tensorboard/Grad_mlp.fc2.lora_B_block_5/events.out.tfevents.1768387349.master-192-168-8-48.1680.9,mlp.fc2.lora_B,5
1768388720.2599897,2377,74.3125,0.06612619757652283,Grad/mlp.fc2.lora_B,outputs_dev/vitb16/T=vtab_Q=3bit_L=lora_2_qkv-fc1-proj-fc2/cifar/20260114184203_default_acc=53.50/tensorboard/Grad_mlp.fc2.lora_B_block_5/events.out.tfevents.1768387349.master-192-168-8-48.1680.9,mlp.fc2.lora_B,5
1768388720.6766257,2378,74.34375,0.14486223459243774,Grad/mlp.fc2.lora_B,outputs_dev/vitb16/T=vtab_Q=3bit_L=lora_2_qkv-fc1-proj-fc2/cifar/20260114184203_default_acc=53.50/tensorboard/Grad_mlp.fc2.lora_B_block_5/events.out.tfevents.1768387349.master-192-168-8-48.1680.9,mlp.fc2.lora_B,5
1768388721.090337,2379,74.375,0.09921317547559738,Grad/mlp.fc2.lora_B,outputs_dev/vitb16/T=vtab_Q=3bit_L=lora_2_qkv-fc1-proj-fc2/cifar/20260114184203_default_acc=53.50/tensorboard/Grad_mlp.fc2.lora_B_block_5/events.out.tfevents.1768387349.master-192-168-8-48.1680.9,mlp.fc2.lora_B,5
1768388721.4744017,2380,74.40625,0.03790387138724327,Grad/mlp.fc2.lora_B,outputs_dev/vitb16/T=vtab_Q=3bit_L=lora_2_qkv-fc1-proj-fc2/cifar/20260114184203_default_acc=53.50/tensorboard/Grad_mlp.fc2.lora_B_block_5/events.out.tfevents.1768387349.master-192-168-8-48.1680.9,mlp.fc2.lora_B,5
1768388721.8811657,2381,74.4375,0.029173418879508972,Grad/mlp.fc2.lora_B,outputs_dev/vitb16/T=vtab_Q=3bit_L=lora_2_qkv-fc1-proj-fc2/cifar/20260114184203_default_acc=53.50/tensorboard/Grad_mlp.fc2.lora_B_block_5/events.out.tfevents.1768387349.master-192-168-8-48.1680.9,mlp.fc2.lora_B,5
1768388722.2905338,2382,74.46875,0.02603420615196228,Grad/mlp.fc2.lora_B,outputs_dev/vitb16/T=vtab_Q=3bit_L=lora_2_qkv-fc1-proj-fc2/cifar/20260114184203_default_acc=53.50/tensorboard/Grad_mlp.fc2.lora_B_block_5/events.out.tfevents.1768387349.master-192-168-8-48.1680.9,mlp.fc2.lora_B,5
1768388722.6955748,2383,74.5,0.052641790360212326,Grad/mlp.fc2.lora_B,outputs_dev/vitb16/T=vtab_Q=3bit_L=lora_2_qkv-fc1-proj-fc2/cifar/20260114184203_default_acc=53.50/tensorboard/Grad_mlp.fc2.lora_B_block_5/events.out.tfevents.1768387349.master-192-168-8-48.1680.9,mlp.fc2.lora_B,5
1768388723.1006806,2384,74.53125,0.02632821723818779,Grad/mlp.fc2.lora_B,outputs_dev/vitb16/T=vtab_Q=3bit_L=lora_2_qkv-fc1-proj-fc2/cifar/20260114184203_default_acc=53.50/tensorboard/Grad_mlp.fc2.lora_B_block_5/events.out.tfevents.1768387349.master-192-168-8-48.1680.9,mlp.fc2.lora_B,5
1768388723.4842207,2385,74.5625,0.0635170042514801,Grad/mlp.fc2.lora_B,outputs_dev/vitb16/T=vtab_Q=3bit_L=lora_2_qkv-fc1-proj-fc2/cifar/20260114184203_default_acc=53.50/tensorboard/Grad_mlp.fc2.lora_B_block_5/events.out.tfevents.1768387349.master-192-168-8-48.1680.9,mlp.fc2.lora_B,5
1768388723.8751478,2386,74.59375,0.01755337417125702,Grad/mlp.fc2.lora_B,outputs_dev/vitb16/T=vtab_Q=3bit_L=lora_2_qkv-fc1-proj-fc2/cifar/20260114184203_default_acc=53.50/tensorboard/Grad_mlp.fc2.lora_B_block_5/events.out.tfevents.1768387349.master-192-168-8-48.1680.9,mlp.fc2.lora_B,5
1768388724.2834532,2387,74.625,0.013599179685115814,Grad/mlp.fc2.lora_B,outputs_dev/vitb16/T=vtab_Q=3bit_L=lora_2_qkv-fc1-proj-fc2/cifar/20260114184203_default_acc=53.50/tensorboard/Grad_mlp.fc2.lora_B_block_5/events.out.tfevents.1768387349.master-192-168-8-48.1680.9,mlp.fc2.lora_B,5
1768388724.6738656,2388,74.65625,0.03061835654079914,Grad/mlp.fc2.lora_B,outputs_dev/vitb16/T=vtab_Q=3bit_L=lora_2_qkv-fc1-proj-fc2/cifar/20260114184203_default_acc=53.50/tensorboard/Grad_mlp.fc2.lora_B_block_5/events.out.tfevents.1768387349.master-192-168-8-48.1680.9,mlp.fc2.lora_B,5
1768388725.0754194,2389,74.6875,0.054242588579654694,Grad/mlp.fc2.lora_B,outputs_dev/vitb16/T=vtab_Q=3bit_L=lora_2_qkv-fc1-proj-fc2/cifar/20260114184203_default_acc=53.50/tensorboard/Grad_mlp.fc2.lora_B_block_5/events.out.tfevents.1768387349.master-192-168-8-48.1680.9,mlp.fc2.lora_B,5
1768388725.4807312,2390,74.71875,0.08474338799715042,Grad/mlp.fc2.lora_B,outputs_dev/vitb16/T=vtab_Q=3bit_L=lora_2_qkv-fc1-proj-fc2/cifar/20260114184203_default_acc=53.50/tensorboard/Grad_mlp.fc2.lora_B_block_5/events.out.tfevents.1768387349.master-192-168-8-48.1680.9,mlp.fc2.lora_B,5
1768388725.888497,2391,74.75,0.0429074764251709,Grad/mlp.fc2.lora_B,outputs_dev/vitb16/T=vtab_Q=3bit_L=lora_2_qkv-fc1-proj-fc2/cifar/20260114184203_default_acc=53.50/tensorboard/Grad_mlp.fc2.lora_B_block_5/events.out.tfevents.1768387349.master-192-168-8-48.1680.9,mlp.fc2.lora_B,5
1768388726.2870927,2392,74.78125,0.11630283296108246,Grad/mlp.fc2.lora_B,outputs_dev/vitb16/T=vtab_Q=3bit_L=lora_2_qkv-fc1-proj-fc2/cifar/20260114184203_default_acc=53.50/tensorboard/Grad_mlp.fc2.lora_B_block_5/events.out.tfevents.1768387349.master-192-168-8-48.1680.9,mlp.fc2.lora_B,5
1768388726.7261279,2393,74.8125,0.018675733357667923,Grad/mlp.fc2.lora_B,outputs_dev/vitb16/T=vtab_Q=3bit_L=lora_2_qkv-fc1-proj-fc2/cifar/20260114184203_default_acc=53.50/tensorboard/Grad_mlp.fc2.lora_B_block_5/events.out.tfevents.1768387349.master-192-168-8-48.1680.9,mlp.fc2.lora_B,5
1768388727.1366215,2394,74.84375,0.07415170222520828,Grad/mlp.fc2.lora_B,outputs_dev/vitb16/T=vtab_Q=3bit_L=lora_2_qkv-fc1-proj-fc2/cifar/20260114184203_default_acc=53.50/tensorboard/Grad_mlp.fc2.lora_B_block_5/events.out.tfevents.1768387349.master-192-168-8-48.1680.9,mlp.fc2.lora_B,5
1768388727.5376568,2395,74.875,0.0468844473361969,Grad/mlp.fc2.lora_B,outputs_dev/vitb16/T=vtab_Q=3bit_L=lora_2_qkv-fc1-proj-fc2/cifar/20260114184203_default_acc=53.50/tensorboard/Grad_mlp.fc2.lora_B_block_5/events.out.tfevents.1768387349.master-192-168-8-48.1680.9,mlp.fc2.lora_B,5
1768388727.9832149,2396,74.90625,0.03994857519865036,Grad/mlp.fc2.lora_B,outputs_dev/vitb16/T=vtab_Q=3bit_L=lora_2_qkv-fc1-proj-fc2/cifar/20260114184203_default_acc=53.50/tensorboard/Grad_mlp.fc2.lora_B_block_5/events.out.tfevents.1768387349.master-192-168-8-48.1680.9,mlp.fc2.lora_B,5
1768388728.453865,2397,74.9375,0.11246022582054138,Grad/mlp.fc2.lora_B,outputs_dev/vitb16/T=vtab_Q=3bit_L=lora_2_qkv-fc1-proj-fc2/cifar/20260114184203_default_acc=53.50/tensorboard/Grad_mlp.fc2.lora_B_block_5/events.out.tfevents.1768387349.master-192-168-8-48.1680.9,mlp.fc2.lora_B,5
1768388728.9549847,2398,74.96875,0.05149361491203308,Grad/mlp.fc2.lora_B,outputs_dev/vitb16/T=vtab_Q=3bit_L=lora_2_qkv-fc1-proj-fc2/cifar/20260114184203_default_acc=53.50/tensorboard/Grad_mlp.fc2.lora_B_block_5/events.out.tfevents.1768387349.master-192-168-8-48.1680.9,mlp.fc2.lora_B,5
1768388729.368319,2399,75.0,0.8264877796173096,Grad/mlp.fc2.lora_B,outputs_dev/vitb16/T=vtab_Q=3bit_L=lora_2_qkv-fc1-proj-fc2/cifar/20260114184203_default_acc=53.50/tensorboard/Grad_mlp.fc2.lora_B_block_5/events.out.tfevents.1768387349.master-192-168-8-48.1680.9,mlp.fc2.lora_B,5
1768388730.2446692,2400,75.03125,0.0316414050757885,Grad/mlp.fc2.lora_B,outputs_dev/vitb16/T=vtab_Q=3bit_L=lora_2_qkv-fc1-proj-fc2/cifar/20260114184203_default_acc=53.50/tensorboard/Grad_mlp.fc2.lora_B_block_5/events.out.tfevents.1768387349.master-192-168-8-48.1680.9,mlp.fc2.lora_B,5
1768388730.7185762,2401,75.0625,0.17299267649650574,Grad/mlp.fc2.lora_B,outputs_dev/vitb16/T=vtab_Q=3bit_L=lora_2_qkv-fc1-proj-fc2/cifar/20260114184203_default_acc=53.50/tensorboard/Grad_mlp.fc2.lora_B_block_5/events.out.tfevents.1768387349.master-192-168-8-48.1680.9,mlp.fc2.lora_B,5
1768388731.1199656,2402,75.09375,0.04537147656083107,Grad/mlp.fc2.lora_B,outputs_dev/vitb16/T=vtab_Q=3bit_L=lora_2_qkv-fc1-proj-fc2/cifar/20260114184203_default_acc=53.50/tensorboard/Grad_mlp.fc2.lora_B_block_5/events.out.tfevents.1768387349.master-192-168-8-48.1680.9,mlp.fc2.lora_B,5
1768388731.6144693,2403,75.125,0.18485109508037567,Grad/mlp.fc2.lora_B,outputs_dev/vitb16/T=vtab_Q=3bit_L=lora_2_qkv-fc1-proj-fc2/cifar/20260114184203_default_acc=53.50/tensorboard/Grad_mlp.fc2.lora_B_block_5/events.out.tfevents.1768387349.master-192-168-8-48.1680.9,mlp.fc2.lora_B,5
1768388732.0317547,2404,75.15625,0.05311857908964157,Grad/mlp.fc2.lora_B,outputs_dev/vitb16/T=vtab_Q=3bit_L=lora_2_qkv-fc1-proj-fc2/cifar/20260114184203_default_acc=53.50/tensorboard/Grad_mlp.fc2.lora_B_block_5/events.out.tfevents.1768387349.master-192-168-8-48.1680.9,mlp.fc2.lora_B,5
1768388732.429799,2405,75.1875,0.04949067905545235,Grad/mlp.fc2.lora_B,outputs_dev/vitb16/T=vtab_Q=3bit_L=lora_2_qkv-fc1-proj-fc2/cifar/20260114184203_default_acc=53.50/tensorboard/Grad_mlp.fc2.lora_B_block_5/events.out.tfevents.1768387349.master-192-168-8-48.1680.9,mlp.fc2.lora_B,5
1768388732.8286648,2406,75.21875,0.053635209798812866,Grad/mlp.fc2.lora_B,outputs_dev/vitb16/T=vtab_Q=3bit_L=lora_2_qkv-fc1-proj-fc2/cifar/20260114184203_default_acc=53.50/tensorboard/Grad_mlp.fc2.lora_B_block_5/events.out.tfevents.1768387349.master-192-168-8-48.1680.9,mlp.fc2.lora_B,5
1768388733.2303255,2407,75.25,0.030408067628741264,Grad/mlp.fc2.lora_B,outputs_dev/vitb16/T=vtab_Q=3bit_L=lora_2_qkv-fc1-proj-fc2/cifar/20260114184203_default_acc=53.50/tensorboard/Grad_mlp.fc2.lora_B_block_5/events.out.tfevents.1768387349.master-192-168-8-48.1680.9,mlp.fc2.lora_B,5
1768388733.6454616,2408,75.28125,0.024573296308517456,Grad/mlp.fc2.lora_B,outputs_dev/vitb16/T=vtab_Q=3bit_L=lora_2_qkv-fc1-proj-fc2/cifar/20260114184203_default_acc=53.50/tensorboard/Grad_mlp.fc2.lora_B_block_5/events.out.tfevents.1768387349.master-192-168-8-48.1680.9,mlp.fc2.lora_B,5
1768388734.0434844,2409,75.3125,0.03422945365309715,Grad/mlp.fc2.lora_B,outputs_dev/vitb16/T=vtab_Q=3bit_L=lora_2_qkv-fc1-proj-fc2/cifar/20260114184203_default_acc=53.50/tensorboard/Grad_mlp.fc2.lora_B_block_5/events.out.tfevents.1768387349.master-192-168-8-48.1680.9,mlp.fc2.lora_B,5
1768388734.4422839,2410,75.34375,0.2684328854084015,Grad/mlp.fc2.lora_B,outputs_dev/vitb16/T=vtab_Q=3bit_L=lora_2_qkv-fc1-proj-fc2/cifar/20260114184203_default_acc=53.50/tensorboard/Grad_mlp.fc2.lora_B_block_5/events.out.tfevents.1768387349.master-192-168-8-48.1680.9,mlp.fc2.lora_B,5
1768388734.8557222,2411,75.375,0.06493370980024338,Grad/mlp.fc2.lora_B,outputs_dev/vitb16/T=vtab_Q=3bit_L=lora_2_qkv-fc1-proj-fc2/cifar/20260114184203_default_acc=53.50/tensorboard/Grad_mlp.fc2.lora_B_block_5/events.out.tfevents.1768387349.master-192-168-8-48.1680.9,mlp.fc2.lora_B,5
1768388735.2531962,2412,75.40625,0.03904269263148308,Grad/mlp.fc2.lora_B,outputs_dev/vitb16/T=vtab_Q=3bit_L=lora_2_qkv-fc1-proj-fc2/cifar/20260114184203_default_acc=53.50/tensorboard/Grad_mlp.fc2.lora_B_block_5/events.out.tfevents.1768387349.master-192-168-8-48.1680.9,mlp.fc2.lora_B,5
1768388735.664476,2413,75.4375,0.10314156860113144,Grad/mlp.fc2.lora_B,outputs_dev/vitb16/T=vtab_Q=3bit_L=lora_2_qkv-fc1-proj-fc2/cifar/20260114184203_default_acc=53.50/tensorboard/Grad_mlp.fc2.lora_B_block_5/events.out.tfevents.1768387349.master-192-168-8-48.1680.9,mlp.fc2.lora_B,5
1768388736.0620453,2414,75.46875,0.018508417531847954,Grad/mlp.fc2.lora_B,outputs_dev/vitb16/T=vtab_Q=3bit_L=lora_2_qkv-fc1-proj-fc2/cifar/20260114184203_default_acc=53.50/tensorboard/Grad_mlp.fc2.lora_B_block_5/events.out.tfevents.1768387349.master-192-168-8-48.1680.9,mlp.fc2.lora_B,5
1768388736.4576273,2415,75.5,0.033649954944849014,Grad/mlp.fc2.lora_B,outputs_dev/vitb16/T=vtab_Q=3bit_L=lora_2_qkv-fc1-proj-fc2/cifar/20260114184203_default_acc=53.50/tensorboard/Grad_mlp.fc2.lora_B_block_5/events.out.tfevents.1768387349.master-192-168-8-48.1680.9,mlp.fc2.lora_B,5
1768388736.853224,2416,75.53125,0.055354002863168716,Grad/mlp.fc2.lora_B,outputs_dev/vitb16/T=vtab_Q=3bit_L=lora_2_qkv-fc1-proj-fc2/cifar/20260114184203_default_acc=53.50/tensorboard/Grad_mlp.fc2.lora_B_block_5/events.out.tfevents.1768387349.master-192-168-8-48.1680.9,mlp.fc2.lora_B,5
1768388737.256224,2417,75.5625,0.03499530255794525,Grad/mlp.fc2.lora_B,outputs_dev/vitb16/T=vtab_Q=3bit_L=lora_2_qkv-fc1-proj-fc2/cifar/20260114184203_default_acc=53.50/tensorboard/Grad_mlp.fc2.lora_B_block_5/events.out.tfevents.1768387349.master-192-168-8-48.1680.9,mlp.fc2.lora_B,5
1768388737.6817648,2418,75.59375,0.08354687690734863,Grad/mlp.fc2.lora_B,outputs_dev/vitb16/T=vtab_Q=3bit_L=lora_2_qkv-fc1-proj-fc2/cifar/20260114184203_default_acc=53.50/tensorboard/Grad_mlp.fc2.lora_B_block_5/events.out.tfevents.1768387349.master-192-168-8-48.1680.9,mlp.fc2.lora_B,5
1768388738.0729897,2419,75.625,0.05481410026550293,Grad/mlp.fc2.lora_B,outputs_dev/vitb16/T=vtab_Q=3bit_L=lora_2_qkv-fc1-proj-fc2/cifar/20260114184203_default_acc=53.50/tensorboard/Grad_mlp.fc2.lora_B_block_5/events.out.tfevents.1768387349.master-192-168-8-48.1680.9,mlp.fc2.lora_B,5
1768388738.4597542,2420,75.65625,0.09908825159072876,Grad/mlp.fc2.lora_B,outputs_dev/vitb16/T=vtab_Q=3bit_L=lora_2_qkv-fc1-proj-fc2/cifar/20260114184203_default_acc=53.50/tensorboard/Grad_mlp.fc2.lora_B_block_5/events.out.tfevents.1768387349.master-192-168-8-48.1680.9,mlp.fc2.lora_B,5
1768388738.8847642,2421,75.6875,0.019496161490678787,Grad/mlp.fc2.lora_B,outputs_dev/vitb16/T=vtab_Q=3bit_L=lora_2_qkv-fc1-proj-fc2/cifar/20260114184203_default_acc=53.50/tensorboard/Grad_mlp.fc2.lora_B_block_5/events.out.tfevents.1768387349.master-192-168-8-48.1680.9,mlp.fc2.lora_B,5
1768388739.2783222,2422,75.71875,0.024459784850478172,Grad/mlp.fc2.lora_B,outputs_dev/vitb16/T=vtab_Q=3bit_L=lora_2_qkv-fc1-proj-fc2/cifar/20260114184203_default_acc=53.50/tensorboard/Grad_mlp.fc2.lora_B_block_5/events.out.tfevents.1768387349.master-192-168-8-48.1680.9,mlp.fc2.lora_B,5
1768388739.6702032,2423,75.75,0.036856912076473236,Grad/mlp.fc2.lora_B,outputs_dev/vitb16/T=vtab_Q=3bit_L=lora_2_qkv-fc1-proj-fc2/cifar/20260114184203_default_acc=53.50/tensorboard/Grad_mlp.fc2.lora_B_block_5/events.out.tfevents.1768387349.master-192-168-8-48.1680.9,mlp.fc2.lora_B,5
1768388740.0564804,2424,75.78125,0.05607180297374725,Grad/mlp.fc2.lora_B,outputs_dev/vitb16/T=vtab_Q=3bit_L=lora_2_qkv-fc1-proj-fc2/cifar/20260114184203_default_acc=53.50/tensorboard/Grad_mlp.fc2.lora_B_block_5/events.out.tfevents.1768387349.master-192-168-8-48.1680.9,mlp.fc2.lora_B,5
1768388740.466987,2425,75.8125,0.10223643481731415,Grad/mlp.fc2.lora_B,outputs_dev/vitb16/T=vtab_Q=3bit_L=lora_2_qkv-fc1-proj-fc2/cifar/20260114184203_default_acc=53.50/tensorboard/Grad_mlp.fc2.lora_B_block_5/events.out.tfevents.1768387349.master-192-168-8-48.1680.9,mlp.fc2.lora_B,5
1768388740.8606765,2426,75.84375,0.032394833862781525,Grad/mlp.fc2.lora_B,outputs_dev/vitb16/T=vtab_Q=3bit_L=lora_2_qkv-fc1-proj-fc2/cifar/20260114184203_default_acc=53.50/tensorboard/Grad_mlp.fc2.lora_B_block_5/events.out.tfevents.1768387349.master-192-168-8-48.1680.9,mlp.fc2.lora_B,5
1768388741.2685757,2427,75.875,0.06113121658563614,Grad/mlp.fc2.lora_B,outputs_dev/vitb16/T=vtab_Q=3bit_L=lora_2_qkv-fc1-proj-fc2/cifar/20260114184203_default_acc=53.50/tensorboard/Grad_mlp.fc2.lora_B_block_5/events.out.tfevents.1768387349.master-192-168-8-48.1680.9,mlp.fc2.lora_B,5
1768388741.6750462,2428,75.90625,0.01981850527226925,Grad/mlp.fc2.lora_B,outputs_dev/vitb16/T=vtab_Q=3bit_L=lora_2_qkv-fc1-proj-fc2/cifar/20260114184203_default_acc=53.50/tensorboard/Grad_mlp.fc2.lora_B_block_5/events.out.tfevents.1768387349.master-192-168-8-48.1680.9,mlp.fc2.lora_B,5
1768388742.0658813,2429,75.9375,0.06363493949174881,Grad/mlp.fc2.lora_B,outputs_dev/vitb16/T=vtab_Q=3bit_L=lora_2_qkv-fc1-proj-fc2/cifar/20260114184203_default_acc=53.50/tensorboard/Grad_mlp.fc2.lora_B_block_5/events.out.tfevents.1768387349.master-192-168-8-48.1680.9,mlp.fc2.lora_B,5
1768388742.4558604,2430,75.96875,0.0281225498765707,Grad/mlp.fc2.lora_B,outputs_dev/vitb16/T=vtab_Q=3bit_L=lora_2_qkv-fc1-proj-fc2/cifar/20260114184203_default_acc=53.50/tensorboard/Grad_mlp.fc2.lora_B_block_5/events.out.tfevents.1768387349.master-192-168-8-48.1680.9,mlp.fc2.lora_B,5
1768388742.6514502,2431,76.0,0.0271439328789711,Grad/mlp.fc2.lora_B,outputs_dev/vitb16/T=vtab_Q=3bit_L=lora_2_qkv-fc1-proj-fc2/cifar/20260114184203_default_acc=53.50/tensorboard/Grad_mlp.fc2.lora_B_block_5/events.out.tfevents.1768387349.master-192-168-8-48.1680.9,mlp.fc2.lora_B,5
1768388743.3182547,2432,76.03125,0.05217102915048599,Grad/mlp.fc2.lora_B,outputs_dev/vitb16/T=vtab_Q=3bit_L=lora_2_qkv-fc1-proj-fc2/cifar/20260114184203_default_acc=53.50/tensorboard/Grad_mlp.fc2.lora_B_block_5/events.out.tfevents.1768387349.master-192-168-8-48.1680.9,mlp.fc2.lora_B,5
1768388743.7348852,2433,76.0625,0.1308763027191162,Grad/mlp.fc2.lora_B,outputs_dev/vitb16/T=vtab_Q=3bit_L=lora_2_qkv-fc1-proj-fc2/cifar/20260114184203_default_acc=53.50/tensorboard/Grad_mlp.fc2.lora_B_block_5/events.out.tfevents.1768387349.master-192-168-8-48.1680.9,mlp.fc2.lora_B,5
1768388744.159293,2434,76.09375,0.05155777186155319,Grad/mlp.fc2.lora_B,outputs_dev/vitb16/T=vtab_Q=3bit_L=lora_2_qkv-fc1-proj-fc2/cifar/20260114184203_default_acc=53.50/tensorboard/Grad_mlp.fc2.lora_B_block_5/events.out.tfevents.1768387349.master-192-168-8-48.1680.9,mlp.fc2.lora_B,5
1768388744.5657458,2435,76.125,0.028353840112686157,Grad/mlp.fc2.lora_B,outputs_dev/vitb16/T=vtab_Q=3bit_L=lora_2_qkv-fc1-proj-fc2/cifar/20260114184203_default_acc=53.50/tensorboard/Grad_mlp.fc2.lora_B_block_5/events.out.tfevents.1768387349.master-192-168-8-48.1680.9,mlp.fc2.lora_B,5
1768388744.9966075,2436,76.15625,0.29276567697525024,Grad/mlp.fc2.lora_B,outputs_dev/vitb16/T=vtab_Q=3bit_L=lora_2_qkv-fc1-proj-fc2/cifar/20260114184203_default_acc=53.50/tensorboard/Grad_mlp.fc2.lora_B_block_5/events.out.tfevents.1768387349.master-192-168-8-48.1680.9,mlp.fc2.lora_B,5
1768388745.4193103,2437,76.1875,0.07821465283632278,Grad/mlp.fc2.lora_B,outputs_dev/vitb16/T=vtab_Q=3bit_L=lora_2_qkv-fc1-proj-fc2/cifar/20260114184203_default_acc=53.50/tensorboard/Grad_mlp.fc2.lora_B_block_5/events.out.tfevents.1768387349.master-192-168-8-48.1680.9,mlp.fc2.lora_B,5
1768388745.9194272,2438,76.21875,0.01772119291126728,Grad/mlp.fc2.lora_B,outputs_dev/vitb16/T=vtab_Q=3bit_L=lora_2_qkv-fc1-proj-fc2/cifar/20260114184203_default_acc=53.50/tensorboard/Grad_mlp.fc2.lora_B_block_5/events.out.tfevents.1768387349.master-192-168-8-48.1680.9,mlp.fc2.lora_B,5
1768388746.430193,2439,76.25,0.1933833658695221,Grad/mlp.fc2.lora_B,outputs_dev/vitb16/T=vtab_Q=3bit_L=lora_2_qkv-fc1-proj-fc2/cifar/20260114184203_default_acc=53.50/tensorboard/Grad_mlp.fc2.lora_B_block_5/events.out.tfevents.1768387349.master-192-168-8-48.1680.9,mlp.fc2.lora_B,5
1768388746.8441615,2440,76.28125,0.03954768180847168,Grad/mlp.fc2.lora_B,outputs_dev/vitb16/T=vtab_Q=3bit_L=lora_2_qkv-fc1-proj-fc2/cifar/20260114184203_default_acc=53.50/tensorboard/Grad_mlp.fc2.lora_B_block_5/events.out.tfevents.1768387349.master-192-168-8-48.1680.9,mlp.fc2.lora_B,5
1768388747.250601,2441,76.3125,0.16072969138622284,Grad/mlp.fc2.lora_B,outputs_dev/vitb16/T=vtab_Q=3bit_L=lora_2_qkv-fc1-proj-fc2/cifar/20260114184203_default_acc=53.50/tensorboard/Grad_mlp.fc2.lora_B_block_5/events.out.tfevents.1768387349.master-192-168-8-48.1680.9,mlp.fc2.lora_B,5
1768388747.6401885,2442,76.34375,0.05951472371816635,Grad/mlp.fc2.lora_B,outputs_dev/vitb16/T=vtab_Q=3bit_L=lora_2_qkv-fc1-proj-fc2/cifar/20260114184203_default_acc=53.50/tensorboard/Grad_mlp.fc2.lora_B_block_5/events.out.tfevents.1768387349.master-192-168-8-48.1680.9,mlp.fc2.lora_B,5
1768388748.0448868,2443,76.375,0.08150865137577057,Grad/mlp.fc2.lora_B,outputs_dev/vitb16/T=vtab_Q=3bit_L=lora_2_qkv-fc1-proj-fc2/cifar/20260114184203_default_acc=53.50/tensorboard/Grad_mlp.fc2.lora_B_block_5/events.out.tfevents.1768387349.master-192-168-8-48.1680.9,mlp.fc2.lora_B,5
1768388748.4334972,2444,76.40625,0.04380541294813156,Grad/mlp.fc2.lora_B,outputs_dev/vitb16/T=vtab_Q=3bit_L=lora_2_qkv-fc1-proj-fc2/cifar/20260114184203_default_acc=53.50/tensorboard/Grad_mlp.fc2.lora_B_block_5/events.out.tfevents.1768387349.master-192-168-8-48.1680.9,mlp.fc2.lora_B,5
1768388748.8381124,2445,76.4375,0.2701374888420105,Grad/mlp.fc2.lora_B,outputs_dev/vitb16/T=vtab_Q=3bit_L=lora_2_qkv-fc1-proj-fc2/cifar/20260114184203_default_acc=53.50/tensorboard/Grad_mlp.fc2.lora_B_block_5/events.out.tfevents.1768387349.master-192-168-8-48.1680.9,mlp.fc2.lora_B,5
1768388749.2332401,2446,76.46875,0.5886146426200867,Grad/mlp.fc2.lora_B,outputs_dev/vitb16/T=vtab_Q=3bit_L=lora_2_qkv-fc1-proj-fc2/cifar/20260114184203_default_acc=53.50/tensorboard/Grad_mlp.fc2.lora_B_block_5/events.out.tfevents.1768387349.master-192-168-8-48.1680.9,mlp.fc2.lora_B,5
1768388749.6760645,2447,76.5,0.2244846522808075,Grad/mlp.fc2.lora_B,outputs_dev/vitb16/T=vtab_Q=3bit_L=lora_2_qkv-fc1-proj-fc2/cifar/20260114184203_default_acc=53.50/tensorboard/Grad_mlp.fc2.lora_B_block_5/events.out.tfevents.1768387349.master-192-168-8-48.1680.9,mlp.fc2.lora_B,5
1768388750.0795503,2448,76.53125,0.12427487969398499,Grad/mlp.fc2.lora_B,outputs_dev/vitb16/T=vtab_Q=3bit_L=lora_2_qkv-fc1-proj-fc2/cifar/20260114184203_default_acc=53.50/tensorboard/Grad_mlp.fc2.lora_B_block_5/events.out.tfevents.1768387349.master-192-168-8-48.1680.9,mlp.fc2.lora_B,5
1768388750.4683664,2449,76.5625,0.1993246227502823,Grad/mlp.fc2.lora_B,outputs_dev/vitb16/T=vtab_Q=3bit_L=lora_2_qkv-fc1-proj-fc2/cifar/20260114184203_default_acc=53.50/tensorboard/Grad_mlp.fc2.lora_B_block_5/events.out.tfevents.1768387349.master-192-168-8-48.1680.9,mlp.fc2.lora_B,5
1768388750.8594706,2450,76.59375,0.04214317351579666,Grad/mlp.fc2.lora_B,outputs_dev/vitb16/T=vtab_Q=3bit_L=lora_2_qkv-fc1-proj-fc2/cifar/20260114184203_default_acc=53.50/tensorboard/Grad_mlp.fc2.lora_B_block_5/events.out.tfevents.1768387349.master-192-168-8-48.1680.9,mlp.fc2.lora_B,5
1768388751.2634907,2451,76.625,0.023860277608036995,Grad/mlp.fc2.lora_B,outputs_dev/vitb16/T=vtab_Q=3bit_L=lora_2_qkv-fc1-proj-fc2/cifar/20260114184203_default_acc=53.50/tensorboard/Grad_mlp.fc2.lora_B_block_5/events.out.tfevents.1768387349.master-192-168-8-48.1680.9,mlp.fc2.lora_B,5
1768388751.6670082,2452,76.65625,0.042204201221466064,Grad/mlp.fc2.lora_B,outputs_dev/vitb16/T=vtab_Q=3bit_L=lora_2_qkv-fc1-proj-fc2/cifar/20260114184203_default_acc=53.50/tensorboard/Grad_mlp.fc2.lora_B_block_5/events.out.tfevents.1768387349.master-192-168-8-48.1680.9,mlp.fc2.lora_B,5
1768388752.0710506,2453,76.6875,0.1948707401752472,Grad/mlp.fc2.lora_B,outputs_dev/vitb16/T=vtab_Q=3bit_L=lora_2_qkv-fc1-proj-fc2/cifar/20260114184203_default_acc=53.50/tensorboard/Grad_mlp.fc2.lora_B_block_5/events.out.tfevents.1768387349.master-192-168-8-48.1680.9,mlp.fc2.lora_B,5
1768388752.4613392,2454,76.71875,0.04255328327417374,Grad/mlp.fc2.lora_B,outputs_dev/vitb16/T=vtab_Q=3bit_L=lora_2_qkv-fc1-proj-fc2/cifar/20260114184203_default_acc=53.50/tensorboard/Grad_mlp.fc2.lora_B_block_5/events.out.tfevents.1768387349.master-192-168-8-48.1680.9,mlp.fc2.lora_B,5
1768388752.8787513,2455,76.75,0.05645599961280823,Grad/mlp.fc2.lora_B,outputs_dev/vitb16/T=vtab_Q=3bit_L=lora_2_qkv-fc1-proj-fc2/cifar/20260114184203_default_acc=53.50/tensorboard/Grad_mlp.fc2.lora_B_block_5/events.out.tfevents.1768387349.master-192-168-8-48.1680.9,mlp.fc2.lora_B,5
1768388753.2841778,2456,76.78125,0.022813620045781136,Grad/mlp.fc2.lora_B,outputs_dev/vitb16/T=vtab_Q=3bit_L=lora_2_qkv-fc1-proj-fc2/cifar/20260114184203_default_acc=53.50/tensorboard/Grad_mlp.fc2.lora_B_block_5/events.out.tfevents.1768387349.master-192-168-8-48.1680.9,mlp.fc2.lora_B,5
1768388753.6900978,2457,76.8125,0.05152621120214462,Grad/mlp.fc2.lora_B,outputs_dev/vitb16/T=vtab_Q=3bit_L=lora_2_qkv-fc1-proj-fc2/cifar/20260114184203_default_acc=53.50/tensorboard/Grad_mlp.fc2.lora_B_block_5/events.out.tfevents.1768387349.master-192-168-8-48.1680.9,mlp.fc2.lora_B,5
1768388754.0946681,2458,76.84375,0.05284374579787254,Grad/mlp.fc2.lora_B,outputs_dev/vitb16/T=vtab_Q=3bit_L=lora_2_qkv-fc1-proj-fc2/cifar/20260114184203_default_acc=53.50/tensorboard/Grad_mlp.fc2.lora_B_block_5/events.out.tfevents.1768387349.master-192-168-8-48.1680.9,mlp.fc2.lora_B,5
1768388754.498493,2459,76.875,0.04987000301480293,Grad/mlp.fc2.lora_B,outputs_dev/vitb16/T=vtab_Q=3bit_L=lora_2_qkv-fc1-proj-fc2/cifar/20260114184203_default_acc=53.50/tensorboard/Grad_mlp.fc2.lora_B_block_5/events.out.tfevents.1768387349.master-192-168-8-48.1680.9,mlp.fc2.lora_B,5
1768388754.8886135,2460,76.90625,0.03015463799238205,Grad/mlp.fc2.lora_B,outputs_dev/vitb16/T=vtab_Q=3bit_L=lora_2_qkv-fc1-proj-fc2/cifar/20260114184203_default_acc=53.50/tensorboard/Grad_mlp.fc2.lora_B_block_5/events.out.tfevents.1768387349.master-192-168-8-48.1680.9,mlp.fc2.lora_B,5
1768388755.279065,2461,76.9375,0.027371162548661232,Grad/mlp.fc2.lora_B,outputs_dev/vitb16/T=vtab_Q=3bit_L=lora_2_qkv-fc1-proj-fc2/cifar/20260114184203_default_acc=53.50/tensorboard/Grad_mlp.fc2.lora_B_block_5/events.out.tfevents.1768387349.master-192-168-8-48.1680.9,mlp.fc2.lora_B,5
1768388755.682467,2462,76.96875,0.12067871540784836,Grad/mlp.fc2.lora_B,outputs_dev/vitb16/T=vtab_Q=3bit_L=lora_2_qkv-fc1-proj-fc2/cifar/20260114184203_default_acc=53.50/tensorboard/Grad_mlp.fc2.lora_B_block_5/events.out.tfevents.1768387349.master-192-168-8-48.1680.9,mlp.fc2.lora_B,5
1768388755.8892856,2463,77.0,0.05217583477497101,Grad/mlp.fc2.lora_B,outputs_dev/vitb16/T=vtab_Q=3bit_L=lora_2_qkv-fc1-proj-fc2/cifar/20260114184203_default_acc=53.50/tensorboard/Grad_mlp.fc2.lora_B_block_5/events.out.tfevents.1768387349.master-192-168-8-48.1680.9,mlp.fc2.lora_B,5
1768388756.5590196,2464,77.03125,0.024424143135547638,Grad/mlp.fc2.lora_B,outputs_dev/vitb16/T=vtab_Q=3bit_L=lora_2_qkv-fc1-proj-fc2/cifar/20260114184203_default_acc=53.50/tensorboard/Grad_mlp.fc2.lora_B_block_5/events.out.tfevents.1768387349.master-192-168-8-48.1680.9,mlp.fc2.lora_B,5
1768388756.9687684,2465,77.0625,0.035508204251527786,Grad/mlp.fc2.lora_B,outputs_dev/vitb16/T=vtab_Q=3bit_L=lora_2_qkv-fc1-proj-fc2/cifar/20260114184203_default_acc=53.50/tensorboard/Grad_mlp.fc2.lora_B_block_5/events.out.tfevents.1768387349.master-192-168-8-48.1680.9,mlp.fc2.lora_B,5
1768388757.3614824,2466,77.09375,0.02313988469541073,Grad/mlp.fc2.lora_B,outputs_dev/vitb16/T=vtab_Q=3bit_L=lora_2_qkv-fc1-proj-fc2/cifar/20260114184203_default_acc=53.50/tensorboard/Grad_mlp.fc2.lora_B_block_5/events.out.tfevents.1768387349.master-192-168-8-48.1680.9,mlp.fc2.lora_B,5
1768388757.756308,2467,77.125,0.06992796808481216,Grad/mlp.fc2.lora_B,outputs_dev/vitb16/T=vtab_Q=3bit_L=lora_2_qkv-fc1-proj-fc2/cifar/20260114184203_default_acc=53.50/tensorboard/Grad_mlp.fc2.lora_B_block_5/events.out.tfevents.1768387349.master-192-168-8-48.1680.9,mlp.fc2.lora_B,5
1768388758.166299,2468,77.15625,0.016500141471624374,Grad/mlp.fc2.lora_B,outputs_dev/vitb16/T=vtab_Q=3bit_L=lora_2_qkv-fc1-proj-fc2/cifar/20260114184203_default_acc=53.50/tensorboard/Grad_mlp.fc2.lora_B_block_5/events.out.tfevents.1768387349.master-192-168-8-48.1680.9,mlp.fc2.lora_B,5
1768388758.568269,2469,77.1875,0.06594603508710861,Grad/mlp.fc2.lora_B,outputs_dev/vitb16/T=vtab_Q=3bit_L=lora_2_qkv-fc1-proj-fc2/cifar/20260114184203_default_acc=53.50/tensorboard/Grad_mlp.fc2.lora_B_block_5/events.out.tfevents.1768387349.master-192-168-8-48.1680.9,mlp.fc2.lora_B,5
1768388758.9654932,2470,77.21875,0.09317178279161453,Grad/mlp.fc2.lora_B,outputs_dev/vitb16/T=vtab_Q=3bit_L=lora_2_qkv-fc1-proj-fc2/cifar/20260114184203_default_acc=53.50/tensorboard/Grad_mlp.fc2.lora_B_block_5/events.out.tfevents.1768387349.master-192-168-8-48.1680.9,mlp.fc2.lora_B,5
1768388759.3573158,2471,77.25,0.04227844625711441,Grad/mlp.fc2.lora_B,outputs_dev/vitb16/T=vtab_Q=3bit_L=lora_2_qkv-fc1-proj-fc2/cifar/20260114184203_default_acc=53.50/tensorboard/Grad_mlp.fc2.lora_B_block_5/events.out.tfevents.1768387349.master-192-168-8-48.1680.9,mlp.fc2.lora_B,5
1768388759.7483003,2472,77.28125,0.05310720205307007,Grad/mlp.fc2.lora_B,outputs_dev/vitb16/T=vtab_Q=3bit_L=lora_2_qkv-fc1-proj-fc2/cifar/20260114184203_default_acc=53.50/tensorboard/Grad_mlp.fc2.lora_B_block_5/events.out.tfevents.1768387349.master-192-168-8-48.1680.9,mlp.fc2.lora_B,5
1768388760.1422162,2473,77.3125,0.12489992380142212,Grad/mlp.fc2.lora_B,outputs_dev/vitb16/T=vtab_Q=3bit_L=lora_2_qkv-fc1-proj-fc2/cifar/20260114184203_default_acc=53.50/tensorboard/Grad_mlp.fc2.lora_B_block_5/events.out.tfevents.1768387349.master-192-168-8-48.1680.9,mlp.fc2.lora_B,5
1768388760.533219,2474,77.34375,0.09339749813079834,Grad/mlp.fc2.lora_B,outputs_dev/vitb16/T=vtab_Q=3bit_L=lora_2_qkv-fc1-proj-fc2/cifar/20260114184203_default_acc=53.50/tensorboard/Grad_mlp.fc2.lora_B_block_5/events.out.tfevents.1768387349.master-192-168-8-48.1680.9,mlp.fc2.lora_B,5
1768388760.9277248,2475,77.375,0.0475219301879406,Grad/mlp.fc2.lora_B,outputs_dev/vitb16/T=vtab_Q=3bit_L=lora_2_qkv-fc1-proj-fc2/cifar/20260114184203_default_acc=53.50/tensorboard/Grad_mlp.fc2.lora_B_block_5/events.out.tfevents.1768387349.master-192-168-8-48.1680.9,mlp.fc2.lora_B,5
1768388761.3208115,2476,77.40625,0.21035607159137726,Grad/mlp.fc2.lora_B,outputs_dev/vitb16/T=vtab_Q=3bit_L=lora_2_qkv-fc1-proj-fc2/cifar/20260114184203_default_acc=53.50/tensorboard/Grad_mlp.fc2.lora_B_block_5/events.out.tfevents.1768387349.master-192-168-8-48.1680.9,mlp.fc2.lora_B,5
1768388761.714574,2477,77.4375,0.3187669515609741,Grad/mlp.fc2.lora_B,outputs_dev/vitb16/T=vtab_Q=3bit_L=lora_2_qkv-fc1-proj-fc2/cifar/20260114184203_default_acc=53.50/tensorboard/Grad_mlp.fc2.lora_B_block_5/events.out.tfevents.1768387349.master-192-168-8-48.1680.9,mlp.fc2.lora_B,5
1768388762.1088293,2478,77.46875,0.027677012607455254,Grad/mlp.fc2.lora_B,outputs_dev/vitb16/T=vtab_Q=3bit_L=lora_2_qkv-fc1-proj-fc2/cifar/20260114184203_default_acc=53.50/tensorboard/Grad_mlp.fc2.lora_B_block_5/events.out.tfevents.1768387349.master-192-168-8-48.1680.9,mlp.fc2.lora_B,5
1768388762.50039,2479,77.5,0.08133698999881744,Grad/mlp.fc2.lora_B,outputs_dev/vitb16/T=vtab_Q=3bit_L=lora_2_qkv-fc1-proj-fc2/cifar/20260114184203_default_acc=53.50/tensorboard/Grad_mlp.fc2.lora_B_block_5/events.out.tfevents.1768387349.master-192-168-8-48.1680.9,mlp.fc2.lora_B,5
1768388762.8911662,2480,77.53125,0.011000598780810833,Grad/mlp.fc2.lora_B,outputs_dev/vitb16/T=vtab_Q=3bit_L=lora_2_qkv-fc1-proj-fc2/cifar/20260114184203_default_acc=53.50/tensorboard/Grad_mlp.fc2.lora_B_block_5/events.out.tfevents.1768387349.master-192-168-8-48.1680.9,mlp.fc2.lora_B,5
1768388763.2822125,2481,77.5625,0.05875834450125694,Grad/mlp.fc2.lora_B,outputs_dev/vitb16/T=vtab_Q=3bit_L=lora_2_qkv-fc1-proj-fc2/cifar/20260114184203_default_acc=53.50/tensorboard/Grad_mlp.fc2.lora_B_block_5/events.out.tfevents.1768387349.master-192-168-8-48.1680.9,mlp.fc2.lora_B,5
1768388763.6757963,2482,77.59375,0.12538184225559235,Grad/mlp.fc2.lora_B,outputs_dev/vitb16/T=vtab_Q=3bit_L=lora_2_qkv-fc1-proj-fc2/cifar/20260114184203_default_acc=53.50/tensorboard/Grad_mlp.fc2.lora_B_block_5/events.out.tfevents.1768387349.master-192-168-8-48.1680.9,mlp.fc2.lora_B,5
1768388764.0663958,2483,77.625,0.07359172403812408,Grad/mlp.fc2.lora_B,outputs_dev/vitb16/T=vtab_Q=3bit_L=lora_2_qkv-fc1-proj-fc2/cifar/20260114184203_default_acc=53.50/tensorboard/Grad_mlp.fc2.lora_B_block_5/events.out.tfevents.1768387349.master-192-168-8-48.1680.9,mlp.fc2.lora_B,5
1768388764.4599707,2484,77.65625,0.016358550637960434,Grad/mlp.fc2.lora_B,outputs_dev/vitb16/T=vtab_Q=3bit_L=lora_2_qkv-fc1-proj-fc2/cifar/20260114184203_default_acc=53.50/tensorboard/Grad_mlp.fc2.lora_B_block_5/events.out.tfevents.1768387349.master-192-168-8-48.1680.9,mlp.fc2.lora_B,5
1768388764.8568234,2485,77.6875,0.08524158596992493,Grad/mlp.fc2.lora_B,outputs_dev/vitb16/T=vtab_Q=3bit_L=lora_2_qkv-fc1-proj-fc2/cifar/20260114184203_default_acc=53.50/tensorboard/Grad_mlp.fc2.lora_B_block_5/events.out.tfevents.1768387349.master-192-168-8-48.1680.9,mlp.fc2.lora_B,5
1768388765.27241,2486,77.71875,0.016802692785859108,Grad/mlp.fc2.lora_B,outputs_dev/vitb16/T=vtab_Q=3bit_L=lora_2_qkv-fc1-proj-fc2/cifar/20260114184203_default_acc=53.50/tensorboard/Grad_mlp.fc2.lora_B_block_5/events.out.tfevents.1768387349.master-192-168-8-48.1680.9,mlp.fc2.lora_B,5
1768388765.6755476,2487,77.75,0.12060937285423279,Grad/mlp.fc2.lora_B,outputs_dev/vitb16/T=vtab_Q=3bit_L=lora_2_qkv-fc1-proj-fc2/cifar/20260114184203_default_acc=53.50/tensorboard/Grad_mlp.fc2.lora_B_block_5/events.out.tfevents.1768387349.master-192-168-8-48.1680.9,mlp.fc2.lora_B,5
1768388766.0826573,2488,77.78125,0.09929922223091125,Grad/mlp.fc2.lora_B,outputs_dev/vitb16/T=vtab_Q=3bit_L=lora_2_qkv-fc1-proj-fc2/cifar/20260114184203_default_acc=53.50/tensorboard/Grad_mlp.fc2.lora_B_block_5/events.out.tfevents.1768387349.master-192-168-8-48.1680.9,mlp.fc2.lora_B,5
1768388766.4871821,2489,77.8125,0.08580484241247177,Grad/mlp.fc2.lora_B,outputs_dev/vitb16/T=vtab_Q=3bit_L=lora_2_qkv-fc1-proj-fc2/cifar/20260114184203_default_acc=53.50/tensorboard/Grad_mlp.fc2.lora_B_block_5/events.out.tfevents.1768387349.master-192-168-8-48.1680.9,mlp.fc2.lora_B,5
1768388766.887765,2490,77.84375,0.14839108288288116,Grad/mlp.fc2.lora_B,outputs_dev/vitb16/T=vtab_Q=3bit_L=lora_2_qkv-fc1-proj-fc2/cifar/20260114184203_default_acc=53.50/tensorboard/Grad_mlp.fc2.lora_B_block_5/events.out.tfevents.1768387349.master-192-168-8-48.1680.9,mlp.fc2.lora_B,5
1768388767.2973344,2491,77.875,0.028395995497703552,Grad/mlp.fc2.lora_B,outputs_dev/vitb16/T=vtab_Q=3bit_L=lora_2_qkv-fc1-proj-fc2/cifar/20260114184203_default_acc=53.50/tensorboard/Grad_mlp.fc2.lora_B_block_5/events.out.tfevents.1768387349.master-192-168-8-48.1680.9,mlp.fc2.lora_B,5
1768388767.6957166,2492,77.90625,0.02594395913183689,Grad/mlp.fc2.lora_B,outputs_dev/vitb16/T=vtab_Q=3bit_L=lora_2_qkv-fc1-proj-fc2/cifar/20260114184203_default_acc=53.50/tensorboard/Grad_mlp.fc2.lora_B_block_5/events.out.tfevents.1768387349.master-192-168-8-48.1680.9,mlp.fc2.lora_B,5
1768388768.094914,2493,77.9375,0.09590548276901245,Grad/mlp.fc2.lora_B,outputs_dev/vitb16/T=vtab_Q=3bit_L=lora_2_qkv-fc1-proj-fc2/cifar/20260114184203_default_acc=53.50/tensorboard/Grad_mlp.fc2.lora_B_block_5/events.out.tfevents.1768387349.master-192-168-8-48.1680.9,mlp.fc2.lora_B,5
1768388768.5058596,2494,77.96875,0.03164727985858917,Grad/mlp.fc2.lora_B,outputs_dev/vitb16/T=vtab_Q=3bit_L=lora_2_qkv-fc1-proj-fc2/cifar/20260114184203_default_acc=53.50/tensorboard/Grad_mlp.fc2.lora_B_block_5/events.out.tfevents.1768387349.master-192-168-8-48.1680.9,mlp.fc2.lora_B,5
1768388768.7070472,2495,78.0,0.1623808592557907,Grad/mlp.fc2.lora_B,outputs_dev/vitb16/T=vtab_Q=3bit_L=lora_2_qkv-fc1-proj-fc2/cifar/20260114184203_default_acc=53.50/tensorboard/Grad_mlp.fc2.lora_B_block_5/events.out.tfevents.1768387349.master-192-168-8-48.1680.9,mlp.fc2.lora_B,5
1768388769.3440423,2496,78.03125,0.01700233854353428,Grad/mlp.fc2.lora_B,outputs_dev/vitb16/T=vtab_Q=3bit_L=lora_2_qkv-fc1-proj-fc2/cifar/20260114184203_default_acc=53.50/tensorboard/Grad_mlp.fc2.lora_B_block_5/events.out.tfevents.1768387349.master-192-168-8-48.1680.9,mlp.fc2.lora_B,5
1768388769.7546976,2497,78.0625,0.14372532069683075,Grad/mlp.fc2.lora_B,outputs_dev/vitb16/T=vtab_Q=3bit_L=lora_2_qkv-fc1-proj-fc2/cifar/20260114184203_default_acc=53.50/tensorboard/Grad_mlp.fc2.lora_B_block_5/events.out.tfevents.1768387349.master-192-168-8-48.1680.9,mlp.fc2.lora_B,5
1768388770.1480577,2498,78.09375,0.02842451073229313,Grad/mlp.fc2.lora_B,outputs_dev/vitb16/T=vtab_Q=3bit_L=lora_2_qkv-fc1-proj-fc2/cifar/20260114184203_default_acc=53.50/tensorboard/Grad_mlp.fc2.lora_B_block_5/events.out.tfevents.1768387349.master-192-168-8-48.1680.9,mlp.fc2.lora_B,5
1768388770.5444584,2499,78.125,0.03784012421965599,Grad/mlp.fc2.lora_B,outputs_dev/vitb16/T=vtab_Q=3bit_L=lora_2_qkv-fc1-proj-fc2/cifar/20260114184203_default_acc=53.50/tensorboard/Grad_mlp.fc2.lora_B_block_5/events.out.tfevents.1768387349.master-192-168-8-48.1680.9,mlp.fc2.lora_B,5
1768388770.922441,2500,78.15625,0.02845708467066288,Grad/mlp.fc2.lora_B,outputs_dev/vitb16/T=vtab_Q=3bit_L=lora_2_qkv-fc1-proj-fc2/cifar/20260114184203_default_acc=53.50/tensorboard/Grad_mlp.fc2.lora_B_block_5/events.out.tfevents.1768387349.master-192-168-8-48.1680.9,mlp.fc2.lora_B,5
1768388771.3156877,2501,78.1875,0.02846381813287735,Grad/mlp.fc2.lora_B,outputs_dev/vitb16/T=vtab_Q=3bit_L=lora_2_qkv-fc1-proj-fc2/cifar/20260114184203_default_acc=53.50/tensorboard/Grad_mlp.fc2.lora_B_block_5/events.out.tfevents.1768387349.master-192-168-8-48.1680.9,mlp.fc2.lora_B,5
1768388771.708797,2502,78.21875,0.042771898210048676,Grad/mlp.fc2.lora_B,outputs_dev/vitb16/T=vtab_Q=3bit_L=lora_2_qkv-fc1-proj-fc2/cifar/20260114184203_default_acc=53.50/tensorboard/Grad_mlp.fc2.lora_B_block_5/events.out.tfevents.1768387349.master-192-168-8-48.1680.9,mlp.fc2.lora_B,5
1768388772.099253,2503,78.25,0.17793023586273193,Grad/mlp.fc2.lora_B,outputs_dev/vitb16/T=vtab_Q=3bit_L=lora_2_qkv-fc1-proj-fc2/cifar/20260114184203_default_acc=53.50/tensorboard/Grad_mlp.fc2.lora_B_block_5/events.out.tfevents.1768387349.master-192-168-8-48.1680.9,mlp.fc2.lora_B,5
1768388772.4912462,2504,78.28125,0.02451445534825325,Grad/mlp.fc2.lora_B,outputs_dev/vitb16/T=vtab_Q=3bit_L=lora_2_qkv-fc1-proj-fc2/cifar/20260114184203_default_acc=53.50/tensorboard/Grad_mlp.fc2.lora_B_block_5/events.out.tfevents.1768387349.master-192-168-8-48.1680.9,mlp.fc2.lora_B,5
1768388772.8871086,2505,78.3125,0.07944013923406601,Grad/mlp.fc2.lora_B,outputs_dev/vitb16/T=vtab_Q=3bit_L=lora_2_qkv-fc1-proj-fc2/cifar/20260114184203_default_acc=53.50/tensorboard/Grad_mlp.fc2.lora_B_block_5/events.out.tfevents.1768387349.master-192-168-8-48.1680.9,mlp.fc2.lora_B,5
1768388773.311854,2506,78.34375,0.038720984011888504,Grad/mlp.fc2.lora_B,outputs_dev/vitb16/T=vtab_Q=3bit_L=lora_2_qkv-fc1-proj-fc2/cifar/20260114184203_default_acc=53.50/tensorboard/Grad_mlp.fc2.lora_B_block_5/events.out.tfevents.1768387349.master-192-168-8-48.1680.9,mlp.fc2.lora_B,5
1768388773.7035015,2507,78.375,0.034889645874500275,Grad/mlp.fc2.lora_B,outputs_dev/vitb16/T=vtab_Q=3bit_L=lora_2_qkv-fc1-proj-fc2/cifar/20260114184203_default_acc=53.50/tensorboard/Grad_mlp.fc2.lora_B_block_5/events.out.tfevents.1768387349.master-192-168-8-48.1680.9,mlp.fc2.lora_B,5
1768388774.0935144,2508,78.40625,0.04991123452782631,Grad/mlp.fc2.lora_B,outputs_dev/vitb16/T=vtab_Q=3bit_L=lora_2_qkv-fc1-proj-fc2/cifar/20260114184203_default_acc=53.50/tensorboard/Grad_mlp.fc2.lora_B_block_5/events.out.tfevents.1768387349.master-192-168-8-48.1680.9,mlp.fc2.lora_B,5
1768388774.483665,2509,78.4375,0.05845051258802414,Grad/mlp.fc2.lora_B,outputs_dev/vitb16/T=vtab_Q=3bit_L=lora_2_qkv-fc1-proj-fc2/cifar/20260114184203_default_acc=53.50/tensorboard/Grad_mlp.fc2.lora_B_block_5/events.out.tfevents.1768387349.master-192-168-8-48.1680.9,mlp.fc2.lora_B,5
1768388774.8935041,2510,78.46875,0.10333523154258728,Grad/mlp.fc2.lora_B,outputs_dev/vitb16/T=vtab_Q=3bit_L=lora_2_qkv-fc1-proj-fc2/cifar/20260114184203_default_acc=53.50/tensorboard/Grad_mlp.fc2.lora_B_block_5/events.out.tfevents.1768387349.master-192-168-8-48.1680.9,mlp.fc2.lora_B,5
1768388775.2891138,2511,78.5,0.03163350746035576,Grad/mlp.fc2.lora_B,outputs_dev/vitb16/T=vtab_Q=3bit_L=lora_2_qkv-fc1-proj-fc2/cifar/20260114184203_default_acc=53.50/tensorboard/Grad_mlp.fc2.lora_B_block_5/events.out.tfevents.1768387349.master-192-168-8-48.1680.9,mlp.fc2.lora_B,5
1768388775.6857398,2512,78.53125,0.07486976683139801,Grad/mlp.fc2.lora_B,outputs_dev/vitb16/T=vtab_Q=3bit_L=lora_2_qkv-fc1-proj-fc2/cifar/20260114184203_default_acc=53.50/tensorboard/Grad_mlp.fc2.lora_B_block_5/events.out.tfevents.1768387349.master-192-168-8-48.1680.9,mlp.fc2.lora_B,5
1768388776.0812032,2513,78.5625,0.023446079343557358,Grad/mlp.fc2.lora_B,outputs_dev/vitb16/T=vtab_Q=3bit_L=lora_2_qkv-fc1-proj-fc2/cifar/20260114184203_default_acc=53.50/tensorboard/Grad_mlp.fc2.lora_B_block_5/events.out.tfevents.1768387349.master-192-168-8-48.1680.9,mlp.fc2.lora_B,5
1768388776.4811733,2514,78.59375,0.021160559728741646,Grad/mlp.fc2.lora_B,outputs_dev/vitb16/T=vtab_Q=3bit_L=lora_2_qkv-fc1-proj-fc2/cifar/20260114184203_default_acc=53.50/tensorboard/Grad_mlp.fc2.lora_B_block_5/events.out.tfevents.1768387349.master-192-168-8-48.1680.9,mlp.fc2.lora_B,5
1768388776.8850634,2515,78.625,0.030771896243095398,Grad/mlp.fc2.lora_B,outputs_dev/vitb16/T=vtab_Q=3bit_L=lora_2_qkv-fc1-proj-fc2/cifar/20260114184203_default_acc=53.50/tensorboard/Grad_mlp.fc2.lora_B_block_5/events.out.tfevents.1768387349.master-192-168-8-48.1680.9,mlp.fc2.lora_B,5
1768388777.3006794,2516,78.65625,0.04083709418773651,Grad/mlp.fc2.lora_B,outputs_dev/vitb16/T=vtab_Q=3bit_L=lora_2_qkv-fc1-proj-fc2/cifar/20260114184203_default_acc=53.50/tensorboard/Grad_mlp.fc2.lora_B_block_5/events.out.tfevents.1768387349.master-192-168-8-48.1680.9,mlp.fc2.lora_B,5
1768388777.6992583,2517,78.6875,0.027355697005987167,Grad/mlp.fc2.lora_B,outputs_dev/vitb16/T=vtab_Q=3bit_L=lora_2_qkv-fc1-proj-fc2/cifar/20260114184203_default_acc=53.50/tensorboard/Grad_mlp.fc2.lora_B_block_5/events.out.tfevents.1768387349.master-192-168-8-48.1680.9,mlp.fc2.lora_B,5
1768388778.0944788,2518,78.71875,0.05650043487548828,Grad/mlp.fc2.lora_B,outputs_dev/vitb16/T=vtab_Q=3bit_L=lora_2_qkv-fc1-proj-fc2/cifar/20260114184203_default_acc=53.50/tensorboard/Grad_mlp.fc2.lora_B_block_5/events.out.tfevents.1768387349.master-192-168-8-48.1680.9,mlp.fc2.lora_B,5
1768388778.490784,2519,78.75,0.027391189709305763,Grad/mlp.fc2.lora_B,outputs_dev/vitb16/T=vtab_Q=3bit_L=lora_2_qkv-fc1-proj-fc2/cifar/20260114184203_default_acc=53.50/tensorboard/Grad_mlp.fc2.lora_B_block_5/events.out.tfevents.1768387349.master-192-168-8-48.1680.9,mlp.fc2.lora_B,5
1768388778.8826249,2520,78.78125,0.03654898703098297,Grad/mlp.fc2.lora_B,outputs_dev/vitb16/T=vtab_Q=3bit_L=lora_2_qkv-fc1-proj-fc2/cifar/20260114184203_default_acc=53.50/tensorboard/Grad_mlp.fc2.lora_B_block_5/events.out.tfevents.1768387349.master-192-168-8-48.1680.9,mlp.fc2.lora_B,5
1768388779.2779927,2521,78.8125,0.012696913443505764,Grad/mlp.fc2.lora_B,outputs_dev/vitb16/T=vtab_Q=3bit_L=lora_2_qkv-fc1-proj-fc2/cifar/20260114184203_default_acc=53.50/tensorboard/Grad_mlp.fc2.lora_B_block_5/events.out.tfevents.1768387349.master-192-168-8-48.1680.9,mlp.fc2.lora_B,5
1768388779.6783237,2522,78.84375,0.029559072107076645,Grad/mlp.fc2.lora_B,outputs_dev/vitb16/T=vtab_Q=3bit_L=lora_2_qkv-fc1-proj-fc2/cifar/20260114184203_default_acc=53.50/tensorboard/Grad_mlp.fc2.lora_B_block_5/events.out.tfevents.1768387349.master-192-168-8-48.1680.9,mlp.fc2.lora_B,5
1768388780.0779362,2523,78.875,0.07019215822219849,Grad/mlp.fc2.lora_B,outputs_dev/vitb16/T=vtab_Q=3bit_L=lora_2_qkv-fc1-proj-fc2/cifar/20260114184203_default_acc=53.50/tensorboard/Grad_mlp.fc2.lora_B_block_5/events.out.tfevents.1768387349.master-192-168-8-48.1680.9,mlp.fc2.lora_B,5
1768388780.4749236,2524,78.90625,0.09647933393716812,Grad/mlp.fc2.lora_B,outputs_dev/vitb16/T=vtab_Q=3bit_L=lora_2_qkv-fc1-proj-fc2/cifar/20260114184203_default_acc=53.50/tensorboard/Grad_mlp.fc2.lora_B_block_5/events.out.tfevents.1768387349.master-192-168-8-48.1680.9,mlp.fc2.lora_B,5
1768388780.8721476,2525,78.9375,0.05392640456557274,Grad/mlp.fc2.lora_B,outputs_dev/vitb16/T=vtab_Q=3bit_L=lora_2_qkv-fc1-proj-fc2/cifar/20260114184203_default_acc=53.50/tensorboard/Grad_mlp.fc2.lora_B_block_5/events.out.tfevents.1768387349.master-192-168-8-48.1680.9,mlp.fc2.lora_B,5
1768388781.269341,2526,78.96875,0.032292407006025314,Grad/mlp.fc2.lora_B,outputs_dev/vitb16/T=vtab_Q=3bit_L=lora_2_qkv-fc1-proj-fc2/cifar/20260114184203_default_acc=53.50/tensorboard/Grad_mlp.fc2.lora_B_block_5/events.out.tfevents.1768387349.master-192-168-8-48.1680.9,mlp.fc2.lora_B,5
1768388781.4949932,2527,79.0,0.10840263217687607,Grad/mlp.fc2.lora_B,outputs_dev/vitb16/T=vtab_Q=3bit_L=lora_2_qkv-fc1-proj-fc2/cifar/20260114184203_default_acc=53.50/tensorboard/Grad_mlp.fc2.lora_B_block_5/events.out.tfevents.1768387349.master-192-168-8-48.1680.9,mlp.fc2.lora_B,5
1768388782.1356523,2528,79.03125,0.05552554875612259,Grad/mlp.fc2.lora_B,outputs_dev/vitb16/T=vtab_Q=3bit_L=lora_2_qkv-fc1-proj-fc2/cifar/20260114184203_default_acc=53.50/tensorboard/Grad_mlp.fc2.lora_B_block_5/events.out.tfevents.1768387349.master-192-168-8-48.1680.9,mlp.fc2.lora_B,5
1768388782.5481443,2529,79.0625,0.024208642542362213,Grad/mlp.fc2.lora_B,outputs_dev/vitb16/T=vtab_Q=3bit_L=lora_2_qkv-fc1-proj-fc2/cifar/20260114184203_default_acc=53.50/tensorboard/Grad_mlp.fc2.lora_B_block_5/events.out.tfevents.1768387349.master-192-168-8-48.1680.9,mlp.fc2.lora_B,5
1768388783.0427186,2530,79.09375,0.013928073458373547,Grad/mlp.fc2.lora_B,outputs_dev/vitb16/T=vtab_Q=3bit_L=lora_2_qkv-fc1-proj-fc2/cifar/20260114184203_default_acc=53.50/tensorboard/Grad_mlp.fc2.lora_B_block_5/events.out.tfevents.1768387349.master-192-168-8-48.1680.9,mlp.fc2.lora_B,5
1768388783.4392495,2531,79.125,0.01926863007247448,Grad/mlp.fc2.lora_B,outputs_dev/vitb16/T=vtab_Q=3bit_L=lora_2_qkv-fc1-proj-fc2/cifar/20260114184203_default_acc=53.50/tensorboard/Grad_mlp.fc2.lora_B_block_5/events.out.tfevents.1768387349.master-192-168-8-48.1680.9,mlp.fc2.lora_B,5
1768388783.8488555,2532,79.15625,0.029340963810682297,Grad/mlp.fc2.lora_B,outputs_dev/vitb16/T=vtab_Q=3bit_L=lora_2_qkv-fc1-proj-fc2/cifar/20260114184203_default_acc=53.50/tensorboard/Grad_mlp.fc2.lora_B_block_5/events.out.tfevents.1768387349.master-192-168-8-48.1680.9,mlp.fc2.lora_B,5
1768388784.2636616,2533,79.1875,0.031221991404891014,Grad/mlp.fc2.lora_B,outputs_dev/vitb16/T=vtab_Q=3bit_L=lora_2_qkv-fc1-proj-fc2/cifar/20260114184203_default_acc=53.50/tensorboard/Grad_mlp.fc2.lora_B_block_5/events.out.tfevents.1768387349.master-192-168-8-48.1680.9,mlp.fc2.lora_B,5
1768388784.6626956,2534,79.21875,0.033286161720752716,Grad/mlp.fc2.lora_B,outputs_dev/vitb16/T=vtab_Q=3bit_L=lora_2_qkv-fc1-proj-fc2/cifar/20260114184203_default_acc=53.50/tensorboard/Grad_mlp.fc2.lora_B_block_5/events.out.tfevents.1768387349.master-192-168-8-48.1680.9,mlp.fc2.lora_B,5
1768388785.0470982,2535,79.25,0.07324870675802231,Grad/mlp.fc2.lora_B,outputs_dev/vitb16/T=vtab_Q=3bit_L=lora_2_qkv-fc1-proj-fc2/cifar/20260114184203_default_acc=53.50/tensorboard/Grad_mlp.fc2.lora_B_block_5/events.out.tfevents.1768387349.master-192-168-8-48.1680.9,mlp.fc2.lora_B,5
1768388785.4436293,2536,79.28125,0.05050523579120636,Grad/mlp.fc2.lora_B,outputs_dev/vitb16/T=vtab_Q=3bit_L=lora_2_qkv-fc1-proj-fc2/cifar/20260114184203_default_acc=53.50/tensorboard/Grad_mlp.fc2.lora_B_block_5/events.out.tfevents.1768387349.master-192-168-8-48.1680.9,mlp.fc2.lora_B,5
1768388785.8408098,2537,79.3125,0.03473933786153793,Grad/mlp.fc2.lora_B,outputs_dev/vitb16/T=vtab_Q=3bit_L=lora_2_qkv-fc1-proj-fc2/cifar/20260114184203_default_acc=53.50/tensorboard/Grad_mlp.fc2.lora_B_block_5/events.out.tfevents.1768387349.master-192-168-8-48.1680.9,mlp.fc2.lora_B,5
1768388786.2384472,2538,79.34375,0.018713148310780525,Grad/mlp.fc2.lora_B,outputs_dev/vitb16/T=vtab_Q=3bit_L=lora_2_qkv-fc1-proj-fc2/cifar/20260114184203_default_acc=53.50/tensorboard/Grad_mlp.fc2.lora_B_block_5/events.out.tfevents.1768387349.master-192-168-8-48.1680.9,mlp.fc2.lora_B,5
1768388786.6567001,2539,79.375,0.03284910321235657,Grad/mlp.fc2.lora_B,outputs_dev/vitb16/T=vtab_Q=3bit_L=lora_2_qkv-fc1-proj-fc2/cifar/20260114184203_default_acc=53.50/tensorboard/Grad_mlp.fc2.lora_B_block_5/events.out.tfevents.1768387349.master-192-168-8-48.1680.9,mlp.fc2.lora_B,5
1768388787.071917,2540,79.40625,0.045718081295490265,Grad/mlp.fc2.lora_B,outputs_dev/vitb16/T=vtab_Q=3bit_L=lora_2_qkv-fc1-proj-fc2/cifar/20260114184203_default_acc=53.50/tensorboard/Grad_mlp.fc2.lora_B_block_5/events.out.tfevents.1768387349.master-192-168-8-48.1680.9,mlp.fc2.lora_B,5
1768388787.4843347,2541,79.4375,0.044193144887685776,Grad/mlp.fc2.lora_B,outputs_dev/vitb16/T=vtab_Q=3bit_L=lora_2_qkv-fc1-proj-fc2/cifar/20260114184203_default_acc=53.50/tensorboard/Grad_mlp.fc2.lora_B_block_5/events.out.tfevents.1768387349.master-192-168-8-48.1680.9,mlp.fc2.lora_B,5
1768388787.8958068,2542,79.46875,0.020025497302412987,Grad/mlp.fc2.lora_B,outputs_dev/vitb16/T=vtab_Q=3bit_L=lora_2_qkv-fc1-proj-fc2/cifar/20260114184203_default_acc=53.50/tensorboard/Grad_mlp.fc2.lora_B_block_5/events.out.tfevents.1768387349.master-192-168-8-48.1680.9,mlp.fc2.lora_B,5
1768388788.2761111,2543,79.5,0.41447746753692627,Grad/mlp.fc2.lora_B,outputs_dev/vitb16/T=vtab_Q=3bit_L=lora_2_qkv-fc1-proj-fc2/cifar/20260114184203_default_acc=53.50/tensorboard/Grad_mlp.fc2.lora_B_block_5/events.out.tfevents.1768387349.master-192-168-8-48.1680.9,mlp.fc2.lora_B,5
1768388788.6704578,2544,79.53125,0.033336203545331955,Grad/mlp.fc2.lora_B,outputs_dev/vitb16/T=vtab_Q=3bit_L=lora_2_qkv-fc1-proj-fc2/cifar/20260114184203_default_acc=53.50/tensorboard/Grad_mlp.fc2.lora_B_block_5/events.out.tfevents.1768387349.master-192-168-8-48.1680.9,mlp.fc2.lora_B,5
1768388789.060783,2545,79.5625,0.03376943618059158,Grad/mlp.fc2.lora_B,outputs_dev/vitb16/T=vtab_Q=3bit_L=lora_2_qkv-fc1-proj-fc2/cifar/20260114184203_default_acc=53.50/tensorboard/Grad_mlp.fc2.lora_B_block_5/events.out.tfevents.1768387349.master-192-168-8-48.1680.9,mlp.fc2.lora_B,5
1768388789.4404852,2546,79.59375,0.029720408841967583,Grad/mlp.fc2.lora_B,outputs_dev/vitb16/T=vtab_Q=3bit_L=lora_2_qkv-fc1-proj-fc2/cifar/20260114184203_default_acc=53.50/tensorboard/Grad_mlp.fc2.lora_B_block_5/events.out.tfevents.1768387349.master-192-168-8-48.1680.9,mlp.fc2.lora_B,5
1768388789.8333058,2547,79.625,0.055411409586668015,Grad/mlp.fc2.lora_B,outputs_dev/vitb16/T=vtab_Q=3bit_L=lora_2_qkv-fc1-proj-fc2/cifar/20260114184203_default_acc=53.50/tensorboard/Grad_mlp.fc2.lora_B_block_5/events.out.tfevents.1768387349.master-192-168-8-48.1680.9,mlp.fc2.lora_B,5
1768388790.21106,2548,79.65625,0.05256364867091179,Grad/mlp.fc2.lora_B,outputs_dev/vitb16/T=vtab_Q=3bit_L=lora_2_qkv-fc1-proj-fc2/cifar/20260114184203_default_acc=53.50/tensorboard/Grad_mlp.fc2.lora_B_block_5/events.out.tfevents.1768387349.master-192-168-8-48.1680.9,mlp.fc2.lora_B,5
1768388790.6082153,2549,79.6875,0.032148320227861404,Grad/mlp.fc2.lora_B,outputs_dev/vitb16/T=vtab_Q=3bit_L=lora_2_qkv-fc1-proj-fc2/cifar/20260114184203_default_acc=53.50/tensorboard/Grad_mlp.fc2.lora_B_block_5/events.out.tfevents.1768387349.master-192-168-8-48.1680.9,mlp.fc2.lora_B,5
1768388791.0035303,2550,79.71875,0.08726361393928528,Grad/mlp.fc2.lora_B,outputs_dev/vitb16/T=vtab_Q=3bit_L=lora_2_qkv-fc1-proj-fc2/cifar/20260114184203_default_acc=53.50/tensorboard/Grad_mlp.fc2.lora_B_block_5/events.out.tfevents.1768387349.master-192-168-8-48.1680.9,mlp.fc2.lora_B,5
1768388791.4280634,2551,79.75,0.040660031139850616,Grad/mlp.fc2.lora_B,outputs_dev/vitb16/T=vtab_Q=3bit_L=lora_2_qkv-fc1-proj-fc2/cifar/20260114184203_default_acc=53.50/tensorboard/Grad_mlp.fc2.lora_B_block_5/events.out.tfevents.1768387349.master-192-168-8-48.1680.9,mlp.fc2.lora_B,5
1768388791.8455913,2552,79.78125,0.04771464690566063,Grad/mlp.fc2.lora_B,outputs_dev/vitb16/T=vtab_Q=3bit_L=lora_2_qkv-fc1-proj-fc2/cifar/20260114184203_default_acc=53.50/tensorboard/Grad_mlp.fc2.lora_B_block_5/events.out.tfevents.1768387349.master-192-168-8-48.1680.9,mlp.fc2.lora_B,5
1768388792.2629187,2553,79.8125,0.06911729276180267,Grad/mlp.fc2.lora_B,outputs_dev/vitb16/T=vtab_Q=3bit_L=lora_2_qkv-fc1-proj-fc2/cifar/20260114184203_default_acc=53.50/tensorboard/Grad_mlp.fc2.lora_B_block_5/events.out.tfevents.1768387349.master-192-168-8-48.1680.9,mlp.fc2.lora_B,5
1768388792.800344,2554,79.84375,0.09626659750938416,Grad/mlp.fc2.lora_B,outputs_dev/vitb16/T=vtab_Q=3bit_L=lora_2_qkv-fc1-proj-fc2/cifar/20260114184203_default_acc=53.50/tensorboard/Grad_mlp.fc2.lora_B_block_5/events.out.tfevents.1768387349.master-192-168-8-48.1680.9,mlp.fc2.lora_B,5
1768388793.3707914,2555,79.875,0.10576837509870529,Grad/mlp.fc2.lora_B,outputs_dev/vitb16/T=vtab_Q=3bit_L=lora_2_qkv-fc1-proj-fc2/cifar/20260114184203_default_acc=53.50/tensorboard/Grad_mlp.fc2.lora_B_block_5/events.out.tfevents.1768387349.master-192-168-8-48.1680.9,mlp.fc2.lora_B,5
1768388793.7626572,2556,79.90625,0.13763073086738586,Grad/mlp.fc2.lora_B,outputs_dev/vitb16/T=vtab_Q=3bit_L=lora_2_qkv-fc1-proj-fc2/cifar/20260114184203_default_acc=53.50/tensorboard/Grad_mlp.fc2.lora_B_block_5/events.out.tfevents.1768387349.master-192-168-8-48.1680.9,mlp.fc2.lora_B,5
1768388794.1687586,2557,79.9375,0.011972518637776375,Grad/mlp.fc2.lora_B,outputs_dev/vitb16/T=vtab_Q=3bit_L=lora_2_qkv-fc1-proj-fc2/cifar/20260114184203_default_acc=53.50/tensorboard/Grad_mlp.fc2.lora_B_block_5/events.out.tfevents.1768387349.master-192-168-8-48.1680.9,mlp.fc2.lora_B,5
1768388794.5612457,2558,79.96875,0.14210277795791626,Grad/mlp.fc2.lora_B,outputs_dev/vitb16/T=vtab_Q=3bit_L=lora_2_qkv-fc1-proj-fc2/cifar/20260114184203_default_acc=53.50/tensorboard/Grad_mlp.fc2.lora_B_block_5/events.out.tfevents.1768387349.master-192-168-8-48.1680.9,mlp.fc2.lora_B,5
1768388794.843858,2559,80.0,0.05356843024492264,Grad/mlp.fc2.lora_B,outputs_dev/vitb16/T=vtab_Q=3bit_L=lora_2_qkv-fc1-proj-fc2/cifar/20260114184203_default_acc=53.50/tensorboard/Grad_mlp.fc2.lora_B_block_5/events.out.tfevents.1768387349.master-192-168-8-48.1680.9,mlp.fc2.lora_B,5
1768388795.4751177,2560,80.03125,0.008801689371466637,Grad/mlp.fc2.lora_B,outputs_dev/vitb16/T=vtab_Q=3bit_L=lora_2_qkv-fc1-proj-fc2/cifar/20260114184203_default_acc=53.50/tensorboard/Grad_mlp.fc2.lora_B_block_5/events.out.tfevents.1768387349.master-192-168-8-48.1680.9,mlp.fc2.lora_B,5
1768388795.876097,2561,80.0625,0.03173292428255081,Grad/mlp.fc2.lora_B,outputs_dev/vitb16/T=vtab_Q=3bit_L=lora_2_qkv-fc1-proj-fc2/cifar/20260114184203_default_acc=53.50/tensorboard/Grad_mlp.fc2.lora_B_block_5/events.out.tfevents.1768387349.master-192-168-8-48.1680.9,mlp.fc2.lora_B,5
1768388796.2830622,2562,80.09375,0.041422031819820404,Grad/mlp.fc2.lora_B,outputs_dev/vitb16/T=vtab_Q=3bit_L=lora_2_qkv-fc1-proj-fc2/cifar/20260114184203_default_acc=53.50/tensorboard/Grad_mlp.fc2.lora_B_block_5/events.out.tfevents.1768387349.master-192-168-8-48.1680.9,mlp.fc2.lora_B,5
1768388796.6789625,2563,80.125,0.018407028168439865,Grad/mlp.fc2.lora_B,outputs_dev/vitb16/T=vtab_Q=3bit_L=lora_2_qkv-fc1-proj-fc2/cifar/20260114184203_default_acc=53.50/tensorboard/Grad_mlp.fc2.lora_B_block_5/events.out.tfevents.1768387349.master-192-168-8-48.1680.9,mlp.fc2.lora_B,5
1768388797.076117,2564,80.15625,0.015567838214337826,Grad/mlp.fc2.lora_B,outputs_dev/vitb16/T=vtab_Q=3bit_L=lora_2_qkv-fc1-proj-fc2/cifar/20260114184203_default_acc=53.50/tensorboard/Grad_mlp.fc2.lora_B_block_5/events.out.tfevents.1768387349.master-192-168-8-48.1680.9,mlp.fc2.lora_B,5
1768388797.4711666,2565,80.1875,0.17339561879634857,Grad/mlp.fc2.lora_B,outputs_dev/vitb16/T=vtab_Q=3bit_L=lora_2_qkv-fc1-proj-fc2/cifar/20260114184203_default_acc=53.50/tensorboard/Grad_mlp.fc2.lora_B_block_5/events.out.tfevents.1768387349.master-192-168-8-48.1680.9,mlp.fc2.lora_B,5
1768388797.866142,2566,80.21875,0.07374292612075806,Grad/mlp.fc2.lora_B,outputs_dev/vitb16/T=vtab_Q=3bit_L=lora_2_qkv-fc1-proj-fc2/cifar/20260114184203_default_acc=53.50/tensorboard/Grad_mlp.fc2.lora_B_block_5/events.out.tfevents.1768387349.master-192-168-8-48.1680.9,mlp.fc2.lora_B,5
1768388798.2638009,2567,80.25,0.15589383244514465,Grad/mlp.fc2.lora_B,outputs_dev/vitb16/T=vtab_Q=3bit_L=lora_2_qkv-fc1-proj-fc2/cifar/20260114184203_default_acc=53.50/tensorboard/Grad_mlp.fc2.lora_B_block_5/events.out.tfevents.1768387349.master-192-168-8-48.1680.9,mlp.fc2.lora_B,5
1768388798.6811504,2568,80.28125,0.04028792679309845,Grad/mlp.fc2.lora_B,outputs_dev/vitb16/T=vtab_Q=3bit_L=lora_2_qkv-fc1-proj-fc2/cifar/20260114184203_default_acc=53.50/tensorboard/Grad_mlp.fc2.lora_B_block_5/events.out.tfevents.1768387349.master-192-168-8-48.1680.9,mlp.fc2.lora_B,5
1768388799.0984836,2569,80.3125,0.021575424820184708,Grad/mlp.fc2.lora_B,outputs_dev/vitb16/T=vtab_Q=3bit_L=lora_2_qkv-fc1-proj-fc2/cifar/20260114184203_default_acc=53.50/tensorboard/Grad_mlp.fc2.lora_B_block_5/events.out.tfevents.1768387349.master-192-168-8-48.1680.9,mlp.fc2.lora_B,5
1768388799.517884,2570,80.34375,0.4148147702217102,Grad/mlp.fc2.lora_B,outputs_dev/vitb16/T=vtab_Q=3bit_L=lora_2_qkv-fc1-proj-fc2/cifar/20260114184203_default_acc=53.50/tensorboard/Grad_mlp.fc2.lora_B_block_5/events.out.tfevents.1768387349.master-192-168-8-48.1680.9,mlp.fc2.lora_B,5
1768388799.9433594,2571,80.375,0.07160300016403198,Grad/mlp.fc2.lora_B,outputs_dev/vitb16/T=vtab_Q=3bit_L=lora_2_qkv-fc1-proj-fc2/cifar/20260114184203_default_acc=53.50/tensorboard/Grad_mlp.fc2.lora_B_block_5/events.out.tfevents.1768387349.master-192-168-8-48.1680.9,mlp.fc2.lora_B,5
1768388800.3810287,2572,80.40625,0.07612437754869461,Grad/mlp.fc2.lora_B,outputs_dev/vitb16/T=vtab_Q=3bit_L=lora_2_qkv-fc1-proj-fc2/cifar/20260114184203_default_acc=53.50/tensorboard/Grad_mlp.fc2.lora_B_block_5/events.out.tfevents.1768387349.master-192-168-8-48.1680.9,mlp.fc2.lora_B,5
1768388800.7865427,2573,80.4375,0.030885087326169014,Grad/mlp.fc2.lora_B,outputs_dev/vitb16/T=vtab_Q=3bit_L=lora_2_qkv-fc1-proj-fc2/cifar/20260114184203_default_acc=53.50/tensorboard/Grad_mlp.fc2.lora_B_block_5/events.out.tfevents.1768387349.master-192-168-8-48.1680.9,mlp.fc2.lora_B,5
1768388801.2019613,2574,80.46875,0.21526272594928741,Grad/mlp.fc2.lora_B,outputs_dev/vitb16/T=vtab_Q=3bit_L=lora_2_qkv-fc1-proj-fc2/cifar/20260114184203_default_acc=53.50/tensorboard/Grad_mlp.fc2.lora_B_block_5/events.out.tfevents.1768387349.master-192-168-8-48.1680.9,mlp.fc2.lora_B,5
1768388801.5988,2575,80.5,0.04429520294070244,Grad/mlp.fc2.lora_B,outputs_dev/vitb16/T=vtab_Q=3bit_L=lora_2_qkv-fc1-proj-fc2/cifar/20260114184203_default_acc=53.50/tensorboard/Grad_mlp.fc2.lora_B_block_5/events.out.tfevents.1768387349.master-192-168-8-48.1680.9,mlp.fc2.lora_B,5
1768388801.9912612,2576,80.53125,0.03672945126891136,Grad/mlp.fc2.lora_B,outputs_dev/vitb16/T=vtab_Q=3bit_L=lora_2_qkv-fc1-proj-fc2/cifar/20260114184203_default_acc=53.50/tensorboard/Grad_mlp.fc2.lora_B_block_5/events.out.tfevents.1768387349.master-192-168-8-48.1680.9,mlp.fc2.lora_B,5
1768388802.392945,2577,80.5625,0.02077852189540863,Grad/mlp.fc2.lora_B,outputs_dev/vitb16/T=vtab_Q=3bit_L=lora_2_qkv-fc1-proj-fc2/cifar/20260114184203_default_acc=53.50/tensorboard/Grad_mlp.fc2.lora_B_block_5/events.out.tfevents.1768387349.master-192-168-8-48.1680.9,mlp.fc2.lora_B,5
1768388802.802708,2578,80.59375,0.014063333161175251,Grad/mlp.fc2.lora_B,outputs_dev/vitb16/T=vtab_Q=3bit_L=lora_2_qkv-fc1-proj-fc2/cifar/20260114184203_default_acc=53.50/tensorboard/Grad_mlp.fc2.lora_B_block_5/events.out.tfevents.1768387349.master-192-168-8-48.1680.9,mlp.fc2.lora_B,5
1768388803.197865,2579,80.625,0.02761021815240383,Grad/mlp.fc2.lora_B,outputs_dev/vitb16/T=vtab_Q=3bit_L=lora_2_qkv-fc1-proj-fc2/cifar/20260114184203_default_acc=53.50/tensorboard/Grad_mlp.fc2.lora_B_block_5/events.out.tfevents.1768387349.master-192-168-8-48.1680.9,mlp.fc2.lora_B,5
1768388803.5918396,2580,80.65625,0.01946474239230156,Grad/mlp.fc2.lora_B,outputs_dev/vitb16/T=vtab_Q=3bit_L=lora_2_qkv-fc1-proj-fc2/cifar/20260114184203_default_acc=53.50/tensorboard/Grad_mlp.fc2.lora_B_block_5/events.out.tfevents.1768387349.master-192-168-8-48.1680.9,mlp.fc2.lora_B,5
1768388803.9865165,2581,80.6875,0.03437415137887001,Grad/mlp.fc2.lora_B,outputs_dev/vitb16/T=vtab_Q=3bit_L=lora_2_qkv-fc1-proj-fc2/cifar/20260114184203_default_acc=53.50/tensorboard/Grad_mlp.fc2.lora_B_block_5/events.out.tfevents.1768387349.master-192-168-8-48.1680.9,mlp.fc2.lora_B,5
1768388804.3801541,2582,80.71875,0.03906618803739548,Grad/mlp.fc2.lora_B,outputs_dev/vitb16/T=vtab_Q=3bit_L=lora_2_qkv-fc1-proj-fc2/cifar/20260114184203_default_acc=53.50/tensorboard/Grad_mlp.fc2.lora_B_block_5/events.out.tfevents.1768387349.master-192-168-8-48.1680.9,mlp.fc2.lora_B,5
1768388804.7884119,2583,80.75,0.018954414874315262,Grad/mlp.fc2.lora_B,outputs_dev/vitb16/T=vtab_Q=3bit_L=lora_2_qkv-fc1-proj-fc2/cifar/20260114184203_default_acc=53.50/tensorboard/Grad_mlp.fc2.lora_B_block_5/events.out.tfevents.1768387349.master-192-168-8-48.1680.9,mlp.fc2.lora_B,5
1768388805.1822991,2584,80.78125,0.015074853785336018,Grad/mlp.fc2.lora_B,outputs_dev/vitb16/T=vtab_Q=3bit_L=lora_2_qkv-fc1-proj-fc2/cifar/20260114184203_default_acc=53.50/tensorboard/Grad_mlp.fc2.lora_B_block_5/events.out.tfevents.1768387349.master-192-168-8-48.1680.9,mlp.fc2.lora_B,5
1768388805.577222,2585,80.8125,0.04206259921193123,Grad/mlp.fc2.lora_B,outputs_dev/vitb16/T=vtab_Q=3bit_L=lora_2_qkv-fc1-proj-fc2/cifar/20260114184203_default_acc=53.50/tensorboard/Grad_mlp.fc2.lora_B_block_5/events.out.tfevents.1768387349.master-192-168-8-48.1680.9,mlp.fc2.lora_B,5
1768388805.9719322,2586,80.84375,0.043851397931575775,Grad/mlp.fc2.lora_B,outputs_dev/vitb16/T=vtab_Q=3bit_L=lora_2_qkv-fc1-proj-fc2/cifar/20260114184203_default_acc=53.50/tensorboard/Grad_mlp.fc2.lora_B_block_5/events.out.tfevents.1768387349.master-192-168-8-48.1680.9,mlp.fc2.lora_B,5
1768388806.3661456,2587,80.875,0.02532937191426754,Grad/mlp.fc2.lora_B,outputs_dev/vitb16/T=vtab_Q=3bit_L=lora_2_qkv-fc1-proj-fc2/cifar/20260114184203_default_acc=53.50/tensorboard/Grad_mlp.fc2.lora_B_block_5/events.out.tfevents.1768387349.master-192-168-8-48.1680.9,mlp.fc2.lora_B,5
1768388806.7609773,2588,80.90625,0.027875792235136032,Grad/mlp.fc2.lora_B,outputs_dev/vitb16/T=vtab_Q=3bit_L=lora_2_qkv-fc1-proj-fc2/cifar/20260114184203_default_acc=53.50/tensorboard/Grad_mlp.fc2.lora_B_block_5/events.out.tfevents.1768387349.master-192-168-8-48.1680.9,mlp.fc2.lora_B,5
1768388807.1567717,2589,80.9375,0.0515732616186142,Grad/mlp.fc2.lora_B,outputs_dev/vitb16/T=vtab_Q=3bit_L=lora_2_qkv-fc1-proj-fc2/cifar/20260114184203_default_acc=53.50/tensorboard/Grad_mlp.fc2.lora_B_block_5/events.out.tfevents.1768387349.master-192-168-8-48.1680.9,mlp.fc2.lora_B,5
1768388807.563062,2590,80.96875,0.23350955545902252,Grad/mlp.fc2.lora_B,outputs_dev/vitb16/T=vtab_Q=3bit_L=lora_2_qkv-fc1-proj-fc2/cifar/20260114184203_default_acc=53.50/tensorboard/Grad_mlp.fc2.lora_B_block_5/events.out.tfevents.1768387349.master-192-168-8-48.1680.9,mlp.fc2.lora_B,5
1768388807.784291,2591,81.0,0.04473965987563133,Grad/mlp.fc2.lora_B,outputs_dev/vitb16/T=vtab_Q=3bit_L=lora_2_qkv-fc1-proj-fc2/cifar/20260114184203_default_acc=53.50/tensorboard/Grad_mlp.fc2.lora_B_block_5/events.out.tfevents.1768387349.master-192-168-8-48.1680.9,mlp.fc2.lora_B,5
1768388843.769286,2592,81.03125,0.01921961084008217,Grad/mlp.fc2.lora_B,outputs_dev/vitb16/T=vtab_Q=3bit_L=lora_2_qkv-fc1-proj-fc2/cifar/20260114184203_default_acc=53.50/tensorboard/Grad_mlp.fc2.lora_B_block_5/events.out.tfevents.1768387349.master-192-168-8-48.1680.9,mlp.fc2.lora_B,5
1768388844.181846,2593,81.0625,0.03932928293943405,Grad/mlp.fc2.lora_B,outputs_dev/vitb16/T=vtab_Q=3bit_L=lora_2_qkv-fc1-proj-fc2/cifar/20260114184203_default_acc=53.50/tensorboard/Grad_mlp.fc2.lora_B_block_5/events.out.tfevents.1768387349.master-192-168-8-48.1680.9,mlp.fc2.lora_B,5
1768388844.5804436,2594,81.09375,0.18933191895484924,Grad/mlp.fc2.lora_B,outputs_dev/vitb16/T=vtab_Q=3bit_L=lora_2_qkv-fc1-proj-fc2/cifar/20260114184203_default_acc=53.50/tensorboard/Grad_mlp.fc2.lora_B_block_5/events.out.tfevents.1768387349.master-192-168-8-48.1680.9,mlp.fc2.lora_B,5
1768388845.0068598,2595,81.125,0.023158753290772438,Grad/mlp.fc2.lora_B,outputs_dev/vitb16/T=vtab_Q=3bit_L=lora_2_qkv-fc1-proj-fc2/cifar/20260114184203_default_acc=53.50/tensorboard/Grad_mlp.fc2.lora_B_block_5/events.out.tfevents.1768387349.master-192-168-8-48.1680.9,mlp.fc2.lora_B,5
1768388845.4053314,2596,81.15625,0.020566808059811592,Grad/mlp.fc2.lora_B,outputs_dev/vitb16/T=vtab_Q=3bit_L=lora_2_qkv-fc1-proj-fc2/cifar/20260114184203_default_acc=53.50/tensorboard/Grad_mlp.fc2.lora_B_block_5/events.out.tfevents.1768387349.master-192-168-8-48.1680.9,mlp.fc2.lora_B,5
1768388845.8182845,2597,81.1875,0.08223498612642288,Grad/mlp.fc2.lora_B,outputs_dev/vitb16/T=vtab_Q=3bit_L=lora_2_qkv-fc1-proj-fc2/cifar/20260114184203_default_acc=53.50/tensorboard/Grad_mlp.fc2.lora_B_block_5/events.out.tfevents.1768387349.master-192-168-8-48.1680.9,mlp.fc2.lora_B,5
1768388846.2400444,2598,81.21875,0.017156358808279037,Grad/mlp.fc2.lora_B,outputs_dev/vitb16/T=vtab_Q=3bit_L=lora_2_qkv-fc1-proj-fc2/cifar/20260114184203_default_acc=53.50/tensorboard/Grad_mlp.fc2.lora_B_block_5/events.out.tfevents.1768387349.master-192-168-8-48.1680.9,mlp.fc2.lora_B,5
1768388846.7665715,2599,81.25,0.02818632498383522,Grad/mlp.fc2.lora_B,outputs_dev/vitb16/T=vtab_Q=3bit_L=lora_2_qkv-fc1-proj-fc2/cifar/20260114184203_default_acc=53.50/tensorboard/Grad_mlp.fc2.lora_B_block_5/events.out.tfevents.1768387349.master-192-168-8-48.1680.9,mlp.fc2.lora_B,5
1768388847.2682612,2600,81.28125,0.07897593080997467,Grad/mlp.fc2.lora_B,outputs_dev/vitb16/T=vtab_Q=3bit_L=lora_2_qkv-fc1-proj-fc2/cifar/20260114184203_default_acc=53.50/tensorboard/Grad_mlp.fc2.lora_B_block_5/events.out.tfevents.1768387349.master-192-168-8-48.1680.9,mlp.fc2.lora_B,5
1768388847.80982,2601,81.3125,0.027275308966636658,Grad/mlp.fc2.lora_B,outputs_dev/vitb16/T=vtab_Q=3bit_L=lora_2_qkv-fc1-proj-fc2/cifar/20260114184203_default_acc=53.50/tensorboard/Grad_mlp.fc2.lora_B_block_5/events.out.tfevents.1768387349.master-192-168-8-48.1680.9,mlp.fc2.lora_B,5
1768388848.3503428,2602,81.34375,0.01641828939318657,Grad/mlp.fc2.lora_B,outputs_dev/vitb16/T=vtab_Q=3bit_L=lora_2_qkv-fc1-proj-fc2/cifar/20260114184203_default_acc=53.50/tensorboard/Grad_mlp.fc2.lora_B_block_5/events.out.tfevents.1768387349.master-192-168-8-48.1680.9,mlp.fc2.lora_B,5
1768388848.8809288,2603,81.375,0.04422355443239212,Grad/mlp.fc2.lora_B,outputs_dev/vitb16/T=vtab_Q=3bit_L=lora_2_qkv-fc1-proj-fc2/cifar/20260114184203_default_acc=53.50/tensorboard/Grad_mlp.fc2.lora_B_block_5/events.out.tfevents.1768387349.master-192-168-8-48.1680.9,mlp.fc2.lora_B,5
1768388849.4307497,2604,81.40625,0.02383783832192421,Grad/mlp.fc2.lora_B,outputs_dev/vitb16/T=vtab_Q=3bit_L=lora_2_qkv-fc1-proj-fc2/cifar/20260114184203_default_acc=53.50/tensorboard/Grad_mlp.fc2.lora_B_block_5/events.out.tfevents.1768387349.master-192-168-8-48.1680.9,mlp.fc2.lora_B,5
1768388849.9048464,2605,81.4375,0.03947339579463005,Grad/mlp.fc2.lora_B,outputs_dev/vitb16/T=vtab_Q=3bit_L=lora_2_qkv-fc1-proj-fc2/cifar/20260114184203_default_acc=53.50/tensorboard/Grad_mlp.fc2.lora_B_block_5/events.out.tfevents.1768387349.master-192-168-8-48.1680.9,mlp.fc2.lora_B,5
1768388850.3017957,2606,81.46875,0.016009265556931496,Grad/mlp.fc2.lora_B,outputs_dev/vitb16/T=vtab_Q=3bit_L=lora_2_qkv-fc1-proj-fc2/cifar/20260114184203_default_acc=53.50/tensorboard/Grad_mlp.fc2.lora_B_block_5/events.out.tfevents.1768387349.master-192-168-8-48.1680.9,mlp.fc2.lora_B,5
1768388850.6974692,2607,81.5,0.034839753061532974,Grad/mlp.fc2.lora_B,outputs_dev/vitb16/T=vtab_Q=3bit_L=lora_2_qkv-fc1-proj-fc2/cifar/20260114184203_default_acc=53.50/tensorboard/Grad_mlp.fc2.lora_B_block_5/events.out.tfevents.1768387349.master-192-168-8-48.1680.9,mlp.fc2.lora_B,5
1768388851.0949914,2608,81.53125,0.013236136175692081,Grad/mlp.fc2.lora_B,outputs_dev/vitb16/T=vtab_Q=3bit_L=lora_2_qkv-fc1-proj-fc2/cifar/20260114184203_default_acc=53.50/tensorboard/Grad_mlp.fc2.lora_B_block_5/events.out.tfevents.1768387349.master-192-168-8-48.1680.9,mlp.fc2.lora_B,5
1768388851.493999,2609,81.5625,0.1878442019224167,Grad/mlp.fc2.lora_B,outputs_dev/vitb16/T=vtab_Q=3bit_L=lora_2_qkv-fc1-proj-fc2/cifar/20260114184203_default_acc=53.50/tensorboard/Grad_mlp.fc2.lora_B_block_5/events.out.tfevents.1768387349.master-192-168-8-48.1680.9,mlp.fc2.lora_B,5
1768388851.8910341,2610,81.59375,0.029650425538420677,Grad/mlp.fc2.lora_B,outputs_dev/vitb16/T=vtab_Q=3bit_L=lora_2_qkv-fc1-proj-fc2/cifar/20260114184203_default_acc=53.50/tensorboard/Grad_mlp.fc2.lora_B_block_5/events.out.tfevents.1768387349.master-192-168-8-48.1680.9,mlp.fc2.lora_B,5
1768388852.3111842,2611,81.625,0.014601223170757294,Grad/mlp.fc2.lora_B,outputs_dev/vitb16/T=vtab_Q=3bit_L=lora_2_qkv-fc1-proj-fc2/cifar/20260114184203_default_acc=53.50/tensorboard/Grad_mlp.fc2.lora_B_block_5/events.out.tfevents.1768387349.master-192-168-8-48.1680.9,mlp.fc2.lora_B,5
1768388852.7142022,2612,81.65625,0.09011277556419373,Grad/mlp.fc2.lora_B,outputs_dev/vitb16/T=vtab_Q=3bit_L=lora_2_qkv-fc1-proj-fc2/cifar/20260114184203_default_acc=53.50/tensorboard/Grad_mlp.fc2.lora_B_block_5/events.out.tfevents.1768387349.master-192-168-8-48.1680.9,mlp.fc2.lora_B,5
1768388853.1098351,2613,81.6875,0.0446433462202549,Grad/mlp.fc2.lora_B,outputs_dev/vitb16/T=vtab_Q=3bit_L=lora_2_qkv-fc1-proj-fc2/cifar/20260114184203_default_acc=53.50/tensorboard/Grad_mlp.fc2.lora_B_block_5/events.out.tfevents.1768387349.master-192-168-8-48.1680.9,mlp.fc2.lora_B,5
1768388853.5055454,2614,81.71875,0.023831326514482498,Grad/mlp.fc2.lora_B,outputs_dev/vitb16/T=vtab_Q=3bit_L=lora_2_qkv-fc1-proj-fc2/cifar/20260114184203_default_acc=53.50/tensorboard/Grad_mlp.fc2.lora_B_block_5/events.out.tfevents.1768387349.master-192-168-8-48.1680.9,mlp.fc2.lora_B,5
1768388853.899542,2615,81.75,0.03739875927567482,Grad/mlp.fc2.lora_B,outputs_dev/vitb16/T=vtab_Q=3bit_L=lora_2_qkv-fc1-proj-fc2/cifar/20260114184203_default_acc=53.50/tensorboard/Grad_mlp.fc2.lora_B_block_5/events.out.tfevents.1768387349.master-192-168-8-48.1680.9,mlp.fc2.lora_B,5
1768388854.2973437,2616,81.78125,0.02179929055273533,Grad/mlp.fc2.lora_B,outputs_dev/vitb16/T=vtab_Q=3bit_L=lora_2_qkv-fc1-proj-fc2/cifar/20260114184203_default_acc=53.50/tensorboard/Grad_mlp.fc2.lora_B_block_5/events.out.tfevents.1768387349.master-192-168-8-48.1680.9,mlp.fc2.lora_B,5
1768388854.6961393,2617,81.8125,0.03144564852118492,Grad/mlp.fc2.lora_B,outputs_dev/vitb16/T=vtab_Q=3bit_L=lora_2_qkv-fc1-proj-fc2/cifar/20260114184203_default_acc=53.50/tensorboard/Grad_mlp.fc2.lora_B_block_5/events.out.tfevents.1768387349.master-192-168-8-48.1680.9,mlp.fc2.lora_B,5
1768388855.0937526,2618,81.84375,0.04497033730149269,Grad/mlp.fc2.lora_B,outputs_dev/vitb16/T=vtab_Q=3bit_L=lora_2_qkv-fc1-proj-fc2/cifar/20260114184203_default_acc=53.50/tensorboard/Grad_mlp.fc2.lora_B_block_5/events.out.tfevents.1768387349.master-192-168-8-48.1680.9,mlp.fc2.lora_B,5
1768388855.5575728,2619,81.875,0.016017235815525055,Grad/mlp.fc2.lora_B,outputs_dev/vitb16/T=vtab_Q=3bit_L=lora_2_qkv-fc1-proj-fc2/cifar/20260114184203_default_acc=53.50/tensorboard/Grad_mlp.fc2.lora_B_block_5/events.out.tfevents.1768387349.master-192-168-8-48.1680.9,mlp.fc2.lora_B,5
1768388856.1154077,2620,81.90625,0.10235825181007385,Grad/mlp.fc2.lora_B,outputs_dev/vitb16/T=vtab_Q=3bit_L=lora_2_qkv-fc1-proj-fc2/cifar/20260114184203_default_acc=53.50/tensorboard/Grad_mlp.fc2.lora_B_block_5/events.out.tfevents.1768387349.master-192-168-8-48.1680.9,mlp.fc2.lora_B,5
1768388856.6735647,2621,81.9375,0.01810329221189022,Grad/mlp.fc2.lora_B,outputs_dev/vitb16/T=vtab_Q=3bit_L=lora_2_qkv-fc1-proj-fc2/cifar/20260114184203_default_acc=53.50/tensorboard/Grad_mlp.fc2.lora_B_block_5/events.out.tfevents.1768387349.master-192-168-8-48.1680.9,mlp.fc2.lora_B,5
1768388857.2253425,2622,81.96875,0.015201374888420105,Grad/mlp.fc2.lora_B,outputs_dev/vitb16/T=vtab_Q=3bit_L=lora_2_qkv-fc1-proj-fc2/cifar/20260114184203_default_acc=53.50/tensorboard/Grad_mlp.fc2.lora_B_block_5/events.out.tfevents.1768387349.master-192-168-8-48.1680.9,mlp.fc2.lora_B,5
1768388857.6741464,2623,82.0,0.011752801015973091,Grad/mlp.fc2.lora_B,outputs_dev/vitb16/T=vtab_Q=3bit_L=lora_2_qkv-fc1-proj-fc2/cifar/20260114184203_default_acc=53.50/tensorboard/Grad_mlp.fc2.lora_B_block_5/events.out.tfevents.1768387349.master-192-168-8-48.1680.9,mlp.fc2.lora_B,5
1768388858.617428,2624,82.03125,0.023823030292987823,Grad/mlp.fc2.lora_B,outputs_dev/vitb16/T=vtab_Q=3bit_L=lora_2_qkv-fc1-proj-fc2/cifar/20260114184203_default_acc=53.50/tensorboard/Grad_mlp.fc2.lora_B_block_5/events.out.tfevents.1768387349.master-192-168-8-48.1680.9,mlp.fc2.lora_B,5
1768388859.0168881,2625,82.0625,0.03471902385354042,Grad/mlp.fc2.lora_B,outputs_dev/vitb16/T=vtab_Q=3bit_L=lora_2_qkv-fc1-proj-fc2/cifar/20260114184203_default_acc=53.50/tensorboard/Grad_mlp.fc2.lora_B_block_5/events.out.tfevents.1768387349.master-192-168-8-48.1680.9,mlp.fc2.lora_B,5
1768388859.4143202,2626,82.09375,0.01573772542178631,Grad/mlp.fc2.lora_B,outputs_dev/vitb16/T=vtab_Q=3bit_L=lora_2_qkv-fc1-proj-fc2/cifar/20260114184203_default_acc=53.50/tensorboard/Grad_mlp.fc2.lora_B_block_5/events.out.tfevents.1768387349.master-192-168-8-48.1680.9,mlp.fc2.lora_B,5
1768388859.812402,2627,82.125,0.04709206521511078,Grad/mlp.fc2.lora_B,outputs_dev/vitb16/T=vtab_Q=3bit_L=lora_2_qkv-fc1-proj-fc2/cifar/20260114184203_default_acc=53.50/tensorboard/Grad_mlp.fc2.lora_B_block_5/events.out.tfevents.1768387349.master-192-168-8-48.1680.9,mlp.fc2.lora_B,5
1768388860.2068174,2628,82.15625,0.01850423403084278,Grad/mlp.fc2.lora_B,outputs_dev/vitb16/T=vtab_Q=3bit_L=lora_2_qkv-fc1-proj-fc2/cifar/20260114184203_default_acc=53.50/tensorboard/Grad_mlp.fc2.lora_B_block_5/events.out.tfevents.1768387349.master-192-168-8-48.1680.9,mlp.fc2.lora_B,5
1768388860.612592,2629,82.1875,0.07882717251777649,Grad/mlp.fc2.lora_B,outputs_dev/vitb16/T=vtab_Q=3bit_L=lora_2_qkv-fc1-proj-fc2/cifar/20260114184203_default_acc=53.50/tensorboard/Grad_mlp.fc2.lora_B_block_5/events.out.tfevents.1768387349.master-192-168-8-48.1680.9,mlp.fc2.lora_B,5
1768388861.025963,2630,82.21875,0.026534423232078552,Grad/mlp.fc2.lora_B,outputs_dev/vitb16/T=vtab_Q=3bit_L=lora_2_qkv-fc1-proj-fc2/cifar/20260114184203_default_acc=53.50/tensorboard/Grad_mlp.fc2.lora_B_block_5/events.out.tfevents.1768387349.master-192-168-8-48.1680.9,mlp.fc2.lora_B,5
1768388861.4353697,2631,82.25,0.03738046810030937,Grad/mlp.fc2.lora_B,outputs_dev/vitb16/T=vtab_Q=3bit_L=lora_2_qkv-fc1-proj-fc2/cifar/20260114184203_default_acc=53.50/tensorboard/Grad_mlp.fc2.lora_B_block_5/events.out.tfevents.1768387349.master-192-168-8-48.1680.9,mlp.fc2.lora_B,5
1768388861.8303616,2632,82.28125,0.01835709623992443,Grad/mlp.fc2.lora_B,outputs_dev/vitb16/T=vtab_Q=3bit_L=lora_2_qkv-fc1-proj-fc2/cifar/20260114184203_default_acc=53.50/tensorboard/Grad_mlp.fc2.lora_B_block_5/events.out.tfevents.1768387349.master-192-168-8-48.1680.9,mlp.fc2.lora_B,5
1768388862.2242568,2633,82.3125,0.03375009074807167,Grad/mlp.fc2.lora_B,outputs_dev/vitb16/T=vtab_Q=3bit_L=lora_2_qkv-fc1-proj-fc2/cifar/20260114184203_default_acc=53.50/tensorboard/Grad_mlp.fc2.lora_B_block_5/events.out.tfevents.1768387349.master-192-168-8-48.1680.9,mlp.fc2.lora_B,5
1768388862.6161358,2634,82.34375,0.0736212357878685,Grad/mlp.fc2.lora_B,outputs_dev/vitb16/T=vtab_Q=3bit_L=lora_2_qkv-fc1-proj-fc2/cifar/20260114184203_default_acc=53.50/tensorboard/Grad_mlp.fc2.lora_B_block_5/events.out.tfevents.1768387349.master-192-168-8-48.1680.9,mlp.fc2.lora_B,5
1768388863.0093465,2635,82.375,0.10626727342605591,Grad/mlp.fc2.lora_B,outputs_dev/vitb16/T=vtab_Q=3bit_L=lora_2_qkv-fc1-proj-fc2/cifar/20260114184203_default_acc=53.50/tensorboard/Grad_mlp.fc2.lora_B_block_5/events.out.tfevents.1768387349.master-192-168-8-48.1680.9,mlp.fc2.lora_B,5
1768388863.398079,2636,82.40625,0.025377057492733,Grad/mlp.fc2.lora_B,outputs_dev/vitb16/T=vtab_Q=3bit_L=lora_2_qkv-fc1-proj-fc2/cifar/20260114184203_default_acc=53.50/tensorboard/Grad_mlp.fc2.lora_B_block_5/events.out.tfevents.1768387349.master-192-168-8-48.1680.9,mlp.fc2.lora_B,5
1768388863.7905877,2637,82.4375,0.03154982253909111,Grad/mlp.fc2.lora_B,outputs_dev/vitb16/T=vtab_Q=3bit_L=lora_2_qkv-fc1-proj-fc2/cifar/20260114184203_default_acc=53.50/tensorboard/Grad_mlp.fc2.lora_B_block_5/events.out.tfevents.1768387349.master-192-168-8-48.1680.9,mlp.fc2.lora_B,5
1768388864.1750271,2638,82.46875,0.037406858056783676,Grad/mlp.fc2.lora_B,outputs_dev/vitb16/T=vtab_Q=3bit_L=lora_2_qkv-fc1-proj-fc2/cifar/20260114184203_default_acc=53.50/tensorboard/Grad_mlp.fc2.lora_B_block_5/events.out.tfevents.1768387349.master-192-168-8-48.1680.9,mlp.fc2.lora_B,5
1768388864.5688283,2639,82.5,0.10271294414997101,Grad/mlp.fc2.lora_B,outputs_dev/vitb16/T=vtab_Q=3bit_L=lora_2_qkv-fc1-proj-fc2/cifar/20260114184203_default_acc=53.50/tensorboard/Grad_mlp.fc2.lora_B_block_5/events.out.tfevents.1768387349.master-192-168-8-48.1680.9,mlp.fc2.lora_B,5
1768388864.9628704,2640,82.53125,0.03429644554853439,Grad/mlp.fc2.lora_B,outputs_dev/vitb16/T=vtab_Q=3bit_L=lora_2_qkv-fc1-proj-fc2/cifar/20260114184203_default_acc=53.50/tensorboard/Grad_mlp.fc2.lora_B_block_5/events.out.tfevents.1768387349.master-192-168-8-48.1680.9,mlp.fc2.lora_B,5
1768388865.3550558,2641,82.5625,0.013147748075425625,Grad/mlp.fc2.lora_B,outputs_dev/vitb16/T=vtab_Q=3bit_L=lora_2_qkv-fc1-proj-fc2/cifar/20260114184203_default_acc=53.50/tensorboard/Grad_mlp.fc2.lora_B_block_5/events.out.tfevents.1768387349.master-192-168-8-48.1680.9,mlp.fc2.lora_B,5
1768388865.7451215,2642,82.59375,0.03814816474914551,Grad/mlp.fc2.lora_B,outputs_dev/vitb16/T=vtab_Q=3bit_L=lora_2_qkv-fc1-proj-fc2/cifar/20260114184203_default_acc=53.50/tensorboard/Grad_mlp.fc2.lora_B_block_5/events.out.tfevents.1768387349.master-192-168-8-48.1680.9,mlp.fc2.lora_B,5
1768388866.1372068,2643,82.625,0.017592139542102814,Grad/mlp.fc2.lora_B,outputs_dev/vitb16/T=vtab_Q=3bit_L=lora_2_qkv-fc1-proj-fc2/cifar/20260114184203_default_acc=53.50/tensorboard/Grad_mlp.fc2.lora_B_block_5/events.out.tfevents.1768387349.master-192-168-8-48.1680.9,mlp.fc2.lora_B,5
1768388866.517931,2644,82.65625,0.05013935640454292,Grad/mlp.fc2.lora_B,outputs_dev/vitb16/T=vtab_Q=3bit_L=lora_2_qkv-fc1-proj-fc2/cifar/20260114184203_default_acc=53.50/tensorboard/Grad_mlp.fc2.lora_B_block_5/events.out.tfevents.1768387349.master-192-168-8-48.1680.9,mlp.fc2.lora_B,5
1768388866.958224,2645,82.6875,0.08294830471277237,Grad/mlp.fc2.lora_B,outputs_dev/vitb16/T=vtab_Q=3bit_L=lora_2_qkv-fc1-proj-fc2/cifar/20260114184203_default_acc=53.50/tensorboard/Grad_mlp.fc2.lora_B_block_5/events.out.tfevents.1768387349.master-192-168-8-48.1680.9,mlp.fc2.lora_B,5
1768388867.3532698,2646,82.71875,0.012072616256773472,Grad/mlp.fc2.lora_B,outputs_dev/vitb16/T=vtab_Q=3bit_L=lora_2_qkv-fc1-proj-fc2/cifar/20260114184203_default_acc=53.50/tensorboard/Grad_mlp.fc2.lora_B_block_5/events.out.tfevents.1768387349.master-192-168-8-48.1680.9,mlp.fc2.lora_B,5
1768388867.7447622,2647,82.75,0.01743912510573864,Grad/mlp.fc2.lora_B,outputs_dev/vitb16/T=vtab_Q=3bit_L=lora_2_qkv-fc1-proj-fc2/cifar/20260114184203_default_acc=53.50/tensorboard/Grad_mlp.fc2.lora_B_block_5/events.out.tfevents.1768387349.master-192-168-8-48.1680.9,mlp.fc2.lora_B,5
1768388868.1272795,2648,82.78125,0.09971490502357483,Grad/mlp.fc2.lora_B,outputs_dev/vitb16/T=vtab_Q=3bit_L=lora_2_qkv-fc1-proj-fc2/cifar/20260114184203_default_acc=53.50/tensorboard/Grad_mlp.fc2.lora_B_block_5/events.out.tfevents.1768387349.master-192-168-8-48.1680.9,mlp.fc2.lora_B,5
1768388868.5045378,2649,82.8125,0.02613660879433155,Grad/mlp.fc2.lora_B,outputs_dev/vitb16/T=vtab_Q=3bit_L=lora_2_qkv-fc1-proj-fc2/cifar/20260114184203_default_acc=53.50/tensorboard/Grad_mlp.fc2.lora_B_block_5/events.out.tfevents.1768387349.master-192-168-8-48.1680.9,mlp.fc2.lora_B,5
1768388868.9147809,2650,82.84375,0.022538766264915466,Grad/mlp.fc2.lora_B,outputs_dev/vitb16/T=vtab_Q=3bit_L=lora_2_qkv-fc1-proj-fc2/cifar/20260114184203_default_acc=53.50/tensorboard/Grad_mlp.fc2.lora_B_block_5/events.out.tfevents.1768387349.master-192-168-8-48.1680.9,mlp.fc2.lora_B,5
1768388869.3205674,2651,82.875,0.039863597601652145,Grad/mlp.fc2.lora_B,outputs_dev/vitb16/T=vtab_Q=3bit_L=lora_2_qkv-fc1-proj-fc2/cifar/20260114184203_default_acc=53.50/tensorboard/Grad_mlp.fc2.lora_B_block_5/events.out.tfevents.1768387349.master-192-168-8-48.1680.9,mlp.fc2.lora_B,5
1768388869.7058203,2652,82.90625,0.022470345720648766,Grad/mlp.fc2.lora_B,outputs_dev/vitb16/T=vtab_Q=3bit_L=lora_2_qkv-fc1-proj-fc2/cifar/20260114184203_default_acc=53.50/tensorboard/Grad_mlp.fc2.lora_B_block_5/events.out.tfevents.1768387349.master-192-168-8-48.1680.9,mlp.fc2.lora_B,5
1768388870.089057,2653,82.9375,0.014737342484295368,Grad/mlp.fc2.lora_B,outputs_dev/vitb16/T=vtab_Q=3bit_L=lora_2_qkv-fc1-proj-fc2/cifar/20260114184203_default_acc=53.50/tensorboard/Grad_mlp.fc2.lora_B_block_5/events.out.tfevents.1768387349.master-192-168-8-48.1680.9,mlp.fc2.lora_B,5
1768388870.472303,2654,82.96875,0.02377351000905037,Grad/mlp.fc2.lora_B,outputs_dev/vitb16/T=vtab_Q=3bit_L=lora_2_qkv-fc1-proj-fc2/cifar/20260114184203_default_acc=53.50/tensorboard/Grad_mlp.fc2.lora_B_block_5/events.out.tfevents.1768387349.master-192-168-8-48.1680.9,mlp.fc2.lora_B,5
1768388870.6674929,2655,83.0,0.020566528663039207,Grad/mlp.fc2.lora_B,outputs_dev/vitb16/T=vtab_Q=3bit_L=lora_2_qkv-fc1-proj-fc2/cifar/20260114184203_default_acc=53.50/tensorboard/Grad_mlp.fc2.lora_B_block_5/events.out.tfevents.1768387349.master-192-168-8-48.1680.9,mlp.fc2.lora_B,5
1768388871.4460995,2656,83.03125,0.022292817011475563,Grad/mlp.fc2.lora_B,outputs_dev/vitb16/T=vtab_Q=3bit_L=lora_2_qkv-fc1-proj-fc2/cifar/20260114184203_default_acc=53.50/tensorboard/Grad_mlp.fc2.lora_B_block_5/events.out.tfevents.1768387349.master-192-168-8-48.1680.9,mlp.fc2.lora_B,5
1768388871.846996,2657,83.0625,0.024268442764878273,Grad/mlp.fc2.lora_B,outputs_dev/vitb16/T=vtab_Q=3bit_L=lora_2_qkv-fc1-proj-fc2/cifar/20260114184203_default_acc=53.50/tensorboard/Grad_mlp.fc2.lora_B_block_5/events.out.tfevents.1768387349.master-192-168-8-48.1680.9,mlp.fc2.lora_B,5
1768388872.2422097,2658,83.09375,0.024944767355918884,Grad/mlp.fc2.lora_B,outputs_dev/vitb16/T=vtab_Q=3bit_L=lora_2_qkv-fc1-proj-fc2/cifar/20260114184203_default_acc=53.50/tensorboard/Grad_mlp.fc2.lora_B_block_5/events.out.tfevents.1768387349.master-192-168-8-48.1680.9,mlp.fc2.lora_B,5
1768388872.63444,2659,83.125,0.021945426240563393,Grad/mlp.fc2.lora_B,outputs_dev/vitb16/T=vtab_Q=3bit_L=lora_2_qkv-fc1-proj-fc2/cifar/20260114184203_default_acc=53.50/tensorboard/Grad_mlp.fc2.lora_B_block_5/events.out.tfevents.1768387349.master-192-168-8-48.1680.9,mlp.fc2.lora_B,5
1768388873.0303931,2660,83.15625,0.02253742329776287,Grad/mlp.fc2.lora_B,outputs_dev/vitb16/T=vtab_Q=3bit_L=lora_2_qkv-fc1-proj-fc2/cifar/20260114184203_default_acc=53.50/tensorboard/Grad_mlp.fc2.lora_B_block_5/events.out.tfevents.1768387349.master-192-168-8-48.1680.9,mlp.fc2.lora_B,5
1768388873.4257245,2661,83.1875,0.022581860423088074,Grad/mlp.fc2.lora_B,outputs_dev/vitb16/T=vtab_Q=3bit_L=lora_2_qkv-fc1-proj-fc2/cifar/20260114184203_default_acc=53.50/tensorboard/Grad_mlp.fc2.lora_B_block_5/events.out.tfevents.1768387349.master-192-168-8-48.1680.9,mlp.fc2.lora_B,5
1768388873.821456,2662,83.21875,0.036712855100631714,Grad/mlp.fc2.lora_B,outputs_dev/vitb16/T=vtab_Q=3bit_L=lora_2_qkv-fc1-proj-fc2/cifar/20260114184203_default_acc=53.50/tensorboard/Grad_mlp.fc2.lora_B_block_5/events.out.tfevents.1768387349.master-192-168-8-48.1680.9,mlp.fc2.lora_B,5
1768388874.2176504,2663,83.25,0.009872558526694775,Grad/mlp.fc2.lora_B,outputs_dev/vitb16/T=vtab_Q=3bit_L=lora_2_qkv-fc1-proj-fc2/cifar/20260114184203_default_acc=53.50/tensorboard/Grad_mlp.fc2.lora_B_block_5/events.out.tfevents.1768387349.master-192-168-8-48.1680.9,mlp.fc2.lora_B,5
1768388874.626495,2664,83.28125,0.011552207171916962,Grad/mlp.fc2.lora_B,outputs_dev/vitb16/T=vtab_Q=3bit_L=lora_2_qkv-fc1-proj-fc2/cifar/20260114184203_default_acc=53.50/tensorboard/Grad_mlp.fc2.lora_B_block_5/events.out.tfevents.1768387349.master-192-168-8-48.1680.9,mlp.fc2.lora_B,5
1768388875.0290487,2665,83.3125,0.07626979798078537,Grad/mlp.fc2.lora_B,outputs_dev/vitb16/T=vtab_Q=3bit_L=lora_2_qkv-fc1-proj-fc2/cifar/20260114184203_default_acc=53.50/tensorboard/Grad_mlp.fc2.lora_B_block_5/events.out.tfevents.1768387349.master-192-168-8-48.1680.9,mlp.fc2.lora_B,5
1768388875.4432874,2666,83.34375,0.04242929071187973,Grad/mlp.fc2.lora_B,outputs_dev/vitb16/T=vtab_Q=3bit_L=lora_2_qkv-fc1-proj-fc2/cifar/20260114184203_default_acc=53.50/tensorboard/Grad_mlp.fc2.lora_B_block_5/events.out.tfevents.1768387349.master-192-168-8-48.1680.9,mlp.fc2.lora_B,5
1768388875.8390734,2667,83.375,0.018622707575559616,Grad/mlp.fc2.lora_B,outputs_dev/vitb16/T=vtab_Q=3bit_L=lora_2_qkv-fc1-proj-fc2/cifar/20260114184203_default_acc=53.50/tensorboard/Grad_mlp.fc2.lora_B_block_5/events.out.tfevents.1768387349.master-192-168-8-48.1680.9,mlp.fc2.lora_B,5
1768388876.2499452,2668,83.40625,0.11650187522172928,Grad/mlp.fc2.lora_B,outputs_dev/vitb16/T=vtab_Q=3bit_L=lora_2_qkv-fc1-proj-fc2/cifar/20260114184203_default_acc=53.50/tensorboard/Grad_mlp.fc2.lora_B_block_5/events.out.tfevents.1768387349.master-192-168-8-48.1680.9,mlp.fc2.lora_B,5
1768388876.6418662,2669,83.4375,0.031231112778186798,Grad/mlp.fc2.lora_B,outputs_dev/vitb16/T=vtab_Q=3bit_L=lora_2_qkv-fc1-proj-fc2/cifar/20260114184203_default_acc=53.50/tensorboard/Grad_mlp.fc2.lora_B_block_5/events.out.tfevents.1768387349.master-192-168-8-48.1680.9,mlp.fc2.lora_B,5
1768388877.0553858,2670,83.46875,0.02191430702805519,Grad/mlp.fc2.lora_B,outputs_dev/vitb16/T=vtab_Q=3bit_L=lora_2_qkv-fc1-proj-fc2/cifar/20260114184203_default_acc=53.50/tensorboard/Grad_mlp.fc2.lora_B_block_5/events.out.tfevents.1768387349.master-192-168-8-48.1680.9,mlp.fc2.lora_B,5
1768388877.532355,2671,83.5,0.050377409905195236,Grad/mlp.fc2.lora_B,outputs_dev/vitb16/T=vtab_Q=3bit_L=lora_2_qkv-fc1-proj-fc2/cifar/20260114184203_default_acc=53.50/tensorboard/Grad_mlp.fc2.lora_B_block_5/events.out.tfevents.1768387349.master-192-168-8-48.1680.9,mlp.fc2.lora_B,5
1768388878.0655243,2672,83.53125,0.02891715243458748,Grad/mlp.fc2.lora_B,outputs_dev/vitb16/T=vtab_Q=3bit_L=lora_2_qkv-fc1-proj-fc2/cifar/20260114184203_default_acc=53.50/tensorboard/Grad_mlp.fc2.lora_B_block_5/events.out.tfevents.1768387349.master-192-168-8-48.1680.9,mlp.fc2.lora_B,5
1768388878.4568408,2673,83.5625,0.07140988856554031,Grad/mlp.fc2.lora_B,outputs_dev/vitb16/T=vtab_Q=3bit_L=lora_2_qkv-fc1-proj-fc2/cifar/20260114184203_default_acc=53.50/tensorboard/Grad_mlp.fc2.lora_B_block_5/events.out.tfevents.1768387349.master-192-168-8-48.1680.9,mlp.fc2.lora_B,5
1768388878.8619075,2674,83.59375,0.06654010713100433,Grad/mlp.fc2.lora_B,outputs_dev/vitb16/T=vtab_Q=3bit_L=lora_2_qkv-fc1-proj-fc2/cifar/20260114184203_default_acc=53.50/tensorboard/Grad_mlp.fc2.lora_B_block_5/events.out.tfevents.1768387349.master-192-168-8-48.1680.9,mlp.fc2.lora_B,5
1768388879.2549405,2675,83.625,0.06342260539531708,Grad/mlp.fc2.lora_B,outputs_dev/vitb16/T=vtab_Q=3bit_L=lora_2_qkv-fc1-proj-fc2/cifar/20260114184203_default_acc=53.50/tensorboard/Grad_mlp.fc2.lora_B_block_5/events.out.tfevents.1768387349.master-192-168-8-48.1680.9,mlp.fc2.lora_B,5
1768388879.6472938,2676,83.65625,0.0163533017039299,Grad/mlp.fc2.lora_B,outputs_dev/vitb16/T=vtab_Q=3bit_L=lora_2_qkv-fc1-proj-fc2/cifar/20260114184203_default_acc=53.50/tensorboard/Grad_mlp.fc2.lora_B_block_5/events.out.tfevents.1768387349.master-192-168-8-48.1680.9,mlp.fc2.lora_B,5
1768388880.0423398,2677,83.6875,0.08215704560279846,Grad/mlp.fc2.lora_B,outputs_dev/vitb16/T=vtab_Q=3bit_L=lora_2_qkv-fc1-proj-fc2/cifar/20260114184203_default_acc=53.50/tensorboard/Grad_mlp.fc2.lora_B_block_5/events.out.tfevents.1768387349.master-192-168-8-48.1680.9,mlp.fc2.lora_B,5
1768388880.4325397,2678,83.71875,0.07544627040624619,Grad/mlp.fc2.lora_B,outputs_dev/vitb16/T=vtab_Q=3bit_L=lora_2_qkv-fc1-proj-fc2/cifar/20260114184203_default_acc=53.50/tensorboard/Grad_mlp.fc2.lora_B_block_5/events.out.tfevents.1768387349.master-192-168-8-48.1680.9,mlp.fc2.lora_B,5
1768388880.828073,2679,83.75,0.020375918596982956,Grad/mlp.fc2.lora_B,outputs_dev/vitb16/T=vtab_Q=3bit_L=lora_2_qkv-fc1-proj-fc2/cifar/20260114184203_default_acc=53.50/tensorboard/Grad_mlp.fc2.lora_B_block_5/events.out.tfevents.1768387349.master-192-168-8-48.1680.9,mlp.fc2.lora_B,5
1768388881.2230093,2680,83.78125,0.01656363345682621,Grad/mlp.fc2.lora_B,outputs_dev/vitb16/T=vtab_Q=3bit_L=lora_2_qkv-fc1-proj-fc2/cifar/20260114184203_default_acc=53.50/tensorboard/Grad_mlp.fc2.lora_B_block_5/events.out.tfevents.1768387349.master-192-168-8-48.1680.9,mlp.fc2.lora_B,5
1768388881.6178193,2681,83.8125,0.058436520397663116,Grad/mlp.fc2.lora_B,outputs_dev/vitb16/T=vtab_Q=3bit_L=lora_2_qkv-fc1-proj-fc2/cifar/20260114184203_default_acc=53.50/tensorboard/Grad_mlp.fc2.lora_B_block_5/events.out.tfevents.1768387349.master-192-168-8-48.1680.9,mlp.fc2.lora_B,5
1768388882.0113046,2682,83.84375,0.040138088166713715,Grad/mlp.fc2.lora_B,outputs_dev/vitb16/T=vtab_Q=3bit_L=lora_2_qkv-fc1-proj-fc2/cifar/20260114184203_default_acc=53.50/tensorboard/Grad_mlp.fc2.lora_B_block_5/events.out.tfevents.1768387349.master-192-168-8-48.1680.9,mlp.fc2.lora_B,5
1768388882.403909,2683,83.875,0.42090803384780884,Grad/mlp.fc2.lora_B,outputs_dev/vitb16/T=vtab_Q=3bit_L=lora_2_qkv-fc1-proj-fc2/cifar/20260114184203_default_acc=53.50/tensorboard/Grad_mlp.fc2.lora_B_block_5/events.out.tfevents.1768387349.master-192-168-8-48.1680.9,mlp.fc2.lora_B,5
1768388882.7952087,2684,83.90625,0.08670907467603683,Grad/mlp.fc2.lora_B,outputs_dev/vitb16/T=vtab_Q=3bit_L=lora_2_qkv-fc1-proj-fc2/cifar/20260114184203_default_acc=53.50/tensorboard/Grad_mlp.fc2.lora_B_block_5/events.out.tfevents.1768387349.master-192-168-8-48.1680.9,mlp.fc2.lora_B,5
1768388883.1878684,2685,83.9375,0.010317071340978146,Grad/mlp.fc2.lora_B,outputs_dev/vitb16/T=vtab_Q=3bit_L=lora_2_qkv-fc1-proj-fc2/cifar/20260114184203_default_acc=53.50/tensorboard/Grad_mlp.fc2.lora_B_block_5/events.out.tfevents.1768387349.master-192-168-8-48.1680.9,mlp.fc2.lora_B,5
1768388883.5800328,2686,83.96875,0.05772055685520172,Grad/mlp.fc2.lora_B,outputs_dev/vitb16/T=vtab_Q=3bit_L=lora_2_qkv-fc1-proj-fc2/cifar/20260114184203_default_acc=53.50/tensorboard/Grad_mlp.fc2.lora_B_block_5/events.out.tfevents.1768387349.master-192-168-8-48.1680.9,mlp.fc2.lora_B,5
1768388883.7751274,2687,84.0,0.02820325642824173,Grad/mlp.fc2.lora_B,outputs_dev/vitb16/T=vtab_Q=3bit_L=lora_2_qkv-fc1-proj-fc2/cifar/20260114184203_default_acc=53.50/tensorboard/Grad_mlp.fc2.lora_B_block_5/events.out.tfevents.1768387349.master-192-168-8-48.1680.9,mlp.fc2.lora_B,5
1768388884.4126263,2688,84.03125,0.02507789246737957,Grad/mlp.fc2.lora_B,outputs_dev/vitb16/T=vtab_Q=3bit_L=lora_2_qkv-fc1-proj-fc2/cifar/20260114184203_default_acc=53.50/tensorboard/Grad_mlp.fc2.lora_B_block_5/events.out.tfevents.1768387349.master-192-168-8-48.1680.9,mlp.fc2.lora_B,5
1768388884.8214488,2689,84.0625,0.023929910734295845,Grad/mlp.fc2.lora_B,outputs_dev/vitb16/T=vtab_Q=3bit_L=lora_2_qkv-fc1-proj-fc2/cifar/20260114184203_default_acc=53.50/tensorboard/Grad_mlp.fc2.lora_B_block_5/events.out.tfevents.1768387349.master-192-168-8-48.1680.9,mlp.fc2.lora_B,5
1768388885.2189975,2690,84.09375,0.2715352475643158,Grad/mlp.fc2.lora_B,outputs_dev/vitb16/T=vtab_Q=3bit_L=lora_2_qkv-fc1-proj-fc2/cifar/20260114184203_default_acc=53.50/tensorboard/Grad_mlp.fc2.lora_B_block_5/events.out.tfevents.1768387349.master-192-168-8-48.1680.9,mlp.fc2.lora_B,5
1768388885.6248925,2691,84.125,0.26473385095596313,Grad/mlp.fc2.lora_B,outputs_dev/vitb16/T=vtab_Q=3bit_L=lora_2_qkv-fc1-proj-fc2/cifar/20260114184203_default_acc=53.50/tensorboard/Grad_mlp.fc2.lora_B_block_5/events.out.tfevents.1768387349.master-192-168-8-48.1680.9,mlp.fc2.lora_B,5
1768388886.0163233,2692,84.15625,0.37784162163734436,Grad/mlp.fc2.lora_B,outputs_dev/vitb16/T=vtab_Q=3bit_L=lora_2_qkv-fc1-proj-fc2/cifar/20260114184203_default_acc=53.50/tensorboard/Grad_mlp.fc2.lora_B_block_5/events.out.tfevents.1768387349.master-192-168-8-48.1680.9,mlp.fc2.lora_B,5
1768388886.4093213,2693,84.1875,0.04697670042514801,Grad/mlp.fc2.lora_B,outputs_dev/vitb16/T=vtab_Q=3bit_L=lora_2_qkv-fc1-proj-fc2/cifar/20260114184203_default_acc=53.50/tensorboard/Grad_mlp.fc2.lora_B_block_5/events.out.tfevents.1768387349.master-192-168-8-48.1680.9,mlp.fc2.lora_B,5
1768388886.8001542,2694,84.21875,0.016231119632720947,Grad/mlp.fc2.lora_B,outputs_dev/vitb16/T=vtab_Q=3bit_L=lora_2_qkv-fc1-proj-fc2/cifar/20260114184203_default_acc=53.50/tensorboard/Grad_mlp.fc2.lora_B_block_5/events.out.tfevents.1768387349.master-192-168-8-48.1680.9,mlp.fc2.lora_B,5
1768388887.1911461,2695,84.25,0.009157096967101097,Grad/mlp.fc2.lora_B,outputs_dev/vitb16/T=vtab_Q=3bit_L=lora_2_qkv-fc1-proj-fc2/cifar/20260114184203_default_acc=53.50/tensorboard/Grad_mlp.fc2.lora_B_block_5/events.out.tfevents.1768387349.master-192-168-8-48.1680.9,mlp.fc2.lora_B,5
1768388887.5843935,2696,84.28125,0.02607705444097519,Grad/mlp.fc2.lora_B,outputs_dev/vitb16/T=vtab_Q=3bit_L=lora_2_qkv-fc1-proj-fc2/cifar/20260114184203_default_acc=53.50/tensorboard/Grad_mlp.fc2.lora_B_block_5/events.out.tfevents.1768387349.master-192-168-8-48.1680.9,mlp.fc2.lora_B,5
1768388887.9763546,2697,84.3125,0.08003924787044525,Grad/mlp.fc2.lora_B,outputs_dev/vitb16/T=vtab_Q=3bit_L=lora_2_qkv-fc1-proj-fc2/cifar/20260114184203_default_acc=53.50/tensorboard/Grad_mlp.fc2.lora_B_block_5/events.out.tfevents.1768387349.master-192-168-8-48.1680.9,mlp.fc2.lora_B,5
1768388888.3677301,2698,84.34375,0.03518587723374367,Grad/mlp.fc2.lora_B,outputs_dev/vitb16/T=vtab_Q=3bit_L=lora_2_qkv-fc1-proj-fc2/cifar/20260114184203_default_acc=53.50/tensorboard/Grad_mlp.fc2.lora_B_block_5/events.out.tfevents.1768387349.master-192-168-8-48.1680.9,mlp.fc2.lora_B,5
1768388888.7627618,2699,84.375,0.01623312570154667,Grad/mlp.fc2.lora_B,outputs_dev/vitb16/T=vtab_Q=3bit_L=lora_2_qkv-fc1-proj-fc2/cifar/20260114184203_default_acc=53.50/tensorboard/Grad_mlp.fc2.lora_B_block_5/events.out.tfevents.1768387349.master-192-168-8-48.1680.9,mlp.fc2.lora_B,5
1768388889.1540172,2700,84.40625,0.05200900509953499,Grad/mlp.fc2.lora_B,outputs_dev/vitb16/T=vtab_Q=3bit_L=lora_2_qkv-fc1-proj-fc2/cifar/20260114184203_default_acc=53.50/tensorboard/Grad_mlp.fc2.lora_B_block_5/events.out.tfevents.1768387349.master-192-168-8-48.1680.9,mlp.fc2.lora_B,5
1768388889.5457485,2701,84.4375,0.03145929053425789,Grad/mlp.fc2.lora_B,outputs_dev/vitb16/T=vtab_Q=3bit_L=lora_2_qkv-fc1-proj-fc2/cifar/20260114184203_default_acc=53.50/tensorboard/Grad_mlp.fc2.lora_B_block_5/events.out.tfevents.1768387349.master-192-168-8-48.1680.9,mlp.fc2.lora_B,5
1768388889.9396355,2702,84.46875,0.1620202213525772,Grad/mlp.fc2.lora_B,outputs_dev/vitb16/T=vtab_Q=3bit_L=lora_2_qkv-fc1-proj-fc2/cifar/20260114184203_default_acc=53.50/tensorboard/Grad_mlp.fc2.lora_B_block_5/events.out.tfevents.1768387349.master-192-168-8-48.1680.9,mlp.fc2.lora_B,5
1768388890.3307586,2703,84.5,0.009393008425831795,Grad/mlp.fc2.lora_B,outputs_dev/vitb16/T=vtab_Q=3bit_L=lora_2_qkv-fc1-proj-fc2/cifar/20260114184203_default_acc=53.50/tensorboard/Grad_mlp.fc2.lora_B_block_5/events.out.tfevents.1768387349.master-192-168-8-48.1680.9,mlp.fc2.lora_B,5
1768388890.7239716,2704,84.53125,0.057559359818696976,Grad/mlp.fc2.lora_B,outputs_dev/vitb16/T=vtab_Q=3bit_L=lora_2_qkv-fc1-proj-fc2/cifar/20260114184203_default_acc=53.50/tensorboard/Grad_mlp.fc2.lora_B_block_5/events.out.tfevents.1768387349.master-192-168-8-48.1680.9,mlp.fc2.lora_B,5
1768388891.1149883,2705,84.5625,0.010617595165967941,Grad/mlp.fc2.lora_B,outputs_dev/vitb16/T=vtab_Q=3bit_L=lora_2_qkv-fc1-proj-fc2/cifar/20260114184203_default_acc=53.50/tensorboard/Grad_mlp.fc2.lora_B_block_5/events.out.tfevents.1768387349.master-192-168-8-48.1680.9,mlp.fc2.lora_B,5
1768388891.5072267,2706,84.59375,0.020444154739379883,Grad/mlp.fc2.lora_B,outputs_dev/vitb16/T=vtab_Q=3bit_L=lora_2_qkv-fc1-proj-fc2/cifar/20260114184203_default_acc=53.50/tensorboard/Grad_mlp.fc2.lora_B_block_5/events.out.tfevents.1768387349.master-192-168-8-48.1680.9,mlp.fc2.lora_B,5
1768388891.8982189,2707,84.625,0.05410401523113251,Grad/mlp.fc2.lora_B,outputs_dev/vitb16/T=vtab_Q=3bit_L=lora_2_qkv-fc1-proj-fc2/cifar/20260114184203_default_acc=53.50/tensorboard/Grad_mlp.fc2.lora_B_block_5/events.out.tfevents.1768387349.master-192-168-8-48.1680.9,mlp.fc2.lora_B,5
1768388892.2923543,2708,84.65625,0.050938691943883896,Grad/mlp.fc2.lora_B,outputs_dev/vitb16/T=vtab_Q=3bit_L=lora_2_qkv-fc1-proj-fc2/cifar/20260114184203_default_acc=53.50/tensorboard/Grad_mlp.fc2.lora_B_block_5/events.out.tfevents.1768387349.master-192-168-8-48.1680.9,mlp.fc2.lora_B,5
1768388892.6849084,2709,84.6875,0.0726093053817749,Grad/mlp.fc2.lora_B,outputs_dev/vitb16/T=vtab_Q=3bit_L=lora_2_qkv-fc1-proj-fc2/cifar/20260114184203_default_acc=53.50/tensorboard/Grad_mlp.fc2.lora_B_block_5/events.out.tfevents.1768387349.master-192-168-8-48.1680.9,mlp.fc2.lora_B,5
1768388893.0770285,2710,84.71875,0.09366302937269211,Grad/mlp.fc2.lora_B,outputs_dev/vitb16/T=vtab_Q=3bit_L=lora_2_qkv-fc1-proj-fc2/cifar/20260114184203_default_acc=53.50/tensorboard/Grad_mlp.fc2.lora_B_block_5/events.out.tfevents.1768387349.master-192-168-8-48.1680.9,mlp.fc2.lora_B,5
1768388893.4721565,2711,84.75,0.021571986377239227,Grad/mlp.fc2.lora_B,outputs_dev/vitb16/T=vtab_Q=3bit_L=lora_2_qkv-fc1-proj-fc2/cifar/20260114184203_default_acc=53.50/tensorboard/Grad_mlp.fc2.lora_B_block_5/events.out.tfevents.1768387349.master-192-168-8-48.1680.9,mlp.fc2.lora_B,5
1768388893.875185,2712,84.78125,0.06541141122579575,Grad/mlp.fc2.lora_B,outputs_dev/vitb16/T=vtab_Q=3bit_L=lora_2_qkv-fc1-proj-fc2/cifar/20260114184203_default_acc=53.50/tensorboard/Grad_mlp.fc2.lora_B_block_5/events.out.tfevents.1768387349.master-192-168-8-48.1680.9,mlp.fc2.lora_B,5
1768388894.3317835,2713,84.8125,0.19875465333461761,Grad/mlp.fc2.lora_B,outputs_dev/vitb16/T=vtab_Q=3bit_L=lora_2_qkv-fc1-proj-fc2/cifar/20260114184203_default_acc=53.50/tensorboard/Grad_mlp.fc2.lora_B_block_5/events.out.tfevents.1768387349.master-192-168-8-48.1680.9,mlp.fc2.lora_B,5
1768388894.8590586,2714,84.84375,0.017634322866797447,Grad/mlp.fc2.lora_B,outputs_dev/vitb16/T=vtab_Q=3bit_L=lora_2_qkv-fc1-proj-fc2/cifar/20260114184203_default_acc=53.50/tensorboard/Grad_mlp.fc2.lora_B_block_5/events.out.tfevents.1768387349.master-192-168-8-48.1680.9,mlp.fc2.lora_B,5
1768388895.2536435,2715,84.875,0.0368216335773468,Grad/mlp.fc2.lora_B,outputs_dev/vitb16/T=vtab_Q=3bit_L=lora_2_qkv-fc1-proj-fc2/cifar/20260114184203_default_acc=53.50/tensorboard/Grad_mlp.fc2.lora_B_block_5/events.out.tfevents.1768387349.master-192-168-8-48.1680.9,mlp.fc2.lora_B,5
1768388895.6973388,2716,84.90625,0.01474794652312994,Grad/mlp.fc2.lora_B,outputs_dev/vitb16/T=vtab_Q=3bit_L=lora_2_qkv-fc1-proj-fc2/cifar/20260114184203_default_acc=53.50/tensorboard/Grad_mlp.fc2.lora_B_block_5/events.out.tfevents.1768387349.master-192-168-8-48.1680.9,mlp.fc2.lora_B,5
1768388896.1087205,2717,84.9375,0.04922051727771759,Grad/mlp.fc2.lora_B,outputs_dev/vitb16/T=vtab_Q=3bit_L=lora_2_qkv-fc1-proj-fc2/cifar/20260114184203_default_acc=53.50/tensorboard/Grad_mlp.fc2.lora_B_block_5/events.out.tfevents.1768387349.master-192-168-8-48.1680.9,mlp.fc2.lora_B,5
1768388896.5180016,2718,84.96875,0.012475468218326569,Grad/mlp.fc2.lora_B,outputs_dev/vitb16/T=vtab_Q=3bit_L=lora_2_qkv-fc1-proj-fc2/cifar/20260114184203_default_acc=53.50/tensorboard/Grad_mlp.fc2.lora_B_block_5/events.out.tfevents.1768387349.master-192-168-8-48.1680.9,mlp.fc2.lora_B,5
1768388896.7119045,2719,85.0,0.37296661734580994,Grad/mlp.fc2.lora_B,outputs_dev/vitb16/T=vtab_Q=3bit_L=lora_2_qkv-fc1-proj-fc2/cifar/20260114184203_default_acc=53.50/tensorboard/Grad_mlp.fc2.lora_B_block_5/events.out.tfevents.1768387349.master-192-168-8-48.1680.9,mlp.fc2.lora_B,5
1768388897.3633418,2720,85.03125,0.03226605802774429,Grad/mlp.fc2.lora_B,outputs_dev/vitb16/T=vtab_Q=3bit_L=lora_2_qkv-fc1-proj-fc2/cifar/20260114184203_default_acc=53.50/tensorboard/Grad_mlp.fc2.lora_B_block_5/events.out.tfevents.1768387349.master-192-168-8-48.1680.9,mlp.fc2.lora_B,5
1768388897.7585385,2721,85.0625,0.021532488986849785,Grad/mlp.fc2.lora_B,outputs_dev/vitb16/T=vtab_Q=3bit_L=lora_2_qkv-fc1-proj-fc2/cifar/20260114184203_default_acc=53.50/tensorboard/Grad_mlp.fc2.lora_B_block_5/events.out.tfevents.1768387349.master-192-168-8-48.1680.9,mlp.fc2.lora_B,5
1768388898.1651468,2722,85.09375,0.03789638727903366,Grad/mlp.fc2.lora_B,outputs_dev/vitb16/T=vtab_Q=3bit_L=lora_2_qkv-fc1-proj-fc2/cifar/20260114184203_default_acc=53.50/tensorboard/Grad_mlp.fc2.lora_B_block_5/events.out.tfevents.1768387349.master-192-168-8-48.1680.9,mlp.fc2.lora_B,5
1768388898.5563214,2723,85.125,0.026487482711672783,Grad/mlp.fc2.lora_B,outputs_dev/vitb16/T=vtab_Q=3bit_L=lora_2_qkv-fc1-proj-fc2/cifar/20260114184203_default_acc=53.50/tensorboard/Grad_mlp.fc2.lora_B_block_5/events.out.tfevents.1768387349.master-192-168-8-48.1680.9,mlp.fc2.lora_B,5
1768388898.9609447,2724,85.15625,0.0840066522359848,Grad/mlp.fc2.lora_B,outputs_dev/vitb16/T=vtab_Q=3bit_L=lora_2_qkv-fc1-proj-fc2/cifar/20260114184203_default_acc=53.50/tensorboard/Grad_mlp.fc2.lora_B_block_5/events.out.tfevents.1768387349.master-192-168-8-48.1680.9,mlp.fc2.lora_B,5
1768388899.3544412,2725,85.1875,0.04494123533368111,Grad/mlp.fc2.lora_B,outputs_dev/vitb16/T=vtab_Q=3bit_L=lora_2_qkv-fc1-proj-fc2/cifar/20260114184203_default_acc=53.50/tensorboard/Grad_mlp.fc2.lora_B_block_5/events.out.tfevents.1768387349.master-192-168-8-48.1680.9,mlp.fc2.lora_B,5
1768388899.8023455,2726,85.21875,0.09127314388751984,Grad/mlp.fc2.lora_B,outputs_dev/vitb16/T=vtab_Q=3bit_L=lora_2_qkv-fc1-proj-fc2/cifar/20260114184203_default_acc=53.50/tensorboard/Grad_mlp.fc2.lora_B_block_5/events.out.tfevents.1768387349.master-192-168-8-48.1680.9,mlp.fc2.lora_B,5
1768388900.1992853,2727,85.25,0.05968412011861801,Grad/mlp.fc2.lora_B,outputs_dev/vitb16/T=vtab_Q=3bit_L=lora_2_qkv-fc1-proj-fc2/cifar/20260114184203_default_acc=53.50/tensorboard/Grad_mlp.fc2.lora_B_block_5/events.out.tfevents.1768387349.master-192-168-8-48.1680.9,mlp.fc2.lora_B,5
1768388900.5938342,2728,85.28125,0.13800060749053955,Grad/mlp.fc2.lora_B,outputs_dev/vitb16/T=vtab_Q=3bit_L=lora_2_qkv-fc1-proj-fc2/cifar/20260114184203_default_acc=53.50/tensorboard/Grad_mlp.fc2.lora_B_block_5/events.out.tfevents.1768387349.master-192-168-8-48.1680.9,mlp.fc2.lora_B,5
1768388900.9857624,2729,85.3125,0.04362970590591431,Grad/mlp.fc2.lora_B,outputs_dev/vitb16/T=vtab_Q=3bit_L=lora_2_qkv-fc1-proj-fc2/cifar/20260114184203_default_acc=53.50/tensorboard/Grad_mlp.fc2.lora_B_block_5/events.out.tfevents.1768387349.master-192-168-8-48.1680.9,mlp.fc2.lora_B,5
1768388901.3748963,2730,85.34375,0.013212194666266441,Grad/mlp.fc2.lora_B,outputs_dev/vitb16/T=vtab_Q=3bit_L=lora_2_qkv-fc1-proj-fc2/cifar/20260114184203_default_acc=53.50/tensorboard/Grad_mlp.fc2.lora_B_block_5/events.out.tfevents.1768387349.master-192-168-8-48.1680.9,mlp.fc2.lora_B,5
1768388901.7904243,2731,85.375,0.01493852585554123,Grad/mlp.fc2.lora_B,outputs_dev/vitb16/T=vtab_Q=3bit_L=lora_2_qkv-fc1-proj-fc2/cifar/20260114184203_default_acc=53.50/tensorboard/Grad_mlp.fc2.lora_B_block_5/events.out.tfevents.1768387349.master-192-168-8-48.1680.9,mlp.fc2.lora_B,5
1768388902.18665,2732,85.40625,0.02754037454724312,Grad/mlp.fc2.lora_B,outputs_dev/vitb16/T=vtab_Q=3bit_L=lora_2_qkv-fc1-proj-fc2/cifar/20260114184203_default_acc=53.50/tensorboard/Grad_mlp.fc2.lora_B_block_5/events.out.tfevents.1768387349.master-192-168-8-48.1680.9,mlp.fc2.lora_B,5
1768388902.6037815,2733,85.4375,0.024843376129865646,Grad/mlp.fc2.lora_B,outputs_dev/vitb16/T=vtab_Q=3bit_L=lora_2_qkv-fc1-proj-fc2/cifar/20260114184203_default_acc=53.50/tensorboard/Grad_mlp.fc2.lora_B_block_5/events.out.tfevents.1768387349.master-192-168-8-48.1680.9,mlp.fc2.lora_B,5
1768388902.9950309,2734,85.46875,0.0489431656897068,Grad/mlp.fc2.lora_B,outputs_dev/vitb16/T=vtab_Q=3bit_L=lora_2_qkv-fc1-proj-fc2/cifar/20260114184203_default_acc=53.50/tensorboard/Grad_mlp.fc2.lora_B_block_5/events.out.tfevents.1768387349.master-192-168-8-48.1680.9,mlp.fc2.lora_B,5
1768388903.3830502,2735,85.5,0.011344213038682938,Grad/mlp.fc2.lora_B,outputs_dev/vitb16/T=vtab_Q=3bit_L=lora_2_qkv-fc1-proj-fc2/cifar/20260114184203_default_acc=53.50/tensorboard/Grad_mlp.fc2.lora_B_block_5/events.out.tfevents.1768387349.master-192-168-8-48.1680.9,mlp.fc2.lora_B,5
1768388903.768731,2736,85.53125,0.01670808717608452,Grad/mlp.fc2.lora_B,outputs_dev/vitb16/T=vtab_Q=3bit_L=lora_2_qkv-fc1-proj-fc2/cifar/20260114184203_default_acc=53.50/tensorboard/Grad_mlp.fc2.lora_B_block_5/events.out.tfevents.1768387349.master-192-168-8-48.1680.9,mlp.fc2.lora_B,5
1768388904.1768432,2737,85.5625,0.08376038819551468,Grad/mlp.fc2.lora_B,outputs_dev/vitb16/T=vtab_Q=3bit_L=lora_2_qkv-fc1-proj-fc2/cifar/20260114184203_default_acc=53.50/tensorboard/Grad_mlp.fc2.lora_B_block_5/events.out.tfevents.1768387349.master-192-168-8-48.1680.9,mlp.fc2.lora_B,5
1768388904.5714576,2738,85.59375,0.02899966761469841,Grad/mlp.fc2.lora_B,outputs_dev/vitb16/T=vtab_Q=3bit_L=lora_2_qkv-fc1-proj-fc2/cifar/20260114184203_default_acc=53.50/tensorboard/Grad_mlp.fc2.lora_B_block_5/events.out.tfevents.1768387349.master-192-168-8-48.1680.9,mlp.fc2.lora_B,5
1768388904.9678843,2739,85.625,0.04103980213403702,Grad/mlp.fc2.lora_B,outputs_dev/vitb16/T=vtab_Q=3bit_L=lora_2_qkv-fc1-proj-fc2/cifar/20260114184203_default_acc=53.50/tensorboard/Grad_mlp.fc2.lora_B_block_5/events.out.tfevents.1768387349.master-192-168-8-48.1680.9,mlp.fc2.lora_B,5
1768388905.3624313,2740,85.65625,0.4382890462875366,Grad/mlp.fc2.lora_B,outputs_dev/vitb16/T=vtab_Q=3bit_L=lora_2_qkv-fc1-proj-fc2/cifar/20260114184203_default_acc=53.50/tensorboard/Grad_mlp.fc2.lora_B_block_5/events.out.tfevents.1768387349.master-192-168-8-48.1680.9,mlp.fc2.lora_B,5
1768388905.7613928,2741,85.6875,0.01718282699584961,Grad/mlp.fc2.lora_B,outputs_dev/vitb16/T=vtab_Q=3bit_L=lora_2_qkv-fc1-proj-fc2/cifar/20260114184203_default_acc=53.50/tensorboard/Grad_mlp.fc2.lora_B_block_5/events.out.tfevents.1768387349.master-192-168-8-48.1680.9,mlp.fc2.lora_B,5
1768388906.1568534,2742,85.71875,0.02378271333873272,Grad/mlp.fc2.lora_B,outputs_dev/vitb16/T=vtab_Q=3bit_L=lora_2_qkv-fc1-proj-fc2/cifar/20260114184203_default_acc=53.50/tensorboard/Grad_mlp.fc2.lora_B_block_5/events.out.tfevents.1768387349.master-192-168-8-48.1680.9,mlp.fc2.lora_B,5
1768388906.5620513,2743,85.75,0.026638256385922432,Grad/mlp.fc2.lora_B,outputs_dev/vitb16/T=vtab_Q=3bit_L=lora_2_qkv-fc1-proj-fc2/cifar/20260114184203_default_acc=53.50/tensorboard/Grad_mlp.fc2.lora_B_block_5/events.out.tfevents.1768387349.master-192-168-8-48.1680.9,mlp.fc2.lora_B,5
1768388906.961696,2744,85.78125,0.05822983756661415,Grad/mlp.fc2.lora_B,outputs_dev/vitb16/T=vtab_Q=3bit_L=lora_2_qkv-fc1-proj-fc2/cifar/20260114184203_default_acc=53.50/tensorboard/Grad_mlp.fc2.lora_B_block_5/events.out.tfevents.1768387349.master-192-168-8-48.1680.9,mlp.fc2.lora_B,5
1768388907.3756373,2745,85.8125,0.03152740001678467,Grad/mlp.fc2.lora_B,outputs_dev/vitb16/T=vtab_Q=3bit_L=lora_2_qkv-fc1-proj-fc2/cifar/20260114184203_default_acc=53.50/tensorboard/Grad_mlp.fc2.lora_B_block_5/events.out.tfevents.1768387349.master-192-168-8-48.1680.9,mlp.fc2.lora_B,5
1768388907.7686608,2746,85.84375,0.020474590361118317,Grad/mlp.fc2.lora_B,outputs_dev/vitb16/T=vtab_Q=3bit_L=lora_2_qkv-fc1-proj-fc2/cifar/20260114184203_default_acc=53.50/tensorboard/Grad_mlp.fc2.lora_B_block_5/events.out.tfevents.1768387349.master-192-168-8-48.1680.9,mlp.fc2.lora_B,5
1768388908.2027159,2747,85.875,0.027545219287276268,Grad/mlp.fc2.lora_B,outputs_dev/vitb16/T=vtab_Q=3bit_L=lora_2_qkv-fc1-proj-fc2/cifar/20260114184203_default_acc=53.50/tensorboard/Grad_mlp.fc2.lora_B_block_5/events.out.tfevents.1768387349.master-192-168-8-48.1680.9,mlp.fc2.lora_B,5
1768388908.5986328,2748,85.90625,0.04867081716656685,Grad/mlp.fc2.lora_B,outputs_dev/vitb16/T=vtab_Q=3bit_L=lora_2_qkv-fc1-proj-fc2/cifar/20260114184203_default_acc=53.50/tensorboard/Grad_mlp.fc2.lora_B_block_5/events.out.tfevents.1768387349.master-192-168-8-48.1680.9,mlp.fc2.lora_B,5
1768388908.9917223,2749,85.9375,0.12304319441318512,Grad/mlp.fc2.lora_B,outputs_dev/vitb16/T=vtab_Q=3bit_L=lora_2_qkv-fc1-proj-fc2/cifar/20260114184203_default_acc=53.50/tensorboard/Grad_mlp.fc2.lora_B_block_5/events.out.tfevents.1768387349.master-192-168-8-48.1680.9,mlp.fc2.lora_B,5
1768388909.3963563,2750,85.96875,0.17658334970474243,Grad/mlp.fc2.lora_B,outputs_dev/vitb16/T=vtab_Q=3bit_L=lora_2_qkv-fc1-proj-fc2/cifar/20260114184203_default_acc=53.50/tensorboard/Grad_mlp.fc2.lora_B_block_5/events.out.tfevents.1768387349.master-192-168-8-48.1680.9,mlp.fc2.lora_B,5
1768388909.608211,2751,86.0,0.01728985644876957,Grad/mlp.fc2.lora_B,outputs_dev/vitb16/T=vtab_Q=3bit_L=lora_2_qkv-fc1-proj-fc2/cifar/20260114184203_default_acc=53.50/tensorboard/Grad_mlp.fc2.lora_B_block_5/events.out.tfevents.1768387349.master-192-168-8-48.1680.9,mlp.fc2.lora_B,5
1768388910.291406,2752,86.03125,0.021320441737771034,Grad/mlp.fc2.lora_B,outputs_dev/vitb16/T=vtab_Q=3bit_L=lora_2_qkv-fc1-proj-fc2/cifar/20260114184203_default_acc=53.50/tensorboard/Grad_mlp.fc2.lora_B_block_5/events.out.tfevents.1768387349.master-192-168-8-48.1680.9,mlp.fc2.lora_B,5
1768388910.7017179,2753,86.0625,0.03600390627980232,Grad/mlp.fc2.lora_B,outputs_dev/vitb16/T=vtab_Q=3bit_L=lora_2_qkv-fc1-proj-fc2/cifar/20260114184203_default_acc=53.50/tensorboard/Grad_mlp.fc2.lora_B_block_5/events.out.tfevents.1768387349.master-192-168-8-48.1680.9,mlp.fc2.lora_B,5
1768388911.0837414,2754,86.09375,0.40400969982147217,Grad/mlp.fc2.lora_B,outputs_dev/vitb16/T=vtab_Q=3bit_L=lora_2_qkv-fc1-proj-fc2/cifar/20260114184203_default_acc=53.50/tensorboard/Grad_mlp.fc2.lora_B_block_5/events.out.tfevents.1768387349.master-192-168-8-48.1680.9,mlp.fc2.lora_B,5
1768388911.4752958,2755,86.125,0.029960982501506805,Grad/mlp.fc2.lora_B,outputs_dev/vitb16/T=vtab_Q=3bit_L=lora_2_qkv-fc1-proj-fc2/cifar/20260114184203_default_acc=53.50/tensorboard/Grad_mlp.fc2.lora_B_block_5/events.out.tfevents.1768387349.master-192-168-8-48.1680.9,mlp.fc2.lora_B,5
1768388911.8667023,2756,86.15625,0.027649739757180214,Grad/mlp.fc2.lora_B,outputs_dev/vitb16/T=vtab_Q=3bit_L=lora_2_qkv-fc1-proj-fc2/cifar/20260114184203_default_acc=53.50/tensorboard/Grad_mlp.fc2.lora_B_block_5/events.out.tfevents.1768387349.master-192-168-8-48.1680.9,mlp.fc2.lora_B,5
1768388912.2607155,2757,86.1875,0.021118152886629105,Grad/mlp.fc2.lora_B,outputs_dev/vitb16/T=vtab_Q=3bit_L=lora_2_qkv-fc1-proj-fc2/cifar/20260114184203_default_acc=53.50/tensorboard/Grad_mlp.fc2.lora_B_block_5/events.out.tfevents.1768387349.master-192-168-8-48.1680.9,mlp.fc2.lora_B,5
1768388912.6548908,2758,86.21875,0.12391257286071777,Grad/mlp.fc2.lora_B,outputs_dev/vitb16/T=vtab_Q=3bit_L=lora_2_qkv-fc1-proj-fc2/cifar/20260114184203_default_acc=53.50/tensorboard/Grad_mlp.fc2.lora_B_block_5/events.out.tfevents.1768387349.master-192-168-8-48.1680.9,mlp.fc2.lora_B,5
1768388913.0477557,2759,86.25,0.027648016810417175,Grad/mlp.fc2.lora_B,outputs_dev/vitb16/T=vtab_Q=3bit_L=lora_2_qkv-fc1-proj-fc2/cifar/20260114184203_default_acc=53.50/tensorboard/Grad_mlp.fc2.lora_B_block_5/events.out.tfevents.1768387349.master-192-168-8-48.1680.9,mlp.fc2.lora_B,5
1768388913.4414265,2760,86.28125,0.021419472992420197,Grad/mlp.fc2.lora_B,outputs_dev/vitb16/T=vtab_Q=3bit_L=lora_2_qkv-fc1-proj-fc2/cifar/20260114184203_default_acc=53.50/tensorboard/Grad_mlp.fc2.lora_B_block_5/events.out.tfevents.1768387349.master-192-168-8-48.1680.9,mlp.fc2.lora_B,5
1768388913.8348157,2761,86.3125,0.11605118960142136,Grad/mlp.fc2.lora_B,outputs_dev/vitb16/T=vtab_Q=3bit_L=lora_2_qkv-fc1-proj-fc2/cifar/20260114184203_default_acc=53.50/tensorboard/Grad_mlp.fc2.lora_B_block_5/events.out.tfevents.1768387349.master-192-168-8-48.1680.9,mlp.fc2.lora_B,5
1768388914.231661,2762,86.34375,0.07682807743549347,Grad/mlp.fc2.lora_B,outputs_dev/vitb16/T=vtab_Q=3bit_L=lora_2_qkv-fc1-proj-fc2/cifar/20260114184203_default_acc=53.50/tensorboard/Grad_mlp.fc2.lora_B_block_5/events.out.tfevents.1768387349.master-192-168-8-48.1680.9,mlp.fc2.lora_B,5
1768388914.6282673,2763,86.375,0.022642500698566437,Grad/mlp.fc2.lora_B,outputs_dev/vitb16/T=vtab_Q=3bit_L=lora_2_qkv-fc1-proj-fc2/cifar/20260114184203_default_acc=53.50/tensorboard/Grad_mlp.fc2.lora_B_block_5/events.out.tfevents.1768387349.master-192-168-8-48.1680.9,mlp.fc2.lora_B,5
1768388915.0236742,2764,86.40625,0.04273774474859238,Grad/mlp.fc2.lora_B,outputs_dev/vitb16/T=vtab_Q=3bit_L=lora_2_qkv-fc1-proj-fc2/cifar/20260114184203_default_acc=53.50/tensorboard/Grad_mlp.fc2.lora_B_block_5/events.out.tfevents.1768387349.master-192-168-8-48.1680.9,mlp.fc2.lora_B,5
1768388915.416772,2765,86.4375,0.0956818014383316,Grad/mlp.fc2.lora_B,outputs_dev/vitb16/T=vtab_Q=3bit_L=lora_2_qkv-fc1-proj-fc2/cifar/20260114184203_default_acc=53.50/tensorboard/Grad_mlp.fc2.lora_B_block_5/events.out.tfevents.1768387349.master-192-168-8-48.1680.9,mlp.fc2.lora_B,5
1768388915.8297017,2766,86.46875,0.028933055698871613,Grad/mlp.fc2.lora_B,outputs_dev/vitb16/T=vtab_Q=3bit_L=lora_2_qkv-fc1-proj-fc2/cifar/20260114184203_default_acc=53.50/tensorboard/Grad_mlp.fc2.lora_B_block_5/events.out.tfevents.1768387349.master-192-168-8-48.1680.9,mlp.fc2.lora_B,5
1768388916.2247763,2767,86.5,0.04318290576338768,Grad/mlp.fc2.lora_B,outputs_dev/vitb16/T=vtab_Q=3bit_L=lora_2_qkv-fc1-proj-fc2/cifar/20260114184203_default_acc=53.50/tensorboard/Grad_mlp.fc2.lora_B_block_5/events.out.tfevents.1768387349.master-192-168-8-48.1680.9,mlp.fc2.lora_B,5
1768388916.6205819,2768,86.53125,0.10196524113416672,Grad/mlp.fc2.lora_B,outputs_dev/vitb16/T=vtab_Q=3bit_L=lora_2_qkv-fc1-proj-fc2/cifar/20260114184203_default_acc=53.50/tensorboard/Grad_mlp.fc2.lora_B_block_5/events.out.tfevents.1768387349.master-192-168-8-48.1680.9,mlp.fc2.lora_B,5
1768388917.0177858,2769,86.5625,0.024837134405970573,Grad/mlp.fc2.lora_B,outputs_dev/vitb16/T=vtab_Q=3bit_L=lora_2_qkv-fc1-proj-fc2/cifar/20260114184203_default_acc=53.50/tensorboard/Grad_mlp.fc2.lora_B_block_5/events.out.tfevents.1768387349.master-192-168-8-48.1680.9,mlp.fc2.lora_B,5
1768388917.414298,2770,86.59375,0.04594745114445686,Grad/mlp.fc2.lora_B,outputs_dev/vitb16/T=vtab_Q=3bit_L=lora_2_qkv-fc1-proj-fc2/cifar/20260114184203_default_acc=53.50/tensorboard/Grad_mlp.fc2.lora_B_block_5/events.out.tfevents.1768387349.master-192-168-8-48.1680.9,mlp.fc2.lora_B,5
1768388917.809097,2771,86.625,0.16784046590328217,Grad/mlp.fc2.lora_B,outputs_dev/vitb16/T=vtab_Q=3bit_L=lora_2_qkv-fc1-proj-fc2/cifar/20260114184203_default_acc=53.50/tensorboard/Grad_mlp.fc2.lora_B_block_5/events.out.tfevents.1768387349.master-192-168-8-48.1680.9,mlp.fc2.lora_B,5
1768388918.2810056,2772,86.65625,0.03243096545338631,Grad/mlp.fc2.lora_B,outputs_dev/vitb16/T=vtab_Q=3bit_L=lora_2_qkv-fc1-proj-fc2/cifar/20260114184203_default_acc=53.50/tensorboard/Grad_mlp.fc2.lora_B_block_5/events.out.tfevents.1768387349.master-192-168-8-48.1680.9,mlp.fc2.lora_B,5
1768388918.6786964,2773,86.6875,0.03069043718278408,Grad/mlp.fc2.lora_B,outputs_dev/vitb16/T=vtab_Q=3bit_L=lora_2_qkv-fc1-proj-fc2/cifar/20260114184203_default_acc=53.50/tensorboard/Grad_mlp.fc2.lora_B_block_5/events.out.tfevents.1768387349.master-192-168-8-48.1680.9,mlp.fc2.lora_B,5
1768388919.0799782,2774,86.71875,0.02526230737566948,Grad/mlp.fc2.lora_B,outputs_dev/vitb16/T=vtab_Q=3bit_L=lora_2_qkv-fc1-proj-fc2/cifar/20260114184203_default_acc=53.50/tensorboard/Grad_mlp.fc2.lora_B_block_5/events.out.tfevents.1768387349.master-192-168-8-48.1680.9,mlp.fc2.lora_B,5
1768388919.4764466,2775,86.75,0.04192991554737091,Grad/mlp.fc2.lora_B,outputs_dev/vitb16/T=vtab_Q=3bit_L=lora_2_qkv-fc1-proj-fc2/cifar/20260114184203_default_acc=53.50/tensorboard/Grad_mlp.fc2.lora_B_block_5/events.out.tfevents.1768387349.master-192-168-8-48.1680.9,mlp.fc2.lora_B,5
1768388919.8748462,2776,86.78125,0.030229393392801285,Grad/mlp.fc2.lora_B,outputs_dev/vitb16/T=vtab_Q=3bit_L=lora_2_qkv-fc1-proj-fc2/cifar/20260114184203_default_acc=53.50/tensorboard/Grad_mlp.fc2.lora_B_block_5/events.out.tfevents.1768387349.master-192-168-8-48.1680.9,mlp.fc2.lora_B,5
1768388920.288936,2777,86.8125,0.04536742344498634,Grad/mlp.fc2.lora_B,outputs_dev/vitb16/T=vtab_Q=3bit_L=lora_2_qkv-fc1-proj-fc2/cifar/20260114184203_default_acc=53.50/tensorboard/Grad_mlp.fc2.lora_B_block_5/events.out.tfevents.1768387349.master-192-168-8-48.1680.9,mlp.fc2.lora_B,5
1768388920.7018392,2778,86.84375,0.035357266664505005,Grad/mlp.fc2.lora_B,outputs_dev/vitb16/T=vtab_Q=3bit_L=lora_2_qkv-fc1-proj-fc2/cifar/20260114184203_default_acc=53.50/tensorboard/Grad_mlp.fc2.lora_B_block_5/events.out.tfevents.1768387349.master-192-168-8-48.1680.9,mlp.fc2.lora_B,5
1768388921.1119294,2779,86.875,0.06835384666919708,Grad/mlp.fc2.lora_B,outputs_dev/vitb16/T=vtab_Q=3bit_L=lora_2_qkv-fc1-proj-fc2/cifar/20260114184203_default_acc=53.50/tensorboard/Grad_mlp.fc2.lora_B_block_5/events.out.tfevents.1768387349.master-192-168-8-48.1680.9,mlp.fc2.lora_B,5
1768388921.5161078,2780,86.90625,0.018229205161333084,Grad/mlp.fc2.lora_B,outputs_dev/vitb16/T=vtab_Q=3bit_L=lora_2_qkv-fc1-proj-fc2/cifar/20260114184203_default_acc=53.50/tensorboard/Grad_mlp.fc2.lora_B_block_5/events.out.tfevents.1768387349.master-192-168-8-48.1680.9,mlp.fc2.lora_B,5
1768388921.9069145,2781,86.9375,0.04545557498931885,Grad/mlp.fc2.lora_B,outputs_dev/vitb16/T=vtab_Q=3bit_L=lora_2_qkv-fc1-proj-fc2/cifar/20260114184203_default_acc=53.50/tensorboard/Grad_mlp.fc2.lora_B_block_5/events.out.tfevents.1768387349.master-192-168-8-48.1680.9,mlp.fc2.lora_B,5
1768388922.3007102,2782,86.96875,0.02279171720147133,Grad/mlp.fc2.lora_B,outputs_dev/vitb16/T=vtab_Q=3bit_L=lora_2_qkv-fc1-proj-fc2/cifar/20260114184203_default_acc=53.50/tensorboard/Grad_mlp.fc2.lora_B_block_5/events.out.tfevents.1768387349.master-192-168-8-48.1680.9,mlp.fc2.lora_B,5
1768388922.4968002,2783,87.0,0.1193796917796135,Grad/mlp.fc2.lora_B,outputs_dev/vitb16/T=vtab_Q=3bit_L=lora_2_qkv-fc1-proj-fc2/cifar/20260114184203_default_acc=53.50/tensorboard/Grad_mlp.fc2.lora_B_block_5/events.out.tfevents.1768387349.master-192-168-8-48.1680.9,mlp.fc2.lora_B,5
1768388923.1584153,2784,87.03125,0.11736641824245453,Grad/mlp.fc2.lora_B,outputs_dev/vitb16/T=vtab_Q=3bit_L=lora_2_qkv-fc1-proj-fc2/cifar/20260114184203_default_acc=53.50/tensorboard/Grad_mlp.fc2.lora_B_block_5/events.out.tfevents.1768387349.master-192-168-8-48.1680.9,mlp.fc2.lora_B,5
1768388923.5534027,2785,87.0625,0.030880160629749298,Grad/mlp.fc2.lora_B,outputs_dev/vitb16/T=vtab_Q=3bit_L=lora_2_qkv-fc1-proj-fc2/cifar/20260114184203_default_acc=53.50/tensorboard/Grad_mlp.fc2.lora_B_block_5/events.out.tfevents.1768387349.master-192-168-8-48.1680.9,mlp.fc2.lora_B,5
1768388923.946601,2786,87.09375,0.29356256127357483,Grad/mlp.fc2.lora_B,outputs_dev/vitb16/T=vtab_Q=3bit_L=lora_2_qkv-fc1-proj-fc2/cifar/20260114184203_default_acc=53.50/tensorboard/Grad_mlp.fc2.lora_B_block_5/events.out.tfevents.1768387349.master-192-168-8-48.1680.9,mlp.fc2.lora_B,5
1768388924.343728,2787,87.125,0.018086785450577736,Grad/mlp.fc2.lora_B,outputs_dev/vitb16/T=vtab_Q=3bit_L=lora_2_qkv-fc1-proj-fc2/cifar/20260114184203_default_acc=53.50/tensorboard/Grad_mlp.fc2.lora_B_block_5/events.out.tfevents.1768387349.master-192-168-8-48.1680.9,mlp.fc2.lora_B,5
1768388924.753028,2788,87.15625,0.02418074756860733,Grad/mlp.fc2.lora_B,outputs_dev/vitb16/T=vtab_Q=3bit_L=lora_2_qkv-fc1-proj-fc2/cifar/20260114184203_default_acc=53.50/tensorboard/Grad_mlp.fc2.lora_B_block_5/events.out.tfevents.1768387349.master-192-168-8-48.1680.9,mlp.fc2.lora_B,5
1768388925.1745439,2789,87.1875,0.04451047256588936,Grad/mlp.fc2.lora_B,outputs_dev/vitb16/T=vtab_Q=3bit_L=lora_2_qkv-fc1-proj-fc2/cifar/20260114184203_default_acc=53.50/tensorboard/Grad_mlp.fc2.lora_B_block_5/events.out.tfevents.1768387349.master-192-168-8-48.1680.9,mlp.fc2.lora_B,5
1768388925.5656502,2790,87.21875,0.04460153728723526,Grad/mlp.fc2.lora_B,outputs_dev/vitb16/T=vtab_Q=3bit_L=lora_2_qkv-fc1-proj-fc2/cifar/20260114184203_default_acc=53.50/tensorboard/Grad_mlp.fc2.lora_B_block_5/events.out.tfevents.1768387349.master-192-168-8-48.1680.9,mlp.fc2.lora_B,5
1768388925.9726052,2791,87.25,0.013014424592256546,Grad/mlp.fc2.lora_B,outputs_dev/vitb16/T=vtab_Q=3bit_L=lora_2_qkv-fc1-proj-fc2/cifar/20260114184203_default_acc=53.50/tensorboard/Grad_mlp.fc2.lora_B_block_5/events.out.tfevents.1768387349.master-192-168-8-48.1680.9,mlp.fc2.lora_B,5
1768388926.37732,2792,87.28125,0.03793901950120926,Grad/mlp.fc2.lora_B,outputs_dev/vitb16/T=vtab_Q=3bit_L=lora_2_qkv-fc1-proj-fc2/cifar/20260114184203_default_acc=53.50/tensorboard/Grad_mlp.fc2.lora_B_block_5/events.out.tfevents.1768387349.master-192-168-8-48.1680.9,mlp.fc2.lora_B,5
1768388926.787551,2793,87.3125,0.043279387056827545,Grad/mlp.fc2.lora_B,outputs_dev/vitb16/T=vtab_Q=3bit_L=lora_2_qkv-fc1-proj-fc2/cifar/20260114184203_default_acc=53.50/tensorboard/Grad_mlp.fc2.lora_B_block_5/events.out.tfevents.1768387349.master-192-168-8-48.1680.9,mlp.fc2.lora_B,5
1768388927.1788805,2794,87.34375,0.060410741716623306,Grad/mlp.fc2.lora_B,outputs_dev/vitb16/T=vtab_Q=3bit_L=lora_2_qkv-fc1-proj-fc2/cifar/20260114184203_default_acc=53.50/tensorboard/Grad_mlp.fc2.lora_B_block_5/events.out.tfevents.1768387349.master-192-168-8-48.1680.9,mlp.fc2.lora_B,5
1768388927.558313,2795,87.375,0.07200268656015396,Grad/mlp.fc2.lora_B,outputs_dev/vitb16/T=vtab_Q=3bit_L=lora_2_qkv-fc1-proj-fc2/cifar/20260114184203_default_acc=53.50/tensorboard/Grad_mlp.fc2.lora_B_block_5/events.out.tfevents.1768387349.master-192-168-8-48.1680.9,mlp.fc2.lora_B,5
1768388927.948648,2796,87.40625,0.011110309511423111,Grad/mlp.fc2.lora_B,outputs_dev/vitb16/T=vtab_Q=3bit_L=lora_2_qkv-fc1-proj-fc2/cifar/20260114184203_default_acc=53.50/tensorboard/Grad_mlp.fc2.lora_B_block_5/events.out.tfevents.1768387349.master-192-168-8-48.1680.9,mlp.fc2.lora_B,5
1768388928.3588607,2797,87.4375,0.052128102630376816,Grad/mlp.fc2.lora_B,outputs_dev/vitb16/T=vtab_Q=3bit_L=lora_2_qkv-fc1-proj-fc2/cifar/20260114184203_default_acc=53.50/tensorboard/Grad_mlp.fc2.lora_B_block_5/events.out.tfevents.1768387349.master-192-168-8-48.1680.9,mlp.fc2.lora_B,5
1768388928.775716,2798,87.46875,0.01612328365445137,Grad/mlp.fc2.lora_B,outputs_dev/vitb16/T=vtab_Q=3bit_L=lora_2_qkv-fc1-proj-fc2/cifar/20260114184203_default_acc=53.50/tensorboard/Grad_mlp.fc2.lora_B_block_5/events.out.tfevents.1768387349.master-192-168-8-48.1680.9,mlp.fc2.lora_B,5
1768388929.1612043,2799,87.5,0.014738524332642555,Grad/mlp.fc2.lora_B,outputs_dev/vitb16/T=vtab_Q=3bit_L=lora_2_qkv-fc1-proj-fc2/cifar/20260114184203_default_acc=53.50/tensorboard/Grad_mlp.fc2.lora_B_block_5/events.out.tfevents.1768387349.master-192-168-8-48.1680.9,mlp.fc2.lora_B,5
1768388929.5496628,2800,87.53125,0.010221865028142929,Grad/mlp.fc2.lora_B,outputs_dev/vitb16/T=vtab_Q=3bit_L=lora_2_qkv-fc1-proj-fc2/cifar/20260114184203_default_acc=53.50/tensorboard/Grad_mlp.fc2.lora_B_block_5/events.out.tfevents.1768387349.master-192-168-8-48.1680.9,mlp.fc2.lora_B,5
1768388929.9444628,2801,87.5625,0.041936442255973816,Grad/mlp.fc2.lora_B,outputs_dev/vitb16/T=vtab_Q=3bit_L=lora_2_qkv-fc1-proj-fc2/cifar/20260114184203_default_acc=53.50/tensorboard/Grad_mlp.fc2.lora_B_block_5/events.out.tfevents.1768387349.master-192-168-8-48.1680.9,mlp.fc2.lora_B,5
1768388930.3443027,2802,87.59375,0.15996989607810974,Grad/mlp.fc2.lora_B,outputs_dev/vitb16/T=vtab_Q=3bit_L=lora_2_qkv-fc1-proj-fc2/cifar/20260114184203_default_acc=53.50/tensorboard/Grad_mlp.fc2.lora_B_block_5/events.out.tfevents.1768387349.master-192-168-8-48.1680.9,mlp.fc2.lora_B,5
1768388930.7283082,2803,87.625,0.4713590145111084,Grad/mlp.fc2.lora_B,outputs_dev/vitb16/T=vtab_Q=3bit_L=lora_2_qkv-fc1-proj-fc2/cifar/20260114184203_default_acc=53.50/tensorboard/Grad_mlp.fc2.lora_B_block_5/events.out.tfevents.1768387349.master-192-168-8-48.1680.9,mlp.fc2.lora_B,5
1768388931.1431932,2804,87.65625,0.06177034229040146,Grad/mlp.fc2.lora_B,outputs_dev/vitb16/T=vtab_Q=3bit_L=lora_2_qkv-fc1-proj-fc2/cifar/20260114184203_default_acc=53.50/tensorboard/Grad_mlp.fc2.lora_B_block_5/events.out.tfevents.1768387349.master-192-168-8-48.1680.9,mlp.fc2.lora_B,5
1768388931.5568302,2805,87.6875,0.015146030113101006,Grad/mlp.fc2.lora_B,outputs_dev/vitb16/T=vtab_Q=3bit_L=lora_2_qkv-fc1-proj-fc2/cifar/20260114184203_default_acc=53.50/tensorboard/Grad_mlp.fc2.lora_B_block_5/events.out.tfevents.1768387349.master-192-168-8-48.1680.9,mlp.fc2.lora_B,5
1768388931.9668083,2806,87.71875,0.015893520787358284,Grad/mlp.fc2.lora_B,outputs_dev/vitb16/T=vtab_Q=3bit_L=lora_2_qkv-fc1-proj-fc2/cifar/20260114184203_default_acc=53.50/tensorboard/Grad_mlp.fc2.lora_B_block_5/events.out.tfevents.1768387349.master-192-168-8-48.1680.9,mlp.fc2.lora_B,5
1768388932.3736148,2807,87.75,0.05669431388378143,Grad/mlp.fc2.lora_B,outputs_dev/vitb16/T=vtab_Q=3bit_L=lora_2_qkv-fc1-proj-fc2/cifar/20260114184203_default_acc=53.50/tensorboard/Grad_mlp.fc2.lora_B_block_5/events.out.tfevents.1768387349.master-192-168-8-48.1680.9,mlp.fc2.lora_B,5
1768388932.7849152,2808,87.78125,0.097446508705616,Grad/mlp.fc2.lora_B,outputs_dev/vitb16/T=vtab_Q=3bit_L=lora_2_qkv-fc1-proj-fc2/cifar/20260114184203_default_acc=53.50/tensorboard/Grad_mlp.fc2.lora_B_block_5/events.out.tfevents.1768387349.master-192-168-8-48.1680.9,mlp.fc2.lora_B,5
1768388933.1991262,2809,87.8125,0.014440890401601791,Grad/mlp.fc2.lora_B,outputs_dev/vitb16/T=vtab_Q=3bit_L=lora_2_qkv-fc1-proj-fc2/cifar/20260114184203_default_acc=53.50/tensorboard/Grad_mlp.fc2.lora_B_block_5/events.out.tfevents.1768387349.master-192-168-8-48.1680.9,mlp.fc2.lora_B,5
1768388933.5935812,2810,87.84375,0.14778904616832733,Grad/mlp.fc2.lora_B,outputs_dev/vitb16/T=vtab_Q=3bit_L=lora_2_qkv-fc1-proj-fc2/cifar/20260114184203_default_acc=53.50/tensorboard/Grad_mlp.fc2.lora_B_block_5/events.out.tfevents.1768387349.master-192-168-8-48.1680.9,mlp.fc2.lora_B,5
1768388933.9902308,2811,87.875,0.23737561702728271,Grad/mlp.fc2.lora_B,outputs_dev/vitb16/T=vtab_Q=3bit_L=lora_2_qkv-fc1-proj-fc2/cifar/20260114184203_default_acc=53.50/tensorboard/Grad_mlp.fc2.lora_B_block_5/events.out.tfevents.1768387349.master-192-168-8-48.1680.9,mlp.fc2.lora_B,5
1768388934.3866148,2812,87.90625,0.030974427238106728,Grad/mlp.fc2.lora_B,outputs_dev/vitb16/T=vtab_Q=3bit_L=lora_2_qkv-fc1-proj-fc2/cifar/20260114184203_default_acc=53.50/tensorboard/Grad_mlp.fc2.lora_B_block_5/events.out.tfevents.1768387349.master-192-168-8-48.1680.9,mlp.fc2.lora_B,5
1768388934.7824838,2813,87.9375,0.026417361572384834,Grad/mlp.fc2.lora_B,outputs_dev/vitb16/T=vtab_Q=3bit_L=lora_2_qkv-fc1-proj-fc2/cifar/20260114184203_default_acc=53.50/tensorboard/Grad_mlp.fc2.lora_B_block_5/events.out.tfevents.1768387349.master-192-168-8-48.1680.9,mlp.fc2.lora_B,5
1768388935.1784484,2814,87.96875,0.01991116814315319,Grad/mlp.fc2.lora_B,outputs_dev/vitb16/T=vtab_Q=3bit_L=lora_2_qkv-fc1-proj-fc2/cifar/20260114184203_default_acc=53.50/tensorboard/Grad_mlp.fc2.lora_B_block_5/events.out.tfevents.1768387349.master-192-168-8-48.1680.9,mlp.fc2.lora_B,5
1768388935.3650215,2815,88.0,0.034765057265758514,Grad/mlp.fc2.lora_B,outputs_dev/vitb16/T=vtab_Q=3bit_L=lora_2_qkv-fc1-proj-fc2/cifar/20260114184203_default_acc=53.50/tensorboard/Grad_mlp.fc2.lora_B_block_5/events.out.tfevents.1768387349.master-192-168-8-48.1680.9,mlp.fc2.lora_B,5
1768388935.9534192,2816,88.03125,0.18098299205303192,Grad/mlp.fc2.lora_B,outputs_dev/vitb16/T=vtab_Q=3bit_L=lora_2_qkv-fc1-proj-fc2/cifar/20260114184203_default_acc=53.50/tensorboard/Grad_mlp.fc2.lora_B_block_5/events.out.tfevents.1768387349.master-192-168-8-48.1680.9,mlp.fc2.lora_B,5
1768388936.374323,2817,88.0625,0.016724703833460808,Grad/mlp.fc2.lora_B,outputs_dev/vitb16/T=vtab_Q=3bit_L=lora_2_qkv-fc1-proj-fc2/cifar/20260114184203_default_acc=53.50/tensorboard/Grad_mlp.fc2.lora_B_block_5/events.out.tfevents.1768387349.master-192-168-8-48.1680.9,mlp.fc2.lora_B,5
1768388936.7831845,2818,88.09375,0.017655430361628532,Grad/mlp.fc2.lora_B,outputs_dev/vitb16/T=vtab_Q=3bit_L=lora_2_qkv-fc1-proj-fc2/cifar/20260114184203_default_acc=53.50/tensorboard/Grad_mlp.fc2.lora_B_block_5/events.out.tfevents.1768387349.master-192-168-8-48.1680.9,mlp.fc2.lora_B,5
1768388937.1771498,2819,88.125,0.5396941304206848,Grad/mlp.fc2.lora_B,outputs_dev/vitb16/T=vtab_Q=3bit_L=lora_2_qkv-fc1-proj-fc2/cifar/20260114184203_default_acc=53.50/tensorboard/Grad_mlp.fc2.lora_B_block_5/events.out.tfevents.1768387349.master-192-168-8-48.1680.9,mlp.fc2.lora_B,5
1768388937.5899842,2820,88.15625,0.02166980504989624,Grad/mlp.fc2.lora_B,outputs_dev/vitb16/T=vtab_Q=3bit_L=lora_2_qkv-fc1-proj-fc2/cifar/20260114184203_default_acc=53.50/tensorboard/Grad_mlp.fc2.lora_B_block_5/events.out.tfevents.1768387349.master-192-168-8-48.1680.9,mlp.fc2.lora_B,5
1768388938.022239,2821,88.1875,0.027970552444458008,Grad/mlp.fc2.lora_B,outputs_dev/vitb16/T=vtab_Q=3bit_L=lora_2_qkv-fc1-proj-fc2/cifar/20260114184203_default_acc=53.50/tensorboard/Grad_mlp.fc2.lora_B_block_5/events.out.tfevents.1768387349.master-192-168-8-48.1680.9,mlp.fc2.lora_B,5
1768388938.418934,2822,88.21875,0.012441540136933327,Grad/mlp.fc2.lora_B,outputs_dev/vitb16/T=vtab_Q=3bit_L=lora_2_qkv-fc1-proj-fc2/cifar/20260114184203_default_acc=53.50/tensorboard/Grad_mlp.fc2.lora_B_block_5/events.out.tfevents.1768387349.master-192-168-8-48.1680.9,mlp.fc2.lora_B,5
1768388938.8116367,2823,88.25,0.04131322354078293,Grad/mlp.fc2.lora_B,outputs_dev/vitb16/T=vtab_Q=3bit_L=lora_2_qkv-fc1-proj-fc2/cifar/20260114184203_default_acc=53.50/tensorboard/Grad_mlp.fc2.lora_B_block_5/events.out.tfevents.1768387349.master-192-168-8-48.1680.9,mlp.fc2.lora_B,5
1768388939.2095926,2824,88.28125,0.025926318019628525,Grad/mlp.fc2.lora_B,outputs_dev/vitb16/T=vtab_Q=3bit_L=lora_2_qkv-fc1-proj-fc2/cifar/20260114184203_default_acc=53.50/tensorboard/Grad_mlp.fc2.lora_B_block_5/events.out.tfevents.1768387349.master-192-168-8-48.1680.9,mlp.fc2.lora_B,5
1768388939.5908656,2825,88.3125,0.0367632694542408,Grad/mlp.fc2.lora_B,outputs_dev/vitb16/T=vtab_Q=3bit_L=lora_2_qkv-fc1-proj-fc2/cifar/20260114184203_default_acc=53.50/tensorboard/Grad_mlp.fc2.lora_B_block_5/events.out.tfevents.1768387349.master-192-168-8-48.1680.9,mlp.fc2.lora_B,5
1768388939.974616,2826,88.34375,0.021132053807377815,Grad/mlp.fc2.lora_B,outputs_dev/vitb16/T=vtab_Q=3bit_L=lora_2_qkv-fc1-proj-fc2/cifar/20260114184203_default_acc=53.50/tensorboard/Grad_mlp.fc2.lora_B_block_5/events.out.tfevents.1768387349.master-192-168-8-48.1680.9,mlp.fc2.lora_B,5
1768388940.3682647,2827,88.375,0.018531113862991333,Grad/mlp.fc2.lora_B,outputs_dev/vitb16/T=vtab_Q=3bit_L=lora_2_qkv-fc1-proj-fc2/cifar/20260114184203_default_acc=53.50/tensorboard/Grad_mlp.fc2.lora_B_block_5/events.out.tfevents.1768387349.master-192-168-8-48.1680.9,mlp.fc2.lora_B,5
1768388940.8425007,2828,88.40625,0.026014499366283417,Grad/mlp.fc2.lora_B,outputs_dev/vitb16/T=vtab_Q=3bit_L=lora_2_qkv-fc1-proj-fc2/cifar/20260114184203_default_acc=53.50/tensorboard/Grad_mlp.fc2.lora_B_block_5/events.out.tfevents.1768387349.master-192-168-8-48.1680.9,mlp.fc2.lora_B,5
1768388941.227368,2829,88.4375,0.02148354984819889,Grad/mlp.fc2.lora_B,outputs_dev/vitb16/T=vtab_Q=3bit_L=lora_2_qkv-fc1-proj-fc2/cifar/20260114184203_default_acc=53.50/tensorboard/Grad_mlp.fc2.lora_B_block_5/events.out.tfevents.1768387349.master-192-168-8-48.1680.9,mlp.fc2.lora_B,5
1768388941.614947,2830,88.46875,0.017301887273788452,Grad/mlp.fc2.lora_B,outputs_dev/vitb16/T=vtab_Q=3bit_L=lora_2_qkv-fc1-proj-fc2/cifar/20260114184203_default_acc=53.50/tensorboard/Grad_mlp.fc2.lora_B_block_5/events.out.tfevents.1768387349.master-192-168-8-48.1680.9,mlp.fc2.lora_B,5
1768388942.0001783,2831,88.5,0.07376609742641449,Grad/mlp.fc2.lora_B,outputs_dev/vitb16/T=vtab_Q=3bit_L=lora_2_qkv-fc1-proj-fc2/cifar/20260114184203_default_acc=53.50/tensorboard/Grad_mlp.fc2.lora_B_block_5/events.out.tfevents.1768387349.master-192-168-8-48.1680.9,mlp.fc2.lora_B,5
1768388942.3860269,2832,88.53125,0.023888880386948586,Grad/mlp.fc2.lora_B,outputs_dev/vitb16/T=vtab_Q=3bit_L=lora_2_qkv-fc1-proj-fc2/cifar/20260114184203_default_acc=53.50/tensorboard/Grad_mlp.fc2.lora_B_block_5/events.out.tfevents.1768387349.master-192-168-8-48.1680.9,mlp.fc2.lora_B,5
1768388942.7872407,2833,88.5625,0.016606993973255157,Grad/mlp.fc2.lora_B,outputs_dev/vitb16/T=vtab_Q=3bit_L=lora_2_qkv-fc1-proj-fc2/cifar/20260114184203_default_acc=53.50/tensorboard/Grad_mlp.fc2.lora_B_block_5/events.out.tfevents.1768387349.master-192-168-8-48.1680.9,mlp.fc2.lora_B,5
1768388943.198754,2834,88.59375,0.2092171162366867,Grad/mlp.fc2.lora_B,outputs_dev/vitb16/T=vtab_Q=3bit_L=lora_2_qkv-fc1-proj-fc2/cifar/20260114184203_default_acc=53.50/tensorboard/Grad_mlp.fc2.lora_B_block_5/events.out.tfevents.1768387349.master-192-168-8-48.1680.9,mlp.fc2.lora_B,5
1768388943.5968773,2835,88.625,0.03799637407064438,Grad/mlp.fc2.lora_B,outputs_dev/vitb16/T=vtab_Q=3bit_L=lora_2_qkv-fc1-proj-fc2/cifar/20260114184203_default_acc=53.50/tensorboard/Grad_mlp.fc2.lora_B_block_5/events.out.tfevents.1768387349.master-192-168-8-48.1680.9,mlp.fc2.lora_B,5
1768388943.9903219,2836,88.65625,0.01882338337600231,Grad/mlp.fc2.lora_B,outputs_dev/vitb16/T=vtab_Q=3bit_L=lora_2_qkv-fc1-proj-fc2/cifar/20260114184203_default_acc=53.50/tensorboard/Grad_mlp.fc2.lora_B_block_5/events.out.tfevents.1768387349.master-192-168-8-48.1680.9,mlp.fc2.lora_B,5
1768388944.4067159,2837,88.6875,0.006817915476858616,Grad/mlp.fc2.lora_B,outputs_dev/vitb16/T=vtab_Q=3bit_L=lora_2_qkv-fc1-proj-fc2/cifar/20260114184203_default_acc=53.50/tensorboard/Grad_mlp.fc2.lora_B_block_5/events.out.tfevents.1768387349.master-192-168-8-48.1680.9,mlp.fc2.lora_B,5
1768388944.8017988,2838,88.71875,0.016364572569727898,Grad/mlp.fc2.lora_B,outputs_dev/vitb16/T=vtab_Q=3bit_L=lora_2_qkv-fc1-proj-fc2/cifar/20260114184203_default_acc=53.50/tensorboard/Grad_mlp.fc2.lora_B_block_5/events.out.tfevents.1768387349.master-192-168-8-48.1680.9,mlp.fc2.lora_B,5
1768388945.1933792,2839,88.75,0.008637280203402042,Grad/mlp.fc2.lora_B,outputs_dev/vitb16/T=vtab_Q=3bit_L=lora_2_qkv-fc1-proj-fc2/cifar/20260114184203_default_acc=53.50/tensorboard/Grad_mlp.fc2.lora_B_block_5/events.out.tfevents.1768387349.master-192-168-8-48.1680.9,mlp.fc2.lora_B,5
1768388945.5878947,2840,88.78125,0.3199450671672821,Grad/mlp.fc2.lora_B,outputs_dev/vitb16/T=vtab_Q=3bit_L=lora_2_qkv-fc1-proj-fc2/cifar/20260114184203_default_acc=53.50/tensorboard/Grad_mlp.fc2.lora_B_block_5/events.out.tfevents.1768387349.master-192-168-8-48.1680.9,mlp.fc2.lora_B,5
1768388945.98495,2841,88.8125,0.0670623630285263,Grad/mlp.fc2.lora_B,outputs_dev/vitb16/T=vtab_Q=3bit_L=lora_2_qkv-fc1-proj-fc2/cifar/20260114184203_default_acc=53.50/tensorboard/Grad_mlp.fc2.lora_B_block_5/events.out.tfevents.1768387349.master-192-168-8-48.1680.9,mlp.fc2.lora_B,5
1768388946.3770316,2842,88.84375,0.028884561732411385,Grad/mlp.fc2.lora_B,outputs_dev/vitb16/T=vtab_Q=3bit_L=lora_2_qkv-fc1-proj-fc2/cifar/20260114184203_default_acc=53.50/tensorboard/Grad_mlp.fc2.lora_B_block_5/events.out.tfevents.1768387349.master-192-168-8-48.1680.9,mlp.fc2.lora_B,5
1768388946.7715235,2843,88.875,0.036934252828359604,Grad/mlp.fc2.lora_B,outputs_dev/vitb16/T=vtab_Q=3bit_L=lora_2_qkv-fc1-proj-fc2/cifar/20260114184203_default_acc=53.50/tensorboard/Grad_mlp.fc2.lora_B_block_5/events.out.tfevents.1768387349.master-192-168-8-48.1680.9,mlp.fc2.lora_B,5
1768388947.164536,2844,88.90625,0.027420375496149063,Grad/mlp.fc2.lora_B,outputs_dev/vitb16/T=vtab_Q=3bit_L=lora_2_qkv-fc1-proj-fc2/cifar/20260114184203_default_acc=53.50/tensorboard/Grad_mlp.fc2.lora_B_block_5/events.out.tfevents.1768387349.master-192-168-8-48.1680.9,mlp.fc2.lora_B,5
1768388947.5561395,2845,88.9375,0.09040459245443344,Grad/mlp.fc2.lora_B,outputs_dev/vitb16/T=vtab_Q=3bit_L=lora_2_qkv-fc1-proj-fc2/cifar/20260114184203_default_acc=53.50/tensorboard/Grad_mlp.fc2.lora_B_block_5/events.out.tfevents.1768387349.master-192-168-8-48.1680.9,mlp.fc2.lora_B,5
1768388947.947531,2846,88.96875,0.024153737351298332,Grad/mlp.fc2.lora_B,outputs_dev/vitb16/T=vtab_Q=3bit_L=lora_2_qkv-fc1-proj-fc2/cifar/20260114184203_default_acc=53.50/tensorboard/Grad_mlp.fc2.lora_B_block_5/events.out.tfevents.1768387349.master-192-168-8-48.1680.9,mlp.fc2.lora_B,5
1768388948.122815,2847,89.0,0.021579816937446594,Grad/mlp.fc2.lora_B,outputs_dev/vitb16/T=vtab_Q=3bit_L=lora_2_qkv-fc1-proj-fc2/cifar/20260114184203_default_acc=53.50/tensorboard/Grad_mlp.fc2.lora_B_block_5/events.out.tfevents.1768387349.master-192-168-8-48.1680.9,mlp.fc2.lora_B,5
1768388948.7791226,2848,89.03125,0.030589912086725235,Grad/mlp.fc2.lora_B,outputs_dev/vitb16/T=vtab_Q=3bit_L=lora_2_qkv-fc1-proj-fc2/cifar/20260114184203_default_acc=53.50/tensorboard/Grad_mlp.fc2.lora_B_block_5/events.out.tfevents.1768387349.master-192-168-8-48.1680.9,mlp.fc2.lora_B,5
1768388949.1871443,2849,89.0625,0.018520237877964973,Grad/mlp.fc2.lora_B,outputs_dev/vitb16/T=vtab_Q=3bit_L=lora_2_qkv-fc1-proj-fc2/cifar/20260114184203_default_acc=53.50/tensorboard/Grad_mlp.fc2.lora_B_block_5/events.out.tfevents.1768387349.master-192-168-8-48.1680.9,mlp.fc2.lora_B,5
1768388949.58505,2850,89.09375,0.04301673546433449,Grad/mlp.fc2.lora_B,outputs_dev/vitb16/T=vtab_Q=3bit_L=lora_2_qkv-fc1-proj-fc2/cifar/20260114184203_default_acc=53.50/tensorboard/Grad_mlp.fc2.lora_B_block_5/events.out.tfevents.1768387349.master-192-168-8-48.1680.9,mlp.fc2.lora_B,5
1768388949.9965594,2851,89.125,0.05900152772665024,Grad/mlp.fc2.lora_B,outputs_dev/vitb16/T=vtab_Q=3bit_L=lora_2_qkv-fc1-proj-fc2/cifar/20260114184203_default_acc=53.50/tensorboard/Grad_mlp.fc2.lora_B_block_5/events.out.tfevents.1768387349.master-192-168-8-48.1680.9,mlp.fc2.lora_B,5
1768388950.3923426,2852,89.15625,0.11784561723470688,Grad/mlp.fc2.lora_B,outputs_dev/vitb16/T=vtab_Q=3bit_L=lora_2_qkv-fc1-proj-fc2/cifar/20260114184203_default_acc=53.50/tensorboard/Grad_mlp.fc2.lora_B_block_5/events.out.tfevents.1768387349.master-192-168-8-48.1680.9,mlp.fc2.lora_B,5
1768388950.7986815,2853,89.1875,0.024129627272486687,Grad/mlp.fc2.lora_B,outputs_dev/vitb16/T=vtab_Q=3bit_L=lora_2_qkv-fc1-proj-fc2/cifar/20260114184203_default_acc=53.50/tensorboard/Grad_mlp.fc2.lora_B_block_5/events.out.tfevents.1768387349.master-192-168-8-48.1680.9,mlp.fc2.lora_B,5
1768388951.209167,2854,89.21875,0.043854814022779465,Grad/mlp.fc2.lora_B,outputs_dev/vitb16/T=vtab_Q=3bit_L=lora_2_qkv-fc1-proj-fc2/cifar/20260114184203_default_acc=53.50/tensorboard/Grad_mlp.fc2.lora_B_block_5/events.out.tfevents.1768387349.master-192-168-8-48.1680.9,mlp.fc2.lora_B,5
1768388951.618066,2855,89.25,0.02440887689590454,Grad/mlp.fc2.lora_B,outputs_dev/vitb16/T=vtab_Q=3bit_L=lora_2_qkv-fc1-proj-fc2/cifar/20260114184203_default_acc=53.50/tensorboard/Grad_mlp.fc2.lora_B_block_5/events.out.tfevents.1768387349.master-192-168-8-48.1680.9,mlp.fc2.lora_B,5
1768388952.0217335,2856,89.28125,0.06972437351942062,Grad/mlp.fc2.lora_B,outputs_dev/vitb16/T=vtab_Q=3bit_L=lora_2_qkv-fc1-proj-fc2/cifar/20260114184203_default_acc=53.50/tensorboard/Grad_mlp.fc2.lora_B_block_5/events.out.tfevents.1768387349.master-192-168-8-48.1680.9,mlp.fc2.lora_B,5
1768388952.4164023,2857,89.3125,0.053380805999040604,Grad/mlp.fc2.lora_B,outputs_dev/vitb16/T=vtab_Q=3bit_L=lora_2_qkv-fc1-proj-fc2/cifar/20260114184203_default_acc=53.50/tensorboard/Grad_mlp.fc2.lora_B_block_5/events.out.tfevents.1768387349.master-192-168-8-48.1680.9,mlp.fc2.lora_B,5
1768388952.8092198,2858,89.34375,0.07102866470813751,Grad/mlp.fc2.lora_B,outputs_dev/vitb16/T=vtab_Q=3bit_L=lora_2_qkv-fc1-proj-fc2/cifar/20260114184203_default_acc=53.50/tensorboard/Grad_mlp.fc2.lora_B_block_5/events.out.tfevents.1768387349.master-192-168-8-48.1680.9,mlp.fc2.lora_B,5
1768388953.2049017,2859,89.375,0.07966829836368561,Grad/mlp.fc2.lora_B,outputs_dev/vitb16/T=vtab_Q=3bit_L=lora_2_qkv-fc1-proj-fc2/cifar/20260114184203_default_acc=53.50/tensorboard/Grad_mlp.fc2.lora_B_block_5/events.out.tfevents.1768387349.master-192-168-8-48.1680.9,mlp.fc2.lora_B,5
1768388953.5985296,2860,89.40625,0.029516348615288734,Grad/mlp.fc2.lora_B,outputs_dev/vitb16/T=vtab_Q=3bit_L=lora_2_qkv-fc1-proj-fc2/cifar/20260114184203_default_acc=53.50/tensorboard/Grad_mlp.fc2.lora_B_block_5/events.out.tfevents.1768387349.master-192-168-8-48.1680.9,mlp.fc2.lora_B,5
1768388953.9791992,2861,89.4375,0.08373755216598511,Grad/mlp.fc2.lora_B,outputs_dev/vitb16/T=vtab_Q=3bit_L=lora_2_qkv-fc1-proj-fc2/cifar/20260114184203_default_acc=53.50/tensorboard/Grad_mlp.fc2.lora_B_block_5/events.out.tfevents.1768387349.master-192-168-8-48.1680.9,mlp.fc2.lora_B,5
1768388954.3658335,2862,89.46875,0.07676930725574493,Grad/mlp.fc2.lora_B,outputs_dev/vitb16/T=vtab_Q=3bit_L=lora_2_qkv-fc1-proj-fc2/cifar/20260114184203_default_acc=53.50/tensorboard/Grad_mlp.fc2.lora_B_block_5/events.out.tfevents.1768387349.master-192-168-8-48.1680.9,mlp.fc2.lora_B,5
1768388954.7605748,2863,89.5,0.07006082683801651,Grad/mlp.fc2.lora_B,outputs_dev/vitb16/T=vtab_Q=3bit_L=lora_2_qkv-fc1-proj-fc2/cifar/20260114184203_default_acc=53.50/tensorboard/Grad_mlp.fc2.lora_B_block_5/events.out.tfevents.1768387349.master-192-168-8-48.1680.9,mlp.fc2.lora_B,5
1768388955.1665857,2864,89.53125,0.03525320068001747,Grad/mlp.fc2.lora_B,outputs_dev/vitb16/T=vtab_Q=3bit_L=lora_2_qkv-fc1-proj-fc2/cifar/20260114184203_default_acc=53.50/tensorboard/Grad_mlp.fc2.lora_B_block_5/events.out.tfevents.1768387349.master-192-168-8-48.1680.9,mlp.fc2.lora_B,5
1768388955.5935001,2865,89.5625,0.019935745745897293,Grad/mlp.fc2.lora_B,outputs_dev/vitb16/T=vtab_Q=3bit_L=lora_2_qkv-fc1-proj-fc2/cifar/20260114184203_default_acc=53.50/tensorboard/Grad_mlp.fc2.lora_B_block_5/events.out.tfevents.1768387349.master-192-168-8-48.1680.9,mlp.fc2.lora_B,5
1768388956.003841,2866,89.59375,0.04887942597270012,Grad/mlp.fc2.lora_B,outputs_dev/vitb16/T=vtab_Q=3bit_L=lora_2_qkv-fc1-proj-fc2/cifar/20260114184203_default_acc=53.50/tensorboard/Grad_mlp.fc2.lora_B_block_5/events.out.tfevents.1768387349.master-192-168-8-48.1680.9,mlp.fc2.lora_B,5
1768388956.3967388,2867,89.625,0.013285678811371326,Grad/mlp.fc2.lora_B,outputs_dev/vitb16/T=vtab_Q=3bit_L=lora_2_qkv-fc1-proj-fc2/cifar/20260114184203_default_acc=53.50/tensorboard/Grad_mlp.fc2.lora_B_block_5/events.out.tfevents.1768387349.master-192-168-8-48.1680.9,mlp.fc2.lora_B,5
1768388956.7877502,2868,89.65625,0.07962503284215927,Grad/mlp.fc2.lora_B,outputs_dev/vitb16/T=vtab_Q=3bit_L=lora_2_qkv-fc1-proj-fc2/cifar/20260114184203_default_acc=53.50/tensorboard/Grad_mlp.fc2.lora_B_block_5/events.out.tfevents.1768387349.master-192-168-8-48.1680.9,mlp.fc2.lora_B,5
1768388957.1835487,2869,89.6875,0.012726237997412682,Grad/mlp.fc2.lora_B,outputs_dev/vitb16/T=vtab_Q=3bit_L=lora_2_qkv-fc1-proj-fc2/cifar/20260114184203_default_acc=53.50/tensorboard/Grad_mlp.fc2.lora_B_block_5/events.out.tfevents.1768387349.master-192-168-8-48.1680.9,mlp.fc2.lora_B,5
1768388957.5749006,2870,89.71875,0.028942639008164406,Grad/mlp.fc2.lora_B,outputs_dev/vitb16/T=vtab_Q=3bit_L=lora_2_qkv-fc1-proj-fc2/cifar/20260114184203_default_acc=53.50/tensorboard/Grad_mlp.fc2.lora_B_block_5/events.out.tfevents.1768387349.master-192-168-8-48.1680.9,mlp.fc2.lora_B,5
1768388957.967967,2871,89.75,0.024983299896121025,Grad/mlp.fc2.lora_B,outputs_dev/vitb16/T=vtab_Q=3bit_L=lora_2_qkv-fc1-proj-fc2/cifar/20260114184203_default_acc=53.50/tensorboard/Grad_mlp.fc2.lora_B_block_5/events.out.tfevents.1768387349.master-192-168-8-48.1680.9,mlp.fc2.lora_B,5
1768388958.3608613,2872,89.78125,0.09792051464319229,Grad/mlp.fc2.lora_B,outputs_dev/vitb16/T=vtab_Q=3bit_L=lora_2_qkv-fc1-proj-fc2/cifar/20260114184203_default_acc=53.50/tensorboard/Grad_mlp.fc2.lora_B_block_5/events.out.tfevents.1768387349.master-192-168-8-48.1680.9,mlp.fc2.lora_B,5
1768388958.7519536,2873,89.8125,0.03412450850009918,Grad/mlp.fc2.lora_B,outputs_dev/vitb16/T=vtab_Q=3bit_L=lora_2_qkv-fc1-proj-fc2/cifar/20260114184203_default_acc=53.50/tensorboard/Grad_mlp.fc2.lora_B_block_5/events.out.tfevents.1768387349.master-192-168-8-48.1680.9,mlp.fc2.lora_B,5
1768388959.145671,2874,89.84375,0.02116447500884533,Grad/mlp.fc2.lora_B,outputs_dev/vitb16/T=vtab_Q=3bit_L=lora_2_qkv-fc1-proj-fc2/cifar/20260114184203_default_acc=53.50/tensorboard/Grad_mlp.fc2.lora_B_block_5/events.out.tfevents.1768387349.master-192-168-8-48.1680.9,mlp.fc2.lora_B,5
1768388959.5555937,2875,89.875,0.03836571052670479,Grad/mlp.fc2.lora_B,outputs_dev/vitb16/T=vtab_Q=3bit_L=lora_2_qkv-fc1-proj-fc2/cifar/20260114184203_default_acc=53.50/tensorboard/Grad_mlp.fc2.lora_B_block_5/events.out.tfevents.1768387349.master-192-168-8-48.1680.9,mlp.fc2.lora_B,5
1768388959.9507492,2876,89.90625,0.013911625370383263,Grad/mlp.fc2.lora_B,outputs_dev/vitb16/T=vtab_Q=3bit_L=lora_2_qkv-fc1-proj-fc2/cifar/20260114184203_default_acc=53.50/tensorboard/Grad_mlp.fc2.lora_B_block_5/events.out.tfevents.1768387349.master-192-168-8-48.1680.9,mlp.fc2.lora_B,5
1768388960.3474543,2877,89.9375,0.02193661965429783,Grad/mlp.fc2.lora_B,outputs_dev/vitb16/T=vtab_Q=3bit_L=lora_2_qkv-fc1-proj-fc2/cifar/20260114184203_default_acc=53.50/tensorboard/Grad_mlp.fc2.lora_B_block_5/events.out.tfevents.1768387349.master-192-168-8-48.1680.9,mlp.fc2.lora_B,5
1768388960.7439451,2878,89.96875,0.31361427903175354,Grad/mlp.fc2.lora_B,outputs_dev/vitb16/T=vtab_Q=3bit_L=lora_2_qkv-fc1-proj-fc2/cifar/20260114184203_default_acc=53.50/tensorboard/Grad_mlp.fc2.lora_B_block_5/events.out.tfevents.1768387349.master-192-168-8-48.1680.9,mlp.fc2.lora_B,5
1768388961.0501244,2879,90.0,0.059213537722826004,Grad/mlp.fc2.lora_B,outputs_dev/vitb16/T=vtab_Q=3bit_L=lora_2_qkv-fc1-proj-fc2/cifar/20260114184203_default_acc=53.50/tensorboard/Grad_mlp.fc2.lora_B_block_5/events.out.tfevents.1768387349.master-192-168-8-48.1680.9,mlp.fc2.lora_B,5
1768388961.8429136,2880,90.03125,0.0419897697865963,Grad/mlp.fc2.lora_B,outputs_dev/vitb16/T=vtab_Q=3bit_L=lora_2_qkv-fc1-proj-fc2/cifar/20260114184203_default_acc=53.50/tensorboard/Grad_mlp.fc2.lora_B_block_5/events.out.tfevents.1768387349.master-192-168-8-48.1680.9,mlp.fc2.lora_B,5
1768388962.253855,2881,90.0625,0.023646119982004166,Grad/mlp.fc2.lora_B,outputs_dev/vitb16/T=vtab_Q=3bit_L=lora_2_qkv-fc1-proj-fc2/cifar/20260114184203_default_acc=53.50/tensorboard/Grad_mlp.fc2.lora_B_block_5/events.out.tfevents.1768387349.master-192-168-8-48.1680.9,mlp.fc2.lora_B,5
1768388962.6667821,2882,90.09375,0.022966640070080757,Grad/mlp.fc2.lora_B,outputs_dev/vitb16/T=vtab_Q=3bit_L=lora_2_qkv-fc1-proj-fc2/cifar/20260114184203_default_acc=53.50/tensorboard/Grad_mlp.fc2.lora_B_block_5/events.out.tfevents.1768387349.master-192-168-8-48.1680.9,mlp.fc2.lora_B,5
1768388963.060368,2883,90.125,0.05186561867594719,Grad/mlp.fc2.lora_B,outputs_dev/vitb16/T=vtab_Q=3bit_L=lora_2_qkv-fc1-proj-fc2/cifar/20260114184203_default_acc=53.50/tensorboard/Grad_mlp.fc2.lora_B_block_5/events.out.tfevents.1768387349.master-192-168-8-48.1680.9,mlp.fc2.lora_B,5
1768388963.4512792,2884,90.15625,0.048191674053668976,Grad/mlp.fc2.lora_B,outputs_dev/vitb16/T=vtab_Q=3bit_L=lora_2_qkv-fc1-proj-fc2/cifar/20260114184203_default_acc=53.50/tensorboard/Grad_mlp.fc2.lora_B_block_5/events.out.tfevents.1768387349.master-192-168-8-48.1680.9,mlp.fc2.lora_B,5
1768388963.8418481,2885,90.1875,0.04846759885549545,Grad/mlp.fc2.lora_B,outputs_dev/vitb16/T=vtab_Q=3bit_L=lora_2_qkv-fc1-proj-fc2/cifar/20260114184203_default_acc=53.50/tensorboard/Grad_mlp.fc2.lora_B_block_5/events.out.tfevents.1768387349.master-192-168-8-48.1680.9,mlp.fc2.lora_B,5
1768388964.2351847,2886,90.21875,0.11429428309202194,Grad/mlp.fc2.lora_B,outputs_dev/vitb16/T=vtab_Q=3bit_L=lora_2_qkv-fc1-proj-fc2/cifar/20260114184203_default_acc=53.50/tensorboard/Grad_mlp.fc2.lora_B_block_5/events.out.tfevents.1768387349.master-192-168-8-48.1680.9,mlp.fc2.lora_B,5
1768388964.6260388,2887,90.25,0.0253251101821661,Grad/mlp.fc2.lora_B,outputs_dev/vitb16/T=vtab_Q=3bit_L=lora_2_qkv-fc1-proj-fc2/cifar/20260114184203_default_acc=53.50/tensorboard/Grad_mlp.fc2.lora_B_block_5/events.out.tfevents.1768387349.master-192-168-8-48.1680.9,mlp.fc2.lora_B,5
1768388965.035237,2888,90.28125,0.05708499997854233,Grad/mlp.fc2.lora_B,outputs_dev/vitb16/T=vtab_Q=3bit_L=lora_2_qkv-fc1-proj-fc2/cifar/20260114184203_default_acc=53.50/tensorboard/Grad_mlp.fc2.lora_B_block_5/events.out.tfevents.1768387349.master-192-168-8-48.1680.9,mlp.fc2.lora_B,5
1768388965.441383,2889,90.3125,0.04533034563064575,Grad/mlp.fc2.lora_B,outputs_dev/vitb16/T=vtab_Q=3bit_L=lora_2_qkv-fc1-proj-fc2/cifar/20260114184203_default_acc=53.50/tensorboard/Grad_mlp.fc2.lora_B_block_5/events.out.tfevents.1768387349.master-192-168-8-48.1680.9,mlp.fc2.lora_B,5
1768388965.8338532,2890,90.34375,0.02359960228204727,Grad/mlp.fc2.lora_B,outputs_dev/vitb16/T=vtab_Q=3bit_L=lora_2_qkv-fc1-proj-fc2/cifar/20260114184203_default_acc=53.50/tensorboard/Grad_mlp.fc2.lora_B_block_5/events.out.tfevents.1768387349.master-192-168-8-48.1680.9,mlp.fc2.lora_B,5
1768388966.2409456,2891,90.375,0.007651498541235924,Grad/mlp.fc2.lora_B,outputs_dev/vitb16/T=vtab_Q=3bit_L=lora_2_qkv-fc1-proj-fc2/cifar/20260114184203_default_acc=53.50/tensorboard/Grad_mlp.fc2.lora_B_block_5/events.out.tfevents.1768387349.master-192-168-8-48.1680.9,mlp.fc2.lora_B,5
1768388966.6328166,2892,90.40625,0.04417407885193825,Grad/mlp.fc2.lora_B,outputs_dev/vitb16/T=vtab_Q=3bit_L=lora_2_qkv-fc1-proj-fc2/cifar/20260114184203_default_acc=53.50/tensorboard/Grad_mlp.fc2.lora_B_block_5/events.out.tfevents.1768387349.master-192-168-8-48.1680.9,mlp.fc2.lora_B,5
1768388967.028082,2893,90.4375,0.015077308751642704,Grad/mlp.fc2.lora_B,outputs_dev/vitb16/T=vtab_Q=3bit_L=lora_2_qkv-fc1-proj-fc2/cifar/20260114184203_default_acc=53.50/tensorboard/Grad_mlp.fc2.lora_B_block_5/events.out.tfevents.1768387349.master-192-168-8-48.1680.9,mlp.fc2.lora_B,5
1768388967.4209177,2894,90.46875,0.021519185975193977,Grad/mlp.fc2.lora_B,outputs_dev/vitb16/T=vtab_Q=3bit_L=lora_2_qkv-fc1-proj-fc2/cifar/20260114184203_default_acc=53.50/tensorboard/Grad_mlp.fc2.lora_B_block_5/events.out.tfevents.1768387349.master-192-168-8-48.1680.9,mlp.fc2.lora_B,5
1768388967.8267665,2895,90.5,0.01575526036322117,Grad/mlp.fc2.lora_B,outputs_dev/vitb16/T=vtab_Q=3bit_L=lora_2_qkv-fc1-proj-fc2/cifar/20260114184203_default_acc=53.50/tensorboard/Grad_mlp.fc2.lora_B_block_5/events.out.tfevents.1768387349.master-192-168-8-48.1680.9,mlp.fc2.lora_B,5
1768388968.2196608,2896,90.53125,0.024863814935088158,Grad/mlp.fc2.lora_B,outputs_dev/vitb16/T=vtab_Q=3bit_L=lora_2_qkv-fc1-proj-fc2/cifar/20260114184203_default_acc=53.50/tensorboard/Grad_mlp.fc2.lora_B_block_5/events.out.tfevents.1768387349.master-192-168-8-48.1680.9,mlp.fc2.lora_B,5
1768388968.6118186,2897,90.5625,0.05422738939523697,Grad/mlp.fc2.lora_B,outputs_dev/vitb16/T=vtab_Q=3bit_L=lora_2_qkv-fc1-proj-fc2/cifar/20260114184203_default_acc=53.50/tensorboard/Grad_mlp.fc2.lora_B_block_5/events.out.tfevents.1768387349.master-192-168-8-48.1680.9,mlp.fc2.lora_B,5
1768388969.0060868,2898,90.59375,0.008032139390707016,Grad/mlp.fc2.lora_B,outputs_dev/vitb16/T=vtab_Q=3bit_L=lora_2_qkv-fc1-proj-fc2/cifar/20260114184203_default_acc=53.50/tensorboard/Grad_mlp.fc2.lora_B_block_5/events.out.tfevents.1768387349.master-192-168-8-48.1680.9,mlp.fc2.lora_B,5
1768388969.3976324,2899,90.625,0.01505950465798378,Grad/mlp.fc2.lora_B,outputs_dev/vitb16/T=vtab_Q=3bit_L=lora_2_qkv-fc1-proj-fc2/cifar/20260114184203_default_acc=53.50/tensorboard/Grad_mlp.fc2.lora_B_block_5/events.out.tfevents.1768387349.master-192-168-8-48.1680.9,mlp.fc2.lora_B,5
1768388969.796151,2900,90.65625,0.019611241295933723,Grad/mlp.fc2.lora_B,outputs_dev/vitb16/T=vtab_Q=3bit_L=lora_2_qkv-fc1-proj-fc2/cifar/20260114184203_default_acc=53.50/tensorboard/Grad_mlp.fc2.lora_B_block_5/events.out.tfevents.1768387349.master-192-168-8-48.1680.9,mlp.fc2.lora_B,5
1768388970.2069232,2901,90.6875,0.07230819761753082,Grad/mlp.fc2.lora_B,outputs_dev/vitb16/T=vtab_Q=3bit_L=lora_2_qkv-fc1-proj-fc2/cifar/20260114184203_default_acc=53.50/tensorboard/Grad_mlp.fc2.lora_B_block_5/events.out.tfevents.1768387349.master-192-168-8-48.1680.9,mlp.fc2.lora_B,5
1768388970.6009846,2902,90.71875,0.015135981142520905,Grad/mlp.fc2.lora_B,outputs_dev/vitb16/T=vtab_Q=3bit_L=lora_2_qkv-fc1-proj-fc2/cifar/20260114184203_default_acc=53.50/tensorboard/Grad_mlp.fc2.lora_B_block_5/events.out.tfevents.1768387349.master-192-168-8-48.1680.9,mlp.fc2.lora_B,5
1768388971.003157,2903,90.75,0.016636231914162636,Grad/mlp.fc2.lora_B,outputs_dev/vitb16/T=vtab_Q=3bit_L=lora_2_qkv-fc1-proj-fc2/cifar/20260114184203_default_acc=53.50/tensorboard/Grad_mlp.fc2.lora_B_block_5/events.out.tfevents.1768387349.master-192-168-8-48.1680.9,mlp.fc2.lora_B,5
1768388971.4124358,2904,90.78125,0.015922117978334427,Grad/mlp.fc2.lora_B,outputs_dev/vitb16/T=vtab_Q=3bit_L=lora_2_qkv-fc1-proj-fc2/cifar/20260114184203_default_acc=53.50/tensorboard/Grad_mlp.fc2.lora_B_block_5/events.out.tfevents.1768387349.master-192-168-8-48.1680.9,mlp.fc2.lora_B,5
1768388971.8081539,2905,90.8125,0.12414776533842087,Grad/mlp.fc2.lora_B,outputs_dev/vitb16/T=vtab_Q=3bit_L=lora_2_qkv-fc1-proj-fc2/cifar/20260114184203_default_acc=53.50/tensorboard/Grad_mlp.fc2.lora_B_block_5/events.out.tfevents.1768387349.master-192-168-8-48.1680.9,mlp.fc2.lora_B,5
1768388972.2063339,2906,90.84375,0.03898726776242256,Grad/mlp.fc2.lora_B,outputs_dev/vitb16/T=vtab_Q=3bit_L=lora_2_qkv-fc1-proj-fc2/cifar/20260114184203_default_acc=53.50/tensorboard/Grad_mlp.fc2.lora_B_block_5/events.out.tfevents.1768387349.master-192-168-8-48.1680.9,mlp.fc2.lora_B,5
1768388972.6094737,2907,90.875,0.05350242182612419,Grad/mlp.fc2.lora_B,outputs_dev/vitb16/T=vtab_Q=3bit_L=lora_2_qkv-fc1-proj-fc2/cifar/20260114184203_default_acc=53.50/tensorboard/Grad_mlp.fc2.lora_B_block_5/events.out.tfevents.1768387349.master-192-168-8-48.1680.9,mlp.fc2.lora_B,5
1768388973.0013635,2908,90.90625,0.05040193349123001,Grad/mlp.fc2.lora_B,outputs_dev/vitb16/T=vtab_Q=3bit_L=lora_2_qkv-fc1-proj-fc2/cifar/20260114184203_default_acc=53.50/tensorboard/Grad_mlp.fc2.lora_B_block_5/events.out.tfevents.1768387349.master-192-168-8-48.1680.9,mlp.fc2.lora_B,5
1768388973.415883,2909,90.9375,0.022427454590797424,Grad/mlp.fc2.lora_B,outputs_dev/vitb16/T=vtab_Q=3bit_L=lora_2_qkv-fc1-proj-fc2/cifar/20260114184203_default_acc=53.50/tensorboard/Grad_mlp.fc2.lora_B_block_5/events.out.tfevents.1768387349.master-192-168-8-48.1680.9,mlp.fc2.lora_B,5
1768388973.8279288,2910,90.96875,0.04256836324930191,Grad/mlp.fc2.lora_B,outputs_dev/vitb16/T=vtab_Q=3bit_L=lora_2_qkv-fc1-proj-fc2/cifar/20260114184203_default_acc=53.50/tensorboard/Grad_mlp.fc2.lora_B_block_5/events.out.tfevents.1768387349.master-192-168-8-48.1680.9,mlp.fc2.lora_B,5
1768388974.0517242,2911,91.0,0.029245980083942413,Grad/mlp.fc2.lora_B,outputs_dev/vitb16/T=vtab_Q=3bit_L=lora_2_qkv-fc1-proj-fc2/cifar/20260114184203_default_acc=53.50/tensorboard/Grad_mlp.fc2.lora_B_block_5/events.out.tfevents.1768387349.master-192-168-8-48.1680.9,mlp.fc2.lora_B,5
1768389010.3856163,2912,91.03125,0.03212888166308403,Grad/mlp.fc2.lora_B,outputs_dev/vitb16/T=vtab_Q=3bit_L=lora_2_qkv-fc1-proj-fc2/cifar/20260114184203_default_acc=53.50/tensorboard/Grad_mlp.fc2.lora_B_block_5/events.out.tfevents.1768387349.master-192-168-8-48.1680.9,mlp.fc2.lora_B,5
1768389010.7967825,2913,91.0625,0.031853627413511276,Grad/mlp.fc2.lora_B,outputs_dev/vitb16/T=vtab_Q=3bit_L=lora_2_qkv-fc1-proj-fc2/cifar/20260114184203_default_acc=53.50/tensorboard/Grad_mlp.fc2.lora_B_block_5/events.out.tfevents.1768387349.master-192-168-8-48.1680.9,mlp.fc2.lora_B,5
1768389011.193638,2914,91.09375,0.016207557171583176,Grad/mlp.fc2.lora_B,outputs_dev/vitb16/T=vtab_Q=3bit_L=lora_2_qkv-fc1-proj-fc2/cifar/20260114184203_default_acc=53.50/tensorboard/Grad_mlp.fc2.lora_B_block_5/events.out.tfevents.1768387349.master-192-168-8-48.1680.9,mlp.fc2.lora_B,5
1768389011.587727,2915,91.125,0.018481479957699776,Grad/mlp.fc2.lora_B,outputs_dev/vitb16/T=vtab_Q=3bit_L=lora_2_qkv-fc1-proj-fc2/cifar/20260114184203_default_acc=53.50/tensorboard/Grad_mlp.fc2.lora_B_block_5/events.out.tfevents.1768387349.master-192-168-8-48.1680.9,mlp.fc2.lora_B,5
1768389011.9794877,2916,91.15625,0.1480645388364792,Grad/mlp.fc2.lora_B,outputs_dev/vitb16/T=vtab_Q=3bit_L=lora_2_qkv-fc1-proj-fc2/cifar/20260114184203_default_acc=53.50/tensorboard/Grad_mlp.fc2.lora_B_block_5/events.out.tfevents.1768387349.master-192-168-8-48.1680.9,mlp.fc2.lora_B,5
1768389012.3709943,2917,91.1875,0.08442246913909912,Grad/mlp.fc2.lora_B,outputs_dev/vitb16/T=vtab_Q=3bit_L=lora_2_qkv-fc1-proj-fc2/cifar/20260114184203_default_acc=53.50/tensorboard/Grad_mlp.fc2.lora_B_block_5/events.out.tfevents.1768387349.master-192-168-8-48.1680.9,mlp.fc2.lora_B,5
1768389012.7656474,2918,91.21875,0.23918771743774414,Grad/mlp.fc2.lora_B,outputs_dev/vitb16/T=vtab_Q=3bit_L=lora_2_qkv-fc1-proj-fc2/cifar/20260114184203_default_acc=53.50/tensorboard/Grad_mlp.fc2.lora_B_block_5/events.out.tfevents.1768387349.master-192-168-8-48.1680.9,mlp.fc2.lora_B,5
1768389013.175567,2919,91.25,0.20171357691287994,Grad/mlp.fc2.lora_B,outputs_dev/vitb16/T=vtab_Q=3bit_L=lora_2_qkv-fc1-proj-fc2/cifar/20260114184203_default_acc=53.50/tensorboard/Grad_mlp.fc2.lora_B_block_5/events.out.tfevents.1768387349.master-192-168-8-48.1680.9,mlp.fc2.lora_B,5
1768389013.5847242,2920,91.28125,0.03984954580664635,Grad/mlp.fc2.lora_B,outputs_dev/vitb16/T=vtab_Q=3bit_L=lora_2_qkv-fc1-proj-fc2/cifar/20260114184203_default_acc=53.50/tensorboard/Grad_mlp.fc2.lora_B_block_5/events.out.tfevents.1768387349.master-192-168-8-48.1680.9,mlp.fc2.lora_B,5
1768389013.9810147,2921,91.3125,0.01813609153032303,Grad/mlp.fc2.lora_B,outputs_dev/vitb16/T=vtab_Q=3bit_L=lora_2_qkv-fc1-proj-fc2/cifar/20260114184203_default_acc=53.50/tensorboard/Grad_mlp.fc2.lora_B_block_5/events.out.tfevents.1768387349.master-192-168-8-48.1680.9,mlp.fc2.lora_B,5
1768389014.3742852,2922,91.34375,0.009641648270189762,Grad/mlp.fc2.lora_B,outputs_dev/vitb16/T=vtab_Q=3bit_L=lora_2_qkv-fc1-proj-fc2/cifar/20260114184203_default_acc=53.50/tensorboard/Grad_mlp.fc2.lora_B_block_5/events.out.tfevents.1768387349.master-192-168-8-48.1680.9,mlp.fc2.lora_B,5
1768389014.7734354,2923,91.375,0.018128830939531326,Grad/mlp.fc2.lora_B,outputs_dev/vitb16/T=vtab_Q=3bit_L=lora_2_qkv-fc1-proj-fc2/cifar/20260114184203_default_acc=53.50/tensorboard/Grad_mlp.fc2.lora_B_block_5/events.out.tfevents.1768387349.master-192-168-8-48.1680.9,mlp.fc2.lora_B,5
1768389015.167531,2924,91.40625,0.09980961680412292,Grad/mlp.fc2.lora_B,outputs_dev/vitb16/T=vtab_Q=3bit_L=lora_2_qkv-fc1-proj-fc2/cifar/20260114184203_default_acc=53.50/tensorboard/Grad_mlp.fc2.lora_B_block_5/events.out.tfevents.1768387349.master-192-168-8-48.1680.9,mlp.fc2.lora_B,5
1768389015.5633311,2925,91.4375,0.01704312115907669,Grad/mlp.fc2.lora_B,outputs_dev/vitb16/T=vtab_Q=3bit_L=lora_2_qkv-fc1-proj-fc2/cifar/20260114184203_default_acc=53.50/tensorboard/Grad_mlp.fc2.lora_B_block_5/events.out.tfevents.1768387349.master-192-168-8-48.1680.9,mlp.fc2.lora_B,5
1768389015.9555783,2926,91.46875,0.01850689761340618,Grad/mlp.fc2.lora_B,outputs_dev/vitb16/T=vtab_Q=3bit_L=lora_2_qkv-fc1-proj-fc2/cifar/20260114184203_default_acc=53.50/tensorboard/Grad_mlp.fc2.lora_B_block_5/events.out.tfevents.1768387349.master-192-168-8-48.1680.9,mlp.fc2.lora_B,5
1768389016.3484862,2927,91.5,0.023398898541927338,Grad/mlp.fc2.lora_B,outputs_dev/vitb16/T=vtab_Q=3bit_L=lora_2_qkv-fc1-proj-fc2/cifar/20260114184203_default_acc=53.50/tensorboard/Grad_mlp.fc2.lora_B_block_5/events.out.tfevents.1768387349.master-192-168-8-48.1680.9,mlp.fc2.lora_B,5
1768389016.7482443,2928,91.53125,0.015872376039624214,Grad/mlp.fc2.lora_B,outputs_dev/vitb16/T=vtab_Q=3bit_L=lora_2_qkv-fc1-proj-fc2/cifar/20260114184203_default_acc=53.50/tensorboard/Grad_mlp.fc2.lora_B_block_5/events.out.tfevents.1768387349.master-192-168-8-48.1680.9,mlp.fc2.lora_B,5
1768389017.1423728,2929,91.5625,0.021405626088380814,Grad/mlp.fc2.lora_B,outputs_dev/vitb16/T=vtab_Q=3bit_L=lora_2_qkv-fc1-proj-fc2/cifar/20260114184203_default_acc=53.50/tensorboard/Grad_mlp.fc2.lora_B_block_5/events.out.tfevents.1768387349.master-192-168-8-48.1680.9,mlp.fc2.lora_B,5
1768389017.5393722,2930,91.59375,0.03010830655694008,Grad/mlp.fc2.lora_B,outputs_dev/vitb16/T=vtab_Q=3bit_L=lora_2_qkv-fc1-proj-fc2/cifar/20260114184203_default_acc=53.50/tensorboard/Grad_mlp.fc2.lora_B_block_5/events.out.tfevents.1768387349.master-192-168-8-48.1680.9,mlp.fc2.lora_B,5
1768389017.9382114,2931,91.625,0.061422284692525864,Grad/mlp.fc2.lora_B,outputs_dev/vitb16/T=vtab_Q=3bit_L=lora_2_qkv-fc1-proj-fc2/cifar/20260114184203_default_acc=53.50/tensorboard/Grad_mlp.fc2.lora_B_block_5/events.out.tfevents.1768387349.master-192-168-8-48.1680.9,mlp.fc2.lora_B,5
1768389018.3310826,2932,91.65625,0.062397222965955734,Grad/mlp.fc2.lora_B,outputs_dev/vitb16/T=vtab_Q=3bit_L=lora_2_qkv-fc1-proj-fc2/cifar/20260114184203_default_acc=53.50/tensorboard/Grad_mlp.fc2.lora_B_block_5/events.out.tfevents.1768387349.master-192-168-8-48.1680.9,mlp.fc2.lora_B,5
1768389018.7173958,2933,91.6875,0.024867704138159752,Grad/mlp.fc2.lora_B,outputs_dev/vitb16/T=vtab_Q=3bit_L=lora_2_qkv-fc1-proj-fc2/cifar/20260114184203_default_acc=53.50/tensorboard/Grad_mlp.fc2.lora_B_block_5/events.out.tfevents.1768387349.master-192-168-8-48.1680.9,mlp.fc2.lora_B,5
1768389019.1219833,2934,91.71875,0.024946723133325577,Grad/mlp.fc2.lora_B,outputs_dev/vitb16/T=vtab_Q=3bit_L=lora_2_qkv-fc1-proj-fc2/cifar/20260114184203_default_acc=53.50/tensorboard/Grad_mlp.fc2.lora_B_block_5/events.out.tfevents.1768387349.master-192-168-8-48.1680.9,mlp.fc2.lora_B,5
1768389019.529261,2935,91.75,0.01893758401274681,Grad/mlp.fc2.lora_B,outputs_dev/vitb16/T=vtab_Q=3bit_L=lora_2_qkv-fc1-proj-fc2/cifar/20260114184203_default_acc=53.50/tensorboard/Grad_mlp.fc2.lora_B_block_5/events.out.tfevents.1768387349.master-192-168-8-48.1680.9,mlp.fc2.lora_B,5
1768389019.9442315,2936,91.78125,0.1255696564912796,Grad/mlp.fc2.lora_B,outputs_dev/vitb16/T=vtab_Q=3bit_L=lora_2_qkv-fc1-proj-fc2/cifar/20260114184203_default_acc=53.50/tensorboard/Grad_mlp.fc2.lora_B_block_5/events.out.tfevents.1768387349.master-192-168-8-48.1680.9,mlp.fc2.lora_B,5
1768389020.3422747,2937,91.8125,0.019142936915159225,Grad/mlp.fc2.lora_B,outputs_dev/vitb16/T=vtab_Q=3bit_L=lora_2_qkv-fc1-proj-fc2/cifar/20260114184203_default_acc=53.50/tensorboard/Grad_mlp.fc2.lora_B_block_5/events.out.tfevents.1768387349.master-192-168-8-48.1680.9,mlp.fc2.lora_B,5
1768389020.7397807,2938,91.84375,0.011126761324703693,Grad/mlp.fc2.lora_B,outputs_dev/vitb16/T=vtab_Q=3bit_L=lora_2_qkv-fc1-proj-fc2/cifar/20260114184203_default_acc=53.50/tensorboard/Grad_mlp.fc2.lora_B_block_5/events.out.tfevents.1768387349.master-192-168-8-48.1680.9,mlp.fc2.lora_B,5
1768389021.1502745,2939,91.875,0.03488437831401825,Grad/mlp.fc2.lora_B,outputs_dev/vitb16/T=vtab_Q=3bit_L=lora_2_qkv-fc1-proj-fc2/cifar/20260114184203_default_acc=53.50/tensorboard/Grad_mlp.fc2.lora_B_block_5/events.out.tfevents.1768387349.master-192-168-8-48.1680.9,mlp.fc2.lora_B,5
1768389021.5476186,2940,91.90625,0.02901546284556389,Grad/mlp.fc2.lora_B,outputs_dev/vitb16/T=vtab_Q=3bit_L=lora_2_qkv-fc1-proj-fc2/cifar/20260114184203_default_acc=53.50/tensorboard/Grad_mlp.fc2.lora_B_block_5/events.out.tfevents.1768387349.master-192-168-8-48.1680.9,mlp.fc2.lora_B,5
1768389021.9570398,2941,91.9375,0.032191429287195206,Grad/mlp.fc2.lora_B,outputs_dev/vitb16/T=vtab_Q=3bit_L=lora_2_qkv-fc1-proj-fc2/cifar/20260114184203_default_acc=53.50/tensorboard/Grad_mlp.fc2.lora_B_block_5/events.out.tfevents.1768387349.master-192-168-8-48.1680.9,mlp.fc2.lora_B,5
1768389022.3521972,2942,91.96875,0.013802818022668362,Grad/mlp.fc2.lora_B,outputs_dev/vitb16/T=vtab_Q=3bit_L=lora_2_qkv-fc1-proj-fc2/cifar/20260114184203_default_acc=53.50/tensorboard/Grad_mlp.fc2.lora_B_block_5/events.out.tfevents.1768387349.master-192-168-8-48.1680.9,mlp.fc2.lora_B,5
1768389022.5506134,2943,92.0,0.021898575127124786,Grad/mlp.fc2.lora_B,outputs_dev/vitb16/T=vtab_Q=3bit_L=lora_2_qkv-fc1-proj-fc2/cifar/20260114184203_default_acc=53.50/tensorboard/Grad_mlp.fc2.lora_B_block_5/events.out.tfevents.1768387349.master-192-168-8-48.1680.9,mlp.fc2.lora_B,5
1768389023.2100291,2944,92.03125,0.04327741637825966,Grad/mlp.fc2.lora_B,outputs_dev/vitb16/T=vtab_Q=3bit_L=lora_2_qkv-fc1-proj-fc2/cifar/20260114184203_default_acc=53.50/tensorboard/Grad_mlp.fc2.lora_B_block_5/events.out.tfevents.1768387349.master-192-168-8-48.1680.9,mlp.fc2.lora_B,5
1768389023.624855,2945,92.0625,0.03737610578536987,Grad/mlp.fc2.lora_B,outputs_dev/vitb16/T=vtab_Q=3bit_L=lora_2_qkv-fc1-proj-fc2/cifar/20260114184203_default_acc=53.50/tensorboard/Grad_mlp.fc2.lora_B_block_5/events.out.tfevents.1768387349.master-192-168-8-48.1680.9,mlp.fc2.lora_B,5
1768389024.0194361,2946,92.09375,0.07263737171888351,Grad/mlp.fc2.lora_B,outputs_dev/vitb16/T=vtab_Q=3bit_L=lora_2_qkv-fc1-proj-fc2/cifar/20260114184203_default_acc=53.50/tensorboard/Grad_mlp.fc2.lora_B_block_5/events.out.tfevents.1768387349.master-192-168-8-48.1680.9,mlp.fc2.lora_B,5
1768389024.411309,2947,92.125,0.014027295634150505,Grad/mlp.fc2.lora_B,outputs_dev/vitb16/T=vtab_Q=3bit_L=lora_2_qkv-fc1-proj-fc2/cifar/20260114184203_default_acc=53.50/tensorboard/Grad_mlp.fc2.lora_B_block_5/events.out.tfevents.1768387349.master-192-168-8-48.1680.9,mlp.fc2.lora_B,5
1768389024.8028297,2948,92.15625,0.048845723271369934,Grad/mlp.fc2.lora_B,outputs_dev/vitb16/T=vtab_Q=3bit_L=lora_2_qkv-fc1-proj-fc2/cifar/20260114184203_default_acc=53.50/tensorboard/Grad_mlp.fc2.lora_B_block_5/events.out.tfevents.1768387349.master-192-168-8-48.1680.9,mlp.fc2.lora_B,5
1768389025.1961827,2949,92.1875,0.01664673537015915,Grad/mlp.fc2.lora_B,outputs_dev/vitb16/T=vtab_Q=3bit_L=lora_2_qkv-fc1-proj-fc2/cifar/20260114184203_default_acc=53.50/tensorboard/Grad_mlp.fc2.lora_B_block_5/events.out.tfevents.1768387349.master-192-168-8-48.1680.9,mlp.fc2.lora_B,5
1768389025.5899267,2950,92.21875,0.020601771771907806,Grad/mlp.fc2.lora_B,outputs_dev/vitb16/T=vtab_Q=3bit_L=lora_2_qkv-fc1-proj-fc2/cifar/20260114184203_default_acc=53.50/tensorboard/Grad_mlp.fc2.lora_B_block_5/events.out.tfevents.1768387349.master-192-168-8-48.1680.9,mlp.fc2.lora_B,5
1768389025.9823751,2951,92.25,0.12005070596933365,Grad/mlp.fc2.lora_B,outputs_dev/vitb16/T=vtab_Q=3bit_L=lora_2_qkv-fc1-proj-fc2/cifar/20260114184203_default_acc=53.50/tensorboard/Grad_mlp.fc2.lora_B_block_5/events.out.tfevents.1768387349.master-192-168-8-48.1680.9,mlp.fc2.lora_B,5
1768389026.377034,2952,92.28125,0.02698320709168911,Grad/mlp.fc2.lora_B,outputs_dev/vitb16/T=vtab_Q=3bit_L=lora_2_qkv-fc1-proj-fc2/cifar/20260114184203_default_acc=53.50/tensorboard/Grad_mlp.fc2.lora_B_block_5/events.out.tfevents.1768387349.master-192-168-8-48.1680.9,mlp.fc2.lora_B,5
1768389026.8239455,2953,92.3125,0.033711470663547516,Grad/mlp.fc2.lora_B,outputs_dev/vitb16/T=vtab_Q=3bit_L=lora_2_qkv-fc1-proj-fc2/cifar/20260114184203_default_acc=53.50/tensorboard/Grad_mlp.fc2.lora_B_block_5/events.out.tfevents.1768387349.master-192-168-8-48.1680.9,mlp.fc2.lora_B,5
1768389027.2356982,2954,92.34375,0.04922569915652275,Grad/mlp.fc2.lora_B,outputs_dev/vitb16/T=vtab_Q=3bit_L=lora_2_qkv-fc1-proj-fc2/cifar/20260114184203_default_acc=53.50/tensorboard/Grad_mlp.fc2.lora_B_block_5/events.out.tfevents.1768387349.master-192-168-8-48.1680.9,mlp.fc2.lora_B,5
1768389027.661039,2955,92.375,0.01158081740140915,Grad/mlp.fc2.lora_B,outputs_dev/vitb16/T=vtab_Q=3bit_L=lora_2_qkv-fc1-proj-fc2/cifar/20260114184203_default_acc=53.50/tensorboard/Grad_mlp.fc2.lora_B_block_5/events.out.tfevents.1768387349.master-192-168-8-48.1680.9,mlp.fc2.lora_B,5
1768389028.0806952,2956,92.40625,0.016716457903385162,Grad/mlp.fc2.lora_B,outputs_dev/vitb16/T=vtab_Q=3bit_L=lora_2_qkv-fc1-proj-fc2/cifar/20260114184203_default_acc=53.50/tensorboard/Grad_mlp.fc2.lora_B_block_5/events.out.tfevents.1768387349.master-192-168-8-48.1680.9,mlp.fc2.lora_B,5
1768389028.4886386,2957,92.4375,0.18314221501350403,Grad/mlp.fc2.lora_B,outputs_dev/vitb16/T=vtab_Q=3bit_L=lora_2_qkv-fc1-proj-fc2/cifar/20260114184203_default_acc=53.50/tensorboard/Grad_mlp.fc2.lora_B_block_5/events.out.tfevents.1768387349.master-192-168-8-48.1680.9,mlp.fc2.lora_B,5
1768389028.8937845,2958,92.46875,0.03000672161579132,Grad/mlp.fc2.lora_B,outputs_dev/vitb16/T=vtab_Q=3bit_L=lora_2_qkv-fc1-proj-fc2/cifar/20260114184203_default_acc=53.50/tensorboard/Grad_mlp.fc2.lora_B_block_5/events.out.tfevents.1768387349.master-192-168-8-48.1680.9,mlp.fc2.lora_B,5
1768389029.2926402,2959,92.5,0.03205777332186699,Grad/mlp.fc2.lora_B,outputs_dev/vitb16/T=vtab_Q=3bit_L=lora_2_qkv-fc1-proj-fc2/cifar/20260114184203_default_acc=53.50/tensorboard/Grad_mlp.fc2.lora_B_block_5/events.out.tfevents.1768387349.master-192-168-8-48.1680.9,mlp.fc2.lora_B,5
1768389029.6767802,2960,92.53125,0.036639172583818436,Grad/mlp.fc2.lora_B,outputs_dev/vitb16/T=vtab_Q=3bit_L=lora_2_qkv-fc1-proj-fc2/cifar/20260114184203_default_acc=53.50/tensorboard/Grad_mlp.fc2.lora_B_block_5/events.out.tfevents.1768387349.master-192-168-8-48.1680.9,mlp.fc2.lora_B,5
1768389030.059923,2961,92.5625,0.04250292107462883,Grad/mlp.fc2.lora_B,outputs_dev/vitb16/T=vtab_Q=3bit_L=lora_2_qkv-fc1-proj-fc2/cifar/20260114184203_default_acc=53.50/tensorboard/Grad_mlp.fc2.lora_B_block_5/events.out.tfevents.1768387349.master-192-168-8-48.1680.9,mlp.fc2.lora_B,5
1768389030.4504552,2962,92.59375,0.02855543978512287,Grad/mlp.fc2.lora_B,outputs_dev/vitb16/T=vtab_Q=3bit_L=lora_2_qkv-fc1-proj-fc2/cifar/20260114184203_default_acc=53.50/tensorboard/Grad_mlp.fc2.lora_B_block_5/events.out.tfevents.1768387349.master-192-168-8-48.1680.9,mlp.fc2.lora_B,5
1768389030.8361526,2963,92.625,0.020160134881734848,Grad/mlp.fc2.lora_B,outputs_dev/vitb16/T=vtab_Q=3bit_L=lora_2_qkv-fc1-proj-fc2/cifar/20260114184203_default_acc=53.50/tensorboard/Grad_mlp.fc2.lora_B_block_5/events.out.tfevents.1768387349.master-192-168-8-48.1680.9,mlp.fc2.lora_B,5
1768389031.2309353,2964,92.65625,0.02171989157795906,Grad/mlp.fc2.lora_B,outputs_dev/vitb16/T=vtab_Q=3bit_L=lora_2_qkv-fc1-proj-fc2/cifar/20260114184203_default_acc=53.50/tensorboard/Grad_mlp.fc2.lora_B_block_5/events.out.tfevents.1768387349.master-192-168-8-48.1680.9,mlp.fc2.lora_B,5
1768389031.6193635,2965,92.6875,0.019820015877485275,Grad/mlp.fc2.lora_B,outputs_dev/vitb16/T=vtab_Q=3bit_L=lora_2_qkv-fc1-proj-fc2/cifar/20260114184203_default_acc=53.50/tensorboard/Grad_mlp.fc2.lora_B_block_5/events.out.tfevents.1768387349.master-192-168-8-48.1680.9,mlp.fc2.lora_B,5
1768389032.005655,2966,92.71875,0.024160826578736305,Grad/mlp.fc2.lora_B,outputs_dev/vitb16/T=vtab_Q=3bit_L=lora_2_qkv-fc1-proj-fc2/cifar/20260114184203_default_acc=53.50/tensorboard/Grad_mlp.fc2.lora_B_block_5/events.out.tfevents.1768387349.master-192-168-8-48.1680.9,mlp.fc2.lora_B,5
1768389032.3924298,2967,92.75,0.028522219508886337,Grad/mlp.fc2.lora_B,outputs_dev/vitb16/T=vtab_Q=3bit_L=lora_2_qkv-fc1-proj-fc2/cifar/20260114184203_default_acc=53.50/tensorboard/Grad_mlp.fc2.lora_B_block_5/events.out.tfevents.1768387349.master-192-168-8-48.1680.9,mlp.fc2.lora_B,5
1768389032.7817345,2968,92.78125,0.06330959498882294,Grad/mlp.fc2.lora_B,outputs_dev/vitb16/T=vtab_Q=3bit_L=lora_2_qkv-fc1-proj-fc2/cifar/20260114184203_default_acc=53.50/tensorboard/Grad_mlp.fc2.lora_B_block_5/events.out.tfevents.1768387349.master-192-168-8-48.1680.9,mlp.fc2.lora_B,5
1768389033.1680315,2969,92.8125,0.05028655752539635,Grad/mlp.fc2.lora_B,outputs_dev/vitb16/T=vtab_Q=3bit_L=lora_2_qkv-fc1-proj-fc2/cifar/20260114184203_default_acc=53.50/tensorboard/Grad_mlp.fc2.lora_B_block_5/events.out.tfevents.1768387349.master-192-168-8-48.1680.9,mlp.fc2.lora_B,5
1768389033.5515351,2970,92.84375,0.05237353593111038,Grad/mlp.fc2.lora_B,outputs_dev/vitb16/T=vtab_Q=3bit_L=lora_2_qkv-fc1-proj-fc2/cifar/20260114184203_default_acc=53.50/tensorboard/Grad_mlp.fc2.lora_B_block_5/events.out.tfevents.1768387349.master-192-168-8-48.1680.9,mlp.fc2.lora_B,5
1768389033.9295812,2971,92.875,0.21260914206504822,Grad/mlp.fc2.lora_B,outputs_dev/vitb16/T=vtab_Q=3bit_L=lora_2_qkv-fc1-proj-fc2/cifar/20260114184203_default_acc=53.50/tensorboard/Grad_mlp.fc2.lora_B_block_5/events.out.tfevents.1768387349.master-192-168-8-48.1680.9,mlp.fc2.lora_B,5
1768389034.3159125,2972,92.90625,0.04641568288207054,Grad/mlp.fc2.lora_B,outputs_dev/vitb16/T=vtab_Q=3bit_L=lora_2_qkv-fc1-proj-fc2/cifar/20260114184203_default_acc=53.50/tensorboard/Grad_mlp.fc2.lora_B_block_5/events.out.tfevents.1768387349.master-192-168-8-48.1680.9,mlp.fc2.lora_B,5
1768389034.7005374,2973,92.9375,0.026556791737675667,Grad/mlp.fc2.lora_B,outputs_dev/vitb16/T=vtab_Q=3bit_L=lora_2_qkv-fc1-proj-fc2/cifar/20260114184203_default_acc=53.50/tensorboard/Grad_mlp.fc2.lora_B_block_5/events.out.tfevents.1768387349.master-192-168-8-48.1680.9,mlp.fc2.lora_B,5
1768389035.0971236,2974,92.96875,0.07294651120901108,Grad/mlp.fc2.lora_B,outputs_dev/vitb16/T=vtab_Q=3bit_L=lora_2_qkv-fc1-proj-fc2/cifar/20260114184203_default_acc=53.50/tensorboard/Grad_mlp.fc2.lora_B_block_5/events.out.tfevents.1768387349.master-192-168-8-48.1680.9,mlp.fc2.lora_B,5
1768389035.2767327,2975,93.0,0.040036655962467194,Grad/mlp.fc2.lora_B,outputs_dev/vitb16/T=vtab_Q=3bit_L=lora_2_qkv-fc1-proj-fc2/cifar/20260114184203_default_acc=53.50/tensorboard/Grad_mlp.fc2.lora_B_block_5/events.out.tfevents.1768387349.master-192-168-8-48.1680.9,mlp.fc2.lora_B,5
1768389035.9211745,2976,93.03125,0.03979232907295227,Grad/mlp.fc2.lora_B,outputs_dev/vitb16/T=vtab_Q=3bit_L=lora_2_qkv-fc1-proj-fc2/cifar/20260114184203_default_acc=53.50/tensorboard/Grad_mlp.fc2.lora_B_block_5/events.out.tfevents.1768387349.master-192-168-8-48.1680.9,mlp.fc2.lora_B,5
1768389036.3212497,2977,93.0625,0.022049130871891975,Grad/mlp.fc2.lora_B,outputs_dev/vitb16/T=vtab_Q=3bit_L=lora_2_qkv-fc1-proj-fc2/cifar/20260114184203_default_acc=53.50/tensorboard/Grad_mlp.fc2.lora_B_block_5/events.out.tfevents.1768387349.master-192-168-8-48.1680.9,mlp.fc2.lora_B,5
1768389036.7154527,2978,93.09375,0.049451638013124466,Grad/mlp.fc2.lora_B,outputs_dev/vitb16/T=vtab_Q=3bit_L=lora_2_qkv-fc1-proj-fc2/cifar/20260114184203_default_acc=53.50/tensorboard/Grad_mlp.fc2.lora_B_block_5/events.out.tfevents.1768387349.master-192-168-8-48.1680.9,mlp.fc2.lora_B,5
1768389037.106449,2979,93.125,0.0493074506521225,Grad/mlp.fc2.lora_B,outputs_dev/vitb16/T=vtab_Q=3bit_L=lora_2_qkv-fc1-proj-fc2/cifar/20260114184203_default_acc=53.50/tensorboard/Grad_mlp.fc2.lora_B_block_5/events.out.tfevents.1768387349.master-192-168-8-48.1680.9,mlp.fc2.lora_B,5
1768389037.4969058,2980,93.15625,0.023637915030121803,Grad/mlp.fc2.lora_B,outputs_dev/vitb16/T=vtab_Q=3bit_L=lora_2_qkv-fc1-proj-fc2/cifar/20260114184203_default_acc=53.50/tensorboard/Grad_mlp.fc2.lora_B_block_5/events.out.tfevents.1768387349.master-192-168-8-48.1680.9,mlp.fc2.lora_B,5
1768389037.8903613,2981,93.1875,0.0477084182202816,Grad/mlp.fc2.lora_B,outputs_dev/vitb16/T=vtab_Q=3bit_L=lora_2_qkv-fc1-proj-fc2/cifar/20260114184203_default_acc=53.50/tensorboard/Grad_mlp.fc2.lora_B_block_5/events.out.tfevents.1768387349.master-192-168-8-48.1680.9,mlp.fc2.lora_B,5
1768389038.282076,2982,93.21875,0.018542317673563957,Grad/mlp.fc2.lora_B,outputs_dev/vitb16/T=vtab_Q=3bit_L=lora_2_qkv-fc1-proj-fc2/cifar/20260114184203_default_acc=53.50/tensorboard/Grad_mlp.fc2.lora_B_block_5/events.out.tfevents.1768387349.master-192-168-8-48.1680.9,mlp.fc2.lora_B,5
1768389038.6730464,2983,93.25,0.03998628258705139,Grad/mlp.fc2.lora_B,outputs_dev/vitb16/T=vtab_Q=3bit_L=lora_2_qkv-fc1-proj-fc2/cifar/20260114184203_default_acc=53.50/tensorboard/Grad_mlp.fc2.lora_B_block_5/events.out.tfevents.1768387349.master-192-168-8-48.1680.9,mlp.fc2.lora_B,5
1768389039.0649343,2984,93.28125,0.051002562046051025,Grad/mlp.fc2.lora_B,outputs_dev/vitb16/T=vtab_Q=3bit_L=lora_2_qkv-fc1-proj-fc2/cifar/20260114184203_default_acc=53.50/tensorboard/Grad_mlp.fc2.lora_B_block_5/events.out.tfevents.1768387349.master-192-168-8-48.1680.9,mlp.fc2.lora_B,5
1768389039.4567828,2985,93.3125,0.022099478170275688,Grad/mlp.fc2.lora_B,outputs_dev/vitb16/T=vtab_Q=3bit_L=lora_2_qkv-fc1-proj-fc2/cifar/20260114184203_default_acc=53.50/tensorboard/Grad_mlp.fc2.lora_B_block_5/events.out.tfevents.1768387349.master-192-168-8-48.1680.9,mlp.fc2.lora_B,5
1768389039.8482885,2986,93.34375,0.017300734296441078,Grad/mlp.fc2.lora_B,outputs_dev/vitb16/T=vtab_Q=3bit_L=lora_2_qkv-fc1-proj-fc2/cifar/20260114184203_default_acc=53.50/tensorboard/Grad_mlp.fc2.lora_B_block_5/events.out.tfevents.1768387349.master-192-168-8-48.1680.9,mlp.fc2.lora_B,5
1768389040.2454736,2987,93.375,0.03512798622250557,Grad/mlp.fc2.lora_B,outputs_dev/vitb16/T=vtab_Q=3bit_L=lora_2_qkv-fc1-proj-fc2/cifar/20260114184203_default_acc=53.50/tensorboard/Grad_mlp.fc2.lora_B_block_5/events.out.tfevents.1768387349.master-192-168-8-48.1680.9,mlp.fc2.lora_B,5
1768389040.6643336,2988,93.40625,0.07335983216762543,Grad/mlp.fc2.lora_B,outputs_dev/vitb16/T=vtab_Q=3bit_L=lora_2_qkv-fc1-proj-fc2/cifar/20260114184203_default_acc=53.50/tensorboard/Grad_mlp.fc2.lora_B_block_5/events.out.tfevents.1768387349.master-192-168-8-48.1680.9,mlp.fc2.lora_B,5
1768389041.077385,2989,93.4375,0.018502911552786827,Grad/mlp.fc2.lora_B,outputs_dev/vitb16/T=vtab_Q=3bit_L=lora_2_qkv-fc1-proj-fc2/cifar/20260114184203_default_acc=53.50/tensorboard/Grad_mlp.fc2.lora_B_block_5/events.out.tfevents.1768387349.master-192-168-8-48.1680.9,mlp.fc2.lora_B,5
1768389041.4748688,2990,93.46875,0.11858484894037247,Grad/mlp.fc2.lora_B,outputs_dev/vitb16/T=vtab_Q=3bit_L=lora_2_qkv-fc1-proj-fc2/cifar/20260114184203_default_acc=53.50/tensorboard/Grad_mlp.fc2.lora_B_block_5/events.out.tfevents.1768387349.master-192-168-8-48.1680.9,mlp.fc2.lora_B,5
1768389041.8746202,2991,93.5,0.14611436426639557,Grad/mlp.fc2.lora_B,outputs_dev/vitb16/T=vtab_Q=3bit_L=lora_2_qkv-fc1-proj-fc2/cifar/20260114184203_default_acc=53.50/tensorboard/Grad_mlp.fc2.lora_B_block_5/events.out.tfevents.1768387349.master-192-168-8-48.1680.9,mlp.fc2.lora_B,5
1768389042.2646399,2992,93.53125,0.0983719751238823,Grad/mlp.fc2.lora_B,outputs_dev/vitb16/T=vtab_Q=3bit_L=lora_2_qkv-fc1-proj-fc2/cifar/20260114184203_default_acc=53.50/tensorboard/Grad_mlp.fc2.lora_B_block_5/events.out.tfevents.1768387349.master-192-168-8-48.1680.9,mlp.fc2.lora_B,5
1768389042.650757,2993,93.5625,0.017529897391796112,Grad/mlp.fc2.lora_B,outputs_dev/vitb16/T=vtab_Q=3bit_L=lora_2_qkv-fc1-proj-fc2/cifar/20260114184203_default_acc=53.50/tensorboard/Grad_mlp.fc2.lora_B_block_5/events.out.tfevents.1768387349.master-192-168-8-48.1680.9,mlp.fc2.lora_B,5
1768389043.0348127,2994,93.59375,0.022789031267166138,Grad/mlp.fc2.lora_B,outputs_dev/vitb16/T=vtab_Q=3bit_L=lora_2_qkv-fc1-proj-fc2/cifar/20260114184203_default_acc=53.50/tensorboard/Grad_mlp.fc2.lora_B_block_5/events.out.tfevents.1768387349.master-192-168-8-48.1680.9,mlp.fc2.lora_B,5
1768389043.4183528,2995,93.625,0.0264376699924469,Grad/mlp.fc2.lora_B,outputs_dev/vitb16/T=vtab_Q=3bit_L=lora_2_qkv-fc1-proj-fc2/cifar/20260114184203_default_acc=53.50/tensorboard/Grad_mlp.fc2.lora_B_block_5/events.out.tfevents.1768387349.master-192-168-8-48.1680.9,mlp.fc2.lora_B,5
1768389043.8210886,2996,93.65625,0.02270297333598137,Grad/mlp.fc2.lora_B,outputs_dev/vitb16/T=vtab_Q=3bit_L=lora_2_qkv-fc1-proj-fc2/cifar/20260114184203_default_acc=53.50/tensorboard/Grad_mlp.fc2.lora_B_block_5/events.out.tfevents.1768387349.master-192-168-8-48.1680.9,mlp.fc2.lora_B,5
1768389044.2206137,2997,93.6875,0.05738603696227074,Grad/mlp.fc2.lora_B,outputs_dev/vitb16/T=vtab_Q=3bit_L=lora_2_qkv-fc1-proj-fc2/cifar/20260114184203_default_acc=53.50/tensorboard/Grad_mlp.fc2.lora_B_block_5/events.out.tfevents.1768387349.master-192-168-8-48.1680.9,mlp.fc2.lora_B,5
1768389044.6388035,2998,93.71875,0.4103293716907501,Grad/mlp.fc2.lora_B,outputs_dev/vitb16/T=vtab_Q=3bit_L=lora_2_qkv-fc1-proj-fc2/cifar/20260114184203_default_acc=53.50/tensorboard/Grad_mlp.fc2.lora_B_block_5/events.out.tfevents.1768387349.master-192-168-8-48.1680.9,mlp.fc2.lora_B,5
1768389045.0444512,2999,93.75,0.018491322174668312,Grad/mlp.fc2.lora_B,outputs_dev/vitb16/T=vtab_Q=3bit_L=lora_2_qkv-fc1-proj-fc2/cifar/20260114184203_default_acc=53.50/tensorboard/Grad_mlp.fc2.lora_B_block_5/events.out.tfevents.1768387349.master-192-168-8-48.1680.9,mlp.fc2.lora_B,5
1768389045.4507673,3000,93.78125,0.017876027151942253,Grad/mlp.fc2.lora_B,outputs_dev/vitb16/T=vtab_Q=3bit_L=lora_2_qkv-fc1-proj-fc2/cifar/20260114184203_default_acc=53.50/tensorboard/Grad_mlp.fc2.lora_B_block_5/events.out.tfevents.1768387349.master-192-168-8-48.1680.9,mlp.fc2.lora_B,5
1768389045.844835,3001,93.8125,0.0358736552298069,Grad/mlp.fc2.lora_B,outputs_dev/vitb16/T=vtab_Q=3bit_L=lora_2_qkv-fc1-proj-fc2/cifar/20260114184203_default_acc=53.50/tensorboard/Grad_mlp.fc2.lora_B_block_5/events.out.tfevents.1768387349.master-192-168-8-48.1680.9,mlp.fc2.lora_B,5
1768389046.2360592,3002,93.84375,0.02007303014397621,Grad/mlp.fc2.lora_B,outputs_dev/vitb16/T=vtab_Q=3bit_L=lora_2_qkv-fc1-proj-fc2/cifar/20260114184203_default_acc=53.50/tensorboard/Grad_mlp.fc2.lora_B_block_5/events.out.tfevents.1768387349.master-192-168-8-48.1680.9,mlp.fc2.lora_B,5
1768389046.629735,3003,93.875,0.103428915143013,Grad/mlp.fc2.lora_B,outputs_dev/vitb16/T=vtab_Q=3bit_L=lora_2_qkv-fc1-proj-fc2/cifar/20260114184203_default_acc=53.50/tensorboard/Grad_mlp.fc2.lora_B_block_5/events.out.tfevents.1768387349.master-192-168-8-48.1680.9,mlp.fc2.lora_B,5
1768389047.036014,3004,93.90625,0.017367344349622726,Grad/mlp.fc2.lora_B,outputs_dev/vitb16/T=vtab_Q=3bit_L=lora_2_qkv-fc1-proj-fc2/cifar/20260114184203_default_acc=53.50/tensorboard/Grad_mlp.fc2.lora_B_block_5/events.out.tfevents.1768387349.master-192-168-8-48.1680.9,mlp.fc2.lora_B,5
1768389047.4489708,3005,93.9375,0.032287050038576126,Grad/mlp.fc2.lora_B,outputs_dev/vitb16/T=vtab_Q=3bit_L=lora_2_qkv-fc1-proj-fc2/cifar/20260114184203_default_acc=53.50/tensorboard/Grad_mlp.fc2.lora_B_block_5/events.out.tfevents.1768387349.master-192-168-8-48.1680.9,mlp.fc2.lora_B,5
1768389047.8450608,3006,93.96875,0.056706640869379044,Grad/mlp.fc2.lora_B,outputs_dev/vitb16/T=vtab_Q=3bit_L=lora_2_qkv-fc1-proj-fc2/cifar/20260114184203_default_acc=53.50/tensorboard/Grad_mlp.fc2.lora_B_block_5/events.out.tfevents.1768387349.master-192-168-8-48.1680.9,mlp.fc2.lora_B,5
1768389048.0435886,3007,94.0,0.009774331003427505,Grad/mlp.fc2.lora_B,outputs_dev/vitb16/T=vtab_Q=3bit_L=lora_2_qkv-fc1-proj-fc2/cifar/20260114184203_default_acc=53.50/tensorboard/Grad_mlp.fc2.lora_B_block_5/events.out.tfevents.1768387349.master-192-168-8-48.1680.9,mlp.fc2.lora_B,5
1768389048.6802523,3008,94.03125,0.01597435772418976,Grad/mlp.fc2.lora_B,outputs_dev/vitb16/T=vtab_Q=3bit_L=lora_2_qkv-fc1-proj-fc2/cifar/20260114184203_default_acc=53.50/tensorboard/Grad_mlp.fc2.lora_B_block_5/events.out.tfevents.1768387349.master-192-168-8-48.1680.9,mlp.fc2.lora_B,5
1768389049.077375,3009,94.0625,0.1717369109392166,Grad/mlp.fc2.lora_B,outputs_dev/vitb16/T=vtab_Q=3bit_L=lora_2_qkv-fc1-proj-fc2/cifar/20260114184203_default_acc=53.50/tensorboard/Grad_mlp.fc2.lora_B_block_5/events.out.tfevents.1768387349.master-192-168-8-48.1680.9,mlp.fc2.lora_B,5
1768389049.4776843,3010,94.09375,0.025993427261710167,Grad/mlp.fc2.lora_B,outputs_dev/vitb16/T=vtab_Q=3bit_L=lora_2_qkv-fc1-proj-fc2/cifar/20260114184203_default_acc=53.50/tensorboard/Grad_mlp.fc2.lora_B_block_5/events.out.tfevents.1768387349.master-192-168-8-48.1680.9,mlp.fc2.lora_B,5
1768389049.872865,3011,94.125,0.28260865807533264,Grad/mlp.fc2.lora_B,outputs_dev/vitb16/T=vtab_Q=3bit_L=lora_2_qkv-fc1-proj-fc2/cifar/20260114184203_default_acc=53.50/tensorboard/Grad_mlp.fc2.lora_B_block_5/events.out.tfevents.1768387349.master-192-168-8-48.1680.9,mlp.fc2.lora_B,5
1768389050.2705574,3012,94.15625,0.030905764549970627,Grad/mlp.fc2.lora_B,outputs_dev/vitb16/T=vtab_Q=3bit_L=lora_2_qkv-fc1-proj-fc2/cifar/20260114184203_default_acc=53.50/tensorboard/Grad_mlp.fc2.lora_B_block_5/events.out.tfevents.1768387349.master-192-168-8-48.1680.9,mlp.fc2.lora_B,5
1768389050.6631114,3013,94.1875,0.05716755613684654,Grad/mlp.fc2.lora_B,outputs_dev/vitb16/T=vtab_Q=3bit_L=lora_2_qkv-fc1-proj-fc2/cifar/20260114184203_default_acc=53.50/tensorboard/Grad_mlp.fc2.lora_B_block_5/events.out.tfevents.1768387349.master-192-168-8-48.1680.9,mlp.fc2.lora_B,5
1768389051.0495164,3014,94.21875,0.0234250295907259,Grad/mlp.fc2.lora_B,outputs_dev/vitb16/T=vtab_Q=3bit_L=lora_2_qkv-fc1-proj-fc2/cifar/20260114184203_default_acc=53.50/tensorboard/Grad_mlp.fc2.lora_B_block_5/events.out.tfevents.1768387349.master-192-168-8-48.1680.9,mlp.fc2.lora_B,5
1768389051.4544942,3015,94.25,0.048026151955127716,Grad/mlp.fc2.lora_B,outputs_dev/vitb16/T=vtab_Q=3bit_L=lora_2_qkv-fc1-proj-fc2/cifar/20260114184203_default_acc=53.50/tensorboard/Grad_mlp.fc2.lora_B_block_5/events.out.tfevents.1768387349.master-192-168-8-48.1680.9,mlp.fc2.lora_B,5
1768389051.8515275,3016,94.28125,0.012106912210583687,Grad/mlp.fc2.lora_B,outputs_dev/vitb16/T=vtab_Q=3bit_L=lora_2_qkv-fc1-proj-fc2/cifar/20260114184203_default_acc=53.50/tensorboard/Grad_mlp.fc2.lora_B_block_5/events.out.tfevents.1768387349.master-192-168-8-48.1680.9,mlp.fc2.lora_B,5
1768389052.2498744,3017,94.3125,0.052324239164590836,Grad/mlp.fc2.lora_B,outputs_dev/vitb16/T=vtab_Q=3bit_L=lora_2_qkv-fc1-proj-fc2/cifar/20260114184203_default_acc=53.50/tensorboard/Grad_mlp.fc2.lora_B_block_5/events.out.tfevents.1768387349.master-192-168-8-48.1680.9,mlp.fc2.lora_B,5
1768389052.6501458,3018,94.34375,0.05764616280794144,Grad/mlp.fc2.lora_B,outputs_dev/vitb16/T=vtab_Q=3bit_L=lora_2_qkv-fc1-proj-fc2/cifar/20260114184203_default_acc=53.50/tensorboard/Grad_mlp.fc2.lora_B_block_5/events.out.tfevents.1768387349.master-192-168-8-48.1680.9,mlp.fc2.lora_B,5
1768389053.0399964,3019,94.375,0.03686860576272011,Grad/mlp.fc2.lora_B,outputs_dev/vitb16/T=vtab_Q=3bit_L=lora_2_qkv-fc1-proj-fc2/cifar/20260114184203_default_acc=53.50/tensorboard/Grad_mlp.fc2.lora_B_block_5/events.out.tfevents.1768387349.master-192-168-8-48.1680.9,mlp.fc2.lora_B,5
1768389053.450718,3020,94.40625,0.0717242956161499,Grad/mlp.fc2.lora_B,outputs_dev/vitb16/T=vtab_Q=3bit_L=lora_2_qkv-fc1-proj-fc2/cifar/20260114184203_default_acc=53.50/tensorboard/Grad_mlp.fc2.lora_B_block_5/events.out.tfevents.1768387349.master-192-168-8-48.1680.9,mlp.fc2.lora_B,5
1768389053.8453534,3021,94.4375,0.009912335313856602,Grad/mlp.fc2.lora_B,outputs_dev/vitb16/T=vtab_Q=3bit_L=lora_2_qkv-fc1-proj-fc2/cifar/20260114184203_default_acc=53.50/tensorboard/Grad_mlp.fc2.lora_B_block_5/events.out.tfevents.1768387349.master-192-168-8-48.1680.9,mlp.fc2.lora_B,5
1768389054.2414443,3022,94.46875,0.011995058506727219,Grad/mlp.fc2.lora_B,outputs_dev/vitb16/T=vtab_Q=3bit_L=lora_2_qkv-fc1-proj-fc2/cifar/20260114184203_default_acc=53.50/tensorboard/Grad_mlp.fc2.lora_B_block_5/events.out.tfevents.1768387349.master-192-168-8-48.1680.9,mlp.fc2.lora_B,5
1768389054.6403196,3023,94.5,0.01814728043973446,Grad/mlp.fc2.lora_B,outputs_dev/vitb16/T=vtab_Q=3bit_L=lora_2_qkv-fc1-proj-fc2/cifar/20260114184203_default_acc=53.50/tensorboard/Grad_mlp.fc2.lora_B_block_5/events.out.tfevents.1768387349.master-192-168-8-48.1680.9,mlp.fc2.lora_B,5
1768389055.0362551,3024,94.53125,0.03382958844304085,Grad/mlp.fc2.lora_B,outputs_dev/vitb16/T=vtab_Q=3bit_L=lora_2_qkv-fc1-proj-fc2/cifar/20260114184203_default_acc=53.50/tensorboard/Grad_mlp.fc2.lora_B_block_5/events.out.tfevents.1768387349.master-192-168-8-48.1680.9,mlp.fc2.lora_B,5
1768389055.4332297,3025,94.5625,0.027596935629844666,Grad/mlp.fc2.lora_B,outputs_dev/vitb16/T=vtab_Q=3bit_L=lora_2_qkv-fc1-proj-fc2/cifar/20260114184203_default_acc=53.50/tensorboard/Grad_mlp.fc2.lora_B_block_5/events.out.tfevents.1768387349.master-192-168-8-48.1680.9,mlp.fc2.lora_B,5
1768389055.8313062,3026,94.59375,0.021709982305765152,Grad/mlp.fc2.lora_B,outputs_dev/vitb16/T=vtab_Q=3bit_L=lora_2_qkv-fc1-proj-fc2/cifar/20260114184203_default_acc=53.50/tensorboard/Grad_mlp.fc2.lora_B_block_5/events.out.tfevents.1768387349.master-192-168-8-48.1680.9,mlp.fc2.lora_B,5
1768389056.229252,3027,94.625,0.024212228134274483,Grad/mlp.fc2.lora_B,outputs_dev/vitb16/T=vtab_Q=3bit_L=lora_2_qkv-fc1-proj-fc2/cifar/20260114184203_default_acc=53.50/tensorboard/Grad_mlp.fc2.lora_B_block_5/events.out.tfevents.1768387349.master-192-168-8-48.1680.9,mlp.fc2.lora_B,5
1768389056.6270545,3028,94.65625,0.23523809015750885,Grad/mlp.fc2.lora_B,outputs_dev/vitb16/T=vtab_Q=3bit_L=lora_2_qkv-fc1-proj-fc2/cifar/20260114184203_default_acc=53.50/tensorboard/Grad_mlp.fc2.lora_B_block_5/events.out.tfevents.1768387349.master-192-168-8-48.1680.9,mlp.fc2.lora_B,5
1768389057.0380604,3029,94.6875,0.0246113371104002,Grad/mlp.fc2.lora_B,outputs_dev/vitb16/T=vtab_Q=3bit_L=lora_2_qkv-fc1-proj-fc2/cifar/20260114184203_default_acc=53.50/tensorboard/Grad_mlp.fc2.lora_B_block_5/events.out.tfevents.1768387349.master-192-168-8-48.1680.9,mlp.fc2.lora_B,5
1768389057.4360852,3030,94.71875,0.025569412857294083,Grad/mlp.fc2.lora_B,outputs_dev/vitb16/T=vtab_Q=3bit_L=lora_2_qkv-fc1-proj-fc2/cifar/20260114184203_default_acc=53.50/tensorboard/Grad_mlp.fc2.lora_B_block_5/events.out.tfevents.1768387349.master-192-168-8-48.1680.9,mlp.fc2.lora_B,5
1768389057.8421476,3031,94.75,0.08701682090759277,Grad/mlp.fc2.lora_B,outputs_dev/vitb16/T=vtab_Q=3bit_L=lora_2_qkv-fc1-proj-fc2/cifar/20260114184203_default_acc=53.50/tensorboard/Grad_mlp.fc2.lora_B_block_5/events.out.tfevents.1768387349.master-192-168-8-48.1680.9,mlp.fc2.lora_B,5
1768389058.236017,3032,94.78125,0.02523946203291416,Grad/mlp.fc2.lora_B,outputs_dev/vitb16/T=vtab_Q=3bit_L=lora_2_qkv-fc1-proj-fc2/cifar/20260114184203_default_acc=53.50/tensorboard/Grad_mlp.fc2.lora_B_block_5/events.out.tfevents.1768387349.master-192-168-8-48.1680.9,mlp.fc2.lora_B,5
1768389058.632833,3033,94.8125,0.2405167818069458,Grad/mlp.fc2.lora_B,outputs_dev/vitb16/T=vtab_Q=3bit_L=lora_2_qkv-fc1-proj-fc2/cifar/20260114184203_default_acc=53.50/tensorboard/Grad_mlp.fc2.lora_B_block_5/events.out.tfevents.1768387349.master-192-168-8-48.1680.9,mlp.fc2.lora_B,5
1768389059.0261629,3034,94.84375,0.026724034920334816,Grad/mlp.fc2.lora_B,outputs_dev/vitb16/T=vtab_Q=3bit_L=lora_2_qkv-fc1-proj-fc2/cifar/20260114184203_default_acc=53.50/tensorboard/Grad_mlp.fc2.lora_B_block_5/events.out.tfevents.1768387349.master-192-168-8-48.1680.9,mlp.fc2.lora_B,5
1768389059.4399529,3035,94.875,0.06120271608233452,Grad/mlp.fc2.lora_B,outputs_dev/vitb16/T=vtab_Q=3bit_L=lora_2_qkv-fc1-proj-fc2/cifar/20260114184203_default_acc=53.50/tensorboard/Grad_mlp.fc2.lora_B_block_5/events.out.tfevents.1768387349.master-192-168-8-48.1680.9,mlp.fc2.lora_B,5
1768389059.8362832,3036,94.90625,0.025808410719037056,Grad/mlp.fc2.lora_B,outputs_dev/vitb16/T=vtab_Q=3bit_L=lora_2_qkv-fc1-proj-fc2/cifar/20260114184203_default_acc=53.50/tensorboard/Grad_mlp.fc2.lora_B_block_5/events.out.tfevents.1768387349.master-192-168-8-48.1680.9,mlp.fc2.lora_B,5
1768389060.2382228,3037,94.9375,0.017683682963252068,Grad/mlp.fc2.lora_B,outputs_dev/vitb16/T=vtab_Q=3bit_L=lora_2_qkv-fc1-proj-fc2/cifar/20260114184203_default_acc=53.50/tensorboard/Grad_mlp.fc2.lora_B_block_5/events.out.tfevents.1768387349.master-192-168-8-48.1680.9,mlp.fc2.lora_B,5
1768389060.6458585,3038,94.96875,0.0391235426068306,Grad/mlp.fc2.lora_B,outputs_dev/vitb16/T=vtab_Q=3bit_L=lora_2_qkv-fc1-proj-fc2/cifar/20260114184203_default_acc=53.50/tensorboard/Grad_mlp.fc2.lora_B_block_5/events.out.tfevents.1768387349.master-192-168-8-48.1680.9,mlp.fc2.lora_B,5
1768389060.838562,3039,95.0,0.07289884984493256,Grad/mlp.fc2.lora_B,outputs_dev/vitb16/T=vtab_Q=3bit_L=lora_2_qkv-fc1-proj-fc2/cifar/20260114184203_default_acc=53.50/tensorboard/Grad_mlp.fc2.lora_B_block_5/events.out.tfevents.1768387349.master-192-168-8-48.1680.9,mlp.fc2.lora_B,5
1768389061.4636836,3040,95.03125,0.01999385841190815,Grad/mlp.fc2.lora_B,outputs_dev/vitb16/T=vtab_Q=3bit_L=lora_2_qkv-fc1-proj-fc2/cifar/20260114184203_default_acc=53.50/tensorboard/Grad_mlp.fc2.lora_B_block_5/events.out.tfevents.1768387349.master-192-168-8-48.1680.9,mlp.fc2.lora_B,5
1768389061.8613315,3041,95.0625,0.02462123893201351,Grad/mlp.fc2.lora_B,outputs_dev/vitb16/T=vtab_Q=3bit_L=lora_2_qkv-fc1-proj-fc2/cifar/20260114184203_default_acc=53.50/tensorboard/Grad_mlp.fc2.lora_B_block_5/events.out.tfevents.1768387349.master-192-168-8-48.1680.9,mlp.fc2.lora_B,5
1768389062.251843,3042,95.09375,0.16416041553020477,Grad/mlp.fc2.lora_B,outputs_dev/vitb16/T=vtab_Q=3bit_L=lora_2_qkv-fc1-proj-fc2/cifar/20260114184203_default_acc=53.50/tensorboard/Grad_mlp.fc2.lora_B_block_5/events.out.tfevents.1768387349.master-192-168-8-48.1680.9,mlp.fc2.lora_B,5
1768389062.638141,3043,95.125,0.020871734246611595,Grad/mlp.fc2.lora_B,outputs_dev/vitb16/T=vtab_Q=3bit_L=lora_2_qkv-fc1-proj-fc2/cifar/20260114184203_default_acc=53.50/tensorboard/Grad_mlp.fc2.lora_B_block_5/events.out.tfevents.1768387349.master-192-168-8-48.1680.9,mlp.fc2.lora_B,5
1768389063.0552537,3044,95.15625,0.018753627315163612,Grad/mlp.fc2.lora_B,outputs_dev/vitb16/T=vtab_Q=3bit_L=lora_2_qkv-fc1-proj-fc2/cifar/20260114184203_default_acc=53.50/tensorboard/Grad_mlp.fc2.lora_B_block_5/events.out.tfevents.1768387349.master-192-168-8-48.1680.9,mlp.fc2.lora_B,5
1768389063.4516716,3045,95.1875,0.13923656940460205,Grad/mlp.fc2.lora_B,outputs_dev/vitb16/T=vtab_Q=3bit_L=lora_2_qkv-fc1-proj-fc2/cifar/20260114184203_default_acc=53.50/tensorboard/Grad_mlp.fc2.lora_B_block_5/events.out.tfevents.1768387349.master-192-168-8-48.1680.9,mlp.fc2.lora_B,5
1768389063.8408005,3046,95.21875,0.09322186559438705,Grad/mlp.fc2.lora_B,outputs_dev/vitb16/T=vtab_Q=3bit_L=lora_2_qkv-fc1-proj-fc2/cifar/20260114184203_default_acc=53.50/tensorboard/Grad_mlp.fc2.lora_B_block_5/events.out.tfevents.1768387349.master-192-168-8-48.1680.9,mlp.fc2.lora_B,5
1768389064.2196429,3047,95.25,0.031077496707439423,Grad/mlp.fc2.lora_B,outputs_dev/vitb16/T=vtab_Q=3bit_L=lora_2_qkv-fc1-proj-fc2/cifar/20260114184203_default_acc=53.50/tensorboard/Grad_mlp.fc2.lora_B_block_5/events.out.tfevents.1768387349.master-192-168-8-48.1680.9,mlp.fc2.lora_B,5
1768389064.6155846,3048,95.28125,0.10169655084609985,Grad/mlp.fc2.lora_B,outputs_dev/vitb16/T=vtab_Q=3bit_L=lora_2_qkv-fc1-proj-fc2/cifar/20260114184203_default_acc=53.50/tensorboard/Grad_mlp.fc2.lora_B_block_5/events.out.tfevents.1768387349.master-192-168-8-48.1680.9,mlp.fc2.lora_B,5
1768389065.011506,3049,95.3125,0.016124701127409935,Grad/mlp.fc2.lora_B,outputs_dev/vitb16/T=vtab_Q=3bit_L=lora_2_qkv-fc1-proj-fc2/cifar/20260114184203_default_acc=53.50/tensorboard/Grad_mlp.fc2.lora_B_block_5/events.out.tfevents.1768387349.master-192-168-8-48.1680.9,mlp.fc2.lora_B,5
1768389065.4047546,3050,95.34375,0.027369894087314606,Grad/mlp.fc2.lora_B,outputs_dev/vitb16/T=vtab_Q=3bit_L=lora_2_qkv-fc1-proj-fc2/cifar/20260114184203_default_acc=53.50/tensorboard/Grad_mlp.fc2.lora_B_block_5/events.out.tfevents.1768387349.master-192-168-8-48.1680.9,mlp.fc2.lora_B,5
1768389065.7881923,3051,95.375,0.027303755283355713,Grad/mlp.fc2.lora_B,outputs_dev/vitb16/T=vtab_Q=3bit_L=lora_2_qkv-fc1-proj-fc2/cifar/20260114184203_default_acc=53.50/tensorboard/Grad_mlp.fc2.lora_B_block_5/events.out.tfevents.1768387349.master-192-168-8-48.1680.9,mlp.fc2.lora_B,5
1768389066.1959116,3052,95.40625,0.018095077946782112,Grad/mlp.fc2.lora_B,outputs_dev/vitb16/T=vtab_Q=3bit_L=lora_2_qkv-fc1-proj-fc2/cifar/20260114184203_default_acc=53.50/tensorboard/Grad_mlp.fc2.lora_B_block_5/events.out.tfevents.1768387349.master-192-168-8-48.1680.9,mlp.fc2.lora_B,5
1768389066.5802164,3053,95.4375,0.05134065821766853,Grad/mlp.fc2.lora_B,outputs_dev/vitb16/T=vtab_Q=3bit_L=lora_2_qkv-fc1-proj-fc2/cifar/20260114184203_default_acc=53.50/tensorboard/Grad_mlp.fc2.lora_B_block_5/events.out.tfevents.1768387349.master-192-168-8-48.1680.9,mlp.fc2.lora_B,5
1768389066.9771962,3054,95.46875,0.01447316911071539,Grad/mlp.fc2.lora_B,outputs_dev/vitb16/T=vtab_Q=3bit_L=lora_2_qkv-fc1-proj-fc2/cifar/20260114184203_default_acc=53.50/tensorboard/Grad_mlp.fc2.lora_B_block_5/events.out.tfevents.1768387349.master-192-168-8-48.1680.9,mlp.fc2.lora_B,5
1768389067.3722203,3055,95.5,0.03416934236884117,Grad/mlp.fc2.lora_B,outputs_dev/vitb16/T=vtab_Q=3bit_L=lora_2_qkv-fc1-proj-fc2/cifar/20260114184203_default_acc=53.50/tensorboard/Grad_mlp.fc2.lora_B_block_5/events.out.tfevents.1768387349.master-192-168-8-48.1680.9,mlp.fc2.lora_B,5
1768389067.7592323,3056,95.53125,0.015030358918011189,Grad/mlp.fc2.lora_B,outputs_dev/vitb16/T=vtab_Q=3bit_L=lora_2_qkv-fc1-proj-fc2/cifar/20260114184203_default_acc=53.50/tensorboard/Grad_mlp.fc2.lora_B_block_5/events.out.tfevents.1768387349.master-192-168-8-48.1680.9,mlp.fc2.lora_B,5
1768389068.1417904,3057,95.5625,0.018341494724154472,Grad/mlp.fc2.lora_B,outputs_dev/vitb16/T=vtab_Q=3bit_L=lora_2_qkv-fc1-proj-fc2/cifar/20260114184203_default_acc=53.50/tensorboard/Grad_mlp.fc2.lora_B_block_5/events.out.tfevents.1768387349.master-192-168-8-48.1680.9,mlp.fc2.lora_B,5
1768389068.5371144,3058,95.59375,0.09280810505151749,Grad/mlp.fc2.lora_B,outputs_dev/vitb16/T=vtab_Q=3bit_L=lora_2_qkv-fc1-proj-fc2/cifar/20260114184203_default_acc=53.50/tensorboard/Grad_mlp.fc2.lora_B_block_5/events.out.tfevents.1768387349.master-192-168-8-48.1680.9,mlp.fc2.lora_B,5
1768389068.9197066,3059,95.625,0.04941637068986893,Grad/mlp.fc2.lora_B,outputs_dev/vitb16/T=vtab_Q=3bit_L=lora_2_qkv-fc1-proj-fc2/cifar/20260114184203_default_acc=53.50/tensorboard/Grad_mlp.fc2.lora_B_block_5/events.out.tfevents.1768387349.master-192-168-8-48.1680.9,mlp.fc2.lora_B,5
1768389069.3167408,3060,95.65625,0.07790736854076385,Grad/mlp.fc2.lora_B,outputs_dev/vitb16/T=vtab_Q=3bit_L=lora_2_qkv-fc1-proj-fc2/cifar/20260114184203_default_acc=53.50/tensorboard/Grad_mlp.fc2.lora_B_block_5/events.out.tfevents.1768387349.master-192-168-8-48.1680.9,mlp.fc2.lora_B,5
1768389069.712443,3061,95.6875,0.031007148325443268,Grad/mlp.fc2.lora_B,outputs_dev/vitb16/T=vtab_Q=3bit_L=lora_2_qkv-fc1-proj-fc2/cifar/20260114184203_default_acc=53.50/tensorboard/Grad_mlp.fc2.lora_B_block_5/events.out.tfevents.1768387349.master-192-168-8-48.1680.9,mlp.fc2.lora_B,5
1768389070.109547,3062,95.71875,0.04887092113494873,Grad/mlp.fc2.lora_B,outputs_dev/vitb16/T=vtab_Q=3bit_L=lora_2_qkv-fc1-proj-fc2/cifar/20260114184203_default_acc=53.50/tensorboard/Grad_mlp.fc2.lora_B_block_5/events.out.tfevents.1768387349.master-192-168-8-48.1680.9,mlp.fc2.lora_B,5
1768389070.4860198,3063,95.75,0.02117275632917881,Grad/mlp.fc2.lora_B,outputs_dev/vitb16/T=vtab_Q=3bit_L=lora_2_qkv-fc1-proj-fc2/cifar/20260114184203_default_acc=53.50/tensorboard/Grad_mlp.fc2.lora_B_block_5/events.out.tfevents.1768387349.master-192-168-8-48.1680.9,mlp.fc2.lora_B,5
1768389070.880883,3064,95.78125,0.01781199686229229,Grad/mlp.fc2.lora_B,outputs_dev/vitb16/T=vtab_Q=3bit_L=lora_2_qkv-fc1-proj-fc2/cifar/20260114184203_default_acc=53.50/tensorboard/Grad_mlp.fc2.lora_B_block_5/events.out.tfevents.1768387349.master-192-168-8-48.1680.9,mlp.fc2.lora_B,5
1768389071.2754762,3065,95.8125,0.15312926471233368,Grad/mlp.fc2.lora_B,outputs_dev/vitb16/T=vtab_Q=3bit_L=lora_2_qkv-fc1-proj-fc2/cifar/20260114184203_default_acc=53.50/tensorboard/Grad_mlp.fc2.lora_B_block_5/events.out.tfevents.1768387349.master-192-168-8-48.1680.9,mlp.fc2.lora_B,5
1768389071.6581793,3066,95.84375,0.06723415851593018,Grad/mlp.fc2.lora_B,outputs_dev/vitb16/T=vtab_Q=3bit_L=lora_2_qkv-fc1-proj-fc2/cifar/20260114184203_default_acc=53.50/tensorboard/Grad_mlp.fc2.lora_B_block_5/events.out.tfevents.1768387349.master-192-168-8-48.1680.9,mlp.fc2.lora_B,5
1768389072.0564418,3067,95.875,0.035483673214912415,Grad/mlp.fc2.lora_B,outputs_dev/vitb16/T=vtab_Q=3bit_L=lora_2_qkv-fc1-proj-fc2/cifar/20260114184203_default_acc=53.50/tensorboard/Grad_mlp.fc2.lora_B_block_5/events.out.tfevents.1768387349.master-192-168-8-48.1680.9,mlp.fc2.lora_B,5
1768389072.4693685,3068,95.90625,0.026392992585897446,Grad/mlp.fc2.lora_B,outputs_dev/vitb16/T=vtab_Q=3bit_L=lora_2_qkv-fc1-proj-fc2/cifar/20260114184203_default_acc=53.50/tensorboard/Grad_mlp.fc2.lora_B_block_5/events.out.tfevents.1768387349.master-192-168-8-48.1680.9,mlp.fc2.lora_B,5
1768389072.8885145,3069,95.9375,0.0111676175147295,Grad/mlp.fc2.lora_B,outputs_dev/vitb16/T=vtab_Q=3bit_L=lora_2_qkv-fc1-proj-fc2/cifar/20260114184203_default_acc=53.50/tensorboard/Grad_mlp.fc2.lora_B_block_5/events.out.tfevents.1768387349.master-192-168-8-48.1680.9,mlp.fc2.lora_B,5
1768389073.2703922,3070,95.96875,0.012466567568480968,Grad/mlp.fc2.lora_B,outputs_dev/vitb16/T=vtab_Q=3bit_L=lora_2_qkv-fc1-proj-fc2/cifar/20260114184203_default_acc=53.50/tensorboard/Grad_mlp.fc2.lora_B_block_5/events.out.tfevents.1768387349.master-192-168-8-48.1680.9,mlp.fc2.lora_B,5
1768389073.4398265,3071,96.0,0.02259194292128086,Grad/mlp.fc2.lora_B,outputs_dev/vitb16/T=vtab_Q=3bit_L=lora_2_qkv-fc1-proj-fc2/cifar/20260114184203_default_acc=53.50/tensorboard/Grad_mlp.fc2.lora_B_block_5/events.out.tfevents.1768387349.master-192-168-8-48.1680.9,mlp.fc2.lora_B,5
1768389074.0774965,3072,96.03125,0.30288925766944885,Grad/mlp.fc2.lora_B,outputs_dev/vitb16/T=vtab_Q=3bit_L=lora_2_qkv-fc1-proj-fc2/cifar/20260114184203_default_acc=53.50/tensorboard/Grad_mlp.fc2.lora_B_block_5/events.out.tfevents.1768387349.master-192-168-8-48.1680.9,mlp.fc2.lora_B,5
1768389074.4808068,3073,96.0625,0.039331622421741486,Grad/mlp.fc2.lora_B,outputs_dev/vitb16/T=vtab_Q=3bit_L=lora_2_qkv-fc1-proj-fc2/cifar/20260114184203_default_acc=53.50/tensorboard/Grad_mlp.fc2.lora_B_block_5/events.out.tfevents.1768387349.master-192-168-8-48.1680.9,mlp.fc2.lora_B,5
1768389074.8773046,3074,96.09375,0.09197019040584564,Grad/mlp.fc2.lora_B,outputs_dev/vitb16/T=vtab_Q=3bit_L=lora_2_qkv-fc1-proj-fc2/cifar/20260114184203_default_acc=53.50/tensorboard/Grad_mlp.fc2.lora_B_block_5/events.out.tfevents.1768387349.master-192-168-8-48.1680.9,mlp.fc2.lora_B,5
1768389075.2714598,3075,96.125,0.03575143218040466,Grad/mlp.fc2.lora_B,outputs_dev/vitb16/T=vtab_Q=3bit_L=lora_2_qkv-fc1-proj-fc2/cifar/20260114184203_default_acc=53.50/tensorboard/Grad_mlp.fc2.lora_B_block_5/events.out.tfevents.1768387349.master-192-168-8-48.1680.9,mlp.fc2.lora_B,5
1768389075.667517,3076,96.15625,0.2502594292163849,Grad/mlp.fc2.lora_B,outputs_dev/vitb16/T=vtab_Q=3bit_L=lora_2_qkv-fc1-proj-fc2/cifar/20260114184203_default_acc=53.50/tensorboard/Grad_mlp.fc2.lora_B_block_5/events.out.tfevents.1768387349.master-192-168-8-48.1680.9,mlp.fc2.lora_B,5
1768389076.0626762,3077,96.1875,0.21974584460258484,Grad/mlp.fc2.lora_B,outputs_dev/vitb16/T=vtab_Q=3bit_L=lora_2_qkv-fc1-proj-fc2/cifar/20260114184203_default_acc=53.50/tensorboard/Grad_mlp.fc2.lora_B_block_5/events.out.tfevents.1768387349.master-192-168-8-48.1680.9,mlp.fc2.lora_B,5
1768389076.4549575,3078,96.21875,0.011537146754562855,Grad/mlp.fc2.lora_B,outputs_dev/vitb16/T=vtab_Q=3bit_L=lora_2_qkv-fc1-proj-fc2/cifar/20260114184203_default_acc=53.50/tensorboard/Grad_mlp.fc2.lora_B_block_5/events.out.tfevents.1768387349.master-192-168-8-48.1680.9,mlp.fc2.lora_B,5
1768389076.8593748,3079,96.25,0.07170838862657547,Grad/mlp.fc2.lora_B,outputs_dev/vitb16/T=vtab_Q=3bit_L=lora_2_qkv-fc1-proj-fc2/cifar/20260114184203_default_acc=53.50/tensorboard/Grad_mlp.fc2.lora_B_block_5/events.out.tfevents.1768387349.master-192-168-8-48.1680.9,mlp.fc2.lora_B,5
1768389077.249234,3080,96.28125,0.042820848524570465,Grad/mlp.fc2.lora_B,outputs_dev/vitb16/T=vtab_Q=3bit_L=lora_2_qkv-fc1-proj-fc2/cifar/20260114184203_default_acc=53.50/tensorboard/Grad_mlp.fc2.lora_B_block_5/events.out.tfevents.1768387349.master-192-168-8-48.1680.9,mlp.fc2.lora_B,5
1768389077.6576738,3081,96.3125,0.06855443120002747,Grad/mlp.fc2.lora_B,outputs_dev/vitb16/T=vtab_Q=3bit_L=lora_2_qkv-fc1-proj-fc2/cifar/20260114184203_default_acc=53.50/tensorboard/Grad_mlp.fc2.lora_B_block_5/events.out.tfevents.1768387349.master-192-168-8-48.1680.9,mlp.fc2.lora_B,5
1768389078.0553987,3082,96.34375,0.01456686481833458,Grad/mlp.fc2.lora_B,outputs_dev/vitb16/T=vtab_Q=3bit_L=lora_2_qkv-fc1-proj-fc2/cifar/20260114184203_default_acc=53.50/tensorboard/Grad_mlp.fc2.lora_B_block_5/events.out.tfevents.1768387349.master-192-168-8-48.1680.9,mlp.fc2.lora_B,5
1768389078.4681838,3083,96.375,0.026574259623885155,Grad/mlp.fc2.lora_B,outputs_dev/vitb16/T=vtab_Q=3bit_L=lora_2_qkv-fc1-proj-fc2/cifar/20260114184203_default_acc=53.50/tensorboard/Grad_mlp.fc2.lora_B_block_5/events.out.tfevents.1768387349.master-192-168-8-48.1680.9,mlp.fc2.lora_B,5
1768389078.884758,3084,96.40625,0.2103363424539566,Grad/mlp.fc2.lora_B,outputs_dev/vitb16/T=vtab_Q=3bit_L=lora_2_qkv-fc1-proj-fc2/cifar/20260114184203_default_acc=53.50/tensorboard/Grad_mlp.fc2.lora_B_block_5/events.out.tfevents.1768387349.master-192-168-8-48.1680.9,mlp.fc2.lora_B,5
1768389079.2781641,3085,96.4375,0.04891647398471832,Grad/mlp.fc2.lora_B,outputs_dev/vitb16/T=vtab_Q=3bit_L=lora_2_qkv-fc1-proj-fc2/cifar/20260114184203_default_acc=53.50/tensorboard/Grad_mlp.fc2.lora_B_block_5/events.out.tfevents.1768387349.master-192-168-8-48.1680.9,mlp.fc2.lora_B,5
1768389079.6715205,3086,96.46875,0.024045944213867188,Grad/mlp.fc2.lora_B,outputs_dev/vitb16/T=vtab_Q=3bit_L=lora_2_qkv-fc1-proj-fc2/cifar/20260114184203_default_acc=53.50/tensorboard/Grad_mlp.fc2.lora_B_block_5/events.out.tfevents.1768387349.master-192-168-8-48.1680.9,mlp.fc2.lora_B,5
1768389080.0661619,3087,96.5,0.3517203629016876,Grad/mlp.fc2.lora_B,outputs_dev/vitb16/T=vtab_Q=3bit_L=lora_2_qkv-fc1-proj-fc2/cifar/20260114184203_default_acc=53.50/tensorboard/Grad_mlp.fc2.lora_B_block_5/events.out.tfevents.1768387349.master-192-168-8-48.1680.9,mlp.fc2.lora_B,5
1768389080.4592614,3088,96.53125,0.03932236507534981,Grad/mlp.fc2.lora_B,outputs_dev/vitb16/T=vtab_Q=3bit_L=lora_2_qkv-fc1-proj-fc2/cifar/20260114184203_default_acc=53.50/tensorboard/Grad_mlp.fc2.lora_B_block_5/events.out.tfevents.1768387349.master-192-168-8-48.1680.9,mlp.fc2.lora_B,5
1768389080.8511612,3089,96.5625,0.05788826197385788,Grad/mlp.fc2.lora_B,outputs_dev/vitb16/T=vtab_Q=3bit_L=lora_2_qkv-fc1-proj-fc2/cifar/20260114184203_default_acc=53.50/tensorboard/Grad_mlp.fc2.lora_B_block_5/events.out.tfevents.1768387349.master-192-168-8-48.1680.9,mlp.fc2.lora_B,5
1768389081.2452545,3090,96.59375,0.028716808184981346,Grad/mlp.fc2.lora_B,outputs_dev/vitb16/T=vtab_Q=3bit_L=lora_2_qkv-fc1-proj-fc2/cifar/20260114184203_default_acc=53.50/tensorboard/Grad_mlp.fc2.lora_B_block_5/events.out.tfevents.1768387349.master-192-168-8-48.1680.9,mlp.fc2.lora_B,5
1768389081.6379313,3091,96.625,0.023089583963155746,Grad/mlp.fc2.lora_B,outputs_dev/vitb16/T=vtab_Q=3bit_L=lora_2_qkv-fc1-proj-fc2/cifar/20260114184203_default_acc=53.50/tensorboard/Grad_mlp.fc2.lora_B_block_5/events.out.tfevents.1768387349.master-192-168-8-48.1680.9,mlp.fc2.lora_B,5
1768389082.028955,3092,96.65625,0.021397724747657776,Grad/mlp.fc2.lora_B,outputs_dev/vitb16/T=vtab_Q=3bit_L=lora_2_qkv-fc1-proj-fc2/cifar/20260114184203_default_acc=53.50/tensorboard/Grad_mlp.fc2.lora_B_block_5/events.out.tfevents.1768387349.master-192-168-8-48.1680.9,mlp.fc2.lora_B,5
1768389082.4241467,3093,96.6875,0.01106854435056448,Grad/mlp.fc2.lora_B,outputs_dev/vitb16/T=vtab_Q=3bit_L=lora_2_qkv-fc1-proj-fc2/cifar/20260114184203_default_acc=53.50/tensorboard/Grad_mlp.fc2.lora_B_block_5/events.out.tfevents.1768387349.master-192-168-8-48.1680.9,mlp.fc2.lora_B,5
1768389082.815385,3094,96.71875,0.15652485191822052,Grad/mlp.fc2.lora_B,outputs_dev/vitb16/T=vtab_Q=3bit_L=lora_2_qkv-fc1-proj-fc2/cifar/20260114184203_default_acc=53.50/tensorboard/Grad_mlp.fc2.lora_B_block_5/events.out.tfevents.1768387349.master-192-168-8-48.1680.9,mlp.fc2.lora_B,5
1768389083.2094111,3095,96.75,0.018307341262698174,Grad/mlp.fc2.lora_B,outputs_dev/vitb16/T=vtab_Q=3bit_L=lora_2_qkv-fc1-proj-fc2/cifar/20260114184203_default_acc=53.50/tensorboard/Grad_mlp.fc2.lora_B_block_5/events.out.tfevents.1768387349.master-192-168-8-48.1680.9,mlp.fc2.lora_B,5
1768389083.6054535,3096,96.78125,0.018284378573298454,Grad/mlp.fc2.lora_B,outputs_dev/vitb16/T=vtab_Q=3bit_L=lora_2_qkv-fc1-proj-fc2/cifar/20260114184203_default_acc=53.50/tensorboard/Grad_mlp.fc2.lora_B_block_5/events.out.tfevents.1768387349.master-192-168-8-48.1680.9,mlp.fc2.lora_B,5
1768389084.0003567,3097,96.8125,0.015567717142403126,Grad/mlp.fc2.lora_B,outputs_dev/vitb16/T=vtab_Q=3bit_L=lora_2_qkv-fc1-proj-fc2/cifar/20260114184203_default_acc=53.50/tensorboard/Grad_mlp.fc2.lora_B_block_5/events.out.tfevents.1768387349.master-192-168-8-48.1680.9,mlp.fc2.lora_B,5
1768389084.3941634,3098,96.84375,0.05209134891629219,Grad/mlp.fc2.lora_B,outputs_dev/vitb16/T=vtab_Q=3bit_L=lora_2_qkv-fc1-proj-fc2/cifar/20260114184203_default_acc=53.50/tensorboard/Grad_mlp.fc2.lora_B_block_5/events.out.tfevents.1768387349.master-192-168-8-48.1680.9,mlp.fc2.lora_B,5
1768389084.788639,3099,96.875,0.04207639396190643,Grad/mlp.fc2.lora_B,outputs_dev/vitb16/T=vtab_Q=3bit_L=lora_2_qkv-fc1-proj-fc2/cifar/20260114184203_default_acc=53.50/tensorboard/Grad_mlp.fc2.lora_B_block_5/events.out.tfevents.1768387349.master-192-168-8-48.1680.9,mlp.fc2.lora_B,5
1768389085.180235,3100,96.90625,0.05377240478992462,Grad/mlp.fc2.lora_B,outputs_dev/vitb16/T=vtab_Q=3bit_L=lora_2_qkv-fc1-proj-fc2/cifar/20260114184203_default_acc=53.50/tensorboard/Grad_mlp.fc2.lora_B_block_5/events.out.tfevents.1768387349.master-192-168-8-48.1680.9,mlp.fc2.lora_B,5
1768389085.5637472,3101,96.9375,0.01988135650753975,Grad/mlp.fc2.lora_B,outputs_dev/vitb16/T=vtab_Q=3bit_L=lora_2_qkv-fc1-proj-fc2/cifar/20260114184203_default_acc=53.50/tensorboard/Grad_mlp.fc2.lora_B_block_5/events.out.tfevents.1768387349.master-192-168-8-48.1680.9,mlp.fc2.lora_B,5
1768389085.9575632,3102,96.96875,0.01620834320783615,Grad/mlp.fc2.lora_B,outputs_dev/vitb16/T=vtab_Q=3bit_L=lora_2_qkv-fc1-proj-fc2/cifar/20260114184203_default_acc=53.50/tensorboard/Grad_mlp.fc2.lora_B_block_5/events.out.tfevents.1768387349.master-192-168-8-48.1680.9,mlp.fc2.lora_B,5
1768389086.169079,3103,97.0,0.10583028197288513,Grad/mlp.fc2.lora_B,outputs_dev/vitb16/T=vtab_Q=3bit_L=lora_2_qkv-fc1-proj-fc2/cifar/20260114184203_default_acc=53.50/tensorboard/Grad_mlp.fc2.lora_B_block_5/events.out.tfevents.1768387349.master-192-168-8-48.1680.9,mlp.fc2.lora_B,5
1768389086.8164222,3104,97.03125,0.013033089227974415,Grad/mlp.fc2.lora_B,outputs_dev/vitb16/T=vtab_Q=3bit_L=lora_2_qkv-fc1-proj-fc2/cifar/20260114184203_default_acc=53.50/tensorboard/Grad_mlp.fc2.lora_B_block_5/events.out.tfevents.1768387349.master-192-168-8-48.1680.9,mlp.fc2.lora_B,5
1768389087.2179067,3105,97.0625,0.048710327595472336,Grad/mlp.fc2.lora_B,outputs_dev/vitb16/T=vtab_Q=3bit_L=lora_2_qkv-fc1-proj-fc2/cifar/20260114184203_default_acc=53.50/tensorboard/Grad_mlp.fc2.lora_B_block_5/events.out.tfevents.1768387349.master-192-168-8-48.1680.9,mlp.fc2.lora_B,5
1768389087.6138897,3106,97.09375,0.09058719128370285,Grad/mlp.fc2.lora_B,outputs_dev/vitb16/T=vtab_Q=3bit_L=lora_2_qkv-fc1-proj-fc2/cifar/20260114184203_default_acc=53.50/tensorboard/Grad_mlp.fc2.lora_B_block_5/events.out.tfevents.1768387349.master-192-168-8-48.1680.9,mlp.fc2.lora_B,5
1768389088.0086544,3107,97.125,0.031064774841070175,Grad/mlp.fc2.lora_B,outputs_dev/vitb16/T=vtab_Q=3bit_L=lora_2_qkv-fc1-proj-fc2/cifar/20260114184203_default_acc=53.50/tensorboard/Grad_mlp.fc2.lora_B_block_5/events.out.tfevents.1768387349.master-192-168-8-48.1680.9,mlp.fc2.lora_B,5
1768389088.4159822,3108,97.15625,0.015453798696398735,Grad/mlp.fc2.lora_B,outputs_dev/vitb16/T=vtab_Q=3bit_L=lora_2_qkv-fc1-proj-fc2/cifar/20260114184203_default_acc=53.50/tensorboard/Grad_mlp.fc2.lora_B_block_5/events.out.tfevents.1768387349.master-192-168-8-48.1680.9,mlp.fc2.lora_B,5
1768389088.8099568,3109,97.1875,0.03661936894059181,Grad/mlp.fc2.lora_B,outputs_dev/vitb16/T=vtab_Q=3bit_L=lora_2_qkv-fc1-proj-fc2/cifar/20260114184203_default_acc=53.50/tensorboard/Grad_mlp.fc2.lora_B_block_5/events.out.tfevents.1768387349.master-192-168-8-48.1680.9,mlp.fc2.lora_B,5
1768389089.2075596,3110,97.21875,0.012154918164014816,Grad/mlp.fc2.lora_B,outputs_dev/vitb16/T=vtab_Q=3bit_L=lora_2_qkv-fc1-proj-fc2/cifar/20260114184203_default_acc=53.50/tensorboard/Grad_mlp.fc2.lora_B_block_5/events.out.tfevents.1768387349.master-192-168-8-48.1680.9,mlp.fc2.lora_B,5
1768389089.6191475,3111,97.25,0.027142515406012535,Grad/mlp.fc2.lora_B,outputs_dev/vitb16/T=vtab_Q=3bit_L=lora_2_qkv-fc1-proj-fc2/cifar/20260114184203_default_acc=53.50/tensorboard/Grad_mlp.fc2.lora_B_block_5/events.out.tfevents.1768387349.master-192-168-8-48.1680.9,mlp.fc2.lora_B,5
1768389090.0262015,3112,97.28125,0.06886707991361618,Grad/mlp.fc2.lora_B,outputs_dev/vitb16/T=vtab_Q=3bit_L=lora_2_qkv-fc1-proj-fc2/cifar/20260114184203_default_acc=53.50/tensorboard/Grad_mlp.fc2.lora_B_block_5/events.out.tfevents.1768387349.master-192-168-8-48.1680.9,mlp.fc2.lora_B,5
1768389090.4202168,3113,97.3125,0.2748607099056244,Grad/mlp.fc2.lora_B,outputs_dev/vitb16/T=vtab_Q=3bit_L=lora_2_qkv-fc1-proj-fc2/cifar/20260114184203_default_acc=53.50/tensorboard/Grad_mlp.fc2.lora_B_block_5/events.out.tfevents.1768387349.master-192-168-8-48.1680.9,mlp.fc2.lora_B,5
1768389090.8278482,3114,97.34375,0.022730279713869095,Grad/mlp.fc2.lora_B,outputs_dev/vitb16/T=vtab_Q=3bit_L=lora_2_qkv-fc1-proj-fc2/cifar/20260114184203_default_acc=53.50/tensorboard/Grad_mlp.fc2.lora_B_block_5/events.out.tfevents.1768387349.master-192-168-8-48.1680.9,mlp.fc2.lora_B,5
1768389091.2233055,3115,97.375,0.038677383214235306,Grad/mlp.fc2.lora_B,outputs_dev/vitb16/T=vtab_Q=3bit_L=lora_2_qkv-fc1-proj-fc2/cifar/20260114184203_default_acc=53.50/tensorboard/Grad_mlp.fc2.lora_B_block_5/events.out.tfevents.1768387349.master-192-168-8-48.1680.9,mlp.fc2.lora_B,5
1768389091.6178265,3116,97.40625,0.04403693601489067,Grad/mlp.fc2.lora_B,outputs_dev/vitb16/T=vtab_Q=3bit_L=lora_2_qkv-fc1-proj-fc2/cifar/20260114184203_default_acc=53.50/tensorboard/Grad_mlp.fc2.lora_B_block_5/events.out.tfevents.1768387349.master-192-168-8-48.1680.9,mlp.fc2.lora_B,5
1768389092.0128176,3117,97.4375,0.026103226467967033,Grad/mlp.fc2.lora_B,outputs_dev/vitb16/T=vtab_Q=3bit_L=lora_2_qkv-fc1-proj-fc2/cifar/20260114184203_default_acc=53.50/tensorboard/Grad_mlp.fc2.lora_B_block_5/events.out.tfevents.1768387349.master-192-168-8-48.1680.9,mlp.fc2.lora_B,5
1768389092.4320037,3118,97.46875,0.03026660904288292,Grad/mlp.fc2.lora_B,outputs_dev/vitb16/T=vtab_Q=3bit_L=lora_2_qkv-fc1-proj-fc2/cifar/20260114184203_default_acc=53.50/tensorboard/Grad_mlp.fc2.lora_B_block_5/events.out.tfevents.1768387349.master-192-168-8-48.1680.9,mlp.fc2.lora_B,5
1768389092.8251684,3119,97.5,0.017932523041963577,Grad/mlp.fc2.lora_B,outputs_dev/vitb16/T=vtab_Q=3bit_L=lora_2_qkv-fc1-proj-fc2/cifar/20260114184203_default_acc=53.50/tensorboard/Grad_mlp.fc2.lora_B_block_5/events.out.tfevents.1768387349.master-192-168-8-48.1680.9,mlp.fc2.lora_B,5
1768389093.2407062,3120,97.53125,0.014823482371866703,Grad/mlp.fc2.lora_B,outputs_dev/vitb16/T=vtab_Q=3bit_L=lora_2_qkv-fc1-proj-fc2/cifar/20260114184203_default_acc=53.50/tensorboard/Grad_mlp.fc2.lora_B_block_5/events.out.tfevents.1768387349.master-192-168-8-48.1680.9,mlp.fc2.lora_B,5
1768389093.6382315,3121,97.5625,0.12848809361457825,Grad/mlp.fc2.lora_B,outputs_dev/vitb16/T=vtab_Q=3bit_L=lora_2_qkv-fc1-proj-fc2/cifar/20260114184203_default_acc=53.50/tensorboard/Grad_mlp.fc2.lora_B_block_5/events.out.tfevents.1768387349.master-192-168-8-48.1680.9,mlp.fc2.lora_B,5
1768389094.0654242,3122,97.59375,0.15901580452919006,Grad/mlp.fc2.lora_B,outputs_dev/vitb16/T=vtab_Q=3bit_L=lora_2_qkv-fc1-proj-fc2/cifar/20260114184203_default_acc=53.50/tensorboard/Grad_mlp.fc2.lora_B_block_5/events.out.tfevents.1768387349.master-192-168-8-48.1680.9,mlp.fc2.lora_B,5
1768389094.4610407,3123,97.625,0.01712568663060665,Grad/mlp.fc2.lora_B,outputs_dev/vitb16/T=vtab_Q=3bit_L=lora_2_qkv-fc1-proj-fc2/cifar/20260114184203_default_acc=53.50/tensorboard/Grad_mlp.fc2.lora_B_block_5/events.out.tfevents.1768387349.master-192-168-8-48.1680.9,mlp.fc2.lora_B,5
1768389094.8554409,3124,97.65625,0.03696960210800171,Grad/mlp.fc2.lora_B,outputs_dev/vitb16/T=vtab_Q=3bit_L=lora_2_qkv-fc1-proj-fc2/cifar/20260114184203_default_acc=53.50/tensorboard/Grad_mlp.fc2.lora_B_block_5/events.out.tfevents.1768387349.master-192-168-8-48.1680.9,mlp.fc2.lora_B,5
1768389095.2514987,3125,97.6875,0.019554579630494118,Grad/mlp.fc2.lora_B,outputs_dev/vitb16/T=vtab_Q=3bit_L=lora_2_qkv-fc1-proj-fc2/cifar/20260114184203_default_acc=53.50/tensorboard/Grad_mlp.fc2.lora_B_block_5/events.out.tfevents.1768387349.master-192-168-8-48.1680.9,mlp.fc2.lora_B,5
1768389095.6453273,3126,97.71875,0.041973263025283813,Grad/mlp.fc2.lora_B,outputs_dev/vitb16/T=vtab_Q=3bit_L=lora_2_qkv-fc1-proj-fc2/cifar/20260114184203_default_acc=53.50/tensorboard/Grad_mlp.fc2.lora_B_block_5/events.out.tfevents.1768387349.master-192-168-8-48.1680.9,mlp.fc2.lora_B,5
1768389096.0301006,3127,97.75,0.020756039768457413,Grad/mlp.fc2.lora_B,outputs_dev/vitb16/T=vtab_Q=3bit_L=lora_2_qkv-fc1-proj-fc2/cifar/20260114184203_default_acc=53.50/tensorboard/Grad_mlp.fc2.lora_B_block_5/events.out.tfevents.1768387349.master-192-168-8-48.1680.9,mlp.fc2.lora_B,5
1768389096.426144,3128,97.78125,0.06950433552265167,Grad/mlp.fc2.lora_B,outputs_dev/vitb16/T=vtab_Q=3bit_L=lora_2_qkv-fc1-proj-fc2/cifar/20260114184203_default_acc=53.50/tensorboard/Grad_mlp.fc2.lora_B_block_5/events.out.tfevents.1768387349.master-192-168-8-48.1680.9,mlp.fc2.lora_B,5
1768389096.8185122,3129,97.8125,0.08933950960636139,Grad/mlp.fc2.lora_B,outputs_dev/vitb16/T=vtab_Q=3bit_L=lora_2_qkv-fc1-proj-fc2/cifar/20260114184203_default_acc=53.50/tensorboard/Grad_mlp.fc2.lora_B_block_5/events.out.tfevents.1768387349.master-192-168-8-48.1680.9,mlp.fc2.lora_B,5
1768389097.2132754,3130,97.84375,0.010868478566408157,Grad/mlp.fc2.lora_B,outputs_dev/vitb16/T=vtab_Q=3bit_L=lora_2_qkv-fc1-proj-fc2/cifar/20260114184203_default_acc=53.50/tensorboard/Grad_mlp.fc2.lora_B_block_5/events.out.tfevents.1768387349.master-192-168-8-48.1680.9,mlp.fc2.lora_B,5
1768389097.6131997,3131,97.875,0.19640111923217773,Grad/mlp.fc2.lora_B,outputs_dev/vitb16/T=vtab_Q=3bit_L=lora_2_qkv-fc1-proj-fc2/cifar/20260114184203_default_acc=53.50/tensorboard/Grad_mlp.fc2.lora_B_block_5/events.out.tfevents.1768387349.master-192-168-8-48.1680.9,mlp.fc2.lora_B,5
1768389098.0066702,3132,97.90625,0.17791403830051422,Grad/mlp.fc2.lora_B,outputs_dev/vitb16/T=vtab_Q=3bit_L=lora_2_qkv-fc1-proj-fc2/cifar/20260114184203_default_acc=53.50/tensorboard/Grad_mlp.fc2.lora_B_block_5/events.out.tfevents.1768387349.master-192-168-8-48.1680.9,mlp.fc2.lora_B,5
1768389098.4011345,3133,97.9375,0.0861598551273346,Grad/mlp.fc2.lora_B,outputs_dev/vitb16/T=vtab_Q=3bit_L=lora_2_qkv-fc1-proj-fc2/cifar/20260114184203_default_acc=53.50/tensorboard/Grad_mlp.fc2.lora_B_block_5/events.out.tfevents.1768387349.master-192-168-8-48.1680.9,mlp.fc2.lora_B,5
1768389098.8116527,3134,97.96875,0.019618887454271317,Grad/mlp.fc2.lora_B,outputs_dev/vitb16/T=vtab_Q=3bit_L=lora_2_qkv-fc1-proj-fc2/cifar/20260114184203_default_acc=53.50/tensorboard/Grad_mlp.fc2.lora_B_block_5/events.out.tfevents.1768387349.master-192-168-8-48.1680.9,mlp.fc2.lora_B,5
1768389099.0837967,3135,98.0,0.21950656175613403,Grad/mlp.fc2.lora_B,outputs_dev/vitb16/T=vtab_Q=3bit_L=lora_2_qkv-fc1-proj-fc2/cifar/20260114184203_default_acc=53.50/tensorboard/Grad_mlp.fc2.lora_B_block_5/events.out.tfevents.1768387349.master-192-168-8-48.1680.9,mlp.fc2.lora_B,5
1768389099.9600203,3136,98.03125,0.02316909097135067,Grad/mlp.fc2.lora_B,outputs_dev/vitb16/T=vtab_Q=3bit_L=lora_2_qkv-fc1-proj-fc2/cifar/20260114184203_default_acc=53.50/tensorboard/Grad_mlp.fc2.lora_B_block_5/events.out.tfevents.1768387349.master-192-168-8-48.1680.9,mlp.fc2.lora_B,5
1768389100.3584142,3137,98.0625,0.01039896346628666,Grad/mlp.fc2.lora_B,outputs_dev/vitb16/T=vtab_Q=3bit_L=lora_2_qkv-fc1-proj-fc2/cifar/20260114184203_default_acc=53.50/tensorboard/Grad_mlp.fc2.lora_B_block_5/events.out.tfevents.1768387349.master-192-168-8-48.1680.9,mlp.fc2.lora_B,5
1768389100.7520683,3138,98.09375,0.2186524122953415,Grad/mlp.fc2.lora_B,outputs_dev/vitb16/T=vtab_Q=3bit_L=lora_2_qkv-fc1-proj-fc2/cifar/20260114184203_default_acc=53.50/tensorboard/Grad_mlp.fc2.lora_B_block_5/events.out.tfevents.1768387349.master-192-168-8-48.1680.9,mlp.fc2.lora_B,5
1768389101.1501389,3139,98.125,0.09938441216945648,Grad/mlp.fc2.lora_B,outputs_dev/vitb16/T=vtab_Q=3bit_L=lora_2_qkv-fc1-proj-fc2/cifar/20260114184203_default_acc=53.50/tensorboard/Grad_mlp.fc2.lora_B_block_5/events.out.tfevents.1768387349.master-192-168-8-48.1680.9,mlp.fc2.lora_B,5
1768389101.5469484,3140,98.15625,0.04085377976298332,Grad/mlp.fc2.lora_B,outputs_dev/vitb16/T=vtab_Q=3bit_L=lora_2_qkv-fc1-proj-fc2/cifar/20260114184203_default_acc=53.50/tensorboard/Grad_mlp.fc2.lora_B_block_5/events.out.tfevents.1768387349.master-192-168-8-48.1680.9,mlp.fc2.lora_B,5
1768389101.9578218,3141,98.1875,0.03724059835076332,Grad/mlp.fc2.lora_B,outputs_dev/vitb16/T=vtab_Q=3bit_L=lora_2_qkv-fc1-proj-fc2/cifar/20260114184203_default_acc=53.50/tensorboard/Grad_mlp.fc2.lora_B_block_5/events.out.tfevents.1768387349.master-192-168-8-48.1680.9,mlp.fc2.lora_B,5
1768389102.354575,3142,98.21875,0.012770329602062702,Grad/mlp.fc2.lora_B,outputs_dev/vitb16/T=vtab_Q=3bit_L=lora_2_qkv-fc1-proj-fc2/cifar/20260114184203_default_acc=53.50/tensorboard/Grad_mlp.fc2.lora_B_block_5/events.out.tfevents.1768387349.master-192-168-8-48.1680.9,mlp.fc2.lora_B,5
1768389102.7486746,3143,98.25,0.03353266045451164,Grad/mlp.fc2.lora_B,outputs_dev/vitb16/T=vtab_Q=3bit_L=lora_2_qkv-fc1-proj-fc2/cifar/20260114184203_default_acc=53.50/tensorboard/Grad_mlp.fc2.lora_B_block_5/events.out.tfevents.1768387349.master-192-168-8-48.1680.9,mlp.fc2.lora_B,5
1768389103.155303,3144,98.28125,0.0607038177549839,Grad/mlp.fc2.lora_B,outputs_dev/vitb16/T=vtab_Q=3bit_L=lora_2_qkv-fc1-proj-fc2/cifar/20260114184203_default_acc=53.50/tensorboard/Grad_mlp.fc2.lora_B_block_5/events.out.tfevents.1768387349.master-192-168-8-48.1680.9,mlp.fc2.lora_B,5
1768389103.5651412,3145,98.3125,0.015004191547632217,Grad/mlp.fc2.lora_B,outputs_dev/vitb16/T=vtab_Q=3bit_L=lora_2_qkv-fc1-proj-fc2/cifar/20260114184203_default_acc=53.50/tensorboard/Grad_mlp.fc2.lora_B_block_5/events.out.tfevents.1768387349.master-192-168-8-48.1680.9,mlp.fc2.lora_B,5
1768389103.9720755,3146,98.34375,0.11939632892608643,Grad/mlp.fc2.lora_B,outputs_dev/vitb16/T=vtab_Q=3bit_L=lora_2_qkv-fc1-proj-fc2/cifar/20260114184203_default_acc=53.50/tensorboard/Grad_mlp.fc2.lora_B_block_5/events.out.tfevents.1768387349.master-192-168-8-48.1680.9,mlp.fc2.lora_B,5
1768389104.378257,3147,98.375,0.10310578346252441,Grad/mlp.fc2.lora_B,outputs_dev/vitb16/T=vtab_Q=3bit_L=lora_2_qkv-fc1-proj-fc2/cifar/20260114184203_default_acc=53.50/tensorboard/Grad_mlp.fc2.lora_B_block_5/events.out.tfevents.1768387349.master-192-168-8-48.1680.9,mlp.fc2.lora_B,5
1768389104.784297,3148,98.40625,0.047981757670640945,Grad/mlp.fc2.lora_B,outputs_dev/vitb16/T=vtab_Q=3bit_L=lora_2_qkv-fc1-proj-fc2/cifar/20260114184203_default_acc=53.50/tensorboard/Grad_mlp.fc2.lora_B_block_5/events.out.tfevents.1768387349.master-192-168-8-48.1680.9,mlp.fc2.lora_B,5
1768389105.1649425,3149,98.4375,0.04208456724882126,Grad/mlp.fc2.lora_B,outputs_dev/vitb16/T=vtab_Q=3bit_L=lora_2_qkv-fc1-proj-fc2/cifar/20260114184203_default_acc=53.50/tensorboard/Grad_mlp.fc2.lora_B_block_5/events.out.tfevents.1768387349.master-192-168-8-48.1680.9,mlp.fc2.lora_B,5
1768389105.5595105,3150,98.46875,0.015068349428474903,Grad/mlp.fc2.lora_B,outputs_dev/vitb16/T=vtab_Q=3bit_L=lora_2_qkv-fc1-proj-fc2/cifar/20260114184203_default_acc=53.50/tensorboard/Grad_mlp.fc2.lora_B_block_5/events.out.tfevents.1768387349.master-192-168-8-48.1680.9,mlp.fc2.lora_B,5
1768389105.955221,3151,98.5,0.01757417991757393,Grad/mlp.fc2.lora_B,outputs_dev/vitb16/T=vtab_Q=3bit_L=lora_2_qkv-fc1-proj-fc2/cifar/20260114184203_default_acc=53.50/tensorboard/Grad_mlp.fc2.lora_B_block_5/events.out.tfevents.1768387349.master-192-168-8-48.1680.9,mlp.fc2.lora_B,5
1768389106.3484263,3152,98.53125,0.0194248054176569,Grad/mlp.fc2.lora_B,outputs_dev/vitb16/T=vtab_Q=3bit_L=lora_2_qkv-fc1-proj-fc2/cifar/20260114184203_default_acc=53.50/tensorboard/Grad_mlp.fc2.lora_B_block_5/events.out.tfevents.1768387349.master-192-168-8-48.1680.9,mlp.fc2.lora_B,5
1768389106.743819,3153,98.5625,0.05038421228528023,Grad/mlp.fc2.lora_B,outputs_dev/vitb16/T=vtab_Q=3bit_L=lora_2_qkv-fc1-proj-fc2/cifar/20260114184203_default_acc=53.50/tensorboard/Grad_mlp.fc2.lora_B_block_5/events.out.tfevents.1768387349.master-192-168-8-48.1680.9,mlp.fc2.lora_B,5
1768389107.1397042,3154,98.59375,0.03317416086792946,Grad/mlp.fc2.lora_B,outputs_dev/vitb16/T=vtab_Q=3bit_L=lora_2_qkv-fc1-proj-fc2/cifar/20260114184203_default_acc=53.50/tensorboard/Grad_mlp.fc2.lora_B_block_5/events.out.tfevents.1768387349.master-192-168-8-48.1680.9,mlp.fc2.lora_B,5
1768389107.5332334,3155,98.625,0.015963014215230942,Grad/mlp.fc2.lora_B,outputs_dev/vitb16/T=vtab_Q=3bit_L=lora_2_qkv-fc1-proj-fc2/cifar/20260114184203_default_acc=53.50/tensorboard/Grad_mlp.fc2.lora_B_block_5/events.out.tfevents.1768387349.master-192-168-8-48.1680.9,mlp.fc2.lora_B,5
1768389107.9249508,3156,98.65625,0.009684679098427296,Grad/mlp.fc2.lora_B,outputs_dev/vitb16/T=vtab_Q=3bit_L=lora_2_qkv-fc1-proj-fc2/cifar/20260114184203_default_acc=53.50/tensorboard/Grad_mlp.fc2.lora_B_block_5/events.out.tfevents.1768387349.master-192-168-8-48.1680.9,mlp.fc2.lora_B,5
1768389108.3172243,3157,98.6875,0.033840496093034744,Grad/mlp.fc2.lora_B,outputs_dev/vitb16/T=vtab_Q=3bit_L=lora_2_qkv-fc1-proj-fc2/cifar/20260114184203_default_acc=53.50/tensorboard/Grad_mlp.fc2.lora_B_block_5/events.out.tfevents.1768387349.master-192-168-8-48.1680.9,mlp.fc2.lora_B,5
1768389108.7109966,3158,98.71875,0.02956186607480049,Grad/mlp.fc2.lora_B,outputs_dev/vitb16/T=vtab_Q=3bit_L=lora_2_qkv-fc1-proj-fc2/cifar/20260114184203_default_acc=53.50/tensorboard/Grad_mlp.fc2.lora_B_block_5/events.out.tfevents.1768387349.master-192-168-8-48.1680.9,mlp.fc2.lora_B,5
1768389109.1028821,3159,98.75,0.014643981121480465,Grad/mlp.fc2.lora_B,outputs_dev/vitb16/T=vtab_Q=3bit_L=lora_2_qkv-fc1-proj-fc2/cifar/20260114184203_default_acc=53.50/tensorboard/Grad_mlp.fc2.lora_B_block_5/events.out.tfevents.1768387349.master-192-168-8-48.1680.9,mlp.fc2.lora_B,5
1768389109.4849963,3160,98.78125,0.1040097251534462,Grad/mlp.fc2.lora_B,outputs_dev/vitb16/T=vtab_Q=3bit_L=lora_2_qkv-fc1-proj-fc2/cifar/20260114184203_default_acc=53.50/tensorboard/Grad_mlp.fc2.lora_B_block_5/events.out.tfevents.1768387349.master-192-168-8-48.1680.9,mlp.fc2.lora_B,5
1768389109.8797293,3161,98.8125,0.01876087300479412,Grad/mlp.fc2.lora_B,outputs_dev/vitb16/T=vtab_Q=3bit_L=lora_2_qkv-fc1-proj-fc2/cifar/20260114184203_default_acc=53.50/tensorboard/Grad_mlp.fc2.lora_B_block_5/events.out.tfevents.1768387349.master-192-168-8-48.1680.9,mlp.fc2.lora_B,5
1768389110.2759202,3162,98.84375,0.03058285266160965,Grad/mlp.fc2.lora_B,outputs_dev/vitb16/T=vtab_Q=3bit_L=lora_2_qkv-fc1-proj-fc2/cifar/20260114184203_default_acc=53.50/tensorboard/Grad_mlp.fc2.lora_B_block_5/events.out.tfevents.1768387349.master-192-168-8-48.1680.9,mlp.fc2.lora_B,5
1768389110.670099,3163,98.875,0.01844583824276924,Grad/mlp.fc2.lora_B,outputs_dev/vitb16/T=vtab_Q=3bit_L=lora_2_qkv-fc1-proj-fc2/cifar/20260114184203_default_acc=53.50/tensorboard/Grad_mlp.fc2.lora_B_block_5/events.out.tfevents.1768387349.master-192-168-8-48.1680.9,mlp.fc2.lora_B,5
1768389111.0655887,3164,98.90625,0.06303716450929642,Grad/mlp.fc2.lora_B,outputs_dev/vitb16/T=vtab_Q=3bit_L=lora_2_qkv-fc1-proj-fc2/cifar/20260114184203_default_acc=53.50/tensorboard/Grad_mlp.fc2.lora_B_block_5/events.out.tfevents.1768387349.master-192-168-8-48.1680.9,mlp.fc2.lora_B,5
1768389111.4536939,3165,98.9375,0.02519281953573227,Grad/mlp.fc2.lora_B,outputs_dev/vitb16/T=vtab_Q=3bit_L=lora_2_qkv-fc1-proj-fc2/cifar/20260114184203_default_acc=53.50/tensorboard/Grad_mlp.fc2.lora_B_block_5/events.out.tfevents.1768387349.master-192-168-8-48.1680.9,mlp.fc2.lora_B,5
1768389111.8686872,3166,98.96875,0.021514739841222763,Grad/mlp.fc2.lora_B,outputs_dev/vitb16/T=vtab_Q=3bit_L=lora_2_qkv-fc1-proj-fc2/cifar/20260114184203_default_acc=53.50/tensorboard/Grad_mlp.fc2.lora_B_block_5/events.out.tfevents.1768387349.master-192-168-8-48.1680.9,mlp.fc2.lora_B,5
1768389112.0607345,3167,99.0,0.07470817863941193,Grad/mlp.fc2.lora_B,outputs_dev/vitb16/T=vtab_Q=3bit_L=lora_2_qkv-fc1-proj-fc2/cifar/20260114184203_default_acc=53.50/tensorboard/Grad_mlp.fc2.lora_B_block_5/events.out.tfevents.1768387349.master-192-168-8-48.1680.9,mlp.fc2.lora_B,5
1768389112.7953787,3168,99.03125,0.18092533946037292,Grad/mlp.fc2.lora_B,outputs_dev/vitb16/T=vtab_Q=3bit_L=lora_2_qkv-fc1-proj-fc2/cifar/20260114184203_default_acc=53.50/tensorboard/Grad_mlp.fc2.lora_B_block_5/events.out.tfevents.1768387349.master-192-168-8-48.1680.9,mlp.fc2.lora_B,5
1768389113.1919632,3169,99.0625,0.019964229315519333,Grad/mlp.fc2.lora_B,outputs_dev/vitb16/T=vtab_Q=3bit_L=lora_2_qkv-fc1-proj-fc2/cifar/20260114184203_default_acc=53.50/tensorboard/Grad_mlp.fc2.lora_B_block_5/events.out.tfevents.1768387349.master-192-168-8-48.1680.9,mlp.fc2.lora_B,5
1768389113.5768142,3170,99.09375,0.02344394102692604,Grad/mlp.fc2.lora_B,outputs_dev/vitb16/T=vtab_Q=3bit_L=lora_2_qkv-fc1-proj-fc2/cifar/20260114184203_default_acc=53.50/tensorboard/Grad_mlp.fc2.lora_B_block_5/events.out.tfevents.1768387349.master-192-168-8-48.1680.9,mlp.fc2.lora_B,5
1768389113.9718213,3171,99.125,0.14226047694683075,Grad/mlp.fc2.lora_B,outputs_dev/vitb16/T=vtab_Q=3bit_L=lora_2_qkv-fc1-proj-fc2/cifar/20260114184203_default_acc=53.50/tensorboard/Grad_mlp.fc2.lora_B_block_5/events.out.tfevents.1768387349.master-192-168-8-48.1680.9,mlp.fc2.lora_B,5
1768389114.354334,3172,99.15625,0.016297467052936554,Grad/mlp.fc2.lora_B,outputs_dev/vitb16/T=vtab_Q=3bit_L=lora_2_qkv-fc1-proj-fc2/cifar/20260114184203_default_acc=53.50/tensorboard/Grad_mlp.fc2.lora_B_block_5/events.out.tfevents.1768387349.master-192-168-8-48.1680.9,mlp.fc2.lora_B,5
1768389114.7510903,3173,99.1875,0.01699572242796421,Grad/mlp.fc2.lora_B,outputs_dev/vitb16/T=vtab_Q=3bit_L=lora_2_qkv-fc1-proj-fc2/cifar/20260114184203_default_acc=53.50/tensorboard/Grad_mlp.fc2.lora_B_block_5/events.out.tfevents.1768387349.master-192-168-8-48.1680.9,mlp.fc2.lora_B,5
1768389115.1581728,3174,99.21875,0.02106817252933979,Grad/mlp.fc2.lora_B,outputs_dev/vitb16/T=vtab_Q=3bit_L=lora_2_qkv-fc1-proj-fc2/cifar/20260114184203_default_acc=53.50/tensorboard/Grad_mlp.fc2.lora_B_block_5/events.out.tfevents.1768387349.master-192-168-8-48.1680.9,mlp.fc2.lora_B,5
1768389115.5565786,3175,99.25,0.028136327862739563,Grad/mlp.fc2.lora_B,outputs_dev/vitb16/T=vtab_Q=3bit_L=lora_2_qkv-fc1-proj-fc2/cifar/20260114184203_default_acc=53.50/tensorboard/Grad_mlp.fc2.lora_B_block_5/events.out.tfevents.1768387349.master-192-168-8-48.1680.9,mlp.fc2.lora_B,5
1768389115.9507096,3176,99.28125,0.15442341566085815,Grad/mlp.fc2.lora_B,outputs_dev/vitb16/T=vtab_Q=3bit_L=lora_2_qkv-fc1-proj-fc2/cifar/20260114184203_default_acc=53.50/tensorboard/Grad_mlp.fc2.lora_B_block_5/events.out.tfevents.1768387349.master-192-168-8-48.1680.9,mlp.fc2.lora_B,5
1768389116.3417366,3177,99.3125,0.022945161908864975,Grad/mlp.fc2.lora_B,outputs_dev/vitb16/T=vtab_Q=3bit_L=lora_2_qkv-fc1-proj-fc2/cifar/20260114184203_default_acc=53.50/tensorboard/Grad_mlp.fc2.lora_B_block_5/events.out.tfevents.1768387349.master-192-168-8-48.1680.9,mlp.fc2.lora_B,5
1768389116.7493596,3178,99.34375,0.018235210329294205,Grad/mlp.fc2.lora_B,outputs_dev/vitb16/T=vtab_Q=3bit_L=lora_2_qkv-fc1-proj-fc2/cifar/20260114184203_default_acc=53.50/tensorboard/Grad_mlp.fc2.lora_B_block_5/events.out.tfevents.1768387349.master-192-168-8-48.1680.9,mlp.fc2.lora_B,5
1768389117.1402922,3179,99.375,0.01634989306330681,Grad/mlp.fc2.lora_B,outputs_dev/vitb16/T=vtab_Q=3bit_L=lora_2_qkv-fc1-proj-fc2/cifar/20260114184203_default_acc=53.50/tensorboard/Grad_mlp.fc2.lora_B_block_5/events.out.tfevents.1768387349.master-192-168-8-48.1680.9,mlp.fc2.lora_B,5
1768389117.5310934,3180,99.40625,0.04331693425774574,Grad/mlp.fc2.lora_B,outputs_dev/vitb16/T=vtab_Q=3bit_L=lora_2_qkv-fc1-proj-fc2/cifar/20260114184203_default_acc=53.50/tensorboard/Grad_mlp.fc2.lora_B_block_5/events.out.tfevents.1768387349.master-192-168-8-48.1680.9,mlp.fc2.lora_B,5
1768389117.9535508,3181,99.4375,0.03975486382842064,Grad/mlp.fc2.lora_B,outputs_dev/vitb16/T=vtab_Q=3bit_L=lora_2_qkv-fc1-proj-fc2/cifar/20260114184203_default_acc=53.50/tensorboard/Grad_mlp.fc2.lora_B_block_5/events.out.tfevents.1768387349.master-192-168-8-48.1680.9,mlp.fc2.lora_B,5
1768389118.3621528,3182,99.46875,0.027484258636832237,Grad/mlp.fc2.lora_B,outputs_dev/vitb16/T=vtab_Q=3bit_L=lora_2_qkv-fc1-proj-fc2/cifar/20260114184203_default_acc=53.50/tensorboard/Grad_mlp.fc2.lora_B_block_5/events.out.tfevents.1768387349.master-192-168-8-48.1680.9,mlp.fc2.lora_B,5
1768389118.7509031,3183,99.5,0.4066459834575653,Grad/mlp.fc2.lora_B,outputs_dev/vitb16/T=vtab_Q=3bit_L=lora_2_qkv-fc1-proj-fc2/cifar/20260114184203_default_acc=53.50/tensorboard/Grad_mlp.fc2.lora_B_block_5/events.out.tfevents.1768387349.master-192-168-8-48.1680.9,mlp.fc2.lora_B,5
1768389119.1451302,3184,99.53125,0.036768972873687744,Grad/mlp.fc2.lora_B,outputs_dev/vitb16/T=vtab_Q=3bit_L=lora_2_qkv-fc1-proj-fc2/cifar/20260114184203_default_acc=53.50/tensorboard/Grad_mlp.fc2.lora_B_block_5/events.out.tfevents.1768387349.master-192-168-8-48.1680.9,mlp.fc2.lora_B,5
1768389119.5388389,3185,99.5625,0.032156363129615784,Grad/mlp.fc2.lora_B,outputs_dev/vitb16/T=vtab_Q=3bit_L=lora_2_qkv-fc1-proj-fc2/cifar/20260114184203_default_acc=53.50/tensorboard/Grad_mlp.fc2.lora_B_block_5/events.out.tfevents.1768387349.master-192-168-8-48.1680.9,mlp.fc2.lora_B,5
1768389119.9339495,3186,99.59375,0.03312786668539047,Grad/mlp.fc2.lora_B,outputs_dev/vitb16/T=vtab_Q=3bit_L=lora_2_qkv-fc1-proj-fc2/cifar/20260114184203_default_acc=53.50/tensorboard/Grad_mlp.fc2.lora_B_block_5/events.out.tfevents.1768387349.master-192-168-8-48.1680.9,mlp.fc2.lora_B,5
1768389120.329004,3187,99.625,0.014066305942833424,Grad/mlp.fc2.lora_B,outputs_dev/vitb16/T=vtab_Q=3bit_L=lora_2_qkv-fc1-proj-fc2/cifar/20260114184203_default_acc=53.50/tensorboard/Grad_mlp.fc2.lora_B_block_5/events.out.tfevents.1768387349.master-192-168-8-48.1680.9,mlp.fc2.lora_B,5
1768389120.7207108,3188,99.65625,0.03545665368437767,Grad/mlp.fc2.lora_B,outputs_dev/vitb16/T=vtab_Q=3bit_L=lora_2_qkv-fc1-proj-fc2/cifar/20260114184203_default_acc=53.50/tensorboard/Grad_mlp.fc2.lora_B_block_5/events.out.tfevents.1768387349.master-192-168-8-48.1680.9,mlp.fc2.lora_B,5
1768389121.1166642,3189,99.6875,0.03597427159547806,Grad/mlp.fc2.lora_B,outputs_dev/vitb16/T=vtab_Q=3bit_L=lora_2_qkv-fc1-proj-fc2/cifar/20260114184203_default_acc=53.50/tensorboard/Grad_mlp.fc2.lora_B_block_5/events.out.tfevents.1768387349.master-192-168-8-48.1680.9,mlp.fc2.lora_B,5
1768389121.508348,3190,99.71875,0.024497343227267265,Grad/mlp.fc2.lora_B,outputs_dev/vitb16/T=vtab_Q=3bit_L=lora_2_qkv-fc1-proj-fc2/cifar/20260114184203_default_acc=53.50/tensorboard/Grad_mlp.fc2.lora_B_block_5/events.out.tfevents.1768387349.master-192-168-8-48.1680.9,mlp.fc2.lora_B,5
1768389121.9024482,3191,99.75,0.030533330515027046,Grad/mlp.fc2.lora_B,outputs_dev/vitb16/T=vtab_Q=3bit_L=lora_2_qkv-fc1-proj-fc2/cifar/20260114184203_default_acc=53.50/tensorboard/Grad_mlp.fc2.lora_B_block_5/events.out.tfevents.1768387349.master-192-168-8-48.1680.9,mlp.fc2.lora_B,5
1768389122.3008304,3192,99.78125,0.02722940780222416,Grad/mlp.fc2.lora_B,outputs_dev/vitb16/T=vtab_Q=3bit_L=lora_2_qkv-fc1-proj-fc2/cifar/20260114184203_default_acc=53.50/tensorboard/Grad_mlp.fc2.lora_B_block_5/events.out.tfevents.1768387349.master-192-168-8-48.1680.9,mlp.fc2.lora_B,5
1768389122.6928766,3193,99.8125,0.03775658831000328,Grad/mlp.fc2.lora_B,outputs_dev/vitb16/T=vtab_Q=3bit_L=lora_2_qkv-fc1-proj-fc2/cifar/20260114184203_default_acc=53.50/tensorboard/Grad_mlp.fc2.lora_B_block_5/events.out.tfevents.1768387349.master-192-168-8-48.1680.9,mlp.fc2.lora_B,5
1768389123.08742,3194,99.84375,0.12787365913391113,Grad/mlp.fc2.lora_B,outputs_dev/vitb16/T=vtab_Q=3bit_L=lora_2_qkv-fc1-proj-fc2/cifar/20260114184203_default_acc=53.50/tensorboard/Grad_mlp.fc2.lora_B_block_5/events.out.tfevents.1768387349.master-192-168-8-48.1680.9,mlp.fc2.lora_B,5
1768389123.4822946,3195,99.875,0.15719619393348694,Grad/mlp.fc2.lora_B,outputs_dev/vitb16/T=vtab_Q=3bit_L=lora_2_qkv-fc1-proj-fc2/cifar/20260114184203_default_acc=53.50/tensorboard/Grad_mlp.fc2.lora_B_block_5/events.out.tfevents.1768387349.master-192-168-8-48.1680.9,mlp.fc2.lora_B,5
1768389123.874462,3196,99.90625,0.049870237708091736,Grad/mlp.fc2.lora_B,outputs_dev/vitb16/T=vtab_Q=3bit_L=lora_2_qkv-fc1-proj-fc2/cifar/20260114184203_default_acc=53.50/tensorboard/Grad_mlp.fc2.lora_B_block_5/events.out.tfevents.1768387349.master-192-168-8-48.1680.9,mlp.fc2.lora_B,5
1768389124.2698684,3197,99.9375,0.019479913637042046,Grad/mlp.fc2.lora_B,outputs_dev/vitb16/T=vtab_Q=3bit_L=lora_2_qkv-fc1-proj-fc2/cifar/20260114184203_default_acc=53.50/tensorboard/Grad_mlp.fc2.lora_B_block_5/events.out.tfevents.1768387349.master-192-168-8-48.1680.9,mlp.fc2.lora_B,5
1768389124.684818,3198,99.96875,0.019359609112143517,Grad/mlp.fc2.lora_B,outputs_dev/vitb16/T=vtab_Q=3bit_L=lora_2_qkv-fc1-proj-fc2/cifar/20260114184203_default_acc=53.50/tensorboard/Grad_mlp.fc2.lora_B_block_5/events.out.tfevents.1768387349.master-192-168-8-48.1680.9,mlp.fc2.lora_B,5
1768389124.9415514,3199,100.0,0.03702709078788757,Grad/mlp.fc2.lora_B,outputs_dev/vitb16/T=vtab_Q=3bit_L=lora_2_qkv-fc1-proj-fc2/cifar/20260114184203_default_acc=53.50/tensorboard/Grad_mlp.fc2.lora_B_block_5/events.out.tfevents.1768387349.master-192-168-8-48.1680.9,mlp.fc2.lora_B,5
