wall_time,step,epoch,value,tag,event_file,parameter,block
1768387345.979055,0,0.03125,0.07486052066087723,Grad/qkv.lora_B,outputs_dev/vitb16/T=vtab_Q=3bit_L=lora_2_qkv-fc1-proj-fc2/cifar/20260114184203_default_acc=53.50/tensorboard/Grad_qkv.lora_B_block_0/events.out.tfevents.1768387346.master-192-168-8-48.1680.2,qkv.lora_B,0
1768387349.644836,1,0.0625,0.10060647875070572,Grad/qkv.lora_B,outputs_dev/vitb16/T=vtab_Q=3bit_L=lora_2_qkv-fc1-proj-fc2/cifar/20260114184203_default_acc=53.50/tensorboard/Grad_qkv.lora_B_block_0/events.out.tfevents.1768387346.master-192-168-8-48.1680.2,qkv.lora_B,0
1768387350.0662296,2,0.09375,0.09921260923147202,Grad/qkv.lora_B,outputs_dev/vitb16/T=vtab_Q=3bit_L=lora_2_qkv-fc1-proj-fc2/cifar/20260114184203_default_acc=53.50/tensorboard/Grad_qkv.lora_B_block_0/events.out.tfevents.1768387346.master-192-168-8-48.1680.2,qkv.lora_B,0
1768387350.4861484,3,0.125,0.08814755827188492,Grad/qkv.lora_B,outputs_dev/vitb16/T=vtab_Q=3bit_L=lora_2_qkv-fc1-proj-fc2/cifar/20260114184203_default_acc=53.50/tensorboard/Grad_qkv.lora_B_block_0/events.out.tfevents.1768387346.master-192-168-8-48.1680.2,qkv.lora_B,0
1768387350.9069455,4,0.15625,0.06980899721384048,Grad/qkv.lora_B,outputs_dev/vitb16/T=vtab_Q=3bit_L=lora_2_qkv-fc1-proj-fc2/cifar/20260114184203_default_acc=53.50/tensorboard/Grad_qkv.lora_B_block_0/events.out.tfevents.1768387346.master-192-168-8-48.1680.2,qkv.lora_B,0
1768387351.333372,5,0.1875,0.09126058965921402,Grad/qkv.lora_B,outputs_dev/vitb16/T=vtab_Q=3bit_L=lora_2_qkv-fc1-proj-fc2/cifar/20260114184203_default_acc=53.50/tensorboard/Grad_qkv.lora_B_block_0/events.out.tfevents.1768387346.master-192-168-8-48.1680.2,qkv.lora_B,0
1768387351.7730951,6,0.21875,0.10182645171880722,Grad/qkv.lora_B,outputs_dev/vitb16/T=vtab_Q=3bit_L=lora_2_qkv-fc1-proj-fc2/cifar/20260114184203_default_acc=53.50/tensorboard/Grad_qkv.lora_B_block_0/events.out.tfevents.1768387346.master-192-168-8-48.1680.2,qkv.lora_B,0
1768387352.2074704,7,0.25,0.06944054365158081,Grad/qkv.lora_B,outputs_dev/vitb16/T=vtab_Q=3bit_L=lora_2_qkv-fc1-proj-fc2/cifar/20260114184203_default_acc=53.50/tensorboard/Grad_qkv.lora_B_block_0/events.out.tfevents.1768387346.master-192-168-8-48.1680.2,qkv.lora_B,0
1768387352.627033,8,0.28125,0.06736455857753754,Grad/qkv.lora_B,outputs_dev/vitb16/T=vtab_Q=3bit_L=lora_2_qkv-fc1-proj-fc2/cifar/20260114184203_default_acc=53.50/tensorboard/Grad_qkv.lora_B_block_0/events.out.tfevents.1768387346.master-192-168-8-48.1680.2,qkv.lora_B,0
1768387353.0613832,9,0.3125,0.08445828408002853,Grad/qkv.lora_B,outputs_dev/vitb16/T=vtab_Q=3bit_L=lora_2_qkv-fc1-proj-fc2/cifar/20260114184203_default_acc=53.50/tensorboard/Grad_qkv.lora_B_block_0/events.out.tfevents.1768387346.master-192-168-8-48.1680.2,qkv.lora_B,0
1768387353.4951057,10,0.34375,0.07216980308294296,Grad/qkv.lora_B,outputs_dev/vitb16/T=vtab_Q=3bit_L=lora_2_qkv-fc1-proj-fc2/cifar/20260114184203_default_acc=53.50/tensorboard/Grad_qkv.lora_B_block_0/events.out.tfevents.1768387346.master-192-168-8-48.1680.2,qkv.lora_B,0
1768387353.916248,11,0.375,0.09463828057050705,Grad/qkv.lora_B,outputs_dev/vitb16/T=vtab_Q=3bit_L=lora_2_qkv-fc1-proj-fc2/cifar/20260114184203_default_acc=53.50/tensorboard/Grad_qkv.lora_B_block_0/events.out.tfevents.1768387346.master-192-168-8-48.1680.2,qkv.lora_B,0
1768387354.3513057,12,0.40625,0.08872018754482269,Grad/qkv.lora_B,outputs_dev/vitb16/T=vtab_Q=3bit_L=lora_2_qkv-fc1-proj-fc2/cifar/20260114184203_default_acc=53.50/tensorboard/Grad_qkv.lora_B_block_0/events.out.tfevents.1768387346.master-192-168-8-48.1680.2,qkv.lora_B,0
1768387354.770923,13,0.4375,0.09547793120145798,Grad/qkv.lora_B,outputs_dev/vitb16/T=vtab_Q=3bit_L=lora_2_qkv-fc1-proj-fc2/cifar/20260114184203_default_acc=53.50/tensorboard/Grad_qkv.lora_B_block_0/events.out.tfevents.1768387346.master-192-168-8-48.1680.2,qkv.lora_B,0
1768387355.1901405,14,0.46875,0.07296747714281082,Grad/qkv.lora_B,outputs_dev/vitb16/T=vtab_Q=3bit_L=lora_2_qkv-fc1-proj-fc2/cifar/20260114184203_default_acc=53.50/tensorboard/Grad_qkv.lora_B_block_0/events.out.tfevents.1768387346.master-192-168-8-48.1680.2,qkv.lora_B,0
1768387355.6240427,15,0.5,0.10603493452072144,Grad/qkv.lora_B,outputs_dev/vitb16/T=vtab_Q=3bit_L=lora_2_qkv-fc1-proj-fc2/cifar/20260114184203_default_acc=53.50/tensorboard/Grad_qkv.lora_B_block_0/events.out.tfevents.1768387346.master-192-168-8-48.1680.2,qkv.lora_B,0
1768387356.0578501,16,0.53125,0.0910993441939354,Grad/qkv.lora_B,outputs_dev/vitb16/T=vtab_Q=3bit_L=lora_2_qkv-fc1-proj-fc2/cifar/20260114184203_default_acc=53.50/tensorboard/Grad_qkv.lora_B_block_0/events.out.tfevents.1768387346.master-192-168-8-48.1680.2,qkv.lora_B,0
1768387356.4901824,17,0.5625,0.14275802671909332,Grad/qkv.lora_B,outputs_dev/vitb16/T=vtab_Q=3bit_L=lora_2_qkv-fc1-proj-fc2/cifar/20260114184203_default_acc=53.50/tensorboard/Grad_qkv.lora_B_block_0/events.out.tfevents.1768387346.master-192-168-8-48.1680.2,qkv.lora_B,0
1768387356.9111452,18,0.59375,0.08372823148965836,Grad/qkv.lora_B,outputs_dev/vitb16/T=vtab_Q=3bit_L=lora_2_qkv-fc1-proj-fc2/cifar/20260114184203_default_acc=53.50/tensorboard/Grad_qkv.lora_B_block_0/events.out.tfevents.1768387346.master-192-168-8-48.1680.2,qkv.lora_B,0
1768387357.3318396,19,0.625,0.08468417823314667,Grad/qkv.lora_B,outputs_dev/vitb16/T=vtab_Q=3bit_L=lora_2_qkv-fc1-proj-fc2/cifar/20260114184203_default_acc=53.50/tensorboard/Grad_qkv.lora_B_block_0/events.out.tfevents.1768387346.master-192-168-8-48.1680.2,qkv.lora_B,0
1768387357.7510822,20,0.65625,0.06265945732593536,Grad/qkv.lora_B,outputs_dev/vitb16/T=vtab_Q=3bit_L=lora_2_qkv-fc1-proj-fc2/cifar/20260114184203_default_acc=53.50/tensorboard/Grad_qkv.lora_B_block_0/events.out.tfevents.1768387346.master-192-168-8-48.1680.2,qkv.lora_B,0
1768387358.185932,21,0.6875,0.054287612438201904,Grad/qkv.lora_B,outputs_dev/vitb16/T=vtab_Q=3bit_L=lora_2_qkv-fc1-proj-fc2/cifar/20260114184203_default_acc=53.50/tensorboard/Grad_qkv.lora_B_block_0/events.out.tfevents.1768387346.master-192-168-8-48.1680.2,qkv.lora_B,0
1768387358.6045,22,0.71875,0.06490351259708405,Grad/qkv.lora_B,outputs_dev/vitb16/T=vtab_Q=3bit_L=lora_2_qkv-fc1-proj-fc2/cifar/20260114184203_default_acc=53.50/tensorboard/Grad_qkv.lora_B_block_0/events.out.tfevents.1768387346.master-192-168-8-48.1680.2,qkv.lora_B,0
1768387359.0249875,23,0.75,0.0914025828242302,Grad/qkv.lora_B,outputs_dev/vitb16/T=vtab_Q=3bit_L=lora_2_qkv-fc1-proj-fc2/cifar/20260114184203_default_acc=53.50/tensorboard/Grad_qkv.lora_B_block_0/events.out.tfevents.1768387346.master-192-168-8-48.1680.2,qkv.lora_B,0
1768387359.4604828,24,0.78125,0.07008125633001328,Grad/qkv.lora_B,outputs_dev/vitb16/T=vtab_Q=3bit_L=lora_2_qkv-fc1-proj-fc2/cifar/20260114184203_default_acc=53.50/tensorboard/Grad_qkv.lora_B_block_0/events.out.tfevents.1768387346.master-192-168-8-48.1680.2,qkv.lora_B,0
1768387359.8786361,25,0.8125,0.06973440200090408,Grad/qkv.lora_B,outputs_dev/vitb16/T=vtab_Q=3bit_L=lora_2_qkv-fc1-proj-fc2/cifar/20260114184203_default_acc=53.50/tensorboard/Grad_qkv.lora_B_block_0/events.out.tfevents.1768387346.master-192-168-8-48.1680.2,qkv.lora_B,0
1768387360.3125105,26,0.84375,0.067464180290699,Grad/qkv.lora_B,outputs_dev/vitb16/T=vtab_Q=3bit_L=lora_2_qkv-fc1-proj-fc2/cifar/20260114184203_default_acc=53.50/tensorboard/Grad_qkv.lora_B_block_0/events.out.tfevents.1768387346.master-192-168-8-48.1680.2,qkv.lora_B,0
1768387360.729835,27,0.875,0.0709717720746994,Grad/qkv.lora_B,outputs_dev/vitb16/T=vtab_Q=3bit_L=lora_2_qkv-fc1-proj-fc2/cifar/20260114184203_default_acc=53.50/tensorboard/Grad_qkv.lora_B_block_0/events.out.tfevents.1768387346.master-192-168-8-48.1680.2,qkv.lora_B,0
1768387361.1490717,28,0.90625,0.06047375500202179,Grad/qkv.lora_B,outputs_dev/vitb16/T=vtab_Q=3bit_L=lora_2_qkv-fc1-proj-fc2/cifar/20260114184203_default_acc=53.50/tensorboard/Grad_qkv.lora_B_block_0/events.out.tfevents.1768387346.master-192-168-8-48.1680.2,qkv.lora_B,0
1768387361.5842519,29,0.9375,0.09315171092748642,Grad/qkv.lora_B,outputs_dev/vitb16/T=vtab_Q=3bit_L=lora_2_qkv-fc1-proj-fc2/cifar/20260114184203_default_acc=53.50/tensorboard/Grad_qkv.lora_B_block_0/events.out.tfevents.1768387346.master-192-168-8-48.1680.2,qkv.lora_B,0
1768387361.992178,30,0.96875,0.10070110112428665,Grad/qkv.lora_B,outputs_dev/vitb16/T=vtab_Q=3bit_L=lora_2_qkv-fc1-proj-fc2/cifar/20260114184203_default_acc=53.50/tensorboard/Grad_qkv.lora_B_block_0/events.out.tfevents.1768387346.master-192-168-8-48.1680.2,qkv.lora_B,0
1768387362.18857,31,1.0,0.14556820690631866,Grad/qkv.lora_B,outputs_dev/vitb16/T=vtab_Q=3bit_L=lora_2_qkv-fc1-proj-fc2/cifar/20260114184203_default_acc=53.50/tensorboard/Grad_qkv.lora_B_block_0/events.out.tfevents.1768387346.master-192-168-8-48.1680.2,qkv.lora_B,0
1768387362.800437,32,1.03125,0.10292889922857285,Grad/qkv.lora_B,outputs_dev/vitb16/T=vtab_Q=3bit_L=lora_2_qkv-fc1-proj-fc2/cifar/20260114184203_default_acc=53.50/tensorboard/Grad_qkv.lora_B_block_0/events.out.tfevents.1768387346.master-192-168-8-48.1680.2,qkv.lora_B,0
1768387363.2257667,33,1.0625,0.07504516839981079,Grad/qkv.lora_B,outputs_dev/vitb16/T=vtab_Q=3bit_L=lora_2_qkv-fc1-proj-fc2/cifar/20260114184203_default_acc=53.50/tensorboard/Grad_qkv.lora_B_block_0/events.out.tfevents.1768387346.master-192-168-8-48.1680.2,qkv.lora_B,0
1768387363.6537013,34,1.09375,0.10888313502073288,Grad/qkv.lora_B,outputs_dev/vitb16/T=vtab_Q=3bit_L=lora_2_qkv-fc1-proj-fc2/cifar/20260114184203_default_acc=53.50/tensorboard/Grad_qkv.lora_B_block_0/events.out.tfevents.1768387346.master-192-168-8-48.1680.2,qkv.lora_B,0
1768387364.082647,35,1.125,0.07766158133745193,Grad/qkv.lora_B,outputs_dev/vitb16/T=vtab_Q=3bit_L=lora_2_qkv-fc1-proj-fc2/cifar/20260114184203_default_acc=53.50/tensorboard/Grad_qkv.lora_B_block_0/events.out.tfevents.1768387346.master-192-168-8-48.1680.2,qkv.lora_B,0
1768387364.5132668,36,1.15625,0.08566674590110779,Grad/qkv.lora_B,outputs_dev/vitb16/T=vtab_Q=3bit_L=lora_2_qkv-fc1-proj-fc2/cifar/20260114184203_default_acc=53.50/tensorboard/Grad_qkv.lora_B_block_0/events.out.tfevents.1768387346.master-192-168-8-48.1680.2,qkv.lora_B,0
1768387364.943213,37,1.1875,0.10255126655101776,Grad/qkv.lora_B,outputs_dev/vitb16/T=vtab_Q=3bit_L=lora_2_qkv-fc1-proj-fc2/cifar/20260114184203_default_acc=53.50/tensorboard/Grad_qkv.lora_B_block_0/events.out.tfevents.1768387346.master-192-168-8-48.1680.2,qkv.lora_B,0
1768387365.3748045,38,1.21875,0.06903402507305145,Grad/qkv.lora_B,outputs_dev/vitb16/T=vtab_Q=3bit_L=lora_2_qkv-fc1-proj-fc2/cifar/20260114184203_default_acc=53.50/tensorboard/Grad_qkv.lora_B_block_0/events.out.tfevents.1768387346.master-192-168-8-48.1680.2,qkv.lora_B,0
1768387365.8002498,39,1.25,0.06892769038677216,Grad/qkv.lora_B,outputs_dev/vitb16/T=vtab_Q=3bit_L=lora_2_qkv-fc1-proj-fc2/cifar/20260114184203_default_acc=53.50/tensorboard/Grad_qkv.lora_B_block_0/events.out.tfevents.1768387346.master-192-168-8-48.1680.2,qkv.lora_B,0
1768387366.2242188,40,1.28125,0.08424319326877594,Grad/qkv.lora_B,outputs_dev/vitb16/T=vtab_Q=3bit_L=lora_2_qkv-fc1-proj-fc2/cifar/20260114184203_default_acc=53.50/tensorboard/Grad_qkv.lora_B_block_0/events.out.tfevents.1768387346.master-192-168-8-48.1680.2,qkv.lora_B,0
1768387366.6474538,41,1.3125,0.07896514236927032,Grad/qkv.lora_B,outputs_dev/vitb16/T=vtab_Q=3bit_L=lora_2_qkv-fc1-proj-fc2/cifar/20260114184203_default_acc=53.50/tensorboard/Grad_qkv.lora_B_block_0/events.out.tfevents.1768387346.master-192-168-8-48.1680.2,qkv.lora_B,0
1768387367.0569913,42,1.34375,0.10565585643053055,Grad/qkv.lora_B,outputs_dev/vitb16/T=vtab_Q=3bit_L=lora_2_qkv-fc1-proj-fc2/cifar/20260114184203_default_acc=53.50/tensorboard/Grad_qkv.lora_B_block_0/events.out.tfevents.1768387346.master-192-168-8-48.1680.2,qkv.lora_B,0
1768387367.4812107,43,1.375,0.15588003396987915,Grad/qkv.lora_B,outputs_dev/vitb16/T=vtab_Q=3bit_L=lora_2_qkv-fc1-proj-fc2/cifar/20260114184203_default_acc=53.50/tensorboard/Grad_qkv.lora_B_block_0/events.out.tfevents.1768387346.master-192-168-8-48.1680.2,qkv.lora_B,0
1768387367.9072745,44,1.40625,0.1616106629371643,Grad/qkv.lora_B,outputs_dev/vitb16/T=vtab_Q=3bit_L=lora_2_qkv-fc1-proj-fc2/cifar/20260114184203_default_acc=53.50/tensorboard/Grad_qkv.lora_B_block_0/events.out.tfevents.1768387346.master-192-168-8-48.1680.2,qkv.lora_B,0
1768387368.331223,45,1.4375,0.06759615987539291,Grad/qkv.lora_B,outputs_dev/vitb16/T=vtab_Q=3bit_L=lora_2_qkv-fc1-proj-fc2/cifar/20260114184203_default_acc=53.50/tensorboard/Grad_qkv.lora_B_block_0/events.out.tfevents.1768387346.master-192-168-8-48.1680.2,qkv.lora_B,0
1768387368.7731788,46,1.46875,0.07668611407279968,Grad/qkv.lora_B,outputs_dev/vitb16/T=vtab_Q=3bit_L=lora_2_qkv-fc1-proj-fc2/cifar/20260114184203_default_acc=53.50/tensorboard/Grad_qkv.lora_B_block_0/events.out.tfevents.1768387346.master-192-168-8-48.1680.2,qkv.lora_B,0
1768387369.198976,47,1.5,0.08116015791893005,Grad/qkv.lora_B,outputs_dev/vitb16/T=vtab_Q=3bit_L=lora_2_qkv-fc1-proj-fc2/cifar/20260114184203_default_acc=53.50/tensorboard/Grad_qkv.lora_B_block_0/events.out.tfevents.1768387346.master-192-168-8-48.1680.2,qkv.lora_B,0
1768387369.6240299,48,1.53125,0.08790159225463867,Grad/qkv.lora_B,outputs_dev/vitb16/T=vtab_Q=3bit_L=lora_2_qkv-fc1-proj-fc2/cifar/20260114184203_default_acc=53.50/tensorboard/Grad_qkv.lora_B_block_0/events.out.tfevents.1768387346.master-192-168-8-48.1680.2,qkv.lora_B,0
1768387370.0423112,49,1.5625,0.08214601129293442,Grad/qkv.lora_B,outputs_dev/vitb16/T=vtab_Q=3bit_L=lora_2_qkv-fc1-proj-fc2/cifar/20260114184203_default_acc=53.50/tensorboard/Grad_qkv.lora_B_block_0/events.out.tfevents.1768387346.master-192-168-8-48.1680.2,qkv.lora_B,0
1768387370.4653296,50,1.59375,0.08658865094184875,Grad/qkv.lora_B,outputs_dev/vitb16/T=vtab_Q=3bit_L=lora_2_qkv-fc1-proj-fc2/cifar/20260114184203_default_acc=53.50/tensorboard/Grad_qkv.lora_B_block_0/events.out.tfevents.1768387346.master-192-168-8-48.1680.2,qkv.lora_B,0
1768387370.8887773,51,1.625,0.08684892952442169,Grad/qkv.lora_B,outputs_dev/vitb16/T=vtab_Q=3bit_L=lora_2_qkv-fc1-proj-fc2/cifar/20260114184203_default_acc=53.50/tensorboard/Grad_qkv.lora_B_block_0/events.out.tfevents.1768387346.master-192-168-8-48.1680.2,qkv.lora_B,0
1768387371.3120947,52,1.65625,0.0846237763762474,Grad/qkv.lora_B,outputs_dev/vitb16/T=vtab_Q=3bit_L=lora_2_qkv-fc1-proj-fc2/cifar/20260114184203_default_acc=53.50/tensorboard/Grad_qkv.lora_B_block_0/events.out.tfevents.1768387346.master-192-168-8-48.1680.2,qkv.lora_B,0
1768387371.7213476,53,1.6875,0.11573721468448639,Grad/qkv.lora_B,outputs_dev/vitb16/T=vtab_Q=3bit_L=lora_2_qkv-fc1-proj-fc2/cifar/20260114184203_default_acc=53.50/tensorboard/Grad_qkv.lora_B_block_0/events.out.tfevents.1768387346.master-192-168-8-48.1680.2,qkv.lora_B,0
1768387372.1420546,54,1.71875,0.10273921489715576,Grad/qkv.lora_B,outputs_dev/vitb16/T=vtab_Q=3bit_L=lora_2_qkv-fc1-proj-fc2/cifar/20260114184203_default_acc=53.50/tensorboard/Grad_qkv.lora_B_block_0/events.out.tfevents.1768387346.master-192-168-8-48.1680.2,qkv.lora_B,0
1768387372.5649884,55,1.75,0.09404411166906357,Grad/qkv.lora_B,outputs_dev/vitb16/T=vtab_Q=3bit_L=lora_2_qkv-fc1-proj-fc2/cifar/20260114184203_default_acc=53.50/tensorboard/Grad_qkv.lora_B_block_0/events.out.tfevents.1768387346.master-192-168-8-48.1680.2,qkv.lora_B,0
1768387372.9915376,56,1.78125,0.0678120106458664,Grad/qkv.lora_B,outputs_dev/vitb16/T=vtab_Q=3bit_L=lora_2_qkv-fc1-proj-fc2/cifar/20260114184203_default_acc=53.50/tensorboard/Grad_qkv.lora_B_block_0/events.out.tfevents.1768387346.master-192-168-8-48.1680.2,qkv.lora_B,0
1768387373.4152348,57,1.8125,0.15103386342525482,Grad/qkv.lora_B,outputs_dev/vitb16/T=vtab_Q=3bit_L=lora_2_qkv-fc1-proj-fc2/cifar/20260114184203_default_acc=53.50/tensorboard/Grad_qkv.lora_B_block_0/events.out.tfevents.1768387346.master-192-168-8-48.1680.2,qkv.lora_B,0
1768387373.863963,58,1.84375,0.06899327039718628,Grad/qkv.lora_B,outputs_dev/vitb16/T=vtab_Q=3bit_L=lora_2_qkv-fc1-proj-fc2/cifar/20260114184203_default_acc=53.50/tensorboard/Grad_qkv.lora_B_block_0/events.out.tfevents.1768387346.master-192-168-8-48.1680.2,qkv.lora_B,0
1768387374.3019702,59,1.875,0.08385823667049408,Grad/qkv.lora_B,outputs_dev/vitb16/T=vtab_Q=3bit_L=lora_2_qkv-fc1-proj-fc2/cifar/20260114184203_default_acc=53.50/tensorboard/Grad_qkv.lora_B_block_0/events.out.tfevents.1768387346.master-192-168-8-48.1680.2,qkv.lora_B,0
1768387374.7305999,60,1.90625,0.14753864705562592,Grad/qkv.lora_B,outputs_dev/vitb16/T=vtab_Q=3bit_L=lora_2_qkv-fc1-proj-fc2/cifar/20260114184203_default_acc=53.50/tensorboard/Grad_qkv.lora_B_block_0/events.out.tfevents.1768387346.master-192-168-8-48.1680.2,qkv.lora_B,0
1768387375.1520429,61,1.9375,0.0620863102376461,Grad/qkv.lora_B,outputs_dev/vitb16/T=vtab_Q=3bit_L=lora_2_qkv-fc1-proj-fc2/cifar/20260114184203_default_acc=53.50/tensorboard/Grad_qkv.lora_B_block_0/events.out.tfevents.1768387346.master-192-168-8-48.1680.2,qkv.lora_B,0
1768387375.5894892,62,1.96875,0.10037897527217865,Grad/qkv.lora_B,outputs_dev/vitb16/T=vtab_Q=3bit_L=lora_2_qkv-fc1-proj-fc2/cifar/20260114184203_default_acc=53.50/tensorboard/Grad_qkv.lora_B_block_0/events.out.tfevents.1768387346.master-192-168-8-48.1680.2,qkv.lora_B,0
1768387375.8026166,63,2.0,0.13701044023036957,Grad/qkv.lora_B,outputs_dev/vitb16/T=vtab_Q=3bit_L=lora_2_qkv-fc1-proj-fc2/cifar/20260114184203_default_acc=53.50/tensorboard/Grad_qkv.lora_B_block_0/events.out.tfevents.1768387346.master-192-168-8-48.1680.2,qkv.lora_B,0
1768387376.5098805,64,2.03125,0.06698491424322128,Grad/qkv.lora_B,outputs_dev/vitb16/T=vtab_Q=3bit_L=lora_2_qkv-fc1-proj-fc2/cifar/20260114184203_default_acc=53.50/tensorboard/Grad_qkv.lora_B_block_0/events.out.tfevents.1768387346.master-192-168-8-48.1680.2,qkv.lora_B,0
1768387376.9458435,65,2.0625,0.09471972286701202,Grad/qkv.lora_B,outputs_dev/vitb16/T=vtab_Q=3bit_L=lora_2_qkv-fc1-proj-fc2/cifar/20260114184203_default_acc=53.50/tensorboard/Grad_qkv.lora_B_block_0/events.out.tfevents.1768387346.master-192-168-8-48.1680.2,qkv.lora_B,0
1768387377.3951774,66,2.09375,0.06405089795589447,Grad/qkv.lora_B,outputs_dev/vitb16/T=vtab_Q=3bit_L=lora_2_qkv-fc1-proj-fc2/cifar/20260114184203_default_acc=53.50/tensorboard/Grad_qkv.lora_B_block_0/events.out.tfevents.1768387346.master-192-168-8-48.1680.2,qkv.lora_B,0
1768387377.8260312,67,2.125,0.08009704202413559,Grad/qkv.lora_B,outputs_dev/vitb16/T=vtab_Q=3bit_L=lora_2_qkv-fc1-proj-fc2/cifar/20260114184203_default_acc=53.50/tensorboard/Grad_qkv.lora_B_block_0/events.out.tfevents.1768387346.master-192-168-8-48.1680.2,qkv.lora_B,0
1768387378.255765,68,2.15625,0.07443642616271973,Grad/qkv.lora_B,outputs_dev/vitb16/T=vtab_Q=3bit_L=lora_2_qkv-fc1-proj-fc2/cifar/20260114184203_default_acc=53.50/tensorboard/Grad_qkv.lora_B_block_0/events.out.tfevents.1768387346.master-192-168-8-48.1680.2,qkv.lora_B,0
1768387378.6857567,69,2.1875,0.08077935129404068,Grad/qkv.lora_B,outputs_dev/vitb16/T=vtab_Q=3bit_L=lora_2_qkv-fc1-proj-fc2/cifar/20260114184203_default_acc=53.50/tensorboard/Grad_qkv.lora_B_block_0/events.out.tfevents.1768387346.master-192-168-8-48.1680.2,qkv.lora_B,0
1768387379.1128392,70,2.21875,0.09533917903900146,Grad/qkv.lora_B,outputs_dev/vitb16/T=vtab_Q=3bit_L=lora_2_qkv-fc1-proj-fc2/cifar/20260114184203_default_acc=53.50/tensorboard/Grad_qkv.lora_B_block_0/events.out.tfevents.1768387346.master-192-168-8-48.1680.2,qkv.lora_B,0
1768387379.5422366,71,2.25,0.11633074283599854,Grad/qkv.lora_B,outputs_dev/vitb16/T=vtab_Q=3bit_L=lora_2_qkv-fc1-proj-fc2/cifar/20260114184203_default_acc=53.50/tensorboard/Grad_qkv.lora_B_block_0/events.out.tfevents.1768387346.master-192-168-8-48.1680.2,qkv.lora_B,0
1768387379.9951174,72,2.28125,0.07715111970901489,Grad/qkv.lora_B,outputs_dev/vitb16/T=vtab_Q=3bit_L=lora_2_qkv-fc1-proj-fc2/cifar/20260114184203_default_acc=53.50/tensorboard/Grad_qkv.lora_B_block_0/events.out.tfevents.1768387346.master-192-168-8-48.1680.2,qkv.lora_B,0
1768387380.426854,73,2.3125,0.08864445984363556,Grad/qkv.lora_B,outputs_dev/vitb16/T=vtab_Q=3bit_L=lora_2_qkv-fc1-proj-fc2/cifar/20260114184203_default_acc=53.50/tensorboard/Grad_qkv.lora_B_block_0/events.out.tfevents.1768387346.master-192-168-8-48.1680.2,qkv.lora_B,0
1768387380.856585,74,2.34375,0.08654084801673889,Grad/qkv.lora_B,outputs_dev/vitb16/T=vtab_Q=3bit_L=lora_2_qkv-fc1-proj-fc2/cifar/20260114184203_default_acc=53.50/tensorboard/Grad_qkv.lora_B_block_0/events.out.tfevents.1768387346.master-192-168-8-48.1680.2,qkv.lora_B,0
1768387381.2831588,75,2.375,0.1119891032576561,Grad/qkv.lora_B,outputs_dev/vitb16/T=vtab_Q=3bit_L=lora_2_qkv-fc1-proj-fc2/cifar/20260114184203_default_acc=53.50/tensorboard/Grad_qkv.lora_B_block_0/events.out.tfevents.1768387346.master-192-168-8-48.1680.2,qkv.lora_B,0
1768387381.7110834,76,2.40625,0.07918093353509903,Grad/qkv.lora_B,outputs_dev/vitb16/T=vtab_Q=3bit_L=lora_2_qkv-fc1-proj-fc2/cifar/20260114184203_default_acc=53.50/tensorboard/Grad_qkv.lora_B_block_0/events.out.tfevents.1768387346.master-192-168-8-48.1680.2,qkv.lora_B,0
1768387382.1421235,77,2.4375,0.0818496122956276,Grad/qkv.lora_B,outputs_dev/vitb16/T=vtab_Q=3bit_L=lora_2_qkv-fc1-proj-fc2/cifar/20260114184203_default_acc=53.50/tensorboard/Grad_qkv.lora_B_block_0/events.out.tfevents.1768387346.master-192-168-8-48.1680.2,qkv.lora_B,0
1768387382.570322,78,2.46875,0.06719648092985153,Grad/qkv.lora_B,outputs_dev/vitb16/T=vtab_Q=3bit_L=lora_2_qkv-fc1-proj-fc2/cifar/20260114184203_default_acc=53.50/tensorboard/Grad_qkv.lora_B_block_0/events.out.tfevents.1768387346.master-192-168-8-48.1680.2,qkv.lora_B,0
1768387382.9998405,79,2.5,0.08086981624364853,Grad/qkv.lora_B,outputs_dev/vitb16/T=vtab_Q=3bit_L=lora_2_qkv-fc1-proj-fc2/cifar/20260114184203_default_acc=53.50/tensorboard/Grad_qkv.lora_B_block_0/events.out.tfevents.1768387346.master-192-168-8-48.1680.2,qkv.lora_B,0
1768387383.4259,80,2.53125,0.0749216228723526,Grad/qkv.lora_B,outputs_dev/vitb16/T=vtab_Q=3bit_L=lora_2_qkv-fc1-proj-fc2/cifar/20260114184203_default_acc=53.50/tensorboard/Grad_qkv.lora_B_block_0/events.out.tfevents.1768387346.master-192-168-8-48.1680.2,qkv.lora_B,0
1768387383.8405163,81,2.5625,0.11771027743816376,Grad/qkv.lora_B,outputs_dev/vitb16/T=vtab_Q=3bit_L=lora_2_qkv-fc1-proj-fc2/cifar/20260114184203_default_acc=53.50/tensorboard/Grad_qkv.lora_B_block_0/events.out.tfevents.1768387346.master-192-168-8-48.1680.2,qkv.lora_B,0
1768387384.2685692,82,2.59375,0.12522611021995544,Grad/qkv.lora_B,outputs_dev/vitb16/T=vtab_Q=3bit_L=lora_2_qkv-fc1-proj-fc2/cifar/20260114184203_default_acc=53.50/tensorboard/Grad_qkv.lora_B_block_0/events.out.tfevents.1768387346.master-192-168-8-48.1680.2,qkv.lora_B,0
1768387384.696148,83,2.625,0.11654254794120789,Grad/qkv.lora_B,outputs_dev/vitb16/T=vtab_Q=3bit_L=lora_2_qkv-fc1-proj-fc2/cifar/20260114184203_default_acc=53.50/tensorboard/Grad_qkv.lora_B_block_0/events.out.tfevents.1768387346.master-192-168-8-48.1680.2,qkv.lora_B,0
1768387385.1273117,84,2.65625,0.06458535045385361,Grad/qkv.lora_B,outputs_dev/vitb16/T=vtab_Q=3bit_L=lora_2_qkv-fc1-proj-fc2/cifar/20260114184203_default_acc=53.50/tensorboard/Grad_qkv.lora_B_block_0/events.out.tfevents.1768387346.master-192-168-8-48.1680.2,qkv.lora_B,0
1768387385.5680368,85,2.6875,0.06353539228439331,Grad/qkv.lora_B,outputs_dev/vitb16/T=vtab_Q=3bit_L=lora_2_qkv-fc1-proj-fc2/cifar/20260114184203_default_acc=53.50/tensorboard/Grad_qkv.lora_B_block_0/events.out.tfevents.1768387346.master-192-168-8-48.1680.2,qkv.lora_B,0
1768387385.995547,86,2.71875,0.06938949227333069,Grad/qkv.lora_B,outputs_dev/vitb16/T=vtab_Q=3bit_L=lora_2_qkv-fc1-proj-fc2/cifar/20260114184203_default_acc=53.50/tensorboard/Grad_qkv.lora_B_block_0/events.out.tfevents.1768387346.master-192-168-8-48.1680.2,qkv.lora_B,0
1768387386.421848,87,2.75,0.07363331317901611,Grad/qkv.lora_B,outputs_dev/vitb16/T=vtab_Q=3bit_L=lora_2_qkv-fc1-proj-fc2/cifar/20260114184203_default_acc=53.50/tensorboard/Grad_qkv.lora_B_block_0/events.out.tfevents.1768387346.master-192-168-8-48.1680.2,qkv.lora_B,0
1768387386.8458233,88,2.78125,0.06484794616699219,Grad/qkv.lora_B,outputs_dev/vitb16/T=vtab_Q=3bit_L=lora_2_qkv-fc1-proj-fc2/cifar/20260114184203_default_acc=53.50/tensorboard/Grad_qkv.lora_B_block_0/events.out.tfevents.1768387346.master-192-168-8-48.1680.2,qkv.lora_B,0
1768387387.2689517,89,2.8125,0.09366505593061447,Grad/qkv.lora_B,outputs_dev/vitb16/T=vtab_Q=3bit_L=lora_2_qkv-fc1-proj-fc2/cifar/20260114184203_default_acc=53.50/tensorboard/Grad_qkv.lora_B_block_0/events.out.tfevents.1768387346.master-192-168-8-48.1680.2,qkv.lora_B,0
1768387387.6918762,90,2.84375,0.08430339395999908,Grad/qkv.lora_B,outputs_dev/vitb16/T=vtab_Q=3bit_L=lora_2_qkv-fc1-proj-fc2/cifar/20260114184203_default_acc=53.50/tensorboard/Grad_qkv.lora_B_block_0/events.out.tfevents.1768387346.master-192-168-8-48.1680.2,qkv.lora_B,0
1768387388.1129816,91,2.875,0.07300129532814026,Grad/qkv.lora_B,outputs_dev/vitb16/T=vtab_Q=3bit_L=lora_2_qkv-fc1-proj-fc2/cifar/20260114184203_default_acc=53.50/tensorboard/Grad_qkv.lora_B_block_0/events.out.tfevents.1768387346.master-192-168-8-48.1680.2,qkv.lora_B,0
1768387388.5343604,92,2.90625,0.13623476028442383,Grad/qkv.lora_B,outputs_dev/vitb16/T=vtab_Q=3bit_L=lora_2_qkv-fc1-proj-fc2/cifar/20260114184203_default_acc=53.50/tensorboard/Grad_qkv.lora_B_block_0/events.out.tfevents.1768387346.master-192-168-8-48.1680.2,qkv.lora_B,0
1768387388.9578495,93,2.9375,0.07068094611167908,Grad/qkv.lora_B,outputs_dev/vitb16/T=vtab_Q=3bit_L=lora_2_qkv-fc1-proj-fc2/cifar/20260114184203_default_acc=53.50/tensorboard/Grad_qkv.lora_B_block_0/events.out.tfevents.1768387346.master-192-168-8-48.1680.2,qkv.lora_B,0
1768387389.381489,94,2.96875,0.060019753873348236,Grad/qkv.lora_B,outputs_dev/vitb16/T=vtab_Q=3bit_L=lora_2_qkv-fc1-proj-fc2/cifar/20260114184203_default_acc=53.50/tensorboard/Grad_qkv.lora_B_block_0/events.out.tfevents.1768387346.master-192-168-8-48.1680.2,qkv.lora_B,0
1768387389.5875394,95,3.0,0.16973045468330383,Grad/qkv.lora_B,outputs_dev/vitb16/T=vtab_Q=3bit_L=lora_2_qkv-fc1-proj-fc2/cifar/20260114184203_default_acc=53.50/tensorboard/Grad_qkv.lora_B_block_0/events.out.tfevents.1768387346.master-192-168-8-48.1680.2,qkv.lora_B,0
1768387390.3217654,96,3.03125,0.08712911605834961,Grad/qkv.lora_B,outputs_dev/vitb16/T=vtab_Q=3bit_L=lora_2_qkv-fc1-proj-fc2/cifar/20260114184203_default_acc=53.50/tensorboard/Grad_qkv.lora_B_block_0/events.out.tfevents.1768387346.master-192-168-8-48.1680.2,qkv.lora_B,0
1768387390.7575233,97,3.0625,0.08529189974069595,Grad/qkv.lora_B,outputs_dev/vitb16/T=vtab_Q=3bit_L=lora_2_qkv-fc1-proj-fc2/cifar/20260114184203_default_acc=53.50/tensorboard/Grad_qkv.lora_B_block_0/events.out.tfevents.1768387346.master-192-168-8-48.1680.2,qkv.lora_B,0
1768387391.2003994,98,3.09375,0.07001268118619919,Grad/qkv.lora_B,outputs_dev/vitb16/T=vtab_Q=3bit_L=lora_2_qkv-fc1-proj-fc2/cifar/20260114184203_default_acc=53.50/tensorboard/Grad_qkv.lora_B_block_0/events.out.tfevents.1768387346.master-192-168-8-48.1680.2,qkv.lora_B,0
1768387391.625571,99,3.125,0.0766187310218811,Grad/qkv.lora_B,outputs_dev/vitb16/T=vtab_Q=3bit_L=lora_2_qkv-fc1-proj-fc2/cifar/20260114184203_default_acc=53.50/tensorboard/Grad_qkv.lora_B_block_0/events.out.tfevents.1768387346.master-192-168-8-48.1680.2,qkv.lora_B,0
1768387392.0368743,100,3.15625,0.07642380893230438,Grad/qkv.lora_B,outputs_dev/vitb16/T=vtab_Q=3bit_L=lora_2_qkv-fc1-proj-fc2/cifar/20260114184203_default_acc=53.50/tensorboard/Grad_qkv.lora_B_block_0/events.out.tfevents.1768387346.master-192-168-8-48.1680.2,qkv.lora_B,0
1768387392.460245,101,3.1875,0.07664912939071655,Grad/qkv.lora_B,outputs_dev/vitb16/T=vtab_Q=3bit_L=lora_2_qkv-fc1-proj-fc2/cifar/20260114184203_default_acc=53.50/tensorboard/Grad_qkv.lora_B_block_0/events.out.tfevents.1768387346.master-192-168-8-48.1680.2,qkv.lora_B,0
1768387392.8823245,102,3.21875,0.08206018805503845,Grad/qkv.lora_B,outputs_dev/vitb16/T=vtab_Q=3bit_L=lora_2_qkv-fc1-proj-fc2/cifar/20260114184203_default_acc=53.50/tensorboard/Grad_qkv.lora_B_block_0/events.out.tfevents.1768387346.master-192-168-8-48.1680.2,qkv.lora_B,0
1768387393.3065913,103,3.25,0.0835169330239296,Grad/qkv.lora_B,outputs_dev/vitb16/T=vtab_Q=3bit_L=lora_2_qkv-fc1-proj-fc2/cifar/20260114184203_default_acc=53.50/tensorboard/Grad_qkv.lora_B_block_0/events.out.tfevents.1768387346.master-192-168-8-48.1680.2,qkv.lora_B,0
1768387393.750814,104,3.28125,0.06410152465105057,Grad/qkv.lora_B,outputs_dev/vitb16/T=vtab_Q=3bit_L=lora_2_qkv-fc1-proj-fc2/cifar/20260114184203_default_acc=53.50/tensorboard/Grad_qkv.lora_B_block_0/events.out.tfevents.1768387346.master-192-168-8-48.1680.2,qkv.lora_B,0
1768387394.1898682,105,3.3125,0.06593413650989532,Grad/qkv.lora_B,outputs_dev/vitb16/T=vtab_Q=3bit_L=lora_2_qkv-fc1-proj-fc2/cifar/20260114184203_default_acc=53.50/tensorboard/Grad_qkv.lora_B_block_0/events.out.tfevents.1768387346.master-192-168-8-48.1680.2,qkv.lora_B,0
1768387394.6135836,106,3.34375,0.1032450720667839,Grad/qkv.lora_B,outputs_dev/vitb16/T=vtab_Q=3bit_L=lora_2_qkv-fc1-proj-fc2/cifar/20260114184203_default_acc=53.50/tensorboard/Grad_qkv.lora_B_block_0/events.out.tfevents.1768387346.master-192-168-8-48.1680.2,qkv.lora_B,0
1768387395.0435297,107,3.375,0.07823355495929718,Grad/qkv.lora_B,outputs_dev/vitb16/T=vtab_Q=3bit_L=lora_2_qkv-fc1-proj-fc2/cifar/20260114184203_default_acc=53.50/tensorboard/Grad_qkv.lora_B_block_0/events.out.tfevents.1768387346.master-192-168-8-48.1680.2,qkv.lora_B,0
1768387395.4726367,108,3.40625,0.07192392647266388,Grad/qkv.lora_B,outputs_dev/vitb16/T=vtab_Q=3bit_L=lora_2_qkv-fc1-proj-fc2/cifar/20260114184203_default_acc=53.50/tensorboard/Grad_qkv.lora_B_block_0/events.out.tfevents.1768387346.master-192-168-8-48.1680.2,qkv.lora_B,0
1768387395.9024296,109,3.4375,0.08423063904047012,Grad/qkv.lora_B,outputs_dev/vitb16/T=vtab_Q=3bit_L=lora_2_qkv-fc1-proj-fc2/cifar/20260114184203_default_acc=53.50/tensorboard/Grad_qkv.lora_B_block_0/events.out.tfevents.1768387346.master-192-168-8-48.1680.2,qkv.lora_B,0
1768387396.3436856,110,3.46875,0.12448371201753616,Grad/qkv.lora_B,outputs_dev/vitb16/T=vtab_Q=3bit_L=lora_2_qkv-fc1-proj-fc2/cifar/20260114184203_default_acc=53.50/tensorboard/Grad_qkv.lora_B_block_0/events.out.tfevents.1768387346.master-192-168-8-48.1680.2,qkv.lora_B,0
1768387396.784104,111,3.5,0.07084192335605621,Grad/qkv.lora_B,outputs_dev/vitb16/T=vtab_Q=3bit_L=lora_2_qkv-fc1-proj-fc2/cifar/20260114184203_default_acc=53.50/tensorboard/Grad_qkv.lora_B_block_0/events.out.tfevents.1768387346.master-192-168-8-48.1680.2,qkv.lora_B,0
1768387397.2118783,112,3.53125,0.18830201029777527,Grad/qkv.lora_B,outputs_dev/vitb16/T=vtab_Q=3bit_L=lora_2_qkv-fc1-proj-fc2/cifar/20260114184203_default_acc=53.50/tensorboard/Grad_qkv.lora_B_block_0/events.out.tfevents.1768387346.master-192-168-8-48.1680.2,qkv.lora_B,0
1768387397.642871,113,3.5625,0.12782050669193268,Grad/qkv.lora_B,outputs_dev/vitb16/T=vtab_Q=3bit_L=lora_2_qkv-fc1-proj-fc2/cifar/20260114184203_default_acc=53.50/tensorboard/Grad_qkv.lora_B_block_0/events.out.tfevents.1768387346.master-192-168-8-48.1680.2,qkv.lora_B,0
1768387398.0813076,114,3.59375,0.0676034688949585,Grad/qkv.lora_B,outputs_dev/vitb16/T=vtab_Q=3bit_L=lora_2_qkv-fc1-proj-fc2/cifar/20260114184203_default_acc=53.50/tensorboard/Grad_qkv.lora_B_block_0/events.out.tfevents.1768387346.master-192-168-8-48.1680.2,qkv.lora_B,0
1768387398.5067842,115,3.625,0.10270800441503525,Grad/qkv.lora_B,outputs_dev/vitb16/T=vtab_Q=3bit_L=lora_2_qkv-fc1-proj-fc2/cifar/20260114184203_default_acc=53.50/tensorboard/Grad_qkv.lora_B_block_0/events.out.tfevents.1768387346.master-192-168-8-48.1680.2,qkv.lora_B,0
1768387398.932572,116,3.65625,0.08106062561273575,Grad/qkv.lora_B,outputs_dev/vitb16/T=vtab_Q=3bit_L=lora_2_qkv-fc1-proj-fc2/cifar/20260114184203_default_acc=53.50/tensorboard/Grad_qkv.lora_B_block_0/events.out.tfevents.1768387346.master-192-168-8-48.1680.2,qkv.lora_B,0
1768387399.3553543,117,3.6875,0.1033339574933052,Grad/qkv.lora_B,outputs_dev/vitb16/T=vtab_Q=3bit_L=lora_2_qkv-fc1-proj-fc2/cifar/20260114184203_default_acc=53.50/tensorboard/Grad_qkv.lora_B_block_0/events.out.tfevents.1768387346.master-192-168-8-48.1680.2,qkv.lora_B,0
1768387399.7974637,118,3.71875,0.06162175536155701,Grad/qkv.lora_B,outputs_dev/vitb16/T=vtab_Q=3bit_L=lora_2_qkv-fc1-proj-fc2/cifar/20260114184203_default_acc=53.50/tensorboard/Grad_qkv.lora_B_block_0/events.out.tfevents.1768387346.master-192-168-8-48.1680.2,qkv.lora_B,0
1768387400.220172,119,3.75,0.08865741640329361,Grad/qkv.lora_B,outputs_dev/vitb16/T=vtab_Q=3bit_L=lora_2_qkv-fc1-proj-fc2/cifar/20260114184203_default_acc=53.50/tensorboard/Grad_qkv.lora_B_block_0/events.out.tfevents.1768387346.master-192-168-8-48.1680.2,qkv.lora_B,0
1768387400.646969,120,3.78125,0.0694301500916481,Grad/qkv.lora_B,outputs_dev/vitb16/T=vtab_Q=3bit_L=lora_2_qkv-fc1-proj-fc2/cifar/20260114184203_default_acc=53.50/tensorboard/Grad_qkv.lora_B_block_0/events.out.tfevents.1768387346.master-192-168-8-48.1680.2,qkv.lora_B,0
1768387401.0691934,121,3.8125,0.06262549012899399,Grad/qkv.lora_B,outputs_dev/vitb16/T=vtab_Q=3bit_L=lora_2_qkv-fc1-proj-fc2/cifar/20260114184203_default_acc=53.50/tensorboard/Grad_qkv.lora_B_block_0/events.out.tfevents.1768387346.master-192-168-8-48.1680.2,qkv.lora_B,0
1768387401.4931934,122,3.84375,0.07217372208833694,Grad/qkv.lora_B,outputs_dev/vitb16/T=vtab_Q=3bit_L=lora_2_qkv-fc1-proj-fc2/cifar/20260114184203_default_acc=53.50/tensorboard/Grad_qkv.lora_B_block_0/events.out.tfevents.1768387346.master-192-168-8-48.1680.2,qkv.lora_B,0
1768387401.9208329,123,3.875,0.07299702614545822,Grad/qkv.lora_B,outputs_dev/vitb16/T=vtab_Q=3bit_L=lora_2_qkv-fc1-proj-fc2/cifar/20260114184203_default_acc=53.50/tensorboard/Grad_qkv.lora_B_block_0/events.out.tfevents.1768387346.master-192-168-8-48.1680.2,qkv.lora_B,0
1768387402.3607428,124,3.90625,0.07008444517850876,Grad/qkv.lora_B,outputs_dev/vitb16/T=vtab_Q=3bit_L=lora_2_qkv-fc1-proj-fc2/cifar/20260114184203_default_acc=53.50/tensorboard/Grad_qkv.lora_B_block_0/events.out.tfevents.1768387346.master-192-168-8-48.1680.2,qkv.lora_B,0
1768387402.7847126,125,3.9375,0.19681185483932495,Grad/qkv.lora_B,outputs_dev/vitb16/T=vtab_Q=3bit_L=lora_2_qkv-fc1-proj-fc2/cifar/20260114184203_default_acc=53.50/tensorboard/Grad_qkv.lora_B_block_0/events.out.tfevents.1768387346.master-192-168-8-48.1680.2,qkv.lora_B,0
1768387403.2087967,126,3.96875,0.06947530061006546,Grad/qkv.lora_B,outputs_dev/vitb16/T=vtab_Q=3bit_L=lora_2_qkv-fc1-proj-fc2/cifar/20260114184203_default_acc=53.50/tensorboard/Grad_qkv.lora_B_block_0/events.out.tfevents.1768387346.master-192-168-8-48.1680.2,qkv.lora_B,0
1768387403.4363768,127,4.0,0.22111466526985168,Grad/qkv.lora_B,outputs_dev/vitb16/T=vtab_Q=3bit_L=lora_2_qkv-fc1-proj-fc2/cifar/20260114184203_default_acc=53.50/tensorboard/Grad_qkv.lora_B_block_0/events.out.tfevents.1768387346.master-192-168-8-48.1680.2,qkv.lora_B,0
1768387404.1353316,128,4.03125,0.07554791122674942,Grad/qkv.lora_B,outputs_dev/vitb16/T=vtab_Q=3bit_L=lora_2_qkv-fc1-proj-fc2/cifar/20260114184203_default_acc=53.50/tensorboard/Grad_qkv.lora_B_block_0/events.out.tfevents.1768387346.master-192-168-8-48.1680.2,qkv.lora_B,0
1768387404.5841825,129,4.0625,0.08096098154783249,Grad/qkv.lora_B,outputs_dev/vitb16/T=vtab_Q=3bit_L=lora_2_qkv-fc1-proj-fc2/cifar/20260114184203_default_acc=53.50/tensorboard/Grad_qkv.lora_B_block_0/events.out.tfevents.1768387346.master-192-168-8-48.1680.2,qkv.lora_B,0
1768387405.021593,130,4.09375,0.06957543641328812,Grad/qkv.lora_B,outputs_dev/vitb16/T=vtab_Q=3bit_L=lora_2_qkv-fc1-proj-fc2/cifar/20260114184203_default_acc=53.50/tensorboard/Grad_qkv.lora_B_block_0/events.out.tfevents.1768387346.master-192-168-8-48.1680.2,qkv.lora_B,0
1768387405.4566312,131,4.125,0.11312127113342285,Grad/qkv.lora_B,outputs_dev/vitb16/T=vtab_Q=3bit_L=lora_2_qkv-fc1-proj-fc2/cifar/20260114184203_default_acc=53.50/tensorboard/Grad_qkv.lora_B_block_0/events.out.tfevents.1768387346.master-192-168-8-48.1680.2,qkv.lora_B,0
1768387405.8910584,132,4.15625,0.0870513767004013,Grad/qkv.lora_B,outputs_dev/vitb16/T=vtab_Q=3bit_L=lora_2_qkv-fc1-proj-fc2/cifar/20260114184203_default_acc=53.50/tensorboard/Grad_qkv.lora_B_block_0/events.out.tfevents.1768387346.master-192-168-8-48.1680.2,qkv.lora_B,0
1768387406.314959,133,4.1875,0.08038228005170822,Grad/qkv.lora_B,outputs_dev/vitb16/T=vtab_Q=3bit_L=lora_2_qkv-fc1-proj-fc2/cifar/20260114184203_default_acc=53.50/tensorboard/Grad_qkv.lora_B_block_0/events.out.tfevents.1768387346.master-192-168-8-48.1680.2,qkv.lora_B,0
1768387406.7533784,134,4.21875,0.07966669648885727,Grad/qkv.lora_B,outputs_dev/vitb16/T=vtab_Q=3bit_L=lora_2_qkv-fc1-proj-fc2/cifar/20260114184203_default_acc=53.50/tensorboard/Grad_qkv.lora_B_block_0/events.out.tfevents.1768387346.master-192-168-8-48.1680.2,qkv.lora_B,0
1768387407.1753383,135,4.25,0.1185901015996933,Grad/qkv.lora_B,outputs_dev/vitb16/T=vtab_Q=3bit_L=lora_2_qkv-fc1-proj-fc2/cifar/20260114184203_default_acc=53.50/tensorboard/Grad_qkv.lora_B_block_0/events.out.tfevents.1768387346.master-192-168-8-48.1680.2,qkv.lora_B,0
1768387407.6117485,136,4.28125,0.12366443872451782,Grad/qkv.lora_B,outputs_dev/vitb16/T=vtab_Q=3bit_L=lora_2_qkv-fc1-proj-fc2/cifar/20260114184203_default_acc=53.50/tensorboard/Grad_qkv.lora_B_block_0/events.out.tfevents.1768387346.master-192-168-8-48.1680.2,qkv.lora_B,0
1768387408.0446024,137,4.3125,0.08140197396278381,Grad/qkv.lora_B,outputs_dev/vitb16/T=vtab_Q=3bit_L=lora_2_qkv-fc1-proj-fc2/cifar/20260114184203_default_acc=53.50/tensorboard/Grad_qkv.lora_B_block_0/events.out.tfevents.1768387346.master-192-168-8-48.1680.2,qkv.lora_B,0
1768387408.4674437,138,4.34375,0.07427727431058884,Grad/qkv.lora_B,outputs_dev/vitb16/T=vtab_Q=3bit_L=lora_2_qkv-fc1-proj-fc2/cifar/20260114184203_default_acc=53.50/tensorboard/Grad_qkv.lora_B_block_0/events.out.tfevents.1768387346.master-192-168-8-48.1680.2,qkv.lora_B,0
1768387408.888721,139,4.375,0.08099795132875443,Grad/qkv.lora_B,outputs_dev/vitb16/T=vtab_Q=3bit_L=lora_2_qkv-fc1-proj-fc2/cifar/20260114184203_default_acc=53.50/tensorboard/Grad_qkv.lora_B_block_0/events.out.tfevents.1768387346.master-192-168-8-48.1680.2,qkv.lora_B,0
1768387409.3222518,140,4.40625,0.08215174078941345,Grad/qkv.lora_B,outputs_dev/vitb16/T=vtab_Q=3bit_L=lora_2_qkv-fc1-proj-fc2/cifar/20260114184203_default_acc=53.50/tensorboard/Grad_qkv.lora_B_block_0/events.out.tfevents.1768387346.master-192-168-8-48.1680.2,qkv.lora_B,0
1768387409.7425401,141,4.4375,0.07876777648925781,Grad/qkv.lora_B,outputs_dev/vitb16/T=vtab_Q=3bit_L=lora_2_qkv-fc1-proj-fc2/cifar/20260114184203_default_acc=53.50/tensorboard/Grad_qkv.lora_B_block_0/events.out.tfevents.1768387346.master-192-168-8-48.1680.2,qkv.lora_B,0
1768387410.1529324,142,4.46875,0.19231361150741577,Grad/qkv.lora_B,outputs_dev/vitb16/T=vtab_Q=3bit_L=lora_2_qkv-fc1-proj-fc2/cifar/20260114184203_default_acc=53.50/tensorboard/Grad_qkv.lora_B_block_0/events.out.tfevents.1768387346.master-192-168-8-48.1680.2,qkv.lora_B,0
1768387410.564999,143,4.5,0.07344364374876022,Grad/qkv.lora_B,outputs_dev/vitb16/T=vtab_Q=3bit_L=lora_2_qkv-fc1-proj-fc2/cifar/20260114184203_default_acc=53.50/tensorboard/Grad_qkv.lora_B_block_0/events.out.tfevents.1768387346.master-192-168-8-48.1680.2,qkv.lora_B,0
1768387410.986514,144,4.53125,0.09419681876897812,Grad/qkv.lora_B,outputs_dev/vitb16/T=vtab_Q=3bit_L=lora_2_qkv-fc1-proj-fc2/cifar/20260114184203_default_acc=53.50/tensorboard/Grad_qkv.lora_B_block_0/events.out.tfevents.1768387346.master-192-168-8-48.1680.2,qkv.lora_B,0
1768387411.3959715,145,4.5625,0.06847604364156723,Grad/qkv.lora_B,outputs_dev/vitb16/T=vtab_Q=3bit_L=lora_2_qkv-fc1-proj-fc2/cifar/20260114184203_default_acc=53.50/tensorboard/Grad_qkv.lora_B_block_0/events.out.tfevents.1768387346.master-192-168-8-48.1680.2,qkv.lora_B,0
1768387411.8318486,146,4.59375,0.08618441224098206,Grad/qkv.lora_B,outputs_dev/vitb16/T=vtab_Q=3bit_L=lora_2_qkv-fc1-proj-fc2/cifar/20260114184203_default_acc=53.50/tensorboard/Grad_qkv.lora_B_block_0/events.out.tfevents.1768387346.master-192-168-8-48.1680.2,qkv.lora_B,0
1768387412.256237,147,4.625,0.09445176273584366,Grad/qkv.lora_B,outputs_dev/vitb16/T=vtab_Q=3bit_L=lora_2_qkv-fc1-proj-fc2/cifar/20260114184203_default_acc=53.50/tensorboard/Grad_qkv.lora_B_block_0/events.out.tfevents.1768387346.master-192-168-8-48.1680.2,qkv.lora_B,0
1768387412.6929603,148,4.65625,0.08128206431865692,Grad/qkv.lora_B,outputs_dev/vitb16/T=vtab_Q=3bit_L=lora_2_qkv-fc1-proj-fc2/cifar/20260114184203_default_acc=53.50/tensorboard/Grad_qkv.lora_B_block_0/events.out.tfevents.1768387346.master-192-168-8-48.1680.2,qkv.lora_B,0
1768387413.1294093,149,4.6875,0.08000581711530685,Grad/qkv.lora_B,outputs_dev/vitb16/T=vtab_Q=3bit_L=lora_2_qkv-fc1-proj-fc2/cifar/20260114184203_default_acc=53.50/tensorboard/Grad_qkv.lora_B_block_0/events.out.tfevents.1768387346.master-192-168-8-48.1680.2,qkv.lora_B,0
1768387413.5523512,150,4.71875,0.07887957245111465,Grad/qkv.lora_B,outputs_dev/vitb16/T=vtab_Q=3bit_L=lora_2_qkv-fc1-proj-fc2/cifar/20260114184203_default_acc=53.50/tensorboard/Grad_qkv.lora_B_block_0/events.out.tfevents.1768387346.master-192-168-8-48.1680.2,qkv.lora_B,0
1768387413.9899266,151,4.75,0.0861213430762291,Grad/qkv.lora_B,outputs_dev/vitb16/T=vtab_Q=3bit_L=lora_2_qkv-fc1-proj-fc2/cifar/20260114184203_default_acc=53.50/tensorboard/Grad_qkv.lora_B_block_0/events.out.tfevents.1768387346.master-192-168-8-48.1680.2,qkv.lora_B,0
1768387414.4257038,152,4.78125,0.07833079993724823,Grad/qkv.lora_B,outputs_dev/vitb16/T=vtab_Q=3bit_L=lora_2_qkv-fc1-proj-fc2/cifar/20260114184203_default_acc=53.50/tensorboard/Grad_qkv.lora_B_block_0/events.out.tfevents.1768387346.master-192-168-8-48.1680.2,qkv.lora_B,0
1768387414.8465016,153,4.8125,0.07019824534654617,Grad/qkv.lora_B,outputs_dev/vitb16/T=vtab_Q=3bit_L=lora_2_qkv-fc1-proj-fc2/cifar/20260114184203_default_acc=53.50/tensorboard/Grad_qkv.lora_B_block_0/events.out.tfevents.1768387346.master-192-168-8-48.1680.2,qkv.lora_B,0
1768387415.2788854,154,4.84375,0.07244553416967392,Grad/qkv.lora_B,outputs_dev/vitb16/T=vtab_Q=3bit_L=lora_2_qkv-fc1-proj-fc2/cifar/20260114184203_default_acc=53.50/tensorboard/Grad_qkv.lora_B_block_0/events.out.tfevents.1768387346.master-192-168-8-48.1680.2,qkv.lora_B,0
1768387415.711971,155,4.875,0.12096692621707916,Grad/qkv.lora_B,outputs_dev/vitb16/T=vtab_Q=3bit_L=lora_2_qkv-fc1-proj-fc2/cifar/20260114184203_default_acc=53.50/tensorboard/Grad_qkv.lora_B_block_0/events.out.tfevents.1768387346.master-192-168-8-48.1680.2,qkv.lora_B,0
1768387416.1329176,156,4.90625,0.10203518718481064,Grad/qkv.lora_B,outputs_dev/vitb16/T=vtab_Q=3bit_L=lora_2_qkv-fc1-proj-fc2/cifar/20260114184203_default_acc=53.50/tensorboard/Grad_qkv.lora_B_block_0/events.out.tfevents.1768387346.master-192-168-8-48.1680.2,qkv.lora_B,0
1768387416.6819105,157,4.9375,0.06610026210546494,Grad/qkv.lora_B,outputs_dev/vitb16/T=vtab_Q=3bit_L=lora_2_qkv-fc1-proj-fc2/cifar/20260114184203_default_acc=53.50/tensorboard/Grad_qkv.lora_B_block_0/events.out.tfevents.1768387346.master-192-168-8-48.1680.2,qkv.lora_B,0
1768387417.100913,158,4.96875,0.08102283626794815,Grad/qkv.lora_B,outputs_dev/vitb16/T=vtab_Q=3bit_L=lora_2_qkv-fc1-proj-fc2/cifar/20260114184203_default_acc=53.50/tensorboard/Grad_qkv.lora_B_block_0/events.out.tfevents.1768387346.master-192-168-8-48.1680.2,qkv.lora_B,0
1768387417.3224235,159,5.0,0.1378086358308792,Grad/qkv.lora_B,outputs_dev/vitb16/T=vtab_Q=3bit_L=lora_2_qkv-fc1-proj-fc2/cifar/20260114184203_default_acc=53.50/tensorboard/Grad_qkv.lora_B_block_0/events.out.tfevents.1768387346.master-192-168-8-48.1680.2,qkv.lora_B,0
1768387418.043809,160,5.03125,0.06819301098585129,Grad/qkv.lora_B,outputs_dev/vitb16/T=vtab_Q=3bit_L=lora_2_qkv-fc1-proj-fc2/cifar/20260114184203_default_acc=53.50/tensorboard/Grad_qkv.lora_B_block_0/events.out.tfevents.1768387346.master-192-168-8-48.1680.2,qkv.lora_B,0
1768387418.469323,161,5.0625,0.08718857914209366,Grad/qkv.lora_B,outputs_dev/vitb16/T=vtab_Q=3bit_L=lora_2_qkv-fc1-proj-fc2/cifar/20260114184203_default_acc=53.50/tensorboard/Grad_qkv.lora_B_block_0/events.out.tfevents.1768387346.master-192-168-8-48.1680.2,qkv.lora_B,0
1768387418.894145,162,5.09375,0.1799575388431549,Grad/qkv.lora_B,outputs_dev/vitb16/T=vtab_Q=3bit_L=lora_2_qkv-fc1-proj-fc2/cifar/20260114184203_default_acc=53.50/tensorboard/Grad_qkv.lora_B_block_0/events.out.tfevents.1768387346.master-192-168-8-48.1680.2,qkv.lora_B,0
1768387419.3162284,163,5.125,0.07608504593372345,Grad/qkv.lora_B,outputs_dev/vitb16/T=vtab_Q=3bit_L=lora_2_qkv-fc1-proj-fc2/cifar/20260114184203_default_acc=53.50/tensorboard/Grad_qkv.lora_B_block_0/events.out.tfevents.1768387346.master-192-168-8-48.1680.2,qkv.lora_B,0
1768387419.7423465,164,5.15625,0.09851650893688202,Grad/qkv.lora_B,outputs_dev/vitb16/T=vtab_Q=3bit_L=lora_2_qkv-fc1-proj-fc2/cifar/20260114184203_default_acc=53.50/tensorboard/Grad_qkv.lora_B_block_0/events.out.tfevents.1768387346.master-192-168-8-48.1680.2,qkv.lora_B,0
1768387420.1719785,165,5.1875,0.07538354396820068,Grad/qkv.lora_B,outputs_dev/vitb16/T=vtab_Q=3bit_L=lora_2_qkv-fc1-proj-fc2/cifar/20260114184203_default_acc=53.50/tensorboard/Grad_qkv.lora_B_block_0/events.out.tfevents.1768387346.master-192-168-8-48.1680.2,qkv.lora_B,0
1768387420.5942426,166,5.21875,0.08430363237857819,Grad/qkv.lora_B,outputs_dev/vitb16/T=vtab_Q=3bit_L=lora_2_qkv-fc1-proj-fc2/cifar/20260114184203_default_acc=53.50/tensorboard/Grad_qkv.lora_B_block_0/events.out.tfevents.1768387346.master-192-168-8-48.1680.2,qkv.lora_B,0
1768387421.017761,167,5.25,0.08014952391386032,Grad/qkv.lora_B,outputs_dev/vitb16/T=vtab_Q=3bit_L=lora_2_qkv-fc1-proj-fc2/cifar/20260114184203_default_acc=53.50/tensorboard/Grad_qkv.lora_B_block_0/events.out.tfevents.1768387346.master-192-168-8-48.1680.2,qkv.lora_B,0
1768387421.4424767,168,5.28125,0.08370227366685867,Grad/qkv.lora_B,outputs_dev/vitb16/T=vtab_Q=3bit_L=lora_2_qkv-fc1-proj-fc2/cifar/20260114184203_default_acc=53.50/tensorboard/Grad_qkv.lora_B_block_0/events.out.tfevents.1768387346.master-192-168-8-48.1680.2,qkv.lora_B,0
1768387421.8689437,169,5.3125,0.07009338587522507,Grad/qkv.lora_B,outputs_dev/vitb16/T=vtab_Q=3bit_L=lora_2_qkv-fc1-proj-fc2/cifar/20260114184203_default_acc=53.50/tensorboard/Grad_qkv.lora_B_block_0/events.out.tfevents.1768387346.master-192-168-8-48.1680.2,qkv.lora_B,0
1768387422.2936745,170,5.34375,0.09176936745643616,Grad/qkv.lora_B,outputs_dev/vitb16/T=vtab_Q=3bit_L=lora_2_qkv-fc1-proj-fc2/cifar/20260114184203_default_acc=53.50/tensorboard/Grad_qkv.lora_B_block_0/events.out.tfevents.1768387346.master-192-168-8-48.1680.2,qkv.lora_B,0
1768387422.716683,171,5.375,0.08131952583789825,Grad/qkv.lora_B,outputs_dev/vitb16/T=vtab_Q=3bit_L=lora_2_qkv-fc1-proj-fc2/cifar/20260114184203_default_acc=53.50/tensorboard/Grad_qkv.lora_B_block_0/events.out.tfevents.1768387346.master-192-168-8-48.1680.2,qkv.lora_B,0
1768387423.1527321,172,5.40625,0.05210206285119057,Grad/qkv.lora_B,outputs_dev/vitb16/T=vtab_Q=3bit_L=lora_2_qkv-fc1-proj-fc2/cifar/20260114184203_default_acc=53.50/tensorboard/Grad_qkv.lora_B_block_0/events.out.tfevents.1768387346.master-192-168-8-48.1680.2,qkv.lora_B,0
1768387423.5774646,173,5.4375,0.0840471088886261,Grad/qkv.lora_B,outputs_dev/vitb16/T=vtab_Q=3bit_L=lora_2_qkv-fc1-proj-fc2/cifar/20260114184203_default_acc=53.50/tensorboard/Grad_qkv.lora_B_block_0/events.out.tfevents.1768387346.master-192-168-8-48.1680.2,qkv.lora_B,0
1768387424.010025,174,5.46875,0.07575210183858871,Grad/qkv.lora_B,outputs_dev/vitb16/T=vtab_Q=3bit_L=lora_2_qkv-fc1-proj-fc2/cifar/20260114184203_default_acc=53.50/tensorboard/Grad_qkv.lora_B_block_0/events.out.tfevents.1768387346.master-192-168-8-48.1680.2,qkv.lora_B,0
1768387424.4533548,175,5.5,0.07816926389932632,Grad/qkv.lora_B,outputs_dev/vitb16/T=vtab_Q=3bit_L=lora_2_qkv-fc1-proj-fc2/cifar/20260114184203_default_acc=53.50/tensorboard/Grad_qkv.lora_B_block_0/events.out.tfevents.1768387346.master-192-168-8-48.1680.2,qkv.lora_B,0
1768387424.8969023,176,5.53125,0.08666777610778809,Grad/qkv.lora_B,outputs_dev/vitb16/T=vtab_Q=3bit_L=lora_2_qkv-fc1-proj-fc2/cifar/20260114184203_default_acc=53.50/tensorboard/Grad_qkv.lora_B_block_0/events.out.tfevents.1768387346.master-192-168-8-48.1680.2,qkv.lora_B,0
1768387425.3331535,177,5.5625,0.08657706528902054,Grad/qkv.lora_B,outputs_dev/vitb16/T=vtab_Q=3bit_L=lora_2_qkv-fc1-proj-fc2/cifar/20260114184203_default_acc=53.50/tensorboard/Grad_qkv.lora_B_block_0/events.out.tfevents.1768387346.master-192-168-8-48.1680.2,qkv.lora_B,0
1768387425.7846887,178,5.59375,0.09607475250959396,Grad/qkv.lora_B,outputs_dev/vitb16/T=vtab_Q=3bit_L=lora_2_qkv-fc1-proj-fc2/cifar/20260114184203_default_acc=53.50/tensorboard/Grad_qkv.lora_B_block_0/events.out.tfevents.1768387346.master-192-168-8-48.1680.2,qkv.lora_B,0
1768387426.215972,179,5.625,0.07299766689538956,Grad/qkv.lora_B,outputs_dev/vitb16/T=vtab_Q=3bit_L=lora_2_qkv-fc1-proj-fc2/cifar/20260114184203_default_acc=53.50/tensorboard/Grad_qkv.lora_B_block_0/events.out.tfevents.1768387346.master-192-168-8-48.1680.2,qkv.lora_B,0
1768387426.6387963,180,5.65625,0.077443927526474,Grad/qkv.lora_B,outputs_dev/vitb16/T=vtab_Q=3bit_L=lora_2_qkv-fc1-proj-fc2/cifar/20260114184203_default_acc=53.50/tensorboard/Grad_qkv.lora_B_block_0/events.out.tfevents.1768387346.master-192-168-8-48.1680.2,qkv.lora_B,0
1768387427.0793684,181,5.6875,0.10180912911891937,Grad/qkv.lora_B,outputs_dev/vitb16/T=vtab_Q=3bit_L=lora_2_qkv-fc1-proj-fc2/cifar/20260114184203_default_acc=53.50/tensorboard/Grad_qkv.lora_B_block_0/events.out.tfevents.1768387346.master-192-168-8-48.1680.2,qkv.lora_B,0
1768387427.5319147,182,5.71875,0.09500382095575333,Grad/qkv.lora_B,outputs_dev/vitb16/T=vtab_Q=3bit_L=lora_2_qkv-fc1-proj-fc2/cifar/20260114184203_default_acc=53.50/tensorboard/Grad_qkv.lora_B_block_0/events.out.tfevents.1768387346.master-192-168-8-48.1680.2,qkv.lora_B,0
1768387427.9573681,183,5.75,0.12831006944179535,Grad/qkv.lora_B,outputs_dev/vitb16/T=vtab_Q=3bit_L=lora_2_qkv-fc1-proj-fc2/cifar/20260114184203_default_acc=53.50/tensorboard/Grad_qkv.lora_B_block_0/events.out.tfevents.1768387346.master-192-168-8-48.1680.2,qkv.lora_B,0
1768387428.3917959,184,5.78125,0.08431316167116165,Grad/qkv.lora_B,outputs_dev/vitb16/T=vtab_Q=3bit_L=lora_2_qkv-fc1-proj-fc2/cifar/20260114184203_default_acc=53.50/tensorboard/Grad_qkv.lora_B_block_0/events.out.tfevents.1768387346.master-192-168-8-48.1680.2,qkv.lora_B,0
1768387428.8270714,185,5.8125,0.06994244456291199,Grad/qkv.lora_B,outputs_dev/vitb16/T=vtab_Q=3bit_L=lora_2_qkv-fc1-proj-fc2/cifar/20260114184203_default_acc=53.50/tensorboard/Grad_qkv.lora_B_block_0/events.out.tfevents.1768387346.master-192-168-8-48.1680.2,qkv.lora_B,0
1768387429.251694,186,5.84375,0.11752620339393616,Grad/qkv.lora_B,outputs_dev/vitb16/T=vtab_Q=3bit_L=lora_2_qkv-fc1-proj-fc2/cifar/20260114184203_default_acc=53.50/tensorboard/Grad_qkv.lora_B_block_0/events.out.tfevents.1768387346.master-192-168-8-48.1680.2,qkv.lora_B,0
1768387429.6888173,187,5.875,0.07085363566875458,Grad/qkv.lora_B,outputs_dev/vitb16/T=vtab_Q=3bit_L=lora_2_qkv-fc1-proj-fc2/cifar/20260114184203_default_acc=53.50/tensorboard/Grad_qkv.lora_B_block_0/events.out.tfevents.1768387346.master-192-168-8-48.1680.2,qkv.lora_B,0
1768387430.1309834,188,5.90625,0.07978309690952301,Grad/qkv.lora_B,outputs_dev/vitb16/T=vtab_Q=3bit_L=lora_2_qkv-fc1-proj-fc2/cifar/20260114184203_default_acc=53.50/tensorboard/Grad_qkv.lora_B_block_0/events.out.tfevents.1768387346.master-192-168-8-48.1680.2,qkv.lora_B,0
1768387430.5585034,189,5.9375,0.13646180927753448,Grad/qkv.lora_B,outputs_dev/vitb16/T=vtab_Q=3bit_L=lora_2_qkv-fc1-proj-fc2/cifar/20260114184203_default_acc=53.50/tensorboard/Grad_qkv.lora_B_block_0/events.out.tfevents.1768387346.master-192-168-8-48.1680.2,qkv.lora_B,0
1768387430.9863646,190,5.96875,0.07426151633262634,Grad/qkv.lora_B,outputs_dev/vitb16/T=vtab_Q=3bit_L=lora_2_qkv-fc1-proj-fc2/cifar/20260114184203_default_acc=53.50/tensorboard/Grad_qkv.lora_B_block_0/events.out.tfevents.1768387346.master-192-168-8-48.1680.2,qkv.lora_B,0
1768387431.1959841,191,6.0,0.16706307232379913,Grad/qkv.lora_B,outputs_dev/vitb16/T=vtab_Q=3bit_L=lora_2_qkv-fc1-proj-fc2/cifar/20260114184203_default_acc=53.50/tensorboard/Grad_qkv.lora_B_block_0/events.out.tfevents.1768387346.master-192-168-8-48.1680.2,qkv.lora_B,0
1768387431.956294,192,6.03125,0.0850793868303299,Grad/qkv.lora_B,outputs_dev/vitb16/T=vtab_Q=3bit_L=lora_2_qkv-fc1-proj-fc2/cifar/20260114184203_default_acc=53.50/tensorboard/Grad_qkv.lora_B_block_0/events.out.tfevents.1768387346.master-192-168-8-48.1680.2,qkv.lora_B,0
1768387432.3891904,193,6.0625,0.1109786331653595,Grad/qkv.lora_B,outputs_dev/vitb16/T=vtab_Q=3bit_L=lora_2_qkv-fc1-proj-fc2/cifar/20260114184203_default_acc=53.50/tensorboard/Grad_qkv.lora_B_block_0/events.out.tfevents.1768387346.master-192-168-8-48.1680.2,qkv.lora_B,0
1768387432.818191,194,6.09375,0.08870939910411835,Grad/qkv.lora_B,outputs_dev/vitb16/T=vtab_Q=3bit_L=lora_2_qkv-fc1-proj-fc2/cifar/20260114184203_default_acc=53.50/tensorboard/Grad_qkv.lora_B_block_0/events.out.tfevents.1768387346.master-192-168-8-48.1680.2,qkv.lora_B,0
1768387433.248073,195,6.125,0.08906931430101395,Grad/qkv.lora_B,outputs_dev/vitb16/T=vtab_Q=3bit_L=lora_2_qkv-fc1-proj-fc2/cifar/20260114184203_default_acc=53.50/tensorboard/Grad_qkv.lora_B_block_0/events.out.tfevents.1768387346.master-192-168-8-48.1680.2,qkv.lora_B,0
1768387433.6765304,196,6.15625,0.08818913251161575,Grad/qkv.lora_B,outputs_dev/vitb16/T=vtab_Q=3bit_L=lora_2_qkv-fc1-proj-fc2/cifar/20260114184203_default_acc=53.50/tensorboard/Grad_qkv.lora_B_block_0/events.out.tfevents.1768387346.master-192-168-8-48.1680.2,qkv.lora_B,0
1768387434.1054635,197,6.1875,0.07248251140117645,Grad/qkv.lora_B,outputs_dev/vitb16/T=vtab_Q=3bit_L=lora_2_qkv-fc1-proj-fc2/cifar/20260114184203_default_acc=53.50/tensorboard/Grad_qkv.lora_B_block_0/events.out.tfevents.1768387346.master-192-168-8-48.1680.2,qkv.lora_B,0
1768387434.533983,198,6.21875,0.07018742710351944,Grad/qkv.lora_B,outputs_dev/vitb16/T=vtab_Q=3bit_L=lora_2_qkv-fc1-proj-fc2/cifar/20260114184203_default_acc=53.50/tensorboard/Grad_qkv.lora_B_block_0/events.out.tfevents.1768387346.master-192-168-8-48.1680.2,qkv.lora_B,0
1768387434.9632528,199,6.25,0.12185295671224594,Grad/qkv.lora_B,outputs_dev/vitb16/T=vtab_Q=3bit_L=lora_2_qkv-fc1-proj-fc2/cifar/20260114184203_default_acc=53.50/tensorboard/Grad_qkv.lora_B_block_0/events.out.tfevents.1768387346.master-192-168-8-48.1680.2,qkv.lora_B,0
1768387435.4113243,200,6.28125,0.08731341361999512,Grad/qkv.lora_B,outputs_dev/vitb16/T=vtab_Q=3bit_L=lora_2_qkv-fc1-proj-fc2/cifar/20260114184203_default_acc=53.50/tensorboard/Grad_qkv.lora_B_block_0/events.out.tfevents.1768387346.master-192-168-8-48.1680.2,qkv.lora_B,0
1768387435.839366,201,6.3125,0.07581746578216553,Grad/qkv.lora_B,outputs_dev/vitb16/T=vtab_Q=3bit_L=lora_2_qkv-fc1-proj-fc2/cifar/20260114184203_default_acc=53.50/tensorboard/Grad_qkv.lora_B_block_0/events.out.tfevents.1768387346.master-192-168-8-48.1680.2,qkv.lora_B,0
1768387436.2616353,202,6.34375,0.10555204749107361,Grad/qkv.lora_B,outputs_dev/vitb16/T=vtab_Q=3bit_L=lora_2_qkv-fc1-proj-fc2/cifar/20260114184203_default_acc=53.50/tensorboard/Grad_qkv.lora_B_block_0/events.out.tfevents.1768387346.master-192-168-8-48.1680.2,qkv.lora_B,0
1768387436.6878874,203,6.375,0.06960351765155792,Grad/qkv.lora_B,outputs_dev/vitb16/T=vtab_Q=3bit_L=lora_2_qkv-fc1-proj-fc2/cifar/20260114184203_default_acc=53.50/tensorboard/Grad_qkv.lora_B_block_0/events.out.tfevents.1768387346.master-192-168-8-48.1680.2,qkv.lora_B,0
1768387437.1104474,204,6.40625,0.08248785883188248,Grad/qkv.lora_B,outputs_dev/vitb16/T=vtab_Q=3bit_L=lora_2_qkv-fc1-proj-fc2/cifar/20260114184203_default_acc=53.50/tensorboard/Grad_qkv.lora_B_block_0/events.out.tfevents.1768387346.master-192-168-8-48.1680.2,qkv.lora_B,0
1768387437.532915,205,6.4375,0.09190651029348373,Grad/qkv.lora_B,outputs_dev/vitb16/T=vtab_Q=3bit_L=lora_2_qkv-fc1-proj-fc2/cifar/20260114184203_default_acc=53.50/tensorboard/Grad_qkv.lora_B_block_0/events.out.tfevents.1768387346.master-192-168-8-48.1680.2,qkv.lora_B,0
1768387437.9571598,206,6.46875,0.07480116188526154,Grad/qkv.lora_B,outputs_dev/vitb16/T=vtab_Q=3bit_L=lora_2_qkv-fc1-proj-fc2/cifar/20260114184203_default_acc=53.50/tensorboard/Grad_qkv.lora_B_block_0/events.out.tfevents.1768387346.master-192-168-8-48.1680.2,qkv.lora_B,0
1768387438.40834,207,6.5,0.13307994604110718,Grad/qkv.lora_B,outputs_dev/vitb16/T=vtab_Q=3bit_L=lora_2_qkv-fc1-proj-fc2/cifar/20260114184203_default_acc=53.50/tensorboard/Grad_qkv.lora_B_block_0/events.out.tfevents.1768387346.master-192-168-8-48.1680.2,qkv.lora_B,0
1768387438.830148,208,6.53125,0.10003425925970078,Grad/qkv.lora_B,outputs_dev/vitb16/T=vtab_Q=3bit_L=lora_2_qkv-fc1-proj-fc2/cifar/20260114184203_default_acc=53.50/tensorboard/Grad_qkv.lora_B_block_0/events.out.tfevents.1768387346.master-192-168-8-48.1680.2,qkv.lora_B,0
1768387439.252436,209,6.5625,0.0948512926697731,Grad/qkv.lora_B,outputs_dev/vitb16/T=vtab_Q=3bit_L=lora_2_qkv-fc1-proj-fc2/cifar/20260114184203_default_acc=53.50/tensorboard/Grad_qkv.lora_B_block_0/events.out.tfevents.1768387346.master-192-168-8-48.1680.2,qkv.lora_B,0
1768387439.6881697,210,6.59375,0.1136862263083458,Grad/qkv.lora_B,outputs_dev/vitb16/T=vtab_Q=3bit_L=lora_2_qkv-fc1-proj-fc2/cifar/20260114184203_default_acc=53.50/tensorboard/Grad_qkv.lora_B_block_0/events.out.tfevents.1768387346.master-192-168-8-48.1680.2,qkv.lora_B,0
1768387440.1250267,211,6.625,0.09197845309972763,Grad/qkv.lora_B,outputs_dev/vitb16/T=vtab_Q=3bit_L=lora_2_qkv-fc1-proj-fc2/cifar/20260114184203_default_acc=53.50/tensorboard/Grad_qkv.lora_B_block_0/events.out.tfevents.1768387346.master-192-168-8-48.1680.2,qkv.lora_B,0
1768387440.5638251,212,6.65625,0.09943706542253494,Grad/qkv.lora_B,outputs_dev/vitb16/T=vtab_Q=3bit_L=lora_2_qkv-fc1-proj-fc2/cifar/20260114184203_default_acc=53.50/tensorboard/Grad_qkv.lora_B_block_0/events.out.tfevents.1768387346.master-192-168-8-48.1680.2,qkv.lora_B,0
1768387440.9988472,213,6.6875,0.08489283174276352,Grad/qkv.lora_B,outputs_dev/vitb16/T=vtab_Q=3bit_L=lora_2_qkv-fc1-proj-fc2/cifar/20260114184203_default_acc=53.50/tensorboard/Grad_qkv.lora_B_block_0/events.out.tfevents.1768387346.master-192-168-8-48.1680.2,qkv.lora_B,0
1768387441.4220204,214,6.71875,0.1223447248339653,Grad/qkv.lora_B,outputs_dev/vitb16/T=vtab_Q=3bit_L=lora_2_qkv-fc1-proj-fc2/cifar/20260114184203_default_acc=53.50/tensorboard/Grad_qkv.lora_B_block_0/events.out.tfevents.1768387346.master-192-168-8-48.1680.2,qkv.lora_B,0
1768387441.8595235,215,6.75,0.09222391247749329,Grad/qkv.lora_B,outputs_dev/vitb16/T=vtab_Q=3bit_L=lora_2_qkv-fc1-proj-fc2/cifar/20260114184203_default_acc=53.50/tensorboard/Grad_qkv.lora_B_block_0/events.out.tfevents.1768387346.master-192-168-8-48.1680.2,qkv.lora_B,0
1768387442.2965622,216,6.78125,0.13351094722747803,Grad/qkv.lora_B,outputs_dev/vitb16/T=vtab_Q=3bit_L=lora_2_qkv-fc1-proj-fc2/cifar/20260114184203_default_acc=53.50/tensorboard/Grad_qkv.lora_B_block_0/events.out.tfevents.1768387346.master-192-168-8-48.1680.2,qkv.lora_B,0
1768387442.7339401,217,6.8125,0.07853329926729202,Grad/qkv.lora_B,outputs_dev/vitb16/T=vtab_Q=3bit_L=lora_2_qkv-fc1-proj-fc2/cifar/20260114184203_default_acc=53.50/tensorboard/Grad_qkv.lora_B_block_0/events.out.tfevents.1768387346.master-192-168-8-48.1680.2,qkv.lora_B,0
1768387443.1705728,218,6.84375,0.07525988668203354,Grad/qkv.lora_B,outputs_dev/vitb16/T=vtab_Q=3bit_L=lora_2_qkv-fc1-proj-fc2/cifar/20260114184203_default_acc=53.50/tensorboard/Grad_qkv.lora_B_block_0/events.out.tfevents.1768387346.master-192-168-8-48.1680.2,qkv.lora_B,0
1768387443.6078813,219,6.875,0.09788466989994049,Grad/qkv.lora_B,outputs_dev/vitb16/T=vtab_Q=3bit_L=lora_2_qkv-fc1-proj-fc2/cifar/20260114184203_default_acc=53.50/tensorboard/Grad_qkv.lora_B_block_0/events.out.tfevents.1768387346.master-192-168-8-48.1680.2,qkv.lora_B,0
1768387444.0396438,220,6.90625,0.08432259410619736,Grad/qkv.lora_B,outputs_dev/vitb16/T=vtab_Q=3bit_L=lora_2_qkv-fc1-proj-fc2/cifar/20260114184203_default_acc=53.50/tensorboard/Grad_qkv.lora_B_block_0/events.out.tfevents.1768387346.master-192-168-8-48.1680.2,qkv.lora_B,0
1768387444.452216,221,6.9375,0.07161567360162735,Grad/qkv.lora_B,outputs_dev/vitb16/T=vtab_Q=3bit_L=lora_2_qkv-fc1-proj-fc2/cifar/20260114184203_default_acc=53.50/tensorboard/Grad_qkv.lora_B_block_0/events.out.tfevents.1768387346.master-192-168-8-48.1680.2,qkv.lora_B,0
1768387444.8786094,222,6.96875,0.1449102759361267,Grad/qkv.lora_B,outputs_dev/vitb16/T=vtab_Q=3bit_L=lora_2_qkv-fc1-proj-fc2/cifar/20260114184203_default_acc=53.50/tensorboard/Grad_qkv.lora_B_block_0/events.out.tfevents.1768387346.master-192-168-8-48.1680.2,qkv.lora_B,0
1768387445.1047406,223,7.0,0.13031336665153503,Grad/qkv.lora_B,outputs_dev/vitb16/T=vtab_Q=3bit_L=lora_2_qkv-fc1-proj-fc2/cifar/20260114184203_default_acc=53.50/tensorboard/Grad_qkv.lora_B_block_0/events.out.tfevents.1768387346.master-192-168-8-48.1680.2,qkv.lora_B,0
1768387445.765546,224,7.03125,0.07249309122562408,Grad/qkv.lora_B,outputs_dev/vitb16/T=vtab_Q=3bit_L=lora_2_qkv-fc1-proj-fc2/cifar/20260114184203_default_acc=53.50/tensorboard/Grad_qkv.lora_B_block_0/events.out.tfevents.1768387346.master-192-168-8-48.1680.2,qkv.lora_B,0
1768387446.2030027,225,7.0625,0.09480621665716171,Grad/qkv.lora_B,outputs_dev/vitb16/T=vtab_Q=3bit_L=lora_2_qkv-fc1-proj-fc2/cifar/20260114184203_default_acc=53.50/tensorboard/Grad_qkv.lora_B_block_0/events.out.tfevents.1768387346.master-192-168-8-48.1680.2,qkv.lora_B,0
1768387446.6307986,226,7.09375,0.1171211376786232,Grad/qkv.lora_B,outputs_dev/vitb16/T=vtab_Q=3bit_L=lora_2_qkv-fc1-proj-fc2/cifar/20260114184203_default_acc=53.50/tensorboard/Grad_qkv.lora_B_block_0/events.out.tfevents.1768387346.master-192-168-8-48.1680.2,qkv.lora_B,0
1768387447.0625894,227,7.125,0.0906757339835167,Grad/qkv.lora_B,outputs_dev/vitb16/T=vtab_Q=3bit_L=lora_2_qkv-fc1-proj-fc2/cifar/20260114184203_default_acc=53.50/tensorboard/Grad_qkv.lora_B_block_0/events.out.tfevents.1768387346.master-192-168-8-48.1680.2,qkv.lora_B,0
1768387447.4918902,228,7.15625,0.08401317149400711,Grad/qkv.lora_B,outputs_dev/vitb16/T=vtab_Q=3bit_L=lora_2_qkv-fc1-proj-fc2/cifar/20260114184203_default_acc=53.50/tensorboard/Grad_qkv.lora_B_block_0/events.out.tfevents.1768387346.master-192-168-8-48.1680.2,qkv.lora_B,0
1768387447.9343672,229,7.1875,0.09663393348455429,Grad/qkv.lora_B,outputs_dev/vitb16/T=vtab_Q=3bit_L=lora_2_qkv-fc1-proj-fc2/cifar/20260114184203_default_acc=53.50/tensorboard/Grad_qkv.lora_B_block_0/events.out.tfevents.1768387346.master-192-168-8-48.1680.2,qkv.lora_B,0
1768387448.3748748,230,7.21875,0.10330774635076523,Grad/qkv.lora_B,outputs_dev/vitb16/T=vtab_Q=3bit_L=lora_2_qkv-fc1-proj-fc2/cifar/20260114184203_default_acc=53.50/tensorboard/Grad_qkv.lora_B_block_0/events.out.tfevents.1768387346.master-192-168-8-48.1680.2,qkv.lora_B,0
1768387448.8158336,231,7.25,0.11034586280584335,Grad/qkv.lora_B,outputs_dev/vitb16/T=vtab_Q=3bit_L=lora_2_qkv-fc1-proj-fc2/cifar/20260114184203_default_acc=53.50/tensorboard/Grad_qkv.lora_B_block_0/events.out.tfevents.1768387346.master-192-168-8-48.1680.2,qkv.lora_B,0
1768387449.2389786,232,7.28125,0.079441599547863,Grad/qkv.lora_B,outputs_dev/vitb16/T=vtab_Q=3bit_L=lora_2_qkv-fc1-proj-fc2/cifar/20260114184203_default_acc=53.50/tensorboard/Grad_qkv.lora_B_block_0/events.out.tfevents.1768387346.master-192-168-8-48.1680.2,qkv.lora_B,0
1768387449.6736276,233,7.3125,0.08903519809246063,Grad/qkv.lora_B,outputs_dev/vitb16/T=vtab_Q=3bit_L=lora_2_qkv-fc1-proj-fc2/cifar/20260114184203_default_acc=53.50/tensorboard/Grad_qkv.lora_B_block_0/events.out.tfevents.1768387346.master-192-168-8-48.1680.2,qkv.lora_B,0
1768387450.0940132,234,7.34375,0.07209780067205429,Grad/qkv.lora_B,outputs_dev/vitb16/T=vtab_Q=3bit_L=lora_2_qkv-fc1-proj-fc2/cifar/20260114184203_default_acc=53.50/tensorboard/Grad_qkv.lora_B_block_0/events.out.tfevents.1768387346.master-192-168-8-48.1680.2,qkv.lora_B,0
1768387450.5130758,235,7.375,0.12248589843511581,Grad/qkv.lora_B,outputs_dev/vitb16/T=vtab_Q=3bit_L=lora_2_qkv-fc1-proj-fc2/cifar/20260114184203_default_acc=53.50/tensorboard/Grad_qkv.lora_B_block_0/events.out.tfevents.1768387346.master-192-168-8-48.1680.2,qkv.lora_B,0
1768387450.955699,236,7.40625,0.08419869840145111,Grad/qkv.lora_B,outputs_dev/vitb16/T=vtab_Q=3bit_L=lora_2_qkv-fc1-proj-fc2/cifar/20260114184203_default_acc=53.50/tensorboard/Grad_qkv.lora_B_block_0/events.out.tfevents.1768387346.master-192-168-8-48.1680.2,qkv.lora_B,0
1768387451.3907282,237,7.4375,0.109803207218647,Grad/qkv.lora_B,outputs_dev/vitb16/T=vtab_Q=3bit_L=lora_2_qkv-fc1-proj-fc2/cifar/20260114184203_default_acc=53.50/tensorboard/Grad_qkv.lora_B_block_0/events.out.tfevents.1768387346.master-192-168-8-48.1680.2,qkv.lora_B,0
1768387451.8282266,238,7.46875,0.08838970959186554,Grad/qkv.lora_B,outputs_dev/vitb16/T=vtab_Q=3bit_L=lora_2_qkv-fc1-proj-fc2/cifar/20260114184203_default_acc=53.50/tensorboard/Grad_qkv.lora_B_block_0/events.out.tfevents.1768387346.master-192-168-8-48.1680.2,qkv.lora_B,0
1768387452.2531486,239,7.5,0.10337900370359421,Grad/qkv.lora_B,outputs_dev/vitb16/T=vtab_Q=3bit_L=lora_2_qkv-fc1-proj-fc2/cifar/20260114184203_default_acc=53.50/tensorboard/Grad_qkv.lora_B_block_0/events.out.tfevents.1768387346.master-192-168-8-48.1680.2,qkv.lora_B,0
1768387452.6833098,240,7.53125,0.13525263965129852,Grad/qkv.lora_B,outputs_dev/vitb16/T=vtab_Q=3bit_L=lora_2_qkv-fc1-proj-fc2/cifar/20260114184203_default_acc=53.50/tensorboard/Grad_qkv.lora_B_block_0/events.out.tfevents.1768387346.master-192-168-8-48.1680.2,qkv.lora_B,0
1768387453.108138,241,7.5625,0.08747054636478424,Grad/qkv.lora_B,outputs_dev/vitb16/T=vtab_Q=3bit_L=lora_2_qkv-fc1-proj-fc2/cifar/20260114184203_default_acc=53.50/tensorboard/Grad_qkv.lora_B_block_0/events.out.tfevents.1768387346.master-192-168-8-48.1680.2,qkv.lora_B,0
1768387453.5306768,242,7.59375,0.11932449042797089,Grad/qkv.lora_B,outputs_dev/vitb16/T=vtab_Q=3bit_L=lora_2_qkv-fc1-proj-fc2/cifar/20260114184203_default_acc=53.50/tensorboard/Grad_qkv.lora_B_block_0/events.out.tfevents.1768387346.master-192-168-8-48.1680.2,qkv.lora_B,0
1768387453.9718783,243,7.625,0.07518583536148071,Grad/qkv.lora_B,outputs_dev/vitb16/T=vtab_Q=3bit_L=lora_2_qkv-fc1-proj-fc2/cifar/20260114184203_default_acc=53.50/tensorboard/Grad_qkv.lora_B_block_0/events.out.tfevents.1768387346.master-192-168-8-48.1680.2,qkv.lora_B,0
1768387454.393799,244,7.65625,0.08797263354063034,Grad/qkv.lora_B,outputs_dev/vitb16/T=vtab_Q=3bit_L=lora_2_qkv-fc1-proj-fc2/cifar/20260114184203_default_acc=53.50/tensorboard/Grad_qkv.lora_B_block_0/events.out.tfevents.1768387346.master-192-168-8-48.1680.2,qkv.lora_B,0
1768387454.8181233,245,7.6875,0.1290976107120514,Grad/qkv.lora_B,outputs_dev/vitb16/T=vtab_Q=3bit_L=lora_2_qkv-fc1-proj-fc2/cifar/20260114184203_default_acc=53.50/tensorboard/Grad_qkv.lora_B_block_0/events.out.tfevents.1768387346.master-192-168-8-48.1680.2,qkv.lora_B,0
1768387455.2580497,246,7.71875,0.09307650476694107,Grad/qkv.lora_B,outputs_dev/vitb16/T=vtab_Q=3bit_L=lora_2_qkv-fc1-proj-fc2/cifar/20260114184203_default_acc=53.50/tensorboard/Grad_qkv.lora_B_block_0/events.out.tfevents.1768387346.master-192-168-8-48.1680.2,qkv.lora_B,0
1768387455.680682,247,7.75,0.09750664234161377,Grad/qkv.lora_B,outputs_dev/vitb16/T=vtab_Q=3bit_L=lora_2_qkv-fc1-proj-fc2/cifar/20260114184203_default_acc=53.50/tensorboard/Grad_qkv.lora_B_block_0/events.out.tfevents.1768387346.master-192-168-8-48.1680.2,qkv.lora_B,0
1768387456.1017158,248,7.78125,0.0985717698931694,Grad/qkv.lora_B,outputs_dev/vitb16/T=vtab_Q=3bit_L=lora_2_qkv-fc1-proj-fc2/cifar/20260114184203_default_acc=53.50/tensorboard/Grad_qkv.lora_B_block_0/events.out.tfevents.1768387346.master-192-168-8-48.1680.2,qkv.lora_B,0
1768387456.5238495,249,7.8125,0.11429218202829361,Grad/qkv.lora_B,outputs_dev/vitb16/T=vtab_Q=3bit_L=lora_2_qkv-fc1-proj-fc2/cifar/20260114184203_default_acc=53.50/tensorboard/Grad_qkv.lora_B_block_0/events.out.tfevents.1768387346.master-192-168-8-48.1680.2,qkv.lora_B,0
1768387456.9479585,250,7.84375,0.12040319293737411,Grad/qkv.lora_B,outputs_dev/vitb16/T=vtab_Q=3bit_L=lora_2_qkv-fc1-proj-fc2/cifar/20260114184203_default_acc=53.50/tensorboard/Grad_qkv.lora_B_block_0/events.out.tfevents.1768387346.master-192-168-8-48.1680.2,qkv.lora_B,0
1768387457.3818917,251,7.875,0.09718620777130127,Grad/qkv.lora_B,outputs_dev/vitb16/T=vtab_Q=3bit_L=lora_2_qkv-fc1-proj-fc2/cifar/20260114184203_default_acc=53.50/tensorboard/Grad_qkv.lora_B_block_0/events.out.tfevents.1768387346.master-192-168-8-48.1680.2,qkv.lora_B,0
1768387457.800013,252,7.90625,0.10369771718978882,Grad/qkv.lora_B,outputs_dev/vitb16/T=vtab_Q=3bit_L=lora_2_qkv-fc1-proj-fc2/cifar/20260114184203_default_acc=53.50/tensorboard/Grad_qkv.lora_B_block_0/events.out.tfevents.1768387346.master-192-168-8-48.1680.2,qkv.lora_B,0
1768387458.234756,253,7.9375,0.1058780699968338,Grad/qkv.lora_B,outputs_dev/vitb16/T=vtab_Q=3bit_L=lora_2_qkv-fc1-proj-fc2/cifar/20260114184203_default_acc=53.50/tensorboard/Grad_qkv.lora_B_block_0/events.out.tfevents.1768387346.master-192-168-8-48.1680.2,qkv.lora_B,0
1768387458.6652133,254,7.96875,0.11241353303194046,Grad/qkv.lora_B,outputs_dev/vitb16/T=vtab_Q=3bit_L=lora_2_qkv-fc1-proj-fc2/cifar/20260114184203_default_acc=53.50/tensorboard/Grad_qkv.lora_B_block_0/events.out.tfevents.1768387346.master-192-168-8-48.1680.2,qkv.lora_B,0
1768387458.8706262,255,8.0,0.1429966241121292,Grad/qkv.lora_B,outputs_dev/vitb16/T=vtab_Q=3bit_L=lora_2_qkv-fc1-proj-fc2/cifar/20260114184203_default_acc=53.50/tensorboard/Grad_qkv.lora_B_block_0/events.out.tfevents.1768387346.master-192-168-8-48.1680.2,qkv.lora_B,0
1768387459.5318887,256,8.03125,0.09674067795276642,Grad/qkv.lora_B,outputs_dev/vitb16/T=vtab_Q=3bit_L=lora_2_qkv-fc1-proj-fc2/cifar/20260114184203_default_acc=53.50/tensorboard/Grad_qkv.lora_B_block_0/events.out.tfevents.1768387346.master-192-168-8-48.1680.2,qkv.lora_B,0
1768387459.9710748,257,8.0625,0.16378609836101532,Grad/qkv.lora_B,outputs_dev/vitb16/T=vtab_Q=3bit_L=lora_2_qkv-fc1-proj-fc2/cifar/20260114184203_default_acc=53.50/tensorboard/Grad_qkv.lora_B_block_0/events.out.tfevents.1768387346.master-192-168-8-48.1680.2,qkv.lora_B,0
1768387460.4010499,258,8.09375,0.09878595918416977,Grad/qkv.lora_B,outputs_dev/vitb16/T=vtab_Q=3bit_L=lora_2_qkv-fc1-proj-fc2/cifar/20260114184203_default_acc=53.50/tensorboard/Grad_qkv.lora_B_block_0/events.out.tfevents.1768387346.master-192-168-8-48.1680.2,qkv.lora_B,0
1768387460.82638,259,8.125,0.12404792010784149,Grad/qkv.lora_B,outputs_dev/vitb16/T=vtab_Q=3bit_L=lora_2_qkv-fc1-proj-fc2/cifar/20260114184203_default_acc=53.50/tensorboard/Grad_qkv.lora_B_block_0/events.out.tfevents.1768387346.master-192-168-8-48.1680.2,qkv.lora_B,0
1768387461.2686956,260,8.15625,0.114305280148983,Grad/qkv.lora_B,outputs_dev/vitb16/T=vtab_Q=3bit_L=lora_2_qkv-fc1-proj-fc2/cifar/20260114184203_default_acc=53.50/tensorboard/Grad_qkv.lora_B_block_0/events.out.tfevents.1768387346.master-192-168-8-48.1680.2,qkv.lora_B,0
1768387461.7104645,261,8.1875,0.1090003252029419,Grad/qkv.lora_B,outputs_dev/vitb16/T=vtab_Q=3bit_L=lora_2_qkv-fc1-proj-fc2/cifar/20260114184203_default_acc=53.50/tensorboard/Grad_qkv.lora_B_block_0/events.out.tfevents.1768387346.master-192-168-8-48.1680.2,qkv.lora_B,0
1768387462.1396756,262,8.21875,0.11413629353046417,Grad/qkv.lora_B,outputs_dev/vitb16/T=vtab_Q=3bit_L=lora_2_qkv-fc1-proj-fc2/cifar/20260114184203_default_acc=53.50/tensorboard/Grad_qkv.lora_B_block_0/events.out.tfevents.1768387346.master-192-168-8-48.1680.2,qkv.lora_B,0
1768387462.5660381,263,8.25,0.09320573508739471,Grad/qkv.lora_B,outputs_dev/vitb16/T=vtab_Q=3bit_L=lora_2_qkv-fc1-proj-fc2/cifar/20260114184203_default_acc=53.50/tensorboard/Grad_qkv.lora_B_block_0/events.out.tfevents.1768387346.master-192-168-8-48.1680.2,qkv.lora_B,0
1768387462.9916823,264,8.28125,0.1357705295085907,Grad/qkv.lora_B,outputs_dev/vitb16/T=vtab_Q=3bit_L=lora_2_qkv-fc1-proj-fc2/cifar/20260114184203_default_acc=53.50/tensorboard/Grad_qkv.lora_B_block_0/events.out.tfevents.1768387346.master-192-168-8-48.1680.2,qkv.lora_B,0
1768387463.434457,265,8.3125,0.11949319392442703,Grad/qkv.lora_B,outputs_dev/vitb16/T=vtab_Q=3bit_L=lora_2_qkv-fc1-proj-fc2/cifar/20260114184203_default_acc=53.50/tensorboard/Grad_qkv.lora_B_block_0/events.out.tfevents.1768387346.master-192-168-8-48.1680.2,qkv.lora_B,0
1768387463.8735247,266,8.34375,0.1240106001496315,Grad/qkv.lora_B,outputs_dev/vitb16/T=vtab_Q=3bit_L=lora_2_qkv-fc1-proj-fc2/cifar/20260114184203_default_acc=53.50/tensorboard/Grad_qkv.lora_B_block_0/events.out.tfevents.1768387346.master-192-168-8-48.1680.2,qkv.lora_B,0
1768387464.31272,267,8.375,0.12702201306819916,Grad/qkv.lora_B,outputs_dev/vitb16/T=vtab_Q=3bit_L=lora_2_qkv-fc1-proj-fc2/cifar/20260114184203_default_acc=53.50/tensorboard/Grad_qkv.lora_B_block_0/events.out.tfevents.1768387346.master-192-168-8-48.1680.2,qkv.lora_B,0
1768387464.7505422,268,8.40625,0.13710272312164307,Grad/qkv.lora_B,outputs_dev/vitb16/T=vtab_Q=3bit_L=lora_2_qkv-fc1-proj-fc2/cifar/20260114184203_default_acc=53.50/tensorboard/Grad_qkv.lora_B_block_0/events.out.tfevents.1768387346.master-192-168-8-48.1680.2,qkv.lora_B,0
1768387465.1752584,269,8.4375,0.11738218367099762,Grad/qkv.lora_B,outputs_dev/vitb16/T=vtab_Q=3bit_L=lora_2_qkv-fc1-proj-fc2/cifar/20260114184203_default_acc=53.50/tensorboard/Grad_qkv.lora_B_block_0/events.out.tfevents.1768387346.master-192-168-8-48.1680.2,qkv.lora_B,0
1768387465.6117153,270,8.46875,0.10575678199529648,Grad/qkv.lora_B,outputs_dev/vitb16/T=vtab_Q=3bit_L=lora_2_qkv-fc1-proj-fc2/cifar/20260114184203_default_acc=53.50/tensorboard/Grad_qkv.lora_B_block_0/events.out.tfevents.1768387346.master-192-168-8-48.1680.2,qkv.lora_B,0
1768387466.046733,271,8.5,0.10089299827814102,Grad/qkv.lora_B,outputs_dev/vitb16/T=vtab_Q=3bit_L=lora_2_qkv-fc1-proj-fc2/cifar/20260114184203_default_acc=53.50/tensorboard/Grad_qkv.lora_B_block_0/events.out.tfevents.1768387346.master-192-168-8-48.1680.2,qkv.lora_B,0
1768387466.4895618,272,8.53125,0.09838676452636719,Grad/qkv.lora_B,outputs_dev/vitb16/T=vtab_Q=3bit_L=lora_2_qkv-fc1-proj-fc2/cifar/20260114184203_default_acc=53.50/tensorboard/Grad_qkv.lora_B_block_0/events.out.tfevents.1768387346.master-192-168-8-48.1680.2,qkv.lora_B,0
1768387466.928509,273,8.5625,0.13122235238552094,Grad/qkv.lora_B,outputs_dev/vitb16/T=vtab_Q=3bit_L=lora_2_qkv-fc1-proj-fc2/cifar/20260114184203_default_acc=53.50/tensorboard/Grad_qkv.lora_B_block_0/events.out.tfevents.1768387346.master-192-168-8-48.1680.2,qkv.lora_B,0
1768387467.3658514,274,8.59375,0.11356651782989502,Grad/qkv.lora_B,outputs_dev/vitb16/T=vtab_Q=3bit_L=lora_2_qkv-fc1-proj-fc2/cifar/20260114184203_default_acc=53.50/tensorboard/Grad_qkv.lora_B_block_0/events.out.tfevents.1768387346.master-192-168-8-48.1680.2,qkv.lora_B,0
1768387467.800881,275,8.625,0.10469431430101395,Grad/qkv.lora_B,outputs_dev/vitb16/T=vtab_Q=3bit_L=lora_2_qkv-fc1-proj-fc2/cifar/20260114184203_default_acc=53.50/tensorboard/Grad_qkv.lora_B_block_0/events.out.tfevents.1768387346.master-192-168-8-48.1680.2,qkv.lora_B,0
1768387468.2257395,276,8.65625,0.14396367967128754,Grad/qkv.lora_B,outputs_dev/vitb16/T=vtab_Q=3bit_L=lora_2_qkv-fc1-proj-fc2/cifar/20260114184203_default_acc=53.50/tensorboard/Grad_qkv.lora_B_block_0/events.out.tfevents.1768387346.master-192-168-8-48.1680.2,qkv.lora_B,0
1768387468.662178,277,8.6875,0.1453074812889099,Grad/qkv.lora_B,outputs_dev/vitb16/T=vtab_Q=3bit_L=lora_2_qkv-fc1-proj-fc2/cifar/20260114184203_default_acc=53.50/tensorboard/Grad_qkv.lora_B_block_0/events.out.tfevents.1768387346.master-192-168-8-48.1680.2,qkv.lora_B,0
1768387469.1000705,278,8.71875,0.14617128670215607,Grad/qkv.lora_B,outputs_dev/vitb16/T=vtab_Q=3bit_L=lora_2_qkv-fc1-proj-fc2/cifar/20260114184203_default_acc=53.50/tensorboard/Grad_qkv.lora_B_block_0/events.out.tfevents.1768387346.master-192-168-8-48.1680.2,qkv.lora_B,0
1768387469.5289073,279,8.75,0.1079799011349678,Grad/qkv.lora_B,outputs_dev/vitb16/T=vtab_Q=3bit_L=lora_2_qkv-fc1-proj-fc2/cifar/20260114184203_default_acc=53.50/tensorboard/Grad_qkv.lora_B_block_0/events.out.tfevents.1768387346.master-192-168-8-48.1680.2,qkv.lora_B,0
1768387469.950874,280,8.78125,0.11271397769451141,Grad/qkv.lora_B,outputs_dev/vitb16/T=vtab_Q=3bit_L=lora_2_qkv-fc1-proj-fc2/cifar/20260114184203_default_acc=53.50/tensorboard/Grad_qkv.lora_B_block_0/events.out.tfevents.1768387346.master-192-168-8-48.1680.2,qkv.lora_B,0
1768387470.3901904,281,8.8125,0.09944887459278107,Grad/qkv.lora_B,outputs_dev/vitb16/T=vtab_Q=3bit_L=lora_2_qkv-fc1-proj-fc2/cifar/20260114184203_default_acc=53.50/tensorboard/Grad_qkv.lora_B_block_0/events.out.tfevents.1768387346.master-192-168-8-48.1680.2,qkv.lora_B,0
1768387470.826736,282,8.84375,0.1029818207025528,Grad/qkv.lora_B,outputs_dev/vitb16/T=vtab_Q=3bit_L=lora_2_qkv-fc1-proj-fc2/cifar/20260114184203_default_acc=53.50/tensorboard/Grad_qkv.lora_B_block_0/events.out.tfevents.1768387346.master-192-168-8-48.1680.2,qkv.lora_B,0
1768387471.2582564,283,8.875,0.12316766381263733,Grad/qkv.lora_B,outputs_dev/vitb16/T=vtab_Q=3bit_L=lora_2_qkv-fc1-proj-fc2/cifar/20260114184203_default_acc=53.50/tensorboard/Grad_qkv.lora_B_block_0/events.out.tfevents.1768387346.master-192-168-8-48.1680.2,qkv.lora_B,0
1768387471.693077,284,8.90625,0.5373643040657043,Grad/qkv.lora_B,outputs_dev/vitb16/T=vtab_Q=3bit_L=lora_2_qkv-fc1-proj-fc2/cifar/20260114184203_default_acc=53.50/tensorboard/Grad_qkv.lora_B_block_0/events.out.tfevents.1768387346.master-192-168-8-48.1680.2,qkv.lora_B,0
1768387472.1253443,285,8.9375,0.1046576276421547,Grad/qkv.lora_B,outputs_dev/vitb16/T=vtab_Q=3bit_L=lora_2_qkv-fc1-proj-fc2/cifar/20260114184203_default_acc=53.50/tensorboard/Grad_qkv.lora_B_block_0/events.out.tfevents.1768387346.master-192-168-8-48.1680.2,qkv.lora_B,0
1768387472.5460854,286,8.96875,0.17049910128116608,Grad/qkv.lora_B,outputs_dev/vitb16/T=vtab_Q=3bit_L=lora_2_qkv-fc1-proj-fc2/cifar/20260114184203_default_acc=53.50/tensorboard/Grad_qkv.lora_B_block_0/events.out.tfevents.1768387346.master-192-168-8-48.1680.2,qkv.lora_B,0
1768387472.769675,287,9.0,0.2249286025762558,Grad/qkv.lora_B,outputs_dev/vitb16/T=vtab_Q=3bit_L=lora_2_qkv-fc1-proj-fc2/cifar/20260114184203_default_acc=53.50/tensorboard/Grad_qkv.lora_B_block_0/events.out.tfevents.1768387346.master-192-168-8-48.1680.2,qkv.lora_B,0
1768387473.3923051,288,9.03125,0.11747021228075027,Grad/qkv.lora_B,outputs_dev/vitb16/T=vtab_Q=3bit_L=lora_2_qkv-fc1-proj-fc2/cifar/20260114184203_default_acc=53.50/tensorboard/Grad_qkv.lora_B_block_0/events.out.tfevents.1768387346.master-192-168-8-48.1680.2,qkv.lora_B,0
1768387473.8172345,289,9.0625,0.18329167366027832,Grad/qkv.lora_B,outputs_dev/vitb16/T=vtab_Q=3bit_L=lora_2_qkv-fc1-proj-fc2/cifar/20260114184203_default_acc=53.50/tensorboard/Grad_qkv.lora_B_block_0/events.out.tfevents.1768387346.master-192-168-8-48.1680.2,qkv.lora_B,0
1768387474.2592988,290,9.09375,0.11426863074302673,Grad/qkv.lora_B,outputs_dev/vitb16/T=vtab_Q=3bit_L=lora_2_qkv-fc1-proj-fc2/cifar/20260114184203_default_acc=53.50/tensorboard/Grad_qkv.lora_B_block_0/events.out.tfevents.1768387346.master-192-168-8-48.1680.2,qkv.lora_B,0
1768387474.6885364,291,9.125,0.18919122219085693,Grad/qkv.lora_B,outputs_dev/vitb16/T=vtab_Q=3bit_L=lora_2_qkv-fc1-proj-fc2/cifar/20260114184203_default_acc=53.50/tensorboard/Grad_qkv.lora_B_block_0/events.out.tfevents.1768387346.master-192-168-8-48.1680.2,qkv.lora_B,0
1768387475.1106865,292,9.15625,0.19359606504440308,Grad/qkv.lora_B,outputs_dev/vitb16/T=vtab_Q=3bit_L=lora_2_qkv-fc1-proj-fc2/cifar/20260114184203_default_acc=53.50/tensorboard/Grad_qkv.lora_B_block_0/events.out.tfevents.1768387346.master-192-168-8-48.1680.2,qkv.lora_B,0
1768387475.5323312,293,9.1875,0.12953321635723114,Grad/qkv.lora_B,outputs_dev/vitb16/T=vtab_Q=3bit_L=lora_2_qkv-fc1-proj-fc2/cifar/20260114184203_default_acc=53.50/tensorboard/Grad_qkv.lora_B_block_0/events.out.tfevents.1768387346.master-192-168-8-48.1680.2,qkv.lora_B,0
1768387475.9571555,294,9.21875,0.11178664118051529,Grad/qkv.lora_B,outputs_dev/vitb16/T=vtab_Q=3bit_L=lora_2_qkv-fc1-proj-fc2/cifar/20260114184203_default_acc=53.50/tensorboard/Grad_qkv.lora_B_block_0/events.out.tfevents.1768387346.master-192-168-8-48.1680.2,qkv.lora_B,0
1768387476.3945942,295,9.25,0.14331761002540588,Grad/qkv.lora_B,outputs_dev/vitb16/T=vtab_Q=3bit_L=lora_2_qkv-fc1-proj-fc2/cifar/20260114184203_default_acc=53.50/tensorboard/Grad_qkv.lora_B_block_0/events.out.tfevents.1768387346.master-192-168-8-48.1680.2,qkv.lora_B,0
1768387476.8327575,296,9.28125,0.175644189119339,Grad/qkv.lora_B,outputs_dev/vitb16/T=vtab_Q=3bit_L=lora_2_qkv-fc1-proj-fc2/cifar/20260114184203_default_acc=53.50/tensorboard/Grad_qkv.lora_B_block_0/events.out.tfevents.1768387346.master-192-168-8-48.1680.2,qkv.lora_B,0
1768387477.25756,297,9.3125,0.11674512922763824,Grad/qkv.lora_B,outputs_dev/vitb16/T=vtab_Q=3bit_L=lora_2_qkv-fc1-proj-fc2/cifar/20260114184203_default_acc=53.50/tensorboard/Grad_qkv.lora_B_block_0/events.out.tfevents.1768387346.master-192-168-8-48.1680.2,qkv.lora_B,0
1768387477.6975884,298,9.34375,0.14837071299552917,Grad/qkv.lora_B,outputs_dev/vitb16/T=vtab_Q=3bit_L=lora_2_qkv-fc1-proj-fc2/cifar/20260114184203_default_acc=53.50/tensorboard/Grad_qkv.lora_B_block_0/events.out.tfevents.1768387346.master-192-168-8-48.1680.2,qkv.lora_B,0
1768387478.124375,299,9.375,0.11366865038871765,Grad/qkv.lora_B,outputs_dev/vitb16/T=vtab_Q=3bit_L=lora_2_qkv-fc1-proj-fc2/cifar/20260114184203_default_acc=53.50/tensorboard/Grad_qkv.lora_B_block_0/events.out.tfevents.1768387346.master-192-168-8-48.1680.2,qkv.lora_B,0
1768387478.549705,300,9.40625,0.11659545451402664,Grad/qkv.lora_B,outputs_dev/vitb16/T=vtab_Q=3bit_L=lora_2_qkv-fc1-proj-fc2/cifar/20260114184203_default_acc=53.50/tensorboard/Grad_qkv.lora_B_block_0/events.out.tfevents.1768387346.master-192-168-8-48.1680.2,qkv.lora_B,0
1768387478.9752688,301,9.4375,0.16802948713302612,Grad/qkv.lora_B,outputs_dev/vitb16/T=vtab_Q=3bit_L=lora_2_qkv-fc1-proj-fc2/cifar/20260114184203_default_acc=53.50/tensorboard/Grad_qkv.lora_B_block_0/events.out.tfevents.1768387346.master-192-168-8-48.1680.2,qkv.lora_B,0
1768387479.4041762,302,9.46875,0.09768196940422058,Grad/qkv.lora_B,outputs_dev/vitb16/T=vtab_Q=3bit_L=lora_2_qkv-fc1-proj-fc2/cifar/20260114184203_default_acc=53.50/tensorboard/Grad_qkv.lora_B_block_0/events.out.tfevents.1768387346.master-192-168-8-48.1680.2,qkv.lora_B,0
1768387479.8430176,303,9.5,0.20866742730140686,Grad/qkv.lora_B,outputs_dev/vitb16/T=vtab_Q=3bit_L=lora_2_qkv-fc1-proj-fc2/cifar/20260114184203_default_acc=53.50/tensorboard/Grad_qkv.lora_B_block_0/events.out.tfevents.1768387346.master-192-168-8-48.1680.2,qkv.lora_B,0
1768387480.2799537,304,9.53125,0.13804124295711517,Grad/qkv.lora_B,outputs_dev/vitb16/T=vtab_Q=3bit_L=lora_2_qkv-fc1-proj-fc2/cifar/20260114184203_default_acc=53.50/tensorboard/Grad_qkv.lora_B_block_0/events.out.tfevents.1768387346.master-192-168-8-48.1680.2,qkv.lora_B,0
1768387480.7137034,305,9.5625,0.11856532841920853,Grad/qkv.lora_B,outputs_dev/vitb16/T=vtab_Q=3bit_L=lora_2_qkv-fc1-proj-fc2/cifar/20260114184203_default_acc=53.50/tensorboard/Grad_qkv.lora_B_block_0/events.out.tfevents.1768387346.master-192-168-8-48.1680.2,qkv.lora_B,0
1768387481.135732,306,9.59375,0.13843074440956116,Grad/qkv.lora_B,outputs_dev/vitb16/T=vtab_Q=3bit_L=lora_2_qkv-fc1-proj-fc2/cifar/20260114184203_default_acc=53.50/tensorboard/Grad_qkv.lora_B_block_0/events.out.tfevents.1768387346.master-192-168-8-48.1680.2,qkv.lora_B,0
1768387481.5558612,307,9.625,0.0951618179678917,Grad/qkv.lora_B,outputs_dev/vitb16/T=vtab_Q=3bit_L=lora_2_qkv-fc1-proj-fc2/cifar/20260114184203_default_acc=53.50/tensorboard/Grad_qkv.lora_B_block_0/events.out.tfevents.1768387346.master-192-168-8-48.1680.2,qkv.lora_B,0
1768387481.9930797,308,9.65625,0.15076380968093872,Grad/qkv.lora_B,outputs_dev/vitb16/T=vtab_Q=3bit_L=lora_2_qkv-fc1-proj-fc2/cifar/20260114184203_default_acc=53.50/tensorboard/Grad_qkv.lora_B_block_0/events.out.tfevents.1768387346.master-192-168-8-48.1680.2,qkv.lora_B,0
1768387482.4300804,309,9.6875,0.15530532598495483,Grad/qkv.lora_B,outputs_dev/vitb16/T=vtab_Q=3bit_L=lora_2_qkv-fc1-proj-fc2/cifar/20260114184203_default_acc=53.50/tensorboard/Grad_qkv.lora_B_block_0/events.out.tfevents.1768387346.master-192-168-8-48.1680.2,qkv.lora_B,0
1768387482.8663528,310,9.71875,0.14842922985553741,Grad/qkv.lora_B,outputs_dev/vitb16/T=vtab_Q=3bit_L=lora_2_qkv-fc1-proj-fc2/cifar/20260114184203_default_acc=53.50/tensorboard/Grad_qkv.lora_B_block_0/events.out.tfevents.1768387346.master-192-168-8-48.1680.2,qkv.lora_B,0
1768387483.2900178,311,9.75,0.15512855350971222,Grad/qkv.lora_B,outputs_dev/vitb16/T=vtab_Q=3bit_L=lora_2_qkv-fc1-proj-fc2/cifar/20260114184203_default_acc=53.50/tensorboard/Grad_qkv.lora_B_block_0/events.out.tfevents.1768387346.master-192-168-8-48.1680.2,qkv.lora_B,0
1768387483.7095828,312,9.78125,0.14024464786052704,Grad/qkv.lora_B,outputs_dev/vitb16/T=vtab_Q=3bit_L=lora_2_qkv-fc1-proj-fc2/cifar/20260114184203_default_acc=53.50/tensorboard/Grad_qkv.lora_B_block_0/events.out.tfevents.1768387346.master-192-168-8-48.1680.2,qkv.lora_B,0
1768387484.1310718,313,9.8125,0.22124582529067993,Grad/qkv.lora_B,outputs_dev/vitb16/T=vtab_Q=3bit_L=lora_2_qkv-fc1-proj-fc2/cifar/20260114184203_default_acc=53.50/tensorboard/Grad_qkv.lora_B_block_0/events.out.tfevents.1768387346.master-192-168-8-48.1680.2,qkv.lora_B,0
1768387484.5528786,314,9.84375,0.22596311569213867,Grad/qkv.lora_B,outputs_dev/vitb16/T=vtab_Q=3bit_L=lora_2_qkv-fc1-proj-fc2/cifar/20260114184203_default_acc=53.50/tensorboard/Grad_qkv.lora_B_block_0/events.out.tfevents.1768387346.master-192-168-8-48.1680.2,qkv.lora_B,0
1768387484.9825523,315,9.875,0.159579336643219,Grad/qkv.lora_B,outputs_dev/vitb16/T=vtab_Q=3bit_L=lora_2_qkv-fc1-proj-fc2/cifar/20260114184203_default_acc=53.50/tensorboard/Grad_qkv.lora_B_block_0/events.out.tfevents.1768387346.master-192-168-8-48.1680.2,qkv.lora_B,0
1768387485.4164402,316,9.90625,0.15832248330116272,Grad/qkv.lora_B,outputs_dev/vitb16/T=vtab_Q=3bit_L=lora_2_qkv-fc1-proj-fc2/cifar/20260114184203_default_acc=53.50/tensorboard/Grad_qkv.lora_B_block_0/events.out.tfevents.1768387346.master-192-168-8-48.1680.2,qkv.lora_B,0
1768387485.8372252,317,9.9375,0.15114639699459076,Grad/qkv.lora_B,outputs_dev/vitb16/T=vtab_Q=3bit_L=lora_2_qkv-fc1-proj-fc2/cifar/20260114184203_default_acc=53.50/tensorboard/Grad_qkv.lora_B_block_0/events.out.tfevents.1768387346.master-192-168-8-48.1680.2,qkv.lora_B,0
1768387486.2734544,318,9.96875,0.1821056455373764,Grad/qkv.lora_B,outputs_dev/vitb16/T=vtab_Q=3bit_L=lora_2_qkv-fc1-proj-fc2/cifar/20260114184203_default_acc=53.50/tensorboard/Grad_qkv.lora_B_block_0/events.out.tfevents.1768387346.master-192-168-8-48.1680.2,qkv.lora_B,0
1768387486.474023,319,10.0,0.2281654328107834,Grad/qkv.lora_B,outputs_dev/vitb16/T=vtab_Q=3bit_L=lora_2_qkv-fc1-proj-fc2/cifar/20260114184203_default_acc=53.50/tensorboard/Grad_qkv.lora_B_block_0/events.out.tfevents.1768387346.master-192-168-8-48.1680.2,qkv.lora_B,0
1768387487.1377904,320,10.03125,0.20281937718391418,Grad/qkv.lora_B,outputs_dev/vitb16/T=vtab_Q=3bit_L=lora_2_qkv-fc1-proj-fc2/cifar/20260114184203_default_acc=53.50/tensorboard/Grad_qkv.lora_B_block_0/events.out.tfevents.1768387346.master-192-168-8-48.1680.2,qkv.lora_B,0
1768387487.583555,321,10.0625,0.11054122447967529,Grad/qkv.lora_B,outputs_dev/vitb16/T=vtab_Q=3bit_L=lora_2_qkv-fc1-proj-fc2/cifar/20260114184203_default_acc=53.50/tensorboard/Grad_qkv.lora_B_block_0/events.out.tfevents.1768387346.master-192-168-8-48.1680.2,qkv.lora_B,0
1768387488.0141196,322,10.09375,0.15971186757087708,Grad/qkv.lora_B,outputs_dev/vitb16/T=vtab_Q=3bit_L=lora_2_qkv-fc1-proj-fc2/cifar/20260114184203_default_acc=53.50/tensorboard/Grad_qkv.lora_B_block_0/events.out.tfevents.1768387346.master-192-168-8-48.1680.2,qkv.lora_B,0
1768387488.4393044,323,10.125,0.13812610507011414,Grad/qkv.lora_B,outputs_dev/vitb16/T=vtab_Q=3bit_L=lora_2_qkv-fc1-proj-fc2/cifar/20260114184203_default_acc=53.50/tensorboard/Grad_qkv.lora_B_block_0/events.out.tfevents.1768387346.master-192-168-8-48.1680.2,qkv.lora_B,0
1768387488.8811502,324,10.15625,0.1643752008676529,Grad/qkv.lora_B,outputs_dev/vitb16/T=vtab_Q=3bit_L=lora_2_qkv-fc1-proj-fc2/cifar/20260114184203_default_acc=53.50/tensorboard/Grad_qkv.lora_B_block_0/events.out.tfevents.1768387346.master-192-168-8-48.1680.2,qkv.lora_B,0
1768387489.3014321,325,10.1875,0.1322053074836731,Grad/qkv.lora_B,outputs_dev/vitb16/T=vtab_Q=3bit_L=lora_2_qkv-fc1-proj-fc2/cifar/20260114184203_default_acc=53.50/tensorboard/Grad_qkv.lora_B_block_0/events.out.tfevents.1768387346.master-192-168-8-48.1680.2,qkv.lora_B,0
1768387489.722527,326,10.21875,0.19163763523101807,Grad/qkv.lora_B,outputs_dev/vitb16/T=vtab_Q=3bit_L=lora_2_qkv-fc1-proj-fc2/cifar/20260114184203_default_acc=53.50/tensorboard/Grad_qkv.lora_B_block_0/events.out.tfevents.1768387346.master-192-168-8-48.1680.2,qkv.lora_B,0
1768387490.1459444,327,10.25,0.19343774020671844,Grad/qkv.lora_B,outputs_dev/vitb16/T=vtab_Q=3bit_L=lora_2_qkv-fc1-proj-fc2/cifar/20260114184203_default_acc=53.50/tensorboard/Grad_qkv.lora_B_block_0/events.out.tfevents.1768387346.master-192-168-8-48.1680.2,qkv.lora_B,0
1768387490.6000984,328,10.28125,0.15331032872200012,Grad/qkv.lora_B,outputs_dev/vitb16/T=vtab_Q=3bit_L=lora_2_qkv-fc1-proj-fc2/cifar/20260114184203_default_acc=53.50/tensorboard/Grad_qkv.lora_B_block_0/events.out.tfevents.1768387346.master-192-168-8-48.1680.2,qkv.lora_B,0
1768387491.025986,329,10.3125,0.189682736992836,Grad/qkv.lora_B,outputs_dev/vitb16/T=vtab_Q=3bit_L=lora_2_qkv-fc1-proj-fc2/cifar/20260114184203_default_acc=53.50/tensorboard/Grad_qkv.lora_B_block_0/events.out.tfevents.1768387346.master-192-168-8-48.1680.2,qkv.lora_B,0
1768387491.449203,330,10.34375,0.19702570140361786,Grad/qkv.lora_B,outputs_dev/vitb16/T=vtab_Q=3bit_L=lora_2_qkv-fc1-proj-fc2/cifar/20260114184203_default_acc=53.50/tensorboard/Grad_qkv.lora_B_block_0/events.out.tfevents.1768387346.master-192-168-8-48.1680.2,qkv.lora_B,0
1768387491.8733606,331,10.375,0.22835798561573029,Grad/qkv.lora_B,outputs_dev/vitb16/T=vtab_Q=3bit_L=lora_2_qkv-fc1-proj-fc2/cifar/20260114184203_default_acc=53.50/tensorboard/Grad_qkv.lora_B_block_0/events.out.tfevents.1768387346.master-192-168-8-48.1680.2,qkv.lora_B,0
1768387492.2971585,332,10.40625,0.18153603374958038,Grad/qkv.lora_B,outputs_dev/vitb16/T=vtab_Q=3bit_L=lora_2_qkv-fc1-proj-fc2/cifar/20260114184203_default_acc=53.50/tensorboard/Grad_qkv.lora_B_block_0/events.out.tfevents.1768387346.master-192-168-8-48.1680.2,qkv.lora_B,0
1768387492.7205331,333,10.4375,0.19261150062084198,Grad/qkv.lora_B,outputs_dev/vitb16/T=vtab_Q=3bit_L=lora_2_qkv-fc1-proj-fc2/cifar/20260114184203_default_acc=53.50/tensorboard/Grad_qkv.lora_B_block_0/events.out.tfevents.1768387346.master-192-168-8-48.1680.2,qkv.lora_B,0
1768387493.1416981,334,10.46875,0.15489868819713593,Grad/qkv.lora_B,outputs_dev/vitb16/T=vtab_Q=3bit_L=lora_2_qkv-fc1-proj-fc2/cifar/20260114184203_default_acc=53.50/tensorboard/Grad_qkv.lora_B_block_0/events.out.tfevents.1768387346.master-192-168-8-48.1680.2,qkv.lora_B,0
1768387493.563909,335,10.5,0.15344524383544922,Grad/qkv.lora_B,outputs_dev/vitb16/T=vtab_Q=3bit_L=lora_2_qkv-fc1-proj-fc2/cifar/20260114184203_default_acc=53.50/tensorboard/Grad_qkv.lora_B_block_0/events.out.tfevents.1768387346.master-192-168-8-48.1680.2,qkv.lora_B,0
1768387493.990766,336,10.53125,0.14599665999412537,Grad/qkv.lora_B,outputs_dev/vitb16/T=vtab_Q=3bit_L=lora_2_qkv-fc1-proj-fc2/cifar/20260114184203_default_acc=53.50/tensorboard/Grad_qkv.lora_B_block_0/events.out.tfevents.1768387346.master-192-168-8-48.1680.2,qkv.lora_B,0
1768387494.424794,337,10.5625,0.2195269912481308,Grad/qkv.lora_B,outputs_dev/vitb16/T=vtab_Q=3bit_L=lora_2_qkv-fc1-proj-fc2/cifar/20260114184203_default_acc=53.50/tensorboard/Grad_qkv.lora_B_block_0/events.out.tfevents.1768387346.master-192-168-8-48.1680.2,qkv.lora_B,0
1768387494.8472464,338,10.59375,0.16076761484146118,Grad/qkv.lora_B,outputs_dev/vitb16/T=vtab_Q=3bit_L=lora_2_qkv-fc1-proj-fc2/cifar/20260114184203_default_acc=53.50/tensorboard/Grad_qkv.lora_B_block_0/events.out.tfevents.1768387346.master-192-168-8-48.1680.2,qkv.lora_B,0
1768387495.2848125,339,10.625,0.1493232399225235,Grad/qkv.lora_B,outputs_dev/vitb16/T=vtab_Q=3bit_L=lora_2_qkv-fc1-proj-fc2/cifar/20260114184203_default_acc=53.50/tensorboard/Grad_qkv.lora_B_block_0/events.out.tfevents.1768387346.master-192-168-8-48.1680.2,qkv.lora_B,0
1768387495.7128046,340,10.65625,0.14534547924995422,Grad/qkv.lora_B,outputs_dev/vitb16/T=vtab_Q=3bit_L=lora_2_qkv-fc1-proj-fc2/cifar/20260114184203_default_acc=53.50/tensorboard/Grad_qkv.lora_B_block_0/events.out.tfevents.1768387346.master-192-168-8-48.1680.2,qkv.lora_B,0
1768387496.1495976,341,10.6875,0.1605026125907898,Grad/qkv.lora_B,outputs_dev/vitb16/T=vtab_Q=3bit_L=lora_2_qkv-fc1-proj-fc2/cifar/20260114184203_default_acc=53.50/tensorboard/Grad_qkv.lora_B_block_0/events.out.tfevents.1768387346.master-192-168-8-48.1680.2,qkv.lora_B,0
1768387496.5854952,342,10.71875,0.22825978696346283,Grad/qkv.lora_B,outputs_dev/vitb16/T=vtab_Q=3bit_L=lora_2_qkv-fc1-proj-fc2/cifar/20260114184203_default_acc=53.50/tensorboard/Grad_qkv.lora_B_block_0/events.out.tfevents.1768387346.master-192-168-8-48.1680.2,qkv.lora_B,0
1768387497.0082936,343,10.75,0.17420068383216858,Grad/qkv.lora_B,outputs_dev/vitb16/T=vtab_Q=3bit_L=lora_2_qkv-fc1-proj-fc2/cifar/20260114184203_default_acc=53.50/tensorboard/Grad_qkv.lora_B_block_0/events.out.tfevents.1768387346.master-192-168-8-48.1680.2,qkv.lora_B,0
1768387497.4463232,344,10.78125,0.11228284984827042,Grad/qkv.lora_B,outputs_dev/vitb16/T=vtab_Q=3bit_L=lora_2_qkv-fc1-proj-fc2/cifar/20260114184203_default_acc=53.50/tensorboard/Grad_qkv.lora_B_block_0/events.out.tfevents.1768387346.master-192-168-8-48.1680.2,qkv.lora_B,0
1768387497.870491,345,10.8125,0.11434810608625412,Grad/qkv.lora_B,outputs_dev/vitb16/T=vtab_Q=3bit_L=lora_2_qkv-fc1-proj-fc2/cifar/20260114184203_default_acc=53.50/tensorboard/Grad_qkv.lora_B_block_0/events.out.tfevents.1768387346.master-192-168-8-48.1680.2,qkv.lora_B,0
1768387498.295707,346,10.84375,0.13408887386322021,Grad/qkv.lora_B,outputs_dev/vitb16/T=vtab_Q=3bit_L=lora_2_qkv-fc1-proj-fc2/cifar/20260114184203_default_acc=53.50/tensorboard/Grad_qkv.lora_B_block_0/events.out.tfevents.1768387346.master-192-168-8-48.1680.2,qkv.lora_B,0
1768387498.7196677,347,10.875,0.23383451998233795,Grad/qkv.lora_B,outputs_dev/vitb16/T=vtab_Q=3bit_L=lora_2_qkv-fc1-proj-fc2/cifar/20260114184203_default_acc=53.50/tensorboard/Grad_qkv.lora_B_block_0/events.out.tfevents.1768387346.master-192-168-8-48.1680.2,qkv.lora_B,0
1768387499.1431239,348,10.90625,0.13645900785923004,Grad/qkv.lora_B,outputs_dev/vitb16/T=vtab_Q=3bit_L=lora_2_qkv-fc1-proj-fc2/cifar/20260114184203_default_acc=53.50/tensorboard/Grad_qkv.lora_B_block_0/events.out.tfevents.1768387346.master-192-168-8-48.1680.2,qkv.lora_B,0
1768387499.5642257,349,10.9375,0.17850826680660248,Grad/qkv.lora_B,outputs_dev/vitb16/T=vtab_Q=3bit_L=lora_2_qkv-fc1-proj-fc2/cifar/20260114184203_default_acc=53.50/tensorboard/Grad_qkv.lora_B_block_0/events.out.tfevents.1768387346.master-192-168-8-48.1680.2,qkv.lora_B,0
1768387499.9892092,350,10.96875,0.2446817010641098,Grad/qkv.lora_B,outputs_dev/vitb16/T=vtab_Q=3bit_L=lora_2_qkv-fc1-proj-fc2/cifar/20260114184203_default_acc=53.50/tensorboard/Grad_qkv.lora_B_block_0/events.out.tfevents.1768387346.master-192-168-8-48.1680.2,qkv.lora_B,0
1768387500.2139847,351,11.0,0.5347042083740234,Grad/qkv.lora_B,outputs_dev/vitb16/T=vtab_Q=3bit_L=lora_2_qkv-fc1-proj-fc2/cifar/20260114184203_default_acc=53.50/tensorboard/Grad_qkv.lora_B_block_0/events.out.tfevents.1768387346.master-192-168-8-48.1680.2,qkv.lora_B,0
1768387617.6231878,352,11.03125,0.2104780524969101,Grad/qkv.lora_B,outputs_dev/vitb16/T=vtab_Q=3bit_L=lora_2_qkv-fc1-proj-fc2/cifar/20260114184203_default_acc=53.50/tensorboard/Grad_qkv.lora_B_block_0/events.out.tfevents.1768387346.master-192-168-8-48.1680.2,qkv.lora_B,0
1768387618.0525782,353,11.0625,0.16813763976097107,Grad/qkv.lora_B,outputs_dev/vitb16/T=vtab_Q=3bit_L=lora_2_qkv-fc1-proj-fc2/cifar/20260114184203_default_acc=53.50/tensorboard/Grad_qkv.lora_B_block_0/events.out.tfevents.1768387346.master-192-168-8-48.1680.2,qkv.lora_B,0
1768387618.4902706,354,11.09375,0.16160209476947784,Grad/qkv.lora_B,outputs_dev/vitb16/T=vtab_Q=3bit_L=lora_2_qkv-fc1-proj-fc2/cifar/20260114184203_default_acc=53.50/tensorboard/Grad_qkv.lora_B_block_0/events.out.tfevents.1768387346.master-192-168-8-48.1680.2,qkv.lora_B,0
1768387618.9460213,355,11.125,0.15835271775722504,Grad/qkv.lora_B,outputs_dev/vitb16/T=vtab_Q=3bit_L=lora_2_qkv-fc1-proj-fc2/cifar/20260114184203_default_acc=53.50/tensorboard/Grad_qkv.lora_B_block_0/events.out.tfevents.1768387346.master-192-168-8-48.1680.2,qkv.lora_B,0
1768387619.3897333,356,11.15625,0.20722922682762146,Grad/qkv.lora_B,outputs_dev/vitb16/T=vtab_Q=3bit_L=lora_2_qkv-fc1-proj-fc2/cifar/20260114184203_default_acc=53.50/tensorboard/Grad_qkv.lora_B_block_0/events.out.tfevents.1768387346.master-192-168-8-48.1680.2,qkv.lora_B,0
1768387619.8257127,357,11.1875,0.17310364544391632,Grad/qkv.lora_B,outputs_dev/vitb16/T=vtab_Q=3bit_L=lora_2_qkv-fc1-proj-fc2/cifar/20260114184203_default_acc=53.50/tensorboard/Grad_qkv.lora_B_block_0/events.out.tfevents.1768387346.master-192-168-8-48.1680.2,qkv.lora_B,0
1768387620.2593622,358,11.21875,0.1948375701904297,Grad/qkv.lora_B,outputs_dev/vitb16/T=vtab_Q=3bit_L=lora_2_qkv-fc1-proj-fc2/cifar/20260114184203_default_acc=53.50/tensorboard/Grad_qkv.lora_B_block_0/events.out.tfevents.1768387346.master-192-168-8-48.1680.2,qkv.lora_B,0
1768387620.6840544,359,11.25,0.1720406711101532,Grad/qkv.lora_B,outputs_dev/vitb16/T=vtab_Q=3bit_L=lora_2_qkv-fc1-proj-fc2/cifar/20260114184203_default_acc=53.50/tensorboard/Grad_qkv.lora_B_block_0/events.out.tfevents.1768387346.master-192-168-8-48.1680.2,qkv.lora_B,0
1768387621.111042,360,11.28125,0.1677921563386917,Grad/qkv.lora_B,outputs_dev/vitb16/T=vtab_Q=3bit_L=lora_2_qkv-fc1-proj-fc2/cifar/20260114184203_default_acc=53.50/tensorboard/Grad_qkv.lora_B_block_0/events.out.tfevents.1768387346.master-192-168-8-48.1680.2,qkv.lora_B,0
1768387621.5382643,361,11.3125,0.18084919452667236,Grad/qkv.lora_B,outputs_dev/vitb16/T=vtab_Q=3bit_L=lora_2_qkv-fc1-proj-fc2/cifar/20260114184203_default_acc=53.50/tensorboard/Grad_qkv.lora_B_block_0/events.out.tfevents.1768387346.master-192-168-8-48.1680.2,qkv.lora_B,0
1768387621.9805148,362,11.34375,0.18411991000175476,Grad/qkv.lora_B,outputs_dev/vitb16/T=vtab_Q=3bit_L=lora_2_qkv-fc1-proj-fc2/cifar/20260114184203_default_acc=53.50/tensorboard/Grad_qkv.lora_B_block_0/events.out.tfevents.1768387346.master-192-168-8-48.1680.2,qkv.lora_B,0
1768387622.4062376,363,11.375,0.21674351394176483,Grad/qkv.lora_B,outputs_dev/vitb16/T=vtab_Q=3bit_L=lora_2_qkv-fc1-proj-fc2/cifar/20260114184203_default_acc=53.50/tensorboard/Grad_qkv.lora_B_block_0/events.out.tfevents.1768387346.master-192-168-8-48.1680.2,qkv.lora_B,0
1768387622.8287466,364,11.40625,0.3033224642276764,Grad/qkv.lora_B,outputs_dev/vitb16/T=vtab_Q=3bit_L=lora_2_qkv-fc1-proj-fc2/cifar/20260114184203_default_acc=53.50/tensorboard/Grad_qkv.lora_B_block_0/events.out.tfevents.1768387346.master-192-168-8-48.1680.2,qkv.lora_B,0
1768387623.2510772,365,11.4375,0.17305317521095276,Grad/qkv.lora_B,outputs_dev/vitb16/T=vtab_Q=3bit_L=lora_2_qkv-fc1-proj-fc2/cifar/20260114184203_default_acc=53.50/tensorboard/Grad_qkv.lora_B_block_0/events.out.tfevents.1768387346.master-192-168-8-48.1680.2,qkv.lora_B,0
1768387623.6747625,366,11.46875,0.18128785490989685,Grad/qkv.lora_B,outputs_dev/vitb16/T=vtab_Q=3bit_L=lora_2_qkv-fc1-proj-fc2/cifar/20260114184203_default_acc=53.50/tensorboard/Grad_qkv.lora_B_block_0/events.out.tfevents.1768387346.master-192-168-8-48.1680.2,qkv.lora_B,0
1768387624.1079497,367,11.5,0.3264506161212921,Grad/qkv.lora_B,outputs_dev/vitb16/T=vtab_Q=3bit_L=lora_2_qkv-fc1-proj-fc2/cifar/20260114184203_default_acc=53.50/tensorboard/Grad_qkv.lora_B_block_0/events.out.tfevents.1768387346.master-192-168-8-48.1680.2,qkv.lora_B,0
1768387624.5476668,368,11.53125,0.15621280670166016,Grad/qkv.lora_B,outputs_dev/vitb16/T=vtab_Q=3bit_L=lora_2_qkv-fc1-proj-fc2/cifar/20260114184203_default_acc=53.50/tensorboard/Grad_qkv.lora_B_block_0/events.out.tfevents.1768387346.master-192-168-8-48.1680.2,qkv.lora_B,0
1768387624.9822817,369,11.5625,0.24885480105876923,Grad/qkv.lora_B,outputs_dev/vitb16/T=vtab_Q=3bit_L=lora_2_qkv-fc1-proj-fc2/cifar/20260114184203_default_acc=53.50/tensorboard/Grad_qkv.lora_B_block_0/events.out.tfevents.1768387346.master-192-168-8-48.1680.2,qkv.lora_B,0
1768387625.4031096,370,11.59375,0.1340995579957962,Grad/qkv.lora_B,outputs_dev/vitb16/T=vtab_Q=3bit_L=lora_2_qkv-fc1-proj-fc2/cifar/20260114184203_default_acc=53.50/tensorboard/Grad_qkv.lora_B_block_0/events.out.tfevents.1768387346.master-192-168-8-48.1680.2,qkv.lora_B,0
1768387625.8392377,371,11.625,0.17841729521751404,Grad/qkv.lora_B,outputs_dev/vitb16/T=vtab_Q=3bit_L=lora_2_qkv-fc1-proj-fc2/cifar/20260114184203_default_acc=53.50/tensorboard/Grad_qkv.lora_B_block_0/events.out.tfevents.1768387346.master-192-168-8-48.1680.2,qkv.lora_B,0
1768387626.2730975,372,11.65625,0.22351311147212982,Grad/qkv.lora_B,outputs_dev/vitb16/T=vtab_Q=3bit_L=lora_2_qkv-fc1-proj-fc2/cifar/20260114184203_default_acc=53.50/tensorboard/Grad_qkv.lora_B_block_0/events.out.tfevents.1768387346.master-192-168-8-48.1680.2,qkv.lora_B,0
1768387626.710321,373,11.6875,0.17834192514419556,Grad/qkv.lora_B,outputs_dev/vitb16/T=vtab_Q=3bit_L=lora_2_qkv-fc1-proj-fc2/cifar/20260114184203_default_acc=53.50/tensorboard/Grad_qkv.lora_B_block_0/events.out.tfevents.1768387346.master-192-168-8-48.1680.2,qkv.lora_B,0
1768387627.1317203,374,11.71875,0.1590718924999237,Grad/qkv.lora_B,outputs_dev/vitb16/T=vtab_Q=3bit_L=lora_2_qkv-fc1-proj-fc2/cifar/20260114184203_default_acc=53.50/tensorboard/Grad_qkv.lora_B_block_0/events.out.tfevents.1768387346.master-192-168-8-48.1680.2,qkv.lora_B,0
1768387627.5533047,375,11.75,0.19948694109916687,Grad/qkv.lora_B,outputs_dev/vitb16/T=vtab_Q=3bit_L=lora_2_qkv-fc1-proj-fc2/cifar/20260114184203_default_acc=53.50/tensorboard/Grad_qkv.lora_B_block_0/events.out.tfevents.1768387346.master-192-168-8-48.1680.2,qkv.lora_B,0
1768387627.9750698,376,11.78125,0.22068683803081512,Grad/qkv.lora_B,outputs_dev/vitb16/T=vtab_Q=3bit_L=lora_2_qkv-fc1-proj-fc2/cifar/20260114184203_default_acc=53.50/tensorboard/Grad_qkv.lora_B_block_0/events.out.tfevents.1768387346.master-192-168-8-48.1680.2,qkv.lora_B,0
1768387628.396087,377,11.8125,0.20278042554855347,Grad/qkv.lora_B,outputs_dev/vitb16/T=vtab_Q=3bit_L=lora_2_qkv-fc1-proj-fc2/cifar/20260114184203_default_acc=53.50/tensorboard/Grad_qkv.lora_B_block_0/events.out.tfevents.1768387346.master-192-168-8-48.1680.2,qkv.lora_B,0
1768387628.8320558,378,11.84375,0.21153569221496582,Grad/qkv.lora_B,outputs_dev/vitb16/T=vtab_Q=3bit_L=lora_2_qkv-fc1-proj-fc2/cifar/20260114184203_default_acc=53.50/tensorboard/Grad_qkv.lora_B_block_0/events.out.tfevents.1768387346.master-192-168-8-48.1680.2,qkv.lora_B,0
1768387629.249124,379,11.875,0.16662967205047607,Grad/qkv.lora_B,outputs_dev/vitb16/T=vtab_Q=3bit_L=lora_2_qkv-fc1-proj-fc2/cifar/20260114184203_default_acc=53.50/tensorboard/Grad_qkv.lora_B_block_0/events.out.tfevents.1768387346.master-192-168-8-48.1680.2,qkv.lora_B,0
1768387629.6875098,380,11.90625,0.17531941831111908,Grad/qkv.lora_B,outputs_dev/vitb16/T=vtab_Q=3bit_L=lora_2_qkv-fc1-proj-fc2/cifar/20260114184203_default_acc=53.50/tensorboard/Grad_qkv.lora_B_block_0/events.out.tfevents.1768387346.master-192-168-8-48.1680.2,qkv.lora_B,0
1768387630.1230326,381,11.9375,0.22335456311702728,Grad/qkv.lora_B,outputs_dev/vitb16/T=vtab_Q=3bit_L=lora_2_qkv-fc1-proj-fc2/cifar/20260114184203_default_acc=53.50/tensorboard/Grad_qkv.lora_B_block_0/events.out.tfevents.1768387346.master-192-168-8-48.1680.2,qkv.lora_B,0
1768387630.5611029,382,11.96875,0.18640272319316864,Grad/qkv.lora_B,outputs_dev/vitb16/T=vtab_Q=3bit_L=lora_2_qkv-fc1-proj-fc2/cifar/20260114184203_default_acc=53.50/tensorboard/Grad_qkv.lora_B_block_0/events.out.tfevents.1768387346.master-192-168-8-48.1680.2,qkv.lora_B,0
1768387630.783527,383,12.0,0.47642794251441956,Grad/qkv.lora_B,outputs_dev/vitb16/T=vtab_Q=3bit_L=lora_2_qkv-fc1-proj-fc2/cifar/20260114184203_default_acc=53.50/tensorboard/Grad_qkv.lora_B_block_0/events.out.tfevents.1768387346.master-192-168-8-48.1680.2,qkv.lora_B,0
1768387631.499322,384,12.03125,0.3082626461982727,Grad/qkv.lora_B,outputs_dev/vitb16/T=vtab_Q=3bit_L=lora_2_qkv-fc1-proj-fc2/cifar/20260114184203_default_acc=53.50/tensorboard/Grad_qkv.lora_B_block_0/events.out.tfevents.1768387346.master-192-168-8-48.1680.2,qkv.lora_B,0
1768387631.9471138,385,12.0625,0.19039005041122437,Grad/qkv.lora_B,outputs_dev/vitb16/T=vtab_Q=3bit_L=lora_2_qkv-fc1-proj-fc2/cifar/20260114184203_default_acc=53.50/tensorboard/Grad_qkv.lora_B_block_0/events.out.tfevents.1768387346.master-192-168-8-48.1680.2,qkv.lora_B,0
1768387632.377904,386,12.09375,0.39718499779701233,Grad/qkv.lora_B,outputs_dev/vitb16/T=vtab_Q=3bit_L=lora_2_qkv-fc1-proj-fc2/cifar/20260114184203_default_acc=53.50/tensorboard/Grad_qkv.lora_B_block_0/events.out.tfevents.1768387346.master-192-168-8-48.1680.2,qkv.lora_B,0
1768387632.8030238,387,12.125,0.32790014147758484,Grad/qkv.lora_B,outputs_dev/vitb16/T=vtab_Q=3bit_L=lora_2_qkv-fc1-proj-fc2/cifar/20260114184203_default_acc=53.50/tensorboard/Grad_qkv.lora_B_block_0/events.out.tfevents.1768387346.master-192-168-8-48.1680.2,qkv.lora_B,0
1768387633.2254043,388,12.15625,0.6290019154548645,Grad/qkv.lora_B,outputs_dev/vitb16/T=vtab_Q=3bit_L=lora_2_qkv-fc1-proj-fc2/cifar/20260114184203_default_acc=53.50/tensorboard/Grad_qkv.lora_B_block_0/events.out.tfevents.1768387346.master-192-168-8-48.1680.2,qkv.lora_B,0
1768387633.6703446,389,12.1875,0.1926756501197815,Grad/qkv.lora_B,outputs_dev/vitb16/T=vtab_Q=3bit_L=lora_2_qkv-fc1-proj-fc2/cifar/20260114184203_default_acc=53.50/tensorboard/Grad_qkv.lora_B_block_0/events.out.tfevents.1768387346.master-192-168-8-48.1680.2,qkv.lora_B,0
1768387634.1077313,390,12.21875,0.229246586561203,Grad/qkv.lora_B,outputs_dev/vitb16/T=vtab_Q=3bit_L=lora_2_qkv-fc1-proj-fc2/cifar/20260114184203_default_acc=53.50/tensorboard/Grad_qkv.lora_B_block_0/events.out.tfevents.1768387346.master-192-168-8-48.1680.2,qkv.lora_B,0
1768387634.532601,391,12.25,0.132442906498909,Grad/qkv.lora_B,outputs_dev/vitb16/T=vtab_Q=3bit_L=lora_2_qkv-fc1-proj-fc2/cifar/20260114184203_default_acc=53.50/tensorboard/Grad_qkv.lora_B_block_0/events.out.tfevents.1768387346.master-192-168-8-48.1680.2,qkv.lora_B,0
1768387634.9542456,392,12.28125,0.20245270431041718,Grad/qkv.lora_B,outputs_dev/vitb16/T=vtab_Q=3bit_L=lora_2_qkv-fc1-proj-fc2/cifar/20260114184203_default_acc=53.50/tensorboard/Grad_qkv.lora_B_block_0/events.out.tfevents.1768387346.master-192-168-8-48.1680.2,qkv.lora_B,0
1768387635.3888414,393,12.3125,0.4091593325138092,Grad/qkv.lora_B,outputs_dev/vitb16/T=vtab_Q=3bit_L=lora_2_qkv-fc1-proj-fc2/cifar/20260114184203_default_acc=53.50/tensorboard/Grad_qkv.lora_B_block_0/events.out.tfevents.1768387346.master-192-168-8-48.1680.2,qkv.lora_B,0
1768387635.8240864,394,12.34375,0.16880692541599274,Grad/qkv.lora_B,outputs_dev/vitb16/T=vtab_Q=3bit_L=lora_2_qkv-fc1-proj-fc2/cifar/20260114184203_default_acc=53.50/tensorboard/Grad_qkv.lora_B_block_0/events.out.tfevents.1768387346.master-192-168-8-48.1680.2,qkv.lora_B,0
1768387636.2601619,395,12.375,0.18566963076591492,Grad/qkv.lora_B,outputs_dev/vitb16/T=vtab_Q=3bit_L=lora_2_qkv-fc1-proj-fc2/cifar/20260114184203_default_acc=53.50/tensorboard/Grad_qkv.lora_B_block_0/events.out.tfevents.1768387346.master-192-168-8-48.1680.2,qkv.lora_B,0
1768387636.6822035,396,12.40625,0.257109671831131,Grad/qkv.lora_B,outputs_dev/vitb16/T=vtab_Q=3bit_L=lora_2_qkv-fc1-proj-fc2/cifar/20260114184203_default_acc=53.50/tensorboard/Grad_qkv.lora_B_block_0/events.out.tfevents.1768387346.master-192-168-8-48.1680.2,qkv.lora_B,0
1768387637.103683,397,12.4375,0.24990728497505188,Grad/qkv.lora_B,outputs_dev/vitb16/T=vtab_Q=3bit_L=lora_2_qkv-fc1-proj-fc2/cifar/20260114184203_default_acc=53.50/tensorboard/Grad_qkv.lora_B_block_0/events.out.tfevents.1768387346.master-192-168-8-48.1680.2,qkv.lora_B,0
1768387637.5412061,398,12.46875,0.20789092779159546,Grad/qkv.lora_B,outputs_dev/vitb16/T=vtab_Q=3bit_L=lora_2_qkv-fc1-proj-fc2/cifar/20260114184203_default_acc=53.50/tensorboard/Grad_qkv.lora_B_block_0/events.out.tfevents.1768387346.master-192-168-8-48.1680.2,qkv.lora_B,0
1768387637.9787283,399,12.5,0.18933196365833282,Grad/qkv.lora_B,outputs_dev/vitb16/T=vtab_Q=3bit_L=lora_2_qkv-fc1-proj-fc2/cifar/20260114184203_default_acc=53.50/tensorboard/Grad_qkv.lora_B_block_0/events.out.tfevents.1768387346.master-192-168-8-48.1680.2,qkv.lora_B,0
1768387638.4124477,400,12.53125,0.1876688152551651,Grad/qkv.lora_B,outputs_dev/vitb16/T=vtab_Q=3bit_L=lora_2_qkv-fc1-proj-fc2/cifar/20260114184203_default_acc=53.50/tensorboard/Grad_qkv.lora_B_block_0/events.out.tfevents.1768387346.master-192-168-8-48.1680.2,qkv.lora_B,0
1768387638.8456721,401,12.5625,0.1366354078054428,Grad/qkv.lora_B,outputs_dev/vitb16/T=vtab_Q=3bit_L=lora_2_qkv-fc1-proj-fc2/cifar/20260114184203_default_acc=53.50/tensorboard/Grad_qkv.lora_B_block_0/events.out.tfevents.1768387346.master-192-168-8-48.1680.2,qkv.lora_B,0
1768387639.267477,402,12.59375,0.17078451812267303,Grad/qkv.lora_B,outputs_dev/vitb16/T=vtab_Q=3bit_L=lora_2_qkv-fc1-proj-fc2/cifar/20260114184203_default_acc=53.50/tensorboard/Grad_qkv.lora_B_block_0/events.out.tfevents.1768387346.master-192-168-8-48.1680.2,qkv.lora_B,0
1768387639.707652,403,12.625,0.1909482628107071,Grad/qkv.lora_B,outputs_dev/vitb16/T=vtab_Q=3bit_L=lora_2_qkv-fc1-proj-fc2/cifar/20260114184203_default_acc=53.50/tensorboard/Grad_qkv.lora_B_block_0/events.out.tfevents.1768387346.master-192-168-8-48.1680.2,qkv.lora_B,0
1768387640.1451697,404,12.65625,0.28906577825546265,Grad/qkv.lora_B,outputs_dev/vitb16/T=vtab_Q=3bit_L=lora_2_qkv-fc1-proj-fc2/cifar/20260114184203_default_acc=53.50/tensorboard/Grad_qkv.lora_B_block_0/events.out.tfevents.1768387346.master-192-168-8-48.1680.2,qkv.lora_B,0
1768387640.5802476,405,12.6875,0.22691145539283752,Grad/qkv.lora_B,outputs_dev/vitb16/T=vtab_Q=3bit_L=lora_2_qkv-fc1-proj-fc2/cifar/20260114184203_default_acc=53.50/tensorboard/Grad_qkv.lora_B_block_0/events.out.tfevents.1768387346.master-192-168-8-48.1680.2,qkv.lora_B,0
1768387641.0246024,406,12.71875,0.2633354961872101,Grad/qkv.lora_B,outputs_dev/vitb16/T=vtab_Q=3bit_L=lora_2_qkv-fc1-proj-fc2/cifar/20260114184203_default_acc=53.50/tensorboard/Grad_qkv.lora_B_block_0/events.out.tfevents.1768387346.master-192-168-8-48.1680.2,qkv.lora_B,0
1768387641.45971,407,12.75,0.21512101590633392,Grad/qkv.lora_B,outputs_dev/vitb16/T=vtab_Q=3bit_L=lora_2_qkv-fc1-proj-fc2/cifar/20260114184203_default_acc=53.50/tensorboard/Grad_qkv.lora_B_block_0/events.out.tfevents.1768387346.master-192-168-8-48.1680.2,qkv.lora_B,0
1768387641.893837,408,12.78125,0.25522178411483765,Grad/qkv.lora_B,outputs_dev/vitb16/T=vtab_Q=3bit_L=lora_2_qkv-fc1-proj-fc2/cifar/20260114184203_default_acc=53.50/tensorboard/Grad_qkv.lora_B_block_0/events.out.tfevents.1768387346.master-192-168-8-48.1680.2,qkv.lora_B,0
1768387642.3151376,409,12.8125,0.1627749502658844,Grad/qkv.lora_B,outputs_dev/vitb16/T=vtab_Q=3bit_L=lora_2_qkv-fc1-proj-fc2/cifar/20260114184203_default_acc=53.50/tensorboard/Grad_qkv.lora_B_block_0/events.out.tfevents.1768387346.master-192-168-8-48.1680.2,qkv.lora_B,0
1768387642.7363334,410,12.84375,0.3913244903087616,Grad/qkv.lora_B,outputs_dev/vitb16/T=vtab_Q=3bit_L=lora_2_qkv-fc1-proj-fc2/cifar/20260114184203_default_acc=53.50/tensorboard/Grad_qkv.lora_B_block_0/events.out.tfevents.1768387346.master-192-168-8-48.1680.2,qkv.lora_B,0
1768387643.158712,411,12.875,0.19053442776203156,Grad/qkv.lora_B,outputs_dev/vitb16/T=vtab_Q=3bit_L=lora_2_qkv-fc1-proj-fc2/cifar/20260114184203_default_acc=53.50/tensorboard/Grad_qkv.lora_B_block_0/events.out.tfevents.1768387346.master-192-168-8-48.1680.2,qkv.lora_B,0
1768387643.5807924,412,12.90625,0.20183272659778595,Grad/qkv.lora_B,outputs_dev/vitb16/T=vtab_Q=3bit_L=lora_2_qkv-fc1-proj-fc2/cifar/20260114184203_default_acc=53.50/tensorboard/Grad_qkv.lora_B_block_0/events.out.tfevents.1768387346.master-192-168-8-48.1680.2,qkv.lora_B,0
1768387644.0028281,413,12.9375,0.22391071915626526,Grad/qkv.lora_B,outputs_dev/vitb16/T=vtab_Q=3bit_L=lora_2_qkv-fc1-proj-fc2/cifar/20260114184203_default_acc=53.50/tensorboard/Grad_qkv.lora_B_block_0/events.out.tfevents.1768387346.master-192-168-8-48.1680.2,qkv.lora_B,0
1768387644.4316163,414,12.96875,0.20302782952785492,Grad/qkv.lora_B,outputs_dev/vitb16/T=vtab_Q=3bit_L=lora_2_qkv-fc1-proj-fc2/cifar/20260114184203_default_acc=53.50/tensorboard/Grad_qkv.lora_B_block_0/events.out.tfevents.1768387346.master-192-168-8-48.1680.2,qkv.lora_B,0
1768387644.655173,415,13.0,0.5928760170936584,Grad/qkv.lora_B,outputs_dev/vitb16/T=vtab_Q=3bit_L=lora_2_qkv-fc1-proj-fc2/cifar/20260114184203_default_acc=53.50/tensorboard/Grad_qkv.lora_B_block_0/events.out.tfevents.1768387346.master-192-168-8-48.1680.2,qkv.lora_B,0
1768387645.2914956,416,13.03125,0.3161560297012329,Grad/qkv.lora_B,outputs_dev/vitb16/T=vtab_Q=3bit_L=lora_2_qkv-fc1-proj-fc2/cifar/20260114184203_default_acc=53.50/tensorboard/Grad_qkv.lora_B_block_0/events.out.tfevents.1768387346.master-192-168-8-48.1680.2,qkv.lora_B,0
1768387645.7379684,417,13.0625,0.22409380972385406,Grad/qkv.lora_B,outputs_dev/vitb16/T=vtab_Q=3bit_L=lora_2_qkv-fc1-proj-fc2/cifar/20260114184203_default_acc=53.50/tensorboard/Grad_qkv.lora_B_block_0/events.out.tfevents.1768387346.master-192-168-8-48.1680.2,qkv.lora_B,0
1768387646.1768167,418,13.09375,0.19092655181884766,Grad/qkv.lora_B,outputs_dev/vitb16/T=vtab_Q=3bit_L=lora_2_qkv-fc1-proj-fc2/cifar/20260114184203_default_acc=53.50/tensorboard/Grad_qkv.lora_B_block_0/events.out.tfevents.1768387346.master-192-168-8-48.1680.2,qkv.lora_B,0
1768387646.6034532,419,13.125,0.21059481799602509,Grad/qkv.lora_B,outputs_dev/vitb16/T=vtab_Q=3bit_L=lora_2_qkv-fc1-proj-fc2/cifar/20260114184203_default_acc=53.50/tensorboard/Grad_qkv.lora_B_block_0/events.out.tfevents.1768387346.master-192-168-8-48.1680.2,qkv.lora_B,0
1768387647.0168445,420,13.15625,0.32045233249664307,Grad/qkv.lora_B,outputs_dev/vitb16/T=vtab_Q=3bit_L=lora_2_qkv-fc1-proj-fc2/cifar/20260114184203_default_acc=53.50/tensorboard/Grad_qkv.lora_B_block_0/events.out.tfevents.1768387346.master-192-168-8-48.1680.2,qkv.lora_B,0
1768387647.4373748,421,13.1875,0.3736380934715271,Grad/qkv.lora_B,outputs_dev/vitb16/T=vtab_Q=3bit_L=lora_2_qkv-fc1-proj-fc2/cifar/20260114184203_default_acc=53.50/tensorboard/Grad_qkv.lora_B_block_0/events.out.tfevents.1768387346.master-192-168-8-48.1680.2,qkv.lora_B,0
1768387647.8585722,422,13.21875,0.2100832313299179,Grad/qkv.lora_B,outputs_dev/vitb16/T=vtab_Q=3bit_L=lora_2_qkv-fc1-proj-fc2/cifar/20260114184203_default_acc=53.50/tensorboard/Grad_qkv.lora_B_block_0/events.out.tfevents.1768387346.master-192-168-8-48.1680.2,qkv.lora_B,0
1768387648.2806373,423,13.25,0.2019275426864624,Grad/qkv.lora_B,outputs_dev/vitb16/T=vtab_Q=3bit_L=lora_2_qkv-fc1-proj-fc2/cifar/20260114184203_default_acc=53.50/tensorboard/Grad_qkv.lora_B_block_0/events.out.tfevents.1768387346.master-192-168-8-48.1680.2,qkv.lora_B,0
1768387648.7150924,424,13.28125,0.2275049090385437,Grad/qkv.lora_B,outputs_dev/vitb16/T=vtab_Q=3bit_L=lora_2_qkv-fc1-proj-fc2/cifar/20260114184203_default_acc=53.50/tensorboard/Grad_qkv.lora_B_block_0/events.out.tfevents.1768387346.master-192-168-8-48.1680.2,qkv.lora_B,0
1768387649.134206,425,13.3125,0.3706480860710144,Grad/qkv.lora_B,outputs_dev/vitb16/T=vtab_Q=3bit_L=lora_2_qkv-fc1-proj-fc2/cifar/20260114184203_default_acc=53.50/tensorboard/Grad_qkv.lora_B_block_0/events.out.tfevents.1768387346.master-192-168-8-48.1680.2,qkv.lora_B,0
1768387649.5675275,426,13.34375,0.4242378771305084,Grad/qkv.lora_B,outputs_dev/vitb16/T=vtab_Q=3bit_L=lora_2_qkv-fc1-proj-fc2/cifar/20260114184203_default_acc=53.50/tensorboard/Grad_qkv.lora_B_block_0/events.out.tfevents.1768387346.master-192-168-8-48.1680.2,qkv.lora_B,0
1768387649.9915333,427,13.375,0.23476405441761017,Grad/qkv.lora_B,outputs_dev/vitb16/T=vtab_Q=3bit_L=lora_2_qkv-fc1-proj-fc2/cifar/20260114184203_default_acc=53.50/tensorboard/Grad_qkv.lora_B_block_0/events.out.tfevents.1768387346.master-192-168-8-48.1680.2,qkv.lora_B,0
1768387650.4245577,428,13.40625,0.18649443984031677,Grad/qkv.lora_B,outputs_dev/vitb16/T=vtab_Q=3bit_L=lora_2_qkv-fc1-proj-fc2/cifar/20260114184203_default_acc=53.50/tensorboard/Grad_qkv.lora_B_block_0/events.out.tfevents.1768387346.master-192-168-8-48.1680.2,qkv.lora_B,0
1768387650.8460732,429,13.4375,0.18308615684509277,Grad/qkv.lora_B,outputs_dev/vitb16/T=vtab_Q=3bit_L=lora_2_qkv-fc1-proj-fc2/cifar/20260114184203_default_acc=53.50/tensorboard/Grad_qkv.lora_B_block_0/events.out.tfevents.1768387346.master-192-168-8-48.1680.2,qkv.lora_B,0
1768387651.2802587,430,13.46875,0.18810977041721344,Grad/qkv.lora_B,outputs_dev/vitb16/T=vtab_Q=3bit_L=lora_2_qkv-fc1-proj-fc2/cifar/20260114184203_default_acc=53.50/tensorboard/Grad_qkv.lora_B_block_0/events.out.tfevents.1768387346.master-192-168-8-48.1680.2,qkv.lora_B,0
1768387651.7018056,431,13.5,0.20660944283008575,Grad/qkv.lora_B,outputs_dev/vitb16/T=vtab_Q=3bit_L=lora_2_qkv-fc1-proj-fc2/cifar/20260114184203_default_acc=53.50/tensorboard/Grad_qkv.lora_B_block_0/events.out.tfevents.1768387346.master-192-168-8-48.1680.2,qkv.lora_B,0
1768387652.13516,432,13.53125,0.14666107296943665,Grad/qkv.lora_B,outputs_dev/vitb16/T=vtab_Q=3bit_L=lora_2_qkv-fc1-proj-fc2/cifar/20260114184203_default_acc=53.50/tensorboard/Grad_qkv.lora_B_block_0/events.out.tfevents.1768387346.master-192-168-8-48.1680.2,qkv.lora_B,0
1768387652.5526998,433,13.5625,0.1965704709291458,Grad/qkv.lora_B,outputs_dev/vitb16/T=vtab_Q=3bit_L=lora_2_qkv-fc1-proj-fc2/cifar/20260114184203_default_acc=53.50/tensorboard/Grad_qkv.lora_B_block_0/events.out.tfevents.1768387346.master-192-168-8-48.1680.2,qkv.lora_B,0
1768387652.9728842,434,13.59375,0.2417936623096466,Grad/qkv.lora_B,outputs_dev/vitb16/T=vtab_Q=3bit_L=lora_2_qkv-fc1-proj-fc2/cifar/20260114184203_default_acc=53.50/tensorboard/Grad_qkv.lora_B_block_0/events.out.tfevents.1768387346.master-192-168-8-48.1680.2,qkv.lora_B,0
1768387653.3942409,435,13.625,0.24031396210193634,Grad/qkv.lora_B,outputs_dev/vitb16/T=vtab_Q=3bit_L=lora_2_qkv-fc1-proj-fc2/cifar/20260114184203_default_acc=53.50/tensorboard/Grad_qkv.lora_B_block_0/events.out.tfevents.1768387346.master-192-168-8-48.1680.2,qkv.lora_B,0
1768387653.816784,436,13.65625,0.2031775712966919,Grad/qkv.lora_B,outputs_dev/vitb16/T=vtab_Q=3bit_L=lora_2_qkv-fc1-proj-fc2/cifar/20260114184203_default_acc=53.50/tensorboard/Grad_qkv.lora_B_block_0/events.out.tfevents.1768387346.master-192-168-8-48.1680.2,qkv.lora_B,0
1768387654.2388892,437,13.6875,0.31429043412208557,Grad/qkv.lora_B,outputs_dev/vitb16/T=vtab_Q=3bit_L=lora_2_qkv-fc1-proj-fc2/cifar/20260114184203_default_acc=53.50/tensorboard/Grad_qkv.lora_B_block_0/events.out.tfevents.1768387346.master-192-168-8-48.1680.2,qkv.lora_B,0
1768387654.673037,438,13.71875,0.20699095726013184,Grad/qkv.lora_B,outputs_dev/vitb16/T=vtab_Q=3bit_L=lora_2_qkv-fc1-proj-fc2/cifar/20260114184203_default_acc=53.50/tensorboard/Grad_qkv.lora_B_block_0/events.out.tfevents.1768387346.master-192-168-8-48.1680.2,qkv.lora_B,0
1768387655.0882747,439,13.75,0.26748672127723694,Grad/qkv.lora_B,outputs_dev/vitb16/T=vtab_Q=3bit_L=lora_2_qkv-fc1-proj-fc2/cifar/20260114184203_default_acc=53.50/tensorboard/Grad_qkv.lora_B_block_0/events.out.tfevents.1768387346.master-192-168-8-48.1680.2,qkv.lora_B,0
1768387655.511769,440,13.78125,0.18525533378124237,Grad/qkv.lora_B,outputs_dev/vitb16/T=vtab_Q=3bit_L=lora_2_qkv-fc1-proj-fc2/cifar/20260114184203_default_acc=53.50/tensorboard/Grad_qkv.lora_B_block_0/events.out.tfevents.1768387346.master-192-168-8-48.1680.2,qkv.lora_B,0
1768387655.9338968,441,13.8125,0.227699875831604,Grad/qkv.lora_B,outputs_dev/vitb16/T=vtab_Q=3bit_L=lora_2_qkv-fc1-proj-fc2/cifar/20260114184203_default_acc=53.50/tensorboard/Grad_qkv.lora_B_block_0/events.out.tfevents.1768387346.master-192-168-8-48.1680.2,qkv.lora_B,0
1768387656.3691363,442,13.84375,0.2796396017074585,Grad/qkv.lora_B,outputs_dev/vitb16/T=vtab_Q=3bit_L=lora_2_qkv-fc1-proj-fc2/cifar/20260114184203_default_acc=53.50/tensorboard/Grad_qkv.lora_B_block_0/events.out.tfevents.1768387346.master-192-168-8-48.1680.2,qkv.lora_B,0
1768387656.7907443,443,13.875,0.1964217871427536,Grad/qkv.lora_B,outputs_dev/vitb16/T=vtab_Q=3bit_L=lora_2_qkv-fc1-proj-fc2/cifar/20260114184203_default_acc=53.50/tensorboard/Grad_qkv.lora_B_block_0/events.out.tfevents.1768387346.master-192-168-8-48.1680.2,qkv.lora_B,0
1768387657.212349,444,13.90625,0.21488523483276367,Grad/qkv.lora_B,outputs_dev/vitb16/T=vtab_Q=3bit_L=lora_2_qkv-fc1-proj-fc2/cifar/20260114184203_default_acc=53.50/tensorboard/Grad_qkv.lora_B_block_0/events.out.tfevents.1768387346.master-192-168-8-48.1680.2,qkv.lora_B,0
1768387657.6454759,445,13.9375,0.22957532107830048,Grad/qkv.lora_B,outputs_dev/vitb16/T=vtab_Q=3bit_L=lora_2_qkv-fc1-proj-fc2/cifar/20260114184203_default_acc=53.50/tensorboard/Grad_qkv.lora_B_block_0/events.out.tfevents.1768387346.master-192-168-8-48.1680.2,qkv.lora_B,0
1768387658.0788908,446,13.96875,0.2511802911758423,Grad/qkv.lora_B,outputs_dev/vitb16/T=vtab_Q=3bit_L=lora_2_qkv-fc1-proj-fc2/cifar/20260114184203_default_acc=53.50/tensorboard/Grad_qkv.lora_B_block_0/events.out.tfevents.1768387346.master-192-168-8-48.1680.2,qkv.lora_B,0
1768387658.280302,447,14.0,0.28909963369369507,Grad/qkv.lora_B,outputs_dev/vitb16/T=vtab_Q=3bit_L=lora_2_qkv-fc1-proj-fc2/cifar/20260114184203_default_acc=53.50/tensorboard/Grad_qkv.lora_B_block_0/events.out.tfevents.1768387346.master-192-168-8-48.1680.2,qkv.lora_B,0
1768387658.940591,448,14.03125,0.23014427721500397,Grad/qkv.lora_B,outputs_dev/vitb16/T=vtab_Q=3bit_L=lora_2_qkv-fc1-proj-fc2/cifar/20260114184203_default_acc=53.50/tensorboard/Grad_qkv.lora_B_block_0/events.out.tfevents.1768387346.master-192-168-8-48.1680.2,qkv.lora_B,0
1768387659.3800724,449,14.0625,0.1770014613866806,Grad/qkv.lora_B,outputs_dev/vitb16/T=vtab_Q=3bit_L=lora_2_qkv-fc1-proj-fc2/cifar/20260114184203_default_acc=53.50/tensorboard/Grad_qkv.lora_B_block_0/events.out.tfevents.1768387346.master-192-168-8-48.1680.2,qkv.lora_B,0
1768387659.8142354,450,14.09375,0.1781599521636963,Grad/qkv.lora_B,outputs_dev/vitb16/T=vtab_Q=3bit_L=lora_2_qkv-fc1-proj-fc2/cifar/20260114184203_default_acc=53.50/tensorboard/Grad_qkv.lora_B_block_0/events.out.tfevents.1768387346.master-192-168-8-48.1680.2,qkv.lora_B,0
1768387660.234876,451,14.125,0.18970529735088348,Grad/qkv.lora_B,outputs_dev/vitb16/T=vtab_Q=3bit_L=lora_2_qkv-fc1-proj-fc2/cifar/20260114184203_default_acc=53.50/tensorboard/Grad_qkv.lora_B_block_0/events.out.tfevents.1768387346.master-192-168-8-48.1680.2,qkv.lora_B,0
1768387660.6555457,452,14.15625,0.22817613184452057,Grad/qkv.lora_B,outputs_dev/vitb16/T=vtab_Q=3bit_L=lora_2_qkv-fc1-proj-fc2/cifar/20260114184203_default_acc=53.50/tensorboard/Grad_qkv.lora_B_block_0/events.out.tfevents.1768387346.master-192-168-8-48.1680.2,qkv.lora_B,0
1768387661.0752344,453,14.1875,0.2489483803510666,Grad/qkv.lora_B,outputs_dev/vitb16/T=vtab_Q=3bit_L=lora_2_qkv-fc1-proj-fc2/cifar/20260114184203_default_acc=53.50/tensorboard/Grad_qkv.lora_B_block_0/events.out.tfevents.1768387346.master-192-168-8-48.1680.2,qkv.lora_B,0
1768387661.509762,454,14.21875,0.39287346601486206,Grad/qkv.lora_B,outputs_dev/vitb16/T=vtab_Q=3bit_L=lora_2_qkv-fc1-proj-fc2/cifar/20260114184203_default_acc=53.50/tensorboard/Grad_qkv.lora_B_block_0/events.out.tfevents.1768387346.master-192-168-8-48.1680.2,qkv.lora_B,0
1768387661.9312696,455,14.25,0.15544822812080383,Grad/qkv.lora_B,outputs_dev/vitb16/T=vtab_Q=3bit_L=lora_2_qkv-fc1-proj-fc2/cifar/20260114184203_default_acc=53.50/tensorboard/Grad_qkv.lora_B_block_0/events.out.tfevents.1768387346.master-192-168-8-48.1680.2,qkv.lora_B,0
1768387662.3640575,456,14.28125,0.19941987097263336,Grad/qkv.lora_B,outputs_dev/vitb16/T=vtab_Q=3bit_L=lora_2_qkv-fc1-proj-fc2/cifar/20260114184203_default_acc=53.50/tensorboard/Grad_qkv.lora_B_block_0/events.out.tfevents.1768387346.master-192-168-8-48.1680.2,qkv.lora_B,0
1768387662.7835362,457,14.3125,0.2596583366394043,Grad/qkv.lora_B,outputs_dev/vitb16/T=vtab_Q=3bit_L=lora_2_qkv-fc1-proj-fc2/cifar/20260114184203_default_acc=53.50/tensorboard/Grad_qkv.lora_B_block_0/events.out.tfevents.1768387346.master-192-168-8-48.1680.2,qkv.lora_B,0
1768387663.204409,458,14.34375,0.21314379572868347,Grad/qkv.lora_B,outputs_dev/vitb16/T=vtab_Q=3bit_L=lora_2_qkv-fc1-proj-fc2/cifar/20260114184203_default_acc=53.50/tensorboard/Grad_qkv.lora_B_block_0/events.out.tfevents.1768387346.master-192-168-8-48.1680.2,qkv.lora_B,0
1768387663.6422706,459,14.375,0.2519451379776001,Grad/qkv.lora_B,outputs_dev/vitb16/T=vtab_Q=3bit_L=lora_2_qkv-fc1-proj-fc2/cifar/20260114184203_default_acc=53.50/tensorboard/Grad_qkv.lora_B_block_0/events.out.tfevents.1768387346.master-192-168-8-48.1680.2,qkv.lora_B,0
1768387664.0624619,460,14.40625,0.20624417066574097,Grad/qkv.lora_B,outputs_dev/vitb16/T=vtab_Q=3bit_L=lora_2_qkv-fc1-proj-fc2/cifar/20260114184203_default_acc=53.50/tensorboard/Grad_qkv.lora_B_block_0/events.out.tfevents.1768387346.master-192-168-8-48.1680.2,qkv.lora_B,0
1768387664.4843953,461,14.4375,0.21497482061386108,Grad/qkv.lora_B,outputs_dev/vitb16/T=vtab_Q=3bit_L=lora_2_qkv-fc1-proj-fc2/cifar/20260114184203_default_acc=53.50/tensorboard/Grad_qkv.lora_B_block_0/events.out.tfevents.1768387346.master-192-168-8-48.1680.2,qkv.lora_B,0
1768387664.9044127,462,14.46875,0.16573466360569,Grad/qkv.lora_B,outputs_dev/vitb16/T=vtab_Q=3bit_L=lora_2_qkv-fc1-proj-fc2/cifar/20260114184203_default_acc=53.50/tensorboard/Grad_qkv.lora_B_block_0/events.out.tfevents.1768387346.master-192-168-8-48.1680.2,qkv.lora_B,0
1768387665.324442,463,14.5,0.1816793829202652,Grad/qkv.lora_B,outputs_dev/vitb16/T=vtab_Q=3bit_L=lora_2_qkv-fc1-proj-fc2/cifar/20260114184203_default_acc=53.50/tensorboard/Grad_qkv.lora_B_block_0/events.out.tfevents.1768387346.master-192-168-8-48.1680.2,qkv.lora_B,0
1768387665.7463608,464,14.53125,0.24210692942142487,Grad/qkv.lora_B,outputs_dev/vitb16/T=vtab_Q=3bit_L=lora_2_qkv-fc1-proj-fc2/cifar/20260114184203_default_acc=53.50/tensorboard/Grad_qkv.lora_B_block_0/events.out.tfevents.1768387346.master-192-168-8-48.1680.2,qkv.lora_B,0
1768387666.1816468,465,14.5625,0.3324381411075592,Grad/qkv.lora_B,outputs_dev/vitb16/T=vtab_Q=3bit_L=lora_2_qkv-fc1-proj-fc2/cifar/20260114184203_default_acc=53.50/tensorboard/Grad_qkv.lora_B_block_0/events.out.tfevents.1768387346.master-192-168-8-48.1680.2,qkv.lora_B,0
1768387666.617655,466,14.59375,0.2796076238155365,Grad/qkv.lora_B,outputs_dev/vitb16/T=vtab_Q=3bit_L=lora_2_qkv-fc1-proj-fc2/cifar/20260114184203_default_acc=53.50/tensorboard/Grad_qkv.lora_B_block_0/events.out.tfevents.1768387346.master-192-168-8-48.1680.2,qkv.lora_B,0
1768387667.1511648,467,14.625,0.29375073313713074,Grad/qkv.lora_B,outputs_dev/vitb16/T=vtab_Q=3bit_L=lora_2_qkv-fc1-proj-fc2/cifar/20260114184203_default_acc=53.50/tensorboard/Grad_qkv.lora_B_block_0/events.out.tfevents.1768387346.master-192-168-8-48.1680.2,qkv.lora_B,0
1768387667.5672276,468,14.65625,0.2615887522697449,Grad/qkv.lora_B,outputs_dev/vitb16/T=vtab_Q=3bit_L=lora_2_qkv-fc1-proj-fc2/cifar/20260114184203_default_acc=53.50/tensorboard/Grad_qkv.lora_B_block_0/events.out.tfevents.1768387346.master-192-168-8-48.1680.2,qkv.lora_B,0
1768387668.0038612,469,14.6875,0.21001634001731873,Grad/qkv.lora_B,outputs_dev/vitb16/T=vtab_Q=3bit_L=lora_2_qkv-fc1-proj-fc2/cifar/20260114184203_default_acc=53.50/tensorboard/Grad_qkv.lora_B_block_0/events.out.tfevents.1768387346.master-192-168-8-48.1680.2,qkv.lora_B,0
1768387668.424583,470,14.71875,0.2504376173019409,Grad/qkv.lora_B,outputs_dev/vitb16/T=vtab_Q=3bit_L=lora_2_qkv-fc1-proj-fc2/cifar/20260114184203_default_acc=53.50/tensorboard/Grad_qkv.lora_B_block_0/events.out.tfevents.1768387346.master-192-168-8-48.1680.2,qkv.lora_B,0
1768387668.844125,471,14.75,0.21527370810508728,Grad/qkv.lora_B,outputs_dev/vitb16/T=vtab_Q=3bit_L=lora_2_qkv-fc1-proj-fc2/cifar/20260114184203_default_acc=53.50/tensorboard/Grad_qkv.lora_B_block_0/events.out.tfevents.1768387346.master-192-168-8-48.1680.2,qkv.lora_B,0
1768387669.2847595,472,14.78125,0.20086871087551117,Grad/qkv.lora_B,outputs_dev/vitb16/T=vtab_Q=3bit_L=lora_2_qkv-fc1-proj-fc2/cifar/20260114184203_default_acc=53.50/tensorboard/Grad_qkv.lora_B_block_0/events.out.tfevents.1768387346.master-192-168-8-48.1680.2,qkv.lora_B,0
1768387669.708339,473,14.8125,0.1985139399766922,Grad/qkv.lora_B,outputs_dev/vitb16/T=vtab_Q=3bit_L=lora_2_qkv-fc1-proj-fc2/cifar/20260114184203_default_acc=53.50/tensorboard/Grad_qkv.lora_B_block_0/events.out.tfevents.1768387346.master-192-168-8-48.1680.2,qkv.lora_B,0
1768387670.130252,474,14.84375,0.15826530754566193,Grad/qkv.lora_B,outputs_dev/vitb16/T=vtab_Q=3bit_L=lora_2_qkv-fc1-proj-fc2/cifar/20260114184203_default_acc=53.50/tensorboard/Grad_qkv.lora_B_block_0/events.out.tfevents.1768387346.master-192-168-8-48.1680.2,qkv.lora_B,0
1768387670.5650218,475,14.875,0.2551175653934479,Grad/qkv.lora_B,outputs_dev/vitb16/T=vtab_Q=3bit_L=lora_2_qkv-fc1-proj-fc2/cifar/20260114184203_default_acc=53.50/tensorboard/Grad_qkv.lora_B_block_0/events.out.tfevents.1768387346.master-192-168-8-48.1680.2,qkv.lora_B,0
1768387671.0018768,476,14.90625,0.38560405373573303,Grad/qkv.lora_B,outputs_dev/vitb16/T=vtab_Q=3bit_L=lora_2_qkv-fc1-proj-fc2/cifar/20260114184203_default_acc=53.50/tensorboard/Grad_qkv.lora_B_block_0/events.out.tfevents.1768387346.master-192-168-8-48.1680.2,qkv.lora_B,0
1768387671.4361525,477,14.9375,0.2501026690006256,Grad/qkv.lora_B,outputs_dev/vitb16/T=vtab_Q=3bit_L=lora_2_qkv-fc1-proj-fc2/cifar/20260114184203_default_acc=53.50/tensorboard/Grad_qkv.lora_B_block_0/events.out.tfevents.1768387346.master-192-168-8-48.1680.2,qkv.lora_B,0
1768387671.8574061,478,14.96875,0.2851189970970154,Grad/qkv.lora_B,outputs_dev/vitb16/T=vtab_Q=3bit_L=lora_2_qkv-fc1-proj-fc2/cifar/20260114184203_default_acc=53.50/tensorboard/Grad_qkv.lora_B_block_0/events.out.tfevents.1768387346.master-192-168-8-48.1680.2,qkv.lora_B,0
1768387672.0624375,479,15.0,0.40505340695381165,Grad/qkv.lora_B,outputs_dev/vitb16/T=vtab_Q=3bit_L=lora_2_qkv-fc1-proj-fc2/cifar/20260114184203_default_acc=53.50/tensorboard/Grad_qkv.lora_B_block_0/events.out.tfevents.1768387346.master-192-168-8-48.1680.2,qkv.lora_B,0
1768387672.7589095,480,15.03125,0.3868848979473114,Grad/qkv.lora_B,outputs_dev/vitb16/T=vtab_Q=3bit_L=lora_2_qkv-fc1-proj-fc2/cifar/20260114184203_default_acc=53.50/tensorboard/Grad_qkv.lora_B_block_0/events.out.tfevents.1768387346.master-192-168-8-48.1680.2,qkv.lora_B,0
1768387673.187178,481,15.0625,0.1710294634103775,Grad/qkv.lora_B,outputs_dev/vitb16/T=vtab_Q=3bit_L=lora_2_qkv-fc1-proj-fc2/cifar/20260114184203_default_acc=53.50/tensorboard/Grad_qkv.lora_B_block_0/events.out.tfevents.1768387346.master-192-168-8-48.1680.2,qkv.lora_B,0
1768387673.6220567,482,15.09375,0.2552028298377991,Grad/qkv.lora_B,outputs_dev/vitb16/T=vtab_Q=3bit_L=lora_2_qkv-fc1-proj-fc2/cifar/20260114184203_default_acc=53.50/tensorboard/Grad_qkv.lora_B_block_0/events.out.tfevents.1768387346.master-192-168-8-48.1680.2,qkv.lora_B,0
1768387674.0569158,483,15.125,0.35566988587379456,Grad/qkv.lora_B,outputs_dev/vitb16/T=vtab_Q=3bit_L=lora_2_qkv-fc1-proj-fc2/cifar/20260114184203_default_acc=53.50/tensorboard/Grad_qkv.lora_B_block_0/events.out.tfevents.1768387346.master-192-168-8-48.1680.2,qkv.lora_B,0
1768387674.476505,484,15.15625,0.3094695508480072,Grad/qkv.lora_B,outputs_dev/vitb16/T=vtab_Q=3bit_L=lora_2_qkv-fc1-proj-fc2/cifar/20260114184203_default_acc=53.50/tensorboard/Grad_qkv.lora_B_block_0/events.out.tfevents.1768387346.master-192-168-8-48.1680.2,qkv.lora_B,0
1768387674.9240518,485,15.1875,0.20237931609153748,Grad/qkv.lora_B,outputs_dev/vitb16/T=vtab_Q=3bit_L=lora_2_qkv-fc1-proj-fc2/cifar/20260114184203_default_acc=53.50/tensorboard/Grad_qkv.lora_B_block_0/events.out.tfevents.1768387346.master-192-168-8-48.1680.2,qkv.lora_B,0
1768387675.3611414,486,15.21875,0.4144267141819,Grad/qkv.lora_B,outputs_dev/vitb16/T=vtab_Q=3bit_L=lora_2_qkv-fc1-proj-fc2/cifar/20260114184203_default_acc=53.50/tensorboard/Grad_qkv.lora_B_block_0/events.out.tfevents.1768387346.master-192-168-8-48.1680.2,qkv.lora_B,0
1768387675.8031733,487,15.25,0.21587295830249786,Grad/qkv.lora_B,outputs_dev/vitb16/T=vtab_Q=3bit_L=lora_2_qkv-fc1-proj-fc2/cifar/20260114184203_default_acc=53.50/tensorboard/Grad_qkv.lora_B_block_0/events.out.tfevents.1768387346.master-192-168-8-48.1680.2,qkv.lora_B,0
1768387676.2445042,488,15.28125,0.1478382647037506,Grad/qkv.lora_B,outputs_dev/vitb16/T=vtab_Q=3bit_L=lora_2_qkv-fc1-proj-fc2/cifar/20260114184203_default_acc=53.50/tensorboard/Grad_qkv.lora_B_block_0/events.out.tfevents.1768387346.master-192-168-8-48.1680.2,qkv.lora_B,0
1768387676.6808953,489,15.3125,0.2230629026889801,Grad/qkv.lora_B,outputs_dev/vitb16/T=vtab_Q=3bit_L=lora_2_qkv-fc1-proj-fc2/cifar/20260114184203_default_acc=53.50/tensorboard/Grad_qkv.lora_B_block_0/events.out.tfevents.1768387346.master-192-168-8-48.1680.2,qkv.lora_B,0
1768387677.1056864,490,15.34375,0.33978545665740967,Grad/qkv.lora_B,outputs_dev/vitb16/T=vtab_Q=3bit_L=lora_2_qkv-fc1-proj-fc2/cifar/20260114184203_default_acc=53.50/tensorboard/Grad_qkv.lora_B_block_0/events.out.tfevents.1768387346.master-192-168-8-48.1680.2,qkv.lora_B,0
1768387677.532449,491,15.375,0.2699947953224182,Grad/qkv.lora_B,outputs_dev/vitb16/T=vtab_Q=3bit_L=lora_2_qkv-fc1-proj-fc2/cifar/20260114184203_default_acc=53.50/tensorboard/Grad_qkv.lora_B_block_0/events.out.tfevents.1768387346.master-192-168-8-48.1680.2,qkv.lora_B,0
1768387677.956391,492,15.40625,0.3050634562969208,Grad/qkv.lora_B,outputs_dev/vitb16/T=vtab_Q=3bit_L=lora_2_qkv-fc1-proj-fc2/cifar/20260114184203_default_acc=53.50/tensorboard/Grad_qkv.lora_B_block_0/events.out.tfevents.1768387346.master-192-168-8-48.1680.2,qkv.lora_B,0
1768387678.3810787,493,15.4375,0.2543848752975464,Grad/qkv.lora_B,outputs_dev/vitb16/T=vtab_Q=3bit_L=lora_2_qkv-fc1-proj-fc2/cifar/20260114184203_default_acc=53.50/tensorboard/Grad_qkv.lora_B_block_0/events.out.tfevents.1768387346.master-192-168-8-48.1680.2,qkv.lora_B,0
1768387678.8161871,494,15.46875,0.25372061133384705,Grad/qkv.lora_B,outputs_dev/vitb16/T=vtab_Q=3bit_L=lora_2_qkv-fc1-proj-fc2/cifar/20260114184203_default_acc=53.50/tensorboard/Grad_qkv.lora_B_block_0/events.out.tfevents.1768387346.master-192-168-8-48.1680.2,qkv.lora_B,0
1768387679.2531972,495,15.5,0.2336367666721344,Grad/qkv.lora_B,outputs_dev/vitb16/T=vtab_Q=3bit_L=lora_2_qkv-fc1-proj-fc2/cifar/20260114184203_default_acc=53.50/tensorboard/Grad_qkv.lora_B_block_0/events.out.tfevents.1768387346.master-192-168-8-48.1680.2,qkv.lora_B,0
1768387679.6785955,496,15.53125,0.1975979059934616,Grad/qkv.lora_B,outputs_dev/vitb16/T=vtab_Q=3bit_L=lora_2_qkv-fc1-proj-fc2/cifar/20260114184203_default_acc=53.50/tensorboard/Grad_qkv.lora_B_block_0/events.out.tfevents.1768387346.master-192-168-8-48.1680.2,qkv.lora_B,0
1768387680.1164575,497,15.5625,0.2869907319545746,Grad/qkv.lora_B,outputs_dev/vitb16/T=vtab_Q=3bit_L=lora_2_qkv-fc1-proj-fc2/cifar/20260114184203_default_acc=53.50/tensorboard/Grad_qkv.lora_B_block_0/events.out.tfevents.1768387346.master-192-168-8-48.1680.2,qkv.lora_B,0
1768387680.5479903,498,15.59375,0.292736679315567,Grad/qkv.lora_B,outputs_dev/vitb16/T=vtab_Q=3bit_L=lora_2_qkv-fc1-proj-fc2/cifar/20260114184203_default_acc=53.50/tensorboard/Grad_qkv.lora_B_block_0/events.out.tfevents.1768387346.master-192-168-8-48.1680.2,qkv.lora_B,0
1768387680.976785,499,15.625,0.3380292057991028,Grad/qkv.lora_B,outputs_dev/vitb16/T=vtab_Q=3bit_L=lora_2_qkv-fc1-proj-fc2/cifar/20260114184203_default_acc=53.50/tensorboard/Grad_qkv.lora_B_block_0/events.out.tfevents.1768387346.master-192-168-8-48.1680.2,qkv.lora_B,0
1768387681.4011652,500,15.65625,0.37502148747444153,Grad/qkv.lora_B,outputs_dev/vitb16/T=vtab_Q=3bit_L=lora_2_qkv-fc1-proj-fc2/cifar/20260114184203_default_acc=53.50/tensorboard/Grad_qkv.lora_B_block_0/events.out.tfevents.1768387346.master-192-168-8-48.1680.2,qkv.lora_B,0
1768387681.8263292,501,15.6875,0.23909954726696014,Grad/qkv.lora_B,outputs_dev/vitb16/T=vtab_Q=3bit_L=lora_2_qkv-fc1-proj-fc2/cifar/20260114184203_default_acc=53.50/tensorboard/Grad_qkv.lora_B_block_0/events.out.tfevents.1768387346.master-192-168-8-48.1680.2,qkv.lora_B,0
1768387682.2732508,502,15.71875,0.22415779531002045,Grad/qkv.lora_B,outputs_dev/vitb16/T=vtab_Q=3bit_L=lora_2_qkv-fc1-proj-fc2/cifar/20260114184203_default_acc=53.50/tensorboard/Grad_qkv.lora_B_block_0/events.out.tfevents.1768387346.master-192-168-8-48.1680.2,qkv.lora_B,0
1768387682.70834,503,15.75,0.21158918738365173,Grad/qkv.lora_B,outputs_dev/vitb16/T=vtab_Q=3bit_L=lora_2_qkv-fc1-proj-fc2/cifar/20260114184203_default_acc=53.50/tensorboard/Grad_qkv.lora_B_block_0/events.out.tfevents.1768387346.master-192-168-8-48.1680.2,qkv.lora_B,0
1768387683.1440601,504,15.78125,0.22773821651935577,Grad/qkv.lora_B,outputs_dev/vitb16/T=vtab_Q=3bit_L=lora_2_qkv-fc1-proj-fc2/cifar/20260114184203_default_acc=53.50/tensorboard/Grad_qkv.lora_B_block_0/events.out.tfevents.1768387346.master-192-168-8-48.1680.2,qkv.lora_B,0
1768387683.5808098,505,15.8125,0.26339468359947205,Grad/qkv.lora_B,outputs_dev/vitb16/T=vtab_Q=3bit_L=lora_2_qkv-fc1-proj-fc2/cifar/20260114184203_default_acc=53.50/tensorboard/Grad_qkv.lora_B_block_0/events.out.tfevents.1768387346.master-192-168-8-48.1680.2,qkv.lora_B,0
1768387684.0174294,506,15.84375,0.20302975177764893,Grad/qkv.lora_B,outputs_dev/vitb16/T=vtab_Q=3bit_L=lora_2_qkv-fc1-proj-fc2/cifar/20260114184203_default_acc=53.50/tensorboard/Grad_qkv.lora_B_block_0/events.out.tfevents.1768387346.master-192-168-8-48.1680.2,qkv.lora_B,0
1768387684.4553952,507,15.875,0.42827585339546204,Grad/qkv.lora_B,outputs_dev/vitb16/T=vtab_Q=3bit_L=lora_2_qkv-fc1-proj-fc2/cifar/20260114184203_default_acc=53.50/tensorboard/Grad_qkv.lora_B_block_0/events.out.tfevents.1768387346.master-192-168-8-48.1680.2,qkv.lora_B,0
1768387684.8911963,508,15.90625,0.19946610927581787,Grad/qkv.lora_B,outputs_dev/vitb16/T=vtab_Q=3bit_L=lora_2_qkv-fc1-proj-fc2/cifar/20260114184203_default_acc=53.50/tensorboard/Grad_qkv.lora_B_block_0/events.out.tfevents.1768387346.master-192-168-8-48.1680.2,qkv.lora_B,0
1768387685.3166275,509,15.9375,0.17097502946853638,Grad/qkv.lora_B,outputs_dev/vitb16/T=vtab_Q=3bit_L=lora_2_qkv-fc1-proj-fc2/cifar/20260114184203_default_acc=53.50/tensorboard/Grad_qkv.lora_B_block_0/events.out.tfevents.1768387346.master-192-168-8-48.1680.2,qkv.lora_B,0
1768387685.75642,510,15.96875,0.27549517154693604,Grad/qkv.lora_B,outputs_dev/vitb16/T=vtab_Q=3bit_L=lora_2_qkv-fc1-proj-fc2/cifar/20260114184203_default_acc=53.50/tensorboard/Grad_qkv.lora_B_block_0/events.out.tfevents.1768387346.master-192-168-8-48.1680.2,qkv.lora_B,0
1768387685.9917805,511,16.0,0.47880229353904724,Grad/qkv.lora_B,outputs_dev/vitb16/T=vtab_Q=3bit_L=lora_2_qkv-fc1-proj-fc2/cifar/20260114184203_default_acc=53.50/tensorboard/Grad_qkv.lora_B_block_0/events.out.tfevents.1768387346.master-192-168-8-48.1680.2,qkv.lora_B,0
1768387686.6880655,512,16.03125,0.18507157266139984,Grad/qkv.lora_B,outputs_dev/vitb16/T=vtab_Q=3bit_L=lora_2_qkv-fc1-proj-fc2/cifar/20260114184203_default_acc=53.50/tensorboard/Grad_qkv.lora_B_block_0/events.out.tfevents.1768387346.master-192-168-8-48.1680.2,qkv.lora_B,0
1768387687.1195116,513,16.0625,0.26455891132354736,Grad/qkv.lora_B,outputs_dev/vitb16/T=vtab_Q=3bit_L=lora_2_qkv-fc1-proj-fc2/cifar/20260114184203_default_acc=53.50/tensorboard/Grad_qkv.lora_B_block_0/events.out.tfevents.1768387346.master-192-168-8-48.1680.2,qkv.lora_B,0
1768387687.5499227,514,16.09375,0.21623022854328156,Grad/qkv.lora_B,outputs_dev/vitb16/T=vtab_Q=3bit_L=lora_2_qkv-fc1-proj-fc2/cifar/20260114184203_default_acc=53.50/tensorboard/Grad_qkv.lora_B_block_0/events.out.tfevents.1768387346.master-192-168-8-48.1680.2,qkv.lora_B,0
1768387687.9782937,515,16.125,0.3184676766395569,Grad/qkv.lora_B,outputs_dev/vitb16/T=vtab_Q=3bit_L=lora_2_qkv-fc1-proj-fc2/cifar/20260114184203_default_acc=53.50/tensorboard/Grad_qkv.lora_B_block_0/events.out.tfevents.1768387346.master-192-168-8-48.1680.2,qkv.lora_B,0
1768387688.40707,516,16.15625,0.2185402661561966,Grad/qkv.lora_B,outputs_dev/vitb16/T=vtab_Q=3bit_L=lora_2_qkv-fc1-proj-fc2/cifar/20260114184203_default_acc=53.50/tensorboard/Grad_qkv.lora_B_block_0/events.out.tfevents.1768387346.master-192-168-8-48.1680.2,qkv.lora_B,0
1768387688.8366528,517,16.1875,0.23284028470516205,Grad/qkv.lora_B,outputs_dev/vitb16/T=vtab_Q=3bit_L=lora_2_qkv-fc1-proj-fc2/cifar/20260114184203_default_acc=53.50/tensorboard/Grad_qkv.lora_B_block_0/events.out.tfevents.1768387346.master-192-168-8-48.1680.2,qkv.lora_B,0
1768387689.2660584,518,16.21875,0.3064027428627014,Grad/qkv.lora_B,outputs_dev/vitb16/T=vtab_Q=3bit_L=lora_2_qkv-fc1-proj-fc2/cifar/20260114184203_default_acc=53.50/tensorboard/Grad_qkv.lora_B_block_0/events.out.tfevents.1768387346.master-192-168-8-48.1680.2,qkv.lora_B,0
1768387689.6988764,519,16.25,0.2999212145805359,Grad/qkv.lora_B,outputs_dev/vitb16/T=vtab_Q=3bit_L=lora_2_qkv-fc1-proj-fc2/cifar/20260114184203_default_acc=53.50/tensorboard/Grad_qkv.lora_B_block_0/events.out.tfevents.1768387346.master-192-168-8-48.1680.2,qkv.lora_B,0
1768387690.14876,520,16.28125,0.22804678976535797,Grad/qkv.lora_B,outputs_dev/vitb16/T=vtab_Q=3bit_L=lora_2_qkv-fc1-proj-fc2/cifar/20260114184203_default_acc=53.50/tensorboard/Grad_qkv.lora_B_block_0/events.out.tfevents.1768387346.master-192-168-8-48.1680.2,qkv.lora_B,0
1768387690.574452,521,16.3125,0.18478897213935852,Grad/qkv.lora_B,outputs_dev/vitb16/T=vtab_Q=3bit_L=lora_2_qkv-fc1-proj-fc2/cifar/20260114184203_default_acc=53.50/tensorboard/Grad_qkv.lora_B_block_0/events.out.tfevents.1768387346.master-192-168-8-48.1680.2,qkv.lora_B,0
1768387691.0126407,522,16.34375,0.24857498705387115,Grad/qkv.lora_B,outputs_dev/vitb16/T=vtab_Q=3bit_L=lora_2_qkv-fc1-proj-fc2/cifar/20260114184203_default_acc=53.50/tensorboard/Grad_qkv.lora_B_block_0/events.out.tfevents.1768387346.master-192-168-8-48.1680.2,qkv.lora_B,0
1768387691.441174,523,16.375,0.5108915567398071,Grad/qkv.lora_B,outputs_dev/vitb16/T=vtab_Q=3bit_L=lora_2_qkv-fc1-proj-fc2/cifar/20260114184203_default_acc=53.50/tensorboard/Grad_qkv.lora_B_block_0/events.out.tfevents.1768387346.master-192-168-8-48.1680.2,qkv.lora_B,0
1768387691.865605,524,16.40625,0.21351812779903412,Grad/qkv.lora_B,outputs_dev/vitb16/T=vtab_Q=3bit_L=lora_2_qkv-fc1-proj-fc2/cifar/20260114184203_default_acc=53.50/tensorboard/Grad_qkv.lora_B_block_0/events.out.tfevents.1768387346.master-192-168-8-48.1680.2,qkv.lora_B,0
1768387692.290922,525,16.4375,0.23069611191749573,Grad/qkv.lora_B,outputs_dev/vitb16/T=vtab_Q=3bit_L=lora_2_qkv-fc1-proj-fc2/cifar/20260114184203_default_acc=53.50/tensorboard/Grad_qkv.lora_B_block_0/events.out.tfevents.1768387346.master-192-168-8-48.1680.2,qkv.lora_B,0
1768387692.700847,526,16.46875,0.21914009749889374,Grad/qkv.lora_B,outputs_dev/vitb16/T=vtab_Q=3bit_L=lora_2_qkv-fc1-proj-fc2/cifar/20260114184203_default_acc=53.50/tensorboard/Grad_qkv.lora_B_block_0/events.out.tfevents.1768387346.master-192-168-8-48.1680.2,qkv.lora_B,0
1768387693.1419852,527,16.5,0.24746493995189667,Grad/qkv.lora_B,outputs_dev/vitb16/T=vtab_Q=3bit_L=lora_2_qkv-fc1-proj-fc2/cifar/20260114184203_default_acc=53.50/tensorboard/Grad_qkv.lora_B_block_0/events.out.tfevents.1768387346.master-192-168-8-48.1680.2,qkv.lora_B,0
1768387693.5775204,528,16.53125,1.0123988389968872,Grad/qkv.lora_B,outputs_dev/vitb16/T=vtab_Q=3bit_L=lora_2_qkv-fc1-proj-fc2/cifar/20260114184203_default_acc=53.50/tensorboard/Grad_qkv.lora_B_block_0/events.out.tfevents.1768387346.master-192-168-8-48.1680.2,qkv.lora_B,0
1768387694.014553,529,16.5625,0.1695719063282013,Grad/qkv.lora_B,outputs_dev/vitb16/T=vtab_Q=3bit_L=lora_2_qkv-fc1-proj-fc2/cifar/20260114184203_default_acc=53.50/tensorboard/Grad_qkv.lora_B_block_0/events.out.tfevents.1768387346.master-192-168-8-48.1680.2,qkv.lora_B,0
1768387694.450947,530,16.59375,0.24254004657268524,Grad/qkv.lora_B,outputs_dev/vitb16/T=vtab_Q=3bit_L=lora_2_qkv-fc1-proj-fc2/cifar/20260114184203_default_acc=53.50/tensorboard/Grad_qkv.lora_B_block_0/events.out.tfevents.1768387346.master-192-168-8-48.1680.2,qkv.lora_B,0
1768387694.8921814,531,16.625,0.2054464966058731,Grad/qkv.lora_B,outputs_dev/vitb16/T=vtab_Q=3bit_L=lora_2_qkv-fc1-proj-fc2/cifar/20260114184203_default_acc=53.50/tensorboard/Grad_qkv.lora_B_block_0/events.out.tfevents.1768387346.master-192-168-8-48.1680.2,qkv.lora_B,0
1768387695.3191013,532,16.65625,0.17389680445194244,Grad/qkv.lora_B,outputs_dev/vitb16/T=vtab_Q=3bit_L=lora_2_qkv-fc1-proj-fc2/cifar/20260114184203_default_acc=53.50/tensorboard/Grad_qkv.lora_B_block_0/events.out.tfevents.1768387346.master-192-168-8-48.1680.2,qkv.lora_B,0
1768387695.7649517,533,16.6875,0.21842655539512634,Grad/qkv.lora_B,outputs_dev/vitb16/T=vtab_Q=3bit_L=lora_2_qkv-fc1-proj-fc2/cifar/20260114184203_default_acc=53.50/tensorboard/Grad_qkv.lora_B_block_0/events.out.tfevents.1768387346.master-192-168-8-48.1680.2,qkv.lora_B,0
1768387696.1945863,534,16.71875,0.2070317417383194,Grad/qkv.lora_B,outputs_dev/vitb16/T=vtab_Q=3bit_L=lora_2_qkv-fc1-proj-fc2/cifar/20260114184203_default_acc=53.50/tensorboard/Grad_qkv.lora_B_block_0/events.out.tfevents.1768387346.master-192-168-8-48.1680.2,qkv.lora_B,0
1768387696.6199818,535,16.75,0.3007843792438507,Grad/qkv.lora_B,outputs_dev/vitb16/T=vtab_Q=3bit_L=lora_2_qkv-fc1-proj-fc2/cifar/20260114184203_default_acc=53.50/tensorboard/Grad_qkv.lora_B_block_0/events.out.tfevents.1768387346.master-192-168-8-48.1680.2,qkv.lora_B,0
1768387697.0454183,536,16.78125,0.3074982166290283,Grad/qkv.lora_B,outputs_dev/vitb16/T=vtab_Q=3bit_L=lora_2_qkv-fc1-proj-fc2/cifar/20260114184203_default_acc=53.50/tensorboard/Grad_qkv.lora_B_block_0/events.out.tfevents.1768387346.master-192-168-8-48.1680.2,qkv.lora_B,0
1768387697.4691522,537,16.8125,0.2557288706302643,Grad/qkv.lora_B,outputs_dev/vitb16/T=vtab_Q=3bit_L=lora_2_qkv-fc1-proj-fc2/cifar/20260114184203_default_acc=53.50/tensorboard/Grad_qkv.lora_B_block_0/events.out.tfevents.1768387346.master-192-168-8-48.1680.2,qkv.lora_B,0
1768387697.8954365,538,16.84375,0.20147132873535156,Grad/qkv.lora_B,outputs_dev/vitb16/T=vtab_Q=3bit_L=lora_2_qkv-fc1-proj-fc2/cifar/20260114184203_default_acc=53.50/tensorboard/Grad_qkv.lora_B_block_0/events.out.tfevents.1768387346.master-192-168-8-48.1680.2,qkv.lora_B,0
1768387698.320315,539,16.875,0.17360948026180267,Grad/qkv.lora_B,outputs_dev/vitb16/T=vtab_Q=3bit_L=lora_2_qkv-fc1-proj-fc2/cifar/20260114184203_default_acc=53.50/tensorboard/Grad_qkv.lora_B_block_0/events.out.tfevents.1768387346.master-192-168-8-48.1680.2,qkv.lora_B,0
1768387698.7499697,540,16.90625,0.30268600583076477,Grad/qkv.lora_B,outputs_dev/vitb16/T=vtab_Q=3bit_L=lora_2_qkv-fc1-proj-fc2/cifar/20260114184203_default_acc=53.50/tensorboard/Grad_qkv.lora_B_block_0/events.out.tfevents.1768387346.master-192-168-8-48.1680.2,qkv.lora_B,0
1768387699.1744232,541,16.9375,0.17448599636554718,Grad/qkv.lora_B,outputs_dev/vitb16/T=vtab_Q=3bit_L=lora_2_qkv-fc1-proj-fc2/cifar/20260114184203_default_acc=53.50/tensorboard/Grad_qkv.lora_B_block_0/events.out.tfevents.1768387346.master-192-168-8-48.1680.2,qkv.lora_B,0
1768387699.6017275,542,16.96875,0.22820892930030823,Grad/qkv.lora_B,outputs_dev/vitb16/T=vtab_Q=3bit_L=lora_2_qkv-fc1-proj-fc2/cifar/20260114184203_default_acc=53.50/tensorboard/Grad_qkv.lora_B_block_0/events.out.tfevents.1768387346.master-192-168-8-48.1680.2,qkv.lora_B,0
1768387699.8034184,543,17.0,0.3096741735935211,Grad/qkv.lora_B,outputs_dev/vitb16/T=vtab_Q=3bit_L=lora_2_qkv-fc1-proj-fc2/cifar/20260114184203_default_acc=53.50/tensorboard/Grad_qkv.lora_B_block_0/events.out.tfevents.1768387346.master-192-168-8-48.1680.2,qkv.lora_B,0
1768387700.4506688,544,17.03125,0.23234602808952332,Grad/qkv.lora_B,outputs_dev/vitb16/T=vtab_Q=3bit_L=lora_2_qkv-fc1-proj-fc2/cifar/20260114184203_default_acc=53.50/tensorboard/Grad_qkv.lora_B_block_0/events.out.tfevents.1768387346.master-192-168-8-48.1680.2,qkv.lora_B,0
1768387700.8622708,545,17.0625,0.23651732504367828,Grad/qkv.lora_B,outputs_dev/vitb16/T=vtab_Q=3bit_L=lora_2_qkv-fc1-proj-fc2/cifar/20260114184203_default_acc=53.50/tensorboard/Grad_qkv.lora_B_block_0/events.out.tfevents.1768387346.master-192-168-8-48.1680.2,qkv.lora_B,0
1768387701.2873318,546,17.09375,0.26789093017578125,Grad/qkv.lora_B,outputs_dev/vitb16/T=vtab_Q=3bit_L=lora_2_qkv-fc1-proj-fc2/cifar/20260114184203_default_acc=53.50/tensorboard/Grad_qkv.lora_B_block_0/events.out.tfevents.1768387346.master-192-168-8-48.1680.2,qkv.lora_B,0
1768387701.712272,547,17.125,0.1541605442762375,Grad/qkv.lora_B,outputs_dev/vitb16/T=vtab_Q=3bit_L=lora_2_qkv-fc1-proj-fc2/cifar/20260114184203_default_acc=53.50/tensorboard/Grad_qkv.lora_B_block_0/events.out.tfevents.1768387346.master-192-168-8-48.1680.2,qkv.lora_B,0
1768387702.13955,548,17.15625,0.26076316833496094,Grad/qkv.lora_B,outputs_dev/vitb16/T=vtab_Q=3bit_L=lora_2_qkv-fc1-proj-fc2/cifar/20260114184203_default_acc=53.50/tensorboard/Grad_qkv.lora_B_block_0/events.out.tfevents.1768387346.master-192-168-8-48.1680.2,qkv.lora_B,0
1768387702.5663526,549,17.1875,0.22770032286643982,Grad/qkv.lora_B,outputs_dev/vitb16/T=vtab_Q=3bit_L=lora_2_qkv-fc1-proj-fc2/cifar/20260114184203_default_acc=53.50/tensorboard/Grad_qkv.lora_B_block_0/events.out.tfevents.1768387346.master-192-168-8-48.1680.2,qkv.lora_B,0
1768387703.0144978,550,17.21875,0.23626241087913513,Grad/qkv.lora_B,outputs_dev/vitb16/T=vtab_Q=3bit_L=lora_2_qkv-fc1-proj-fc2/cifar/20260114184203_default_acc=53.50/tensorboard/Grad_qkv.lora_B_block_0/events.out.tfevents.1768387346.master-192-168-8-48.1680.2,qkv.lora_B,0
1768387703.4374864,551,17.25,0.20246167480945587,Grad/qkv.lora_B,outputs_dev/vitb16/T=vtab_Q=3bit_L=lora_2_qkv-fc1-proj-fc2/cifar/20260114184203_default_acc=53.50/tensorboard/Grad_qkv.lora_B_block_0/events.out.tfevents.1768387346.master-192-168-8-48.1680.2,qkv.lora_B,0
1768387703.8618827,552,17.28125,0.20587407052516937,Grad/qkv.lora_B,outputs_dev/vitb16/T=vtab_Q=3bit_L=lora_2_qkv-fc1-proj-fc2/cifar/20260114184203_default_acc=53.50/tensorboard/Grad_qkv.lora_B_block_0/events.out.tfevents.1768387346.master-192-168-8-48.1680.2,qkv.lora_B,0
1768387704.2868247,553,17.3125,0.2242571860551834,Grad/qkv.lora_B,outputs_dev/vitb16/T=vtab_Q=3bit_L=lora_2_qkv-fc1-proj-fc2/cifar/20260114184203_default_acc=53.50/tensorboard/Grad_qkv.lora_B_block_0/events.out.tfevents.1768387346.master-192-168-8-48.1680.2,qkv.lora_B,0
1768387704.7091026,554,17.34375,0.35272833704948425,Grad/qkv.lora_B,outputs_dev/vitb16/T=vtab_Q=3bit_L=lora_2_qkv-fc1-proj-fc2/cifar/20260114184203_default_acc=53.50/tensorboard/Grad_qkv.lora_B_block_0/events.out.tfevents.1768387346.master-192-168-8-48.1680.2,qkv.lora_B,0
1768387705.1362834,555,17.375,0.20590969920158386,Grad/qkv.lora_B,outputs_dev/vitb16/T=vtab_Q=3bit_L=lora_2_qkv-fc1-proj-fc2/cifar/20260114184203_default_acc=53.50/tensorboard/Grad_qkv.lora_B_block_0/events.out.tfevents.1768387346.master-192-168-8-48.1680.2,qkv.lora_B,0
1768387705.5600433,556,17.40625,0.2743605971336365,Grad/qkv.lora_B,outputs_dev/vitb16/T=vtab_Q=3bit_L=lora_2_qkv-fc1-proj-fc2/cifar/20260114184203_default_acc=53.50/tensorboard/Grad_qkv.lora_B_block_0/events.out.tfevents.1768387346.master-192-168-8-48.1680.2,qkv.lora_B,0
1768387705.9688675,557,17.4375,0.48105642199516296,Grad/qkv.lora_B,outputs_dev/vitb16/T=vtab_Q=3bit_L=lora_2_qkv-fc1-proj-fc2/cifar/20260114184203_default_acc=53.50/tensorboard/Grad_qkv.lora_B_block_0/events.out.tfevents.1768387346.master-192-168-8-48.1680.2,qkv.lora_B,0
1768387706.3900294,558,17.46875,0.22823244333267212,Grad/qkv.lora_B,outputs_dev/vitb16/T=vtab_Q=3bit_L=lora_2_qkv-fc1-proj-fc2/cifar/20260114184203_default_acc=53.50/tensorboard/Grad_qkv.lora_B_block_0/events.out.tfevents.1768387346.master-192-168-8-48.1680.2,qkv.lora_B,0
1768387706.8138027,559,17.5,0.26723021268844604,Grad/qkv.lora_B,outputs_dev/vitb16/T=vtab_Q=3bit_L=lora_2_qkv-fc1-proj-fc2/cifar/20260114184203_default_acc=53.50/tensorboard/Grad_qkv.lora_B_block_0/events.out.tfevents.1768387346.master-192-168-8-48.1680.2,qkv.lora_B,0
1768387707.2344737,560,17.53125,0.6745963096618652,Grad/qkv.lora_B,outputs_dev/vitb16/T=vtab_Q=3bit_L=lora_2_qkv-fc1-proj-fc2/cifar/20260114184203_default_acc=53.50/tensorboard/Grad_qkv.lora_B_block_0/events.out.tfevents.1768387346.master-192-168-8-48.1680.2,qkv.lora_B,0
1768387707.658096,561,17.5625,0.3726730942726135,Grad/qkv.lora_B,outputs_dev/vitb16/T=vtab_Q=3bit_L=lora_2_qkv-fc1-proj-fc2/cifar/20260114184203_default_acc=53.50/tensorboard/Grad_qkv.lora_B_block_0/events.out.tfevents.1768387346.master-192-168-8-48.1680.2,qkv.lora_B,0
1768387708.0801003,562,17.59375,0.3368074893951416,Grad/qkv.lora_B,outputs_dev/vitb16/T=vtab_Q=3bit_L=lora_2_qkv-fc1-proj-fc2/cifar/20260114184203_default_acc=53.50/tensorboard/Grad_qkv.lora_B_block_0/events.out.tfevents.1768387346.master-192-168-8-48.1680.2,qkv.lora_B,0
1768387708.490222,563,17.625,0.23321238160133362,Grad/qkv.lora_B,outputs_dev/vitb16/T=vtab_Q=3bit_L=lora_2_qkv-fc1-proj-fc2/cifar/20260114184203_default_acc=53.50/tensorboard/Grad_qkv.lora_B_block_0/events.out.tfevents.1768387346.master-192-168-8-48.1680.2,qkv.lora_B,0
1768387708.911905,564,17.65625,0.3600132465362549,Grad/qkv.lora_B,outputs_dev/vitb16/T=vtab_Q=3bit_L=lora_2_qkv-fc1-proj-fc2/cifar/20260114184203_default_acc=53.50/tensorboard/Grad_qkv.lora_B_block_0/events.out.tfevents.1768387346.master-192-168-8-48.1680.2,qkv.lora_B,0
1768387709.3373315,565,17.6875,0.353203684091568,Grad/qkv.lora_B,outputs_dev/vitb16/T=vtab_Q=3bit_L=lora_2_qkv-fc1-proj-fc2/cifar/20260114184203_default_acc=53.50/tensorboard/Grad_qkv.lora_B_block_0/events.out.tfevents.1768387346.master-192-168-8-48.1680.2,qkv.lora_B,0
1768387709.7619715,566,17.71875,0.1788175255060196,Grad/qkv.lora_B,outputs_dev/vitb16/T=vtab_Q=3bit_L=lora_2_qkv-fc1-proj-fc2/cifar/20260114184203_default_acc=53.50/tensorboard/Grad_qkv.lora_B_block_0/events.out.tfevents.1768387346.master-192-168-8-48.1680.2,qkv.lora_B,0
1768387710.1846423,567,17.75,0.2845676839351654,Grad/qkv.lora_B,outputs_dev/vitb16/T=vtab_Q=3bit_L=lora_2_qkv-fc1-proj-fc2/cifar/20260114184203_default_acc=53.50/tensorboard/Grad_qkv.lora_B_block_0/events.out.tfevents.1768387346.master-192-168-8-48.1680.2,qkv.lora_B,0
1768387710.6099963,568,17.78125,0.2683532238006592,Grad/qkv.lora_B,outputs_dev/vitb16/T=vtab_Q=3bit_L=lora_2_qkv-fc1-proj-fc2/cifar/20260114184203_default_acc=53.50/tensorboard/Grad_qkv.lora_B_block_0/events.out.tfevents.1768387346.master-192-168-8-48.1680.2,qkv.lora_B,0
1768387711.0351539,569,17.8125,0.2941935360431671,Grad/qkv.lora_B,outputs_dev/vitb16/T=vtab_Q=3bit_L=lora_2_qkv-fc1-proj-fc2/cifar/20260114184203_default_acc=53.50/tensorboard/Grad_qkv.lora_B_block_0/events.out.tfevents.1768387346.master-192-168-8-48.1680.2,qkv.lora_B,0
1768387711.4586024,570,17.84375,0.2146431803703308,Grad/qkv.lora_B,outputs_dev/vitb16/T=vtab_Q=3bit_L=lora_2_qkv-fc1-proj-fc2/cifar/20260114184203_default_acc=53.50/tensorboard/Grad_qkv.lora_B_block_0/events.out.tfevents.1768387346.master-192-168-8-48.1680.2,qkv.lora_B,0
1768387711.8827226,571,17.875,0.27928027510643005,Grad/qkv.lora_B,outputs_dev/vitb16/T=vtab_Q=3bit_L=lora_2_qkv-fc1-proj-fc2/cifar/20260114184203_default_acc=53.50/tensorboard/Grad_qkv.lora_B_block_0/events.out.tfevents.1768387346.master-192-168-8-48.1680.2,qkv.lora_B,0
1768387712.3083353,572,17.90625,0.2802931070327759,Grad/qkv.lora_B,outputs_dev/vitb16/T=vtab_Q=3bit_L=lora_2_qkv-fc1-proj-fc2/cifar/20260114184203_default_acc=53.50/tensorboard/Grad_qkv.lora_B_block_0/events.out.tfevents.1768387346.master-192-168-8-48.1680.2,qkv.lora_B,0
1768387712.730882,573,17.9375,0.21126443147659302,Grad/qkv.lora_B,outputs_dev/vitb16/T=vtab_Q=3bit_L=lora_2_qkv-fc1-proj-fc2/cifar/20260114184203_default_acc=53.50/tensorboard/Grad_qkv.lora_B_block_0/events.out.tfevents.1768387346.master-192-168-8-48.1680.2,qkv.lora_B,0
1768387713.1552937,574,17.96875,0.3715314269065857,Grad/qkv.lora_B,outputs_dev/vitb16/T=vtab_Q=3bit_L=lora_2_qkv-fc1-proj-fc2/cifar/20260114184203_default_acc=53.50/tensorboard/Grad_qkv.lora_B_block_0/events.out.tfevents.1768387346.master-192-168-8-48.1680.2,qkv.lora_B,0
1768387713.3637962,575,18.0,0.4799961447715759,Grad/qkv.lora_B,outputs_dev/vitb16/T=vtab_Q=3bit_L=lora_2_qkv-fc1-proj-fc2/cifar/20260114184203_default_acc=53.50/tensorboard/Grad_qkv.lora_B_block_0/events.out.tfevents.1768387346.master-192-168-8-48.1680.2,qkv.lora_B,0
1768387714.0540047,576,18.03125,0.24505846202373505,Grad/qkv.lora_B,outputs_dev/vitb16/T=vtab_Q=3bit_L=lora_2_qkv-fc1-proj-fc2/cifar/20260114184203_default_acc=53.50/tensorboard/Grad_qkv.lora_B_block_0/events.out.tfevents.1768387346.master-192-168-8-48.1680.2,qkv.lora_B,0
1768387714.4989858,577,18.0625,0.31136569380760193,Grad/qkv.lora_B,outputs_dev/vitb16/T=vtab_Q=3bit_L=lora_2_qkv-fc1-proj-fc2/cifar/20260114184203_default_acc=53.50/tensorboard/Grad_qkv.lora_B_block_0/events.out.tfevents.1768387346.master-192-168-8-48.1680.2,qkv.lora_B,0
1768387714.9290433,578,18.09375,0.28079599142074585,Grad/qkv.lora_B,outputs_dev/vitb16/T=vtab_Q=3bit_L=lora_2_qkv-fc1-proj-fc2/cifar/20260114184203_default_acc=53.50/tensorboard/Grad_qkv.lora_B_block_0/events.out.tfevents.1768387346.master-192-168-8-48.1680.2,qkv.lora_B,0
1768387715.3710213,579,18.125,0.26620277762413025,Grad/qkv.lora_B,outputs_dev/vitb16/T=vtab_Q=3bit_L=lora_2_qkv-fc1-proj-fc2/cifar/20260114184203_default_acc=53.50/tensorboard/Grad_qkv.lora_B_block_0/events.out.tfevents.1768387346.master-192-168-8-48.1680.2,qkv.lora_B,0
1768387715.812529,580,18.15625,0.4008179008960724,Grad/qkv.lora_B,outputs_dev/vitb16/T=vtab_Q=3bit_L=lora_2_qkv-fc1-proj-fc2/cifar/20260114184203_default_acc=53.50/tensorboard/Grad_qkv.lora_B_block_0/events.out.tfevents.1768387346.master-192-168-8-48.1680.2,qkv.lora_B,0
1768387716.243274,581,18.1875,0.36550474166870117,Grad/qkv.lora_B,outputs_dev/vitb16/T=vtab_Q=3bit_L=lora_2_qkv-fc1-proj-fc2/cifar/20260114184203_default_acc=53.50/tensorboard/Grad_qkv.lora_B_block_0/events.out.tfevents.1768387346.master-192-168-8-48.1680.2,qkv.lora_B,0
1768387716.676741,582,18.21875,0.2346588671207428,Grad/qkv.lora_B,outputs_dev/vitb16/T=vtab_Q=3bit_L=lora_2_qkv-fc1-proj-fc2/cifar/20260114184203_default_acc=53.50/tensorboard/Grad_qkv.lora_B_block_0/events.out.tfevents.1768387346.master-192-168-8-48.1680.2,qkv.lora_B,0
1768387717.105853,583,18.25,0.22387637197971344,Grad/qkv.lora_B,outputs_dev/vitb16/T=vtab_Q=3bit_L=lora_2_qkv-fc1-proj-fc2/cifar/20260114184203_default_acc=53.50/tensorboard/Grad_qkv.lora_B_block_0/events.out.tfevents.1768387346.master-192-168-8-48.1680.2,qkv.lora_B,0
1768387717.5528226,584,18.28125,0.3084469735622406,Grad/qkv.lora_B,outputs_dev/vitb16/T=vtab_Q=3bit_L=lora_2_qkv-fc1-proj-fc2/cifar/20260114184203_default_acc=53.50/tensorboard/Grad_qkv.lora_B_block_0/events.out.tfevents.1768387346.master-192-168-8-48.1680.2,qkv.lora_B,0
1768387718.000294,585,18.3125,0.5302965641021729,Grad/qkv.lora_B,outputs_dev/vitb16/T=vtab_Q=3bit_L=lora_2_qkv-fc1-proj-fc2/cifar/20260114184203_default_acc=53.50/tensorboard/Grad_qkv.lora_B_block_0/events.out.tfevents.1768387346.master-192-168-8-48.1680.2,qkv.lora_B,0
1768387718.4295306,586,18.34375,0.40540239214897156,Grad/qkv.lora_B,outputs_dev/vitb16/T=vtab_Q=3bit_L=lora_2_qkv-fc1-proj-fc2/cifar/20260114184203_default_acc=53.50/tensorboard/Grad_qkv.lora_B_block_0/events.out.tfevents.1768387346.master-192-168-8-48.1680.2,qkv.lora_B,0
1768387718.8640292,587,18.375,0.21628166735172272,Grad/qkv.lora_B,outputs_dev/vitb16/T=vtab_Q=3bit_L=lora_2_qkv-fc1-proj-fc2/cifar/20260114184203_default_acc=53.50/tensorboard/Grad_qkv.lora_B_block_0/events.out.tfevents.1768387346.master-192-168-8-48.1680.2,qkv.lora_B,0
1768387719.305546,588,18.40625,0.371418297290802,Grad/qkv.lora_B,outputs_dev/vitb16/T=vtab_Q=3bit_L=lora_2_qkv-fc1-proj-fc2/cifar/20260114184203_default_acc=53.50/tensorboard/Grad_qkv.lora_B_block_0/events.out.tfevents.1768387346.master-192-168-8-48.1680.2,qkv.lora_B,0
1768387719.733821,589,18.4375,0.24226242303848267,Grad/qkv.lora_B,outputs_dev/vitb16/T=vtab_Q=3bit_L=lora_2_qkv-fc1-proj-fc2/cifar/20260114184203_default_acc=53.50/tensorboard/Grad_qkv.lora_B_block_0/events.out.tfevents.1768387346.master-192-168-8-48.1680.2,qkv.lora_B,0
1768387720.1620097,590,18.46875,0.42995959520339966,Grad/qkv.lora_B,outputs_dev/vitb16/T=vtab_Q=3bit_L=lora_2_qkv-fc1-proj-fc2/cifar/20260114184203_default_acc=53.50/tensorboard/Grad_qkv.lora_B_block_0/events.out.tfevents.1768387346.master-192-168-8-48.1680.2,qkv.lora_B,0
1768387720.5894356,591,18.5,0.2775355875492096,Grad/qkv.lora_B,outputs_dev/vitb16/T=vtab_Q=3bit_L=lora_2_qkv-fc1-proj-fc2/cifar/20260114184203_default_acc=53.50/tensorboard/Grad_qkv.lora_B_block_0/events.out.tfevents.1768387346.master-192-168-8-48.1680.2,qkv.lora_B,0
1768387721.028672,592,18.53125,0.45123326778411865,Grad/qkv.lora_B,outputs_dev/vitb16/T=vtab_Q=3bit_L=lora_2_qkv-fc1-proj-fc2/cifar/20260114184203_default_acc=53.50/tensorboard/Grad_qkv.lora_B_block_0/events.out.tfevents.1768387346.master-192-168-8-48.1680.2,qkv.lora_B,0
1768387721.457688,593,18.5625,0.37697598338127136,Grad/qkv.lora_B,outputs_dev/vitb16/T=vtab_Q=3bit_L=lora_2_qkv-fc1-proj-fc2/cifar/20260114184203_default_acc=53.50/tensorboard/Grad_qkv.lora_B_block_0/events.out.tfevents.1768387346.master-192-168-8-48.1680.2,qkv.lora_B,0
1768387721.9104402,594,18.59375,0.35149019956588745,Grad/qkv.lora_B,outputs_dev/vitb16/T=vtab_Q=3bit_L=lora_2_qkv-fc1-proj-fc2/cifar/20260114184203_default_acc=53.50/tensorboard/Grad_qkv.lora_B_block_0/events.out.tfevents.1768387346.master-192-168-8-48.1680.2,qkv.lora_B,0
1768387722.327238,595,18.625,0.38698914647102356,Grad/qkv.lora_B,outputs_dev/vitb16/T=vtab_Q=3bit_L=lora_2_qkv-fc1-proj-fc2/cifar/20260114184203_default_acc=53.50/tensorboard/Grad_qkv.lora_B_block_0/events.out.tfevents.1768387346.master-192-168-8-48.1680.2,qkv.lora_B,0
1768387722.7682915,596,18.65625,0.2617414891719818,Grad/qkv.lora_B,outputs_dev/vitb16/T=vtab_Q=3bit_L=lora_2_qkv-fc1-proj-fc2/cifar/20260114184203_default_acc=53.50/tensorboard/Grad_qkv.lora_B_block_0/events.out.tfevents.1768387346.master-192-168-8-48.1680.2,qkv.lora_B,0
1768387723.1928859,597,18.6875,0.2440190464258194,Grad/qkv.lora_B,outputs_dev/vitb16/T=vtab_Q=3bit_L=lora_2_qkv-fc1-proj-fc2/cifar/20260114184203_default_acc=53.50/tensorboard/Grad_qkv.lora_B_block_0/events.out.tfevents.1768387346.master-192-168-8-48.1680.2,qkv.lora_B,0
1768387723.6293294,598,18.71875,0.21203964948654175,Grad/qkv.lora_B,outputs_dev/vitb16/T=vtab_Q=3bit_L=lora_2_qkv-fc1-proj-fc2/cifar/20260114184203_default_acc=53.50/tensorboard/Grad_qkv.lora_B_block_0/events.out.tfevents.1768387346.master-192-168-8-48.1680.2,qkv.lora_B,0
1768387724.0531113,599,18.75,0.3878466486930847,Grad/qkv.lora_B,outputs_dev/vitb16/T=vtab_Q=3bit_L=lora_2_qkv-fc1-proj-fc2/cifar/20260114184203_default_acc=53.50/tensorboard/Grad_qkv.lora_B_block_0/events.out.tfevents.1768387346.master-192-168-8-48.1680.2,qkv.lora_B,0
1768387724.490269,600,18.78125,0.4556520879268646,Grad/qkv.lora_B,outputs_dev/vitb16/T=vtab_Q=3bit_L=lora_2_qkv-fc1-proj-fc2/cifar/20260114184203_default_acc=53.50/tensorboard/Grad_qkv.lora_B_block_0/events.out.tfevents.1768387346.master-192-168-8-48.1680.2,qkv.lora_B,0
1768387724.9137647,601,18.8125,0.38763564825057983,Grad/qkv.lora_B,outputs_dev/vitb16/T=vtab_Q=3bit_L=lora_2_qkv-fc1-proj-fc2/cifar/20260114184203_default_acc=53.50/tensorboard/Grad_qkv.lora_B_block_0/events.out.tfevents.1768387346.master-192-168-8-48.1680.2,qkv.lora_B,0
1768387725.3372838,602,18.84375,0.4282083809375763,Grad/qkv.lora_B,outputs_dev/vitb16/T=vtab_Q=3bit_L=lora_2_qkv-fc1-proj-fc2/cifar/20260114184203_default_acc=53.50/tensorboard/Grad_qkv.lora_B_block_0/events.out.tfevents.1768387346.master-192-168-8-48.1680.2,qkv.lora_B,0
1768387725.761857,603,18.875,0.321328729391098,Grad/qkv.lora_B,outputs_dev/vitb16/T=vtab_Q=3bit_L=lora_2_qkv-fc1-proj-fc2/cifar/20260114184203_default_acc=53.50/tensorboard/Grad_qkv.lora_B_block_0/events.out.tfevents.1768387346.master-192-168-8-48.1680.2,qkv.lora_B,0
1768387726.1862912,604,18.90625,0.2890242040157318,Grad/qkv.lora_B,outputs_dev/vitb16/T=vtab_Q=3bit_L=lora_2_qkv-fc1-proj-fc2/cifar/20260114184203_default_acc=53.50/tensorboard/Grad_qkv.lora_B_block_0/events.out.tfevents.1768387346.master-192-168-8-48.1680.2,qkv.lora_B,0
1768387726.608344,605,18.9375,0.3076232075691223,Grad/qkv.lora_B,outputs_dev/vitb16/T=vtab_Q=3bit_L=lora_2_qkv-fc1-proj-fc2/cifar/20260114184203_default_acc=53.50/tensorboard/Grad_qkv.lora_B_block_0/events.out.tfevents.1768387346.master-192-168-8-48.1680.2,qkv.lora_B,0
1768387727.0337217,606,18.96875,0.39756470918655396,Grad/qkv.lora_B,outputs_dev/vitb16/T=vtab_Q=3bit_L=lora_2_qkv-fc1-proj-fc2/cifar/20260114184203_default_acc=53.50/tensorboard/Grad_qkv.lora_B_block_0/events.out.tfevents.1768387346.master-192-168-8-48.1680.2,qkv.lora_B,0
1768387727.2588744,607,19.0,0.4059705436229706,Grad/qkv.lora_B,outputs_dev/vitb16/T=vtab_Q=3bit_L=lora_2_qkv-fc1-proj-fc2/cifar/20260114184203_default_acc=53.50/tensorboard/Grad_qkv.lora_B_block_0/events.out.tfevents.1768387346.master-192-168-8-48.1680.2,qkv.lora_B,0
1768387727.9516287,608,19.03125,0.42185497283935547,Grad/qkv.lora_B,outputs_dev/vitb16/T=vtab_Q=3bit_L=lora_2_qkv-fc1-proj-fc2/cifar/20260114184203_default_acc=53.50/tensorboard/Grad_qkv.lora_B_block_0/events.out.tfevents.1768387346.master-192-168-8-48.1680.2,qkv.lora_B,0
1768387728.3846312,609,19.0625,0.434226930141449,Grad/qkv.lora_B,outputs_dev/vitb16/T=vtab_Q=3bit_L=lora_2_qkv-fc1-proj-fc2/cifar/20260114184203_default_acc=53.50/tensorboard/Grad_qkv.lora_B_block_0/events.out.tfevents.1768387346.master-192-168-8-48.1680.2,qkv.lora_B,0
1768387728.829181,610,19.09375,0.32861214876174927,Grad/qkv.lora_B,outputs_dev/vitb16/T=vtab_Q=3bit_L=lora_2_qkv-fc1-proj-fc2/cifar/20260114184203_default_acc=53.50/tensorboard/Grad_qkv.lora_B_block_0/events.out.tfevents.1768387346.master-192-168-8-48.1680.2,qkv.lora_B,0
1768387729.2602224,611,19.125,0.33057957887649536,Grad/qkv.lora_B,outputs_dev/vitb16/T=vtab_Q=3bit_L=lora_2_qkv-fc1-proj-fc2/cifar/20260114184203_default_acc=53.50/tensorboard/Grad_qkv.lora_B_block_0/events.out.tfevents.1768387346.master-192-168-8-48.1680.2,qkv.lora_B,0
1768387729.6850595,612,19.15625,0.33111506700515747,Grad/qkv.lora_B,outputs_dev/vitb16/T=vtab_Q=3bit_L=lora_2_qkv-fc1-proj-fc2/cifar/20260114184203_default_acc=53.50/tensorboard/Grad_qkv.lora_B_block_0/events.out.tfevents.1768387346.master-192-168-8-48.1680.2,qkv.lora_B,0
1768387730.1132436,613,19.1875,0.35117077827453613,Grad/qkv.lora_B,outputs_dev/vitb16/T=vtab_Q=3bit_L=lora_2_qkv-fc1-proj-fc2/cifar/20260114184203_default_acc=53.50/tensorboard/Grad_qkv.lora_B_block_0/events.out.tfevents.1768387346.master-192-168-8-48.1680.2,qkv.lora_B,0
1768387730.5387855,614,19.21875,0.8172236680984497,Grad/qkv.lora_B,outputs_dev/vitb16/T=vtab_Q=3bit_L=lora_2_qkv-fc1-proj-fc2/cifar/20260114184203_default_acc=53.50/tensorboard/Grad_qkv.lora_B_block_0/events.out.tfevents.1768387346.master-192-168-8-48.1680.2,qkv.lora_B,0
1768387730.9666576,615,19.25,0.27776554226875305,Grad/qkv.lora_B,outputs_dev/vitb16/T=vtab_Q=3bit_L=lora_2_qkv-fc1-proj-fc2/cifar/20260114184203_default_acc=53.50/tensorboard/Grad_qkv.lora_B_block_0/events.out.tfevents.1768387346.master-192-168-8-48.1680.2,qkv.lora_B,0
1768387731.3996713,616,19.28125,0.31966084241867065,Grad/qkv.lora_B,outputs_dev/vitb16/T=vtab_Q=3bit_L=lora_2_qkv-fc1-proj-fc2/cifar/20260114184203_default_acc=53.50/tensorboard/Grad_qkv.lora_B_block_0/events.out.tfevents.1768387346.master-192-168-8-48.1680.2,qkv.lora_B,0
1768387731.8173594,617,19.3125,0.34909677505493164,Grad/qkv.lora_B,outputs_dev/vitb16/T=vtab_Q=3bit_L=lora_2_qkv-fc1-proj-fc2/cifar/20260114184203_default_acc=53.50/tensorboard/Grad_qkv.lora_B_block_0/events.out.tfevents.1768387346.master-192-168-8-48.1680.2,qkv.lora_B,0
1768387732.2443411,618,19.34375,0.35123422741889954,Grad/qkv.lora_B,outputs_dev/vitb16/T=vtab_Q=3bit_L=lora_2_qkv-fc1-proj-fc2/cifar/20260114184203_default_acc=53.50/tensorboard/Grad_qkv.lora_B_block_0/events.out.tfevents.1768387346.master-192-168-8-48.1680.2,qkv.lora_B,0
1768387732.675879,619,19.375,0.27905139327049255,Grad/qkv.lora_B,outputs_dev/vitb16/T=vtab_Q=3bit_L=lora_2_qkv-fc1-proj-fc2/cifar/20260114184203_default_acc=53.50/tensorboard/Grad_qkv.lora_B_block_0/events.out.tfevents.1768387346.master-192-168-8-48.1680.2,qkv.lora_B,0
1768387733.1058338,620,19.40625,0.7281144261360168,Grad/qkv.lora_B,outputs_dev/vitb16/T=vtab_Q=3bit_L=lora_2_qkv-fc1-proj-fc2/cifar/20260114184203_default_acc=53.50/tensorboard/Grad_qkv.lora_B_block_0/events.out.tfevents.1768387346.master-192-168-8-48.1680.2,qkv.lora_B,0
1768387733.546994,621,19.4375,0.4598711431026459,Grad/qkv.lora_B,outputs_dev/vitb16/T=vtab_Q=3bit_L=lora_2_qkv-fc1-proj-fc2/cifar/20260114184203_default_acc=53.50/tensorboard/Grad_qkv.lora_B_block_0/events.out.tfevents.1768387346.master-192-168-8-48.1680.2,qkv.lora_B,0
1768387733.9782555,622,19.46875,0.2621234953403473,Grad/qkv.lora_B,outputs_dev/vitb16/T=vtab_Q=3bit_L=lora_2_qkv-fc1-proj-fc2/cifar/20260114184203_default_acc=53.50/tensorboard/Grad_qkv.lora_B_block_0/events.out.tfevents.1768387346.master-192-168-8-48.1680.2,qkv.lora_B,0
1768387734.4078066,623,19.5,0.4053541421890259,Grad/qkv.lora_B,outputs_dev/vitb16/T=vtab_Q=3bit_L=lora_2_qkv-fc1-proj-fc2/cifar/20260114184203_default_acc=53.50/tensorboard/Grad_qkv.lora_B_block_0/events.out.tfevents.1768387346.master-192-168-8-48.1680.2,qkv.lora_B,0
1768387734.854935,624,19.53125,0.42429059743881226,Grad/qkv.lora_B,outputs_dev/vitb16/T=vtab_Q=3bit_L=lora_2_qkv-fc1-proj-fc2/cifar/20260114184203_default_acc=53.50/tensorboard/Grad_qkv.lora_B_block_0/events.out.tfevents.1768387346.master-192-168-8-48.1680.2,qkv.lora_B,0
1768387735.2845852,625,19.5625,0.39185819029808044,Grad/qkv.lora_B,outputs_dev/vitb16/T=vtab_Q=3bit_L=lora_2_qkv-fc1-proj-fc2/cifar/20260114184203_default_acc=53.50/tensorboard/Grad_qkv.lora_B_block_0/events.out.tfevents.1768387346.master-192-168-8-48.1680.2,qkv.lora_B,0
1768387735.7138603,626,19.59375,0.2930489182472229,Grad/qkv.lora_B,outputs_dev/vitb16/T=vtab_Q=3bit_L=lora_2_qkv-fc1-proj-fc2/cifar/20260114184203_default_acc=53.50/tensorboard/Grad_qkv.lora_B_block_0/events.out.tfevents.1768387346.master-192-168-8-48.1680.2,qkv.lora_B,0
1768387736.1424809,627,19.625,0.4778086543083191,Grad/qkv.lora_B,outputs_dev/vitb16/T=vtab_Q=3bit_L=lora_2_qkv-fc1-proj-fc2/cifar/20260114184203_default_acc=53.50/tensorboard/Grad_qkv.lora_B_block_0/events.out.tfevents.1768387346.master-192-168-8-48.1680.2,qkv.lora_B,0
1768387736.5701737,628,19.65625,0.3507404625415802,Grad/qkv.lora_B,outputs_dev/vitb16/T=vtab_Q=3bit_L=lora_2_qkv-fc1-proj-fc2/cifar/20260114184203_default_acc=53.50/tensorboard/Grad_qkv.lora_B_block_0/events.out.tfevents.1768387346.master-192-168-8-48.1680.2,qkv.lora_B,0
1768387737.0026274,629,19.6875,0.24446851015090942,Grad/qkv.lora_B,outputs_dev/vitb16/T=vtab_Q=3bit_L=lora_2_qkv-fc1-proj-fc2/cifar/20260114184203_default_acc=53.50/tensorboard/Grad_qkv.lora_B_block_0/events.out.tfevents.1768387346.master-192-168-8-48.1680.2,qkv.lora_B,0
1768387737.4332168,630,19.71875,0.45928359031677246,Grad/qkv.lora_B,outputs_dev/vitb16/T=vtab_Q=3bit_L=lora_2_qkv-fc1-proj-fc2/cifar/20260114184203_default_acc=53.50/tensorboard/Grad_qkv.lora_B_block_0/events.out.tfevents.1768387346.master-192-168-8-48.1680.2,qkv.lora_B,0
1768387737.862618,631,19.75,0.42617201805114746,Grad/qkv.lora_B,outputs_dev/vitb16/T=vtab_Q=3bit_L=lora_2_qkv-fc1-proj-fc2/cifar/20260114184203_default_acc=53.50/tensorboard/Grad_qkv.lora_B_block_0/events.out.tfevents.1768387346.master-192-168-8-48.1680.2,qkv.lora_B,0
1768387738.2889585,632,19.78125,0.37243905663490295,Grad/qkv.lora_B,outputs_dev/vitb16/T=vtab_Q=3bit_L=lora_2_qkv-fc1-proj-fc2/cifar/20260114184203_default_acc=53.50/tensorboard/Grad_qkv.lora_B_block_0/events.out.tfevents.1768387346.master-192-168-8-48.1680.2,qkv.lora_B,0
1768387738.7176614,633,19.8125,0.44912564754486084,Grad/qkv.lora_B,outputs_dev/vitb16/T=vtab_Q=3bit_L=lora_2_qkv-fc1-proj-fc2/cifar/20260114184203_default_acc=53.50/tensorboard/Grad_qkv.lora_B_block_0/events.out.tfevents.1768387346.master-192-168-8-48.1680.2,qkv.lora_B,0
1768387739.145617,634,19.84375,0.21551279723644257,Grad/qkv.lora_B,outputs_dev/vitb16/T=vtab_Q=3bit_L=lora_2_qkv-fc1-proj-fc2/cifar/20260114184203_default_acc=53.50/tensorboard/Grad_qkv.lora_B_block_0/events.out.tfevents.1768387346.master-192-168-8-48.1680.2,qkv.lora_B,0
1768387739.5738611,635,19.875,0.2368931919336319,Grad/qkv.lora_B,outputs_dev/vitb16/T=vtab_Q=3bit_L=lora_2_qkv-fc1-proj-fc2/cifar/20260114184203_default_acc=53.50/tensorboard/Grad_qkv.lora_B_block_0/events.out.tfevents.1768387346.master-192-168-8-48.1680.2,qkv.lora_B,0
1768387740.001886,636,19.90625,0.4569154977798462,Grad/qkv.lora_B,outputs_dev/vitb16/T=vtab_Q=3bit_L=lora_2_qkv-fc1-proj-fc2/cifar/20260114184203_default_acc=53.50/tensorboard/Grad_qkv.lora_B_block_0/events.out.tfevents.1768387346.master-192-168-8-48.1680.2,qkv.lora_B,0
1768387740.4308572,637,19.9375,0.31797152757644653,Grad/qkv.lora_B,outputs_dev/vitb16/T=vtab_Q=3bit_L=lora_2_qkv-fc1-proj-fc2/cifar/20260114184203_default_acc=53.50/tensorboard/Grad_qkv.lora_B_block_0/events.out.tfevents.1768387346.master-192-168-8-48.1680.2,qkv.lora_B,0
1768387740.8615065,638,19.96875,0.2930557429790497,Grad/qkv.lora_B,outputs_dev/vitb16/T=vtab_Q=3bit_L=lora_2_qkv-fc1-proj-fc2/cifar/20260114184203_default_acc=53.50/tensorboard/Grad_qkv.lora_B_block_0/events.out.tfevents.1768387346.master-192-168-8-48.1680.2,qkv.lora_B,0
1768387741.0798738,639,20.0,0.4197739362716675,Grad/qkv.lora_B,outputs_dev/vitb16/T=vtab_Q=3bit_L=lora_2_qkv-fc1-proj-fc2/cifar/20260114184203_default_acc=53.50/tensorboard/Grad_qkv.lora_B_block_0/events.out.tfevents.1768387346.master-192-168-8-48.1680.2,qkv.lora_B,0
1768387741.7944891,640,20.03125,0.2311367690563202,Grad/qkv.lora_B,outputs_dev/vitb16/T=vtab_Q=3bit_L=lora_2_qkv-fc1-proj-fc2/cifar/20260114184203_default_acc=53.50/tensorboard/Grad_qkv.lora_B_block_0/events.out.tfevents.1768387346.master-192-168-8-48.1680.2,qkv.lora_B,0
1768387742.2247746,641,20.0625,0.308097243309021,Grad/qkv.lora_B,outputs_dev/vitb16/T=vtab_Q=3bit_L=lora_2_qkv-fc1-proj-fc2/cifar/20260114184203_default_acc=53.50/tensorboard/Grad_qkv.lora_B_block_0/events.out.tfevents.1768387346.master-192-168-8-48.1680.2,qkv.lora_B,0
1768387742.6531868,642,20.09375,0.41799694299697876,Grad/qkv.lora_B,outputs_dev/vitb16/T=vtab_Q=3bit_L=lora_2_qkv-fc1-proj-fc2/cifar/20260114184203_default_acc=53.50/tensorboard/Grad_qkv.lora_B_block_0/events.out.tfevents.1768387346.master-192-168-8-48.1680.2,qkv.lora_B,0
1768387743.0786402,643,20.125,0.3519396185874939,Grad/qkv.lora_B,outputs_dev/vitb16/T=vtab_Q=3bit_L=lora_2_qkv-fc1-proj-fc2/cifar/20260114184203_default_acc=53.50/tensorboard/Grad_qkv.lora_B_block_0/events.out.tfevents.1768387346.master-192-168-8-48.1680.2,qkv.lora_B,0
1768387743.5061667,644,20.15625,0.3082529306411743,Grad/qkv.lora_B,outputs_dev/vitb16/T=vtab_Q=3bit_L=lora_2_qkv-fc1-proj-fc2/cifar/20260114184203_default_acc=53.50/tensorboard/Grad_qkv.lora_B_block_0/events.out.tfevents.1768387346.master-192-168-8-48.1680.2,qkv.lora_B,0
1768387743.9598963,645,20.1875,0.21736274659633636,Grad/qkv.lora_B,outputs_dev/vitb16/T=vtab_Q=3bit_L=lora_2_qkv-fc1-proj-fc2/cifar/20260114184203_default_acc=53.50/tensorboard/Grad_qkv.lora_B_block_0/events.out.tfevents.1768387346.master-192-168-8-48.1680.2,qkv.lora_B,0
1768387744.404609,646,20.21875,0.3228996992111206,Grad/qkv.lora_B,outputs_dev/vitb16/T=vtab_Q=3bit_L=lora_2_qkv-fc1-proj-fc2/cifar/20260114184203_default_acc=53.50/tensorboard/Grad_qkv.lora_B_block_0/events.out.tfevents.1768387346.master-192-168-8-48.1680.2,qkv.lora_B,0
1768387744.832961,647,20.25,0.47832226753234863,Grad/qkv.lora_B,outputs_dev/vitb16/T=vtab_Q=3bit_L=lora_2_qkv-fc1-proj-fc2/cifar/20260114184203_default_acc=53.50/tensorboard/Grad_qkv.lora_B_block_0/events.out.tfevents.1768387346.master-192-168-8-48.1680.2,qkv.lora_B,0
1768387745.264996,648,20.28125,0.6103262901306152,Grad/qkv.lora_B,outputs_dev/vitb16/T=vtab_Q=3bit_L=lora_2_qkv-fc1-proj-fc2/cifar/20260114184203_default_acc=53.50/tensorboard/Grad_qkv.lora_B_block_0/events.out.tfevents.1768387346.master-192-168-8-48.1680.2,qkv.lora_B,0
1768387745.7043397,649,20.3125,0.4783400595188141,Grad/qkv.lora_B,outputs_dev/vitb16/T=vtab_Q=3bit_L=lora_2_qkv-fc1-proj-fc2/cifar/20260114184203_default_acc=53.50/tensorboard/Grad_qkv.lora_B_block_0/events.out.tfevents.1768387346.master-192-168-8-48.1680.2,qkv.lora_B,0
1768387746.1342402,650,20.34375,0.5853124260902405,Grad/qkv.lora_B,outputs_dev/vitb16/T=vtab_Q=3bit_L=lora_2_qkv-fc1-proj-fc2/cifar/20260114184203_default_acc=53.50/tensorboard/Grad_qkv.lora_B_block_0/events.out.tfevents.1768387346.master-192-168-8-48.1680.2,qkv.lora_B,0
1768387746.565038,651,20.375,0.2687167525291443,Grad/qkv.lora_B,outputs_dev/vitb16/T=vtab_Q=3bit_L=lora_2_qkv-fc1-proj-fc2/cifar/20260114184203_default_acc=53.50/tensorboard/Grad_qkv.lora_B_block_0/events.out.tfevents.1768387346.master-192-168-8-48.1680.2,qkv.lora_B,0
1768387746.9957416,652,20.40625,0.3460930287837982,Grad/qkv.lora_B,outputs_dev/vitb16/T=vtab_Q=3bit_L=lora_2_qkv-fc1-proj-fc2/cifar/20260114184203_default_acc=53.50/tensorboard/Grad_qkv.lora_B_block_0/events.out.tfevents.1768387346.master-192-168-8-48.1680.2,qkv.lora_B,0
1768387747.4255831,653,20.4375,0.8274981379508972,Grad/qkv.lora_B,outputs_dev/vitb16/T=vtab_Q=3bit_L=lora_2_qkv-fc1-proj-fc2/cifar/20260114184203_default_acc=53.50/tensorboard/Grad_qkv.lora_B_block_0/events.out.tfevents.1768387346.master-192-168-8-48.1680.2,qkv.lora_B,0
1768387747.8587084,654,20.46875,0.1983761489391327,Grad/qkv.lora_B,outputs_dev/vitb16/T=vtab_Q=3bit_L=lora_2_qkv-fc1-proj-fc2/cifar/20260114184203_default_acc=53.50/tensorboard/Grad_qkv.lora_B_block_0/events.out.tfevents.1768387346.master-192-168-8-48.1680.2,qkv.lora_B,0
1768387748.2867436,655,20.5,0.35808002948760986,Grad/qkv.lora_B,outputs_dev/vitb16/T=vtab_Q=3bit_L=lora_2_qkv-fc1-proj-fc2/cifar/20260114184203_default_acc=53.50/tensorboard/Grad_qkv.lora_B_block_0/events.out.tfevents.1768387346.master-192-168-8-48.1680.2,qkv.lora_B,0
1768387748.725936,656,20.53125,1.6658023595809937,Grad/qkv.lora_B,outputs_dev/vitb16/T=vtab_Q=3bit_L=lora_2_qkv-fc1-proj-fc2/cifar/20260114184203_default_acc=53.50/tensorboard/Grad_qkv.lora_B_block_0/events.out.tfevents.1768387346.master-192-168-8-48.1680.2,qkv.lora_B,0
1768387749.157002,657,20.5625,0.2920738756656647,Grad/qkv.lora_B,outputs_dev/vitb16/T=vtab_Q=3bit_L=lora_2_qkv-fc1-proj-fc2/cifar/20260114184203_default_acc=53.50/tensorboard/Grad_qkv.lora_B_block_0/events.out.tfevents.1768387346.master-192-168-8-48.1680.2,qkv.lora_B,0
1768387749.602687,658,20.59375,0.34427082538604736,Grad/qkv.lora_B,outputs_dev/vitb16/T=vtab_Q=3bit_L=lora_2_qkv-fc1-proj-fc2/cifar/20260114184203_default_acc=53.50/tensorboard/Grad_qkv.lora_B_block_0/events.out.tfevents.1768387346.master-192-168-8-48.1680.2,qkv.lora_B,0
1768387750.0501661,659,20.625,0.31244656443595886,Grad/qkv.lora_B,outputs_dev/vitb16/T=vtab_Q=3bit_L=lora_2_qkv-fc1-proj-fc2/cifar/20260114184203_default_acc=53.50/tensorboard/Grad_qkv.lora_B_block_0/events.out.tfevents.1768387346.master-192-168-8-48.1680.2,qkv.lora_B,0
1768387750.4817908,660,20.65625,0.2681976556777954,Grad/qkv.lora_B,outputs_dev/vitb16/T=vtab_Q=3bit_L=lora_2_qkv-fc1-proj-fc2/cifar/20260114184203_default_acc=53.50/tensorboard/Grad_qkv.lora_B_block_0/events.out.tfevents.1768387346.master-192-168-8-48.1680.2,qkv.lora_B,0
1768387750.9130461,661,20.6875,0.2280299961566925,Grad/qkv.lora_B,outputs_dev/vitb16/T=vtab_Q=3bit_L=lora_2_qkv-fc1-proj-fc2/cifar/20260114184203_default_acc=53.50/tensorboard/Grad_qkv.lora_B_block_0/events.out.tfevents.1768387346.master-192-168-8-48.1680.2,qkv.lora_B,0
1768387751.3412979,662,20.71875,0.33767253160476685,Grad/qkv.lora_B,outputs_dev/vitb16/T=vtab_Q=3bit_L=lora_2_qkv-fc1-proj-fc2/cifar/20260114184203_default_acc=53.50/tensorboard/Grad_qkv.lora_B_block_0/events.out.tfevents.1768387346.master-192-168-8-48.1680.2,qkv.lora_B,0
1768387751.801923,663,20.75,0.3051380515098572,Grad/qkv.lora_B,outputs_dev/vitb16/T=vtab_Q=3bit_L=lora_2_qkv-fc1-proj-fc2/cifar/20260114184203_default_acc=53.50/tensorboard/Grad_qkv.lora_B_block_0/events.out.tfevents.1768387346.master-192-168-8-48.1680.2,qkv.lora_B,0
1768387752.2276056,664,20.78125,0.2391492873430252,Grad/qkv.lora_B,outputs_dev/vitb16/T=vtab_Q=3bit_L=lora_2_qkv-fc1-proj-fc2/cifar/20260114184203_default_acc=53.50/tensorboard/Grad_qkv.lora_B_block_0/events.out.tfevents.1768387346.master-192-168-8-48.1680.2,qkv.lora_B,0
1768387752.666186,665,20.8125,0.25482600927352905,Grad/qkv.lora_B,outputs_dev/vitb16/T=vtab_Q=3bit_L=lora_2_qkv-fc1-proj-fc2/cifar/20260114184203_default_acc=53.50/tensorboard/Grad_qkv.lora_B_block_0/events.out.tfevents.1768387346.master-192-168-8-48.1680.2,qkv.lora_B,0
1768387753.0893314,666,20.84375,0.25136274099349976,Grad/qkv.lora_B,outputs_dev/vitb16/T=vtab_Q=3bit_L=lora_2_qkv-fc1-proj-fc2/cifar/20260114184203_default_acc=53.50/tensorboard/Grad_qkv.lora_B_block_0/events.out.tfevents.1768387346.master-192-168-8-48.1680.2,qkv.lora_B,0
1768387753.523815,667,20.875,0.3221842050552368,Grad/qkv.lora_B,outputs_dev/vitb16/T=vtab_Q=3bit_L=lora_2_qkv-fc1-proj-fc2/cifar/20260114184203_default_acc=53.50/tensorboard/Grad_qkv.lora_B_block_0/events.out.tfevents.1768387346.master-192-168-8-48.1680.2,qkv.lora_B,0
1768387753.9601803,668,20.90625,0.45453181862831116,Grad/qkv.lora_B,outputs_dev/vitb16/T=vtab_Q=3bit_L=lora_2_qkv-fc1-proj-fc2/cifar/20260114184203_default_acc=53.50/tensorboard/Grad_qkv.lora_B_block_0/events.out.tfevents.1768387346.master-192-168-8-48.1680.2,qkv.lora_B,0
1768387754.3962402,669,20.9375,0.18391825258731842,Grad/qkv.lora_B,outputs_dev/vitb16/T=vtab_Q=3bit_L=lora_2_qkv-fc1-proj-fc2/cifar/20260114184203_default_acc=53.50/tensorboard/Grad_qkv.lora_B_block_0/events.out.tfevents.1768387346.master-192-168-8-48.1680.2,qkv.lora_B,0
1768387754.8201704,670,20.96875,0.2439453899860382,Grad/qkv.lora_B,outputs_dev/vitb16/T=vtab_Q=3bit_L=lora_2_qkv-fc1-proj-fc2/cifar/20260114184203_default_acc=53.50/tensorboard/Grad_qkv.lora_B_block_0/events.out.tfevents.1768387346.master-192-168-8-48.1680.2,qkv.lora_B,0
1768387755.027569,671,21.0,0.3966831564903259,Grad/qkv.lora_B,outputs_dev/vitb16/T=vtab_Q=3bit_L=lora_2_qkv-fc1-proj-fc2/cifar/20260114184203_default_acc=53.50/tensorboard/Grad_qkv.lora_B_block_0/events.out.tfevents.1768387346.master-192-168-8-48.1680.2,qkv.lora_B,0
1768387795.7898715,672,21.03125,0.27449068427085876,Grad/qkv.lora_B,outputs_dev/vitb16/T=vtab_Q=3bit_L=lora_2_qkv-fc1-proj-fc2/cifar/20260114184203_default_acc=53.50/tensorboard/Grad_qkv.lora_B_block_0/events.out.tfevents.1768387346.master-192-168-8-48.1680.2,qkv.lora_B,0
1768387796.215742,673,21.0625,0.3302029073238373,Grad/qkv.lora_B,outputs_dev/vitb16/T=vtab_Q=3bit_L=lora_2_qkv-fc1-proj-fc2/cifar/20260114184203_default_acc=53.50/tensorboard/Grad_qkv.lora_B_block_0/events.out.tfevents.1768387346.master-192-168-8-48.1680.2,qkv.lora_B,0
1768387796.646531,674,21.09375,0.28317561745643616,Grad/qkv.lora_B,outputs_dev/vitb16/T=vtab_Q=3bit_L=lora_2_qkv-fc1-proj-fc2/cifar/20260114184203_default_acc=53.50/tensorboard/Grad_qkv.lora_B_block_0/events.out.tfevents.1768387346.master-192-168-8-48.1680.2,qkv.lora_B,0
1768387797.072055,675,21.125,0.15599265694618225,Grad/qkv.lora_B,outputs_dev/vitb16/T=vtab_Q=3bit_L=lora_2_qkv-fc1-proj-fc2/cifar/20260114184203_default_acc=53.50/tensorboard/Grad_qkv.lora_B_block_0/events.out.tfevents.1768387346.master-192-168-8-48.1680.2,qkv.lora_B,0
1768387797.497343,676,21.15625,0.28942999243736267,Grad/qkv.lora_B,outputs_dev/vitb16/T=vtab_Q=3bit_L=lora_2_qkv-fc1-proj-fc2/cifar/20260114184203_default_acc=53.50/tensorboard/Grad_qkv.lora_B_block_0/events.out.tfevents.1768387346.master-192-168-8-48.1680.2,qkv.lora_B,0
1768387797.9236782,677,21.1875,0.3565512001514435,Grad/qkv.lora_B,outputs_dev/vitb16/T=vtab_Q=3bit_L=lora_2_qkv-fc1-proj-fc2/cifar/20260114184203_default_acc=53.50/tensorboard/Grad_qkv.lora_B_block_0/events.out.tfevents.1768387346.master-192-168-8-48.1680.2,qkv.lora_B,0
1768387798.358886,678,21.21875,0.39802464842796326,Grad/qkv.lora_B,outputs_dev/vitb16/T=vtab_Q=3bit_L=lora_2_qkv-fc1-proj-fc2/cifar/20260114184203_default_acc=53.50/tensorboard/Grad_qkv.lora_B_block_0/events.out.tfevents.1768387346.master-192-168-8-48.1680.2,qkv.lora_B,0
1768387798.79392,679,21.25,0.3541833460330963,Grad/qkv.lora_B,outputs_dev/vitb16/T=vtab_Q=3bit_L=lora_2_qkv-fc1-proj-fc2/cifar/20260114184203_default_acc=53.50/tensorboard/Grad_qkv.lora_B_block_0/events.out.tfevents.1768387346.master-192-168-8-48.1680.2,qkv.lora_B,0
1768387799.2200882,680,21.28125,0.3336111903190613,Grad/qkv.lora_B,outputs_dev/vitb16/T=vtab_Q=3bit_L=lora_2_qkv-fc1-proj-fc2/cifar/20260114184203_default_acc=53.50/tensorboard/Grad_qkv.lora_B_block_0/events.out.tfevents.1768387346.master-192-168-8-48.1680.2,qkv.lora_B,0
1768387799.6652844,681,21.3125,0.5007151961326599,Grad/qkv.lora_B,outputs_dev/vitb16/T=vtab_Q=3bit_L=lora_2_qkv-fc1-proj-fc2/cifar/20260114184203_default_acc=53.50/tensorboard/Grad_qkv.lora_B_block_0/events.out.tfevents.1768387346.master-192-168-8-48.1680.2,qkv.lora_B,0
1768387800.0931966,682,21.34375,0.24826522171497345,Grad/qkv.lora_B,outputs_dev/vitb16/T=vtab_Q=3bit_L=lora_2_qkv-fc1-proj-fc2/cifar/20260114184203_default_acc=53.50/tensorboard/Grad_qkv.lora_B_block_0/events.out.tfevents.1768387346.master-192-168-8-48.1680.2,qkv.lora_B,0
1768387800.5205696,683,21.375,0.48693275451660156,Grad/qkv.lora_B,outputs_dev/vitb16/T=vtab_Q=3bit_L=lora_2_qkv-fc1-proj-fc2/cifar/20260114184203_default_acc=53.50/tensorboard/Grad_qkv.lora_B_block_0/events.out.tfevents.1768387346.master-192-168-8-48.1680.2,qkv.lora_B,0
1768387800.945396,684,21.40625,0.34289565682411194,Grad/qkv.lora_B,outputs_dev/vitb16/T=vtab_Q=3bit_L=lora_2_qkv-fc1-proj-fc2/cifar/20260114184203_default_acc=53.50/tensorboard/Grad_qkv.lora_B_block_0/events.out.tfevents.1768387346.master-192-168-8-48.1680.2,qkv.lora_B,0
1768387801.3715954,685,21.4375,0.33515146374702454,Grad/qkv.lora_B,outputs_dev/vitb16/T=vtab_Q=3bit_L=lora_2_qkv-fc1-proj-fc2/cifar/20260114184203_default_acc=53.50/tensorboard/Grad_qkv.lora_B_block_0/events.out.tfevents.1768387346.master-192-168-8-48.1680.2,qkv.lora_B,0
1768387801.7940695,686,21.46875,0.29790759086608887,Grad/qkv.lora_B,outputs_dev/vitb16/T=vtab_Q=3bit_L=lora_2_qkv-fc1-proj-fc2/cifar/20260114184203_default_acc=53.50/tensorboard/Grad_qkv.lora_B_block_0/events.out.tfevents.1768387346.master-192-168-8-48.1680.2,qkv.lora_B,0
1768387802.219538,687,21.5,0.2738427519798279,Grad/qkv.lora_B,outputs_dev/vitb16/T=vtab_Q=3bit_L=lora_2_qkv-fc1-proj-fc2/cifar/20260114184203_default_acc=53.50/tensorboard/Grad_qkv.lora_B_block_0/events.out.tfevents.1768387346.master-192-168-8-48.1680.2,qkv.lora_B,0
1768387802.6434934,688,21.53125,0.33737918734550476,Grad/qkv.lora_B,outputs_dev/vitb16/T=vtab_Q=3bit_L=lora_2_qkv-fc1-proj-fc2/cifar/20260114184203_default_acc=53.50/tensorboard/Grad_qkv.lora_B_block_0/events.out.tfevents.1768387346.master-192-168-8-48.1680.2,qkv.lora_B,0
1768387803.065901,689,21.5625,0.302638977766037,Grad/qkv.lora_B,outputs_dev/vitb16/T=vtab_Q=3bit_L=lora_2_qkv-fc1-proj-fc2/cifar/20260114184203_default_acc=53.50/tensorboard/Grad_qkv.lora_B_block_0/events.out.tfevents.1768387346.master-192-168-8-48.1680.2,qkv.lora_B,0
1768387803.4904418,690,21.59375,0.29597294330596924,Grad/qkv.lora_B,outputs_dev/vitb16/T=vtab_Q=3bit_L=lora_2_qkv-fc1-proj-fc2/cifar/20260114184203_default_acc=53.50/tensorboard/Grad_qkv.lora_B_block_0/events.out.tfevents.1768387346.master-192-168-8-48.1680.2,qkv.lora_B,0
1768387803.914113,691,21.625,0.29333654046058655,Grad/qkv.lora_B,outputs_dev/vitb16/T=vtab_Q=3bit_L=lora_2_qkv-fc1-proj-fc2/cifar/20260114184203_default_acc=53.50/tensorboard/Grad_qkv.lora_B_block_0/events.out.tfevents.1768387346.master-192-168-8-48.1680.2,qkv.lora_B,0
1768387804.338587,692,21.65625,0.36333519220352173,Grad/qkv.lora_B,outputs_dev/vitb16/T=vtab_Q=3bit_L=lora_2_qkv-fc1-proj-fc2/cifar/20260114184203_default_acc=53.50/tensorboard/Grad_qkv.lora_B_block_0/events.out.tfevents.1768387346.master-192-168-8-48.1680.2,qkv.lora_B,0
1768387804.763385,693,21.6875,0.48321616649627686,Grad/qkv.lora_B,outputs_dev/vitb16/T=vtab_Q=3bit_L=lora_2_qkv-fc1-proj-fc2/cifar/20260114184203_default_acc=53.50/tensorboard/Grad_qkv.lora_B_block_0/events.out.tfevents.1768387346.master-192-168-8-48.1680.2,qkv.lora_B,0
1768387805.1876314,694,21.71875,0.31232360005378723,Grad/qkv.lora_B,outputs_dev/vitb16/T=vtab_Q=3bit_L=lora_2_qkv-fc1-proj-fc2/cifar/20260114184203_default_acc=53.50/tensorboard/Grad_qkv.lora_B_block_0/events.out.tfevents.1768387346.master-192-168-8-48.1680.2,qkv.lora_B,0
1768387805.6116478,695,21.75,0.27565133571624756,Grad/qkv.lora_B,outputs_dev/vitb16/T=vtab_Q=3bit_L=lora_2_qkv-fc1-proj-fc2/cifar/20260114184203_default_acc=53.50/tensorboard/Grad_qkv.lora_B_block_0/events.out.tfevents.1768387346.master-192-168-8-48.1680.2,qkv.lora_B,0
1768387806.0362434,696,21.78125,0.4927581548690796,Grad/qkv.lora_B,outputs_dev/vitb16/T=vtab_Q=3bit_L=lora_2_qkv-fc1-proj-fc2/cifar/20260114184203_default_acc=53.50/tensorboard/Grad_qkv.lora_B_block_0/events.out.tfevents.1768387346.master-192-168-8-48.1680.2,qkv.lora_B,0
1768387806.4593558,697,21.8125,0.4328089952468872,Grad/qkv.lora_B,outputs_dev/vitb16/T=vtab_Q=3bit_L=lora_2_qkv-fc1-proj-fc2/cifar/20260114184203_default_acc=53.50/tensorboard/Grad_qkv.lora_B_block_0/events.out.tfevents.1768387346.master-192-168-8-48.1680.2,qkv.lora_B,0
1768387806.8865728,698,21.84375,0.6653103232383728,Grad/qkv.lora_B,outputs_dev/vitb16/T=vtab_Q=3bit_L=lora_2_qkv-fc1-proj-fc2/cifar/20260114184203_default_acc=53.50/tensorboard/Grad_qkv.lora_B_block_0/events.out.tfevents.1768387346.master-192-168-8-48.1680.2,qkv.lora_B,0
1768387807.3220913,699,21.875,0.5416598320007324,Grad/qkv.lora_B,outputs_dev/vitb16/T=vtab_Q=3bit_L=lora_2_qkv-fc1-proj-fc2/cifar/20260114184203_default_acc=53.50/tensorboard/Grad_qkv.lora_B_block_0/events.out.tfevents.1768387346.master-192-168-8-48.1680.2,qkv.lora_B,0
1768387807.7494147,700,21.90625,0.2413175404071808,Grad/qkv.lora_B,outputs_dev/vitb16/T=vtab_Q=3bit_L=lora_2_qkv-fc1-proj-fc2/cifar/20260114184203_default_acc=53.50/tensorboard/Grad_qkv.lora_B_block_0/events.out.tfevents.1768387346.master-192-168-8-48.1680.2,qkv.lora_B,0
1768387808.1759198,701,21.9375,0.28106406331062317,Grad/qkv.lora_B,outputs_dev/vitb16/T=vtab_Q=3bit_L=lora_2_qkv-fc1-proj-fc2/cifar/20260114184203_default_acc=53.50/tensorboard/Grad_qkv.lora_B_block_0/events.out.tfevents.1768387346.master-192-168-8-48.1680.2,qkv.lora_B,0
1768387808.5999806,702,21.96875,0.3495328724384308,Grad/qkv.lora_B,outputs_dev/vitb16/T=vtab_Q=3bit_L=lora_2_qkv-fc1-proj-fc2/cifar/20260114184203_default_acc=53.50/tensorboard/Grad_qkv.lora_B_block_0/events.out.tfevents.1768387346.master-192-168-8-48.1680.2,qkv.lora_B,0
1768387808.7906563,703,22.0,0.5053011775016785,Grad/qkv.lora_B,outputs_dev/vitb16/T=vtab_Q=3bit_L=lora_2_qkv-fc1-proj-fc2/cifar/20260114184203_default_acc=53.50/tensorboard/Grad_qkv.lora_B_block_0/events.out.tfevents.1768387346.master-192-168-8-48.1680.2,qkv.lora_B,0
1768387809.6130736,704,22.03125,0.3786419630050659,Grad/qkv.lora_B,outputs_dev/vitb16/T=vtab_Q=3bit_L=lora_2_qkv-fc1-proj-fc2/cifar/20260114184203_default_acc=53.50/tensorboard/Grad_qkv.lora_B_block_0/events.out.tfevents.1768387346.master-192-168-8-48.1680.2,qkv.lora_B,0
1768387810.0556223,705,22.0625,0.3804762661457062,Grad/qkv.lora_B,outputs_dev/vitb16/T=vtab_Q=3bit_L=lora_2_qkv-fc1-proj-fc2/cifar/20260114184203_default_acc=53.50/tensorboard/Grad_qkv.lora_B_block_0/events.out.tfevents.1768387346.master-192-168-8-48.1680.2,qkv.lora_B,0
1768387810.5754178,706,22.09375,0.2715859115123749,Grad/qkv.lora_B,outputs_dev/vitb16/T=vtab_Q=3bit_L=lora_2_qkv-fc1-proj-fc2/cifar/20260114184203_default_acc=53.50/tensorboard/Grad_qkv.lora_B_block_0/events.out.tfevents.1768387346.master-192-168-8-48.1680.2,qkv.lora_B,0
1768387811.0009432,707,22.125,0.3718237578868866,Grad/qkv.lora_B,outputs_dev/vitb16/T=vtab_Q=3bit_L=lora_2_qkv-fc1-proj-fc2/cifar/20260114184203_default_acc=53.50/tensorboard/Grad_qkv.lora_B_block_0/events.out.tfevents.1768387346.master-192-168-8-48.1680.2,qkv.lora_B,0
1768387811.424871,708,22.15625,0.22644975781440735,Grad/qkv.lora_B,outputs_dev/vitb16/T=vtab_Q=3bit_L=lora_2_qkv-fc1-proj-fc2/cifar/20260114184203_default_acc=53.50/tensorboard/Grad_qkv.lora_B_block_0/events.out.tfevents.1768387346.master-192-168-8-48.1680.2,qkv.lora_B,0
1768387811.8497021,709,22.1875,0.28589797019958496,Grad/qkv.lora_B,outputs_dev/vitb16/T=vtab_Q=3bit_L=lora_2_qkv-fc1-proj-fc2/cifar/20260114184203_default_acc=53.50/tensorboard/Grad_qkv.lora_B_block_0/events.out.tfevents.1768387346.master-192-168-8-48.1680.2,qkv.lora_B,0
1768387812.2613811,710,22.21875,0.3354347348213196,Grad/qkv.lora_B,outputs_dev/vitb16/T=vtab_Q=3bit_L=lora_2_qkv-fc1-proj-fc2/cifar/20260114184203_default_acc=53.50/tensorboard/Grad_qkv.lora_B_block_0/events.out.tfevents.1768387346.master-192-168-8-48.1680.2,qkv.lora_B,0
1768387812.6894264,711,22.25,0.5025890469551086,Grad/qkv.lora_B,outputs_dev/vitb16/T=vtab_Q=3bit_L=lora_2_qkv-fc1-proj-fc2/cifar/20260114184203_default_acc=53.50/tensorboard/Grad_qkv.lora_B_block_0/events.out.tfevents.1768387346.master-192-168-8-48.1680.2,qkv.lora_B,0
1768387813.1302886,712,22.28125,0.5438399910926819,Grad/qkv.lora_B,outputs_dev/vitb16/T=vtab_Q=3bit_L=lora_2_qkv-fc1-proj-fc2/cifar/20260114184203_default_acc=53.50/tensorboard/Grad_qkv.lora_B_block_0/events.out.tfevents.1768387346.master-192-168-8-48.1680.2,qkv.lora_B,0
1768387813.5698202,713,22.3125,0.5211464166641235,Grad/qkv.lora_B,outputs_dev/vitb16/T=vtab_Q=3bit_L=lora_2_qkv-fc1-proj-fc2/cifar/20260114184203_default_acc=53.50/tensorboard/Grad_qkv.lora_B_block_0/events.out.tfevents.1768387346.master-192-168-8-48.1680.2,qkv.lora_B,0
1768387813.9935875,714,22.34375,0.5872849225997925,Grad/qkv.lora_B,outputs_dev/vitb16/T=vtab_Q=3bit_L=lora_2_qkv-fc1-proj-fc2/cifar/20260114184203_default_acc=53.50/tensorboard/Grad_qkv.lora_B_block_0/events.out.tfevents.1768387346.master-192-168-8-48.1680.2,qkv.lora_B,0
1768387814.4181495,715,22.375,0.2616789638996124,Grad/qkv.lora_B,outputs_dev/vitb16/T=vtab_Q=3bit_L=lora_2_qkv-fc1-proj-fc2/cifar/20260114184203_default_acc=53.50/tensorboard/Grad_qkv.lora_B_block_0/events.out.tfevents.1768387346.master-192-168-8-48.1680.2,qkv.lora_B,0
1768387814.841883,716,22.40625,0.40145692229270935,Grad/qkv.lora_B,outputs_dev/vitb16/T=vtab_Q=3bit_L=lora_2_qkv-fc1-proj-fc2/cifar/20260114184203_default_acc=53.50/tensorboard/Grad_qkv.lora_B_block_0/events.out.tfevents.1768387346.master-192-168-8-48.1680.2,qkv.lora_B,0
1768387815.2650793,717,22.4375,0.26588377356529236,Grad/qkv.lora_B,outputs_dev/vitb16/T=vtab_Q=3bit_L=lora_2_qkv-fc1-proj-fc2/cifar/20260114184203_default_acc=53.50/tensorboard/Grad_qkv.lora_B_block_0/events.out.tfevents.1768387346.master-192-168-8-48.1680.2,qkv.lora_B,0
1768387815.690418,718,22.46875,0.2421426922082901,Grad/qkv.lora_B,outputs_dev/vitb16/T=vtab_Q=3bit_L=lora_2_qkv-fc1-proj-fc2/cifar/20260114184203_default_acc=53.50/tensorboard/Grad_qkv.lora_B_block_0/events.out.tfevents.1768387346.master-192-168-8-48.1680.2,qkv.lora_B,0
1768387816.1143997,719,22.5,0.3570280969142914,Grad/qkv.lora_B,outputs_dev/vitb16/T=vtab_Q=3bit_L=lora_2_qkv-fc1-proj-fc2/cifar/20260114184203_default_acc=53.50/tensorboard/Grad_qkv.lora_B_block_0/events.out.tfevents.1768387346.master-192-168-8-48.1680.2,qkv.lora_B,0
1768387816.5383708,720,22.53125,0.2796446681022644,Grad/qkv.lora_B,outputs_dev/vitb16/T=vtab_Q=3bit_L=lora_2_qkv-fc1-proj-fc2/cifar/20260114184203_default_acc=53.50/tensorboard/Grad_qkv.lora_B_block_0/events.out.tfevents.1768387346.master-192-168-8-48.1680.2,qkv.lora_B,0
1768387816.9622397,721,22.5625,0.29011034965515137,Grad/qkv.lora_B,outputs_dev/vitb16/T=vtab_Q=3bit_L=lora_2_qkv-fc1-proj-fc2/cifar/20260114184203_default_acc=53.50/tensorboard/Grad_qkv.lora_B_block_0/events.out.tfevents.1768387346.master-192-168-8-48.1680.2,qkv.lora_B,0
1768387817.383282,722,22.59375,0.3207196593284607,Grad/qkv.lora_B,outputs_dev/vitb16/T=vtab_Q=3bit_L=lora_2_qkv-fc1-proj-fc2/cifar/20260114184203_default_acc=53.50/tensorboard/Grad_qkv.lora_B_block_0/events.out.tfevents.1768387346.master-192-168-8-48.1680.2,qkv.lora_B,0
1768387817.8069992,723,22.625,0.5387657284736633,Grad/qkv.lora_B,outputs_dev/vitb16/T=vtab_Q=3bit_L=lora_2_qkv-fc1-proj-fc2/cifar/20260114184203_default_acc=53.50/tensorboard/Grad_qkv.lora_B_block_0/events.out.tfevents.1768387346.master-192-168-8-48.1680.2,qkv.lora_B,0
1768387818.2312088,724,22.65625,0.21513651311397552,Grad/qkv.lora_B,outputs_dev/vitb16/T=vtab_Q=3bit_L=lora_2_qkv-fc1-proj-fc2/cifar/20260114184203_default_acc=53.50/tensorboard/Grad_qkv.lora_B_block_0/events.out.tfevents.1768387346.master-192-168-8-48.1680.2,qkv.lora_B,0
1768387818.656892,725,22.6875,0.22371603548526764,Grad/qkv.lora_B,outputs_dev/vitb16/T=vtab_Q=3bit_L=lora_2_qkv-fc1-proj-fc2/cifar/20260114184203_default_acc=53.50/tensorboard/Grad_qkv.lora_B_block_0/events.out.tfevents.1768387346.master-192-168-8-48.1680.2,qkv.lora_B,0
1768387819.0807786,726,22.71875,0.26040560007095337,Grad/qkv.lora_B,outputs_dev/vitb16/T=vtab_Q=3bit_L=lora_2_qkv-fc1-proj-fc2/cifar/20260114184203_default_acc=53.50/tensorboard/Grad_qkv.lora_B_block_0/events.out.tfevents.1768387346.master-192-168-8-48.1680.2,qkv.lora_B,0
1768387819.5218396,727,22.75,0.2932267189025879,Grad/qkv.lora_B,outputs_dev/vitb16/T=vtab_Q=3bit_L=lora_2_qkv-fc1-proj-fc2/cifar/20260114184203_default_acc=53.50/tensorboard/Grad_qkv.lora_B_block_0/events.out.tfevents.1768387346.master-192-168-8-48.1680.2,qkv.lora_B,0
1768387819.9447029,728,22.78125,0.4686781167984009,Grad/qkv.lora_B,outputs_dev/vitb16/T=vtab_Q=3bit_L=lora_2_qkv-fc1-proj-fc2/cifar/20260114184203_default_acc=53.50/tensorboard/Grad_qkv.lora_B_block_0/events.out.tfevents.1768387346.master-192-168-8-48.1680.2,qkv.lora_B,0
1768387820.366113,729,22.8125,0.1786668598651886,Grad/qkv.lora_B,outputs_dev/vitb16/T=vtab_Q=3bit_L=lora_2_qkv-fc1-proj-fc2/cifar/20260114184203_default_acc=53.50/tensorboard/Grad_qkv.lora_B_block_0/events.out.tfevents.1768387346.master-192-168-8-48.1680.2,qkv.lora_B,0
1768387820.7904274,730,22.84375,0.5674189329147339,Grad/qkv.lora_B,outputs_dev/vitb16/T=vtab_Q=3bit_L=lora_2_qkv-fc1-proj-fc2/cifar/20260114184203_default_acc=53.50/tensorboard/Grad_qkv.lora_B_block_0/events.out.tfevents.1768387346.master-192-168-8-48.1680.2,qkv.lora_B,0
1768387821.2117236,731,22.875,0.4253746271133423,Grad/qkv.lora_B,outputs_dev/vitb16/T=vtab_Q=3bit_L=lora_2_qkv-fc1-proj-fc2/cifar/20260114184203_default_acc=53.50/tensorboard/Grad_qkv.lora_B_block_0/events.out.tfevents.1768387346.master-192-168-8-48.1680.2,qkv.lora_B,0
1768387821.638401,732,22.90625,0.3180024027824402,Grad/qkv.lora_B,outputs_dev/vitb16/T=vtab_Q=3bit_L=lora_2_qkv-fc1-proj-fc2/cifar/20260114184203_default_acc=53.50/tensorboard/Grad_qkv.lora_B_block_0/events.out.tfevents.1768387346.master-192-168-8-48.1680.2,qkv.lora_B,0
1768387822.06561,733,22.9375,0.40795624256134033,Grad/qkv.lora_B,outputs_dev/vitb16/T=vtab_Q=3bit_L=lora_2_qkv-fc1-proj-fc2/cifar/20260114184203_default_acc=53.50/tensorboard/Grad_qkv.lora_B_block_0/events.out.tfevents.1768387346.master-192-168-8-48.1680.2,qkv.lora_B,0
1768387822.4919088,734,22.96875,0.3616139590740204,Grad/qkv.lora_B,outputs_dev/vitb16/T=vtab_Q=3bit_L=lora_2_qkv-fc1-proj-fc2/cifar/20260114184203_default_acc=53.50/tensorboard/Grad_qkv.lora_B_block_0/events.out.tfevents.1768387346.master-192-168-8-48.1680.2,qkv.lora_B,0
1768387822.7220027,735,23.0,0.34135544300079346,Grad/qkv.lora_B,outputs_dev/vitb16/T=vtab_Q=3bit_L=lora_2_qkv-fc1-proj-fc2/cifar/20260114184203_default_acc=53.50/tensorboard/Grad_qkv.lora_B_block_0/events.out.tfevents.1768387346.master-192-168-8-48.1680.2,qkv.lora_B,0
1768387823.3182797,736,23.03125,0.27400025725364685,Grad/qkv.lora_B,outputs_dev/vitb16/T=vtab_Q=3bit_L=lora_2_qkv-fc1-proj-fc2/cifar/20260114184203_default_acc=53.50/tensorboard/Grad_qkv.lora_B_block_0/events.out.tfevents.1768387346.master-192-168-8-48.1680.2,qkv.lora_B,0
1768387823.7685297,737,23.0625,0.25555098056793213,Grad/qkv.lora_B,outputs_dev/vitb16/T=vtab_Q=3bit_L=lora_2_qkv-fc1-proj-fc2/cifar/20260114184203_default_acc=53.50/tensorboard/Grad_qkv.lora_B_block_0/events.out.tfevents.1768387346.master-192-168-8-48.1680.2,qkv.lora_B,0
1768387824.1917481,738,23.09375,0.45300236344337463,Grad/qkv.lora_B,outputs_dev/vitb16/T=vtab_Q=3bit_L=lora_2_qkv-fc1-proj-fc2/cifar/20260114184203_default_acc=53.50/tensorboard/Grad_qkv.lora_B_block_0/events.out.tfevents.1768387346.master-192-168-8-48.1680.2,qkv.lora_B,0
1768387824.6303468,739,23.125,0.23934891819953918,Grad/qkv.lora_B,outputs_dev/vitb16/T=vtab_Q=3bit_L=lora_2_qkv-fc1-proj-fc2/cifar/20260114184203_default_acc=53.50/tensorboard/Grad_qkv.lora_B_block_0/events.out.tfevents.1768387346.master-192-168-8-48.1680.2,qkv.lora_B,0
1768387825.0769224,740,23.15625,0.4344630539417267,Grad/qkv.lora_B,outputs_dev/vitb16/T=vtab_Q=3bit_L=lora_2_qkv-fc1-proj-fc2/cifar/20260114184203_default_acc=53.50/tensorboard/Grad_qkv.lora_B_block_0/events.out.tfevents.1768387346.master-192-168-8-48.1680.2,qkv.lora_B,0
1768387825.5125844,741,23.1875,0.25288623571395874,Grad/qkv.lora_B,outputs_dev/vitb16/T=vtab_Q=3bit_L=lora_2_qkv-fc1-proj-fc2/cifar/20260114184203_default_acc=53.50/tensorboard/Grad_qkv.lora_B_block_0/events.out.tfevents.1768387346.master-192-168-8-48.1680.2,qkv.lora_B,0
1768387825.9382463,742,23.21875,0.2564375400543213,Grad/qkv.lora_B,outputs_dev/vitb16/T=vtab_Q=3bit_L=lora_2_qkv-fc1-proj-fc2/cifar/20260114184203_default_acc=53.50/tensorboard/Grad_qkv.lora_B_block_0/events.out.tfevents.1768387346.master-192-168-8-48.1680.2,qkv.lora_B,0
1768387826.3728192,743,23.25,0.20889563858509064,Grad/qkv.lora_B,outputs_dev/vitb16/T=vtab_Q=3bit_L=lora_2_qkv-fc1-proj-fc2/cifar/20260114184203_default_acc=53.50/tensorboard/Grad_qkv.lora_B_block_0/events.out.tfevents.1768387346.master-192-168-8-48.1680.2,qkv.lora_B,0
1768387826.8117394,744,23.28125,0.6282985210418701,Grad/qkv.lora_B,outputs_dev/vitb16/T=vtab_Q=3bit_L=lora_2_qkv-fc1-proj-fc2/cifar/20260114184203_default_acc=53.50/tensorboard/Grad_qkv.lora_B_block_0/events.out.tfevents.1768387346.master-192-168-8-48.1680.2,qkv.lora_B,0
1768387827.2336757,745,23.3125,0.3770812451839447,Grad/qkv.lora_B,outputs_dev/vitb16/T=vtab_Q=3bit_L=lora_2_qkv-fc1-proj-fc2/cifar/20260114184203_default_acc=53.50/tensorboard/Grad_qkv.lora_B_block_0/events.out.tfevents.1768387346.master-192-168-8-48.1680.2,qkv.lora_B,0
1768387827.6691058,746,23.34375,0.2827977240085602,Grad/qkv.lora_B,outputs_dev/vitb16/T=vtab_Q=3bit_L=lora_2_qkv-fc1-proj-fc2/cifar/20260114184203_default_acc=53.50/tensorboard/Grad_qkv.lora_B_block_0/events.out.tfevents.1768387346.master-192-168-8-48.1680.2,qkv.lora_B,0
1768387828.1122856,747,23.375,0.2319064885377884,Grad/qkv.lora_B,outputs_dev/vitb16/T=vtab_Q=3bit_L=lora_2_qkv-fc1-proj-fc2/cifar/20260114184203_default_acc=53.50/tensorboard/Grad_qkv.lora_B_block_0/events.out.tfevents.1768387346.master-192-168-8-48.1680.2,qkv.lora_B,0
1768387828.5577612,748,23.40625,0.39336130023002625,Grad/qkv.lora_B,outputs_dev/vitb16/T=vtab_Q=3bit_L=lora_2_qkv-fc1-proj-fc2/cifar/20260114184203_default_acc=53.50/tensorboard/Grad_qkv.lora_B_block_0/events.out.tfevents.1768387346.master-192-168-8-48.1680.2,qkv.lora_B,0
1768387828.995769,749,23.4375,0.2342572957277298,Grad/qkv.lora_B,outputs_dev/vitb16/T=vtab_Q=3bit_L=lora_2_qkv-fc1-proj-fc2/cifar/20260114184203_default_acc=53.50/tensorboard/Grad_qkv.lora_B_block_0/events.out.tfevents.1768387346.master-192-168-8-48.1680.2,qkv.lora_B,0
1768387829.4195487,750,23.46875,0.2513083517551422,Grad/qkv.lora_B,outputs_dev/vitb16/T=vtab_Q=3bit_L=lora_2_qkv-fc1-proj-fc2/cifar/20260114184203_default_acc=53.50/tensorboard/Grad_qkv.lora_B_block_0/events.out.tfevents.1768387346.master-192-168-8-48.1680.2,qkv.lora_B,0
1768387829.8352084,751,23.5,0.5744713544845581,Grad/qkv.lora_B,outputs_dev/vitb16/T=vtab_Q=3bit_L=lora_2_qkv-fc1-proj-fc2/cifar/20260114184203_default_acc=53.50/tensorboard/Grad_qkv.lora_B_block_0/events.out.tfevents.1768387346.master-192-168-8-48.1680.2,qkv.lora_B,0
1768387830.2596524,752,23.53125,0.24282844364643097,Grad/qkv.lora_B,outputs_dev/vitb16/T=vtab_Q=3bit_L=lora_2_qkv-fc1-proj-fc2/cifar/20260114184203_default_acc=53.50/tensorboard/Grad_qkv.lora_B_block_0/events.out.tfevents.1768387346.master-192-168-8-48.1680.2,qkv.lora_B,0
1768387830.6818562,753,23.5625,0.26694899797439575,Grad/qkv.lora_B,outputs_dev/vitb16/T=vtab_Q=3bit_L=lora_2_qkv-fc1-proj-fc2/cifar/20260114184203_default_acc=53.50/tensorboard/Grad_qkv.lora_B_block_0/events.out.tfevents.1768387346.master-192-168-8-48.1680.2,qkv.lora_B,0
1768387831.1183777,754,23.59375,0.3109586238861084,Grad/qkv.lora_B,outputs_dev/vitb16/T=vtab_Q=3bit_L=lora_2_qkv-fc1-proj-fc2/cifar/20260114184203_default_acc=53.50/tensorboard/Grad_qkv.lora_B_block_0/events.out.tfevents.1768387346.master-192-168-8-48.1680.2,qkv.lora_B,0
1768387831.5415816,755,23.625,0.2979671359062195,Grad/qkv.lora_B,outputs_dev/vitb16/T=vtab_Q=3bit_L=lora_2_qkv-fc1-proj-fc2/cifar/20260114184203_default_acc=53.50/tensorboard/Grad_qkv.lora_B_block_0/events.out.tfevents.1768387346.master-192-168-8-48.1680.2,qkv.lora_B,0
1768387831.9768536,756,23.65625,0.4252772331237793,Grad/qkv.lora_B,outputs_dev/vitb16/T=vtab_Q=3bit_L=lora_2_qkv-fc1-proj-fc2/cifar/20260114184203_default_acc=53.50/tensorboard/Grad_qkv.lora_B_block_0/events.out.tfevents.1768387346.master-192-168-8-48.1680.2,qkv.lora_B,0
1768387832.4034083,757,23.6875,0.28998255729675293,Grad/qkv.lora_B,outputs_dev/vitb16/T=vtab_Q=3bit_L=lora_2_qkv-fc1-proj-fc2/cifar/20260114184203_default_acc=53.50/tensorboard/Grad_qkv.lora_B_block_0/events.out.tfevents.1768387346.master-192-168-8-48.1680.2,qkv.lora_B,0
1768387832.8485,758,23.71875,0.22028207778930664,Grad/qkv.lora_B,outputs_dev/vitb16/T=vtab_Q=3bit_L=lora_2_qkv-fc1-proj-fc2/cifar/20260114184203_default_acc=53.50/tensorboard/Grad_qkv.lora_B_block_0/events.out.tfevents.1768387346.master-192-168-8-48.1680.2,qkv.lora_B,0
1768387833.2644956,759,23.75,0.295588880777359,Grad/qkv.lora_B,outputs_dev/vitb16/T=vtab_Q=3bit_L=lora_2_qkv-fc1-proj-fc2/cifar/20260114184203_default_acc=53.50/tensorboard/Grad_qkv.lora_B_block_0/events.out.tfevents.1768387346.master-192-168-8-48.1680.2,qkv.lora_B,0
1768387833.6904848,760,23.78125,0.5938882231712341,Grad/qkv.lora_B,outputs_dev/vitb16/T=vtab_Q=3bit_L=lora_2_qkv-fc1-proj-fc2/cifar/20260114184203_default_acc=53.50/tensorboard/Grad_qkv.lora_B_block_0/events.out.tfevents.1768387346.master-192-168-8-48.1680.2,qkv.lora_B,0
1768387834.1159515,761,23.8125,0.2823229134082794,Grad/qkv.lora_B,outputs_dev/vitb16/T=vtab_Q=3bit_L=lora_2_qkv-fc1-proj-fc2/cifar/20260114184203_default_acc=53.50/tensorboard/Grad_qkv.lora_B_block_0/events.out.tfevents.1768387346.master-192-168-8-48.1680.2,qkv.lora_B,0
1768387834.555133,762,23.84375,0.3410131633281708,Grad/qkv.lora_B,outputs_dev/vitb16/T=vtab_Q=3bit_L=lora_2_qkv-fc1-proj-fc2/cifar/20260114184203_default_acc=53.50/tensorboard/Grad_qkv.lora_B_block_0/events.out.tfevents.1768387346.master-192-168-8-48.1680.2,qkv.lora_B,0
1768387834.9961488,763,23.875,0.2551517188549042,Grad/qkv.lora_B,outputs_dev/vitb16/T=vtab_Q=3bit_L=lora_2_qkv-fc1-proj-fc2/cifar/20260114184203_default_acc=53.50/tensorboard/Grad_qkv.lora_B_block_0/events.out.tfevents.1768387346.master-192-168-8-48.1680.2,qkv.lora_B,0
1768387835.4343274,764,23.90625,0.24463430047035217,Grad/qkv.lora_B,outputs_dev/vitb16/T=vtab_Q=3bit_L=lora_2_qkv-fc1-proj-fc2/cifar/20260114184203_default_acc=53.50/tensorboard/Grad_qkv.lora_B_block_0/events.out.tfevents.1768387346.master-192-168-8-48.1680.2,qkv.lora_B,0
1768387835.8738594,765,23.9375,0.21245598793029785,Grad/qkv.lora_B,outputs_dev/vitb16/T=vtab_Q=3bit_L=lora_2_qkv-fc1-proj-fc2/cifar/20260114184203_default_acc=53.50/tensorboard/Grad_qkv.lora_B_block_0/events.out.tfevents.1768387346.master-192-168-8-48.1680.2,qkv.lora_B,0
1768387836.2875788,766,23.96875,0.3058343529701233,Grad/qkv.lora_B,outputs_dev/vitb16/T=vtab_Q=3bit_L=lora_2_qkv-fc1-proj-fc2/cifar/20260114184203_default_acc=53.50/tensorboard/Grad_qkv.lora_B_block_0/events.out.tfevents.1768387346.master-192-168-8-48.1680.2,qkv.lora_B,0
1768387836.4912996,767,24.0,0.5757983326911926,Grad/qkv.lora_B,outputs_dev/vitb16/T=vtab_Q=3bit_L=lora_2_qkv-fc1-proj-fc2/cifar/20260114184203_default_acc=53.50/tensorboard/Grad_qkv.lora_B_block_0/events.out.tfevents.1768387346.master-192-168-8-48.1680.2,qkv.lora_B,0
1768387837.2012022,768,24.03125,0.14400669932365417,Grad/qkv.lora_B,outputs_dev/vitb16/T=vtab_Q=3bit_L=lora_2_qkv-fc1-proj-fc2/cifar/20260114184203_default_acc=53.50/tensorboard/Grad_qkv.lora_B_block_0/events.out.tfevents.1768387346.master-192-168-8-48.1680.2,qkv.lora_B,0
1768387837.6402168,769,24.0625,0.23663602769374847,Grad/qkv.lora_B,outputs_dev/vitb16/T=vtab_Q=3bit_L=lora_2_qkv-fc1-proj-fc2/cifar/20260114184203_default_acc=53.50/tensorboard/Grad_qkv.lora_B_block_0/events.out.tfevents.1768387346.master-192-168-8-48.1680.2,qkv.lora_B,0
1768387838.083528,770,24.09375,0.25377359986305237,Grad/qkv.lora_B,outputs_dev/vitb16/T=vtab_Q=3bit_L=lora_2_qkv-fc1-proj-fc2/cifar/20260114184203_default_acc=53.50/tensorboard/Grad_qkv.lora_B_block_0/events.out.tfevents.1768387346.master-192-168-8-48.1680.2,qkv.lora_B,0
1768387838.5252104,771,24.125,0.42808541655540466,Grad/qkv.lora_B,outputs_dev/vitb16/T=vtab_Q=3bit_L=lora_2_qkv-fc1-proj-fc2/cifar/20260114184203_default_acc=53.50/tensorboard/Grad_qkv.lora_B_block_0/events.out.tfevents.1768387346.master-192-168-8-48.1680.2,qkv.lora_B,0
1768387838.954142,772,24.15625,0.1780354529619217,Grad/qkv.lora_B,outputs_dev/vitb16/T=vtab_Q=3bit_L=lora_2_qkv-fc1-proj-fc2/cifar/20260114184203_default_acc=53.50/tensorboard/Grad_qkv.lora_B_block_0/events.out.tfevents.1768387346.master-192-168-8-48.1680.2,qkv.lora_B,0
1768387839.384714,773,24.1875,0.3413897454738617,Grad/qkv.lora_B,outputs_dev/vitb16/T=vtab_Q=3bit_L=lora_2_qkv-fc1-proj-fc2/cifar/20260114184203_default_acc=53.50/tensorboard/Grad_qkv.lora_B_block_0/events.out.tfevents.1768387346.master-192-168-8-48.1680.2,qkv.lora_B,0
1768387839.8240304,774,24.21875,0.2373865395784378,Grad/qkv.lora_B,outputs_dev/vitb16/T=vtab_Q=3bit_L=lora_2_qkv-fc1-proj-fc2/cifar/20260114184203_default_acc=53.50/tensorboard/Grad_qkv.lora_B_block_0/events.out.tfevents.1768387346.master-192-168-8-48.1680.2,qkv.lora_B,0
1768387840.2504275,775,24.25,0.38089698553085327,Grad/qkv.lora_B,outputs_dev/vitb16/T=vtab_Q=3bit_L=lora_2_qkv-fc1-proj-fc2/cifar/20260114184203_default_acc=53.50/tensorboard/Grad_qkv.lora_B_block_0/events.out.tfevents.1768387346.master-192-168-8-48.1680.2,qkv.lora_B,0
1768387840.678602,776,24.28125,0.24166832864284515,Grad/qkv.lora_B,outputs_dev/vitb16/T=vtab_Q=3bit_L=lora_2_qkv-fc1-proj-fc2/cifar/20260114184203_default_acc=53.50/tensorboard/Grad_qkv.lora_B_block_0/events.out.tfevents.1768387346.master-192-168-8-48.1680.2,qkv.lora_B,0
1768387841.1116052,777,24.3125,0.40647825598716736,Grad/qkv.lora_B,outputs_dev/vitb16/T=vtab_Q=3bit_L=lora_2_qkv-fc1-proj-fc2/cifar/20260114184203_default_acc=53.50/tensorboard/Grad_qkv.lora_B_block_0/events.out.tfevents.1768387346.master-192-168-8-48.1680.2,qkv.lora_B,0
1768387841.5363748,778,24.34375,0.3506775200366974,Grad/qkv.lora_B,outputs_dev/vitb16/T=vtab_Q=3bit_L=lora_2_qkv-fc1-proj-fc2/cifar/20260114184203_default_acc=53.50/tensorboard/Grad_qkv.lora_B_block_0/events.out.tfevents.1768387346.master-192-168-8-48.1680.2,qkv.lora_B,0
1768387841.9597933,779,24.375,0.20707806944847107,Grad/qkv.lora_B,outputs_dev/vitb16/T=vtab_Q=3bit_L=lora_2_qkv-fc1-proj-fc2/cifar/20260114184203_default_acc=53.50/tensorboard/Grad_qkv.lora_B_block_0/events.out.tfevents.1768387346.master-192-168-8-48.1680.2,qkv.lora_B,0
1768387842.3834753,780,24.40625,0.7113222479820251,Grad/qkv.lora_B,outputs_dev/vitb16/T=vtab_Q=3bit_L=lora_2_qkv-fc1-proj-fc2/cifar/20260114184203_default_acc=53.50/tensorboard/Grad_qkv.lora_B_block_0/events.out.tfevents.1768387346.master-192-168-8-48.1680.2,qkv.lora_B,0
1768387842.7946134,781,24.4375,0.27440840005874634,Grad/qkv.lora_B,outputs_dev/vitb16/T=vtab_Q=3bit_L=lora_2_qkv-fc1-proj-fc2/cifar/20260114184203_default_acc=53.50/tensorboard/Grad_qkv.lora_B_block_0/events.out.tfevents.1768387346.master-192-168-8-48.1680.2,qkv.lora_B,0
1768387843.2227077,782,24.46875,0.36053869128227234,Grad/qkv.lora_B,outputs_dev/vitb16/T=vtab_Q=3bit_L=lora_2_qkv-fc1-proj-fc2/cifar/20260114184203_default_acc=53.50/tensorboard/Grad_qkv.lora_B_block_0/events.out.tfevents.1768387346.master-192-168-8-48.1680.2,qkv.lora_B,0
1768387843.6607046,783,24.5,0.3136169910430908,Grad/qkv.lora_B,outputs_dev/vitb16/T=vtab_Q=3bit_L=lora_2_qkv-fc1-proj-fc2/cifar/20260114184203_default_acc=53.50/tensorboard/Grad_qkv.lora_B_block_0/events.out.tfevents.1768387346.master-192-168-8-48.1680.2,qkv.lora_B,0
1768387844.0880923,784,24.53125,0.3226071894168854,Grad/qkv.lora_B,outputs_dev/vitb16/T=vtab_Q=3bit_L=lora_2_qkv-fc1-proj-fc2/cifar/20260114184203_default_acc=53.50/tensorboard/Grad_qkv.lora_B_block_0/events.out.tfevents.1768387346.master-192-168-8-48.1680.2,qkv.lora_B,0
1768387844.51361,785,24.5625,0.2752442955970764,Grad/qkv.lora_B,outputs_dev/vitb16/T=vtab_Q=3bit_L=lora_2_qkv-fc1-proj-fc2/cifar/20260114184203_default_acc=53.50/tensorboard/Grad_qkv.lora_B_block_0/events.out.tfevents.1768387346.master-192-168-8-48.1680.2,qkv.lora_B,0
1768387844.9378688,786,24.59375,0.27409297227859497,Grad/qkv.lora_B,outputs_dev/vitb16/T=vtab_Q=3bit_L=lora_2_qkv-fc1-proj-fc2/cifar/20260114184203_default_acc=53.50/tensorboard/Grad_qkv.lora_B_block_0/events.out.tfevents.1768387346.master-192-168-8-48.1680.2,qkv.lora_B,0
1768387845.3636763,787,24.625,0.17183934152126312,Grad/qkv.lora_B,outputs_dev/vitb16/T=vtab_Q=3bit_L=lora_2_qkv-fc1-proj-fc2/cifar/20260114184203_default_acc=53.50/tensorboard/Grad_qkv.lora_B_block_0/events.out.tfevents.1768387346.master-192-168-8-48.1680.2,qkv.lora_B,0
1768387845.790576,788,24.65625,0.2700444459915161,Grad/qkv.lora_B,outputs_dev/vitb16/T=vtab_Q=3bit_L=lora_2_qkv-fc1-proj-fc2/cifar/20260114184203_default_acc=53.50/tensorboard/Grad_qkv.lora_B_block_0/events.out.tfevents.1768387346.master-192-168-8-48.1680.2,qkv.lora_B,0
1768387846.2158854,789,24.6875,0.3526158630847931,Grad/qkv.lora_B,outputs_dev/vitb16/T=vtab_Q=3bit_L=lora_2_qkv-fc1-proj-fc2/cifar/20260114184203_default_acc=53.50/tensorboard/Grad_qkv.lora_B_block_0/events.out.tfevents.1768387346.master-192-168-8-48.1680.2,qkv.lora_B,0
1768387846.6412394,790,24.71875,0.26168355345726013,Grad/qkv.lora_B,outputs_dev/vitb16/T=vtab_Q=3bit_L=lora_2_qkv-fc1-proj-fc2/cifar/20260114184203_default_acc=53.50/tensorboard/Grad_qkv.lora_B_block_0/events.out.tfevents.1768387346.master-192-168-8-48.1680.2,qkv.lora_B,0
1768387847.0640385,791,24.75,0.20884355902671814,Grad/qkv.lora_B,outputs_dev/vitb16/T=vtab_Q=3bit_L=lora_2_qkv-fc1-proj-fc2/cifar/20260114184203_default_acc=53.50/tensorboard/Grad_qkv.lora_B_block_0/events.out.tfevents.1768387346.master-192-168-8-48.1680.2,qkv.lora_B,0
1768387847.4896226,792,24.78125,0.3343808650970459,Grad/qkv.lora_B,outputs_dev/vitb16/T=vtab_Q=3bit_L=lora_2_qkv-fc1-proj-fc2/cifar/20260114184203_default_acc=53.50/tensorboard/Grad_qkv.lora_B_block_0/events.out.tfevents.1768387346.master-192-168-8-48.1680.2,qkv.lora_B,0
1768387847.9132473,793,24.8125,0.2864854037761688,Grad/qkv.lora_B,outputs_dev/vitb16/T=vtab_Q=3bit_L=lora_2_qkv-fc1-proj-fc2/cifar/20260114184203_default_acc=53.50/tensorboard/Grad_qkv.lora_B_block_0/events.out.tfevents.1768387346.master-192-168-8-48.1680.2,qkv.lora_B,0
1768387848.336882,794,24.84375,0.3017120659351349,Grad/qkv.lora_B,outputs_dev/vitb16/T=vtab_Q=3bit_L=lora_2_qkv-fc1-proj-fc2/cifar/20260114184203_default_acc=53.50/tensorboard/Grad_qkv.lora_B_block_0/events.out.tfevents.1768387346.master-192-168-8-48.1680.2,qkv.lora_B,0
1768387848.7596698,795,24.875,0.2788524627685547,Grad/qkv.lora_B,outputs_dev/vitb16/T=vtab_Q=3bit_L=lora_2_qkv-fc1-proj-fc2/cifar/20260114184203_default_acc=53.50/tensorboard/Grad_qkv.lora_B_block_0/events.out.tfevents.1768387346.master-192-168-8-48.1680.2,qkv.lora_B,0
1768387849.1719162,796,24.90625,0.2915831208229065,Grad/qkv.lora_B,outputs_dev/vitb16/T=vtab_Q=3bit_L=lora_2_qkv-fc1-proj-fc2/cifar/20260114184203_default_acc=53.50/tensorboard/Grad_qkv.lora_B_block_0/events.out.tfevents.1768387346.master-192-168-8-48.1680.2,qkv.lora_B,0
1768387849.6027374,797,24.9375,0.31255266070365906,Grad/qkv.lora_B,outputs_dev/vitb16/T=vtab_Q=3bit_L=lora_2_qkv-fc1-proj-fc2/cifar/20260114184203_default_acc=53.50/tensorboard/Grad_qkv.lora_B_block_0/events.out.tfevents.1768387346.master-192-168-8-48.1680.2,qkv.lora_B,0
1768387850.025936,798,24.96875,0.3467114567756653,Grad/qkv.lora_B,outputs_dev/vitb16/T=vtab_Q=3bit_L=lora_2_qkv-fc1-proj-fc2/cifar/20260114184203_default_acc=53.50/tensorboard/Grad_qkv.lora_B_block_0/events.out.tfevents.1768387346.master-192-168-8-48.1680.2,qkv.lora_B,0
1768387850.2306569,799,25.0,0.43773090839385986,Grad/qkv.lora_B,outputs_dev/vitb16/T=vtab_Q=3bit_L=lora_2_qkv-fc1-proj-fc2/cifar/20260114184203_default_acc=53.50/tensorboard/Grad_qkv.lora_B_block_0/events.out.tfevents.1768387346.master-192-168-8-48.1680.2,qkv.lora_B,0
1768387850.9362848,800,25.03125,0.5293662548065186,Grad/qkv.lora_B,outputs_dev/vitb16/T=vtab_Q=3bit_L=lora_2_qkv-fc1-proj-fc2/cifar/20260114184203_default_acc=53.50/tensorboard/Grad_qkv.lora_B_block_0/events.out.tfevents.1768387346.master-192-168-8-48.1680.2,qkv.lora_B,0
1768387851.378629,801,25.0625,0.1759166419506073,Grad/qkv.lora_B,outputs_dev/vitb16/T=vtab_Q=3bit_L=lora_2_qkv-fc1-proj-fc2/cifar/20260114184203_default_acc=53.50/tensorboard/Grad_qkv.lora_B_block_0/events.out.tfevents.1768387346.master-192-168-8-48.1680.2,qkv.lora_B,0
1768387851.818411,802,25.09375,0.5569111108779907,Grad/qkv.lora_B,outputs_dev/vitb16/T=vtab_Q=3bit_L=lora_2_qkv-fc1-proj-fc2/cifar/20260114184203_default_acc=53.50/tensorboard/Grad_qkv.lora_B_block_0/events.out.tfevents.1768387346.master-192-168-8-48.1680.2,qkv.lora_B,0
1768387852.2474325,803,25.125,0.21459969878196716,Grad/qkv.lora_B,outputs_dev/vitb16/T=vtab_Q=3bit_L=lora_2_qkv-fc1-proj-fc2/cifar/20260114184203_default_acc=53.50/tensorboard/Grad_qkv.lora_B_block_0/events.out.tfevents.1768387346.master-192-168-8-48.1680.2,qkv.lora_B,0
1768387852.6749873,804,25.15625,0.6889777779579163,Grad/qkv.lora_B,outputs_dev/vitb16/T=vtab_Q=3bit_L=lora_2_qkv-fc1-proj-fc2/cifar/20260114184203_default_acc=53.50/tensorboard/Grad_qkv.lora_B_block_0/events.out.tfevents.1768387346.master-192-168-8-48.1680.2,qkv.lora_B,0
1768387853.0977385,805,25.1875,0.9640474915504456,Grad/qkv.lora_B,outputs_dev/vitb16/T=vtab_Q=3bit_L=lora_2_qkv-fc1-proj-fc2/cifar/20260114184203_default_acc=53.50/tensorboard/Grad_qkv.lora_B_block_0/events.out.tfevents.1768387346.master-192-168-8-48.1680.2,qkv.lora_B,0
1768387853.522391,806,25.21875,0.2771818935871124,Grad/qkv.lora_B,outputs_dev/vitb16/T=vtab_Q=3bit_L=lora_2_qkv-fc1-proj-fc2/cifar/20260114184203_default_acc=53.50/tensorboard/Grad_qkv.lora_B_block_0/events.out.tfevents.1768387346.master-192-168-8-48.1680.2,qkv.lora_B,0
1768387853.9471283,807,25.25,1.0284223556518555,Grad/qkv.lora_B,outputs_dev/vitb16/T=vtab_Q=3bit_L=lora_2_qkv-fc1-proj-fc2/cifar/20260114184203_default_acc=53.50/tensorboard/Grad_qkv.lora_B_block_0/events.out.tfevents.1768387346.master-192-168-8-48.1680.2,qkv.lora_B,0
1768387854.3714592,808,25.28125,0.18856707215309143,Grad/qkv.lora_B,outputs_dev/vitb16/T=vtab_Q=3bit_L=lora_2_qkv-fc1-proj-fc2/cifar/20260114184203_default_acc=53.50/tensorboard/Grad_qkv.lora_B_block_0/events.out.tfevents.1768387346.master-192-168-8-48.1680.2,qkv.lora_B,0
1768387854.7954695,809,25.3125,0.27437296509742737,Grad/qkv.lora_B,outputs_dev/vitb16/T=vtab_Q=3bit_L=lora_2_qkv-fc1-proj-fc2/cifar/20260114184203_default_acc=53.50/tensorboard/Grad_qkv.lora_B_block_0/events.out.tfevents.1768387346.master-192-168-8-48.1680.2,qkv.lora_B,0
1768387855.2201393,810,25.34375,0.29430654644966125,Grad/qkv.lora_B,outputs_dev/vitb16/T=vtab_Q=3bit_L=lora_2_qkv-fc1-proj-fc2/cifar/20260114184203_default_acc=53.50/tensorboard/Grad_qkv.lora_B_block_0/events.out.tfevents.1768387346.master-192-168-8-48.1680.2,qkv.lora_B,0
1768387855.646435,811,25.375,0.22974000871181488,Grad/qkv.lora_B,outputs_dev/vitb16/T=vtab_Q=3bit_L=lora_2_qkv-fc1-proj-fc2/cifar/20260114184203_default_acc=53.50/tensorboard/Grad_qkv.lora_B_block_0/events.out.tfevents.1768387346.master-192-168-8-48.1680.2,qkv.lora_B,0
1768387856.0707867,812,25.40625,0.23717248439788818,Grad/qkv.lora_B,outputs_dev/vitb16/T=vtab_Q=3bit_L=lora_2_qkv-fc1-proj-fc2/cifar/20260114184203_default_acc=53.50/tensorboard/Grad_qkv.lora_B_block_0/events.out.tfevents.1768387346.master-192-168-8-48.1680.2,qkv.lora_B,0
1768387856.5066292,813,25.4375,0.2591179311275482,Grad/qkv.lora_B,outputs_dev/vitb16/T=vtab_Q=3bit_L=lora_2_qkv-fc1-proj-fc2/cifar/20260114184203_default_acc=53.50/tensorboard/Grad_qkv.lora_B_block_0/events.out.tfevents.1768387346.master-192-168-8-48.1680.2,qkv.lora_B,0
1768387856.941755,814,25.46875,0.28919100761413574,Grad/qkv.lora_B,outputs_dev/vitb16/T=vtab_Q=3bit_L=lora_2_qkv-fc1-proj-fc2/cifar/20260114184203_default_acc=53.50/tensorboard/Grad_qkv.lora_B_block_0/events.out.tfevents.1768387346.master-192-168-8-48.1680.2,qkv.lora_B,0
1768387857.3791041,815,25.5,0.22563597559928894,Grad/qkv.lora_B,outputs_dev/vitb16/T=vtab_Q=3bit_L=lora_2_qkv-fc1-proj-fc2/cifar/20260114184203_default_acc=53.50/tensorboard/Grad_qkv.lora_B_block_0/events.out.tfevents.1768387346.master-192-168-8-48.1680.2,qkv.lora_B,0
1768387857.817646,816,25.53125,0.22773021459579468,Grad/qkv.lora_B,outputs_dev/vitb16/T=vtab_Q=3bit_L=lora_2_qkv-fc1-proj-fc2/cifar/20260114184203_default_acc=53.50/tensorboard/Grad_qkv.lora_B_block_0/events.out.tfevents.1768387346.master-192-168-8-48.1680.2,qkv.lora_B,0
1768387858.2531145,817,25.5625,0.256430059671402,Grad/qkv.lora_B,outputs_dev/vitb16/T=vtab_Q=3bit_L=lora_2_qkv-fc1-proj-fc2/cifar/20260114184203_default_acc=53.50/tensorboard/Grad_qkv.lora_B_block_0/events.out.tfevents.1768387346.master-192-168-8-48.1680.2,qkv.lora_B,0
1768387858.6896968,818,25.59375,0.4641783833503723,Grad/qkv.lora_B,outputs_dev/vitb16/T=vtab_Q=3bit_L=lora_2_qkv-fc1-proj-fc2/cifar/20260114184203_default_acc=53.50/tensorboard/Grad_qkv.lora_B_block_0/events.out.tfevents.1768387346.master-192-168-8-48.1680.2,qkv.lora_B,0
1768387859.1359828,819,25.625,0.17664115130901337,Grad/qkv.lora_B,outputs_dev/vitb16/T=vtab_Q=3bit_L=lora_2_qkv-fc1-proj-fc2/cifar/20260114184203_default_acc=53.50/tensorboard/Grad_qkv.lora_B_block_0/events.out.tfevents.1768387346.master-192-168-8-48.1680.2,qkv.lora_B,0
1768387859.5590746,820,25.65625,0.23152565956115723,Grad/qkv.lora_B,outputs_dev/vitb16/T=vtab_Q=3bit_L=lora_2_qkv-fc1-proj-fc2/cifar/20260114184203_default_acc=53.50/tensorboard/Grad_qkv.lora_B_block_0/events.out.tfevents.1768387346.master-192-168-8-48.1680.2,qkv.lora_B,0
1768387859.9959075,821,25.6875,0.2208998054265976,Grad/qkv.lora_B,outputs_dev/vitb16/T=vtab_Q=3bit_L=lora_2_qkv-fc1-proj-fc2/cifar/20260114184203_default_acc=53.50/tensorboard/Grad_qkv.lora_B_block_0/events.out.tfevents.1768387346.master-192-168-8-48.1680.2,qkv.lora_B,0
1768387860.4209983,822,25.71875,0.3695394694805145,Grad/qkv.lora_B,outputs_dev/vitb16/T=vtab_Q=3bit_L=lora_2_qkv-fc1-proj-fc2/cifar/20260114184203_default_acc=53.50/tensorboard/Grad_qkv.lora_B_block_0/events.out.tfevents.1768387346.master-192-168-8-48.1680.2,qkv.lora_B,0
1768387860.8574338,823,25.75,0.6510511040687561,Grad/qkv.lora_B,outputs_dev/vitb16/T=vtab_Q=3bit_L=lora_2_qkv-fc1-proj-fc2/cifar/20260114184203_default_acc=53.50/tensorboard/Grad_qkv.lora_B_block_0/events.out.tfevents.1768387346.master-192-168-8-48.1680.2,qkv.lora_B,0
1768387861.2932258,824,25.78125,0.3447396159172058,Grad/qkv.lora_B,outputs_dev/vitb16/T=vtab_Q=3bit_L=lora_2_qkv-fc1-proj-fc2/cifar/20260114184203_default_acc=53.50/tensorboard/Grad_qkv.lora_B_block_0/events.out.tfevents.1768387346.master-192-168-8-48.1680.2,qkv.lora_B,0
1768387861.7153883,825,25.8125,0.22754211723804474,Grad/qkv.lora_B,outputs_dev/vitb16/T=vtab_Q=3bit_L=lora_2_qkv-fc1-proj-fc2/cifar/20260114184203_default_acc=53.50/tensorboard/Grad_qkv.lora_B_block_0/events.out.tfevents.1768387346.master-192-168-8-48.1680.2,qkv.lora_B,0
1768387862.1525018,826,25.84375,0.26545628905296326,Grad/qkv.lora_B,outputs_dev/vitb16/T=vtab_Q=3bit_L=lora_2_qkv-fc1-proj-fc2/cifar/20260114184203_default_acc=53.50/tensorboard/Grad_qkv.lora_B_block_0/events.out.tfevents.1768387346.master-192-168-8-48.1680.2,qkv.lora_B,0
1768387862.5930176,827,25.875,0.3974165916442871,Grad/qkv.lora_B,outputs_dev/vitb16/T=vtab_Q=3bit_L=lora_2_qkv-fc1-proj-fc2/cifar/20260114184203_default_acc=53.50/tensorboard/Grad_qkv.lora_B_block_0/events.out.tfevents.1768387346.master-192-168-8-48.1680.2,qkv.lora_B,0
1768387863.0224063,828,25.90625,0.33064642548561096,Grad/qkv.lora_B,outputs_dev/vitb16/T=vtab_Q=3bit_L=lora_2_qkv-fc1-proj-fc2/cifar/20260114184203_default_acc=53.50/tensorboard/Grad_qkv.lora_B_block_0/events.out.tfevents.1768387346.master-192-168-8-48.1680.2,qkv.lora_B,0
1768387863.455978,829,25.9375,0.19561909139156342,Grad/qkv.lora_B,outputs_dev/vitb16/T=vtab_Q=3bit_L=lora_2_qkv-fc1-proj-fc2/cifar/20260114184203_default_acc=53.50/tensorboard/Grad_qkv.lora_B_block_0/events.out.tfevents.1768387346.master-192-168-8-48.1680.2,qkv.lora_B,0
1768387863.8971338,830,25.96875,0.14237050712108612,Grad/qkv.lora_B,outputs_dev/vitb16/T=vtab_Q=3bit_L=lora_2_qkv-fc1-proj-fc2/cifar/20260114184203_default_acc=53.50/tensorboard/Grad_qkv.lora_B_block_0/events.out.tfevents.1768387346.master-192-168-8-48.1680.2,qkv.lora_B,0
1768387864.1197028,831,26.0,0.43464377522468567,Grad/qkv.lora_B,outputs_dev/vitb16/T=vtab_Q=3bit_L=lora_2_qkv-fc1-proj-fc2/cifar/20260114184203_default_acc=53.50/tensorboard/Grad_qkv.lora_B_block_0/events.out.tfevents.1768387346.master-192-168-8-48.1680.2,qkv.lora_B,0
1768387864.8146274,832,26.03125,0.38663870096206665,Grad/qkv.lora_B,outputs_dev/vitb16/T=vtab_Q=3bit_L=lora_2_qkv-fc1-proj-fc2/cifar/20260114184203_default_acc=53.50/tensorboard/Grad_qkv.lora_B_block_0/events.out.tfevents.1768387346.master-192-168-8-48.1680.2,qkv.lora_B,0
1768387865.2434244,833,26.0625,0.2542385756969452,Grad/qkv.lora_B,outputs_dev/vitb16/T=vtab_Q=3bit_L=lora_2_qkv-fc1-proj-fc2/cifar/20260114184203_default_acc=53.50/tensorboard/Grad_qkv.lora_B_block_0/events.out.tfevents.1768387346.master-192-168-8-48.1680.2,qkv.lora_B,0
1768387865.6709502,834,26.09375,0.4490489661693573,Grad/qkv.lora_B,outputs_dev/vitb16/T=vtab_Q=3bit_L=lora_2_qkv-fc1-proj-fc2/cifar/20260114184203_default_acc=53.50/tensorboard/Grad_qkv.lora_B_block_0/events.out.tfevents.1768387346.master-192-168-8-48.1680.2,qkv.lora_B,0
1768387866.0967357,835,26.125,0.2873894274234772,Grad/qkv.lora_B,outputs_dev/vitb16/T=vtab_Q=3bit_L=lora_2_qkv-fc1-proj-fc2/cifar/20260114184203_default_acc=53.50/tensorboard/Grad_qkv.lora_B_block_0/events.out.tfevents.1768387346.master-192-168-8-48.1680.2,qkv.lora_B,0
1768387866.5267732,836,26.15625,0.2235170304775238,Grad/qkv.lora_B,outputs_dev/vitb16/T=vtab_Q=3bit_L=lora_2_qkv-fc1-proj-fc2/cifar/20260114184203_default_acc=53.50/tensorboard/Grad_qkv.lora_B_block_0/events.out.tfevents.1768387346.master-192-168-8-48.1680.2,qkv.lora_B,0
1768387866.9680967,837,26.1875,0.22767911851406097,Grad/qkv.lora_B,outputs_dev/vitb16/T=vtab_Q=3bit_L=lora_2_qkv-fc1-proj-fc2/cifar/20260114184203_default_acc=53.50/tensorboard/Grad_qkv.lora_B_block_0/events.out.tfevents.1768387346.master-192-168-8-48.1680.2,qkv.lora_B,0
1768387867.395818,838,26.21875,0.2685607075691223,Grad/qkv.lora_B,outputs_dev/vitb16/T=vtab_Q=3bit_L=lora_2_qkv-fc1-proj-fc2/cifar/20260114184203_default_acc=53.50/tensorboard/Grad_qkv.lora_B_block_0/events.out.tfevents.1768387346.master-192-168-8-48.1680.2,qkv.lora_B,0
1768387867.832065,839,26.25,0.39238137006759644,Grad/qkv.lora_B,outputs_dev/vitb16/T=vtab_Q=3bit_L=lora_2_qkv-fc1-proj-fc2/cifar/20260114184203_default_acc=53.50/tensorboard/Grad_qkv.lora_B_block_0/events.out.tfevents.1768387346.master-192-168-8-48.1680.2,qkv.lora_B,0
1768387868.268358,840,26.28125,0.29920265078544617,Grad/qkv.lora_B,outputs_dev/vitb16/T=vtab_Q=3bit_L=lora_2_qkv-fc1-proj-fc2/cifar/20260114184203_default_acc=53.50/tensorboard/Grad_qkv.lora_B_block_0/events.out.tfevents.1768387346.master-192-168-8-48.1680.2,qkv.lora_B,0
1768387868.69337,841,26.3125,0.3571637272834778,Grad/qkv.lora_B,outputs_dev/vitb16/T=vtab_Q=3bit_L=lora_2_qkv-fc1-proj-fc2/cifar/20260114184203_default_acc=53.50/tensorboard/Grad_qkv.lora_B_block_0/events.out.tfevents.1768387346.master-192-168-8-48.1680.2,qkv.lora_B,0
1768387869.1159654,842,26.34375,0.3166804611682892,Grad/qkv.lora_B,outputs_dev/vitb16/T=vtab_Q=3bit_L=lora_2_qkv-fc1-proj-fc2/cifar/20260114184203_default_acc=53.50/tensorboard/Grad_qkv.lora_B_block_0/events.out.tfevents.1768387346.master-192-168-8-48.1680.2,qkv.lora_B,0
1768387869.5537722,843,26.375,0.2329675406217575,Grad/qkv.lora_B,outputs_dev/vitb16/T=vtab_Q=3bit_L=lora_2_qkv-fc1-proj-fc2/cifar/20260114184203_default_acc=53.50/tensorboard/Grad_qkv.lora_B_block_0/events.out.tfevents.1768387346.master-192-168-8-48.1680.2,qkv.lora_B,0
1768387870.0045273,844,26.40625,0.2581807076931,Grad/qkv.lora_B,outputs_dev/vitb16/T=vtab_Q=3bit_L=lora_2_qkv-fc1-proj-fc2/cifar/20260114184203_default_acc=53.50/tensorboard/Grad_qkv.lora_B_block_0/events.out.tfevents.1768387346.master-192-168-8-48.1680.2,qkv.lora_B,0
1768387870.4323835,845,26.4375,0.36800616979599,Grad/qkv.lora_B,outputs_dev/vitb16/T=vtab_Q=3bit_L=lora_2_qkv-fc1-proj-fc2/cifar/20260114184203_default_acc=53.50/tensorboard/Grad_qkv.lora_B_block_0/events.out.tfevents.1768387346.master-192-168-8-48.1680.2,qkv.lora_B,0
1768387870.8735986,846,26.46875,0.1727970987558365,Grad/qkv.lora_B,outputs_dev/vitb16/T=vtab_Q=3bit_L=lora_2_qkv-fc1-proj-fc2/cifar/20260114184203_default_acc=53.50/tensorboard/Grad_qkv.lora_B_block_0/events.out.tfevents.1768387346.master-192-168-8-48.1680.2,qkv.lora_B,0
1768387871.301761,847,26.5,0.2103598713874817,Grad/qkv.lora_B,outputs_dev/vitb16/T=vtab_Q=3bit_L=lora_2_qkv-fc1-proj-fc2/cifar/20260114184203_default_acc=53.50/tensorboard/Grad_qkv.lora_B_block_0/events.out.tfevents.1768387346.master-192-168-8-48.1680.2,qkv.lora_B,0
1768387871.717678,848,26.53125,0.2962992191314697,Grad/qkv.lora_B,outputs_dev/vitb16/T=vtab_Q=3bit_L=lora_2_qkv-fc1-proj-fc2/cifar/20260114184203_default_acc=53.50/tensorboard/Grad_qkv.lora_B_block_0/events.out.tfevents.1768387346.master-192-168-8-48.1680.2,qkv.lora_B,0
1768387872.1461477,849,26.5625,0.3039323687553406,Grad/qkv.lora_B,outputs_dev/vitb16/T=vtab_Q=3bit_L=lora_2_qkv-fc1-proj-fc2/cifar/20260114184203_default_acc=53.50/tensorboard/Grad_qkv.lora_B_block_0/events.out.tfevents.1768387346.master-192-168-8-48.1680.2,qkv.lora_B,0
1768387872.5750577,850,26.59375,0.2098178267478943,Grad/qkv.lora_B,outputs_dev/vitb16/T=vtab_Q=3bit_L=lora_2_qkv-fc1-proj-fc2/cifar/20260114184203_default_acc=53.50/tensorboard/Grad_qkv.lora_B_block_0/events.out.tfevents.1768387346.master-192-168-8-48.1680.2,qkv.lora_B,0
1768387872.994069,851,26.625,0.15859046578407288,Grad/qkv.lora_B,outputs_dev/vitb16/T=vtab_Q=3bit_L=lora_2_qkv-fc1-proj-fc2/cifar/20260114184203_default_acc=53.50/tensorboard/Grad_qkv.lora_B_block_0/events.out.tfevents.1768387346.master-192-168-8-48.1680.2,qkv.lora_B,0
1768387873.4163747,852,26.65625,0.6760703921318054,Grad/qkv.lora_B,outputs_dev/vitb16/T=vtab_Q=3bit_L=lora_2_qkv-fc1-proj-fc2/cifar/20260114184203_default_acc=53.50/tensorboard/Grad_qkv.lora_B_block_0/events.out.tfevents.1768387346.master-192-168-8-48.1680.2,qkv.lora_B,0
1768387873.8478134,853,26.6875,0.22740234434604645,Grad/qkv.lora_B,outputs_dev/vitb16/T=vtab_Q=3bit_L=lora_2_qkv-fc1-proj-fc2/cifar/20260114184203_default_acc=53.50/tensorboard/Grad_qkv.lora_B_block_0/events.out.tfevents.1768387346.master-192-168-8-48.1680.2,qkv.lora_B,0
1768387874.2773752,854,26.71875,0.5834510326385498,Grad/qkv.lora_B,outputs_dev/vitb16/T=vtab_Q=3bit_L=lora_2_qkv-fc1-proj-fc2/cifar/20260114184203_default_acc=53.50/tensorboard/Grad_qkv.lora_B_block_0/events.out.tfevents.1768387346.master-192-168-8-48.1680.2,qkv.lora_B,0
1768387874.705858,855,26.75,0.2631889283657074,Grad/qkv.lora_B,outputs_dev/vitb16/T=vtab_Q=3bit_L=lora_2_qkv-fc1-proj-fc2/cifar/20260114184203_default_acc=53.50/tensorboard/Grad_qkv.lora_B_block_0/events.out.tfevents.1768387346.master-192-168-8-48.1680.2,qkv.lora_B,0
1768387875.1340556,856,26.78125,0.32203951478004456,Grad/qkv.lora_B,outputs_dev/vitb16/T=vtab_Q=3bit_L=lora_2_qkv-fc1-proj-fc2/cifar/20260114184203_default_acc=53.50/tensorboard/Grad_qkv.lora_B_block_0/events.out.tfevents.1768387346.master-192-168-8-48.1680.2,qkv.lora_B,0
1768387875.5787303,857,26.8125,0.17896132171154022,Grad/qkv.lora_B,outputs_dev/vitb16/T=vtab_Q=3bit_L=lora_2_qkv-fc1-proj-fc2/cifar/20260114184203_default_acc=53.50/tensorboard/Grad_qkv.lora_B_block_0/events.out.tfevents.1768387346.master-192-168-8-48.1680.2,qkv.lora_B,0
1768387876.0073743,858,26.84375,0.3866923749446869,Grad/qkv.lora_B,outputs_dev/vitb16/T=vtab_Q=3bit_L=lora_2_qkv-fc1-proj-fc2/cifar/20260114184203_default_acc=53.50/tensorboard/Grad_qkv.lora_B_block_0/events.out.tfevents.1768387346.master-192-168-8-48.1680.2,qkv.lora_B,0
1768387876.4437385,859,26.875,0.2251521199941635,Grad/qkv.lora_B,outputs_dev/vitb16/T=vtab_Q=3bit_L=lora_2_qkv-fc1-proj-fc2/cifar/20260114184203_default_acc=53.50/tensorboard/Grad_qkv.lora_B_block_0/events.out.tfevents.1768387346.master-192-168-8-48.1680.2,qkv.lora_B,0
1768387876.8539417,860,26.90625,0.391243040561676,Grad/qkv.lora_B,outputs_dev/vitb16/T=vtab_Q=3bit_L=lora_2_qkv-fc1-proj-fc2/cifar/20260114184203_default_acc=53.50/tensorboard/Grad_qkv.lora_B_block_0/events.out.tfevents.1768387346.master-192-168-8-48.1680.2,qkv.lora_B,0
1768387877.27517,861,26.9375,0.2849299907684326,Grad/qkv.lora_B,outputs_dev/vitb16/T=vtab_Q=3bit_L=lora_2_qkv-fc1-proj-fc2/cifar/20260114184203_default_acc=53.50/tensorboard/Grad_qkv.lora_B_block_0/events.out.tfevents.1768387346.master-192-168-8-48.1680.2,qkv.lora_B,0
1768387877.710854,862,26.96875,0.23436249792575836,Grad/qkv.lora_B,outputs_dev/vitb16/T=vtab_Q=3bit_L=lora_2_qkv-fc1-proj-fc2/cifar/20260114184203_default_acc=53.50/tensorboard/Grad_qkv.lora_B_block_0/events.out.tfevents.1768387346.master-192-168-8-48.1680.2,qkv.lora_B,0
1768387877.9276788,863,27.0,0.25803807377815247,Grad/qkv.lora_B,outputs_dev/vitb16/T=vtab_Q=3bit_L=lora_2_qkv-fc1-proj-fc2/cifar/20260114184203_default_acc=53.50/tensorboard/Grad_qkv.lora_B_block_0/events.out.tfevents.1768387346.master-192-168-8-48.1680.2,qkv.lora_B,0
1768387878.5694206,864,27.03125,0.19856993854045868,Grad/qkv.lora_B,outputs_dev/vitb16/T=vtab_Q=3bit_L=lora_2_qkv-fc1-proj-fc2/cifar/20260114184203_default_acc=53.50/tensorboard/Grad_qkv.lora_B_block_0/events.out.tfevents.1768387346.master-192-168-8-48.1680.2,qkv.lora_B,0
1768387878.9947042,865,27.0625,0.21494798362255096,Grad/qkv.lora_B,outputs_dev/vitb16/T=vtab_Q=3bit_L=lora_2_qkv-fc1-proj-fc2/cifar/20260114184203_default_acc=53.50/tensorboard/Grad_qkv.lora_B_block_0/events.out.tfevents.1768387346.master-192-168-8-48.1680.2,qkv.lora_B,0
1768387879.4191966,866,27.09375,0.2247019112110138,Grad/qkv.lora_B,outputs_dev/vitb16/T=vtab_Q=3bit_L=lora_2_qkv-fc1-proj-fc2/cifar/20260114184203_default_acc=53.50/tensorboard/Grad_qkv.lora_B_block_0/events.out.tfevents.1768387346.master-192-168-8-48.1680.2,qkv.lora_B,0
1768387879.8432841,867,27.125,0.22756969928741455,Grad/qkv.lora_B,outputs_dev/vitb16/T=vtab_Q=3bit_L=lora_2_qkv-fc1-proj-fc2/cifar/20260114184203_default_acc=53.50/tensorboard/Grad_qkv.lora_B_block_0/events.out.tfevents.1768387346.master-192-168-8-48.1680.2,qkv.lora_B,0
1768387880.2700365,868,27.15625,0.18806584179401398,Grad/qkv.lora_B,outputs_dev/vitb16/T=vtab_Q=3bit_L=lora_2_qkv-fc1-proj-fc2/cifar/20260114184203_default_acc=53.50/tensorboard/Grad_qkv.lora_B_block_0/events.out.tfevents.1768387346.master-192-168-8-48.1680.2,qkv.lora_B,0
1768387880.706134,869,27.1875,0.35434088110923767,Grad/qkv.lora_B,outputs_dev/vitb16/T=vtab_Q=3bit_L=lora_2_qkv-fc1-proj-fc2/cifar/20260114184203_default_acc=53.50/tensorboard/Grad_qkv.lora_B_block_0/events.out.tfevents.1768387346.master-192-168-8-48.1680.2,qkv.lora_B,0
1768387881.1543994,870,27.21875,0.28639936447143555,Grad/qkv.lora_B,outputs_dev/vitb16/T=vtab_Q=3bit_L=lora_2_qkv-fc1-proj-fc2/cifar/20260114184203_default_acc=53.50/tensorboard/Grad_qkv.lora_B_block_0/events.out.tfevents.1768387346.master-192-168-8-48.1680.2,qkv.lora_B,0
1768387881.5955427,871,27.25,0.2518700361251831,Grad/qkv.lora_B,outputs_dev/vitb16/T=vtab_Q=3bit_L=lora_2_qkv-fc1-proj-fc2/cifar/20260114184203_default_acc=53.50/tensorboard/Grad_qkv.lora_B_block_0/events.out.tfevents.1768387346.master-192-168-8-48.1680.2,qkv.lora_B,0
1768387882.0422392,872,27.28125,0.29523777961730957,Grad/qkv.lora_B,outputs_dev/vitb16/T=vtab_Q=3bit_L=lora_2_qkv-fc1-proj-fc2/cifar/20260114184203_default_acc=53.50/tensorboard/Grad_qkv.lora_B_block_0/events.out.tfevents.1768387346.master-192-168-8-48.1680.2,qkv.lora_B,0
1768387882.4724033,873,27.3125,0.5188524127006531,Grad/qkv.lora_B,outputs_dev/vitb16/T=vtab_Q=3bit_L=lora_2_qkv-fc1-proj-fc2/cifar/20260114184203_default_acc=53.50/tensorboard/Grad_qkv.lora_B_block_0/events.out.tfevents.1768387346.master-192-168-8-48.1680.2,qkv.lora_B,0
1768387882.8953874,874,27.34375,0.3461885154247284,Grad/qkv.lora_B,outputs_dev/vitb16/T=vtab_Q=3bit_L=lora_2_qkv-fc1-proj-fc2/cifar/20260114184203_default_acc=53.50/tensorboard/Grad_qkv.lora_B_block_0/events.out.tfevents.1768387346.master-192-168-8-48.1680.2,qkv.lora_B,0
1768387883.318348,875,27.375,0.23616473376750946,Grad/qkv.lora_B,outputs_dev/vitb16/T=vtab_Q=3bit_L=lora_2_qkv-fc1-proj-fc2/cifar/20260114184203_default_acc=53.50/tensorboard/Grad_qkv.lora_B_block_0/events.out.tfevents.1768387346.master-192-168-8-48.1680.2,qkv.lora_B,0
1768387883.756039,876,27.40625,0.21908365190029144,Grad/qkv.lora_B,outputs_dev/vitb16/T=vtab_Q=3bit_L=lora_2_qkv-fc1-proj-fc2/cifar/20260114184203_default_acc=53.50/tensorboard/Grad_qkv.lora_B_block_0/events.out.tfevents.1768387346.master-192-168-8-48.1680.2,qkv.lora_B,0
1768387884.1824498,877,27.4375,0.2607764005661011,Grad/qkv.lora_B,outputs_dev/vitb16/T=vtab_Q=3bit_L=lora_2_qkv-fc1-proj-fc2/cifar/20260114184203_default_acc=53.50/tensorboard/Grad_qkv.lora_B_block_0/events.out.tfevents.1768387346.master-192-168-8-48.1680.2,qkv.lora_B,0
1768387884.606583,878,27.46875,0.4861869812011719,Grad/qkv.lora_B,outputs_dev/vitb16/T=vtab_Q=3bit_L=lora_2_qkv-fc1-proj-fc2/cifar/20260114184203_default_acc=53.50/tensorboard/Grad_qkv.lora_B_block_0/events.out.tfevents.1768387346.master-192-168-8-48.1680.2,qkv.lora_B,0
1768387885.030413,879,27.5,0.2589725852012634,Grad/qkv.lora_B,outputs_dev/vitb16/T=vtab_Q=3bit_L=lora_2_qkv-fc1-proj-fc2/cifar/20260114184203_default_acc=53.50/tensorboard/Grad_qkv.lora_B_block_0/events.out.tfevents.1768387346.master-192-168-8-48.1680.2,qkv.lora_B,0
1768387885.4547367,880,27.53125,0.22710177302360535,Grad/qkv.lora_B,outputs_dev/vitb16/T=vtab_Q=3bit_L=lora_2_qkv-fc1-proj-fc2/cifar/20260114184203_default_acc=53.50/tensorboard/Grad_qkv.lora_B_block_0/events.out.tfevents.1768387346.master-192-168-8-48.1680.2,qkv.lora_B,0
1768387885.8794796,881,27.5625,0.316477507352829,Grad/qkv.lora_B,outputs_dev/vitb16/T=vtab_Q=3bit_L=lora_2_qkv-fc1-proj-fc2/cifar/20260114184203_default_acc=53.50/tensorboard/Grad_qkv.lora_B_block_0/events.out.tfevents.1768387346.master-192-168-8-48.1680.2,qkv.lora_B,0
1768387886.3006232,882,27.59375,0.4420022666454315,Grad/qkv.lora_B,outputs_dev/vitb16/T=vtab_Q=3bit_L=lora_2_qkv-fc1-proj-fc2/cifar/20260114184203_default_acc=53.50/tensorboard/Grad_qkv.lora_B_block_0/events.out.tfevents.1768387346.master-192-168-8-48.1680.2,qkv.lora_B,0
1768387886.7248204,883,27.625,0.18623943626880646,Grad/qkv.lora_B,outputs_dev/vitb16/T=vtab_Q=3bit_L=lora_2_qkv-fc1-proj-fc2/cifar/20260114184203_default_acc=53.50/tensorboard/Grad_qkv.lora_B_block_0/events.out.tfevents.1768387346.master-192-168-8-48.1680.2,qkv.lora_B,0
1768387887.1489403,884,27.65625,0.13939689099788666,Grad/qkv.lora_B,outputs_dev/vitb16/T=vtab_Q=3bit_L=lora_2_qkv-fc1-proj-fc2/cifar/20260114184203_default_acc=53.50/tensorboard/Grad_qkv.lora_B_block_0/events.out.tfevents.1768387346.master-192-168-8-48.1680.2,qkv.lora_B,0
1768387887.5722644,885,27.6875,0.1569080501794815,Grad/qkv.lora_B,outputs_dev/vitb16/T=vtab_Q=3bit_L=lora_2_qkv-fc1-proj-fc2/cifar/20260114184203_default_acc=53.50/tensorboard/Grad_qkv.lora_B_block_0/events.out.tfevents.1768387346.master-192-168-8-48.1680.2,qkv.lora_B,0
1768387887.989684,886,27.71875,0.2030848264694214,Grad/qkv.lora_B,outputs_dev/vitb16/T=vtab_Q=3bit_L=lora_2_qkv-fc1-proj-fc2/cifar/20260114184203_default_acc=53.50/tensorboard/Grad_qkv.lora_B_block_0/events.out.tfevents.1768387346.master-192-168-8-48.1680.2,qkv.lora_B,0
1768387888.414326,887,27.75,0.2739912271499634,Grad/qkv.lora_B,outputs_dev/vitb16/T=vtab_Q=3bit_L=lora_2_qkv-fc1-proj-fc2/cifar/20260114184203_default_acc=53.50/tensorboard/Grad_qkv.lora_B_block_0/events.out.tfevents.1768387346.master-192-168-8-48.1680.2,qkv.lora_B,0
1768387888.8390808,888,27.78125,0.4655974209308624,Grad/qkv.lora_B,outputs_dev/vitb16/T=vtab_Q=3bit_L=lora_2_qkv-fc1-proj-fc2/cifar/20260114184203_default_acc=53.50/tensorboard/Grad_qkv.lora_B_block_0/events.out.tfevents.1768387346.master-192-168-8-48.1680.2,qkv.lora_B,0
1768387889.2812088,889,27.8125,0.3851187825202942,Grad/qkv.lora_B,outputs_dev/vitb16/T=vtab_Q=3bit_L=lora_2_qkv-fc1-proj-fc2/cifar/20260114184203_default_acc=53.50/tensorboard/Grad_qkv.lora_B_block_0/events.out.tfevents.1768387346.master-192-168-8-48.1680.2,qkv.lora_B,0
1768387889.7045445,890,27.84375,0.24097231030464172,Grad/qkv.lora_B,outputs_dev/vitb16/T=vtab_Q=3bit_L=lora_2_qkv-fc1-proj-fc2/cifar/20260114184203_default_acc=53.50/tensorboard/Grad_qkv.lora_B_block_0/events.out.tfevents.1768387346.master-192-168-8-48.1680.2,qkv.lora_B,0
1768387890.1312904,891,27.875,0.23849688470363617,Grad/qkv.lora_B,outputs_dev/vitb16/T=vtab_Q=3bit_L=lora_2_qkv-fc1-proj-fc2/cifar/20260114184203_default_acc=53.50/tensorboard/Grad_qkv.lora_B_block_0/events.out.tfevents.1768387346.master-192-168-8-48.1680.2,qkv.lora_B,0
1768387890.5537724,892,27.90625,0.16879169642925262,Grad/qkv.lora_B,outputs_dev/vitb16/T=vtab_Q=3bit_L=lora_2_qkv-fc1-proj-fc2/cifar/20260114184203_default_acc=53.50/tensorboard/Grad_qkv.lora_B_block_0/events.out.tfevents.1768387346.master-192-168-8-48.1680.2,qkv.lora_B,0
1768387890.9759893,893,27.9375,0.18597280979156494,Grad/qkv.lora_B,outputs_dev/vitb16/T=vtab_Q=3bit_L=lora_2_qkv-fc1-proj-fc2/cifar/20260114184203_default_acc=53.50/tensorboard/Grad_qkv.lora_B_block_0/events.out.tfevents.1768387346.master-192-168-8-48.1680.2,qkv.lora_B,0
1768387891.3982136,894,27.96875,0.21896694600582123,Grad/qkv.lora_B,outputs_dev/vitb16/T=vtab_Q=3bit_L=lora_2_qkv-fc1-proj-fc2/cifar/20260114184203_default_acc=53.50/tensorboard/Grad_qkv.lora_B_block_0/events.out.tfevents.1768387346.master-192-168-8-48.1680.2,qkv.lora_B,0
1768387891.6003263,895,28.0,0.3937678337097168,Grad/qkv.lora_B,outputs_dev/vitb16/T=vtab_Q=3bit_L=lora_2_qkv-fc1-proj-fc2/cifar/20260114184203_default_acc=53.50/tensorboard/Grad_qkv.lora_B_block_0/events.out.tfevents.1768387346.master-192-168-8-48.1680.2,qkv.lora_B,0
1768387892.3218174,896,28.03125,0.21078546345233917,Grad/qkv.lora_B,outputs_dev/vitb16/T=vtab_Q=3bit_L=lora_2_qkv-fc1-proj-fc2/cifar/20260114184203_default_acc=53.50/tensorboard/Grad_qkv.lora_B_block_0/events.out.tfevents.1768387346.master-192-168-8-48.1680.2,qkv.lora_B,0
1768387892.7507713,897,28.0625,0.13977332413196564,Grad/qkv.lora_B,outputs_dev/vitb16/T=vtab_Q=3bit_L=lora_2_qkv-fc1-proj-fc2/cifar/20260114184203_default_acc=53.50/tensorboard/Grad_qkv.lora_B_block_0/events.out.tfevents.1768387346.master-192-168-8-48.1680.2,qkv.lora_B,0
1768387893.1844792,898,28.09375,0.5345630645751953,Grad/qkv.lora_B,outputs_dev/vitb16/T=vtab_Q=3bit_L=lora_2_qkv-fc1-proj-fc2/cifar/20260114184203_default_acc=53.50/tensorboard/Grad_qkv.lora_B_block_0/events.out.tfevents.1768387346.master-192-168-8-48.1680.2,qkv.lora_B,0
1768387893.6155498,899,28.125,0.45115864276885986,Grad/qkv.lora_B,outputs_dev/vitb16/T=vtab_Q=3bit_L=lora_2_qkv-fc1-proj-fc2/cifar/20260114184203_default_acc=53.50/tensorboard/Grad_qkv.lora_B_block_0/events.out.tfevents.1768387346.master-192-168-8-48.1680.2,qkv.lora_B,0
1768387894.039539,900,28.15625,0.34482547640800476,Grad/qkv.lora_B,outputs_dev/vitb16/T=vtab_Q=3bit_L=lora_2_qkv-fc1-proj-fc2/cifar/20260114184203_default_acc=53.50/tensorboard/Grad_qkv.lora_B_block_0/events.out.tfevents.1768387346.master-192-168-8-48.1680.2,qkv.lora_B,0
1768387894.4659855,901,28.1875,0.11496210843324661,Grad/qkv.lora_B,outputs_dev/vitb16/T=vtab_Q=3bit_L=lora_2_qkv-fc1-proj-fc2/cifar/20260114184203_default_acc=53.50/tensorboard/Grad_qkv.lora_B_block_0/events.out.tfevents.1768387346.master-192-168-8-48.1680.2,qkv.lora_B,0
1768387894.8873067,902,28.21875,0.22930672764778137,Grad/qkv.lora_B,outputs_dev/vitb16/T=vtab_Q=3bit_L=lora_2_qkv-fc1-proj-fc2/cifar/20260114184203_default_acc=53.50/tensorboard/Grad_qkv.lora_B_block_0/events.out.tfevents.1768387346.master-192-168-8-48.1680.2,qkv.lora_B,0
1768387895.3101835,903,28.25,0.21979472041130066,Grad/qkv.lora_B,outputs_dev/vitb16/T=vtab_Q=3bit_L=lora_2_qkv-fc1-proj-fc2/cifar/20260114184203_default_acc=53.50/tensorboard/Grad_qkv.lora_B_block_0/events.out.tfevents.1768387346.master-192-168-8-48.1680.2,qkv.lora_B,0
1768387895.7341926,904,28.28125,0.16343073546886444,Grad/qkv.lora_B,outputs_dev/vitb16/T=vtab_Q=3bit_L=lora_2_qkv-fc1-proj-fc2/cifar/20260114184203_default_acc=53.50/tensorboard/Grad_qkv.lora_B_block_0/events.out.tfevents.1768387346.master-192-168-8-48.1680.2,qkv.lora_B,0
1768387896.1571877,905,28.3125,0.3673596978187561,Grad/qkv.lora_B,outputs_dev/vitb16/T=vtab_Q=3bit_L=lora_2_qkv-fc1-proj-fc2/cifar/20260114184203_default_acc=53.50/tensorboard/Grad_qkv.lora_B_block_0/events.out.tfevents.1768387346.master-192-168-8-48.1680.2,qkv.lora_B,0
1768387896.5790572,906,28.34375,0.4183643162250519,Grad/qkv.lora_B,outputs_dev/vitb16/T=vtab_Q=3bit_L=lora_2_qkv-fc1-proj-fc2/cifar/20260114184203_default_acc=53.50/tensorboard/Grad_qkv.lora_B_block_0/events.out.tfevents.1768387346.master-192-168-8-48.1680.2,qkv.lora_B,0
1768387897.004245,907,28.375,0.8127825260162354,Grad/qkv.lora_B,outputs_dev/vitb16/T=vtab_Q=3bit_L=lora_2_qkv-fc1-proj-fc2/cifar/20260114184203_default_acc=53.50/tensorboard/Grad_qkv.lora_B_block_0/events.out.tfevents.1768387346.master-192-168-8-48.1680.2,qkv.lora_B,0
1768387897.442313,908,28.40625,0.26433584094047546,Grad/qkv.lora_B,outputs_dev/vitb16/T=vtab_Q=3bit_L=lora_2_qkv-fc1-proj-fc2/cifar/20260114184203_default_acc=53.50/tensorboard/Grad_qkv.lora_B_block_0/events.out.tfevents.1768387346.master-192-168-8-48.1680.2,qkv.lora_B,0
1768387897.8829465,909,28.4375,0.36183249950408936,Grad/qkv.lora_B,outputs_dev/vitb16/T=vtab_Q=3bit_L=lora_2_qkv-fc1-proj-fc2/cifar/20260114184203_default_acc=53.50/tensorboard/Grad_qkv.lora_B_block_0/events.out.tfevents.1768387346.master-192-168-8-48.1680.2,qkv.lora_B,0
1768387898.3082063,910,28.46875,0.13498219847679138,Grad/qkv.lora_B,outputs_dev/vitb16/T=vtab_Q=3bit_L=lora_2_qkv-fc1-proj-fc2/cifar/20260114184203_default_acc=53.50/tensorboard/Grad_qkv.lora_B_block_0/events.out.tfevents.1768387346.master-192-168-8-48.1680.2,qkv.lora_B,0
1768387898.7338412,911,28.5,0.23635254800319672,Grad/qkv.lora_B,outputs_dev/vitb16/T=vtab_Q=3bit_L=lora_2_qkv-fc1-proj-fc2/cifar/20260114184203_default_acc=53.50/tensorboard/Grad_qkv.lora_B_block_0/events.out.tfevents.1768387346.master-192-168-8-48.1680.2,qkv.lora_B,0
1768387899.155422,912,28.53125,0.2025773525238037,Grad/qkv.lora_B,outputs_dev/vitb16/T=vtab_Q=3bit_L=lora_2_qkv-fc1-proj-fc2/cifar/20260114184203_default_acc=53.50/tensorboard/Grad_qkv.lora_B_block_0/events.out.tfevents.1768387346.master-192-168-8-48.1680.2,qkv.lora_B,0
1768387899.5795279,913,28.5625,0.20911559462547302,Grad/qkv.lora_B,outputs_dev/vitb16/T=vtab_Q=3bit_L=lora_2_qkv-fc1-proj-fc2/cifar/20260114184203_default_acc=53.50/tensorboard/Grad_qkv.lora_B_block_0/events.out.tfevents.1768387346.master-192-168-8-48.1680.2,qkv.lora_B,0
1768387900.0047848,914,28.59375,0.4862534701824188,Grad/qkv.lora_B,outputs_dev/vitb16/T=vtab_Q=3bit_L=lora_2_qkv-fc1-proj-fc2/cifar/20260114184203_default_acc=53.50/tensorboard/Grad_qkv.lora_B_block_0/events.out.tfevents.1768387346.master-192-168-8-48.1680.2,qkv.lora_B,0
1768387900.426957,915,28.625,0.16550366580486298,Grad/qkv.lora_B,outputs_dev/vitb16/T=vtab_Q=3bit_L=lora_2_qkv-fc1-proj-fc2/cifar/20260114184203_default_acc=53.50/tensorboard/Grad_qkv.lora_B_block_0/events.out.tfevents.1768387346.master-192-168-8-48.1680.2,qkv.lora_B,0
1768387900.8517084,916,28.65625,0.22282883524894714,Grad/qkv.lora_B,outputs_dev/vitb16/T=vtab_Q=3bit_L=lora_2_qkv-fc1-proj-fc2/cifar/20260114184203_default_acc=53.50/tensorboard/Grad_qkv.lora_B_block_0/events.out.tfevents.1768387346.master-192-168-8-48.1680.2,qkv.lora_B,0
1768387901.2752461,917,28.6875,0.20912598073482513,Grad/qkv.lora_B,outputs_dev/vitb16/T=vtab_Q=3bit_L=lora_2_qkv-fc1-proj-fc2/cifar/20260114184203_default_acc=53.50/tensorboard/Grad_qkv.lora_B_block_0/events.out.tfevents.1768387346.master-192-168-8-48.1680.2,qkv.lora_B,0
1768387901.6992486,918,28.71875,0.3878639340400696,Grad/qkv.lora_B,outputs_dev/vitb16/T=vtab_Q=3bit_L=lora_2_qkv-fc1-proj-fc2/cifar/20260114184203_default_acc=53.50/tensorboard/Grad_qkv.lora_B_block_0/events.out.tfevents.1768387346.master-192-168-8-48.1680.2,qkv.lora_B,0
1768387902.1415908,919,28.75,0.23845751583576202,Grad/qkv.lora_B,outputs_dev/vitb16/T=vtab_Q=3bit_L=lora_2_qkv-fc1-proj-fc2/cifar/20260114184203_default_acc=53.50/tensorboard/Grad_qkv.lora_B_block_0/events.out.tfevents.1768387346.master-192-168-8-48.1680.2,qkv.lora_B,0
1768387902.577514,920,28.78125,0.29097944498062134,Grad/qkv.lora_B,outputs_dev/vitb16/T=vtab_Q=3bit_L=lora_2_qkv-fc1-proj-fc2/cifar/20260114184203_default_acc=53.50/tensorboard/Grad_qkv.lora_B_block_0/events.out.tfevents.1768387346.master-192-168-8-48.1680.2,qkv.lora_B,0
1768387903.020215,921,28.8125,0.22322827577590942,Grad/qkv.lora_B,outputs_dev/vitb16/T=vtab_Q=3bit_L=lora_2_qkv-fc1-proj-fc2/cifar/20260114184203_default_acc=53.50/tensorboard/Grad_qkv.lora_B_block_0/events.out.tfevents.1768387346.master-192-168-8-48.1680.2,qkv.lora_B,0
1768387903.447284,922,28.84375,0.5904371738433838,Grad/qkv.lora_B,outputs_dev/vitb16/T=vtab_Q=3bit_L=lora_2_qkv-fc1-proj-fc2/cifar/20260114184203_default_acc=53.50/tensorboard/Grad_qkv.lora_B_block_0/events.out.tfevents.1768387346.master-192-168-8-48.1680.2,qkv.lora_B,0
1768387903.871811,923,28.875,0.37074944376945496,Grad/qkv.lora_B,outputs_dev/vitb16/T=vtab_Q=3bit_L=lora_2_qkv-fc1-proj-fc2/cifar/20260114184203_default_acc=53.50/tensorboard/Grad_qkv.lora_B_block_0/events.out.tfevents.1768387346.master-192-168-8-48.1680.2,qkv.lora_B,0
1768387904.307111,924,28.90625,0.1422356218099594,Grad/qkv.lora_B,outputs_dev/vitb16/T=vtab_Q=3bit_L=lora_2_qkv-fc1-proj-fc2/cifar/20260114184203_default_acc=53.50/tensorboard/Grad_qkv.lora_B_block_0/events.out.tfevents.1768387346.master-192-168-8-48.1680.2,qkv.lora_B,0
1768387904.74663,925,28.9375,0.22518523037433624,Grad/qkv.lora_B,outputs_dev/vitb16/T=vtab_Q=3bit_L=lora_2_qkv-fc1-proj-fc2/cifar/20260114184203_default_acc=53.50/tensorboard/Grad_qkv.lora_B_block_0/events.out.tfevents.1768387346.master-192-168-8-48.1680.2,qkv.lora_B,0
1768387905.1666992,926,28.96875,0.34772932529449463,Grad/qkv.lora_B,outputs_dev/vitb16/T=vtab_Q=3bit_L=lora_2_qkv-fc1-proj-fc2/cifar/20260114184203_default_acc=53.50/tensorboard/Grad_qkv.lora_B_block_0/events.out.tfevents.1768387346.master-192-168-8-48.1680.2,qkv.lora_B,0
1768387905.3884113,927,29.0,0.3134205639362335,Grad/qkv.lora_B,outputs_dev/vitb16/T=vtab_Q=3bit_L=lora_2_qkv-fc1-proj-fc2/cifar/20260114184203_default_acc=53.50/tensorboard/Grad_qkv.lora_B_block_0/events.out.tfevents.1768387346.master-192-168-8-48.1680.2,qkv.lora_B,0
1768387906.1118584,928,29.03125,0.336600124835968,Grad/qkv.lora_B,outputs_dev/vitb16/T=vtab_Q=3bit_L=lora_2_qkv-fc1-proj-fc2/cifar/20260114184203_default_acc=53.50/tensorboard/Grad_qkv.lora_B_block_0/events.out.tfevents.1768387346.master-192-168-8-48.1680.2,qkv.lora_B,0
1768387906.5422845,929,29.0625,0.28476330637931824,Grad/qkv.lora_B,outputs_dev/vitb16/T=vtab_Q=3bit_L=lora_2_qkv-fc1-proj-fc2/cifar/20260114184203_default_acc=53.50/tensorboard/Grad_qkv.lora_B_block_0/events.out.tfevents.1768387346.master-192-168-8-48.1680.2,qkv.lora_B,0
1768387906.9689155,930,29.09375,0.19435040652751923,Grad/qkv.lora_B,outputs_dev/vitb16/T=vtab_Q=3bit_L=lora_2_qkv-fc1-proj-fc2/cifar/20260114184203_default_acc=53.50/tensorboard/Grad_qkv.lora_B_block_0/events.out.tfevents.1768387346.master-192-168-8-48.1680.2,qkv.lora_B,0
1768387907.398214,931,29.125,0.19151528179645538,Grad/qkv.lora_B,outputs_dev/vitb16/T=vtab_Q=3bit_L=lora_2_qkv-fc1-proj-fc2/cifar/20260114184203_default_acc=53.50/tensorboard/Grad_qkv.lora_B_block_0/events.out.tfevents.1768387346.master-192-168-8-48.1680.2,qkv.lora_B,0
1768387907.8272002,932,29.15625,0.2846982777118683,Grad/qkv.lora_B,outputs_dev/vitb16/T=vtab_Q=3bit_L=lora_2_qkv-fc1-proj-fc2/cifar/20260114184203_default_acc=53.50/tensorboard/Grad_qkv.lora_B_block_0/events.out.tfevents.1768387346.master-192-168-8-48.1680.2,qkv.lora_B,0
1768387908.2559142,933,29.1875,0.26566365361213684,Grad/qkv.lora_B,outputs_dev/vitb16/T=vtab_Q=3bit_L=lora_2_qkv-fc1-proj-fc2/cifar/20260114184203_default_acc=53.50/tensorboard/Grad_qkv.lora_B_block_0/events.out.tfevents.1768387346.master-192-168-8-48.1680.2,qkv.lora_B,0
1768387908.6842077,934,29.21875,0.32256972789764404,Grad/qkv.lora_B,outputs_dev/vitb16/T=vtab_Q=3bit_L=lora_2_qkv-fc1-proj-fc2/cifar/20260114184203_default_acc=53.50/tensorboard/Grad_qkv.lora_B_block_0/events.out.tfevents.1768387346.master-192-168-8-48.1680.2,qkv.lora_B,0
1768387909.1120136,935,29.25,0.26677364110946655,Grad/qkv.lora_B,outputs_dev/vitb16/T=vtab_Q=3bit_L=lora_2_qkv-fc1-proj-fc2/cifar/20260114184203_default_acc=53.50/tensorboard/Grad_qkv.lora_B_block_0/events.out.tfevents.1768387346.master-192-168-8-48.1680.2,qkv.lora_B,0
1768387909.539351,936,29.28125,0.2615223526954651,Grad/qkv.lora_B,outputs_dev/vitb16/T=vtab_Q=3bit_L=lora_2_qkv-fc1-proj-fc2/cifar/20260114184203_default_acc=53.50/tensorboard/Grad_qkv.lora_B_block_0/events.out.tfevents.1768387346.master-192-168-8-48.1680.2,qkv.lora_B,0
1768387909.9655893,937,29.3125,0.17184993624687195,Grad/qkv.lora_B,outputs_dev/vitb16/T=vtab_Q=3bit_L=lora_2_qkv-fc1-proj-fc2/cifar/20260114184203_default_acc=53.50/tensorboard/Grad_qkv.lora_B_block_0/events.out.tfevents.1768387346.master-192-168-8-48.1680.2,qkv.lora_B,0
1768387910.399421,938,29.34375,0.1894189715385437,Grad/qkv.lora_B,outputs_dev/vitb16/T=vtab_Q=3bit_L=lora_2_qkv-fc1-proj-fc2/cifar/20260114184203_default_acc=53.50/tensorboard/Grad_qkv.lora_B_block_0/events.out.tfevents.1768387346.master-192-168-8-48.1680.2,qkv.lora_B,0
1768387910.8287609,939,29.375,0.33779609203338623,Grad/qkv.lora_B,outputs_dev/vitb16/T=vtab_Q=3bit_L=lora_2_qkv-fc1-proj-fc2/cifar/20260114184203_default_acc=53.50/tensorboard/Grad_qkv.lora_B_block_0/events.out.tfevents.1768387346.master-192-168-8-48.1680.2,qkv.lora_B,0
1768387911.2569542,940,29.40625,0.33254408836364746,Grad/qkv.lora_B,outputs_dev/vitb16/T=vtab_Q=3bit_L=lora_2_qkv-fc1-proj-fc2/cifar/20260114184203_default_acc=53.50/tensorboard/Grad_qkv.lora_B_block_0/events.out.tfevents.1768387346.master-192-168-8-48.1680.2,qkv.lora_B,0
1768387911.689043,941,29.4375,0.5151353478431702,Grad/qkv.lora_B,outputs_dev/vitb16/T=vtab_Q=3bit_L=lora_2_qkv-fc1-proj-fc2/cifar/20260114184203_default_acc=53.50/tensorboard/Grad_qkv.lora_B_block_0/events.out.tfevents.1768387346.master-192-168-8-48.1680.2,qkv.lora_B,0
1768387912.1192012,942,29.46875,0.21147941052913666,Grad/qkv.lora_B,outputs_dev/vitb16/T=vtab_Q=3bit_L=lora_2_qkv-fc1-proj-fc2/cifar/20260114184203_default_acc=53.50/tensorboard/Grad_qkv.lora_B_block_0/events.out.tfevents.1768387346.master-192-168-8-48.1680.2,qkv.lora_B,0
1768387912.5469177,943,29.5,0.21606115996837616,Grad/qkv.lora_B,outputs_dev/vitb16/T=vtab_Q=3bit_L=lora_2_qkv-fc1-proj-fc2/cifar/20260114184203_default_acc=53.50/tensorboard/Grad_qkv.lora_B_block_0/events.out.tfevents.1768387346.master-192-168-8-48.1680.2,qkv.lora_B,0
1768387912.9750466,944,29.53125,0.19958114624023438,Grad/qkv.lora_B,outputs_dev/vitb16/T=vtab_Q=3bit_L=lora_2_qkv-fc1-proj-fc2/cifar/20260114184203_default_acc=53.50/tensorboard/Grad_qkv.lora_B_block_0/events.out.tfevents.1768387346.master-192-168-8-48.1680.2,qkv.lora_B,0
1768387913.4008646,945,29.5625,0.2963002622127533,Grad/qkv.lora_B,outputs_dev/vitb16/T=vtab_Q=3bit_L=lora_2_qkv-fc1-proj-fc2/cifar/20260114184203_default_acc=53.50/tensorboard/Grad_qkv.lora_B_block_0/events.out.tfevents.1768387346.master-192-168-8-48.1680.2,qkv.lora_B,0
1768387913.8292165,946,29.59375,0.38497859239578247,Grad/qkv.lora_B,outputs_dev/vitb16/T=vtab_Q=3bit_L=lora_2_qkv-fc1-proj-fc2/cifar/20260114184203_default_acc=53.50/tensorboard/Grad_qkv.lora_B_block_0/events.out.tfevents.1768387346.master-192-168-8-48.1680.2,qkv.lora_B,0
1768387914.258464,947,29.625,0.14532622694969177,Grad/qkv.lora_B,outputs_dev/vitb16/T=vtab_Q=3bit_L=lora_2_qkv-fc1-proj-fc2/cifar/20260114184203_default_acc=53.50/tensorboard/Grad_qkv.lora_B_block_0/events.out.tfevents.1768387346.master-192-168-8-48.1680.2,qkv.lora_B,0
1768387914.686305,948,29.65625,0.26250118017196655,Grad/qkv.lora_B,outputs_dev/vitb16/T=vtab_Q=3bit_L=lora_2_qkv-fc1-proj-fc2/cifar/20260114184203_default_acc=53.50/tensorboard/Grad_qkv.lora_B_block_0/events.out.tfevents.1768387346.master-192-168-8-48.1680.2,qkv.lora_B,0
1768387915.1060178,949,29.6875,0.20791183412075043,Grad/qkv.lora_B,outputs_dev/vitb16/T=vtab_Q=3bit_L=lora_2_qkv-fc1-proj-fc2/cifar/20260114184203_default_acc=53.50/tensorboard/Grad_qkv.lora_B_block_0/events.out.tfevents.1768387346.master-192-168-8-48.1680.2,qkv.lora_B,0
1768387915.5333183,950,29.71875,0.30427366495132446,Grad/qkv.lora_B,outputs_dev/vitb16/T=vtab_Q=3bit_L=lora_2_qkv-fc1-proj-fc2/cifar/20260114184203_default_acc=53.50/tensorboard/Grad_qkv.lora_B_block_0/events.out.tfevents.1768387346.master-192-168-8-48.1680.2,qkv.lora_B,0
1768387915.960571,951,29.75,0.4661831557750702,Grad/qkv.lora_B,outputs_dev/vitb16/T=vtab_Q=3bit_L=lora_2_qkv-fc1-proj-fc2/cifar/20260114184203_default_acc=53.50/tensorboard/Grad_qkv.lora_B_block_0/events.out.tfevents.1768387346.master-192-168-8-48.1680.2,qkv.lora_B,0
1768387916.3989396,952,29.78125,0.3714694380760193,Grad/qkv.lora_B,outputs_dev/vitb16/T=vtab_Q=3bit_L=lora_2_qkv-fc1-proj-fc2/cifar/20260114184203_default_acc=53.50/tensorboard/Grad_qkv.lora_B_block_0/events.out.tfevents.1768387346.master-192-168-8-48.1680.2,qkv.lora_B,0
1768387916.8258898,953,29.8125,0.4119199812412262,Grad/qkv.lora_B,outputs_dev/vitb16/T=vtab_Q=3bit_L=lora_2_qkv-fc1-proj-fc2/cifar/20260114184203_default_acc=53.50/tensorboard/Grad_qkv.lora_B_block_0/events.out.tfevents.1768387346.master-192-168-8-48.1680.2,qkv.lora_B,0
1768387917.2635286,954,29.84375,0.15956169366836548,Grad/qkv.lora_B,outputs_dev/vitb16/T=vtab_Q=3bit_L=lora_2_qkv-fc1-proj-fc2/cifar/20260114184203_default_acc=53.50/tensorboard/Grad_qkv.lora_B_block_0/events.out.tfevents.1768387346.master-192-168-8-48.1680.2,qkv.lora_B,0
1768387917.6921482,955,29.875,0.1839839369058609,Grad/qkv.lora_B,outputs_dev/vitb16/T=vtab_Q=3bit_L=lora_2_qkv-fc1-proj-fc2/cifar/20260114184203_default_acc=53.50/tensorboard/Grad_qkv.lora_B_block_0/events.out.tfevents.1768387346.master-192-168-8-48.1680.2,qkv.lora_B,0
1768387918.1415312,956,29.90625,0.11195792257785797,Grad/qkv.lora_B,outputs_dev/vitb16/T=vtab_Q=3bit_L=lora_2_qkv-fc1-proj-fc2/cifar/20260114184203_default_acc=53.50/tensorboard/Grad_qkv.lora_B_block_0/events.out.tfevents.1768387346.master-192-168-8-48.1680.2,qkv.lora_B,0
1768387918.5791788,957,29.9375,0.38037049770355225,Grad/qkv.lora_B,outputs_dev/vitb16/T=vtab_Q=3bit_L=lora_2_qkv-fc1-proj-fc2/cifar/20260114184203_default_acc=53.50/tensorboard/Grad_qkv.lora_B_block_0/events.out.tfevents.1768387346.master-192-168-8-48.1680.2,qkv.lora_B,0
1768387919.0016086,958,29.96875,0.5363911986351013,Grad/qkv.lora_B,outputs_dev/vitb16/T=vtab_Q=3bit_L=lora_2_qkv-fc1-proj-fc2/cifar/20260114184203_default_acc=53.50/tensorboard/Grad_qkv.lora_B_block_0/events.out.tfevents.1768387346.master-192-168-8-48.1680.2,qkv.lora_B,0
1768387919.1995838,959,30.0,0.4908024072647095,Grad/qkv.lora_B,outputs_dev/vitb16/T=vtab_Q=3bit_L=lora_2_qkv-fc1-proj-fc2/cifar/20260114184203_default_acc=53.50/tensorboard/Grad_qkv.lora_B_block_0/events.out.tfevents.1768387346.master-192-168-8-48.1680.2,qkv.lora_B,0
1768387919.8744705,960,30.03125,0.23654967546463013,Grad/qkv.lora_B,outputs_dev/vitb16/T=vtab_Q=3bit_L=lora_2_qkv-fc1-proj-fc2/cifar/20260114184203_default_acc=53.50/tensorboard/Grad_qkv.lora_B_block_0/events.out.tfevents.1768387346.master-192-168-8-48.1680.2,qkv.lora_B,0
1768387920.3126976,961,30.0625,0.2178400456905365,Grad/qkv.lora_B,outputs_dev/vitb16/T=vtab_Q=3bit_L=lora_2_qkv-fc1-proj-fc2/cifar/20260114184203_default_acc=53.50/tensorboard/Grad_qkv.lora_B_block_0/events.out.tfevents.1768387346.master-192-168-8-48.1680.2,qkv.lora_B,0
1768387920.7548192,962,30.09375,0.24337950348854065,Grad/qkv.lora_B,outputs_dev/vitb16/T=vtab_Q=3bit_L=lora_2_qkv-fc1-proj-fc2/cifar/20260114184203_default_acc=53.50/tensorboard/Grad_qkv.lora_B_block_0/events.out.tfevents.1768387346.master-192-168-8-48.1680.2,qkv.lora_B,0
1768387921.191277,963,30.125,0.49010151624679565,Grad/qkv.lora_B,outputs_dev/vitb16/T=vtab_Q=3bit_L=lora_2_qkv-fc1-proj-fc2/cifar/20260114184203_default_acc=53.50/tensorboard/Grad_qkv.lora_B_block_0/events.out.tfevents.1768387346.master-192-168-8-48.1680.2,qkv.lora_B,0
1768387921.6154773,964,30.15625,0.9368443489074707,Grad/qkv.lora_B,outputs_dev/vitb16/T=vtab_Q=3bit_L=lora_2_qkv-fc1-proj-fc2/cifar/20260114184203_default_acc=53.50/tensorboard/Grad_qkv.lora_B_block_0/events.out.tfevents.1768387346.master-192-168-8-48.1680.2,qkv.lora_B,0
1768387922.0389824,965,30.1875,0.2251475751399994,Grad/qkv.lora_B,outputs_dev/vitb16/T=vtab_Q=3bit_L=lora_2_qkv-fc1-proj-fc2/cifar/20260114184203_default_acc=53.50/tensorboard/Grad_qkv.lora_B_block_0/events.out.tfevents.1768387346.master-192-168-8-48.1680.2,qkv.lora_B,0
1768387922.4740236,966,30.21875,0.24485762417316437,Grad/qkv.lora_B,outputs_dev/vitb16/T=vtab_Q=3bit_L=lora_2_qkv-fc1-proj-fc2/cifar/20260114184203_default_acc=53.50/tensorboard/Grad_qkv.lora_B_block_0/events.out.tfevents.1768387346.master-192-168-8-48.1680.2,qkv.lora_B,0
1768387922.8959756,967,30.25,0.4902976453304291,Grad/qkv.lora_B,outputs_dev/vitb16/T=vtab_Q=3bit_L=lora_2_qkv-fc1-proj-fc2/cifar/20260114184203_default_acc=53.50/tensorboard/Grad_qkv.lora_B_block_0/events.out.tfevents.1768387346.master-192-168-8-48.1680.2,qkv.lora_B,0
1768387923.3359404,968,30.28125,0.6075535416603088,Grad/qkv.lora_B,outputs_dev/vitb16/T=vtab_Q=3bit_L=lora_2_qkv-fc1-proj-fc2/cifar/20260114184203_default_acc=53.50/tensorboard/Grad_qkv.lora_B_block_0/events.out.tfevents.1768387346.master-192-168-8-48.1680.2,qkv.lora_B,0
1768387923.7678454,969,30.3125,0.2090088427066803,Grad/qkv.lora_B,outputs_dev/vitb16/T=vtab_Q=3bit_L=lora_2_qkv-fc1-proj-fc2/cifar/20260114184203_default_acc=53.50/tensorboard/Grad_qkv.lora_B_block_0/events.out.tfevents.1768387346.master-192-168-8-48.1680.2,qkv.lora_B,0
1768387924.2059858,970,30.34375,0.2632948160171509,Grad/qkv.lora_B,outputs_dev/vitb16/T=vtab_Q=3bit_L=lora_2_qkv-fc1-proj-fc2/cifar/20260114184203_default_acc=53.50/tensorboard/Grad_qkv.lora_B_block_0/events.out.tfevents.1768387346.master-192-168-8-48.1680.2,qkv.lora_B,0
1768387924.6315107,971,30.375,0.18287500739097595,Grad/qkv.lora_B,outputs_dev/vitb16/T=vtab_Q=3bit_L=lora_2_qkv-fc1-proj-fc2/cifar/20260114184203_default_acc=53.50/tensorboard/Grad_qkv.lora_B_block_0/events.out.tfevents.1768387346.master-192-168-8-48.1680.2,qkv.lora_B,0
1768387925.054899,972,30.40625,0.9289371371269226,Grad/qkv.lora_B,outputs_dev/vitb16/T=vtab_Q=3bit_L=lora_2_qkv-fc1-proj-fc2/cifar/20260114184203_default_acc=53.50/tensorboard/Grad_qkv.lora_B_block_0/events.out.tfevents.1768387346.master-192-168-8-48.1680.2,qkv.lora_B,0
1768387925.478623,973,30.4375,0.5475465655326843,Grad/qkv.lora_B,outputs_dev/vitb16/T=vtab_Q=3bit_L=lora_2_qkv-fc1-proj-fc2/cifar/20260114184203_default_acc=53.50/tensorboard/Grad_qkv.lora_B_block_0/events.out.tfevents.1768387346.master-192-168-8-48.1680.2,qkv.lora_B,0
1768387925.9119258,974,30.46875,0.4822760820388794,Grad/qkv.lora_B,outputs_dev/vitb16/T=vtab_Q=3bit_L=lora_2_qkv-fc1-proj-fc2/cifar/20260114184203_default_acc=53.50/tensorboard/Grad_qkv.lora_B_block_0/events.out.tfevents.1768387346.master-192-168-8-48.1680.2,qkv.lora_B,0
1768387926.3352487,975,30.5,0.24780990183353424,Grad/qkv.lora_B,outputs_dev/vitb16/T=vtab_Q=3bit_L=lora_2_qkv-fc1-proj-fc2/cifar/20260114184203_default_acc=53.50/tensorboard/Grad_qkv.lora_B_block_0/events.out.tfevents.1768387346.master-192-168-8-48.1680.2,qkv.lora_B,0
1768387926.7697334,976,30.53125,0.21770651638507843,Grad/qkv.lora_B,outputs_dev/vitb16/T=vtab_Q=3bit_L=lora_2_qkv-fc1-proj-fc2/cifar/20260114184203_default_acc=53.50/tensorboard/Grad_qkv.lora_B_block_0/events.out.tfevents.1768387346.master-192-168-8-48.1680.2,qkv.lora_B,0
1768387927.1975365,977,30.5625,0.13835303485393524,Grad/qkv.lora_B,outputs_dev/vitb16/T=vtab_Q=3bit_L=lora_2_qkv-fc1-proj-fc2/cifar/20260114184203_default_acc=53.50/tensorboard/Grad_qkv.lora_B_block_0/events.out.tfevents.1768387346.master-192-168-8-48.1680.2,qkv.lora_B,0
1768387927.6481023,978,30.59375,0.2816733121871948,Grad/qkv.lora_B,outputs_dev/vitb16/T=vtab_Q=3bit_L=lora_2_qkv-fc1-proj-fc2/cifar/20260114184203_default_acc=53.50/tensorboard/Grad_qkv.lora_B_block_0/events.out.tfevents.1768387346.master-192-168-8-48.1680.2,qkv.lora_B,0
1768387928.0818477,979,30.625,0.28013885021209717,Grad/qkv.lora_B,outputs_dev/vitb16/T=vtab_Q=3bit_L=lora_2_qkv-fc1-proj-fc2/cifar/20260114184203_default_acc=53.50/tensorboard/Grad_qkv.lora_B_block_0/events.out.tfevents.1768387346.master-192-168-8-48.1680.2,qkv.lora_B,0
1768387928.5052805,980,30.65625,0.3134194612503052,Grad/qkv.lora_B,outputs_dev/vitb16/T=vtab_Q=3bit_L=lora_2_qkv-fc1-proj-fc2/cifar/20260114184203_default_acc=53.50/tensorboard/Grad_qkv.lora_B_block_0/events.out.tfevents.1768387346.master-192-168-8-48.1680.2,qkv.lora_B,0
1768387928.927535,981,30.6875,0.21495921909809113,Grad/qkv.lora_B,outputs_dev/vitb16/T=vtab_Q=3bit_L=lora_2_qkv-fc1-proj-fc2/cifar/20260114184203_default_acc=53.50/tensorboard/Grad_qkv.lora_B_block_0/events.out.tfevents.1768387346.master-192-168-8-48.1680.2,qkv.lora_B,0
1768387929.3494735,982,30.71875,0.18870842456817627,Grad/qkv.lora_B,outputs_dev/vitb16/T=vtab_Q=3bit_L=lora_2_qkv-fc1-proj-fc2/cifar/20260114184203_default_acc=53.50/tensorboard/Grad_qkv.lora_B_block_0/events.out.tfevents.1768387346.master-192-168-8-48.1680.2,qkv.lora_B,0
1768387929.7751048,983,30.75,0.257490336894989,Grad/qkv.lora_B,outputs_dev/vitb16/T=vtab_Q=3bit_L=lora_2_qkv-fc1-proj-fc2/cifar/20260114184203_default_acc=53.50/tensorboard/Grad_qkv.lora_B_block_0/events.out.tfevents.1768387346.master-192-168-8-48.1680.2,qkv.lora_B,0
1768387930.1956859,984,30.78125,0.6721923351287842,Grad/qkv.lora_B,outputs_dev/vitb16/T=vtab_Q=3bit_L=lora_2_qkv-fc1-proj-fc2/cifar/20260114184203_default_acc=53.50/tensorboard/Grad_qkv.lora_B_block_0/events.out.tfevents.1768387346.master-192-168-8-48.1680.2,qkv.lora_B,0
1768387930.620099,985,30.8125,2.1366381645202637,Grad/qkv.lora_B,outputs_dev/vitb16/T=vtab_Q=3bit_L=lora_2_qkv-fc1-proj-fc2/cifar/20260114184203_default_acc=53.50/tensorboard/Grad_qkv.lora_B_block_0/events.out.tfevents.1768387346.master-192-168-8-48.1680.2,qkv.lora_B,0
1768387931.0551708,986,30.84375,0.13356225192546844,Grad/qkv.lora_B,outputs_dev/vitb16/T=vtab_Q=3bit_L=lora_2_qkv-fc1-proj-fc2/cifar/20260114184203_default_acc=53.50/tensorboard/Grad_qkv.lora_B_block_0/events.out.tfevents.1768387346.master-192-168-8-48.1680.2,qkv.lora_B,0
1768387931.4794734,987,30.875,0.30927202105522156,Grad/qkv.lora_B,outputs_dev/vitb16/T=vtab_Q=3bit_L=lora_2_qkv-fc1-proj-fc2/cifar/20260114184203_default_acc=53.50/tensorboard/Grad_qkv.lora_B_block_0/events.out.tfevents.1768387346.master-192-168-8-48.1680.2,qkv.lora_B,0
1768387931.902537,988,30.90625,0.18652106821537018,Grad/qkv.lora_B,outputs_dev/vitb16/T=vtab_Q=3bit_L=lora_2_qkv-fc1-proj-fc2/cifar/20260114184203_default_acc=53.50/tensorboard/Grad_qkv.lora_B_block_0/events.out.tfevents.1768387346.master-192-168-8-48.1680.2,qkv.lora_B,0
1768387932.3263142,989,30.9375,0.1944679468870163,Grad/qkv.lora_B,outputs_dev/vitb16/T=vtab_Q=3bit_L=lora_2_qkv-fc1-proj-fc2/cifar/20260114184203_default_acc=53.50/tensorboard/Grad_qkv.lora_B_block_0/events.out.tfevents.1768387346.master-192-168-8-48.1680.2,qkv.lora_B,0
1768387932.7507734,990,30.96875,0.15971074998378754,Grad/qkv.lora_B,outputs_dev/vitb16/T=vtab_Q=3bit_L=lora_2_qkv-fc1-proj-fc2/cifar/20260114184203_default_acc=53.50/tensorboard/Grad_qkv.lora_B_block_0/events.out.tfevents.1768387346.master-192-168-8-48.1680.2,qkv.lora_B,0
1768387932.980551,991,31.0,0.3129236400127411,Grad/qkv.lora_B,outputs_dev/vitb16/T=vtab_Q=3bit_L=lora_2_qkv-fc1-proj-fc2/cifar/20260114184203_default_acc=53.50/tensorboard/Grad_qkv.lora_B_block_0/events.out.tfevents.1768387346.master-192-168-8-48.1680.2,qkv.lora_B,0
1768387972.7417367,992,31.03125,0.2517875134944916,Grad/qkv.lora_B,outputs_dev/vitb16/T=vtab_Q=3bit_L=lora_2_qkv-fc1-proj-fc2/cifar/20260114184203_default_acc=53.50/tensorboard/Grad_qkv.lora_B_block_0/events.out.tfevents.1768387346.master-192-168-8-48.1680.2,qkv.lora_B,0
1768387973.1803029,993,31.0625,0.20273706316947937,Grad/qkv.lora_B,outputs_dev/vitb16/T=vtab_Q=3bit_L=lora_2_qkv-fc1-proj-fc2/cifar/20260114184203_default_acc=53.50/tensorboard/Grad_qkv.lora_B_block_0/events.out.tfevents.1768387346.master-192-168-8-48.1680.2,qkv.lora_B,0
1768387973.6049974,994,31.09375,0.19925245642662048,Grad/qkv.lora_B,outputs_dev/vitb16/T=vtab_Q=3bit_L=lora_2_qkv-fc1-proj-fc2/cifar/20260114184203_default_acc=53.50/tensorboard/Grad_qkv.lora_B_block_0/events.out.tfevents.1768387346.master-192-168-8-48.1680.2,qkv.lora_B,0
1768387974.0495787,995,31.125,0.39711475372314453,Grad/qkv.lora_B,outputs_dev/vitb16/T=vtab_Q=3bit_L=lora_2_qkv-fc1-proj-fc2/cifar/20260114184203_default_acc=53.50/tensorboard/Grad_qkv.lora_B_block_0/events.out.tfevents.1768387346.master-192-168-8-48.1680.2,qkv.lora_B,0
1768387974.4884362,996,31.15625,0.2503165900707245,Grad/qkv.lora_B,outputs_dev/vitb16/T=vtab_Q=3bit_L=lora_2_qkv-fc1-proj-fc2/cifar/20260114184203_default_acc=53.50/tensorboard/Grad_qkv.lora_B_block_0/events.out.tfevents.1768387346.master-192-168-8-48.1680.2,qkv.lora_B,0
1768387974.9234562,997,31.1875,0.16877533495426178,Grad/qkv.lora_B,outputs_dev/vitb16/T=vtab_Q=3bit_L=lora_2_qkv-fc1-proj-fc2/cifar/20260114184203_default_acc=53.50/tensorboard/Grad_qkv.lora_B_block_0/events.out.tfevents.1768387346.master-192-168-8-48.1680.2,qkv.lora_B,0
1768387975.366115,998,31.21875,0.2254742830991745,Grad/qkv.lora_B,outputs_dev/vitb16/T=vtab_Q=3bit_L=lora_2_qkv-fc1-proj-fc2/cifar/20260114184203_default_acc=53.50/tensorboard/Grad_qkv.lora_B_block_0/events.out.tfevents.1768387346.master-192-168-8-48.1680.2,qkv.lora_B,0
1768387975.8167522,999,31.25,0.215752974152565,Grad/qkv.lora_B,outputs_dev/vitb16/T=vtab_Q=3bit_L=lora_2_qkv-fc1-proj-fc2/cifar/20260114184203_default_acc=53.50/tensorboard/Grad_qkv.lora_B_block_0/events.out.tfevents.1768387346.master-192-168-8-48.1680.2,qkv.lora_B,0
1768387976.2463775,1000,31.28125,0.2610741853713989,Grad/qkv.lora_B,outputs_dev/vitb16/T=vtab_Q=3bit_L=lora_2_qkv-fc1-proj-fc2/cifar/20260114184203_default_acc=53.50/tensorboard/Grad_qkv.lora_B_block_0/events.out.tfevents.1768387346.master-192-168-8-48.1680.2,qkv.lora_B,0
1768387976.6824055,1001,31.3125,0.19268465042114258,Grad/qkv.lora_B,outputs_dev/vitb16/T=vtab_Q=3bit_L=lora_2_qkv-fc1-proj-fc2/cifar/20260114184203_default_acc=53.50/tensorboard/Grad_qkv.lora_B_block_0/events.out.tfevents.1768387346.master-192-168-8-48.1680.2,qkv.lora_B,0
1768387977.1254745,1002,31.34375,0.1896521896123886,Grad/qkv.lora_B,outputs_dev/vitb16/T=vtab_Q=3bit_L=lora_2_qkv-fc1-proj-fc2/cifar/20260114184203_default_acc=53.50/tensorboard/Grad_qkv.lora_B_block_0/events.out.tfevents.1768387346.master-192-168-8-48.1680.2,qkv.lora_B,0
1768387977.5492313,1003,31.375,0.3711840510368347,Grad/qkv.lora_B,outputs_dev/vitb16/T=vtab_Q=3bit_L=lora_2_qkv-fc1-proj-fc2/cifar/20260114184203_default_acc=53.50/tensorboard/Grad_qkv.lora_B_block_0/events.out.tfevents.1768387346.master-192-168-8-48.1680.2,qkv.lora_B,0
1768387977.9822185,1004,31.40625,0.10743344575166702,Grad/qkv.lora_B,outputs_dev/vitb16/T=vtab_Q=3bit_L=lora_2_qkv-fc1-proj-fc2/cifar/20260114184203_default_acc=53.50/tensorboard/Grad_qkv.lora_B_block_0/events.out.tfevents.1768387346.master-192-168-8-48.1680.2,qkv.lora_B,0
1768387978.4184022,1005,31.4375,0.2088058441877365,Grad/qkv.lora_B,outputs_dev/vitb16/T=vtab_Q=3bit_L=lora_2_qkv-fc1-proj-fc2/cifar/20260114184203_default_acc=53.50/tensorboard/Grad_qkv.lora_B_block_0/events.out.tfevents.1768387346.master-192-168-8-48.1680.2,qkv.lora_B,0
1768387978.8655086,1006,31.46875,0.15153411030769348,Grad/qkv.lora_B,outputs_dev/vitb16/T=vtab_Q=3bit_L=lora_2_qkv-fc1-proj-fc2/cifar/20260114184203_default_acc=53.50/tensorboard/Grad_qkv.lora_B_block_0/events.out.tfevents.1768387346.master-192-168-8-48.1680.2,qkv.lora_B,0
1768387979.3008163,1007,31.5,0.32032036781311035,Grad/qkv.lora_B,outputs_dev/vitb16/T=vtab_Q=3bit_L=lora_2_qkv-fc1-proj-fc2/cifar/20260114184203_default_acc=53.50/tensorboard/Grad_qkv.lora_B_block_0/events.out.tfevents.1768387346.master-192-168-8-48.1680.2,qkv.lora_B,0
1768387979.744234,1008,31.53125,0.14313074946403503,Grad/qkv.lora_B,outputs_dev/vitb16/T=vtab_Q=3bit_L=lora_2_qkv-fc1-proj-fc2/cifar/20260114184203_default_acc=53.50/tensorboard/Grad_qkv.lora_B_block_0/events.out.tfevents.1768387346.master-192-168-8-48.1680.2,qkv.lora_B,0
1768387980.1851008,1009,31.5625,0.19370946288108826,Grad/qkv.lora_B,outputs_dev/vitb16/T=vtab_Q=3bit_L=lora_2_qkv-fc1-proj-fc2/cifar/20260114184203_default_acc=53.50/tensorboard/Grad_qkv.lora_B_block_0/events.out.tfevents.1768387346.master-192-168-8-48.1680.2,qkv.lora_B,0
1768387980.6243052,1010,31.59375,0.7284636497497559,Grad/qkv.lora_B,outputs_dev/vitb16/T=vtab_Q=3bit_L=lora_2_qkv-fc1-proj-fc2/cifar/20260114184203_default_acc=53.50/tensorboard/Grad_qkv.lora_B_block_0/events.out.tfevents.1768387346.master-192-168-8-48.1680.2,qkv.lora_B,0
1768387981.0497382,1011,31.625,0.18122102320194244,Grad/qkv.lora_B,outputs_dev/vitb16/T=vtab_Q=3bit_L=lora_2_qkv-fc1-proj-fc2/cifar/20260114184203_default_acc=53.50/tensorboard/Grad_qkv.lora_B_block_0/events.out.tfevents.1768387346.master-192-168-8-48.1680.2,qkv.lora_B,0
1768387981.4772377,1012,31.65625,0.2154812216758728,Grad/qkv.lora_B,outputs_dev/vitb16/T=vtab_Q=3bit_L=lora_2_qkv-fc1-proj-fc2/cifar/20260114184203_default_acc=53.50/tensorboard/Grad_qkv.lora_B_block_0/events.out.tfevents.1768387346.master-192-168-8-48.1680.2,qkv.lora_B,0
1768387981.9080338,1013,31.6875,0.1660599559545517,Grad/qkv.lora_B,outputs_dev/vitb16/T=vtab_Q=3bit_L=lora_2_qkv-fc1-proj-fc2/cifar/20260114184203_default_acc=53.50/tensorboard/Grad_qkv.lora_B_block_0/events.out.tfevents.1768387346.master-192-168-8-48.1680.2,qkv.lora_B,0
1768387982.3337784,1014,31.71875,0.44412514567375183,Grad/qkv.lora_B,outputs_dev/vitb16/T=vtab_Q=3bit_L=lora_2_qkv-fc1-proj-fc2/cifar/20260114184203_default_acc=53.50/tensorboard/Grad_qkv.lora_B_block_0/events.out.tfevents.1768387346.master-192-168-8-48.1680.2,qkv.lora_B,0
1768387982.7581987,1015,31.75,0.37819501757621765,Grad/qkv.lora_B,outputs_dev/vitb16/T=vtab_Q=3bit_L=lora_2_qkv-fc1-proj-fc2/cifar/20260114184203_default_acc=53.50/tensorboard/Grad_qkv.lora_B_block_0/events.out.tfevents.1768387346.master-192-168-8-48.1680.2,qkv.lora_B,0
1768387983.1838686,1016,31.78125,0.34492388367652893,Grad/qkv.lora_B,outputs_dev/vitb16/T=vtab_Q=3bit_L=lora_2_qkv-fc1-proj-fc2/cifar/20260114184203_default_acc=53.50/tensorboard/Grad_qkv.lora_B_block_0/events.out.tfevents.1768387346.master-192-168-8-48.1680.2,qkv.lora_B,0
1768387983.614632,1017,31.8125,0.12679031491279602,Grad/qkv.lora_B,outputs_dev/vitb16/T=vtab_Q=3bit_L=lora_2_qkv-fc1-proj-fc2/cifar/20260114184203_default_acc=53.50/tensorboard/Grad_qkv.lora_B_block_0/events.out.tfevents.1768387346.master-192-168-8-48.1680.2,qkv.lora_B,0
1768387984.043043,1018,31.84375,0.17573601007461548,Grad/qkv.lora_B,outputs_dev/vitb16/T=vtab_Q=3bit_L=lora_2_qkv-fc1-proj-fc2/cifar/20260114184203_default_acc=53.50/tensorboard/Grad_qkv.lora_B_block_0/events.out.tfevents.1768387346.master-192-168-8-48.1680.2,qkv.lora_B,0
1768387984.4671369,1019,31.875,0.34733596444129944,Grad/qkv.lora_B,outputs_dev/vitb16/T=vtab_Q=3bit_L=lora_2_qkv-fc1-proj-fc2/cifar/20260114184203_default_acc=53.50/tensorboard/Grad_qkv.lora_B_block_0/events.out.tfevents.1768387346.master-192-168-8-48.1680.2,qkv.lora_B,0
1768387984.8916295,1020,31.90625,0.2724139392375946,Grad/qkv.lora_B,outputs_dev/vitb16/T=vtab_Q=3bit_L=lora_2_qkv-fc1-proj-fc2/cifar/20260114184203_default_acc=53.50/tensorboard/Grad_qkv.lora_B_block_0/events.out.tfevents.1768387346.master-192-168-8-48.1680.2,qkv.lora_B,0
1768387985.3155656,1021,31.9375,0.37715330719947815,Grad/qkv.lora_B,outputs_dev/vitb16/T=vtab_Q=3bit_L=lora_2_qkv-fc1-proj-fc2/cifar/20260114184203_default_acc=53.50/tensorboard/Grad_qkv.lora_B_block_0/events.out.tfevents.1768387346.master-192-168-8-48.1680.2,qkv.lora_B,0
1768387985.737921,1022,31.96875,0.21351926028728485,Grad/qkv.lora_B,outputs_dev/vitb16/T=vtab_Q=3bit_L=lora_2_qkv-fc1-proj-fc2/cifar/20260114184203_default_acc=53.50/tensorboard/Grad_qkv.lora_B_block_0/events.out.tfevents.1768387346.master-192-168-8-48.1680.2,qkv.lora_B,0
1768387985.9500687,1023,32.0,0.22169336676597595,Grad/qkv.lora_B,outputs_dev/vitb16/T=vtab_Q=3bit_L=lora_2_qkv-fc1-proj-fc2/cifar/20260114184203_default_acc=53.50/tensorboard/Grad_qkv.lora_B_block_0/events.out.tfevents.1768387346.master-192-168-8-48.1680.2,qkv.lora_B,0
1768387986.60984,1024,32.03125,0.3144281804561615,Grad/qkv.lora_B,outputs_dev/vitb16/T=vtab_Q=3bit_L=lora_2_qkv-fc1-proj-fc2/cifar/20260114184203_default_acc=53.50/tensorboard/Grad_qkv.lora_B_block_0/events.out.tfevents.1768387346.master-192-168-8-48.1680.2,qkv.lora_B,0
1768387987.0244193,1025,32.0625,0.3487311899662018,Grad/qkv.lora_B,outputs_dev/vitb16/T=vtab_Q=3bit_L=lora_2_qkv-fc1-proj-fc2/cifar/20260114184203_default_acc=53.50/tensorboard/Grad_qkv.lora_B_block_0/events.out.tfevents.1768387346.master-192-168-8-48.1680.2,qkv.lora_B,0
1768387987.4483063,1026,32.09375,0.12658633291721344,Grad/qkv.lora_B,outputs_dev/vitb16/T=vtab_Q=3bit_L=lora_2_qkv-fc1-proj-fc2/cifar/20260114184203_default_acc=53.50/tensorboard/Grad_qkv.lora_B_block_0/events.out.tfevents.1768387346.master-192-168-8-48.1680.2,qkv.lora_B,0
1768387987.871188,1027,32.125,0.456169992685318,Grad/qkv.lora_B,outputs_dev/vitb16/T=vtab_Q=3bit_L=lora_2_qkv-fc1-proj-fc2/cifar/20260114184203_default_acc=53.50/tensorboard/Grad_qkv.lora_B_block_0/events.out.tfevents.1768387346.master-192-168-8-48.1680.2,qkv.lora_B,0
1768387988.3036816,1028,32.15625,0.3652549684047699,Grad/qkv.lora_B,outputs_dev/vitb16/T=vtab_Q=3bit_L=lora_2_qkv-fc1-proj-fc2/cifar/20260114184203_default_acc=53.50/tensorboard/Grad_qkv.lora_B_block_0/events.out.tfevents.1768387346.master-192-168-8-48.1680.2,qkv.lora_B,0
1768387988.7249472,1029,32.1875,0.22786235809326172,Grad/qkv.lora_B,outputs_dev/vitb16/T=vtab_Q=3bit_L=lora_2_qkv-fc1-proj-fc2/cifar/20260114184203_default_acc=53.50/tensorboard/Grad_qkv.lora_B_block_0/events.out.tfevents.1768387346.master-192-168-8-48.1680.2,qkv.lora_B,0
1768387989.1482842,1030,32.21875,0.15704721212387085,Grad/qkv.lora_B,outputs_dev/vitb16/T=vtab_Q=3bit_L=lora_2_qkv-fc1-proj-fc2/cifar/20260114184203_default_acc=53.50/tensorboard/Grad_qkv.lora_B_block_0/events.out.tfevents.1768387346.master-192-168-8-48.1680.2,qkv.lora_B,0
1768387989.57177,1031,32.25,0.09501894563436508,Grad/qkv.lora_B,outputs_dev/vitb16/T=vtab_Q=3bit_L=lora_2_qkv-fc1-proj-fc2/cifar/20260114184203_default_acc=53.50/tensorboard/Grad_qkv.lora_B_block_0/events.out.tfevents.1768387346.master-192-168-8-48.1680.2,qkv.lora_B,0
1768387989.994021,1032,32.28125,0.38457804918289185,Grad/qkv.lora_B,outputs_dev/vitb16/T=vtab_Q=3bit_L=lora_2_qkv-fc1-proj-fc2/cifar/20260114184203_default_acc=53.50/tensorboard/Grad_qkv.lora_B_block_0/events.out.tfevents.1768387346.master-192-168-8-48.1680.2,qkv.lora_B,0
1768387990.4144328,1033,32.3125,0.14373932778835297,Grad/qkv.lora_B,outputs_dev/vitb16/T=vtab_Q=3bit_L=lora_2_qkv-fc1-proj-fc2/cifar/20260114184203_default_acc=53.50/tensorboard/Grad_qkv.lora_B_block_0/events.out.tfevents.1768387346.master-192-168-8-48.1680.2,qkv.lora_B,0
1768387990.8360848,1034,32.34375,0.49055972695350647,Grad/qkv.lora_B,outputs_dev/vitb16/T=vtab_Q=3bit_L=lora_2_qkv-fc1-proj-fc2/cifar/20260114184203_default_acc=53.50/tensorboard/Grad_qkv.lora_B_block_0/events.out.tfevents.1768387346.master-192-168-8-48.1680.2,qkv.lora_B,0
1768387991.2811513,1035,32.375,0.41158878803253174,Grad/qkv.lora_B,outputs_dev/vitb16/T=vtab_Q=3bit_L=lora_2_qkv-fc1-proj-fc2/cifar/20260114184203_default_acc=53.50/tensorboard/Grad_qkv.lora_B_block_0/events.out.tfevents.1768387346.master-192-168-8-48.1680.2,qkv.lora_B,0
1768387991.7026556,1036,32.40625,0.139126718044281,Grad/qkv.lora_B,outputs_dev/vitb16/T=vtab_Q=3bit_L=lora_2_qkv-fc1-proj-fc2/cifar/20260114184203_default_acc=53.50/tensorboard/Grad_qkv.lora_B_block_0/events.out.tfevents.1768387346.master-192-168-8-48.1680.2,qkv.lora_B,0
1768387992.1291854,1037,32.4375,0.18810667097568512,Grad/qkv.lora_B,outputs_dev/vitb16/T=vtab_Q=3bit_L=lora_2_qkv-fc1-proj-fc2/cifar/20260114184203_default_acc=53.50/tensorboard/Grad_qkv.lora_B_block_0/events.out.tfevents.1768387346.master-192-168-8-48.1680.2,qkv.lora_B,0
1768387992.5655243,1038,32.46875,0.22232964634895325,Grad/qkv.lora_B,outputs_dev/vitb16/T=vtab_Q=3bit_L=lora_2_qkv-fc1-proj-fc2/cifar/20260114184203_default_acc=53.50/tensorboard/Grad_qkv.lora_B_block_0/events.out.tfevents.1768387346.master-192-168-8-48.1680.2,qkv.lora_B,0
1768387993.0035048,1039,32.5,0.2933567762374878,Grad/qkv.lora_B,outputs_dev/vitb16/T=vtab_Q=3bit_L=lora_2_qkv-fc1-proj-fc2/cifar/20260114184203_default_acc=53.50/tensorboard/Grad_qkv.lora_B_block_0/events.out.tfevents.1768387346.master-192-168-8-48.1680.2,qkv.lora_B,0
1768387993.4334695,1040,32.53125,0.14373984932899475,Grad/qkv.lora_B,outputs_dev/vitb16/T=vtab_Q=3bit_L=lora_2_qkv-fc1-proj-fc2/cifar/20260114184203_default_acc=53.50/tensorboard/Grad_qkv.lora_B_block_0/events.out.tfevents.1768387346.master-192-168-8-48.1680.2,qkv.lora_B,0
1768387993.8701828,1041,32.5625,0.1865999698638916,Grad/qkv.lora_B,outputs_dev/vitb16/T=vtab_Q=3bit_L=lora_2_qkv-fc1-proj-fc2/cifar/20260114184203_default_acc=53.50/tensorboard/Grad_qkv.lora_B_block_0/events.out.tfevents.1768387346.master-192-168-8-48.1680.2,qkv.lora_B,0
1768387994.289957,1042,32.59375,0.3336609899997711,Grad/qkv.lora_B,outputs_dev/vitb16/T=vtab_Q=3bit_L=lora_2_qkv-fc1-proj-fc2/cifar/20260114184203_default_acc=53.50/tensorboard/Grad_qkv.lora_B_block_0/events.out.tfevents.1768387346.master-192-168-8-48.1680.2,qkv.lora_B,0
1768387994.724756,1043,32.625,0.6195144057273865,Grad/qkv.lora_B,outputs_dev/vitb16/T=vtab_Q=3bit_L=lora_2_qkv-fc1-proj-fc2/cifar/20260114184203_default_acc=53.50/tensorboard/Grad_qkv.lora_B_block_0/events.out.tfevents.1768387346.master-192-168-8-48.1680.2,qkv.lora_B,0
1768387995.159246,1044,32.65625,0.28726741671562195,Grad/qkv.lora_B,outputs_dev/vitb16/T=vtab_Q=3bit_L=lora_2_qkv-fc1-proj-fc2/cifar/20260114184203_default_acc=53.50/tensorboard/Grad_qkv.lora_B_block_0/events.out.tfevents.1768387346.master-192-168-8-48.1680.2,qkv.lora_B,0
1768387995.5850618,1045,32.6875,0.5077388286590576,Grad/qkv.lora_B,outputs_dev/vitb16/T=vtab_Q=3bit_L=lora_2_qkv-fc1-proj-fc2/cifar/20260114184203_default_acc=53.50/tensorboard/Grad_qkv.lora_B_block_0/events.out.tfevents.1768387346.master-192-168-8-48.1680.2,qkv.lora_B,0
1768387996.0150769,1046,32.71875,0.15424352884292603,Grad/qkv.lora_B,outputs_dev/vitb16/T=vtab_Q=3bit_L=lora_2_qkv-fc1-proj-fc2/cifar/20260114184203_default_acc=53.50/tensorboard/Grad_qkv.lora_B_block_0/events.out.tfevents.1768387346.master-192-168-8-48.1680.2,qkv.lora_B,0
1768387996.4387496,1047,32.75,0.1674952358007431,Grad/qkv.lora_B,outputs_dev/vitb16/T=vtab_Q=3bit_L=lora_2_qkv-fc1-proj-fc2/cifar/20260114184203_default_acc=53.50/tensorboard/Grad_qkv.lora_B_block_0/events.out.tfevents.1768387346.master-192-168-8-48.1680.2,qkv.lora_B,0
1768387996.8765764,1048,32.78125,0.2617838978767395,Grad/qkv.lora_B,outputs_dev/vitb16/T=vtab_Q=3bit_L=lora_2_qkv-fc1-proj-fc2/cifar/20260114184203_default_acc=53.50/tensorboard/Grad_qkv.lora_B_block_0/events.out.tfevents.1768387346.master-192-168-8-48.1680.2,qkv.lora_B,0
1768387997.3115005,1049,32.8125,0.20745109021663666,Grad/qkv.lora_B,outputs_dev/vitb16/T=vtab_Q=3bit_L=lora_2_qkv-fc1-proj-fc2/cifar/20260114184203_default_acc=53.50/tensorboard/Grad_qkv.lora_B_block_0/events.out.tfevents.1768387346.master-192-168-8-48.1680.2,qkv.lora_B,0
1768387997.7460012,1050,32.84375,0.13302594423294067,Grad/qkv.lora_B,outputs_dev/vitb16/T=vtab_Q=3bit_L=lora_2_qkv-fc1-proj-fc2/cifar/20260114184203_default_acc=53.50/tensorboard/Grad_qkv.lora_B_block_0/events.out.tfevents.1768387346.master-192-168-8-48.1680.2,qkv.lora_B,0
1768387998.180764,1051,32.875,0.1246497705578804,Grad/qkv.lora_B,outputs_dev/vitb16/T=vtab_Q=3bit_L=lora_2_qkv-fc1-proj-fc2/cifar/20260114184203_default_acc=53.50/tensorboard/Grad_qkv.lora_B_block_0/events.out.tfevents.1768387346.master-192-168-8-48.1680.2,qkv.lora_B,0
1768387998.6024334,1052,32.90625,0.4265536069869995,Grad/qkv.lora_B,outputs_dev/vitb16/T=vtab_Q=3bit_L=lora_2_qkv-fc1-proj-fc2/cifar/20260114184203_default_acc=53.50/tensorboard/Grad_qkv.lora_B_block_0/events.out.tfevents.1768387346.master-192-168-8-48.1680.2,qkv.lora_B,0
1768387999.0238175,1053,32.9375,0.2509427070617676,Grad/qkv.lora_B,outputs_dev/vitb16/T=vtab_Q=3bit_L=lora_2_qkv-fc1-proj-fc2/cifar/20260114184203_default_acc=53.50/tensorboard/Grad_qkv.lora_B_block_0/events.out.tfevents.1768387346.master-192-168-8-48.1680.2,qkv.lora_B,0
1768387999.447385,1054,32.96875,0.14486879110336304,Grad/qkv.lora_B,outputs_dev/vitb16/T=vtab_Q=3bit_L=lora_2_qkv-fc1-proj-fc2/cifar/20260114184203_default_acc=53.50/tensorboard/Grad_qkv.lora_B_block_0/events.out.tfevents.1768387346.master-192-168-8-48.1680.2,qkv.lora_B,0
1768387999.6697955,1055,33.0,0.20797188580036163,Grad/qkv.lora_B,outputs_dev/vitb16/T=vtab_Q=3bit_L=lora_2_qkv-fc1-proj-fc2/cifar/20260114184203_default_acc=53.50/tensorboard/Grad_qkv.lora_B_block_0/events.out.tfevents.1768387346.master-192-168-8-48.1680.2,qkv.lora_B,0
1768388000.5629747,1056,33.03125,0.17171745002269745,Grad/qkv.lora_B,outputs_dev/vitb16/T=vtab_Q=3bit_L=lora_2_qkv-fc1-proj-fc2/cifar/20260114184203_default_acc=53.50/tensorboard/Grad_qkv.lora_B_block_0/events.out.tfevents.1768387346.master-192-168-8-48.1680.2,qkv.lora_B,0
1768388000.9883401,1057,33.0625,0.1690194308757782,Grad/qkv.lora_B,outputs_dev/vitb16/T=vtab_Q=3bit_L=lora_2_qkv-fc1-proj-fc2/cifar/20260114184203_default_acc=53.50/tensorboard/Grad_qkv.lora_B_block_0/events.out.tfevents.1768387346.master-192-168-8-48.1680.2,qkv.lora_B,0
1768388001.4091651,1058,33.09375,0.12650427222251892,Grad/qkv.lora_B,outputs_dev/vitb16/T=vtab_Q=3bit_L=lora_2_qkv-fc1-proj-fc2/cifar/20260114184203_default_acc=53.50/tensorboard/Grad_qkv.lora_B_block_0/events.out.tfevents.1768387346.master-192-168-8-48.1680.2,qkv.lora_B,0
1768388001.8478317,1059,33.125,0.2927882671356201,Grad/qkv.lora_B,outputs_dev/vitb16/T=vtab_Q=3bit_L=lora_2_qkv-fc1-proj-fc2/cifar/20260114184203_default_acc=53.50/tensorboard/Grad_qkv.lora_B_block_0/events.out.tfevents.1768387346.master-192-168-8-48.1680.2,qkv.lora_B,0
1768388002.271196,1060,33.15625,0.11720313131809235,Grad/qkv.lora_B,outputs_dev/vitb16/T=vtab_Q=3bit_L=lora_2_qkv-fc1-proj-fc2/cifar/20260114184203_default_acc=53.50/tensorboard/Grad_qkv.lora_B_block_0/events.out.tfevents.1768387346.master-192-168-8-48.1680.2,qkv.lora_B,0
1768388002.6937082,1061,33.1875,0.16334950923919678,Grad/qkv.lora_B,outputs_dev/vitb16/T=vtab_Q=3bit_L=lora_2_qkv-fc1-proj-fc2/cifar/20260114184203_default_acc=53.50/tensorboard/Grad_qkv.lora_B_block_0/events.out.tfevents.1768387346.master-192-168-8-48.1680.2,qkv.lora_B,0
1768388003.128249,1062,33.21875,0.11530283093452454,Grad/qkv.lora_B,outputs_dev/vitb16/T=vtab_Q=3bit_L=lora_2_qkv-fc1-proj-fc2/cifar/20260114184203_default_acc=53.50/tensorboard/Grad_qkv.lora_B_block_0/events.out.tfevents.1768387346.master-192-168-8-48.1680.2,qkv.lora_B,0
1768388003.551426,1063,33.25,0.25464579463005066,Grad/qkv.lora_B,outputs_dev/vitb16/T=vtab_Q=3bit_L=lora_2_qkv-fc1-proj-fc2/cifar/20260114184203_default_acc=53.50/tensorboard/Grad_qkv.lora_B_block_0/events.out.tfevents.1768387346.master-192-168-8-48.1680.2,qkv.lora_B,0
1768388003.9745893,1064,33.28125,0.14531199634075165,Grad/qkv.lora_B,outputs_dev/vitb16/T=vtab_Q=3bit_L=lora_2_qkv-fc1-proj-fc2/cifar/20260114184203_default_acc=53.50/tensorboard/Grad_qkv.lora_B_block_0/events.out.tfevents.1768387346.master-192-168-8-48.1680.2,qkv.lora_B,0
1768388004.410315,1065,33.3125,0.27582597732543945,Grad/qkv.lora_B,outputs_dev/vitb16/T=vtab_Q=3bit_L=lora_2_qkv-fc1-proj-fc2/cifar/20260114184203_default_acc=53.50/tensorboard/Grad_qkv.lora_B_block_0/events.out.tfevents.1768387346.master-192-168-8-48.1680.2,qkv.lora_B,0
1768388004.8432608,1066,33.34375,0.23337803781032562,Grad/qkv.lora_B,outputs_dev/vitb16/T=vtab_Q=3bit_L=lora_2_qkv-fc1-proj-fc2/cifar/20260114184203_default_acc=53.50/tensorboard/Grad_qkv.lora_B_block_0/events.out.tfevents.1768387346.master-192-168-8-48.1680.2,qkv.lora_B,0
1768388005.2682993,1067,33.375,0.14696957170963287,Grad/qkv.lora_B,outputs_dev/vitb16/T=vtab_Q=3bit_L=lora_2_qkv-fc1-proj-fc2/cifar/20260114184203_default_acc=53.50/tensorboard/Grad_qkv.lora_B_block_0/events.out.tfevents.1768387346.master-192-168-8-48.1680.2,qkv.lora_B,0
1768388005.691758,1068,33.40625,0.27474790811538696,Grad/qkv.lora_B,outputs_dev/vitb16/T=vtab_Q=3bit_L=lora_2_qkv-fc1-proj-fc2/cifar/20260114184203_default_acc=53.50/tensorboard/Grad_qkv.lora_B_block_0/events.out.tfevents.1768387346.master-192-168-8-48.1680.2,qkv.lora_B,0
1768388006.1124954,1069,33.4375,0.2116234004497528,Grad/qkv.lora_B,outputs_dev/vitb16/T=vtab_Q=3bit_L=lora_2_qkv-fc1-proj-fc2/cifar/20260114184203_default_acc=53.50/tensorboard/Grad_qkv.lora_B_block_0/events.out.tfevents.1768387346.master-192-168-8-48.1680.2,qkv.lora_B,0
1768388006.5332766,1070,33.46875,0.048938002437353134,Grad/qkv.lora_B,outputs_dev/vitb16/T=vtab_Q=3bit_L=lora_2_qkv-fc1-proj-fc2/cifar/20260114184203_default_acc=53.50/tensorboard/Grad_qkv.lora_B_block_0/events.out.tfevents.1768387346.master-192-168-8-48.1680.2,qkv.lora_B,0
1768388006.9596915,1071,33.5,0.12198034673929214,Grad/qkv.lora_B,outputs_dev/vitb16/T=vtab_Q=3bit_L=lora_2_qkv-fc1-proj-fc2/cifar/20260114184203_default_acc=53.50/tensorboard/Grad_qkv.lora_B_block_0/events.out.tfevents.1768387346.master-192-168-8-48.1680.2,qkv.lora_B,0
1768388007.3949928,1072,33.53125,0.4297434091567993,Grad/qkv.lora_B,outputs_dev/vitb16/T=vtab_Q=3bit_L=lora_2_qkv-fc1-proj-fc2/cifar/20260114184203_default_acc=53.50/tensorboard/Grad_qkv.lora_B_block_0/events.out.tfevents.1768387346.master-192-168-8-48.1680.2,qkv.lora_B,0
1768388007.8329751,1073,33.5625,0.2286471575498581,Grad/qkv.lora_B,outputs_dev/vitb16/T=vtab_Q=3bit_L=lora_2_qkv-fc1-proj-fc2/cifar/20260114184203_default_acc=53.50/tensorboard/Grad_qkv.lora_B_block_0/events.out.tfevents.1768387346.master-192-168-8-48.1680.2,qkv.lora_B,0
1768388008.2564862,1074,33.59375,0.14266055822372437,Grad/qkv.lora_B,outputs_dev/vitb16/T=vtab_Q=3bit_L=lora_2_qkv-fc1-proj-fc2/cifar/20260114184203_default_acc=53.50/tensorboard/Grad_qkv.lora_B_block_0/events.out.tfevents.1768387346.master-192-168-8-48.1680.2,qkv.lora_B,0
1768388008.678665,1075,33.625,0.18831965327262878,Grad/qkv.lora_B,outputs_dev/vitb16/T=vtab_Q=3bit_L=lora_2_qkv-fc1-proj-fc2/cifar/20260114184203_default_acc=53.50/tensorboard/Grad_qkv.lora_B_block_0/events.out.tfevents.1768387346.master-192-168-8-48.1680.2,qkv.lora_B,0
1768388009.0996916,1076,33.65625,0.541901171207428,Grad/qkv.lora_B,outputs_dev/vitb16/T=vtab_Q=3bit_L=lora_2_qkv-fc1-proj-fc2/cifar/20260114184203_default_acc=53.50/tensorboard/Grad_qkv.lora_B_block_0/events.out.tfevents.1768387346.master-192-168-8-48.1680.2,qkv.lora_B,0
1768388009.5242,1077,33.6875,0.13189426064491272,Grad/qkv.lora_B,outputs_dev/vitb16/T=vtab_Q=3bit_L=lora_2_qkv-fc1-proj-fc2/cifar/20260114184203_default_acc=53.50/tensorboard/Grad_qkv.lora_B_block_0/events.out.tfevents.1768387346.master-192-168-8-48.1680.2,qkv.lora_B,0
1768388009.9462101,1078,33.71875,0.13885273039340973,Grad/qkv.lora_B,outputs_dev/vitb16/T=vtab_Q=3bit_L=lora_2_qkv-fc1-proj-fc2/cifar/20260114184203_default_acc=53.50/tensorboard/Grad_qkv.lora_B_block_0/events.out.tfevents.1768387346.master-192-168-8-48.1680.2,qkv.lora_B,0
1768388010.3796895,1079,33.75,0.21930202841758728,Grad/qkv.lora_B,outputs_dev/vitb16/T=vtab_Q=3bit_L=lora_2_qkv-fc1-proj-fc2/cifar/20260114184203_default_acc=53.50/tensorboard/Grad_qkv.lora_B_block_0/events.out.tfevents.1768387346.master-192-168-8-48.1680.2,qkv.lora_B,0
1768388010.7874076,1080,33.78125,0.22942809760570526,Grad/qkv.lora_B,outputs_dev/vitb16/T=vtab_Q=3bit_L=lora_2_qkv-fc1-proj-fc2/cifar/20260114184203_default_acc=53.50/tensorboard/Grad_qkv.lora_B_block_0/events.out.tfevents.1768387346.master-192-168-8-48.1680.2,qkv.lora_B,0
1768388011.1974726,1081,33.8125,0.25732576847076416,Grad/qkv.lora_B,outputs_dev/vitb16/T=vtab_Q=3bit_L=lora_2_qkv-fc1-proj-fc2/cifar/20260114184203_default_acc=53.50/tensorboard/Grad_qkv.lora_B_block_0/events.out.tfevents.1768387346.master-192-168-8-48.1680.2,qkv.lora_B,0
1768388011.6194606,1082,33.84375,0.19414104521274567,Grad/qkv.lora_B,outputs_dev/vitb16/T=vtab_Q=3bit_L=lora_2_qkv-fc1-proj-fc2/cifar/20260114184203_default_acc=53.50/tensorboard/Grad_qkv.lora_B_block_0/events.out.tfevents.1768387346.master-192-168-8-48.1680.2,qkv.lora_B,0
1768388012.0421023,1083,33.875,0.2829083502292633,Grad/qkv.lora_B,outputs_dev/vitb16/T=vtab_Q=3bit_L=lora_2_qkv-fc1-proj-fc2/cifar/20260114184203_default_acc=53.50/tensorboard/Grad_qkv.lora_B_block_0/events.out.tfevents.1768387346.master-192-168-8-48.1680.2,qkv.lora_B,0
1768388012.480483,1084,33.90625,0.24950668215751648,Grad/qkv.lora_B,outputs_dev/vitb16/T=vtab_Q=3bit_L=lora_2_qkv-fc1-proj-fc2/cifar/20260114184203_default_acc=53.50/tensorboard/Grad_qkv.lora_B_block_0/events.out.tfevents.1768387346.master-192-168-8-48.1680.2,qkv.lora_B,0
1768388012.901179,1085,33.9375,0.22242502868175507,Grad/qkv.lora_B,outputs_dev/vitb16/T=vtab_Q=3bit_L=lora_2_qkv-fc1-proj-fc2/cifar/20260114184203_default_acc=53.50/tensorboard/Grad_qkv.lora_B_block_0/events.out.tfevents.1768387346.master-192-168-8-48.1680.2,qkv.lora_B,0
1768388013.322302,1086,33.96875,0.21629548072814941,Grad/qkv.lora_B,outputs_dev/vitb16/T=vtab_Q=3bit_L=lora_2_qkv-fc1-proj-fc2/cifar/20260114184203_default_acc=53.50/tensorboard/Grad_qkv.lora_B_block_0/events.out.tfevents.1768387346.master-192-168-8-48.1680.2,qkv.lora_B,0
1768388013.5452595,1087,34.0,0.4295399487018585,Grad/qkv.lora_B,outputs_dev/vitb16/T=vtab_Q=3bit_L=lora_2_qkv-fc1-proj-fc2/cifar/20260114184203_default_acc=53.50/tensorboard/Grad_qkv.lora_B_block_0/events.out.tfevents.1768387346.master-192-168-8-48.1680.2,qkv.lora_B,0
1768388014.2104955,1088,34.03125,0.2626033127307892,Grad/qkv.lora_B,outputs_dev/vitb16/T=vtab_Q=3bit_L=lora_2_qkv-fc1-proj-fc2/cifar/20260114184203_default_acc=53.50/tensorboard/Grad_qkv.lora_B_block_0/events.out.tfevents.1768387346.master-192-168-8-48.1680.2,qkv.lora_B,0
1768388014.6262097,1089,34.0625,0.3558870851993561,Grad/qkv.lora_B,outputs_dev/vitb16/T=vtab_Q=3bit_L=lora_2_qkv-fc1-proj-fc2/cifar/20260114184203_default_acc=53.50/tensorboard/Grad_qkv.lora_B_block_0/events.out.tfevents.1768387346.master-192-168-8-48.1680.2,qkv.lora_B,0
1768388015.0377982,1090,34.09375,0.15009212493896484,Grad/qkv.lora_B,outputs_dev/vitb16/T=vtab_Q=3bit_L=lora_2_qkv-fc1-proj-fc2/cifar/20260114184203_default_acc=53.50/tensorboard/Grad_qkv.lora_B_block_0/events.out.tfevents.1768387346.master-192-168-8-48.1680.2,qkv.lora_B,0
1768388015.4478776,1091,34.125,0.17922089993953705,Grad/qkv.lora_B,outputs_dev/vitb16/T=vtab_Q=3bit_L=lora_2_qkv-fc1-proj-fc2/cifar/20260114184203_default_acc=53.50/tensorboard/Grad_qkv.lora_B_block_0/events.out.tfevents.1768387346.master-192-168-8-48.1680.2,qkv.lora_B,0
1768388015.8605745,1092,34.15625,0.17838983237743378,Grad/qkv.lora_B,outputs_dev/vitb16/T=vtab_Q=3bit_L=lora_2_qkv-fc1-proj-fc2/cifar/20260114184203_default_acc=53.50/tensorboard/Grad_qkv.lora_B_block_0/events.out.tfevents.1768387346.master-192-168-8-48.1680.2,qkv.lora_B,0
1768388016.270644,1093,34.1875,0.25006455183029175,Grad/qkv.lora_B,outputs_dev/vitb16/T=vtab_Q=3bit_L=lora_2_qkv-fc1-proj-fc2/cifar/20260114184203_default_acc=53.50/tensorboard/Grad_qkv.lora_B_block_0/events.out.tfevents.1768387346.master-192-168-8-48.1680.2,qkv.lora_B,0
1768388016.6837423,1094,34.21875,0.20332708954811096,Grad/qkv.lora_B,outputs_dev/vitb16/T=vtab_Q=3bit_L=lora_2_qkv-fc1-proj-fc2/cifar/20260114184203_default_acc=53.50/tensorboard/Grad_qkv.lora_B_block_0/events.out.tfevents.1768387346.master-192-168-8-48.1680.2,qkv.lora_B,0
1768388017.0969062,1095,34.25,0.24384942650794983,Grad/qkv.lora_B,outputs_dev/vitb16/T=vtab_Q=3bit_L=lora_2_qkv-fc1-proj-fc2/cifar/20260114184203_default_acc=53.50/tensorboard/Grad_qkv.lora_B_block_0/events.out.tfevents.1768387346.master-192-168-8-48.1680.2,qkv.lora_B,0
1768388017.50839,1096,34.28125,0.16628120839595795,Grad/qkv.lora_B,outputs_dev/vitb16/T=vtab_Q=3bit_L=lora_2_qkv-fc1-proj-fc2/cifar/20260114184203_default_acc=53.50/tensorboard/Grad_qkv.lora_B_block_0/events.out.tfevents.1768387346.master-192-168-8-48.1680.2,qkv.lora_B,0
1768388017.927746,1097,34.3125,0.5616774559020996,Grad/qkv.lora_B,outputs_dev/vitb16/T=vtab_Q=3bit_L=lora_2_qkv-fc1-proj-fc2/cifar/20260114184203_default_acc=53.50/tensorboard/Grad_qkv.lora_B_block_0/events.out.tfevents.1768387346.master-192-168-8-48.1680.2,qkv.lora_B,0
1768388018.379734,1098,34.34375,0.136618509888649,Grad/qkv.lora_B,outputs_dev/vitb16/T=vtab_Q=3bit_L=lora_2_qkv-fc1-proj-fc2/cifar/20260114184203_default_acc=53.50/tensorboard/Grad_qkv.lora_B_block_0/events.out.tfevents.1768387346.master-192-168-8-48.1680.2,qkv.lora_B,0
1768388018.8215883,1099,34.375,0.1490781456232071,Grad/qkv.lora_B,outputs_dev/vitb16/T=vtab_Q=3bit_L=lora_2_qkv-fc1-proj-fc2/cifar/20260114184203_default_acc=53.50/tensorboard/Grad_qkv.lora_B_block_0/events.out.tfevents.1768387346.master-192-168-8-48.1680.2,qkv.lora_B,0
1768388019.2613041,1100,34.40625,0.3112194836139679,Grad/qkv.lora_B,outputs_dev/vitb16/T=vtab_Q=3bit_L=lora_2_qkv-fc1-proj-fc2/cifar/20260114184203_default_acc=53.50/tensorboard/Grad_qkv.lora_B_block_0/events.out.tfevents.1768387346.master-192-168-8-48.1680.2,qkv.lora_B,0
1768388019.7008185,1101,34.4375,0.5419839024543762,Grad/qkv.lora_B,outputs_dev/vitb16/T=vtab_Q=3bit_L=lora_2_qkv-fc1-proj-fc2/cifar/20260114184203_default_acc=53.50/tensorboard/Grad_qkv.lora_B_block_0/events.out.tfevents.1768387346.master-192-168-8-48.1680.2,qkv.lora_B,0
1768388020.136216,1102,34.46875,0.21021507680416107,Grad/qkv.lora_B,outputs_dev/vitb16/T=vtab_Q=3bit_L=lora_2_qkv-fc1-proj-fc2/cifar/20260114184203_default_acc=53.50/tensorboard/Grad_qkv.lora_B_block_0/events.out.tfevents.1768387346.master-192-168-8-48.1680.2,qkv.lora_B,0
1768388020.5703235,1103,34.5,0.18893474340438843,Grad/qkv.lora_B,outputs_dev/vitb16/T=vtab_Q=3bit_L=lora_2_qkv-fc1-proj-fc2/cifar/20260114184203_default_acc=53.50/tensorboard/Grad_qkv.lora_B_block_0/events.out.tfevents.1768387346.master-192-168-8-48.1680.2,qkv.lora_B,0
1768388021.0055594,1104,34.53125,0.4303496479988098,Grad/qkv.lora_B,outputs_dev/vitb16/T=vtab_Q=3bit_L=lora_2_qkv-fc1-proj-fc2/cifar/20260114184203_default_acc=53.50/tensorboard/Grad_qkv.lora_B_block_0/events.out.tfevents.1768387346.master-192-168-8-48.1680.2,qkv.lora_B,0
1768388021.4163914,1105,34.5625,0.28519386053085327,Grad/qkv.lora_B,outputs_dev/vitb16/T=vtab_Q=3bit_L=lora_2_qkv-fc1-proj-fc2/cifar/20260114184203_default_acc=53.50/tensorboard/Grad_qkv.lora_B_block_0/events.out.tfevents.1768387346.master-192-168-8-48.1680.2,qkv.lora_B,0
1768388021.8502386,1106,34.59375,0.5056089162826538,Grad/qkv.lora_B,outputs_dev/vitb16/T=vtab_Q=3bit_L=lora_2_qkv-fc1-proj-fc2/cifar/20260114184203_default_acc=53.50/tensorboard/Grad_qkv.lora_B_block_0/events.out.tfevents.1768387346.master-192-168-8-48.1680.2,qkv.lora_B,0
1768388022.289008,1107,34.625,0.29652538895606995,Grad/qkv.lora_B,outputs_dev/vitb16/T=vtab_Q=3bit_L=lora_2_qkv-fc1-proj-fc2/cifar/20260114184203_default_acc=53.50/tensorboard/Grad_qkv.lora_B_block_0/events.out.tfevents.1768387346.master-192-168-8-48.1680.2,qkv.lora_B,0
1768388022.7259474,1108,34.65625,0.3125019371509552,Grad/qkv.lora_B,outputs_dev/vitb16/T=vtab_Q=3bit_L=lora_2_qkv-fc1-proj-fc2/cifar/20260114184203_default_acc=53.50/tensorboard/Grad_qkv.lora_B_block_0/events.out.tfevents.1768387346.master-192-168-8-48.1680.2,qkv.lora_B,0
1768388023.160153,1109,34.6875,0.18384993076324463,Grad/qkv.lora_B,outputs_dev/vitb16/T=vtab_Q=3bit_L=lora_2_qkv-fc1-proj-fc2/cifar/20260114184203_default_acc=53.50/tensorboard/Grad_qkv.lora_B_block_0/events.out.tfevents.1768387346.master-192-168-8-48.1680.2,qkv.lora_B,0
1768388023.5816674,1110,34.71875,0.11075161397457123,Grad/qkv.lora_B,outputs_dev/vitb16/T=vtab_Q=3bit_L=lora_2_qkv-fc1-proj-fc2/cifar/20260114184203_default_acc=53.50/tensorboard/Grad_qkv.lora_B_block_0/events.out.tfevents.1768387346.master-192-168-8-48.1680.2,qkv.lora_B,0
1768388024.0032046,1111,34.75,0.1782706379890442,Grad/qkv.lora_B,outputs_dev/vitb16/T=vtab_Q=3bit_L=lora_2_qkv-fc1-proj-fc2/cifar/20260114184203_default_acc=53.50/tensorboard/Grad_qkv.lora_B_block_0/events.out.tfevents.1768387346.master-192-168-8-48.1680.2,qkv.lora_B,0
1768388024.4362373,1112,34.78125,0.28424087166786194,Grad/qkv.lora_B,outputs_dev/vitb16/T=vtab_Q=3bit_L=lora_2_qkv-fc1-proj-fc2/cifar/20260114184203_default_acc=53.50/tensorboard/Grad_qkv.lora_B_block_0/events.out.tfevents.1768387346.master-192-168-8-48.1680.2,qkv.lora_B,0
1768388024.8744564,1113,34.8125,0.16523237526416779,Grad/qkv.lora_B,outputs_dev/vitb16/T=vtab_Q=3bit_L=lora_2_qkv-fc1-proj-fc2/cifar/20260114184203_default_acc=53.50/tensorboard/Grad_qkv.lora_B_block_0/events.out.tfevents.1768387346.master-192-168-8-48.1680.2,qkv.lora_B,0
1768388025.30904,1114,34.84375,0.2541661262512207,Grad/qkv.lora_B,outputs_dev/vitb16/T=vtab_Q=3bit_L=lora_2_qkv-fc1-proj-fc2/cifar/20260114184203_default_acc=53.50/tensorboard/Grad_qkv.lora_B_block_0/events.out.tfevents.1768387346.master-192-168-8-48.1680.2,qkv.lora_B,0
1768388025.7421024,1115,34.875,0.13737577199935913,Grad/qkv.lora_B,outputs_dev/vitb16/T=vtab_Q=3bit_L=lora_2_qkv-fc1-proj-fc2/cifar/20260114184203_default_acc=53.50/tensorboard/Grad_qkv.lora_B_block_0/events.out.tfevents.1768387346.master-192-168-8-48.1680.2,qkv.lora_B,0
1768388026.1649992,1116,34.90625,0.21204520761966705,Grad/qkv.lora_B,outputs_dev/vitb16/T=vtab_Q=3bit_L=lora_2_qkv-fc1-proj-fc2/cifar/20260114184203_default_acc=53.50/tensorboard/Grad_qkv.lora_B_block_0/events.out.tfevents.1768387346.master-192-168-8-48.1680.2,qkv.lora_B,0
1768388026.5875525,1117,34.9375,0.23656322062015533,Grad/qkv.lora_B,outputs_dev/vitb16/T=vtab_Q=3bit_L=lora_2_qkv-fc1-proj-fc2/cifar/20260114184203_default_acc=53.50/tensorboard/Grad_qkv.lora_B_block_0/events.out.tfevents.1768387346.master-192-168-8-48.1680.2,qkv.lora_B,0
1768388027.0082304,1118,34.96875,0.34321582317352295,Grad/qkv.lora_B,outputs_dev/vitb16/T=vtab_Q=3bit_L=lora_2_qkv-fc1-proj-fc2/cifar/20260114184203_default_acc=53.50/tensorboard/Grad_qkv.lora_B_block_0/events.out.tfevents.1768387346.master-192-168-8-48.1680.2,qkv.lora_B,0
1768388027.2223034,1119,35.0,0.2326267659664154,Grad/qkv.lora_B,outputs_dev/vitb16/T=vtab_Q=3bit_L=lora_2_qkv-fc1-proj-fc2/cifar/20260114184203_default_acc=53.50/tensorboard/Grad_qkv.lora_B_block_0/events.out.tfevents.1768387346.master-192-168-8-48.1680.2,qkv.lora_B,0
1768388027.9567552,1120,35.03125,0.35330379009246826,Grad/qkv.lora_B,outputs_dev/vitb16/T=vtab_Q=3bit_L=lora_2_qkv-fc1-proj-fc2/cifar/20260114184203_default_acc=53.50/tensorboard/Grad_qkv.lora_B_block_0/events.out.tfevents.1768387346.master-192-168-8-48.1680.2,qkv.lora_B,0
1768388028.3968444,1121,35.0625,0.2547619640827179,Grad/qkv.lora_B,outputs_dev/vitb16/T=vtab_Q=3bit_L=lora_2_qkv-fc1-proj-fc2/cifar/20260114184203_default_acc=53.50/tensorboard/Grad_qkv.lora_B_block_0/events.out.tfevents.1768387346.master-192-168-8-48.1680.2,qkv.lora_B,0
1768388028.8189507,1122,35.09375,0.31517016887664795,Grad/qkv.lora_B,outputs_dev/vitb16/T=vtab_Q=3bit_L=lora_2_qkv-fc1-proj-fc2/cifar/20260114184203_default_acc=53.50/tensorboard/Grad_qkv.lora_B_block_0/events.out.tfevents.1768387346.master-192-168-8-48.1680.2,qkv.lora_B,0
1768388029.2539988,1123,35.125,0.2525622248649597,Grad/qkv.lora_B,outputs_dev/vitb16/T=vtab_Q=3bit_L=lora_2_qkv-fc1-proj-fc2/cifar/20260114184203_default_acc=53.50/tensorboard/Grad_qkv.lora_B_block_0/events.out.tfevents.1768387346.master-192-168-8-48.1680.2,qkv.lora_B,0
1768388029.675171,1124,35.15625,0.11920266598463058,Grad/qkv.lora_B,outputs_dev/vitb16/T=vtab_Q=3bit_L=lora_2_qkv-fc1-proj-fc2/cifar/20260114184203_default_acc=53.50/tensorboard/Grad_qkv.lora_B_block_0/events.out.tfevents.1768387346.master-192-168-8-48.1680.2,qkv.lora_B,0
1768388030.0949621,1125,35.1875,0.2725200355052948,Grad/qkv.lora_B,outputs_dev/vitb16/T=vtab_Q=3bit_L=lora_2_qkv-fc1-proj-fc2/cifar/20260114184203_default_acc=53.50/tensorboard/Grad_qkv.lora_B_block_0/events.out.tfevents.1768387346.master-192-168-8-48.1680.2,qkv.lora_B,0
1768388030.5203953,1126,35.21875,0.21941933035850525,Grad/qkv.lora_B,outputs_dev/vitb16/T=vtab_Q=3bit_L=lora_2_qkv-fc1-proj-fc2/cifar/20260114184203_default_acc=53.50/tensorboard/Grad_qkv.lora_B_block_0/events.out.tfevents.1768387346.master-192-168-8-48.1680.2,qkv.lora_B,0
1768388030.9323971,1127,35.25,0.17115353047847748,Grad/qkv.lora_B,outputs_dev/vitb16/T=vtab_Q=3bit_L=lora_2_qkv-fc1-proj-fc2/cifar/20260114184203_default_acc=53.50/tensorboard/Grad_qkv.lora_B_block_0/events.out.tfevents.1768387346.master-192-168-8-48.1680.2,qkv.lora_B,0
1768388031.3654475,1128,35.28125,0.1715698540210724,Grad/qkv.lora_B,outputs_dev/vitb16/T=vtab_Q=3bit_L=lora_2_qkv-fc1-proj-fc2/cifar/20260114184203_default_acc=53.50/tensorboard/Grad_qkv.lora_B_block_0/events.out.tfevents.1768387346.master-192-168-8-48.1680.2,qkv.lora_B,0
1768388031.7801409,1129,35.3125,0.21109746396541595,Grad/qkv.lora_B,outputs_dev/vitb16/T=vtab_Q=3bit_L=lora_2_qkv-fc1-proj-fc2/cifar/20260114184203_default_acc=53.50/tensorboard/Grad_qkv.lora_B_block_0/events.out.tfevents.1768387346.master-192-168-8-48.1680.2,qkv.lora_B,0
1768388032.2057054,1130,35.34375,0.15833710134029388,Grad/qkv.lora_B,outputs_dev/vitb16/T=vtab_Q=3bit_L=lora_2_qkv-fc1-proj-fc2/cifar/20260114184203_default_acc=53.50/tensorboard/Grad_qkv.lora_B_block_0/events.out.tfevents.1768387346.master-192-168-8-48.1680.2,qkv.lora_B,0
1768388032.626857,1131,35.375,0.35193440318107605,Grad/qkv.lora_B,outputs_dev/vitb16/T=vtab_Q=3bit_L=lora_2_qkv-fc1-proj-fc2/cifar/20260114184203_default_acc=53.50/tensorboard/Grad_qkv.lora_B_block_0/events.out.tfevents.1768387346.master-192-168-8-48.1680.2,qkv.lora_B,0
1768388033.0471306,1132,35.40625,0.10283002257347107,Grad/qkv.lora_B,outputs_dev/vitb16/T=vtab_Q=3bit_L=lora_2_qkv-fc1-proj-fc2/cifar/20260114184203_default_acc=53.50/tensorboard/Grad_qkv.lora_B_block_0/events.out.tfevents.1768387346.master-192-168-8-48.1680.2,qkv.lora_B,0
1768388033.4653897,1133,35.4375,0.13348403573036194,Grad/qkv.lora_B,outputs_dev/vitb16/T=vtab_Q=3bit_L=lora_2_qkv-fc1-proj-fc2/cifar/20260114184203_default_acc=53.50/tensorboard/Grad_qkv.lora_B_block_0/events.out.tfevents.1768387346.master-192-168-8-48.1680.2,qkv.lora_B,0
1768388033.8984127,1134,35.46875,0.19543270766735077,Grad/qkv.lora_B,outputs_dev/vitb16/T=vtab_Q=3bit_L=lora_2_qkv-fc1-proj-fc2/cifar/20260114184203_default_acc=53.50/tensorboard/Grad_qkv.lora_B_block_0/events.out.tfevents.1768387346.master-192-168-8-48.1680.2,qkv.lora_B,0
1768388034.33223,1135,35.5,0.13884638249874115,Grad/qkv.lora_B,outputs_dev/vitb16/T=vtab_Q=3bit_L=lora_2_qkv-fc1-proj-fc2/cifar/20260114184203_default_acc=53.50/tensorboard/Grad_qkv.lora_B_block_0/events.out.tfevents.1768387346.master-192-168-8-48.1680.2,qkv.lora_B,0
1768388034.7682624,1136,35.53125,1.0559080839157104,Grad/qkv.lora_B,outputs_dev/vitb16/T=vtab_Q=3bit_L=lora_2_qkv-fc1-proj-fc2/cifar/20260114184203_default_acc=53.50/tensorboard/Grad_qkv.lora_B_block_0/events.out.tfevents.1768387346.master-192-168-8-48.1680.2,qkv.lora_B,0
1768388035.2066104,1137,35.5625,0.10195242613554001,Grad/qkv.lora_B,outputs_dev/vitb16/T=vtab_Q=3bit_L=lora_2_qkv-fc1-proj-fc2/cifar/20260114184203_default_acc=53.50/tensorboard/Grad_qkv.lora_B_block_0/events.out.tfevents.1768387346.master-192-168-8-48.1680.2,qkv.lora_B,0
1768388035.6360185,1138,35.59375,0.06936618685722351,Grad/qkv.lora_B,outputs_dev/vitb16/T=vtab_Q=3bit_L=lora_2_qkv-fc1-proj-fc2/cifar/20260114184203_default_acc=53.50/tensorboard/Grad_qkv.lora_B_block_0/events.out.tfevents.1768387346.master-192-168-8-48.1680.2,qkv.lora_B,0
1768388036.0701861,1139,35.625,0.3527473509311676,Grad/qkv.lora_B,outputs_dev/vitb16/T=vtab_Q=3bit_L=lora_2_qkv-fc1-proj-fc2/cifar/20260114184203_default_acc=53.50/tensorboard/Grad_qkv.lora_B_block_0/events.out.tfevents.1768387346.master-192-168-8-48.1680.2,qkv.lora_B,0
1768388036.4883924,1140,35.65625,0.30993762612342834,Grad/qkv.lora_B,outputs_dev/vitb16/T=vtab_Q=3bit_L=lora_2_qkv-fc1-proj-fc2/cifar/20260114184203_default_acc=53.50/tensorboard/Grad_qkv.lora_B_block_0/events.out.tfevents.1768387346.master-192-168-8-48.1680.2,qkv.lora_B,0
1768388036.9130483,1141,35.6875,0.12054682523012161,Grad/qkv.lora_B,outputs_dev/vitb16/T=vtab_Q=3bit_L=lora_2_qkv-fc1-proj-fc2/cifar/20260114184203_default_acc=53.50/tensorboard/Grad_qkv.lora_B_block_0/events.out.tfevents.1768387346.master-192-168-8-48.1680.2,qkv.lora_B,0
1768388037.34758,1142,35.71875,0.368339866399765,Grad/qkv.lora_B,outputs_dev/vitb16/T=vtab_Q=3bit_L=lora_2_qkv-fc1-proj-fc2/cifar/20260114184203_default_acc=53.50/tensorboard/Grad_qkv.lora_B_block_0/events.out.tfevents.1768387346.master-192-168-8-48.1680.2,qkv.lora_B,0
1768388037.766282,1143,35.75,0.1884452849626541,Grad/qkv.lora_B,outputs_dev/vitb16/T=vtab_Q=3bit_L=lora_2_qkv-fc1-proj-fc2/cifar/20260114184203_default_acc=53.50/tensorboard/Grad_qkv.lora_B_block_0/events.out.tfevents.1768387346.master-192-168-8-48.1680.2,qkv.lora_B,0
1768388038.1868882,1144,35.78125,0.17948055267333984,Grad/qkv.lora_B,outputs_dev/vitb16/T=vtab_Q=3bit_L=lora_2_qkv-fc1-proj-fc2/cifar/20260114184203_default_acc=53.50/tensorboard/Grad_qkv.lora_B_block_0/events.out.tfevents.1768387346.master-192-168-8-48.1680.2,qkv.lora_B,0
1768388038.6190062,1145,35.8125,0.1512378603219986,Grad/qkv.lora_B,outputs_dev/vitb16/T=vtab_Q=3bit_L=lora_2_qkv-fc1-proj-fc2/cifar/20260114184203_default_acc=53.50/tensorboard/Grad_qkv.lora_B_block_0/events.out.tfevents.1768387346.master-192-168-8-48.1680.2,qkv.lora_B,0
1768388039.0519373,1146,35.84375,0.2433093935251236,Grad/qkv.lora_B,outputs_dev/vitb16/T=vtab_Q=3bit_L=lora_2_qkv-fc1-proj-fc2/cifar/20260114184203_default_acc=53.50/tensorboard/Grad_qkv.lora_B_block_0/events.out.tfevents.1768387346.master-192-168-8-48.1680.2,qkv.lora_B,0
1768388039.485057,1147,35.875,0.25765660405158997,Grad/qkv.lora_B,outputs_dev/vitb16/T=vtab_Q=3bit_L=lora_2_qkv-fc1-proj-fc2/cifar/20260114184203_default_acc=53.50/tensorboard/Grad_qkv.lora_B_block_0/events.out.tfevents.1768387346.master-192-168-8-48.1680.2,qkv.lora_B,0
1768388039.9181013,1148,35.90625,0.30578821897506714,Grad/qkv.lora_B,outputs_dev/vitb16/T=vtab_Q=3bit_L=lora_2_qkv-fc1-proj-fc2/cifar/20260114184203_default_acc=53.50/tensorboard/Grad_qkv.lora_B_block_0/events.out.tfevents.1768387346.master-192-168-8-48.1680.2,qkv.lora_B,0
1768388040.3517694,1149,35.9375,0.12099049985408783,Grad/qkv.lora_B,outputs_dev/vitb16/T=vtab_Q=3bit_L=lora_2_qkv-fc1-proj-fc2/cifar/20260114184203_default_acc=53.50/tensorboard/Grad_qkv.lora_B_block_0/events.out.tfevents.1768387346.master-192-168-8-48.1680.2,qkv.lora_B,0
1768388040.77102,1150,35.96875,0.41414445638656616,Grad/qkv.lora_B,outputs_dev/vitb16/T=vtab_Q=3bit_L=lora_2_qkv-fc1-proj-fc2/cifar/20260114184203_default_acc=53.50/tensorboard/Grad_qkv.lora_B_block_0/events.out.tfevents.1768387346.master-192-168-8-48.1680.2,qkv.lora_B,0
1768388040.9691658,1151,36.0,1.1576259136199951,Grad/qkv.lora_B,outputs_dev/vitb16/T=vtab_Q=3bit_L=lora_2_qkv-fc1-proj-fc2/cifar/20260114184203_default_acc=53.50/tensorboard/Grad_qkv.lora_B_block_0/events.out.tfevents.1768387346.master-192-168-8-48.1680.2,qkv.lora_B,0
1768388041.64701,1152,36.03125,0.25274547934532166,Grad/qkv.lora_B,outputs_dev/vitb16/T=vtab_Q=3bit_L=lora_2_qkv-fc1-proj-fc2/cifar/20260114184203_default_acc=53.50/tensorboard/Grad_qkv.lora_B_block_0/events.out.tfevents.1768387346.master-192-168-8-48.1680.2,qkv.lora_B,0
1768388042.074452,1153,36.0625,0.251689612865448,Grad/qkv.lora_B,outputs_dev/vitb16/T=vtab_Q=3bit_L=lora_2_qkv-fc1-proj-fc2/cifar/20260114184203_default_acc=53.50/tensorboard/Grad_qkv.lora_B_block_0/events.out.tfevents.1768387346.master-192-168-8-48.1680.2,qkv.lora_B,0
1768388042.504011,1154,36.09375,0.2699487805366516,Grad/qkv.lora_B,outputs_dev/vitb16/T=vtab_Q=3bit_L=lora_2_qkv-fc1-proj-fc2/cifar/20260114184203_default_acc=53.50/tensorboard/Grad_qkv.lora_B_block_0/events.out.tfevents.1768387346.master-192-168-8-48.1680.2,qkv.lora_B,0
1768388042.9291935,1155,36.125,0.14932385087013245,Grad/qkv.lora_B,outputs_dev/vitb16/T=vtab_Q=3bit_L=lora_2_qkv-fc1-proj-fc2/cifar/20260114184203_default_acc=53.50/tensorboard/Grad_qkv.lora_B_block_0/events.out.tfevents.1768387346.master-192-168-8-48.1680.2,qkv.lora_B,0
1768388043.3622234,1156,36.15625,0.3520282506942749,Grad/qkv.lora_B,outputs_dev/vitb16/T=vtab_Q=3bit_L=lora_2_qkv-fc1-proj-fc2/cifar/20260114184203_default_acc=53.50/tensorboard/Grad_qkv.lora_B_block_0/events.out.tfevents.1768387346.master-192-168-8-48.1680.2,qkv.lora_B,0
1768388043.7821703,1157,36.1875,0.2923676371574402,Grad/qkv.lora_B,outputs_dev/vitb16/T=vtab_Q=3bit_L=lora_2_qkv-fc1-proj-fc2/cifar/20260114184203_default_acc=53.50/tensorboard/Grad_qkv.lora_B_block_0/events.out.tfevents.1768387346.master-192-168-8-48.1680.2,qkv.lora_B,0
1768388044.2017956,1158,36.21875,0.3096717596054077,Grad/qkv.lora_B,outputs_dev/vitb16/T=vtab_Q=3bit_L=lora_2_qkv-fc1-proj-fc2/cifar/20260114184203_default_acc=53.50/tensorboard/Grad_qkv.lora_B_block_0/events.out.tfevents.1768387346.master-192-168-8-48.1680.2,qkv.lora_B,0
1768388044.632925,1159,36.25,0.47295859456062317,Grad/qkv.lora_B,outputs_dev/vitb16/T=vtab_Q=3bit_L=lora_2_qkv-fc1-proj-fc2/cifar/20260114184203_default_acc=53.50/tensorboard/Grad_qkv.lora_B_block_0/events.out.tfevents.1768387346.master-192-168-8-48.1680.2,qkv.lora_B,0
1768388045.0683463,1160,36.28125,0.35458141565322876,Grad/qkv.lora_B,outputs_dev/vitb16/T=vtab_Q=3bit_L=lora_2_qkv-fc1-proj-fc2/cifar/20260114184203_default_acc=53.50/tensorboard/Grad_qkv.lora_B_block_0/events.out.tfevents.1768387346.master-192-168-8-48.1680.2,qkv.lora_B,0
1768388045.4884152,1161,36.3125,0.4087260663509369,Grad/qkv.lora_B,outputs_dev/vitb16/T=vtab_Q=3bit_L=lora_2_qkv-fc1-proj-fc2/cifar/20260114184203_default_acc=53.50/tensorboard/Grad_qkv.lora_B_block_0/events.out.tfevents.1768387346.master-192-168-8-48.1680.2,qkv.lora_B,0
1768388045.9203136,1162,36.34375,0.3196221590042114,Grad/qkv.lora_B,outputs_dev/vitb16/T=vtab_Q=3bit_L=lora_2_qkv-fc1-proj-fc2/cifar/20260114184203_default_acc=53.50/tensorboard/Grad_qkv.lora_B_block_0/events.out.tfevents.1768387346.master-192-168-8-48.1680.2,qkv.lora_B,0
1768388046.3561208,1163,36.375,0.5444846749305725,Grad/qkv.lora_B,outputs_dev/vitb16/T=vtab_Q=3bit_L=lora_2_qkv-fc1-proj-fc2/cifar/20260114184203_default_acc=53.50/tensorboard/Grad_qkv.lora_B_block_0/events.out.tfevents.1768387346.master-192-168-8-48.1680.2,qkv.lora_B,0
1768388046.7907398,1164,36.40625,0.2289905995130539,Grad/qkv.lora_B,outputs_dev/vitb16/T=vtab_Q=3bit_L=lora_2_qkv-fc1-proj-fc2/cifar/20260114184203_default_acc=53.50/tensorboard/Grad_qkv.lora_B_block_0/events.out.tfevents.1768387346.master-192-168-8-48.1680.2,qkv.lora_B,0
1768388047.2094483,1165,36.4375,0.18950583040714264,Grad/qkv.lora_B,outputs_dev/vitb16/T=vtab_Q=3bit_L=lora_2_qkv-fc1-proj-fc2/cifar/20260114184203_default_acc=53.50/tensorboard/Grad_qkv.lora_B_block_0/events.out.tfevents.1768387346.master-192-168-8-48.1680.2,qkv.lora_B,0
1768388047.629973,1166,36.46875,0.32865360379219055,Grad/qkv.lora_B,outputs_dev/vitb16/T=vtab_Q=3bit_L=lora_2_qkv-fc1-proj-fc2/cifar/20260114184203_default_acc=53.50/tensorboard/Grad_qkv.lora_B_block_0/events.out.tfevents.1768387346.master-192-168-8-48.1680.2,qkv.lora_B,0
1768388048.0495017,1167,36.5,0.1548873335123062,Grad/qkv.lora_B,outputs_dev/vitb16/T=vtab_Q=3bit_L=lora_2_qkv-fc1-proj-fc2/cifar/20260114184203_default_acc=53.50/tensorboard/Grad_qkv.lora_B_block_0/events.out.tfevents.1768387346.master-192-168-8-48.1680.2,qkv.lora_B,0
1768388048.4712873,1168,36.53125,0.2521533966064453,Grad/qkv.lora_B,outputs_dev/vitb16/T=vtab_Q=3bit_L=lora_2_qkv-fc1-proj-fc2/cifar/20260114184203_default_acc=53.50/tensorboard/Grad_qkv.lora_B_block_0/events.out.tfevents.1768387346.master-192-168-8-48.1680.2,qkv.lora_B,0
1768388048.8882902,1169,36.5625,0.49846774339675903,Grad/qkv.lora_B,outputs_dev/vitb16/T=vtab_Q=3bit_L=lora_2_qkv-fc1-proj-fc2/cifar/20260114184203_default_acc=53.50/tensorboard/Grad_qkv.lora_B_block_0/events.out.tfevents.1768387346.master-192-168-8-48.1680.2,qkv.lora_B,0
1768388049.310403,1170,36.59375,0.5881866812705994,Grad/qkv.lora_B,outputs_dev/vitb16/T=vtab_Q=3bit_L=lora_2_qkv-fc1-proj-fc2/cifar/20260114184203_default_acc=53.50/tensorboard/Grad_qkv.lora_B_block_0/events.out.tfevents.1768387346.master-192-168-8-48.1680.2,qkv.lora_B,0
1768388049.743518,1171,36.625,0.28601592779159546,Grad/qkv.lora_B,outputs_dev/vitb16/T=vtab_Q=3bit_L=lora_2_qkv-fc1-proj-fc2/cifar/20260114184203_default_acc=53.50/tensorboard/Grad_qkv.lora_B_block_0/events.out.tfevents.1768387346.master-192-168-8-48.1680.2,qkv.lora_B,0
1768388050.1716325,1172,36.65625,0.18916989862918854,Grad/qkv.lora_B,outputs_dev/vitb16/T=vtab_Q=3bit_L=lora_2_qkv-fc1-proj-fc2/cifar/20260114184203_default_acc=53.50/tensorboard/Grad_qkv.lora_B_block_0/events.out.tfevents.1768387346.master-192-168-8-48.1680.2,qkv.lora_B,0
1768388050.5894454,1173,36.6875,0.1816198229789734,Grad/qkv.lora_B,outputs_dev/vitb16/T=vtab_Q=3bit_L=lora_2_qkv-fc1-proj-fc2/cifar/20260114184203_default_acc=53.50/tensorboard/Grad_qkv.lora_B_block_0/events.out.tfevents.1768387346.master-192-168-8-48.1680.2,qkv.lora_B,0
1768388051.0245786,1174,36.71875,0.3240227997303009,Grad/qkv.lora_B,outputs_dev/vitb16/T=vtab_Q=3bit_L=lora_2_qkv-fc1-proj-fc2/cifar/20260114184203_default_acc=53.50/tensorboard/Grad_qkv.lora_B_block_0/events.out.tfevents.1768387346.master-192-168-8-48.1680.2,qkv.lora_B,0
1768388051.44375,1175,36.75,0.2385743409395218,Grad/qkv.lora_B,outputs_dev/vitb16/T=vtab_Q=3bit_L=lora_2_qkv-fc1-proj-fc2/cifar/20260114184203_default_acc=53.50/tensorboard/Grad_qkv.lora_B_block_0/events.out.tfevents.1768387346.master-192-168-8-48.1680.2,qkv.lora_B,0
1768388051.8780117,1176,36.78125,0.6260180473327637,Grad/qkv.lora_B,outputs_dev/vitb16/T=vtab_Q=3bit_L=lora_2_qkv-fc1-proj-fc2/cifar/20260114184203_default_acc=53.50/tensorboard/Grad_qkv.lora_B_block_0/events.out.tfevents.1768387346.master-192-168-8-48.1680.2,qkv.lora_B,0
1768388052.2986479,1177,36.8125,0.1728072613477707,Grad/qkv.lora_B,outputs_dev/vitb16/T=vtab_Q=3bit_L=lora_2_qkv-fc1-proj-fc2/cifar/20260114184203_default_acc=53.50/tensorboard/Grad_qkv.lora_B_block_0/events.out.tfevents.1768387346.master-192-168-8-48.1680.2,qkv.lora_B,0
1768388052.7374773,1178,36.84375,0.33168697357177734,Grad/qkv.lora_B,outputs_dev/vitb16/T=vtab_Q=3bit_L=lora_2_qkv-fc1-proj-fc2/cifar/20260114184203_default_acc=53.50/tensorboard/Grad_qkv.lora_B_block_0/events.out.tfevents.1768387346.master-192-168-8-48.1680.2,qkv.lora_B,0
1768388053.1576028,1179,36.875,0.3482285141944885,Grad/qkv.lora_B,outputs_dev/vitb16/T=vtab_Q=3bit_L=lora_2_qkv-fc1-proj-fc2/cifar/20260114184203_default_acc=53.50/tensorboard/Grad_qkv.lora_B_block_0/events.out.tfevents.1768387346.master-192-168-8-48.1680.2,qkv.lora_B,0
1768388053.5779567,1180,36.90625,0.3739837408065796,Grad/qkv.lora_B,outputs_dev/vitb16/T=vtab_Q=3bit_L=lora_2_qkv-fc1-proj-fc2/cifar/20260114184203_default_acc=53.50/tensorboard/Grad_qkv.lora_B_block_0/events.out.tfevents.1768387346.master-192-168-8-48.1680.2,qkv.lora_B,0
1768388053.9849262,1181,36.9375,0.32656458020210266,Grad/qkv.lora_B,outputs_dev/vitb16/T=vtab_Q=3bit_L=lora_2_qkv-fc1-proj-fc2/cifar/20260114184203_default_acc=53.50/tensorboard/Grad_qkv.lora_B_block_0/events.out.tfevents.1768387346.master-192-168-8-48.1680.2,qkv.lora_B,0
1768388054.415866,1182,36.96875,0.29817435145378113,Grad/qkv.lora_B,outputs_dev/vitb16/T=vtab_Q=3bit_L=lora_2_qkv-fc1-proj-fc2/cifar/20260114184203_default_acc=53.50/tensorboard/Grad_qkv.lora_B_block_0/events.out.tfevents.1768387346.master-192-168-8-48.1680.2,qkv.lora_B,0
1768388054.6375098,1183,37.0,0.19035561382770538,Grad/qkv.lora_B,outputs_dev/vitb16/T=vtab_Q=3bit_L=lora_2_qkv-fc1-proj-fc2/cifar/20260114184203_default_acc=53.50/tensorboard/Grad_qkv.lora_B_block_0/events.out.tfevents.1768387346.master-192-168-8-48.1680.2,qkv.lora_B,0
1768388055.2934093,1184,37.03125,0.25237756967544556,Grad/qkv.lora_B,outputs_dev/vitb16/T=vtab_Q=3bit_L=lora_2_qkv-fc1-proj-fc2/cifar/20260114184203_default_acc=53.50/tensorboard/Grad_qkv.lora_B_block_0/events.out.tfevents.1768387346.master-192-168-8-48.1680.2,qkv.lora_B,0
1768388055.7295592,1185,37.0625,0.168103888630867,Grad/qkv.lora_B,outputs_dev/vitb16/T=vtab_Q=3bit_L=lora_2_qkv-fc1-proj-fc2/cifar/20260114184203_default_acc=53.50/tensorboard/Grad_qkv.lora_B_block_0/events.out.tfevents.1768387346.master-192-168-8-48.1680.2,qkv.lora_B,0
1768388056.16452,1186,37.09375,0.3887424170970917,Grad/qkv.lora_B,outputs_dev/vitb16/T=vtab_Q=3bit_L=lora_2_qkv-fc1-proj-fc2/cifar/20260114184203_default_acc=53.50/tensorboard/Grad_qkv.lora_B_block_0/events.out.tfevents.1768387346.master-192-168-8-48.1680.2,qkv.lora_B,0
1768388056.6254303,1187,37.125,0.2852258086204529,Grad/qkv.lora_B,outputs_dev/vitb16/T=vtab_Q=3bit_L=lora_2_qkv-fc1-proj-fc2/cifar/20260114184203_default_acc=53.50/tensorboard/Grad_qkv.lora_B_block_0/events.out.tfevents.1768387346.master-192-168-8-48.1680.2,qkv.lora_B,0
1768388057.0548782,1188,37.15625,0.32329776883125305,Grad/qkv.lora_B,outputs_dev/vitb16/T=vtab_Q=3bit_L=lora_2_qkv-fc1-proj-fc2/cifar/20260114184203_default_acc=53.50/tensorboard/Grad_qkv.lora_B_block_0/events.out.tfevents.1768387346.master-192-168-8-48.1680.2,qkv.lora_B,0
1768388057.480115,1189,37.1875,0.25278210639953613,Grad/qkv.lora_B,outputs_dev/vitb16/T=vtab_Q=3bit_L=lora_2_qkv-fc1-proj-fc2/cifar/20260114184203_default_acc=53.50/tensorboard/Grad_qkv.lora_B_block_0/events.out.tfevents.1768387346.master-192-168-8-48.1680.2,qkv.lora_B,0
1768388057.903661,1190,37.21875,0.20565293729305267,Grad/qkv.lora_B,outputs_dev/vitb16/T=vtab_Q=3bit_L=lora_2_qkv-fc1-proj-fc2/cifar/20260114184203_default_acc=53.50/tensorboard/Grad_qkv.lora_B_block_0/events.out.tfevents.1768387346.master-192-168-8-48.1680.2,qkv.lora_B,0
1768388058.3253508,1191,37.25,0.11586115509271622,Grad/qkv.lora_B,outputs_dev/vitb16/T=vtab_Q=3bit_L=lora_2_qkv-fc1-proj-fc2/cifar/20260114184203_default_acc=53.50/tensorboard/Grad_qkv.lora_B_block_0/events.out.tfevents.1768387346.master-192-168-8-48.1680.2,qkv.lora_B,0
1768388058.7476969,1192,37.28125,0.2804304361343384,Grad/qkv.lora_B,outputs_dev/vitb16/T=vtab_Q=3bit_L=lora_2_qkv-fc1-proj-fc2/cifar/20260114184203_default_acc=53.50/tensorboard/Grad_qkv.lora_B_block_0/events.out.tfevents.1768387346.master-192-168-8-48.1680.2,qkv.lora_B,0
1768388059.186531,1193,37.3125,0.2427433580160141,Grad/qkv.lora_B,outputs_dev/vitb16/T=vtab_Q=3bit_L=lora_2_qkv-fc1-proj-fc2/cifar/20260114184203_default_acc=53.50/tensorboard/Grad_qkv.lora_B_block_0/events.out.tfevents.1768387346.master-192-168-8-48.1680.2,qkv.lora_B,0
1768388059.6067672,1194,37.34375,0.13043113052845,Grad/qkv.lora_B,outputs_dev/vitb16/T=vtab_Q=3bit_L=lora_2_qkv-fc1-proj-fc2/cifar/20260114184203_default_acc=53.50/tensorboard/Grad_qkv.lora_B_block_0/events.out.tfevents.1768387346.master-192-168-8-48.1680.2,qkv.lora_B,0
1768388060.0292573,1195,37.375,0.3608246147632599,Grad/qkv.lora_B,outputs_dev/vitb16/T=vtab_Q=3bit_L=lora_2_qkv-fc1-proj-fc2/cifar/20260114184203_default_acc=53.50/tensorboard/Grad_qkv.lora_B_block_0/events.out.tfevents.1768387346.master-192-168-8-48.1680.2,qkv.lora_B,0
1768388060.4507916,1196,37.40625,0.3376646637916565,Grad/qkv.lora_B,outputs_dev/vitb16/T=vtab_Q=3bit_L=lora_2_qkv-fc1-proj-fc2/cifar/20260114184203_default_acc=53.50/tensorboard/Grad_qkv.lora_B_block_0/events.out.tfevents.1768387346.master-192-168-8-48.1680.2,qkv.lora_B,0
1768388060.8738053,1197,37.4375,0.3771025538444519,Grad/qkv.lora_B,outputs_dev/vitb16/T=vtab_Q=3bit_L=lora_2_qkv-fc1-proj-fc2/cifar/20260114184203_default_acc=53.50/tensorboard/Grad_qkv.lora_B_block_0/events.out.tfevents.1768387346.master-192-168-8-48.1680.2,qkv.lora_B,0
1768388061.2972963,1198,37.46875,0.16646862030029297,Grad/qkv.lora_B,outputs_dev/vitb16/T=vtab_Q=3bit_L=lora_2_qkv-fc1-proj-fc2/cifar/20260114184203_default_acc=53.50/tensorboard/Grad_qkv.lora_B_block_0/events.out.tfevents.1768387346.master-192-168-8-48.1680.2,qkv.lora_B,0
1768388061.7176883,1199,37.5,0.15456800162792206,Grad/qkv.lora_B,outputs_dev/vitb16/T=vtab_Q=3bit_L=lora_2_qkv-fc1-proj-fc2/cifar/20260114184203_default_acc=53.50/tensorboard/Grad_qkv.lora_B_block_0/events.out.tfevents.1768387346.master-192-168-8-48.1680.2,qkv.lora_B,0
1768388062.1412325,1200,37.53125,0.2903616428375244,Grad/qkv.lora_B,outputs_dev/vitb16/T=vtab_Q=3bit_L=lora_2_qkv-fc1-proj-fc2/cifar/20260114184203_default_acc=53.50/tensorboard/Grad_qkv.lora_B_block_0/events.out.tfevents.1768387346.master-192-168-8-48.1680.2,qkv.lora_B,0
1768388062.5682635,1201,37.5625,0.5504488348960876,Grad/qkv.lora_B,outputs_dev/vitb16/T=vtab_Q=3bit_L=lora_2_qkv-fc1-proj-fc2/cifar/20260114184203_default_acc=53.50/tensorboard/Grad_qkv.lora_B_block_0/events.out.tfevents.1768387346.master-192-168-8-48.1680.2,qkv.lora_B,0
1768388062.9868646,1202,37.59375,0.36066126823425293,Grad/qkv.lora_B,outputs_dev/vitb16/T=vtab_Q=3bit_L=lora_2_qkv-fc1-proj-fc2/cifar/20260114184203_default_acc=53.50/tensorboard/Grad_qkv.lora_B_block_0/events.out.tfevents.1768387346.master-192-168-8-48.1680.2,qkv.lora_B,0
1768388063.4242454,1203,37.625,0.5559860467910767,Grad/qkv.lora_B,outputs_dev/vitb16/T=vtab_Q=3bit_L=lora_2_qkv-fc1-proj-fc2/cifar/20260114184203_default_acc=53.50/tensorboard/Grad_qkv.lora_B_block_0/events.out.tfevents.1768387346.master-192-168-8-48.1680.2,qkv.lora_B,0
1768388063.8577602,1204,37.65625,0.2693884074687958,Grad/qkv.lora_B,outputs_dev/vitb16/T=vtab_Q=3bit_L=lora_2_qkv-fc1-proj-fc2/cifar/20260114184203_default_acc=53.50/tensorboard/Grad_qkv.lora_B_block_0/events.out.tfevents.1768387346.master-192-168-8-48.1680.2,qkv.lora_B,0
1768388064.2815187,1205,37.6875,0.32111355662345886,Grad/qkv.lora_B,outputs_dev/vitb16/T=vtab_Q=3bit_L=lora_2_qkv-fc1-proj-fc2/cifar/20260114184203_default_acc=53.50/tensorboard/Grad_qkv.lora_B_block_0/events.out.tfevents.1768387346.master-192-168-8-48.1680.2,qkv.lora_B,0
1768388064.7010634,1206,37.71875,0.2594928443431854,Grad/qkv.lora_B,outputs_dev/vitb16/T=vtab_Q=3bit_L=lora_2_qkv-fc1-proj-fc2/cifar/20260114184203_default_acc=53.50/tensorboard/Grad_qkv.lora_B_block_0/events.out.tfevents.1768387346.master-192-168-8-48.1680.2,qkv.lora_B,0
1768388065.1366546,1207,37.75,0.22883541882038116,Grad/qkv.lora_B,outputs_dev/vitb16/T=vtab_Q=3bit_L=lora_2_qkv-fc1-proj-fc2/cifar/20260114184203_default_acc=53.50/tensorboard/Grad_qkv.lora_B_block_0/events.out.tfevents.1768387346.master-192-168-8-48.1680.2,qkv.lora_B,0
1768388065.5590658,1208,37.78125,0.2989580035209656,Grad/qkv.lora_B,outputs_dev/vitb16/T=vtab_Q=3bit_L=lora_2_qkv-fc1-proj-fc2/cifar/20260114184203_default_acc=53.50/tensorboard/Grad_qkv.lora_B_block_0/events.out.tfevents.1768387346.master-192-168-8-48.1680.2,qkv.lora_B,0
1768388065.992121,1209,37.8125,0.26304543018341064,Grad/qkv.lora_B,outputs_dev/vitb16/T=vtab_Q=3bit_L=lora_2_qkv-fc1-proj-fc2/cifar/20260114184203_default_acc=53.50/tensorboard/Grad_qkv.lora_B_block_0/events.out.tfevents.1768387346.master-192-168-8-48.1680.2,qkv.lora_B,0
1768388066.4034464,1210,37.84375,0.139070063829422,Grad/qkv.lora_B,outputs_dev/vitb16/T=vtab_Q=3bit_L=lora_2_qkv-fc1-proj-fc2/cifar/20260114184203_default_acc=53.50/tensorboard/Grad_qkv.lora_B_block_0/events.out.tfevents.1768387346.master-192-168-8-48.1680.2,qkv.lora_B,0
1768388066.8257575,1211,37.875,0.3863145411014557,Grad/qkv.lora_B,outputs_dev/vitb16/T=vtab_Q=3bit_L=lora_2_qkv-fc1-proj-fc2/cifar/20260114184203_default_acc=53.50/tensorboard/Grad_qkv.lora_B_block_0/events.out.tfevents.1768387346.master-192-168-8-48.1680.2,qkv.lora_B,0
1768388067.2497544,1212,37.90625,0.2838318645954132,Grad/qkv.lora_B,outputs_dev/vitb16/T=vtab_Q=3bit_L=lora_2_qkv-fc1-proj-fc2/cifar/20260114184203_default_acc=53.50/tensorboard/Grad_qkv.lora_B_block_0/events.out.tfevents.1768387346.master-192-168-8-48.1680.2,qkv.lora_B,0
1768388067.6777544,1213,37.9375,0.17156821489334106,Grad/qkv.lora_B,outputs_dev/vitb16/T=vtab_Q=3bit_L=lora_2_qkv-fc1-proj-fc2/cifar/20260114184203_default_acc=53.50/tensorboard/Grad_qkv.lora_B_block_0/events.out.tfevents.1768387346.master-192-168-8-48.1680.2,qkv.lora_B,0
1768388068.0989678,1214,37.96875,0.49805280566215515,Grad/qkv.lora_B,outputs_dev/vitb16/T=vtab_Q=3bit_L=lora_2_qkv-fc1-proj-fc2/cifar/20260114184203_default_acc=53.50/tensorboard/Grad_qkv.lora_B_block_0/events.out.tfevents.1768387346.master-192-168-8-48.1680.2,qkv.lora_B,0
1768388068.2887158,1215,38.0,0.786628007888794,Grad/qkv.lora_B,outputs_dev/vitb16/T=vtab_Q=3bit_L=lora_2_qkv-fc1-proj-fc2/cifar/20260114184203_default_acc=53.50/tensorboard/Grad_qkv.lora_B_block_0/events.out.tfevents.1768387346.master-192-168-8-48.1680.2,qkv.lora_B,0
1768388068.9756584,1216,38.03125,0.3739263117313385,Grad/qkv.lora_B,outputs_dev/vitb16/T=vtab_Q=3bit_L=lora_2_qkv-fc1-proj-fc2/cifar/20260114184203_default_acc=53.50/tensorboard/Grad_qkv.lora_B_block_0/events.out.tfevents.1768387346.master-192-168-8-48.1680.2,qkv.lora_B,0
1768388069.4132736,1217,38.0625,0.28372886776924133,Grad/qkv.lora_B,outputs_dev/vitb16/T=vtab_Q=3bit_L=lora_2_qkv-fc1-proj-fc2/cifar/20260114184203_default_acc=53.50/tensorboard/Grad_qkv.lora_B_block_0/events.out.tfevents.1768387346.master-192-168-8-48.1680.2,qkv.lora_B,0
1768388069.8364816,1218,38.09375,0.31147241592407227,Grad/qkv.lora_B,outputs_dev/vitb16/T=vtab_Q=3bit_L=lora_2_qkv-fc1-proj-fc2/cifar/20260114184203_default_acc=53.50/tensorboard/Grad_qkv.lora_B_block_0/events.out.tfevents.1768387346.master-192-168-8-48.1680.2,qkv.lora_B,0
1768388070.2581847,1219,38.125,0.43463650345802307,Grad/qkv.lora_B,outputs_dev/vitb16/T=vtab_Q=3bit_L=lora_2_qkv-fc1-proj-fc2/cifar/20260114184203_default_acc=53.50/tensorboard/Grad_qkv.lora_B_block_0/events.out.tfevents.1768387346.master-192-168-8-48.1680.2,qkv.lora_B,0
1768388070.6829941,1220,38.15625,0.2794269025325775,Grad/qkv.lora_B,outputs_dev/vitb16/T=vtab_Q=3bit_L=lora_2_qkv-fc1-proj-fc2/cifar/20260114184203_default_acc=53.50/tensorboard/Grad_qkv.lora_B_block_0/events.out.tfevents.1768387346.master-192-168-8-48.1680.2,qkv.lora_B,0
1768388071.1191063,1221,38.1875,0.4333731532096863,Grad/qkv.lora_B,outputs_dev/vitb16/T=vtab_Q=3bit_L=lora_2_qkv-fc1-proj-fc2/cifar/20260114184203_default_acc=53.50/tensorboard/Grad_qkv.lora_B_block_0/events.out.tfevents.1768387346.master-192-168-8-48.1680.2,qkv.lora_B,0
1768388071.5422895,1222,38.21875,0.19834087789058685,Grad/qkv.lora_B,outputs_dev/vitb16/T=vtab_Q=3bit_L=lora_2_qkv-fc1-proj-fc2/cifar/20260114184203_default_acc=53.50/tensorboard/Grad_qkv.lora_B_block_0/events.out.tfevents.1768387346.master-192-168-8-48.1680.2,qkv.lora_B,0
1768388071.9795756,1223,38.25,0.6635830402374268,Grad/qkv.lora_B,outputs_dev/vitb16/T=vtab_Q=3bit_L=lora_2_qkv-fc1-proj-fc2/cifar/20260114184203_default_acc=53.50/tensorboard/Grad_qkv.lora_B_block_0/events.out.tfevents.1768387346.master-192-168-8-48.1680.2,qkv.lora_B,0
1768388072.389725,1224,38.28125,0.23167599737644196,Grad/qkv.lora_B,outputs_dev/vitb16/T=vtab_Q=3bit_L=lora_2_qkv-fc1-proj-fc2/cifar/20260114184203_default_acc=53.50/tensorboard/Grad_qkv.lora_B_block_0/events.out.tfevents.1768387346.master-192-168-8-48.1680.2,qkv.lora_B,0
1768388072.8140588,1225,38.3125,0.20959284901618958,Grad/qkv.lora_B,outputs_dev/vitb16/T=vtab_Q=3bit_L=lora_2_qkv-fc1-proj-fc2/cifar/20260114184203_default_acc=53.50/tensorboard/Grad_qkv.lora_B_block_0/events.out.tfevents.1768387346.master-192-168-8-48.1680.2,qkv.lora_B,0
1768388073.23873,1226,38.34375,0.40288031101226807,Grad/qkv.lora_B,outputs_dev/vitb16/T=vtab_Q=3bit_L=lora_2_qkv-fc1-proj-fc2/cifar/20260114184203_default_acc=53.50/tensorboard/Grad_qkv.lora_B_block_0/events.out.tfevents.1768387346.master-192-168-8-48.1680.2,qkv.lora_B,0
1768388073.6636152,1227,38.375,0.1621582806110382,Grad/qkv.lora_B,outputs_dev/vitb16/T=vtab_Q=3bit_L=lora_2_qkv-fc1-proj-fc2/cifar/20260114184203_default_acc=53.50/tensorboard/Grad_qkv.lora_B_block_0/events.out.tfevents.1768387346.master-192-168-8-48.1680.2,qkv.lora_B,0
1768388074.0876844,1228,38.40625,0.24381455779075623,Grad/qkv.lora_B,outputs_dev/vitb16/T=vtab_Q=3bit_L=lora_2_qkv-fc1-proj-fc2/cifar/20260114184203_default_acc=53.50/tensorboard/Grad_qkv.lora_B_block_0/events.out.tfevents.1768387346.master-192-168-8-48.1680.2,qkv.lora_B,0
1768388074.5105128,1229,38.4375,0.1683172732591629,Grad/qkv.lora_B,outputs_dev/vitb16/T=vtab_Q=3bit_L=lora_2_qkv-fc1-proj-fc2/cifar/20260114184203_default_acc=53.50/tensorboard/Grad_qkv.lora_B_block_0/events.out.tfevents.1768387346.master-192-168-8-48.1680.2,qkv.lora_B,0
1768388074.933563,1230,38.46875,0.34598758816719055,Grad/qkv.lora_B,outputs_dev/vitb16/T=vtab_Q=3bit_L=lora_2_qkv-fc1-proj-fc2/cifar/20260114184203_default_acc=53.50/tensorboard/Grad_qkv.lora_B_block_0/events.out.tfevents.1768387346.master-192-168-8-48.1680.2,qkv.lora_B,0
1768388075.3539498,1231,38.5,0.37200087308883667,Grad/qkv.lora_B,outputs_dev/vitb16/T=vtab_Q=3bit_L=lora_2_qkv-fc1-proj-fc2/cifar/20260114184203_default_acc=53.50/tensorboard/Grad_qkv.lora_B_block_0/events.out.tfevents.1768387346.master-192-168-8-48.1680.2,qkv.lora_B,0
1768388075.7783184,1232,38.53125,0.209724560379982,Grad/qkv.lora_B,outputs_dev/vitb16/T=vtab_Q=3bit_L=lora_2_qkv-fc1-proj-fc2/cifar/20260114184203_default_acc=53.50/tensorboard/Grad_qkv.lora_B_block_0/events.out.tfevents.1768387346.master-192-168-8-48.1680.2,qkv.lora_B,0
1768388076.2157652,1233,38.5625,0.2942560613155365,Grad/qkv.lora_B,outputs_dev/vitb16/T=vtab_Q=3bit_L=lora_2_qkv-fc1-proj-fc2/cifar/20260114184203_default_acc=53.50/tensorboard/Grad_qkv.lora_B_block_0/events.out.tfevents.1768387346.master-192-168-8-48.1680.2,qkv.lora_B,0
1768388076.6509745,1234,38.59375,0.1238720566034317,Grad/qkv.lora_B,outputs_dev/vitb16/T=vtab_Q=3bit_L=lora_2_qkv-fc1-proj-fc2/cifar/20260114184203_default_acc=53.50/tensorboard/Grad_qkv.lora_B_block_0/events.out.tfevents.1768387346.master-192-168-8-48.1680.2,qkv.lora_B,0
1768388077.0852005,1235,38.625,0.29693472385406494,Grad/qkv.lora_B,outputs_dev/vitb16/T=vtab_Q=3bit_L=lora_2_qkv-fc1-proj-fc2/cifar/20260114184203_default_acc=53.50/tensorboard/Grad_qkv.lora_B_block_0/events.out.tfevents.1768387346.master-192-168-8-48.1680.2,qkv.lora_B,0
1768388077.5075924,1236,38.65625,0.21507608890533447,Grad/qkv.lora_B,outputs_dev/vitb16/T=vtab_Q=3bit_L=lora_2_qkv-fc1-proj-fc2/cifar/20260114184203_default_acc=53.50/tensorboard/Grad_qkv.lora_B_block_0/events.out.tfevents.1768387346.master-192-168-8-48.1680.2,qkv.lora_B,0
1768388077.9307294,1237,38.6875,0.7177181243896484,Grad/qkv.lora_B,outputs_dev/vitb16/T=vtab_Q=3bit_L=lora_2_qkv-fc1-proj-fc2/cifar/20260114184203_default_acc=53.50/tensorboard/Grad_qkv.lora_B_block_0/events.out.tfevents.1768387346.master-192-168-8-48.1680.2,qkv.lora_B,0
1768388078.3532248,1238,38.71875,0.233124777674675,Grad/qkv.lora_B,outputs_dev/vitb16/T=vtab_Q=3bit_L=lora_2_qkv-fc1-proj-fc2/cifar/20260114184203_default_acc=53.50/tensorboard/Grad_qkv.lora_B_block_0/events.out.tfevents.1768387346.master-192-168-8-48.1680.2,qkv.lora_B,0
1768388078.7782576,1239,38.75,0.26193350553512573,Grad/qkv.lora_B,outputs_dev/vitb16/T=vtab_Q=3bit_L=lora_2_qkv-fc1-proj-fc2/cifar/20260114184203_default_acc=53.50/tensorboard/Grad_qkv.lora_B_block_0/events.out.tfevents.1768387346.master-192-168-8-48.1680.2,qkv.lora_B,0
1768388079.2015457,1240,38.78125,0.16054588556289673,Grad/qkv.lora_B,outputs_dev/vitb16/T=vtab_Q=3bit_L=lora_2_qkv-fc1-proj-fc2/cifar/20260114184203_default_acc=53.50/tensorboard/Grad_qkv.lora_B_block_0/events.out.tfevents.1768387346.master-192-168-8-48.1680.2,qkv.lora_B,0
1768388079.6225429,1241,38.8125,0.5975684523582458,Grad/qkv.lora_B,outputs_dev/vitb16/T=vtab_Q=3bit_L=lora_2_qkv-fc1-proj-fc2/cifar/20260114184203_default_acc=53.50/tensorboard/Grad_qkv.lora_B_block_0/events.out.tfevents.1768387346.master-192-168-8-48.1680.2,qkv.lora_B,0
1768388080.0546224,1242,38.84375,0.2072516828775406,Grad/qkv.lora_B,outputs_dev/vitb16/T=vtab_Q=3bit_L=lora_2_qkv-fc1-proj-fc2/cifar/20260114184203_default_acc=53.50/tensorboard/Grad_qkv.lora_B_block_0/events.out.tfevents.1768387346.master-192-168-8-48.1680.2,qkv.lora_B,0
1768388080.4886477,1243,38.875,0.24136562645435333,Grad/qkv.lora_B,outputs_dev/vitb16/T=vtab_Q=3bit_L=lora_2_qkv-fc1-proj-fc2/cifar/20260114184203_default_acc=53.50/tensorboard/Grad_qkv.lora_B_block_0/events.out.tfevents.1768387346.master-192-168-8-48.1680.2,qkv.lora_B,0
1768388080.9267223,1244,38.90625,0.5721808075904846,Grad/qkv.lora_B,outputs_dev/vitb16/T=vtab_Q=3bit_L=lora_2_qkv-fc1-proj-fc2/cifar/20260114184203_default_acc=53.50/tensorboard/Grad_qkv.lora_B_block_0/events.out.tfevents.1768387346.master-192-168-8-48.1680.2,qkv.lora_B,0
1768388081.3507278,1245,38.9375,0.4135214686393738,Grad/qkv.lora_B,outputs_dev/vitb16/T=vtab_Q=3bit_L=lora_2_qkv-fc1-proj-fc2/cifar/20260114184203_default_acc=53.50/tensorboard/Grad_qkv.lora_B_block_0/events.out.tfevents.1768387346.master-192-168-8-48.1680.2,qkv.lora_B,0
1768388081.772967,1246,38.96875,0.6813523769378662,Grad/qkv.lora_B,outputs_dev/vitb16/T=vtab_Q=3bit_L=lora_2_qkv-fc1-proj-fc2/cifar/20260114184203_default_acc=53.50/tensorboard/Grad_qkv.lora_B_block_0/events.out.tfevents.1768387346.master-192-168-8-48.1680.2,qkv.lora_B,0
1768388081.9802668,1247,39.0,0.4472205340862274,Grad/qkv.lora_B,outputs_dev/vitb16/T=vtab_Q=3bit_L=lora_2_qkv-fc1-proj-fc2/cifar/20260114184203_default_acc=53.50/tensorboard/Grad_qkv.lora_B_block_0/events.out.tfevents.1768387346.master-192-168-8-48.1680.2,qkv.lora_B,0
1768388082.6977096,1248,39.03125,0.3516532778739929,Grad/qkv.lora_B,outputs_dev/vitb16/T=vtab_Q=3bit_L=lora_2_qkv-fc1-proj-fc2/cifar/20260114184203_default_acc=53.50/tensorboard/Grad_qkv.lora_B_block_0/events.out.tfevents.1768387346.master-192-168-8-48.1680.2,qkv.lora_B,0
1768388083.12624,1249,39.0625,0.33337825536727905,Grad/qkv.lora_B,outputs_dev/vitb16/T=vtab_Q=3bit_L=lora_2_qkv-fc1-proj-fc2/cifar/20260114184203_default_acc=53.50/tensorboard/Grad_qkv.lora_B_block_0/events.out.tfevents.1768387346.master-192-168-8-48.1680.2,qkv.lora_B,0
1768388083.548354,1250,39.09375,0.3799435794353485,Grad/qkv.lora_B,outputs_dev/vitb16/T=vtab_Q=3bit_L=lora_2_qkv-fc1-proj-fc2/cifar/20260114184203_default_acc=53.50/tensorboard/Grad_qkv.lora_B_block_0/events.out.tfevents.1768387346.master-192-168-8-48.1680.2,qkv.lora_B,0
1768388083.959715,1251,39.125,0.2586956322193146,Grad/qkv.lora_B,outputs_dev/vitb16/T=vtab_Q=3bit_L=lora_2_qkv-fc1-proj-fc2/cifar/20260114184203_default_acc=53.50/tensorboard/Grad_qkv.lora_B_block_0/events.out.tfevents.1768387346.master-192-168-8-48.1680.2,qkv.lora_B,0
1768388084.3717632,1252,39.15625,0.27247121930122375,Grad/qkv.lora_B,outputs_dev/vitb16/T=vtab_Q=3bit_L=lora_2_qkv-fc1-proj-fc2/cifar/20260114184203_default_acc=53.50/tensorboard/Grad_qkv.lora_B_block_0/events.out.tfevents.1768387346.master-192-168-8-48.1680.2,qkv.lora_B,0
1768388084.7937794,1253,39.1875,0.23114517331123352,Grad/qkv.lora_B,outputs_dev/vitb16/T=vtab_Q=3bit_L=lora_2_qkv-fc1-proj-fc2/cifar/20260114184203_default_acc=53.50/tensorboard/Grad_qkv.lora_B_block_0/events.out.tfevents.1768387346.master-192-168-8-48.1680.2,qkv.lora_B,0
1768388085.218009,1254,39.21875,0.13955487310886383,Grad/qkv.lora_B,outputs_dev/vitb16/T=vtab_Q=3bit_L=lora_2_qkv-fc1-proj-fc2/cifar/20260114184203_default_acc=53.50/tensorboard/Grad_qkv.lora_B_block_0/events.out.tfevents.1768387346.master-192-168-8-48.1680.2,qkv.lora_B,0
1768388085.6580865,1255,39.25,0.26806479692459106,Grad/qkv.lora_B,outputs_dev/vitb16/T=vtab_Q=3bit_L=lora_2_qkv-fc1-proj-fc2/cifar/20260114184203_default_acc=53.50/tensorboard/Grad_qkv.lora_B_block_0/events.out.tfevents.1768387346.master-192-168-8-48.1680.2,qkv.lora_B,0
1768388086.0859873,1256,39.28125,0.29425209760665894,Grad/qkv.lora_B,outputs_dev/vitb16/T=vtab_Q=3bit_L=lora_2_qkv-fc1-proj-fc2/cifar/20260114184203_default_acc=53.50/tensorboard/Grad_qkv.lora_B_block_0/events.out.tfevents.1768387346.master-192-168-8-48.1680.2,qkv.lora_B,0
1768388086.5128493,1257,39.3125,0.2032751888036728,Grad/qkv.lora_B,outputs_dev/vitb16/T=vtab_Q=3bit_L=lora_2_qkv-fc1-proj-fc2/cifar/20260114184203_default_acc=53.50/tensorboard/Grad_qkv.lora_B_block_0/events.out.tfevents.1768387346.master-192-168-8-48.1680.2,qkv.lora_B,0
1768388086.9415195,1258,39.34375,0.2052440643310547,Grad/qkv.lora_B,outputs_dev/vitb16/T=vtab_Q=3bit_L=lora_2_qkv-fc1-proj-fc2/cifar/20260114184203_default_acc=53.50/tensorboard/Grad_qkv.lora_B_block_0/events.out.tfevents.1768387346.master-192-168-8-48.1680.2,qkv.lora_B,0
1768388087.3862908,1259,39.375,0.8559927940368652,Grad/qkv.lora_B,outputs_dev/vitb16/T=vtab_Q=3bit_L=lora_2_qkv-fc1-proj-fc2/cifar/20260114184203_default_acc=53.50/tensorboard/Grad_qkv.lora_B_block_0/events.out.tfevents.1768387346.master-192-168-8-48.1680.2,qkv.lora_B,0
1768388087.8248217,1260,39.40625,0.25913453102111816,Grad/qkv.lora_B,outputs_dev/vitb16/T=vtab_Q=3bit_L=lora_2_qkv-fc1-proj-fc2/cifar/20260114184203_default_acc=53.50/tensorboard/Grad_qkv.lora_B_block_0/events.out.tfevents.1768387346.master-192-168-8-48.1680.2,qkv.lora_B,0
1768388088.2651901,1261,39.4375,0.2536734640598297,Grad/qkv.lora_B,outputs_dev/vitb16/T=vtab_Q=3bit_L=lora_2_qkv-fc1-proj-fc2/cifar/20260114184203_default_acc=53.50/tensorboard/Grad_qkv.lora_B_block_0/events.out.tfevents.1768387346.master-192-168-8-48.1680.2,qkv.lora_B,0
1768388088.710965,1262,39.46875,0.2443239390850067,Grad/qkv.lora_B,outputs_dev/vitb16/T=vtab_Q=3bit_L=lora_2_qkv-fc1-proj-fc2/cifar/20260114184203_default_acc=53.50/tensorboard/Grad_qkv.lora_B_block_0/events.out.tfevents.1768387346.master-192-168-8-48.1680.2,qkv.lora_B,0
1768388089.1519122,1263,39.5,0.19304311275482178,Grad/qkv.lora_B,outputs_dev/vitb16/T=vtab_Q=3bit_L=lora_2_qkv-fc1-proj-fc2/cifar/20260114184203_default_acc=53.50/tensorboard/Grad_qkv.lora_B_block_0/events.out.tfevents.1768387346.master-192-168-8-48.1680.2,qkv.lora_B,0
1768388089.5810323,1264,39.53125,0.386239230632782,Grad/qkv.lora_B,outputs_dev/vitb16/T=vtab_Q=3bit_L=lora_2_qkv-fc1-proj-fc2/cifar/20260114184203_default_acc=53.50/tensorboard/Grad_qkv.lora_B_block_0/events.out.tfevents.1768387346.master-192-168-8-48.1680.2,qkv.lora_B,0
1768388090.0207422,1265,39.5625,0.45466896891593933,Grad/qkv.lora_B,outputs_dev/vitb16/T=vtab_Q=3bit_L=lora_2_qkv-fc1-proj-fc2/cifar/20260114184203_default_acc=53.50/tensorboard/Grad_qkv.lora_B_block_0/events.out.tfevents.1768387346.master-192-168-8-48.1680.2,qkv.lora_B,0
1768388090.460206,1266,39.59375,0.2503345310688019,Grad/qkv.lora_B,outputs_dev/vitb16/T=vtab_Q=3bit_L=lora_2_qkv-fc1-proj-fc2/cifar/20260114184203_default_acc=53.50/tensorboard/Grad_qkv.lora_B_block_0/events.out.tfevents.1768387346.master-192-168-8-48.1680.2,qkv.lora_B,0
1768388090.8907351,1267,39.625,0.37689441442489624,Grad/qkv.lora_B,outputs_dev/vitb16/T=vtab_Q=3bit_L=lora_2_qkv-fc1-proj-fc2/cifar/20260114184203_default_acc=53.50/tensorboard/Grad_qkv.lora_B_block_0/events.out.tfevents.1768387346.master-192-168-8-48.1680.2,qkv.lora_B,0
1768388091.3252902,1268,39.65625,0.7165866494178772,Grad/qkv.lora_B,outputs_dev/vitb16/T=vtab_Q=3bit_L=lora_2_qkv-fc1-proj-fc2/cifar/20260114184203_default_acc=53.50/tensorboard/Grad_qkv.lora_B_block_0/events.out.tfevents.1768387346.master-192-168-8-48.1680.2,qkv.lora_B,0
1768388091.7560022,1269,39.6875,0.1964421272277832,Grad/qkv.lora_B,outputs_dev/vitb16/T=vtab_Q=3bit_L=lora_2_qkv-fc1-proj-fc2/cifar/20260114184203_default_acc=53.50/tensorboard/Grad_qkv.lora_B_block_0/events.out.tfevents.1768387346.master-192-168-8-48.1680.2,qkv.lora_B,0
1768388092.201554,1270,39.71875,0.4987662434577942,Grad/qkv.lora_B,outputs_dev/vitb16/T=vtab_Q=3bit_L=lora_2_qkv-fc1-proj-fc2/cifar/20260114184203_default_acc=53.50/tensorboard/Grad_qkv.lora_B_block_0/events.out.tfevents.1768387346.master-192-168-8-48.1680.2,qkv.lora_B,0
1768388092.631856,1271,39.75,0.36663761734962463,Grad/qkv.lora_B,outputs_dev/vitb16/T=vtab_Q=3bit_L=lora_2_qkv-fc1-proj-fc2/cifar/20260114184203_default_acc=53.50/tensorboard/Grad_qkv.lora_B_block_0/events.out.tfevents.1768387346.master-192-168-8-48.1680.2,qkv.lora_B,0
1768388093.0446944,1272,39.78125,0.20931388437747955,Grad/qkv.lora_B,outputs_dev/vitb16/T=vtab_Q=3bit_L=lora_2_qkv-fc1-proj-fc2/cifar/20260114184203_default_acc=53.50/tensorboard/Grad_qkv.lora_B_block_0/events.out.tfevents.1768387346.master-192-168-8-48.1680.2,qkv.lora_B,0
1768388093.4905143,1273,39.8125,0.17114615440368652,Grad/qkv.lora_B,outputs_dev/vitb16/T=vtab_Q=3bit_L=lora_2_qkv-fc1-proj-fc2/cifar/20260114184203_default_acc=53.50/tensorboard/Grad_qkv.lora_B_block_0/events.out.tfevents.1768387346.master-192-168-8-48.1680.2,qkv.lora_B,0
1768388093.914455,1274,39.84375,0.2563728094100952,Grad/qkv.lora_B,outputs_dev/vitb16/T=vtab_Q=3bit_L=lora_2_qkv-fc1-proj-fc2/cifar/20260114184203_default_acc=53.50/tensorboard/Grad_qkv.lora_B_block_0/events.out.tfevents.1768387346.master-192-168-8-48.1680.2,qkv.lora_B,0
1768388094.3389578,1275,39.875,0.27891063690185547,Grad/qkv.lora_B,outputs_dev/vitb16/T=vtab_Q=3bit_L=lora_2_qkv-fc1-proj-fc2/cifar/20260114184203_default_acc=53.50/tensorboard/Grad_qkv.lora_B_block_0/events.out.tfevents.1768387346.master-192-168-8-48.1680.2,qkv.lora_B,0
1768388094.7986088,1276,39.90625,0.3635232448577881,Grad/qkv.lora_B,outputs_dev/vitb16/T=vtab_Q=3bit_L=lora_2_qkv-fc1-proj-fc2/cifar/20260114184203_default_acc=53.50/tensorboard/Grad_qkv.lora_B_block_0/events.out.tfevents.1768387346.master-192-168-8-48.1680.2,qkv.lora_B,0
1768388095.2424982,1277,39.9375,0.13169264793395996,Grad/qkv.lora_B,outputs_dev/vitb16/T=vtab_Q=3bit_L=lora_2_qkv-fc1-proj-fc2/cifar/20260114184203_default_acc=53.50/tensorboard/Grad_qkv.lora_B_block_0/events.out.tfevents.1768387346.master-192-168-8-48.1680.2,qkv.lora_B,0
1768388095.6795,1278,39.96875,0.3852609694004059,Grad/qkv.lora_B,outputs_dev/vitb16/T=vtab_Q=3bit_L=lora_2_qkv-fc1-proj-fc2/cifar/20260114184203_default_acc=53.50/tensorboard/Grad_qkv.lora_B_block_0/events.out.tfevents.1768387346.master-192-168-8-48.1680.2,qkv.lora_B,0
1768388095.8611922,1279,40.0,0.24440211057662964,Grad/qkv.lora_B,outputs_dev/vitb16/T=vtab_Q=3bit_L=lora_2_qkv-fc1-proj-fc2/cifar/20260114184203_default_acc=53.50/tensorboard/Grad_qkv.lora_B_block_0/events.out.tfevents.1768387346.master-192-168-8-48.1680.2,qkv.lora_B,0
1768388096.5814466,1280,40.03125,0.17538957297801971,Grad/qkv.lora_B,outputs_dev/vitb16/T=vtab_Q=3bit_L=lora_2_qkv-fc1-proj-fc2/cifar/20260114184203_default_acc=53.50/tensorboard/Grad_qkv.lora_B_block_0/events.out.tfevents.1768387346.master-192-168-8-48.1680.2,qkv.lora_B,0
1768388097.0269158,1281,40.0625,0.25927871465682983,Grad/qkv.lora_B,outputs_dev/vitb16/T=vtab_Q=3bit_L=lora_2_qkv-fc1-proj-fc2/cifar/20260114184203_default_acc=53.50/tensorboard/Grad_qkv.lora_B_block_0/events.out.tfevents.1768387346.master-192-168-8-48.1680.2,qkv.lora_B,0
1768388097.451795,1282,40.09375,0.3287584185600281,Grad/qkv.lora_B,outputs_dev/vitb16/T=vtab_Q=3bit_L=lora_2_qkv-fc1-proj-fc2/cifar/20260114184203_default_acc=53.50/tensorboard/Grad_qkv.lora_B_block_0/events.out.tfevents.1768387346.master-192-168-8-48.1680.2,qkv.lora_B,0
1768388097.8750412,1283,40.125,0.14045138657093048,Grad/qkv.lora_B,outputs_dev/vitb16/T=vtab_Q=3bit_L=lora_2_qkv-fc1-proj-fc2/cifar/20260114184203_default_acc=53.50/tensorboard/Grad_qkv.lora_B_block_0/events.out.tfevents.1768387346.master-192-168-8-48.1680.2,qkv.lora_B,0
1768388098.299329,1284,40.15625,0.12138297408819199,Grad/qkv.lora_B,outputs_dev/vitb16/T=vtab_Q=3bit_L=lora_2_qkv-fc1-proj-fc2/cifar/20260114184203_default_acc=53.50/tensorboard/Grad_qkv.lora_B_block_0/events.out.tfevents.1768387346.master-192-168-8-48.1680.2,qkv.lora_B,0
1768388098.7237797,1285,40.1875,0.238508939743042,Grad/qkv.lora_B,outputs_dev/vitb16/T=vtab_Q=3bit_L=lora_2_qkv-fc1-proj-fc2/cifar/20260114184203_default_acc=53.50/tensorboard/Grad_qkv.lora_B_block_0/events.out.tfevents.1768387346.master-192-168-8-48.1680.2,qkv.lora_B,0
1768388099.1470635,1286,40.21875,0.3247181177139282,Grad/qkv.lora_B,outputs_dev/vitb16/T=vtab_Q=3bit_L=lora_2_qkv-fc1-proj-fc2/cifar/20260114184203_default_acc=53.50/tensorboard/Grad_qkv.lora_B_block_0/events.out.tfevents.1768387346.master-192-168-8-48.1680.2,qkv.lora_B,0
1768388099.5701995,1287,40.25,0.22750520706176758,Grad/qkv.lora_B,outputs_dev/vitb16/T=vtab_Q=3bit_L=lora_2_qkv-fc1-proj-fc2/cifar/20260114184203_default_acc=53.50/tensorboard/Grad_qkv.lora_B_block_0/events.out.tfevents.1768387346.master-192-168-8-48.1680.2,qkv.lora_B,0
1768388099.9948952,1288,40.28125,0.29710596799850464,Grad/qkv.lora_B,outputs_dev/vitb16/T=vtab_Q=3bit_L=lora_2_qkv-fc1-proj-fc2/cifar/20260114184203_default_acc=53.50/tensorboard/Grad_qkv.lora_B_block_0/events.out.tfevents.1768387346.master-192-168-8-48.1680.2,qkv.lora_B,0
1768388100.415995,1289,40.3125,0.1687411367893219,Grad/qkv.lora_B,outputs_dev/vitb16/T=vtab_Q=3bit_L=lora_2_qkv-fc1-proj-fc2/cifar/20260114184203_default_acc=53.50/tensorboard/Grad_qkv.lora_B_block_0/events.out.tfevents.1768387346.master-192-168-8-48.1680.2,qkv.lora_B,0
1768388100.842495,1290,40.34375,0.1003061830997467,Grad/qkv.lora_B,outputs_dev/vitb16/T=vtab_Q=3bit_L=lora_2_qkv-fc1-proj-fc2/cifar/20260114184203_default_acc=53.50/tensorboard/Grad_qkv.lora_B_block_0/events.out.tfevents.1768387346.master-192-168-8-48.1680.2,qkv.lora_B,0
1768388101.2677538,1291,40.375,0.37538081407546997,Grad/qkv.lora_B,outputs_dev/vitb16/T=vtab_Q=3bit_L=lora_2_qkv-fc1-proj-fc2/cifar/20260114184203_default_acc=53.50/tensorboard/Grad_qkv.lora_B_block_0/events.out.tfevents.1768387346.master-192-168-8-48.1680.2,qkv.lora_B,0
1768388101.69719,1292,40.40625,0.4148002564907074,Grad/qkv.lora_B,outputs_dev/vitb16/T=vtab_Q=3bit_L=lora_2_qkv-fc1-proj-fc2/cifar/20260114184203_default_acc=53.50/tensorboard/Grad_qkv.lora_B_block_0/events.out.tfevents.1768387346.master-192-168-8-48.1680.2,qkv.lora_B,0
1768388102.1205814,1293,40.4375,0.1354503482580185,Grad/qkv.lora_B,outputs_dev/vitb16/T=vtab_Q=3bit_L=lora_2_qkv-fc1-proj-fc2/cifar/20260114184203_default_acc=53.50/tensorboard/Grad_qkv.lora_B_block_0/events.out.tfevents.1768387346.master-192-168-8-48.1680.2,qkv.lora_B,0
1768388102.5437407,1294,40.46875,0.26699861884117126,Grad/qkv.lora_B,outputs_dev/vitb16/T=vtab_Q=3bit_L=lora_2_qkv-fc1-proj-fc2/cifar/20260114184203_default_acc=53.50/tensorboard/Grad_qkv.lora_B_block_0/events.out.tfevents.1768387346.master-192-168-8-48.1680.2,qkv.lora_B,0
1768388103.0766172,1295,40.5,0.19368302822113037,Grad/qkv.lora_B,outputs_dev/vitb16/T=vtab_Q=3bit_L=lora_2_qkv-fc1-proj-fc2/cifar/20260114184203_default_acc=53.50/tensorboard/Grad_qkv.lora_B_block_0/events.out.tfevents.1768387346.master-192-168-8-48.1680.2,qkv.lora_B,0
1768388103.4997182,1296,40.53125,0.29853585362434387,Grad/qkv.lora_B,outputs_dev/vitb16/T=vtab_Q=3bit_L=lora_2_qkv-fc1-proj-fc2/cifar/20260114184203_default_acc=53.50/tensorboard/Grad_qkv.lora_B_block_0/events.out.tfevents.1768387346.master-192-168-8-48.1680.2,qkv.lora_B,0
1768388103.9229226,1297,40.5625,0.18521703779697418,Grad/qkv.lora_B,outputs_dev/vitb16/T=vtab_Q=3bit_L=lora_2_qkv-fc1-proj-fc2/cifar/20260114184203_default_acc=53.50/tensorboard/Grad_qkv.lora_B_block_0/events.out.tfevents.1768387346.master-192-168-8-48.1680.2,qkv.lora_B,0
1768388104.347091,1298,40.59375,0.34995269775390625,Grad/qkv.lora_B,outputs_dev/vitb16/T=vtab_Q=3bit_L=lora_2_qkv-fc1-proj-fc2/cifar/20260114184203_default_acc=53.50/tensorboard/Grad_qkv.lora_B_block_0/events.out.tfevents.1768387346.master-192-168-8-48.1680.2,qkv.lora_B,0
1768388104.7713168,1299,40.625,0.2815212607383728,Grad/qkv.lora_B,outputs_dev/vitb16/T=vtab_Q=3bit_L=lora_2_qkv-fc1-proj-fc2/cifar/20260114184203_default_acc=53.50/tensorboard/Grad_qkv.lora_B_block_0/events.out.tfevents.1768387346.master-192-168-8-48.1680.2,qkv.lora_B,0
1768388105.195458,1300,40.65625,0.3211190700531006,Grad/qkv.lora_B,outputs_dev/vitb16/T=vtab_Q=3bit_L=lora_2_qkv-fc1-proj-fc2/cifar/20260114184203_default_acc=53.50/tensorboard/Grad_qkv.lora_B_block_0/events.out.tfevents.1768387346.master-192-168-8-48.1680.2,qkv.lora_B,0
1768388105.618515,1301,40.6875,0.42581334710121155,Grad/qkv.lora_B,outputs_dev/vitb16/T=vtab_Q=3bit_L=lora_2_qkv-fc1-proj-fc2/cifar/20260114184203_default_acc=53.50/tensorboard/Grad_qkv.lora_B_block_0/events.out.tfevents.1768387346.master-192-168-8-48.1680.2,qkv.lora_B,0
1768388106.0397584,1302,40.71875,0.2644650936126709,Grad/qkv.lora_B,outputs_dev/vitb16/T=vtab_Q=3bit_L=lora_2_qkv-fc1-proj-fc2/cifar/20260114184203_default_acc=53.50/tensorboard/Grad_qkv.lora_B_block_0/events.out.tfevents.1768387346.master-192-168-8-48.1680.2,qkv.lora_B,0
1768388106.461882,1303,40.75,0.24380046129226685,Grad/qkv.lora_B,outputs_dev/vitb16/T=vtab_Q=3bit_L=lora_2_qkv-fc1-proj-fc2/cifar/20260114184203_default_acc=53.50/tensorboard/Grad_qkv.lora_B_block_0/events.out.tfevents.1768387346.master-192-168-8-48.1680.2,qkv.lora_B,0
1768388106.8829033,1304,40.78125,0.3602235019207001,Grad/qkv.lora_B,outputs_dev/vitb16/T=vtab_Q=3bit_L=lora_2_qkv-fc1-proj-fc2/cifar/20260114184203_default_acc=53.50/tensorboard/Grad_qkv.lora_B_block_0/events.out.tfevents.1768387346.master-192-168-8-48.1680.2,qkv.lora_B,0
1768388107.3049245,1305,40.8125,0.28780069947242737,Grad/qkv.lora_B,outputs_dev/vitb16/T=vtab_Q=3bit_L=lora_2_qkv-fc1-proj-fc2/cifar/20260114184203_default_acc=53.50/tensorboard/Grad_qkv.lora_B_block_0/events.out.tfevents.1768387346.master-192-168-8-48.1680.2,qkv.lora_B,0
1768388107.7293599,1306,40.84375,0.1626957505941391,Grad/qkv.lora_B,outputs_dev/vitb16/T=vtab_Q=3bit_L=lora_2_qkv-fc1-proj-fc2/cifar/20260114184203_default_acc=53.50/tensorboard/Grad_qkv.lora_B_block_0/events.out.tfevents.1768387346.master-192-168-8-48.1680.2,qkv.lora_B,0
1768388108.1544585,1307,40.875,0.22419436275959015,Grad/qkv.lora_B,outputs_dev/vitb16/T=vtab_Q=3bit_L=lora_2_qkv-fc1-proj-fc2/cifar/20260114184203_default_acc=53.50/tensorboard/Grad_qkv.lora_B_block_0/events.out.tfevents.1768387346.master-192-168-8-48.1680.2,qkv.lora_B,0
1768388108.5789516,1308,40.90625,0.21462567150592804,Grad/qkv.lora_B,outputs_dev/vitb16/T=vtab_Q=3bit_L=lora_2_qkv-fc1-proj-fc2/cifar/20260114184203_default_acc=53.50/tensorboard/Grad_qkv.lora_B_block_0/events.out.tfevents.1768387346.master-192-168-8-48.1680.2,qkv.lora_B,0
1768388109.0004976,1309,40.9375,0.18803517520427704,Grad/qkv.lora_B,outputs_dev/vitb16/T=vtab_Q=3bit_L=lora_2_qkv-fc1-proj-fc2/cifar/20260114184203_default_acc=53.50/tensorboard/Grad_qkv.lora_B_block_0/events.out.tfevents.1768387346.master-192-168-8-48.1680.2,qkv.lora_B,0
1768388109.427223,1310,40.96875,0.16372670233249664,Grad/qkv.lora_B,outputs_dev/vitb16/T=vtab_Q=3bit_L=lora_2_qkv-fc1-proj-fc2/cifar/20260114184203_default_acc=53.50/tensorboard/Grad_qkv.lora_B_block_0/events.out.tfevents.1768387346.master-192-168-8-48.1680.2,qkv.lora_B,0
1768388109.6366727,1311,41.0,1.2293199300765991,Grad/qkv.lora_B,outputs_dev/vitb16/T=vtab_Q=3bit_L=lora_2_qkv-fc1-proj-fc2/cifar/20260114184203_default_acc=53.50/tensorboard/Grad_qkv.lora_B_block_0/events.out.tfevents.1768387346.master-192-168-8-48.1680.2,qkv.lora_B,0
1768388148.557106,1312,41.03125,0.2814739942550659,Grad/qkv.lora_B,outputs_dev/vitb16/T=vtab_Q=3bit_L=lora_2_qkv-fc1-proj-fc2/cifar/20260114184203_default_acc=53.50/tensorboard/Grad_qkv.lora_B_block_0/events.out.tfevents.1768387346.master-192-168-8-48.1680.2,qkv.lora_B,0
1768388148.9949288,1313,41.0625,0.2300305813550949,Grad/qkv.lora_B,outputs_dev/vitb16/T=vtab_Q=3bit_L=lora_2_qkv-fc1-proj-fc2/cifar/20260114184203_default_acc=53.50/tensorboard/Grad_qkv.lora_B_block_0/events.out.tfevents.1768387346.master-192-168-8-48.1680.2,qkv.lora_B,0
1768388149.4327037,1314,41.09375,0.6777021884918213,Grad/qkv.lora_B,outputs_dev/vitb16/T=vtab_Q=3bit_L=lora_2_qkv-fc1-proj-fc2/cifar/20260114184203_default_acc=53.50/tensorboard/Grad_qkv.lora_B_block_0/events.out.tfevents.1768387346.master-192-168-8-48.1680.2,qkv.lora_B,0
1768388149.870856,1315,41.125,0.29406362771987915,Grad/qkv.lora_B,outputs_dev/vitb16/T=vtab_Q=3bit_L=lora_2_qkv-fc1-proj-fc2/cifar/20260114184203_default_acc=53.50/tensorboard/Grad_qkv.lora_B_block_0/events.out.tfevents.1768387346.master-192-168-8-48.1680.2,qkv.lora_B,0
1768388150.314896,1316,41.15625,0.2903241813182831,Grad/qkv.lora_B,outputs_dev/vitb16/T=vtab_Q=3bit_L=lora_2_qkv-fc1-proj-fc2/cifar/20260114184203_default_acc=53.50/tensorboard/Grad_qkv.lora_B_block_0/events.out.tfevents.1768387346.master-192-168-8-48.1680.2,qkv.lora_B,0
1768388150.7525117,1317,41.1875,0.398910790681839,Grad/qkv.lora_B,outputs_dev/vitb16/T=vtab_Q=3bit_L=lora_2_qkv-fc1-proj-fc2/cifar/20260114184203_default_acc=53.50/tensorboard/Grad_qkv.lora_B_block_0/events.out.tfevents.1768387346.master-192-168-8-48.1680.2,qkv.lora_B,0
1768388151.1809587,1318,41.21875,0.2812487781047821,Grad/qkv.lora_B,outputs_dev/vitb16/T=vtab_Q=3bit_L=lora_2_qkv-fc1-proj-fc2/cifar/20260114184203_default_acc=53.50/tensorboard/Grad_qkv.lora_B_block_0/events.out.tfevents.1768387346.master-192-168-8-48.1680.2,qkv.lora_B,0
1768388151.607091,1319,41.25,0.13098841905593872,Grad/qkv.lora_B,outputs_dev/vitb16/T=vtab_Q=3bit_L=lora_2_qkv-fc1-proj-fc2/cifar/20260114184203_default_acc=53.50/tensorboard/Grad_qkv.lora_B_block_0/events.out.tfevents.1768387346.master-192-168-8-48.1680.2,qkv.lora_B,0
1768388152.039979,1320,41.28125,0.16558605432510376,Grad/qkv.lora_B,outputs_dev/vitb16/T=vtab_Q=3bit_L=lora_2_qkv-fc1-proj-fc2/cifar/20260114184203_default_acc=53.50/tensorboard/Grad_qkv.lora_B_block_0/events.out.tfevents.1768387346.master-192-168-8-48.1680.2,qkv.lora_B,0
1768388152.4915833,1321,41.3125,0.23515403270721436,Grad/qkv.lora_B,outputs_dev/vitb16/T=vtab_Q=3bit_L=lora_2_qkv-fc1-proj-fc2/cifar/20260114184203_default_acc=53.50/tensorboard/Grad_qkv.lora_B_block_0/events.out.tfevents.1768387346.master-192-168-8-48.1680.2,qkv.lora_B,0
1768388152.9292915,1322,41.34375,0.3061109483242035,Grad/qkv.lora_B,outputs_dev/vitb16/T=vtab_Q=3bit_L=lora_2_qkv-fc1-proj-fc2/cifar/20260114184203_default_acc=53.50/tensorboard/Grad_qkv.lora_B_block_0/events.out.tfevents.1768387346.master-192-168-8-48.1680.2,qkv.lora_B,0
1768388153.3689215,1323,41.375,0.15229341387748718,Grad/qkv.lora_B,outputs_dev/vitb16/T=vtab_Q=3bit_L=lora_2_qkv-fc1-proj-fc2/cifar/20260114184203_default_acc=53.50/tensorboard/Grad_qkv.lora_B_block_0/events.out.tfevents.1768387346.master-192-168-8-48.1680.2,qkv.lora_B,0
1768388153.8110392,1324,41.40625,0.5032321214675903,Grad/qkv.lora_B,outputs_dev/vitb16/T=vtab_Q=3bit_L=lora_2_qkv-fc1-proj-fc2/cifar/20260114184203_default_acc=53.50/tensorboard/Grad_qkv.lora_B_block_0/events.out.tfevents.1768387346.master-192-168-8-48.1680.2,qkv.lora_B,0
1768388154.2395046,1325,41.4375,0.12462596595287323,Grad/qkv.lora_B,outputs_dev/vitb16/T=vtab_Q=3bit_L=lora_2_qkv-fc1-proj-fc2/cifar/20260114184203_default_acc=53.50/tensorboard/Grad_qkv.lora_B_block_0/events.out.tfevents.1768387346.master-192-168-8-48.1680.2,qkv.lora_B,0
1768388154.6688588,1326,41.46875,0.5221649408340454,Grad/qkv.lora_B,outputs_dev/vitb16/T=vtab_Q=3bit_L=lora_2_qkv-fc1-proj-fc2/cifar/20260114184203_default_acc=53.50/tensorboard/Grad_qkv.lora_B_block_0/events.out.tfevents.1768387346.master-192-168-8-48.1680.2,qkv.lora_B,0
1768388155.0976636,1327,41.5,0.38741037249565125,Grad/qkv.lora_B,outputs_dev/vitb16/T=vtab_Q=3bit_L=lora_2_qkv-fc1-proj-fc2/cifar/20260114184203_default_acc=53.50/tensorboard/Grad_qkv.lora_B_block_0/events.out.tfevents.1768387346.master-192-168-8-48.1680.2,qkv.lora_B,0
1768388155.5246797,1328,41.53125,0.3347129821777344,Grad/qkv.lora_B,outputs_dev/vitb16/T=vtab_Q=3bit_L=lora_2_qkv-fc1-proj-fc2/cifar/20260114184203_default_acc=53.50/tensorboard/Grad_qkv.lora_B_block_0/events.out.tfevents.1768387346.master-192-168-8-48.1680.2,qkv.lora_B,0
1768388155.9538891,1329,41.5625,0.25766685605049133,Grad/qkv.lora_B,outputs_dev/vitb16/T=vtab_Q=3bit_L=lora_2_qkv-fc1-proj-fc2/cifar/20260114184203_default_acc=53.50/tensorboard/Grad_qkv.lora_B_block_0/events.out.tfevents.1768387346.master-192-168-8-48.1680.2,qkv.lora_B,0
1768388156.381269,1330,41.59375,0.23380985856056213,Grad/qkv.lora_B,outputs_dev/vitb16/T=vtab_Q=3bit_L=lora_2_qkv-fc1-proj-fc2/cifar/20260114184203_default_acc=53.50/tensorboard/Grad_qkv.lora_B_block_0/events.out.tfevents.1768387346.master-192-168-8-48.1680.2,qkv.lora_B,0
1768388156.8072827,1331,41.625,0.3874914050102234,Grad/qkv.lora_B,outputs_dev/vitb16/T=vtab_Q=3bit_L=lora_2_qkv-fc1-proj-fc2/cifar/20260114184203_default_acc=53.50/tensorboard/Grad_qkv.lora_B_block_0/events.out.tfevents.1768387346.master-192-168-8-48.1680.2,qkv.lora_B,0
1768388157.234307,1332,41.65625,0.4042203724384308,Grad/qkv.lora_B,outputs_dev/vitb16/T=vtab_Q=3bit_L=lora_2_qkv-fc1-proj-fc2/cifar/20260114184203_default_acc=53.50/tensorboard/Grad_qkv.lora_B_block_0/events.out.tfevents.1768387346.master-192-168-8-48.1680.2,qkv.lora_B,0
1768388157.6626034,1333,41.6875,0.2330491691827774,Grad/qkv.lora_B,outputs_dev/vitb16/T=vtab_Q=3bit_L=lora_2_qkv-fc1-proj-fc2/cifar/20260114184203_default_acc=53.50/tensorboard/Grad_qkv.lora_B_block_0/events.out.tfevents.1768387346.master-192-168-8-48.1680.2,qkv.lora_B,0
1768388158.0915976,1334,41.71875,0.4129936397075653,Grad/qkv.lora_B,outputs_dev/vitb16/T=vtab_Q=3bit_L=lora_2_qkv-fc1-proj-fc2/cifar/20260114184203_default_acc=53.50/tensorboard/Grad_qkv.lora_B_block_0/events.out.tfevents.1768387346.master-192-168-8-48.1680.2,qkv.lora_B,0
1768388158.5245035,1335,41.75,0.365624338388443,Grad/qkv.lora_B,outputs_dev/vitb16/T=vtab_Q=3bit_L=lora_2_qkv-fc1-proj-fc2/cifar/20260114184203_default_acc=53.50/tensorboard/Grad_qkv.lora_B_block_0/events.out.tfevents.1768387346.master-192-168-8-48.1680.2,qkv.lora_B,0
1768388158.9678493,1336,41.78125,0.33314988017082214,Grad/qkv.lora_B,outputs_dev/vitb16/T=vtab_Q=3bit_L=lora_2_qkv-fc1-proj-fc2/cifar/20260114184203_default_acc=53.50/tensorboard/Grad_qkv.lora_B_block_0/events.out.tfevents.1768387346.master-192-168-8-48.1680.2,qkv.lora_B,0
1768388159.4086132,1337,41.8125,0.3414217531681061,Grad/qkv.lora_B,outputs_dev/vitb16/T=vtab_Q=3bit_L=lora_2_qkv-fc1-proj-fc2/cifar/20260114184203_default_acc=53.50/tensorboard/Grad_qkv.lora_B_block_0/events.out.tfevents.1768387346.master-192-168-8-48.1680.2,qkv.lora_B,0
1768388159.8319278,1338,41.84375,0.23097923398017883,Grad/qkv.lora_B,outputs_dev/vitb16/T=vtab_Q=3bit_L=lora_2_qkv-fc1-proj-fc2/cifar/20260114184203_default_acc=53.50/tensorboard/Grad_qkv.lora_B_block_0/events.out.tfevents.1768387346.master-192-168-8-48.1680.2,qkv.lora_B,0
1768388160.267025,1339,41.875,0.3772467076778412,Grad/qkv.lora_B,outputs_dev/vitb16/T=vtab_Q=3bit_L=lora_2_qkv-fc1-proj-fc2/cifar/20260114184203_default_acc=53.50/tensorboard/Grad_qkv.lora_B_block_0/events.out.tfevents.1768387346.master-192-168-8-48.1680.2,qkv.lora_B,0
1768388160.675436,1340,41.90625,0.23929107189178467,Grad/qkv.lora_B,outputs_dev/vitb16/T=vtab_Q=3bit_L=lora_2_qkv-fc1-proj-fc2/cifar/20260114184203_default_acc=53.50/tensorboard/Grad_qkv.lora_B_block_0/events.out.tfevents.1768387346.master-192-168-8-48.1680.2,qkv.lora_B,0
1768388161.1128724,1341,41.9375,0.3526582717895508,Grad/qkv.lora_B,outputs_dev/vitb16/T=vtab_Q=3bit_L=lora_2_qkv-fc1-proj-fc2/cifar/20260114184203_default_acc=53.50/tensorboard/Grad_qkv.lora_B_block_0/events.out.tfevents.1768387346.master-192-168-8-48.1680.2,qkv.lora_B,0
1768388161.5352407,1342,41.96875,0.3664399981498718,Grad/qkv.lora_B,outputs_dev/vitb16/T=vtab_Q=3bit_L=lora_2_qkv-fc1-proj-fc2/cifar/20260114184203_default_acc=53.50/tensorboard/Grad_qkv.lora_B_block_0/events.out.tfevents.1768387346.master-192-168-8-48.1680.2,qkv.lora_B,0
1768388161.7421806,1343,42.0,0.8261477947235107,Grad/qkv.lora_B,outputs_dev/vitb16/T=vtab_Q=3bit_L=lora_2_qkv-fc1-proj-fc2/cifar/20260114184203_default_acc=53.50/tensorboard/Grad_qkv.lora_B_block_0/events.out.tfevents.1768387346.master-192-168-8-48.1680.2,qkv.lora_B,0
1768388162.371636,1344,42.03125,0.24175280332565308,Grad/qkv.lora_B,outputs_dev/vitb16/T=vtab_Q=3bit_L=lora_2_qkv-fc1-proj-fc2/cifar/20260114184203_default_acc=53.50/tensorboard/Grad_qkv.lora_B_block_0/events.out.tfevents.1768387346.master-192-168-8-48.1680.2,qkv.lora_B,0
1768388162.795082,1345,42.0625,0.657801628112793,Grad/qkv.lora_B,outputs_dev/vitb16/T=vtab_Q=3bit_L=lora_2_qkv-fc1-proj-fc2/cifar/20260114184203_default_acc=53.50/tensorboard/Grad_qkv.lora_B_block_0/events.out.tfevents.1768387346.master-192-168-8-48.1680.2,qkv.lora_B,0
1768388163.2192664,1346,42.09375,0.7930766940116882,Grad/qkv.lora_B,outputs_dev/vitb16/T=vtab_Q=3bit_L=lora_2_qkv-fc1-proj-fc2/cifar/20260114184203_default_acc=53.50/tensorboard/Grad_qkv.lora_B_block_0/events.out.tfevents.1768387346.master-192-168-8-48.1680.2,qkv.lora_B,0
1768388163.65123,1347,42.125,0.20204617083072662,Grad/qkv.lora_B,outputs_dev/vitb16/T=vtab_Q=3bit_L=lora_2_qkv-fc1-proj-fc2/cifar/20260114184203_default_acc=53.50/tensorboard/Grad_qkv.lora_B_block_0/events.out.tfevents.1768387346.master-192-168-8-48.1680.2,qkv.lora_B,0
1768388164.0775335,1348,42.15625,0.2698006331920624,Grad/qkv.lora_B,outputs_dev/vitb16/T=vtab_Q=3bit_L=lora_2_qkv-fc1-proj-fc2/cifar/20260114184203_default_acc=53.50/tensorboard/Grad_qkv.lora_B_block_0/events.out.tfevents.1768387346.master-192-168-8-48.1680.2,qkv.lora_B,0
1768388164.5142825,1349,42.1875,0.200004443526268,Grad/qkv.lora_B,outputs_dev/vitb16/T=vtab_Q=3bit_L=lora_2_qkv-fc1-proj-fc2/cifar/20260114184203_default_acc=53.50/tensorboard/Grad_qkv.lora_B_block_0/events.out.tfevents.1768387346.master-192-168-8-48.1680.2,qkv.lora_B,0
1768388164.9352713,1350,42.21875,0.2560274600982666,Grad/qkv.lora_B,outputs_dev/vitb16/T=vtab_Q=3bit_L=lora_2_qkv-fc1-proj-fc2/cifar/20260114184203_default_acc=53.50/tensorboard/Grad_qkv.lora_B_block_0/events.out.tfevents.1768387346.master-192-168-8-48.1680.2,qkv.lora_B,0
1768388165.3697867,1351,42.25,0.21848861873149872,Grad/qkv.lora_B,outputs_dev/vitb16/T=vtab_Q=3bit_L=lora_2_qkv-fc1-proj-fc2/cifar/20260114184203_default_acc=53.50/tensorboard/Grad_qkv.lora_B_block_0/events.out.tfevents.1768387346.master-192-168-8-48.1680.2,qkv.lora_B,0
1768388165.803138,1352,42.28125,0.30174094438552856,Grad/qkv.lora_B,outputs_dev/vitb16/T=vtab_Q=3bit_L=lora_2_qkv-fc1-proj-fc2/cifar/20260114184203_default_acc=53.50/tensorboard/Grad_qkv.lora_B_block_0/events.out.tfevents.1768387346.master-192-168-8-48.1680.2,qkv.lora_B,0
1768388166.2359755,1353,42.3125,0.5530028343200684,Grad/qkv.lora_B,outputs_dev/vitb16/T=vtab_Q=3bit_L=lora_2_qkv-fc1-proj-fc2/cifar/20260114184203_default_acc=53.50/tensorboard/Grad_qkv.lora_B_block_0/events.out.tfevents.1768387346.master-192-168-8-48.1680.2,qkv.lora_B,0
1768388166.6570601,1354,42.34375,0.33838003873825073,Grad/qkv.lora_B,outputs_dev/vitb16/T=vtab_Q=3bit_L=lora_2_qkv-fc1-proj-fc2/cifar/20260114184203_default_acc=53.50/tensorboard/Grad_qkv.lora_B_block_0/events.out.tfevents.1768387346.master-192-168-8-48.1680.2,qkv.lora_B,0
1768388167.0948546,1355,42.375,0.3937981128692627,Grad/qkv.lora_B,outputs_dev/vitb16/T=vtab_Q=3bit_L=lora_2_qkv-fc1-proj-fc2/cifar/20260114184203_default_acc=53.50/tensorboard/Grad_qkv.lora_B_block_0/events.out.tfevents.1768387346.master-192-168-8-48.1680.2,qkv.lora_B,0
1768388167.5137298,1356,42.40625,0.27796676754951477,Grad/qkv.lora_B,outputs_dev/vitb16/T=vtab_Q=3bit_L=lora_2_qkv-fc1-proj-fc2/cifar/20260114184203_default_acc=53.50/tensorboard/Grad_qkv.lora_B_block_0/events.out.tfevents.1768387346.master-192-168-8-48.1680.2,qkv.lora_B,0
1768388167.9318855,1357,42.4375,0.34794995188713074,Grad/qkv.lora_B,outputs_dev/vitb16/T=vtab_Q=3bit_L=lora_2_qkv-fc1-proj-fc2/cifar/20260114184203_default_acc=53.50/tensorboard/Grad_qkv.lora_B_block_0/events.out.tfevents.1768387346.master-192-168-8-48.1680.2,qkv.lora_B,0
1768388168.351848,1358,42.46875,0.3078717291355133,Grad/qkv.lora_B,outputs_dev/vitb16/T=vtab_Q=3bit_L=lora_2_qkv-fc1-proj-fc2/cifar/20260114184203_default_acc=53.50/tensorboard/Grad_qkv.lora_B_block_0/events.out.tfevents.1768387346.master-192-168-8-48.1680.2,qkv.lora_B,0
1768388168.7859857,1359,42.5,0.5274245142936707,Grad/qkv.lora_B,outputs_dev/vitb16/T=vtab_Q=3bit_L=lora_2_qkv-fc1-proj-fc2/cifar/20260114184203_default_acc=53.50/tensorboard/Grad_qkv.lora_B_block_0/events.out.tfevents.1768387346.master-192-168-8-48.1680.2,qkv.lora_B,0
1768388169.20548,1360,42.53125,0.20702847838401794,Grad/qkv.lora_B,outputs_dev/vitb16/T=vtab_Q=3bit_L=lora_2_qkv-fc1-proj-fc2/cifar/20260114184203_default_acc=53.50/tensorboard/Grad_qkv.lora_B_block_0/events.out.tfevents.1768387346.master-192-168-8-48.1680.2,qkv.lora_B,0
1768388169.6241128,1361,42.5625,0.37564730644226074,Grad/qkv.lora_B,outputs_dev/vitb16/T=vtab_Q=3bit_L=lora_2_qkv-fc1-proj-fc2/cifar/20260114184203_default_acc=53.50/tensorboard/Grad_qkv.lora_B_block_0/events.out.tfevents.1768387346.master-192-168-8-48.1680.2,qkv.lora_B,0
1768388170.0435257,1362,42.59375,0.16669175028800964,Grad/qkv.lora_B,outputs_dev/vitb16/T=vtab_Q=3bit_L=lora_2_qkv-fc1-proj-fc2/cifar/20260114184203_default_acc=53.50/tensorboard/Grad_qkv.lora_B_block_0/events.out.tfevents.1768387346.master-192-168-8-48.1680.2,qkv.lora_B,0
1768388170.4623992,1363,42.625,0.6865609288215637,Grad/qkv.lora_B,outputs_dev/vitb16/T=vtab_Q=3bit_L=lora_2_qkv-fc1-proj-fc2/cifar/20260114184203_default_acc=53.50/tensorboard/Grad_qkv.lora_B_block_0/events.out.tfevents.1768387346.master-192-168-8-48.1680.2,qkv.lora_B,0
1768388170.882858,1364,42.65625,0.08975338190793991,Grad/qkv.lora_B,outputs_dev/vitb16/T=vtab_Q=3bit_L=lora_2_qkv-fc1-proj-fc2/cifar/20260114184203_default_acc=53.50/tensorboard/Grad_qkv.lora_B_block_0/events.out.tfevents.1768387346.master-192-168-8-48.1680.2,qkv.lora_B,0
1768388171.3160968,1365,42.6875,0.4833570122718811,Grad/qkv.lora_B,outputs_dev/vitb16/T=vtab_Q=3bit_L=lora_2_qkv-fc1-proj-fc2/cifar/20260114184203_default_acc=53.50/tensorboard/Grad_qkv.lora_B_block_0/events.out.tfevents.1768387346.master-192-168-8-48.1680.2,qkv.lora_B,0
1768388171.749226,1366,42.71875,0.4721220135688782,Grad/qkv.lora_B,outputs_dev/vitb16/T=vtab_Q=3bit_L=lora_2_qkv-fc1-proj-fc2/cifar/20260114184203_default_acc=53.50/tensorboard/Grad_qkv.lora_B_block_0/events.out.tfevents.1768387346.master-192-168-8-48.1680.2,qkv.lora_B,0
1768388172.168696,1367,42.75,0.24145622551441193,Grad/qkv.lora_B,outputs_dev/vitb16/T=vtab_Q=3bit_L=lora_2_qkv-fc1-proj-fc2/cifar/20260114184203_default_acc=53.50/tensorboard/Grad_qkv.lora_B_block_0/events.out.tfevents.1768387346.master-192-168-8-48.1680.2,qkv.lora_B,0
1768388172.5920835,1368,42.78125,0.27824515104293823,Grad/qkv.lora_B,outputs_dev/vitb16/T=vtab_Q=3bit_L=lora_2_qkv-fc1-proj-fc2/cifar/20260114184203_default_acc=53.50/tensorboard/Grad_qkv.lora_B_block_0/events.out.tfevents.1768387346.master-192-168-8-48.1680.2,qkv.lora_B,0
1768388173.0125766,1369,42.8125,0.22416067123413086,Grad/qkv.lora_B,outputs_dev/vitb16/T=vtab_Q=3bit_L=lora_2_qkv-fc1-proj-fc2/cifar/20260114184203_default_acc=53.50/tensorboard/Grad_qkv.lora_B_block_0/events.out.tfevents.1768387346.master-192-168-8-48.1680.2,qkv.lora_B,0
1768388173.4528756,1370,42.84375,0.42851126194000244,Grad/qkv.lora_B,outputs_dev/vitb16/T=vtab_Q=3bit_L=lora_2_qkv-fc1-proj-fc2/cifar/20260114184203_default_acc=53.50/tensorboard/Grad_qkv.lora_B_block_0/events.out.tfevents.1768387346.master-192-168-8-48.1680.2,qkv.lora_B,0
1768388173.885286,1371,42.875,0.17072170972824097,Grad/qkv.lora_B,outputs_dev/vitb16/T=vtab_Q=3bit_L=lora_2_qkv-fc1-proj-fc2/cifar/20260114184203_default_acc=53.50/tensorboard/Grad_qkv.lora_B_block_0/events.out.tfevents.1768387346.master-192-168-8-48.1680.2,qkv.lora_B,0
1768388174.316632,1372,42.90625,0.5480213761329651,Grad/qkv.lora_B,outputs_dev/vitb16/T=vtab_Q=3bit_L=lora_2_qkv-fc1-proj-fc2/cifar/20260114184203_default_acc=53.50/tensorboard/Grad_qkv.lora_B_block_0/events.out.tfevents.1768387346.master-192-168-8-48.1680.2,qkv.lora_B,0
1768388174.7358305,1373,42.9375,0.24432052671909332,Grad/qkv.lora_B,outputs_dev/vitb16/T=vtab_Q=3bit_L=lora_2_qkv-fc1-proj-fc2/cifar/20260114184203_default_acc=53.50/tensorboard/Grad_qkv.lora_B_block_0/events.out.tfevents.1768387346.master-192-168-8-48.1680.2,qkv.lora_B,0
1768388175.1535265,1374,42.96875,0.3318690359592438,Grad/qkv.lora_B,outputs_dev/vitb16/T=vtab_Q=3bit_L=lora_2_qkv-fc1-proj-fc2/cifar/20260114184203_default_acc=53.50/tensorboard/Grad_qkv.lora_B_block_0/events.out.tfevents.1768387346.master-192-168-8-48.1680.2,qkv.lora_B,0
1768388175.3558197,1375,43.0,1.076223611831665,Grad/qkv.lora_B,outputs_dev/vitb16/T=vtab_Q=3bit_L=lora_2_qkv-fc1-proj-fc2/cifar/20260114184203_default_acc=53.50/tensorboard/Grad_qkv.lora_B_block_0/events.out.tfevents.1768387346.master-192-168-8-48.1680.2,qkv.lora_B,0
1768388176.0920794,1376,43.03125,0.1658199429512024,Grad/qkv.lora_B,outputs_dev/vitb16/T=vtab_Q=3bit_L=lora_2_qkv-fc1-proj-fc2/cifar/20260114184203_default_acc=53.50/tensorboard/Grad_qkv.lora_B_block_0/events.out.tfevents.1768387346.master-192-168-8-48.1680.2,qkv.lora_B,0
1768388176.5265396,1377,43.0625,0.311263769865036,Grad/qkv.lora_B,outputs_dev/vitb16/T=vtab_Q=3bit_L=lora_2_qkv-fc1-proj-fc2/cifar/20260114184203_default_acc=53.50/tensorboard/Grad_qkv.lora_B_block_0/events.out.tfevents.1768387346.master-192-168-8-48.1680.2,qkv.lora_B,0
1768388176.9467432,1378,43.09375,0.6062503457069397,Grad/qkv.lora_B,outputs_dev/vitb16/T=vtab_Q=3bit_L=lora_2_qkv-fc1-proj-fc2/cifar/20260114184203_default_acc=53.50/tensorboard/Grad_qkv.lora_B_block_0/events.out.tfevents.1768387346.master-192-168-8-48.1680.2,qkv.lora_B,0
1768388177.365819,1379,43.125,0.5894985198974609,Grad/qkv.lora_B,outputs_dev/vitb16/T=vtab_Q=3bit_L=lora_2_qkv-fc1-proj-fc2/cifar/20260114184203_default_acc=53.50/tensorboard/Grad_qkv.lora_B_block_0/events.out.tfevents.1768387346.master-192-168-8-48.1680.2,qkv.lora_B,0
1768388177.8005018,1380,43.15625,0.17805807292461395,Grad/qkv.lora_B,outputs_dev/vitb16/T=vtab_Q=3bit_L=lora_2_qkv-fc1-proj-fc2/cifar/20260114184203_default_acc=53.50/tensorboard/Grad_qkv.lora_B_block_0/events.out.tfevents.1768387346.master-192-168-8-48.1680.2,qkv.lora_B,0
1768388178.2326002,1381,43.1875,0.2663421034812927,Grad/qkv.lora_B,outputs_dev/vitb16/T=vtab_Q=3bit_L=lora_2_qkv-fc1-proj-fc2/cifar/20260114184203_default_acc=53.50/tensorboard/Grad_qkv.lora_B_block_0/events.out.tfevents.1768387346.master-192-168-8-48.1680.2,qkv.lora_B,0
1768388178.664765,1382,43.21875,0.3525509536266327,Grad/qkv.lora_B,outputs_dev/vitb16/T=vtab_Q=3bit_L=lora_2_qkv-fc1-proj-fc2/cifar/20260114184203_default_acc=53.50/tensorboard/Grad_qkv.lora_B_block_0/events.out.tfevents.1768387346.master-192-168-8-48.1680.2,qkv.lora_B,0
1768388179.0821776,1383,43.25,0.34326472878456116,Grad/qkv.lora_B,outputs_dev/vitb16/T=vtab_Q=3bit_L=lora_2_qkv-fc1-proj-fc2/cifar/20260114184203_default_acc=53.50/tensorboard/Grad_qkv.lora_B_block_0/events.out.tfevents.1768387346.master-192-168-8-48.1680.2,qkv.lora_B,0
1768388179.5025036,1384,43.28125,0.23817121982574463,Grad/qkv.lora_B,outputs_dev/vitb16/T=vtab_Q=3bit_L=lora_2_qkv-fc1-proj-fc2/cifar/20260114184203_default_acc=53.50/tensorboard/Grad_qkv.lora_B_block_0/events.out.tfevents.1768387346.master-192-168-8-48.1680.2,qkv.lora_B,0
1768388179.9234598,1385,43.3125,0.4691702723503113,Grad/qkv.lora_B,outputs_dev/vitb16/T=vtab_Q=3bit_L=lora_2_qkv-fc1-proj-fc2/cifar/20260114184203_default_acc=53.50/tensorboard/Grad_qkv.lora_B_block_0/events.out.tfevents.1768387346.master-192-168-8-48.1680.2,qkv.lora_B,0
1768388180.3568227,1386,43.34375,0.21424292027950287,Grad/qkv.lora_B,outputs_dev/vitb16/T=vtab_Q=3bit_L=lora_2_qkv-fc1-proj-fc2/cifar/20260114184203_default_acc=53.50/tensorboard/Grad_qkv.lora_B_block_0/events.out.tfevents.1768387346.master-192-168-8-48.1680.2,qkv.lora_B,0
1768388180.7709563,1387,43.375,0.19896623492240906,Grad/qkv.lora_B,outputs_dev/vitb16/T=vtab_Q=3bit_L=lora_2_qkv-fc1-proj-fc2/cifar/20260114184203_default_acc=53.50/tensorboard/Grad_qkv.lora_B_block_0/events.out.tfevents.1768387346.master-192-168-8-48.1680.2,qkv.lora_B,0
1768388181.2039056,1388,43.40625,0.16827107965946198,Grad/qkv.lora_B,outputs_dev/vitb16/T=vtab_Q=3bit_L=lora_2_qkv-fc1-proj-fc2/cifar/20260114184203_default_acc=53.50/tensorboard/Grad_qkv.lora_B_block_0/events.out.tfevents.1768387346.master-192-168-8-48.1680.2,qkv.lora_B,0
1768388181.643192,1389,43.4375,0.12870997190475464,Grad/qkv.lora_B,outputs_dev/vitb16/T=vtab_Q=3bit_L=lora_2_qkv-fc1-proj-fc2/cifar/20260114184203_default_acc=53.50/tensorboard/Grad_qkv.lora_B_block_0/events.out.tfevents.1768387346.master-192-168-8-48.1680.2,qkv.lora_B,0
1768388182.0773437,1390,43.46875,0.2721709907054901,Grad/qkv.lora_B,outputs_dev/vitb16/T=vtab_Q=3bit_L=lora_2_qkv-fc1-proj-fc2/cifar/20260114184203_default_acc=53.50/tensorboard/Grad_qkv.lora_B_block_0/events.out.tfevents.1768387346.master-192-168-8-48.1680.2,qkv.lora_B,0
1768388182.4967792,1391,43.5,0.30332398414611816,Grad/qkv.lora_B,outputs_dev/vitb16/T=vtab_Q=3bit_L=lora_2_qkv-fc1-proj-fc2/cifar/20260114184203_default_acc=53.50/tensorboard/Grad_qkv.lora_B_block_0/events.out.tfevents.1768387346.master-192-168-8-48.1680.2,qkv.lora_B,0
1768388182.9154985,1392,43.53125,0.4847598075866699,Grad/qkv.lora_B,outputs_dev/vitb16/T=vtab_Q=3bit_L=lora_2_qkv-fc1-proj-fc2/cifar/20260114184203_default_acc=53.50/tensorboard/Grad_qkv.lora_B_block_0/events.out.tfevents.1768387346.master-192-168-8-48.1680.2,qkv.lora_B,0
1768388183.3377056,1393,43.5625,0.26315784454345703,Grad/qkv.lora_B,outputs_dev/vitb16/T=vtab_Q=3bit_L=lora_2_qkv-fc1-proj-fc2/cifar/20260114184203_default_acc=53.50/tensorboard/Grad_qkv.lora_B_block_0/events.out.tfevents.1768387346.master-192-168-8-48.1680.2,qkv.lora_B,0
1768388183.7718139,1394,43.59375,0.15594135224819183,Grad/qkv.lora_B,outputs_dev/vitb16/T=vtab_Q=3bit_L=lora_2_qkv-fc1-proj-fc2/cifar/20260114184203_default_acc=53.50/tensorboard/Grad_qkv.lora_B_block_0/events.out.tfevents.1768387346.master-192-168-8-48.1680.2,qkv.lora_B,0
1768388184.2033608,1395,43.625,0.17101453244686127,Grad/qkv.lora_B,outputs_dev/vitb16/T=vtab_Q=3bit_L=lora_2_qkv-fc1-proj-fc2/cifar/20260114184203_default_acc=53.50/tensorboard/Grad_qkv.lora_B_block_0/events.out.tfevents.1768387346.master-192-168-8-48.1680.2,qkv.lora_B,0
1768388184.6227872,1396,43.65625,0.18827714025974274,Grad/qkv.lora_B,outputs_dev/vitb16/T=vtab_Q=3bit_L=lora_2_qkv-fc1-proj-fc2/cifar/20260114184203_default_acc=53.50/tensorboard/Grad_qkv.lora_B_block_0/events.out.tfevents.1768387346.master-192-168-8-48.1680.2,qkv.lora_B,0
1768388185.0443456,1397,43.6875,0.2495000660419464,Grad/qkv.lora_B,outputs_dev/vitb16/T=vtab_Q=3bit_L=lora_2_qkv-fc1-proj-fc2/cifar/20260114184203_default_acc=53.50/tensorboard/Grad_qkv.lora_B_block_0/events.out.tfevents.1768387346.master-192-168-8-48.1680.2,qkv.lora_B,0
1768388185.475528,1398,43.71875,0.16498900949954987,Grad/qkv.lora_B,outputs_dev/vitb16/T=vtab_Q=3bit_L=lora_2_qkv-fc1-proj-fc2/cifar/20260114184203_default_acc=53.50/tensorboard/Grad_qkv.lora_B_block_0/events.out.tfevents.1768387346.master-192-168-8-48.1680.2,qkv.lora_B,0
1768388185.8962653,1399,43.75,0.7087072730064392,Grad/qkv.lora_B,outputs_dev/vitb16/T=vtab_Q=3bit_L=lora_2_qkv-fc1-proj-fc2/cifar/20260114184203_default_acc=53.50/tensorboard/Grad_qkv.lora_B_block_0/events.out.tfevents.1768387346.master-192-168-8-48.1680.2,qkv.lora_B,0
1768388186.3172605,1400,43.78125,0.26492419838905334,Grad/qkv.lora_B,outputs_dev/vitb16/T=vtab_Q=3bit_L=lora_2_qkv-fc1-proj-fc2/cifar/20260114184203_default_acc=53.50/tensorboard/Grad_qkv.lora_B_block_0/events.out.tfevents.1768387346.master-192-168-8-48.1680.2,qkv.lora_B,0
1768388186.758989,1401,43.8125,0.18508608639240265,Grad/qkv.lora_B,outputs_dev/vitb16/T=vtab_Q=3bit_L=lora_2_qkv-fc1-proj-fc2/cifar/20260114184203_default_acc=53.50/tensorboard/Grad_qkv.lora_B_block_0/events.out.tfevents.1768387346.master-192-168-8-48.1680.2,qkv.lora_B,0
1768388187.1763706,1402,43.84375,0.3851443827152252,Grad/qkv.lora_B,outputs_dev/vitb16/T=vtab_Q=3bit_L=lora_2_qkv-fc1-proj-fc2/cifar/20260114184203_default_acc=53.50/tensorboard/Grad_qkv.lora_B_block_0/events.out.tfevents.1768387346.master-192-168-8-48.1680.2,qkv.lora_B,0
1768388187.6113973,1403,43.875,0.11602498590946198,Grad/qkv.lora_B,outputs_dev/vitb16/T=vtab_Q=3bit_L=lora_2_qkv-fc1-proj-fc2/cifar/20260114184203_default_acc=53.50/tensorboard/Grad_qkv.lora_B_block_0/events.out.tfevents.1768387346.master-192-168-8-48.1680.2,qkv.lora_B,0
1768388188.0434155,1404,43.90625,0.18349583446979523,Grad/qkv.lora_B,outputs_dev/vitb16/T=vtab_Q=3bit_L=lora_2_qkv-fc1-proj-fc2/cifar/20260114184203_default_acc=53.50/tensorboard/Grad_qkv.lora_B_block_0/events.out.tfevents.1768387346.master-192-168-8-48.1680.2,qkv.lora_B,0
1768388188.4757104,1405,43.9375,0.2925732135772705,Grad/qkv.lora_B,outputs_dev/vitb16/T=vtab_Q=3bit_L=lora_2_qkv-fc1-proj-fc2/cifar/20260114184203_default_acc=53.50/tensorboard/Grad_qkv.lora_B_block_0/events.out.tfevents.1768387346.master-192-168-8-48.1680.2,qkv.lora_B,0
1768388188.894,1406,43.96875,0.30829355120658875,Grad/qkv.lora_B,outputs_dev/vitb16/T=vtab_Q=3bit_L=lora_2_qkv-fc1-proj-fc2/cifar/20260114184203_default_acc=53.50/tensorboard/Grad_qkv.lora_B_block_0/events.out.tfevents.1768387346.master-192-168-8-48.1680.2,qkv.lora_B,0
1768388189.099745,1407,44.0,0.23257486522197723,Grad/qkv.lora_B,outputs_dev/vitb16/T=vtab_Q=3bit_L=lora_2_qkv-fc1-proj-fc2/cifar/20260114184203_default_acc=53.50/tensorboard/Grad_qkv.lora_B_block_0/events.out.tfevents.1768387346.master-192-168-8-48.1680.2,qkv.lora_B,0
1768388189.8933666,1408,44.03125,0.27835333347320557,Grad/qkv.lora_B,outputs_dev/vitb16/T=vtab_Q=3bit_L=lora_2_qkv-fc1-proj-fc2/cifar/20260114184203_default_acc=53.50/tensorboard/Grad_qkv.lora_B_block_0/events.out.tfevents.1768387346.master-192-168-8-48.1680.2,qkv.lora_B,0
1768388190.3305628,1409,44.0625,0.148795023560524,Grad/qkv.lora_B,outputs_dev/vitb16/T=vtab_Q=3bit_L=lora_2_qkv-fc1-proj-fc2/cifar/20260114184203_default_acc=53.50/tensorboard/Grad_qkv.lora_B_block_0/events.out.tfevents.1768387346.master-192-168-8-48.1680.2,qkv.lora_B,0
1768388190.7703476,1410,44.09375,0.15829777717590332,Grad/qkv.lora_B,outputs_dev/vitb16/T=vtab_Q=3bit_L=lora_2_qkv-fc1-proj-fc2/cifar/20260114184203_default_acc=53.50/tensorboard/Grad_qkv.lora_B_block_0/events.out.tfevents.1768387346.master-192-168-8-48.1680.2,qkv.lora_B,0
1768388191.2281933,1411,44.125,0.17932887375354767,Grad/qkv.lora_B,outputs_dev/vitb16/T=vtab_Q=3bit_L=lora_2_qkv-fc1-proj-fc2/cifar/20260114184203_default_acc=53.50/tensorboard/Grad_qkv.lora_B_block_0/events.out.tfevents.1768387346.master-192-168-8-48.1680.2,qkv.lora_B,0
1768388191.6647449,1412,44.15625,0.18585258722305298,Grad/qkv.lora_B,outputs_dev/vitb16/T=vtab_Q=3bit_L=lora_2_qkv-fc1-proj-fc2/cifar/20260114184203_default_acc=53.50/tensorboard/Grad_qkv.lora_B_block_0/events.out.tfevents.1768387346.master-192-168-8-48.1680.2,qkv.lora_B,0
1768388192.0808225,1413,44.1875,0.2981114387512207,Grad/qkv.lora_B,outputs_dev/vitb16/T=vtab_Q=3bit_L=lora_2_qkv-fc1-proj-fc2/cifar/20260114184203_default_acc=53.50/tensorboard/Grad_qkv.lora_B_block_0/events.out.tfevents.1768387346.master-192-168-8-48.1680.2,qkv.lora_B,0
1768388192.5083532,1414,44.21875,0.10559581965208054,Grad/qkv.lora_B,outputs_dev/vitb16/T=vtab_Q=3bit_L=lora_2_qkv-fc1-proj-fc2/cifar/20260114184203_default_acc=53.50/tensorboard/Grad_qkv.lora_B_block_0/events.out.tfevents.1768387346.master-192-168-8-48.1680.2,qkv.lora_B,0
1768388192.9311168,1415,44.25,0.10400886833667755,Grad/qkv.lora_B,outputs_dev/vitb16/T=vtab_Q=3bit_L=lora_2_qkv-fc1-proj-fc2/cifar/20260114184203_default_acc=53.50/tensorboard/Grad_qkv.lora_B_block_0/events.out.tfevents.1768387346.master-192-168-8-48.1680.2,qkv.lora_B,0
1768388193.3541234,1416,44.28125,0.13914336264133453,Grad/qkv.lora_B,outputs_dev/vitb16/T=vtab_Q=3bit_L=lora_2_qkv-fc1-proj-fc2/cifar/20260114184203_default_acc=53.50/tensorboard/Grad_qkv.lora_B_block_0/events.out.tfevents.1768387346.master-192-168-8-48.1680.2,qkv.lora_B,0
1768388193.7767045,1417,44.3125,0.16713881492614746,Grad/qkv.lora_B,outputs_dev/vitb16/T=vtab_Q=3bit_L=lora_2_qkv-fc1-proj-fc2/cifar/20260114184203_default_acc=53.50/tensorboard/Grad_qkv.lora_B_block_0/events.out.tfevents.1768387346.master-192-168-8-48.1680.2,qkv.lora_B,0
1768388194.1842341,1418,44.34375,0.55058354139328,Grad/qkv.lora_B,outputs_dev/vitb16/T=vtab_Q=3bit_L=lora_2_qkv-fc1-proj-fc2/cifar/20260114184203_default_acc=53.50/tensorboard/Grad_qkv.lora_B_block_0/events.out.tfevents.1768387346.master-192-168-8-48.1680.2,qkv.lora_B,0
1768388194.6066675,1419,44.375,0.24613575637340546,Grad/qkv.lora_B,outputs_dev/vitb16/T=vtab_Q=3bit_L=lora_2_qkv-fc1-proj-fc2/cifar/20260114184203_default_acc=53.50/tensorboard/Grad_qkv.lora_B_block_0/events.out.tfevents.1768387346.master-192-168-8-48.1680.2,qkv.lora_B,0
1768388195.0289197,1420,44.40625,0.3421752452850342,Grad/qkv.lora_B,outputs_dev/vitb16/T=vtab_Q=3bit_L=lora_2_qkv-fc1-proj-fc2/cifar/20260114184203_default_acc=53.50/tensorboard/Grad_qkv.lora_B_block_0/events.out.tfevents.1768387346.master-192-168-8-48.1680.2,qkv.lora_B,0
1768388195.4620478,1421,44.4375,0.14498291909694672,Grad/qkv.lora_B,outputs_dev/vitb16/T=vtab_Q=3bit_L=lora_2_qkv-fc1-proj-fc2/cifar/20260114184203_default_acc=53.50/tensorboard/Grad_qkv.lora_B_block_0/events.out.tfevents.1768387346.master-192-168-8-48.1680.2,qkv.lora_B,0
1768388195.883493,1422,44.46875,0.14941386878490448,Grad/qkv.lora_B,outputs_dev/vitb16/T=vtab_Q=3bit_L=lora_2_qkv-fc1-proj-fc2/cifar/20260114184203_default_acc=53.50/tensorboard/Grad_qkv.lora_B_block_0/events.out.tfevents.1768387346.master-192-168-8-48.1680.2,qkv.lora_B,0
1768388196.3236256,1423,44.5,0.7156527042388916,Grad/qkv.lora_B,outputs_dev/vitb16/T=vtab_Q=3bit_L=lora_2_qkv-fc1-proj-fc2/cifar/20260114184203_default_acc=53.50/tensorboard/Grad_qkv.lora_B_block_0/events.out.tfevents.1768387346.master-192-168-8-48.1680.2,qkv.lora_B,0
1768388196.7615063,1424,44.53125,0.4135279953479767,Grad/qkv.lora_B,outputs_dev/vitb16/T=vtab_Q=3bit_L=lora_2_qkv-fc1-proj-fc2/cifar/20260114184203_default_acc=53.50/tensorboard/Grad_qkv.lora_B_block_0/events.out.tfevents.1768387346.master-192-168-8-48.1680.2,qkv.lora_B,0
1768388197.1968882,1425,44.5625,0.27696576714515686,Grad/qkv.lora_B,outputs_dev/vitb16/T=vtab_Q=3bit_L=lora_2_qkv-fc1-proj-fc2/cifar/20260114184203_default_acc=53.50/tensorboard/Grad_qkv.lora_B_block_0/events.out.tfevents.1768387346.master-192-168-8-48.1680.2,qkv.lora_B,0
1768388197.6156325,1426,44.59375,0.24058593809604645,Grad/qkv.lora_B,outputs_dev/vitb16/T=vtab_Q=3bit_L=lora_2_qkv-fc1-proj-fc2/cifar/20260114184203_default_acc=53.50/tensorboard/Grad_qkv.lora_B_block_0/events.out.tfevents.1768387346.master-192-168-8-48.1680.2,qkv.lora_B,0
1768388198.0401,1427,44.625,0.21651987731456757,Grad/qkv.lora_B,outputs_dev/vitb16/T=vtab_Q=3bit_L=lora_2_qkv-fc1-proj-fc2/cifar/20260114184203_default_acc=53.50/tensorboard/Grad_qkv.lora_B_block_0/events.out.tfevents.1768387346.master-192-168-8-48.1680.2,qkv.lora_B,0
1768388198.4462626,1428,44.65625,0.1066514104604721,Grad/qkv.lora_B,outputs_dev/vitb16/T=vtab_Q=3bit_L=lora_2_qkv-fc1-proj-fc2/cifar/20260114184203_default_acc=53.50/tensorboard/Grad_qkv.lora_B_block_0/events.out.tfevents.1768387346.master-192-168-8-48.1680.2,qkv.lora_B,0
1768388198.882659,1429,44.6875,0.25578922033309937,Grad/qkv.lora_B,outputs_dev/vitb16/T=vtab_Q=3bit_L=lora_2_qkv-fc1-proj-fc2/cifar/20260114184203_default_acc=53.50/tensorboard/Grad_qkv.lora_B_block_0/events.out.tfevents.1768387346.master-192-168-8-48.1680.2,qkv.lora_B,0
1768388199.3038914,1430,44.71875,0.2545136511325836,Grad/qkv.lora_B,outputs_dev/vitb16/T=vtab_Q=3bit_L=lora_2_qkv-fc1-proj-fc2/cifar/20260114184203_default_acc=53.50/tensorboard/Grad_qkv.lora_B_block_0/events.out.tfevents.1768387346.master-192-168-8-48.1680.2,qkv.lora_B,0
1768388199.7233355,1431,44.75,0.42346030473709106,Grad/qkv.lora_B,outputs_dev/vitb16/T=vtab_Q=3bit_L=lora_2_qkv-fc1-proj-fc2/cifar/20260114184203_default_acc=53.50/tensorboard/Grad_qkv.lora_B_block_0/events.out.tfevents.1768387346.master-192-168-8-48.1680.2,qkv.lora_B,0
1768388200.1446097,1432,44.78125,0.42729684710502625,Grad/qkv.lora_B,outputs_dev/vitb16/T=vtab_Q=3bit_L=lora_2_qkv-fc1-proj-fc2/cifar/20260114184203_default_acc=53.50/tensorboard/Grad_qkv.lora_B_block_0/events.out.tfevents.1768387346.master-192-168-8-48.1680.2,qkv.lora_B,0
1768388200.564866,1433,44.8125,0.6180595755577087,Grad/qkv.lora_B,outputs_dev/vitb16/T=vtab_Q=3bit_L=lora_2_qkv-fc1-proj-fc2/cifar/20260114184203_default_acc=53.50/tensorboard/Grad_qkv.lora_B_block_0/events.out.tfevents.1768387346.master-192-168-8-48.1680.2,qkv.lora_B,0
1768388200.9755828,1434,44.84375,0.16740871965885162,Grad/qkv.lora_B,outputs_dev/vitb16/T=vtab_Q=3bit_L=lora_2_qkv-fc1-proj-fc2/cifar/20260114184203_default_acc=53.50/tensorboard/Grad_qkv.lora_B_block_0/events.out.tfevents.1768387346.master-192-168-8-48.1680.2,qkv.lora_B,0
1768388201.3959675,1435,44.875,0.1962028294801712,Grad/qkv.lora_B,outputs_dev/vitb16/T=vtab_Q=3bit_L=lora_2_qkv-fc1-proj-fc2/cifar/20260114184203_default_acc=53.50/tensorboard/Grad_qkv.lora_B_block_0/events.out.tfevents.1768387346.master-192-168-8-48.1680.2,qkv.lora_B,0
1768388201.8159547,1436,44.90625,0.4813655912876129,Grad/qkv.lora_B,outputs_dev/vitb16/T=vtab_Q=3bit_L=lora_2_qkv-fc1-proj-fc2/cifar/20260114184203_default_acc=53.50/tensorboard/Grad_qkv.lora_B_block_0/events.out.tfevents.1768387346.master-192-168-8-48.1680.2,qkv.lora_B,0
1768388202.24698,1437,44.9375,0.08031915873289108,Grad/qkv.lora_B,outputs_dev/vitb16/T=vtab_Q=3bit_L=lora_2_qkv-fc1-proj-fc2/cifar/20260114184203_default_acc=53.50/tensorboard/Grad_qkv.lora_B_block_0/events.out.tfevents.1768387346.master-192-168-8-48.1680.2,qkv.lora_B,0
1768388202.6653106,1438,44.96875,0.30278152227401733,Grad/qkv.lora_B,outputs_dev/vitb16/T=vtab_Q=3bit_L=lora_2_qkv-fc1-proj-fc2/cifar/20260114184203_default_acc=53.50/tensorboard/Grad_qkv.lora_B_block_0/events.out.tfevents.1768387346.master-192-168-8-48.1680.2,qkv.lora_B,0
1768388202.9070377,1439,45.0,0.44831886887550354,Grad/qkv.lora_B,outputs_dev/vitb16/T=vtab_Q=3bit_L=lora_2_qkv-fc1-proj-fc2/cifar/20260114184203_default_acc=53.50/tensorboard/Grad_qkv.lora_B_block_0/events.out.tfevents.1768387346.master-192-168-8-48.1680.2,qkv.lora_B,0
1768388203.60357,1440,45.03125,0.1970321238040924,Grad/qkv.lora_B,outputs_dev/vitb16/T=vtab_Q=3bit_L=lora_2_qkv-fc1-proj-fc2/cifar/20260114184203_default_acc=53.50/tensorboard/Grad_qkv.lora_B_block_0/events.out.tfevents.1768387346.master-192-168-8-48.1680.2,qkv.lora_B,0
1768388204.0434887,1441,45.0625,0.1759515106678009,Grad/qkv.lora_B,outputs_dev/vitb16/T=vtab_Q=3bit_L=lora_2_qkv-fc1-proj-fc2/cifar/20260114184203_default_acc=53.50/tensorboard/Grad_qkv.lora_B_block_0/events.out.tfevents.1768387346.master-192-168-8-48.1680.2,qkv.lora_B,0
1768388204.4962604,1442,45.09375,0.308279424905777,Grad/qkv.lora_B,outputs_dev/vitb16/T=vtab_Q=3bit_L=lora_2_qkv-fc1-proj-fc2/cifar/20260114184203_default_acc=53.50/tensorboard/Grad_qkv.lora_B_block_0/events.out.tfevents.1768387346.master-192-168-8-48.1680.2,qkv.lora_B,0
1768388204.940706,1443,45.125,0.09603802114725113,Grad/qkv.lora_B,outputs_dev/vitb16/T=vtab_Q=3bit_L=lora_2_qkv-fc1-proj-fc2/cifar/20260114184203_default_acc=53.50/tensorboard/Grad_qkv.lora_B_block_0/events.out.tfevents.1768387346.master-192-168-8-48.1680.2,qkv.lora_B,0
1768388205.3662283,1444,45.15625,0.15854503214359283,Grad/qkv.lora_B,outputs_dev/vitb16/T=vtab_Q=3bit_L=lora_2_qkv-fc1-proj-fc2/cifar/20260114184203_default_acc=53.50/tensorboard/Grad_qkv.lora_B_block_0/events.out.tfevents.1768387346.master-192-168-8-48.1680.2,qkv.lora_B,0
1768388205.7885323,1445,45.1875,0.1543004810810089,Grad/qkv.lora_B,outputs_dev/vitb16/T=vtab_Q=3bit_L=lora_2_qkv-fc1-proj-fc2/cifar/20260114184203_default_acc=53.50/tensorboard/Grad_qkv.lora_B_block_0/events.out.tfevents.1768387346.master-192-168-8-48.1680.2,qkv.lora_B,0
1768388206.22025,1446,45.21875,0.17898395657539368,Grad/qkv.lora_B,outputs_dev/vitb16/T=vtab_Q=3bit_L=lora_2_qkv-fc1-proj-fc2/cifar/20260114184203_default_acc=53.50/tensorboard/Grad_qkv.lora_B_block_0/events.out.tfevents.1768387346.master-192-168-8-48.1680.2,qkv.lora_B,0
1768388206.658127,1447,45.25,0.09380098432302475,Grad/qkv.lora_B,outputs_dev/vitb16/T=vtab_Q=3bit_L=lora_2_qkv-fc1-proj-fc2/cifar/20260114184203_default_acc=53.50/tensorboard/Grad_qkv.lora_B_block_0/events.out.tfevents.1768387346.master-192-168-8-48.1680.2,qkv.lora_B,0
1768388207.0799773,1448,45.28125,0.3652953803539276,Grad/qkv.lora_B,outputs_dev/vitb16/T=vtab_Q=3bit_L=lora_2_qkv-fc1-proj-fc2/cifar/20260114184203_default_acc=53.50/tensorboard/Grad_qkv.lora_B_block_0/events.out.tfevents.1768387346.master-192-168-8-48.1680.2,qkv.lora_B,0
1768388207.5025911,1449,45.3125,0.5222036242485046,Grad/qkv.lora_B,outputs_dev/vitb16/T=vtab_Q=3bit_L=lora_2_qkv-fc1-proj-fc2/cifar/20260114184203_default_acc=53.50/tensorboard/Grad_qkv.lora_B_block_0/events.out.tfevents.1768387346.master-192-168-8-48.1680.2,qkv.lora_B,0
1768388207.9235606,1450,45.34375,0.44010186195373535,Grad/qkv.lora_B,outputs_dev/vitb16/T=vtab_Q=3bit_L=lora_2_qkv-fc1-proj-fc2/cifar/20260114184203_default_acc=53.50/tensorboard/Grad_qkv.lora_B_block_0/events.out.tfevents.1768387346.master-192-168-8-48.1680.2,qkv.lora_B,0
1768388208.3558714,1451,45.375,0.25814712047576904,Grad/qkv.lora_B,outputs_dev/vitb16/T=vtab_Q=3bit_L=lora_2_qkv-fc1-proj-fc2/cifar/20260114184203_default_acc=53.50/tensorboard/Grad_qkv.lora_B_block_0/events.out.tfevents.1768387346.master-192-168-8-48.1680.2,qkv.lora_B,0
1768388208.789765,1452,45.40625,0.21734458208084106,Grad/qkv.lora_B,outputs_dev/vitb16/T=vtab_Q=3bit_L=lora_2_qkv-fc1-proj-fc2/cifar/20260114184203_default_acc=53.50/tensorboard/Grad_qkv.lora_B_block_0/events.out.tfevents.1768387346.master-192-168-8-48.1680.2,qkv.lora_B,0
1768388209.2137766,1453,45.4375,0.43433693051338196,Grad/qkv.lora_B,outputs_dev/vitb16/T=vtab_Q=3bit_L=lora_2_qkv-fc1-proj-fc2/cifar/20260114184203_default_acc=53.50/tensorboard/Grad_qkv.lora_B_block_0/events.out.tfevents.1768387346.master-192-168-8-48.1680.2,qkv.lora_B,0
1768388209.6455884,1454,45.46875,0.1835910677909851,Grad/qkv.lora_B,outputs_dev/vitb16/T=vtab_Q=3bit_L=lora_2_qkv-fc1-proj-fc2/cifar/20260114184203_default_acc=53.50/tensorboard/Grad_qkv.lora_B_block_0/events.out.tfevents.1768387346.master-192-168-8-48.1680.2,qkv.lora_B,0
1768388210.0811229,1455,45.5,0.41200166940689087,Grad/qkv.lora_B,outputs_dev/vitb16/T=vtab_Q=3bit_L=lora_2_qkv-fc1-proj-fc2/cifar/20260114184203_default_acc=53.50/tensorboard/Grad_qkv.lora_B_block_0/events.out.tfevents.1768387346.master-192-168-8-48.1680.2,qkv.lora_B,0
1768388210.525186,1456,45.53125,0.24136269092559814,Grad/qkv.lora_B,outputs_dev/vitb16/T=vtab_Q=3bit_L=lora_2_qkv-fc1-proj-fc2/cifar/20260114184203_default_acc=53.50/tensorboard/Grad_qkv.lora_B_block_0/events.out.tfevents.1768387346.master-192-168-8-48.1680.2,qkv.lora_B,0
1768388210.956041,1457,45.5625,0.11920839548110962,Grad/qkv.lora_B,outputs_dev/vitb16/T=vtab_Q=3bit_L=lora_2_qkv-fc1-proj-fc2/cifar/20260114184203_default_acc=53.50/tensorboard/Grad_qkv.lora_B_block_0/events.out.tfevents.1768387346.master-192-168-8-48.1680.2,qkv.lora_B,0
1768388211.4004378,1458,45.59375,0.26765531301498413,Grad/qkv.lora_B,outputs_dev/vitb16/T=vtab_Q=3bit_L=lora_2_qkv-fc1-proj-fc2/cifar/20260114184203_default_acc=53.50/tensorboard/Grad_qkv.lora_B_block_0/events.out.tfevents.1768387346.master-192-168-8-48.1680.2,qkv.lora_B,0
1768388211.8214583,1459,45.625,0.583915650844574,Grad/qkv.lora_B,outputs_dev/vitb16/T=vtab_Q=3bit_L=lora_2_qkv-fc1-proj-fc2/cifar/20260114184203_default_acc=53.50/tensorboard/Grad_qkv.lora_B_block_0/events.out.tfevents.1768387346.master-192-168-8-48.1680.2,qkv.lora_B,0
1768388212.261498,1460,45.65625,0.3292255401611328,Grad/qkv.lora_B,outputs_dev/vitb16/T=vtab_Q=3bit_L=lora_2_qkv-fc1-proj-fc2/cifar/20260114184203_default_acc=53.50/tensorboard/Grad_qkv.lora_B_block_0/events.out.tfevents.1768387346.master-192-168-8-48.1680.2,qkv.lora_B,0
1768388212.6893456,1461,45.6875,0.2234032154083252,Grad/qkv.lora_B,outputs_dev/vitb16/T=vtab_Q=3bit_L=lora_2_qkv-fc1-proj-fc2/cifar/20260114184203_default_acc=53.50/tensorboard/Grad_qkv.lora_B_block_0/events.out.tfevents.1768387346.master-192-168-8-48.1680.2,qkv.lora_B,0
1768388213.12353,1462,45.71875,0.2851684093475342,Grad/qkv.lora_B,outputs_dev/vitb16/T=vtab_Q=3bit_L=lora_2_qkv-fc1-proj-fc2/cifar/20260114184203_default_acc=53.50/tensorboard/Grad_qkv.lora_B_block_0/events.out.tfevents.1768387346.master-192-168-8-48.1680.2,qkv.lora_B,0
1768388213.5350127,1463,45.75,0.16691483557224274,Grad/qkv.lora_B,outputs_dev/vitb16/T=vtab_Q=3bit_L=lora_2_qkv-fc1-proj-fc2/cifar/20260114184203_default_acc=53.50/tensorboard/Grad_qkv.lora_B_block_0/events.out.tfevents.1768387346.master-192-168-8-48.1680.2,qkv.lora_B,0
1768388213.957422,1464,45.78125,0.44973450899124146,Grad/qkv.lora_B,outputs_dev/vitb16/T=vtab_Q=3bit_L=lora_2_qkv-fc1-proj-fc2/cifar/20260114184203_default_acc=53.50/tensorboard/Grad_qkv.lora_B_block_0/events.out.tfevents.1768387346.master-192-168-8-48.1680.2,qkv.lora_B,0
1768388214.3804362,1465,45.8125,0.078338623046875,Grad/qkv.lora_B,outputs_dev/vitb16/T=vtab_Q=3bit_L=lora_2_qkv-fc1-proj-fc2/cifar/20260114184203_default_acc=53.50/tensorboard/Grad_qkv.lora_B_block_0/events.out.tfevents.1768387346.master-192-168-8-48.1680.2,qkv.lora_B,0
1768388214.8018477,1466,45.84375,0.13919705152511597,Grad/qkv.lora_B,outputs_dev/vitb16/T=vtab_Q=3bit_L=lora_2_qkv-fc1-proj-fc2/cifar/20260114184203_default_acc=53.50/tensorboard/Grad_qkv.lora_B_block_0/events.out.tfevents.1768387346.master-192-168-8-48.1680.2,qkv.lora_B,0
1768388215.2229307,1467,45.875,0.3688918650150299,Grad/qkv.lora_B,outputs_dev/vitb16/T=vtab_Q=3bit_L=lora_2_qkv-fc1-proj-fc2/cifar/20260114184203_default_acc=53.50/tensorboard/Grad_qkv.lora_B_block_0/events.out.tfevents.1768387346.master-192-168-8-48.1680.2,qkv.lora_B,0
1768388215.6451623,1468,45.90625,0.22624734044075012,Grad/qkv.lora_B,outputs_dev/vitb16/T=vtab_Q=3bit_L=lora_2_qkv-fc1-proj-fc2/cifar/20260114184203_default_acc=53.50/tensorboard/Grad_qkv.lora_B_block_0/events.out.tfevents.1768387346.master-192-168-8-48.1680.2,qkv.lora_B,0
1768388216.0664473,1469,45.9375,0.4410381615161896,Grad/qkv.lora_B,outputs_dev/vitb16/T=vtab_Q=3bit_L=lora_2_qkv-fc1-proj-fc2/cifar/20260114184203_default_acc=53.50/tensorboard/Grad_qkv.lora_B_block_0/events.out.tfevents.1768387346.master-192-168-8-48.1680.2,qkv.lora_B,0
1768388216.4871354,1470,45.96875,0.3099502921104431,Grad/qkv.lora_B,outputs_dev/vitb16/T=vtab_Q=3bit_L=lora_2_qkv-fc1-proj-fc2/cifar/20260114184203_default_acc=53.50/tensorboard/Grad_qkv.lora_B_block_0/events.out.tfevents.1768387346.master-192-168-8-48.1680.2,qkv.lora_B,0
1768388216.696432,1471,46.0,0.1016315445303917,Grad/qkv.lora_B,outputs_dev/vitb16/T=vtab_Q=3bit_L=lora_2_qkv-fc1-proj-fc2/cifar/20260114184203_default_acc=53.50/tensorboard/Grad_qkv.lora_B_block_0/events.out.tfevents.1768387346.master-192-168-8-48.1680.2,qkv.lora_B,0
1768388217.3736534,1472,46.03125,0.1931380182504654,Grad/qkv.lora_B,outputs_dev/vitb16/T=vtab_Q=3bit_L=lora_2_qkv-fc1-proj-fc2/cifar/20260114184203_default_acc=53.50/tensorboard/Grad_qkv.lora_B_block_0/events.out.tfevents.1768387346.master-192-168-8-48.1680.2,qkv.lora_B,0
1768388217.8040888,1473,46.0625,0.33520856499671936,Grad/qkv.lora_B,outputs_dev/vitb16/T=vtab_Q=3bit_L=lora_2_qkv-fc1-proj-fc2/cifar/20260114184203_default_acc=53.50/tensorboard/Grad_qkv.lora_B_block_0/events.out.tfevents.1768387346.master-192-168-8-48.1680.2,qkv.lora_B,0
1768388218.2331145,1474,46.09375,0.34521666169166565,Grad/qkv.lora_B,outputs_dev/vitb16/T=vtab_Q=3bit_L=lora_2_qkv-fc1-proj-fc2/cifar/20260114184203_default_acc=53.50/tensorboard/Grad_qkv.lora_B_block_0/events.out.tfevents.1768387346.master-192-168-8-48.1680.2,qkv.lora_B,0
1768388218.664275,1475,46.125,0.225223109126091,Grad/qkv.lora_B,outputs_dev/vitb16/T=vtab_Q=3bit_L=lora_2_qkv-fc1-proj-fc2/cifar/20260114184203_default_acc=53.50/tensorboard/Grad_qkv.lora_B_block_0/events.out.tfevents.1768387346.master-192-168-8-48.1680.2,qkv.lora_B,0
1768388219.0941117,1476,46.15625,0.2828492522239685,Grad/qkv.lora_B,outputs_dev/vitb16/T=vtab_Q=3bit_L=lora_2_qkv-fc1-proj-fc2/cifar/20260114184203_default_acc=53.50/tensorboard/Grad_qkv.lora_B_block_0/events.out.tfevents.1768387346.master-192-168-8-48.1680.2,qkv.lora_B,0
1768388219.5401309,1477,46.1875,0.22074146568775177,Grad/qkv.lora_B,outputs_dev/vitb16/T=vtab_Q=3bit_L=lora_2_qkv-fc1-proj-fc2/cifar/20260114184203_default_acc=53.50/tensorboard/Grad_qkv.lora_B_block_0/events.out.tfevents.1768387346.master-192-168-8-48.1680.2,qkv.lora_B,0
1768388219.980044,1478,46.21875,0.11775535345077515,Grad/qkv.lora_B,outputs_dev/vitb16/T=vtab_Q=3bit_L=lora_2_qkv-fc1-proj-fc2/cifar/20260114184203_default_acc=53.50/tensorboard/Grad_qkv.lora_B_block_0/events.out.tfevents.1768387346.master-192-168-8-48.1680.2,qkv.lora_B,0
1768388220.394324,1479,46.25,0.6992653608322144,Grad/qkv.lora_B,outputs_dev/vitb16/T=vtab_Q=3bit_L=lora_2_qkv-fc1-proj-fc2/cifar/20260114184203_default_acc=53.50/tensorboard/Grad_qkv.lora_B_block_0/events.out.tfevents.1768387346.master-192-168-8-48.1680.2,qkv.lora_B,0
1768388220.8205788,1480,46.28125,0.11084163188934326,Grad/qkv.lora_B,outputs_dev/vitb16/T=vtab_Q=3bit_L=lora_2_qkv-fc1-proj-fc2/cifar/20260114184203_default_acc=53.50/tensorboard/Grad_qkv.lora_B_block_0/events.out.tfevents.1768387346.master-192-168-8-48.1680.2,qkv.lora_B,0
1768388221.2598686,1481,46.3125,0.2747023105621338,Grad/qkv.lora_B,outputs_dev/vitb16/T=vtab_Q=3bit_L=lora_2_qkv-fc1-proj-fc2/cifar/20260114184203_default_acc=53.50/tensorboard/Grad_qkv.lora_B_block_0/events.out.tfevents.1768387346.master-192-168-8-48.1680.2,qkv.lora_B,0
1768388221.699165,1482,46.34375,0.10761543363332748,Grad/qkv.lora_B,outputs_dev/vitb16/T=vtab_Q=3bit_L=lora_2_qkv-fc1-proj-fc2/cifar/20260114184203_default_acc=53.50/tensorboard/Grad_qkv.lora_B_block_0/events.out.tfevents.1768387346.master-192-168-8-48.1680.2,qkv.lora_B,0
1768388222.1416636,1483,46.375,0.13410572707653046,Grad/qkv.lora_B,outputs_dev/vitb16/T=vtab_Q=3bit_L=lora_2_qkv-fc1-proj-fc2/cifar/20260114184203_default_acc=53.50/tensorboard/Grad_qkv.lora_B_block_0/events.out.tfevents.1768387346.master-192-168-8-48.1680.2,qkv.lora_B,0
1768388222.5906987,1484,46.40625,0.237877756357193,Grad/qkv.lora_B,outputs_dev/vitb16/T=vtab_Q=3bit_L=lora_2_qkv-fc1-proj-fc2/cifar/20260114184203_default_acc=53.50/tensorboard/Grad_qkv.lora_B_block_0/events.out.tfevents.1768387346.master-192-168-8-48.1680.2,qkv.lora_B,0
1768388223.028466,1485,46.4375,0.20085014402866364,Grad/qkv.lora_B,outputs_dev/vitb16/T=vtab_Q=3bit_L=lora_2_qkv-fc1-proj-fc2/cifar/20260114184203_default_acc=53.50/tensorboard/Grad_qkv.lora_B_block_0/events.out.tfevents.1768387346.master-192-168-8-48.1680.2,qkv.lora_B,0
1768388223.4543676,1486,46.46875,0.18469762802124023,Grad/qkv.lora_B,outputs_dev/vitb16/T=vtab_Q=3bit_L=lora_2_qkv-fc1-proj-fc2/cifar/20260114184203_default_acc=53.50/tensorboard/Grad_qkv.lora_B_block_0/events.out.tfevents.1768387346.master-192-168-8-48.1680.2,qkv.lora_B,0
1768388223.8890545,1487,46.5,0.3515707552433014,Grad/qkv.lora_B,outputs_dev/vitb16/T=vtab_Q=3bit_L=lora_2_qkv-fc1-proj-fc2/cifar/20260114184203_default_acc=53.50/tensorboard/Grad_qkv.lora_B_block_0/events.out.tfevents.1768387346.master-192-168-8-48.1680.2,qkv.lora_B,0
1768388224.324589,1488,46.53125,0.2091446965932846,Grad/qkv.lora_B,outputs_dev/vitb16/T=vtab_Q=3bit_L=lora_2_qkv-fc1-proj-fc2/cifar/20260114184203_default_acc=53.50/tensorboard/Grad_qkv.lora_B_block_0/events.out.tfevents.1768387346.master-192-168-8-48.1680.2,qkv.lora_B,0
1768388224.7573323,1489,46.5625,0.20930373668670654,Grad/qkv.lora_B,outputs_dev/vitb16/T=vtab_Q=3bit_L=lora_2_qkv-fc1-proj-fc2/cifar/20260114184203_default_acc=53.50/tensorboard/Grad_qkv.lora_B_block_0/events.out.tfevents.1768387346.master-192-168-8-48.1680.2,qkv.lora_B,0
1768388225.19235,1490,46.59375,0.22381770610809326,Grad/qkv.lora_B,outputs_dev/vitb16/T=vtab_Q=3bit_L=lora_2_qkv-fc1-proj-fc2/cifar/20260114184203_default_acc=53.50/tensorboard/Grad_qkv.lora_B_block_0/events.out.tfevents.1768387346.master-192-168-8-48.1680.2,qkv.lora_B,0
1768388225.6291625,1491,46.625,0.10075508803129196,Grad/qkv.lora_B,outputs_dev/vitb16/T=vtab_Q=3bit_L=lora_2_qkv-fc1-proj-fc2/cifar/20260114184203_default_acc=53.50/tensorboard/Grad_qkv.lora_B_block_0/events.out.tfevents.1768387346.master-192-168-8-48.1680.2,qkv.lora_B,0
1768388226.0642893,1492,46.65625,0.11613969504833221,Grad/qkv.lora_B,outputs_dev/vitb16/T=vtab_Q=3bit_L=lora_2_qkv-fc1-proj-fc2/cifar/20260114184203_default_acc=53.50/tensorboard/Grad_qkv.lora_B_block_0/events.out.tfevents.1768387346.master-192-168-8-48.1680.2,qkv.lora_B,0
1768388226.502809,1493,46.6875,0.2755553424358368,Grad/qkv.lora_B,outputs_dev/vitb16/T=vtab_Q=3bit_L=lora_2_qkv-fc1-proj-fc2/cifar/20260114184203_default_acc=53.50/tensorboard/Grad_qkv.lora_B_block_0/events.out.tfevents.1768387346.master-192-168-8-48.1680.2,qkv.lora_B,0
1768388226.92373,1494,46.71875,0.280146986246109,Grad/qkv.lora_B,outputs_dev/vitb16/T=vtab_Q=3bit_L=lora_2_qkv-fc1-proj-fc2/cifar/20260114184203_default_acc=53.50/tensorboard/Grad_qkv.lora_B_block_0/events.out.tfevents.1768387346.master-192-168-8-48.1680.2,qkv.lora_B,0
1768388227.35981,1495,46.75,0.33684611320495605,Grad/qkv.lora_B,outputs_dev/vitb16/T=vtab_Q=3bit_L=lora_2_qkv-fc1-proj-fc2/cifar/20260114184203_default_acc=53.50/tensorboard/Grad_qkv.lora_B_block_0/events.out.tfevents.1768387346.master-192-168-8-48.1680.2,qkv.lora_B,0
1768388227.793182,1496,46.78125,0.19422711431980133,Grad/qkv.lora_B,outputs_dev/vitb16/T=vtab_Q=3bit_L=lora_2_qkv-fc1-proj-fc2/cifar/20260114184203_default_acc=53.50/tensorboard/Grad_qkv.lora_B_block_0/events.out.tfevents.1768387346.master-192-168-8-48.1680.2,qkv.lora_B,0
1768388228.2266345,1497,46.8125,0.09768685698509216,Grad/qkv.lora_B,outputs_dev/vitb16/T=vtab_Q=3bit_L=lora_2_qkv-fc1-proj-fc2/cifar/20260114184203_default_acc=53.50/tensorboard/Grad_qkv.lora_B_block_0/events.out.tfevents.1768387346.master-192-168-8-48.1680.2,qkv.lora_B,0
1768388228.6609433,1498,46.84375,0.2070349007844925,Grad/qkv.lora_B,outputs_dev/vitb16/T=vtab_Q=3bit_L=lora_2_qkv-fc1-proj-fc2/cifar/20260114184203_default_acc=53.50/tensorboard/Grad_qkv.lora_B_block_0/events.out.tfevents.1768387346.master-192-168-8-48.1680.2,qkv.lora_B,0
1768388229.0833008,1499,46.875,0.6004693508148193,Grad/qkv.lora_B,outputs_dev/vitb16/T=vtab_Q=3bit_L=lora_2_qkv-fc1-proj-fc2/cifar/20260114184203_default_acc=53.50/tensorboard/Grad_qkv.lora_B_block_0/events.out.tfevents.1768387346.master-192-168-8-48.1680.2,qkv.lora_B,0
1768388229.52186,1500,46.90625,0.07972197234630585,Grad/qkv.lora_B,outputs_dev/vitb16/T=vtab_Q=3bit_L=lora_2_qkv-fc1-proj-fc2/cifar/20260114184203_default_acc=53.50/tensorboard/Grad_qkv.lora_B_block_0/events.out.tfevents.1768387346.master-192-168-8-48.1680.2,qkv.lora_B,0
1768388229.9689574,1501,46.9375,0.16567204892635345,Grad/qkv.lora_B,outputs_dev/vitb16/T=vtab_Q=3bit_L=lora_2_qkv-fc1-proj-fc2/cifar/20260114184203_default_acc=53.50/tensorboard/Grad_qkv.lora_B_block_0/events.out.tfevents.1768387346.master-192-168-8-48.1680.2,qkv.lora_B,0
1768388230.4121346,1502,46.96875,0.4891471862792969,Grad/qkv.lora_B,outputs_dev/vitb16/T=vtab_Q=3bit_L=lora_2_qkv-fc1-proj-fc2/cifar/20260114184203_default_acc=53.50/tensorboard/Grad_qkv.lora_B_block_0/events.out.tfevents.1768387346.master-192-168-8-48.1680.2,qkv.lora_B,0
1768388230.6361384,1503,47.0,0.2486530989408493,Grad/qkv.lora_B,outputs_dev/vitb16/T=vtab_Q=3bit_L=lora_2_qkv-fc1-proj-fc2/cifar/20260114184203_default_acc=53.50/tensorboard/Grad_qkv.lora_B_block_0/events.out.tfevents.1768387346.master-192-168-8-48.1680.2,qkv.lora_B,0
1768388231.3390248,1504,47.03125,0.725082516670227,Grad/qkv.lora_B,outputs_dev/vitb16/T=vtab_Q=3bit_L=lora_2_qkv-fc1-proj-fc2/cifar/20260114184203_default_acc=53.50/tensorboard/Grad_qkv.lora_B_block_0/events.out.tfevents.1768387346.master-192-168-8-48.1680.2,qkv.lora_B,0
1768388231.770087,1505,47.0625,0.12500402331352234,Grad/qkv.lora_B,outputs_dev/vitb16/T=vtab_Q=3bit_L=lora_2_qkv-fc1-proj-fc2/cifar/20260114184203_default_acc=53.50/tensorboard/Grad_qkv.lora_B_block_0/events.out.tfevents.1768387346.master-192-168-8-48.1680.2,qkv.lora_B,0
1768388232.2020617,1506,47.09375,0.2774045467376709,Grad/qkv.lora_B,outputs_dev/vitb16/T=vtab_Q=3bit_L=lora_2_qkv-fc1-proj-fc2/cifar/20260114184203_default_acc=53.50/tensorboard/Grad_qkv.lora_B_block_0/events.out.tfevents.1768387346.master-192-168-8-48.1680.2,qkv.lora_B,0
1768388232.613893,1507,47.125,0.1317642480134964,Grad/qkv.lora_B,outputs_dev/vitb16/T=vtab_Q=3bit_L=lora_2_qkv-fc1-proj-fc2/cifar/20260114184203_default_acc=53.50/tensorboard/Grad_qkv.lora_B_block_0/events.out.tfevents.1768387346.master-192-168-8-48.1680.2,qkv.lora_B,0
1768388233.0399425,1508,47.15625,0.1751445233821869,Grad/qkv.lora_B,outputs_dev/vitb16/T=vtab_Q=3bit_L=lora_2_qkv-fc1-proj-fc2/cifar/20260114184203_default_acc=53.50/tensorboard/Grad_qkv.lora_B_block_0/events.out.tfevents.1768387346.master-192-168-8-48.1680.2,qkv.lora_B,0
1768388233.4664648,1509,47.1875,0.19033335149288177,Grad/qkv.lora_B,outputs_dev/vitb16/T=vtab_Q=3bit_L=lora_2_qkv-fc1-proj-fc2/cifar/20260114184203_default_acc=53.50/tensorboard/Grad_qkv.lora_B_block_0/events.out.tfevents.1768387346.master-192-168-8-48.1680.2,qkv.lora_B,0
1768388233.8947434,1510,47.21875,0.3302648067474365,Grad/qkv.lora_B,outputs_dev/vitb16/T=vtab_Q=3bit_L=lora_2_qkv-fc1-proj-fc2/cifar/20260114184203_default_acc=53.50/tensorboard/Grad_qkv.lora_B_block_0/events.out.tfevents.1768387346.master-192-168-8-48.1680.2,qkv.lora_B,0
1768388234.3228817,1511,47.25,0.22429658472537994,Grad/qkv.lora_B,outputs_dev/vitb16/T=vtab_Q=3bit_L=lora_2_qkv-fc1-proj-fc2/cifar/20260114184203_default_acc=53.50/tensorboard/Grad_qkv.lora_B_block_0/events.out.tfevents.1768387346.master-192-168-8-48.1680.2,qkv.lora_B,0
1768388234.7625554,1512,47.28125,0.3645550608634949,Grad/qkv.lora_B,outputs_dev/vitb16/T=vtab_Q=3bit_L=lora_2_qkv-fc1-proj-fc2/cifar/20260114184203_default_acc=53.50/tensorboard/Grad_qkv.lora_B_block_0/events.out.tfevents.1768387346.master-192-168-8-48.1680.2,qkv.lora_B,0
1768388235.1909847,1513,47.3125,0.36239326000213623,Grad/qkv.lora_B,outputs_dev/vitb16/T=vtab_Q=3bit_L=lora_2_qkv-fc1-proj-fc2/cifar/20260114184203_default_acc=53.50/tensorboard/Grad_qkv.lora_B_block_0/events.out.tfevents.1768387346.master-192-168-8-48.1680.2,qkv.lora_B,0
1768388235.6204593,1514,47.34375,0.311642050743103,Grad/qkv.lora_B,outputs_dev/vitb16/T=vtab_Q=3bit_L=lora_2_qkv-fc1-proj-fc2/cifar/20260114184203_default_acc=53.50/tensorboard/Grad_qkv.lora_B_block_0/events.out.tfevents.1768387346.master-192-168-8-48.1680.2,qkv.lora_B,0
1768388236.0659242,1515,47.375,0.1104137971997261,Grad/qkv.lora_B,outputs_dev/vitb16/T=vtab_Q=3bit_L=lora_2_qkv-fc1-proj-fc2/cifar/20260114184203_default_acc=53.50/tensorboard/Grad_qkv.lora_B_block_0/events.out.tfevents.1768387346.master-192-168-8-48.1680.2,qkv.lora_B,0
1768388236.493761,1516,47.40625,0.07654698938131332,Grad/qkv.lora_B,outputs_dev/vitb16/T=vtab_Q=3bit_L=lora_2_qkv-fc1-proj-fc2/cifar/20260114184203_default_acc=53.50/tensorboard/Grad_qkv.lora_B_block_0/events.out.tfevents.1768387346.master-192-168-8-48.1680.2,qkv.lora_B,0
1768388236.9274797,1517,47.4375,0.26250335574150085,Grad/qkv.lora_B,outputs_dev/vitb16/T=vtab_Q=3bit_L=lora_2_qkv-fc1-proj-fc2/cifar/20260114184203_default_acc=53.50/tensorboard/Grad_qkv.lora_B_block_0/events.out.tfevents.1768387346.master-192-168-8-48.1680.2,qkv.lora_B,0
1768388237.3671987,1518,47.46875,0.28551000356674194,Grad/qkv.lora_B,outputs_dev/vitb16/T=vtab_Q=3bit_L=lora_2_qkv-fc1-proj-fc2/cifar/20260114184203_default_acc=53.50/tensorboard/Grad_qkv.lora_B_block_0/events.out.tfevents.1768387346.master-192-168-8-48.1680.2,qkv.lora_B,0
1768388237.8003807,1519,47.5,0.11035004258155823,Grad/qkv.lora_B,outputs_dev/vitb16/T=vtab_Q=3bit_L=lora_2_qkv-fc1-proj-fc2/cifar/20260114184203_default_acc=53.50/tensorboard/Grad_qkv.lora_B_block_0/events.out.tfevents.1768387346.master-192-168-8-48.1680.2,qkv.lora_B,0
1768388238.2218378,1520,47.53125,0.2210734337568283,Grad/qkv.lora_B,outputs_dev/vitb16/T=vtab_Q=3bit_L=lora_2_qkv-fc1-proj-fc2/cifar/20260114184203_default_acc=53.50/tensorboard/Grad_qkv.lora_B_block_0/events.out.tfevents.1768387346.master-192-168-8-48.1680.2,qkv.lora_B,0
1768388238.645542,1521,47.5625,0.1631665974855423,Grad/qkv.lora_B,outputs_dev/vitb16/T=vtab_Q=3bit_L=lora_2_qkv-fc1-proj-fc2/cifar/20260114184203_default_acc=53.50/tensorboard/Grad_qkv.lora_B_block_0/events.out.tfevents.1768387346.master-192-168-8-48.1680.2,qkv.lora_B,0
1768388239.0700297,1522,47.59375,0.25073227286338806,Grad/qkv.lora_B,outputs_dev/vitb16/T=vtab_Q=3bit_L=lora_2_qkv-fc1-proj-fc2/cifar/20260114184203_default_acc=53.50/tensorboard/Grad_qkv.lora_B_block_0/events.out.tfevents.1768387346.master-192-168-8-48.1680.2,qkv.lora_B,0
1768388239.4938872,1523,47.625,0.14684972167015076,Grad/qkv.lora_B,outputs_dev/vitb16/T=vtab_Q=3bit_L=lora_2_qkv-fc1-proj-fc2/cifar/20260114184203_default_acc=53.50/tensorboard/Grad_qkv.lora_B_block_0/events.out.tfevents.1768387346.master-192-168-8-48.1680.2,qkv.lora_B,0
1768388239.915883,1524,47.65625,0.37498703598976135,Grad/qkv.lora_B,outputs_dev/vitb16/T=vtab_Q=3bit_L=lora_2_qkv-fc1-proj-fc2/cifar/20260114184203_default_acc=53.50/tensorboard/Grad_qkv.lora_B_block_0/events.out.tfevents.1768387346.master-192-168-8-48.1680.2,qkv.lora_B,0
1768388240.3409255,1525,47.6875,0.2894061505794525,Grad/qkv.lora_B,outputs_dev/vitb16/T=vtab_Q=3bit_L=lora_2_qkv-fc1-proj-fc2/cifar/20260114184203_default_acc=53.50/tensorboard/Grad_qkv.lora_B_block_0/events.out.tfevents.1768387346.master-192-168-8-48.1680.2,qkv.lora_B,0
1768388240.7641437,1526,47.71875,0.17951810359954834,Grad/qkv.lora_B,outputs_dev/vitb16/T=vtab_Q=3bit_L=lora_2_qkv-fc1-proj-fc2/cifar/20260114184203_default_acc=53.50/tensorboard/Grad_qkv.lora_B_block_0/events.out.tfevents.1768387346.master-192-168-8-48.1680.2,qkv.lora_B,0
1768388241.1859348,1527,47.75,0.2291032373905182,Grad/qkv.lora_B,outputs_dev/vitb16/T=vtab_Q=3bit_L=lora_2_qkv-fc1-proj-fc2/cifar/20260114184203_default_acc=53.50/tensorboard/Grad_qkv.lora_B_block_0/events.out.tfevents.1768387346.master-192-168-8-48.1680.2,qkv.lora_B,0
1768388241.607729,1528,47.78125,0.26067817211151123,Grad/qkv.lora_B,outputs_dev/vitb16/T=vtab_Q=3bit_L=lora_2_qkv-fc1-proj-fc2/cifar/20260114184203_default_acc=53.50/tensorboard/Grad_qkv.lora_B_block_0/events.out.tfevents.1768387346.master-192-168-8-48.1680.2,qkv.lora_B,0
1768388242.040568,1529,47.8125,0.7297137975692749,Grad/qkv.lora_B,outputs_dev/vitb16/T=vtab_Q=3bit_L=lora_2_qkv-fc1-proj-fc2/cifar/20260114184203_default_acc=53.50/tensorboard/Grad_qkv.lora_B_block_0/events.out.tfevents.1768387346.master-192-168-8-48.1680.2,qkv.lora_B,0
1768388242.469836,1530,47.84375,0.19238902628421783,Grad/qkv.lora_B,outputs_dev/vitb16/T=vtab_Q=3bit_L=lora_2_qkv-fc1-proj-fc2/cifar/20260114184203_default_acc=53.50/tensorboard/Grad_qkv.lora_B_block_0/events.out.tfevents.1768387346.master-192-168-8-48.1680.2,qkv.lora_B,0
1768388242.895643,1531,47.875,0.08390697836875916,Grad/qkv.lora_B,outputs_dev/vitb16/T=vtab_Q=3bit_L=lora_2_qkv-fc1-proj-fc2/cifar/20260114184203_default_acc=53.50/tensorboard/Grad_qkv.lora_B_block_0/events.out.tfevents.1768387346.master-192-168-8-48.1680.2,qkv.lora_B,0
1768388243.31958,1532,47.90625,0.13385342061519623,Grad/qkv.lora_B,outputs_dev/vitb16/T=vtab_Q=3bit_L=lora_2_qkv-fc1-proj-fc2/cifar/20260114184203_default_acc=53.50/tensorboard/Grad_qkv.lora_B_block_0/events.out.tfevents.1768387346.master-192-168-8-48.1680.2,qkv.lora_B,0
1768388243.7522197,1533,47.9375,0.09446553885936737,Grad/qkv.lora_B,outputs_dev/vitb16/T=vtab_Q=3bit_L=lora_2_qkv-fc1-proj-fc2/cifar/20260114184203_default_acc=53.50/tensorboard/Grad_qkv.lora_B_block_0/events.out.tfevents.1768387346.master-192-168-8-48.1680.2,qkv.lora_B,0
1768388244.258382,1534,47.96875,0.35760125517845154,Grad/qkv.lora_B,outputs_dev/vitb16/T=vtab_Q=3bit_L=lora_2_qkv-fc1-proj-fc2/cifar/20260114184203_default_acc=53.50/tensorboard/Grad_qkv.lora_B_block_0/events.out.tfevents.1768387346.master-192-168-8-48.1680.2,qkv.lora_B,0
1768388244.4637425,1535,48.0,0.2559468448162079,Grad/qkv.lora_B,outputs_dev/vitb16/T=vtab_Q=3bit_L=lora_2_qkv-fc1-proj-fc2/cifar/20260114184203_default_acc=53.50/tensorboard/Grad_qkv.lora_B_block_0/events.out.tfevents.1768387346.master-192-168-8-48.1680.2,qkv.lora_B,0
1768388245.1252553,1536,48.03125,0.29304003715515137,Grad/qkv.lora_B,outputs_dev/vitb16/T=vtab_Q=3bit_L=lora_2_qkv-fc1-proj-fc2/cifar/20260114184203_default_acc=53.50/tensorboard/Grad_qkv.lora_B_block_0/events.out.tfevents.1768387346.master-192-168-8-48.1680.2,qkv.lora_B,0
1768388245.555398,1537,48.0625,0.24768409132957458,Grad/qkv.lora_B,outputs_dev/vitb16/T=vtab_Q=3bit_L=lora_2_qkv-fc1-proj-fc2/cifar/20260114184203_default_acc=53.50/tensorboard/Grad_qkv.lora_B_block_0/events.out.tfevents.1768387346.master-192-168-8-48.1680.2,qkv.lora_B,0
1768388245.9861891,1538,48.09375,0.5171728730201721,Grad/qkv.lora_B,outputs_dev/vitb16/T=vtab_Q=3bit_L=lora_2_qkv-fc1-proj-fc2/cifar/20260114184203_default_acc=53.50/tensorboard/Grad_qkv.lora_B_block_0/events.out.tfevents.1768387346.master-192-168-8-48.1680.2,qkv.lora_B,0
1768388246.424212,1539,48.125,0.18005186319351196,Grad/qkv.lora_B,outputs_dev/vitb16/T=vtab_Q=3bit_L=lora_2_qkv-fc1-proj-fc2/cifar/20260114184203_default_acc=53.50/tensorboard/Grad_qkv.lora_B_block_0/events.out.tfevents.1768387346.master-192-168-8-48.1680.2,qkv.lora_B,0
1768388246.8498013,1540,48.15625,0.24834410846233368,Grad/qkv.lora_B,outputs_dev/vitb16/T=vtab_Q=3bit_L=lora_2_qkv-fc1-proj-fc2/cifar/20260114184203_default_acc=53.50/tensorboard/Grad_qkv.lora_B_block_0/events.out.tfevents.1768387346.master-192-168-8-48.1680.2,qkv.lora_B,0
1768388247.2914355,1541,48.1875,0.22743254899978638,Grad/qkv.lora_B,outputs_dev/vitb16/T=vtab_Q=3bit_L=lora_2_qkv-fc1-proj-fc2/cifar/20260114184203_default_acc=53.50/tensorboard/Grad_qkv.lora_B_block_0/events.out.tfevents.1768387346.master-192-168-8-48.1680.2,qkv.lora_B,0
1768388247.7149744,1542,48.21875,0.1159277930855751,Grad/qkv.lora_B,outputs_dev/vitb16/T=vtab_Q=3bit_L=lora_2_qkv-fc1-proj-fc2/cifar/20260114184203_default_acc=53.50/tensorboard/Grad_qkv.lora_B_block_0/events.out.tfevents.1768387346.master-192-168-8-48.1680.2,qkv.lora_B,0
1768388248.1285145,1543,48.25,0.22452688217163086,Grad/qkv.lora_B,outputs_dev/vitb16/T=vtab_Q=3bit_L=lora_2_qkv-fc1-proj-fc2/cifar/20260114184203_default_acc=53.50/tensorboard/Grad_qkv.lora_B_block_0/events.out.tfevents.1768387346.master-192-168-8-48.1680.2,qkv.lora_B,0
1768388248.5698366,1544,48.28125,0.09972117096185684,Grad/qkv.lora_B,outputs_dev/vitb16/T=vtab_Q=3bit_L=lora_2_qkv-fc1-proj-fc2/cifar/20260114184203_default_acc=53.50/tensorboard/Grad_qkv.lora_B_block_0/events.out.tfevents.1768387346.master-192-168-8-48.1680.2,qkv.lora_B,0
1768388249.006108,1545,48.3125,0.5202330946922302,Grad/qkv.lora_B,outputs_dev/vitb16/T=vtab_Q=3bit_L=lora_2_qkv-fc1-proj-fc2/cifar/20260114184203_default_acc=53.50/tensorboard/Grad_qkv.lora_B_block_0/events.out.tfevents.1768387346.master-192-168-8-48.1680.2,qkv.lora_B,0
1768388249.4418094,1546,48.34375,0.22772017121315002,Grad/qkv.lora_B,outputs_dev/vitb16/T=vtab_Q=3bit_L=lora_2_qkv-fc1-proj-fc2/cifar/20260114184203_default_acc=53.50/tensorboard/Grad_qkv.lora_B_block_0/events.out.tfevents.1768387346.master-192-168-8-48.1680.2,qkv.lora_B,0
1768388249.8758278,1547,48.375,0.13415993750095367,Grad/qkv.lora_B,outputs_dev/vitb16/T=vtab_Q=3bit_L=lora_2_qkv-fc1-proj-fc2/cifar/20260114184203_default_acc=53.50/tensorboard/Grad_qkv.lora_B_block_0/events.out.tfevents.1768387346.master-192-168-8-48.1680.2,qkv.lora_B,0
1768388250.298659,1548,48.40625,0.3528902232646942,Grad/qkv.lora_B,outputs_dev/vitb16/T=vtab_Q=3bit_L=lora_2_qkv-fc1-proj-fc2/cifar/20260114184203_default_acc=53.50/tensorboard/Grad_qkv.lora_B_block_0/events.out.tfevents.1768387346.master-192-168-8-48.1680.2,qkv.lora_B,0
1768388250.7215216,1549,48.4375,0.1547642946243286,Grad/qkv.lora_B,outputs_dev/vitb16/T=vtab_Q=3bit_L=lora_2_qkv-fc1-proj-fc2/cifar/20260114184203_default_acc=53.50/tensorboard/Grad_qkv.lora_B_block_0/events.out.tfevents.1768387346.master-192-168-8-48.1680.2,qkv.lora_B,0
1768388251.1470025,1550,48.46875,0.13479645550251007,Grad/qkv.lora_B,outputs_dev/vitb16/T=vtab_Q=3bit_L=lora_2_qkv-fc1-proj-fc2/cifar/20260114184203_default_acc=53.50/tensorboard/Grad_qkv.lora_B_block_0/events.out.tfevents.1768387346.master-192-168-8-48.1680.2,qkv.lora_B,0
1768388251.5692625,1551,48.5,0.20839449763298035,Grad/qkv.lora_B,outputs_dev/vitb16/T=vtab_Q=3bit_L=lora_2_qkv-fc1-proj-fc2/cifar/20260114184203_default_acc=53.50/tensorboard/Grad_qkv.lora_B_block_0/events.out.tfevents.1768387346.master-192-168-8-48.1680.2,qkv.lora_B,0
1768388251.9913898,1552,48.53125,0.18612580001354218,Grad/qkv.lora_B,outputs_dev/vitb16/T=vtab_Q=3bit_L=lora_2_qkv-fc1-proj-fc2/cifar/20260114184203_default_acc=53.50/tensorboard/Grad_qkv.lora_B_block_0/events.out.tfevents.1768387346.master-192-168-8-48.1680.2,qkv.lora_B,0
1768388252.424893,1553,48.5625,0.3177979588508606,Grad/qkv.lora_B,outputs_dev/vitb16/T=vtab_Q=3bit_L=lora_2_qkv-fc1-proj-fc2/cifar/20260114184203_default_acc=53.50/tensorboard/Grad_qkv.lora_B_block_0/events.out.tfevents.1768387346.master-192-168-8-48.1680.2,qkv.lora_B,0
1768388252.8599427,1554,48.59375,0.2350689172744751,Grad/qkv.lora_B,outputs_dev/vitb16/T=vtab_Q=3bit_L=lora_2_qkv-fc1-proj-fc2/cifar/20260114184203_default_acc=53.50/tensorboard/Grad_qkv.lora_B_block_0/events.out.tfevents.1768387346.master-192-168-8-48.1680.2,qkv.lora_B,0
1768388253.2932127,1555,48.625,0.1753844916820526,Grad/qkv.lora_B,outputs_dev/vitb16/T=vtab_Q=3bit_L=lora_2_qkv-fc1-proj-fc2/cifar/20260114184203_default_acc=53.50/tensorboard/Grad_qkv.lora_B_block_0/events.out.tfevents.1768387346.master-192-168-8-48.1680.2,qkv.lora_B,0
1768388253.7220137,1556,48.65625,0.22910916805267334,Grad/qkv.lora_B,outputs_dev/vitb16/T=vtab_Q=3bit_L=lora_2_qkv-fc1-proj-fc2/cifar/20260114184203_default_acc=53.50/tensorboard/Grad_qkv.lora_B_block_0/events.out.tfevents.1768387346.master-192-168-8-48.1680.2,qkv.lora_B,0
1768388254.144233,1557,48.6875,0.17895181477069855,Grad/qkv.lora_B,outputs_dev/vitb16/T=vtab_Q=3bit_L=lora_2_qkv-fc1-proj-fc2/cifar/20260114184203_default_acc=53.50/tensorboard/Grad_qkv.lora_B_block_0/events.out.tfevents.1768387346.master-192-168-8-48.1680.2,qkv.lora_B,0
1768388254.5735238,1558,48.71875,0.4063423275947571,Grad/qkv.lora_B,outputs_dev/vitb16/T=vtab_Q=3bit_L=lora_2_qkv-fc1-proj-fc2/cifar/20260114184203_default_acc=53.50/tensorboard/Grad_qkv.lora_B_block_0/events.out.tfevents.1768387346.master-192-168-8-48.1680.2,qkv.lora_B,0
1768388255.011232,1559,48.75,0.4630011320114136,Grad/qkv.lora_B,outputs_dev/vitb16/T=vtab_Q=3bit_L=lora_2_qkv-fc1-proj-fc2/cifar/20260114184203_default_acc=53.50/tensorboard/Grad_qkv.lora_B_block_0/events.out.tfevents.1768387346.master-192-168-8-48.1680.2,qkv.lora_B,0
1768388255.4490678,1560,48.78125,0.15514539182186127,Grad/qkv.lora_B,outputs_dev/vitb16/T=vtab_Q=3bit_L=lora_2_qkv-fc1-proj-fc2/cifar/20260114184203_default_acc=53.50/tensorboard/Grad_qkv.lora_B_block_0/events.out.tfevents.1768387346.master-192-168-8-48.1680.2,qkv.lora_B,0
1768388255.8778179,1561,48.8125,0.11669427156448364,Grad/qkv.lora_B,outputs_dev/vitb16/T=vtab_Q=3bit_L=lora_2_qkv-fc1-proj-fc2/cifar/20260114184203_default_acc=53.50/tensorboard/Grad_qkv.lora_B_block_0/events.out.tfevents.1768387346.master-192-168-8-48.1680.2,qkv.lora_B,0
1768388256.3112035,1562,48.84375,0.16762693226337433,Grad/qkv.lora_B,outputs_dev/vitb16/T=vtab_Q=3bit_L=lora_2_qkv-fc1-proj-fc2/cifar/20260114184203_default_acc=53.50/tensorboard/Grad_qkv.lora_B_block_0/events.out.tfevents.1768387346.master-192-168-8-48.1680.2,qkv.lora_B,0
1768388256.750454,1563,48.875,0.09296753257513046,Grad/qkv.lora_B,outputs_dev/vitb16/T=vtab_Q=3bit_L=lora_2_qkv-fc1-proj-fc2/cifar/20260114184203_default_acc=53.50/tensorboard/Grad_qkv.lora_B_block_0/events.out.tfevents.1768387346.master-192-168-8-48.1680.2,qkv.lora_B,0
1768388257.174788,1564,48.90625,0.2081725150346756,Grad/qkv.lora_B,outputs_dev/vitb16/T=vtab_Q=3bit_L=lora_2_qkv-fc1-proj-fc2/cifar/20260114184203_default_acc=53.50/tensorboard/Grad_qkv.lora_B_block_0/events.out.tfevents.1768387346.master-192-168-8-48.1680.2,qkv.lora_B,0
1768388257.5964677,1565,48.9375,0.23161977529525757,Grad/qkv.lora_B,outputs_dev/vitb16/T=vtab_Q=3bit_L=lora_2_qkv-fc1-proj-fc2/cifar/20260114184203_default_acc=53.50/tensorboard/Grad_qkv.lora_B_block_0/events.out.tfevents.1768387346.master-192-168-8-48.1680.2,qkv.lora_B,0
1768388258.0183122,1566,48.96875,0.3764284551143646,Grad/qkv.lora_B,outputs_dev/vitb16/T=vtab_Q=3bit_L=lora_2_qkv-fc1-proj-fc2/cifar/20260114184203_default_acc=53.50/tensorboard/Grad_qkv.lora_B_block_0/events.out.tfevents.1768387346.master-192-168-8-48.1680.2,qkv.lora_B,0
1768388258.2126987,1567,49.0,0.236196368932724,Grad/qkv.lora_B,outputs_dev/vitb16/T=vtab_Q=3bit_L=lora_2_qkv-fc1-proj-fc2/cifar/20260114184203_default_acc=53.50/tensorboard/Grad_qkv.lora_B_block_0/events.out.tfevents.1768387346.master-192-168-8-48.1680.2,qkv.lora_B,0
1768388258.8648098,1568,49.03125,0.11137522757053375,Grad/qkv.lora_B,outputs_dev/vitb16/T=vtab_Q=3bit_L=lora_2_qkv-fc1-proj-fc2/cifar/20260114184203_default_acc=53.50/tensorboard/Grad_qkv.lora_B_block_0/events.out.tfevents.1768387346.master-192-168-8-48.1680.2,qkv.lora_B,0
1768388259.3268073,1569,49.0625,0.1329450011253357,Grad/qkv.lora_B,outputs_dev/vitb16/T=vtab_Q=3bit_L=lora_2_qkv-fc1-proj-fc2/cifar/20260114184203_default_acc=53.50/tensorboard/Grad_qkv.lora_B_block_0/events.out.tfevents.1768387346.master-192-168-8-48.1680.2,qkv.lora_B,0
1768388259.7536116,1570,49.09375,0.1453014761209488,Grad/qkv.lora_B,outputs_dev/vitb16/T=vtab_Q=3bit_L=lora_2_qkv-fc1-proj-fc2/cifar/20260114184203_default_acc=53.50/tensorboard/Grad_qkv.lora_B_block_0/events.out.tfevents.1768387346.master-192-168-8-48.1680.2,qkv.lora_B,0
1768388260.1749854,1571,49.125,0.12652115523815155,Grad/qkv.lora_B,outputs_dev/vitb16/T=vtab_Q=3bit_L=lora_2_qkv-fc1-proj-fc2/cifar/20260114184203_default_acc=53.50/tensorboard/Grad_qkv.lora_B_block_0/events.out.tfevents.1768387346.master-192-168-8-48.1680.2,qkv.lora_B,0
1768388260.597398,1572,49.15625,0.48674869537353516,Grad/qkv.lora_B,outputs_dev/vitb16/T=vtab_Q=3bit_L=lora_2_qkv-fc1-proj-fc2/cifar/20260114184203_default_acc=53.50/tensorboard/Grad_qkv.lora_B_block_0/events.out.tfevents.1768387346.master-192-168-8-48.1680.2,qkv.lora_B,0
1768388261.0059254,1573,49.1875,0.3301149606704712,Grad/qkv.lora_B,outputs_dev/vitb16/T=vtab_Q=3bit_L=lora_2_qkv-fc1-proj-fc2/cifar/20260114184203_default_acc=53.50/tensorboard/Grad_qkv.lora_B_block_0/events.out.tfevents.1768387346.master-192-168-8-48.1680.2,qkv.lora_B,0
1768388261.428917,1574,49.21875,0.0835779532790184,Grad/qkv.lora_B,outputs_dev/vitb16/T=vtab_Q=3bit_L=lora_2_qkv-fc1-proj-fc2/cifar/20260114184203_default_acc=53.50/tensorboard/Grad_qkv.lora_B_block_0/events.out.tfevents.1768387346.master-192-168-8-48.1680.2,qkv.lora_B,0
1768388261.8513863,1575,49.25,0.19438664615154266,Grad/qkv.lora_B,outputs_dev/vitb16/T=vtab_Q=3bit_L=lora_2_qkv-fc1-proj-fc2/cifar/20260114184203_default_acc=53.50/tensorboard/Grad_qkv.lora_B_block_0/events.out.tfevents.1768387346.master-192-168-8-48.1680.2,qkv.lora_B,0
1768388262.274096,1576,49.28125,0.15888066589832306,Grad/qkv.lora_B,outputs_dev/vitb16/T=vtab_Q=3bit_L=lora_2_qkv-fc1-proj-fc2/cifar/20260114184203_default_acc=53.50/tensorboard/Grad_qkv.lora_B_block_0/events.out.tfevents.1768387346.master-192-168-8-48.1680.2,qkv.lora_B,0
1768388262.696512,1577,49.3125,0.07972951233386993,Grad/qkv.lora_B,outputs_dev/vitb16/T=vtab_Q=3bit_L=lora_2_qkv-fc1-proj-fc2/cifar/20260114184203_default_acc=53.50/tensorboard/Grad_qkv.lora_B_block_0/events.out.tfevents.1768387346.master-192-168-8-48.1680.2,qkv.lora_B,0
1768388263.118735,1578,49.34375,0.19985325634479523,Grad/qkv.lora_B,outputs_dev/vitb16/T=vtab_Q=3bit_L=lora_2_qkv-fc1-proj-fc2/cifar/20260114184203_default_acc=53.50/tensorboard/Grad_qkv.lora_B_block_0/events.out.tfevents.1768387346.master-192-168-8-48.1680.2,qkv.lora_B,0
1768388263.5433104,1579,49.375,0.0980478823184967,Grad/qkv.lora_B,outputs_dev/vitb16/T=vtab_Q=3bit_L=lora_2_qkv-fc1-proj-fc2/cifar/20260114184203_default_acc=53.50/tensorboard/Grad_qkv.lora_B_block_0/events.out.tfevents.1768387346.master-192-168-8-48.1680.2,qkv.lora_B,0
1768388263.9838946,1580,49.40625,0.061932820826768875,Grad/qkv.lora_B,outputs_dev/vitb16/T=vtab_Q=3bit_L=lora_2_qkv-fc1-proj-fc2/cifar/20260114184203_default_acc=53.50/tensorboard/Grad_qkv.lora_B_block_0/events.out.tfevents.1768387346.master-192-168-8-48.1680.2,qkv.lora_B,0
1768388264.4055579,1581,49.4375,0.13154426217079163,Grad/qkv.lora_B,outputs_dev/vitb16/T=vtab_Q=3bit_L=lora_2_qkv-fc1-proj-fc2/cifar/20260114184203_default_acc=53.50/tensorboard/Grad_qkv.lora_B_block_0/events.out.tfevents.1768387346.master-192-168-8-48.1680.2,qkv.lora_B,0
1768388264.8280563,1582,49.46875,0.12601317465305328,Grad/qkv.lora_B,outputs_dev/vitb16/T=vtab_Q=3bit_L=lora_2_qkv-fc1-proj-fc2/cifar/20260114184203_default_acc=53.50/tensorboard/Grad_qkv.lora_B_block_0/events.out.tfevents.1768387346.master-192-168-8-48.1680.2,qkv.lora_B,0
1768388265.2494373,1583,49.5,0.07832735776901245,Grad/qkv.lora_B,outputs_dev/vitb16/T=vtab_Q=3bit_L=lora_2_qkv-fc1-proj-fc2/cifar/20260114184203_default_acc=53.50/tensorboard/Grad_qkv.lora_B_block_0/events.out.tfevents.1768387346.master-192-168-8-48.1680.2,qkv.lora_B,0
1768388265.6971521,1584,49.53125,0.2261980026960373,Grad/qkv.lora_B,outputs_dev/vitb16/T=vtab_Q=3bit_L=lora_2_qkv-fc1-proj-fc2/cifar/20260114184203_default_acc=53.50/tensorboard/Grad_qkv.lora_B_block_0/events.out.tfevents.1768387346.master-192-168-8-48.1680.2,qkv.lora_B,0
1768388266.1441708,1585,49.5625,0.13908904790878296,Grad/qkv.lora_B,outputs_dev/vitb16/T=vtab_Q=3bit_L=lora_2_qkv-fc1-proj-fc2/cifar/20260114184203_default_acc=53.50/tensorboard/Grad_qkv.lora_B_block_0/events.out.tfevents.1768387346.master-192-168-8-48.1680.2,qkv.lora_B,0
1768388266.5708826,1586,49.59375,0.25799158215522766,Grad/qkv.lora_B,outputs_dev/vitb16/T=vtab_Q=3bit_L=lora_2_qkv-fc1-proj-fc2/cifar/20260114184203_default_acc=53.50/tensorboard/Grad_qkv.lora_B_block_0/events.out.tfevents.1768387346.master-192-168-8-48.1680.2,qkv.lora_B,0
1768388266.995708,1587,49.625,0.1420993208885193,Grad/qkv.lora_B,outputs_dev/vitb16/T=vtab_Q=3bit_L=lora_2_qkv-fc1-proj-fc2/cifar/20260114184203_default_acc=53.50/tensorboard/Grad_qkv.lora_B_block_0/events.out.tfevents.1768387346.master-192-168-8-48.1680.2,qkv.lora_B,0
1768388267.4213626,1588,49.65625,0.2582055330276489,Grad/qkv.lora_B,outputs_dev/vitb16/T=vtab_Q=3bit_L=lora_2_qkv-fc1-proj-fc2/cifar/20260114184203_default_acc=53.50/tensorboard/Grad_qkv.lora_B_block_0/events.out.tfevents.1768387346.master-192-168-8-48.1680.2,qkv.lora_B,0
1768388267.8467662,1589,49.6875,0.47359368205070496,Grad/qkv.lora_B,outputs_dev/vitb16/T=vtab_Q=3bit_L=lora_2_qkv-fc1-proj-fc2/cifar/20260114184203_default_acc=53.50/tensorboard/Grad_qkv.lora_B_block_0/events.out.tfevents.1768387346.master-192-168-8-48.1680.2,qkv.lora_B,0
1768388268.2752035,1590,49.71875,0.6865161657333374,Grad/qkv.lora_B,outputs_dev/vitb16/T=vtab_Q=3bit_L=lora_2_qkv-fc1-proj-fc2/cifar/20260114184203_default_acc=53.50/tensorboard/Grad_qkv.lora_B_block_0/events.out.tfevents.1768387346.master-192-168-8-48.1680.2,qkv.lora_B,0
1768388268.705227,1591,49.75,0.09546981006860733,Grad/qkv.lora_B,outputs_dev/vitb16/T=vtab_Q=3bit_L=lora_2_qkv-fc1-proj-fc2/cifar/20260114184203_default_acc=53.50/tensorboard/Grad_qkv.lora_B_block_0/events.out.tfevents.1768387346.master-192-168-8-48.1680.2,qkv.lora_B,0
1768388269.1335447,1592,49.78125,0.24519671499729156,Grad/qkv.lora_B,outputs_dev/vitb16/T=vtab_Q=3bit_L=lora_2_qkv-fc1-proj-fc2/cifar/20260114184203_default_acc=53.50/tensorboard/Grad_qkv.lora_B_block_0/events.out.tfevents.1768387346.master-192-168-8-48.1680.2,qkv.lora_B,0
1768388269.559405,1593,49.8125,0.1198793277144432,Grad/qkv.lora_B,outputs_dev/vitb16/T=vtab_Q=3bit_L=lora_2_qkv-fc1-proj-fc2/cifar/20260114184203_default_acc=53.50/tensorboard/Grad_qkv.lora_B_block_0/events.out.tfevents.1768387346.master-192-168-8-48.1680.2,qkv.lora_B,0
1768388269.9832704,1594,49.84375,0.1474798619747162,Grad/qkv.lora_B,outputs_dev/vitb16/T=vtab_Q=3bit_L=lora_2_qkv-fc1-proj-fc2/cifar/20260114184203_default_acc=53.50/tensorboard/Grad_qkv.lora_B_block_0/events.out.tfevents.1768387346.master-192-168-8-48.1680.2,qkv.lora_B,0
1768388270.408448,1595,49.875,0.13301248848438263,Grad/qkv.lora_B,outputs_dev/vitb16/T=vtab_Q=3bit_L=lora_2_qkv-fc1-proj-fc2/cifar/20260114184203_default_acc=53.50/tensorboard/Grad_qkv.lora_B_block_0/events.out.tfevents.1768387346.master-192-168-8-48.1680.2,qkv.lora_B,0
1768388270.8312564,1596,49.90625,0.21399317681789398,Grad/qkv.lora_B,outputs_dev/vitb16/T=vtab_Q=3bit_L=lora_2_qkv-fc1-proj-fc2/cifar/20260114184203_default_acc=53.50/tensorboard/Grad_qkv.lora_B_block_0/events.out.tfevents.1768387346.master-192-168-8-48.1680.2,qkv.lora_B,0
1768388271.256468,1597,49.9375,0.09985847026109695,Grad/qkv.lora_B,outputs_dev/vitb16/T=vtab_Q=3bit_L=lora_2_qkv-fc1-proj-fc2/cifar/20260114184203_default_acc=53.50/tensorboard/Grad_qkv.lora_B_block_0/events.out.tfevents.1768387346.master-192-168-8-48.1680.2,qkv.lora_B,0
1768388271.6810062,1598,49.96875,0.42820972204208374,Grad/qkv.lora_B,outputs_dev/vitb16/T=vtab_Q=3bit_L=lora_2_qkv-fc1-proj-fc2/cifar/20260114184203_default_acc=53.50/tensorboard/Grad_qkv.lora_B_block_0/events.out.tfevents.1768387346.master-192-168-8-48.1680.2,qkv.lora_B,0
1768388271.8933747,1599,50.0,1.7235846519470215,Grad/qkv.lora_B,outputs_dev/vitb16/T=vtab_Q=3bit_L=lora_2_qkv-fc1-proj-fc2/cifar/20260114184203_default_acc=53.50/tensorboard/Grad_qkv.lora_B_block_0/events.out.tfevents.1768387346.master-192-168-8-48.1680.2,qkv.lora_B,0
1768388272.5791082,1600,50.03125,0.0980093851685524,Grad/qkv.lora_B,outputs_dev/vitb16/T=vtab_Q=3bit_L=lora_2_qkv-fc1-proj-fc2/cifar/20260114184203_default_acc=53.50/tensorboard/Grad_qkv.lora_B_block_0/events.out.tfevents.1768387346.master-192-168-8-48.1680.2,qkv.lora_B,0
1768388273.006744,1601,50.0625,0.2169213443994522,Grad/qkv.lora_B,outputs_dev/vitb16/T=vtab_Q=3bit_L=lora_2_qkv-fc1-proj-fc2/cifar/20260114184203_default_acc=53.50/tensorboard/Grad_qkv.lora_B_block_0/events.out.tfevents.1768387346.master-192-168-8-48.1680.2,qkv.lora_B,0
1768388273.438152,1602,50.09375,0.12995460629463196,Grad/qkv.lora_B,outputs_dev/vitb16/T=vtab_Q=3bit_L=lora_2_qkv-fc1-proj-fc2/cifar/20260114184203_default_acc=53.50/tensorboard/Grad_qkv.lora_B_block_0/events.out.tfevents.1768387346.master-192-168-8-48.1680.2,qkv.lora_B,0
1768388273.8689733,1603,50.125,0.08040864020586014,Grad/qkv.lora_B,outputs_dev/vitb16/T=vtab_Q=3bit_L=lora_2_qkv-fc1-proj-fc2/cifar/20260114184203_default_acc=53.50/tensorboard/Grad_qkv.lora_B_block_0/events.out.tfevents.1768387346.master-192-168-8-48.1680.2,qkv.lora_B,0
1768388274.2937083,1604,50.15625,0.5873392820358276,Grad/qkv.lora_B,outputs_dev/vitb16/T=vtab_Q=3bit_L=lora_2_qkv-fc1-proj-fc2/cifar/20260114184203_default_acc=53.50/tensorboard/Grad_qkv.lora_B_block_0/events.out.tfevents.1768387346.master-192-168-8-48.1680.2,qkv.lora_B,0
1768388274.7194347,1605,50.1875,0.132207453250885,Grad/qkv.lora_B,outputs_dev/vitb16/T=vtab_Q=3bit_L=lora_2_qkv-fc1-proj-fc2/cifar/20260114184203_default_acc=53.50/tensorboard/Grad_qkv.lora_B_block_0/events.out.tfevents.1768387346.master-192-168-8-48.1680.2,qkv.lora_B,0
1768388275.1381822,1606,50.21875,0.10201839357614517,Grad/qkv.lora_B,outputs_dev/vitb16/T=vtab_Q=3bit_L=lora_2_qkv-fc1-proj-fc2/cifar/20260114184203_default_acc=53.50/tensorboard/Grad_qkv.lora_B_block_0/events.out.tfevents.1768387346.master-192-168-8-48.1680.2,qkv.lora_B,0
1768388275.5566845,1607,50.25,0.10201423615217209,Grad/qkv.lora_B,outputs_dev/vitb16/T=vtab_Q=3bit_L=lora_2_qkv-fc1-proj-fc2/cifar/20260114184203_default_acc=53.50/tensorboard/Grad_qkv.lora_B_block_0/events.out.tfevents.1768387346.master-192-168-8-48.1680.2,qkv.lora_B,0
1768388275.9880364,1608,50.28125,0.21640917658805847,Grad/qkv.lora_B,outputs_dev/vitb16/T=vtab_Q=3bit_L=lora_2_qkv-fc1-proj-fc2/cifar/20260114184203_default_acc=53.50/tensorboard/Grad_qkv.lora_B_block_0/events.out.tfevents.1768387346.master-192-168-8-48.1680.2,qkv.lora_B,0
1768388276.421502,1609,50.3125,0.22066034376621246,Grad/qkv.lora_B,outputs_dev/vitb16/T=vtab_Q=3bit_L=lora_2_qkv-fc1-proj-fc2/cifar/20260114184203_default_acc=53.50/tensorboard/Grad_qkv.lora_B_block_0/events.out.tfevents.1768387346.master-192-168-8-48.1680.2,qkv.lora_B,0
1768388276.8435926,1610,50.34375,0.583877444267273,Grad/qkv.lora_B,outputs_dev/vitb16/T=vtab_Q=3bit_L=lora_2_qkv-fc1-proj-fc2/cifar/20260114184203_default_acc=53.50/tensorboard/Grad_qkv.lora_B_block_0/events.out.tfevents.1768387346.master-192-168-8-48.1680.2,qkv.lora_B,0
1768388277.2773044,1611,50.375,0.11799511313438416,Grad/qkv.lora_B,outputs_dev/vitb16/T=vtab_Q=3bit_L=lora_2_qkv-fc1-proj-fc2/cifar/20260114184203_default_acc=53.50/tensorboard/Grad_qkv.lora_B_block_0/events.out.tfevents.1768387346.master-192-168-8-48.1680.2,qkv.lora_B,0
1768388277.7098317,1612,50.40625,0.1282966285943985,Grad/qkv.lora_B,outputs_dev/vitb16/T=vtab_Q=3bit_L=lora_2_qkv-fc1-proj-fc2/cifar/20260114184203_default_acc=53.50/tensorboard/Grad_qkv.lora_B_block_0/events.out.tfevents.1768387346.master-192-168-8-48.1680.2,qkv.lora_B,0
1768388278.141849,1613,50.4375,0.3633077144622803,Grad/qkv.lora_B,outputs_dev/vitb16/T=vtab_Q=3bit_L=lora_2_qkv-fc1-proj-fc2/cifar/20260114184203_default_acc=53.50/tensorboard/Grad_qkv.lora_B_block_0/events.out.tfevents.1768387346.master-192-168-8-48.1680.2,qkv.lora_B,0
1768388278.575734,1614,50.46875,0.2614637315273285,Grad/qkv.lora_B,outputs_dev/vitb16/T=vtab_Q=3bit_L=lora_2_qkv-fc1-proj-fc2/cifar/20260114184203_default_acc=53.50/tensorboard/Grad_qkv.lora_B_block_0/events.out.tfevents.1768387346.master-192-168-8-48.1680.2,qkv.lora_B,0
1768388279.0103664,1615,50.5,0.37042513489723206,Grad/qkv.lora_B,outputs_dev/vitb16/T=vtab_Q=3bit_L=lora_2_qkv-fc1-proj-fc2/cifar/20260114184203_default_acc=53.50/tensorboard/Grad_qkv.lora_B_block_0/events.out.tfevents.1768387346.master-192-168-8-48.1680.2,qkv.lora_B,0
1768388279.4332986,1616,50.53125,0.16547270119190216,Grad/qkv.lora_B,outputs_dev/vitb16/T=vtab_Q=3bit_L=lora_2_qkv-fc1-proj-fc2/cifar/20260114184203_default_acc=53.50/tensorboard/Grad_qkv.lora_B_block_0/events.out.tfevents.1768387346.master-192-168-8-48.1680.2,qkv.lora_B,0
1768388279.8663836,1617,50.5625,0.25680485367774963,Grad/qkv.lora_B,outputs_dev/vitb16/T=vtab_Q=3bit_L=lora_2_qkv-fc1-proj-fc2/cifar/20260114184203_default_acc=53.50/tensorboard/Grad_qkv.lora_B_block_0/events.out.tfevents.1768387346.master-192-168-8-48.1680.2,qkv.lora_B,0
1768388280.2702549,1618,50.59375,0.11801271140575409,Grad/qkv.lora_B,outputs_dev/vitb16/T=vtab_Q=3bit_L=lora_2_qkv-fc1-proj-fc2/cifar/20260114184203_default_acc=53.50/tensorboard/Grad_qkv.lora_B_block_0/events.out.tfevents.1768387346.master-192-168-8-48.1680.2,qkv.lora_B,0
1768388280.7023022,1619,50.625,0.43503183126449585,Grad/qkv.lora_B,outputs_dev/vitb16/T=vtab_Q=3bit_L=lora_2_qkv-fc1-proj-fc2/cifar/20260114184203_default_acc=53.50/tensorboard/Grad_qkv.lora_B_block_0/events.out.tfevents.1768387346.master-192-168-8-48.1680.2,qkv.lora_B,0
1768388281.1197176,1620,50.65625,0.3322843015193939,Grad/qkv.lora_B,outputs_dev/vitb16/T=vtab_Q=3bit_L=lora_2_qkv-fc1-proj-fc2/cifar/20260114184203_default_acc=53.50/tensorboard/Grad_qkv.lora_B_block_0/events.out.tfevents.1768387346.master-192-168-8-48.1680.2,qkv.lora_B,0
1768388281.5657427,1621,50.6875,0.303029328584671,Grad/qkv.lora_B,outputs_dev/vitb16/T=vtab_Q=3bit_L=lora_2_qkv-fc1-proj-fc2/cifar/20260114184203_default_acc=53.50/tensorboard/Grad_qkv.lora_B_block_0/events.out.tfevents.1768387346.master-192-168-8-48.1680.2,qkv.lora_B,0
1768388281.9993258,1622,50.71875,0.24334703385829926,Grad/qkv.lora_B,outputs_dev/vitb16/T=vtab_Q=3bit_L=lora_2_qkv-fc1-proj-fc2/cifar/20260114184203_default_acc=53.50/tensorboard/Grad_qkv.lora_B_block_0/events.out.tfevents.1768387346.master-192-168-8-48.1680.2,qkv.lora_B,0
1768388282.4194622,1623,50.75,0.22557391226291656,Grad/qkv.lora_B,outputs_dev/vitb16/T=vtab_Q=3bit_L=lora_2_qkv-fc1-proj-fc2/cifar/20260114184203_default_acc=53.50/tensorboard/Grad_qkv.lora_B_block_0/events.out.tfevents.1768387346.master-192-168-8-48.1680.2,qkv.lora_B,0
1768388282.840515,1624,50.78125,0.3902762234210968,Grad/qkv.lora_B,outputs_dev/vitb16/T=vtab_Q=3bit_L=lora_2_qkv-fc1-proj-fc2/cifar/20260114184203_default_acc=53.50/tensorboard/Grad_qkv.lora_B_block_0/events.out.tfevents.1768387346.master-192-168-8-48.1680.2,qkv.lora_B,0
1768388283.2615552,1625,50.8125,0.2270027995109558,Grad/qkv.lora_B,outputs_dev/vitb16/T=vtab_Q=3bit_L=lora_2_qkv-fc1-proj-fc2/cifar/20260114184203_default_acc=53.50/tensorboard/Grad_qkv.lora_B_block_0/events.out.tfevents.1768387346.master-192-168-8-48.1680.2,qkv.lora_B,0
1768388283.7135413,1626,50.84375,0.43899255990982056,Grad/qkv.lora_B,outputs_dev/vitb16/T=vtab_Q=3bit_L=lora_2_qkv-fc1-proj-fc2/cifar/20260114184203_default_acc=53.50/tensorboard/Grad_qkv.lora_B_block_0/events.out.tfevents.1768387346.master-192-168-8-48.1680.2,qkv.lora_B,0
1768388284.1505265,1627,50.875,0.08511116355657578,Grad/qkv.lora_B,outputs_dev/vitb16/T=vtab_Q=3bit_L=lora_2_qkv-fc1-proj-fc2/cifar/20260114184203_default_acc=53.50/tensorboard/Grad_qkv.lora_B_block_0/events.out.tfevents.1768387346.master-192-168-8-48.1680.2,qkv.lora_B,0
1768388284.5789104,1628,50.90625,0.5137354135513306,Grad/qkv.lora_B,outputs_dev/vitb16/T=vtab_Q=3bit_L=lora_2_qkv-fc1-proj-fc2/cifar/20260114184203_default_acc=53.50/tensorboard/Grad_qkv.lora_B_block_0/events.out.tfevents.1768387346.master-192-168-8-48.1680.2,qkv.lora_B,0
1768388285.0097716,1629,50.9375,0.21617625653743744,Grad/qkv.lora_B,outputs_dev/vitb16/T=vtab_Q=3bit_L=lora_2_qkv-fc1-proj-fc2/cifar/20260114184203_default_acc=53.50/tensorboard/Grad_qkv.lora_B_block_0/events.out.tfevents.1768387346.master-192-168-8-48.1680.2,qkv.lora_B,0
1768388285.4277902,1630,50.96875,0.21921877562999725,Grad/qkv.lora_B,outputs_dev/vitb16/T=vtab_Q=3bit_L=lora_2_qkv-fc1-proj-fc2/cifar/20260114184203_default_acc=53.50/tensorboard/Grad_qkv.lora_B_block_0/events.out.tfevents.1768387346.master-192-168-8-48.1680.2,qkv.lora_B,0
1768388285.6317282,1631,51.0,0.2156299203634262,Grad/qkv.lora_B,outputs_dev/vitb16/T=vtab_Q=3bit_L=lora_2_qkv-fc1-proj-fc2/cifar/20260114184203_default_acc=53.50/tensorboard/Grad_qkv.lora_B_block_0/events.out.tfevents.1768387346.master-192-168-8-48.1680.2,qkv.lora_B,0
1768388336.8241746,1632,51.03125,0.1383308619260788,Grad/qkv.lora_B,outputs_dev/vitb16/T=vtab_Q=3bit_L=lora_2_qkv-fc1-proj-fc2/cifar/20260114184203_default_acc=53.50/tensorboard/Grad_qkv.lora_B_block_0/events.out.tfevents.1768387346.master-192-168-8-48.1680.2,qkv.lora_B,0
1768388337.2320268,1633,51.0625,0.12404569983482361,Grad/qkv.lora_B,outputs_dev/vitb16/T=vtab_Q=3bit_L=lora_2_qkv-fc1-proj-fc2/cifar/20260114184203_default_acc=53.50/tensorboard/Grad_qkv.lora_B_block_0/events.out.tfevents.1768387346.master-192-168-8-48.1680.2,qkv.lora_B,0
1768388337.6341777,1634,51.09375,0.3574789762496948,Grad/qkv.lora_B,outputs_dev/vitb16/T=vtab_Q=3bit_L=lora_2_qkv-fc1-proj-fc2/cifar/20260114184203_default_acc=53.50/tensorboard/Grad_qkv.lora_B_block_0/events.out.tfevents.1768387346.master-192-168-8-48.1680.2,qkv.lora_B,0
1768388338.0217602,1635,51.125,0.3176107704639435,Grad/qkv.lora_B,outputs_dev/vitb16/T=vtab_Q=3bit_L=lora_2_qkv-fc1-proj-fc2/cifar/20260114184203_default_acc=53.50/tensorboard/Grad_qkv.lora_B_block_0/events.out.tfevents.1768387346.master-192-168-8-48.1680.2,qkv.lora_B,0
1768388338.409101,1636,51.15625,0.24238356947898865,Grad/qkv.lora_B,outputs_dev/vitb16/T=vtab_Q=3bit_L=lora_2_qkv-fc1-proj-fc2/cifar/20260114184203_default_acc=53.50/tensorboard/Grad_qkv.lora_B_block_0/events.out.tfevents.1768387346.master-192-168-8-48.1680.2,qkv.lora_B,0
1768388338.811692,1637,51.1875,0.1474485546350479,Grad/qkv.lora_B,outputs_dev/vitb16/T=vtab_Q=3bit_L=lora_2_qkv-fc1-proj-fc2/cifar/20260114184203_default_acc=53.50/tensorboard/Grad_qkv.lora_B_block_0/events.out.tfevents.1768387346.master-192-168-8-48.1680.2,qkv.lora_B,0
1768388339.2017634,1638,51.21875,0.1610875278711319,Grad/qkv.lora_B,outputs_dev/vitb16/T=vtab_Q=3bit_L=lora_2_qkv-fc1-proj-fc2/cifar/20260114184203_default_acc=53.50/tensorboard/Grad_qkv.lora_B_block_0/events.out.tfevents.1768387346.master-192-168-8-48.1680.2,qkv.lora_B,0
1768388339.5943246,1639,51.25,0.10521107167005539,Grad/qkv.lora_B,outputs_dev/vitb16/T=vtab_Q=3bit_L=lora_2_qkv-fc1-proj-fc2/cifar/20260114184203_default_acc=53.50/tensorboard/Grad_qkv.lora_B_block_0/events.out.tfevents.1768387346.master-192-168-8-48.1680.2,qkv.lora_B,0
1768388339.984514,1640,51.28125,0.5282586812973022,Grad/qkv.lora_B,outputs_dev/vitb16/T=vtab_Q=3bit_L=lora_2_qkv-fc1-proj-fc2/cifar/20260114184203_default_acc=53.50/tensorboard/Grad_qkv.lora_B_block_0/events.out.tfevents.1768387346.master-192-168-8-48.1680.2,qkv.lora_B,0
1768388340.3790877,1641,51.3125,0.11241868883371353,Grad/qkv.lora_B,outputs_dev/vitb16/T=vtab_Q=3bit_L=lora_2_qkv-fc1-proj-fc2/cifar/20260114184203_default_acc=53.50/tensorboard/Grad_qkv.lora_B_block_0/events.out.tfevents.1768387346.master-192-168-8-48.1680.2,qkv.lora_B,0
1768388340.770861,1642,51.34375,0.18150676786899567,Grad/qkv.lora_B,outputs_dev/vitb16/T=vtab_Q=3bit_L=lora_2_qkv-fc1-proj-fc2/cifar/20260114184203_default_acc=53.50/tensorboard/Grad_qkv.lora_B_block_0/events.out.tfevents.1768387346.master-192-168-8-48.1680.2,qkv.lora_B,0
1768388341.1613657,1643,51.375,0.0907321497797966,Grad/qkv.lora_B,outputs_dev/vitb16/T=vtab_Q=3bit_L=lora_2_qkv-fc1-proj-fc2/cifar/20260114184203_default_acc=53.50/tensorboard/Grad_qkv.lora_B_block_0/events.out.tfevents.1768387346.master-192-168-8-48.1680.2,qkv.lora_B,0
1768388341.550764,1644,51.40625,0.3826843798160553,Grad/qkv.lora_B,outputs_dev/vitb16/T=vtab_Q=3bit_L=lora_2_qkv-fc1-proj-fc2/cifar/20260114184203_default_acc=53.50/tensorboard/Grad_qkv.lora_B_block_0/events.out.tfevents.1768387346.master-192-168-8-48.1680.2,qkv.lora_B,0
1768388341.9434202,1645,51.4375,0.06247338652610779,Grad/qkv.lora_B,outputs_dev/vitb16/T=vtab_Q=3bit_L=lora_2_qkv-fc1-proj-fc2/cifar/20260114184203_default_acc=53.50/tensorboard/Grad_qkv.lora_B_block_0/events.out.tfevents.1768387346.master-192-168-8-48.1680.2,qkv.lora_B,0
1768388342.3578873,1646,51.46875,0.07119522988796234,Grad/qkv.lora_B,outputs_dev/vitb16/T=vtab_Q=3bit_L=lora_2_qkv-fc1-proj-fc2/cifar/20260114184203_default_acc=53.50/tensorboard/Grad_qkv.lora_B_block_0/events.out.tfevents.1768387346.master-192-168-8-48.1680.2,qkv.lora_B,0
1768388342.7537718,1647,51.5,0.12735861539840698,Grad/qkv.lora_B,outputs_dev/vitb16/T=vtab_Q=3bit_L=lora_2_qkv-fc1-proj-fc2/cifar/20260114184203_default_acc=53.50/tensorboard/Grad_qkv.lora_B_block_0/events.out.tfevents.1768387346.master-192-168-8-48.1680.2,qkv.lora_B,0
1768388343.15052,1648,51.53125,0.1971897929906845,Grad/qkv.lora_B,outputs_dev/vitb16/T=vtab_Q=3bit_L=lora_2_qkv-fc1-proj-fc2/cifar/20260114184203_default_acc=53.50/tensorboard/Grad_qkv.lora_B_block_0/events.out.tfevents.1768387346.master-192-168-8-48.1680.2,qkv.lora_B,0
1768388343.5453897,1649,51.5625,0.15499185025691986,Grad/qkv.lora_B,outputs_dev/vitb16/T=vtab_Q=3bit_L=lora_2_qkv-fc1-proj-fc2/cifar/20260114184203_default_acc=53.50/tensorboard/Grad_qkv.lora_B_block_0/events.out.tfevents.1768387346.master-192-168-8-48.1680.2,qkv.lora_B,0
1768388343.9397807,1650,51.59375,0.03604592755436897,Grad/qkv.lora_B,outputs_dev/vitb16/T=vtab_Q=3bit_L=lora_2_qkv-fc1-proj-fc2/cifar/20260114184203_default_acc=53.50/tensorboard/Grad_qkv.lora_B_block_0/events.out.tfevents.1768387346.master-192-168-8-48.1680.2,qkv.lora_B,0
1768388344.3384995,1651,51.625,0.04226565361022949,Grad/qkv.lora_B,outputs_dev/vitb16/T=vtab_Q=3bit_L=lora_2_qkv-fc1-proj-fc2/cifar/20260114184203_default_acc=53.50/tensorboard/Grad_qkv.lora_B_block_0/events.out.tfevents.1768387346.master-192-168-8-48.1680.2,qkv.lora_B,0
1768388344.7351594,1652,51.65625,0.13537637889385223,Grad/qkv.lora_B,outputs_dev/vitb16/T=vtab_Q=3bit_L=lora_2_qkv-fc1-proj-fc2/cifar/20260114184203_default_acc=53.50/tensorboard/Grad_qkv.lora_B_block_0/events.out.tfevents.1768387346.master-192-168-8-48.1680.2,qkv.lora_B,0
1768388345.1331034,1653,51.6875,0.483231782913208,Grad/qkv.lora_B,outputs_dev/vitb16/T=vtab_Q=3bit_L=lora_2_qkv-fc1-proj-fc2/cifar/20260114184203_default_acc=53.50/tensorboard/Grad_qkv.lora_B_block_0/events.out.tfevents.1768387346.master-192-168-8-48.1680.2,qkv.lora_B,0
1768388345.5277843,1654,51.71875,0.31593599915504456,Grad/qkv.lora_B,outputs_dev/vitb16/T=vtab_Q=3bit_L=lora_2_qkv-fc1-proj-fc2/cifar/20260114184203_default_acc=53.50/tensorboard/Grad_qkv.lora_B_block_0/events.out.tfevents.1768387346.master-192-168-8-48.1680.2,qkv.lora_B,0
1768388345.936294,1655,51.75,0.3002128303050995,Grad/qkv.lora_B,outputs_dev/vitb16/T=vtab_Q=3bit_L=lora_2_qkv-fc1-proj-fc2/cifar/20260114184203_default_acc=53.50/tensorboard/Grad_qkv.lora_B_block_0/events.out.tfevents.1768387346.master-192-168-8-48.1680.2,qkv.lora_B,0
1768388346.3378756,1656,51.78125,0.14315593242645264,Grad/qkv.lora_B,outputs_dev/vitb16/T=vtab_Q=3bit_L=lora_2_qkv-fc1-proj-fc2/cifar/20260114184203_default_acc=53.50/tensorboard/Grad_qkv.lora_B_block_0/events.out.tfevents.1768387346.master-192-168-8-48.1680.2,qkv.lora_B,0
1768388346.7469807,1657,51.8125,0.16759316623210907,Grad/qkv.lora_B,outputs_dev/vitb16/T=vtab_Q=3bit_L=lora_2_qkv-fc1-proj-fc2/cifar/20260114184203_default_acc=53.50/tensorboard/Grad_qkv.lora_B_block_0/events.out.tfevents.1768387346.master-192-168-8-48.1680.2,qkv.lora_B,0
1768388347.1425421,1658,51.84375,0.09507647156715393,Grad/qkv.lora_B,outputs_dev/vitb16/T=vtab_Q=3bit_L=lora_2_qkv-fc1-proj-fc2/cifar/20260114184203_default_acc=53.50/tensorboard/Grad_qkv.lora_B_block_0/events.out.tfevents.1768387346.master-192-168-8-48.1680.2,qkv.lora_B,0
1768388347.545861,1659,51.875,0.09015204757452011,Grad/qkv.lora_B,outputs_dev/vitb16/T=vtab_Q=3bit_L=lora_2_qkv-fc1-proj-fc2/cifar/20260114184203_default_acc=53.50/tensorboard/Grad_qkv.lora_B_block_0/events.out.tfevents.1768387346.master-192-168-8-48.1680.2,qkv.lora_B,0
1768388347.935094,1660,51.90625,0.1755259484052658,Grad/qkv.lora_B,outputs_dev/vitb16/T=vtab_Q=3bit_L=lora_2_qkv-fc1-proj-fc2/cifar/20260114184203_default_acc=53.50/tensorboard/Grad_qkv.lora_B_block_0/events.out.tfevents.1768387346.master-192-168-8-48.1680.2,qkv.lora_B,0
1768388348.3330631,1661,51.9375,0.11193951219320297,Grad/qkv.lora_B,outputs_dev/vitb16/T=vtab_Q=3bit_L=lora_2_qkv-fc1-proj-fc2/cifar/20260114184203_default_acc=53.50/tensorboard/Grad_qkv.lora_B_block_0/events.out.tfevents.1768387346.master-192-168-8-48.1680.2,qkv.lora_B,0
1768388348.7310216,1662,51.96875,0.2199191302061081,Grad/qkv.lora_B,outputs_dev/vitb16/T=vtab_Q=3bit_L=lora_2_qkv-fc1-proj-fc2/cifar/20260114184203_default_acc=53.50/tensorboard/Grad_qkv.lora_B_block_0/events.out.tfevents.1768387346.master-192-168-8-48.1680.2,qkv.lora_B,0
1768388348.9112878,1663,52.0,0.2044467031955719,Grad/qkv.lora_B,outputs_dev/vitb16/T=vtab_Q=3bit_L=lora_2_qkv-fc1-proj-fc2/cifar/20260114184203_default_acc=53.50/tensorboard/Grad_qkv.lora_B_block_0/events.out.tfevents.1768387346.master-192-168-8-48.1680.2,qkv.lora_B,0
1768388349.5998256,1664,52.03125,0.14344556629657745,Grad/qkv.lora_B,outputs_dev/vitb16/T=vtab_Q=3bit_L=lora_2_qkv-fc1-proj-fc2/cifar/20260114184203_default_acc=53.50/tensorboard/Grad_qkv.lora_B_block_0/events.out.tfevents.1768387346.master-192-168-8-48.1680.2,qkv.lora_B,0
1768388349.9933388,1665,52.0625,0.21272139251232147,Grad/qkv.lora_B,outputs_dev/vitb16/T=vtab_Q=3bit_L=lora_2_qkv-fc1-proj-fc2/cifar/20260114184203_default_acc=53.50/tensorboard/Grad_qkv.lora_B_block_0/events.out.tfevents.1768387346.master-192-168-8-48.1680.2,qkv.lora_B,0
1768388350.3845344,1666,52.09375,0.1379086971282959,Grad/qkv.lora_B,outputs_dev/vitb16/T=vtab_Q=3bit_L=lora_2_qkv-fc1-proj-fc2/cifar/20260114184203_default_acc=53.50/tensorboard/Grad_qkv.lora_B_block_0/events.out.tfevents.1768387346.master-192-168-8-48.1680.2,qkv.lora_B,0
1768388350.7780797,1667,52.125,0.5643753409385681,Grad/qkv.lora_B,outputs_dev/vitb16/T=vtab_Q=3bit_L=lora_2_qkv-fc1-proj-fc2/cifar/20260114184203_default_acc=53.50/tensorboard/Grad_qkv.lora_B_block_0/events.out.tfevents.1768387346.master-192-168-8-48.1680.2,qkv.lora_B,0
1768388351.170805,1668,52.15625,0.09583720564842224,Grad/qkv.lora_B,outputs_dev/vitb16/T=vtab_Q=3bit_L=lora_2_qkv-fc1-proj-fc2/cifar/20260114184203_default_acc=53.50/tensorboard/Grad_qkv.lora_B_block_0/events.out.tfevents.1768387346.master-192-168-8-48.1680.2,qkv.lora_B,0
1768388351.5739121,1669,52.1875,0.10550494492053986,Grad/qkv.lora_B,outputs_dev/vitb16/T=vtab_Q=3bit_L=lora_2_qkv-fc1-proj-fc2/cifar/20260114184203_default_acc=53.50/tensorboard/Grad_qkv.lora_B_block_0/events.out.tfevents.1768387346.master-192-168-8-48.1680.2,qkv.lora_B,0
1768388351.9648068,1670,52.21875,0.06338021159172058,Grad/qkv.lora_B,outputs_dev/vitb16/T=vtab_Q=3bit_L=lora_2_qkv-fc1-proj-fc2/cifar/20260114184203_default_acc=53.50/tensorboard/Grad_qkv.lora_B_block_0/events.out.tfevents.1768387346.master-192-168-8-48.1680.2,qkv.lora_B,0
1768388352.3543434,1671,52.25,0.29034101963043213,Grad/qkv.lora_B,outputs_dev/vitb16/T=vtab_Q=3bit_L=lora_2_qkv-fc1-proj-fc2/cifar/20260114184203_default_acc=53.50/tensorboard/Grad_qkv.lora_B_block_0/events.out.tfevents.1768387346.master-192-168-8-48.1680.2,qkv.lora_B,0
1768388352.745672,1672,52.28125,0.3334144949913025,Grad/qkv.lora_B,outputs_dev/vitb16/T=vtab_Q=3bit_L=lora_2_qkv-fc1-proj-fc2/cifar/20260114184203_default_acc=53.50/tensorboard/Grad_qkv.lora_B_block_0/events.out.tfevents.1768387346.master-192-168-8-48.1680.2,qkv.lora_B,0
1768388353.1352553,1673,52.3125,0.11521634459495544,Grad/qkv.lora_B,outputs_dev/vitb16/T=vtab_Q=3bit_L=lora_2_qkv-fc1-proj-fc2/cifar/20260114184203_default_acc=53.50/tensorboard/Grad_qkv.lora_B_block_0/events.out.tfevents.1768387346.master-192-168-8-48.1680.2,qkv.lora_B,0
1768388353.5572095,1674,52.34375,0.26060715317726135,Grad/qkv.lora_B,outputs_dev/vitb16/T=vtab_Q=3bit_L=lora_2_qkv-fc1-proj-fc2/cifar/20260114184203_default_acc=53.50/tensorboard/Grad_qkv.lora_B_block_0/events.out.tfevents.1768387346.master-192-168-8-48.1680.2,qkv.lora_B,0
1768388353.9548626,1675,52.375,1.0611252784729004,Grad/qkv.lora_B,outputs_dev/vitb16/T=vtab_Q=3bit_L=lora_2_qkv-fc1-proj-fc2/cifar/20260114184203_default_acc=53.50/tensorboard/Grad_qkv.lora_B_block_0/events.out.tfevents.1768387346.master-192-168-8-48.1680.2,qkv.lora_B,0
1768388354.3538723,1676,52.40625,0.15090970695018768,Grad/qkv.lora_B,outputs_dev/vitb16/T=vtab_Q=3bit_L=lora_2_qkv-fc1-proj-fc2/cifar/20260114184203_default_acc=53.50/tensorboard/Grad_qkv.lora_B_block_0/events.out.tfevents.1768387346.master-192-168-8-48.1680.2,qkv.lora_B,0
1768388354.7474685,1677,52.4375,0.10464489459991455,Grad/qkv.lora_B,outputs_dev/vitb16/T=vtab_Q=3bit_L=lora_2_qkv-fc1-proj-fc2/cifar/20260114184203_default_acc=53.50/tensorboard/Grad_qkv.lora_B_block_0/events.out.tfevents.1768387346.master-192-168-8-48.1680.2,qkv.lora_B,0
1768388355.1526227,1678,52.46875,0.49842655658721924,Grad/qkv.lora_B,outputs_dev/vitb16/T=vtab_Q=3bit_L=lora_2_qkv-fc1-proj-fc2/cifar/20260114184203_default_acc=53.50/tensorboard/Grad_qkv.lora_B_block_0/events.out.tfevents.1768387346.master-192-168-8-48.1680.2,qkv.lora_B,0
1768388355.555109,1679,52.5,0.099149689078331,Grad/qkv.lora_B,outputs_dev/vitb16/T=vtab_Q=3bit_L=lora_2_qkv-fc1-proj-fc2/cifar/20260114184203_default_acc=53.50/tensorboard/Grad_qkv.lora_B_block_0/events.out.tfevents.1768387346.master-192-168-8-48.1680.2,qkv.lora_B,0
1768388355.9472382,1680,52.53125,0.27559590339660645,Grad/qkv.lora_B,outputs_dev/vitb16/T=vtab_Q=3bit_L=lora_2_qkv-fc1-proj-fc2/cifar/20260114184203_default_acc=53.50/tensorboard/Grad_qkv.lora_B_block_0/events.out.tfevents.1768387346.master-192-168-8-48.1680.2,qkv.lora_B,0
1768388356.3367717,1681,52.5625,0.1275719404220581,Grad/qkv.lora_B,outputs_dev/vitb16/T=vtab_Q=3bit_L=lora_2_qkv-fc1-proj-fc2/cifar/20260114184203_default_acc=53.50/tensorboard/Grad_qkv.lora_B_block_0/events.out.tfevents.1768387346.master-192-168-8-48.1680.2,qkv.lora_B,0
1768388356.726618,1682,52.59375,0.2693059742450714,Grad/qkv.lora_B,outputs_dev/vitb16/T=vtab_Q=3bit_L=lora_2_qkv-fc1-proj-fc2/cifar/20260114184203_default_acc=53.50/tensorboard/Grad_qkv.lora_B_block_0/events.out.tfevents.1768387346.master-192-168-8-48.1680.2,qkv.lora_B,0
1768388357.1162,1683,52.625,0.23293791711330414,Grad/qkv.lora_B,outputs_dev/vitb16/T=vtab_Q=3bit_L=lora_2_qkv-fc1-proj-fc2/cifar/20260114184203_default_acc=53.50/tensorboard/Grad_qkv.lora_B_block_0/events.out.tfevents.1768387346.master-192-168-8-48.1680.2,qkv.lora_B,0
1768388357.508401,1684,52.65625,0.08380904048681259,Grad/qkv.lora_B,outputs_dev/vitb16/T=vtab_Q=3bit_L=lora_2_qkv-fc1-proj-fc2/cifar/20260114184203_default_acc=53.50/tensorboard/Grad_qkv.lora_B_block_0/events.out.tfevents.1768387346.master-192-168-8-48.1680.2,qkv.lora_B,0
1768388357.899616,1685,52.6875,0.19997382164001465,Grad/qkv.lora_B,outputs_dev/vitb16/T=vtab_Q=3bit_L=lora_2_qkv-fc1-proj-fc2/cifar/20260114184203_default_acc=53.50/tensorboard/Grad_qkv.lora_B_block_0/events.out.tfevents.1768387346.master-192-168-8-48.1680.2,qkv.lora_B,0
1768388358.2916453,1686,52.71875,0.506339967250824,Grad/qkv.lora_B,outputs_dev/vitb16/T=vtab_Q=3bit_L=lora_2_qkv-fc1-proj-fc2/cifar/20260114184203_default_acc=53.50/tensorboard/Grad_qkv.lora_B_block_0/events.out.tfevents.1768387346.master-192-168-8-48.1680.2,qkv.lora_B,0
1768388358.6964462,1687,52.75,0.18126386404037476,Grad/qkv.lora_B,outputs_dev/vitb16/T=vtab_Q=3bit_L=lora_2_qkv-fc1-proj-fc2/cifar/20260114184203_default_acc=53.50/tensorboard/Grad_qkv.lora_B_block_0/events.out.tfevents.1768387346.master-192-168-8-48.1680.2,qkv.lora_B,0
1768388359.0875413,1688,52.78125,0.0760701522231102,Grad/qkv.lora_B,outputs_dev/vitb16/T=vtab_Q=3bit_L=lora_2_qkv-fc1-proj-fc2/cifar/20260114184203_default_acc=53.50/tensorboard/Grad_qkv.lora_B_block_0/events.out.tfevents.1768387346.master-192-168-8-48.1680.2,qkv.lora_B,0
1768388359.4782743,1689,52.8125,0.08879882842302322,Grad/qkv.lora_B,outputs_dev/vitb16/T=vtab_Q=3bit_L=lora_2_qkv-fc1-proj-fc2/cifar/20260114184203_default_acc=53.50/tensorboard/Grad_qkv.lora_B_block_0/events.out.tfevents.1768387346.master-192-168-8-48.1680.2,qkv.lora_B,0
1768388359.8715065,1690,52.84375,0.22276738286018372,Grad/qkv.lora_B,outputs_dev/vitb16/T=vtab_Q=3bit_L=lora_2_qkv-fc1-proj-fc2/cifar/20260114184203_default_acc=53.50/tensorboard/Grad_qkv.lora_B_block_0/events.out.tfevents.1768387346.master-192-168-8-48.1680.2,qkv.lora_B,0
1768388360.2623959,1691,52.875,0.3838685154914856,Grad/qkv.lora_B,outputs_dev/vitb16/T=vtab_Q=3bit_L=lora_2_qkv-fc1-proj-fc2/cifar/20260114184203_default_acc=53.50/tensorboard/Grad_qkv.lora_B_block_0/events.out.tfevents.1768387346.master-192-168-8-48.1680.2,qkv.lora_B,0
1768388360.6709285,1692,52.90625,0.0641162246465683,Grad/qkv.lora_B,outputs_dev/vitb16/T=vtab_Q=3bit_L=lora_2_qkv-fc1-proj-fc2/cifar/20260114184203_default_acc=53.50/tensorboard/Grad_qkv.lora_B_block_0/events.out.tfevents.1768387346.master-192-168-8-48.1680.2,qkv.lora_B,0
1768388361.0642767,1693,52.9375,0.1546611189842224,Grad/qkv.lora_B,outputs_dev/vitb16/T=vtab_Q=3bit_L=lora_2_qkv-fc1-proj-fc2/cifar/20260114184203_default_acc=53.50/tensorboard/Grad_qkv.lora_B_block_0/events.out.tfevents.1768387346.master-192-168-8-48.1680.2,qkv.lora_B,0
1768388361.4606652,1694,52.96875,0.16295985877513885,Grad/qkv.lora_B,outputs_dev/vitb16/T=vtab_Q=3bit_L=lora_2_qkv-fc1-proj-fc2/cifar/20260114184203_default_acc=53.50/tensorboard/Grad_qkv.lora_B_block_0/events.out.tfevents.1768387346.master-192-168-8-48.1680.2,qkv.lora_B,0
1768388361.6682796,1695,53.0,0.06382140517234802,Grad/qkv.lora_B,outputs_dev/vitb16/T=vtab_Q=3bit_L=lora_2_qkv-fc1-proj-fc2/cifar/20260114184203_default_acc=53.50/tensorboard/Grad_qkv.lora_B_block_0/events.out.tfevents.1768387346.master-192-168-8-48.1680.2,qkv.lora_B,0
1768388362.3760245,1696,53.03125,0.04590178653597832,Grad/qkv.lora_B,outputs_dev/vitb16/T=vtab_Q=3bit_L=lora_2_qkv-fc1-proj-fc2/cifar/20260114184203_default_acc=53.50/tensorboard/Grad_qkv.lora_B_block_0/events.out.tfevents.1768387346.master-192-168-8-48.1680.2,qkv.lora_B,0
1768388362.7882876,1697,53.0625,0.06600906699895859,Grad/qkv.lora_B,outputs_dev/vitb16/T=vtab_Q=3bit_L=lora_2_qkv-fc1-proj-fc2/cifar/20260114184203_default_acc=53.50/tensorboard/Grad_qkv.lora_B_block_0/events.out.tfevents.1768387346.master-192-168-8-48.1680.2,qkv.lora_B,0
1768388363.1836383,1698,53.09375,0.12735256552696228,Grad/qkv.lora_B,outputs_dev/vitb16/T=vtab_Q=3bit_L=lora_2_qkv-fc1-proj-fc2/cifar/20260114184203_default_acc=53.50/tensorboard/Grad_qkv.lora_B_block_0/events.out.tfevents.1768387346.master-192-168-8-48.1680.2,qkv.lora_B,0
1768388363.5912318,1699,53.125,0.06548134982585907,Grad/qkv.lora_B,outputs_dev/vitb16/T=vtab_Q=3bit_L=lora_2_qkv-fc1-proj-fc2/cifar/20260114184203_default_acc=53.50/tensorboard/Grad_qkv.lora_B_block_0/events.out.tfevents.1768387346.master-192-168-8-48.1680.2,qkv.lora_B,0
1768388363.9988918,1700,53.15625,0.2129334956407547,Grad/qkv.lora_B,outputs_dev/vitb16/T=vtab_Q=3bit_L=lora_2_qkv-fc1-proj-fc2/cifar/20260114184203_default_acc=53.50/tensorboard/Grad_qkv.lora_B_block_0/events.out.tfevents.1768387346.master-192-168-8-48.1680.2,qkv.lora_B,0
1768388364.4094708,1701,53.1875,0.21130046248435974,Grad/qkv.lora_B,outputs_dev/vitb16/T=vtab_Q=3bit_L=lora_2_qkv-fc1-proj-fc2/cifar/20260114184203_default_acc=53.50/tensorboard/Grad_qkv.lora_B_block_0/events.out.tfevents.1768387346.master-192-168-8-48.1680.2,qkv.lora_B,0
1768388364.8022795,1702,53.21875,0.07963632047176361,Grad/qkv.lora_B,outputs_dev/vitb16/T=vtab_Q=3bit_L=lora_2_qkv-fc1-proj-fc2/cifar/20260114184203_default_acc=53.50/tensorboard/Grad_qkv.lora_B_block_0/events.out.tfevents.1768387346.master-192-168-8-48.1680.2,qkv.lora_B,0
1768388365.2154589,1703,53.25,0.41584694385528564,Grad/qkv.lora_B,outputs_dev/vitb16/T=vtab_Q=3bit_L=lora_2_qkv-fc1-proj-fc2/cifar/20260114184203_default_acc=53.50/tensorboard/Grad_qkv.lora_B_block_0/events.out.tfevents.1768387346.master-192-168-8-48.1680.2,qkv.lora_B,0
1768388365.6056743,1704,53.28125,0.18130408227443695,Grad/qkv.lora_B,outputs_dev/vitb16/T=vtab_Q=3bit_L=lora_2_qkv-fc1-proj-fc2/cifar/20260114184203_default_acc=53.50/tensorboard/Grad_qkv.lora_B_block_0/events.out.tfevents.1768387346.master-192-168-8-48.1680.2,qkv.lora_B,0
1768388366.0014358,1705,53.3125,0.3280860185623169,Grad/qkv.lora_B,outputs_dev/vitb16/T=vtab_Q=3bit_L=lora_2_qkv-fc1-proj-fc2/cifar/20260114184203_default_acc=53.50/tensorboard/Grad_qkv.lora_B_block_0/events.out.tfevents.1768387346.master-192-168-8-48.1680.2,qkv.lora_B,0
1768388366.406646,1706,53.34375,0.22440162301063538,Grad/qkv.lora_B,outputs_dev/vitb16/T=vtab_Q=3bit_L=lora_2_qkv-fc1-proj-fc2/cifar/20260114184203_default_acc=53.50/tensorboard/Grad_qkv.lora_B_block_0/events.out.tfevents.1768387346.master-192-168-8-48.1680.2,qkv.lora_B,0
1768388366.8002522,1707,53.375,0.12597666680812836,Grad/qkv.lora_B,outputs_dev/vitb16/T=vtab_Q=3bit_L=lora_2_qkv-fc1-proj-fc2/cifar/20260114184203_default_acc=53.50/tensorboard/Grad_qkv.lora_B_block_0/events.out.tfevents.1768387346.master-192-168-8-48.1680.2,qkv.lora_B,0
1768388367.1935124,1708,53.40625,0.11795872449874878,Grad/qkv.lora_B,outputs_dev/vitb16/T=vtab_Q=3bit_L=lora_2_qkv-fc1-proj-fc2/cifar/20260114184203_default_acc=53.50/tensorboard/Grad_qkv.lora_B_block_0/events.out.tfevents.1768387346.master-192-168-8-48.1680.2,qkv.lora_B,0
1768388367.5847082,1709,53.4375,0.0926661491394043,Grad/qkv.lora_B,outputs_dev/vitb16/T=vtab_Q=3bit_L=lora_2_qkv-fc1-proj-fc2/cifar/20260114184203_default_acc=53.50/tensorboard/Grad_qkv.lora_B_block_0/events.out.tfevents.1768387346.master-192-168-8-48.1680.2,qkv.lora_B,0
1768388367.977653,1710,53.46875,0.1341954618692398,Grad/qkv.lora_B,outputs_dev/vitb16/T=vtab_Q=3bit_L=lora_2_qkv-fc1-proj-fc2/cifar/20260114184203_default_acc=53.50/tensorboard/Grad_qkv.lora_B_block_0/events.out.tfevents.1768387346.master-192-168-8-48.1680.2,qkv.lora_B,0
1768388368.37097,1711,53.5,0.07934074103832245,Grad/qkv.lora_B,outputs_dev/vitb16/T=vtab_Q=3bit_L=lora_2_qkv-fc1-proj-fc2/cifar/20260114184203_default_acc=53.50/tensorboard/Grad_qkv.lora_B_block_0/events.out.tfevents.1768387346.master-192-168-8-48.1680.2,qkv.lora_B,0
1768388368.7613132,1712,53.53125,0.19737952947616577,Grad/qkv.lora_B,outputs_dev/vitb16/T=vtab_Q=3bit_L=lora_2_qkv-fc1-proj-fc2/cifar/20260114184203_default_acc=53.50/tensorboard/Grad_qkv.lora_B_block_0/events.out.tfevents.1768387346.master-192-168-8-48.1680.2,qkv.lora_B,0
1768388369.1526623,1713,53.5625,0.45510077476501465,Grad/qkv.lora_B,outputs_dev/vitb16/T=vtab_Q=3bit_L=lora_2_qkv-fc1-proj-fc2/cifar/20260114184203_default_acc=53.50/tensorboard/Grad_qkv.lora_B_block_0/events.out.tfevents.1768387346.master-192-168-8-48.1680.2,qkv.lora_B,0
1768388369.5428646,1714,53.59375,0.10442966222763062,Grad/qkv.lora_B,outputs_dev/vitb16/T=vtab_Q=3bit_L=lora_2_qkv-fc1-proj-fc2/cifar/20260114184203_default_acc=53.50/tensorboard/Grad_qkv.lora_B_block_0/events.out.tfevents.1768387346.master-192-168-8-48.1680.2,qkv.lora_B,0
1768388369.932722,1715,53.625,0.12674301862716675,Grad/qkv.lora_B,outputs_dev/vitb16/T=vtab_Q=3bit_L=lora_2_qkv-fc1-proj-fc2/cifar/20260114184203_default_acc=53.50/tensorboard/Grad_qkv.lora_B_block_0/events.out.tfevents.1768387346.master-192-168-8-48.1680.2,qkv.lora_B,0
1768388370.3221745,1716,53.65625,0.2560608685016632,Grad/qkv.lora_B,outputs_dev/vitb16/T=vtab_Q=3bit_L=lora_2_qkv-fc1-proj-fc2/cifar/20260114184203_default_acc=53.50/tensorboard/Grad_qkv.lora_B_block_0/events.out.tfevents.1768387346.master-192-168-8-48.1680.2,qkv.lora_B,0
1768388370.712781,1717,53.6875,0.2882970869541168,Grad/qkv.lora_B,outputs_dev/vitb16/T=vtab_Q=3bit_L=lora_2_qkv-fc1-proj-fc2/cifar/20260114184203_default_acc=53.50/tensorboard/Grad_qkv.lora_B_block_0/events.out.tfevents.1768387346.master-192-168-8-48.1680.2,qkv.lora_B,0
1768388371.103658,1718,53.71875,0.24419602751731873,Grad/qkv.lora_B,outputs_dev/vitb16/T=vtab_Q=3bit_L=lora_2_qkv-fc1-proj-fc2/cifar/20260114184203_default_acc=53.50/tensorboard/Grad_qkv.lora_B_block_0/events.out.tfevents.1768387346.master-192-168-8-48.1680.2,qkv.lora_B,0
1768388371.4823177,1719,53.75,0.1560727208852768,Grad/qkv.lora_B,outputs_dev/vitb16/T=vtab_Q=3bit_L=lora_2_qkv-fc1-proj-fc2/cifar/20260114184203_default_acc=53.50/tensorboard/Grad_qkv.lora_B_block_0/events.out.tfevents.1768387346.master-192-168-8-48.1680.2,qkv.lora_B,0
1768388371.861249,1720,53.78125,0.09914936870336533,Grad/qkv.lora_B,outputs_dev/vitb16/T=vtab_Q=3bit_L=lora_2_qkv-fc1-proj-fc2/cifar/20260114184203_default_acc=53.50/tensorboard/Grad_qkv.lora_B_block_0/events.out.tfevents.1768387346.master-192-168-8-48.1680.2,qkv.lora_B,0
1768388372.2823937,1721,53.8125,0.32491451501846313,Grad/qkv.lora_B,outputs_dev/vitb16/T=vtab_Q=3bit_L=lora_2_qkv-fc1-proj-fc2/cifar/20260114184203_default_acc=53.50/tensorboard/Grad_qkv.lora_B_block_0/events.out.tfevents.1768387346.master-192-168-8-48.1680.2,qkv.lora_B,0
1768388372.6809149,1722,53.84375,0.10358534753322601,Grad/qkv.lora_B,outputs_dev/vitb16/T=vtab_Q=3bit_L=lora_2_qkv-fc1-proj-fc2/cifar/20260114184203_default_acc=53.50/tensorboard/Grad_qkv.lora_B_block_0/events.out.tfevents.1768387346.master-192-168-8-48.1680.2,qkv.lora_B,0
1768388373.0830414,1723,53.875,0.13921518623828888,Grad/qkv.lora_B,outputs_dev/vitb16/T=vtab_Q=3bit_L=lora_2_qkv-fc1-proj-fc2/cifar/20260114184203_default_acc=53.50/tensorboard/Grad_qkv.lora_B_block_0/events.out.tfevents.1768387346.master-192-168-8-48.1680.2,qkv.lora_B,0
1768388373.4836197,1724,53.90625,0.08441241085529327,Grad/qkv.lora_B,outputs_dev/vitb16/T=vtab_Q=3bit_L=lora_2_qkv-fc1-proj-fc2/cifar/20260114184203_default_acc=53.50/tensorboard/Grad_qkv.lora_B_block_0/events.out.tfevents.1768387346.master-192-168-8-48.1680.2,qkv.lora_B,0
1768388373.8840835,1725,53.9375,0.21191994845867157,Grad/qkv.lora_B,outputs_dev/vitb16/T=vtab_Q=3bit_L=lora_2_qkv-fc1-proj-fc2/cifar/20260114184203_default_acc=53.50/tensorboard/Grad_qkv.lora_B_block_0/events.out.tfevents.1768387346.master-192-168-8-48.1680.2,qkv.lora_B,0
1768388374.2825143,1726,53.96875,0.12929783761501312,Grad/qkv.lora_B,outputs_dev/vitb16/T=vtab_Q=3bit_L=lora_2_qkv-fc1-proj-fc2/cifar/20260114184203_default_acc=53.50/tensorboard/Grad_qkv.lora_B_block_0/events.out.tfevents.1768387346.master-192-168-8-48.1680.2,qkv.lora_B,0
1768388374.468851,1727,54.0,0.4104546904563904,Grad/qkv.lora_B,outputs_dev/vitb16/T=vtab_Q=3bit_L=lora_2_qkv-fc1-proj-fc2/cifar/20260114184203_default_acc=53.50/tensorboard/Grad_qkv.lora_B_block_0/events.out.tfevents.1768387346.master-192-168-8-48.1680.2,qkv.lora_B,0
1768388375.1448355,1728,54.03125,0.16417846083641052,Grad/qkv.lora_B,outputs_dev/vitb16/T=vtab_Q=3bit_L=lora_2_qkv-fc1-proj-fc2/cifar/20260114184203_default_acc=53.50/tensorboard/Grad_qkv.lora_B_block_0/events.out.tfevents.1768387346.master-192-168-8-48.1680.2,qkv.lora_B,0
1768388375.5425837,1729,54.0625,0.0760350450873375,Grad/qkv.lora_B,outputs_dev/vitb16/T=vtab_Q=3bit_L=lora_2_qkv-fc1-proj-fc2/cifar/20260114184203_default_acc=53.50/tensorboard/Grad_qkv.lora_B_block_0/events.out.tfevents.1768387346.master-192-168-8-48.1680.2,qkv.lora_B,0
1768388375.9415326,1730,54.09375,0.14284920692443848,Grad/qkv.lora_B,outputs_dev/vitb16/T=vtab_Q=3bit_L=lora_2_qkv-fc1-proj-fc2/cifar/20260114184203_default_acc=53.50/tensorboard/Grad_qkv.lora_B_block_0/events.out.tfevents.1768387346.master-192-168-8-48.1680.2,qkv.lora_B,0
1768388376.3531885,1731,54.125,0.21934561431407928,Grad/qkv.lora_B,outputs_dev/vitb16/T=vtab_Q=3bit_L=lora_2_qkv-fc1-proj-fc2/cifar/20260114184203_default_acc=53.50/tensorboard/Grad_qkv.lora_B_block_0/events.out.tfevents.1768387346.master-192-168-8-48.1680.2,qkv.lora_B,0
1768388376.7474194,1732,54.15625,0.10491634905338287,Grad/qkv.lora_B,outputs_dev/vitb16/T=vtab_Q=3bit_L=lora_2_qkv-fc1-proj-fc2/cifar/20260114184203_default_acc=53.50/tensorboard/Grad_qkv.lora_B_block_0/events.out.tfevents.1768387346.master-192-168-8-48.1680.2,qkv.lora_B,0
1768388377.153365,1733,54.1875,0.13956283032894135,Grad/qkv.lora_B,outputs_dev/vitb16/T=vtab_Q=3bit_L=lora_2_qkv-fc1-proj-fc2/cifar/20260114184203_default_acc=53.50/tensorboard/Grad_qkv.lora_B_block_0/events.out.tfevents.1768387346.master-192-168-8-48.1680.2,qkv.lora_B,0
1768388377.563727,1734,54.21875,0.06913541257381439,Grad/qkv.lora_B,outputs_dev/vitb16/T=vtab_Q=3bit_L=lora_2_qkv-fc1-proj-fc2/cifar/20260114184203_default_acc=53.50/tensorboard/Grad_qkv.lora_B_block_0/events.out.tfevents.1768387346.master-192-168-8-48.1680.2,qkv.lora_B,0
1768388377.9748228,1735,54.25,0.09594898670911789,Grad/qkv.lora_B,outputs_dev/vitb16/T=vtab_Q=3bit_L=lora_2_qkv-fc1-proj-fc2/cifar/20260114184203_default_acc=53.50/tensorboard/Grad_qkv.lora_B_block_0/events.out.tfevents.1768387346.master-192-168-8-48.1680.2,qkv.lora_B,0
1768388378.3669894,1736,54.28125,0.12267836928367615,Grad/qkv.lora_B,outputs_dev/vitb16/T=vtab_Q=3bit_L=lora_2_qkv-fc1-proj-fc2/cifar/20260114184203_default_acc=53.50/tensorboard/Grad_qkv.lora_B_block_0/events.out.tfevents.1768387346.master-192-168-8-48.1680.2,qkv.lora_B,0
1768388378.7491055,1737,54.3125,0.09493300318717957,Grad/qkv.lora_B,outputs_dev/vitb16/T=vtab_Q=3bit_L=lora_2_qkv-fc1-proj-fc2/cifar/20260114184203_default_acc=53.50/tensorboard/Grad_qkv.lora_B_block_0/events.out.tfevents.1768387346.master-192-168-8-48.1680.2,qkv.lora_B,0
1768388379.1407175,1738,54.34375,0.030786914750933647,Grad/qkv.lora_B,outputs_dev/vitb16/T=vtab_Q=3bit_L=lora_2_qkv-fc1-proj-fc2/cifar/20260114184203_default_acc=53.50/tensorboard/Grad_qkv.lora_B_block_0/events.out.tfevents.1768387346.master-192-168-8-48.1680.2,qkv.lora_B,0
1768388379.5370386,1739,54.375,0.2841027081012726,Grad/qkv.lora_B,outputs_dev/vitb16/T=vtab_Q=3bit_L=lora_2_qkv-fc1-proj-fc2/cifar/20260114184203_default_acc=53.50/tensorboard/Grad_qkv.lora_B_block_0/events.out.tfevents.1768387346.master-192-168-8-48.1680.2,qkv.lora_B,0
1768388379.9280202,1740,54.40625,0.1812170445919037,Grad/qkv.lora_B,outputs_dev/vitb16/T=vtab_Q=3bit_L=lora_2_qkv-fc1-proj-fc2/cifar/20260114184203_default_acc=53.50/tensorboard/Grad_qkv.lora_B_block_0/events.out.tfevents.1768387346.master-192-168-8-48.1680.2,qkv.lora_B,0
1768388380.3220413,1741,54.4375,0.1473538875579834,Grad/qkv.lora_B,outputs_dev/vitb16/T=vtab_Q=3bit_L=lora_2_qkv-fc1-proj-fc2/cifar/20260114184203_default_acc=53.50/tensorboard/Grad_qkv.lora_B_block_0/events.out.tfevents.1768387346.master-192-168-8-48.1680.2,qkv.lora_B,0
1768388380.7146842,1742,54.46875,0.08937229961156845,Grad/qkv.lora_B,outputs_dev/vitb16/T=vtab_Q=3bit_L=lora_2_qkv-fc1-proj-fc2/cifar/20260114184203_default_acc=53.50/tensorboard/Grad_qkv.lora_B_block_0/events.out.tfevents.1768387346.master-192-168-8-48.1680.2,qkv.lora_B,0
1768388381.1064274,1743,54.5,0.3500738739967346,Grad/qkv.lora_B,outputs_dev/vitb16/T=vtab_Q=3bit_L=lora_2_qkv-fc1-proj-fc2/cifar/20260114184203_default_acc=53.50/tensorboard/Grad_qkv.lora_B_block_0/events.out.tfevents.1768387346.master-192-168-8-48.1680.2,qkv.lora_B,0
1768388381.5053942,1744,54.53125,0.1304570734500885,Grad/qkv.lora_B,outputs_dev/vitb16/T=vtab_Q=3bit_L=lora_2_qkv-fc1-proj-fc2/cifar/20260114184203_default_acc=53.50/tensorboard/Grad_qkv.lora_B_block_0/events.out.tfevents.1768387346.master-192-168-8-48.1680.2,qkv.lora_B,0
1768388381.922029,1745,54.5625,0.16063785552978516,Grad/qkv.lora_B,outputs_dev/vitb16/T=vtab_Q=3bit_L=lora_2_qkv-fc1-proj-fc2/cifar/20260114184203_default_acc=53.50/tensorboard/Grad_qkv.lora_B_block_0/events.out.tfevents.1768387346.master-192-168-8-48.1680.2,qkv.lora_B,0
1768388382.32754,1746,54.59375,0.6665250062942505,Grad/qkv.lora_B,outputs_dev/vitb16/T=vtab_Q=3bit_L=lora_2_qkv-fc1-proj-fc2/cifar/20260114184203_default_acc=53.50/tensorboard/Grad_qkv.lora_B_block_0/events.out.tfevents.1768387346.master-192-168-8-48.1680.2,qkv.lora_B,0
1768388382.7225556,1747,54.625,0.15806639194488525,Grad/qkv.lora_B,outputs_dev/vitb16/T=vtab_Q=3bit_L=lora_2_qkv-fc1-proj-fc2/cifar/20260114184203_default_acc=53.50/tensorboard/Grad_qkv.lora_B_block_0/events.out.tfevents.1768387346.master-192-168-8-48.1680.2,qkv.lora_B,0
1768388383.1278267,1748,54.65625,0.22014287114143372,Grad/qkv.lora_B,outputs_dev/vitb16/T=vtab_Q=3bit_L=lora_2_qkv-fc1-proj-fc2/cifar/20260114184203_default_acc=53.50/tensorboard/Grad_qkv.lora_B_block_0/events.out.tfevents.1768387346.master-192-168-8-48.1680.2,qkv.lora_B,0
1768388383.5238645,1749,54.6875,0.0499427355825901,Grad/qkv.lora_B,outputs_dev/vitb16/T=vtab_Q=3bit_L=lora_2_qkv-fc1-proj-fc2/cifar/20260114184203_default_acc=53.50/tensorboard/Grad_qkv.lora_B_block_0/events.out.tfevents.1768387346.master-192-168-8-48.1680.2,qkv.lora_B,0
1768388383.9132082,1750,54.71875,0.1883964091539383,Grad/qkv.lora_B,outputs_dev/vitb16/T=vtab_Q=3bit_L=lora_2_qkv-fc1-proj-fc2/cifar/20260114184203_default_acc=53.50/tensorboard/Grad_qkv.lora_B_block_0/events.out.tfevents.1768387346.master-192-168-8-48.1680.2,qkv.lora_B,0
1768388384.316342,1751,54.75,0.043881841003894806,Grad/qkv.lora_B,outputs_dev/vitb16/T=vtab_Q=3bit_L=lora_2_qkv-fc1-proj-fc2/cifar/20260114184203_default_acc=53.50/tensorboard/Grad_qkv.lora_B_block_0/events.out.tfevents.1768387346.master-192-168-8-48.1680.2,qkv.lora_B,0
1768388384.7237937,1752,54.78125,0.12036694586277008,Grad/qkv.lora_B,outputs_dev/vitb16/T=vtab_Q=3bit_L=lora_2_qkv-fc1-proj-fc2/cifar/20260114184203_default_acc=53.50/tensorboard/Grad_qkv.lora_B_block_0/events.out.tfevents.1768387346.master-192-168-8-48.1680.2,qkv.lora_B,0
1768388385.1050477,1753,54.8125,0.13791733980178833,Grad/qkv.lora_B,outputs_dev/vitb16/T=vtab_Q=3bit_L=lora_2_qkv-fc1-proj-fc2/cifar/20260114184203_default_acc=53.50/tensorboard/Grad_qkv.lora_B_block_0/events.out.tfevents.1768387346.master-192-168-8-48.1680.2,qkv.lora_B,0
1768388385.5090723,1754,54.84375,0.045947812497615814,Grad/qkv.lora_B,outputs_dev/vitb16/T=vtab_Q=3bit_L=lora_2_qkv-fc1-proj-fc2/cifar/20260114184203_default_acc=53.50/tensorboard/Grad_qkv.lora_B_block_0/events.out.tfevents.1768387346.master-192-168-8-48.1680.2,qkv.lora_B,0
1768388385.8935697,1755,54.875,0.15382850170135498,Grad/qkv.lora_B,outputs_dev/vitb16/T=vtab_Q=3bit_L=lora_2_qkv-fc1-proj-fc2/cifar/20260114184203_default_acc=53.50/tensorboard/Grad_qkv.lora_B_block_0/events.out.tfevents.1768387346.master-192-168-8-48.1680.2,qkv.lora_B,0
1768388386.2790308,1756,54.90625,0.18309050798416138,Grad/qkv.lora_B,outputs_dev/vitb16/T=vtab_Q=3bit_L=lora_2_qkv-fc1-proj-fc2/cifar/20260114184203_default_acc=53.50/tensorboard/Grad_qkv.lora_B_block_0/events.out.tfevents.1768387346.master-192-168-8-48.1680.2,qkv.lora_B,0
1768388386.682891,1757,54.9375,0.07586852461099625,Grad/qkv.lora_B,outputs_dev/vitb16/T=vtab_Q=3bit_L=lora_2_qkv-fc1-proj-fc2/cifar/20260114184203_default_acc=53.50/tensorboard/Grad_qkv.lora_B_block_0/events.out.tfevents.1768387346.master-192-168-8-48.1680.2,qkv.lora_B,0
1768388387.0868819,1758,54.96875,0.14579005539417267,Grad/qkv.lora_B,outputs_dev/vitb16/T=vtab_Q=3bit_L=lora_2_qkv-fc1-proj-fc2/cifar/20260114184203_default_acc=53.50/tensorboard/Grad_qkv.lora_B_block_0/events.out.tfevents.1768387346.master-192-168-8-48.1680.2,qkv.lora_B,0
1768388387.2680802,1759,55.0,0.050052084028720856,Grad/qkv.lora_B,outputs_dev/vitb16/T=vtab_Q=3bit_L=lora_2_qkv-fc1-proj-fc2/cifar/20260114184203_default_acc=53.50/tensorboard/Grad_qkv.lora_B_block_0/events.out.tfevents.1768387346.master-192-168-8-48.1680.2,qkv.lora_B,0
1768388387.8946195,1760,55.03125,0.03504559025168419,Grad/qkv.lora_B,outputs_dev/vitb16/T=vtab_Q=3bit_L=lora_2_qkv-fc1-proj-fc2/cifar/20260114184203_default_acc=53.50/tensorboard/Grad_qkv.lora_B_block_0/events.out.tfevents.1768387346.master-192-168-8-48.1680.2,qkv.lora_B,0
1768388388.3027692,1761,55.0625,0.20764878392219543,Grad/qkv.lora_B,outputs_dev/vitb16/T=vtab_Q=3bit_L=lora_2_qkv-fc1-proj-fc2/cifar/20260114184203_default_acc=53.50/tensorboard/Grad_qkv.lora_B_block_0/events.out.tfevents.1768387346.master-192-168-8-48.1680.2,qkv.lora_B,0
1768388388.710939,1762,55.09375,0.1517505794763565,Grad/qkv.lora_B,outputs_dev/vitb16/T=vtab_Q=3bit_L=lora_2_qkv-fc1-proj-fc2/cifar/20260114184203_default_acc=53.50/tensorboard/Grad_qkv.lora_B_block_0/events.out.tfevents.1768387346.master-192-168-8-48.1680.2,qkv.lora_B,0
1768388389.0991237,1763,55.125,0.05754784122109413,Grad/qkv.lora_B,outputs_dev/vitb16/T=vtab_Q=3bit_L=lora_2_qkv-fc1-proj-fc2/cifar/20260114184203_default_acc=53.50/tensorboard/Grad_qkv.lora_B_block_0/events.out.tfevents.1768387346.master-192-168-8-48.1680.2,qkv.lora_B,0
1768388389.4762015,1764,55.15625,0.04081985726952553,Grad/qkv.lora_B,outputs_dev/vitb16/T=vtab_Q=3bit_L=lora_2_qkv-fc1-proj-fc2/cifar/20260114184203_default_acc=53.50/tensorboard/Grad_qkv.lora_B_block_0/events.out.tfevents.1768387346.master-192-168-8-48.1680.2,qkv.lora_B,0
1768388389.8533828,1765,55.1875,0.09077590703964233,Grad/qkv.lora_B,outputs_dev/vitb16/T=vtab_Q=3bit_L=lora_2_qkv-fc1-proj-fc2/cifar/20260114184203_default_acc=53.50/tensorboard/Grad_qkv.lora_B_block_0/events.out.tfevents.1768387346.master-192-168-8-48.1680.2,qkv.lora_B,0
1768388390.2421424,1766,55.21875,0.06472396105527878,Grad/qkv.lora_B,outputs_dev/vitb16/T=vtab_Q=3bit_L=lora_2_qkv-fc1-proj-fc2/cifar/20260114184203_default_acc=53.50/tensorboard/Grad_qkv.lora_B_block_0/events.out.tfevents.1768387346.master-192-168-8-48.1680.2,qkv.lora_B,0
1768388390.6302404,1767,55.25,0.21956588327884674,Grad/qkv.lora_B,outputs_dev/vitb16/T=vtab_Q=3bit_L=lora_2_qkv-fc1-proj-fc2/cifar/20260114184203_default_acc=53.50/tensorboard/Grad_qkv.lora_B_block_0/events.out.tfevents.1768387346.master-192-168-8-48.1680.2,qkv.lora_B,0
1768388391.0160475,1768,55.28125,0.1739170253276825,Grad/qkv.lora_B,outputs_dev/vitb16/T=vtab_Q=3bit_L=lora_2_qkv-fc1-proj-fc2/cifar/20260114184203_default_acc=53.50/tensorboard/Grad_qkv.lora_B_block_0/events.out.tfevents.1768387346.master-192-168-8-48.1680.2,qkv.lora_B,0
1768388391.4076054,1769,55.3125,0.053285907953977585,Grad/qkv.lora_B,outputs_dev/vitb16/T=vtab_Q=3bit_L=lora_2_qkv-fc1-proj-fc2/cifar/20260114184203_default_acc=53.50/tensorboard/Grad_qkv.lora_B_block_0/events.out.tfevents.1768387346.master-192-168-8-48.1680.2,qkv.lora_B,0
1768388391.7977555,1770,55.34375,0.1746399700641632,Grad/qkv.lora_B,outputs_dev/vitb16/T=vtab_Q=3bit_L=lora_2_qkv-fc1-proj-fc2/cifar/20260114184203_default_acc=53.50/tensorboard/Grad_qkv.lora_B_block_0/events.out.tfevents.1768387346.master-192-168-8-48.1680.2,qkv.lora_B,0
1768388392.1928306,1771,55.375,0.22796891629695892,Grad/qkv.lora_B,outputs_dev/vitb16/T=vtab_Q=3bit_L=lora_2_qkv-fc1-proj-fc2/cifar/20260114184203_default_acc=53.50/tensorboard/Grad_qkv.lora_B_block_0/events.out.tfevents.1768387346.master-192-168-8-48.1680.2,qkv.lora_B,0
1768388392.5844936,1772,55.40625,0.10977520793676376,Grad/qkv.lora_B,outputs_dev/vitb16/T=vtab_Q=3bit_L=lora_2_qkv-fc1-proj-fc2/cifar/20260114184203_default_acc=53.50/tensorboard/Grad_qkv.lora_B_block_0/events.out.tfevents.1768387346.master-192-168-8-48.1680.2,qkv.lora_B,0
1768388392.9754493,1773,55.4375,0.1331237554550171,Grad/qkv.lora_B,outputs_dev/vitb16/T=vtab_Q=3bit_L=lora_2_qkv-fc1-proj-fc2/cifar/20260114184203_default_acc=53.50/tensorboard/Grad_qkv.lora_B_block_0/events.out.tfevents.1768387346.master-192-168-8-48.1680.2,qkv.lora_B,0
1768388393.366869,1774,55.46875,0.12389961630105972,Grad/qkv.lora_B,outputs_dev/vitb16/T=vtab_Q=3bit_L=lora_2_qkv-fc1-proj-fc2/cifar/20260114184203_default_acc=53.50/tensorboard/Grad_qkv.lora_B_block_0/events.out.tfevents.1768387346.master-192-168-8-48.1680.2,qkv.lora_B,0
1768388393.7627041,1775,55.5,0.12905004620552063,Grad/qkv.lora_B,outputs_dev/vitb16/T=vtab_Q=3bit_L=lora_2_qkv-fc1-proj-fc2/cifar/20260114184203_default_acc=53.50/tensorboard/Grad_qkv.lora_B_block_0/events.out.tfevents.1768387346.master-192-168-8-48.1680.2,qkv.lora_B,0
1768388394.1679378,1776,55.53125,0.07887201756238937,Grad/qkv.lora_B,outputs_dev/vitb16/T=vtab_Q=3bit_L=lora_2_qkv-fc1-proj-fc2/cifar/20260114184203_default_acc=53.50/tensorboard/Grad_qkv.lora_B_block_0/events.out.tfevents.1768387346.master-192-168-8-48.1680.2,qkv.lora_B,0
1768388394.5728614,1777,55.5625,0.2028161585330963,Grad/qkv.lora_B,outputs_dev/vitb16/T=vtab_Q=3bit_L=lora_2_qkv-fc1-proj-fc2/cifar/20260114184203_default_acc=53.50/tensorboard/Grad_qkv.lora_B_block_0/events.out.tfevents.1768387346.master-192-168-8-48.1680.2,qkv.lora_B,0
1768388394.9779704,1778,55.59375,0.1415126770734787,Grad/qkv.lora_B,outputs_dev/vitb16/T=vtab_Q=3bit_L=lora_2_qkv-fc1-proj-fc2/cifar/20260114184203_default_acc=53.50/tensorboard/Grad_qkv.lora_B_block_0/events.out.tfevents.1768387346.master-192-168-8-48.1680.2,qkv.lora_B,0
1768388395.3795094,1779,55.625,0.0453016497194767,Grad/qkv.lora_B,outputs_dev/vitb16/T=vtab_Q=3bit_L=lora_2_qkv-fc1-proj-fc2/cifar/20260114184203_default_acc=53.50/tensorboard/Grad_qkv.lora_B_block_0/events.out.tfevents.1768387346.master-192-168-8-48.1680.2,qkv.lora_B,0
1768388395.7682035,1780,55.65625,0.2309282124042511,Grad/qkv.lora_B,outputs_dev/vitb16/T=vtab_Q=3bit_L=lora_2_qkv-fc1-proj-fc2/cifar/20260114184203_default_acc=53.50/tensorboard/Grad_qkv.lora_B_block_0/events.out.tfevents.1768387346.master-192-168-8-48.1680.2,qkv.lora_B,0
1768388396.1651707,1781,55.6875,0.09337168186903,Grad/qkv.lora_B,outputs_dev/vitb16/T=vtab_Q=3bit_L=lora_2_qkv-fc1-proj-fc2/cifar/20260114184203_default_acc=53.50/tensorboard/Grad_qkv.lora_B_block_0/events.out.tfevents.1768387346.master-192-168-8-48.1680.2,qkv.lora_B,0
1768388396.5737123,1782,55.71875,0.4251355230808258,Grad/qkv.lora_B,outputs_dev/vitb16/T=vtab_Q=3bit_L=lora_2_qkv-fc1-proj-fc2/cifar/20260114184203_default_acc=53.50/tensorboard/Grad_qkv.lora_B_block_0/events.out.tfevents.1768387346.master-192-168-8-48.1680.2,qkv.lora_B,0
1768388396.9563785,1783,55.75,0.20496049523353577,Grad/qkv.lora_B,outputs_dev/vitb16/T=vtab_Q=3bit_L=lora_2_qkv-fc1-proj-fc2/cifar/20260114184203_default_acc=53.50/tensorboard/Grad_qkv.lora_B_block_0/events.out.tfevents.1768387346.master-192-168-8-48.1680.2,qkv.lora_B,0
1768388397.3615298,1784,55.78125,0.09360550343990326,Grad/qkv.lora_B,outputs_dev/vitb16/T=vtab_Q=3bit_L=lora_2_qkv-fc1-proj-fc2/cifar/20260114184203_default_acc=53.50/tensorboard/Grad_qkv.lora_B_block_0/events.out.tfevents.1768387346.master-192-168-8-48.1680.2,qkv.lora_B,0
1768388397.7547517,1785,55.8125,0.25027769804000854,Grad/qkv.lora_B,outputs_dev/vitb16/T=vtab_Q=3bit_L=lora_2_qkv-fc1-proj-fc2/cifar/20260114184203_default_acc=53.50/tensorboard/Grad_qkv.lora_B_block_0/events.out.tfevents.1768387346.master-192-168-8-48.1680.2,qkv.lora_B,0
1768388398.1511862,1786,55.84375,0.06382185965776443,Grad/qkv.lora_B,outputs_dev/vitb16/T=vtab_Q=3bit_L=lora_2_qkv-fc1-proj-fc2/cifar/20260114184203_default_acc=53.50/tensorboard/Grad_qkv.lora_B_block_0/events.out.tfevents.1768387346.master-192-168-8-48.1680.2,qkv.lora_B,0
1768388398.5403156,1787,55.875,0.044580213725566864,Grad/qkv.lora_B,outputs_dev/vitb16/T=vtab_Q=3bit_L=lora_2_qkv-fc1-proj-fc2/cifar/20260114184203_default_acc=53.50/tensorboard/Grad_qkv.lora_B_block_0/events.out.tfevents.1768387346.master-192-168-8-48.1680.2,qkv.lora_B,0
1768388398.9297907,1788,55.90625,0.2243255376815796,Grad/qkv.lora_B,outputs_dev/vitb16/T=vtab_Q=3bit_L=lora_2_qkv-fc1-proj-fc2/cifar/20260114184203_default_acc=53.50/tensorboard/Grad_qkv.lora_B_block_0/events.out.tfevents.1768387346.master-192-168-8-48.1680.2,qkv.lora_B,0
1768388399.319356,1789,55.9375,0.08935339748859406,Grad/qkv.lora_B,outputs_dev/vitb16/T=vtab_Q=3bit_L=lora_2_qkv-fc1-proj-fc2/cifar/20260114184203_default_acc=53.50/tensorboard/Grad_qkv.lora_B_block_0/events.out.tfevents.1768387346.master-192-168-8-48.1680.2,qkv.lora_B,0
1768388399.7225795,1790,55.96875,0.25507381558418274,Grad/qkv.lora_B,outputs_dev/vitb16/T=vtab_Q=3bit_L=lora_2_qkv-fc1-proj-fc2/cifar/20260114184203_default_acc=53.50/tensorboard/Grad_qkv.lora_B_block_0/events.out.tfevents.1768387346.master-192-168-8-48.1680.2,qkv.lora_B,0
1768388399.9283066,1791,56.0,0.13077561557292938,Grad/qkv.lora_B,outputs_dev/vitb16/T=vtab_Q=3bit_L=lora_2_qkv-fc1-proj-fc2/cifar/20260114184203_default_acc=53.50/tensorboard/Grad_qkv.lora_B_block_0/events.out.tfevents.1768387346.master-192-168-8-48.1680.2,qkv.lora_B,0
1768388400.5013895,1792,56.03125,0.06165436655282974,Grad/qkv.lora_B,outputs_dev/vitb16/T=vtab_Q=3bit_L=lora_2_qkv-fc1-proj-fc2/cifar/20260114184203_default_acc=53.50/tensorboard/Grad_qkv.lora_B_block_0/events.out.tfevents.1768387346.master-192-168-8-48.1680.2,qkv.lora_B,0
1768388400.9062197,1793,56.0625,0.058543119579553604,Grad/qkv.lora_B,outputs_dev/vitb16/T=vtab_Q=3bit_L=lora_2_qkv-fc1-proj-fc2/cifar/20260114184203_default_acc=53.50/tensorboard/Grad_qkv.lora_B_block_0/events.out.tfevents.1768387346.master-192-168-8-48.1680.2,qkv.lora_B,0
1768388401.3032153,1794,56.09375,0.09620210528373718,Grad/qkv.lora_B,outputs_dev/vitb16/T=vtab_Q=3bit_L=lora_2_qkv-fc1-proj-fc2/cifar/20260114184203_default_acc=53.50/tensorboard/Grad_qkv.lora_B_block_0/events.out.tfevents.1768387346.master-192-168-8-48.1680.2,qkv.lora_B,0
1768388401.7181232,1795,56.125,0.34938332438468933,Grad/qkv.lora_B,outputs_dev/vitb16/T=vtab_Q=3bit_L=lora_2_qkv-fc1-proj-fc2/cifar/20260114184203_default_acc=53.50/tensorboard/Grad_qkv.lora_B_block_0/events.out.tfevents.1768387346.master-192-168-8-48.1680.2,qkv.lora_B,0
1768388402.1176586,1796,56.15625,0.32259342074394226,Grad/qkv.lora_B,outputs_dev/vitb16/T=vtab_Q=3bit_L=lora_2_qkv-fc1-proj-fc2/cifar/20260114184203_default_acc=53.50/tensorboard/Grad_qkv.lora_B_block_0/events.out.tfevents.1768387346.master-192-168-8-48.1680.2,qkv.lora_B,0
1768388402.5179331,1797,56.1875,0.17378127574920654,Grad/qkv.lora_B,outputs_dev/vitb16/T=vtab_Q=3bit_L=lora_2_qkv-fc1-proj-fc2/cifar/20260114184203_default_acc=53.50/tensorboard/Grad_qkv.lora_B_block_0/events.out.tfevents.1768387346.master-192-168-8-48.1680.2,qkv.lora_B,0
1768388402.9131095,1798,56.21875,0.2981947660446167,Grad/qkv.lora_B,outputs_dev/vitb16/T=vtab_Q=3bit_L=lora_2_qkv-fc1-proj-fc2/cifar/20260114184203_default_acc=53.50/tensorboard/Grad_qkv.lora_B_block_0/events.out.tfevents.1768387346.master-192-168-8-48.1680.2,qkv.lora_B,0
1768388403.3116395,1799,56.25,0.10670475661754608,Grad/qkv.lora_B,outputs_dev/vitb16/T=vtab_Q=3bit_L=lora_2_qkv-fc1-proj-fc2/cifar/20260114184203_default_acc=53.50/tensorboard/Grad_qkv.lora_B_block_0/events.out.tfevents.1768387346.master-192-168-8-48.1680.2,qkv.lora_B,0
1768388403.7083707,1800,56.28125,0.2838120460510254,Grad/qkv.lora_B,outputs_dev/vitb16/T=vtab_Q=3bit_L=lora_2_qkv-fc1-proj-fc2/cifar/20260114184203_default_acc=53.50/tensorboard/Grad_qkv.lora_B_block_0/events.out.tfevents.1768387346.master-192-168-8-48.1680.2,qkv.lora_B,0
1768388404.1041217,1801,56.3125,0.061543580144643784,Grad/qkv.lora_B,outputs_dev/vitb16/T=vtab_Q=3bit_L=lora_2_qkv-fc1-proj-fc2/cifar/20260114184203_default_acc=53.50/tensorboard/Grad_qkv.lora_B_block_0/events.out.tfevents.1768387346.master-192-168-8-48.1680.2,qkv.lora_B,0
1768388404.4995127,1802,56.34375,0.062376778572797775,Grad/qkv.lora_B,outputs_dev/vitb16/T=vtab_Q=3bit_L=lora_2_qkv-fc1-proj-fc2/cifar/20260114184203_default_acc=53.50/tensorboard/Grad_qkv.lora_B_block_0/events.out.tfevents.1768387346.master-192-168-8-48.1680.2,qkv.lora_B,0
1768388404.886229,1803,56.375,0.14170123636722565,Grad/qkv.lora_B,outputs_dev/vitb16/T=vtab_Q=3bit_L=lora_2_qkv-fc1-proj-fc2/cifar/20260114184203_default_acc=53.50/tensorboard/Grad_qkv.lora_B_block_0/events.out.tfevents.1768387346.master-192-168-8-48.1680.2,qkv.lora_B,0
1768388405.2811093,1804,56.40625,0.04195394366979599,Grad/qkv.lora_B,outputs_dev/vitb16/T=vtab_Q=3bit_L=lora_2_qkv-fc1-proj-fc2/cifar/20260114184203_default_acc=53.50/tensorboard/Grad_qkv.lora_B_block_0/events.out.tfevents.1768387346.master-192-168-8-48.1680.2,qkv.lora_B,0
1768388405.6971354,1805,56.4375,0.28073543310165405,Grad/qkv.lora_B,outputs_dev/vitb16/T=vtab_Q=3bit_L=lora_2_qkv-fc1-proj-fc2/cifar/20260114184203_default_acc=53.50/tensorboard/Grad_qkv.lora_B_block_0/events.out.tfevents.1768387346.master-192-168-8-48.1680.2,qkv.lora_B,0
1768388406.1016972,1806,56.46875,0.12976662814617157,Grad/qkv.lora_B,outputs_dev/vitb16/T=vtab_Q=3bit_L=lora_2_qkv-fc1-proj-fc2/cifar/20260114184203_default_acc=53.50/tensorboard/Grad_qkv.lora_B_block_0/events.out.tfevents.1768387346.master-192-168-8-48.1680.2,qkv.lora_B,0
1768388406.495928,1807,56.5,0.0895923376083374,Grad/qkv.lora_B,outputs_dev/vitb16/T=vtab_Q=3bit_L=lora_2_qkv-fc1-proj-fc2/cifar/20260114184203_default_acc=53.50/tensorboard/Grad_qkv.lora_B_block_0/events.out.tfevents.1768387346.master-192-168-8-48.1680.2,qkv.lora_B,0
1768388406.898491,1808,56.53125,0.12029408663511276,Grad/qkv.lora_B,outputs_dev/vitb16/T=vtab_Q=3bit_L=lora_2_qkv-fc1-proj-fc2/cifar/20260114184203_default_acc=53.50/tensorboard/Grad_qkv.lora_B_block_0/events.out.tfevents.1768387346.master-192-168-8-48.1680.2,qkv.lora_B,0
1768388407.3033817,1809,56.5625,0.5365119576454163,Grad/qkv.lora_B,outputs_dev/vitb16/T=vtab_Q=3bit_L=lora_2_qkv-fc1-proj-fc2/cifar/20260114184203_default_acc=53.50/tensorboard/Grad_qkv.lora_B_block_0/events.out.tfevents.1768387346.master-192-168-8-48.1680.2,qkv.lora_B,0
1768388407.7765334,1810,56.59375,0.1429637223482132,Grad/qkv.lora_B,outputs_dev/vitb16/T=vtab_Q=3bit_L=lora_2_qkv-fc1-proj-fc2/cifar/20260114184203_default_acc=53.50/tensorboard/Grad_qkv.lora_B_block_0/events.out.tfevents.1768387346.master-192-168-8-48.1680.2,qkv.lora_B,0
1768388408.180491,1811,56.625,0.27414408326148987,Grad/qkv.lora_B,outputs_dev/vitb16/T=vtab_Q=3bit_L=lora_2_qkv-fc1-proj-fc2/cifar/20260114184203_default_acc=53.50/tensorboard/Grad_qkv.lora_B_block_0/events.out.tfevents.1768387346.master-192-168-8-48.1680.2,qkv.lora_B,0
1768388408.5839334,1812,56.65625,0.055302366614341736,Grad/qkv.lora_B,outputs_dev/vitb16/T=vtab_Q=3bit_L=lora_2_qkv-fc1-proj-fc2/cifar/20260114184203_default_acc=53.50/tensorboard/Grad_qkv.lora_B_block_0/events.out.tfevents.1768387346.master-192-168-8-48.1680.2,qkv.lora_B,0
1768388408.990954,1813,56.6875,0.08264260739088058,Grad/qkv.lora_B,outputs_dev/vitb16/T=vtab_Q=3bit_L=lora_2_qkv-fc1-proj-fc2/cifar/20260114184203_default_acc=53.50/tensorboard/Grad_qkv.lora_B_block_0/events.out.tfevents.1768387346.master-192-168-8-48.1680.2,qkv.lora_B,0
1768388409.366231,1814,56.71875,0.3492297828197479,Grad/qkv.lora_B,outputs_dev/vitb16/T=vtab_Q=3bit_L=lora_2_qkv-fc1-proj-fc2/cifar/20260114184203_default_acc=53.50/tensorboard/Grad_qkv.lora_B_block_0/events.out.tfevents.1768387346.master-192-168-8-48.1680.2,qkv.lora_B,0
1768388409.778025,1815,56.75,0.24016956984996796,Grad/qkv.lora_B,outputs_dev/vitb16/T=vtab_Q=3bit_L=lora_2_qkv-fc1-proj-fc2/cifar/20260114184203_default_acc=53.50/tensorboard/Grad_qkv.lora_B_block_0/events.out.tfevents.1768387346.master-192-168-8-48.1680.2,qkv.lora_B,0
1768388410.172977,1816,56.78125,0.06761250644922256,Grad/qkv.lora_B,outputs_dev/vitb16/T=vtab_Q=3bit_L=lora_2_qkv-fc1-proj-fc2/cifar/20260114184203_default_acc=53.50/tensorboard/Grad_qkv.lora_B_block_0/events.out.tfevents.1768387346.master-192-168-8-48.1680.2,qkv.lora_B,0
1768388410.5571878,1817,56.8125,0.10009167343378067,Grad/qkv.lora_B,outputs_dev/vitb16/T=vtab_Q=3bit_L=lora_2_qkv-fc1-proj-fc2/cifar/20260114184203_default_acc=53.50/tensorboard/Grad_qkv.lora_B_block_0/events.out.tfevents.1768387346.master-192-168-8-48.1680.2,qkv.lora_B,0
1768388410.9639525,1818,56.84375,0.07828855514526367,Grad/qkv.lora_B,outputs_dev/vitb16/T=vtab_Q=3bit_L=lora_2_qkv-fc1-proj-fc2/cifar/20260114184203_default_acc=53.50/tensorboard/Grad_qkv.lora_B_block_0/events.out.tfevents.1768387346.master-192-168-8-48.1680.2,qkv.lora_B,0
1768388411.3408659,1819,56.875,0.08037274330854416,Grad/qkv.lora_B,outputs_dev/vitb16/T=vtab_Q=3bit_L=lora_2_qkv-fc1-proj-fc2/cifar/20260114184203_default_acc=53.50/tensorboard/Grad_qkv.lora_B_block_0/events.out.tfevents.1768387346.master-192-168-8-48.1680.2,qkv.lora_B,0
1768388411.7176251,1820,56.90625,0.12866657972335815,Grad/qkv.lora_B,outputs_dev/vitb16/T=vtab_Q=3bit_L=lora_2_qkv-fc1-proj-fc2/cifar/20260114184203_default_acc=53.50/tensorboard/Grad_qkv.lora_B_block_0/events.out.tfevents.1768387346.master-192-168-8-48.1680.2,qkv.lora_B,0
1768388412.1230257,1821,56.9375,0.05238999053835869,Grad/qkv.lora_B,outputs_dev/vitb16/T=vtab_Q=3bit_L=lora_2_qkv-fc1-proj-fc2/cifar/20260114184203_default_acc=53.50/tensorboard/Grad_qkv.lora_B_block_0/events.out.tfevents.1768387346.master-192-168-8-48.1680.2,qkv.lora_B,0
1768388412.4982202,1822,56.96875,0.09506388008594513,Grad/qkv.lora_B,outputs_dev/vitb16/T=vtab_Q=3bit_L=lora_2_qkv-fc1-proj-fc2/cifar/20260114184203_default_acc=53.50/tensorboard/Grad_qkv.lora_B_block_0/events.out.tfevents.1768387346.master-192-168-8-48.1680.2,qkv.lora_B,0
1768388412.6591918,1823,57.0,0.1823846399784088,Grad/qkv.lora_B,outputs_dev/vitb16/T=vtab_Q=3bit_L=lora_2_qkv-fc1-proj-fc2/cifar/20260114184203_default_acc=53.50/tensorboard/Grad_qkv.lora_B_block_0/events.out.tfevents.1768387346.master-192-168-8-48.1680.2,qkv.lora_B,0
1768388413.248693,1824,57.03125,0.2782559394836426,Grad/qkv.lora_B,outputs_dev/vitb16/T=vtab_Q=3bit_L=lora_2_qkv-fc1-proj-fc2/cifar/20260114184203_default_acc=53.50/tensorboard/Grad_qkv.lora_B_block_0/events.out.tfevents.1768387346.master-192-168-8-48.1680.2,qkv.lora_B,0
1768388413.6334586,1825,57.0625,0.1430538445711136,Grad/qkv.lora_B,outputs_dev/vitb16/T=vtab_Q=3bit_L=lora_2_qkv-fc1-proj-fc2/cifar/20260114184203_default_acc=53.50/tensorboard/Grad_qkv.lora_B_block_0/events.out.tfevents.1768387346.master-192-168-8-48.1680.2,qkv.lora_B,0
1768388414.0150886,1826,57.09375,0.18836908042430878,Grad/qkv.lora_B,outputs_dev/vitb16/T=vtab_Q=3bit_L=lora_2_qkv-fc1-proj-fc2/cifar/20260114184203_default_acc=53.50/tensorboard/Grad_qkv.lora_B_block_0/events.out.tfevents.1768387346.master-192-168-8-48.1680.2,qkv.lora_B,0
1768388414.409785,1827,57.125,0.05795573815703392,Grad/qkv.lora_B,outputs_dev/vitb16/T=vtab_Q=3bit_L=lora_2_qkv-fc1-proj-fc2/cifar/20260114184203_default_acc=53.50/tensorboard/Grad_qkv.lora_B_block_0/events.out.tfevents.1768387346.master-192-168-8-48.1680.2,qkv.lora_B,0
1768388414.8202355,1828,57.15625,0.05288328602910042,Grad/qkv.lora_B,outputs_dev/vitb16/T=vtab_Q=3bit_L=lora_2_qkv-fc1-proj-fc2/cifar/20260114184203_default_acc=53.50/tensorboard/Grad_qkv.lora_B_block_0/events.out.tfevents.1768387346.master-192-168-8-48.1680.2,qkv.lora_B,0
1768388415.2101238,1829,57.1875,0.10736091434955597,Grad/qkv.lora_B,outputs_dev/vitb16/T=vtab_Q=3bit_L=lora_2_qkv-fc1-proj-fc2/cifar/20260114184203_default_acc=53.50/tensorboard/Grad_qkv.lora_B_block_0/events.out.tfevents.1768387346.master-192-168-8-48.1680.2,qkv.lora_B,0
1768388415.598097,1830,57.21875,0.16471616923809052,Grad/qkv.lora_B,outputs_dev/vitb16/T=vtab_Q=3bit_L=lora_2_qkv-fc1-proj-fc2/cifar/20260114184203_default_acc=53.50/tensorboard/Grad_qkv.lora_B_block_0/events.out.tfevents.1768387346.master-192-168-8-48.1680.2,qkv.lora_B,0
1768388415.9729133,1831,57.25,0.14000274240970612,Grad/qkv.lora_B,outputs_dev/vitb16/T=vtab_Q=3bit_L=lora_2_qkv-fc1-proj-fc2/cifar/20260114184203_default_acc=53.50/tensorboard/Grad_qkv.lora_B_block_0/events.out.tfevents.1768387346.master-192-168-8-48.1680.2,qkv.lora_B,0
1768388416.374725,1832,57.28125,0.06491506099700928,Grad/qkv.lora_B,outputs_dev/vitb16/T=vtab_Q=3bit_L=lora_2_qkv-fc1-proj-fc2/cifar/20260114184203_default_acc=53.50/tensorboard/Grad_qkv.lora_B_block_0/events.out.tfevents.1768387346.master-192-168-8-48.1680.2,qkv.lora_B,0
1768388416.7613964,1833,57.3125,0.053829897195100784,Grad/qkv.lora_B,outputs_dev/vitb16/T=vtab_Q=3bit_L=lora_2_qkv-fc1-proj-fc2/cifar/20260114184203_default_acc=53.50/tensorboard/Grad_qkv.lora_B_block_0/events.out.tfevents.1768387346.master-192-168-8-48.1680.2,qkv.lora_B,0
1768388417.1626055,1834,57.34375,0.04550991952419281,Grad/qkv.lora_B,outputs_dev/vitb16/T=vtab_Q=3bit_L=lora_2_qkv-fc1-proj-fc2/cifar/20260114184203_default_acc=53.50/tensorboard/Grad_qkv.lora_B_block_0/events.out.tfevents.1768387346.master-192-168-8-48.1680.2,qkv.lora_B,0
1768388417.5438612,1835,57.375,0.37445831298828125,Grad/qkv.lora_B,outputs_dev/vitb16/T=vtab_Q=3bit_L=lora_2_qkv-fc1-proj-fc2/cifar/20260114184203_default_acc=53.50/tensorboard/Grad_qkv.lora_B_block_0/events.out.tfevents.1768387346.master-192-168-8-48.1680.2,qkv.lora_B,0
1768388417.9445755,1836,57.40625,0.18528619408607483,Grad/qkv.lora_B,outputs_dev/vitb16/T=vtab_Q=3bit_L=lora_2_qkv-fc1-proj-fc2/cifar/20260114184203_default_acc=53.50/tensorboard/Grad_qkv.lora_B_block_0/events.out.tfevents.1768387346.master-192-168-8-48.1680.2,qkv.lora_B,0
1768388418.3457174,1837,57.4375,0.055921219289302826,Grad/qkv.lora_B,outputs_dev/vitb16/T=vtab_Q=3bit_L=lora_2_qkv-fc1-proj-fc2/cifar/20260114184203_default_acc=53.50/tensorboard/Grad_qkv.lora_B_block_0/events.out.tfevents.1768387346.master-192-168-8-48.1680.2,qkv.lora_B,0
1768388418.7494783,1838,57.46875,0.0533747524023056,Grad/qkv.lora_B,outputs_dev/vitb16/T=vtab_Q=3bit_L=lora_2_qkv-fc1-proj-fc2/cifar/20260114184203_default_acc=53.50/tensorboard/Grad_qkv.lora_B_block_0/events.out.tfevents.1768387346.master-192-168-8-48.1680.2,qkv.lora_B,0
1768388419.1399114,1839,57.5,0.12003041803836823,Grad/qkv.lora_B,outputs_dev/vitb16/T=vtab_Q=3bit_L=lora_2_qkv-fc1-proj-fc2/cifar/20260114184203_default_acc=53.50/tensorboard/Grad_qkv.lora_B_block_0/events.out.tfevents.1768387346.master-192-168-8-48.1680.2,qkv.lora_B,0
1768388419.5419853,1840,57.53125,0.09840063005685806,Grad/qkv.lora_B,outputs_dev/vitb16/T=vtab_Q=3bit_L=lora_2_qkv-fc1-proj-fc2/cifar/20260114184203_default_acc=53.50/tensorboard/Grad_qkv.lora_B_block_0/events.out.tfevents.1768387346.master-192-168-8-48.1680.2,qkv.lora_B,0
1768388419.9294186,1841,57.5625,0.0526822991669178,Grad/qkv.lora_B,outputs_dev/vitb16/T=vtab_Q=3bit_L=lora_2_qkv-fc1-proj-fc2/cifar/20260114184203_default_acc=53.50/tensorboard/Grad_qkv.lora_B_block_0/events.out.tfevents.1768387346.master-192-168-8-48.1680.2,qkv.lora_B,0
1768388420.3205466,1842,57.59375,0.19649048149585724,Grad/qkv.lora_B,outputs_dev/vitb16/T=vtab_Q=3bit_L=lora_2_qkv-fc1-proj-fc2/cifar/20260114184203_default_acc=53.50/tensorboard/Grad_qkv.lora_B_block_0/events.out.tfevents.1768387346.master-192-168-8-48.1680.2,qkv.lora_B,0
1768388420.7117019,1843,57.625,0.06916394084692001,Grad/qkv.lora_B,outputs_dev/vitb16/T=vtab_Q=3bit_L=lora_2_qkv-fc1-proj-fc2/cifar/20260114184203_default_acc=53.50/tensorboard/Grad_qkv.lora_B_block_0/events.out.tfevents.1768387346.master-192-168-8-48.1680.2,qkv.lora_B,0
1768388421.092207,1844,57.65625,0.18499840795993805,Grad/qkv.lora_B,outputs_dev/vitb16/T=vtab_Q=3bit_L=lora_2_qkv-fc1-proj-fc2/cifar/20260114184203_default_acc=53.50/tensorboard/Grad_qkv.lora_B_block_0/events.out.tfevents.1768387346.master-192-168-8-48.1680.2,qkv.lora_B,0
1768388421.4983685,1845,57.6875,0.08649259060621262,Grad/qkv.lora_B,outputs_dev/vitb16/T=vtab_Q=3bit_L=lora_2_qkv-fc1-proj-fc2/cifar/20260114184203_default_acc=53.50/tensorboard/Grad_qkv.lora_B_block_0/events.out.tfevents.1768387346.master-192-168-8-48.1680.2,qkv.lora_B,0
1768388421.8840916,1846,57.71875,0.07761404663324356,Grad/qkv.lora_B,outputs_dev/vitb16/T=vtab_Q=3bit_L=lora_2_qkv-fc1-proj-fc2/cifar/20260114184203_default_acc=53.50/tensorboard/Grad_qkv.lora_B_block_0/events.out.tfevents.1768387346.master-192-168-8-48.1680.2,qkv.lora_B,0
1768388422.2609253,1847,57.75,0.12966452538967133,Grad/qkv.lora_B,outputs_dev/vitb16/T=vtab_Q=3bit_L=lora_2_qkv-fc1-proj-fc2/cifar/20260114184203_default_acc=53.50/tensorboard/Grad_qkv.lora_B_block_0/events.out.tfevents.1768387346.master-192-168-8-48.1680.2,qkv.lora_B,0
1768388422.6446593,1848,57.78125,0.16494148969650269,Grad/qkv.lora_B,outputs_dev/vitb16/T=vtab_Q=3bit_L=lora_2_qkv-fc1-proj-fc2/cifar/20260114184203_default_acc=53.50/tensorboard/Grad_qkv.lora_B_block_0/events.out.tfevents.1768387346.master-192-168-8-48.1680.2,qkv.lora_B,0
1768388423.032481,1849,57.8125,0.06923376768827438,Grad/qkv.lora_B,outputs_dev/vitb16/T=vtab_Q=3bit_L=lora_2_qkv-fc1-proj-fc2/cifar/20260114184203_default_acc=53.50/tensorboard/Grad_qkv.lora_B_block_0/events.out.tfevents.1768387346.master-192-168-8-48.1680.2,qkv.lora_B,0
1768388423.4363618,1850,57.84375,0.1318908929824829,Grad/qkv.lora_B,outputs_dev/vitb16/T=vtab_Q=3bit_L=lora_2_qkv-fc1-proj-fc2/cifar/20260114184203_default_acc=53.50/tensorboard/Grad_qkv.lora_B_block_0/events.out.tfevents.1768387346.master-192-168-8-48.1680.2,qkv.lora_B,0
1768388423.8243837,1851,57.875,0.13064569234848022,Grad/qkv.lora_B,outputs_dev/vitb16/T=vtab_Q=3bit_L=lora_2_qkv-fc1-proj-fc2/cifar/20260114184203_default_acc=53.50/tensorboard/Grad_qkv.lora_B_block_0/events.out.tfevents.1768387346.master-192-168-8-48.1680.2,qkv.lora_B,0
1768388424.216863,1852,57.90625,0.17403069138526917,Grad/qkv.lora_B,outputs_dev/vitb16/T=vtab_Q=3bit_L=lora_2_qkv-fc1-proj-fc2/cifar/20260114184203_default_acc=53.50/tensorboard/Grad_qkv.lora_B_block_0/events.out.tfevents.1768387346.master-192-168-8-48.1680.2,qkv.lora_B,0
1768388424.616902,1853,57.9375,0.9521825313568115,Grad/qkv.lora_B,outputs_dev/vitb16/T=vtab_Q=3bit_L=lora_2_qkv-fc1-proj-fc2/cifar/20260114184203_default_acc=53.50/tensorboard/Grad_qkv.lora_B_block_0/events.out.tfevents.1768387346.master-192-168-8-48.1680.2,qkv.lora_B,0
1768388425.0069468,1854,57.96875,0.14610004425048828,Grad/qkv.lora_B,outputs_dev/vitb16/T=vtab_Q=3bit_L=lora_2_qkv-fc1-proj-fc2/cifar/20260114184203_default_acc=53.50/tensorboard/Grad_qkv.lora_B_block_0/events.out.tfevents.1768387346.master-192-168-8-48.1680.2,qkv.lora_B,0
1768388425.1927423,1855,58.0,0.11794976145029068,Grad/qkv.lora_B,outputs_dev/vitb16/T=vtab_Q=3bit_L=lora_2_qkv-fc1-proj-fc2/cifar/20260114184203_default_acc=53.50/tensorboard/Grad_qkv.lora_B_block_0/events.out.tfevents.1768387346.master-192-168-8-48.1680.2,qkv.lora_B,0
1768388425.7646914,1856,58.03125,0.06272689998149872,Grad/qkv.lora_B,outputs_dev/vitb16/T=vtab_Q=3bit_L=lora_2_qkv-fc1-proj-fc2/cifar/20260114184203_default_acc=53.50/tensorboard/Grad_qkv.lora_B_block_0/events.out.tfevents.1768387346.master-192-168-8-48.1680.2,qkv.lora_B,0
1768388426.1740751,1857,58.0625,0.09945052117109299,Grad/qkv.lora_B,outputs_dev/vitb16/T=vtab_Q=3bit_L=lora_2_qkv-fc1-proj-fc2/cifar/20260114184203_default_acc=53.50/tensorboard/Grad_qkv.lora_B_block_0/events.out.tfevents.1768387346.master-192-168-8-48.1680.2,qkv.lora_B,0
1768388426.5891607,1858,58.09375,0.06001995503902435,Grad/qkv.lora_B,outputs_dev/vitb16/T=vtab_Q=3bit_L=lora_2_qkv-fc1-proj-fc2/cifar/20260114184203_default_acc=53.50/tensorboard/Grad_qkv.lora_B_block_0/events.out.tfevents.1768387346.master-192-168-8-48.1680.2,qkv.lora_B,0
1768388426.983105,1859,58.125,0.03880033269524574,Grad/qkv.lora_B,outputs_dev/vitb16/T=vtab_Q=3bit_L=lora_2_qkv-fc1-proj-fc2/cifar/20260114184203_default_acc=53.50/tensorboard/Grad_qkv.lora_B_block_0/events.out.tfevents.1768387346.master-192-168-8-48.1680.2,qkv.lora_B,0
1768388427.3907125,1860,58.15625,0.11705581843852997,Grad/qkv.lora_B,outputs_dev/vitb16/T=vtab_Q=3bit_L=lora_2_qkv-fc1-proj-fc2/cifar/20260114184203_default_acc=53.50/tensorboard/Grad_qkv.lora_B_block_0/events.out.tfevents.1768387346.master-192-168-8-48.1680.2,qkv.lora_B,0
1768388427.7988997,1861,58.1875,0.21982508897781372,Grad/qkv.lora_B,outputs_dev/vitb16/T=vtab_Q=3bit_L=lora_2_qkv-fc1-proj-fc2/cifar/20260114184203_default_acc=53.50/tensorboard/Grad_qkv.lora_B_block_0/events.out.tfevents.1768387346.master-192-168-8-48.1680.2,qkv.lora_B,0
1768388428.1799188,1862,58.21875,0.10275159031152725,Grad/qkv.lora_B,outputs_dev/vitb16/T=vtab_Q=3bit_L=lora_2_qkv-fc1-proj-fc2/cifar/20260114184203_default_acc=53.50/tensorboard/Grad_qkv.lora_B_block_0/events.out.tfevents.1768387346.master-192-168-8-48.1680.2,qkv.lora_B,0
1768388428.5840595,1863,58.25,0.07768717408180237,Grad/qkv.lora_B,outputs_dev/vitb16/T=vtab_Q=3bit_L=lora_2_qkv-fc1-proj-fc2/cifar/20260114184203_default_acc=53.50/tensorboard/Grad_qkv.lora_B_block_0/events.out.tfevents.1768387346.master-192-168-8-48.1680.2,qkv.lora_B,0
1768388428.9616725,1864,58.28125,0.11368009448051453,Grad/qkv.lora_B,outputs_dev/vitb16/T=vtab_Q=3bit_L=lora_2_qkv-fc1-proj-fc2/cifar/20260114184203_default_acc=53.50/tensorboard/Grad_qkv.lora_B_block_0/events.out.tfevents.1768387346.master-192-168-8-48.1680.2,qkv.lora_B,0
1768388429.364652,1865,58.3125,0.08332278579473495,Grad/qkv.lora_B,outputs_dev/vitb16/T=vtab_Q=3bit_L=lora_2_qkv-fc1-proj-fc2/cifar/20260114184203_default_acc=53.50/tensorboard/Grad_qkv.lora_B_block_0/events.out.tfevents.1768387346.master-192-168-8-48.1680.2,qkv.lora_B,0
1768388429.7532282,1866,58.34375,0.10923709720373154,Grad/qkv.lora_B,outputs_dev/vitb16/T=vtab_Q=3bit_L=lora_2_qkv-fc1-proj-fc2/cifar/20260114184203_default_acc=53.50/tensorboard/Grad_qkv.lora_B_block_0/events.out.tfevents.1768387346.master-192-168-8-48.1680.2,qkv.lora_B,0
1768388430.146808,1867,58.375,0.2582659423351288,Grad/qkv.lora_B,outputs_dev/vitb16/T=vtab_Q=3bit_L=lora_2_qkv-fc1-proj-fc2/cifar/20260114184203_default_acc=53.50/tensorboard/Grad_qkv.lora_B_block_0/events.out.tfevents.1768387346.master-192-168-8-48.1680.2,qkv.lora_B,0
1768388430.546696,1868,58.40625,0.09782755374908447,Grad/qkv.lora_B,outputs_dev/vitb16/T=vtab_Q=3bit_L=lora_2_qkv-fc1-proj-fc2/cifar/20260114184203_default_acc=53.50/tensorboard/Grad_qkv.lora_B_block_0/events.out.tfevents.1768387346.master-192-168-8-48.1680.2,qkv.lora_B,0
1768388430.9564407,1869,58.4375,0.09252434968948364,Grad/qkv.lora_B,outputs_dev/vitb16/T=vtab_Q=3bit_L=lora_2_qkv-fc1-proj-fc2/cifar/20260114184203_default_acc=53.50/tensorboard/Grad_qkv.lora_B_block_0/events.out.tfevents.1768387346.master-192-168-8-48.1680.2,qkv.lora_B,0
1768388431.336646,1870,58.46875,0.047926511615514755,Grad/qkv.lora_B,outputs_dev/vitb16/T=vtab_Q=3bit_L=lora_2_qkv-fc1-proj-fc2/cifar/20260114184203_default_acc=53.50/tensorboard/Grad_qkv.lora_B_block_0/events.out.tfevents.1768387346.master-192-168-8-48.1680.2,qkv.lora_B,0
1768388431.7183,1871,58.5,0.03398938849568367,Grad/qkv.lora_B,outputs_dev/vitb16/T=vtab_Q=3bit_L=lora_2_qkv-fc1-proj-fc2/cifar/20260114184203_default_acc=53.50/tensorboard/Grad_qkv.lora_B_block_0/events.out.tfevents.1768387346.master-192-168-8-48.1680.2,qkv.lora_B,0
1768388432.1241364,1872,58.53125,0.03834996372461319,Grad/qkv.lora_B,outputs_dev/vitb16/T=vtab_Q=3bit_L=lora_2_qkv-fc1-proj-fc2/cifar/20260114184203_default_acc=53.50/tensorboard/Grad_qkv.lora_B_block_0/events.out.tfevents.1768387346.master-192-168-8-48.1680.2,qkv.lora_B,0
1768388432.5288954,1873,58.5625,0.0717289000749588,Grad/qkv.lora_B,outputs_dev/vitb16/T=vtab_Q=3bit_L=lora_2_qkv-fc1-proj-fc2/cifar/20260114184203_default_acc=53.50/tensorboard/Grad_qkv.lora_B_block_0/events.out.tfevents.1768387346.master-192-168-8-48.1680.2,qkv.lora_B,0
1768388432.9180706,1874,58.59375,0.16518807411193848,Grad/qkv.lora_B,outputs_dev/vitb16/T=vtab_Q=3bit_L=lora_2_qkv-fc1-proj-fc2/cifar/20260114184203_default_acc=53.50/tensorboard/Grad_qkv.lora_B_block_0/events.out.tfevents.1768387346.master-192-168-8-48.1680.2,qkv.lora_B,0
1768388433.3095944,1875,58.625,0.06358391046524048,Grad/qkv.lora_B,outputs_dev/vitb16/T=vtab_Q=3bit_L=lora_2_qkv-fc1-proj-fc2/cifar/20260114184203_default_acc=53.50/tensorboard/Grad_qkv.lora_B_block_0/events.out.tfevents.1768387346.master-192-168-8-48.1680.2,qkv.lora_B,0
1768388433.714422,1876,58.65625,0.06460337340831757,Grad/qkv.lora_B,outputs_dev/vitb16/T=vtab_Q=3bit_L=lora_2_qkv-fc1-proj-fc2/cifar/20260114184203_default_acc=53.50/tensorboard/Grad_qkv.lora_B_block_0/events.out.tfevents.1768387346.master-192-168-8-48.1680.2,qkv.lora_B,0
1768388434.0961607,1877,58.6875,0.07751279324293137,Grad/qkv.lora_B,outputs_dev/vitb16/T=vtab_Q=3bit_L=lora_2_qkv-fc1-proj-fc2/cifar/20260114184203_default_acc=53.50/tensorboard/Grad_qkv.lora_B_block_0/events.out.tfevents.1768387346.master-192-168-8-48.1680.2,qkv.lora_B,0
1768388434.5013444,1878,58.71875,0.07770204544067383,Grad/qkv.lora_B,outputs_dev/vitb16/T=vtab_Q=3bit_L=lora_2_qkv-fc1-proj-fc2/cifar/20260114184203_default_acc=53.50/tensorboard/Grad_qkv.lora_B_block_0/events.out.tfevents.1768387346.master-192-168-8-48.1680.2,qkv.lora_B,0
1768388434.9041426,1879,58.75,0.19401060044765472,Grad/qkv.lora_B,outputs_dev/vitb16/T=vtab_Q=3bit_L=lora_2_qkv-fc1-proj-fc2/cifar/20260114184203_default_acc=53.50/tensorboard/Grad_qkv.lora_B_block_0/events.out.tfevents.1768387346.master-192-168-8-48.1680.2,qkv.lora_B,0
1768388435.2956336,1880,58.78125,0.07557398825883865,Grad/qkv.lora_B,outputs_dev/vitb16/T=vtab_Q=3bit_L=lora_2_qkv-fc1-proj-fc2/cifar/20260114184203_default_acc=53.50/tensorboard/Grad_qkv.lora_B_block_0/events.out.tfevents.1768387346.master-192-168-8-48.1680.2,qkv.lora_B,0
1768388435.6991045,1881,58.8125,0.05752876400947571,Grad/qkv.lora_B,outputs_dev/vitb16/T=vtab_Q=3bit_L=lora_2_qkv-fc1-proj-fc2/cifar/20260114184203_default_acc=53.50/tensorboard/Grad_qkv.lora_B_block_0/events.out.tfevents.1768387346.master-192-168-8-48.1680.2,qkv.lora_B,0
1768388436.0901957,1882,58.84375,0.22198884189128876,Grad/qkv.lora_B,outputs_dev/vitb16/T=vtab_Q=3bit_L=lora_2_qkv-fc1-proj-fc2/cifar/20260114184203_default_acc=53.50/tensorboard/Grad_qkv.lora_B_block_0/events.out.tfevents.1768387346.master-192-168-8-48.1680.2,qkv.lora_B,0
1768388436.47846,1883,58.875,0.03617601841688156,Grad/qkv.lora_B,outputs_dev/vitb16/T=vtab_Q=3bit_L=lora_2_qkv-fc1-proj-fc2/cifar/20260114184203_default_acc=53.50/tensorboard/Grad_qkv.lora_B_block_0/events.out.tfevents.1768387346.master-192-168-8-48.1680.2,qkv.lora_B,0
1768388436.8812788,1884,58.90625,0.4360896646976471,Grad/qkv.lora_B,outputs_dev/vitb16/T=vtab_Q=3bit_L=lora_2_qkv-fc1-proj-fc2/cifar/20260114184203_default_acc=53.50/tensorboard/Grad_qkv.lora_B_block_0/events.out.tfevents.1768387346.master-192-168-8-48.1680.2,qkv.lora_B,0
1768388437.2867243,1885,58.9375,0.0803200751543045,Grad/qkv.lora_B,outputs_dev/vitb16/T=vtab_Q=3bit_L=lora_2_qkv-fc1-proj-fc2/cifar/20260114184203_default_acc=53.50/tensorboard/Grad_qkv.lora_B_block_0/events.out.tfevents.1768387346.master-192-168-8-48.1680.2,qkv.lora_B,0
1768388437.689634,1886,58.96875,0.04940114542841911,Grad/qkv.lora_B,outputs_dev/vitb16/T=vtab_Q=3bit_L=lora_2_qkv-fc1-proj-fc2/cifar/20260114184203_default_acc=53.50/tensorboard/Grad_qkv.lora_B_block_0/events.out.tfevents.1768387346.master-192-168-8-48.1680.2,qkv.lora_B,0
1768388437.8948474,1887,59.0,0.0720711424946785,Grad/qkv.lora_B,outputs_dev/vitb16/T=vtab_Q=3bit_L=lora_2_qkv-fc1-proj-fc2/cifar/20260114184203_default_acc=53.50/tensorboard/Grad_qkv.lora_B_block_0/events.out.tfevents.1768387346.master-192-168-8-48.1680.2,qkv.lora_B,0
1768388438.4684622,1888,59.03125,0.06015999987721443,Grad/qkv.lora_B,outputs_dev/vitb16/T=vtab_Q=3bit_L=lora_2_qkv-fc1-proj-fc2/cifar/20260114184203_default_acc=53.50/tensorboard/Grad_qkv.lora_B_block_0/events.out.tfevents.1768387346.master-192-168-8-48.1680.2,qkv.lora_B,0
1768388438.8821356,1889,59.0625,0.08586785942316055,Grad/qkv.lora_B,outputs_dev/vitb16/T=vtab_Q=3bit_L=lora_2_qkv-fc1-proj-fc2/cifar/20260114184203_default_acc=53.50/tensorboard/Grad_qkv.lora_B_block_0/events.out.tfevents.1768387346.master-192-168-8-48.1680.2,qkv.lora_B,0
1768388439.272547,1890,59.09375,0.07819326221942902,Grad/qkv.lora_B,outputs_dev/vitb16/T=vtab_Q=3bit_L=lora_2_qkv-fc1-proj-fc2/cifar/20260114184203_default_acc=53.50/tensorboard/Grad_qkv.lora_B_block_0/events.out.tfevents.1768387346.master-192-168-8-48.1680.2,qkv.lora_B,0
1768388439.6669827,1891,59.125,0.11867909133434296,Grad/qkv.lora_B,outputs_dev/vitb16/T=vtab_Q=3bit_L=lora_2_qkv-fc1-proj-fc2/cifar/20260114184203_default_acc=53.50/tensorboard/Grad_qkv.lora_B_block_0/events.out.tfevents.1768387346.master-192-168-8-48.1680.2,qkv.lora_B,0
1768388440.0577881,1892,59.15625,0.31488141417503357,Grad/qkv.lora_B,outputs_dev/vitb16/T=vtab_Q=3bit_L=lora_2_qkv-fc1-proj-fc2/cifar/20260114184203_default_acc=53.50/tensorboard/Grad_qkv.lora_B_block_0/events.out.tfevents.1768387346.master-192-168-8-48.1680.2,qkv.lora_B,0
1768388440.462068,1893,59.1875,0.03432776778936386,Grad/qkv.lora_B,outputs_dev/vitb16/T=vtab_Q=3bit_L=lora_2_qkv-fc1-proj-fc2/cifar/20260114184203_default_acc=53.50/tensorboard/Grad_qkv.lora_B_block_0/events.out.tfevents.1768387346.master-192-168-8-48.1680.2,qkv.lora_B,0
1768388440.8652236,1894,59.21875,0.5661529302597046,Grad/qkv.lora_B,outputs_dev/vitb16/T=vtab_Q=3bit_L=lora_2_qkv-fc1-proj-fc2/cifar/20260114184203_default_acc=53.50/tensorboard/Grad_qkv.lora_B_block_0/events.out.tfevents.1768387346.master-192-168-8-48.1680.2,qkv.lora_B,0
1768388441.2684484,1895,59.25,0.06805450469255447,Grad/qkv.lora_B,outputs_dev/vitb16/T=vtab_Q=3bit_L=lora_2_qkv-fc1-proj-fc2/cifar/20260114184203_default_acc=53.50/tensorboard/Grad_qkv.lora_B_block_0/events.out.tfevents.1768387346.master-192-168-8-48.1680.2,qkv.lora_B,0
1768388441.6467009,1896,59.28125,0.22254814207553864,Grad/qkv.lora_B,outputs_dev/vitb16/T=vtab_Q=3bit_L=lora_2_qkv-fc1-proj-fc2/cifar/20260114184203_default_acc=53.50/tensorboard/Grad_qkv.lora_B_block_0/events.out.tfevents.1768387346.master-192-168-8-48.1680.2,qkv.lora_B,0
1768388442.0497382,1897,59.3125,0.11606039106845856,Grad/qkv.lora_B,outputs_dev/vitb16/T=vtab_Q=3bit_L=lora_2_qkv-fc1-proj-fc2/cifar/20260114184203_default_acc=53.50/tensorboard/Grad_qkv.lora_B_block_0/events.out.tfevents.1768387346.master-192-168-8-48.1680.2,qkv.lora_B,0
1768388442.4534361,1898,59.34375,0.12869073450565338,Grad/qkv.lora_B,outputs_dev/vitb16/T=vtab_Q=3bit_L=lora_2_qkv-fc1-proj-fc2/cifar/20260114184203_default_acc=53.50/tensorboard/Grad_qkv.lora_B_block_0/events.out.tfevents.1768387346.master-192-168-8-48.1680.2,qkv.lora_B,0
1768388442.8462515,1899,59.375,0.17568650841712952,Grad/qkv.lora_B,outputs_dev/vitb16/T=vtab_Q=3bit_L=lora_2_qkv-fc1-proj-fc2/cifar/20260114184203_default_acc=53.50/tensorboard/Grad_qkv.lora_B_block_0/events.out.tfevents.1768387346.master-192-168-8-48.1680.2,qkv.lora_B,0
1768388443.2365663,1900,59.40625,0.15547975897789001,Grad/qkv.lora_B,outputs_dev/vitb16/T=vtab_Q=3bit_L=lora_2_qkv-fc1-proj-fc2/cifar/20260114184203_default_acc=53.50/tensorboard/Grad_qkv.lora_B_block_0/events.out.tfevents.1768387346.master-192-168-8-48.1680.2,qkv.lora_B,0
1768388443.6386466,1901,59.4375,0.22709430754184723,Grad/qkv.lora_B,outputs_dev/vitb16/T=vtab_Q=3bit_L=lora_2_qkv-fc1-proj-fc2/cifar/20260114184203_default_acc=53.50/tensorboard/Grad_qkv.lora_B_block_0/events.out.tfevents.1768387346.master-192-168-8-48.1680.2,qkv.lora_B,0
1768388444.0434616,1902,59.46875,0.23755154013633728,Grad/qkv.lora_B,outputs_dev/vitb16/T=vtab_Q=3bit_L=lora_2_qkv-fc1-proj-fc2/cifar/20260114184203_default_acc=53.50/tensorboard/Grad_qkv.lora_B_block_0/events.out.tfevents.1768387346.master-192-168-8-48.1680.2,qkv.lora_B,0
1768388444.4343376,1903,59.5,0.07068656384944916,Grad/qkv.lora_B,outputs_dev/vitb16/T=vtab_Q=3bit_L=lora_2_qkv-fc1-proj-fc2/cifar/20260114184203_default_acc=53.50/tensorboard/Grad_qkv.lora_B_block_0/events.out.tfevents.1768387346.master-192-168-8-48.1680.2,qkv.lora_B,0
1768388444.8439186,1904,59.53125,0.294950008392334,Grad/qkv.lora_B,outputs_dev/vitb16/T=vtab_Q=3bit_L=lora_2_qkv-fc1-proj-fc2/cifar/20260114184203_default_acc=53.50/tensorboard/Grad_qkv.lora_B_block_0/events.out.tfevents.1768387346.master-192-168-8-48.1680.2,qkv.lora_B,0
1768388445.2356153,1905,59.5625,0.10765326023101807,Grad/qkv.lora_B,outputs_dev/vitb16/T=vtab_Q=3bit_L=lora_2_qkv-fc1-proj-fc2/cifar/20260114184203_default_acc=53.50/tensorboard/Grad_qkv.lora_B_block_0/events.out.tfevents.1768387346.master-192-168-8-48.1680.2,qkv.lora_B,0
1768388445.6417665,1906,59.59375,0.06448253989219666,Grad/qkv.lora_B,outputs_dev/vitb16/T=vtab_Q=3bit_L=lora_2_qkv-fc1-proj-fc2/cifar/20260114184203_default_acc=53.50/tensorboard/Grad_qkv.lora_B_block_0/events.out.tfevents.1768387346.master-192-168-8-48.1680.2,qkv.lora_B,0
1768388446.036319,1907,59.625,0.10642240196466446,Grad/qkv.lora_B,outputs_dev/vitb16/T=vtab_Q=3bit_L=lora_2_qkv-fc1-proj-fc2/cifar/20260114184203_default_acc=53.50/tensorboard/Grad_qkv.lora_B_block_0/events.out.tfevents.1768387346.master-192-168-8-48.1680.2,qkv.lora_B,0
1768388446.4413965,1908,59.65625,0.08905669301748276,Grad/qkv.lora_B,outputs_dev/vitb16/T=vtab_Q=3bit_L=lora_2_qkv-fc1-proj-fc2/cifar/20260114184203_default_acc=53.50/tensorboard/Grad_qkv.lora_B_block_0/events.out.tfevents.1768387346.master-192-168-8-48.1680.2,qkv.lora_B,0
1768388446.8320005,1909,59.6875,0.15884433686733246,Grad/qkv.lora_B,outputs_dev/vitb16/T=vtab_Q=3bit_L=lora_2_qkv-fc1-proj-fc2/cifar/20260114184203_default_acc=53.50/tensorboard/Grad_qkv.lora_B_block_0/events.out.tfevents.1768387346.master-192-168-8-48.1680.2,qkv.lora_B,0
1768388447.237989,1910,59.71875,0.07625536620616913,Grad/qkv.lora_B,outputs_dev/vitb16/T=vtab_Q=3bit_L=lora_2_qkv-fc1-proj-fc2/cifar/20260114184203_default_acc=53.50/tensorboard/Grad_qkv.lora_B_block_0/events.out.tfevents.1768387346.master-192-168-8-48.1680.2,qkv.lora_B,0
1768388447.6292233,1911,59.75,0.11504743993282318,Grad/qkv.lora_B,outputs_dev/vitb16/T=vtab_Q=3bit_L=lora_2_qkv-fc1-proj-fc2/cifar/20260114184203_default_acc=53.50/tensorboard/Grad_qkv.lora_B_block_0/events.out.tfevents.1768387346.master-192-168-8-48.1680.2,qkv.lora_B,0
1768388448.0209749,1912,59.78125,0.04567927494645119,Grad/qkv.lora_B,outputs_dev/vitb16/T=vtab_Q=3bit_L=lora_2_qkv-fc1-proj-fc2/cifar/20260114184203_default_acc=53.50/tensorboard/Grad_qkv.lora_B_block_0/events.out.tfevents.1768387346.master-192-168-8-48.1680.2,qkv.lora_B,0
1768388448.412234,1913,59.8125,0.042122986167669296,Grad/qkv.lora_B,outputs_dev/vitb16/T=vtab_Q=3bit_L=lora_2_qkv-fc1-proj-fc2/cifar/20260114184203_default_acc=53.50/tensorboard/Grad_qkv.lora_B_block_0/events.out.tfevents.1768387346.master-192-168-8-48.1680.2,qkv.lora_B,0
1768388448.8021357,1914,59.84375,0.09996051341295242,Grad/qkv.lora_B,outputs_dev/vitb16/T=vtab_Q=3bit_L=lora_2_qkv-fc1-proj-fc2/cifar/20260114184203_default_acc=53.50/tensorboard/Grad_qkv.lora_B_block_0/events.out.tfevents.1768387346.master-192-168-8-48.1680.2,qkv.lora_B,0
1768388449.190218,1915,59.875,0.1077575534582138,Grad/qkv.lora_B,outputs_dev/vitb16/T=vtab_Q=3bit_L=lora_2_qkv-fc1-proj-fc2/cifar/20260114184203_default_acc=53.50/tensorboard/Grad_qkv.lora_B_block_0/events.out.tfevents.1768387346.master-192-168-8-48.1680.2,qkv.lora_B,0
1768388449.580103,1916,59.90625,0.062003809958696365,Grad/qkv.lora_B,outputs_dev/vitb16/T=vtab_Q=3bit_L=lora_2_qkv-fc1-proj-fc2/cifar/20260114184203_default_acc=53.50/tensorboard/Grad_qkv.lora_B_block_0/events.out.tfevents.1768387346.master-192-168-8-48.1680.2,qkv.lora_B,0
1768388449.9846356,1917,59.9375,1.656723141670227,Grad/qkv.lora_B,outputs_dev/vitb16/T=vtab_Q=3bit_L=lora_2_qkv-fc1-proj-fc2/cifar/20260114184203_default_acc=53.50/tensorboard/Grad_qkv.lora_B_block_0/events.out.tfevents.1768387346.master-192-168-8-48.1680.2,qkv.lora_B,0
1768388450.367121,1918,59.96875,0.06058914586901665,Grad/qkv.lora_B,outputs_dev/vitb16/T=vtab_Q=3bit_L=lora_2_qkv-fc1-proj-fc2/cifar/20260114184203_default_acc=53.50/tensorboard/Grad_qkv.lora_B_block_0/events.out.tfevents.1768387346.master-192-168-8-48.1680.2,qkv.lora_B,0
1768388450.5717363,1919,60.0,0.057718466967344284,Grad/qkv.lora_B,outputs_dev/vitb16/T=vtab_Q=3bit_L=lora_2_qkv-fc1-proj-fc2/cifar/20260114184203_default_acc=53.50/tensorboard/Grad_qkv.lora_B_block_0/events.out.tfevents.1768387346.master-192-168-8-48.1680.2,qkv.lora_B,0
1768388451.219423,1920,60.03125,0.40098685026168823,Grad/qkv.lora_B,outputs_dev/vitb16/T=vtab_Q=3bit_L=lora_2_qkv-fc1-proj-fc2/cifar/20260114184203_default_acc=53.50/tensorboard/Grad_qkv.lora_B_block_0/events.out.tfevents.1768387346.master-192-168-8-48.1680.2,qkv.lora_B,0
1768388451.6214693,1921,60.0625,0.09064986556768417,Grad/qkv.lora_B,outputs_dev/vitb16/T=vtab_Q=3bit_L=lora_2_qkv-fc1-proj-fc2/cifar/20260114184203_default_acc=53.50/tensorboard/Grad_qkv.lora_B_block_0/events.out.tfevents.1768387346.master-192-168-8-48.1680.2,qkv.lora_B,0
1768388452.0000048,1922,60.09375,0.048665326088666916,Grad/qkv.lora_B,outputs_dev/vitb16/T=vtab_Q=3bit_L=lora_2_qkv-fc1-proj-fc2/cifar/20260114184203_default_acc=53.50/tensorboard/Grad_qkv.lora_B_block_0/events.out.tfevents.1768387346.master-192-168-8-48.1680.2,qkv.lora_B,0
1768388452.3743203,1923,60.125,0.0951557531952858,Grad/qkv.lora_B,outputs_dev/vitb16/T=vtab_Q=3bit_L=lora_2_qkv-fc1-proj-fc2/cifar/20260114184203_default_acc=53.50/tensorboard/Grad_qkv.lora_B_block_0/events.out.tfevents.1768387346.master-192-168-8-48.1680.2,qkv.lora_B,0
1768388452.7520478,1924,60.15625,0.12888315320014954,Grad/qkv.lora_B,outputs_dev/vitb16/T=vtab_Q=3bit_L=lora_2_qkv-fc1-proj-fc2/cifar/20260114184203_default_acc=53.50/tensorboard/Grad_qkv.lora_B_block_0/events.out.tfevents.1768387346.master-192-168-8-48.1680.2,qkv.lora_B,0
1768388453.1300135,1925,60.1875,0.08604554831981659,Grad/qkv.lora_B,outputs_dev/vitb16/T=vtab_Q=3bit_L=lora_2_qkv-fc1-proj-fc2/cifar/20260114184203_default_acc=53.50/tensorboard/Grad_qkv.lora_B_block_0/events.out.tfevents.1768387346.master-192-168-8-48.1680.2,qkv.lora_B,0
1768388453.5101326,1926,60.21875,0.0270296148955822,Grad/qkv.lora_B,outputs_dev/vitb16/T=vtab_Q=3bit_L=lora_2_qkv-fc1-proj-fc2/cifar/20260114184203_default_acc=53.50/tensorboard/Grad_qkv.lora_B_block_0/events.out.tfevents.1768387346.master-192-168-8-48.1680.2,qkv.lora_B,0
1768388453.8857915,1927,60.25,0.07382210344076157,Grad/qkv.lora_B,outputs_dev/vitb16/T=vtab_Q=3bit_L=lora_2_qkv-fc1-proj-fc2/cifar/20260114184203_default_acc=53.50/tensorboard/Grad_qkv.lora_B_block_0/events.out.tfevents.1768387346.master-192-168-8-48.1680.2,qkv.lora_B,0
1768388454.2620964,1928,60.28125,0.21556499600410461,Grad/qkv.lora_B,outputs_dev/vitb16/T=vtab_Q=3bit_L=lora_2_qkv-fc1-proj-fc2/cifar/20260114184203_default_acc=53.50/tensorboard/Grad_qkv.lora_B_block_0/events.out.tfevents.1768387346.master-192-168-8-48.1680.2,qkv.lora_B,0
1768388454.6522145,1929,60.3125,0.08525560796260834,Grad/qkv.lora_B,outputs_dev/vitb16/T=vtab_Q=3bit_L=lora_2_qkv-fc1-proj-fc2/cifar/20260114184203_default_acc=53.50/tensorboard/Grad_qkv.lora_B_block_0/events.out.tfevents.1768387346.master-192-168-8-48.1680.2,qkv.lora_B,0
1768388455.0423126,1930,60.34375,0.060847774147987366,Grad/qkv.lora_B,outputs_dev/vitb16/T=vtab_Q=3bit_L=lora_2_qkv-fc1-proj-fc2/cifar/20260114184203_default_acc=53.50/tensorboard/Grad_qkv.lora_B_block_0/events.out.tfevents.1768387346.master-192-168-8-48.1680.2,qkv.lora_B,0
1768388455.4329426,1931,60.375,0.8766456246376038,Grad/qkv.lora_B,outputs_dev/vitb16/T=vtab_Q=3bit_L=lora_2_qkv-fc1-proj-fc2/cifar/20260114184203_default_acc=53.50/tensorboard/Grad_qkv.lora_B_block_0/events.out.tfevents.1768387346.master-192-168-8-48.1680.2,qkv.lora_B,0
1768388455.823034,1932,60.40625,0.23876959085464478,Grad/qkv.lora_B,outputs_dev/vitb16/T=vtab_Q=3bit_L=lora_2_qkv-fc1-proj-fc2/cifar/20260114184203_default_acc=53.50/tensorboard/Grad_qkv.lora_B_block_0/events.out.tfevents.1768387346.master-192-168-8-48.1680.2,qkv.lora_B,0
1768388456.224766,1933,60.4375,0.10072672367095947,Grad/qkv.lora_B,outputs_dev/vitb16/T=vtab_Q=3bit_L=lora_2_qkv-fc1-proj-fc2/cifar/20260114184203_default_acc=53.50/tensorboard/Grad_qkv.lora_B_block_0/events.out.tfevents.1768387346.master-192-168-8-48.1680.2,qkv.lora_B,0
1768388456.6175566,1934,60.46875,0.04107307642698288,Grad/qkv.lora_B,outputs_dev/vitb16/T=vtab_Q=3bit_L=lora_2_qkv-fc1-proj-fc2/cifar/20260114184203_default_acc=53.50/tensorboard/Grad_qkv.lora_B_block_0/events.out.tfevents.1768387346.master-192-168-8-48.1680.2,qkv.lora_B,0
1768388457.0078979,1935,60.5,0.08274899423122406,Grad/qkv.lora_B,outputs_dev/vitb16/T=vtab_Q=3bit_L=lora_2_qkv-fc1-proj-fc2/cifar/20260114184203_default_acc=53.50/tensorboard/Grad_qkv.lora_B_block_0/events.out.tfevents.1768387346.master-192-168-8-48.1680.2,qkv.lora_B,0
1768388457.3973484,1936,60.53125,0.05888493359088898,Grad/qkv.lora_B,outputs_dev/vitb16/T=vtab_Q=3bit_L=lora_2_qkv-fc1-proj-fc2/cifar/20260114184203_default_acc=53.50/tensorboard/Grad_qkv.lora_B_block_0/events.out.tfevents.1768387346.master-192-168-8-48.1680.2,qkv.lora_B,0
1768388457.7902966,1937,60.5625,0.03239088132977486,Grad/qkv.lora_B,outputs_dev/vitb16/T=vtab_Q=3bit_L=lora_2_qkv-fc1-proj-fc2/cifar/20260114184203_default_acc=53.50/tensorboard/Grad_qkv.lora_B_block_0/events.out.tfevents.1768387346.master-192-168-8-48.1680.2,qkv.lora_B,0
1768388458.1896136,1938,60.59375,0.08216948062181473,Grad/qkv.lora_B,outputs_dev/vitb16/T=vtab_Q=3bit_L=lora_2_qkv-fc1-proj-fc2/cifar/20260114184203_default_acc=53.50/tensorboard/Grad_qkv.lora_B_block_0/events.out.tfevents.1768387346.master-192-168-8-48.1680.2,qkv.lora_B,0
1768388458.580904,1939,60.625,0.04988577589392662,Grad/qkv.lora_B,outputs_dev/vitb16/T=vtab_Q=3bit_L=lora_2_qkv-fc1-proj-fc2/cifar/20260114184203_default_acc=53.50/tensorboard/Grad_qkv.lora_B_block_0/events.out.tfevents.1768387346.master-192-168-8-48.1680.2,qkv.lora_B,0
1768388458.9892454,1940,60.65625,0.11264637112617493,Grad/qkv.lora_B,outputs_dev/vitb16/T=vtab_Q=3bit_L=lora_2_qkv-fc1-proj-fc2/cifar/20260114184203_default_acc=53.50/tensorboard/Grad_qkv.lora_B_block_0/events.out.tfevents.1768387346.master-192-168-8-48.1680.2,qkv.lora_B,0
1768388459.3936055,1941,60.6875,0.11404025554656982,Grad/qkv.lora_B,outputs_dev/vitb16/T=vtab_Q=3bit_L=lora_2_qkv-fc1-proj-fc2/cifar/20260114184203_default_acc=53.50/tensorboard/Grad_qkv.lora_B_block_0/events.out.tfevents.1768387346.master-192-168-8-48.1680.2,qkv.lora_B,0
1768388459.797657,1942,60.71875,0.09486991167068481,Grad/qkv.lora_B,outputs_dev/vitb16/T=vtab_Q=3bit_L=lora_2_qkv-fc1-proj-fc2/cifar/20260114184203_default_acc=53.50/tensorboard/Grad_qkv.lora_B_block_0/events.out.tfevents.1768387346.master-192-168-8-48.1680.2,qkv.lora_B,0
1768388460.168178,1943,60.75,0.0610300675034523,Grad/qkv.lora_B,outputs_dev/vitb16/T=vtab_Q=3bit_L=lora_2_qkv-fc1-proj-fc2/cifar/20260114184203_default_acc=53.50/tensorboard/Grad_qkv.lora_B_block_0/events.out.tfevents.1768387346.master-192-168-8-48.1680.2,qkv.lora_B,0
1768388460.5735314,1944,60.78125,0.07806263118982315,Grad/qkv.lora_B,outputs_dev/vitb16/T=vtab_Q=3bit_L=lora_2_qkv-fc1-proj-fc2/cifar/20260114184203_default_acc=53.50/tensorboard/Grad_qkv.lora_B_block_0/events.out.tfevents.1768387346.master-192-168-8-48.1680.2,qkv.lora_B,0
1768388460.9801173,1945,60.8125,0.07501767575740814,Grad/qkv.lora_B,outputs_dev/vitb16/T=vtab_Q=3bit_L=lora_2_qkv-fc1-proj-fc2/cifar/20260114184203_default_acc=53.50/tensorboard/Grad_qkv.lora_B_block_0/events.out.tfevents.1768387346.master-192-168-8-48.1680.2,qkv.lora_B,0
1768388461.3861964,1946,60.84375,0.2326989471912384,Grad/qkv.lora_B,outputs_dev/vitb16/T=vtab_Q=3bit_L=lora_2_qkv-fc1-proj-fc2/cifar/20260114184203_default_acc=53.50/tensorboard/Grad_qkv.lora_B_block_0/events.out.tfevents.1768387346.master-192-168-8-48.1680.2,qkv.lora_B,0
1768388461.776168,1947,60.875,0.03922027349472046,Grad/qkv.lora_B,outputs_dev/vitb16/T=vtab_Q=3bit_L=lora_2_qkv-fc1-proj-fc2/cifar/20260114184203_default_acc=53.50/tensorboard/Grad_qkv.lora_B_block_0/events.out.tfevents.1768387346.master-192-168-8-48.1680.2,qkv.lora_B,0
1768388462.1662455,1948,60.90625,0.04942414164543152,Grad/qkv.lora_B,outputs_dev/vitb16/T=vtab_Q=3bit_L=lora_2_qkv-fc1-proj-fc2/cifar/20260114184203_default_acc=53.50/tensorboard/Grad_qkv.lora_B_block_0/events.out.tfevents.1768387346.master-192-168-8-48.1680.2,qkv.lora_B,0
1768388462.5705085,1949,60.9375,0.05197223275899887,Grad/qkv.lora_B,outputs_dev/vitb16/T=vtab_Q=3bit_L=lora_2_qkv-fc1-proj-fc2/cifar/20260114184203_default_acc=53.50/tensorboard/Grad_qkv.lora_B_block_0/events.out.tfevents.1768387346.master-192-168-8-48.1680.2,qkv.lora_B,0
1768388462.9587693,1950,60.96875,0.050550151616334915,Grad/qkv.lora_B,outputs_dev/vitb16/T=vtab_Q=3bit_L=lora_2_qkv-fc1-proj-fc2/cifar/20260114184203_default_acc=53.50/tensorboard/Grad_qkv.lora_B_block_0/events.out.tfevents.1768387346.master-192-168-8-48.1680.2,qkv.lora_B,0
1768388463.1663773,1951,61.0,0.07642306387424469,Grad/qkv.lora_B,outputs_dev/vitb16/T=vtab_Q=3bit_L=lora_2_qkv-fc1-proj-fc2/cifar/20260114184203_default_acc=53.50/tensorboard/Grad_qkv.lora_B_block_0/events.out.tfevents.1768387346.master-192-168-8-48.1680.2,qkv.lora_B,0
1768388501.2053125,1952,61.03125,0.034270334988832474,Grad/qkv.lora_B,outputs_dev/vitb16/T=vtab_Q=3bit_L=lora_2_qkv-fc1-proj-fc2/cifar/20260114184203_default_acc=53.50/tensorboard/Grad_qkv.lora_B_block_0/events.out.tfevents.1768387346.master-192-168-8-48.1680.2,qkv.lora_B,0
1768388501.6098473,1953,61.0625,0.17917907238006592,Grad/qkv.lora_B,outputs_dev/vitb16/T=vtab_Q=3bit_L=lora_2_qkv-fc1-proj-fc2/cifar/20260114184203_default_acc=53.50/tensorboard/Grad_qkv.lora_B_block_0/events.out.tfevents.1768387346.master-192-168-8-48.1680.2,qkv.lora_B,0
1768388502.008601,1954,61.09375,0.026150936260819435,Grad/qkv.lora_B,outputs_dev/vitb16/T=vtab_Q=3bit_L=lora_2_qkv-fc1-proj-fc2/cifar/20260114184203_default_acc=53.50/tensorboard/Grad_qkv.lora_B_block_0/events.out.tfevents.1768387346.master-192-168-8-48.1680.2,qkv.lora_B,0
1768388502.4016478,1955,61.125,0.03790995478630066,Grad/qkv.lora_B,outputs_dev/vitb16/T=vtab_Q=3bit_L=lora_2_qkv-fc1-proj-fc2/cifar/20260114184203_default_acc=53.50/tensorboard/Grad_qkv.lora_B_block_0/events.out.tfevents.1768387346.master-192-168-8-48.1680.2,qkv.lora_B,0
1768388502.79139,1956,61.15625,0.035154156386852264,Grad/qkv.lora_B,outputs_dev/vitb16/T=vtab_Q=3bit_L=lora_2_qkv-fc1-proj-fc2/cifar/20260114184203_default_acc=53.50/tensorboard/Grad_qkv.lora_B_block_0/events.out.tfevents.1768387346.master-192-168-8-48.1680.2,qkv.lora_B,0
1768388503.184199,1957,61.1875,0.02841903083026409,Grad/qkv.lora_B,outputs_dev/vitb16/T=vtab_Q=3bit_L=lora_2_qkv-fc1-proj-fc2/cifar/20260114184203_default_acc=53.50/tensorboard/Grad_qkv.lora_B_block_0/events.out.tfevents.1768387346.master-192-168-8-48.1680.2,qkv.lora_B,0
1768388503.5763714,1958,61.21875,0.079206682741642,Grad/qkv.lora_B,outputs_dev/vitb16/T=vtab_Q=3bit_L=lora_2_qkv-fc1-proj-fc2/cifar/20260114184203_default_acc=53.50/tensorboard/Grad_qkv.lora_B_block_0/events.out.tfevents.1768387346.master-192-168-8-48.1680.2,qkv.lora_B,0
1768388503.968188,1959,61.25,0.2784258723258972,Grad/qkv.lora_B,outputs_dev/vitb16/T=vtab_Q=3bit_L=lora_2_qkv-fc1-proj-fc2/cifar/20260114184203_default_acc=53.50/tensorboard/Grad_qkv.lora_B_block_0/events.out.tfevents.1768387346.master-192-168-8-48.1680.2,qkv.lora_B,0
1768388504.3595693,1960,61.28125,0.10403286665678024,Grad/qkv.lora_B,outputs_dev/vitb16/T=vtab_Q=3bit_L=lora_2_qkv-fc1-proj-fc2/cifar/20260114184203_default_acc=53.50/tensorboard/Grad_qkv.lora_B_block_0/events.out.tfevents.1768387346.master-192-168-8-48.1680.2,qkv.lora_B,0
1768388504.7520926,1961,61.3125,0.05396747589111328,Grad/qkv.lora_B,outputs_dev/vitb16/T=vtab_Q=3bit_L=lora_2_qkv-fc1-proj-fc2/cifar/20260114184203_default_acc=53.50/tensorboard/Grad_qkv.lora_B_block_0/events.out.tfevents.1768387346.master-192-168-8-48.1680.2,qkv.lora_B,0
1768388505.1447544,1962,61.34375,0.04626230150461197,Grad/qkv.lora_B,outputs_dev/vitb16/T=vtab_Q=3bit_L=lora_2_qkv-fc1-proj-fc2/cifar/20260114184203_default_acc=53.50/tensorboard/Grad_qkv.lora_B_block_0/events.out.tfevents.1768387346.master-192-168-8-48.1680.2,qkv.lora_B,0
1768388505.536109,1963,61.375,0.24646161496639252,Grad/qkv.lora_B,outputs_dev/vitb16/T=vtab_Q=3bit_L=lora_2_qkv-fc1-proj-fc2/cifar/20260114184203_default_acc=53.50/tensorboard/Grad_qkv.lora_B_block_0/events.out.tfevents.1768387346.master-192-168-8-48.1680.2,qkv.lora_B,0
1768388505.9265194,1964,61.40625,0.021860290318727493,Grad/qkv.lora_B,outputs_dev/vitb16/T=vtab_Q=3bit_L=lora_2_qkv-fc1-proj-fc2/cifar/20260114184203_default_acc=53.50/tensorboard/Grad_qkv.lora_B_block_0/events.out.tfevents.1768387346.master-192-168-8-48.1680.2,qkv.lora_B,0
1768388506.3156507,1965,61.4375,0.1202855259180069,Grad/qkv.lora_B,outputs_dev/vitb16/T=vtab_Q=3bit_L=lora_2_qkv-fc1-proj-fc2/cifar/20260114184203_default_acc=53.50/tensorboard/Grad_qkv.lora_B_block_0/events.out.tfevents.1768387346.master-192-168-8-48.1680.2,qkv.lora_B,0
1768388506.7084317,1966,61.46875,0.03621797263622284,Grad/qkv.lora_B,outputs_dev/vitb16/T=vtab_Q=3bit_L=lora_2_qkv-fc1-proj-fc2/cifar/20260114184203_default_acc=53.50/tensorboard/Grad_qkv.lora_B_block_0/events.out.tfevents.1768387346.master-192-168-8-48.1680.2,qkv.lora_B,0
1768388507.1021001,1967,61.5,0.05086180940270424,Grad/qkv.lora_B,outputs_dev/vitb16/T=vtab_Q=3bit_L=lora_2_qkv-fc1-proj-fc2/cifar/20260114184203_default_acc=53.50/tensorboard/Grad_qkv.lora_B_block_0/events.out.tfevents.1768387346.master-192-168-8-48.1680.2,qkv.lora_B,0
1768388507.4942572,1968,61.53125,0.034355372190475464,Grad/qkv.lora_B,outputs_dev/vitb16/T=vtab_Q=3bit_L=lora_2_qkv-fc1-proj-fc2/cifar/20260114184203_default_acc=53.50/tensorboard/Grad_qkv.lora_B_block_0/events.out.tfevents.1768387346.master-192-168-8-48.1680.2,qkv.lora_B,0
1768388507.8975534,1969,61.5625,0.17362850904464722,Grad/qkv.lora_B,outputs_dev/vitb16/T=vtab_Q=3bit_L=lora_2_qkv-fc1-proj-fc2/cifar/20260114184203_default_acc=53.50/tensorboard/Grad_qkv.lora_B_block_0/events.out.tfevents.1768387346.master-192-168-8-48.1680.2,qkv.lora_B,0
1768388508.289265,1970,61.59375,0.03472130373120308,Grad/qkv.lora_B,outputs_dev/vitb16/T=vtab_Q=3bit_L=lora_2_qkv-fc1-proj-fc2/cifar/20260114184203_default_acc=53.50/tensorboard/Grad_qkv.lora_B_block_0/events.out.tfevents.1768387346.master-192-168-8-48.1680.2,qkv.lora_B,0
1768388508.6927373,1971,61.625,0.15510770678520203,Grad/qkv.lora_B,outputs_dev/vitb16/T=vtab_Q=3bit_L=lora_2_qkv-fc1-proj-fc2/cifar/20260114184203_default_acc=53.50/tensorboard/Grad_qkv.lora_B_block_0/events.out.tfevents.1768387346.master-192-168-8-48.1680.2,qkv.lora_B,0
1768388509.1128893,1972,61.65625,0.018186964094638824,Grad/qkv.lora_B,outputs_dev/vitb16/T=vtab_Q=3bit_L=lora_2_qkv-fc1-proj-fc2/cifar/20260114184203_default_acc=53.50/tensorboard/Grad_qkv.lora_B_block_0/events.out.tfevents.1768387346.master-192-168-8-48.1680.2,qkv.lora_B,0
1768388509.5104825,1973,61.6875,0.07088827341794968,Grad/qkv.lora_B,outputs_dev/vitb16/T=vtab_Q=3bit_L=lora_2_qkv-fc1-proj-fc2/cifar/20260114184203_default_acc=53.50/tensorboard/Grad_qkv.lora_B_block_0/events.out.tfevents.1768387346.master-192-168-8-48.1680.2,qkv.lora_B,0
1768388509.903337,1974,61.71875,0.17958644032478333,Grad/qkv.lora_B,outputs_dev/vitb16/T=vtab_Q=3bit_L=lora_2_qkv-fc1-proj-fc2/cifar/20260114184203_default_acc=53.50/tensorboard/Grad_qkv.lora_B_block_0/events.out.tfevents.1768387346.master-192-168-8-48.1680.2,qkv.lora_B,0
1768388510.2969003,1975,61.75,0.2004004716873169,Grad/qkv.lora_B,outputs_dev/vitb16/T=vtab_Q=3bit_L=lora_2_qkv-fc1-proj-fc2/cifar/20260114184203_default_acc=53.50/tensorboard/Grad_qkv.lora_B_block_0/events.out.tfevents.1768387346.master-192-168-8-48.1680.2,qkv.lora_B,0
1768388510.7007542,1976,61.78125,0.37609949707984924,Grad/qkv.lora_B,outputs_dev/vitb16/T=vtab_Q=3bit_L=lora_2_qkv-fc1-proj-fc2/cifar/20260114184203_default_acc=53.50/tensorboard/Grad_qkv.lora_B_block_0/events.out.tfevents.1768387346.master-192-168-8-48.1680.2,qkv.lora_B,0
1768388511.1070225,1977,61.8125,0.19073842465877533,Grad/qkv.lora_B,outputs_dev/vitb16/T=vtab_Q=3bit_L=lora_2_qkv-fc1-proj-fc2/cifar/20260114184203_default_acc=53.50/tensorboard/Grad_qkv.lora_B_block_0/events.out.tfevents.1768387346.master-192-168-8-48.1680.2,qkv.lora_B,0
1768388511.5204623,1978,61.84375,0.06483110785484314,Grad/qkv.lora_B,outputs_dev/vitb16/T=vtab_Q=3bit_L=lora_2_qkv-fc1-proj-fc2/cifar/20260114184203_default_acc=53.50/tensorboard/Grad_qkv.lora_B_block_0/events.out.tfevents.1768387346.master-192-168-8-48.1680.2,qkv.lora_B,0
1768388511.9235573,1979,61.875,0.09515929222106934,Grad/qkv.lora_B,outputs_dev/vitb16/T=vtab_Q=3bit_L=lora_2_qkv-fc1-proj-fc2/cifar/20260114184203_default_acc=53.50/tensorboard/Grad_qkv.lora_B_block_0/events.out.tfevents.1768387346.master-192-168-8-48.1680.2,qkv.lora_B,0
1768388512.3121843,1980,61.90625,0.2936766743659973,Grad/qkv.lora_B,outputs_dev/vitb16/T=vtab_Q=3bit_L=lora_2_qkv-fc1-proj-fc2/cifar/20260114184203_default_acc=53.50/tensorboard/Grad_qkv.lora_B_block_0/events.out.tfevents.1768387346.master-192-168-8-48.1680.2,qkv.lora_B,0
1768388512.7015085,1981,61.9375,0.2199161797761917,Grad/qkv.lora_B,outputs_dev/vitb16/T=vtab_Q=3bit_L=lora_2_qkv-fc1-proj-fc2/cifar/20260114184203_default_acc=53.50/tensorboard/Grad_qkv.lora_B_block_0/events.out.tfevents.1768387346.master-192-168-8-48.1680.2,qkv.lora_B,0
1768388513.106179,1982,61.96875,0.048611097037792206,Grad/qkv.lora_B,outputs_dev/vitb16/T=vtab_Q=3bit_L=lora_2_qkv-fc1-proj-fc2/cifar/20260114184203_default_acc=53.50/tensorboard/Grad_qkv.lora_B_block_0/events.out.tfevents.1768387346.master-192-168-8-48.1680.2,qkv.lora_B,0
1768388513.2899654,1983,62.0,0.08844979107379913,Grad/qkv.lora_B,outputs_dev/vitb16/T=vtab_Q=3bit_L=lora_2_qkv-fc1-proj-fc2/cifar/20260114184203_default_acc=53.50/tensorboard/Grad_qkv.lora_B_block_0/events.out.tfevents.1768387346.master-192-168-8-48.1680.2,qkv.lora_B,0
1768388513.9062953,1984,62.03125,0.028599394485354424,Grad/qkv.lora_B,outputs_dev/vitb16/T=vtab_Q=3bit_L=lora_2_qkv-fc1-proj-fc2/cifar/20260114184203_default_acc=53.50/tensorboard/Grad_qkv.lora_B_block_0/events.out.tfevents.1768387346.master-192-168-8-48.1680.2,qkv.lora_B,0
1768388514.3017983,1985,62.0625,0.053359080106019974,Grad/qkv.lora_B,outputs_dev/vitb16/T=vtab_Q=3bit_L=lora_2_qkv-fc1-proj-fc2/cifar/20260114184203_default_acc=53.50/tensorboard/Grad_qkv.lora_B_block_0/events.out.tfevents.1768387346.master-192-168-8-48.1680.2,qkv.lora_B,0
1768388514.6939485,1986,62.09375,0.05270693823695183,Grad/qkv.lora_B,outputs_dev/vitb16/T=vtab_Q=3bit_L=lora_2_qkv-fc1-proj-fc2/cifar/20260114184203_default_acc=53.50/tensorboard/Grad_qkv.lora_B_block_0/events.out.tfevents.1768387346.master-192-168-8-48.1680.2,qkv.lora_B,0
1768388515.0879965,1987,62.125,0.021970249712467194,Grad/qkv.lora_B,outputs_dev/vitb16/T=vtab_Q=3bit_L=lora_2_qkv-fc1-proj-fc2/cifar/20260114184203_default_acc=53.50/tensorboard/Grad_qkv.lora_B_block_0/events.out.tfevents.1768387346.master-192-168-8-48.1680.2,qkv.lora_B,0
1768388515.4766145,1988,62.15625,0.18120267987251282,Grad/qkv.lora_B,outputs_dev/vitb16/T=vtab_Q=3bit_L=lora_2_qkv-fc1-proj-fc2/cifar/20260114184203_default_acc=53.50/tensorboard/Grad_qkv.lora_B_block_0/events.out.tfevents.1768387346.master-192-168-8-48.1680.2,qkv.lora_B,0
1768388515.8709881,1989,62.1875,0.037835776805877686,Grad/qkv.lora_B,outputs_dev/vitb16/T=vtab_Q=3bit_L=lora_2_qkv-fc1-proj-fc2/cifar/20260114184203_default_acc=53.50/tensorboard/Grad_qkv.lora_B_block_0/events.out.tfevents.1768387346.master-192-168-8-48.1680.2,qkv.lora_B,0
1768388516.2608554,1990,62.21875,0.4944062829017639,Grad/qkv.lora_B,outputs_dev/vitb16/T=vtab_Q=3bit_L=lora_2_qkv-fc1-proj-fc2/cifar/20260114184203_default_acc=53.50/tensorboard/Grad_qkv.lora_B_block_0/events.out.tfevents.1768387346.master-192-168-8-48.1680.2,qkv.lora_B,0
1768388516.6486971,1991,62.25,0.19019770622253418,Grad/qkv.lora_B,outputs_dev/vitb16/T=vtab_Q=3bit_L=lora_2_qkv-fc1-proj-fc2/cifar/20260114184203_default_acc=53.50/tensorboard/Grad_qkv.lora_B_block_0/events.out.tfevents.1768387346.master-192-168-8-48.1680.2,qkv.lora_B,0
1768388517.05267,1992,62.28125,0.09457441419363022,Grad/qkv.lora_B,outputs_dev/vitb16/T=vtab_Q=3bit_L=lora_2_qkv-fc1-proj-fc2/cifar/20260114184203_default_acc=53.50/tensorboard/Grad_qkv.lora_B_block_0/events.out.tfevents.1768387346.master-192-168-8-48.1680.2,qkv.lora_B,0
1768388517.442765,1993,62.3125,0.10143522173166275,Grad/qkv.lora_B,outputs_dev/vitb16/T=vtab_Q=3bit_L=lora_2_qkv-fc1-proj-fc2/cifar/20260114184203_default_acc=53.50/tensorboard/Grad_qkv.lora_B_block_0/events.out.tfevents.1768387346.master-192-168-8-48.1680.2,qkv.lora_B,0
1768388517.8329298,1994,62.34375,0.1366996169090271,Grad/qkv.lora_B,outputs_dev/vitb16/T=vtab_Q=3bit_L=lora_2_qkv-fc1-proj-fc2/cifar/20260114184203_default_acc=53.50/tensorboard/Grad_qkv.lora_B_block_0/events.out.tfevents.1768387346.master-192-168-8-48.1680.2,qkv.lora_B,0
1768388518.2218564,1995,62.375,0.046550482511520386,Grad/qkv.lora_B,outputs_dev/vitb16/T=vtab_Q=3bit_L=lora_2_qkv-fc1-proj-fc2/cifar/20260114184203_default_acc=53.50/tensorboard/Grad_qkv.lora_B_block_0/events.out.tfevents.1768387346.master-192-168-8-48.1680.2,qkv.lora_B,0
1768388518.61143,1996,62.40625,0.03773749619722366,Grad/qkv.lora_B,outputs_dev/vitb16/T=vtab_Q=3bit_L=lora_2_qkv-fc1-proj-fc2/cifar/20260114184203_default_acc=53.50/tensorboard/Grad_qkv.lora_B_block_0/events.out.tfevents.1768387346.master-192-168-8-48.1680.2,qkv.lora_B,0
1768388518.999636,1997,62.4375,0.14671948552131653,Grad/qkv.lora_B,outputs_dev/vitb16/T=vtab_Q=3bit_L=lora_2_qkv-fc1-proj-fc2/cifar/20260114184203_default_acc=53.50/tensorboard/Grad_qkv.lora_B_block_0/events.out.tfevents.1768387346.master-192-168-8-48.1680.2,qkv.lora_B,0
1768388519.403088,1998,62.46875,0.08173331618309021,Grad/qkv.lora_B,outputs_dev/vitb16/T=vtab_Q=3bit_L=lora_2_qkv-fc1-proj-fc2/cifar/20260114184203_default_acc=53.50/tensorboard/Grad_qkv.lora_B_block_0/events.out.tfevents.1768387346.master-192-168-8-48.1680.2,qkv.lora_B,0
1768388519.8083084,1999,62.5,0.06010028347373009,Grad/qkv.lora_B,outputs_dev/vitb16/T=vtab_Q=3bit_L=lora_2_qkv-fc1-proj-fc2/cifar/20260114184203_default_acc=53.50/tensorboard/Grad_qkv.lora_B_block_0/events.out.tfevents.1768387346.master-192-168-8-48.1680.2,qkv.lora_B,0
1768388520.1986525,2000,62.53125,0.07206036150455475,Grad/qkv.lora_B,outputs_dev/vitb16/T=vtab_Q=3bit_L=lora_2_qkv-fc1-proj-fc2/cifar/20260114184203_default_acc=53.50/tensorboard/Grad_qkv.lora_B_block_0/events.out.tfevents.1768387346.master-192-168-8-48.1680.2,qkv.lora_B,0
1768388520.5870848,2001,62.5625,0.10880227386951447,Grad/qkv.lora_B,outputs_dev/vitb16/T=vtab_Q=3bit_L=lora_2_qkv-fc1-proj-fc2/cifar/20260114184203_default_acc=53.50/tensorboard/Grad_qkv.lora_B_block_0/events.out.tfevents.1768387346.master-192-168-8-48.1680.2,qkv.lora_B,0
1768388520.99113,2002,62.59375,0.10532648861408234,Grad/qkv.lora_B,outputs_dev/vitb16/T=vtab_Q=3bit_L=lora_2_qkv-fc1-proj-fc2/cifar/20260114184203_default_acc=53.50/tensorboard/Grad_qkv.lora_B_block_0/events.out.tfevents.1768387346.master-192-168-8-48.1680.2,qkv.lora_B,0
1768388521.394881,2003,62.625,0.3321724534034729,Grad/qkv.lora_B,outputs_dev/vitb16/T=vtab_Q=3bit_L=lora_2_qkv-fc1-proj-fc2/cifar/20260114184203_default_acc=53.50/tensorboard/Grad_qkv.lora_B_block_0/events.out.tfevents.1768387346.master-192-168-8-48.1680.2,qkv.lora_B,0
1768388521.8008418,2004,62.65625,0.05155681073665619,Grad/qkv.lora_B,outputs_dev/vitb16/T=vtab_Q=3bit_L=lora_2_qkv-fc1-proj-fc2/cifar/20260114184203_default_acc=53.50/tensorboard/Grad_qkv.lora_B_block_0/events.out.tfevents.1768387346.master-192-168-8-48.1680.2,qkv.lora_B,0
1768388522.1898422,2005,62.6875,0.07655913382768631,Grad/qkv.lora_B,outputs_dev/vitb16/T=vtab_Q=3bit_L=lora_2_qkv-fc1-proj-fc2/cifar/20260114184203_default_acc=53.50/tensorboard/Grad_qkv.lora_B_block_0/events.out.tfevents.1768387346.master-192-168-8-48.1680.2,qkv.lora_B,0
1768388522.5776024,2006,62.71875,0.2116701304912567,Grad/qkv.lora_B,outputs_dev/vitb16/T=vtab_Q=3bit_L=lora_2_qkv-fc1-proj-fc2/cifar/20260114184203_default_acc=53.50/tensorboard/Grad_qkv.lora_B_block_0/events.out.tfevents.1768387346.master-192-168-8-48.1680.2,qkv.lora_B,0
1768388522.9698231,2007,62.75,0.07197267562150955,Grad/qkv.lora_B,outputs_dev/vitb16/T=vtab_Q=3bit_L=lora_2_qkv-fc1-proj-fc2/cifar/20260114184203_default_acc=53.50/tensorboard/Grad_qkv.lora_B_block_0/events.out.tfevents.1768387346.master-192-168-8-48.1680.2,qkv.lora_B,0
1768388523.3588593,2008,62.78125,0.08048936724662781,Grad/qkv.lora_B,outputs_dev/vitb16/T=vtab_Q=3bit_L=lora_2_qkv-fc1-proj-fc2/cifar/20260114184203_default_acc=53.50/tensorboard/Grad_qkv.lora_B_block_0/events.out.tfevents.1768387346.master-192-168-8-48.1680.2,qkv.lora_B,0
1768388523.747178,2009,62.8125,0.033506494015455246,Grad/qkv.lora_B,outputs_dev/vitb16/T=vtab_Q=3bit_L=lora_2_qkv-fc1-proj-fc2/cifar/20260114184203_default_acc=53.50/tensorboard/Grad_qkv.lora_B_block_0/events.out.tfevents.1768387346.master-192-168-8-48.1680.2,qkv.lora_B,0
1768388524.134263,2010,62.84375,0.05993522331118584,Grad/qkv.lora_B,outputs_dev/vitb16/T=vtab_Q=3bit_L=lora_2_qkv-fc1-proj-fc2/cifar/20260114184203_default_acc=53.50/tensorboard/Grad_qkv.lora_B_block_0/events.out.tfevents.1768387346.master-192-168-8-48.1680.2,qkv.lora_B,0
1768388524.5235515,2011,62.875,0.14410042762756348,Grad/qkv.lora_B,outputs_dev/vitb16/T=vtab_Q=3bit_L=lora_2_qkv-fc1-proj-fc2/cifar/20260114184203_default_acc=53.50/tensorboard/Grad_qkv.lora_B_block_0/events.out.tfevents.1768387346.master-192-168-8-48.1680.2,qkv.lora_B,0
1768388524.903351,2012,62.90625,0.10854198038578033,Grad/qkv.lora_B,outputs_dev/vitb16/T=vtab_Q=3bit_L=lora_2_qkv-fc1-proj-fc2/cifar/20260114184203_default_acc=53.50/tensorboard/Grad_qkv.lora_B_block_0/events.out.tfevents.1768387346.master-192-168-8-48.1680.2,qkv.lora_B,0
1768388525.2920532,2013,62.9375,0.04752672463655472,Grad/qkv.lora_B,outputs_dev/vitb16/T=vtab_Q=3bit_L=lora_2_qkv-fc1-proj-fc2/cifar/20260114184203_default_acc=53.50/tensorboard/Grad_qkv.lora_B_block_0/events.out.tfevents.1768387346.master-192-168-8-48.1680.2,qkv.lora_B,0
1768388525.6802917,2014,62.96875,1.0909086465835571,Grad/qkv.lora_B,outputs_dev/vitb16/T=vtab_Q=3bit_L=lora_2_qkv-fc1-proj-fc2/cifar/20260114184203_default_acc=53.50/tensorboard/Grad_qkv.lora_B_block_0/events.out.tfevents.1768387346.master-192-168-8-48.1680.2,qkv.lora_B,0
1768388525.8888435,2015,63.0,0.06696948409080505,Grad/qkv.lora_B,outputs_dev/vitb16/T=vtab_Q=3bit_L=lora_2_qkv-fc1-proj-fc2/cifar/20260114184203_default_acc=53.50/tensorboard/Grad_qkv.lora_B_block_0/events.out.tfevents.1768387346.master-192-168-8-48.1680.2,qkv.lora_B,0
1768388526.5040534,2016,63.03125,0.044208504259586334,Grad/qkv.lora_B,outputs_dev/vitb16/T=vtab_Q=3bit_L=lora_2_qkv-fc1-proj-fc2/cifar/20260114184203_default_acc=53.50/tensorboard/Grad_qkv.lora_B_block_0/events.out.tfevents.1768387346.master-192-168-8-48.1680.2,qkv.lora_B,0
1768388526.9356892,2017,63.0625,0.20620021224021912,Grad/qkv.lora_B,outputs_dev/vitb16/T=vtab_Q=3bit_L=lora_2_qkv-fc1-proj-fc2/cifar/20260114184203_default_acc=53.50/tensorboard/Grad_qkv.lora_B_block_0/events.out.tfevents.1768387346.master-192-168-8-48.1680.2,qkv.lora_B,0
1768388527.3297675,2018,63.09375,0.19522666931152344,Grad/qkv.lora_B,outputs_dev/vitb16/T=vtab_Q=3bit_L=lora_2_qkv-fc1-proj-fc2/cifar/20260114184203_default_acc=53.50/tensorboard/Grad_qkv.lora_B_block_0/events.out.tfevents.1768387346.master-192-168-8-48.1680.2,qkv.lora_B,0
1768388527.8843532,2019,63.125,0.12127956748008728,Grad/qkv.lora_B,outputs_dev/vitb16/T=vtab_Q=3bit_L=lora_2_qkv-fc1-proj-fc2/cifar/20260114184203_default_acc=53.50/tensorboard/Grad_qkv.lora_B_block_0/events.out.tfevents.1768387346.master-192-168-8-48.1680.2,qkv.lora_B,0
1768388528.2786005,2020,63.15625,0.16466428339481354,Grad/qkv.lora_B,outputs_dev/vitb16/T=vtab_Q=3bit_L=lora_2_qkv-fc1-proj-fc2/cifar/20260114184203_default_acc=53.50/tensorboard/Grad_qkv.lora_B_block_0/events.out.tfevents.1768387346.master-192-168-8-48.1680.2,qkv.lora_B,0
1768388528.664824,2021,63.1875,0.1431065797805786,Grad/qkv.lora_B,outputs_dev/vitb16/T=vtab_Q=3bit_L=lora_2_qkv-fc1-proj-fc2/cifar/20260114184203_default_acc=53.50/tensorboard/Grad_qkv.lora_B_block_0/events.out.tfevents.1768387346.master-192-168-8-48.1680.2,qkv.lora_B,0
1768388529.0714679,2022,63.21875,0.13873203098773956,Grad/qkv.lora_B,outputs_dev/vitb16/T=vtab_Q=3bit_L=lora_2_qkv-fc1-proj-fc2/cifar/20260114184203_default_acc=53.50/tensorboard/Grad_qkv.lora_B_block_0/events.out.tfevents.1768387346.master-192-168-8-48.1680.2,qkv.lora_B,0
1768388529.4605412,2023,63.25,0.057768117636442184,Grad/qkv.lora_B,outputs_dev/vitb16/T=vtab_Q=3bit_L=lora_2_qkv-fc1-proj-fc2/cifar/20260114184203_default_acc=53.50/tensorboard/Grad_qkv.lora_B_block_0/events.out.tfevents.1768387346.master-192-168-8-48.1680.2,qkv.lora_B,0
1768388529.8488443,2024,63.28125,0.11656416207551956,Grad/qkv.lora_B,outputs_dev/vitb16/T=vtab_Q=3bit_L=lora_2_qkv-fc1-proj-fc2/cifar/20260114184203_default_acc=53.50/tensorboard/Grad_qkv.lora_B_block_0/events.out.tfevents.1768387346.master-192-168-8-48.1680.2,qkv.lora_B,0
1768388530.2490969,2025,63.3125,0.08545257151126862,Grad/qkv.lora_B,outputs_dev/vitb16/T=vtab_Q=3bit_L=lora_2_qkv-fc1-proj-fc2/cifar/20260114184203_default_acc=53.50/tensorboard/Grad_qkv.lora_B_block_0/events.out.tfevents.1768387346.master-192-168-8-48.1680.2,qkv.lora_B,0
1768388530.6416366,2026,63.34375,0.042117320001125336,Grad/qkv.lora_B,outputs_dev/vitb16/T=vtab_Q=3bit_L=lora_2_qkv-fc1-proj-fc2/cifar/20260114184203_default_acc=53.50/tensorboard/Grad_qkv.lora_B_block_0/events.out.tfevents.1768387346.master-192-168-8-48.1680.2,qkv.lora_B,0
1768388531.0343623,2027,63.375,0.10787680000066757,Grad/qkv.lora_B,outputs_dev/vitb16/T=vtab_Q=3bit_L=lora_2_qkv-fc1-proj-fc2/cifar/20260114184203_default_acc=53.50/tensorboard/Grad_qkv.lora_B_block_0/events.out.tfevents.1768387346.master-192-168-8-48.1680.2,qkv.lora_B,0
1768388531.4252594,2028,63.40625,0.16426332294940948,Grad/qkv.lora_B,outputs_dev/vitb16/T=vtab_Q=3bit_L=lora_2_qkv-fc1-proj-fc2/cifar/20260114184203_default_acc=53.50/tensorboard/Grad_qkv.lora_B_block_0/events.out.tfevents.1768387346.master-192-168-8-48.1680.2,qkv.lora_B,0
1768388531.8193977,2029,63.4375,0.19526122510433197,Grad/qkv.lora_B,outputs_dev/vitb16/T=vtab_Q=3bit_L=lora_2_qkv-fc1-proj-fc2/cifar/20260114184203_default_acc=53.50/tensorboard/Grad_qkv.lora_B_block_0/events.out.tfevents.1768387346.master-192-168-8-48.1680.2,qkv.lora_B,0
1768388532.2243707,2030,63.46875,0.04401037469506264,Grad/qkv.lora_B,outputs_dev/vitb16/T=vtab_Q=3bit_L=lora_2_qkv-fc1-proj-fc2/cifar/20260114184203_default_acc=53.50/tensorboard/Grad_qkv.lora_B_block_0/events.out.tfevents.1768387346.master-192-168-8-48.1680.2,qkv.lora_B,0
1768388532.6149414,2031,63.5,0.03804704174399376,Grad/qkv.lora_B,outputs_dev/vitb16/T=vtab_Q=3bit_L=lora_2_qkv-fc1-proj-fc2/cifar/20260114184203_default_acc=53.50/tensorboard/Grad_qkv.lora_B_block_0/events.out.tfevents.1768387346.master-192-168-8-48.1680.2,qkv.lora_B,0
1768388533.0171874,2032,63.53125,0.062031786888837814,Grad/qkv.lora_B,outputs_dev/vitb16/T=vtab_Q=3bit_L=lora_2_qkv-fc1-proj-fc2/cifar/20260114184203_default_acc=53.50/tensorboard/Grad_qkv.lora_B_block_0/events.out.tfevents.1768387346.master-192-168-8-48.1680.2,qkv.lora_B,0
1768388533.421561,2033,63.5625,0.027511175721883774,Grad/qkv.lora_B,outputs_dev/vitb16/T=vtab_Q=3bit_L=lora_2_qkv-fc1-proj-fc2/cifar/20260114184203_default_acc=53.50/tensorboard/Grad_qkv.lora_B_block_0/events.out.tfevents.1768387346.master-192-168-8-48.1680.2,qkv.lora_B,0
1768388533.826137,2034,63.59375,0.03553098067641258,Grad/qkv.lora_B,outputs_dev/vitb16/T=vtab_Q=3bit_L=lora_2_qkv-fc1-proj-fc2/cifar/20260114184203_default_acc=53.50/tensorboard/Grad_qkv.lora_B_block_0/events.out.tfevents.1768387346.master-192-168-8-48.1680.2,qkv.lora_B,0
1768388534.2290313,2035,63.625,0.13447773456573486,Grad/qkv.lora_B,outputs_dev/vitb16/T=vtab_Q=3bit_L=lora_2_qkv-fc1-proj-fc2/cifar/20260114184203_default_acc=53.50/tensorboard/Grad_qkv.lora_B_block_0/events.out.tfevents.1768387346.master-192-168-8-48.1680.2,qkv.lora_B,0
1768388534.6040316,2036,63.65625,0.11252224445343018,Grad/qkv.lora_B,outputs_dev/vitb16/T=vtab_Q=3bit_L=lora_2_qkv-fc1-proj-fc2/cifar/20260114184203_default_acc=53.50/tensorboard/Grad_qkv.lora_B_block_0/events.out.tfevents.1768387346.master-192-168-8-48.1680.2,qkv.lora_B,0
1768388534.9872272,2037,63.6875,0.06094282865524292,Grad/qkv.lora_B,outputs_dev/vitb16/T=vtab_Q=3bit_L=lora_2_qkv-fc1-proj-fc2/cifar/20260114184203_default_acc=53.50/tensorboard/Grad_qkv.lora_B_block_0/events.out.tfevents.1768387346.master-192-168-8-48.1680.2,qkv.lora_B,0
1768388535.3638945,2038,63.71875,0.21706180274486542,Grad/qkv.lora_B,outputs_dev/vitb16/T=vtab_Q=3bit_L=lora_2_qkv-fc1-proj-fc2/cifar/20260114184203_default_acc=53.50/tensorboard/Grad_qkv.lora_B_block_0/events.out.tfevents.1768387346.master-192-168-8-48.1680.2,qkv.lora_B,0
1768388535.7366278,2039,63.75,0.03116239793598652,Grad/qkv.lora_B,outputs_dev/vitb16/T=vtab_Q=3bit_L=lora_2_qkv-fc1-proj-fc2/cifar/20260114184203_default_acc=53.50/tensorboard/Grad_qkv.lora_B_block_0/events.out.tfevents.1768387346.master-192-168-8-48.1680.2,qkv.lora_B,0
1768388536.111959,2040,63.78125,0.047412049025297165,Grad/qkv.lora_B,outputs_dev/vitb16/T=vtab_Q=3bit_L=lora_2_qkv-fc1-proj-fc2/cifar/20260114184203_default_acc=53.50/tensorboard/Grad_qkv.lora_B_block_0/events.out.tfevents.1768387346.master-192-168-8-48.1680.2,qkv.lora_B,0
1768388536.4883733,2041,63.8125,0.027908971533179283,Grad/qkv.lora_B,outputs_dev/vitb16/T=vtab_Q=3bit_L=lora_2_qkv-fc1-proj-fc2/cifar/20260114184203_default_acc=53.50/tensorboard/Grad_qkv.lora_B_block_0/events.out.tfevents.1768387346.master-192-168-8-48.1680.2,qkv.lora_B,0
1768388536.863081,2042,63.84375,0.0945158377289772,Grad/qkv.lora_B,outputs_dev/vitb16/T=vtab_Q=3bit_L=lora_2_qkv-fc1-proj-fc2/cifar/20260114184203_default_acc=53.50/tensorboard/Grad_qkv.lora_B_block_0/events.out.tfevents.1768387346.master-192-168-8-48.1680.2,qkv.lora_B,0
1768388537.2416172,2043,63.875,0.28974828124046326,Grad/qkv.lora_B,outputs_dev/vitb16/T=vtab_Q=3bit_L=lora_2_qkv-fc1-proj-fc2/cifar/20260114184203_default_acc=53.50/tensorboard/Grad_qkv.lora_B_block_0/events.out.tfevents.1768387346.master-192-168-8-48.1680.2,qkv.lora_B,0
1768388537.6451924,2044,63.90625,0.1285039782524109,Grad/qkv.lora_B,outputs_dev/vitb16/T=vtab_Q=3bit_L=lora_2_qkv-fc1-proj-fc2/cifar/20260114184203_default_acc=53.50/tensorboard/Grad_qkv.lora_B_block_0/events.out.tfevents.1768387346.master-192-168-8-48.1680.2,qkv.lora_B,0
1768388538.0375025,2045,63.9375,0.035792574286460876,Grad/qkv.lora_B,outputs_dev/vitb16/T=vtab_Q=3bit_L=lora_2_qkv-fc1-proj-fc2/cifar/20260114184203_default_acc=53.50/tensorboard/Grad_qkv.lora_B_block_0/events.out.tfevents.1768387346.master-192-168-8-48.1680.2,qkv.lora_B,0
1768388538.4294138,2046,63.96875,0.22310705482959747,Grad/qkv.lora_B,outputs_dev/vitb16/T=vtab_Q=3bit_L=lora_2_qkv-fc1-proj-fc2/cifar/20260114184203_default_acc=53.50/tensorboard/Grad_qkv.lora_B_block_0/events.out.tfevents.1768387346.master-192-168-8-48.1680.2,qkv.lora_B,0
1768388538.578772,2047,64.0,0.10322409868240356,Grad/qkv.lora_B,outputs_dev/vitb16/T=vtab_Q=3bit_L=lora_2_qkv-fc1-proj-fc2/cifar/20260114184203_default_acc=53.50/tensorboard/Grad_qkv.lora_B_block_0/events.out.tfevents.1768387346.master-192-168-8-48.1680.2,qkv.lora_B,0
1768388539.2334712,2048,64.03125,0.058398451656103134,Grad/qkv.lora_B,outputs_dev/vitb16/T=vtab_Q=3bit_L=lora_2_qkv-fc1-proj-fc2/cifar/20260114184203_default_acc=53.50/tensorboard/Grad_qkv.lora_B_block_0/events.out.tfevents.1768387346.master-192-168-8-48.1680.2,qkv.lora_B,0
1768388539.6187236,2049,64.0625,0.17926013469696045,Grad/qkv.lora_B,outputs_dev/vitb16/T=vtab_Q=3bit_L=lora_2_qkv-fc1-proj-fc2/cifar/20260114184203_default_acc=53.50/tensorboard/Grad_qkv.lora_B_block_0/events.out.tfevents.1768387346.master-192-168-8-48.1680.2,qkv.lora_B,0
1768388540.014458,2050,64.09375,0.05160015448927879,Grad/qkv.lora_B,outputs_dev/vitb16/T=vtab_Q=3bit_L=lora_2_qkv-fc1-proj-fc2/cifar/20260114184203_default_acc=53.50/tensorboard/Grad_qkv.lora_B_block_0/events.out.tfevents.1768387346.master-192-168-8-48.1680.2,qkv.lora_B,0
1768388540.4106798,2051,64.125,0.05624299496412277,Grad/qkv.lora_B,outputs_dev/vitb16/T=vtab_Q=3bit_L=lora_2_qkv-fc1-proj-fc2/cifar/20260114184203_default_acc=53.50/tensorboard/Grad_qkv.lora_B_block_0/events.out.tfevents.1768387346.master-192-168-8-48.1680.2,qkv.lora_B,0
1768388540.805193,2052,64.15625,0.37605202198028564,Grad/qkv.lora_B,outputs_dev/vitb16/T=vtab_Q=3bit_L=lora_2_qkv-fc1-proj-fc2/cifar/20260114184203_default_acc=53.50/tensorboard/Grad_qkv.lora_B_block_0/events.out.tfevents.1768387346.master-192-168-8-48.1680.2,qkv.lora_B,0
1768388541.1991498,2053,64.1875,0.1888248175382614,Grad/qkv.lora_B,outputs_dev/vitb16/T=vtab_Q=3bit_L=lora_2_qkv-fc1-proj-fc2/cifar/20260114184203_default_acc=53.50/tensorboard/Grad_qkv.lora_B_block_0/events.out.tfevents.1768387346.master-192-168-8-48.1680.2,qkv.lora_B,0
1768388541.5933344,2054,64.21875,0.17178072035312653,Grad/qkv.lora_B,outputs_dev/vitb16/T=vtab_Q=3bit_L=lora_2_qkv-fc1-proj-fc2/cifar/20260114184203_default_acc=53.50/tensorboard/Grad_qkv.lora_B_block_0/events.out.tfevents.1768387346.master-192-168-8-48.1680.2,qkv.lora_B,0
1768388541.9891205,2055,64.25,0.3336390256881714,Grad/qkv.lora_B,outputs_dev/vitb16/T=vtab_Q=3bit_L=lora_2_qkv-fc1-proj-fc2/cifar/20260114184203_default_acc=53.50/tensorboard/Grad_qkv.lora_B_block_0/events.out.tfevents.1768387346.master-192-168-8-48.1680.2,qkv.lora_B,0
1768388542.3828893,2056,64.28125,0.030838485807180405,Grad/qkv.lora_B,outputs_dev/vitb16/T=vtab_Q=3bit_L=lora_2_qkv-fc1-proj-fc2/cifar/20260114184203_default_acc=53.50/tensorboard/Grad_qkv.lora_B_block_0/events.out.tfevents.1768387346.master-192-168-8-48.1680.2,qkv.lora_B,0
1768388542.779275,2057,64.3125,0.039059896022081375,Grad/qkv.lora_B,outputs_dev/vitb16/T=vtab_Q=3bit_L=lora_2_qkv-fc1-proj-fc2/cifar/20260114184203_default_acc=53.50/tensorboard/Grad_qkv.lora_B_block_0/events.out.tfevents.1768387346.master-192-168-8-48.1680.2,qkv.lora_B,0
1768388543.1720142,2058,64.34375,0.029234660789370537,Grad/qkv.lora_B,outputs_dev/vitb16/T=vtab_Q=3bit_L=lora_2_qkv-fc1-proj-fc2/cifar/20260114184203_default_acc=53.50/tensorboard/Grad_qkv.lora_B_block_0/events.out.tfevents.1768387346.master-192-168-8-48.1680.2,qkv.lora_B,0
1768388543.566196,2059,64.375,0.04845208674669266,Grad/qkv.lora_B,outputs_dev/vitb16/T=vtab_Q=3bit_L=lora_2_qkv-fc1-proj-fc2/cifar/20260114184203_default_acc=53.50/tensorboard/Grad_qkv.lora_B_block_0/events.out.tfevents.1768387346.master-192-168-8-48.1680.2,qkv.lora_B,0
1768388543.960314,2060,64.40625,0.05100152641534805,Grad/qkv.lora_B,outputs_dev/vitb16/T=vtab_Q=3bit_L=lora_2_qkv-fc1-proj-fc2/cifar/20260114184203_default_acc=53.50/tensorboard/Grad_qkv.lora_B_block_0/events.out.tfevents.1768387346.master-192-168-8-48.1680.2,qkv.lora_B,0
1768388544.3564353,2061,64.4375,0.030755965039134026,Grad/qkv.lora_B,outputs_dev/vitb16/T=vtab_Q=3bit_L=lora_2_qkv-fc1-proj-fc2/cifar/20260114184203_default_acc=53.50/tensorboard/Grad_qkv.lora_B_block_0/events.out.tfevents.1768387346.master-192-168-8-48.1680.2,qkv.lora_B,0
1768388544.750744,2062,64.46875,0.08601384609937668,Grad/qkv.lora_B,outputs_dev/vitb16/T=vtab_Q=3bit_L=lora_2_qkv-fc1-proj-fc2/cifar/20260114184203_default_acc=53.50/tensorboard/Grad_qkv.lora_B_block_0/events.out.tfevents.1768387346.master-192-168-8-48.1680.2,qkv.lora_B,0
1768388545.1434925,2063,64.5,0.14198525249958038,Grad/qkv.lora_B,outputs_dev/vitb16/T=vtab_Q=3bit_L=lora_2_qkv-fc1-proj-fc2/cifar/20260114184203_default_acc=53.50/tensorboard/Grad_qkv.lora_B_block_0/events.out.tfevents.1768387346.master-192-168-8-48.1680.2,qkv.lora_B,0
1768388545.53744,2064,64.53125,0.06603392213582993,Grad/qkv.lora_B,outputs_dev/vitb16/T=vtab_Q=3bit_L=lora_2_qkv-fc1-proj-fc2/cifar/20260114184203_default_acc=53.50/tensorboard/Grad_qkv.lora_B_block_0/events.out.tfevents.1768387346.master-192-168-8-48.1680.2,qkv.lora_B,0
1768388545.939226,2065,64.5625,0.06881452351808548,Grad/qkv.lora_B,outputs_dev/vitb16/T=vtab_Q=3bit_L=lora_2_qkv-fc1-proj-fc2/cifar/20260114184203_default_acc=53.50/tensorboard/Grad_qkv.lora_B_block_0/events.out.tfevents.1768387346.master-192-168-8-48.1680.2,qkv.lora_B,0
1768388546.354149,2066,64.59375,0.07479298859834671,Grad/qkv.lora_B,outputs_dev/vitb16/T=vtab_Q=3bit_L=lora_2_qkv-fc1-proj-fc2/cifar/20260114184203_default_acc=53.50/tensorboard/Grad_qkv.lora_B_block_0/events.out.tfevents.1768387346.master-192-168-8-48.1680.2,qkv.lora_B,0
1768388546.7551305,2067,64.625,0.019690662622451782,Grad/qkv.lora_B,outputs_dev/vitb16/T=vtab_Q=3bit_L=lora_2_qkv-fc1-proj-fc2/cifar/20260114184203_default_acc=53.50/tensorboard/Grad_qkv.lora_B_block_0/events.out.tfevents.1768387346.master-192-168-8-48.1680.2,qkv.lora_B,0
1768388547.152662,2068,64.65625,0.04245199263095856,Grad/qkv.lora_B,outputs_dev/vitb16/T=vtab_Q=3bit_L=lora_2_qkv-fc1-proj-fc2/cifar/20260114184203_default_acc=53.50/tensorboard/Grad_qkv.lora_B_block_0/events.out.tfevents.1768387346.master-192-168-8-48.1680.2,qkv.lora_B,0
1768388547.5482585,2069,64.6875,0.04397456347942352,Grad/qkv.lora_B,outputs_dev/vitb16/T=vtab_Q=3bit_L=lora_2_qkv-fc1-proj-fc2/cifar/20260114184203_default_acc=53.50/tensorboard/Grad_qkv.lora_B_block_0/events.out.tfevents.1768387346.master-192-168-8-48.1680.2,qkv.lora_B,0
1768388547.9479113,2070,64.71875,0.4588112235069275,Grad/qkv.lora_B,outputs_dev/vitb16/T=vtab_Q=3bit_L=lora_2_qkv-fc1-proj-fc2/cifar/20260114184203_default_acc=53.50/tensorboard/Grad_qkv.lora_B_block_0/events.out.tfevents.1768387346.master-192-168-8-48.1680.2,qkv.lora_B,0
1768388548.3447924,2071,64.75,0.18977102637290955,Grad/qkv.lora_B,outputs_dev/vitb16/T=vtab_Q=3bit_L=lora_2_qkv-fc1-proj-fc2/cifar/20260114184203_default_acc=53.50/tensorboard/Grad_qkv.lora_B_block_0/events.out.tfevents.1768387346.master-192-168-8-48.1680.2,qkv.lora_B,0
1768388548.7421443,2072,64.78125,0.18411599099636078,Grad/qkv.lora_B,outputs_dev/vitb16/T=vtab_Q=3bit_L=lora_2_qkv-fc1-proj-fc2/cifar/20260114184203_default_acc=53.50/tensorboard/Grad_qkv.lora_B_block_0/events.out.tfevents.1768387346.master-192-168-8-48.1680.2,qkv.lora_B,0
1768388549.1564913,2073,64.8125,0.10681965202093124,Grad/qkv.lora_B,outputs_dev/vitb16/T=vtab_Q=3bit_L=lora_2_qkv-fc1-proj-fc2/cifar/20260114184203_default_acc=53.50/tensorboard/Grad_qkv.lora_B_block_0/events.out.tfevents.1768387346.master-192-168-8-48.1680.2,qkv.lora_B,0
1768388549.5562747,2074,64.84375,0.09667551517486572,Grad/qkv.lora_B,outputs_dev/vitb16/T=vtab_Q=3bit_L=lora_2_qkv-fc1-proj-fc2/cifar/20260114184203_default_acc=53.50/tensorboard/Grad_qkv.lora_B_block_0/events.out.tfevents.1768387346.master-192-168-8-48.1680.2,qkv.lora_B,0
1768388549.9543586,2075,64.875,0.12329331785440445,Grad/qkv.lora_B,outputs_dev/vitb16/T=vtab_Q=3bit_L=lora_2_qkv-fc1-proj-fc2/cifar/20260114184203_default_acc=53.50/tensorboard/Grad_qkv.lora_B_block_0/events.out.tfevents.1768387346.master-192-168-8-48.1680.2,qkv.lora_B,0
1768388550.3512015,2076,64.90625,0.11236067861318588,Grad/qkv.lora_B,outputs_dev/vitb16/T=vtab_Q=3bit_L=lora_2_qkv-fc1-proj-fc2/cifar/20260114184203_default_acc=53.50/tensorboard/Grad_qkv.lora_B_block_0/events.out.tfevents.1768387346.master-192-168-8-48.1680.2,qkv.lora_B,0
1768388550.7492893,2077,64.9375,0.10412817448377609,Grad/qkv.lora_B,outputs_dev/vitb16/T=vtab_Q=3bit_L=lora_2_qkv-fc1-proj-fc2/cifar/20260114184203_default_acc=53.50/tensorboard/Grad_qkv.lora_B_block_0/events.out.tfevents.1768387346.master-192-168-8-48.1680.2,qkv.lora_B,0
1768388551.1480262,2078,64.96875,0.1731151044368744,Grad/qkv.lora_B,outputs_dev/vitb16/T=vtab_Q=3bit_L=lora_2_qkv-fc1-proj-fc2/cifar/20260114184203_default_acc=53.50/tensorboard/Grad_qkv.lora_B_block_0/events.out.tfevents.1768387346.master-192-168-8-48.1680.2,qkv.lora_B,0
1768388551.350478,2079,65.0,0.05608204007148743,Grad/qkv.lora_B,outputs_dev/vitb16/T=vtab_Q=3bit_L=lora_2_qkv-fc1-proj-fc2/cifar/20260114184203_default_acc=53.50/tensorboard/Grad_qkv.lora_B_block_0/events.out.tfevents.1768387346.master-192-168-8-48.1680.2,qkv.lora_B,0
1768388552.1555789,2080,65.03125,0.07580825686454773,Grad/qkv.lora_B,outputs_dev/vitb16/T=vtab_Q=3bit_L=lora_2_qkv-fc1-proj-fc2/cifar/20260114184203_default_acc=53.50/tensorboard/Grad_qkv.lora_B_block_0/events.out.tfevents.1768387346.master-192-168-8-48.1680.2,qkv.lora_B,0
1768388552.5522416,2081,65.0625,0.04081512615084648,Grad/qkv.lora_B,outputs_dev/vitb16/T=vtab_Q=3bit_L=lora_2_qkv-fc1-proj-fc2/cifar/20260114184203_default_acc=53.50/tensorboard/Grad_qkv.lora_B_block_0/events.out.tfevents.1768387346.master-192-168-8-48.1680.2,qkv.lora_B,0
1768388552.950815,2082,65.09375,0.06209490820765495,Grad/qkv.lora_B,outputs_dev/vitb16/T=vtab_Q=3bit_L=lora_2_qkv-fc1-proj-fc2/cifar/20260114184203_default_acc=53.50/tensorboard/Grad_qkv.lora_B_block_0/events.out.tfevents.1768387346.master-192-168-8-48.1680.2,qkv.lora_B,0
1768388553.3520014,2083,65.125,0.030351417139172554,Grad/qkv.lora_B,outputs_dev/vitb16/T=vtab_Q=3bit_L=lora_2_qkv-fc1-proj-fc2/cifar/20260114184203_default_acc=53.50/tensorboard/Grad_qkv.lora_B_block_0/events.out.tfevents.1768387346.master-192-168-8-48.1680.2,qkv.lora_B,0
1768388553.747109,2084,65.15625,0.026887716725468636,Grad/qkv.lora_B,outputs_dev/vitb16/T=vtab_Q=3bit_L=lora_2_qkv-fc1-proj-fc2/cifar/20260114184203_default_acc=53.50/tensorboard/Grad_qkv.lora_B_block_0/events.out.tfevents.1768387346.master-192-168-8-48.1680.2,qkv.lora_B,0
1768388554.1582987,2085,65.1875,0.04703715816140175,Grad/qkv.lora_B,outputs_dev/vitb16/T=vtab_Q=3bit_L=lora_2_qkv-fc1-proj-fc2/cifar/20260114184203_default_acc=53.50/tensorboard/Grad_qkv.lora_B_block_0/events.out.tfevents.1768387346.master-192-168-8-48.1680.2,qkv.lora_B,0
1768388554.554899,2086,65.21875,0.04244374856352806,Grad/qkv.lora_B,outputs_dev/vitb16/T=vtab_Q=3bit_L=lora_2_qkv-fc1-proj-fc2/cifar/20260114184203_default_acc=53.50/tensorboard/Grad_qkv.lora_B_block_0/events.out.tfevents.1768387346.master-192-168-8-48.1680.2,qkv.lora_B,0
1768388554.9492018,2087,65.25,0.04670723155140877,Grad/qkv.lora_B,outputs_dev/vitb16/T=vtab_Q=3bit_L=lora_2_qkv-fc1-proj-fc2/cifar/20260114184203_default_acc=53.50/tensorboard/Grad_qkv.lora_B_block_0/events.out.tfevents.1768387346.master-192-168-8-48.1680.2,qkv.lora_B,0
1768388555.3453417,2088,65.28125,0.03582198917865753,Grad/qkv.lora_B,outputs_dev/vitb16/T=vtab_Q=3bit_L=lora_2_qkv-fc1-proj-fc2/cifar/20260114184203_default_acc=53.50/tensorboard/Grad_qkv.lora_B_block_0/events.out.tfevents.1768387346.master-192-168-8-48.1680.2,qkv.lora_B,0
1768388555.7389197,2089,65.3125,0.04231400042772293,Grad/qkv.lora_B,outputs_dev/vitb16/T=vtab_Q=3bit_L=lora_2_qkv-fc1-proj-fc2/cifar/20260114184203_default_acc=53.50/tensorboard/Grad_qkv.lora_B_block_0/events.out.tfevents.1768387346.master-192-168-8-48.1680.2,qkv.lora_B,0
1768388556.1353936,2090,65.34375,0.044381823390722275,Grad/qkv.lora_B,outputs_dev/vitb16/T=vtab_Q=3bit_L=lora_2_qkv-fc1-proj-fc2/cifar/20260114184203_default_acc=53.50/tensorboard/Grad_qkv.lora_B_block_0/events.out.tfevents.1768387346.master-192-168-8-48.1680.2,qkv.lora_B,0
1768388556.5351865,2091,65.375,0.03168335184454918,Grad/qkv.lora_B,outputs_dev/vitb16/T=vtab_Q=3bit_L=lora_2_qkv-fc1-proj-fc2/cifar/20260114184203_default_acc=53.50/tensorboard/Grad_qkv.lora_B_block_0/events.out.tfevents.1768387346.master-192-168-8-48.1680.2,qkv.lora_B,0
1768388556.9305825,2092,65.40625,0.03457431122660637,Grad/qkv.lora_B,outputs_dev/vitb16/T=vtab_Q=3bit_L=lora_2_qkv-fc1-proj-fc2/cifar/20260114184203_default_acc=53.50/tensorboard/Grad_qkv.lora_B_block_0/events.out.tfevents.1768387346.master-192-168-8-48.1680.2,qkv.lora_B,0
1768388557.3269463,2093,65.4375,0.1315426379442215,Grad/qkv.lora_B,outputs_dev/vitb16/T=vtab_Q=3bit_L=lora_2_qkv-fc1-proj-fc2/cifar/20260114184203_default_acc=53.50/tensorboard/Grad_qkv.lora_B_block_0/events.out.tfevents.1768387346.master-192-168-8-48.1680.2,qkv.lora_B,0
1768388557.7214308,2094,65.46875,0.056744467467069626,Grad/qkv.lora_B,outputs_dev/vitb16/T=vtab_Q=3bit_L=lora_2_qkv-fc1-proj-fc2/cifar/20260114184203_default_acc=53.50/tensorboard/Grad_qkv.lora_B_block_0/events.out.tfevents.1768387346.master-192-168-8-48.1680.2,qkv.lora_B,0
1768388558.1147196,2095,65.5,0.09358642250299454,Grad/qkv.lora_B,outputs_dev/vitb16/T=vtab_Q=3bit_L=lora_2_qkv-fc1-proj-fc2/cifar/20260114184203_default_acc=53.50/tensorboard/Grad_qkv.lora_B_block_0/events.out.tfevents.1768387346.master-192-168-8-48.1680.2,qkv.lora_B,0
1768388558.510476,2096,65.53125,0.22537805140018463,Grad/qkv.lora_B,outputs_dev/vitb16/T=vtab_Q=3bit_L=lora_2_qkv-fc1-proj-fc2/cifar/20260114184203_default_acc=53.50/tensorboard/Grad_qkv.lora_B_block_0/events.out.tfevents.1768387346.master-192-168-8-48.1680.2,qkv.lora_B,0
1768388558.9110868,2097,65.5625,0.11609562486410141,Grad/qkv.lora_B,outputs_dev/vitb16/T=vtab_Q=3bit_L=lora_2_qkv-fc1-proj-fc2/cifar/20260114184203_default_acc=53.50/tensorboard/Grad_qkv.lora_B_block_0/events.out.tfevents.1768387346.master-192-168-8-48.1680.2,qkv.lora_B,0
1768388559.3098342,2098,65.59375,0.0835738256573677,Grad/qkv.lora_B,outputs_dev/vitb16/T=vtab_Q=3bit_L=lora_2_qkv-fc1-proj-fc2/cifar/20260114184203_default_acc=53.50/tensorboard/Grad_qkv.lora_B_block_0/events.out.tfevents.1768387346.master-192-168-8-48.1680.2,qkv.lora_B,0
1768388559.7225244,2099,65.625,0.06592690199613571,Grad/qkv.lora_B,outputs_dev/vitb16/T=vtab_Q=3bit_L=lora_2_qkv-fc1-proj-fc2/cifar/20260114184203_default_acc=53.50/tensorboard/Grad_qkv.lora_B_block_0/events.out.tfevents.1768387346.master-192-168-8-48.1680.2,qkv.lora_B,0
1768388560.1183808,2100,65.65625,0.08722448348999023,Grad/qkv.lora_B,outputs_dev/vitb16/T=vtab_Q=3bit_L=lora_2_qkv-fc1-proj-fc2/cifar/20260114184203_default_acc=53.50/tensorboard/Grad_qkv.lora_B_block_0/events.out.tfevents.1768387346.master-192-168-8-48.1680.2,qkv.lora_B,0
1768388560.499465,2101,65.6875,0.030073031783103943,Grad/qkv.lora_B,outputs_dev/vitb16/T=vtab_Q=3bit_L=lora_2_qkv-fc1-proj-fc2/cifar/20260114184203_default_acc=53.50/tensorboard/Grad_qkv.lora_B_block_0/events.out.tfevents.1768387346.master-192-168-8-48.1680.2,qkv.lora_B,0
1768388560.877883,2102,65.71875,0.053157273679971695,Grad/qkv.lora_B,outputs_dev/vitb16/T=vtab_Q=3bit_L=lora_2_qkv-fc1-proj-fc2/cifar/20260114184203_default_acc=53.50/tensorboard/Grad_qkv.lora_B_block_0/events.out.tfevents.1768387346.master-192-168-8-48.1680.2,qkv.lora_B,0
1768388561.2823544,2103,65.75,0.055833276361227036,Grad/qkv.lora_B,outputs_dev/vitb16/T=vtab_Q=3bit_L=lora_2_qkv-fc1-proj-fc2/cifar/20260114184203_default_acc=53.50/tensorboard/Grad_qkv.lora_B_block_0/events.out.tfevents.1768387346.master-192-168-8-48.1680.2,qkv.lora_B,0
1768388561.6924295,2104,65.78125,0.2726975083351135,Grad/qkv.lora_B,outputs_dev/vitb16/T=vtab_Q=3bit_L=lora_2_qkv-fc1-proj-fc2/cifar/20260114184203_default_acc=53.50/tensorboard/Grad_qkv.lora_B_block_0/events.out.tfevents.1768387346.master-192-168-8-48.1680.2,qkv.lora_B,0
1768388562.0992756,2105,65.8125,0.04064334183931351,Grad/qkv.lora_B,outputs_dev/vitb16/T=vtab_Q=3bit_L=lora_2_qkv-fc1-proj-fc2/cifar/20260114184203_default_acc=53.50/tensorboard/Grad_qkv.lora_B_block_0/events.out.tfevents.1768387346.master-192-168-8-48.1680.2,qkv.lora_B,0
1768388562.481128,2106,65.84375,0.054872430860996246,Grad/qkv.lora_B,outputs_dev/vitb16/T=vtab_Q=3bit_L=lora_2_qkv-fc1-proj-fc2/cifar/20260114184203_default_acc=53.50/tensorboard/Grad_qkv.lora_B_block_0/events.out.tfevents.1768387346.master-192-168-8-48.1680.2,qkv.lora_B,0
1768388562.8743489,2107,65.875,0.09342702478170395,Grad/qkv.lora_B,outputs_dev/vitb16/T=vtab_Q=3bit_L=lora_2_qkv-fc1-proj-fc2/cifar/20260114184203_default_acc=53.50/tensorboard/Grad_qkv.lora_B_block_0/events.out.tfevents.1768387346.master-192-168-8-48.1680.2,qkv.lora_B,0
1768388563.2645535,2108,65.90625,0.05229207128286362,Grad/qkv.lora_B,outputs_dev/vitb16/T=vtab_Q=3bit_L=lora_2_qkv-fc1-proj-fc2/cifar/20260114184203_default_acc=53.50/tensorboard/Grad_qkv.lora_B_block_0/events.out.tfevents.1768387346.master-192-168-8-48.1680.2,qkv.lora_B,0
1768388563.6578512,2109,65.9375,0.1455376148223877,Grad/qkv.lora_B,outputs_dev/vitb16/T=vtab_Q=3bit_L=lora_2_qkv-fc1-proj-fc2/cifar/20260114184203_default_acc=53.50/tensorboard/Grad_qkv.lora_B_block_0/events.out.tfevents.1768387346.master-192-168-8-48.1680.2,qkv.lora_B,0
1768388564.0480535,2110,65.96875,0.08046121150255203,Grad/qkv.lora_B,outputs_dev/vitb16/T=vtab_Q=3bit_L=lora_2_qkv-fc1-proj-fc2/cifar/20260114184203_default_acc=53.50/tensorboard/Grad_qkv.lora_B_block_0/events.out.tfevents.1768387346.master-192-168-8-48.1680.2,qkv.lora_B,0
1768388564.2374036,2111,66.0,0.05728123337030411,Grad/qkv.lora_B,outputs_dev/vitb16/T=vtab_Q=3bit_L=lora_2_qkv-fc1-proj-fc2/cifar/20260114184203_default_acc=53.50/tensorboard/Grad_qkv.lora_B_block_0/events.out.tfevents.1768387346.master-192-168-8-48.1680.2,qkv.lora_B,0
1768388564.9810205,2112,66.03125,0.04571717977523804,Grad/qkv.lora_B,outputs_dev/vitb16/T=vtab_Q=3bit_L=lora_2_qkv-fc1-proj-fc2/cifar/20260114184203_default_acc=53.50/tensorboard/Grad_qkv.lora_B_block_0/events.out.tfevents.1768387346.master-192-168-8-48.1680.2,qkv.lora_B,0
1768388565.3943992,2113,66.0625,0.08215583115816116,Grad/qkv.lora_B,outputs_dev/vitb16/T=vtab_Q=3bit_L=lora_2_qkv-fc1-proj-fc2/cifar/20260114184203_default_acc=53.50/tensorboard/Grad_qkv.lora_B_block_0/events.out.tfevents.1768387346.master-192-168-8-48.1680.2,qkv.lora_B,0
1768388565.807199,2114,66.09375,0.45091959834098816,Grad/qkv.lora_B,outputs_dev/vitb16/T=vtab_Q=3bit_L=lora_2_qkv-fc1-proj-fc2/cifar/20260114184203_default_acc=53.50/tensorboard/Grad_qkv.lora_B_block_0/events.out.tfevents.1768387346.master-192-168-8-48.1680.2,qkv.lora_B,0
1768388566.2187033,2115,66.125,0.239690899848938,Grad/qkv.lora_B,outputs_dev/vitb16/T=vtab_Q=3bit_L=lora_2_qkv-fc1-proj-fc2/cifar/20260114184203_default_acc=53.50/tensorboard/Grad_qkv.lora_B_block_0/events.out.tfevents.1768387346.master-192-168-8-48.1680.2,qkv.lora_B,0
1768388566.6290605,2116,66.15625,0.04850485548377037,Grad/qkv.lora_B,outputs_dev/vitb16/T=vtab_Q=3bit_L=lora_2_qkv-fc1-proj-fc2/cifar/20260114184203_default_acc=53.50/tensorboard/Grad_qkv.lora_B_block_0/events.out.tfevents.1768387346.master-192-168-8-48.1680.2,qkv.lora_B,0
1768388567.027025,2117,66.1875,0.06725718826055527,Grad/qkv.lora_B,outputs_dev/vitb16/T=vtab_Q=3bit_L=lora_2_qkv-fc1-proj-fc2/cifar/20260114184203_default_acc=53.50/tensorboard/Grad_qkv.lora_B_block_0/events.out.tfevents.1768387346.master-192-168-8-48.1680.2,qkv.lora_B,0
1768388567.4243228,2118,66.21875,0.04541797563433647,Grad/qkv.lora_B,outputs_dev/vitb16/T=vtab_Q=3bit_L=lora_2_qkv-fc1-proj-fc2/cifar/20260114184203_default_acc=53.50/tensorboard/Grad_qkv.lora_B_block_0/events.out.tfevents.1768387346.master-192-168-8-48.1680.2,qkv.lora_B,0
1768388567.8275707,2119,66.25,0.06052548065781593,Grad/qkv.lora_B,outputs_dev/vitb16/T=vtab_Q=3bit_L=lora_2_qkv-fc1-proj-fc2/cifar/20260114184203_default_acc=53.50/tensorboard/Grad_qkv.lora_B_block_0/events.out.tfevents.1768387346.master-192-168-8-48.1680.2,qkv.lora_B,0
1768388568.2254808,2120,66.28125,0.024797184392809868,Grad/qkv.lora_B,outputs_dev/vitb16/T=vtab_Q=3bit_L=lora_2_qkv-fc1-proj-fc2/cifar/20260114184203_default_acc=53.50/tensorboard/Grad_qkv.lora_B_block_0/events.out.tfevents.1768387346.master-192-168-8-48.1680.2,qkv.lora_B,0
1768388568.6227422,2121,66.3125,0.08565447479486465,Grad/qkv.lora_B,outputs_dev/vitb16/T=vtab_Q=3bit_L=lora_2_qkv-fc1-proj-fc2/cifar/20260114184203_default_acc=53.50/tensorboard/Grad_qkv.lora_B_block_0/events.out.tfevents.1768387346.master-192-168-8-48.1680.2,qkv.lora_B,0
1768388569.0171747,2122,66.34375,0.440538614988327,Grad/qkv.lora_B,outputs_dev/vitb16/T=vtab_Q=3bit_L=lora_2_qkv-fc1-proj-fc2/cifar/20260114184203_default_acc=53.50/tensorboard/Grad_qkv.lora_B_block_0/events.out.tfevents.1768387346.master-192-168-8-48.1680.2,qkv.lora_B,0
1768388569.4137347,2123,66.375,0.17689257860183716,Grad/qkv.lora_B,outputs_dev/vitb16/T=vtab_Q=3bit_L=lora_2_qkv-fc1-proj-fc2/cifar/20260114184203_default_acc=53.50/tensorboard/Grad_qkv.lora_B_block_0/events.out.tfevents.1768387346.master-192-168-8-48.1680.2,qkv.lora_B,0
1768388569.8106308,2124,66.40625,0.028497107326984406,Grad/qkv.lora_B,outputs_dev/vitb16/T=vtab_Q=3bit_L=lora_2_qkv-fc1-proj-fc2/cifar/20260114184203_default_acc=53.50/tensorboard/Grad_qkv.lora_B_block_0/events.out.tfevents.1768387346.master-192-168-8-48.1680.2,qkv.lora_B,0
1768388570.2092688,2125,66.4375,0.0384100079536438,Grad/qkv.lora_B,outputs_dev/vitb16/T=vtab_Q=3bit_L=lora_2_qkv-fc1-proj-fc2/cifar/20260114184203_default_acc=53.50/tensorboard/Grad_qkv.lora_B_block_0/events.out.tfevents.1768387346.master-192-168-8-48.1680.2,qkv.lora_B,0
1768388570.6035583,2126,66.46875,0.5339899063110352,Grad/qkv.lora_B,outputs_dev/vitb16/T=vtab_Q=3bit_L=lora_2_qkv-fc1-proj-fc2/cifar/20260114184203_default_acc=53.50/tensorboard/Grad_qkv.lora_B_block_0/events.out.tfevents.1768387346.master-192-168-8-48.1680.2,qkv.lora_B,0
1768388571.0009487,2127,66.5,0.10747223347425461,Grad/qkv.lora_B,outputs_dev/vitb16/T=vtab_Q=3bit_L=lora_2_qkv-fc1-proj-fc2/cifar/20260114184203_default_acc=53.50/tensorboard/Grad_qkv.lora_B_block_0/events.out.tfevents.1768387346.master-192-168-8-48.1680.2,qkv.lora_B,0
1768388571.3951876,2128,66.53125,0.22485098242759705,Grad/qkv.lora_B,outputs_dev/vitb16/T=vtab_Q=3bit_L=lora_2_qkv-fc1-proj-fc2/cifar/20260114184203_default_acc=53.50/tensorboard/Grad_qkv.lora_B_block_0/events.out.tfevents.1768387346.master-192-168-8-48.1680.2,qkv.lora_B,0
1768388571.7946992,2129,66.5625,0.19844825565814972,Grad/qkv.lora_B,outputs_dev/vitb16/T=vtab_Q=3bit_L=lora_2_qkv-fc1-proj-fc2/cifar/20260114184203_default_acc=53.50/tensorboard/Grad_qkv.lora_B_block_0/events.out.tfevents.1768387346.master-192-168-8-48.1680.2,qkv.lora_B,0
1768388572.191272,2130,66.59375,0.04316560924053192,Grad/qkv.lora_B,outputs_dev/vitb16/T=vtab_Q=3bit_L=lora_2_qkv-fc1-proj-fc2/cifar/20260114184203_default_acc=53.50/tensorboard/Grad_qkv.lora_B_block_0/events.out.tfevents.1768387346.master-192-168-8-48.1680.2,qkv.lora_B,0
1768388572.5882845,2131,66.625,0.27973222732543945,Grad/qkv.lora_B,outputs_dev/vitb16/T=vtab_Q=3bit_L=lora_2_qkv-fc1-proj-fc2/cifar/20260114184203_default_acc=53.50/tensorboard/Grad_qkv.lora_B_block_0/events.out.tfevents.1768387346.master-192-168-8-48.1680.2,qkv.lora_B,0
1768388572.9850364,2132,66.65625,0.07464119791984558,Grad/qkv.lora_B,outputs_dev/vitb16/T=vtab_Q=3bit_L=lora_2_qkv-fc1-proj-fc2/cifar/20260114184203_default_acc=53.50/tensorboard/Grad_qkv.lora_B_block_0/events.out.tfevents.1768387346.master-192-168-8-48.1680.2,qkv.lora_B,0
1768388573.3809574,2133,66.6875,0.11399150639772415,Grad/qkv.lora_B,outputs_dev/vitb16/T=vtab_Q=3bit_L=lora_2_qkv-fc1-proj-fc2/cifar/20260114184203_default_acc=53.50/tensorboard/Grad_qkv.lora_B_block_0/events.out.tfevents.1768387346.master-192-168-8-48.1680.2,qkv.lora_B,0
1768388573.775953,2134,66.71875,0.0350717268884182,Grad/qkv.lora_B,outputs_dev/vitb16/T=vtab_Q=3bit_L=lora_2_qkv-fc1-proj-fc2/cifar/20260114184203_default_acc=53.50/tensorboard/Grad_qkv.lora_B_block_0/events.out.tfevents.1768387346.master-192-168-8-48.1680.2,qkv.lora_B,0
1768388574.1756482,2135,66.75,0.06072376295924187,Grad/qkv.lora_B,outputs_dev/vitb16/T=vtab_Q=3bit_L=lora_2_qkv-fc1-proj-fc2/cifar/20260114184203_default_acc=53.50/tensorboard/Grad_qkv.lora_B_block_0/events.out.tfevents.1768387346.master-192-168-8-48.1680.2,qkv.lora_B,0
1768388574.6028328,2136,66.78125,0.20571273565292358,Grad/qkv.lora_B,outputs_dev/vitb16/T=vtab_Q=3bit_L=lora_2_qkv-fc1-proj-fc2/cifar/20260114184203_default_acc=53.50/tensorboard/Grad_qkv.lora_B_block_0/events.out.tfevents.1768387346.master-192-168-8-48.1680.2,qkv.lora_B,0
1768388574.9986644,2137,66.8125,0.07647449523210526,Grad/qkv.lora_B,outputs_dev/vitb16/T=vtab_Q=3bit_L=lora_2_qkv-fc1-proj-fc2/cifar/20260114184203_default_acc=53.50/tensorboard/Grad_qkv.lora_B_block_0/events.out.tfevents.1768387346.master-192-168-8-48.1680.2,qkv.lora_B,0
1768388575.3897452,2138,66.84375,0.05947006866335869,Grad/qkv.lora_B,outputs_dev/vitb16/T=vtab_Q=3bit_L=lora_2_qkv-fc1-proj-fc2/cifar/20260114184203_default_acc=53.50/tensorboard/Grad_qkv.lora_B_block_0/events.out.tfevents.1768387346.master-192-168-8-48.1680.2,qkv.lora_B,0
1768388575.7835708,2139,66.875,0.03833075985312462,Grad/qkv.lora_B,outputs_dev/vitb16/T=vtab_Q=3bit_L=lora_2_qkv-fc1-proj-fc2/cifar/20260114184203_default_acc=53.50/tensorboard/Grad_qkv.lora_B_block_0/events.out.tfevents.1768387346.master-192-168-8-48.1680.2,qkv.lora_B,0
1768388576.1769927,2140,66.90625,0.0344805046916008,Grad/qkv.lora_B,outputs_dev/vitb16/T=vtab_Q=3bit_L=lora_2_qkv-fc1-proj-fc2/cifar/20260114184203_default_acc=53.50/tensorboard/Grad_qkv.lora_B_block_0/events.out.tfevents.1768387346.master-192-168-8-48.1680.2,qkv.lora_B,0
1768388576.5682788,2141,66.9375,0.12005595117807388,Grad/qkv.lora_B,outputs_dev/vitb16/T=vtab_Q=3bit_L=lora_2_qkv-fc1-proj-fc2/cifar/20260114184203_default_acc=53.50/tensorboard/Grad_qkv.lora_B_block_0/events.out.tfevents.1768387346.master-192-168-8-48.1680.2,qkv.lora_B,0
1768388576.9619884,2142,66.96875,0.06418485939502716,Grad/qkv.lora_B,outputs_dev/vitb16/T=vtab_Q=3bit_L=lora_2_qkv-fc1-proj-fc2/cifar/20260114184203_default_acc=53.50/tensorboard/Grad_qkv.lora_B_block_0/events.out.tfevents.1768387346.master-192-168-8-48.1680.2,qkv.lora_B,0
1768388577.1137106,2143,67.0,0.10233980417251587,Grad/qkv.lora_B,outputs_dev/vitb16/T=vtab_Q=3bit_L=lora_2_qkv-fc1-proj-fc2/cifar/20260114184203_default_acc=53.50/tensorboard/Grad_qkv.lora_B_block_0/events.out.tfevents.1768387346.master-192-168-8-48.1680.2,qkv.lora_B,0
1768388577.7860515,2144,67.03125,0.03828728199005127,Grad/qkv.lora_B,outputs_dev/vitb16/T=vtab_Q=3bit_L=lora_2_qkv-fc1-proj-fc2/cifar/20260114184203_default_acc=53.50/tensorboard/Grad_qkv.lora_B_block_0/events.out.tfevents.1768387346.master-192-168-8-48.1680.2,qkv.lora_B,0
1768388578.2051249,2145,67.0625,0.03673215210437775,Grad/qkv.lora_B,outputs_dev/vitb16/T=vtab_Q=3bit_L=lora_2_qkv-fc1-proj-fc2/cifar/20260114184203_default_acc=53.50/tensorboard/Grad_qkv.lora_B_block_0/events.out.tfevents.1768387346.master-192-168-8-48.1680.2,qkv.lora_B,0
1768388578.6137536,2146,67.09375,0.02230893447995186,Grad/qkv.lora_B,outputs_dev/vitb16/T=vtab_Q=3bit_L=lora_2_qkv-fc1-proj-fc2/cifar/20260114184203_default_acc=53.50/tensorboard/Grad_qkv.lora_B_block_0/events.out.tfevents.1768387346.master-192-168-8-48.1680.2,qkv.lora_B,0
1768388579.0073273,2147,67.125,0.10403184592723846,Grad/qkv.lora_B,outputs_dev/vitb16/T=vtab_Q=3bit_L=lora_2_qkv-fc1-proj-fc2/cifar/20260114184203_default_acc=53.50/tensorboard/Grad_qkv.lora_B_block_0/events.out.tfevents.1768387346.master-192-168-8-48.1680.2,qkv.lora_B,0
1768388579.4030674,2148,67.15625,0.0811629369854927,Grad/qkv.lora_B,outputs_dev/vitb16/T=vtab_Q=3bit_L=lora_2_qkv-fc1-proj-fc2/cifar/20260114184203_default_acc=53.50/tensorboard/Grad_qkv.lora_B_block_0/events.out.tfevents.1768387346.master-192-168-8-48.1680.2,qkv.lora_B,0
1768388579.8009338,2149,67.1875,0.06620215624570847,Grad/qkv.lora_B,outputs_dev/vitb16/T=vtab_Q=3bit_L=lora_2_qkv-fc1-proj-fc2/cifar/20260114184203_default_acc=53.50/tensorboard/Grad_qkv.lora_B_block_0/events.out.tfevents.1768387346.master-192-168-8-48.1680.2,qkv.lora_B,0
1768388580.185623,2150,67.21875,0.16754908859729767,Grad/qkv.lora_B,outputs_dev/vitb16/T=vtab_Q=3bit_L=lora_2_qkv-fc1-proj-fc2/cifar/20260114184203_default_acc=53.50/tensorboard/Grad_qkv.lora_B_block_0/events.out.tfevents.1768387346.master-192-168-8-48.1680.2,qkv.lora_B,0
1768388580.5825498,2151,67.25,0.4774593114852905,Grad/qkv.lora_B,outputs_dev/vitb16/T=vtab_Q=3bit_L=lora_2_qkv-fc1-proj-fc2/cifar/20260114184203_default_acc=53.50/tensorboard/Grad_qkv.lora_B_block_0/events.out.tfevents.1768387346.master-192-168-8-48.1680.2,qkv.lora_B,0
1768388580.9797907,2152,67.28125,0.03347378224134445,Grad/qkv.lora_B,outputs_dev/vitb16/T=vtab_Q=3bit_L=lora_2_qkv-fc1-proj-fc2/cifar/20260114184203_default_acc=53.50/tensorboard/Grad_qkv.lora_B_block_0/events.out.tfevents.1768387346.master-192-168-8-48.1680.2,qkv.lora_B,0
1768388581.3881352,2153,67.3125,0.06029713526368141,Grad/qkv.lora_B,outputs_dev/vitb16/T=vtab_Q=3bit_L=lora_2_qkv-fc1-proj-fc2/cifar/20260114184203_default_acc=53.50/tensorboard/Grad_qkv.lora_B_block_0/events.out.tfevents.1768387346.master-192-168-8-48.1680.2,qkv.lora_B,0
1768388581.7708097,2154,67.34375,0.054414816200733185,Grad/qkv.lora_B,outputs_dev/vitb16/T=vtab_Q=3bit_L=lora_2_qkv-fc1-proj-fc2/cifar/20260114184203_default_acc=53.50/tensorboard/Grad_qkv.lora_B_block_0/events.out.tfevents.1768387346.master-192-168-8-48.1680.2,qkv.lora_B,0
1768388582.1630666,2155,67.375,0.10969490557909012,Grad/qkv.lora_B,outputs_dev/vitb16/T=vtab_Q=3bit_L=lora_2_qkv-fc1-proj-fc2/cifar/20260114184203_default_acc=53.50/tensorboard/Grad_qkv.lora_B_block_0/events.out.tfevents.1768387346.master-192-168-8-48.1680.2,qkv.lora_B,0
1768388582.5585907,2156,67.40625,0.02365775965154171,Grad/qkv.lora_B,outputs_dev/vitb16/T=vtab_Q=3bit_L=lora_2_qkv-fc1-proj-fc2/cifar/20260114184203_default_acc=53.50/tensorboard/Grad_qkv.lora_B_block_0/events.out.tfevents.1768387346.master-192-168-8-48.1680.2,qkv.lora_B,0
1768388582.969884,2157,67.4375,0.1515384167432785,Grad/qkv.lora_B,outputs_dev/vitb16/T=vtab_Q=3bit_L=lora_2_qkv-fc1-proj-fc2/cifar/20260114184203_default_acc=53.50/tensorboard/Grad_qkv.lora_B_block_0/events.out.tfevents.1768387346.master-192-168-8-48.1680.2,qkv.lora_B,0
1768388583.3790455,2158,67.46875,0.13703308999538422,Grad/qkv.lora_B,outputs_dev/vitb16/T=vtab_Q=3bit_L=lora_2_qkv-fc1-proj-fc2/cifar/20260114184203_default_acc=53.50/tensorboard/Grad_qkv.lora_B_block_0/events.out.tfevents.1768387346.master-192-168-8-48.1680.2,qkv.lora_B,0
1768388583.755972,2159,67.5,0.15225116908550262,Grad/qkv.lora_B,outputs_dev/vitb16/T=vtab_Q=3bit_L=lora_2_qkv-fc1-proj-fc2/cifar/20260114184203_default_acc=53.50/tensorboard/Grad_qkv.lora_B_block_0/events.out.tfevents.1768387346.master-192-168-8-48.1680.2,qkv.lora_B,0
1768388584.1604695,2160,67.53125,0.07836976647377014,Grad/qkv.lora_B,outputs_dev/vitb16/T=vtab_Q=3bit_L=lora_2_qkv-fc1-proj-fc2/cifar/20260114184203_default_acc=53.50/tensorboard/Grad_qkv.lora_B_block_0/events.out.tfevents.1768387346.master-192-168-8-48.1680.2,qkv.lora_B,0
1768388584.554269,2161,67.5625,0.017162267118692398,Grad/qkv.lora_B,outputs_dev/vitb16/T=vtab_Q=3bit_L=lora_2_qkv-fc1-proj-fc2/cifar/20260114184203_default_acc=53.50/tensorboard/Grad_qkv.lora_B_block_0/events.out.tfevents.1768387346.master-192-168-8-48.1680.2,qkv.lora_B,0
1768388584.9443195,2162,67.59375,0.03641318902373314,Grad/qkv.lora_B,outputs_dev/vitb16/T=vtab_Q=3bit_L=lora_2_qkv-fc1-proj-fc2/cifar/20260114184203_default_acc=53.50/tensorboard/Grad_qkv.lora_B_block_0/events.out.tfevents.1768387346.master-192-168-8-48.1680.2,qkv.lora_B,0
1768388585.334836,2163,67.625,0.03592454642057419,Grad/qkv.lora_B,outputs_dev/vitb16/T=vtab_Q=3bit_L=lora_2_qkv-fc1-proj-fc2/cifar/20260114184203_default_acc=53.50/tensorboard/Grad_qkv.lora_B_block_0/events.out.tfevents.1768387346.master-192-168-8-48.1680.2,qkv.lora_B,0
1768388585.7264445,2164,67.65625,0.10809458792209625,Grad/qkv.lora_B,outputs_dev/vitb16/T=vtab_Q=3bit_L=lora_2_qkv-fc1-proj-fc2/cifar/20260114184203_default_acc=53.50/tensorboard/Grad_qkv.lora_B_block_0/events.out.tfevents.1768387346.master-192-168-8-48.1680.2,qkv.lora_B,0
1768388586.1169288,2165,67.6875,0.03999583050608635,Grad/qkv.lora_B,outputs_dev/vitb16/T=vtab_Q=3bit_L=lora_2_qkv-fc1-proj-fc2/cifar/20260114184203_default_acc=53.50/tensorboard/Grad_qkv.lora_B_block_0/events.out.tfevents.1768387346.master-192-168-8-48.1680.2,qkv.lora_B,0
1768388586.50655,2166,67.71875,0.035467199981212616,Grad/qkv.lora_B,outputs_dev/vitb16/T=vtab_Q=3bit_L=lora_2_qkv-fc1-proj-fc2/cifar/20260114184203_default_acc=53.50/tensorboard/Grad_qkv.lora_B_block_0/events.out.tfevents.1768387346.master-192-168-8-48.1680.2,qkv.lora_B,0
1768388586.898715,2167,67.75,0.061249423772096634,Grad/qkv.lora_B,outputs_dev/vitb16/T=vtab_Q=3bit_L=lora_2_qkv-fc1-proj-fc2/cifar/20260114184203_default_acc=53.50/tensorboard/Grad_qkv.lora_B_block_0/events.out.tfevents.1768387346.master-192-168-8-48.1680.2,qkv.lora_B,0
1768388587.2875252,2168,67.78125,0.03707411512732506,Grad/qkv.lora_B,outputs_dev/vitb16/T=vtab_Q=3bit_L=lora_2_qkv-fc1-proj-fc2/cifar/20260114184203_default_acc=53.50/tensorboard/Grad_qkv.lora_B_block_0/events.out.tfevents.1768387346.master-192-168-8-48.1680.2,qkv.lora_B,0
1768388587.678028,2169,67.8125,0.07222147285938263,Grad/qkv.lora_B,outputs_dev/vitb16/T=vtab_Q=3bit_L=lora_2_qkv-fc1-proj-fc2/cifar/20260114184203_default_acc=53.50/tensorboard/Grad_qkv.lora_B_block_0/events.out.tfevents.1768387346.master-192-168-8-48.1680.2,qkv.lora_B,0
1768388588.0694237,2170,67.84375,0.03117077238857746,Grad/qkv.lora_B,outputs_dev/vitb16/T=vtab_Q=3bit_L=lora_2_qkv-fc1-proj-fc2/cifar/20260114184203_default_acc=53.50/tensorboard/Grad_qkv.lora_B_block_0/events.out.tfevents.1768387346.master-192-168-8-48.1680.2,qkv.lora_B,0
1768388588.4748702,2171,67.875,0.024835851043462753,Grad/qkv.lora_B,outputs_dev/vitb16/T=vtab_Q=3bit_L=lora_2_qkv-fc1-proj-fc2/cifar/20260114184203_default_acc=53.50/tensorboard/Grad_qkv.lora_B_block_0/events.out.tfevents.1768387346.master-192-168-8-48.1680.2,qkv.lora_B,0
1768388588.882946,2172,67.90625,0.093532033264637,Grad/qkv.lora_B,outputs_dev/vitb16/T=vtab_Q=3bit_L=lora_2_qkv-fc1-proj-fc2/cifar/20260114184203_default_acc=53.50/tensorboard/Grad_qkv.lora_B_block_0/events.out.tfevents.1768387346.master-192-168-8-48.1680.2,qkv.lora_B,0
1768388589.2706645,2173,67.9375,0.057634808123111725,Grad/qkv.lora_B,outputs_dev/vitb16/T=vtab_Q=3bit_L=lora_2_qkv-fc1-proj-fc2/cifar/20260114184203_default_acc=53.50/tensorboard/Grad_qkv.lora_B_block_0/events.out.tfevents.1768387346.master-192-168-8-48.1680.2,qkv.lora_B,0
1768388589.6600628,2174,67.96875,0.06763247400522232,Grad/qkv.lora_B,outputs_dev/vitb16/T=vtab_Q=3bit_L=lora_2_qkv-fc1-proj-fc2/cifar/20260114184203_default_acc=53.50/tensorboard/Grad_qkv.lora_B_block_0/events.out.tfevents.1768387346.master-192-168-8-48.1680.2,qkv.lora_B,0
1768388589.8482225,2175,68.0,0.1011497750878334,Grad/qkv.lora_B,outputs_dev/vitb16/T=vtab_Q=3bit_L=lora_2_qkv-fc1-proj-fc2/cifar/20260114184203_default_acc=53.50/tensorboard/Grad_qkv.lora_B_block_0/events.out.tfevents.1768387346.master-192-168-8-48.1680.2,qkv.lora_B,0
1768388590.5021322,2176,68.03125,0.05706436559557915,Grad/qkv.lora_B,outputs_dev/vitb16/T=vtab_Q=3bit_L=lora_2_qkv-fc1-proj-fc2/cifar/20260114184203_default_acc=53.50/tensorboard/Grad_qkv.lora_B_block_0/events.out.tfevents.1768387346.master-192-168-8-48.1680.2,qkv.lora_B,0
1768388590.9269505,2177,68.0625,0.13395172357559204,Grad/qkv.lora_B,outputs_dev/vitb16/T=vtab_Q=3bit_L=lora_2_qkv-fc1-proj-fc2/cifar/20260114184203_default_acc=53.50/tensorboard/Grad_qkv.lora_B_block_0/events.out.tfevents.1768387346.master-192-168-8-48.1680.2,qkv.lora_B,0
1768388591.3374405,2178,68.09375,0.04334339499473572,Grad/qkv.lora_B,outputs_dev/vitb16/T=vtab_Q=3bit_L=lora_2_qkv-fc1-proj-fc2/cifar/20260114184203_default_acc=53.50/tensorboard/Grad_qkv.lora_B_block_0/events.out.tfevents.1768387346.master-192-168-8-48.1680.2,qkv.lora_B,0
1768388591.7429504,2179,68.125,2.242607593536377,Grad/qkv.lora_B,outputs_dev/vitb16/T=vtab_Q=3bit_L=lora_2_qkv-fc1-proj-fc2/cifar/20260114184203_default_acc=53.50/tensorboard/Grad_qkv.lora_B_block_0/events.out.tfevents.1768387346.master-192-168-8-48.1680.2,qkv.lora_B,0
1768388592.1489127,2180,68.15625,0.026330338791012764,Grad/qkv.lora_B,outputs_dev/vitb16/T=vtab_Q=3bit_L=lora_2_qkv-fc1-proj-fc2/cifar/20260114184203_default_acc=53.50/tensorboard/Grad_qkv.lora_B_block_0/events.out.tfevents.1768387346.master-192-168-8-48.1680.2,qkv.lora_B,0
1768388592.5806315,2181,68.1875,0.055070336908102036,Grad/qkv.lora_B,outputs_dev/vitb16/T=vtab_Q=3bit_L=lora_2_qkv-fc1-proj-fc2/cifar/20260114184203_default_acc=53.50/tensorboard/Grad_qkv.lora_B_block_0/events.out.tfevents.1768387346.master-192-168-8-48.1680.2,qkv.lora_B,0
1768388592.9817977,2182,68.21875,0.06932508945465088,Grad/qkv.lora_B,outputs_dev/vitb16/T=vtab_Q=3bit_L=lora_2_qkv-fc1-proj-fc2/cifar/20260114184203_default_acc=53.50/tensorboard/Grad_qkv.lora_B_block_0/events.out.tfevents.1768387346.master-192-168-8-48.1680.2,qkv.lora_B,0
1768388593.3884966,2183,68.25,0.051201410591602325,Grad/qkv.lora_B,outputs_dev/vitb16/T=vtab_Q=3bit_L=lora_2_qkv-fc1-proj-fc2/cifar/20260114184203_default_acc=53.50/tensorboard/Grad_qkv.lora_B_block_0/events.out.tfevents.1768387346.master-192-168-8-48.1680.2,qkv.lora_B,0
1768388593.7802129,2184,68.28125,0.014253508299589157,Grad/qkv.lora_B,outputs_dev/vitb16/T=vtab_Q=3bit_L=lora_2_qkv-fc1-proj-fc2/cifar/20260114184203_default_acc=53.50/tensorboard/Grad_qkv.lora_B_block_0/events.out.tfevents.1768387346.master-192-168-8-48.1680.2,qkv.lora_B,0
1768388594.170793,2185,68.3125,0.029206829145550728,Grad/qkv.lora_B,outputs_dev/vitb16/T=vtab_Q=3bit_L=lora_2_qkv-fc1-proj-fc2/cifar/20260114184203_default_acc=53.50/tensorboard/Grad_qkv.lora_B_block_0/events.out.tfevents.1768387346.master-192-168-8-48.1680.2,qkv.lora_B,0
1768388594.5615396,2186,68.34375,0.05446786805987358,Grad/qkv.lora_B,outputs_dev/vitb16/T=vtab_Q=3bit_L=lora_2_qkv-fc1-proj-fc2/cifar/20260114184203_default_acc=53.50/tensorboard/Grad_qkv.lora_B_block_0/events.out.tfevents.1768387346.master-192-168-8-48.1680.2,qkv.lora_B,0
1768388594.951717,2187,68.375,0.04152865707874298,Grad/qkv.lora_B,outputs_dev/vitb16/T=vtab_Q=3bit_L=lora_2_qkv-fc1-proj-fc2/cifar/20260114184203_default_acc=53.50/tensorboard/Grad_qkv.lora_B_block_0/events.out.tfevents.1768387346.master-192-168-8-48.1680.2,qkv.lora_B,0
1768388595.3464315,2188,68.40625,0.025041164830327034,Grad/qkv.lora_B,outputs_dev/vitb16/T=vtab_Q=3bit_L=lora_2_qkv-fc1-proj-fc2/cifar/20260114184203_default_acc=53.50/tensorboard/Grad_qkv.lora_B_block_0/events.out.tfevents.1768387346.master-192-168-8-48.1680.2,qkv.lora_B,0
1768388595.7516146,2189,68.4375,0.0869540125131607,Grad/qkv.lora_B,outputs_dev/vitb16/T=vtab_Q=3bit_L=lora_2_qkv-fc1-proj-fc2/cifar/20260114184203_default_acc=53.50/tensorboard/Grad_qkv.lora_B_block_0/events.out.tfevents.1768387346.master-192-168-8-48.1680.2,qkv.lora_B,0
1768388596.1410143,2190,68.46875,0.5329740643501282,Grad/qkv.lora_B,outputs_dev/vitb16/T=vtab_Q=3bit_L=lora_2_qkv-fc1-proj-fc2/cifar/20260114184203_default_acc=53.50/tensorboard/Grad_qkv.lora_B_block_0/events.out.tfevents.1768387346.master-192-168-8-48.1680.2,qkv.lora_B,0
1768388596.5308733,2191,68.5,0.04460381716489792,Grad/qkv.lora_B,outputs_dev/vitb16/T=vtab_Q=3bit_L=lora_2_qkv-fc1-proj-fc2/cifar/20260114184203_default_acc=53.50/tensorboard/Grad_qkv.lora_B_block_0/events.out.tfevents.1768387346.master-192-168-8-48.1680.2,qkv.lora_B,0
1768388596.9361439,2192,68.53125,0.23069548606872559,Grad/qkv.lora_B,outputs_dev/vitb16/T=vtab_Q=3bit_L=lora_2_qkv-fc1-proj-fc2/cifar/20260114184203_default_acc=53.50/tensorboard/Grad_qkv.lora_B_block_0/events.out.tfevents.1768387346.master-192-168-8-48.1680.2,qkv.lora_B,0
1768388597.3305886,2193,68.5625,0.07715797424316406,Grad/qkv.lora_B,outputs_dev/vitb16/T=vtab_Q=3bit_L=lora_2_qkv-fc1-proj-fc2/cifar/20260114184203_default_acc=53.50/tensorboard/Grad_qkv.lora_B_block_0/events.out.tfevents.1768387346.master-192-168-8-48.1680.2,qkv.lora_B,0
1768388597.7250564,2194,68.59375,0.020665131509304047,Grad/qkv.lora_B,outputs_dev/vitb16/T=vtab_Q=3bit_L=lora_2_qkv-fc1-proj-fc2/cifar/20260114184203_default_acc=53.50/tensorboard/Grad_qkv.lora_B_block_0/events.out.tfevents.1768387346.master-192-168-8-48.1680.2,qkv.lora_B,0
1768388598.149298,2195,68.625,0.09191988408565521,Grad/qkv.lora_B,outputs_dev/vitb16/T=vtab_Q=3bit_L=lora_2_qkv-fc1-proj-fc2/cifar/20260114184203_default_acc=53.50/tensorboard/Grad_qkv.lora_B_block_0/events.out.tfevents.1768387346.master-192-168-8-48.1680.2,qkv.lora_B,0
1768388598.561277,2196,68.65625,0.06322061270475388,Grad/qkv.lora_B,outputs_dev/vitb16/T=vtab_Q=3bit_L=lora_2_qkv-fc1-proj-fc2/cifar/20260114184203_default_acc=53.50/tensorboard/Grad_qkv.lora_B_block_0/events.out.tfevents.1768387346.master-192-168-8-48.1680.2,qkv.lora_B,0
1768388598.9673908,2197,68.6875,0.05856148526072502,Grad/qkv.lora_B,outputs_dev/vitb16/T=vtab_Q=3bit_L=lora_2_qkv-fc1-proj-fc2/cifar/20260114184203_default_acc=53.50/tensorboard/Grad_qkv.lora_B_block_0/events.out.tfevents.1768387346.master-192-168-8-48.1680.2,qkv.lora_B,0
1768388599.3726406,2198,68.71875,0.8358348608016968,Grad/qkv.lora_B,outputs_dev/vitb16/T=vtab_Q=3bit_L=lora_2_qkv-fc1-proj-fc2/cifar/20260114184203_default_acc=53.50/tensorboard/Grad_qkv.lora_B_block_0/events.out.tfevents.1768387346.master-192-168-8-48.1680.2,qkv.lora_B,0
1768388599.765306,2199,68.75,0.0915728211402893,Grad/qkv.lora_B,outputs_dev/vitb16/T=vtab_Q=3bit_L=lora_2_qkv-fc1-proj-fc2/cifar/20260114184203_default_acc=53.50/tensorboard/Grad_qkv.lora_B_block_0/events.out.tfevents.1768387346.master-192-168-8-48.1680.2,qkv.lora_B,0
1768388600.1579828,2200,68.78125,0.07150000333786011,Grad/qkv.lora_B,outputs_dev/vitb16/T=vtab_Q=3bit_L=lora_2_qkv-fc1-proj-fc2/cifar/20260114184203_default_acc=53.50/tensorboard/Grad_qkv.lora_B_block_0/events.out.tfevents.1768387346.master-192-168-8-48.1680.2,qkv.lora_B,0
1768388600.5501194,2201,68.8125,0.07535870373249054,Grad/qkv.lora_B,outputs_dev/vitb16/T=vtab_Q=3bit_L=lora_2_qkv-fc1-proj-fc2/cifar/20260114184203_default_acc=53.50/tensorboard/Grad_qkv.lora_B_block_0/events.out.tfevents.1768387346.master-192-168-8-48.1680.2,qkv.lora_B,0
1768388600.9417503,2202,68.84375,0.03901105001568794,Grad/qkv.lora_B,outputs_dev/vitb16/T=vtab_Q=3bit_L=lora_2_qkv-fc1-proj-fc2/cifar/20260114184203_default_acc=53.50/tensorboard/Grad_qkv.lora_B_block_0/events.out.tfevents.1768387346.master-192-168-8-48.1680.2,qkv.lora_B,0
1768388601.3343513,2203,68.875,0.08872020989656448,Grad/qkv.lora_B,outputs_dev/vitb16/T=vtab_Q=3bit_L=lora_2_qkv-fc1-proj-fc2/cifar/20260114184203_default_acc=53.50/tensorboard/Grad_qkv.lora_B_block_0/events.out.tfevents.1768387346.master-192-168-8-48.1680.2,qkv.lora_B,0
1768388601.7425075,2204,68.90625,0.01839235983788967,Grad/qkv.lora_B,outputs_dev/vitb16/T=vtab_Q=3bit_L=lora_2_qkv-fc1-proj-fc2/cifar/20260114184203_default_acc=53.50/tensorboard/Grad_qkv.lora_B_block_0/events.out.tfevents.1768387346.master-192-168-8-48.1680.2,qkv.lora_B,0
1768388602.1546612,2205,68.9375,0.03831639885902405,Grad/qkv.lora_B,outputs_dev/vitb16/T=vtab_Q=3bit_L=lora_2_qkv-fc1-proj-fc2/cifar/20260114184203_default_acc=53.50/tensorboard/Grad_qkv.lora_B_block_0/events.out.tfevents.1768387346.master-192-168-8-48.1680.2,qkv.lora_B,0
1768388602.570338,2206,68.96875,0.0647893100976944,Grad/qkv.lora_B,outputs_dev/vitb16/T=vtab_Q=3bit_L=lora_2_qkv-fc1-proj-fc2/cifar/20260114184203_default_acc=53.50/tensorboard/Grad_qkv.lora_B_block_0/events.out.tfevents.1768387346.master-192-168-8-48.1680.2,qkv.lora_B,0
1768388602.7383413,2207,69.0,0.07980232685804367,Grad/qkv.lora_B,outputs_dev/vitb16/T=vtab_Q=3bit_L=lora_2_qkv-fc1-proj-fc2/cifar/20260114184203_default_acc=53.50/tensorboard/Grad_qkv.lora_B_block_0/events.out.tfevents.1768387346.master-192-168-8-48.1680.2,qkv.lora_B,0
1768388603.4935496,2208,69.03125,0.023639002814888954,Grad/qkv.lora_B,outputs_dev/vitb16/T=vtab_Q=3bit_L=lora_2_qkv-fc1-proj-fc2/cifar/20260114184203_default_acc=53.50/tensorboard/Grad_qkv.lora_B_block_0/events.out.tfevents.1768387346.master-192-168-8-48.1680.2,qkv.lora_B,0
1768388603.9023774,2209,69.0625,0.02897324040532112,Grad/qkv.lora_B,outputs_dev/vitb16/T=vtab_Q=3bit_L=lora_2_qkv-fc1-proj-fc2/cifar/20260114184203_default_acc=53.50/tensorboard/Grad_qkv.lora_B_block_0/events.out.tfevents.1768387346.master-192-168-8-48.1680.2,qkv.lora_B,0
1768388604.2969503,2210,69.09375,0.06179377809166908,Grad/qkv.lora_B,outputs_dev/vitb16/T=vtab_Q=3bit_L=lora_2_qkv-fc1-proj-fc2/cifar/20260114184203_default_acc=53.50/tensorboard/Grad_qkv.lora_B_block_0/events.out.tfevents.1768387346.master-192-168-8-48.1680.2,qkv.lora_B,0
1768388604.6900005,2211,69.125,0.07990702241659164,Grad/qkv.lora_B,outputs_dev/vitb16/T=vtab_Q=3bit_L=lora_2_qkv-fc1-proj-fc2/cifar/20260114184203_default_acc=53.50/tensorboard/Grad_qkv.lora_B_block_0/events.out.tfevents.1768387346.master-192-168-8-48.1680.2,qkv.lora_B,0
1768388605.0827484,2212,69.15625,0.03575309365987778,Grad/qkv.lora_B,outputs_dev/vitb16/T=vtab_Q=3bit_L=lora_2_qkv-fc1-proj-fc2/cifar/20260114184203_default_acc=53.50/tensorboard/Grad_qkv.lora_B_block_0/events.out.tfevents.1768387346.master-192-168-8-48.1680.2,qkv.lora_B,0
1768388605.475584,2213,69.1875,0.30359500646591187,Grad/qkv.lora_B,outputs_dev/vitb16/T=vtab_Q=3bit_L=lora_2_qkv-fc1-proj-fc2/cifar/20260114184203_default_acc=53.50/tensorboard/Grad_qkv.lora_B_block_0/events.out.tfevents.1768387346.master-192-168-8-48.1680.2,qkv.lora_B,0
1768388605.8727324,2214,69.21875,0.3052661120891571,Grad/qkv.lora_B,outputs_dev/vitb16/T=vtab_Q=3bit_L=lora_2_qkv-fc1-proj-fc2/cifar/20260114184203_default_acc=53.50/tensorboard/Grad_qkv.lora_B_block_0/events.out.tfevents.1768387346.master-192-168-8-48.1680.2,qkv.lora_B,0
1768388606.2639744,2215,69.25,0.06006670370697975,Grad/qkv.lora_B,outputs_dev/vitb16/T=vtab_Q=3bit_L=lora_2_qkv-fc1-proj-fc2/cifar/20260114184203_default_acc=53.50/tensorboard/Grad_qkv.lora_B_block_0/events.out.tfevents.1768387346.master-192-168-8-48.1680.2,qkv.lora_B,0
1768388606.6596117,2216,69.28125,0.06199417635798454,Grad/qkv.lora_B,outputs_dev/vitb16/T=vtab_Q=3bit_L=lora_2_qkv-fc1-proj-fc2/cifar/20260114184203_default_acc=53.50/tensorboard/Grad_qkv.lora_B_block_0/events.out.tfevents.1768387346.master-192-168-8-48.1680.2,qkv.lora_B,0
1768388607.065279,2217,69.3125,0.19152049720287323,Grad/qkv.lora_B,outputs_dev/vitb16/T=vtab_Q=3bit_L=lora_2_qkv-fc1-proj-fc2/cifar/20260114184203_default_acc=53.50/tensorboard/Grad_qkv.lora_B_block_0/events.out.tfevents.1768387346.master-192-168-8-48.1680.2,qkv.lora_B,0
1768388607.4627702,2218,69.34375,0.21315334737300873,Grad/qkv.lora_B,outputs_dev/vitb16/T=vtab_Q=3bit_L=lora_2_qkv-fc1-proj-fc2/cifar/20260114184203_default_acc=53.50/tensorboard/Grad_qkv.lora_B_block_0/events.out.tfevents.1768387346.master-192-168-8-48.1680.2,qkv.lora_B,0
1768388607.8480783,2219,69.375,0.4787617027759552,Grad/qkv.lora_B,outputs_dev/vitb16/T=vtab_Q=3bit_L=lora_2_qkv-fc1-proj-fc2/cifar/20260114184203_default_acc=53.50/tensorboard/Grad_qkv.lora_B_block_0/events.out.tfevents.1768387346.master-192-168-8-48.1680.2,qkv.lora_B,0
1768388608.2411623,2220,69.40625,0.046986326575279236,Grad/qkv.lora_B,outputs_dev/vitb16/T=vtab_Q=3bit_L=lora_2_qkv-fc1-proj-fc2/cifar/20260114184203_default_acc=53.50/tensorboard/Grad_qkv.lora_B_block_0/events.out.tfevents.1768387346.master-192-168-8-48.1680.2,qkv.lora_B,0
1768388608.6356025,2221,69.4375,0.12117321789264679,Grad/qkv.lora_B,outputs_dev/vitb16/T=vtab_Q=3bit_L=lora_2_qkv-fc1-proj-fc2/cifar/20260114184203_default_acc=53.50/tensorboard/Grad_qkv.lora_B_block_0/events.out.tfevents.1768387346.master-192-168-8-48.1680.2,qkv.lora_B,0
1768388609.0332236,2222,69.46875,0.034235723316669464,Grad/qkv.lora_B,outputs_dev/vitb16/T=vtab_Q=3bit_L=lora_2_qkv-fc1-proj-fc2/cifar/20260114184203_default_acc=53.50/tensorboard/Grad_qkv.lora_B_block_0/events.out.tfevents.1768387346.master-192-168-8-48.1680.2,qkv.lora_B,0
1768388609.4277973,2223,69.5,0.09743357449769974,Grad/qkv.lora_B,outputs_dev/vitb16/T=vtab_Q=3bit_L=lora_2_qkv-fc1-proj-fc2/cifar/20260114184203_default_acc=53.50/tensorboard/Grad_qkv.lora_B_block_0/events.out.tfevents.1768387346.master-192-168-8-48.1680.2,qkv.lora_B,0
1768388609.820256,2224,69.53125,0.09234284609556198,Grad/qkv.lora_B,outputs_dev/vitb16/T=vtab_Q=3bit_L=lora_2_qkv-fc1-proj-fc2/cifar/20260114184203_default_acc=53.50/tensorboard/Grad_qkv.lora_B_block_0/events.out.tfevents.1768387346.master-192-168-8-48.1680.2,qkv.lora_B,0
1768388610.2116816,2225,69.5625,0.06600973010063171,Grad/qkv.lora_B,outputs_dev/vitb16/T=vtab_Q=3bit_L=lora_2_qkv-fc1-proj-fc2/cifar/20260114184203_default_acc=53.50/tensorboard/Grad_qkv.lora_B_block_0/events.out.tfevents.1768387346.master-192-168-8-48.1680.2,qkv.lora_B,0
1768388610.6056032,2226,69.59375,0.03511447831988335,Grad/qkv.lora_B,outputs_dev/vitb16/T=vtab_Q=3bit_L=lora_2_qkv-fc1-proj-fc2/cifar/20260114184203_default_acc=53.50/tensorboard/Grad_qkv.lora_B_block_0/events.out.tfevents.1768387346.master-192-168-8-48.1680.2,qkv.lora_B,0
1768388611.012737,2227,69.625,0.16007916629314423,Grad/qkv.lora_B,outputs_dev/vitb16/T=vtab_Q=3bit_L=lora_2_qkv-fc1-proj-fc2/cifar/20260114184203_default_acc=53.50/tensorboard/Grad_qkv.lora_B_block_0/events.out.tfevents.1768387346.master-192-168-8-48.1680.2,qkv.lora_B,0
1768388611.421501,2228,69.65625,0.05606507509946823,Grad/qkv.lora_B,outputs_dev/vitb16/T=vtab_Q=3bit_L=lora_2_qkv-fc1-proj-fc2/cifar/20260114184203_default_acc=53.50/tensorboard/Grad_qkv.lora_B_block_0/events.out.tfevents.1768387346.master-192-168-8-48.1680.2,qkv.lora_B,0
1768388611.8152423,2229,69.6875,0.049361955374479294,Grad/qkv.lora_B,outputs_dev/vitb16/T=vtab_Q=3bit_L=lora_2_qkv-fc1-proj-fc2/cifar/20260114184203_default_acc=53.50/tensorboard/Grad_qkv.lora_B_block_0/events.out.tfevents.1768387346.master-192-168-8-48.1680.2,qkv.lora_B,0
1768388612.2182257,2230,69.71875,0.024040093645453453,Grad/qkv.lora_B,outputs_dev/vitb16/T=vtab_Q=3bit_L=lora_2_qkv-fc1-proj-fc2/cifar/20260114184203_default_acc=53.50/tensorboard/Grad_qkv.lora_B_block_0/events.out.tfevents.1768387346.master-192-168-8-48.1680.2,qkv.lora_B,0
1768388612.621334,2231,69.75,0.01791827194392681,Grad/qkv.lora_B,outputs_dev/vitb16/T=vtab_Q=3bit_L=lora_2_qkv-fc1-proj-fc2/cifar/20260114184203_default_acc=53.50/tensorboard/Grad_qkv.lora_B_block_0/events.out.tfevents.1768387346.master-192-168-8-48.1680.2,qkv.lora_B,0
1768388613.0251286,2232,69.78125,0.06678059697151184,Grad/qkv.lora_B,outputs_dev/vitb16/T=vtab_Q=3bit_L=lora_2_qkv-fc1-proj-fc2/cifar/20260114184203_default_acc=53.50/tensorboard/Grad_qkv.lora_B_block_0/events.out.tfevents.1768387346.master-192-168-8-48.1680.2,qkv.lora_B,0
1768388613.4294116,2233,69.8125,0.058853741735219955,Grad/qkv.lora_B,outputs_dev/vitb16/T=vtab_Q=3bit_L=lora_2_qkv-fc1-proj-fc2/cifar/20260114184203_default_acc=53.50/tensorboard/Grad_qkv.lora_B_block_0/events.out.tfevents.1768387346.master-192-168-8-48.1680.2,qkv.lora_B,0
1768388613.837608,2234,69.84375,0.1430329829454422,Grad/qkv.lora_B,outputs_dev/vitb16/T=vtab_Q=3bit_L=lora_2_qkv-fc1-proj-fc2/cifar/20260114184203_default_acc=53.50/tensorboard/Grad_qkv.lora_B_block_0/events.out.tfevents.1768387346.master-192-168-8-48.1680.2,qkv.lora_B,0
1768388614.2315598,2235,69.875,0.07867459952831268,Grad/qkv.lora_B,outputs_dev/vitb16/T=vtab_Q=3bit_L=lora_2_qkv-fc1-proj-fc2/cifar/20260114184203_default_acc=53.50/tensorboard/Grad_qkv.lora_B_block_0/events.out.tfevents.1768387346.master-192-168-8-48.1680.2,qkv.lora_B,0
1768388614.622644,2236,69.90625,0.11414379626512527,Grad/qkv.lora_B,outputs_dev/vitb16/T=vtab_Q=3bit_L=lora_2_qkv-fc1-proj-fc2/cifar/20260114184203_default_acc=53.50/tensorboard/Grad_qkv.lora_B_block_0/events.out.tfevents.1768387346.master-192-168-8-48.1680.2,qkv.lora_B,0
1768388615.0144837,2237,69.9375,0.04544103518128395,Grad/qkv.lora_B,outputs_dev/vitb16/T=vtab_Q=3bit_L=lora_2_qkv-fc1-proj-fc2/cifar/20260114184203_default_acc=53.50/tensorboard/Grad_qkv.lora_B_block_0/events.out.tfevents.1768387346.master-192-168-8-48.1680.2,qkv.lora_B,0
1768388615.4000816,2238,69.96875,0.03662971034646034,Grad/qkv.lora_B,outputs_dev/vitb16/T=vtab_Q=3bit_L=lora_2_qkv-fc1-proj-fc2/cifar/20260114184203_default_acc=53.50/tensorboard/Grad_qkv.lora_B_block_0/events.out.tfevents.1768387346.master-192-168-8-48.1680.2,qkv.lora_B,0
1768388615.5502467,2239,70.0,0.10842981189489365,Grad/qkv.lora_B,outputs_dev/vitb16/T=vtab_Q=3bit_L=lora_2_qkv-fc1-proj-fc2/cifar/20260114184203_default_acc=53.50/tensorboard/Grad_qkv.lora_B_block_0/events.out.tfevents.1768387346.master-192-168-8-48.1680.2,qkv.lora_B,0
1768388616.2419713,2240,70.03125,0.055320169776678085,Grad/qkv.lora_B,outputs_dev/vitb16/T=vtab_Q=3bit_L=lora_2_qkv-fc1-proj-fc2/cifar/20260114184203_default_acc=53.50/tensorboard/Grad_qkv.lora_B_block_0/events.out.tfevents.1768387346.master-192-168-8-48.1680.2,qkv.lora_B,0
1768388616.637235,2241,70.0625,0.1281721293926239,Grad/qkv.lora_B,outputs_dev/vitb16/T=vtab_Q=3bit_L=lora_2_qkv-fc1-proj-fc2/cifar/20260114184203_default_acc=53.50/tensorboard/Grad_qkv.lora_B_block_0/events.out.tfevents.1768387346.master-192-168-8-48.1680.2,qkv.lora_B,0
1768388617.0300834,2242,70.09375,0.09839599579572678,Grad/qkv.lora_B,outputs_dev/vitb16/T=vtab_Q=3bit_L=lora_2_qkv-fc1-proj-fc2/cifar/20260114184203_default_acc=53.50/tensorboard/Grad_qkv.lora_B_block_0/events.out.tfevents.1768387346.master-192-168-8-48.1680.2,qkv.lora_B,0
1768388617.408143,2243,70.125,0.18231408298015594,Grad/qkv.lora_B,outputs_dev/vitb16/T=vtab_Q=3bit_L=lora_2_qkv-fc1-proj-fc2/cifar/20260114184203_default_acc=53.50/tensorboard/Grad_qkv.lora_B_block_0/events.out.tfevents.1768387346.master-192-168-8-48.1680.2,qkv.lora_B,0
1768388617.7991917,2244,70.15625,0.062074486166238785,Grad/qkv.lora_B,outputs_dev/vitb16/T=vtab_Q=3bit_L=lora_2_qkv-fc1-proj-fc2/cifar/20260114184203_default_acc=53.50/tensorboard/Grad_qkv.lora_B_block_0/events.out.tfevents.1768387346.master-192-168-8-48.1680.2,qkv.lora_B,0
1768388618.1916237,2245,70.1875,0.027750791981816292,Grad/qkv.lora_B,outputs_dev/vitb16/T=vtab_Q=3bit_L=lora_2_qkv-fc1-proj-fc2/cifar/20260114184203_default_acc=53.50/tensorboard/Grad_qkv.lora_B_block_0/events.out.tfevents.1768387346.master-192-168-8-48.1680.2,qkv.lora_B,0
1768388618.5825083,2246,70.21875,0.04034003987908363,Grad/qkv.lora_B,outputs_dev/vitb16/T=vtab_Q=3bit_L=lora_2_qkv-fc1-proj-fc2/cifar/20260114184203_default_acc=53.50/tensorboard/Grad_qkv.lora_B_block_0/events.out.tfevents.1768387346.master-192-168-8-48.1680.2,qkv.lora_B,0
1768388618.9792109,2247,70.25,0.027239061892032623,Grad/qkv.lora_B,outputs_dev/vitb16/T=vtab_Q=3bit_L=lora_2_qkv-fc1-proj-fc2/cifar/20260114184203_default_acc=53.50/tensorboard/Grad_qkv.lora_B_block_0/events.out.tfevents.1768387346.master-192-168-8-48.1680.2,qkv.lora_B,0
1768388619.3692653,2248,70.28125,0.07722176611423492,Grad/qkv.lora_B,outputs_dev/vitb16/T=vtab_Q=3bit_L=lora_2_qkv-fc1-proj-fc2/cifar/20260114184203_default_acc=53.50/tensorboard/Grad_qkv.lora_B_block_0/events.out.tfevents.1768387346.master-192-168-8-48.1680.2,qkv.lora_B,0
1768388619.759121,2249,70.3125,0.07900861650705338,Grad/qkv.lora_B,outputs_dev/vitb16/T=vtab_Q=3bit_L=lora_2_qkv-fc1-proj-fc2/cifar/20260114184203_default_acc=53.50/tensorboard/Grad_qkv.lora_B_block_0/events.out.tfevents.1768387346.master-192-168-8-48.1680.2,qkv.lora_B,0
1768388620.1548965,2250,70.34375,0.016788244247436523,Grad/qkv.lora_B,outputs_dev/vitb16/T=vtab_Q=3bit_L=lora_2_qkv-fc1-proj-fc2/cifar/20260114184203_default_acc=53.50/tensorboard/Grad_qkv.lora_B_block_0/events.out.tfevents.1768387346.master-192-168-8-48.1680.2,qkv.lora_B,0
1768388620.54835,2251,70.375,0.0576099157333374,Grad/qkv.lora_B,outputs_dev/vitb16/T=vtab_Q=3bit_L=lora_2_qkv-fc1-proj-fc2/cifar/20260114184203_default_acc=53.50/tensorboard/Grad_qkv.lora_B_block_0/events.out.tfevents.1768387346.master-192-168-8-48.1680.2,qkv.lora_B,0
1768388620.9428344,2252,70.40625,0.038967035710811615,Grad/qkv.lora_B,outputs_dev/vitb16/T=vtab_Q=3bit_L=lora_2_qkv-fc1-proj-fc2/cifar/20260114184203_default_acc=53.50/tensorboard/Grad_qkv.lora_B_block_0/events.out.tfevents.1768387346.master-192-168-8-48.1680.2,qkv.lora_B,0
1768388621.3382325,2253,70.4375,0.054363224655389786,Grad/qkv.lora_B,outputs_dev/vitb16/T=vtab_Q=3bit_L=lora_2_qkv-fc1-proj-fc2/cifar/20260114184203_default_acc=53.50/tensorboard/Grad_qkv.lora_B_block_0/events.out.tfevents.1768387346.master-192-168-8-48.1680.2,qkv.lora_B,0
1768388621.7339234,2254,70.46875,0.030977217480540276,Grad/qkv.lora_B,outputs_dev/vitb16/T=vtab_Q=3bit_L=lora_2_qkv-fc1-proj-fc2/cifar/20260114184203_default_acc=53.50/tensorboard/Grad_qkv.lora_B_block_0/events.out.tfevents.1768387346.master-192-168-8-48.1680.2,qkv.lora_B,0
1768388622.1260931,2255,70.5,0.10706949234008789,Grad/qkv.lora_B,outputs_dev/vitb16/T=vtab_Q=3bit_L=lora_2_qkv-fc1-proj-fc2/cifar/20260114184203_default_acc=53.50/tensorboard/Grad_qkv.lora_B_block_0/events.out.tfevents.1768387346.master-192-168-8-48.1680.2,qkv.lora_B,0
1768388622.5182188,2256,70.53125,0.08594489842653275,Grad/qkv.lora_B,outputs_dev/vitb16/T=vtab_Q=3bit_L=lora_2_qkv-fc1-proj-fc2/cifar/20260114184203_default_acc=53.50/tensorboard/Grad_qkv.lora_B_block_0/events.out.tfevents.1768387346.master-192-168-8-48.1680.2,qkv.lora_B,0
1768388622.9106476,2257,70.5625,0.025614498183131218,Grad/qkv.lora_B,outputs_dev/vitb16/T=vtab_Q=3bit_L=lora_2_qkv-fc1-proj-fc2/cifar/20260114184203_default_acc=53.50/tensorboard/Grad_qkv.lora_B_block_0/events.out.tfevents.1768387346.master-192-168-8-48.1680.2,qkv.lora_B,0
1768388623.2888207,2258,70.59375,0.021243121474981308,Grad/qkv.lora_B,outputs_dev/vitb16/T=vtab_Q=3bit_L=lora_2_qkv-fc1-proj-fc2/cifar/20260114184203_default_acc=53.50/tensorboard/Grad_qkv.lora_B_block_0/events.out.tfevents.1768387346.master-192-168-8-48.1680.2,qkv.lora_B,0
1768388623.6660771,2259,70.625,0.1088382825255394,Grad/qkv.lora_B,outputs_dev/vitb16/T=vtab_Q=3bit_L=lora_2_qkv-fc1-proj-fc2/cifar/20260114184203_default_acc=53.50/tensorboard/Grad_qkv.lora_B_block_0/events.out.tfevents.1768387346.master-192-168-8-48.1680.2,qkv.lora_B,0
1768388624.040864,2260,70.65625,0.032336145639419556,Grad/qkv.lora_B,outputs_dev/vitb16/T=vtab_Q=3bit_L=lora_2_qkv-fc1-proj-fc2/cifar/20260114184203_default_acc=53.50/tensorboard/Grad_qkv.lora_B_block_0/events.out.tfevents.1768387346.master-192-168-8-48.1680.2,qkv.lora_B,0
1768388624.4382408,2261,70.6875,0.028170961886644363,Grad/qkv.lora_B,outputs_dev/vitb16/T=vtab_Q=3bit_L=lora_2_qkv-fc1-proj-fc2/cifar/20260114184203_default_acc=53.50/tensorboard/Grad_qkv.lora_B_block_0/events.out.tfevents.1768387346.master-192-168-8-48.1680.2,qkv.lora_B,0
1768388624.830664,2262,70.71875,0.34471622109413147,Grad/qkv.lora_B,outputs_dev/vitb16/T=vtab_Q=3bit_L=lora_2_qkv-fc1-proj-fc2/cifar/20260114184203_default_acc=53.50/tensorboard/Grad_qkv.lora_B_block_0/events.out.tfevents.1768387346.master-192-168-8-48.1680.2,qkv.lora_B,0
1768388625.2213938,2263,70.75,0.37944120168685913,Grad/qkv.lora_B,outputs_dev/vitb16/T=vtab_Q=3bit_L=lora_2_qkv-fc1-proj-fc2/cifar/20260114184203_default_acc=53.50/tensorboard/Grad_qkv.lora_B_block_0/events.out.tfevents.1768387346.master-192-168-8-48.1680.2,qkv.lora_B,0
1768388625.6118715,2264,70.78125,0.03229136765003204,Grad/qkv.lora_B,outputs_dev/vitb16/T=vtab_Q=3bit_L=lora_2_qkv-fc1-proj-fc2/cifar/20260114184203_default_acc=53.50/tensorboard/Grad_qkv.lora_B_block_0/events.out.tfevents.1768387346.master-192-168-8-48.1680.2,qkv.lora_B,0
1768388626.0043077,2265,70.8125,0.07690807431936264,Grad/qkv.lora_B,outputs_dev/vitb16/T=vtab_Q=3bit_L=lora_2_qkv-fc1-proj-fc2/cifar/20260114184203_default_acc=53.50/tensorboard/Grad_qkv.lora_B_block_0/events.out.tfevents.1768387346.master-192-168-8-48.1680.2,qkv.lora_B,0
1768388626.3942008,2266,70.84375,0.02559533528983593,Grad/qkv.lora_B,outputs_dev/vitb16/T=vtab_Q=3bit_L=lora_2_qkv-fc1-proj-fc2/cifar/20260114184203_default_acc=53.50/tensorboard/Grad_qkv.lora_B_block_0/events.out.tfevents.1768387346.master-192-168-8-48.1680.2,qkv.lora_B,0
1768388626.7847924,2267,70.875,0.027083054184913635,Grad/qkv.lora_B,outputs_dev/vitb16/T=vtab_Q=3bit_L=lora_2_qkv-fc1-proj-fc2/cifar/20260114184203_default_acc=53.50/tensorboard/Grad_qkv.lora_B_block_0/events.out.tfevents.1768387346.master-192-168-8-48.1680.2,qkv.lora_B,0
1768388627.175279,2268,70.90625,0.07806140929460526,Grad/qkv.lora_B,outputs_dev/vitb16/T=vtab_Q=3bit_L=lora_2_qkv-fc1-proj-fc2/cifar/20260114184203_default_acc=53.50/tensorboard/Grad_qkv.lora_B_block_0/events.out.tfevents.1768387346.master-192-168-8-48.1680.2,qkv.lora_B,0
1768388627.5736156,2269,70.9375,0.0339866541326046,Grad/qkv.lora_B,outputs_dev/vitb16/T=vtab_Q=3bit_L=lora_2_qkv-fc1-proj-fc2/cifar/20260114184203_default_acc=53.50/tensorboard/Grad_qkv.lora_B_block_0/events.out.tfevents.1768387346.master-192-168-8-48.1680.2,qkv.lora_B,0
1768388627.9774244,2270,70.96875,0.09653958678245544,Grad/qkv.lora_B,outputs_dev/vitb16/T=vtab_Q=3bit_L=lora_2_qkv-fc1-proj-fc2/cifar/20260114184203_default_acc=53.50/tensorboard/Grad_qkv.lora_B_block_0/events.out.tfevents.1768387346.master-192-168-8-48.1680.2,qkv.lora_B,0
1768388628.1738262,2271,71.0,0.05068115517497063,Grad/qkv.lora_B,outputs_dev/vitb16/T=vtab_Q=3bit_L=lora_2_qkv-fc1-proj-fc2/cifar/20260114184203_default_acc=53.50/tensorboard/Grad_qkv.lora_B_block_0/events.out.tfevents.1768387346.master-192-168-8-48.1680.2,qkv.lora_B,0
1768388678.8658051,2272,71.03125,0.059384334832429886,Grad/qkv.lora_B,outputs_dev/vitb16/T=vtab_Q=3bit_L=lora_2_qkv-fc1-proj-fc2/cifar/20260114184203_default_acc=53.50/tensorboard/Grad_qkv.lora_B_block_0/events.out.tfevents.1768387346.master-192-168-8-48.1680.2,qkv.lora_B,0
1768388679.2615275,2273,71.0625,0.038700368255376816,Grad/qkv.lora_B,outputs_dev/vitb16/T=vtab_Q=3bit_L=lora_2_qkv-fc1-proj-fc2/cifar/20260114184203_default_acc=53.50/tensorboard/Grad_qkv.lora_B_block_0/events.out.tfevents.1768387346.master-192-168-8-48.1680.2,qkv.lora_B,0
1768388679.6545403,2274,71.09375,0.15921911597251892,Grad/qkv.lora_B,outputs_dev/vitb16/T=vtab_Q=3bit_L=lora_2_qkv-fc1-proj-fc2/cifar/20260114184203_default_acc=53.50/tensorboard/Grad_qkv.lora_B_block_0/events.out.tfevents.1768387346.master-192-168-8-48.1680.2,qkv.lora_B,0
1768388680.0590754,2275,71.125,0.08705893903970718,Grad/qkv.lora_B,outputs_dev/vitb16/T=vtab_Q=3bit_L=lora_2_qkv-fc1-proj-fc2/cifar/20260114184203_default_acc=53.50/tensorboard/Grad_qkv.lora_B_block_0/events.out.tfevents.1768387346.master-192-168-8-48.1680.2,qkv.lora_B,0
1768388680.4621565,2276,71.15625,0.06853512674570084,Grad/qkv.lora_B,outputs_dev/vitb16/T=vtab_Q=3bit_L=lora_2_qkv-fc1-proj-fc2/cifar/20260114184203_default_acc=53.50/tensorboard/Grad_qkv.lora_B_block_0/events.out.tfevents.1768387346.master-192-168-8-48.1680.2,qkv.lora_B,0
1768388680.8554742,2277,71.1875,0.05838041752576828,Grad/qkv.lora_B,outputs_dev/vitb16/T=vtab_Q=3bit_L=lora_2_qkv-fc1-proj-fc2/cifar/20260114184203_default_acc=53.50/tensorboard/Grad_qkv.lora_B_block_0/events.out.tfevents.1768387346.master-192-168-8-48.1680.2,qkv.lora_B,0
1768388681.2517915,2278,71.21875,0.12107998132705688,Grad/qkv.lora_B,outputs_dev/vitb16/T=vtab_Q=3bit_L=lora_2_qkv-fc1-proj-fc2/cifar/20260114184203_default_acc=53.50/tensorboard/Grad_qkv.lora_B_block_0/events.out.tfevents.1768387346.master-192-168-8-48.1680.2,qkv.lora_B,0
1768388681.6617792,2279,71.25,0.030060548335313797,Grad/qkv.lora_B,outputs_dev/vitb16/T=vtab_Q=3bit_L=lora_2_qkv-fc1-proj-fc2/cifar/20260114184203_default_acc=53.50/tensorboard/Grad_qkv.lora_B_block_0/events.out.tfevents.1768387346.master-192-168-8-48.1680.2,qkv.lora_B,0
1768388682.056381,2280,71.28125,0.035232026129961014,Grad/qkv.lora_B,outputs_dev/vitb16/T=vtab_Q=3bit_L=lora_2_qkv-fc1-proj-fc2/cifar/20260114184203_default_acc=53.50/tensorboard/Grad_qkv.lora_B_block_0/events.out.tfevents.1768387346.master-192-168-8-48.1680.2,qkv.lora_B,0
1768388682.44907,2281,71.3125,0.052508704364299774,Grad/qkv.lora_B,outputs_dev/vitb16/T=vtab_Q=3bit_L=lora_2_qkv-fc1-proj-fc2/cifar/20260114184203_default_acc=53.50/tensorboard/Grad_qkv.lora_B_block_0/events.out.tfevents.1768387346.master-192-168-8-48.1680.2,qkv.lora_B,0
1768388682.839454,2282,71.34375,0.12602940201759338,Grad/qkv.lora_B,outputs_dev/vitb16/T=vtab_Q=3bit_L=lora_2_qkv-fc1-proj-fc2/cifar/20260114184203_default_acc=53.50/tensorboard/Grad_qkv.lora_B_block_0/events.out.tfevents.1768387346.master-192-168-8-48.1680.2,qkv.lora_B,0
1768388683.2489789,2283,71.375,0.016716573387384415,Grad/qkv.lora_B,outputs_dev/vitb16/T=vtab_Q=3bit_L=lora_2_qkv-fc1-proj-fc2/cifar/20260114184203_default_acc=53.50/tensorboard/Grad_qkv.lora_B_block_0/events.out.tfevents.1768387346.master-192-168-8-48.1680.2,qkv.lora_B,0
1768388683.644903,2284,71.40625,0.03893788158893585,Grad/qkv.lora_B,outputs_dev/vitb16/T=vtab_Q=3bit_L=lora_2_qkv-fc1-proj-fc2/cifar/20260114184203_default_acc=53.50/tensorboard/Grad_qkv.lora_B_block_0/events.out.tfevents.1768387346.master-192-168-8-48.1680.2,qkv.lora_B,0
1768388684.0371916,2285,71.4375,0.02046581730246544,Grad/qkv.lora_B,outputs_dev/vitb16/T=vtab_Q=3bit_L=lora_2_qkv-fc1-proj-fc2/cifar/20260114184203_default_acc=53.50/tensorboard/Grad_qkv.lora_B_block_0/events.out.tfevents.1768387346.master-192-168-8-48.1680.2,qkv.lora_B,0
1768388684.4276707,2286,71.46875,0.04377168416976929,Grad/qkv.lora_B,outputs_dev/vitb16/T=vtab_Q=3bit_L=lora_2_qkv-fc1-proj-fc2/cifar/20260114184203_default_acc=53.50/tensorboard/Grad_qkv.lora_B_block_0/events.out.tfevents.1768387346.master-192-168-8-48.1680.2,qkv.lora_B,0
1768388684.8176336,2287,71.5,0.2603285014629364,Grad/qkv.lora_B,outputs_dev/vitb16/T=vtab_Q=3bit_L=lora_2_qkv-fc1-proj-fc2/cifar/20260114184203_default_acc=53.50/tensorboard/Grad_qkv.lora_B_block_0/events.out.tfevents.1768387346.master-192-168-8-48.1680.2,qkv.lora_B,0
1768388685.208906,2288,71.53125,0.0409422367811203,Grad/qkv.lora_B,outputs_dev/vitb16/T=vtab_Q=3bit_L=lora_2_qkv-fc1-proj-fc2/cifar/20260114184203_default_acc=53.50/tensorboard/Grad_qkv.lora_B_block_0/events.out.tfevents.1768387346.master-192-168-8-48.1680.2,qkv.lora_B,0
1768388685.6015935,2289,71.5625,0.03600408509373665,Grad/qkv.lora_B,outputs_dev/vitb16/T=vtab_Q=3bit_L=lora_2_qkv-fc1-proj-fc2/cifar/20260114184203_default_acc=53.50/tensorboard/Grad_qkv.lora_B_block_0/events.out.tfevents.1768387346.master-192-168-8-48.1680.2,qkv.lora_B,0
1768388685.9958465,2290,71.59375,0.7943838238716125,Grad/qkv.lora_B,outputs_dev/vitb16/T=vtab_Q=3bit_L=lora_2_qkv-fc1-proj-fc2/cifar/20260114184203_default_acc=53.50/tensorboard/Grad_qkv.lora_B_block_0/events.out.tfevents.1768387346.master-192-168-8-48.1680.2,qkv.lora_B,0
1768388686.3930492,2291,71.625,0.02153773047029972,Grad/qkv.lora_B,outputs_dev/vitb16/T=vtab_Q=3bit_L=lora_2_qkv-fc1-proj-fc2/cifar/20260114184203_default_acc=53.50/tensorboard/Grad_qkv.lora_B_block_0/events.out.tfevents.1768387346.master-192-168-8-48.1680.2,qkv.lora_B,0
1768388686.8060746,2292,71.65625,0.20490996539592743,Grad/qkv.lora_B,outputs_dev/vitb16/T=vtab_Q=3bit_L=lora_2_qkv-fc1-proj-fc2/cifar/20260114184203_default_acc=53.50/tensorboard/Grad_qkv.lora_B_block_0/events.out.tfevents.1768387346.master-192-168-8-48.1680.2,qkv.lora_B,0
1768388687.216755,2293,71.6875,0.31601718068122864,Grad/qkv.lora_B,outputs_dev/vitb16/T=vtab_Q=3bit_L=lora_2_qkv-fc1-proj-fc2/cifar/20260114184203_default_acc=53.50/tensorboard/Grad_qkv.lora_B_block_0/events.out.tfevents.1768387346.master-192-168-8-48.1680.2,qkv.lora_B,0
1768388687.62088,2294,71.71875,0.13384419679641724,Grad/qkv.lora_B,outputs_dev/vitb16/T=vtab_Q=3bit_L=lora_2_qkv-fc1-proj-fc2/cifar/20260114184203_default_acc=53.50/tensorboard/Grad_qkv.lora_B_block_0/events.out.tfevents.1768387346.master-192-168-8-48.1680.2,qkv.lora_B,0
1768388688.012253,2295,71.75,0.046328529715538025,Grad/qkv.lora_B,outputs_dev/vitb16/T=vtab_Q=3bit_L=lora_2_qkv-fc1-proj-fc2/cifar/20260114184203_default_acc=53.50/tensorboard/Grad_qkv.lora_B_block_0/events.out.tfevents.1768387346.master-192-168-8-48.1680.2,qkv.lora_B,0
1768388688.3900163,2296,71.78125,0.05029512941837311,Grad/qkv.lora_B,outputs_dev/vitb16/T=vtab_Q=3bit_L=lora_2_qkv-fc1-proj-fc2/cifar/20260114184203_default_acc=53.50/tensorboard/Grad_qkv.lora_B_block_0/events.out.tfevents.1768387346.master-192-168-8-48.1680.2,qkv.lora_B,0
1768388688.7801836,2297,71.8125,0.05401090532541275,Grad/qkv.lora_B,outputs_dev/vitb16/T=vtab_Q=3bit_L=lora_2_qkv-fc1-proj-fc2/cifar/20260114184203_default_acc=53.50/tensorboard/Grad_qkv.lora_B_block_0/events.out.tfevents.1768387346.master-192-168-8-48.1680.2,qkv.lora_B,0
1768388689.1720405,2298,71.84375,0.27121803164482117,Grad/qkv.lora_B,outputs_dev/vitb16/T=vtab_Q=3bit_L=lora_2_qkv-fc1-proj-fc2/cifar/20260114184203_default_acc=53.50/tensorboard/Grad_qkv.lora_B_block_0/events.out.tfevents.1768387346.master-192-168-8-48.1680.2,qkv.lora_B,0
1768388689.5563197,2299,71.875,0.03516653552651405,Grad/qkv.lora_B,outputs_dev/vitb16/T=vtab_Q=3bit_L=lora_2_qkv-fc1-proj-fc2/cifar/20260114184203_default_acc=53.50/tensorboard/Grad_qkv.lora_B_block_0/events.out.tfevents.1768387346.master-192-168-8-48.1680.2,qkv.lora_B,0
1768388689.9464767,2300,71.90625,0.03293507546186447,Grad/qkv.lora_B,outputs_dev/vitb16/T=vtab_Q=3bit_L=lora_2_qkv-fc1-proj-fc2/cifar/20260114184203_default_acc=53.50/tensorboard/Grad_qkv.lora_B_block_0/events.out.tfevents.1768387346.master-192-168-8-48.1680.2,qkv.lora_B,0
1768388690.3421028,2301,71.9375,0.056043028831481934,Grad/qkv.lora_B,outputs_dev/vitb16/T=vtab_Q=3bit_L=lora_2_qkv-fc1-proj-fc2/cifar/20260114184203_default_acc=53.50/tensorboard/Grad_qkv.lora_B_block_0/events.out.tfevents.1768387346.master-192-168-8-48.1680.2,qkv.lora_B,0
1768388690.7345943,2302,71.96875,0.028317328542470932,Grad/qkv.lora_B,outputs_dev/vitb16/T=vtab_Q=3bit_L=lora_2_qkv-fc1-proj-fc2/cifar/20260114184203_default_acc=53.50/tensorboard/Grad_qkv.lora_B_block_0/events.out.tfevents.1768387346.master-192-168-8-48.1680.2,qkv.lora_B,0
1768388690.9162354,2303,72.0,0.050254181027412415,Grad/qkv.lora_B,outputs_dev/vitb16/T=vtab_Q=3bit_L=lora_2_qkv-fc1-proj-fc2/cifar/20260114184203_default_acc=53.50/tensorboard/Grad_qkv.lora_B_block_0/events.out.tfevents.1768387346.master-192-168-8-48.1680.2,qkv.lora_B,0
1768388691.534022,2304,72.03125,0.03420018404722214,Grad/qkv.lora_B,outputs_dev/vitb16/T=vtab_Q=3bit_L=lora_2_qkv-fc1-proj-fc2/cifar/20260114184203_default_acc=53.50/tensorboard/Grad_qkv.lora_B_block_0/events.out.tfevents.1768387346.master-192-168-8-48.1680.2,qkv.lora_B,0
1768388691.9156432,2305,72.0625,0.44720885157585144,Grad/qkv.lora_B,outputs_dev/vitb16/T=vtab_Q=3bit_L=lora_2_qkv-fc1-proj-fc2/cifar/20260114184203_default_acc=53.50/tensorboard/Grad_qkv.lora_B_block_0/events.out.tfevents.1768387346.master-192-168-8-48.1680.2,qkv.lora_B,0
1768388692.3083053,2306,72.09375,0.17987008392810822,Grad/qkv.lora_B,outputs_dev/vitb16/T=vtab_Q=3bit_L=lora_2_qkv-fc1-proj-fc2/cifar/20260114184203_default_acc=53.50/tensorboard/Grad_qkv.lora_B_block_0/events.out.tfevents.1768387346.master-192-168-8-48.1680.2,qkv.lora_B,0
1768388692.6899118,2307,72.125,0.3009926676750183,Grad/qkv.lora_B,outputs_dev/vitb16/T=vtab_Q=3bit_L=lora_2_qkv-fc1-proj-fc2/cifar/20260114184203_default_acc=53.50/tensorboard/Grad_qkv.lora_B_block_0/events.out.tfevents.1768387346.master-192-168-8-48.1680.2,qkv.lora_B,0
1768388693.0711894,2308,72.15625,0.03475254774093628,Grad/qkv.lora_B,outputs_dev/vitb16/T=vtab_Q=3bit_L=lora_2_qkv-fc1-proj-fc2/cifar/20260114184203_default_acc=53.50/tensorboard/Grad_qkv.lora_B_block_0/events.out.tfevents.1768387346.master-192-168-8-48.1680.2,qkv.lora_B,0
1768388693.446592,2309,72.1875,0.08073238283395767,Grad/qkv.lora_B,outputs_dev/vitb16/T=vtab_Q=3bit_L=lora_2_qkv-fc1-proj-fc2/cifar/20260114184203_default_acc=53.50/tensorboard/Grad_qkv.lora_B_block_0/events.out.tfevents.1768387346.master-192-168-8-48.1680.2,qkv.lora_B,0
1768388693.825425,2310,72.21875,0.011281175538897514,Grad/qkv.lora_B,outputs_dev/vitb16/T=vtab_Q=3bit_L=lora_2_qkv-fc1-proj-fc2/cifar/20260114184203_default_acc=53.50/tensorboard/Grad_qkv.lora_B_block_0/events.out.tfevents.1768387346.master-192-168-8-48.1680.2,qkv.lora_B,0
1768388694.230937,2311,72.25,0.09694770723581314,Grad/qkv.lora_B,outputs_dev/vitb16/T=vtab_Q=3bit_L=lora_2_qkv-fc1-proj-fc2/cifar/20260114184203_default_acc=53.50/tensorboard/Grad_qkv.lora_B_block_0/events.out.tfevents.1768387346.master-192-168-8-48.1680.2,qkv.lora_B,0
1768388694.6322405,2312,72.28125,0.06713088601827621,Grad/qkv.lora_B,outputs_dev/vitb16/T=vtab_Q=3bit_L=lora_2_qkv-fc1-proj-fc2/cifar/20260114184203_default_acc=53.50/tensorboard/Grad_qkv.lora_B_block_0/events.out.tfevents.1768387346.master-192-168-8-48.1680.2,qkv.lora_B,0
1768388695.0081592,2313,72.3125,0.11053130030632019,Grad/qkv.lora_B,outputs_dev/vitb16/T=vtab_Q=3bit_L=lora_2_qkv-fc1-proj-fc2/cifar/20260114184203_default_acc=53.50/tensorboard/Grad_qkv.lora_B_block_0/events.out.tfevents.1768387346.master-192-168-8-48.1680.2,qkv.lora_B,0
1768388695.3959253,2314,72.34375,0.07334756851196289,Grad/qkv.lora_B,outputs_dev/vitb16/T=vtab_Q=3bit_L=lora_2_qkv-fc1-proj-fc2/cifar/20260114184203_default_acc=53.50/tensorboard/Grad_qkv.lora_B_block_0/events.out.tfevents.1768387346.master-192-168-8-48.1680.2,qkv.lora_B,0
1768388695.778267,2315,72.375,0.032254695892333984,Grad/qkv.lora_B,outputs_dev/vitb16/T=vtab_Q=3bit_L=lora_2_qkv-fc1-proj-fc2/cifar/20260114184203_default_acc=53.50/tensorboard/Grad_qkv.lora_B_block_0/events.out.tfevents.1768387346.master-192-168-8-48.1680.2,qkv.lora_B,0
1768388696.1848533,2316,72.40625,0.07703573256731033,Grad/qkv.lora_B,outputs_dev/vitb16/T=vtab_Q=3bit_L=lora_2_qkv-fc1-proj-fc2/cifar/20260114184203_default_acc=53.50/tensorboard/Grad_qkv.lora_B_block_0/events.out.tfevents.1768387346.master-192-168-8-48.1680.2,qkv.lora_B,0
1768388696.5745263,2317,72.4375,0.033625680953264236,Grad/qkv.lora_B,outputs_dev/vitb16/T=vtab_Q=3bit_L=lora_2_qkv-fc1-proj-fc2/cifar/20260114184203_default_acc=53.50/tensorboard/Grad_qkv.lora_B_block_0/events.out.tfevents.1768387346.master-192-168-8-48.1680.2,qkv.lora_B,0
1768388696.964032,2318,72.46875,0.8227112293243408,Grad/qkv.lora_B,outputs_dev/vitb16/T=vtab_Q=3bit_L=lora_2_qkv-fc1-proj-fc2/cifar/20260114184203_default_acc=53.50/tensorboard/Grad_qkv.lora_B_block_0/events.out.tfevents.1768387346.master-192-168-8-48.1680.2,qkv.lora_B,0
1768388697.3519368,2319,72.5,0.05723660811781883,Grad/qkv.lora_B,outputs_dev/vitb16/T=vtab_Q=3bit_L=lora_2_qkv-fc1-proj-fc2/cifar/20260114184203_default_acc=53.50/tensorboard/Grad_qkv.lora_B_block_0/events.out.tfevents.1768387346.master-192-168-8-48.1680.2,qkv.lora_B,0
1768388697.7367659,2320,72.53125,0.2193276286125183,Grad/qkv.lora_B,outputs_dev/vitb16/T=vtab_Q=3bit_L=lora_2_qkv-fc1-proj-fc2/cifar/20260114184203_default_acc=53.50/tensorboard/Grad_qkv.lora_B_block_0/events.out.tfevents.1768387346.master-192-168-8-48.1680.2,qkv.lora_B,0
1768388698.1254466,2321,72.5625,0.034094516187906265,Grad/qkv.lora_B,outputs_dev/vitb16/T=vtab_Q=3bit_L=lora_2_qkv-fc1-proj-fc2/cifar/20260114184203_default_acc=53.50/tensorboard/Grad_qkv.lora_B_block_0/events.out.tfevents.1768387346.master-192-168-8-48.1680.2,qkv.lora_B,0
1768388698.531399,2322,72.59375,0.03225375711917877,Grad/qkv.lora_B,outputs_dev/vitb16/T=vtab_Q=3bit_L=lora_2_qkv-fc1-proj-fc2/cifar/20260114184203_default_acc=53.50/tensorboard/Grad_qkv.lora_B_block_0/events.out.tfevents.1768387346.master-192-168-8-48.1680.2,qkv.lora_B,0
1768388698.918336,2323,72.625,0.022305669263005257,Grad/qkv.lora_B,outputs_dev/vitb16/T=vtab_Q=3bit_L=lora_2_qkv-fc1-proj-fc2/cifar/20260114184203_default_acc=53.50/tensorboard/Grad_qkv.lora_B_block_0/events.out.tfevents.1768387346.master-192-168-8-48.1680.2,qkv.lora_B,0
1768388699.3114128,2324,72.65625,0.06257713586091995,Grad/qkv.lora_B,outputs_dev/vitb16/T=vtab_Q=3bit_L=lora_2_qkv-fc1-proj-fc2/cifar/20260114184203_default_acc=53.50/tensorboard/Grad_qkv.lora_B_block_0/events.out.tfevents.1768387346.master-192-168-8-48.1680.2,qkv.lora_B,0
1768388699.6907535,2325,72.6875,0.07409822940826416,Grad/qkv.lora_B,outputs_dev/vitb16/T=vtab_Q=3bit_L=lora_2_qkv-fc1-proj-fc2/cifar/20260114184203_default_acc=53.50/tensorboard/Grad_qkv.lora_B_block_0/events.out.tfevents.1768387346.master-192-168-8-48.1680.2,qkv.lora_B,0
1768388700.0946105,2326,72.71875,0.030545415356755257,Grad/qkv.lora_B,outputs_dev/vitb16/T=vtab_Q=3bit_L=lora_2_qkv-fc1-proj-fc2/cifar/20260114184203_default_acc=53.50/tensorboard/Grad_qkv.lora_B_block_0/events.out.tfevents.1768387346.master-192-168-8-48.1680.2,qkv.lora_B,0
1768388700.5017385,2327,72.75,0.10565990954637527,Grad/qkv.lora_B,outputs_dev/vitb16/T=vtab_Q=3bit_L=lora_2_qkv-fc1-proj-fc2/cifar/20260114184203_default_acc=53.50/tensorboard/Grad_qkv.lora_B_block_0/events.out.tfevents.1768387346.master-192-168-8-48.1680.2,qkv.lora_B,0
1768388700.8923419,2328,72.78125,0.09212163835763931,Grad/qkv.lora_B,outputs_dev/vitb16/T=vtab_Q=3bit_L=lora_2_qkv-fc1-proj-fc2/cifar/20260114184203_default_acc=53.50/tensorboard/Grad_qkv.lora_B_block_0/events.out.tfevents.1768387346.master-192-168-8-48.1680.2,qkv.lora_B,0
1768388701.2704704,2329,72.8125,0.04696931317448616,Grad/qkv.lora_B,outputs_dev/vitb16/T=vtab_Q=3bit_L=lora_2_qkv-fc1-proj-fc2/cifar/20260114184203_default_acc=53.50/tensorboard/Grad_qkv.lora_B_block_0/events.out.tfevents.1768387346.master-192-168-8-48.1680.2,qkv.lora_B,0
1768388701.6638653,2330,72.84375,0.1705985963344574,Grad/qkv.lora_B,outputs_dev/vitb16/T=vtab_Q=3bit_L=lora_2_qkv-fc1-proj-fc2/cifar/20260114184203_default_acc=53.50/tensorboard/Grad_qkv.lora_B_block_0/events.out.tfevents.1768387346.master-192-168-8-48.1680.2,qkv.lora_B,0
1768388702.0614464,2331,72.875,0.02370671182870865,Grad/qkv.lora_B,outputs_dev/vitb16/T=vtab_Q=3bit_L=lora_2_qkv-fc1-proj-fc2/cifar/20260114184203_default_acc=53.50/tensorboard/Grad_qkv.lora_B_block_0/events.out.tfevents.1768387346.master-192-168-8-48.1680.2,qkv.lora_B,0
1768388702.4521618,2332,72.90625,0.02493550069630146,Grad/qkv.lora_B,outputs_dev/vitb16/T=vtab_Q=3bit_L=lora_2_qkv-fc1-proj-fc2/cifar/20260114184203_default_acc=53.50/tensorboard/Grad_qkv.lora_B_block_0/events.out.tfevents.1768387346.master-192-168-8-48.1680.2,qkv.lora_B,0
1768388702.8423033,2333,72.9375,0.11571840941905975,Grad/qkv.lora_B,outputs_dev/vitb16/T=vtab_Q=3bit_L=lora_2_qkv-fc1-proj-fc2/cifar/20260114184203_default_acc=53.50/tensorboard/Grad_qkv.lora_B_block_0/events.out.tfevents.1768387346.master-192-168-8-48.1680.2,qkv.lora_B,0
1768388703.2349045,2334,72.96875,0.0692853257060051,Grad/qkv.lora_B,outputs_dev/vitb16/T=vtab_Q=3bit_L=lora_2_qkv-fc1-proj-fc2/cifar/20260114184203_default_acc=53.50/tensorboard/Grad_qkv.lora_B_block_0/events.out.tfevents.1768387346.master-192-168-8-48.1680.2,qkv.lora_B,0
1768388703.428491,2335,73.0,0.461546391248703,Grad/qkv.lora_B,outputs_dev/vitb16/T=vtab_Q=3bit_L=lora_2_qkv-fc1-proj-fc2/cifar/20260114184203_default_acc=53.50/tensorboard/Grad_qkv.lora_B_block_0/events.out.tfevents.1768387346.master-192-168-8-48.1680.2,qkv.lora_B,0
1768388704.0867634,2336,73.03125,0.3387867212295532,Grad/qkv.lora_B,outputs_dev/vitb16/T=vtab_Q=3bit_L=lora_2_qkv-fc1-proj-fc2/cifar/20260114184203_default_acc=53.50/tensorboard/Grad_qkv.lora_B_block_0/events.out.tfevents.1768387346.master-192-168-8-48.1680.2,qkv.lora_B,0
1768388704.5069256,2337,73.0625,0.03751124069094658,Grad/qkv.lora_B,outputs_dev/vitb16/T=vtab_Q=3bit_L=lora_2_qkv-fc1-proj-fc2/cifar/20260114184203_default_acc=53.50/tensorboard/Grad_qkv.lora_B_block_0/events.out.tfevents.1768387346.master-192-168-8-48.1680.2,qkv.lora_B,0
1768388704.9154937,2338,73.09375,0.1499152034521103,Grad/qkv.lora_B,outputs_dev/vitb16/T=vtab_Q=3bit_L=lora_2_qkv-fc1-proj-fc2/cifar/20260114184203_default_acc=53.50/tensorboard/Grad_qkv.lora_B_block_0/events.out.tfevents.1768387346.master-192-168-8-48.1680.2,qkv.lora_B,0
1768388705.3061304,2339,73.125,0.024748031049966812,Grad/qkv.lora_B,outputs_dev/vitb16/T=vtab_Q=3bit_L=lora_2_qkv-fc1-proj-fc2/cifar/20260114184203_default_acc=53.50/tensorboard/Grad_qkv.lora_B_block_0/events.out.tfevents.1768387346.master-192-168-8-48.1680.2,qkv.lora_B,0
1768388705.6947439,2340,73.15625,0.06490514427423477,Grad/qkv.lora_B,outputs_dev/vitb16/T=vtab_Q=3bit_L=lora_2_qkv-fc1-proj-fc2/cifar/20260114184203_default_acc=53.50/tensorboard/Grad_qkv.lora_B_block_0/events.out.tfevents.1768387346.master-192-168-8-48.1680.2,qkv.lora_B,0
1768388706.097378,2341,73.1875,0.1245649978518486,Grad/qkv.lora_B,outputs_dev/vitb16/T=vtab_Q=3bit_L=lora_2_qkv-fc1-proj-fc2/cifar/20260114184203_default_acc=53.50/tensorboard/Grad_qkv.lora_B_block_0/events.out.tfevents.1768387346.master-192-168-8-48.1680.2,qkv.lora_B,0
1768388706.4749007,2342,73.21875,0.015572438947856426,Grad/qkv.lora_B,outputs_dev/vitb16/T=vtab_Q=3bit_L=lora_2_qkv-fc1-proj-fc2/cifar/20260114184203_default_acc=53.50/tensorboard/Grad_qkv.lora_B_block_0/events.out.tfevents.1768387346.master-192-168-8-48.1680.2,qkv.lora_B,0
1768388706.8776848,2343,73.25,0.04108412191271782,Grad/qkv.lora_B,outputs_dev/vitb16/T=vtab_Q=3bit_L=lora_2_qkv-fc1-proj-fc2/cifar/20260114184203_default_acc=53.50/tensorboard/Grad_qkv.lora_B_block_0/events.out.tfevents.1768387346.master-192-168-8-48.1680.2,qkv.lora_B,0
1768388707.274748,2344,73.28125,0.026890279725193977,Grad/qkv.lora_B,outputs_dev/vitb16/T=vtab_Q=3bit_L=lora_2_qkv-fc1-proj-fc2/cifar/20260114184203_default_acc=53.50/tensorboard/Grad_qkv.lora_B_block_0/events.out.tfevents.1768387346.master-192-168-8-48.1680.2,qkv.lora_B,0
1768388707.6658523,2345,73.3125,0.01779867522418499,Grad/qkv.lora_B,outputs_dev/vitb16/T=vtab_Q=3bit_L=lora_2_qkv-fc1-proj-fc2/cifar/20260114184203_default_acc=53.50/tensorboard/Grad_qkv.lora_B_block_0/events.out.tfevents.1768387346.master-192-168-8-48.1680.2,qkv.lora_B,0
1768388708.049889,2346,73.34375,0.09470312297344208,Grad/qkv.lora_B,outputs_dev/vitb16/T=vtab_Q=3bit_L=lora_2_qkv-fc1-proj-fc2/cifar/20260114184203_default_acc=53.50/tensorboard/Grad_qkv.lora_B_block_0/events.out.tfevents.1768387346.master-192-168-8-48.1680.2,qkv.lora_B,0
1768388708.4358025,2347,73.375,0.05184107646346092,Grad/qkv.lora_B,outputs_dev/vitb16/T=vtab_Q=3bit_L=lora_2_qkv-fc1-proj-fc2/cifar/20260114184203_default_acc=53.50/tensorboard/Grad_qkv.lora_B_block_0/events.out.tfevents.1768387346.master-192-168-8-48.1680.2,qkv.lora_B,0
1768388708.8386247,2348,73.40625,0.04927263408899307,Grad/qkv.lora_B,outputs_dev/vitb16/T=vtab_Q=3bit_L=lora_2_qkv-fc1-proj-fc2/cifar/20260114184203_default_acc=53.50/tensorboard/Grad_qkv.lora_B_block_0/events.out.tfevents.1768387346.master-192-168-8-48.1680.2,qkv.lora_B,0
1768388709.239129,2349,73.4375,0.029829351231455803,Grad/qkv.lora_B,outputs_dev/vitb16/T=vtab_Q=3bit_L=lora_2_qkv-fc1-proj-fc2/cifar/20260114184203_default_acc=53.50/tensorboard/Grad_qkv.lora_B_block_0/events.out.tfevents.1768387346.master-192-168-8-48.1680.2,qkv.lora_B,0
1768388709.61684,2350,73.46875,0.0672450140118599,Grad/qkv.lora_B,outputs_dev/vitb16/T=vtab_Q=3bit_L=lora_2_qkv-fc1-proj-fc2/cifar/20260114184203_default_acc=53.50/tensorboard/Grad_qkv.lora_B_block_0/events.out.tfevents.1768387346.master-192-168-8-48.1680.2,qkv.lora_B,0
1768388709.9966242,2351,73.5,0.03156489133834839,Grad/qkv.lora_B,outputs_dev/vitb16/T=vtab_Q=3bit_L=lora_2_qkv-fc1-proj-fc2/cifar/20260114184203_default_acc=53.50/tensorboard/Grad_qkv.lora_B_block_0/events.out.tfevents.1768387346.master-192-168-8-48.1680.2,qkv.lora_B,0
1768388710.3978531,2352,73.53125,0.09053058922290802,Grad/qkv.lora_B,outputs_dev/vitb16/T=vtab_Q=3bit_L=lora_2_qkv-fc1-proj-fc2/cifar/20260114184203_default_acc=53.50/tensorboard/Grad_qkv.lora_B_block_0/events.out.tfevents.1768387346.master-192-168-8-48.1680.2,qkv.lora_B,0
1768388710.7986975,2353,73.5625,0.02765619568526745,Grad/qkv.lora_B,outputs_dev/vitb16/T=vtab_Q=3bit_L=lora_2_qkv-fc1-proj-fc2/cifar/20260114184203_default_acc=53.50/tensorboard/Grad_qkv.lora_B_block_0/events.out.tfevents.1768387346.master-192-168-8-48.1680.2,qkv.lora_B,0
1768388711.1827128,2354,73.59375,0.2644598186016083,Grad/qkv.lora_B,outputs_dev/vitb16/T=vtab_Q=3bit_L=lora_2_qkv-fc1-proj-fc2/cifar/20260114184203_default_acc=53.50/tensorboard/Grad_qkv.lora_B_block_0/events.out.tfevents.1768387346.master-192-168-8-48.1680.2,qkv.lora_B,0
1768388711.5741348,2355,73.625,0.15429671108722687,Grad/qkv.lora_B,outputs_dev/vitb16/T=vtab_Q=3bit_L=lora_2_qkv-fc1-proj-fc2/cifar/20260114184203_default_acc=53.50/tensorboard/Grad_qkv.lora_B_block_0/events.out.tfevents.1768387346.master-192-168-8-48.1680.2,qkv.lora_B,0
1768388711.954855,2356,73.65625,0.014167899265885353,Grad/qkv.lora_B,outputs_dev/vitb16/T=vtab_Q=3bit_L=lora_2_qkv-fc1-proj-fc2/cifar/20260114184203_default_acc=53.50/tensorboard/Grad_qkv.lora_B_block_0/events.out.tfevents.1768387346.master-192-168-8-48.1680.2,qkv.lora_B,0
1768388712.341341,2357,73.6875,0.04741952568292618,Grad/qkv.lora_B,outputs_dev/vitb16/T=vtab_Q=3bit_L=lora_2_qkv-fc1-proj-fc2/cifar/20260114184203_default_acc=53.50/tensorboard/Grad_qkv.lora_B_block_0/events.out.tfevents.1768387346.master-192-168-8-48.1680.2,qkv.lora_B,0
1768388712.73105,2358,73.71875,0.028100373223423958,Grad/qkv.lora_B,outputs_dev/vitb16/T=vtab_Q=3bit_L=lora_2_qkv-fc1-proj-fc2/cifar/20260114184203_default_acc=53.50/tensorboard/Grad_qkv.lora_B_block_0/events.out.tfevents.1768387346.master-192-168-8-48.1680.2,qkv.lora_B,0
1768388713.1218247,2359,73.75,0.06594561040401459,Grad/qkv.lora_B,outputs_dev/vitb16/T=vtab_Q=3bit_L=lora_2_qkv-fc1-proj-fc2/cifar/20260114184203_default_acc=53.50/tensorboard/Grad_qkv.lora_B_block_0/events.out.tfevents.1768387346.master-192-168-8-48.1680.2,qkv.lora_B,0
1768388713.512406,2360,73.78125,0.15222768485546112,Grad/qkv.lora_B,outputs_dev/vitb16/T=vtab_Q=3bit_L=lora_2_qkv-fc1-proj-fc2/cifar/20260114184203_default_acc=53.50/tensorboard/Grad_qkv.lora_B_block_0/events.out.tfevents.1768387346.master-192-168-8-48.1680.2,qkv.lora_B,0
1768388713.9063077,2361,73.8125,0.08005645871162415,Grad/qkv.lora_B,outputs_dev/vitb16/T=vtab_Q=3bit_L=lora_2_qkv-fc1-proj-fc2/cifar/20260114184203_default_acc=53.50/tensorboard/Grad_qkv.lora_B_block_0/events.out.tfevents.1768387346.master-192-168-8-48.1680.2,qkv.lora_B,0
1768388714.2973716,2362,73.84375,0.015642860904335976,Grad/qkv.lora_B,outputs_dev/vitb16/T=vtab_Q=3bit_L=lora_2_qkv-fc1-proj-fc2/cifar/20260114184203_default_acc=53.50/tensorboard/Grad_qkv.lora_B_block_0/events.out.tfevents.1768387346.master-192-168-8-48.1680.2,qkv.lora_B,0
1768388714.6896803,2363,73.875,0.09784480184316635,Grad/qkv.lora_B,outputs_dev/vitb16/T=vtab_Q=3bit_L=lora_2_qkv-fc1-proj-fc2/cifar/20260114184203_default_acc=53.50/tensorboard/Grad_qkv.lora_B_block_0/events.out.tfevents.1768387346.master-192-168-8-48.1680.2,qkv.lora_B,0
1768388715.0913923,2364,73.90625,0.24640384316444397,Grad/qkv.lora_B,outputs_dev/vitb16/T=vtab_Q=3bit_L=lora_2_qkv-fc1-proj-fc2/cifar/20260114184203_default_acc=53.50/tensorboard/Grad_qkv.lora_B_block_0/events.out.tfevents.1768387346.master-192-168-8-48.1680.2,qkv.lora_B,0
1768388715.4810078,2365,73.9375,0.013722850941121578,Grad/qkv.lora_B,outputs_dev/vitb16/T=vtab_Q=3bit_L=lora_2_qkv-fc1-proj-fc2/cifar/20260114184203_default_acc=53.50/tensorboard/Grad_qkv.lora_B_block_0/events.out.tfevents.1768387346.master-192-168-8-48.1680.2,qkv.lora_B,0
1768388715.867729,2366,73.96875,0.0846654549241066,Grad/qkv.lora_B,outputs_dev/vitb16/T=vtab_Q=3bit_L=lora_2_qkv-fc1-proj-fc2/cifar/20260114184203_default_acc=53.50/tensorboard/Grad_qkv.lora_B_block_0/events.out.tfevents.1768387346.master-192-168-8-48.1680.2,qkv.lora_B,0
1768388716.0567982,2367,74.0,0.29888683557510376,Grad/qkv.lora_B,outputs_dev/vitb16/T=vtab_Q=3bit_L=lora_2_qkv-fc1-proj-fc2/cifar/20260114184203_default_acc=53.50/tensorboard/Grad_qkv.lora_B_block_0/events.out.tfevents.1768387346.master-192-168-8-48.1680.2,qkv.lora_B,0
1768388716.6765115,2368,74.03125,0.08488601446151733,Grad/qkv.lora_B,outputs_dev/vitb16/T=vtab_Q=3bit_L=lora_2_qkv-fc1-proj-fc2/cifar/20260114184203_default_acc=53.50/tensorboard/Grad_qkv.lora_B_block_0/events.out.tfevents.1768387346.master-192-168-8-48.1680.2,qkv.lora_B,0
1768388717.0965338,2369,74.0625,0.04849898815155029,Grad/qkv.lora_B,outputs_dev/vitb16/T=vtab_Q=3bit_L=lora_2_qkv-fc1-proj-fc2/cifar/20260114184203_default_acc=53.50/tensorboard/Grad_qkv.lora_B_block_0/events.out.tfevents.1768387346.master-192-168-8-48.1680.2,qkv.lora_B,0
1768388717.4897428,2370,74.09375,0.11415733397006989,Grad/qkv.lora_B,outputs_dev/vitb16/T=vtab_Q=3bit_L=lora_2_qkv-fc1-proj-fc2/cifar/20260114184203_default_acc=53.50/tensorboard/Grad_qkv.lora_B_block_0/events.out.tfevents.1768387346.master-192-168-8-48.1680.2,qkv.lora_B,0
1768388717.8965049,2371,74.125,0.2684990167617798,Grad/qkv.lora_B,outputs_dev/vitb16/T=vtab_Q=3bit_L=lora_2_qkv-fc1-proj-fc2/cifar/20260114184203_default_acc=53.50/tensorboard/Grad_qkv.lora_B_block_0/events.out.tfevents.1768387346.master-192-168-8-48.1680.2,qkv.lora_B,0
1768388718.3026173,2372,74.15625,0.03194224461913109,Grad/qkv.lora_B,outputs_dev/vitb16/T=vtab_Q=3bit_L=lora_2_qkv-fc1-proj-fc2/cifar/20260114184203_default_acc=53.50/tensorboard/Grad_qkv.lora_B_block_0/events.out.tfevents.1768387346.master-192-168-8-48.1680.2,qkv.lora_B,0
1768388718.6936069,2373,74.1875,0.01799008809030056,Grad/qkv.lora_B,outputs_dev/vitb16/T=vtab_Q=3bit_L=lora_2_qkv-fc1-proj-fc2/cifar/20260114184203_default_acc=53.50/tensorboard/Grad_qkv.lora_B_block_0/events.out.tfevents.1768387346.master-192-168-8-48.1680.2,qkv.lora_B,0
1768388719.0862353,2374,74.21875,0.01392934750765562,Grad/qkv.lora_B,outputs_dev/vitb16/T=vtab_Q=3bit_L=lora_2_qkv-fc1-proj-fc2/cifar/20260114184203_default_acc=53.50/tensorboard/Grad_qkv.lora_B_block_0/events.out.tfevents.1768387346.master-192-168-8-48.1680.2,qkv.lora_B,0
1768388719.4768806,2375,74.25,0.023236263543367386,Grad/qkv.lora_B,outputs_dev/vitb16/T=vtab_Q=3bit_L=lora_2_qkv-fc1-proj-fc2/cifar/20260114184203_default_acc=53.50/tensorboard/Grad_qkv.lora_B_block_0/events.out.tfevents.1768387346.master-192-168-8-48.1680.2,qkv.lora_B,0
1768388719.868066,2376,74.28125,0.10308485478162766,Grad/qkv.lora_B,outputs_dev/vitb16/T=vtab_Q=3bit_L=lora_2_qkv-fc1-proj-fc2/cifar/20260114184203_default_acc=53.50/tensorboard/Grad_qkv.lora_B_block_0/events.out.tfevents.1768387346.master-192-168-8-48.1680.2,qkv.lora_B,0
1768388720.2596529,2377,74.3125,0.07305612415075302,Grad/qkv.lora_B,outputs_dev/vitb16/T=vtab_Q=3bit_L=lora_2_qkv-fc1-proj-fc2/cifar/20260114184203_default_acc=53.50/tensorboard/Grad_qkv.lora_B_block_0/events.out.tfevents.1768387346.master-192-168-8-48.1680.2,qkv.lora_B,0
1768388720.6762486,2378,74.34375,0.18568216264247894,Grad/qkv.lora_B,outputs_dev/vitb16/T=vtab_Q=3bit_L=lora_2_qkv-fc1-proj-fc2/cifar/20260114184203_default_acc=53.50/tensorboard/Grad_qkv.lora_B_block_0/events.out.tfevents.1768387346.master-192-168-8-48.1680.2,qkv.lora_B,0
1768388721.0894632,2379,74.375,0.1295909285545349,Grad/qkv.lora_B,outputs_dev/vitb16/T=vtab_Q=3bit_L=lora_2_qkv-fc1-proj-fc2/cifar/20260114184203_default_acc=53.50/tensorboard/Grad_qkv.lora_B_block_0/events.out.tfevents.1768387346.master-192-168-8-48.1680.2,qkv.lora_B,0
1768388721.474058,2380,74.40625,0.036103468388319016,Grad/qkv.lora_B,outputs_dev/vitb16/T=vtab_Q=3bit_L=lora_2_qkv-fc1-proj-fc2/cifar/20260114184203_default_acc=53.50/tensorboard/Grad_qkv.lora_B_block_0/events.out.tfevents.1768387346.master-192-168-8-48.1680.2,qkv.lora_B,0
1768388721.8807788,2381,74.4375,0.027952073141932487,Grad/qkv.lora_B,outputs_dev/vitb16/T=vtab_Q=3bit_L=lora_2_qkv-fc1-proj-fc2/cifar/20260114184203_default_acc=53.50/tensorboard/Grad_qkv.lora_B_block_0/events.out.tfevents.1768387346.master-192-168-8-48.1680.2,qkv.lora_B,0
1768388722.290196,2382,74.46875,0.025939349085092545,Grad/qkv.lora_B,outputs_dev/vitb16/T=vtab_Q=3bit_L=lora_2_qkv-fc1-proj-fc2/cifar/20260114184203_default_acc=53.50/tensorboard/Grad_qkv.lora_B_block_0/events.out.tfevents.1768387346.master-192-168-8-48.1680.2,qkv.lora_B,0
1768388722.695254,2383,74.5,0.07051476836204529,Grad/qkv.lora_B,outputs_dev/vitb16/T=vtab_Q=3bit_L=lora_2_qkv-fc1-proj-fc2/cifar/20260114184203_default_acc=53.50/tensorboard/Grad_qkv.lora_B_block_0/events.out.tfevents.1768387346.master-192-168-8-48.1680.2,qkv.lora_B,0
1768388723.1004317,2384,74.53125,0.028663665056228638,Grad/qkv.lora_B,outputs_dev/vitb16/T=vtab_Q=3bit_L=lora_2_qkv-fc1-proj-fc2/cifar/20260114184203_default_acc=53.50/tensorboard/Grad_qkv.lora_B_block_0/events.out.tfevents.1768387346.master-192-168-8-48.1680.2,qkv.lora_B,0
1768388723.4838927,2385,74.5625,0.18190909922122955,Grad/qkv.lora_B,outputs_dev/vitb16/T=vtab_Q=3bit_L=lora_2_qkv-fc1-proj-fc2/cifar/20260114184203_default_acc=53.50/tensorboard/Grad_qkv.lora_B_block_0/events.out.tfevents.1768387346.master-192-168-8-48.1680.2,qkv.lora_B,0
1768388723.8749433,2386,74.59375,0.022392047569155693,Grad/qkv.lora_B,outputs_dev/vitb16/T=vtab_Q=3bit_L=lora_2_qkv-fc1-proj-fc2/cifar/20260114184203_default_acc=53.50/tensorboard/Grad_qkv.lora_B_block_0/events.out.tfevents.1768387346.master-192-168-8-48.1680.2,qkv.lora_B,0
1768388724.283129,2387,74.625,0.023496512323617935,Grad/qkv.lora_B,outputs_dev/vitb16/T=vtab_Q=3bit_L=lora_2_qkv-fc1-proj-fc2/cifar/20260114184203_default_acc=53.50/tensorboard/Grad_qkv.lora_B_block_0/events.out.tfevents.1768387346.master-192-168-8-48.1680.2,qkv.lora_B,0
1768388724.6736479,2388,74.65625,0.0295077133923769,Grad/qkv.lora_B,outputs_dev/vitb16/T=vtab_Q=3bit_L=lora_2_qkv-fc1-proj-fc2/cifar/20260114184203_default_acc=53.50/tensorboard/Grad_qkv.lora_B_block_0/events.out.tfevents.1768387346.master-192-168-8-48.1680.2,qkv.lora_B,0
1768388725.0751052,2389,74.6875,0.051709193736314774,Grad/qkv.lora_B,outputs_dev/vitb16/T=vtab_Q=3bit_L=lora_2_qkv-fc1-proj-fc2/cifar/20260114184203_default_acc=53.50/tensorboard/Grad_qkv.lora_B_block_0/events.out.tfevents.1768387346.master-192-168-8-48.1680.2,qkv.lora_B,0
1768388725.4804182,2390,74.71875,0.07366809993982315,Grad/qkv.lora_B,outputs_dev/vitb16/T=vtab_Q=3bit_L=lora_2_qkv-fc1-proj-fc2/cifar/20260114184203_default_acc=53.50/tensorboard/Grad_qkv.lora_B_block_0/events.out.tfevents.1768387346.master-192-168-8-48.1680.2,qkv.lora_B,0
1768388725.888171,2391,74.75,0.031214211136102676,Grad/qkv.lora_B,outputs_dev/vitb16/T=vtab_Q=3bit_L=lora_2_qkv-fc1-proj-fc2/cifar/20260114184203_default_acc=53.50/tensorboard/Grad_qkv.lora_B_block_0/events.out.tfevents.1768387346.master-192-168-8-48.1680.2,qkv.lora_B,0
1768388726.286128,2392,74.78125,0.10253938287496567,Grad/qkv.lora_B,outputs_dev/vitb16/T=vtab_Q=3bit_L=lora_2_qkv-fc1-proj-fc2/cifar/20260114184203_default_acc=53.50/tensorboard/Grad_qkv.lora_B_block_0/events.out.tfevents.1768387346.master-192-168-8-48.1680.2,qkv.lora_B,0
1768388726.7255998,2393,74.8125,0.023161541670560837,Grad/qkv.lora_B,outputs_dev/vitb16/T=vtab_Q=3bit_L=lora_2_qkv-fc1-proj-fc2/cifar/20260114184203_default_acc=53.50/tensorboard/Grad_qkv.lora_B_block_0/events.out.tfevents.1768387346.master-192-168-8-48.1680.2,qkv.lora_B,0
1768388727.1363137,2394,74.84375,0.05692053213715553,Grad/qkv.lora_B,outputs_dev/vitb16/T=vtab_Q=3bit_L=lora_2_qkv-fc1-proj-fc2/cifar/20260114184203_default_acc=53.50/tensorboard/Grad_qkv.lora_B_block_0/events.out.tfevents.1768387346.master-192-168-8-48.1680.2,qkv.lora_B,0
1768388727.5369825,2395,74.875,0.05950342118740082,Grad/qkv.lora_B,outputs_dev/vitb16/T=vtab_Q=3bit_L=lora_2_qkv-fc1-proj-fc2/cifar/20260114184203_default_acc=53.50/tensorboard/Grad_qkv.lora_B_block_0/events.out.tfevents.1768387346.master-192-168-8-48.1680.2,qkv.lora_B,0
1768388727.9828842,2396,74.90625,0.04229110851883888,Grad/qkv.lora_B,outputs_dev/vitb16/T=vtab_Q=3bit_L=lora_2_qkv-fc1-proj-fc2/cifar/20260114184203_default_acc=53.50/tensorboard/Grad_qkv.lora_B_block_0/events.out.tfevents.1768387346.master-192-168-8-48.1680.2,qkv.lora_B,0
1768388728.4527583,2397,74.9375,0.0876932442188263,Grad/qkv.lora_B,outputs_dev/vitb16/T=vtab_Q=3bit_L=lora_2_qkv-fc1-proj-fc2/cifar/20260114184203_default_acc=53.50/tensorboard/Grad_qkv.lora_B_block_0/events.out.tfevents.1768387346.master-192-168-8-48.1680.2,qkv.lora_B,0
1768388728.9546347,2398,74.96875,0.06624379754066467,Grad/qkv.lora_B,outputs_dev/vitb16/T=vtab_Q=3bit_L=lora_2_qkv-fc1-proj-fc2/cifar/20260114184203_default_acc=53.50/tensorboard/Grad_qkv.lora_B_block_0/events.out.tfevents.1768387346.master-192-168-8-48.1680.2,qkv.lora_B,0
1768388729.366825,2399,75.0,1.4298386573791504,Grad/qkv.lora_B,outputs_dev/vitb16/T=vtab_Q=3bit_L=lora_2_qkv-fc1-proj-fc2/cifar/20260114184203_default_acc=53.50/tensorboard/Grad_qkv.lora_B_block_0/events.out.tfevents.1768387346.master-192-168-8-48.1680.2,qkv.lora_B,0
1768388730.2443025,2400,75.03125,0.05471789091825485,Grad/qkv.lora_B,outputs_dev/vitb16/T=vtab_Q=3bit_L=lora_2_qkv-fc1-proj-fc2/cifar/20260114184203_default_acc=53.50/tensorboard/Grad_qkv.lora_B_block_0/events.out.tfevents.1768387346.master-192-168-8-48.1680.2,qkv.lora_B,0
1768388730.7182336,2401,75.0625,0.11280990391969681,Grad/qkv.lora_B,outputs_dev/vitb16/T=vtab_Q=3bit_L=lora_2_qkv-fc1-proj-fc2/cifar/20260114184203_default_acc=53.50/tensorboard/Grad_qkv.lora_B_block_0/events.out.tfevents.1768387346.master-192-168-8-48.1680.2,qkv.lora_B,0
1768388731.1193643,2402,75.09375,0.05210644379258156,Grad/qkv.lora_B,outputs_dev/vitb16/T=vtab_Q=3bit_L=lora_2_qkv-fc1-proj-fc2/cifar/20260114184203_default_acc=53.50/tensorboard/Grad_qkv.lora_B_block_0/events.out.tfevents.1768387346.master-192-168-8-48.1680.2,qkv.lora_B,0
1768388731.61415,2403,75.125,0.20914018154144287,Grad/qkv.lora_B,outputs_dev/vitb16/T=vtab_Q=3bit_L=lora_2_qkv-fc1-proj-fc2/cifar/20260114184203_default_acc=53.50/tensorboard/Grad_qkv.lora_B_block_0/events.out.tfevents.1768387346.master-192-168-8-48.1680.2,qkv.lora_B,0
1768388732.031253,2404,75.15625,0.05536280944943428,Grad/qkv.lora_B,outputs_dev/vitb16/T=vtab_Q=3bit_L=lora_2_qkv-fc1-proj-fc2/cifar/20260114184203_default_acc=53.50/tensorboard/Grad_qkv.lora_B_block_0/events.out.tfevents.1768387346.master-192-168-8-48.1680.2,qkv.lora_B,0
1768388732.4294336,2405,75.1875,0.09668571501970291,Grad/qkv.lora_B,outputs_dev/vitb16/T=vtab_Q=3bit_L=lora_2_qkv-fc1-proj-fc2/cifar/20260114184203_default_acc=53.50/tensorboard/Grad_qkv.lora_B_block_0/events.out.tfevents.1768387346.master-192-168-8-48.1680.2,qkv.lora_B,0
1768388732.8282678,2406,75.21875,0.0962628647685051,Grad/qkv.lora_B,outputs_dev/vitb16/T=vtab_Q=3bit_L=lora_2_qkv-fc1-proj-fc2/cifar/20260114184203_default_acc=53.50/tensorboard/Grad_qkv.lora_B_block_0/events.out.tfevents.1768387346.master-192-168-8-48.1680.2,qkv.lora_B,0
1768388733.2299006,2407,75.25,0.02260598912835121,Grad/qkv.lora_B,outputs_dev/vitb16/T=vtab_Q=3bit_L=lora_2_qkv-fc1-proj-fc2/cifar/20260114184203_default_acc=53.50/tensorboard/Grad_qkv.lora_B_block_0/events.out.tfevents.1768387346.master-192-168-8-48.1680.2,qkv.lora_B,0
1768388733.6450691,2408,75.28125,0.03800962492823601,Grad/qkv.lora_B,outputs_dev/vitb16/T=vtab_Q=3bit_L=lora_2_qkv-fc1-proj-fc2/cifar/20260114184203_default_acc=53.50/tensorboard/Grad_qkv.lora_B_block_0/events.out.tfevents.1768387346.master-192-168-8-48.1680.2,qkv.lora_B,0
1768388734.0431476,2409,75.3125,0.03783928602933884,Grad/qkv.lora_B,outputs_dev/vitb16/T=vtab_Q=3bit_L=lora_2_qkv-fc1-proj-fc2/cifar/20260114184203_default_acc=53.50/tensorboard/Grad_qkv.lora_B_block_0/events.out.tfevents.1768387346.master-192-168-8-48.1680.2,qkv.lora_B,0
1768388734.4419425,2410,75.34375,0.19600282609462738,Grad/qkv.lora_B,outputs_dev/vitb16/T=vtab_Q=3bit_L=lora_2_qkv-fc1-proj-fc2/cifar/20260114184203_default_acc=53.50/tensorboard/Grad_qkv.lora_B_block_0/events.out.tfevents.1768387346.master-192-168-8-48.1680.2,qkv.lora_B,0
1768388734.8554068,2411,75.375,0.06331124901771545,Grad/qkv.lora_B,outputs_dev/vitb16/T=vtab_Q=3bit_L=lora_2_qkv-fc1-proj-fc2/cifar/20260114184203_default_acc=53.50/tensorboard/Grad_qkv.lora_B_block_0/events.out.tfevents.1768387346.master-192-168-8-48.1680.2,qkv.lora_B,0
1768388735.2526324,2412,75.40625,0.11777312308549881,Grad/qkv.lora_B,outputs_dev/vitb16/T=vtab_Q=3bit_L=lora_2_qkv-fc1-proj-fc2/cifar/20260114184203_default_acc=53.50/tensorboard/Grad_qkv.lora_B_block_0/events.out.tfevents.1768387346.master-192-168-8-48.1680.2,qkv.lora_B,0
1768388735.664164,2413,75.4375,0.11812225729227066,Grad/qkv.lora_B,outputs_dev/vitb16/T=vtab_Q=3bit_L=lora_2_qkv-fc1-proj-fc2/cifar/20260114184203_default_acc=53.50/tensorboard/Grad_qkv.lora_B_block_0/events.out.tfevents.1768387346.master-192-168-8-48.1680.2,qkv.lora_B,0
1768388736.0617108,2414,75.46875,0.06474493443965912,Grad/qkv.lora_B,outputs_dev/vitb16/T=vtab_Q=3bit_L=lora_2_qkv-fc1-proj-fc2/cifar/20260114184203_default_acc=53.50/tensorboard/Grad_qkv.lora_B_block_0/events.out.tfevents.1768387346.master-192-168-8-48.1680.2,qkv.lora_B,0
1768388736.4572144,2415,75.5,0.03820236027240753,Grad/qkv.lora_B,outputs_dev/vitb16/T=vtab_Q=3bit_L=lora_2_qkv-fc1-proj-fc2/cifar/20260114184203_default_acc=53.50/tensorboard/Grad_qkv.lora_B_block_0/events.out.tfevents.1768387346.master-192-168-8-48.1680.2,qkv.lora_B,0
1768388736.8528996,2416,75.53125,0.06601405143737793,Grad/qkv.lora_B,outputs_dev/vitb16/T=vtab_Q=3bit_L=lora_2_qkv-fc1-proj-fc2/cifar/20260114184203_default_acc=53.50/tensorboard/Grad_qkv.lora_B_block_0/events.out.tfevents.1768387346.master-192-168-8-48.1680.2,qkv.lora_B,0
1768388737.2555985,2417,75.5625,0.04112134873867035,Grad/qkv.lora_B,outputs_dev/vitb16/T=vtab_Q=3bit_L=lora_2_qkv-fc1-proj-fc2/cifar/20260114184203_default_acc=53.50/tensorboard/Grad_qkv.lora_B_block_0/events.out.tfevents.1768387346.master-192-168-8-48.1680.2,qkv.lora_B,0
1768388737.6814275,2418,75.59375,0.10419021546840668,Grad/qkv.lora_B,outputs_dev/vitb16/T=vtab_Q=3bit_L=lora_2_qkv-fc1-proj-fc2/cifar/20260114184203_default_acc=53.50/tensorboard/Grad_qkv.lora_B_block_0/events.out.tfevents.1768387346.master-192-168-8-48.1680.2,qkv.lora_B,0
1768388738.0727515,2419,75.625,0.08654621243476868,Grad/qkv.lora_B,outputs_dev/vitb16/T=vtab_Q=3bit_L=lora_2_qkv-fc1-proj-fc2/cifar/20260114184203_default_acc=53.50/tensorboard/Grad_qkv.lora_B_block_0/events.out.tfevents.1768387346.master-192-168-8-48.1680.2,qkv.lora_B,0
1768388738.4595118,2420,75.65625,0.09415880590677261,Grad/qkv.lora_B,outputs_dev/vitb16/T=vtab_Q=3bit_L=lora_2_qkv-fc1-proj-fc2/cifar/20260114184203_default_acc=53.50/tensorboard/Grad_qkv.lora_B_block_0/events.out.tfevents.1768387346.master-192-168-8-48.1680.2,qkv.lora_B,0
1768388738.8844266,2421,75.6875,0.018465779721736908,Grad/qkv.lora_B,outputs_dev/vitb16/T=vtab_Q=3bit_L=lora_2_qkv-fc1-proj-fc2/cifar/20260114184203_default_acc=53.50/tensorboard/Grad_qkv.lora_B_block_0/events.out.tfevents.1768387346.master-192-168-8-48.1680.2,qkv.lora_B,0
1768388739.2779956,2422,75.71875,0.03713647648692131,Grad/qkv.lora_B,outputs_dev/vitb16/T=vtab_Q=3bit_L=lora_2_qkv-fc1-proj-fc2/cifar/20260114184203_default_acc=53.50/tensorboard/Grad_qkv.lora_B_block_0/events.out.tfevents.1768387346.master-192-168-8-48.1680.2,qkv.lora_B,0
1768388739.66997,2423,75.75,0.05582433566451073,Grad/qkv.lora_B,outputs_dev/vitb16/T=vtab_Q=3bit_L=lora_2_qkv-fc1-proj-fc2/cifar/20260114184203_default_acc=53.50/tensorboard/Grad_qkv.lora_B_block_0/events.out.tfevents.1768387346.master-192-168-8-48.1680.2,qkv.lora_B,0
1768388740.0559583,2424,75.78125,0.06307914108037949,Grad/qkv.lora_B,outputs_dev/vitb16/T=vtab_Q=3bit_L=lora_2_qkv-fc1-proj-fc2/cifar/20260114184203_default_acc=53.50/tensorboard/Grad_qkv.lora_B_block_0/events.out.tfevents.1768387346.master-192-168-8-48.1680.2,qkv.lora_B,0
1768388740.4666622,2425,75.8125,0.08905929327011108,Grad/qkv.lora_B,outputs_dev/vitb16/T=vtab_Q=3bit_L=lora_2_qkv-fc1-proj-fc2/cifar/20260114184203_default_acc=53.50/tensorboard/Grad_qkv.lora_B_block_0/events.out.tfevents.1768387346.master-192-168-8-48.1680.2,qkv.lora_B,0
1768388740.8601804,2426,75.84375,0.03464367985725403,Grad/qkv.lora_B,outputs_dev/vitb16/T=vtab_Q=3bit_L=lora_2_qkv-fc1-proj-fc2/cifar/20260114184203_default_acc=53.50/tensorboard/Grad_qkv.lora_B_block_0/events.out.tfevents.1768387346.master-192-168-8-48.1680.2,qkv.lora_B,0
1768388741.2682652,2427,75.875,0.08862140029668808,Grad/qkv.lora_B,outputs_dev/vitb16/T=vtab_Q=3bit_L=lora_2_qkv-fc1-proj-fc2/cifar/20260114184203_default_acc=53.50/tensorboard/Grad_qkv.lora_B_block_0/events.out.tfevents.1768387346.master-192-168-8-48.1680.2,qkv.lora_B,0
1768388741.6747596,2428,75.90625,0.022817958146333694,Grad/qkv.lora_B,outputs_dev/vitb16/T=vtab_Q=3bit_L=lora_2_qkv-fc1-proj-fc2/cifar/20260114184203_default_acc=53.50/tensorboard/Grad_qkv.lora_B_block_0/events.out.tfevents.1768387346.master-192-168-8-48.1680.2,qkv.lora_B,0
1768388742.0655985,2429,75.9375,0.0922204852104187,Grad/qkv.lora_B,outputs_dev/vitb16/T=vtab_Q=3bit_L=lora_2_qkv-fc1-proj-fc2/cifar/20260114184203_default_acc=53.50/tensorboard/Grad_qkv.lora_B_block_0/events.out.tfevents.1768387346.master-192-168-8-48.1680.2,qkv.lora_B,0
1768388742.4555519,2430,75.96875,0.06812164187431335,Grad/qkv.lora_B,outputs_dev/vitb16/T=vtab_Q=3bit_L=lora_2_qkv-fc1-proj-fc2/cifar/20260114184203_default_acc=53.50/tensorboard/Grad_qkv.lora_B_block_0/events.out.tfevents.1768387346.master-192-168-8-48.1680.2,qkv.lora_B,0
1768388742.6509628,2431,76.0,0.029745977371931076,Grad/qkv.lora_B,outputs_dev/vitb16/T=vtab_Q=3bit_L=lora_2_qkv-fc1-proj-fc2/cifar/20260114184203_default_acc=53.50/tensorboard/Grad_qkv.lora_B_block_0/events.out.tfevents.1768387346.master-192-168-8-48.1680.2,qkv.lora_B,0
1768388743.3178174,2432,76.03125,0.08690866827964783,Grad/qkv.lora_B,outputs_dev/vitb16/T=vtab_Q=3bit_L=lora_2_qkv-fc1-proj-fc2/cifar/20260114184203_default_acc=53.50/tensorboard/Grad_qkv.lora_B_block_0/events.out.tfevents.1768387346.master-192-168-8-48.1680.2,qkv.lora_B,0
1768388743.7345698,2433,76.0625,0.12386264652013779,Grad/qkv.lora_B,outputs_dev/vitb16/T=vtab_Q=3bit_L=lora_2_qkv-fc1-proj-fc2/cifar/20260114184203_default_acc=53.50/tensorboard/Grad_qkv.lora_B_block_0/events.out.tfevents.1768387346.master-192-168-8-48.1680.2,qkv.lora_B,0
1768388744.1589854,2434,76.09375,0.05213317647576332,Grad/qkv.lora_B,outputs_dev/vitb16/T=vtab_Q=3bit_L=lora_2_qkv-fc1-proj-fc2/cifar/20260114184203_default_acc=53.50/tensorboard/Grad_qkv.lora_B_block_0/events.out.tfevents.1768387346.master-192-168-8-48.1680.2,qkv.lora_B,0
1768388744.5652676,2435,76.125,0.027735445648431778,Grad/qkv.lora_B,outputs_dev/vitb16/T=vtab_Q=3bit_L=lora_2_qkv-fc1-proj-fc2/cifar/20260114184203_default_acc=53.50/tensorboard/Grad_qkv.lora_B_block_0/events.out.tfevents.1768387346.master-192-168-8-48.1680.2,qkv.lora_B,0
1768388744.9962635,2436,76.15625,0.2755683660507202,Grad/qkv.lora_B,outputs_dev/vitb16/T=vtab_Q=3bit_L=lora_2_qkv-fc1-proj-fc2/cifar/20260114184203_default_acc=53.50/tensorboard/Grad_qkv.lora_B_block_0/events.out.tfevents.1768387346.master-192-168-8-48.1680.2,qkv.lora_B,0
1768388745.418435,2437,76.1875,0.0643799901008606,Grad/qkv.lora_B,outputs_dev/vitb16/T=vtab_Q=3bit_L=lora_2_qkv-fc1-proj-fc2/cifar/20260114184203_default_acc=53.50/tensorboard/Grad_qkv.lora_B_block_0/events.out.tfevents.1768387346.master-192-168-8-48.1680.2,qkv.lora_B,0
1768388745.919032,2438,76.21875,0.01933242194354534,Grad/qkv.lora_B,outputs_dev/vitb16/T=vtab_Q=3bit_L=lora_2_qkv-fc1-proj-fc2/cifar/20260114184203_default_acc=53.50/tensorboard/Grad_qkv.lora_B_block_0/events.out.tfevents.1768387346.master-192-168-8-48.1680.2,qkv.lora_B,0
1768388746.4298751,2439,76.25,0.2197752594947815,Grad/qkv.lora_B,outputs_dev/vitb16/T=vtab_Q=3bit_L=lora_2_qkv-fc1-proj-fc2/cifar/20260114184203_default_acc=53.50/tensorboard/Grad_qkv.lora_B_block_0/events.out.tfevents.1768387346.master-192-168-8-48.1680.2,qkv.lora_B,0
1768388746.8425753,2440,76.28125,0.022402102127671242,Grad/qkv.lora_B,outputs_dev/vitb16/T=vtab_Q=3bit_L=lora_2_qkv-fc1-proj-fc2/cifar/20260114184203_default_acc=53.50/tensorboard/Grad_qkv.lora_B_block_0/events.out.tfevents.1768387346.master-192-168-8-48.1680.2,qkv.lora_B,0
1768388747.2503023,2441,76.3125,0.2613155245780945,Grad/qkv.lora_B,outputs_dev/vitb16/T=vtab_Q=3bit_L=lora_2_qkv-fc1-proj-fc2/cifar/20260114184203_default_acc=53.50/tensorboard/Grad_qkv.lora_B_block_0/events.out.tfevents.1768387346.master-192-168-8-48.1680.2,qkv.lora_B,0
1768388747.6399038,2442,76.34375,0.08500762283802032,Grad/qkv.lora_B,outputs_dev/vitb16/T=vtab_Q=3bit_L=lora_2_qkv-fc1-proj-fc2/cifar/20260114184203_default_acc=53.50/tensorboard/Grad_qkv.lora_B_block_0/events.out.tfevents.1768387346.master-192-168-8-48.1680.2,qkv.lora_B,0
1768388748.0446038,2443,76.375,0.07447733730077744,Grad/qkv.lora_B,outputs_dev/vitb16/T=vtab_Q=3bit_L=lora_2_qkv-fc1-proj-fc2/cifar/20260114184203_default_acc=53.50/tensorboard/Grad_qkv.lora_B_block_0/events.out.tfevents.1768387346.master-192-168-8-48.1680.2,qkv.lora_B,0
1768388748.4332201,2444,76.40625,0.08299458771944046,Grad/qkv.lora_B,outputs_dev/vitb16/T=vtab_Q=3bit_L=lora_2_qkv-fc1-proj-fc2/cifar/20260114184203_default_acc=53.50/tensorboard/Grad_qkv.lora_B_block_0/events.out.tfevents.1768387346.master-192-168-8-48.1680.2,qkv.lora_B,0
1768388748.8377972,2445,76.4375,0.23875539004802704,Grad/qkv.lora_B,outputs_dev/vitb16/T=vtab_Q=3bit_L=lora_2_qkv-fc1-proj-fc2/cifar/20260114184203_default_acc=53.50/tensorboard/Grad_qkv.lora_B_block_0/events.out.tfevents.1768387346.master-192-168-8-48.1680.2,qkv.lora_B,0
1768388749.232542,2446,76.46875,1.1525362730026245,Grad/qkv.lora_B,outputs_dev/vitb16/T=vtab_Q=3bit_L=lora_2_qkv-fc1-proj-fc2/cifar/20260114184203_default_acc=53.50/tensorboard/Grad_qkv.lora_B_block_0/events.out.tfevents.1768387346.master-192-168-8-48.1680.2,qkv.lora_B,0
1768388749.6757634,2447,76.5,0.31413865089416504,Grad/qkv.lora_B,outputs_dev/vitb16/T=vtab_Q=3bit_L=lora_2_qkv-fc1-proj-fc2/cifar/20260114184203_default_acc=53.50/tensorboard/Grad_qkv.lora_B_block_0/events.out.tfevents.1768387346.master-192-168-8-48.1680.2,qkv.lora_B,0
1768388750.0792575,2448,76.53125,0.09270837903022766,Grad/qkv.lora_B,outputs_dev/vitb16/T=vtab_Q=3bit_L=lora_2_qkv-fc1-proj-fc2/cifar/20260114184203_default_acc=53.50/tensorboard/Grad_qkv.lora_B_block_0/events.out.tfevents.1768387346.master-192-168-8-48.1680.2,qkv.lora_B,0
1768388750.4680567,2449,76.5625,0.20249544084072113,Grad/qkv.lora_B,outputs_dev/vitb16/T=vtab_Q=3bit_L=lora_2_qkv-fc1-proj-fc2/cifar/20260114184203_default_acc=53.50/tensorboard/Grad_qkv.lora_B_block_0/events.out.tfevents.1768387346.master-192-168-8-48.1680.2,qkv.lora_B,0
1768388750.8591607,2450,76.59375,0.058700185269117355,Grad/qkv.lora_B,outputs_dev/vitb16/T=vtab_Q=3bit_L=lora_2_qkv-fc1-proj-fc2/cifar/20260114184203_default_acc=53.50/tensorboard/Grad_qkv.lora_B_block_0/events.out.tfevents.1768387346.master-192-168-8-48.1680.2,qkv.lora_B,0
1768388751.263186,2451,76.625,0.019088497385382652,Grad/qkv.lora_B,outputs_dev/vitb16/T=vtab_Q=3bit_L=lora_2_qkv-fc1-proj-fc2/cifar/20260114184203_default_acc=53.50/tensorboard/Grad_qkv.lora_B_block_0/events.out.tfevents.1768387346.master-192-168-8-48.1680.2,qkv.lora_B,0
1768388751.6666849,2452,76.65625,0.1254483461380005,Grad/qkv.lora_B,outputs_dev/vitb16/T=vtab_Q=3bit_L=lora_2_qkv-fc1-proj-fc2/cifar/20260114184203_default_acc=53.50/tensorboard/Grad_qkv.lora_B_block_0/events.out.tfevents.1768387346.master-192-168-8-48.1680.2,qkv.lora_B,0
1768388752.0707335,2453,76.6875,0.33676877617836,Grad/qkv.lora_B,outputs_dev/vitb16/T=vtab_Q=3bit_L=lora_2_qkv-fc1-proj-fc2/cifar/20260114184203_default_acc=53.50/tensorboard/Grad_qkv.lora_B_block_0/events.out.tfevents.1768387346.master-192-168-8-48.1680.2,qkv.lora_B,0
1768388752.4610114,2454,76.71875,0.06343891471624374,Grad/qkv.lora_B,outputs_dev/vitb16/T=vtab_Q=3bit_L=lora_2_qkv-fc1-proj-fc2/cifar/20260114184203_default_acc=53.50/tensorboard/Grad_qkv.lora_B_block_0/events.out.tfevents.1768387346.master-192-168-8-48.1680.2,qkv.lora_B,0
1768388752.8782594,2455,76.75,0.06989443302154541,Grad/qkv.lora_B,outputs_dev/vitb16/T=vtab_Q=3bit_L=lora_2_qkv-fc1-proj-fc2/cifar/20260114184203_default_acc=53.50/tensorboard/Grad_qkv.lora_B_block_0/events.out.tfevents.1768387346.master-192-168-8-48.1680.2,qkv.lora_B,0
1768388753.2838354,2456,76.78125,0.02872600592672825,Grad/qkv.lora_B,outputs_dev/vitb16/T=vtab_Q=3bit_L=lora_2_qkv-fc1-proj-fc2/cifar/20260114184203_default_acc=53.50/tensorboard/Grad_qkv.lora_B_block_0/events.out.tfevents.1768387346.master-192-168-8-48.1680.2,qkv.lora_B,0
1768388753.6895514,2457,76.8125,0.03244875371456146,Grad/qkv.lora_B,outputs_dev/vitb16/T=vtab_Q=3bit_L=lora_2_qkv-fc1-proj-fc2/cifar/20260114184203_default_acc=53.50/tensorboard/Grad_qkv.lora_B_block_0/events.out.tfevents.1768387346.master-192-168-8-48.1680.2,qkv.lora_B,0
1768388754.0943503,2458,76.84375,0.030318481847643852,Grad/qkv.lora_B,outputs_dev/vitb16/T=vtab_Q=3bit_L=lora_2_qkv-fc1-proj-fc2/cifar/20260114184203_default_acc=53.50/tensorboard/Grad_qkv.lora_B_block_0/events.out.tfevents.1768387346.master-192-168-8-48.1680.2,qkv.lora_B,0
1768388754.4981208,2459,76.875,0.05169983208179474,Grad/qkv.lora_B,outputs_dev/vitb16/T=vtab_Q=3bit_L=lora_2_qkv-fc1-proj-fc2/cifar/20260114184203_default_acc=53.50/tensorboard/Grad_qkv.lora_B_block_0/events.out.tfevents.1768387346.master-192-168-8-48.1680.2,qkv.lora_B,0
1768388754.888289,2460,76.90625,0.04902886971831322,Grad/qkv.lora_B,outputs_dev/vitb16/T=vtab_Q=3bit_L=lora_2_qkv-fc1-proj-fc2/cifar/20260114184203_default_acc=53.50/tensorboard/Grad_qkv.lora_B_block_0/events.out.tfevents.1768387346.master-192-168-8-48.1680.2,qkv.lora_B,0
1768388755.2787569,2461,76.9375,0.026460889726877213,Grad/qkv.lora_B,outputs_dev/vitb16/T=vtab_Q=3bit_L=lora_2_qkv-fc1-proj-fc2/cifar/20260114184203_default_acc=53.50/tensorboard/Grad_qkv.lora_B_block_0/events.out.tfevents.1768387346.master-192-168-8-48.1680.2,qkv.lora_B,0
1768388755.6821468,2462,76.96875,0.1127772107720375,Grad/qkv.lora_B,outputs_dev/vitb16/T=vtab_Q=3bit_L=lora_2_qkv-fc1-proj-fc2/cifar/20260114184203_default_acc=53.50/tensorboard/Grad_qkv.lora_B_block_0/events.out.tfevents.1768387346.master-192-168-8-48.1680.2,qkv.lora_B,0
1768388755.8888564,2463,77.0,0.10680852830410004,Grad/qkv.lora_B,outputs_dev/vitb16/T=vtab_Q=3bit_L=lora_2_qkv-fc1-proj-fc2/cifar/20260114184203_default_acc=53.50/tensorboard/Grad_qkv.lora_B_block_0/events.out.tfevents.1768387346.master-192-168-8-48.1680.2,qkv.lora_B,0
1768388756.5586243,2464,77.03125,0.03179609775543213,Grad/qkv.lora_B,outputs_dev/vitb16/T=vtab_Q=3bit_L=lora_2_qkv-fc1-proj-fc2/cifar/20260114184203_default_acc=53.50/tensorboard/Grad_qkv.lora_B_block_0/events.out.tfevents.1768387346.master-192-168-8-48.1680.2,qkv.lora_B,0
1768388756.968416,2465,77.0625,0.0326976552605629,Grad/qkv.lora_B,outputs_dev/vitb16/T=vtab_Q=3bit_L=lora_2_qkv-fc1-proj-fc2/cifar/20260114184203_default_acc=53.50/tensorboard/Grad_qkv.lora_B_block_0/events.out.tfevents.1768387346.master-192-168-8-48.1680.2,qkv.lora_B,0
1768388757.3610718,2466,77.09375,0.027330772951245308,Grad/qkv.lora_B,outputs_dev/vitb16/T=vtab_Q=3bit_L=lora_2_qkv-fc1-proj-fc2/cifar/20260114184203_default_acc=53.50/tensorboard/Grad_qkv.lora_B_block_0/events.out.tfevents.1768387346.master-192-168-8-48.1680.2,qkv.lora_B,0
1768388757.755578,2467,77.125,0.05671784281730652,Grad/qkv.lora_B,outputs_dev/vitb16/T=vtab_Q=3bit_L=lora_2_qkv-fc1-proj-fc2/cifar/20260114184203_default_acc=53.50/tensorboard/Grad_qkv.lora_B_block_0/events.out.tfevents.1768387346.master-192-168-8-48.1680.2,qkv.lora_B,0
1768388758.1658993,2468,77.15625,0.016763364896178246,Grad/qkv.lora_B,outputs_dev/vitb16/T=vtab_Q=3bit_L=lora_2_qkv-fc1-proj-fc2/cifar/20260114184203_default_acc=53.50/tensorboard/Grad_qkv.lora_B_block_0/events.out.tfevents.1768387346.master-192-168-8-48.1680.2,qkv.lora_B,0
1768388758.5677605,2469,77.1875,0.05828668177127838,Grad/qkv.lora_B,outputs_dev/vitb16/T=vtab_Q=3bit_L=lora_2_qkv-fc1-proj-fc2/cifar/20260114184203_default_acc=53.50/tensorboard/Grad_qkv.lora_B_block_0/events.out.tfevents.1768387346.master-192-168-8-48.1680.2,qkv.lora_B,0
1768388758.9650965,2470,77.21875,0.1015278622508049,Grad/qkv.lora_B,outputs_dev/vitb16/T=vtab_Q=3bit_L=lora_2_qkv-fc1-proj-fc2/cifar/20260114184203_default_acc=53.50/tensorboard/Grad_qkv.lora_B_block_0/events.out.tfevents.1768387346.master-192-168-8-48.1680.2,qkv.lora_B,0
1768388759.3569827,2471,77.25,0.03605211526155472,Grad/qkv.lora_B,outputs_dev/vitb16/T=vtab_Q=3bit_L=lora_2_qkv-fc1-proj-fc2/cifar/20260114184203_default_acc=53.50/tensorboard/Grad_qkv.lora_B_block_0/events.out.tfevents.1768387346.master-192-168-8-48.1680.2,qkv.lora_B,0
1768388759.7479632,2472,77.28125,0.07036345452070236,Grad/qkv.lora_B,outputs_dev/vitb16/T=vtab_Q=3bit_L=lora_2_qkv-fc1-proj-fc2/cifar/20260114184203_default_acc=53.50/tensorboard/Grad_qkv.lora_B_block_0/events.out.tfevents.1768387346.master-192-168-8-48.1680.2,qkv.lora_B,0
1768388760.1418958,2473,77.3125,0.10433334112167358,Grad/qkv.lora_B,outputs_dev/vitb16/T=vtab_Q=3bit_L=lora_2_qkv-fc1-proj-fc2/cifar/20260114184203_default_acc=53.50/tensorboard/Grad_qkv.lora_B_block_0/events.out.tfevents.1768387346.master-192-168-8-48.1680.2,qkv.lora_B,0
1768388760.5328848,2474,77.34375,0.09083958715200424,Grad/qkv.lora_B,outputs_dev/vitb16/T=vtab_Q=3bit_L=lora_2_qkv-fc1-proj-fc2/cifar/20260114184203_default_acc=53.50/tensorboard/Grad_qkv.lora_B_block_0/events.out.tfevents.1768387346.master-192-168-8-48.1680.2,qkv.lora_B,0
1768388760.9274087,2475,77.375,0.03366658091545105,Grad/qkv.lora_B,outputs_dev/vitb16/T=vtab_Q=3bit_L=lora_2_qkv-fc1-proj-fc2/cifar/20260114184203_default_acc=53.50/tensorboard/Grad_qkv.lora_B_block_0/events.out.tfevents.1768387346.master-192-168-8-48.1680.2,qkv.lora_B,0
1768388761.320486,2476,77.40625,0.17254656553268433,Grad/qkv.lora_B,outputs_dev/vitb16/T=vtab_Q=3bit_L=lora_2_qkv-fc1-proj-fc2/cifar/20260114184203_default_acc=53.50/tensorboard/Grad_qkv.lora_B_block_0/events.out.tfevents.1768387346.master-192-168-8-48.1680.2,qkv.lora_B,0
1768388761.7142513,2477,77.4375,0.24072758853435516,Grad/qkv.lora_B,outputs_dev/vitb16/T=vtab_Q=3bit_L=lora_2_qkv-fc1-proj-fc2/cifar/20260114184203_default_acc=53.50/tensorboard/Grad_qkv.lora_B_block_0/events.out.tfevents.1768387346.master-192-168-8-48.1680.2,qkv.lora_B,0
1768388762.10849,2478,77.46875,0.029837368056178093,Grad/qkv.lora_B,outputs_dev/vitb16/T=vtab_Q=3bit_L=lora_2_qkv-fc1-proj-fc2/cifar/20260114184203_default_acc=53.50/tensorboard/Grad_qkv.lora_B_block_0/events.out.tfevents.1768387346.master-192-168-8-48.1680.2,qkv.lora_B,0
1768388762.5000865,2479,77.5,0.1660463511943817,Grad/qkv.lora_B,outputs_dev/vitb16/T=vtab_Q=3bit_L=lora_2_qkv-fc1-proj-fc2/cifar/20260114184203_default_acc=53.50/tensorboard/Grad_qkv.lora_B_block_0/events.out.tfevents.1768387346.master-192-168-8-48.1680.2,qkv.lora_B,0
1768388762.8908627,2480,77.53125,0.013000179082155228,Grad/qkv.lora_B,outputs_dev/vitb16/T=vtab_Q=3bit_L=lora_2_qkv-fc1-proj-fc2/cifar/20260114184203_default_acc=53.50/tensorboard/Grad_qkv.lora_B_block_0/events.out.tfevents.1768387346.master-192-168-8-48.1680.2,qkv.lora_B,0
1768388763.281896,2481,77.5625,0.05831998959183693,Grad/qkv.lora_B,outputs_dev/vitb16/T=vtab_Q=3bit_L=lora_2_qkv-fc1-proj-fc2/cifar/20260114184203_default_acc=53.50/tensorboard/Grad_qkv.lora_B_block_0/events.out.tfevents.1768387346.master-192-168-8-48.1680.2,qkv.lora_B,0
1768388763.675484,2482,77.59375,0.2215321660041809,Grad/qkv.lora_B,outputs_dev/vitb16/T=vtab_Q=3bit_L=lora_2_qkv-fc1-proj-fc2/cifar/20260114184203_default_acc=53.50/tensorboard/Grad_qkv.lora_B_block_0/events.out.tfevents.1768387346.master-192-168-8-48.1680.2,qkv.lora_B,0
1768388764.0660703,2483,77.625,0.07555045187473297,Grad/qkv.lora_B,outputs_dev/vitb16/T=vtab_Q=3bit_L=lora_2_qkv-fc1-proj-fc2/cifar/20260114184203_default_acc=53.50/tensorboard/Grad_qkv.lora_B_block_0/events.out.tfevents.1768387346.master-192-168-8-48.1680.2,qkv.lora_B,0
1768388764.459637,2484,77.65625,0.01588873192667961,Grad/qkv.lora_B,outputs_dev/vitb16/T=vtab_Q=3bit_L=lora_2_qkv-fc1-proj-fc2/cifar/20260114184203_default_acc=53.50/tensorboard/Grad_qkv.lora_B_block_0/events.out.tfevents.1768387346.master-192-168-8-48.1680.2,qkv.lora_B,0
1768388764.8563786,2485,77.6875,0.09552501887083054,Grad/qkv.lora_B,outputs_dev/vitb16/T=vtab_Q=3bit_L=lora_2_qkv-fc1-proj-fc2/cifar/20260114184203_default_acc=53.50/tensorboard/Grad_qkv.lora_B_block_0/events.out.tfevents.1768387346.master-192-168-8-48.1680.2,qkv.lora_B,0
1768388765.272079,2486,77.71875,0.016940394416451454,Grad/qkv.lora_B,outputs_dev/vitb16/T=vtab_Q=3bit_L=lora_2_qkv-fc1-proj-fc2/cifar/20260114184203_default_acc=53.50/tensorboard/Grad_qkv.lora_B_block_0/events.out.tfevents.1768387346.master-192-168-8-48.1680.2,qkv.lora_B,0
1768388765.6741917,2487,77.75,0.09991862624883652,Grad/qkv.lora_B,outputs_dev/vitb16/T=vtab_Q=3bit_L=lora_2_qkv-fc1-proj-fc2/cifar/20260114184203_default_acc=53.50/tensorboard/Grad_qkv.lora_B_block_0/events.out.tfevents.1768387346.master-192-168-8-48.1680.2,qkv.lora_B,0
1768388766.0823193,2488,77.78125,0.15204255282878876,Grad/qkv.lora_B,outputs_dev/vitb16/T=vtab_Q=3bit_L=lora_2_qkv-fc1-proj-fc2/cifar/20260114184203_default_acc=53.50/tensorboard/Grad_qkv.lora_B_block_0/events.out.tfevents.1768387346.master-192-168-8-48.1680.2,qkv.lora_B,0
1768388766.4865305,2489,77.8125,0.1965644210577011,Grad/qkv.lora_B,outputs_dev/vitb16/T=vtab_Q=3bit_L=lora_2_qkv-fc1-proj-fc2/cifar/20260114184203_default_acc=53.50/tensorboard/Grad_qkv.lora_B_block_0/events.out.tfevents.1768387346.master-192-168-8-48.1680.2,qkv.lora_B,0
1768388766.8874345,2490,77.84375,0.10947239398956299,Grad/qkv.lora_B,outputs_dev/vitb16/T=vtab_Q=3bit_L=lora_2_qkv-fc1-proj-fc2/cifar/20260114184203_default_acc=53.50/tensorboard/Grad_qkv.lora_B_block_0/events.out.tfevents.1768387346.master-192-168-8-48.1680.2,qkv.lora_B,0
1768388767.2969887,2491,77.875,0.049577727913856506,Grad/qkv.lora_B,outputs_dev/vitb16/T=vtab_Q=3bit_L=lora_2_qkv-fc1-proj-fc2/cifar/20260114184203_default_acc=53.50/tensorboard/Grad_qkv.lora_B_block_0/events.out.tfevents.1768387346.master-192-168-8-48.1680.2,qkv.lora_B,0
1768388767.6953306,2492,77.90625,0.02957713045179844,Grad/qkv.lora_B,outputs_dev/vitb16/T=vtab_Q=3bit_L=lora_2_qkv-fc1-proj-fc2/cifar/20260114184203_default_acc=53.50/tensorboard/Grad_qkv.lora_B_block_0/events.out.tfevents.1768387346.master-192-168-8-48.1680.2,qkv.lora_B,0
1768388768.09458,2493,77.9375,0.1607585847377777,Grad/qkv.lora_B,outputs_dev/vitb16/T=vtab_Q=3bit_L=lora_2_qkv-fc1-proj-fc2/cifar/20260114184203_default_acc=53.50/tensorboard/Grad_qkv.lora_B_block_0/events.out.tfevents.1768387346.master-192-168-8-48.1680.2,qkv.lora_B,0
1768388768.5054927,2494,77.96875,0.03840946406126022,Grad/qkv.lora_B,outputs_dev/vitb16/T=vtab_Q=3bit_L=lora_2_qkv-fc1-proj-fc2/cifar/20260114184203_default_acc=53.50/tensorboard/Grad_qkv.lora_B_block_0/events.out.tfevents.1768387346.master-192-168-8-48.1680.2,qkv.lora_B,0
1768388768.7066286,2495,78.0,0.2100333273410797,Grad/qkv.lora_B,outputs_dev/vitb16/T=vtab_Q=3bit_L=lora_2_qkv-fc1-proj-fc2/cifar/20260114184203_default_acc=53.50/tensorboard/Grad_qkv.lora_B_block_0/events.out.tfevents.1768387346.master-192-168-8-48.1680.2,qkv.lora_B,0
1768388769.3436754,2496,78.03125,0.017981981858611107,Grad/qkv.lora_B,outputs_dev/vitb16/T=vtab_Q=3bit_L=lora_2_qkv-fc1-proj-fc2/cifar/20260114184203_default_acc=53.50/tensorboard/Grad_qkv.lora_B_block_0/events.out.tfevents.1768387346.master-192-168-8-48.1680.2,qkv.lora_B,0
1768388769.7543397,2497,78.0625,0.13497760891914368,Grad/qkv.lora_B,outputs_dev/vitb16/T=vtab_Q=3bit_L=lora_2_qkv-fc1-proj-fc2/cifar/20260114184203_default_acc=53.50/tensorboard/Grad_qkv.lora_B_block_0/events.out.tfevents.1768387346.master-192-168-8-48.1680.2,qkv.lora_B,0
1768388770.1477144,2498,78.09375,0.027476856485009193,Grad/qkv.lora_B,outputs_dev/vitb16/T=vtab_Q=3bit_L=lora_2_qkv-fc1-proj-fc2/cifar/20260114184203_default_acc=53.50/tensorboard/Grad_qkv.lora_B_block_0/events.out.tfevents.1768387346.master-192-168-8-48.1680.2,qkv.lora_B,0
1768388770.5440876,2499,78.125,0.04015855863690376,Grad/qkv.lora_B,outputs_dev/vitb16/T=vtab_Q=3bit_L=lora_2_qkv-fc1-proj-fc2/cifar/20260114184203_default_acc=53.50/tensorboard/Grad_qkv.lora_B_block_0/events.out.tfevents.1768387346.master-192-168-8-48.1680.2,qkv.lora_B,0
1768388770.9221153,2500,78.15625,0.03009824827313423,Grad/qkv.lora_B,outputs_dev/vitb16/T=vtab_Q=3bit_L=lora_2_qkv-fc1-proj-fc2/cifar/20260114184203_default_acc=53.50/tensorboard/Grad_qkv.lora_B_block_0/events.out.tfevents.1768387346.master-192-168-8-48.1680.2,qkv.lora_B,0
1768388771.3151383,2501,78.1875,0.01908957026898861,Grad/qkv.lora_B,outputs_dev/vitb16/T=vtab_Q=3bit_L=lora_2_qkv-fc1-proj-fc2/cifar/20260114184203_default_acc=53.50/tensorboard/Grad_qkv.lora_B_block_0/events.out.tfevents.1768387346.master-192-168-8-48.1680.2,qkv.lora_B,0
1768388771.7084718,2502,78.21875,0.054603952914476395,Grad/qkv.lora_B,outputs_dev/vitb16/T=vtab_Q=3bit_L=lora_2_qkv-fc1-proj-fc2/cifar/20260114184203_default_acc=53.50/tensorboard/Grad_qkv.lora_B_block_0/events.out.tfevents.1768387346.master-192-168-8-48.1680.2,qkv.lora_B,0
1768388772.0989454,2503,78.25,0.23747281730175018,Grad/qkv.lora_B,outputs_dev/vitb16/T=vtab_Q=3bit_L=lora_2_qkv-fc1-proj-fc2/cifar/20260114184203_default_acc=53.50/tensorboard/Grad_qkv.lora_B_block_0/events.out.tfevents.1768387346.master-192-168-8-48.1680.2,qkv.lora_B,0
1768388772.4908674,2504,78.28125,0.02042405679821968,Grad/qkv.lora_B,outputs_dev/vitb16/T=vtab_Q=3bit_L=lora_2_qkv-fc1-proj-fc2/cifar/20260114184203_default_acc=53.50/tensorboard/Grad_qkv.lora_B_block_0/events.out.tfevents.1768387346.master-192-168-8-48.1680.2,qkv.lora_B,0
1768388772.8867605,2505,78.3125,0.07025918364524841,Grad/qkv.lora_B,outputs_dev/vitb16/T=vtab_Q=3bit_L=lora_2_qkv-fc1-proj-fc2/cifar/20260114184203_default_acc=53.50/tensorboard/Grad_qkv.lora_B_block_0/events.out.tfevents.1768387346.master-192-168-8-48.1680.2,qkv.lora_B,0
1768388773.311528,2506,78.34375,0.0310108233243227,Grad/qkv.lora_B,outputs_dev/vitb16/T=vtab_Q=3bit_L=lora_2_qkv-fc1-proj-fc2/cifar/20260114184203_default_acc=53.50/tensorboard/Grad_qkv.lora_B_block_0/events.out.tfevents.1768387346.master-192-168-8-48.1680.2,qkv.lora_B,0
1768388773.7031868,2507,78.375,0.02936914563179016,Grad/qkv.lora_B,outputs_dev/vitb16/T=vtab_Q=3bit_L=lora_2_qkv-fc1-proj-fc2/cifar/20260114184203_default_acc=53.50/tensorboard/Grad_qkv.lora_B_block_0/events.out.tfevents.1768387346.master-192-168-8-48.1680.2,qkv.lora_B,0
1768388774.0932183,2508,78.40625,0.05484863370656967,Grad/qkv.lora_B,outputs_dev/vitb16/T=vtab_Q=3bit_L=lora_2_qkv-fc1-proj-fc2/cifar/20260114184203_default_acc=53.50/tensorboard/Grad_qkv.lora_B_block_0/events.out.tfevents.1768387346.master-192-168-8-48.1680.2,qkv.lora_B,0
1768388774.4833293,2509,78.4375,0.07824146747589111,Grad/qkv.lora_B,outputs_dev/vitb16/T=vtab_Q=3bit_L=lora_2_qkv-fc1-proj-fc2/cifar/20260114184203_default_acc=53.50/tensorboard/Grad_qkv.lora_B_block_0/events.out.tfevents.1768387346.master-192-168-8-48.1680.2,qkv.lora_B,0
1768388774.8931623,2510,78.46875,0.10592058300971985,Grad/qkv.lora_B,outputs_dev/vitb16/T=vtab_Q=3bit_L=lora_2_qkv-fc1-proj-fc2/cifar/20260114184203_default_acc=53.50/tensorboard/Grad_qkv.lora_B_block_0/events.out.tfevents.1768387346.master-192-168-8-48.1680.2,qkv.lora_B,0
1768388775.2887897,2511,78.5,0.2739618718624115,Grad/qkv.lora_B,outputs_dev/vitb16/T=vtab_Q=3bit_L=lora_2_qkv-fc1-proj-fc2/cifar/20260114184203_default_acc=53.50/tensorboard/Grad_qkv.lora_B_block_0/events.out.tfevents.1768387346.master-192-168-8-48.1680.2,qkv.lora_B,0
1768388775.6854224,2512,78.53125,0.056600138545036316,Grad/qkv.lora_B,outputs_dev/vitb16/T=vtab_Q=3bit_L=lora_2_qkv-fc1-proj-fc2/cifar/20260114184203_default_acc=53.50/tensorboard/Grad_qkv.lora_B_block_0/events.out.tfevents.1768387346.master-192-168-8-48.1680.2,qkv.lora_B,0
1768388776.0807865,2513,78.5625,0.10781686753034592,Grad/qkv.lora_B,outputs_dev/vitb16/T=vtab_Q=3bit_L=lora_2_qkv-fc1-proj-fc2/cifar/20260114184203_default_acc=53.50/tensorboard/Grad_qkv.lora_B_block_0/events.out.tfevents.1768387346.master-192-168-8-48.1680.2,qkv.lora_B,0
1768388776.480395,2514,78.59375,0.034960146993398666,Grad/qkv.lora_B,outputs_dev/vitb16/T=vtab_Q=3bit_L=lora_2_qkv-fc1-proj-fc2/cifar/20260114184203_default_acc=53.50/tensorboard/Grad_qkv.lora_B_block_0/events.out.tfevents.1768387346.master-192-168-8-48.1680.2,qkv.lora_B,0
1768388776.8847666,2515,78.625,0.038136765360832214,Grad/qkv.lora_B,outputs_dev/vitb16/T=vtab_Q=3bit_L=lora_2_qkv-fc1-proj-fc2/cifar/20260114184203_default_acc=53.50/tensorboard/Grad_qkv.lora_B_block_0/events.out.tfevents.1768387346.master-192-168-8-48.1680.2,qkv.lora_B,0
1768388777.3003614,2516,78.65625,0.04056346043944359,Grad/qkv.lora_B,outputs_dev/vitb16/T=vtab_Q=3bit_L=lora_2_qkv-fc1-proj-fc2/cifar/20260114184203_default_acc=53.50/tensorboard/Grad_qkv.lora_B_block_0/events.out.tfevents.1768387346.master-192-168-8-48.1680.2,qkv.lora_B,0
1768388777.6989374,2517,78.6875,0.027789190411567688,Grad/qkv.lora_B,outputs_dev/vitb16/T=vtab_Q=3bit_L=lora_2_qkv-fc1-proj-fc2/cifar/20260114184203_default_acc=53.50/tensorboard/Grad_qkv.lora_B_block_0/events.out.tfevents.1768387346.master-192-168-8-48.1680.2,qkv.lora_B,0
1768388778.0941525,2518,78.71875,0.09195464849472046,Grad/qkv.lora_B,outputs_dev/vitb16/T=vtab_Q=3bit_L=lora_2_qkv-fc1-proj-fc2/cifar/20260114184203_default_acc=53.50/tensorboard/Grad_qkv.lora_B_block_0/events.out.tfevents.1768387346.master-192-168-8-48.1680.2,qkv.lora_B,0
1768388778.4904659,2519,78.75,0.02447470836341381,Grad/qkv.lora_B,outputs_dev/vitb16/T=vtab_Q=3bit_L=lora_2_qkv-fc1-proj-fc2/cifar/20260114184203_default_acc=53.50/tensorboard/Grad_qkv.lora_B_block_0/events.out.tfevents.1768387346.master-192-168-8-48.1680.2,qkv.lora_B,0
1768388778.8823037,2520,78.78125,0.04750772565603256,Grad/qkv.lora_B,outputs_dev/vitb16/T=vtab_Q=3bit_L=lora_2_qkv-fc1-proj-fc2/cifar/20260114184203_default_acc=53.50/tensorboard/Grad_qkv.lora_B_block_0/events.out.tfevents.1768387346.master-192-168-8-48.1680.2,qkv.lora_B,0
1768388779.2776756,2521,78.8125,0.020057715475559235,Grad/qkv.lora_B,outputs_dev/vitb16/T=vtab_Q=3bit_L=lora_2_qkv-fc1-proj-fc2/cifar/20260114184203_default_acc=53.50/tensorboard/Grad_qkv.lora_B_block_0/events.out.tfevents.1768387346.master-192-168-8-48.1680.2,qkv.lora_B,0
1768388779.677982,2522,78.84375,0.033180903643369675,Grad/qkv.lora_B,outputs_dev/vitb16/T=vtab_Q=3bit_L=lora_2_qkv-fc1-proj-fc2/cifar/20260114184203_default_acc=53.50/tensorboard/Grad_qkv.lora_B_block_0/events.out.tfevents.1768387346.master-192-168-8-48.1680.2,qkv.lora_B,0
1768388780.0776098,2523,78.875,0.06331156194210052,Grad/qkv.lora_B,outputs_dev/vitb16/T=vtab_Q=3bit_L=lora_2_qkv-fc1-proj-fc2/cifar/20260114184203_default_acc=53.50/tensorboard/Grad_qkv.lora_B_block_0/events.out.tfevents.1768387346.master-192-168-8-48.1680.2,qkv.lora_B,0
1768388780.4746065,2524,78.90625,0.09244558960199356,Grad/qkv.lora_B,outputs_dev/vitb16/T=vtab_Q=3bit_L=lora_2_qkv-fc1-proj-fc2/cifar/20260114184203_default_acc=53.50/tensorboard/Grad_qkv.lora_B_block_0/events.out.tfevents.1768387346.master-192-168-8-48.1680.2,qkv.lora_B,0
1768388780.8718264,2525,78.9375,0.04921139031648636,Grad/qkv.lora_B,outputs_dev/vitb16/T=vtab_Q=3bit_L=lora_2_qkv-fc1-proj-fc2/cifar/20260114184203_default_acc=53.50/tensorboard/Grad_qkv.lora_B_block_0/events.out.tfevents.1768387346.master-192-168-8-48.1680.2,qkv.lora_B,0
1768388781.2690043,2526,78.96875,0.021777618676424026,Grad/qkv.lora_B,outputs_dev/vitb16/T=vtab_Q=3bit_L=lora_2_qkv-fc1-proj-fc2/cifar/20260114184203_default_acc=53.50/tensorboard/Grad_qkv.lora_B_block_0/events.out.tfevents.1768387346.master-192-168-8-48.1680.2,qkv.lora_B,0
1768388781.4945529,2527,79.0,0.12882979214191437,Grad/qkv.lora_B,outputs_dev/vitb16/T=vtab_Q=3bit_L=lora_2_qkv-fc1-proj-fc2/cifar/20260114184203_default_acc=53.50/tensorboard/Grad_qkv.lora_B_block_0/events.out.tfevents.1768387346.master-192-168-8-48.1680.2,qkv.lora_B,0
1768388782.135301,2528,79.03125,0.04612351953983307,Grad/qkv.lora_B,outputs_dev/vitb16/T=vtab_Q=3bit_L=lora_2_qkv-fc1-proj-fc2/cifar/20260114184203_default_acc=53.50/tensorboard/Grad_qkv.lora_B_block_0/events.out.tfevents.1768387346.master-192-168-8-48.1680.2,qkv.lora_B,0
1768388782.5472767,2529,79.0625,0.022085295990109444,Grad/qkv.lora_B,outputs_dev/vitb16/T=vtab_Q=3bit_L=lora_2_qkv-fc1-proj-fc2/cifar/20260114184203_default_acc=53.50/tensorboard/Grad_qkv.lora_B_block_0/events.out.tfevents.1768387346.master-192-168-8-48.1680.2,qkv.lora_B,0
1768388783.0423381,2530,79.09375,0.01637278124690056,Grad/qkv.lora_B,outputs_dev/vitb16/T=vtab_Q=3bit_L=lora_2_qkv-fc1-proj-fc2/cifar/20260114184203_default_acc=53.50/tensorboard/Grad_qkv.lora_B_block_0/events.out.tfevents.1768387346.master-192-168-8-48.1680.2,qkv.lora_B,0
1768388783.4385643,2531,79.125,0.01819499582052231,Grad/qkv.lora_B,outputs_dev/vitb16/T=vtab_Q=3bit_L=lora_2_qkv-fc1-proj-fc2/cifar/20260114184203_default_acc=53.50/tensorboard/Grad_qkv.lora_B_block_0/events.out.tfevents.1768387346.master-192-168-8-48.1680.2,qkv.lora_B,0
1768388783.8483129,2532,79.15625,0.07412051409482956,Grad/qkv.lora_B,outputs_dev/vitb16/T=vtab_Q=3bit_L=lora_2_qkv-fc1-proj-fc2/cifar/20260114184203_default_acc=53.50/tensorboard/Grad_qkv.lora_B_block_0/events.out.tfevents.1768387346.master-192-168-8-48.1680.2,qkv.lora_B,0
1768388784.2633207,2533,79.1875,0.03292729705572128,Grad/qkv.lora_B,outputs_dev/vitb16/T=vtab_Q=3bit_L=lora_2_qkv-fc1-proj-fc2/cifar/20260114184203_default_acc=53.50/tensorboard/Grad_qkv.lora_B_block_0/events.out.tfevents.1768387346.master-192-168-8-48.1680.2,qkv.lora_B,0
1768388784.662479,2534,79.21875,0.02960772067308426,Grad/qkv.lora_B,outputs_dev/vitb16/T=vtab_Q=3bit_L=lora_2_qkv-fc1-proj-fc2/cifar/20260114184203_default_acc=53.50/tensorboard/Grad_qkv.lora_B_block_0/events.out.tfevents.1768387346.master-192-168-8-48.1680.2,qkv.lora_B,0
1768388785.0467815,2535,79.25,0.04312146082520485,Grad/qkv.lora_B,outputs_dev/vitb16/T=vtab_Q=3bit_L=lora_2_qkv-fc1-proj-fc2/cifar/20260114184203_default_acc=53.50/tensorboard/Grad_qkv.lora_B_block_0/events.out.tfevents.1768387346.master-192-168-8-48.1680.2,qkv.lora_B,0
1768388785.4433165,2536,79.28125,0.12831395864486694,Grad/qkv.lora_B,outputs_dev/vitb16/T=vtab_Q=3bit_L=lora_2_qkv-fc1-proj-fc2/cifar/20260114184203_default_acc=53.50/tensorboard/Grad_qkv.lora_B_block_0/events.out.tfevents.1768387346.master-192-168-8-48.1680.2,qkv.lora_B,0
1768388785.8404992,2537,79.3125,0.03873855993151665,Grad/qkv.lora_B,outputs_dev/vitb16/T=vtab_Q=3bit_L=lora_2_qkv-fc1-proj-fc2/cifar/20260114184203_default_acc=53.50/tensorboard/Grad_qkv.lora_B_block_0/events.out.tfevents.1768387346.master-192-168-8-48.1680.2,qkv.lora_B,0
1768388786.2381258,2538,79.34375,0.0230485238134861,Grad/qkv.lora_B,outputs_dev/vitb16/T=vtab_Q=3bit_L=lora_2_qkv-fc1-proj-fc2/cifar/20260114184203_default_acc=53.50/tensorboard/Grad_qkv.lora_B_block_0/events.out.tfevents.1768387346.master-192-168-8-48.1680.2,qkv.lora_B,0
1768388786.6550214,2539,79.375,0.03915483132004738,Grad/qkv.lora_B,outputs_dev/vitb16/T=vtab_Q=3bit_L=lora_2_qkv-fc1-proj-fc2/cifar/20260114184203_default_acc=53.50/tensorboard/Grad_qkv.lora_B_block_0/events.out.tfevents.1768387346.master-192-168-8-48.1680.2,qkv.lora_B,0
1768388787.071594,2540,79.40625,0.08080845326185226,Grad/qkv.lora_B,outputs_dev/vitb16/T=vtab_Q=3bit_L=lora_2_qkv-fc1-proj-fc2/cifar/20260114184203_default_acc=53.50/tensorboard/Grad_qkv.lora_B_block_0/events.out.tfevents.1768387346.master-192-168-8-48.1680.2,qkv.lora_B,0
1768388787.483961,2541,79.4375,0.05425684154033661,Grad/qkv.lora_B,outputs_dev/vitb16/T=vtab_Q=3bit_L=lora_2_qkv-fc1-proj-fc2/cifar/20260114184203_default_acc=53.50/tensorboard/Grad_qkv.lora_B_block_0/events.out.tfevents.1768387346.master-192-168-8-48.1680.2,qkv.lora_B,0
1768388787.8955047,2542,79.46875,0.021467238664627075,Grad/qkv.lora_B,outputs_dev/vitb16/T=vtab_Q=3bit_L=lora_2_qkv-fc1-proj-fc2/cifar/20260114184203_default_acc=53.50/tensorboard/Grad_qkv.lora_B_block_0/events.out.tfevents.1768387346.master-192-168-8-48.1680.2,qkv.lora_B,0
1768388788.275765,2543,79.5,0.4163917303085327,Grad/qkv.lora_B,outputs_dev/vitb16/T=vtab_Q=3bit_L=lora_2_qkv-fc1-proj-fc2/cifar/20260114184203_default_acc=53.50/tensorboard/Grad_qkv.lora_B_block_0/events.out.tfevents.1768387346.master-192-168-8-48.1680.2,qkv.lora_B,0
1768388788.6701615,2544,79.53125,0.036688804626464844,Grad/qkv.lora_B,outputs_dev/vitb16/T=vtab_Q=3bit_L=lora_2_qkv-fc1-proj-fc2/cifar/20260114184203_default_acc=53.50/tensorboard/Grad_qkv.lora_B_block_0/events.out.tfevents.1768387346.master-192-168-8-48.1680.2,qkv.lora_B,0
1768388789.060531,2545,79.5625,0.026002397760748863,Grad/qkv.lora_B,outputs_dev/vitb16/T=vtab_Q=3bit_L=lora_2_qkv-fc1-proj-fc2/cifar/20260114184203_default_acc=53.50/tensorboard/Grad_qkv.lora_B_block_0/events.out.tfevents.1768387346.master-192-168-8-48.1680.2,qkv.lora_B,0
1768388789.4401433,2546,79.59375,0.0254525113850832,Grad/qkv.lora_B,outputs_dev/vitb16/T=vtab_Q=3bit_L=lora_2_qkv-fc1-proj-fc2/cifar/20260114184203_default_acc=53.50/tensorboard/Grad_qkv.lora_B_block_0/events.out.tfevents.1768387346.master-192-168-8-48.1680.2,qkv.lora_B,0
1768388789.833134,2547,79.625,0.08655297756195068,Grad/qkv.lora_B,outputs_dev/vitb16/T=vtab_Q=3bit_L=lora_2_qkv-fc1-proj-fc2/cifar/20260114184203_default_acc=53.50/tensorboard/Grad_qkv.lora_B_block_0/events.out.tfevents.1768387346.master-192-168-8-48.1680.2,qkv.lora_B,0
1768388790.210738,2548,79.65625,0.061332784593105316,Grad/qkv.lora_B,outputs_dev/vitb16/T=vtab_Q=3bit_L=lora_2_qkv-fc1-proj-fc2/cifar/20260114184203_default_acc=53.50/tensorboard/Grad_qkv.lora_B_block_0/events.out.tfevents.1768387346.master-192-168-8-48.1680.2,qkv.lora_B,0
1768388790.6080124,2549,79.6875,0.07791280001401901,Grad/qkv.lora_B,outputs_dev/vitb16/T=vtab_Q=3bit_L=lora_2_qkv-fc1-proj-fc2/cifar/20260114184203_default_acc=53.50/tensorboard/Grad_qkv.lora_B_block_0/events.out.tfevents.1768387346.master-192-168-8-48.1680.2,qkv.lora_B,0
1768388791.0028656,2550,79.71875,0.06606172770261765,Grad/qkv.lora_B,outputs_dev/vitb16/T=vtab_Q=3bit_L=lora_2_qkv-fc1-proj-fc2/cifar/20260114184203_default_acc=53.50/tensorboard/Grad_qkv.lora_B_block_0/events.out.tfevents.1768387346.master-192-168-8-48.1680.2,qkv.lora_B,0
1768388791.4276485,2551,79.75,0.04869996756315231,Grad/qkv.lora_B,outputs_dev/vitb16/T=vtab_Q=3bit_L=lora_2_qkv-fc1-proj-fc2/cifar/20260114184203_default_acc=53.50/tensorboard/Grad_qkv.lora_B_block_0/events.out.tfevents.1768387346.master-192-168-8-48.1680.2,qkv.lora_B,0
1768388791.84494,2552,79.78125,0.04029922932386398,Grad/qkv.lora_B,outputs_dev/vitb16/T=vtab_Q=3bit_L=lora_2_qkv-fc1-proj-fc2/cifar/20260114184203_default_acc=53.50/tensorboard/Grad_qkv.lora_B_block_0/events.out.tfevents.1768387346.master-192-168-8-48.1680.2,qkv.lora_B,0
1768388792.2620635,2553,79.8125,0.5255832076072693,Grad/qkv.lora_B,outputs_dev/vitb16/T=vtab_Q=3bit_L=lora_2_qkv-fc1-proj-fc2/cifar/20260114184203_default_acc=53.50/tensorboard/Grad_qkv.lora_B_block_0/events.out.tfevents.1768387346.master-192-168-8-48.1680.2,qkv.lora_B,0
1768388792.7984605,2554,79.84375,0.10713936388492584,Grad/qkv.lora_B,outputs_dev/vitb16/T=vtab_Q=3bit_L=lora_2_qkv-fc1-proj-fc2/cifar/20260114184203_default_acc=53.50/tensorboard/Grad_qkv.lora_B_block_0/events.out.tfevents.1768387346.master-192-168-8-48.1680.2,qkv.lora_B,0
1768388793.3704574,2555,79.875,0.11819431185722351,Grad/qkv.lora_B,outputs_dev/vitb16/T=vtab_Q=3bit_L=lora_2_qkv-fc1-proj-fc2/cifar/20260114184203_default_acc=53.50/tensorboard/Grad_qkv.lora_B_block_0/events.out.tfevents.1768387346.master-192-168-8-48.1680.2,qkv.lora_B,0
1768388793.7622852,2556,79.90625,0.12293808907270432,Grad/qkv.lora_B,outputs_dev/vitb16/T=vtab_Q=3bit_L=lora_2_qkv-fc1-proj-fc2/cifar/20260114184203_default_acc=53.50/tensorboard/Grad_qkv.lora_B_block_0/events.out.tfevents.1768387346.master-192-168-8-48.1680.2,qkv.lora_B,0
1768388794.1684005,2557,79.9375,0.011334548704326153,Grad/qkv.lora_B,outputs_dev/vitb16/T=vtab_Q=3bit_L=lora_2_qkv-fc1-proj-fc2/cifar/20260114184203_default_acc=53.50/tensorboard/Grad_qkv.lora_B_block_0/events.out.tfevents.1768387346.master-192-168-8-48.1680.2,qkv.lora_B,0
1768388794.560863,2558,79.96875,0.130743607878685,Grad/qkv.lora_B,outputs_dev/vitb16/T=vtab_Q=3bit_L=lora_2_qkv-fc1-proj-fc2/cifar/20260114184203_default_acc=53.50/tensorboard/Grad_qkv.lora_B_block_0/events.out.tfevents.1768387346.master-192-168-8-48.1680.2,qkv.lora_B,0
1768388794.8434057,2559,80.0,0.06086340919137001,Grad/qkv.lora_B,outputs_dev/vitb16/T=vtab_Q=3bit_L=lora_2_qkv-fc1-proj-fc2/cifar/20260114184203_default_acc=53.50/tensorboard/Grad_qkv.lora_B_block_0/events.out.tfevents.1768387346.master-192-168-8-48.1680.2,qkv.lora_B,0
1768388795.4747696,2560,80.03125,0.01319402176886797,Grad/qkv.lora_B,outputs_dev/vitb16/T=vtab_Q=3bit_L=lora_2_qkv-fc1-proj-fc2/cifar/20260114184203_default_acc=53.50/tensorboard/Grad_qkv.lora_B_block_0/events.out.tfevents.1768387346.master-192-168-8-48.1680.2,qkv.lora_B,0
1768388795.8755522,2561,80.0625,0.02658502757549286,Grad/qkv.lora_B,outputs_dev/vitb16/T=vtab_Q=3bit_L=lora_2_qkv-fc1-proj-fc2/cifar/20260114184203_default_acc=53.50/tensorboard/Grad_qkv.lora_B_block_0/events.out.tfevents.1768387346.master-192-168-8-48.1680.2,qkv.lora_B,0
1768388796.2827432,2562,80.09375,0.035709939897060394,Grad/qkv.lora_B,outputs_dev/vitb16/T=vtab_Q=3bit_L=lora_2_qkv-fc1-proj-fc2/cifar/20260114184203_default_acc=53.50/tensorboard/Grad_qkv.lora_B_block_0/events.out.tfevents.1768387346.master-192-168-8-48.1680.2,qkv.lora_B,0
1768388796.678643,2563,80.125,0.029035009443759918,Grad/qkv.lora_B,outputs_dev/vitb16/T=vtab_Q=3bit_L=lora_2_qkv-fc1-proj-fc2/cifar/20260114184203_default_acc=53.50/tensorboard/Grad_qkv.lora_B_block_0/events.out.tfevents.1768387346.master-192-168-8-48.1680.2,qkv.lora_B,0
1768388797.0758123,2564,80.15625,0.014167195186018944,Grad/qkv.lora_B,outputs_dev/vitb16/T=vtab_Q=3bit_L=lora_2_qkv-fc1-proj-fc2/cifar/20260114184203_default_acc=53.50/tensorboard/Grad_qkv.lora_B_block_0/events.out.tfevents.1768387346.master-192-168-8-48.1680.2,qkv.lora_B,0
1768388797.4708424,2565,80.1875,0.0949309766292572,Grad/qkv.lora_B,outputs_dev/vitb16/T=vtab_Q=3bit_L=lora_2_qkv-fc1-proj-fc2/cifar/20260114184203_default_acc=53.50/tensorboard/Grad_qkv.lora_B_block_0/events.out.tfevents.1768387346.master-192-168-8-48.1680.2,qkv.lora_B,0
1768388797.8658166,2566,80.21875,0.07118675857782364,Grad/qkv.lora_B,outputs_dev/vitb16/T=vtab_Q=3bit_L=lora_2_qkv-fc1-proj-fc2/cifar/20260114184203_default_acc=53.50/tensorboard/Grad_qkv.lora_B_block_0/events.out.tfevents.1768387346.master-192-168-8-48.1680.2,qkv.lora_B,0
1768388798.263466,2567,80.25,0.17947307229042053,Grad/qkv.lora_B,outputs_dev/vitb16/T=vtab_Q=3bit_L=lora_2_qkv-fc1-proj-fc2/cifar/20260114184203_default_acc=53.50/tensorboard/Grad_qkv.lora_B_block_0/events.out.tfevents.1768387346.master-192-168-8-48.1680.2,qkv.lora_B,0
1768388798.6780753,2568,80.28125,0.04370284080505371,Grad/qkv.lora_B,outputs_dev/vitb16/T=vtab_Q=3bit_L=lora_2_qkv-fc1-proj-fc2/cifar/20260114184203_default_acc=53.50/tensorboard/Grad_qkv.lora_B_block_0/events.out.tfevents.1768387346.master-192-168-8-48.1680.2,qkv.lora_B,0
1768388799.0981283,2569,80.3125,0.033990051597356796,Grad/qkv.lora_B,outputs_dev/vitb16/T=vtab_Q=3bit_L=lora_2_qkv-fc1-proj-fc2/cifar/20260114184203_default_acc=53.50/tensorboard/Grad_qkv.lora_B_block_0/events.out.tfevents.1768387346.master-192-168-8-48.1680.2,qkv.lora_B,0
1768388799.5170498,2570,80.34375,0.3056478202342987,Grad/qkv.lora_B,outputs_dev/vitb16/T=vtab_Q=3bit_L=lora_2_qkv-fc1-proj-fc2/cifar/20260114184203_default_acc=53.50/tensorboard/Grad_qkv.lora_B_block_0/events.out.tfevents.1768387346.master-192-168-8-48.1680.2,qkv.lora_B,0
1768388799.9429,2571,80.375,0.07705067098140717,Grad/qkv.lora_B,outputs_dev/vitb16/T=vtab_Q=3bit_L=lora_2_qkv-fc1-proj-fc2/cifar/20260114184203_default_acc=53.50/tensorboard/Grad_qkv.lora_B_block_0/events.out.tfevents.1768387346.master-192-168-8-48.1680.2,qkv.lora_B,0
1768388800.380598,2572,80.40625,0.17732343077659607,Grad/qkv.lora_B,outputs_dev/vitb16/T=vtab_Q=3bit_L=lora_2_qkv-fc1-proj-fc2/cifar/20260114184203_default_acc=53.50/tensorboard/Grad_qkv.lora_B_block_0/events.out.tfevents.1768387346.master-192-168-8-48.1680.2,qkv.lora_B,0
1768388800.7862132,2573,80.4375,0.058246660977602005,Grad/qkv.lora_B,outputs_dev/vitb16/T=vtab_Q=3bit_L=lora_2_qkv-fc1-proj-fc2/cifar/20260114184203_default_acc=53.50/tensorboard/Grad_qkv.lora_B_block_0/events.out.tfevents.1768387346.master-192-168-8-48.1680.2,qkv.lora_B,0
1768388801.2016516,2574,80.46875,0.2478516548871994,Grad/qkv.lora_B,outputs_dev/vitb16/T=vtab_Q=3bit_L=lora_2_qkv-fc1-proj-fc2/cifar/20260114184203_default_acc=53.50/tensorboard/Grad_qkv.lora_B_block_0/events.out.tfevents.1768387346.master-192-168-8-48.1680.2,qkv.lora_B,0
1768388801.5984976,2575,80.5,0.052188675850629807,Grad/qkv.lora_B,outputs_dev/vitb16/T=vtab_Q=3bit_L=lora_2_qkv-fc1-proj-fc2/cifar/20260114184203_default_acc=53.50/tensorboard/Grad_qkv.lora_B_block_0/events.out.tfevents.1768387346.master-192-168-8-48.1680.2,qkv.lora_B,0
1768388801.9908319,2576,80.53125,0.04409773275256157,Grad/qkv.lora_B,outputs_dev/vitb16/T=vtab_Q=3bit_L=lora_2_qkv-fc1-proj-fc2/cifar/20260114184203_default_acc=53.50/tensorboard/Grad_qkv.lora_B_block_0/events.out.tfevents.1768387346.master-192-168-8-48.1680.2,qkv.lora_B,0
1768388802.3923407,2577,80.5625,0.019175192341208458,Grad/qkv.lora_B,outputs_dev/vitb16/T=vtab_Q=3bit_L=lora_2_qkv-fc1-proj-fc2/cifar/20260114184203_default_acc=53.50/tensorboard/Grad_qkv.lora_B_block_0/events.out.tfevents.1768387346.master-192-168-8-48.1680.2,qkv.lora_B,0
1768388802.8023899,2578,80.59375,0.011722506023943424,Grad/qkv.lora_B,outputs_dev/vitb16/T=vtab_Q=3bit_L=lora_2_qkv-fc1-proj-fc2/cifar/20260114184203_default_acc=53.50/tensorboard/Grad_qkv.lora_B_block_0/events.out.tfevents.1768387346.master-192-168-8-48.1680.2,qkv.lora_B,0
1768388803.1975412,2579,80.625,0.024948442354798317,Grad/qkv.lora_B,outputs_dev/vitb16/T=vtab_Q=3bit_L=lora_2_qkv-fc1-proj-fc2/cifar/20260114184203_default_acc=53.50/tensorboard/Grad_qkv.lora_B_block_0/events.out.tfevents.1768387346.master-192-168-8-48.1680.2,qkv.lora_B,0
1768388803.5914574,2580,80.65625,0.019095871597528458,Grad/qkv.lora_B,outputs_dev/vitb16/T=vtab_Q=3bit_L=lora_2_qkv-fc1-proj-fc2/cifar/20260114184203_default_acc=53.50/tensorboard/Grad_qkv.lora_B_block_0/events.out.tfevents.1768387346.master-192-168-8-48.1680.2,qkv.lora_B,0
1768388803.986194,2581,80.6875,0.045900244265794754,Grad/qkv.lora_B,outputs_dev/vitb16/T=vtab_Q=3bit_L=lora_2_qkv-fc1-proj-fc2/cifar/20260114184203_default_acc=53.50/tensorboard/Grad_qkv.lora_B_block_0/events.out.tfevents.1768387346.master-192-168-8-48.1680.2,qkv.lora_B,0
1768388804.3798234,2582,80.71875,0.081211157143116,Grad/qkv.lora_B,outputs_dev/vitb16/T=vtab_Q=3bit_L=lora_2_qkv-fc1-proj-fc2/cifar/20260114184203_default_acc=53.50/tensorboard/Grad_qkv.lora_B_block_0/events.out.tfevents.1768387346.master-192-168-8-48.1680.2,qkv.lora_B,0
1768388804.7880914,2583,80.75,0.022424543276429176,Grad/qkv.lora_B,outputs_dev/vitb16/T=vtab_Q=3bit_L=lora_2_qkv-fc1-proj-fc2/cifar/20260114184203_default_acc=53.50/tensorboard/Grad_qkv.lora_B_block_0/events.out.tfevents.1768387346.master-192-168-8-48.1680.2,qkv.lora_B,0
1768388805.1819694,2584,80.78125,0.012972588650882244,Grad/qkv.lora_B,outputs_dev/vitb16/T=vtab_Q=3bit_L=lora_2_qkv-fc1-proj-fc2/cifar/20260114184203_default_acc=53.50/tensorboard/Grad_qkv.lora_B_block_0/events.out.tfevents.1768387346.master-192-168-8-48.1680.2,qkv.lora_B,0
1768388805.576898,2585,80.8125,0.02920248731970787,Grad/qkv.lora_B,outputs_dev/vitb16/T=vtab_Q=3bit_L=lora_2_qkv-fc1-proj-fc2/cifar/20260114184203_default_acc=53.50/tensorboard/Grad_qkv.lora_B_block_0/events.out.tfevents.1768387346.master-192-168-8-48.1680.2,qkv.lora_B,0
1768388805.9716265,2586,80.84375,0.05193668231368065,Grad/qkv.lora_B,outputs_dev/vitb16/T=vtab_Q=3bit_L=lora_2_qkv-fc1-proj-fc2/cifar/20260114184203_default_acc=53.50/tensorboard/Grad_qkv.lora_B_block_0/events.out.tfevents.1768387346.master-192-168-8-48.1680.2,qkv.lora_B,0
1768388806.3658159,2587,80.875,0.032556843012571335,Grad/qkv.lora_B,outputs_dev/vitb16/T=vtab_Q=3bit_L=lora_2_qkv-fc1-proj-fc2/cifar/20260114184203_default_acc=53.50/tensorboard/Grad_qkv.lora_B_block_0/events.out.tfevents.1768387346.master-192-168-8-48.1680.2,qkv.lora_B,0
1768388806.7606456,2588,80.90625,0.030664248391985893,Grad/qkv.lora_B,outputs_dev/vitb16/T=vtab_Q=3bit_L=lora_2_qkv-fc1-proj-fc2/cifar/20260114184203_default_acc=53.50/tensorboard/Grad_qkv.lora_B_block_0/events.out.tfevents.1768387346.master-192-168-8-48.1680.2,qkv.lora_B,0
1768388807.1564507,2589,80.9375,0.06146546080708504,Grad/qkv.lora_B,outputs_dev/vitb16/T=vtab_Q=3bit_L=lora_2_qkv-fc1-proj-fc2/cifar/20260114184203_default_acc=53.50/tensorboard/Grad_qkv.lora_B_block_0/events.out.tfevents.1768387346.master-192-168-8-48.1680.2,qkv.lora_B,0
1768388807.562751,2590,80.96875,0.3571943938732147,Grad/qkv.lora_B,outputs_dev/vitb16/T=vtab_Q=3bit_L=lora_2_qkv-fc1-proj-fc2/cifar/20260114184203_default_acc=53.50/tensorboard/Grad_qkv.lora_B_block_0/events.out.tfevents.1768387346.master-192-168-8-48.1680.2,qkv.lora_B,0
1768388807.7838604,2591,81.0,0.0313241183757782,Grad/qkv.lora_B,outputs_dev/vitb16/T=vtab_Q=3bit_L=lora_2_qkv-fc1-proj-fc2/cifar/20260114184203_default_acc=53.50/tensorboard/Grad_qkv.lora_B_block_0/events.out.tfevents.1768387346.master-192-168-8-48.1680.2,qkv.lora_B,0
1768388843.7687306,2592,81.03125,0.018195508047938347,Grad/qkv.lora_B,outputs_dev/vitb16/T=vtab_Q=3bit_L=lora_2_qkv-fc1-proj-fc2/cifar/20260114184203_default_acc=53.50/tensorboard/Grad_qkv.lora_B_block_0/events.out.tfevents.1768387346.master-192-168-8-48.1680.2,qkv.lora_B,0
1768388844.1814883,2593,81.0625,0.04679295793175697,Grad/qkv.lora_B,outputs_dev/vitb16/T=vtab_Q=3bit_L=lora_2_qkv-fc1-proj-fc2/cifar/20260114184203_default_acc=53.50/tensorboard/Grad_qkv.lora_B_block_0/events.out.tfevents.1768387346.master-192-168-8-48.1680.2,qkv.lora_B,0
1768388844.579935,2594,81.09375,0.1619105041027069,Grad/qkv.lora_B,outputs_dev/vitb16/T=vtab_Q=3bit_L=lora_2_qkv-fc1-proj-fc2/cifar/20260114184203_default_acc=53.50/tensorboard/Grad_qkv.lora_B_block_0/events.out.tfevents.1768387346.master-192-168-8-48.1680.2,qkv.lora_B,0
1768388845.0065172,2595,81.125,0.04038890823721886,Grad/qkv.lora_B,outputs_dev/vitb16/T=vtab_Q=3bit_L=lora_2_qkv-fc1-proj-fc2/cifar/20260114184203_default_acc=53.50/tensorboard/Grad_qkv.lora_B_block_0/events.out.tfevents.1768387346.master-192-168-8-48.1680.2,qkv.lora_B,0
1768388845.4048555,2596,81.15625,0.017966732382774353,Grad/qkv.lora_B,outputs_dev/vitb16/T=vtab_Q=3bit_L=lora_2_qkv-fc1-proj-fc2/cifar/20260114184203_default_acc=53.50/tensorboard/Grad_qkv.lora_B_block_0/events.out.tfevents.1768387346.master-192-168-8-48.1680.2,qkv.lora_B,0
1768388845.8176455,2597,81.1875,0.0599256195127964,Grad/qkv.lora_B,outputs_dev/vitb16/T=vtab_Q=3bit_L=lora_2_qkv-fc1-proj-fc2/cifar/20260114184203_default_acc=53.50/tensorboard/Grad_qkv.lora_B_block_0/events.out.tfevents.1768387346.master-192-168-8-48.1680.2,qkv.lora_B,0
1768388846.2392976,2598,81.21875,0.031507764011621475,Grad/qkv.lora_B,outputs_dev/vitb16/T=vtab_Q=3bit_L=lora_2_qkv-fc1-proj-fc2/cifar/20260114184203_default_acc=53.50/tensorboard/Grad_qkv.lora_B_block_0/events.out.tfevents.1768387346.master-192-168-8-48.1680.2,qkv.lora_B,0
1768388846.765621,2599,81.25,0.030056405812501907,Grad/qkv.lora_B,outputs_dev/vitb16/T=vtab_Q=3bit_L=lora_2_qkv-fc1-proj-fc2/cifar/20260114184203_default_acc=53.50/tensorboard/Grad_qkv.lora_B_block_0/events.out.tfevents.1768387346.master-192-168-8-48.1680.2,qkv.lora_B,0
1768388847.2672439,2600,81.28125,0.07573311030864716,Grad/qkv.lora_B,outputs_dev/vitb16/T=vtab_Q=3bit_L=lora_2_qkv-fc1-proj-fc2/cifar/20260114184203_default_acc=53.50/tensorboard/Grad_qkv.lora_B_block_0/events.out.tfevents.1768387346.master-192-168-8-48.1680.2,qkv.lora_B,0
1768388847.8088806,2601,81.3125,0.026917394250631332,Grad/qkv.lora_B,outputs_dev/vitb16/T=vtab_Q=3bit_L=lora_2_qkv-fc1-proj-fc2/cifar/20260114184203_default_acc=53.50/tensorboard/Grad_qkv.lora_B_block_0/events.out.tfevents.1768387346.master-192-168-8-48.1680.2,qkv.lora_B,0
1768388848.3493361,2602,81.34375,0.015323198400437832,Grad/qkv.lora_B,outputs_dev/vitb16/T=vtab_Q=3bit_L=lora_2_qkv-fc1-proj-fc2/cifar/20260114184203_default_acc=53.50/tensorboard/Grad_qkv.lora_B_block_0/events.out.tfevents.1768387346.master-192-168-8-48.1680.2,qkv.lora_B,0
1768388848.880096,2603,81.375,0.05106112360954285,Grad/qkv.lora_B,outputs_dev/vitb16/T=vtab_Q=3bit_L=lora_2_qkv-fc1-proj-fc2/cifar/20260114184203_default_acc=53.50/tensorboard/Grad_qkv.lora_B_block_0/events.out.tfevents.1768387346.master-192-168-8-48.1680.2,qkv.lora_B,0
1768388849.4297369,2604,81.40625,0.030521491542458534,Grad/qkv.lora_B,outputs_dev/vitb16/T=vtab_Q=3bit_L=lora_2_qkv-fc1-proj-fc2/cifar/20260114184203_default_acc=53.50/tensorboard/Grad_qkv.lora_B_block_0/events.out.tfevents.1768387346.master-192-168-8-48.1680.2,qkv.lora_B,0
1768388849.9045286,2605,81.4375,0.06132327392697334,Grad/qkv.lora_B,outputs_dev/vitb16/T=vtab_Q=3bit_L=lora_2_qkv-fc1-proj-fc2/cifar/20260114184203_default_acc=53.50/tensorboard/Grad_qkv.lora_B_block_0/events.out.tfevents.1768387346.master-192-168-8-48.1680.2,qkv.lora_B,0
1768388850.3014681,2606,81.46875,0.023378193378448486,Grad/qkv.lora_B,outputs_dev/vitb16/T=vtab_Q=3bit_L=lora_2_qkv-fc1-proj-fc2/cifar/20260114184203_default_acc=53.50/tensorboard/Grad_qkv.lora_B_block_0/events.out.tfevents.1768387346.master-192-168-8-48.1680.2,qkv.lora_B,0
1768388850.697139,2607,81.5,0.02614751085639,Grad/qkv.lora_B,outputs_dev/vitb16/T=vtab_Q=3bit_L=lora_2_qkv-fc1-proj-fc2/cifar/20260114184203_default_acc=53.50/tensorboard/Grad_qkv.lora_B_block_0/events.out.tfevents.1768387346.master-192-168-8-48.1680.2,qkv.lora_B,0
1768388851.0946953,2608,81.53125,0.014089102856814861,Grad/qkv.lora_B,outputs_dev/vitb16/T=vtab_Q=3bit_L=lora_2_qkv-fc1-proj-fc2/cifar/20260114184203_default_acc=53.50/tensorboard/Grad_qkv.lora_B_block_0/events.out.tfevents.1768387346.master-192-168-8-48.1680.2,qkv.lora_B,0
1768388851.4936097,2609,81.5625,0.2148858606815338,Grad/qkv.lora_B,outputs_dev/vitb16/T=vtab_Q=3bit_L=lora_2_qkv-fc1-proj-fc2/cifar/20260114184203_default_acc=53.50/tensorboard/Grad_qkv.lora_B_block_0/events.out.tfevents.1768387346.master-192-168-8-48.1680.2,qkv.lora_B,0
1768388851.8905494,2610,81.59375,0.04083867743611336,Grad/qkv.lora_B,outputs_dev/vitb16/T=vtab_Q=3bit_L=lora_2_qkv-fc1-proj-fc2/cifar/20260114184203_default_acc=53.50/tensorboard/Grad_qkv.lora_B_block_0/events.out.tfevents.1768387346.master-192-168-8-48.1680.2,qkv.lora_B,0
1768388852.3102577,2611,81.625,0.01587260700762272,Grad/qkv.lora_B,outputs_dev/vitb16/T=vtab_Q=3bit_L=lora_2_qkv-fc1-proj-fc2/cifar/20260114184203_default_acc=53.50/tensorboard/Grad_qkv.lora_B_block_0/events.out.tfevents.1768387346.master-192-168-8-48.1680.2,qkv.lora_B,0
1768388852.713875,2612,81.65625,0.500484049320221,Grad/qkv.lora_B,outputs_dev/vitb16/T=vtab_Q=3bit_L=lora_2_qkv-fc1-proj-fc2/cifar/20260114184203_default_acc=53.50/tensorboard/Grad_qkv.lora_B_block_0/events.out.tfevents.1768387346.master-192-168-8-48.1680.2,qkv.lora_B,0
1768388853.109513,2613,81.6875,0.03752393275499344,Grad/qkv.lora_B,outputs_dev/vitb16/T=vtab_Q=3bit_L=lora_2_qkv-fc1-proj-fc2/cifar/20260114184203_default_acc=53.50/tensorboard/Grad_qkv.lora_B_block_0/events.out.tfevents.1768387346.master-192-168-8-48.1680.2,qkv.lora_B,0
1768388853.5052292,2614,81.71875,0.032279424369335175,Grad/qkv.lora_B,outputs_dev/vitb16/T=vtab_Q=3bit_L=lora_2_qkv-fc1-proj-fc2/cifar/20260114184203_default_acc=53.50/tensorboard/Grad_qkv.lora_B_block_0/events.out.tfevents.1768387346.master-192-168-8-48.1680.2,qkv.lora_B,0
1768388853.8992283,2615,81.75,0.04810638725757599,Grad/qkv.lora_B,outputs_dev/vitb16/T=vtab_Q=3bit_L=lora_2_qkv-fc1-proj-fc2/cifar/20260114184203_default_acc=53.50/tensorboard/Grad_qkv.lora_B_block_0/events.out.tfevents.1768387346.master-192-168-8-48.1680.2,qkv.lora_B,0
1768388854.2969983,2616,81.78125,0.01721702516078949,Grad/qkv.lora_B,outputs_dev/vitb16/T=vtab_Q=3bit_L=lora_2_qkv-fc1-proj-fc2/cifar/20260114184203_default_acc=53.50/tensorboard/Grad_qkv.lora_B_block_0/events.out.tfevents.1768387346.master-192-168-8-48.1680.2,qkv.lora_B,0
1768388854.6958046,2617,81.8125,0.038492824882268906,Grad/qkv.lora_B,outputs_dev/vitb16/T=vtab_Q=3bit_L=lora_2_qkv-fc1-proj-fc2/cifar/20260114184203_default_acc=53.50/tensorboard/Grad_qkv.lora_B_block_0/events.out.tfevents.1768387346.master-192-168-8-48.1680.2,qkv.lora_B,0
1768388855.0928097,2618,81.84375,0.050758615136146545,Grad/qkv.lora_B,outputs_dev/vitb16/T=vtab_Q=3bit_L=lora_2_qkv-fc1-proj-fc2/cifar/20260114184203_default_acc=53.50/tensorboard/Grad_qkv.lora_B_block_0/events.out.tfevents.1768387346.master-192-168-8-48.1680.2,qkv.lora_B,0
1768388855.55668,2619,81.875,0.017484083771705627,Grad/qkv.lora_B,outputs_dev/vitb16/T=vtab_Q=3bit_L=lora_2_qkv-fc1-proj-fc2/cifar/20260114184203_default_acc=53.50/tensorboard/Grad_qkv.lora_B_block_0/events.out.tfevents.1768387346.master-192-168-8-48.1680.2,qkv.lora_B,0
1768388856.1143024,2620,81.90625,0.29597172141075134,Grad/qkv.lora_B,outputs_dev/vitb16/T=vtab_Q=3bit_L=lora_2_qkv-fc1-proj-fc2/cifar/20260114184203_default_acc=53.50/tensorboard/Grad_qkv.lora_B_block_0/events.out.tfevents.1768387346.master-192-168-8-48.1680.2,qkv.lora_B,0
1768388856.672625,2621,81.9375,0.02832840569317341,Grad/qkv.lora_B,outputs_dev/vitb16/T=vtab_Q=3bit_L=lora_2_qkv-fc1-proj-fc2/cifar/20260114184203_default_acc=53.50/tensorboard/Grad_qkv.lora_B_block_0/events.out.tfevents.1768387346.master-192-168-8-48.1680.2,qkv.lora_B,0
1768388857.224408,2622,81.96875,0.013700438663363457,Grad/qkv.lora_B,outputs_dev/vitb16/T=vtab_Q=3bit_L=lora_2_qkv-fc1-proj-fc2/cifar/20260114184203_default_acc=53.50/tensorboard/Grad_qkv.lora_B_block_0/events.out.tfevents.1768387346.master-192-168-8-48.1680.2,qkv.lora_B,0
1768388857.6726677,2623,82.0,0.051344774663448334,Grad/qkv.lora_B,outputs_dev/vitb16/T=vtab_Q=3bit_L=lora_2_qkv-fc1-proj-fc2/cifar/20260114184203_default_acc=53.50/tensorboard/Grad_qkv.lora_B_block_0/events.out.tfevents.1768387346.master-192-168-8-48.1680.2,qkv.lora_B,0
1768388858.6170502,2624,82.03125,0.02018979750573635,Grad/qkv.lora_B,outputs_dev/vitb16/T=vtab_Q=3bit_L=lora_2_qkv-fc1-proj-fc2/cifar/20260114184203_default_acc=53.50/tensorboard/Grad_qkv.lora_B_block_0/events.out.tfevents.1768387346.master-192-168-8-48.1680.2,qkv.lora_B,0
1768388859.0165517,2625,82.0625,0.03169041499495506,Grad/qkv.lora_B,outputs_dev/vitb16/T=vtab_Q=3bit_L=lora_2_qkv-fc1-proj-fc2/cifar/20260114184203_default_acc=53.50/tensorboard/Grad_qkv.lora_B_block_0/events.out.tfevents.1768387346.master-192-168-8-48.1680.2,qkv.lora_B,0
1768388859.4139452,2626,82.09375,0.022491583600640297,Grad/qkv.lora_B,outputs_dev/vitb16/T=vtab_Q=3bit_L=lora_2_qkv-fc1-proj-fc2/cifar/20260114184203_default_acc=53.50/tensorboard/Grad_qkv.lora_B_block_0/events.out.tfevents.1768387346.master-192-168-8-48.1680.2,qkv.lora_B,0
1768388859.8120902,2627,82.125,0.054361745715141296,Grad/qkv.lora_B,outputs_dev/vitb16/T=vtab_Q=3bit_L=lora_2_qkv-fc1-proj-fc2/cifar/20260114184203_default_acc=53.50/tensorboard/Grad_qkv.lora_B_block_0/events.out.tfevents.1768387346.master-192-168-8-48.1680.2,qkv.lora_B,0
1768388860.2064035,2628,82.15625,0.027496622875332832,Grad/qkv.lora_B,outputs_dev/vitb16/T=vtab_Q=3bit_L=lora_2_qkv-fc1-proj-fc2/cifar/20260114184203_default_acc=53.50/tensorboard/Grad_qkv.lora_B_block_0/events.out.tfevents.1768387346.master-192-168-8-48.1680.2,qkv.lora_B,0
1768388860.612253,2629,82.1875,0.12018032371997833,Grad/qkv.lora_B,outputs_dev/vitb16/T=vtab_Q=3bit_L=lora_2_qkv-fc1-proj-fc2/cifar/20260114184203_default_acc=53.50/tensorboard/Grad_qkv.lora_B_block_0/events.out.tfevents.1768387346.master-192-168-8-48.1680.2,qkv.lora_B,0
1768388861.025329,2630,82.21875,0.027065176516771317,Grad/qkv.lora_B,outputs_dev/vitb16/T=vtab_Q=3bit_L=lora_2_qkv-fc1-proj-fc2/cifar/20260114184203_default_acc=53.50/tensorboard/Grad_qkv.lora_B_block_0/events.out.tfevents.1768387346.master-192-168-8-48.1680.2,qkv.lora_B,0
1768388861.4347,2631,82.25,0.12044548988342285,Grad/qkv.lora_B,outputs_dev/vitb16/T=vtab_Q=3bit_L=lora_2_qkv-fc1-proj-fc2/cifar/20260114184203_default_acc=53.50/tensorboard/Grad_qkv.lora_B_block_0/events.out.tfevents.1768387346.master-192-168-8-48.1680.2,qkv.lora_B,0
1768388861.8300326,2632,82.28125,0.027518022805452347,Grad/qkv.lora_B,outputs_dev/vitb16/T=vtab_Q=3bit_L=lora_2_qkv-fc1-proj-fc2/cifar/20260114184203_default_acc=53.50/tensorboard/Grad_qkv.lora_B_block_0/events.out.tfevents.1768387346.master-192-168-8-48.1680.2,qkv.lora_B,0
1768388862.2239344,2633,82.3125,0.042676277458667755,Grad/qkv.lora_B,outputs_dev/vitb16/T=vtab_Q=3bit_L=lora_2_qkv-fc1-proj-fc2/cifar/20260114184203_default_acc=53.50/tensorboard/Grad_qkv.lora_B_block_0/events.out.tfevents.1768387346.master-192-168-8-48.1680.2,qkv.lora_B,0
1768388862.615801,2634,82.34375,0.05399872735142708,Grad/qkv.lora_B,outputs_dev/vitb16/T=vtab_Q=3bit_L=lora_2_qkv-fc1-proj-fc2/cifar/20260114184203_default_acc=53.50/tensorboard/Grad_qkv.lora_B_block_0/events.out.tfevents.1768387346.master-192-168-8-48.1680.2,qkv.lora_B,0
1768388863.0090632,2635,82.375,0.1322348713874817,Grad/qkv.lora_B,outputs_dev/vitb16/T=vtab_Q=3bit_L=lora_2_qkv-fc1-proj-fc2/cifar/20260114184203_default_acc=53.50/tensorboard/Grad_qkv.lora_B_block_0/events.out.tfevents.1768387346.master-192-168-8-48.1680.2,qkv.lora_B,0
1768388863.3977385,2636,82.40625,0.025290384888648987,Grad/qkv.lora_B,outputs_dev/vitb16/T=vtab_Q=3bit_L=lora_2_qkv-fc1-proj-fc2/cifar/20260114184203_default_acc=53.50/tensorboard/Grad_qkv.lora_B_block_0/events.out.tfevents.1768387346.master-192-168-8-48.1680.2,qkv.lora_B,0
1768388863.790326,2637,82.4375,0.02755127288401127,Grad/qkv.lora_B,outputs_dev/vitb16/T=vtab_Q=3bit_L=lora_2_qkv-fc1-proj-fc2/cifar/20260114184203_default_acc=53.50/tensorboard/Grad_qkv.lora_B_block_0/events.out.tfevents.1768387346.master-192-168-8-48.1680.2,qkv.lora_B,0
1768388864.1746073,2638,82.46875,0.048869408667087555,Grad/qkv.lora_B,outputs_dev/vitb16/T=vtab_Q=3bit_L=lora_2_qkv-fc1-proj-fc2/cifar/20260114184203_default_acc=53.50/tensorboard/Grad_qkv.lora_B_block_0/events.out.tfevents.1768387346.master-192-168-8-48.1680.2,qkv.lora_B,0
1768388864.5684946,2639,82.5,0.0720519870519638,Grad/qkv.lora_B,outputs_dev/vitb16/T=vtab_Q=3bit_L=lora_2_qkv-fc1-proj-fc2/cifar/20260114184203_default_acc=53.50/tensorboard/Grad_qkv.lora_B_block_0/events.out.tfevents.1768387346.master-192-168-8-48.1680.2,qkv.lora_B,0
1768388864.9624963,2640,82.53125,0.04079630970954895,Grad/qkv.lora_B,outputs_dev/vitb16/T=vtab_Q=3bit_L=lora_2_qkv-fc1-proj-fc2/cifar/20260114184203_default_acc=53.50/tensorboard/Grad_qkv.lora_B_block_0/events.out.tfevents.1768387346.master-192-168-8-48.1680.2,qkv.lora_B,0
1768388865.3547366,2641,82.5625,0.014494811184704304,Grad/qkv.lora_B,outputs_dev/vitb16/T=vtab_Q=3bit_L=lora_2_qkv-fc1-proj-fc2/cifar/20260114184203_default_acc=53.50/tensorboard/Grad_qkv.lora_B_block_0/events.out.tfevents.1768387346.master-192-168-8-48.1680.2,qkv.lora_B,0
1768388865.744788,2642,82.59375,0.04087298735976219,Grad/qkv.lora_B,outputs_dev/vitb16/T=vtab_Q=3bit_L=lora_2_qkv-fc1-proj-fc2/cifar/20260114184203_default_acc=53.50/tensorboard/Grad_qkv.lora_B_block_0/events.out.tfevents.1768387346.master-192-168-8-48.1680.2,qkv.lora_B,0
1768388866.1369867,2643,82.625,0.019903305917978287,Grad/qkv.lora_B,outputs_dev/vitb16/T=vtab_Q=3bit_L=lora_2_qkv-fc1-proj-fc2/cifar/20260114184203_default_acc=53.50/tensorboard/Grad_qkv.lora_B_block_0/events.out.tfevents.1768387346.master-192-168-8-48.1680.2,qkv.lora_B,0
1768388866.5176308,2644,82.65625,0.04099087789654732,Grad/qkv.lora_B,outputs_dev/vitb16/T=vtab_Q=3bit_L=lora_2_qkv-fc1-proj-fc2/cifar/20260114184203_default_acc=53.50/tensorboard/Grad_qkv.lora_B_block_0/events.out.tfevents.1768387346.master-192-168-8-48.1680.2,qkv.lora_B,0
1768388866.9578722,2645,82.6875,0.061196841299533844,Grad/qkv.lora_B,outputs_dev/vitb16/T=vtab_Q=3bit_L=lora_2_qkv-fc1-proj-fc2/cifar/20260114184203_default_acc=53.50/tensorboard/Grad_qkv.lora_B_block_0/events.out.tfevents.1768387346.master-192-168-8-48.1680.2,qkv.lora_B,0
1768388867.352954,2646,82.71875,0.011156628839671612,Grad/qkv.lora_B,outputs_dev/vitb16/T=vtab_Q=3bit_L=lora_2_qkv-fc1-proj-fc2/cifar/20260114184203_default_acc=53.50/tensorboard/Grad_qkv.lora_B_block_0/events.out.tfevents.1768387346.master-192-168-8-48.1680.2,qkv.lora_B,0
1768388867.7444632,2647,82.75,0.025168370455503464,Grad/qkv.lora_B,outputs_dev/vitb16/T=vtab_Q=3bit_L=lora_2_qkv-fc1-proj-fc2/cifar/20260114184203_default_acc=53.50/tensorboard/Grad_qkv.lora_B_block_0/events.out.tfevents.1768387346.master-192-168-8-48.1680.2,qkv.lora_B,0
1768388868.1270945,2648,82.78125,0.10920911282300949,Grad/qkv.lora_B,outputs_dev/vitb16/T=vtab_Q=3bit_L=lora_2_qkv-fc1-proj-fc2/cifar/20260114184203_default_acc=53.50/tensorboard/Grad_qkv.lora_B_block_0/events.out.tfevents.1768387346.master-192-168-8-48.1680.2,qkv.lora_B,0
1768388868.5042188,2649,82.8125,0.04036789387464523,Grad/qkv.lora_B,outputs_dev/vitb16/T=vtab_Q=3bit_L=lora_2_qkv-fc1-proj-fc2/cifar/20260114184203_default_acc=53.50/tensorboard/Grad_qkv.lora_B_block_0/events.out.tfevents.1768387346.master-192-168-8-48.1680.2,qkv.lora_B,0
1768388868.9129589,2650,82.84375,0.017992451786994934,Grad/qkv.lora_B,outputs_dev/vitb16/T=vtab_Q=3bit_L=lora_2_qkv-fc1-proj-fc2/cifar/20260114184203_default_acc=53.50/tensorboard/Grad_qkv.lora_B_block_0/events.out.tfevents.1768387346.master-192-168-8-48.1680.2,qkv.lora_B,0
1768388869.3203175,2651,82.875,0.09126035869121552,Grad/qkv.lora_B,outputs_dev/vitb16/T=vtab_Q=3bit_L=lora_2_qkv-fc1-proj-fc2/cifar/20260114184203_default_acc=53.50/tensorboard/Grad_qkv.lora_B_block_0/events.out.tfevents.1768387346.master-192-168-8-48.1680.2,qkv.lora_B,0
1768388869.705615,2652,82.90625,0.03002234175801277,Grad/qkv.lora_B,outputs_dev/vitb16/T=vtab_Q=3bit_L=lora_2_qkv-fc1-proj-fc2/cifar/20260114184203_default_acc=53.50/tensorboard/Grad_qkv.lora_B_block_0/events.out.tfevents.1768387346.master-192-168-8-48.1680.2,qkv.lora_B,0
1768388870.0888479,2653,82.9375,0.014329509809613228,Grad/qkv.lora_B,outputs_dev/vitb16/T=vtab_Q=3bit_L=lora_2_qkv-fc1-proj-fc2/cifar/20260114184203_default_acc=53.50/tensorboard/Grad_qkv.lora_B_block_0/events.out.tfevents.1768387346.master-192-168-8-48.1680.2,qkv.lora_B,0
1768388870.471975,2654,82.96875,0.02244430221617222,Grad/qkv.lora_B,outputs_dev/vitb16/T=vtab_Q=3bit_L=lora_2_qkv-fc1-proj-fc2/cifar/20260114184203_default_acc=53.50/tensorboard/Grad_qkv.lora_B_block_0/events.out.tfevents.1768387346.master-192-168-8-48.1680.2,qkv.lora_B,0
1768388870.6671765,2655,83.0,0.02671365812420845,Grad/qkv.lora_B,outputs_dev/vitb16/T=vtab_Q=3bit_L=lora_2_qkv-fc1-proj-fc2/cifar/20260114184203_default_acc=53.50/tensorboard/Grad_qkv.lora_B_block_0/events.out.tfevents.1768387346.master-192-168-8-48.1680.2,qkv.lora_B,0
1768388871.445716,2656,83.03125,0.026496022939682007,Grad/qkv.lora_B,outputs_dev/vitb16/T=vtab_Q=3bit_L=lora_2_qkv-fc1-proj-fc2/cifar/20260114184203_default_acc=53.50/tensorboard/Grad_qkv.lora_B_block_0/events.out.tfevents.1768387346.master-192-168-8-48.1680.2,qkv.lora_B,0
1768388871.846677,2657,83.0625,0.026690281927585602,Grad/qkv.lora_B,outputs_dev/vitb16/T=vtab_Q=3bit_L=lora_2_qkv-fc1-proj-fc2/cifar/20260114184203_default_acc=53.50/tensorboard/Grad_qkv.lora_B_block_0/events.out.tfevents.1768387346.master-192-168-8-48.1680.2,qkv.lora_B,0
1768388872.241898,2658,83.09375,0.03646281361579895,Grad/qkv.lora_B,outputs_dev/vitb16/T=vtab_Q=3bit_L=lora_2_qkv-fc1-proj-fc2/cifar/20260114184203_default_acc=53.50/tensorboard/Grad_qkv.lora_B_block_0/events.out.tfevents.1768387346.master-192-168-8-48.1680.2,qkv.lora_B,0
1768388872.6341014,2659,83.125,0.027265574783086777,Grad/qkv.lora_B,outputs_dev/vitb16/T=vtab_Q=3bit_L=lora_2_qkv-fc1-proj-fc2/cifar/20260114184203_default_acc=53.50/tensorboard/Grad_qkv.lora_B_block_0/events.out.tfevents.1768387346.master-192-168-8-48.1680.2,qkv.lora_B,0
1768388873.0300663,2660,83.15625,0.033548060804605484,Grad/qkv.lora_B,outputs_dev/vitb16/T=vtab_Q=3bit_L=lora_2_qkv-fc1-proj-fc2/cifar/20260114184203_default_acc=53.50/tensorboard/Grad_qkv.lora_B_block_0/events.out.tfevents.1768387346.master-192-168-8-48.1680.2,qkv.lora_B,0
1768388873.4253917,2661,83.1875,0.017933275550603867,Grad/qkv.lora_B,outputs_dev/vitb16/T=vtab_Q=3bit_L=lora_2_qkv-fc1-proj-fc2/cifar/20260114184203_default_acc=53.50/tensorboard/Grad_qkv.lora_B_block_0/events.out.tfevents.1768387346.master-192-168-8-48.1680.2,qkv.lora_B,0
1768388873.8211238,2662,83.21875,0.03323644399642944,Grad/qkv.lora_B,outputs_dev/vitb16/T=vtab_Q=3bit_L=lora_2_qkv-fc1-proj-fc2/cifar/20260114184203_default_acc=53.50/tensorboard/Grad_qkv.lora_B_block_0/events.out.tfevents.1768387346.master-192-168-8-48.1680.2,qkv.lora_B,0
1768388874.2173223,2663,83.25,0.009751246310770512,Grad/qkv.lora_B,outputs_dev/vitb16/T=vtab_Q=3bit_L=lora_2_qkv-fc1-proj-fc2/cifar/20260114184203_default_acc=53.50/tensorboard/Grad_qkv.lora_B_block_0/events.out.tfevents.1768387346.master-192-168-8-48.1680.2,qkv.lora_B,0
1768388874.6259212,2664,83.28125,0.01361906435340643,Grad/qkv.lora_B,outputs_dev/vitb16/T=vtab_Q=3bit_L=lora_2_qkv-fc1-proj-fc2/cifar/20260114184203_default_acc=53.50/tensorboard/Grad_qkv.lora_B_block_0/events.out.tfevents.1768387346.master-192-168-8-48.1680.2,qkv.lora_B,0
1768388875.028574,2665,83.3125,0.09168802946805954,Grad/qkv.lora_B,outputs_dev/vitb16/T=vtab_Q=3bit_L=lora_2_qkv-fc1-proj-fc2/cifar/20260114184203_default_acc=53.50/tensorboard/Grad_qkv.lora_B_block_0/events.out.tfevents.1768387346.master-192-168-8-48.1680.2,qkv.lora_B,0
1768388875.4429483,2666,83.34375,0.09775260090827942,Grad/qkv.lora_B,outputs_dev/vitb16/T=vtab_Q=3bit_L=lora_2_qkv-fc1-proj-fc2/cifar/20260114184203_default_acc=53.50/tensorboard/Grad_qkv.lora_B_block_0/events.out.tfevents.1768387346.master-192-168-8-48.1680.2,qkv.lora_B,0
1768388875.8386717,2667,83.375,0.02092719078063965,Grad/qkv.lora_B,outputs_dev/vitb16/T=vtab_Q=3bit_L=lora_2_qkv-fc1-proj-fc2/cifar/20260114184203_default_acc=53.50/tensorboard/Grad_qkv.lora_B_block_0/events.out.tfevents.1768387346.master-192-168-8-48.1680.2,qkv.lora_B,0
1768388876.2496169,2668,83.40625,0.12509800493717194,Grad/qkv.lora_B,outputs_dev/vitb16/T=vtab_Q=3bit_L=lora_2_qkv-fc1-proj-fc2/cifar/20260114184203_default_acc=53.50/tensorboard/Grad_qkv.lora_B_block_0/events.out.tfevents.1768387346.master-192-168-8-48.1680.2,qkv.lora_B,0
1768388876.6411858,2669,83.4375,0.03438505157828331,Grad/qkv.lora_B,outputs_dev/vitb16/T=vtab_Q=3bit_L=lora_2_qkv-fc1-proj-fc2/cifar/20260114184203_default_acc=53.50/tensorboard/Grad_qkv.lora_B_block_0/events.out.tfevents.1768387346.master-192-168-8-48.1680.2,qkv.lora_B,0
1768388877.055071,2670,83.46875,0.04254017397761345,Grad/qkv.lora_B,outputs_dev/vitb16/T=vtab_Q=3bit_L=lora_2_qkv-fc1-proj-fc2/cifar/20260114184203_default_acc=53.50/tensorboard/Grad_qkv.lora_B_block_0/events.out.tfevents.1768387346.master-192-168-8-48.1680.2,qkv.lora_B,0
1768388877.5315099,2671,83.5,0.046300508081912994,Grad/qkv.lora_B,outputs_dev/vitb16/T=vtab_Q=3bit_L=lora_2_qkv-fc1-proj-fc2/cifar/20260114184203_default_acc=53.50/tensorboard/Grad_qkv.lora_B_block_0/events.out.tfevents.1768387346.master-192-168-8-48.1680.2,qkv.lora_B,0
1768388878.0652375,2672,83.53125,0.05114687606692314,Grad/qkv.lora_B,outputs_dev/vitb16/T=vtab_Q=3bit_L=lora_2_qkv-fc1-proj-fc2/cifar/20260114184203_default_acc=53.50/tensorboard/Grad_qkv.lora_B_block_0/events.out.tfevents.1768387346.master-192-168-8-48.1680.2,qkv.lora_B,0
1768388878.4565506,2673,83.5625,0.07922956347465515,Grad/qkv.lora_B,outputs_dev/vitb16/T=vtab_Q=3bit_L=lora_2_qkv-fc1-proj-fc2/cifar/20260114184203_default_acc=53.50/tensorboard/Grad_qkv.lora_B_block_0/events.out.tfevents.1768387346.master-192-168-8-48.1680.2,qkv.lora_B,0
1768388878.861594,2674,83.59375,0.07825702428817749,Grad/qkv.lora_B,outputs_dev/vitb16/T=vtab_Q=3bit_L=lora_2_qkv-fc1-proj-fc2/cifar/20260114184203_default_acc=53.50/tensorboard/Grad_qkv.lora_B_block_0/events.out.tfevents.1768387346.master-192-168-8-48.1680.2,qkv.lora_B,0
1768388879.2546232,2675,83.625,0.08063635975122452,Grad/qkv.lora_B,outputs_dev/vitb16/T=vtab_Q=3bit_L=lora_2_qkv-fc1-proj-fc2/cifar/20260114184203_default_acc=53.50/tensorboard/Grad_qkv.lora_B_block_0/events.out.tfevents.1768387346.master-192-168-8-48.1680.2,qkv.lora_B,0
1768388879.6469786,2676,83.65625,0.012965087778866291,Grad/qkv.lora_B,outputs_dev/vitb16/T=vtab_Q=3bit_L=lora_2_qkv-fc1-proj-fc2/cifar/20260114184203_default_acc=53.50/tensorboard/Grad_qkv.lora_B_block_0/events.out.tfevents.1768387346.master-192-168-8-48.1680.2,qkv.lora_B,0
1768388880.042021,2677,83.6875,0.25021013617515564,Grad/qkv.lora_B,outputs_dev/vitb16/T=vtab_Q=3bit_L=lora_2_qkv-fc1-proj-fc2/cifar/20260114184203_default_acc=53.50/tensorboard/Grad_qkv.lora_B_block_0/events.out.tfevents.1768387346.master-192-168-8-48.1680.2,qkv.lora_B,0
1768388880.4322257,2678,83.71875,0.07535481452941895,Grad/qkv.lora_B,outputs_dev/vitb16/T=vtab_Q=3bit_L=lora_2_qkv-fc1-proj-fc2/cifar/20260114184203_default_acc=53.50/tensorboard/Grad_qkv.lora_B_block_0/events.out.tfevents.1768387346.master-192-168-8-48.1680.2,qkv.lora_B,0
1768388880.8277302,2679,83.75,0.016731472685933113,Grad/qkv.lora_B,outputs_dev/vitb16/T=vtab_Q=3bit_L=lora_2_qkv-fc1-proj-fc2/cifar/20260114184203_default_acc=53.50/tensorboard/Grad_qkv.lora_B_block_0/events.out.tfevents.1768387346.master-192-168-8-48.1680.2,qkv.lora_B,0
1768388881.2227023,2680,83.78125,0.025535834953188896,Grad/qkv.lora_B,outputs_dev/vitb16/T=vtab_Q=3bit_L=lora_2_qkv-fc1-proj-fc2/cifar/20260114184203_default_acc=53.50/tensorboard/Grad_qkv.lora_B_block_0/events.out.tfevents.1768387346.master-192-168-8-48.1680.2,qkv.lora_B,0
1768388881.617507,2681,83.8125,0.046151302754879,Grad/qkv.lora_B,outputs_dev/vitb16/T=vtab_Q=3bit_L=lora_2_qkv-fc1-proj-fc2/cifar/20260114184203_default_acc=53.50/tensorboard/Grad_qkv.lora_B_block_0/events.out.tfevents.1768387346.master-192-168-8-48.1680.2,qkv.lora_B,0
1768388882.0109918,2682,83.84375,0.07376445829868317,Grad/qkv.lora_B,outputs_dev/vitb16/T=vtab_Q=3bit_L=lora_2_qkv-fc1-proj-fc2/cifar/20260114184203_default_acc=53.50/tensorboard/Grad_qkv.lora_B_block_0/events.out.tfevents.1768387346.master-192-168-8-48.1680.2,qkv.lora_B,0
1768388882.403616,2683,83.875,0.3790569305419922,Grad/qkv.lora_B,outputs_dev/vitb16/T=vtab_Q=3bit_L=lora_2_qkv-fc1-proj-fc2/cifar/20260114184203_default_acc=53.50/tensorboard/Grad_qkv.lora_B_block_0/events.out.tfevents.1768387346.master-192-168-8-48.1680.2,qkv.lora_B,0
1768388882.7949147,2684,83.90625,0.07549849897623062,Grad/qkv.lora_B,outputs_dev/vitb16/T=vtab_Q=3bit_L=lora_2_qkv-fc1-proj-fc2/cifar/20260114184203_default_acc=53.50/tensorboard/Grad_qkv.lora_B_block_0/events.out.tfevents.1768387346.master-192-168-8-48.1680.2,qkv.lora_B,0
1768388883.187578,2685,83.9375,0.015252334997057915,Grad/qkv.lora_B,outputs_dev/vitb16/T=vtab_Q=3bit_L=lora_2_qkv-fc1-proj-fc2/cifar/20260114184203_default_acc=53.50/tensorboard/Grad_qkv.lora_B_block_0/events.out.tfevents.1768387346.master-192-168-8-48.1680.2,qkv.lora_B,0
1768388883.5797198,2686,83.96875,0.0903501957654953,Grad/qkv.lora_B,outputs_dev/vitb16/T=vtab_Q=3bit_L=lora_2_qkv-fc1-proj-fc2/cifar/20260114184203_default_acc=53.50/tensorboard/Grad_qkv.lora_B_block_0/events.out.tfevents.1768387346.master-192-168-8-48.1680.2,qkv.lora_B,0
1768388883.774666,2687,84.0,0.030814725905656815,Grad/qkv.lora_B,outputs_dev/vitb16/T=vtab_Q=3bit_L=lora_2_qkv-fc1-proj-fc2/cifar/20260114184203_default_acc=53.50/tensorboard/Grad_qkv.lora_B_block_0/events.out.tfevents.1768387346.master-192-168-8-48.1680.2,qkv.lora_B,0
1768388884.4120457,2688,84.03125,0.025710243731737137,Grad/qkv.lora_B,outputs_dev/vitb16/T=vtab_Q=3bit_L=lora_2_qkv-fc1-proj-fc2/cifar/20260114184203_default_acc=53.50/tensorboard/Grad_qkv.lora_B_block_0/events.out.tfevents.1768387346.master-192-168-8-48.1680.2,qkv.lora_B,0
1768388884.821112,2689,84.0625,0.034218065440654755,Grad/qkv.lora_B,outputs_dev/vitb16/T=vtab_Q=3bit_L=lora_2_qkv-fc1-proj-fc2/cifar/20260114184203_default_acc=53.50/tensorboard/Grad_qkv.lora_B_block_0/events.out.tfevents.1768387346.master-192-168-8-48.1680.2,qkv.lora_B,0
1768388885.2185886,2690,84.09375,0.16962884366512299,Grad/qkv.lora_B,outputs_dev/vitb16/T=vtab_Q=3bit_L=lora_2_qkv-fc1-proj-fc2/cifar/20260114184203_default_acc=53.50/tensorboard/Grad_qkv.lora_B_block_0/events.out.tfevents.1768387346.master-192-168-8-48.1680.2,qkv.lora_B,0
1768388885.6245852,2691,84.125,0.2775169312953949,Grad/qkv.lora_B,outputs_dev/vitb16/T=vtab_Q=3bit_L=lora_2_qkv-fc1-proj-fc2/cifar/20260114184203_default_acc=53.50/tensorboard/Grad_qkv.lora_B_block_0/events.out.tfevents.1768387346.master-192-168-8-48.1680.2,qkv.lora_B,0
1768388886.0159895,2692,84.15625,0.5957835912704468,Grad/qkv.lora_B,outputs_dev/vitb16/T=vtab_Q=3bit_L=lora_2_qkv-fc1-proj-fc2/cifar/20260114184203_default_acc=53.50/tensorboard/Grad_qkv.lora_B_block_0/events.out.tfevents.1768387346.master-192-168-8-48.1680.2,qkv.lora_B,0
1768388886.4090047,2693,84.1875,0.10658881068229675,Grad/qkv.lora_B,outputs_dev/vitb16/T=vtab_Q=3bit_L=lora_2_qkv-fc1-proj-fc2/cifar/20260114184203_default_acc=53.50/tensorboard/Grad_qkv.lora_B_block_0/events.out.tfevents.1768387346.master-192-168-8-48.1680.2,qkv.lora_B,0
1768388886.799833,2694,84.21875,0.02490481175482273,Grad/qkv.lora_B,outputs_dev/vitb16/T=vtab_Q=3bit_L=lora_2_qkv-fc1-proj-fc2/cifar/20260114184203_default_acc=53.50/tensorboard/Grad_qkv.lora_B_block_0/events.out.tfevents.1768387346.master-192-168-8-48.1680.2,qkv.lora_B,0
1768388887.190819,2695,84.25,0.011621762067079544,Grad/qkv.lora_B,outputs_dev/vitb16/T=vtab_Q=3bit_L=lora_2_qkv-fc1-proj-fc2/cifar/20260114184203_default_acc=53.50/tensorboard/Grad_qkv.lora_B_block_0/events.out.tfevents.1768387346.master-192-168-8-48.1680.2,qkv.lora_B,0
1768388887.5840685,2696,84.28125,0.2068578153848648,Grad/qkv.lora_B,outputs_dev/vitb16/T=vtab_Q=3bit_L=lora_2_qkv-fc1-proj-fc2/cifar/20260114184203_default_acc=53.50/tensorboard/Grad_qkv.lora_B_block_0/events.out.tfevents.1768387346.master-192-168-8-48.1680.2,qkv.lora_B,0
1768388887.9760432,2697,84.3125,0.0789107158780098,Grad/qkv.lora_B,outputs_dev/vitb16/T=vtab_Q=3bit_L=lora_2_qkv-fc1-proj-fc2/cifar/20260114184203_default_acc=53.50/tensorboard/Grad_qkv.lora_B_block_0/events.out.tfevents.1768387346.master-192-168-8-48.1680.2,qkv.lora_B,0
1768388888.3674,2698,84.34375,0.04788399487733841,Grad/qkv.lora_B,outputs_dev/vitb16/T=vtab_Q=3bit_L=lora_2_qkv-fc1-proj-fc2/cifar/20260114184203_default_acc=53.50/tensorboard/Grad_qkv.lora_B_block_0/events.out.tfevents.1768387346.master-192-168-8-48.1680.2,qkv.lora_B,0
1768388888.762443,2699,84.375,0.013890724629163742,Grad/qkv.lora_B,outputs_dev/vitb16/T=vtab_Q=3bit_L=lora_2_qkv-fc1-proj-fc2/cifar/20260114184203_default_acc=53.50/tensorboard/Grad_qkv.lora_B_block_0/events.out.tfevents.1768387346.master-192-168-8-48.1680.2,qkv.lora_B,0
1768388889.1536977,2700,84.40625,0.06589330732822418,Grad/qkv.lora_B,outputs_dev/vitb16/T=vtab_Q=3bit_L=lora_2_qkv-fc1-proj-fc2/cifar/20260114184203_default_acc=53.50/tensorboard/Grad_qkv.lora_B_block_0/events.out.tfevents.1768387346.master-192-168-8-48.1680.2,qkv.lora_B,0
1768388889.545421,2701,84.4375,0.11054404824972153,Grad/qkv.lora_B,outputs_dev/vitb16/T=vtab_Q=3bit_L=lora_2_qkv-fc1-proj-fc2/cifar/20260114184203_default_acc=53.50/tensorboard/Grad_qkv.lora_B_block_0/events.out.tfevents.1768387346.master-192-168-8-48.1680.2,qkv.lora_B,0
1768388889.9393167,2702,84.46875,0.2776237726211548,Grad/qkv.lora_B,outputs_dev/vitb16/T=vtab_Q=3bit_L=lora_2_qkv-fc1-proj-fc2/cifar/20260114184203_default_acc=53.50/tensorboard/Grad_qkv.lora_B_block_0/events.out.tfevents.1768387346.master-192-168-8-48.1680.2,qkv.lora_B,0
1768388890.330431,2703,84.5,0.04416807368397713,Grad/qkv.lora_B,outputs_dev/vitb16/T=vtab_Q=3bit_L=lora_2_qkv-fc1-proj-fc2/cifar/20260114184203_default_acc=53.50/tensorboard/Grad_qkv.lora_B_block_0/events.out.tfevents.1768387346.master-192-168-8-48.1680.2,qkv.lora_B,0
1768388890.723651,2704,84.53125,0.05384136736392975,Grad/qkv.lora_B,outputs_dev/vitb16/T=vtab_Q=3bit_L=lora_2_qkv-fc1-proj-fc2/cifar/20260114184203_default_acc=53.50/tensorboard/Grad_qkv.lora_B_block_0/events.out.tfevents.1768387346.master-192-168-8-48.1680.2,qkv.lora_B,0
1768388891.114686,2705,84.5625,0.010921846143901348,Grad/qkv.lora_B,outputs_dev/vitb16/T=vtab_Q=3bit_L=lora_2_qkv-fc1-proj-fc2/cifar/20260114184203_default_acc=53.50/tensorboard/Grad_qkv.lora_B_block_0/events.out.tfevents.1768387346.master-192-168-8-48.1680.2,qkv.lora_B,0
1768388891.5060182,2706,84.59375,0.027786744758486748,Grad/qkv.lora_B,outputs_dev/vitb16/T=vtab_Q=3bit_L=lora_2_qkv-fc1-proj-fc2/cifar/20260114184203_default_acc=53.50/tensorboard/Grad_qkv.lora_B_block_0/events.out.tfevents.1768387346.master-192-168-8-48.1680.2,qkv.lora_B,0
1768388891.8979025,2707,84.625,0.09079736471176147,Grad/qkv.lora_B,outputs_dev/vitb16/T=vtab_Q=3bit_L=lora_2_qkv-fc1-proj-fc2/cifar/20260114184203_default_acc=53.50/tensorboard/Grad_qkv.lora_B_block_0/events.out.tfevents.1768387346.master-192-168-8-48.1680.2,qkv.lora_B,0
1768388892.2920213,2708,84.65625,0.04050278663635254,Grad/qkv.lora_B,outputs_dev/vitb16/T=vtab_Q=3bit_L=lora_2_qkv-fc1-proj-fc2/cifar/20260114184203_default_acc=53.50/tensorboard/Grad_qkv.lora_B_block_0/events.out.tfevents.1768387346.master-192-168-8-48.1680.2,qkv.lora_B,0
1768388892.6846006,2709,84.6875,0.08839460462331772,Grad/qkv.lora_B,outputs_dev/vitb16/T=vtab_Q=3bit_L=lora_2_qkv-fc1-proj-fc2/cifar/20260114184203_default_acc=53.50/tensorboard/Grad_qkv.lora_B_block_0/events.out.tfevents.1768387346.master-192-168-8-48.1680.2,qkv.lora_B,0
1768388893.0766797,2710,84.71875,0.09651623666286469,Grad/qkv.lora_B,outputs_dev/vitb16/T=vtab_Q=3bit_L=lora_2_qkv-fc1-proj-fc2/cifar/20260114184203_default_acc=53.50/tensorboard/Grad_qkv.lora_B_block_0/events.out.tfevents.1768387346.master-192-168-8-48.1680.2,qkv.lora_B,0
1768388893.4718294,2711,84.75,0.024429256096482277,Grad/qkv.lora_B,outputs_dev/vitb16/T=vtab_Q=3bit_L=lora_2_qkv-fc1-proj-fc2/cifar/20260114184203_default_acc=53.50/tensorboard/Grad_qkv.lora_B_block_0/events.out.tfevents.1768387346.master-192-168-8-48.1680.2,qkv.lora_B,0
1768388893.873865,2712,84.78125,0.0707474946975708,Grad/qkv.lora_B,outputs_dev/vitb16/T=vtab_Q=3bit_L=lora_2_qkv-fc1-proj-fc2/cifar/20260114184203_default_acc=53.50/tensorboard/Grad_qkv.lora_B_block_0/events.out.tfevents.1768387346.master-192-168-8-48.1680.2,qkv.lora_B,0
1768388894.3309255,2713,84.8125,0.19177848100662231,Grad/qkv.lora_B,outputs_dev/vitb16/T=vtab_Q=3bit_L=lora_2_qkv-fc1-proj-fc2/cifar/20260114184203_default_acc=53.50/tensorboard/Grad_qkv.lora_B_block_0/events.out.tfevents.1768387346.master-192-168-8-48.1680.2,qkv.lora_B,0
1768388894.8587317,2714,84.84375,0.020021874457597733,Grad/qkv.lora_B,outputs_dev/vitb16/T=vtab_Q=3bit_L=lora_2_qkv-fc1-proj-fc2/cifar/20260114184203_default_acc=53.50/tensorboard/Grad_qkv.lora_B_block_0/events.out.tfevents.1768387346.master-192-168-8-48.1680.2,qkv.lora_B,0
1768388895.253321,2715,84.875,0.043133679777383804,Grad/qkv.lora_B,outputs_dev/vitb16/T=vtab_Q=3bit_L=lora_2_qkv-fc1-proj-fc2/cifar/20260114184203_default_acc=53.50/tensorboard/Grad_qkv.lora_B_block_0/events.out.tfevents.1768387346.master-192-168-8-48.1680.2,qkv.lora_B,0
1768388895.6970096,2716,84.90625,0.013654420152306557,Grad/qkv.lora_B,outputs_dev/vitb16/T=vtab_Q=3bit_L=lora_2_qkv-fc1-proj-fc2/cifar/20260114184203_default_acc=53.50/tensorboard/Grad_qkv.lora_B_block_0/events.out.tfevents.1768387346.master-192-168-8-48.1680.2,qkv.lora_B,0
1768388896.1078432,2717,84.9375,0.09618580341339111,Grad/qkv.lora_B,outputs_dev/vitb16/T=vtab_Q=3bit_L=lora_2_qkv-fc1-proj-fc2/cifar/20260114184203_default_acc=53.50/tensorboard/Grad_qkv.lora_B_block_0/events.out.tfevents.1768387346.master-192-168-8-48.1680.2,qkv.lora_B,0
1768388896.5176961,2718,84.96875,0.019845498725771904,Grad/qkv.lora_B,outputs_dev/vitb16/T=vtab_Q=3bit_L=lora_2_qkv-fc1-proj-fc2/cifar/20260114184203_default_acc=53.50/tensorboard/Grad_qkv.lora_B_block_0/events.out.tfevents.1768387346.master-192-168-8-48.1680.2,qkv.lora_B,0
1768388896.7114825,2719,85.0,0.22209498286247253,Grad/qkv.lora_B,outputs_dev/vitb16/T=vtab_Q=3bit_L=lora_2_qkv-fc1-proj-fc2/cifar/20260114184203_default_acc=53.50/tensorboard/Grad_qkv.lora_B_block_0/events.out.tfevents.1768387346.master-192-168-8-48.1680.2,qkv.lora_B,0
1768388897.362944,2720,85.03125,0.02121818996965885,Grad/qkv.lora_B,outputs_dev/vitb16/T=vtab_Q=3bit_L=lora_2_qkv-fc1-proj-fc2/cifar/20260114184203_default_acc=53.50/tensorboard/Grad_qkv.lora_B_block_0/events.out.tfevents.1768387346.master-192-168-8-48.1680.2,qkv.lora_B,0
1768388897.7582126,2721,85.0625,0.01996351219713688,Grad/qkv.lora_B,outputs_dev/vitb16/T=vtab_Q=3bit_L=lora_2_qkv-fc1-proj-fc2/cifar/20260114184203_default_acc=53.50/tensorboard/Grad_qkv.lora_B_block_0/events.out.tfevents.1768387346.master-192-168-8-48.1680.2,qkv.lora_B,0
1768388898.164814,2722,85.09375,0.03071505017578602,Grad/qkv.lora_B,outputs_dev/vitb16/T=vtab_Q=3bit_L=lora_2_qkv-fc1-proj-fc2/cifar/20260114184203_default_acc=53.50/tensorboard/Grad_qkv.lora_B_block_0/events.out.tfevents.1768387346.master-192-168-8-48.1680.2,qkv.lora_B,0
1768388898.5560074,2723,85.125,0.02015663869678974,Grad/qkv.lora_B,outputs_dev/vitb16/T=vtab_Q=3bit_L=lora_2_qkv-fc1-proj-fc2/cifar/20260114184203_default_acc=53.50/tensorboard/Grad_qkv.lora_B_block_0/events.out.tfevents.1768387346.master-192-168-8-48.1680.2,qkv.lora_B,0
1768388898.9606369,2724,85.15625,0.0666620135307312,Grad/qkv.lora_B,outputs_dev/vitb16/T=vtab_Q=3bit_L=lora_2_qkv-fc1-proj-fc2/cifar/20260114184203_default_acc=53.50/tensorboard/Grad_qkv.lora_B_block_0/events.out.tfevents.1768387346.master-192-168-8-48.1680.2,qkv.lora_B,0
1768388899.3539345,2725,85.1875,0.04594750329852104,Grad/qkv.lora_B,outputs_dev/vitb16/T=vtab_Q=3bit_L=lora_2_qkv-fc1-proj-fc2/cifar/20260114184203_default_acc=53.50/tensorboard/Grad_qkv.lora_B_block_0/events.out.tfevents.1768387346.master-192-168-8-48.1680.2,qkv.lora_B,0
1768388899.8019974,2726,85.21875,0.11140788346529007,Grad/qkv.lora_B,outputs_dev/vitb16/T=vtab_Q=3bit_L=lora_2_qkv-fc1-proj-fc2/cifar/20260114184203_default_acc=53.50/tensorboard/Grad_qkv.lora_B_block_0/events.out.tfevents.1768387346.master-192-168-8-48.1680.2,qkv.lora_B,0
1768388900.1989558,2727,85.25,0.2689237892627716,Grad/qkv.lora_B,outputs_dev/vitb16/T=vtab_Q=3bit_L=lora_2_qkv-fc1-proj-fc2/cifar/20260114184203_default_acc=53.50/tensorboard/Grad_qkv.lora_B_block_0/events.out.tfevents.1768387346.master-192-168-8-48.1680.2,qkv.lora_B,0
1768388900.5934925,2728,85.28125,0.12099754810333252,Grad/qkv.lora_B,outputs_dev/vitb16/T=vtab_Q=3bit_L=lora_2_qkv-fc1-proj-fc2/cifar/20260114184203_default_acc=53.50/tensorboard/Grad_qkv.lora_B_block_0/events.out.tfevents.1768387346.master-192-168-8-48.1680.2,qkv.lora_B,0
1768388900.9854627,2729,85.3125,0.03904755413532257,Grad/qkv.lora_B,outputs_dev/vitb16/T=vtab_Q=3bit_L=lora_2_qkv-fc1-proj-fc2/cifar/20260114184203_default_acc=53.50/tensorboard/Grad_qkv.lora_B_block_0/events.out.tfevents.1768387346.master-192-168-8-48.1680.2,qkv.lora_B,0
1768388901.373974,2730,85.34375,0.014338524080812931,Grad/qkv.lora_B,outputs_dev/vitb16/T=vtab_Q=3bit_L=lora_2_qkv-fc1-proj-fc2/cifar/20260114184203_default_acc=53.50/tensorboard/Grad_qkv.lora_B_block_0/events.out.tfevents.1768387346.master-192-168-8-48.1680.2,qkv.lora_B,0
1768388901.7900846,2731,85.375,0.023277204483747482,Grad/qkv.lora_B,outputs_dev/vitb16/T=vtab_Q=3bit_L=lora_2_qkv-fc1-proj-fc2/cifar/20260114184203_default_acc=53.50/tensorboard/Grad_qkv.lora_B_block_0/events.out.tfevents.1768387346.master-192-168-8-48.1680.2,qkv.lora_B,0
1768388902.1863537,2732,85.40625,0.03208041936159134,Grad/qkv.lora_B,outputs_dev/vitb16/T=vtab_Q=3bit_L=lora_2_qkv-fc1-proj-fc2/cifar/20260114184203_default_acc=53.50/tensorboard/Grad_qkv.lora_B_block_0/events.out.tfevents.1768387346.master-192-168-8-48.1680.2,qkv.lora_B,0
1768388902.6034799,2733,85.4375,0.05043087899684906,Grad/qkv.lora_B,outputs_dev/vitb16/T=vtab_Q=3bit_L=lora_2_qkv-fc1-proj-fc2/cifar/20260114184203_default_acc=53.50/tensorboard/Grad_qkv.lora_B_block_0/events.out.tfevents.1768387346.master-192-168-8-48.1680.2,qkv.lora_B,0
1768388902.994735,2734,85.46875,0.049120210111141205,Grad/qkv.lora_B,outputs_dev/vitb16/T=vtab_Q=3bit_L=lora_2_qkv-fc1-proj-fc2/cifar/20260114184203_default_acc=53.50/tensorboard/Grad_qkv.lora_B_block_0/events.out.tfevents.1768387346.master-192-168-8-48.1680.2,qkv.lora_B,0
1768388903.3828034,2735,85.5,0.011649633757770061,Grad/qkv.lora_B,outputs_dev/vitb16/T=vtab_Q=3bit_L=lora_2_qkv-fc1-proj-fc2/cifar/20260114184203_default_acc=53.50/tensorboard/Grad_qkv.lora_B_block_0/events.out.tfevents.1768387346.master-192-168-8-48.1680.2,qkv.lora_B,0
1768388903.7684894,2736,85.53125,0.02613081969320774,Grad/qkv.lora_B,outputs_dev/vitb16/T=vtab_Q=3bit_L=lora_2_qkv-fc1-proj-fc2/cifar/20260114184203_default_acc=53.50/tensorboard/Grad_qkv.lora_B_block_0/events.out.tfevents.1768387346.master-192-168-8-48.1680.2,qkv.lora_B,0
1768388904.176507,2737,85.5625,0.0896419808268547,Grad/qkv.lora_B,outputs_dev/vitb16/T=vtab_Q=3bit_L=lora_2_qkv-fc1-proj-fc2/cifar/20260114184203_default_acc=53.50/tensorboard/Grad_qkv.lora_B_block_0/events.out.tfevents.1768387346.master-192-168-8-48.1680.2,qkv.lora_B,0
1768388904.5711305,2738,85.59375,0.03125947713851929,Grad/qkv.lora_B,outputs_dev/vitb16/T=vtab_Q=3bit_L=lora_2_qkv-fc1-proj-fc2/cifar/20260114184203_default_acc=53.50/tensorboard/Grad_qkv.lora_B_block_0/events.out.tfevents.1768387346.master-192-168-8-48.1680.2,qkv.lora_B,0
1768388904.967579,2739,85.625,0.13716323673725128,Grad/qkv.lora_B,outputs_dev/vitb16/T=vtab_Q=3bit_L=lora_2_qkv-fc1-proj-fc2/cifar/20260114184203_default_acc=53.50/tensorboard/Grad_qkv.lora_B_block_0/events.out.tfevents.1768387346.master-192-168-8-48.1680.2,qkv.lora_B,0
1768388905.3620887,2740,85.65625,0.6836313009262085,Grad/qkv.lora_B,outputs_dev/vitb16/T=vtab_Q=3bit_L=lora_2_qkv-fc1-proj-fc2/cifar/20260114184203_default_acc=53.50/tensorboard/Grad_qkv.lora_B_block_0/events.out.tfevents.1768387346.master-192-168-8-48.1680.2,qkv.lora_B,0
1768388905.761059,2741,85.6875,0.02278265915811062,Grad/qkv.lora_B,outputs_dev/vitb16/T=vtab_Q=3bit_L=lora_2_qkv-fc1-proj-fc2/cifar/20260114184203_default_acc=53.50/tensorboard/Grad_qkv.lora_B_block_0/events.out.tfevents.1768387346.master-192-168-8-48.1680.2,qkv.lora_B,0
1768388906.1565127,2742,85.71875,0.029978549107909203,Grad/qkv.lora_B,outputs_dev/vitb16/T=vtab_Q=3bit_L=lora_2_qkv-fc1-proj-fc2/cifar/20260114184203_default_acc=53.50/tensorboard/Grad_qkv.lora_B_block_0/events.out.tfevents.1768387346.master-192-168-8-48.1680.2,qkv.lora_B,0
1768388906.56167,2743,85.75,0.03945779427886009,Grad/qkv.lora_B,outputs_dev/vitb16/T=vtab_Q=3bit_L=lora_2_qkv-fc1-proj-fc2/cifar/20260114184203_default_acc=53.50/tensorboard/Grad_qkv.lora_B_block_0/events.out.tfevents.1768387346.master-192-168-8-48.1680.2,qkv.lora_B,0
1768388906.9611073,2744,85.78125,0.0766938105225563,Grad/qkv.lora_B,outputs_dev/vitb16/T=vtab_Q=3bit_L=lora_2_qkv-fc1-proj-fc2/cifar/20260114184203_default_acc=53.50/tensorboard/Grad_qkv.lora_B_block_0/events.out.tfevents.1768387346.master-192-168-8-48.1680.2,qkv.lora_B,0
1768388907.3752801,2745,85.8125,0.03505447879433632,Grad/qkv.lora_B,outputs_dev/vitb16/T=vtab_Q=3bit_L=lora_2_qkv-fc1-proj-fc2/cifar/20260114184203_default_acc=53.50/tensorboard/Grad_qkv.lora_B_block_0/events.out.tfevents.1768387346.master-192-168-8-48.1680.2,qkv.lora_B,0
1768388907.7682433,2746,85.84375,0.023308563977479935,Grad/qkv.lora_B,outputs_dev/vitb16/T=vtab_Q=3bit_L=lora_2_qkv-fc1-proj-fc2/cifar/20260114184203_default_acc=53.50/tensorboard/Grad_qkv.lora_B_block_0/events.out.tfevents.1768387346.master-192-168-8-48.1680.2,qkv.lora_B,0
1768388908.202348,2747,85.875,0.02396981604397297,Grad/qkv.lora_B,outputs_dev/vitb16/T=vtab_Q=3bit_L=lora_2_qkv-fc1-proj-fc2/cifar/20260114184203_default_acc=53.50/tensorboard/Grad_qkv.lora_B_block_0/events.out.tfevents.1768387346.master-192-168-8-48.1680.2,qkv.lora_B,0
1768388908.598317,2748,85.90625,0.04585575684905052,Grad/qkv.lora_B,outputs_dev/vitb16/T=vtab_Q=3bit_L=lora_2_qkv-fc1-proj-fc2/cifar/20260114184203_default_acc=53.50/tensorboard/Grad_qkv.lora_B_block_0/events.out.tfevents.1768387346.master-192-168-8-48.1680.2,qkv.lora_B,0
1768388908.9914002,2749,85.9375,0.11813962459564209,Grad/qkv.lora_B,outputs_dev/vitb16/T=vtab_Q=3bit_L=lora_2_qkv-fc1-proj-fc2/cifar/20260114184203_default_acc=53.50/tensorboard/Grad_qkv.lora_B_block_0/events.out.tfevents.1768387346.master-192-168-8-48.1680.2,qkv.lora_B,0
1768388909.3960593,2750,85.96875,0.14663642644882202,Grad/qkv.lora_B,outputs_dev/vitb16/T=vtab_Q=3bit_L=lora_2_qkv-fc1-proj-fc2/cifar/20260114184203_default_acc=53.50/tensorboard/Grad_qkv.lora_B_block_0/events.out.tfevents.1768387346.master-192-168-8-48.1680.2,qkv.lora_B,0
1768388909.6077898,2751,86.0,0.018804095685482025,Grad/qkv.lora_B,outputs_dev/vitb16/T=vtab_Q=3bit_L=lora_2_qkv-fc1-proj-fc2/cifar/20260114184203_default_acc=53.50/tensorboard/Grad_qkv.lora_B_block_0/events.out.tfevents.1768387346.master-192-168-8-48.1680.2,qkv.lora_B,0
1768388910.2905295,2752,86.03125,0.033059559762477875,Grad/qkv.lora_B,outputs_dev/vitb16/T=vtab_Q=3bit_L=lora_2_qkv-fc1-proj-fc2/cifar/20260114184203_default_acc=53.50/tensorboard/Grad_qkv.lora_B_block_0/events.out.tfevents.1768387346.master-192-168-8-48.1680.2,qkv.lora_B,0
1768388910.7014713,2753,86.0625,0.037865668535232544,Grad/qkv.lora_B,outputs_dev/vitb16/T=vtab_Q=3bit_L=lora_2_qkv-fc1-proj-fc2/cifar/20260114184203_default_acc=53.50/tensorboard/Grad_qkv.lora_B_block_0/events.out.tfevents.1768387346.master-192-168-8-48.1680.2,qkv.lora_B,0
1768388911.0834448,2754,86.09375,0.34997886419296265,Grad/qkv.lora_B,outputs_dev/vitb16/T=vtab_Q=3bit_L=lora_2_qkv-fc1-proj-fc2/cifar/20260114184203_default_acc=53.50/tensorboard/Grad_qkv.lora_B_block_0/events.out.tfevents.1768387346.master-192-168-8-48.1680.2,qkv.lora_B,0
1768388911.4750028,2755,86.125,0.039200372993946075,Grad/qkv.lora_B,outputs_dev/vitb16/T=vtab_Q=3bit_L=lora_2_qkv-fc1-proj-fc2/cifar/20260114184203_default_acc=53.50/tensorboard/Grad_qkv.lora_B_block_0/events.out.tfevents.1768387346.master-192-168-8-48.1680.2,qkv.lora_B,0
1768388911.8663907,2756,86.15625,0.014404346235096455,Grad/qkv.lora_B,outputs_dev/vitb16/T=vtab_Q=3bit_L=lora_2_qkv-fc1-proj-fc2/cifar/20260114184203_default_acc=53.50/tensorboard/Grad_qkv.lora_B_block_0/events.out.tfevents.1768387346.master-192-168-8-48.1680.2,qkv.lora_B,0
1768388912.260399,2757,86.1875,0.024232987314462662,Grad/qkv.lora_B,outputs_dev/vitb16/T=vtab_Q=3bit_L=lora_2_qkv-fc1-proj-fc2/cifar/20260114184203_default_acc=53.50/tensorboard/Grad_qkv.lora_B_block_0/events.out.tfevents.1768387346.master-192-168-8-48.1680.2,qkv.lora_B,0
1768388912.6545954,2758,86.21875,0.1784931868314743,Grad/qkv.lora_B,outputs_dev/vitb16/T=vtab_Q=3bit_L=lora_2_qkv-fc1-proj-fc2/cifar/20260114184203_default_acc=53.50/tensorboard/Grad_qkv.lora_B_block_0/events.out.tfevents.1768387346.master-192-168-8-48.1680.2,qkv.lora_B,0
1768388913.0474424,2759,86.25,0.029004080221056938,Grad/qkv.lora_B,outputs_dev/vitb16/T=vtab_Q=3bit_L=lora_2_qkv-fc1-proj-fc2/cifar/20260114184203_default_acc=53.50/tensorboard/Grad_qkv.lora_B_block_0/events.out.tfevents.1768387346.master-192-168-8-48.1680.2,qkv.lora_B,0
1768388913.4411025,2760,86.28125,0.039721716195344925,Grad/qkv.lora_B,outputs_dev/vitb16/T=vtab_Q=3bit_L=lora_2_qkv-fc1-proj-fc2/cifar/20260114184203_default_acc=53.50/tensorboard/Grad_qkv.lora_B_block_0/events.out.tfevents.1768387346.master-192-168-8-48.1680.2,qkv.lora_B,0
1768388913.8345006,2761,86.3125,0.14977620542049408,Grad/qkv.lora_B,outputs_dev/vitb16/T=vtab_Q=3bit_L=lora_2_qkv-fc1-proj-fc2/cifar/20260114184203_default_acc=53.50/tensorboard/Grad_qkv.lora_B_block_0/events.out.tfevents.1768387346.master-192-168-8-48.1680.2,qkv.lora_B,0
1768388914.2313042,2762,86.34375,0.0382096990942955,Grad/qkv.lora_B,outputs_dev/vitb16/T=vtab_Q=3bit_L=lora_2_qkv-fc1-proj-fc2/cifar/20260114184203_default_acc=53.50/tensorboard/Grad_qkv.lora_B_block_0/events.out.tfevents.1768387346.master-192-168-8-48.1680.2,qkv.lora_B,0
1768388914.627852,2763,86.375,0.02147415280342102,Grad/qkv.lora_B,outputs_dev/vitb16/T=vtab_Q=3bit_L=lora_2_qkv-fc1-proj-fc2/cifar/20260114184203_default_acc=53.50/tensorboard/Grad_qkv.lora_B_block_0/events.out.tfevents.1768387346.master-192-168-8-48.1680.2,qkv.lora_B,0
1768388915.023365,2764,86.40625,0.04880871996283531,Grad/qkv.lora_B,outputs_dev/vitb16/T=vtab_Q=3bit_L=lora_2_qkv-fc1-proj-fc2/cifar/20260114184203_default_acc=53.50/tensorboard/Grad_qkv.lora_B_block_0/events.out.tfevents.1768387346.master-192-168-8-48.1680.2,qkv.lora_B,0
1768388915.4164672,2765,86.4375,0.0609346367418766,Grad/qkv.lora_B,outputs_dev/vitb16/T=vtab_Q=3bit_L=lora_2_qkv-fc1-proj-fc2/cifar/20260114184203_default_acc=53.50/tensorboard/Grad_qkv.lora_B_block_0/events.out.tfevents.1768387346.master-192-168-8-48.1680.2,qkv.lora_B,0
1768388915.8293657,2766,86.46875,0.026091504842042923,Grad/qkv.lora_B,outputs_dev/vitb16/T=vtab_Q=3bit_L=lora_2_qkv-fc1-proj-fc2/cifar/20260114184203_default_acc=53.50/tensorboard/Grad_qkv.lora_B_block_0/events.out.tfevents.1768387346.master-192-168-8-48.1680.2,qkv.lora_B,0
1768388916.2244432,2767,86.5,0.03576551005244255,Grad/qkv.lora_B,outputs_dev/vitb16/T=vtab_Q=3bit_L=lora_2_qkv-fc1-proj-fc2/cifar/20260114184203_default_acc=53.50/tensorboard/Grad_qkv.lora_B_block_0/events.out.tfevents.1768387346.master-192-168-8-48.1680.2,qkv.lora_B,0
1768388916.6202142,2768,86.53125,0.1980454921722412,Grad/qkv.lora_B,outputs_dev/vitb16/T=vtab_Q=3bit_L=lora_2_qkv-fc1-proj-fc2/cifar/20260114184203_default_acc=53.50/tensorboard/Grad_qkv.lora_B_block_0/events.out.tfevents.1768387346.master-192-168-8-48.1680.2,qkv.lora_B,0
1768388917.0174458,2769,86.5625,0.034619055688381195,Grad/qkv.lora_B,outputs_dev/vitb16/T=vtab_Q=3bit_L=lora_2_qkv-fc1-proj-fc2/cifar/20260114184203_default_acc=53.50/tensorboard/Grad_qkv.lora_B_block_0/events.out.tfevents.1768387346.master-192-168-8-48.1680.2,qkv.lora_B,0
1768388917.4139538,2770,86.59375,0.060945525765419006,Grad/qkv.lora_B,outputs_dev/vitb16/T=vtab_Q=3bit_L=lora_2_qkv-fc1-proj-fc2/cifar/20260114184203_default_acc=53.50/tensorboard/Grad_qkv.lora_B_block_0/events.out.tfevents.1768387346.master-192-168-8-48.1680.2,qkv.lora_B,0
1768388917.808564,2771,86.625,0.2383783757686615,Grad/qkv.lora_B,outputs_dev/vitb16/T=vtab_Q=3bit_L=lora_2_qkv-fc1-proj-fc2/cifar/20260114184203_default_acc=53.50/tensorboard/Grad_qkv.lora_B_block_0/events.out.tfevents.1768387346.master-192-168-8-48.1680.2,qkv.lora_B,0
1768388918.280674,2772,86.65625,0.06371667236089706,Grad/qkv.lora_B,outputs_dev/vitb16/T=vtab_Q=3bit_L=lora_2_qkv-fc1-proj-fc2/cifar/20260114184203_default_acc=53.50/tensorboard/Grad_qkv.lora_B_block_0/events.out.tfevents.1768387346.master-192-168-8-48.1680.2,qkv.lora_B,0
1768388918.678358,2773,86.6875,0.037723686546087265,Grad/qkv.lora_B,outputs_dev/vitb16/T=vtab_Q=3bit_L=lora_2_qkv-fc1-proj-fc2/cifar/20260114184203_default_acc=53.50/tensorboard/Grad_qkv.lora_B_block_0/events.out.tfevents.1768387346.master-192-168-8-48.1680.2,qkv.lora_B,0
1768388919.0796018,2774,86.71875,0.04827773943543434,Grad/qkv.lora_B,outputs_dev/vitb16/T=vtab_Q=3bit_L=lora_2_qkv-fc1-proj-fc2/cifar/20260114184203_default_acc=53.50/tensorboard/Grad_qkv.lora_B_block_0/events.out.tfevents.1768387346.master-192-168-8-48.1680.2,qkv.lora_B,0
1768388919.4758966,2775,86.75,0.04167700931429863,Grad/qkv.lora_B,outputs_dev/vitb16/T=vtab_Q=3bit_L=lora_2_qkv-fc1-proj-fc2/cifar/20260114184203_default_acc=53.50/tensorboard/Grad_qkv.lora_B_block_0/events.out.tfevents.1768387346.master-192-168-8-48.1680.2,qkv.lora_B,0
1768388919.874503,2776,86.78125,0.04889972507953644,Grad/qkv.lora_B,outputs_dev/vitb16/T=vtab_Q=3bit_L=lora_2_qkv-fc1-proj-fc2/cifar/20260114184203_default_acc=53.50/tensorboard/Grad_qkv.lora_B_block_0/events.out.tfevents.1768387346.master-192-168-8-48.1680.2,qkv.lora_B,0
1768388920.288569,2777,86.8125,0.040656253695487976,Grad/qkv.lora_B,outputs_dev/vitb16/T=vtab_Q=3bit_L=lora_2_qkv-fc1-proj-fc2/cifar/20260114184203_default_acc=53.50/tensorboard/Grad_qkv.lora_B_block_0/events.out.tfevents.1768387346.master-192-168-8-48.1680.2,qkv.lora_B,0
1768388920.7015052,2778,86.84375,0.03114762343466282,Grad/qkv.lora_B,outputs_dev/vitb16/T=vtab_Q=3bit_L=lora_2_qkv-fc1-proj-fc2/cifar/20260114184203_default_acc=53.50/tensorboard/Grad_qkv.lora_B_block_0/events.out.tfevents.1768387346.master-192-168-8-48.1680.2,qkv.lora_B,0
1768388921.111517,2779,86.875,0.0569375641644001,Grad/qkv.lora_B,outputs_dev/vitb16/T=vtab_Q=3bit_L=lora_2_qkv-fc1-proj-fc2/cifar/20260114184203_default_acc=53.50/tensorboard/Grad_qkv.lora_B_block_0/events.out.tfevents.1768387346.master-192-168-8-48.1680.2,qkv.lora_B,0
1768388921.515799,2780,86.90625,0.01671765372157097,Grad/qkv.lora_B,outputs_dev/vitb16/T=vtab_Q=3bit_L=lora_2_qkv-fc1-proj-fc2/cifar/20260114184203_default_acc=53.50/tensorboard/Grad_qkv.lora_B_block_0/events.out.tfevents.1768387346.master-192-168-8-48.1680.2,qkv.lora_B,0
1768388921.906593,2781,86.9375,0.04130144789814949,Grad/qkv.lora_B,outputs_dev/vitb16/T=vtab_Q=3bit_L=lora_2_qkv-fc1-proj-fc2/cifar/20260114184203_default_acc=53.50/tensorboard/Grad_qkv.lora_B_block_0/events.out.tfevents.1768387346.master-192-168-8-48.1680.2,qkv.lora_B,0
1768388922.3004007,2782,86.96875,0.17267176508903503,Grad/qkv.lora_B,outputs_dev/vitb16/T=vtab_Q=3bit_L=lora_2_qkv-fc1-proj-fc2/cifar/20260114184203_default_acc=53.50/tensorboard/Grad_qkv.lora_B_block_0/events.out.tfevents.1768387346.master-192-168-8-48.1680.2,qkv.lora_B,0
1768388922.496383,2783,87.0,0.16207927465438843,Grad/qkv.lora_B,outputs_dev/vitb16/T=vtab_Q=3bit_L=lora_2_qkv-fc1-proj-fc2/cifar/20260114184203_default_acc=53.50/tensorboard/Grad_qkv.lora_B_block_0/events.out.tfevents.1768387346.master-192-168-8-48.1680.2,qkv.lora_B,0
1768388923.158098,2784,87.03125,0.08907397836446762,Grad/qkv.lora_B,outputs_dev/vitb16/T=vtab_Q=3bit_L=lora_2_qkv-fc1-proj-fc2/cifar/20260114184203_default_acc=53.50/tensorboard/Grad_qkv.lora_B_block_0/events.out.tfevents.1768387346.master-192-168-8-48.1680.2,qkv.lora_B,0
1768388923.5530622,2785,87.0625,0.023662811145186424,Grad/qkv.lora_B,outputs_dev/vitb16/T=vtab_Q=3bit_L=lora_2_qkv-fc1-proj-fc2/cifar/20260114184203_default_acc=53.50/tensorboard/Grad_qkv.lora_B_block_0/events.out.tfevents.1768387346.master-192-168-8-48.1680.2,qkv.lora_B,0
1768388923.9462888,2786,87.09375,0.1588493436574936,Grad/qkv.lora_B,outputs_dev/vitb16/T=vtab_Q=3bit_L=lora_2_qkv-fc1-proj-fc2/cifar/20260114184203_default_acc=53.50/tensorboard/Grad_qkv.lora_B_block_0/events.out.tfevents.1768387346.master-192-168-8-48.1680.2,qkv.lora_B,0
1768388924.343001,2787,87.125,0.02424684911966324,Grad/qkv.lora_B,outputs_dev/vitb16/T=vtab_Q=3bit_L=lora_2_qkv-fc1-proj-fc2/cifar/20260114184203_default_acc=53.50/tensorboard/Grad_qkv.lora_B_block_0/events.out.tfevents.1768387346.master-192-168-8-48.1680.2,qkv.lora_B,0
1768388924.7527196,2788,87.15625,0.024295371025800705,Grad/qkv.lora_B,outputs_dev/vitb16/T=vtab_Q=3bit_L=lora_2_qkv-fc1-proj-fc2/cifar/20260114184203_default_acc=53.50/tensorboard/Grad_qkv.lora_B_block_0/events.out.tfevents.1768387346.master-192-168-8-48.1680.2,qkv.lora_B,0
1768388925.1741168,2789,87.1875,0.037921398878097534,Grad/qkv.lora_B,outputs_dev/vitb16/T=vtab_Q=3bit_L=lora_2_qkv-fc1-proj-fc2/cifar/20260114184203_default_acc=53.50/tensorboard/Grad_qkv.lora_B_block_0/events.out.tfevents.1768387346.master-192-168-8-48.1680.2,qkv.lora_B,0
1768388925.5653296,2790,87.21875,0.03823675960302353,Grad/qkv.lora_B,outputs_dev/vitb16/T=vtab_Q=3bit_L=lora_2_qkv-fc1-proj-fc2/cifar/20260114184203_default_acc=53.50/tensorboard/Grad_qkv.lora_B_block_0/events.out.tfevents.1768387346.master-192-168-8-48.1680.2,qkv.lora_B,0
1768388925.9722824,2791,87.25,0.015393496491014957,Grad/qkv.lora_B,outputs_dev/vitb16/T=vtab_Q=3bit_L=lora_2_qkv-fc1-proj-fc2/cifar/20260114184203_default_acc=53.50/tensorboard/Grad_qkv.lora_B_block_0/events.out.tfevents.1768387346.master-192-168-8-48.1680.2,qkv.lora_B,0
1768388926.376986,2792,87.28125,0.032451603561639786,Grad/qkv.lora_B,outputs_dev/vitb16/T=vtab_Q=3bit_L=lora_2_qkv-fc1-proj-fc2/cifar/20260114184203_default_acc=53.50/tensorboard/Grad_qkv.lora_B_block_0/events.out.tfevents.1768387346.master-192-168-8-48.1680.2,qkv.lora_B,0
1768388926.7872226,2793,87.3125,0.0735316351056099,Grad/qkv.lora_B,outputs_dev/vitb16/T=vtab_Q=3bit_L=lora_2_qkv-fc1-proj-fc2/cifar/20260114184203_default_acc=53.50/tensorboard/Grad_qkv.lora_B_block_0/events.out.tfevents.1768387346.master-192-168-8-48.1680.2,qkv.lora_B,0
1768388927.1786764,2794,87.34375,0.06578309834003448,Grad/qkv.lora_B,outputs_dev/vitb16/T=vtab_Q=3bit_L=lora_2_qkv-fc1-proj-fc2/cifar/20260114184203_default_acc=53.50/tensorboard/Grad_qkv.lora_B_block_0/events.out.tfevents.1768387346.master-192-168-8-48.1680.2,qkv.lora_B,0
1768388927.5580091,2795,87.375,0.07811177521944046,Grad/qkv.lora_B,outputs_dev/vitb16/T=vtab_Q=3bit_L=lora_2_qkv-fc1-proj-fc2/cifar/20260114184203_default_acc=53.50/tensorboard/Grad_qkv.lora_B_block_0/events.out.tfevents.1768387346.master-192-168-8-48.1680.2,qkv.lora_B,0
1768388927.9483292,2796,87.40625,0.014691751450300217,Grad/qkv.lora_B,outputs_dev/vitb16/T=vtab_Q=3bit_L=lora_2_qkv-fc1-proj-fc2/cifar/20260114184203_default_acc=53.50/tensorboard/Grad_qkv.lora_B_block_0/events.out.tfevents.1768387346.master-192-168-8-48.1680.2,qkv.lora_B,0
1768388928.3585508,2797,87.4375,0.05414450913667679,Grad/qkv.lora_B,outputs_dev/vitb16/T=vtab_Q=3bit_L=lora_2_qkv-fc1-proj-fc2/cifar/20260114184203_default_acc=53.50/tensorboard/Grad_qkv.lora_B_block_0/events.out.tfevents.1768387346.master-192-168-8-48.1680.2,qkv.lora_B,0
1768388928.775106,2798,87.46875,0.013783559203147888,Grad/qkv.lora_B,outputs_dev/vitb16/T=vtab_Q=3bit_L=lora_2_qkv-fc1-proj-fc2/cifar/20260114184203_default_acc=53.50/tensorboard/Grad_qkv.lora_B_block_0/events.out.tfevents.1768387346.master-192-168-8-48.1680.2,qkv.lora_B,0
1768388929.1608672,2799,87.5,0.013091777451336384,Grad/qkv.lora_B,outputs_dev/vitb16/T=vtab_Q=3bit_L=lora_2_qkv-fc1-proj-fc2/cifar/20260114184203_default_acc=53.50/tensorboard/Grad_qkv.lora_B_block_0/events.out.tfevents.1768387346.master-192-168-8-48.1680.2,qkv.lora_B,0
1768388929.5493162,2800,87.53125,0.01113117579370737,Grad/qkv.lora_B,outputs_dev/vitb16/T=vtab_Q=3bit_L=lora_2_qkv-fc1-proj-fc2/cifar/20260114184203_default_acc=53.50/tensorboard/Grad_qkv.lora_B_block_0/events.out.tfevents.1768387346.master-192-168-8-48.1680.2,qkv.lora_B,0
1768388929.9441621,2801,87.5625,0.03311597928404808,Grad/qkv.lora_B,outputs_dev/vitb16/T=vtab_Q=3bit_L=lora_2_qkv-fc1-proj-fc2/cifar/20260114184203_default_acc=53.50/tensorboard/Grad_qkv.lora_B_block_0/events.out.tfevents.1768387346.master-192-168-8-48.1680.2,qkv.lora_B,0
1768388930.3440285,2802,87.59375,0.0972614735364914,Grad/qkv.lora_B,outputs_dev/vitb16/T=vtab_Q=3bit_L=lora_2_qkv-fc1-proj-fc2/cifar/20260114184203_default_acc=53.50/tensorboard/Grad_qkv.lora_B_block_0/events.out.tfevents.1768387346.master-192-168-8-48.1680.2,qkv.lora_B,0
1768388930.7278068,2803,87.625,0.47460922598838806,Grad/qkv.lora_B,outputs_dev/vitb16/T=vtab_Q=3bit_L=lora_2_qkv-fc1-proj-fc2/cifar/20260114184203_default_acc=53.50/tensorboard/Grad_qkv.lora_B_block_0/events.out.tfevents.1768387346.master-192-168-8-48.1680.2,qkv.lora_B,0
1768388931.1425636,2804,87.65625,0.11908352375030518,Grad/qkv.lora_B,outputs_dev/vitb16/T=vtab_Q=3bit_L=lora_2_qkv-fc1-proj-fc2/cifar/20260114184203_default_acc=53.50/tensorboard/Grad_qkv.lora_B_block_0/events.out.tfevents.1768387346.master-192-168-8-48.1680.2,qkv.lora_B,0
1768388931.556473,2805,87.6875,0.15384699404239655,Grad/qkv.lora_B,outputs_dev/vitb16/T=vtab_Q=3bit_L=lora_2_qkv-fc1-proj-fc2/cifar/20260114184203_default_acc=53.50/tensorboard/Grad_qkv.lora_B_block_0/events.out.tfevents.1768387346.master-192-168-8-48.1680.2,qkv.lora_B,0
1768388931.9664311,2806,87.71875,0.033231448382139206,Grad/qkv.lora_B,outputs_dev/vitb16/T=vtab_Q=3bit_L=lora_2_qkv-fc1-proj-fc2/cifar/20260114184203_default_acc=53.50/tensorboard/Grad_qkv.lora_B_block_0/events.out.tfevents.1768387346.master-192-168-8-48.1680.2,qkv.lora_B,0
1768388932.373334,2807,87.75,0.06267553567886353,Grad/qkv.lora_B,outputs_dev/vitb16/T=vtab_Q=3bit_L=lora_2_qkv-fc1-proj-fc2/cifar/20260114184203_default_acc=53.50/tensorboard/Grad_qkv.lora_B_block_0/events.out.tfevents.1768387346.master-192-168-8-48.1680.2,qkv.lora_B,0
1768388932.78458,2808,87.78125,0.061189163476228714,Grad/qkv.lora_B,outputs_dev/vitb16/T=vtab_Q=3bit_L=lora_2_qkv-fc1-proj-fc2/cifar/20260114184203_default_acc=53.50/tensorboard/Grad_qkv.lora_B_block_0/events.out.tfevents.1768387346.master-192-168-8-48.1680.2,qkv.lora_B,0
1768388933.1987798,2809,87.8125,0.015627123415470123,Grad/qkv.lora_B,outputs_dev/vitb16/T=vtab_Q=3bit_L=lora_2_qkv-fc1-proj-fc2/cifar/20260114184203_default_acc=53.50/tensorboard/Grad_qkv.lora_B_block_0/events.out.tfevents.1768387346.master-192-168-8-48.1680.2,qkv.lora_B,0
1768388933.5932572,2810,87.84375,0.1283540576696396,Grad/qkv.lora_B,outputs_dev/vitb16/T=vtab_Q=3bit_L=lora_2_qkv-fc1-proj-fc2/cifar/20260114184203_default_acc=53.50/tensorboard/Grad_qkv.lora_B_block_0/events.out.tfevents.1768387346.master-192-168-8-48.1680.2,qkv.lora_B,0
1768388933.9898205,2811,87.875,0.13465286791324615,Grad/qkv.lora_B,outputs_dev/vitb16/T=vtab_Q=3bit_L=lora_2_qkv-fc1-proj-fc2/cifar/20260114184203_default_acc=53.50/tensorboard/Grad_qkv.lora_B_block_0/events.out.tfevents.1768387346.master-192-168-8-48.1680.2,qkv.lora_B,0
1768388934.3862891,2812,87.90625,0.03947758674621582,Grad/qkv.lora_B,outputs_dev/vitb16/T=vtab_Q=3bit_L=lora_2_qkv-fc1-proj-fc2/cifar/20260114184203_default_acc=53.50/tensorboard/Grad_qkv.lora_B_block_0/events.out.tfevents.1768387346.master-192-168-8-48.1680.2,qkv.lora_B,0
1768388934.7821376,2813,87.9375,0.07695911824703217,Grad/qkv.lora_B,outputs_dev/vitb16/T=vtab_Q=3bit_L=lora_2_qkv-fc1-proj-fc2/cifar/20260114184203_default_acc=53.50/tensorboard/Grad_qkv.lora_B_block_0/events.out.tfevents.1768387346.master-192-168-8-48.1680.2,qkv.lora_B,0
1768388935.1781702,2814,87.96875,0.023459792137145996,Grad/qkv.lora_B,outputs_dev/vitb16/T=vtab_Q=3bit_L=lora_2_qkv-fc1-proj-fc2/cifar/20260114184203_default_acc=53.50/tensorboard/Grad_qkv.lora_B_block_0/events.out.tfevents.1768387346.master-192-168-8-48.1680.2,qkv.lora_B,0
1768388935.36476,2815,88.0,0.05002829059958458,Grad/qkv.lora_B,outputs_dev/vitb16/T=vtab_Q=3bit_L=lora_2_qkv-fc1-proj-fc2/cifar/20260114184203_default_acc=53.50/tensorboard/Grad_qkv.lora_B_block_0/events.out.tfevents.1768387346.master-192-168-8-48.1680.2,qkv.lora_B,0
1768388935.953079,2816,88.03125,0.2314007729291916,Grad/qkv.lora_B,outputs_dev/vitb16/T=vtab_Q=3bit_L=lora_2_qkv-fc1-proj-fc2/cifar/20260114184203_default_acc=53.50/tensorboard/Grad_qkv.lora_B_block_0/events.out.tfevents.1768387346.master-192-168-8-48.1680.2,qkv.lora_B,0
1768388936.373988,2817,88.0625,0.017933489754796028,Grad/qkv.lora_B,outputs_dev/vitb16/T=vtab_Q=3bit_L=lora_2_qkv-fc1-proj-fc2/cifar/20260114184203_default_acc=53.50/tensorboard/Grad_qkv.lora_B_block_0/events.out.tfevents.1768387346.master-192-168-8-48.1680.2,qkv.lora_B,0
1768388936.7828546,2818,88.09375,0.023769840598106384,Grad/qkv.lora_B,outputs_dev/vitb16/T=vtab_Q=3bit_L=lora_2_qkv-fc1-proj-fc2/cifar/20260114184203_default_acc=53.50/tensorboard/Grad_qkv.lora_B_block_0/events.out.tfevents.1768387346.master-192-168-8-48.1680.2,qkv.lora_B,0
1768388937.176708,2819,88.125,0.22187122702598572,Grad/qkv.lora_B,outputs_dev/vitb16/T=vtab_Q=3bit_L=lora_2_qkv-fc1-proj-fc2/cifar/20260114184203_default_acc=53.50/tensorboard/Grad_qkv.lora_B_block_0/events.out.tfevents.1768387346.master-192-168-8-48.1680.2,qkv.lora_B,0
1768388937.5897152,2820,88.15625,0.02659197524189949,Grad/qkv.lora_B,outputs_dev/vitb16/T=vtab_Q=3bit_L=lora_2_qkv-fc1-proj-fc2/cifar/20260114184203_default_acc=53.50/tensorboard/Grad_qkv.lora_B_block_0/events.out.tfevents.1768387346.master-192-168-8-48.1680.2,qkv.lora_B,0
1768388938.0216322,2821,88.1875,0.021700222045183182,Grad/qkv.lora_B,outputs_dev/vitb16/T=vtab_Q=3bit_L=lora_2_qkv-fc1-proj-fc2/cifar/20260114184203_default_acc=53.50/tensorboard/Grad_qkv.lora_B_block_0/events.out.tfevents.1768387346.master-192-168-8-48.1680.2,qkv.lora_B,0
1768388938.418587,2822,88.21875,0.04893392696976662,Grad/qkv.lora_B,outputs_dev/vitb16/T=vtab_Q=3bit_L=lora_2_qkv-fc1-proj-fc2/cifar/20260114184203_default_acc=53.50/tensorboard/Grad_qkv.lora_B_block_0/events.out.tfevents.1768387346.master-192-168-8-48.1680.2,qkv.lora_B,0
1768388938.8113158,2823,88.25,0.04120833799242973,Grad/qkv.lora_B,outputs_dev/vitb16/T=vtab_Q=3bit_L=lora_2_qkv-fc1-proj-fc2/cifar/20260114184203_default_acc=53.50/tensorboard/Grad_qkv.lora_B_block_0/events.out.tfevents.1768387346.master-192-168-8-48.1680.2,qkv.lora_B,0
1768388939.2093241,2824,88.28125,0.035192567855119705,Grad/qkv.lora_B,outputs_dev/vitb16/T=vtab_Q=3bit_L=lora_2_qkv-fc1-proj-fc2/cifar/20260114184203_default_acc=53.50/tensorboard/Grad_qkv.lora_B_block_0/events.out.tfevents.1768387346.master-192-168-8-48.1680.2,qkv.lora_B,0
1768388939.5905883,2825,88.3125,0.03840803727507591,Grad/qkv.lora_B,outputs_dev/vitb16/T=vtab_Q=3bit_L=lora_2_qkv-fc1-proj-fc2/cifar/20260114184203_default_acc=53.50/tensorboard/Grad_qkv.lora_B_block_0/events.out.tfevents.1768387346.master-192-168-8-48.1680.2,qkv.lora_B,0
1768388939.9743497,2826,88.34375,0.038168083876371384,Grad/qkv.lora_B,outputs_dev/vitb16/T=vtab_Q=3bit_L=lora_2_qkv-fc1-proj-fc2/cifar/20260114184203_default_acc=53.50/tensorboard/Grad_qkv.lora_B_block_0/events.out.tfevents.1768387346.master-192-168-8-48.1680.2,qkv.lora_B,0
1768388940.3678029,2827,88.375,0.03142944350838661,Grad/qkv.lora_B,outputs_dev/vitb16/T=vtab_Q=3bit_L=lora_2_qkv-fc1-proj-fc2/cifar/20260114184203_default_acc=53.50/tensorboard/Grad_qkv.lora_B_block_0/events.out.tfevents.1768387346.master-192-168-8-48.1680.2,qkv.lora_B,0
1768388940.8422585,2828,88.40625,0.025556903332471848,Grad/qkv.lora_B,outputs_dev/vitb16/T=vtab_Q=3bit_L=lora_2_qkv-fc1-proj-fc2/cifar/20260114184203_default_acc=53.50/tensorboard/Grad_qkv.lora_B_block_0/events.out.tfevents.1768387346.master-192-168-8-48.1680.2,qkv.lora_B,0
1768388941.2270858,2829,88.4375,0.05281807482242584,Grad/qkv.lora_B,outputs_dev/vitb16/T=vtab_Q=3bit_L=lora_2_qkv-fc1-proj-fc2/cifar/20260114184203_default_acc=53.50/tensorboard/Grad_qkv.lora_B_block_0/events.out.tfevents.1768387346.master-192-168-8-48.1680.2,qkv.lora_B,0
1768388941.6146874,2830,88.46875,0.01821262389421463,Grad/qkv.lora_B,outputs_dev/vitb16/T=vtab_Q=3bit_L=lora_2_qkv-fc1-proj-fc2/cifar/20260114184203_default_acc=53.50/tensorboard/Grad_qkv.lora_B_block_0/events.out.tfevents.1768387346.master-192-168-8-48.1680.2,qkv.lora_B,0
1768388941.9999232,2831,88.5,0.115525983273983,Grad/qkv.lora_B,outputs_dev/vitb16/T=vtab_Q=3bit_L=lora_2_qkv-fc1-proj-fc2/cifar/20260114184203_default_acc=53.50/tensorboard/Grad_qkv.lora_B_block_0/events.out.tfevents.1768387346.master-192-168-8-48.1680.2,qkv.lora_B,0
1768388942.3856826,2832,88.53125,0.02759578824043274,Grad/qkv.lora_B,outputs_dev/vitb16/T=vtab_Q=3bit_L=lora_2_qkv-fc1-proj-fc2/cifar/20260114184203_default_acc=53.50/tensorboard/Grad_qkv.lora_B_block_0/events.out.tfevents.1768387346.master-192-168-8-48.1680.2,qkv.lora_B,0
1768388942.786942,2833,88.5625,0.013215222395956516,Grad/qkv.lora_B,outputs_dev/vitb16/T=vtab_Q=3bit_L=lora_2_qkv-fc1-proj-fc2/cifar/20260114184203_default_acc=53.50/tensorboard/Grad_qkv.lora_B_block_0/events.out.tfevents.1768387346.master-192-168-8-48.1680.2,qkv.lora_B,0
1768388943.1961784,2834,88.59375,0.20857352018356323,Grad/qkv.lora_B,outputs_dev/vitb16/T=vtab_Q=3bit_L=lora_2_qkv-fc1-proj-fc2/cifar/20260114184203_default_acc=53.50/tensorboard/Grad_qkv.lora_B_block_0/events.out.tfevents.1768387346.master-192-168-8-48.1680.2,qkv.lora_B,0
1768388943.5965412,2835,88.625,0.036133669316768646,Grad/qkv.lora_B,outputs_dev/vitb16/T=vtab_Q=3bit_L=lora_2_qkv-fc1-proj-fc2/cifar/20260114184203_default_acc=53.50/tensorboard/Grad_qkv.lora_B_block_0/events.out.tfevents.1768387346.master-192-168-8-48.1680.2,qkv.lora_B,0
1768388943.9899902,2836,88.65625,0.026176128536462784,Grad/qkv.lora_B,outputs_dev/vitb16/T=vtab_Q=3bit_L=lora_2_qkv-fc1-proj-fc2/cifar/20260114184203_default_acc=53.50/tensorboard/Grad_qkv.lora_B_block_0/events.out.tfevents.1768387346.master-192-168-8-48.1680.2,qkv.lora_B,0
1768388944.4063392,2837,88.6875,0.006324684247374535,Grad/qkv.lora_B,outputs_dev/vitb16/T=vtab_Q=3bit_L=lora_2_qkv-fc1-proj-fc2/cifar/20260114184203_default_acc=53.50/tensorboard/Grad_qkv.lora_B_block_0/events.out.tfevents.1768387346.master-192-168-8-48.1680.2,qkv.lora_B,0
1768388944.8014786,2838,88.71875,0.01379153411835432,Grad/qkv.lora_B,outputs_dev/vitb16/T=vtab_Q=3bit_L=lora_2_qkv-fc1-proj-fc2/cifar/20260114184203_default_acc=53.50/tensorboard/Grad_qkv.lora_B_block_0/events.out.tfevents.1768387346.master-192-168-8-48.1680.2,qkv.lora_B,0
1768388945.193054,2839,88.75,0.00944330170750618,Grad/qkv.lora_B,outputs_dev/vitb16/T=vtab_Q=3bit_L=lora_2_qkv-fc1-proj-fc2/cifar/20260114184203_default_acc=53.50/tensorboard/Grad_qkv.lora_B_block_0/events.out.tfevents.1768387346.master-192-168-8-48.1680.2,qkv.lora_B,0
1768388945.5874543,2840,88.78125,0.31576842069625854,Grad/qkv.lora_B,outputs_dev/vitb16/T=vtab_Q=3bit_L=lora_2_qkv-fc1-proj-fc2/cifar/20260114184203_default_acc=53.50/tensorboard/Grad_qkv.lora_B_block_0/events.out.tfevents.1768387346.master-192-168-8-48.1680.2,qkv.lora_B,0
1768388945.984653,2841,88.8125,0.05958026275038719,Grad/qkv.lora_B,outputs_dev/vitb16/T=vtab_Q=3bit_L=lora_2_qkv-fc1-proj-fc2/cifar/20260114184203_default_acc=53.50/tensorboard/Grad_qkv.lora_B_block_0/events.out.tfevents.1768387346.master-192-168-8-48.1680.2,qkv.lora_B,0
1768388946.3767207,2842,88.84375,0.035780441015958786,Grad/qkv.lora_B,outputs_dev/vitb16/T=vtab_Q=3bit_L=lora_2_qkv-fc1-proj-fc2/cifar/20260114184203_default_acc=53.50/tensorboard/Grad_qkv.lora_B_block_0/events.out.tfevents.1768387346.master-192-168-8-48.1680.2,qkv.lora_B,0
1768388946.771206,2843,88.875,0.05453666299581528,Grad/qkv.lora_B,outputs_dev/vitb16/T=vtab_Q=3bit_L=lora_2_qkv-fc1-proj-fc2/cifar/20260114184203_default_acc=53.50/tensorboard/Grad_qkv.lora_B_block_0/events.out.tfevents.1768387346.master-192-168-8-48.1680.2,qkv.lora_B,0
1768388947.1642272,2844,88.90625,0.02726619318127632,Grad/qkv.lora_B,outputs_dev/vitb16/T=vtab_Q=3bit_L=lora_2_qkv-fc1-proj-fc2/cifar/20260114184203_default_acc=53.50/tensorboard/Grad_qkv.lora_B_block_0/events.out.tfevents.1768387346.master-192-168-8-48.1680.2,qkv.lora_B,0
1768388947.555845,2845,88.9375,0.07355332374572754,Grad/qkv.lora_B,outputs_dev/vitb16/T=vtab_Q=3bit_L=lora_2_qkv-fc1-proj-fc2/cifar/20260114184203_default_acc=53.50/tensorboard/Grad_qkv.lora_B_block_0/events.out.tfevents.1768387346.master-192-168-8-48.1680.2,qkv.lora_B,0
1768388947.9472136,2846,88.96875,0.018434302881360054,Grad/qkv.lora_B,outputs_dev/vitb16/T=vtab_Q=3bit_L=lora_2_qkv-fc1-proj-fc2/cifar/20260114184203_default_acc=53.50/tensorboard/Grad_qkv.lora_B_block_0/events.out.tfevents.1768387346.master-192-168-8-48.1680.2,qkv.lora_B,0
1768388948.1223967,2847,89.0,0.029003610834479332,Grad/qkv.lora_B,outputs_dev/vitb16/T=vtab_Q=3bit_L=lora_2_qkv-fc1-proj-fc2/cifar/20260114184203_default_acc=53.50/tensorboard/Grad_qkv.lora_B_block_0/events.out.tfevents.1768387346.master-192-168-8-48.1680.2,qkv.lora_B,0
1768388948.7787504,2848,89.03125,0.046035367995500565,Grad/qkv.lora_B,outputs_dev/vitb16/T=vtab_Q=3bit_L=lora_2_qkv-fc1-proj-fc2/cifar/20260114184203_default_acc=53.50/tensorboard/Grad_qkv.lora_B_block_0/events.out.tfevents.1768387346.master-192-168-8-48.1680.2,qkv.lora_B,0
1768388949.1867564,2849,89.0625,0.01971781998872757,Grad/qkv.lora_B,outputs_dev/vitb16/T=vtab_Q=3bit_L=lora_2_qkv-fc1-proj-fc2/cifar/20260114184203_default_acc=53.50/tensorboard/Grad_qkv.lora_B_block_0/events.out.tfevents.1768387346.master-192-168-8-48.1680.2,qkv.lora_B,0
1768388949.5842834,2850,89.09375,0.03451628237962723,Grad/qkv.lora_B,outputs_dev/vitb16/T=vtab_Q=3bit_L=lora_2_qkv-fc1-proj-fc2/cifar/20260114184203_default_acc=53.50/tensorboard/Grad_qkv.lora_B_block_0/events.out.tfevents.1768387346.master-192-168-8-48.1680.2,qkv.lora_B,0
1768388949.9962125,2851,89.125,0.03341281786561012,Grad/qkv.lora_B,outputs_dev/vitb16/T=vtab_Q=3bit_L=lora_2_qkv-fc1-proj-fc2/cifar/20260114184203_default_acc=53.50/tensorboard/Grad_qkv.lora_B_block_0/events.out.tfevents.1768387346.master-192-168-8-48.1680.2,qkv.lora_B,0
1768388950.3920457,2852,89.15625,0.2188972383737564,Grad/qkv.lora_B,outputs_dev/vitb16/T=vtab_Q=3bit_L=lora_2_qkv-fc1-proj-fc2/cifar/20260114184203_default_acc=53.50/tensorboard/Grad_qkv.lora_B_block_0/events.out.tfevents.1768387346.master-192-168-8-48.1680.2,qkv.lora_B,0
1768388950.7983463,2853,89.1875,0.030847305431962013,Grad/qkv.lora_B,outputs_dev/vitb16/T=vtab_Q=3bit_L=lora_2_qkv-fc1-proj-fc2/cifar/20260114184203_default_acc=53.50/tensorboard/Grad_qkv.lora_B_block_0/events.out.tfevents.1768387346.master-192-168-8-48.1680.2,qkv.lora_B,0
1768388951.2088122,2854,89.21875,0.05007665976881981,Grad/qkv.lora_B,outputs_dev/vitb16/T=vtab_Q=3bit_L=lora_2_qkv-fc1-proj-fc2/cifar/20260114184203_default_acc=53.50/tensorboard/Grad_qkv.lora_B_block_0/events.out.tfevents.1768387346.master-192-168-8-48.1680.2,qkv.lora_B,0
1768388951.6176803,2855,89.25,0.025430746376514435,Grad/qkv.lora_B,outputs_dev/vitb16/T=vtab_Q=3bit_L=lora_2_qkv-fc1-proj-fc2/cifar/20260114184203_default_acc=53.50/tensorboard/Grad_qkv.lora_B_block_0/events.out.tfevents.1768387346.master-192-168-8-48.1680.2,qkv.lora_B,0
1768388952.0213785,2856,89.28125,0.06832239031791687,Grad/qkv.lora_B,outputs_dev/vitb16/T=vtab_Q=3bit_L=lora_2_qkv-fc1-proj-fc2/cifar/20260114184203_default_acc=53.50/tensorboard/Grad_qkv.lora_B_block_0/events.out.tfevents.1768387346.master-192-168-8-48.1680.2,qkv.lora_B,0
1768388952.4160733,2857,89.3125,0.07407243549823761,Grad/qkv.lora_B,outputs_dev/vitb16/T=vtab_Q=3bit_L=lora_2_qkv-fc1-proj-fc2/cifar/20260114184203_default_acc=53.50/tensorboard/Grad_qkv.lora_B_block_0/events.out.tfevents.1768387346.master-192-168-8-48.1680.2,qkv.lora_B,0
1768388952.8088818,2858,89.34375,0.07729601114988327,Grad/qkv.lora_B,outputs_dev/vitb16/T=vtab_Q=3bit_L=lora_2_qkv-fc1-proj-fc2/cifar/20260114184203_default_acc=53.50/tensorboard/Grad_qkv.lora_B_block_0/events.out.tfevents.1768387346.master-192-168-8-48.1680.2,qkv.lora_B,0
1768388953.2045677,2859,89.375,0.07343056052923203,Grad/qkv.lora_B,outputs_dev/vitb16/T=vtab_Q=3bit_L=lora_2_qkv-fc1-proj-fc2/cifar/20260114184203_default_acc=53.50/tensorboard/Grad_qkv.lora_B_block_0/events.out.tfevents.1768387346.master-192-168-8-48.1680.2,qkv.lora_B,0
1768388953.5983055,2860,89.40625,0.021691294386982918,Grad/qkv.lora_B,outputs_dev/vitb16/T=vtab_Q=3bit_L=lora_2_qkv-fc1-proj-fc2/cifar/20260114184203_default_acc=53.50/tensorboard/Grad_qkv.lora_B_block_0/events.out.tfevents.1768387346.master-192-168-8-48.1680.2,qkv.lora_B,0
1768388953.9788706,2861,89.4375,0.09612622112035751,Grad/qkv.lora_B,outputs_dev/vitb16/T=vtab_Q=3bit_L=lora_2_qkv-fc1-proj-fc2/cifar/20260114184203_default_acc=53.50/tensorboard/Grad_qkv.lora_B_block_0/events.out.tfevents.1768387346.master-192-168-8-48.1680.2,qkv.lora_B,0
1768388954.3655043,2862,89.46875,0.07437700778245926,Grad/qkv.lora_B,outputs_dev/vitb16/T=vtab_Q=3bit_L=lora_2_qkv-fc1-proj-fc2/cifar/20260114184203_default_acc=53.50/tensorboard/Grad_qkv.lora_B_block_0/events.out.tfevents.1768387346.master-192-168-8-48.1680.2,qkv.lora_B,0
1768388954.7602587,2863,89.5,0.09210415184497833,Grad/qkv.lora_B,outputs_dev/vitb16/T=vtab_Q=3bit_L=lora_2_qkv-fc1-proj-fc2/cifar/20260114184203_default_acc=53.50/tensorboard/Grad_qkv.lora_B_block_0/events.out.tfevents.1768387346.master-192-168-8-48.1680.2,qkv.lora_B,0
1768388955.1662457,2864,89.53125,0.020625293254852295,Grad/qkv.lora_B,outputs_dev/vitb16/T=vtab_Q=3bit_L=lora_2_qkv-fc1-proj-fc2/cifar/20260114184203_default_acc=53.50/tensorboard/Grad_qkv.lora_B_block_0/events.out.tfevents.1768387346.master-192-168-8-48.1680.2,qkv.lora_B,0
1768388955.5929768,2865,89.5625,0.019018474966287613,Grad/qkv.lora_B,outputs_dev/vitb16/T=vtab_Q=3bit_L=lora_2_qkv-fc1-proj-fc2/cifar/20260114184203_default_acc=53.50/tensorboard/Grad_qkv.lora_B_block_0/events.out.tfevents.1768387346.master-192-168-8-48.1680.2,qkv.lora_B,0
1768388956.003266,2866,89.59375,0.05188622325658798,Grad/qkv.lora_B,outputs_dev/vitb16/T=vtab_Q=3bit_L=lora_2_qkv-fc1-proj-fc2/cifar/20260114184203_default_acc=53.50/tensorboard/Grad_qkv.lora_B_block_0/events.out.tfevents.1768387346.master-192-168-8-48.1680.2,qkv.lora_B,0
1768388956.396437,2867,89.625,0.015837032347917557,Grad/qkv.lora_B,outputs_dev/vitb16/T=vtab_Q=3bit_L=lora_2_qkv-fc1-proj-fc2/cifar/20260114184203_default_acc=53.50/tensorboard/Grad_qkv.lora_B_block_0/events.out.tfevents.1768387346.master-192-168-8-48.1680.2,qkv.lora_B,0
1768388956.7874286,2868,89.65625,0.043990205973386765,Grad/qkv.lora_B,outputs_dev/vitb16/T=vtab_Q=3bit_L=lora_2_qkv-fc1-proj-fc2/cifar/20260114184203_default_acc=53.50/tensorboard/Grad_qkv.lora_B_block_0/events.out.tfevents.1768387346.master-192-168-8-48.1680.2,qkv.lora_B,0
1768388957.1832502,2869,89.6875,0.018691590055823326,Grad/qkv.lora_B,outputs_dev/vitb16/T=vtab_Q=3bit_L=lora_2_qkv-fc1-proj-fc2/cifar/20260114184203_default_acc=53.50/tensorboard/Grad_qkv.lora_B_block_0/events.out.tfevents.1768387346.master-192-168-8-48.1680.2,qkv.lora_B,0
1768388957.5746052,2870,89.71875,0.036416128277778625,Grad/qkv.lora_B,outputs_dev/vitb16/T=vtab_Q=3bit_L=lora_2_qkv-fc1-proj-fc2/cifar/20260114184203_default_acc=53.50/tensorboard/Grad_qkv.lora_B_block_0/events.out.tfevents.1768387346.master-192-168-8-48.1680.2,qkv.lora_B,0
1768388957.9676511,2871,89.75,0.027025559917092323,Grad/qkv.lora_B,outputs_dev/vitb16/T=vtab_Q=3bit_L=lora_2_qkv-fc1-proj-fc2/cifar/20260114184203_default_acc=53.50/tensorboard/Grad_qkv.lora_B_block_0/events.out.tfevents.1768387346.master-192-168-8-48.1680.2,qkv.lora_B,0
1768388958.360564,2872,89.78125,0.10050153732299805,Grad/qkv.lora_B,outputs_dev/vitb16/T=vtab_Q=3bit_L=lora_2_qkv-fc1-proj-fc2/cifar/20260114184203_default_acc=53.50/tensorboard/Grad_qkv.lora_B_block_0/events.out.tfevents.1768387346.master-192-168-8-48.1680.2,qkv.lora_B,0
1768388958.7516425,2873,89.8125,0.04883340746164322,Grad/qkv.lora_B,outputs_dev/vitb16/T=vtab_Q=3bit_L=lora_2_qkv-fc1-proj-fc2/cifar/20260114184203_default_acc=53.50/tensorboard/Grad_qkv.lora_B_block_0/events.out.tfevents.1768387346.master-192-168-8-48.1680.2,qkv.lora_B,0
1768388959.1453607,2874,89.84375,0.14217962324619293,Grad/qkv.lora_B,outputs_dev/vitb16/T=vtab_Q=3bit_L=lora_2_qkv-fc1-proj-fc2/cifar/20260114184203_default_acc=53.50/tensorboard/Grad_qkv.lora_B_block_0/events.out.tfevents.1768387346.master-192-168-8-48.1680.2,qkv.lora_B,0
1768388959.5551956,2875,89.875,0.0350935235619545,Grad/qkv.lora_B,outputs_dev/vitb16/T=vtab_Q=3bit_L=lora_2_qkv-fc1-proj-fc2/cifar/20260114184203_default_acc=53.50/tensorboard/Grad_qkv.lora_B_block_0/events.out.tfevents.1768387346.master-192-168-8-48.1680.2,qkv.lora_B,0
1768388959.9504154,2876,89.90625,0.010519392788410187,Grad/qkv.lora_B,outputs_dev/vitb16/T=vtab_Q=3bit_L=lora_2_qkv-fc1-proj-fc2/cifar/20260114184203_default_acc=53.50/tensorboard/Grad_qkv.lora_B_block_0/events.out.tfevents.1768387346.master-192-168-8-48.1680.2,qkv.lora_B,0
1768388960.3471236,2877,89.9375,0.02968224324285984,Grad/qkv.lora_B,outputs_dev/vitb16/T=vtab_Q=3bit_L=lora_2_qkv-fc1-proj-fc2/cifar/20260114184203_default_acc=53.50/tensorboard/Grad_qkv.lora_B_block_0/events.out.tfevents.1768387346.master-192-168-8-48.1680.2,qkv.lora_B,0
1768388960.7436109,2878,89.96875,0.1878499835729599,Grad/qkv.lora_B,outputs_dev/vitb16/T=vtab_Q=3bit_L=lora_2_qkv-fc1-proj-fc2/cifar/20260114184203_default_acc=53.50/tensorboard/Grad_qkv.lora_B_block_0/events.out.tfevents.1768387346.master-192-168-8-48.1680.2,qkv.lora_B,0
1768388961.049695,2879,90.0,0.05239234119653702,Grad/qkv.lora_B,outputs_dev/vitb16/T=vtab_Q=3bit_L=lora_2_qkv-fc1-proj-fc2/cifar/20260114184203_default_acc=53.50/tensorboard/Grad_qkv.lora_B_block_0/events.out.tfevents.1768387346.master-192-168-8-48.1680.2,qkv.lora_B,0
1768388961.8424811,2880,90.03125,0.06328171491622925,Grad/qkv.lora_B,outputs_dev/vitb16/T=vtab_Q=3bit_L=lora_2_qkv-fc1-proj-fc2/cifar/20260114184203_default_acc=53.50/tensorboard/Grad_qkv.lora_B_block_0/events.out.tfevents.1768387346.master-192-168-8-48.1680.2,qkv.lora_B,0
1768388962.253012,2881,90.0625,0.031132454052567482,Grad/qkv.lora_B,outputs_dev/vitb16/T=vtab_Q=3bit_L=lora_2_qkv-fc1-proj-fc2/cifar/20260114184203_default_acc=53.50/tensorboard/Grad_qkv.lora_B_block_0/events.out.tfevents.1768387346.master-192-168-8-48.1680.2,qkv.lora_B,0
1768388962.6664658,2882,90.09375,0.03096996806561947,Grad/qkv.lora_B,outputs_dev/vitb16/T=vtab_Q=3bit_L=lora_2_qkv-fc1-proj-fc2/cifar/20260114184203_default_acc=53.50/tensorboard/Grad_qkv.lora_B_block_0/events.out.tfevents.1768387346.master-192-168-8-48.1680.2,qkv.lora_B,0
1768388963.0600579,2883,90.125,0.07056392729282379,Grad/qkv.lora_B,outputs_dev/vitb16/T=vtab_Q=3bit_L=lora_2_qkv-fc1-proj-fc2/cifar/20260114184203_default_acc=53.50/tensorboard/Grad_qkv.lora_B_block_0/events.out.tfevents.1768387346.master-192-168-8-48.1680.2,qkv.lora_B,0
1768388963.4509983,2884,90.15625,0.051636673510074615,Grad/qkv.lora_B,outputs_dev/vitb16/T=vtab_Q=3bit_L=lora_2_qkv-fc1-proj-fc2/cifar/20260114184203_default_acc=53.50/tensorboard/Grad_qkv.lora_B_block_0/events.out.tfevents.1768387346.master-192-168-8-48.1680.2,qkv.lora_B,0
1768388963.841543,2885,90.1875,0.0355057455599308,Grad/qkv.lora_B,outputs_dev/vitb16/T=vtab_Q=3bit_L=lora_2_qkv-fc1-proj-fc2/cifar/20260114184203_default_acc=53.50/tensorboard/Grad_qkv.lora_B_block_0/events.out.tfevents.1768387346.master-192-168-8-48.1680.2,qkv.lora_B,0
1768388964.2348764,2886,90.21875,0.23815472424030304,Grad/qkv.lora_B,outputs_dev/vitb16/T=vtab_Q=3bit_L=lora_2_qkv-fc1-proj-fc2/cifar/20260114184203_default_acc=53.50/tensorboard/Grad_qkv.lora_B_block_0/events.out.tfevents.1768387346.master-192-168-8-48.1680.2,qkv.lora_B,0
1768388964.6257467,2887,90.25,0.026520855724811554,Grad/qkv.lora_B,outputs_dev/vitb16/T=vtab_Q=3bit_L=lora_2_qkv-fc1-proj-fc2/cifar/20260114184203_default_acc=53.50/tensorboard/Grad_qkv.lora_B_block_0/events.out.tfevents.1768387346.master-192-168-8-48.1680.2,qkv.lora_B,0
1768388965.034863,2888,90.28125,0.04361910745501518,Grad/qkv.lora_B,outputs_dev/vitb16/T=vtab_Q=3bit_L=lora_2_qkv-fc1-proj-fc2/cifar/20260114184203_default_acc=53.50/tensorboard/Grad_qkv.lora_B_block_0/events.out.tfevents.1768387346.master-192-168-8-48.1680.2,qkv.lora_B,0
1768388965.4410756,2889,90.3125,0.05528879910707474,Grad/qkv.lora_B,outputs_dev/vitb16/T=vtab_Q=3bit_L=lora_2_qkv-fc1-proj-fc2/cifar/20260114184203_default_acc=53.50/tensorboard/Grad_qkv.lora_B_block_0/events.out.tfevents.1768387346.master-192-168-8-48.1680.2,qkv.lora_B,0
1768388965.833557,2890,90.34375,0.0213268231600523,Grad/qkv.lora_B,outputs_dev/vitb16/T=vtab_Q=3bit_L=lora_2_qkv-fc1-proj-fc2/cifar/20260114184203_default_acc=53.50/tensorboard/Grad_qkv.lora_B_block_0/events.out.tfevents.1768387346.master-192-168-8-48.1680.2,qkv.lora_B,0
1768388966.2406285,2891,90.375,0.008312721736729145,Grad/qkv.lora_B,outputs_dev/vitb16/T=vtab_Q=3bit_L=lora_2_qkv-fc1-proj-fc2/cifar/20260114184203_default_acc=53.50/tensorboard/Grad_qkv.lora_B_block_0/events.out.tfevents.1768387346.master-192-168-8-48.1680.2,qkv.lora_B,0
1768388966.632481,2892,90.40625,0.03363359719514847,Grad/qkv.lora_B,outputs_dev/vitb16/T=vtab_Q=3bit_L=lora_2_qkv-fc1-proj-fc2/cifar/20260114184203_default_acc=53.50/tensorboard/Grad_qkv.lora_B_block_0/events.out.tfevents.1768387346.master-192-168-8-48.1680.2,qkv.lora_B,0
1768388967.027748,2893,90.4375,0.013572510331869125,Grad/qkv.lora_B,outputs_dev/vitb16/T=vtab_Q=3bit_L=lora_2_qkv-fc1-proj-fc2/cifar/20260114184203_default_acc=53.50/tensorboard/Grad_qkv.lora_B_block_0/events.out.tfevents.1768387346.master-192-168-8-48.1680.2,qkv.lora_B,0
1768388967.420589,2894,90.46875,0.019626935943961143,Grad/qkv.lora_B,outputs_dev/vitb16/T=vtab_Q=3bit_L=lora_2_qkv-fc1-proj-fc2/cifar/20260114184203_default_acc=53.50/tensorboard/Grad_qkv.lora_B_block_0/events.out.tfevents.1768387346.master-192-168-8-48.1680.2,qkv.lora_B,0
1768388967.8264456,2895,90.5,0.01306349877268076,Grad/qkv.lora_B,outputs_dev/vitb16/T=vtab_Q=3bit_L=lora_2_qkv-fc1-proj-fc2/cifar/20260114184203_default_acc=53.50/tensorboard/Grad_qkv.lora_B_block_0/events.out.tfevents.1768387346.master-192-168-8-48.1680.2,qkv.lora_B,0
1768388968.2193632,2896,90.53125,0.01772404834628105,Grad/qkv.lora_B,outputs_dev/vitb16/T=vtab_Q=3bit_L=lora_2_qkv-fc1-proj-fc2/cifar/20260114184203_default_acc=53.50/tensorboard/Grad_qkv.lora_B_block_0/events.out.tfevents.1768387346.master-192-168-8-48.1680.2,qkv.lora_B,0
1768388968.611501,2897,90.5625,0.043356336653232574,Grad/qkv.lora_B,outputs_dev/vitb16/T=vtab_Q=3bit_L=lora_2_qkv-fc1-proj-fc2/cifar/20260114184203_default_acc=53.50/tensorboard/Grad_qkv.lora_B_block_0/events.out.tfevents.1768387346.master-192-168-8-48.1680.2,qkv.lora_B,0
1768388969.0057912,2898,90.59375,0.011823353357613087,Grad/qkv.lora_B,outputs_dev/vitb16/T=vtab_Q=3bit_L=lora_2_qkv-fc1-proj-fc2/cifar/20260114184203_default_acc=53.50/tensorboard/Grad_qkv.lora_B_block_0/events.out.tfevents.1768387346.master-192-168-8-48.1680.2,qkv.lora_B,0
1768388969.3972368,2899,90.625,0.014253951609134674,Grad/qkv.lora_B,outputs_dev/vitb16/T=vtab_Q=3bit_L=lora_2_qkv-fc1-proj-fc2/cifar/20260114184203_default_acc=53.50/tensorboard/Grad_qkv.lora_B_block_0/events.out.tfevents.1768387346.master-192-168-8-48.1680.2,qkv.lora_B,0
1768388969.7958424,2900,90.65625,0.017757762223482132,Grad/qkv.lora_B,outputs_dev/vitb16/T=vtab_Q=3bit_L=lora_2_qkv-fc1-proj-fc2/cifar/20260114184203_default_acc=53.50/tensorboard/Grad_qkv.lora_B_block_0/events.out.tfevents.1768387346.master-192-168-8-48.1680.2,qkv.lora_B,0
1768388970.2063096,2901,90.6875,0.11323563009500504,Grad/qkv.lora_B,outputs_dev/vitb16/T=vtab_Q=3bit_L=lora_2_qkv-fc1-proj-fc2/cifar/20260114184203_default_acc=53.50/tensorboard/Grad_qkv.lora_B_block_0/events.out.tfevents.1768387346.master-192-168-8-48.1680.2,qkv.lora_B,0
1768388970.600641,2902,90.71875,0.24200549721717834,Grad/qkv.lora_B,outputs_dev/vitb16/T=vtab_Q=3bit_L=lora_2_qkv-fc1-proj-fc2/cifar/20260114184203_default_acc=53.50/tensorboard/Grad_qkv.lora_B_block_0/events.out.tfevents.1768387346.master-192-168-8-48.1680.2,qkv.lora_B,0
1768388971.0028813,2903,90.75,0.011317660100758076,Grad/qkv.lora_B,outputs_dev/vitb16/T=vtab_Q=3bit_L=lora_2_qkv-fc1-proj-fc2/cifar/20260114184203_default_acc=53.50/tensorboard/Grad_qkv.lora_B_block_0/events.out.tfevents.1768387346.master-192-168-8-48.1680.2,qkv.lora_B,0
1768388971.4120843,2904,90.78125,0.014886008575558662,Grad/qkv.lora_B,outputs_dev/vitb16/T=vtab_Q=3bit_L=lora_2_qkv-fc1-proj-fc2/cifar/20260114184203_default_acc=53.50/tensorboard/Grad_qkv.lora_B_block_0/events.out.tfevents.1768387346.master-192-168-8-48.1680.2,qkv.lora_B,0
1768388971.807809,2905,90.8125,0.08129416406154633,Grad/qkv.lora_B,outputs_dev/vitb16/T=vtab_Q=3bit_L=lora_2_qkv-fc1-proj-fc2/cifar/20260114184203_default_acc=53.50/tensorboard/Grad_qkv.lora_B_block_0/events.out.tfevents.1768387346.master-192-168-8-48.1680.2,qkv.lora_B,0
1768388972.2060053,2906,90.84375,0.04719466343522072,Grad/qkv.lora_B,outputs_dev/vitb16/T=vtab_Q=3bit_L=lora_2_qkv-fc1-proj-fc2/cifar/20260114184203_default_acc=53.50/tensorboard/Grad_qkv.lora_B_block_0/events.out.tfevents.1768387346.master-192-168-8-48.1680.2,qkv.lora_B,0
1768388972.6092055,2907,90.875,0.04678599536418915,Grad/qkv.lora_B,outputs_dev/vitb16/T=vtab_Q=3bit_L=lora_2_qkv-fc1-proj-fc2/cifar/20260114184203_default_acc=53.50/tensorboard/Grad_qkv.lora_B_block_0/events.out.tfevents.1768387346.master-192-168-8-48.1680.2,qkv.lora_B,0
1768388973.0009928,2908,90.90625,0.07797763496637344,Grad/qkv.lora_B,outputs_dev/vitb16/T=vtab_Q=3bit_L=lora_2_qkv-fc1-proj-fc2/cifar/20260114184203_default_acc=53.50/tensorboard/Grad_qkv.lora_B_block_0/events.out.tfevents.1768387346.master-192-168-8-48.1680.2,qkv.lora_B,0
1768388973.4155586,2909,90.9375,0.019733043387532234,Grad/qkv.lora_B,outputs_dev/vitb16/T=vtab_Q=3bit_L=lora_2_qkv-fc1-proj-fc2/cifar/20260114184203_default_acc=53.50/tensorboard/Grad_qkv.lora_B_block_0/events.out.tfevents.1768387346.master-192-168-8-48.1680.2,qkv.lora_B,0
1768388973.8276134,2910,90.96875,0.044985342770814896,Grad/qkv.lora_B,outputs_dev/vitb16/T=vtab_Q=3bit_L=lora_2_qkv-fc1-proj-fc2/cifar/20260114184203_default_acc=53.50/tensorboard/Grad_qkv.lora_B_block_0/events.out.tfevents.1768387346.master-192-168-8-48.1680.2,qkv.lora_B,0
1768388974.0512788,2911,91.0,0.06070629879832268,Grad/qkv.lora_B,outputs_dev/vitb16/T=vtab_Q=3bit_L=lora_2_qkv-fc1-proj-fc2/cifar/20260114184203_default_acc=53.50/tensorboard/Grad_qkv.lora_B_block_0/events.out.tfevents.1768387346.master-192-168-8-48.1680.2,qkv.lora_B,0
1768389010.3851893,2912,91.03125,0.039162565022706985,Grad/qkv.lora_B,outputs_dev/vitb16/T=vtab_Q=3bit_L=lora_2_qkv-fc1-proj-fc2/cifar/20260114184203_default_acc=53.50/tensorboard/Grad_qkv.lora_B_block_0/events.out.tfevents.1768387346.master-192-168-8-48.1680.2,qkv.lora_B,0
1768389010.79646,2913,91.0625,0.03424166142940521,Grad/qkv.lora_B,outputs_dev/vitb16/T=vtab_Q=3bit_L=lora_2_qkv-fc1-proj-fc2/cifar/20260114184203_default_acc=53.50/tensorboard/Grad_qkv.lora_B_block_0/events.out.tfevents.1768387346.master-192-168-8-48.1680.2,qkv.lora_B,0
1768389011.1933148,2914,91.09375,0.015475833788514137,Grad/qkv.lora_B,outputs_dev/vitb16/T=vtab_Q=3bit_L=lora_2_qkv-fc1-proj-fc2/cifar/20260114184203_default_acc=53.50/tensorboard/Grad_qkv.lora_B_block_0/events.out.tfevents.1768387346.master-192-168-8-48.1680.2,qkv.lora_B,0
1768389011.5874078,2915,91.125,0.03486843407154083,Grad/qkv.lora_B,outputs_dev/vitb16/T=vtab_Q=3bit_L=lora_2_qkv-fc1-proj-fc2/cifar/20260114184203_default_acc=53.50/tensorboard/Grad_qkv.lora_B_block_0/events.out.tfevents.1768387346.master-192-168-8-48.1680.2,qkv.lora_B,0
1768389011.979187,2916,91.15625,0.16366280615329742,Grad/qkv.lora_B,outputs_dev/vitb16/T=vtab_Q=3bit_L=lora_2_qkv-fc1-proj-fc2/cifar/20260114184203_default_acc=53.50/tensorboard/Grad_qkv.lora_B_block_0/events.out.tfevents.1768387346.master-192-168-8-48.1680.2,qkv.lora_B,0
1768389012.3707075,2917,91.1875,0.06589353084564209,Grad/qkv.lora_B,outputs_dev/vitb16/T=vtab_Q=3bit_L=lora_2_qkv-fc1-proj-fc2/cifar/20260114184203_default_acc=53.50/tensorboard/Grad_qkv.lora_B_block_0/events.out.tfevents.1768387346.master-192-168-8-48.1680.2,qkv.lora_B,0
1768389012.7653303,2918,91.21875,0.32634758949279785,Grad/qkv.lora_B,outputs_dev/vitb16/T=vtab_Q=3bit_L=lora_2_qkv-fc1-proj-fc2/cifar/20260114184203_default_acc=53.50/tensorboard/Grad_qkv.lora_B_block_0/events.out.tfevents.1768387346.master-192-168-8-48.1680.2,qkv.lora_B,0
1768389013.174408,2919,91.25,0.15364159643650055,Grad/qkv.lora_B,outputs_dev/vitb16/T=vtab_Q=3bit_L=lora_2_qkv-fc1-proj-fc2/cifar/20260114184203_default_acc=53.50/tensorboard/Grad_qkv.lora_B_block_0/events.out.tfevents.1768387346.master-192-168-8-48.1680.2,qkv.lora_B,0
1768389013.5844085,2920,91.28125,0.030788742005825043,Grad/qkv.lora_B,outputs_dev/vitb16/T=vtab_Q=3bit_L=lora_2_qkv-fc1-proj-fc2/cifar/20260114184203_default_acc=53.50/tensorboard/Grad_qkv.lora_B_block_0/events.out.tfevents.1768387346.master-192-168-8-48.1680.2,qkv.lora_B,0
1768389013.980697,2921,91.3125,0.0386989489197731,Grad/qkv.lora_B,outputs_dev/vitb16/T=vtab_Q=3bit_L=lora_2_qkv-fc1-proj-fc2/cifar/20260114184203_default_acc=53.50/tensorboard/Grad_qkv.lora_B_block_0/events.out.tfevents.1768387346.master-192-168-8-48.1680.2,qkv.lora_B,0
1768389014.3739755,2922,91.34375,0.011188260279595852,Grad/qkv.lora_B,outputs_dev/vitb16/T=vtab_Q=3bit_L=lora_2_qkv-fc1-proj-fc2/cifar/20260114184203_default_acc=53.50/tensorboard/Grad_qkv.lora_B_block_0/events.out.tfevents.1768387346.master-192-168-8-48.1680.2,qkv.lora_B,0
1768389014.7730644,2923,91.375,0.01596379466354847,Grad/qkv.lora_B,outputs_dev/vitb16/T=vtab_Q=3bit_L=lora_2_qkv-fc1-proj-fc2/cifar/20260114184203_default_acc=53.50/tensorboard/Grad_qkv.lora_B_block_0/events.out.tfevents.1768387346.master-192-168-8-48.1680.2,qkv.lora_B,0
1768389015.1672256,2924,91.40625,0.07934505492448807,Grad/qkv.lora_B,outputs_dev/vitb16/T=vtab_Q=3bit_L=lora_2_qkv-fc1-proj-fc2/cifar/20260114184203_default_acc=53.50/tensorboard/Grad_qkv.lora_B_block_0/events.out.tfevents.1768387346.master-192-168-8-48.1680.2,qkv.lora_B,0
1768389015.5630188,2925,91.4375,0.03405386209487915,Grad/qkv.lora_B,outputs_dev/vitb16/T=vtab_Q=3bit_L=lora_2_qkv-fc1-proj-fc2/cifar/20260114184203_default_acc=53.50/tensorboard/Grad_qkv.lora_B_block_0/events.out.tfevents.1768387346.master-192-168-8-48.1680.2,qkv.lora_B,0
1768389015.955295,2926,91.46875,0.027731649577617645,Grad/qkv.lora_B,outputs_dev/vitb16/T=vtab_Q=3bit_L=lora_2_qkv-fc1-proj-fc2/cifar/20260114184203_default_acc=53.50/tensorboard/Grad_qkv.lora_B_block_0/events.out.tfevents.1768387346.master-192-168-8-48.1680.2,qkv.lora_B,0
1768389016.3481846,2927,91.5,0.026853105053305626,Grad/qkv.lora_B,outputs_dev/vitb16/T=vtab_Q=3bit_L=lora_2_qkv-fc1-proj-fc2/cifar/20260114184203_default_acc=53.50/tensorboard/Grad_qkv.lora_B_block_0/events.out.tfevents.1768387346.master-192-168-8-48.1680.2,qkv.lora_B,0
1768389016.7479084,2928,91.53125,0.015324801206588745,Grad/qkv.lora_B,outputs_dev/vitb16/T=vtab_Q=3bit_L=lora_2_qkv-fc1-proj-fc2/cifar/20260114184203_default_acc=53.50/tensorboard/Grad_qkv.lora_B_block_0/events.out.tfevents.1768387346.master-192-168-8-48.1680.2,qkv.lora_B,0
1768389017.1419923,2929,91.5625,0.019467178732156754,Grad/qkv.lora_B,outputs_dev/vitb16/T=vtab_Q=3bit_L=lora_2_qkv-fc1-proj-fc2/cifar/20260114184203_default_acc=53.50/tensorboard/Grad_qkv.lora_B_block_0/events.out.tfevents.1768387346.master-192-168-8-48.1680.2,qkv.lora_B,0
1768389017.5390146,2930,91.59375,0.01996745355427265,Grad/qkv.lora_B,outputs_dev/vitb16/T=vtab_Q=3bit_L=lora_2_qkv-fc1-proj-fc2/cifar/20260114184203_default_acc=53.50/tensorboard/Grad_qkv.lora_B_block_0/events.out.tfevents.1768387346.master-192-168-8-48.1680.2,qkv.lora_B,0
1768389017.9378905,2931,91.625,0.03899773582816124,Grad/qkv.lora_B,outputs_dev/vitb16/T=vtab_Q=3bit_L=lora_2_qkv-fc1-proj-fc2/cifar/20260114184203_default_acc=53.50/tensorboard/Grad_qkv.lora_B_block_0/events.out.tfevents.1768387346.master-192-168-8-48.1680.2,qkv.lora_B,0
1768389018.330859,2932,91.65625,0.08287042379379272,Grad/qkv.lora_B,outputs_dev/vitb16/T=vtab_Q=3bit_L=lora_2_qkv-fc1-proj-fc2/cifar/20260114184203_default_acc=53.50/tensorboard/Grad_qkv.lora_B_block_0/events.out.tfevents.1768387346.master-192-168-8-48.1680.2,qkv.lora_B,0
1768389018.7170794,2933,91.6875,0.02952985279262066,Grad/qkv.lora_B,outputs_dev/vitb16/T=vtab_Q=3bit_L=lora_2_qkv-fc1-proj-fc2/cifar/20260114184203_default_acc=53.50/tensorboard/Grad_qkv.lora_B_block_0/events.out.tfevents.1768387346.master-192-168-8-48.1680.2,qkv.lora_B,0
1768389019.1215646,2934,91.71875,0.028713880106806755,Grad/qkv.lora_B,outputs_dev/vitb16/T=vtab_Q=3bit_L=lora_2_qkv-fc1-proj-fc2/cifar/20260114184203_default_acc=53.50/tensorboard/Grad_qkv.lora_B_block_0/events.out.tfevents.1768387346.master-192-168-8-48.1680.2,qkv.lora_B,0
1768389019.5289252,2935,91.75,0.020104095339775085,Grad/qkv.lora_B,outputs_dev/vitb16/T=vtab_Q=3bit_L=lora_2_qkv-fc1-proj-fc2/cifar/20260114184203_default_acc=53.50/tensorboard/Grad_qkv.lora_B_block_0/events.out.tfevents.1768387346.master-192-168-8-48.1680.2,qkv.lora_B,0
1768389019.9438274,2936,91.78125,0.07216748595237732,Grad/qkv.lora_B,outputs_dev/vitb16/T=vtab_Q=3bit_L=lora_2_qkv-fc1-proj-fc2/cifar/20260114184203_default_acc=53.50/tensorboard/Grad_qkv.lora_B_block_0/events.out.tfevents.1768387346.master-192-168-8-48.1680.2,qkv.lora_B,0
1768389020.3419333,2937,91.8125,0.01833817921578884,Grad/qkv.lora_B,outputs_dev/vitb16/T=vtab_Q=3bit_L=lora_2_qkv-fc1-proj-fc2/cifar/20260114184203_default_acc=53.50/tensorboard/Grad_qkv.lora_B_block_0/events.out.tfevents.1768387346.master-192-168-8-48.1680.2,qkv.lora_B,0
1768389020.7394176,2938,91.84375,0.020411625504493713,Grad/qkv.lora_B,outputs_dev/vitb16/T=vtab_Q=3bit_L=lora_2_qkv-fc1-proj-fc2/cifar/20260114184203_default_acc=53.50/tensorboard/Grad_qkv.lora_B_block_0/events.out.tfevents.1768387346.master-192-168-8-48.1680.2,qkv.lora_B,0
1768389021.149911,2939,91.875,0.04224685579538345,Grad/qkv.lora_B,outputs_dev/vitb16/T=vtab_Q=3bit_L=lora_2_qkv-fc1-proj-fc2/cifar/20260114184203_default_acc=53.50/tensorboard/Grad_qkv.lora_B_block_0/events.out.tfevents.1768387346.master-192-168-8-48.1680.2,qkv.lora_B,0
1768389021.5472496,2940,91.90625,0.02662361040711403,Grad/qkv.lora_B,outputs_dev/vitb16/T=vtab_Q=3bit_L=lora_2_qkv-fc1-proj-fc2/cifar/20260114184203_default_acc=53.50/tensorboard/Grad_qkv.lora_B_block_0/events.out.tfevents.1768387346.master-192-168-8-48.1680.2,qkv.lora_B,0
1768389021.9567034,2941,91.9375,0.034925952553749084,Grad/qkv.lora_B,outputs_dev/vitb16/T=vtab_Q=3bit_L=lora_2_qkv-fc1-proj-fc2/cifar/20260114184203_default_acc=53.50/tensorboard/Grad_qkv.lora_B_block_0/events.out.tfevents.1768387346.master-192-168-8-48.1680.2,qkv.lora_B,0
1768389022.3518398,2942,91.96875,0.018735172227025032,Grad/qkv.lora_B,outputs_dev/vitb16/T=vtab_Q=3bit_L=lora_2_qkv-fc1-proj-fc2/cifar/20260114184203_default_acc=53.50/tensorboard/Grad_qkv.lora_B_block_0/events.out.tfevents.1768387346.master-192-168-8-48.1680.2,qkv.lora_B,0
1768389022.5501735,2943,92.0,0.2099040150642395,Grad/qkv.lora_B,outputs_dev/vitb16/T=vtab_Q=3bit_L=lora_2_qkv-fc1-proj-fc2/cifar/20260114184203_default_acc=53.50/tensorboard/Grad_qkv.lora_B_block_0/events.out.tfevents.1768387346.master-192-168-8-48.1680.2,qkv.lora_B,0
1768389023.209674,2944,92.03125,0.025775056332349777,Grad/qkv.lora_B,outputs_dev/vitb16/T=vtab_Q=3bit_L=lora_2_qkv-fc1-proj-fc2/cifar/20260114184203_default_acc=53.50/tensorboard/Grad_qkv.lora_B_block_0/events.out.tfevents.1768387346.master-192-168-8-48.1680.2,qkv.lora_B,0
1768389023.6245003,2945,92.0625,0.04144423454999924,Grad/qkv.lora_B,outputs_dev/vitb16/T=vtab_Q=3bit_L=lora_2_qkv-fc1-proj-fc2/cifar/20260114184203_default_acc=53.50/tensorboard/Grad_qkv.lora_B_block_0/events.out.tfevents.1768387346.master-192-168-8-48.1680.2,qkv.lora_B,0
1768389024.0191252,2946,92.09375,0.14718826115131378,Grad/qkv.lora_B,outputs_dev/vitb16/T=vtab_Q=3bit_L=lora_2_qkv-fc1-proj-fc2/cifar/20260114184203_default_acc=53.50/tensorboard/Grad_qkv.lora_B_block_0/events.out.tfevents.1768387346.master-192-168-8-48.1680.2,qkv.lora_B,0
1768389024.4110165,2947,92.125,0.011708807200193405,Grad/qkv.lora_B,outputs_dev/vitb16/T=vtab_Q=3bit_L=lora_2_qkv-fc1-proj-fc2/cifar/20260114184203_default_acc=53.50/tensorboard/Grad_qkv.lora_B_block_0/events.out.tfevents.1768387346.master-192-168-8-48.1680.2,qkv.lora_B,0
1768389024.8025098,2948,92.15625,0.038529835641384125,Grad/qkv.lora_B,outputs_dev/vitb16/T=vtab_Q=3bit_L=lora_2_qkv-fc1-proj-fc2/cifar/20260114184203_default_acc=53.50/tensorboard/Grad_qkv.lora_B_block_0/events.out.tfevents.1768387346.master-192-168-8-48.1680.2,qkv.lora_B,0
1768389025.1958694,2949,92.1875,0.020273705944418907,Grad/qkv.lora_B,outputs_dev/vitb16/T=vtab_Q=3bit_L=lora_2_qkv-fc1-proj-fc2/cifar/20260114184203_default_acc=53.50/tensorboard/Grad_qkv.lora_B_block_0/events.out.tfevents.1768387346.master-192-168-8-48.1680.2,qkv.lora_B,0
1768389025.5896091,2950,92.21875,0.0180123969912529,Grad/qkv.lora_B,outputs_dev/vitb16/T=vtab_Q=3bit_L=lora_2_qkv-fc1-proj-fc2/cifar/20260114184203_default_acc=53.50/tensorboard/Grad_qkv.lora_B_block_0/events.out.tfevents.1768387346.master-192-168-8-48.1680.2,qkv.lora_B,0
1768389025.9820557,2951,92.25,0.18631316721439362,Grad/qkv.lora_B,outputs_dev/vitb16/T=vtab_Q=3bit_L=lora_2_qkv-fc1-proj-fc2/cifar/20260114184203_default_acc=53.50/tensorboard/Grad_qkv.lora_B_block_0/events.out.tfevents.1768387346.master-192-168-8-48.1680.2,qkv.lora_B,0
1768389026.3763971,2952,92.28125,0.02274302951991558,Grad/qkv.lora_B,outputs_dev/vitb16/T=vtab_Q=3bit_L=lora_2_qkv-fc1-proj-fc2/cifar/20260114184203_default_acc=53.50/tensorboard/Grad_qkv.lora_B_block_0/events.out.tfevents.1768387346.master-192-168-8-48.1680.2,qkv.lora_B,0
1768389026.823493,2953,92.3125,0.046366721391677856,Grad/qkv.lora_B,outputs_dev/vitb16/T=vtab_Q=3bit_L=lora_2_qkv-fc1-proj-fc2/cifar/20260114184203_default_acc=53.50/tensorboard/Grad_qkv.lora_B_block_0/events.out.tfevents.1768387346.master-192-168-8-48.1680.2,qkv.lora_B,0
1768389027.235376,2954,92.34375,0.04605354368686676,Grad/qkv.lora_B,outputs_dev/vitb16/T=vtab_Q=3bit_L=lora_2_qkv-fc1-proj-fc2/cifar/20260114184203_default_acc=53.50/tensorboard/Grad_qkv.lora_B_block_0/events.out.tfevents.1768387346.master-192-168-8-48.1680.2,qkv.lora_B,0
1768389027.6601396,2955,92.375,0.012690139003098011,Grad/qkv.lora_B,outputs_dev/vitb16/T=vtab_Q=3bit_L=lora_2_qkv-fc1-proj-fc2/cifar/20260114184203_default_acc=53.50/tensorboard/Grad_qkv.lora_B_block_0/events.out.tfevents.1768387346.master-192-168-8-48.1680.2,qkv.lora_B,0
1768389028.0803654,2956,92.40625,0.020168177783489227,Grad/qkv.lora_B,outputs_dev/vitb16/T=vtab_Q=3bit_L=lora_2_qkv-fc1-proj-fc2/cifar/20260114184203_default_acc=53.50/tensorboard/Grad_qkv.lora_B_block_0/events.out.tfevents.1768387346.master-192-168-8-48.1680.2,qkv.lora_B,0
1768389028.488297,2957,92.4375,0.1356123387813568,Grad/qkv.lora_B,outputs_dev/vitb16/T=vtab_Q=3bit_L=lora_2_qkv-fc1-proj-fc2/cifar/20260114184203_default_acc=53.50/tensorboard/Grad_qkv.lora_B_block_0/events.out.tfevents.1768387346.master-192-168-8-48.1680.2,qkv.lora_B,0
1768389028.893399,2958,92.46875,0.02590915560722351,Grad/qkv.lora_B,outputs_dev/vitb16/T=vtab_Q=3bit_L=lora_2_qkv-fc1-proj-fc2/cifar/20260114184203_default_acc=53.50/tensorboard/Grad_qkv.lora_B_block_0/events.out.tfevents.1768387346.master-192-168-8-48.1680.2,qkv.lora_B,0
1768389029.292418,2959,92.5,0.036876801401376724,Grad/qkv.lora_B,outputs_dev/vitb16/T=vtab_Q=3bit_L=lora_2_qkv-fc1-proj-fc2/cifar/20260114184203_default_acc=53.50/tensorboard/Grad_qkv.lora_B_block_0/events.out.tfevents.1768387346.master-192-168-8-48.1680.2,qkv.lora_B,0
1768389029.6765807,2960,92.53125,0.053797293454408646,Grad/qkv.lora_B,outputs_dev/vitb16/T=vtab_Q=3bit_L=lora_2_qkv-fc1-proj-fc2/cifar/20260114184203_default_acc=53.50/tensorboard/Grad_qkv.lora_B_block_0/events.out.tfevents.1768387346.master-192-168-8-48.1680.2,qkv.lora_B,0
1768389030.059643,2961,92.5625,0.04663765802979469,Grad/qkv.lora_B,outputs_dev/vitb16/T=vtab_Q=3bit_L=lora_2_qkv-fc1-proj-fc2/cifar/20260114184203_default_acc=53.50/tensorboard/Grad_qkv.lora_B_block_0/events.out.tfevents.1768387346.master-192-168-8-48.1680.2,qkv.lora_B,0
1768389030.4487994,2962,92.59375,0.02896338887512684,Grad/qkv.lora_B,outputs_dev/vitb16/T=vtab_Q=3bit_L=lora_2_qkv-fc1-proj-fc2/cifar/20260114184203_default_acc=53.50/tensorboard/Grad_qkv.lora_B_block_0/events.out.tfevents.1768387346.master-192-168-8-48.1680.2,qkv.lora_B,0
1768389030.835818,2963,92.625,0.11223089694976807,Grad/qkv.lora_B,outputs_dev/vitb16/T=vtab_Q=3bit_L=lora_2_qkv-fc1-proj-fc2/cifar/20260114184203_default_acc=53.50/tensorboard/Grad_qkv.lora_B_block_0/events.out.tfevents.1768387346.master-192-168-8-48.1680.2,qkv.lora_B,0
1768389031.2306888,2964,92.65625,0.03298452869057655,Grad/qkv.lora_B,outputs_dev/vitb16/T=vtab_Q=3bit_L=lora_2_qkv-fc1-proj-fc2/cifar/20260114184203_default_acc=53.50/tensorboard/Grad_qkv.lora_B_block_0/events.out.tfevents.1768387346.master-192-168-8-48.1680.2,qkv.lora_B,0
1768389031.6190236,2965,92.6875,0.02083638124167919,Grad/qkv.lora_B,outputs_dev/vitb16/T=vtab_Q=3bit_L=lora_2_qkv-fc1-proj-fc2/cifar/20260114184203_default_acc=53.50/tensorboard/Grad_qkv.lora_B_block_0/events.out.tfevents.1768387346.master-192-168-8-48.1680.2,qkv.lora_B,0
1768389032.005409,2966,92.71875,0.021306047216057777,Grad/qkv.lora_B,outputs_dev/vitb16/T=vtab_Q=3bit_L=lora_2_qkv-fc1-proj-fc2/cifar/20260114184203_default_acc=53.50/tensorboard/Grad_qkv.lora_B_block_0/events.out.tfevents.1768387346.master-192-168-8-48.1680.2,qkv.lora_B,0
1768389032.392201,2967,92.75,0.031842924654483795,Grad/qkv.lora_B,outputs_dev/vitb16/T=vtab_Q=3bit_L=lora_2_qkv-fc1-proj-fc2/cifar/20260114184203_default_acc=53.50/tensorboard/Grad_qkv.lora_B_block_0/events.out.tfevents.1768387346.master-192-168-8-48.1680.2,qkv.lora_B,0
1768389032.781331,2968,92.78125,0.09551504254341125,Grad/qkv.lora_B,outputs_dev/vitb16/T=vtab_Q=3bit_L=lora_2_qkv-fc1-proj-fc2/cifar/20260114184203_default_acc=53.50/tensorboard/Grad_qkv.lora_B_block_0/events.out.tfevents.1768387346.master-192-168-8-48.1680.2,qkv.lora_B,0
1768389033.1678088,2969,92.8125,0.041682712733745575,Grad/qkv.lora_B,outputs_dev/vitb16/T=vtab_Q=3bit_L=lora_2_qkv-fc1-proj-fc2/cifar/20260114184203_default_acc=53.50/tensorboard/Grad_qkv.lora_B_block_0/events.out.tfevents.1768387346.master-192-168-8-48.1680.2,qkv.lora_B,0
1768389033.5513,2970,92.84375,0.08849125355482101,Grad/qkv.lora_B,outputs_dev/vitb16/T=vtab_Q=3bit_L=lora_2_qkv-fc1-proj-fc2/cifar/20260114184203_default_acc=53.50/tensorboard/Grad_qkv.lora_B_block_0/events.out.tfevents.1768387346.master-192-168-8-48.1680.2,qkv.lora_B,0
1768389033.9293532,2971,92.875,0.16930754482746124,Grad/qkv.lora_B,outputs_dev/vitb16/T=vtab_Q=3bit_L=lora_2_qkv-fc1-proj-fc2/cifar/20260114184203_default_acc=53.50/tensorboard/Grad_qkv.lora_B_block_0/events.out.tfevents.1768387346.master-192-168-8-48.1680.2,qkv.lora_B,0
1768389034.315654,2972,92.90625,0.02976352721452713,Grad/qkv.lora_B,outputs_dev/vitb16/T=vtab_Q=3bit_L=lora_2_qkv-fc1-proj-fc2/cifar/20260114184203_default_acc=53.50/tensorboard/Grad_qkv.lora_B_block_0/events.out.tfevents.1768387346.master-192-168-8-48.1680.2,qkv.lora_B,0
1768389034.7002015,2973,92.9375,0.02664279192686081,Grad/qkv.lora_B,outputs_dev/vitb16/T=vtab_Q=3bit_L=lora_2_qkv-fc1-proj-fc2/cifar/20260114184203_default_acc=53.50/tensorboard/Grad_qkv.lora_B_block_0/events.out.tfevents.1768387346.master-192-168-8-48.1680.2,qkv.lora_B,0
1768389035.0968575,2974,92.96875,0.08946710079908371,Grad/qkv.lora_B,outputs_dev/vitb16/T=vtab_Q=3bit_L=lora_2_qkv-fc1-proj-fc2/cifar/20260114184203_default_acc=53.50/tensorboard/Grad_qkv.lora_B_block_0/events.out.tfevents.1768387346.master-192-168-8-48.1680.2,qkv.lora_B,0
1768389035.276472,2975,93.0,0.027585947886109352,Grad/qkv.lora_B,outputs_dev/vitb16/T=vtab_Q=3bit_L=lora_2_qkv-fc1-proj-fc2/cifar/20260114184203_default_acc=53.50/tensorboard/Grad_qkv.lora_B_block_0/events.out.tfevents.1768387346.master-192-168-8-48.1680.2,qkv.lora_B,0
1768389035.920805,2976,93.03125,0.07661498337984085,Grad/qkv.lora_B,outputs_dev/vitb16/T=vtab_Q=3bit_L=lora_2_qkv-fc1-proj-fc2/cifar/20260114184203_default_acc=53.50/tensorboard/Grad_qkv.lora_B_block_0/events.out.tfevents.1768387346.master-192-168-8-48.1680.2,qkv.lora_B,0
1768389036.320921,2977,93.0625,0.021226104348897934,Grad/qkv.lora_B,outputs_dev/vitb16/T=vtab_Q=3bit_L=lora_2_qkv-fc1-proj-fc2/cifar/20260114184203_default_acc=53.50/tensorboard/Grad_qkv.lora_B_block_0/events.out.tfevents.1768387346.master-192-168-8-48.1680.2,qkv.lora_B,0
1768389036.715133,2978,93.09375,0.11930255591869354,Grad/qkv.lora_B,outputs_dev/vitb16/T=vtab_Q=3bit_L=lora_2_qkv-fc1-proj-fc2/cifar/20260114184203_default_acc=53.50/tensorboard/Grad_qkv.lora_B_block_0/events.out.tfevents.1768387346.master-192-168-8-48.1680.2,qkv.lora_B,0
1768389037.1061528,2979,93.125,0.048944633454084396,Grad/qkv.lora_B,outputs_dev/vitb16/T=vtab_Q=3bit_L=lora_2_qkv-fc1-proj-fc2/cifar/20260114184203_default_acc=53.50/tensorboard/Grad_qkv.lora_B_block_0/events.out.tfevents.1768387346.master-192-168-8-48.1680.2,qkv.lora_B,0
1768389037.4965906,2980,93.15625,0.021513842046260834,Grad/qkv.lora_B,outputs_dev/vitb16/T=vtab_Q=3bit_L=lora_2_qkv-fc1-proj-fc2/cifar/20260114184203_default_acc=53.50/tensorboard/Grad_qkv.lora_B_block_0/events.out.tfevents.1768387346.master-192-168-8-48.1680.2,qkv.lora_B,0
1768389037.8900414,2981,93.1875,0.03872058540582657,Grad/qkv.lora_B,outputs_dev/vitb16/T=vtab_Q=3bit_L=lora_2_qkv-fc1-proj-fc2/cifar/20260114184203_default_acc=53.50/tensorboard/Grad_qkv.lora_B_block_0/events.out.tfevents.1768387346.master-192-168-8-48.1680.2,qkv.lora_B,0
1768389038.2817755,2982,93.21875,0.022784721106290817,Grad/qkv.lora_B,outputs_dev/vitb16/T=vtab_Q=3bit_L=lora_2_qkv-fc1-proj-fc2/cifar/20260114184203_default_acc=53.50/tensorboard/Grad_qkv.lora_B_block_0/events.out.tfevents.1768387346.master-192-168-8-48.1680.2,qkv.lora_B,0
1768389038.6727574,2983,93.25,0.041272927075624466,Grad/qkv.lora_B,outputs_dev/vitb16/T=vtab_Q=3bit_L=lora_2_qkv-fc1-proj-fc2/cifar/20260114184203_default_acc=53.50/tensorboard/Grad_qkv.lora_B_block_0/events.out.tfevents.1768387346.master-192-168-8-48.1680.2,qkv.lora_B,0
1768389039.0646377,2984,93.28125,0.057053811848163605,Grad/qkv.lora_B,outputs_dev/vitb16/T=vtab_Q=3bit_L=lora_2_qkv-fc1-proj-fc2/cifar/20260114184203_default_acc=53.50/tensorboard/Grad_qkv.lora_B_block_0/events.out.tfevents.1768387346.master-192-168-8-48.1680.2,qkv.lora_B,0
1768389039.456488,2985,93.3125,0.02224896289408207,Grad/qkv.lora_B,outputs_dev/vitb16/T=vtab_Q=3bit_L=lora_2_qkv-fc1-proj-fc2/cifar/20260114184203_default_acc=53.50/tensorboard/Grad_qkv.lora_B_block_0/events.out.tfevents.1768387346.master-192-168-8-48.1680.2,qkv.lora_B,0
1768389039.8479738,2986,93.34375,0.01767859421670437,Grad/qkv.lora_B,outputs_dev/vitb16/T=vtab_Q=3bit_L=lora_2_qkv-fc1-proj-fc2/cifar/20260114184203_default_acc=53.50/tensorboard/Grad_qkv.lora_B_block_0/events.out.tfevents.1768387346.master-192-168-8-48.1680.2,qkv.lora_B,0
1768389040.245113,2987,93.375,0.0533212274312973,Grad/qkv.lora_B,outputs_dev/vitb16/T=vtab_Q=3bit_L=lora_2_qkv-fc1-proj-fc2/cifar/20260114184203_default_acc=53.50/tensorboard/Grad_qkv.lora_B_block_0/events.out.tfevents.1768387346.master-192-168-8-48.1680.2,qkv.lora_B,0
1768389040.6637917,2988,93.40625,0.03251967579126358,Grad/qkv.lora_B,outputs_dev/vitb16/T=vtab_Q=3bit_L=lora_2_qkv-fc1-proj-fc2/cifar/20260114184203_default_acc=53.50/tensorboard/Grad_qkv.lora_B_block_0/events.out.tfevents.1768387346.master-192-168-8-48.1680.2,qkv.lora_B,0
1768389041.0770087,2989,93.4375,0.015196709893643856,Grad/qkv.lora_B,outputs_dev/vitb16/T=vtab_Q=3bit_L=lora_2_qkv-fc1-proj-fc2/cifar/20260114184203_default_acc=53.50/tensorboard/Grad_qkv.lora_B_block_0/events.out.tfevents.1768387346.master-192-168-8-48.1680.2,qkv.lora_B,0
1768389041.4744508,2990,93.46875,0.0991990864276886,Grad/qkv.lora_B,outputs_dev/vitb16/T=vtab_Q=3bit_L=lora_2_qkv-fc1-proj-fc2/cifar/20260114184203_default_acc=53.50/tensorboard/Grad_qkv.lora_B_block_0/events.out.tfevents.1768387346.master-192-168-8-48.1680.2,qkv.lora_B,0
1768389041.87435,2991,93.5,0.13458506762981415,Grad/qkv.lora_B,outputs_dev/vitb16/T=vtab_Q=3bit_L=lora_2_qkv-fc1-proj-fc2/cifar/20260114184203_default_acc=53.50/tensorboard/Grad_qkv.lora_B_block_0/events.out.tfevents.1768387346.master-192-168-8-48.1680.2,qkv.lora_B,0
1768389042.2642918,2992,93.53125,0.11785810440778732,Grad/qkv.lora_B,outputs_dev/vitb16/T=vtab_Q=3bit_L=lora_2_qkv-fc1-proj-fc2/cifar/20260114184203_default_acc=53.50/tensorboard/Grad_qkv.lora_B_block_0/events.out.tfevents.1768387346.master-192-168-8-48.1680.2,qkv.lora_B,0
1768389042.6504867,2993,93.5625,0.02055785432457924,Grad/qkv.lora_B,outputs_dev/vitb16/T=vtab_Q=3bit_L=lora_2_qkv-fc1-proj-fc2/cifar/20260114184203_default_acc=53.50/tensorboard/Grad_qkv.lora_B_block_0/events.out.tfevents.1768387346.master-192-168-8-48.1680.2,qkv.lora_B,0
1768389043.0345795,2994,93.59375,0.019763844087719917,Grad/qkv.lora_B,outputs_dev/vitb16/T=vtab_Q=3bit_L=lora_2_qkv-fc1-proj-fc2/cifar/20260114184203_default_acc=53.50/tensorboard/Grad_qkv.lora_B_block_0/events.out.tfevents.1768387346.master-192-168-8-48.1680.2,qkv.lora_B,0
1768389043.4180121,2995,93.625,0.030592121183872223,Grad/qkv.lora_B,outputs_dev/vitb16/T=vtab_Q=3bit_L=lora_2_qkv-fc1-proj-fc2/cifar/20260114184203_default_acc=53.50/tensorboard/Grad_qkv.lora_B_block_0/events.out.tfevents.1768387346.master-192-168-8-48.1680.2,qkv.lora_B,0
1768389043.82077,2996,93.65625,0.02029668726027012,Grad/qkv.lora_B,outputs_dev/vitb16/T=vtab_Q=3bit_L=lora_2_qkv-fc1-proj-fc2/cifar/20260114184203_default_acc=53.50/tensorboard/Grad_qkv.lora_B_block_0/events.out.tfevents.1768387346.master-192-168-8-48.1680.2,qkv.lora_B,0
1768389044.2176893,2997,93.6875,0.08177421987056732,Grad/qkv.lora_B,outputs_dev/vitb16/T=vtab_Q=3bit_L=lora_2_qkv-fc1-proj-fc2/cifar/20260114184203_default_acc=53.50/tensorboard/Grad_qkv.lora_B_block_0/events.out.tfevents.1768387346.master-192-168-8-48.1680.2,qkv.lora_B,0
1768389044.6385064,2998,93.71875,0.22646959125995636,Grad/qkv.lora_B,outputs_dev/vitb16/T=vtab_Q=3bit_L=lora_2_qkv-fc1-proj-fc2/cifar/20260114184203_default_acc=53.50/tensorboard/Grad_qkv.lora_B_block_0/events.out.tfevents.1768387346.master-192-168-8-48.1680.2,qkv.lora_B,0
1768389045.0441363,2999,93.75,0.06047142297029495,Grad/qkv.lora_B,outputs_dev/vitb16/T=vtab_Q=3bit_L=lora_2_qkv-fc1-proj-fc2/cifar/20260114184203_default_acc=53.50/tensorboard/Grad_qkv.lora_B_block_0/events.out.tfevents.1768387346.master-192-168-8-48.1680.2,qkv.lora_B,0
1768389045.45045,3000,93.78125,0.015234315767884254,Grad/qkv.lora_B,outputs_dev/vitb16/T=vtab_Q=3bit_L=lora_2_qkv-fc1-proj-fc2/cifar/20260114184203_default_acc=53.50/tensorboard/Grad_qkv.lora_B_block_0/events.out.tfevents.1768387346.master-192-168-8-48.1680.2,qkv.lora_B,0
1768389045.8445103,3001,93.8125,0.04248327389359474,Grad/qkv.lora_B,outputs_dev/vitb16/T=vtab_Q=3bit_L=lora_2_qkv-fc1-proj-fc2/cifar/20260114184203_default_acc=53.50/tensorboard/Grad_qkv.lora_B_block_0/events.out.tfevents.1768387346.master-192-168-8-48.1680.2,qkv.lora_B,0
1768389046.2357466,3002,93.84375,0.015787368640303612,Grad/qkv.lora_B,outputs_dev/vitb16/T=vtab_Q=3bit_L=lora_2_qkv-fc1-proj-fc2/cifar/20260114184203_default_acc=53.50/tensorboard/Grad_qkv.lora_B_block_0/events.out.tfevents.1768387346.master-192-168-8-48.1680.2,qkv.lora_B,0
1768389046.6294308,3003,93.875,0.07444529235363007,Grad/qkv.lora_B,outputs_dev/vitb16/T=vtab_Q=3bit_L=lora_2_qkv-fc1-proj-fc2/cifar/20260114184203_default_acc=53.50/tensorboard/Grad_qkv.lora_B_block_0/events.out.tfevents.1768387346.master-192-168-8-48.1680.2,qkv.lora_B,0
1768389047.035638,3004,93.90625,0.01913544349372387,Grad/qkv.lora_B,outputs_dev/vitb16/T=vtab_Q=3bit_L=lora_2_qkv-fc1-proj-fc2/cifar/20260114184203_default_acc=53.50/tensorboard/Grad_qkv.lora_B_block_0/events.out.tfevents.1768387346.master-192-168-8-48.1680.2,qkv.lora_B,0
1768389047.448622,3005,93.9375,0.029801439493894577,Grad/qkv.lora_B,outputs_dev/vitb16/T=vtab_Q=3bit_L=lora_2_qkv-fc1-proj-fc2/cifar/20260114184203_default_acc=53.50/tensorboard/Grad_qkv.lora_B_block_0/events.out.tfevents.1768387346.master-192-168-8-48.1680.2,qkv.lora_B,0
1768389047.8447142,3006,93.96875,0.05556076765060425,Grad/qkv.lora_B,outputs_dev/vitb16/T=vtab_Q=3bit_L=lora_2_qkv-fc1-proj-fc2/cifar/20260114184203_default_acc=53.50/tensorboard/Grad_qkv.lora_B_block_0/events.out.tfevents.1768387346.master-192-168-8-48.1680.2,qkv.lora_B,0
1768389048.0431378,3007,94.0,0.019604576751589775,Grad/qkv.lora_B,outputs_dev/vitb16/T=vtab_Q=3bit_L=lora_2_qkv-fc1-proj-fc2/cifar/20260114184203_default_acc=53.50/tensorboard/Grad_qkv.lora_B_block_0/events.out.tfevents.1768387346.master-192-168-8-48.1680.2,qkv.lora_B,0
1768389048.6798637,3008,94.03125,0.019164638593792915,Grad/qkv.lora_B,outputs_dev/vitb16/T=vtab_Q=3bit_L=lora_2_qkv-fc1-proj-fc2/cifar/20260114184203_default_acc=53.50/tensorboard/Grad_qkv.lora_B_block_0/events.out.tfevents.1768387346.master-192-168-8-48.1680.2,qkv.lora_B,0
1768389049.0770087,3009,94.0625,0.15541335940361023,Grad/qkv.lora_B,outputs_dev/vitb16/T=vtab_Q=3bit_L=lora_2_qkv-fc1-proj-fc2/cifar/20260114184203_default_acc=53.50/tensorboard/Grad_qkv.lora_B_block_0/events.out.tfevents.1768387346.master-192-168-8-48.1680.2,qkv.lora_B,0
1768389049.4773397,3010,94.09375,0.027764897793531418,Grad/qkv.lora_B,outputs_dev/vitb16/T=vtab_Q=3bit_L=lora_2_qkv-fc1-proj-fc2/cifar/20260114184203_default_acc=53.50/tensorboard/Grad_qkv.lora_B_block_0/events.out.tfevents.1768387346.master-192-168-8-48.1680.2,qkv.lora_B,0
1768389049.872518,3011,94.125,0.45633453130722046,Grad/qkv.lora_B,outputs_dev/vitb16/T=vtab_Q=3bit_L=lora_2_qkv-fc1-proj-fc2/cifar/20260114184203_default_acc=53.50/tensorboard/Grad_qkv.lora_B_block_0/events.out.tfevents.1768387346.master-192-168-8-48.1680.2,qkv.lora_B,0
1768389050.270264,3012,94.15625,0.03417675197124481,Grad/qkv.lora_B,outputs_dev/vitb16/T=vtab_Q=3bit_L=lora_2_qkv-fc1-proj-fc2/cifar/20260114184203_default_acc=53.50/tensorboard/Grad_qkv.lora_B_block_0/events.out.tfevents.1768387346.master-192-168-8-48.1680.2,qkv.lora_B,0
1768389050.662859,3013,94.1875,0.045858439058065414,Grad/qkv.lora_B,outputs_dev/vitb16/T=vtab_Q=3bit_L=lora_2_qkv-fc1-proj-fc2/cifar/20260114184203_default_acc=53.50/tensorboard/Grad_qkv.lora_B_block_0/events.out.tfevents.1768387346.master-192-168-8-48.1680.2,qkv.lora_B,0
1768389051.049075,3014,94.21875,0.0610872320830822,Grad/qkv.lora_B,outputs_dev/vitb16/T=vtab_Q=3bit_L=lora_2_qkv-fc1-proj-fc2/cifar/20260114184203_default_acc=53.50/tensorboard/Grad_qkv.lora_B_block_0/events.out.tfevents.1768387346.master-192-168-8-48.1680.2,qkv.lora_B,0
1768389051.454126,3015,94.25,0.052496880292892456,Grad/qkv.lora_B,outputs_dev/vitb16/T=vtab_Q=3bit_L=lora_2_qkv-fc1-proj-fc2/cifar/20260114184203_default_acc=53.50/tensorboard/Grad_qkv.lora_B_block_0/events.out.tfevents.1768387346.master-192-168-8-48.1680.2,qkv.lora_B,0
1768389051.8511965,3016,94.28125,0.013188576325774193,Grad/qkv.lora_B,outputs_dev/vitb16/T=vtab_Q=3bit_L=lora_2_qkv-fc1-proj-fc2/cifar/20260114184203_default_acc=53.50/tensorboard/Grad_qkv.lora_B_block_0/events.out.tfevents.1768387346.master-192-168-8-48.1680.2,qkv.lora_B,0
1768389052.249262,3017,94.3125,0.03520544618368149,Grad/qkv.lora_B,outputs_dev/vitb16/T=vtab_Q=3bit_L=lora_2_qkv-fc1-proj-fc2/cifar/20260114184203_default_acc=53.50/tensorboard/Grad_qkv.lora_B_block_0/events.out.tfevents.1768387346.master-192-168-8-48.1680.2,qkv.lora_B,0
1768389052.6499343,3018,94.34375,0.039875105023384094,Grad/qkv.lora_B,outputs_dev/vitb16/T=vtab_Q=3bit_L=lora_2_qkv-fc1-proj-fc2/cifar/20260114184203_default_acc=53.50/tensorboard/Grad_qkv.lora_B_block_0/events.out.tfevents.1768387346.master-192-168-8-48.1680.2,qkv.lora_B,0
1768389053.0396683,3019,94.375,0.020578360185027122,Grad/qkv.lora_B,outputs_dev/vitb16/T=vtab_Q=3bit_L=lora_2_qkv-fc1-proj-fc2/cifar/20260114184203_default_acc=53.50/tensorboard/Grad_qkv.lora_B_block_0/events.out.tfevents.1768387346.master-192-168-8-48.1680.2,qkv.lora_B,0
1768389053.4503782,3020,94.40625,0.057208940386772156,Grad/qkv.lora_B,outputs_dev/vitb16/T=vtab_Q=3bit_L=lora_2_qkv-fc1-proj-fc2/cifar/20260114184203_default_acc=53.50/tensorboard/Grad_qkv.lora_B_block_0/events.out.tfevents.1768387346.master-192-168-8-48.1680.2,qkv.lora_B,0
1768389053.8449974,3021,94.4375,0.009700567461550236,Grad/qkv.lora_B,outputs_dev/vitb16/T=vtab_Q=3bit_L=lora_2_qkv-fc1-proj-fc2/cifar/20260114184203_default_acc=53.50/tensorboard/Grad_qkv.lora_B_block_0/events.out.tfevents.1768387346.master-192-168-8-48.1680.2,qkv.lora_B,0
1768389054.2411046,3022,94.46875,0.029040353372693062,Grad/qkv.lora_B,outputs_dev/vitb16/T=vtab_Q=3bit_L=lora_2_qkv-fc1-proj-fc2/cifar/20260114184203_default_acc=53.50/tensorboard/Grad_qkv.lora_B_block_0/events.out.tfevents.1768387346.master-192-168-8-48.1680.2,qkv.lora_B,0
1768389054.6399624,3023,94.5,0.01875428482890129,Grad/qkv.lora_B,outputs_dev/vitb16/T=vtab_Q=3bit_L=lora_2_qkv-fc1-proj-fc2/cifar/20260114184203_default_acc=53.50/tensorboard/Grad_qkv.lora_B_block_0/events.out.tfevents.1768387346.master-192-168-8-48.1680.2,qkv.lora_B,0
1768389055.0359192,3024,94.53125,0.029725151136517525,Grad/qkv.lora_B,outputs_dev/vitb16/T=vtab_Q=3bit_L=lora_2_qkv-fc1-proj-fc2/cifar/20260114184203_default_acc=53.50/tensorboard/Grad_qkv.lora_B_block_0/events.out.tfevents.1768387346.master-192-168-8-48.1680.2,qkv.lora_B,0
1768389055.4328854,3025,94.5625,0.03558608517050743,Grad/qkv.lora_B,outputs_dev/vitb16/T=vtab_Q=3bit_L=lora_2_qkv-fc1-proj-fc2/cifar/20260114184203_default_acc=53.50/tensorboard/Grad_qkv.lora_B_block_0/events.out.tfevents.1768387346.master-192-168-8-48.1680.2,qkv.lora_B,0
1768389055.8309512,3026,94.59375,0.02582606114447117,Grad/qkv.lora_B,outputs_dev/vitb16/T=vtab_Q=3bit_L=lora_2_qkv-fc1-proj-fc2/cifar/20260114184203_default_acc=53.50/tensorboard/Grad_qkv.lora_B_block_0/events.out.tfevents.1768387346.master-192-168-8-48.1680.2,qkv.lora_B,0
1768389056.2288845,3027,94.625,0.019975995644927025,Grad/qkv.lora_B,outputs_dev/vitb16/T=vtab_Q=3bit_L=lora_2_qkv-fc1-proj-fc2/cifar/20260114184203_default_acc=53.50/tensorboard/Grad_qkv.lora_B_block_0/events.out.tfevents.1768387346.master-192-168-8-48.1680.2,qkv.lora_B,0
1768389056.6267385,3028,94.65625,0.31742143630981445,Grad/qkv.lora_B,outputs_dev/vitb16/T=vtab_Q=3bit_L=lora_2_qkv-fc1-proj-fc2/cifar/20260114184203_default_acc=53.50/tensorboard/Grad_qkv.lora_B_block_0/events.out.tfevents.1768387346.master-192-168-8-48.1680.2,qkv.lora_B,0
1768389057.037501,3029,94.6875,0.020949317142367363,Grad/qkv.lora_B,outputs_dev/vitb16/T=vtab_Q=3bit_L=lora_2_qkv-fc1-proj-fc2/cifar/20260114184203_default_acc=53.50/tensorboard/Grad_qkv.lora_B_block_0/events.out.tfevents.1768387346.master-192-168-8-48.1680.2,qkv.lora_B,0
1768389057.434168,3030,94.71875,0.027652015909552574,Grad/qkv.lora_B,outputs_dev/vitb16/T=vtab_Q=3bit_L=lora_2_qkv-fc1-proj-fc2/cifar/20260114184203_default_acc=53.50/tensorboard/Grad_qkv.lora_B_block_0/events.out.tfevents.1768387346.master-192-168-8-48.1680.2,qkv.lora_B,0
1768389057.8418229,3031,94.75,0.05722717195749283,Grad/qkv.lora_B,outputs_dev/vitb16/T=vtab_Q=3bit_L=lora_2_qkv-fc1-proj-fc2/cifar/20260114184203_default_acc=53.50/tensorboard/Grad_qkv.lora_B_block_0/events.out.tfevents.1768387346.master-192-168-8-48.1680.2,qkv.lora_B,0
1768389058.2357085,3032,94.78125,0.03701446205377579,Grad/qkv.lora_B,outputs_dev/vitb16/T=vtab_Q=3bit_L=lora_2_qkv-fc1-proj-fc2/cifar/20260114184203_default_acc=53.50/tensorboard/Grad_qkv.lora_B_block_0/events.out.tfevents.1768387346.master-192-168-8-48.1680.2,qkv.lora_B,0
1768389058.6325312,3033,94.8125,0.24078269302845,Grad/qkv.lora_B,outputs_dev/vitb16/T=vtab_Q=3bit_L=lora_2_qkv-fc1-proj-fc2/cifar/20260114184203_default_acc=53.50/tensorboard/Grad_qkv.lora_B_block_0/events.out.tfevents.1768387346.master-192-168-8-48.1680.2,qkv.lora_B,0
1768389059.025832,3034,94.84375,0.0214924868196249,Grad/qkv.lora_B,outputs_dev/vitb16/T=vtab_Q=3bit_L=lora_2_qkv-fc1-proj-fc2/cifar/20260114184203_default_acc=53.50/tensorboard/Grad_qkv.lora_B_block_0/events.out.tfevents.1768387346.master-192-168-8-48.1680.2,qkv.lora_B,0
1768389059.4395595,3035,94.875,0.06762931495904922,Grad/qkv.lora_B,outputs_dev/vitb16/T=vtab_Q=3bit_L=lora_2_qkv-fc1-proj-fc2/cifar/20260114184203_default_acc=53.50/tensorboard/Grad_qkv.lora_B_block_0/events.out.tfevents.1768387346.master-192-168-8-48.1680.2,qkv.lora_B,0
1768389059.8359604,3036,94.90625,0.01797996461391449,Grad/qkv.lora_B,outputs_dev/vitb16/T=vtab_Q=3bit_L=lora_2_qkv-fc1-proj-fc2/cifar/20260114184203_default_acc=53.50/tensorboard/Grad_qkv.lora_B_block_0/events.out.tfevents.1768387346.master-192-168-8-48.1680.2,qkv.lora_B,0
1768389060.237916,3037,94.9375,0.016735410317778587,Grad/qkv.lora_B,outputs_dev/vitb16/T=vtab_Q=3bit_L=lora_2_qkv-fc1-proj-fc2/cifar/20260114184203_default_acc=53.50/tensorboard/Grad_qkv.lora_B_block_0/events.out.tfevents.1768387346.master-192-168-8-48.1680.2,qkv.lora_B,0
1768389060.645522,3038,94.96875,0.07044579833745956,Grad/qkv.lora_B,outputs_dev/vitb16/T=vtab_Q=3bit_L=lora_2_qkv-fc1-proj-fc2/cifar/20260114184203_default_acc=53.50/tensorboard/Grad_qkv.lora_B_block_0/events.out.tfevents.1768387346.master-192-168-8-48.1680.2,qkv.lora_B,0
1768389060.838147,3039,95.0,0.07963410019874573,Grad/qkv.lora_B,outputs_dev/vitb16/T=vtab_Q=3bit_L=lora_2_qkv-fc1-proj-fc2/cifar/20260114184203_default_acc=53.50/tensorboard/Grad_qkv.lora_B_block_0/events.out.tfevents.1768387346.master-192-168-8-48.1680.2,qkv.lora_B,0
1768389061.4633484,3040,95.03125,0.04775651544332504,Grad/qkv.lora_B,outputs_dev/vitb16/T=vtab_Q=3bit_L=lora_2_qkv-fc1-proj-fc2/cifar/20260114184203_default_acc=53.50/tensorboard/Grad_qkv.lora_B_block_0/events.out.tfevents.1768387346.master-192-168-8-48.1680.2,qkv.lora_B,0
1768389061.8610182,3041,95.0625,0.020678196102380753,Grad/qkv.lora_B,outputs_dev/vitb16/T=vtab_Q=3bit_L=lora_2_qkv-fc1-proj-fc2/cifar/20260114184203_default_acc=53.50/tensorboard/Grad_qkv.lora_B_block_0/events.out.tfevents.1768387346.master-192-168-8-48.1680.2,qkv.lora_B,0
1768389062.2515478,3042,95.09375,0.18180082738399506,Grad/qkv.lora_B,outputs_dev/vitb16/T=vtab_Q=3bit_L=lora_2_qkv-fc1-proj-fc2/cifar/20260114184203_default_acc=53.50/tensorboard/Grad_qkv.lora_B_block_0/events.out.tfevents.1768387346.master-192-168-8-48.1680.2,qkv.lora_B,0
1768389062.6379404,3043,95.125,0.023507075384259224,Grad/qkv.lora_B,outputs_dev/vitb16/T=vtab_Q=3bit_L=lora_2_qkv-fc1-proj-fc2/cifar/20260114184203_default_acc=53.50/tensorboard/Grad_qkv.lora_B_block_0/events.out.tfevents.1768387346.master-192-168-8-48.1680.2,qkv.lora_B,0
1768389063.0548239,3044,95.15625,0.029374048113822937,Grad/qkv.lora_B,outputs_dev/vitb16/T=vtab_Q=3bit_L=lora_2_qkv-fc1-proj-fc2/cifar/20260114184203_default_acc=53.50/tensorboard/Grad_qkv.lora_B_block_0/events.out.tfevents.1768387346.master-192-168-8-48.1680.2,qkv.lora_B,0
1768389063.4511805,3045,95.1875,0.13351091742515564,Grad/qkv.lora_B,outputs_dev/vitb16/T=vtab_Q=3bit_L=lora_2_qkv-fc1-proj-fc2/cifar/20260114184203_default_acc=53.50/tensorboard/Grad_qkv.lora_B_block_0/events.out.tfevents.1768387346.master-192-168-8-48.1680.2,qkv.lora_B,0
1768389063.8405979,3046,95.21875,0.10671366751194,Grad/qkv.lora_B,outputs_dev/vitb16/T=vtab_Q=3bit_L=lora_2_qkv-fc1-proj-fc2/cifar/20260114184203_default_acc=53.50/tensorboard/Grad_qkv.lora_B_block_0/events.out.tfevents.1768387346.master-192-168-8-48.1680.2,qkv.lora_B,0
1768389064.219311,3047,95.25,0.0213436558842659,Grad/qkv.lora_B,outputs_dev/vitb16/T=vtab_Q=3bit_L=lora_2_qkv-fc1-proj-fc2/cifar/20260114184203_default_acc=53.50/tensorboard/Grad_qkv.lora_B_block_0/events.out.tfevents.1768387346.master-192-168-8-48.1680.2,qkv.lora_B,0
1768389064.6152513,3048,95.28125,0.1274833381175995,Grad/qkv.lora_B,outputs_dev/vitb16/T=vtab_Q=3bit_L=lora_2_qkv-fc1-proj-fc2/cifar/20260114184203_default_acc=53.50/tensorboard/Grad_qkv.lora_B_block_0/events.out.tfevents.1768387346.master-192-168-8-48.1680.2,qkv.lora_B,0
1768389065.0111945,3049,95.3125,0.023327980190515518,Grad/qkv.lora_B,outputs_dev/vitb16/T=vtab_Q=3bit_L=lora_2_qkv-fc1-proj-fc2/cifar/20260114184203_default_acc=53.50/tensorboard/Grad_qkv.lora_B_block_0/events.out.tfevents.1768387346.master-192-168-8-48.1680.2,qkv.lora_B,0
1768389065.4045055,3050,95.34375,0.023553943261504173,Grad/qkv.lora_B,outputs_dev/vitb16/T=vtab_Q=3bit_L=lora_2_qkv-fc1-proj-fc2/cifar/20260114184203_default_acc=53.50/tensorboard/Grad_qkv.lora_B_block_0/events.out.tfevents.1768387346.master-192-168-8-48.1680.2,qkv.lora_B,0
1768389065.7879221,3051,95.375,0.054929714649915695,Grad/qkv.lora_B,outputs_dev/vitb16/T=vtab_Q=3bit_L=lora_2_qkv-fc1-proj-fc2/cifar/20260114184203_default_acc=53.50/tensorboard/Grad_qkv.lora_B_block_0/events.out.tfevents.1768387346.master-192-168-8-48.1680.2,qkv.lora_B,0
1768389066.1956751,3052,95.40625,0.021704191341996193,Grad/qkv.lora_B,outputs_dev/vitb16/T=vtab_Q=3bit_L=lora_2_qkv-fc1-proj-fc2/cifar/20260114184203_default_acc=53.50/tensorboard/Grad_qkv.lora_B_block_0/events.out.tfevents.1768387346.master-192-168-8-48.1680.2,qkv.lora_B,0
1768389066.579884,3053,95.4375,0.0494319424033165,Grad/qkv.lora_B,outputs_dev/vitb16/T=vtab_Q=3bit_L=lora_2_qkv-fc1-proj-fc2/cifar/20260114184203_default_acc=53.50/tensorboard/Grad_qkv.lora_B_block_0/events.out.tfevents.1768387346.master-192-168-8-48.1680.2,qkv.lora_B,0
1768389066.9768507,3054,95.46875,0.015998288989067078,Grad/qkv.lora_B,outputs_dev/vitb16/T=vtab_Q=3bit_L=lora_2_qkv-fc1-proj-fc2/cifar/20260114184203_default_acc=53.50/tensorboard/Grad_qkv.lora_B_block_0/events.out.tfevents.1768387346.master-192-168-8-48.1680.2,qkv.lora_B,0
1768389067.3719778,3055,95.5,0.031443286687135696,Grad/qkv.lora_B,outputs_dev/vitb16/T=vtab_Q=3bit_L=lora_2_qkv-fc1-proj-fc2/cifar/20260114184203_default_acc=53.50/tensorboard/Grad_qkv.lora_B_block_0/events.out.tfevents.1768387346.master-192-168-8-48.1680.2,qkv.lora_B,0
1768389067.758954,3056,95.53125,0.02005118317902088,Grad/qkv.lora_B,outputs_dev/vitb16/T=vtab_Q=3bit_L=lora_2_qkv-fc1-proj-fc2/cifar/20260114184203_default_acc=53.50/tensorboard/Grad_qkv.lora_B_block_0/events.out.tfevents.1768387346.master-192-168-8-48.1680.2,qkv.lora_B,0
1768389068.1415615,3057,95.5625,0.014388148672878742,Grad/qkv.lora_B,outputs_dev/vitb16/T=vtab_Q=3bit_L=lora_2_qkv-fc1-proj-fc2/cifar/20260114184203_default_acc=53.50/tensorboard/Grad_qkv.lora_B_block_0/events.out.tfevents.1768387346.master-192-168-8-48.1680.2,qkv.lora_B,0
1768389068.5368762,3058,95.59375,0.14220082759857178,Grad/qkv.lora_B,outputs_dev/vitb16/T=vtab_Q=3bit_L=lora_2_qkv-fc1-proj-fc2/cifar/20260114184203_default_acc=53.50/tensorboard/Grad_qkv.lora_B_block_0/events.out.tfevents.1768387346.master-192-168-8-48.1680.2,qkv.lora_B,0
1768389068.919377,3059,95.625,0.08221903443336487,Grad/qkv.lora_B,outputs_dev/vitb16/T=vtab_Q=3bit_L=lora_2_qkv-fc1-proj-fc2/cifar/20260114184203_default_acc=53.50/tensorboard/Grad_qkv.lora_B_block_0/events.out.tfevents.1768387346.master-192-168-8-48.1680.2,qkv.lora_B,0
1768389069.3163962,3060,95.65625,0.07551261782646179,Grad/qkv.lora_B,outputs_dev/vitb16/T=vtab_Q=3bit_L=lora_2_qkv-fc1-proj-fc2/cifar/20260114184203_default_acc=53.50/tensorboard/Grad_qkv.lora_B_block_0/events.out.tfevents.1768387346.master-192-168-8-48.1680.2,qkv.lora_B,0
1768389069.7120547,3061,95.6875,0.026415929198265076,Grad/qkv.lora_B,outputs_dev/vitb16/T=vtab_Q=3bit_L=lora_2_qkv-fc1-proj-fc2/cifar/20260114184203_default_acc=53.50/tensorboard/Grad_qkv.lora_B_block_0/events.out.tfevents.1768387346.master-192-168-8-48.1680.2,qkv.lora_B,0
1768389070.1092281,3062,95.71875,0.04049006104469299,Grad/qkv.lora_B,outputs_dev/vitb16/T=vtab_Q=3bit_L=lora_2_qkv-fc1-proj-fc2/cifar/20260114184203_default_acc=53.50/tensorboard/Grad_qkv.lora_B_block_0/events.out.tfevents.1768387346.master-192-168-8-48.1680.2,qkv.lora_B,0
1768389070.4856694,3063,95.75,0.03692914545536041,Grad/qkv.lora_B,outputs_dev/vitb16/T=vtab_Q=3bit_L=lora_2_qkv-fc1-proj-fc2/cifar/20260114184203_default_acc=53.50/tensorboard/Grad_qkv.lora_B_block_0/events.out.tfevents.1768387346.master-192-168-8-48.1680.2,qkv.lora_B,0
1768389070.88053,3064,95.78125,0.01483744103461504,Grad/qkv.lora_B,outputs_dev/vitb16/T=vtab_Q=3bit_L=lora_2_qkv-fc1-proj-fc2/cifar/20260114184203_default_acc=53.50/tensorboard/Grad_qkv.lora_B_block_0/events.out.tfevents.1768387346.master-192-168-8-48.1680.2,qkv.lora_B,0
1768389071.2752266,3065,95.8125,0.22415727376937866,Grad/qkv.lora_B,outputs_dev/vitb16/T=vtab_Q=3bit_L=lora_2_qkv-fc1-proj-fc2/cifar/20260114184203_default_acc=53.50/tensorboard/Grad_qkv.lora_B_block_0/events.out.tfevents.1768387346.master-192-168-8-48.1680.2,qkv.lora_B,0
1768389071.6578438,3066,95.84375,0.1021820455789566,Grad/qkv.lora_B,outputs_dev/vitb16/T=vtab_Q=3bit_L=lora_2_qkv-fc1-proj-fc2/cifar/20260114184203_default_acc=53.50/tensorboard/Grad_qkv.lora_B_block_0/events.out.tfevents.1768387346.master-192-168-8-48.1680.2,qkv.lora_B,0
1768389072.0560963,3067,95.875,0.0346926711499691,Grad/qkv.lora_B,outputs_dev/vitb16/T=vtab_Q=3bit_L=lora_2_qkv-fc1-proj-fc2/cifar/20260114184203_default_acc=53.50/tensorboard/Grad_qkv.lora_B_block_0/events.out.tfevents.1768387346.master-192-168-8-48.1680.2,qkv.lora_B,0
1768389072.4689658,3068,95.90625,0.024310190230607986,Grad/qkv.lora_B,outputs_dev/vitb16/T=vtab_Q=3bit_L=lora_2_qkv-fc1-proj-fc2/cifar/20260114184203_default_acc=53.50/tensorboard/Grad_qkv.lora_B_block_0/events.out.tfevents.1768387346.master-192-168-8-48.1680.2,qkv.lora_B,0
1768389072.88828,3069,95.9375,0.008608569391071796,Grad/qkv.lora_B,outputs_dev/vitb16/T=vtab_Q=3bit_L=lora_2_qkv-fc1-proj-fc2/cifar/20260114184203_default_acc=53.50/tensorboard/Grad_qkv.lora_B_block_0/events.out.tfevents.1768387346.master-192-168-8-48.1680.2,qkv.lora_B,0
1768389073.2701771,3070,95.96875,0.009522875770926476,Grad/qkv.lora_B,outputs_dev/vitb16/T=vtab_Q=3bit_L=lora_2_qkv-fc1-proj-fc2/cifar/20260114184203_default_acc=53.50/tensorboard/Grad_qkv.lora_B_block_0/events.out.tfevents.1768387346.master-192-168-8-48.1680.2,qkv.lora_B,0
1768389073.4396522,3071,96.0,0.04011879861354828,Grad/qkv.lora_B,outputs_dev/vitb16/T=vtab_Q=3bit_L=lora_2_qkv-fc1-proj-fc2/cifar/20260114184203_default_acc=53.50/tensorboard/Grad_qkv.lora_B_block_0/events.out.tfevents.1768387346.master-192-168-8-48.1680.2,qkv.lora_B,0
1768389074.0769129,3072,96.03125,0.2127000391483307,Grad/qkv.lora_B,outputs_dev/vitb16/T=vtab_Q=3bit_L=lora_2_qkv-fc1-proj-fc2/cifar/20260114184203_default_acc=53.50/tensorboard/Grad_qkv.lora_B_block_0/events.out.tfevents.1768387346.master-192-168-8-48.1680.2,qkv.lora_B,0
1768389074.4804661,3073,96.0625,0.03476042300462723,Grad/qkv.lora_B,outputs_dev/vitb16/T=vtab_Q=3bit_L=lora_2_qkv-fc1-proj-fc2/cifar/20260114184203_default_acc=53.50/tensorboard/Grad_qkv.lora_B_block_0/events.out.tfevents.1768387346.master-192-168-8-48.1680.2,qkv.lora_B,0
1768389074.8769205,3074,96.09375,0.05879442021250725,Grad/qkv.lora_B,outputs_dev/vitb16/T=vtab_Q=3bit_L=lora_2_qkv-fc1-proj-fc2/cifar/20260114184203_default_acc=53.50/tensorboard/Grad_qkv.lora_B_block_0/events.out.tfevents.1768387346.master-192-168-8-48.1680.2,qkv.lora_B,0
1768389075.2711031,3075,96.125,0.039238955825567245,Grad/qkv.lora_B,outputs_dev/vitb16/T=vtab_Q=3bit_L=lora_2_qkv-fc1-proj-fc2/cifar/20260114184203_default_acc=53.50/tensorboard/Grad_qkv.lora_B_block_0/events.out.tfevents.1768387346.master-192-168-8-48.1680.2,qkv.lora_B,0
1768389075.6671877,3076,96.15625,0.22875690460205078,Grad/qkv.lora_B,outputs_dev/vitb16/T=vtab_Q=3bit_L=lora_2_qkv-fc1-proj-fc2/cifar/20260114184203_default_acc=53.50/tensorboard/Grad_qkv.lora_B_block_0/events.out.tfevents.1768387346.master-192-168-8-48.1680.2,qkv.lora_B,0
1768389076.06235,3077,96.1875,0.3445633351802826,Grad/qkv.lora_B,outputs_dev/vitb16/T=vtab_Q=3bit_L=lora_2_qkv-fc1-proj-fc2/cifar/20260114184203_default_acc=53.50/tensorboard/Grad_qkv.lora_B_block_0/events.out.tfevents.1768387346.master-192-168-8-48.1680.2,qkv.lora_B,0
1768389076.454645,3078,96.21875,0.013411479070782661,Grad/qkv.lora_B,outputs_dev/vitb16/T=vtab_Q=3bit_L=lora_2_qkv-fc1-proj-fc2/cifar/20260114184203_default_acc=53.50/tensorboard/Grad_qkv.lora_B_block_0/events.out.tfevents.1768387346.master-192-168-8-48.1680.2,qkv.lora_B,0
1768389076.859011,3079,96.25,0.08279145509004593,Grad/qkv.lora_B,outputs_dev/vitb16/T=vtab_Q=3bit_L=lora_2_qkv-fc1-proj-fc2/cifar/20260114184203_default_acc=53.50/tensorboard/Grad_qkv.lora_B_block_0/events.out.tfevents.1768387346.master-192-168-8-48.1680.2,qkv.lora_B,0
1768389077.2489486,3080,96.28125,0.10482075065374374,Grad/qkv.lora_B,outputs_dev/vitb16/T=vtab_Q=3bit_L=lora_2_qkv-fc1-proj-fc2/cifar/20260114184203_default_acc=53.50/tensorboard/Grad_qkv.lora_B_block_0/events.out.tfevents.1768387346.master-192-168-8-48.1680.2,qkv.lora_B,0
1768389077.6573288,3081,96.3125,0.07771174609661102,Grad/qkv.lora_B,outputs_dev/vitb16/T=vtab_Q=3bit_L=lora_2_qkv-fc1-proj-fc2/cifar/20260114184203_default_acc=53.50/tensorboard/Grad_qkv.lora_B_block_0/events.out.tfevents.1768387346.master-192-168-8-48.1680.2,qkv.lora_B,0
1768389078.0549967,3082,96.34375,0.01731978915631771,Grad/qkv.lora_B,outputs_dev/vitb16/T=vtab_Q=3bit_L=lora_2_qkv-fc1-proj-fc2/cifar/20260114184203_default_acc=53.50/tensorboard/Grad_qkv.lora_B_block_0/events.out.tfevents.1768387346.master-192-168-8-48.1680.2,qkv.lora_B,0
1768389078.4678216,3083,96.375,0.024708691984415054,Grad/qkv.lora_B,outputs_dev/vitb16/T=vtab_Q=3bit_L=lora_2_qkv-fc1-proj-fc2/cifar/20260114184203_default_acc=53.50/tensorboard/Grad_qkv.lora_B_block_0/events.out.tfevents.1768387346.master-192-168-8-48.1680.2,qkv.lora_B,0
1768389078.8840902,3084,96.40625,0.1378813534975052,Grad/qkv.lora_B,outputs_dev/vitb16/T=vtab_Q=3bit_L=lora_2_qkv-fc1-proj-fc2/cifar/20260114184203_default_acc=53.50/tensorboard/Grad_qkv.lora_B_block_0/events.out.tfevents.1768387346.master-192-168-8-48.1680.2,qkv.lora_B,0
1768389079.277841,3085,96.4375,0.0480186827480793,Grad/qkv.lora_B,outputs_dev/vitb16/T=vtab_Q=3bit_L=lora_2_qkv-fc1-proj-fc2/cifar/20260114184203_default_acc=53.50/tensorboard/Grad_qkv.lora_B_block_0/events.out.tfevents.1768387346.master-192-168-8-48.1680.2,qkv.lora_B,0
1768389079.6711469,3086,96.46875,0.022705942392349243,Grad/qkv.lora_B,outputs_dev/vitb16/T=vtab_Q=3bit_L=lora_2_qkv-fc1-proj-fc2/cifar/20260114184203_default_acc=53.50/tensorboard/Grad_qkv.lora_B_block_0/events.out.tfevents.1768387346.master-192-168-8-48.1680.2,qkv.lora_B,0
1768389080.065845,3087,96.5,0.46840307116508484,Grad/qkv.lora_B,outputs_dev/vitb16/T=vtab_Q=3bit_L=lora_2_qkv-fc1-proj-fc2/cifar/20260114184203_default_acc=53.50/tensorboard/Grad_qkv.lora_B_block_0/events.out.tfevents.1768387346.master-192-168-8-48.1680.2,qkv.lora_B,0
1768389080.458956,3088,96.53125,0.045295652002096176,Grad/qkv.lora_B,outputs_dev/vitb16/T=vtab_Q=3bit_L=lora_2_qkv-fc1-proj-fc2/cifar/20260114184203_default_acc=53.50/tensorboard/Grad_qkv.lora_B_block_0/events.out.tfevents.1768387346.master-192-168-8-48.1680.2,qkv.lora_B,0
1768389080.8508396,3089,96.5625,0.053174298256635666,Grad/qkv.lora_B,outputs_dev/vitb16/T=vtab_Q=3bit_L=lora_2_qkv-fc1-proj-fc2/cifar/20260114184203_default_acc=53.50/tensorboard/Grad_qkv.lora_B_block_0/events.out.tfevents.1768387346.master-192-168-8-48.1680.2,qkv.lora_B,0
1768389081.2449324,3090,96.59375,0.02566337399184704,Grad/qkv.lora_B,outputs_dev/vitb16/T=vtab_Q=3bit_L=lora_2_qkv-fc1-proj-fc2/cifar/20260114184203_default_acc=53.50/tensorboard/Grad_qkv.lora_B_block_0/events.out.tfevents.1768387346.master-192-168-8-48.1680.2,qkv.lora_B,0
1768389081.6376338,3091,96.625,0.027181003242731094,Grad/qkv.lora_B,outputs_dev/vitb16/T=vtab_Q=3bit_L=lora_2_qkv-fc1-proj-fc2/cifar/20260114184203_default_acc=53.50/tensorboard/Grad_qkv.lora_B_block_0/events.out.tfevents.1768387346.master-192-168-8-48.1680.2,qkv.lora_B,0
1768389082.02864,3092,96.65625,0.022696049883961678,Grad/qkv.lora_B,outputs_dev/vitb16/T=vtab_Q=3bit_L=lora_2_qkv-fc1-proj-fc2/cifar/20260114184203_default_acc=53.50/tensorboard/Grad_qkv.lora_B_block_0/events.out.tfevents.1768387346.master-192-168-8-48.1680.2,qkv.lora_B,0
1768389082.423848,3093,96.6875,0.01055085752159357,Grad/qkv.lora_B,outputs_dev/vitb16/T=vtab_Q=3bit_L=lora_2_qkv-fc1-proj-fc2/cifar/20260114184203_default_acc=53.50/tensorboard/Grad_qkv.lora_B_block_0/events.out.tfevents.1768387346.master-192-168-8-48.1680.2,qkv.lora_B,0
1768389082.8150675,3094,96.71875,0.1015409603714943,Grad/qkv.lora_B,outputs_dev/vitb16/T=vtab_Q=3bit_L=lora_2_qkv-fc1-proj-fc2/cifar/20260114184203_default_acc=53.50/tensorboard/Grad_qkv.lora_B_block_0/events.out.tfevents.1768387346.master-192-168-8-48.1680.2,qkv.lora_B,0
1768389083.2090924,3095,96.75,0.020825309678912163,Grad/qkv.lora_B,outputs_dev/vitb16/T=vtab_Q=3bit_L=lora_2_qkv-fc1-proj-fc2/cifar/20260114184203_default_acc=53.50/tensorboard/Grad_qkv.lora_B_block_0/events.out.tfevents.1768387346.master-192-168-8-48.1680.2,qkv.lora_B,0
1768389083.6051276,3096,96.78125,0.025578437373042107,Grad/qkv.lora_B,outputs_dev/vitb16/T=vtab_Q=3bit_L=lora_2_qkv-fc1-proj-fc2/cifar/20260114184203_default_acc=53.50/tensorboard/Grad_qkv.lora_B_block_0/events.out.tfevents.1768387346.master-192-168-8-48.1680.2,qkv.lora_B,0
1768389084.0000055,3097,96.8125,0.019437039270997047,Grad/qkv.lora_B,outputs_dev/vitb16/T=vtab_Q=3bit_L=lora_2_qkv-fc1-proj-fc2/cifar/20260114184203_default_acc=53.50/tensorboard/Grad_qkv.lora_B_block_0/events.out.tfevents.1768387346.master-192-168-8-48.1680.2,qkv.lora_B,0
1768389084.3938365,3098,96.84375,0.03951967880129814,Grad/qkv.lora_B,outputs_dev/vitb16/T=vtab_Q=3bit_L=lora_2_qkv-fc1-proj-fc2/cifar/20260114184203_default_acc=53.50/tensorboard/Grad_qkv.lora_B_block_0/events.out.tfevents.1768387346.master-192-168-8-48.1680.2,qkv.lora_B,0
1768389084.788321,3099,96.875,0.02859102189540863,Grad/qkv.lora_B,outputs_dev/vitb16/T=vtab_Q=3bit_L=lora_2_qkv-fc1-proj-fc2/cifar/20260114184203_default_acc=53.50/tensorboard/Grad_qkv.lora_B_block_0/events.out.tfevents.1768387346.master-192-168-8-48.1680.2,qkv.lora_B,0
1768389085.1799822,3100,96.90625,0.1117190271615982,Grad/qkv.lora_B,outputs_dev/vitb16/T=vtab_Q=3bit_L=lora_2_qkv-fc1-proj-fc2/cifar/20260114184203_default_acc=53.50/tensorboard/Grad_qkv.lora_B_block_0/events.out.tfevents.1768387346.master-192-168-8-48.1680.2,qkv.lora_B,0
1768389085.5634127,3101,96.9375,0.03318675234913826,Grad/qkv.lora_B,outputs_dev/vitb16/T=vtab_Q=3bit_L=lora_2_qkv-fc1-proj-fc2/cifar/20260114184203_default_acc=53.50/tensorboard/Grad_qkv.lora_B_block_0/events.out.tfevents.1768387346.master-192-168-8-48.1680.2,qkv.lora_B,0
1768389085.95724,3102,96.96875,0.02138209342956543,Grad/qkv.lora_B,outputs_dev/vitb16/T=vtab_Q=3bit_L=lora_2_qkv-fc1-proj-fc2/cifar/20260114184203_default_acc=53.50/tensorboard/Grad_qkv.lora_B_block_0/events.out.tfevents.1768387346.master-192-168-8-48.1680.2,qkv.lora_B,0
1768389086.1686444,3103,97.0,0.07749468088150024,Grad/qkv.lora_B,outputs_dev/vitb16/T=vtab_Q=3bit_L=lora_2_qkv-fc1-proj-fc2/cifar/20260114184203_default_acc=53.50/tensorboard/Grad_qkv.lora_B_block_0/events.out.tfevents.1768387346.master-192-168-8-48.1680.2,qkv.lora_B,0
1768389086.8160436,3104,97.03125,0.015185412019491196,Grad/qkv.lora_B,outputs_dev/vitb16/T=vtab_Q=3bit_L=lora_2_qkv-fc1-proj-fc2/cifar/20260114184203_default_acc=53.50/tensorboard/Grad_qkv.lora_B_block_0/events.out.tfevents.1768387346.master-192-168-8-48.1680.2,qkv.lora_B,0
1768389087.2175643,3105,97.0625,0.06305399537086487,Grad/qkv.lora_B,outputs_dev/vitb16/T=vtab_Q=3bit_L=lora_2_qkv-fc1-proj-fc2/cifar/20260114184203_default_acc=53.50/tensorboard/Grad_qkv.lora_B_block_0/events.out.tfevents.1768387346.master-192-168-8-48.1680.2,qkv.lora_B,0
1768389087.6134858,3106,97.09375,0.10601329058408737,Grad/qkv.lora_B,outputs_dev/vitb16/T=vtab_Q=3bit_L=lora_2_qkv-fc1-proj-fc2/cifar/20260114184203_default_acc=53.50/tensorboard/Grad_qkv.lora_B_block_0/events.out.tfevents.1768387346.master-192-168-8-48.1680.2,qkv.lora_B,0
1768389088.0083163,3107,97.125,0.04195654019713402,Grad/qkv.lora_B,outputs_dev/vitb16/T=vtab_Q=3bit_L=lora_2_qkv-fc1-proj-fc2/cifar/20260114184203_default_acc=53.50/tensorboard/Grad_qkv.lora_B_block_0/events.out.tfevents.1768387346.master-192-168-8-48.1680.2,qkv.lora_B,0
1768389088.4156153,3108,97.15625,0.023326795548200607,Grad/qkv.lora_B,outputs_dev/vitb16/T=vtab_Q=3bit_L=lora_2_qkv-fc1-proj-fc2/cifar/20260114184203_default_acc=53.50/tensorboard/Grad_qkv.lora_B_block_0/events.out.tfevents.1768387346.master-192-168-8-48.1680.2,qkv.lora_B,0
1768389088.809604,3109,97.1875,0.06763024628162384,Grad/qkv.lora_B,outputs_dev/vitb16/T=vtab_Q=3bit_L=lora_2_qkv-fc1-proj-fc2/cifar/20260114184203_default_acc=53.50/tensorboard/Grad_qkv.lora_B_block_0/events.out.tfevents.1768387346.master-192-168-8-48.1680.2,qkv.lora_B,0
1768389089.207229,3110,97.21875,0.013549904339015484,Grad/qkv.lora_B,outputs_dev/vitb16/T=vtab_Q=3bit_L=lora_2_qkv-fc1-proj-fc2/cifar/20260114184203_default_acc=53.50/tensorboard/Grad_qkv.lora_B_block_0/events.out.tfevents.1768387346.master-192-168-8-48.1680.2,qkv.lora_B,0
1768389089.6188211,3111,97.25,0.03287600353360176,Grad/qkv.lora_B,outputs_dev/vitb16/T=vtab_Q=3bit_L=lora_2_qkv-fc1-proj-fc2/cifar/20260114184203_default_acc=53.50/tensorboard/Grad_qkv.lora_B_block_0/events.out.tfevents.1768387346.master-192-168-8-48.1680.2,qkv.lora_B,0
1768389090.0258825,3112,97.28125,0.07497848570346832,Grad/qkv.lora_B,outputs_dev/vitb16/T=vtab_Q=3bit_L=lora_2_qkv-fc1-proj-fc2/cifar/20260114184203_default_acc=53.50/tensorboard/Grad_qkv.lora_B_block_0/events.out.tfevents.1768387346.master-192-168-8-48.1680.2,qkv.lora_B,0
1768389090.4198997,3113,97.3125,0.3533012568950653,Grad/qkv.lora_B,outputs_dev/vitb16/T=vtab_Q=3bit_L=lora_2_qkv-fc1-proj-fc2/cifar/20260114184203_default_acc=53.50/tensorboard/Grad_qkv.lora_B_block_0/events.out.tfevents.1768387346.master-192-168-8-48.1680.2,qkv.lora_B,0
1768389090.8275254,3114,97.34375,0.41724780201911926,Grad/qkv.lora_B,outputs_dev/vitb16/T=vtab_Q=3bit_L=lora_2_qkv-fc1-proj-fc2/cifar/20260114184203_default_acc=53.50/tensorboard/Grad_qkv.lora_B_block_0/events.out.tfevents.1768387346.master-192-168-8-48.1680.2,qkv.lora_B,0
1768389091.2230148,3115,97.375,0.03862977400422096,Grad/qkv.lora_B,outputs_dev/vitb16/T=vtab_Q=3bit_L=lora_2_qkv-fc1-proj-fc2/cifar/20260114184203_default_acc=53.50/tensorboard/Grad_qkv.lora_B_block_0/events.out.tfevents.1768387346.master-192-168-8-48.1680.2,qkv.lora_B,0
1768389091.6175165,3116,97.40625,0.07581310719251633,Grad/qkv.lora_B,outputs_dev/vitb16/T=vtab_Q=3bit_L=lora_2_qkv-fc1-proj-fc2/cifar/20260114184203_default_acc=53.50/tensorboard/Grad_qkv.lora_B_block_0/events.out.tfevents.1768387346.master-192-168-8-48.1680.2,qkv.lora_B,0
1768389092.012316,3117,97.4375,0.030045296996831894,Grad/qkv.lora_B,outputs_dev/vitb16/T=vtab_Q=3bit_L=lora_2_qkv-fc1-proj-fc2/cifar/20260114184203_default_acc=53.50/tensorboard/Grad_qkv.lora_B_block_0/events.out.tfevents.1768387346.master-192-168-8-48.1680.2,qkv.lora_B,0
1768389092.4316216,3118,97.46875,0.024911271408200264,Grad/qkv.lora_B,outputs_dev/vitb16/T=vtab_Q=3bit_L=lora_2_qkv-fc1-proj-fc2/cifar/20260114184203_default_acc=53.50/tensorboard/Grad_qkv.lora_B_block_0/events.out.tfevents.1768387346.master-192-168-8-48.1680.2,qkv.lora_B,0
1768389092.8248522,3119,97.5,0.01829652488231659,Grad/qkv.lora_B,outputs_dev/vitb16/T=vtab_Q=3bit_L=lora_2_qkv-fc1-proj-fc2/cifar/20260114184203_default_acc=53.50/tensorboard/Grad_qkv.lora_B_block_0/events.out.tfevents.1768387346.master-192-168-8-48.1680.2,qkv.lora_B,0
1768389093.2400942,3120,97.53125,0.011927714571356773,Grad/qkv.lora_B,outputs_dev/vitb16/T=vtab_Q=3bit_L=lora_2_qkv-fc1-proj-fc2/cifar/20260114184203_default_acc=53.50/tensorboard/Grad_qkv.lora_B_block_0/events.out.tfevents.1768387346.master-192-168-8-48.1680.2,qkv.lora_B,0
1768389093.6379008,3121,97.5625,0.13235478103160858,Grad/qkv.lora_B,outputs_dev/vitb16/T=vtab_Q=3bit_L=lora_2_qkv-fc1-proj-fc2/cifar/20260114184203_default_acc=53.50/tensorboard/Grad_qkv.lora_B_block_0/events.out.tfevents.1768387346.master-192-168-8-48.1680.2,qkv.lora_B,0
1768389094.065093,3122,97.59375,0.1216525286436081,Grad/qkv.lora_B,outputs_dev/vitb16/T=vtab_Q=3bit_L=lora_2_qkv-fc1-proj-fc2/cifar/20260114184203_default_acc=53.50/tensorboard/Grad_qkv.lora_B_block_0/events.out.tfevents.1768387346.master-192-168-8-48.1680.2,qkv.lora_B,0
1768389094.4607246,3123,97.625,0.02019389718770981,Grad/qkv.lora_B,outputs_dev/vitb16/T=vtab_Q=3bit_L=lora_2_qkv-fc1-proj-fc2/cifar/20260114184203_default_acc=53.50/tensorboard/Grad_qkv.lora_B_block_0/events.out.tfevents.1768387346.master-192-168-8-48.1680.2,qkv.lora_B,0
1768389094.8551316,3124,97.65625,0.04161803424358368,Grad/qkv.lora_B,outputs_dev/vitb16/T=vtab_Q=3bit_L=lora_2_qkv-fc1-proj-fc2/cifar/20260114184203_default_acc=53.50/tensorboard/Grad_qkv.lora_B_block_0/events.out.tfevents.1768387346.master-192-168-8-48.1680.2,qkv.lora_B,0
1768389095.251188,3125,97.6875,0.038026414811611176,Grad/qkv.lora_B,outputs_dev/vitb16/T=vtab_Q=3bit_L=lora_2_qkv-fc1-proj-fc2/cifar/20260114184203_default_acc=53.50/tensorboard/Grad_qkv.lora_B_block_0/events.out.tfevents.1768387346.master-192-168-8-48.1680.2,qkv.lora_B,0
1768389095.645042,3126,97.71875,0.042614635080099106,Grad/qkv.lora_B,outputs_dev/vitb16/T=vtab_Q=3bit_L=lora_2_qkv-fc1-proj-fc2/cifar/20260114184203_default_acc=53.50/tensorboard/Grad_qkv.lora_B_block_0/events.out.tfevents.1768387346.master-192-168-8-48.1680.2,qkv.lora_B,0
1768389096.0294774,3127,97.75,0.01990155130624771,Grad/qkv.lora_B,outputs_dev/vitb16/T=vtab_Q=3bit_L=lora_2_qkv-fc1-proj-fc2/cifar/20260114184203_default_acc=53.50/tensorboard/Grad_qkv.lora_B_block_0/events.out.tfevents.1768387346.master-192-168-8-48.1680.2,qkv.lora_B,0
1768389096.4258478,3128,97.78125,0.0660443976521492,Grad/qkv.lora_B,outputs_dev/vitb16/T=vtab_Q=3bit_L=lora_2_qkv-fc1-proj-fc2/cifar/20260114184203_default_acc=53.50/tensorboard/Grad_qkv.lora_B_block_0/events.out.tfevents.1768387346.master-192-168-8-48.1680.2,qkv.lora_B,0
1768389096.818196,3129,97.8125,0.09726601839065552,Grad/qkv.lora_B,outputs_dev/vitb16/T=vtab_Q=3bit_L=lora_2_qkv-fc1-proj-fc2/cifar/20260114184203_default_acc=53.50/tensorboard/Grad_qkv.lora_B_block_0/events.out.tfevents.1768387346.master-192-168-8-48.1680.2,qkv.lora_B,0
1768389097.2129374,3130,97.84375,0.015167572535574436,Grad/qkv.lora_B,outputs_dev/vitb16/T=vtab_Q=3bit_L=lora_2_qkv-fc1-proj-fc2/cifar/20260114184203_default_acc=53.50/tensorboard/Grad_qkv.lora_B_block_0/events.out.tfevents.1768387346.master-192-168-8-48.1680.2,qkv.lora_B,0
1768389097.612871,3131,97.875,0.15225467085838318,Grad/qkv.lora_B,outputs_dev/vitb16/T=vtab_Q=3bit_L=lora_2_qkv-fc1-proj-fc2/cifar/20260114184203_default_acc=53.50/tensorboard/Grad_qkv.lora_B_block_0/events.out.tfevents.1768387346.master-192-168-8-48.1680.2,qkv.lora_B,0
1768389098.0063684,3132,97.90625,0.6112679243087769,Grad/qkv.lora_B,outputs_dev/vitb16/T=vtab_Q=3bit_L=lora_2_qkv-fc1-proj-fc2/cifar/20260114184203_default_acc=53.50/tensorboard/Grad_qkv.lora_B_block_0/events.out.tfevents.1768387346.master-192-168-8-48.1680.2,qkv.lora_B,0
1768389098.4007614,3133,97.9375,0.0765223279595375,Grad/qkv.lora_B,outputs_dev/vitb16/T=vtab_Q=3bit_L=lora_2_qkv-fc1-proj-fc2/cifar/20260114184203_default_acc=53.50/tensorboard/Grad_qkv.lora_B_block_0/events.out.tfevents.1768387346.master-192-168-8-48.1680.2,qkv.lora_B,0
1768389098.80971,3134,97.96875,0.013829891569912434,Grad/qkv.lora_B,outputs_dev/vitb16/T=vtab_Q=3bit_L=lora_2_qkv-fc1-proj-fc2/cifar/20260114184203_default_acc=53.50/tensorboard/Grad_qkv.lora_B_block_0/events.out.tfevents.1768387346.master-192-168-8-48.1680.2,qkv.lora_B,0
1768389099.08334,3135,98.0,0.30231958627700806,Grad/qkv.lora_B,outputs_dev/vitb16/T=vtab_Q=3bit_L=lora_2_qkv-fc1-proj-fc2/cifar/20260114184203_default_acc=53.50/tensorboard/Grad_qkv.lora_B_block_0/events.out.tfevents.1768387346.master-192-168-8-48.1680.2,qkv.lora_B,0
1768389099.9596345,3136,98.03125,0.027311740443110466,Grad/qkv.lora_B,outputs_dev/vitb16/T=vtab_Q=3bit_L=lora_2_qkv-fc1-proj-fc2/cifar/20260114184203_default_acc=53.50/tensorboard/Grad_qkv.lora_B_block_0/events.out.tfevents.1768387346.master-192-168-8-48.1680.2,qkv.lora_B,0
1768389100.3580916,3137,98.0625,0.01092792209237814,Grad/qkv.lora_B,outputs_dev/vitb16/T=vtab_Q=3bit_L=lora_2_qkv-fc1-proj-fc2/cifar/20260114184203_default_acc=53.50/tensorboard/Grad_qkv.lora_B_block_0/events.out.tfevents.1768387346.master-192-168-8-48.1680.2,qkv.lora_B,0
1768389100.7517378,3138,98.09375,0.30711615085601807,Grad/qkv.lora_B,outputs_dev/vitb16/T=vtab_Q=3bit_L=lora_2_qkv-fc1-proj-fc2/cifar/20260114184203_default_acc=53.50/tensorboard/Grad_qkv.lora_B_block_0/events.out.tfevents.1768387346.master-192-168-8-48.1680.2,qkv.lora_B,0
1768389101.1498077,3139,98.125,0.09301620721817017,Grad/qkv.lora_B,outputs_dev/vitb16/T=vtab_Q=3bit_L=lora_2_qkv-fc1-proj-fc2/cifar/20260114184203_default_acc=53.50/tensorboard/Grad_qkv.lora_B_block_0/events.out.tfevents.1768387346.master-192-168-8-48.1680.2,qkv.lora_B,0
1768389101.5465653,3140,98.15625,0.06016696244478226,Grad/qkv.lora_B,outputs_dev/vitb16/T=vtab_Q=3bit_L=lora_2_qkv-fc1-proj-fc2/cifar/20260114184203_default_acc=53.50/tensorboard/Grad_qkv.lora_B_block_0/events.out.tfevents.1768387346.master-192-168-8-48.1680.2,qkv.lora_B,0
1768389101.9574778,3141,98.1875,0.038019608706235886,Grad/qkv.lora_B,outputs_dev/vitb16/T=vtab_Q=3bit_L=lora_2_qkv-fc1-proj-fc2/cifar/20260114184203_default_acc=53.50/tensorboard/Grad_qkv.lora_B_block_0/events.out.tfevents.1768387346.master-192-168-8-48.1680.2,qkv.lora_B,0
1768389102.3542502,3142,98.21875,0.012367063201963902,Grad/qkv.lora_B,outputs_dev/vitb16/T=vtab_Q=3bit_L=lora_2_qkv-fc1-proj-fc2/cifar/20260114184203_default_acc=53.50/tensorboard/Grad_qkv.lora_B_block_0/events.out.tfevents.1768387346.master-192-168-8-48.1680.2,qkv.lora_B,0
1768389102.7483552,3143,98.25,0.059531986713409424,Grad/qkv.lora_B,outputs_dev/vitb16/T=vtab_Q=3bit_L=lora_2_qkv-fc1-proj-fc2/cifar/20260114184203_default_acc=53.50/tensorboard/Grad_qkv.lora_B_block_0/events.out.tfevents.1768387346.master-192-168-8-48.1680.2,qkv.lora_B,0
1768389103.1549628,3144,98.28125,0.07875140011310577,Grad/qkv.lora_B,outputs_dev/vitb16/T=vtab_Q=3bit_L=lora_2_qkv-fc1-proj-fc2/cifar/20260114184203_default_acc=53.50/tensorboard/Grad_qkv.lora_B_block_0/events.out.tfevents.1768387346.master-192-168-8-48.1680.2,qkv.lora_B,0
1768389103.5645552,3145,98.3125,0.01674943044781685,Grad/qkv.lora_B,outputs_dev/vitb16/T=vtab_Q=3bit_L=lora_2_qkv-fc1-proj-fc2/cifar/20260114184203_default_acc=53.50/tensorboard/Grad_qkv.lora_B_block_0/events.out.tfevents.1768387346.master-192-168-8-48.1680.2,qkv.lora_B,0
1768389103.9717512,3146,98.34375,0.08024843037128448,Grad/qkv.lora_B,outputs_dev/vitb16/T=vtab_Q=3bit_L=lora_2_qkv-fc1-proj-fc2/cifar/20260114184203_default_acc=53.50/tensorboard/Grad_qkv.lora_B_block_0/events.out.tfevents.1768387346.master-192-168-8-48.1680.2,qkv.lora_B,0
1768389104.3779383,3147,98.375,0.34288474917411804,Grad/qkv.lora_B,outputs_dev/vitb16/T=vtab_Q=3bit_L=lora_2_qkv-fc1-proj-fc2/cifar/20260114184203_default_acc=53.50/tensorboard/Grad_qkv.lora_B_block_0/events.out.tfevents.1768387346.master-192-168-8-48.1680.2,qkv.lora_B,0
1768389104.7840953,3148,98.40625,0.06811844557523727,Grad/qkv.lora_B,outputs_dev/vitb16/T=vtab_Q=3bit_L=lora_2_qkv-fc1-proj-fc2/cifar/20260114184203_default_acc=53.50/tensorboard/Grad_qkv.lora_B_block_0/events.out.tfevents.1768387346.master-192-168-8-48.1680.2,qkv.lora_B,0
1768389105.1646187,3149,98.4375,0.04947055131196976,Grad/qkv.lora_B,outputs_dev/vitb16/T=vtab_Q=3bit_L=lora_2_qkv-fc1-proj-fc2/cifar/20260114184203_default_acc=53.50/tensorboard/Grad_qkv.lora_B_block_0/events.out.tfevents.1768387346.master-192-168-8-48.1680.2,qkv.lora_B,0
1768389105.5591328,3150,98.46875,0.017688576132059097,Grad/qkv.lora_B,outputs_dev/vitb16/T=vtab_Q=3bit_L=lora_2_qkv-fc1-proj-fc2/cifar/20260114184203_default_acc=53.50/tensorboard/Grad_qkv.lora_B_block_0/events.out.tfevents.1768387346.master-192-168-8-48.1680.2,qkv.lora_B,0
1768389105.9548965,3151,98.5,0.017223095521330833,Grad/qkv.lora_B,outputs_dev/vitb16/T=vtab_Q=3bit_L=lora_2_qkv-fc1-proj-fc2/cifar/20260114184203_default_acc=53.50/tensorboard/Grad_qkv.lora_B_block_0/events.out.tfevents.1768387346.master-192-168-8-48.1680.2,qkv.lora_B,0
1768389106.348114,3152,98.53125,0.01747678965330124,Grad/qkv.lora_B,outputs_dev/vitb16/T=vtab_Q=3bit_L=lora_2_qkv-fc1-proj-fc2/cifar/20260114184203_default_acc=53.50/tensorboard/Grad_qkv.lora_B_block_0/events.out.tfevents.1768387346.master-192-168-8-48.1680.2,qkv.lora_B,0
1768389106.7435,3153,98.5625,0.06852441281080246,Grad/qkv.lora_B,outputs_dev/vitb16/T=vtab_Q=3bit_L=lora_2_qkv-fc1-proj-fc2/cifar/20260114184203_default_acc=53.50/tensorboard/Grad_qkv.lora_B_block_0/events.out.tfevents.1768387346.master-192-168-8-48.1680.2,qkv.lora_B,0
1768389107.1393857,3154,98.59375,0.03106468729674816,Grad/qkv.lora_B,outputs_dev/vitb16/T=vtab_Q=3bit_L=lora_2_qkv-fc1-proj-fc2/cifar/20260114184203_default_acc=53.50/tensorboard/Grad_qkv.lora_B_block_0/events.out.tfevents.1768387346.master-192-168-8-48.1680.2,qkv.lora_B,0
1768389107.5329375,3155,98.625,0.021728117018938065,Grad/qkv.lora_B,outputs_dev/vitb16/T=vtab_Q=3bit_L=lora_2_qkv-fc1-proj-fc2/cifar/20260114184203_default_acc=53.50/tensorboard/Grad_qkv.lora_B_block_0/events.out.tfevents.1768387346.master-192-168-8-48.1680.2,qkv.lora_B,0
1768389107.9246552,3156,98.65625,0.01187235675752163,Grad/qkv.lora_B,outputs_dev/vitb16/T=vtab_Q=3bit_L=lora_2_qkv-fc1-proj-fc2/cifar/20260114184203_default_acc=53.50/tensorboard/Grad_qkv.lora_B_block_0/events.out.tfevents.1768387346.master-192-168-8-48.1680.2,qkv.lora_B,0
1768389108.3168933,3157,98.6875,0.03563496842980385,Grad/qkv.lora_B,outputs_dev/vitb16/T=vtab_Q=3bit_L=lora_2_qkv-fc1-proj-fc2/cifar/20260114184203_default_acc=53.50/tensorboard/Grad_qkv.lora_B_block_0/events.out.tfevents.1768387346.master-192-168-8-48.1680.2,qkv.lora_B,0
1768389108.7106767,3158,98.71875,0.04107267037034035,Grad/qkv.lora_B,outputs_dev/vitb16/T=vtab_Q=3bit_L=lora_2_qkv-fc1-proj-fc2/cifar/20260114184203_default_acc=53.50/tensorboard/Grad_qkv.lora_B_block_0/events.out.tfevents.1768387346.master-192-168-8-48.1680.2,qkv.lora_B,0
1768389109.1026726,3159,98.75,0.015768161043524742,Grad/qkv.lora_B,outputs_dev/vitb16/T=vtab_Q=3bit_L=lora_2_qkv-fc1-proj-fc2/cifar/20260114184203_default_acc=53.50/tensorboard/Grad_qkv.lora_B_block_0/events.out.tfevents.1768387346.master-192-168-8-48.1680.2,qkv.lora_B,0
1768389109.4846828,3160,98.78125,0.09245353937149048,Grad/qkv.lora_B,outputs_dev/vitb16/T=vtab_Q=3bit_L=lora_2_qkv-fc1-proj-fc2/cifar/20260114184203_default_acc=53.50/tensorboard/Grad_qkv.lora_B_block_0/events.out.tfevents.1768387346.master-192-168-8-48.1680.2,qkv.lora_B,0
1768389109.8794053,3161,98.8125,0.014995974488556385,Grad/qkv.lora_B,outputs_dev/vitb16/T=vtab_Q=3bit_L=lora_2_qkv-fc1-proj-fc2/cifar/20260114184203_default_acc=53.50/tensorboard/Grad_qkv.lora_B_block_0/events.out.tfevents.1768387346.master-192-168-8-48.1680.2,qkv.lora_B,0
1768389110.2756035,3162,98.84375,0.022618336603045464,Grad/qkv.lora_B,outputs_dev/vitb16/T=vtab_Q=3bit_L=lora_2_qkv-fc1-proj-fc2/cifar/20260114184203_default_acc=53.50/tensorboard/Grad_qkv.lora_B_block_0/events.out.tfevents.1768387346.master-192-168-8-48.1680.2,qkv.lora_B,0
1768389110.6697805,3163,98.875,0.02710210345685482,Grad/qkv.lora_B,outputs_dev/vitb16/T=vtab_Q=3bit_L=lora_2_qkv-fc1-proj-fc2/cifar/20260114184203_default_acc=53.50/tensorboard/Grad_qkv.lora_B_block_0/events.out.tfevents.1768387346.master-192-168-8-48.1680.2,qkv.lora_B,0
1768389111.0652385,3164,98.90625,0.07828468084335327,Grad/qkv.lora_B,outputs_dev/vitb16/T=vtab_Q=3bit_L=lora_2_qkv-fc1-proj-fc2/cifar/20260114184203_default_acc=53.50/tensorboard/Grad_qkv.lora_B_block_0/events.out.tfevents.1768387346.master-192-168-8-48.1680.2,qkv.lora_B,0
1768389111.4533975,3165,98.9375,0.020242780447006226,Grad/qkv.lora_B,outputs_dev/vitb16/T=vtab_Q=3bit_L=lora_2_qkv-fc1-proj-fc2/cifar/20260114184203_default_acc=53.50/tensorboard/Grad_qkv.lora_B_block_0/events.out.tfevents.1768387346.master-192-168-8-48.1680.2,qkv.lora_B,0
1768389111.8682144,3166,98.96875,0.018643975257873535,Grad/qkv.lora_B,outputs_dev/vitb16/T=vtab_Q=3bit_L=lora_2_qkv-fc1-proj-fc2/cifar/20260114184203_default_acc=53.50/tensorboard/Grad_qkv.lora_B_block_0/events.out.tfevents.1768387346.master-192-168-8-48.1680.2,qkv.lora_B,0
1768389112.0602858,3167,99.0,0.07132840156555176,Grad/qkv.lora_B,outputs_dev/vitb16/T=vtab_Q=3bit_L=lora_2_qkv-fc1-proj-fc2/cifar/20260114184203_default_acc=53.50/tensorboard/Grad_qkv.lora_B_block_0/events.out.tfevents.1768387346.master-192-168-8-48.1680.2,qkv.lora_B,0
1768389112.794981,3168,99.03125,0.3547571301460266,Grad/qkv.lora_B,outputs_dev/vitb16/T=vtab_Q=3bit_L=lora_2_qkv-fc1-proj-fc2/cifar/20260114184203_default_acc=53.50/tensorboard/Grad_qkv.lora_B_block_0/events.out.tfevents.1768387346.master-192-168-8-48.1680.2,qkv.lora_B,0
1768389113.1916819,3169,99.0625,0.02175259031355381,Grad/qkv.lora_B,outputs_dev/vitb16/T=vtab_Q=3bit_L=lora_2_qkv-fc1-proj-fc2/cifar/20260114184203_default_acc=53.50/tensorboard/Grad_qkv.lora_B_block_0/events.out.tfevents.1768387346.master-192-168-8-48.1680.2,qkv.lora_B,0
1768389113.5764656,3170,99.09375,0.01945353113114834,Grad/qkv.lora_B,outputs_dev/vitb16/T=vtab_Q=3bit_L=lora_2_qkv-fc1-proj-fc2/cifar/20260114184203_default_acc=53.50/tensorboard/Grad_qkv.lora_B_block_0/events.out.tfevents.1768387346.master-192-168-8-48.1680.2,qkv.lora_B,0
1768389113.9716039,3171,99.125,0.13636164367198944,Grad/qkv.lora_B,outputs_dev/vitb16/T=vtab_Q=3bit_L=lora_2_qkv-fc1-proj-fc2/cifar/20260114184203_default_acc=53.50/tensorboard/Grad_qkv.lora_B_block_0/events.out.tfevents.1768387346.master-192-168-8-48.1680.2,qkv.lora_B,0
1768389114.353973,3172,99.15625,0.021409770473837852,Grad/qkv.lora_B,outputs_dev/vitb16/T=vtab_Q=3bit_L=lora_2_qkv-fc1-proj-fc2/cifar/20260114184203_default_acc=53.50/tensorboard/Grad_qkv.lora_B_block_0/events.out.tfevents.1768387346.master-192-168-8-48.1680.2,qkv.lora_B,0
1768389114.7508342,3173,99.1875,0.03297168016433716,Grad/qkv.lora_B,outputs_dev/vitb16/T=vtab_Q=3bit_L=lora_2_qkv-fc1-proj-fc2/cifar/20260114184203_default_acc=53.50/tensorboard/Grad_qkv.lora_B_block_0/events.out.tfevents.1768387346.master-192-168-8-48.1680.2,qkv.lora_B,0
1768389115.1578035,3174,99.21875,0.022415244951844215,Grad/qkv.lora_B,outputs_dev/vitb16/T=vtab_Q=3bit_L=lora_2_qkv-fc1-proj-fc2/cifar/20260114184203_default_acc=53.50/tensorboard/Grad_qkv.lora_B_block_0/events.out.tfevents.1768387346.master-192-168-8-48.1680.2,qkv.lora_B,0
1768389115.5562084,3175,99.25,0.046839263290166855,Grad/qkv.lora_B,outputs_dev/vitb16/T=vtab_Q=3bit_L=lora_2_qkv-fc1-proj-fc2/cifar/20260114184203_default_acc=53.50/tensorboard/Grad_qkv.lora_B_block_0/events.out.tfevents.1768387346.master-192-168-8-48.1680.2,qkv.lora_B,0
1768389115.9503458,3176,99.28125,0.11502183973789215,Grad/qkv.lora_B,outputs_dev/vitb16/T=vtab_Q=3bit_L=lora_2_qkv-fc1-proj-fc2/cifar/20260114184203_default_acc=53.50/tensorboard/Grad_qkv.lora_B_block_0/events.out.tfevents.1768387346.master-192-168-8-48.1680.2,qkv.lora_B,0
1768389116.341449,3177,99.3125,0.04535871744155884,Grad/qkv.lora_B,outputs_dev/vitb16/T=vtab_Q=3bit_L=lora_2_qkv-fc1-proj-fc2/cifar/20260114184203_default_acc=53.50/tensorboard/Grad_qkv.lora_B_block_0/events.out.tfevents.1768387346.master-192-168-8-48.1680.2,qkv.lora_B,0
1768389116.74901,3178,99.34375,0.050144013017416,Grad/qkv.lora_B,outputs_dev/vitb16/T=vtab_Q=3bit_L=lora_2_qkv-fc1-proj-fc2/cifar/20260114184203_default_acc=53.50/tensorboard/Grad_qkv.lora_B_block_0/events.out.tfevents.1768387346.master-192-168-8-48.1680.2,qkv.lora_B,0
1768389117.1399944,3179,99.375,0.01727967895567417,Grad/qkv.lora_B,outputs_dev/vitb16/T=vtab_Q=3bit_L=lora_2_qkv-fc1-proj-fc2/cifar/20260114184203_default_acc=53.50/tensorboard/Grad_qkv.lora_B_block_0/events.out.tfevents.1768387346.master-192-168-8-48.1680.2,qkv.lora_B,0
1768389117.5307548,3180,99.40625,0.04916278272867203,Grad/qkv.lora_B,outputs_dev/vitb16/T=vtab_Q=3bit_L=lora_2_qkv-fc1-proj-fc2/cifar/20260114184203_default_acc=53.50/tensorboard/Grad_qkv.lora_B_block_0/events.out.tfevents.1768387346.master-192-168-8-48.1680.2,qkv.lora_B,0
1768389117.9529421,3181,99.4375,0.03260227292776108,Grad/qkv.lora_B,outputs_dev/vitb16/T=vtab_Q=3bit_L=lora_2_qkv-fc1-proj-fc2/cifar/20260114184203_default_acc=53.50/tensorboard/Grad_qkv.lora_B_block_0/events.out.tfevents.1768387346.master-192-168-8-48.1680.2,qkv.lora_B,0
1768389118.3618333,3182,99.46875,0.0300128236413002,Grad/qkv.lora_B,outputs_dev/vitb16/T=vtab_Q=3bit_L=lora_2_qkv-fc1-proj-fc2/cifar/20260114184203_default_acc=53.50/tensorboard/Grad_qkv.lora_B_block_0/events.out.tfevents.1768387346.master-192-168-8-48.1680.2,qkv.lora_B,0
1768389118.7505786,3183,99.5,0.4651859402656555,Grad/qkv.lora_B,outputs_dev/vitb16/T=vtab_Q=3bit_L=lora_2_qkv-fc1-proj-fc2/cifar/20260114184203_default_acc=53.50/tensorboard/Grad_qkv.lora_B_block_0/events.out.tfevents.1768387346.master-192-168-8-48.1680.2,qkv.lora_B,0
1768389119.1447997,3184,99.53125,0.05911904573440552,Grad/qkv.lora_B,outputs_dev/vitb16/T=vtab_Q=3bit_L=lora_2_qkv-fc1-proj-fc2/cifar/20260114184203_default_acc=53.50/tensorboard/Grad_qkv.lora_B_block_0/events.out.tfevents.1768387346.master-192-168-8-48.1680.2,qkv.lora_B,0
1768389119.5385141,3185,99.5625,0.04479604214429855,Grad/qkv.lora_B,outputs_dev/vitb16/T=vtab_Q=3bit_L=lora_2_qkv-fc1-proj-fc2/cifar/20260114184203_default_acc=53.50/tensorboard/Grad_qkv.lora_B_block_0/events.out.tfevents.1768387346.master-192-168-8-48.1680.2,qkv.lora_B,0
1768389119.9336295,3186,99.59375,0.07323339581489563,Grad/qkv.lora_B,outputs_dev/vitb16/T=vtab_Q=3bit_L=lora_2_qkv-fc1-proj-fc2/cifar/20260114184203_default_acc=53.50/tensorboard/Grad_qkv.lora_B_block_0/events.out.tfevents.1768387346.master-192-168-8-48.1680.2,qkv.lora_B,0
1768389120.3287,3187,99.625,0.05675499141216278,Grad/qkv.lora_B,outputs_dev/vitb16/T=vtab_Q=3bit_L=lora_2_qkv-fc1-proj-fc2/cifar/20260114184203_default_acc=53.50/tensorboard/Grad_qkv.lora_B_block_0/events.out.tfevents.1768387346.master-192-168-8-48.1680.2,qkv.lora_B,0
1768389120.7203863,3188,99.65625,0.0395800843834877,Grad/qkv.lora_B,outputs_dev/vitb16/T=vtab_Q=3bit_L=lora_2_qkv-fc1-proj-fc2/cifar/20260114184203_default_acc=53.50/tensorboard/Grad_qkv.lora_B_block_0/events.out.tfevents.1768387346.master-192-168-8-48.1680.2,qkv.lora_B,0
1768389121.1163554,3189,99.6875,0.03505423292517662,Grad/qkv.lora_B,outputs_dev/vitb16/T=vtab_Q=3bit_L=lora_2_qkv-fc1-proj-fc2/cifar/20260114184203_default_acc=53.50/tensorboard/Grad_qkv.lora_B_block_0/events.out.tfevents.1768387346.master-192-168-8-48.1680.2,qkv.lora_B,0
1768389121.5080276,3190,99.71875,0.020583435893058777,Grad/qkv.lora_B,outputs_dev/vitb16/T=vtab_Q=3bit_L=lora_2_qkv-fc1-proj-fc2/cifar/20260114184203_default_acc=53.50/tensorboard/Grad_qkv.lora_B_block_0/events.out.tfevents.1768387346.master-192-168-8-48.1680.2,qkv.lora_B,0
1768389121.902129,3191,99.75,0.04273587837815285,Grad/qkv.lora_B,outputs_dev/vitb16/T=vtab_Q=3bit_L=lora_2_qkv-fc1-proj-fc2/cifar/20260114184203_default_acc=53.50/tensorboard/Grad_qkv.lora_B_block_0/events.out.tfevents.1768387346.master-192-168-8-48.1680.2,qkv.lora_B,0
1768389122.3005378,3192,99.78125,0.03548141568899155,Grad/qkv.lora_B,outputs_dev/vitb16/T=vtab_Q=3bit_L=lora_2_qkv-fc1-proj-fc2/cifar/20260114184203_default_acc=53.50/tensorboard/Grad_qkv.lora_B_block_0/events.out.tfevents.1768387346.master-192-168-8-48.1680.2,qkv.lora_B,0
1768389122.6925673,3193,99.8125,0.03193710371851921,Grad/qkv.lora_B,outputs_dev/vitb16/T=vtab_Q=3bit_L=lora_2_qkv-fc1-proj-fc2/cifar/20260114184203_default_acc=53.50/tensorboard/Grad_qkv.lora_B_block_0/events.out.tfevents.1768387346.master-192-168-8-48.1680.2,qkv.lora_B,0
1768389123.08713,3194,99.84375,0.10068757832050323,Grad/qkv.lora_B,outputs_dev/vitb16/T=vtab_Q=3bit_L=lora_2_qkv-fc1-proj-fc2/cifar/20260114184203_default_acc=53.50/tensorboard/Grad_qkv.lora_B_block_0/events.out.tfevents.1768387346.master-192-168-8-48.1680.2,qkv.lora_B,0
1768389123.481992,3195,99.875,0.20247307419776917,Grad/qkv.lora_B,outputs_dev/vitb16/T=vtab_Q=3bit_L=lora_2_qkv-fc1-proj-fc2/cifar/20260114184203_default_acc=53.50/tensorboard/Grad_qkv.lora_B_block_0/events.out.tfevents.1768387346.master-192-168-8-48.1680.2,qkv.lora_B,0
1768389123.8741724,3196,99.90625,0.0425134040415287,Grad/qkv.lora_B,outputs_dev/vitb16/T=vtab_Q=3bit_L=lora_2_qkv-fc1-proj-fc2/cifar/20260114184203_default_acc=53.50/tensorboard/Grad_qkv.lora_B_block_0/events.out.tfevents.1768387346.master-192-168-8-48.1680.2,qkv.lora_B,0
1768389124.2695143,3197,99.9375,0.01556958258152008,Grad/qkv.lora_B,outputs_dev/vitb16/T=vtab_Q=3bit_L=lora_2_qkv-fc1-proj-fc2/cifar/20260114184203_default_acc=53.50/tensorboard/Grad_qkv.lora_B_block_0/events.out.tfevents.1768387346.master-192-168-8-48.1680.2,qkv.lora_B,0
1768389124.6844695,3198,99.96875,0.01835808902978897,Grad/qkv.lora_B,outputs_dev/vitb16/T=vtab_Q=3bit_L=lora_2_qkv-fc1-proj-fc2/cifar/20260114184203_default_acc=53.50/tensorboard/Grad_qkv.lora_B_block_0/events.out.tfevents.1768387346.master-192-168-8-48.1680.2,qkv.lora_B,0
1768389124.9412296,3199,100.0,0.026944076642394066,Grad/qkv.lora_B,outputs_dev/vitb16/T=vtab_Q=3bit_L=lora_2_qkv-fc1-proj-fc2/cifar/20260114184203_default_acc=53.50/tensorboard/Grad_qkv.lora_B_block_0/events.out.tfevents.1768387346.master-192-168-8-48.1680.2,qkv.lora_B,0
