wall_time,step,epoch,value,tag,event_file,parameter,block
1768387348.176696,0,0.03125,0.08150216937065125,Grad/mlp.fc2.lora_B,outputs_dev/vitb16/T=vtab_Q=3bit_L=lora_2_qkv-fc1-proj-fc2/cifar/20260114184203_default_acc=53.50/tensorboard/Grad_mlp.fc2.lora_B_block_0/events.out.tfevents.1768387349.master-192-168-8-48.1680.8,mlp.fc2.lora_B,0
1768387349.6452131,1,0.0625,0.1208307296037674,Grad/mlp.fc2.lora_B,outputs_dev/vitb16/T=vtab_Q=3bit_L=lora_2_qkv-fc1-proj-fc2/cifar/20260114184203_default_acc=53.50/tensorboard/Grad_mlp.fc2.lora_B_block_0/events.out.tfevents.1768387349.master-192-168-8-48.1680.8,mlp.fc2.lora_B,0
1768387350.0665364,2,0.09375,0.12513230741024017,Grad/mlp.fc2.lora_B,outputs_dev/vitb16/T=vtab_Q=3bit_L=lora_2_qkv-fc1-proj-fc2/cifar/20260114184203_default_acc=53.50/tensorboard/Grad_mlp.fc2.lora_B_block_0/events.out.tfevents.1768387349.master-192-168-8-48.1680.8,mlp.fc2.lora_B,0
1768387350.486471,3,0.125,0.12378491461277008,Grad/mlp.fc2.lora_B,outputs_dev/vitb16/T=vtab_Q=3bit_L=lora_2_qkv-fc1-proj-fc2/cifar/20260114184203_default_acc=53.50/tensorboard/Grad_mlp.fc2.lora_B_block_0/events.out.tfevents.1768387349.master-192-168-8-48.1680.8,mlp.fc2.lora_B,0
1768387350.9072537,4,0.15625,0.08625982701778412,Grad/mlp.fc2.lora_B,outputs_dev/vitb16/T=vtab_Q=3bit_L=lora_2_qkv-fc1-proj-fc2/cifar/20260114184203_default_acc=53.50/tensorboard/Grad_mlp.fc2.lora_B_block_0/events.out.tfevents.1768387349.master-192-168-8-48.1680.8,mlp.fc2.lora_B,0
1768387351.3340647,5,0.1875,0.10440263152122498,Grad/mlp.fc2.lora_B,outputs_dev/vitb16/T=vtab_Q=3bit_L=lora_2_qkv-fc1-proj-fc2/cifar/20260114184203_default_acc=53.50/tensorboard/Grad_mlp.fc2.lora_B_block_0/events.out.tfevents.1768387349.master-192-168-8-48.1680.8,mlp.fc2.lora_B,0
1768387351.773418,6,0.21875,0.10908739268779755,Grad/mlp.fc2.lora_B,outputs_dev/vitb16/T=vtab_Q=3bit_L=lora_2_qkv-fc1-proj-fc2/cifar/20260114184203_default_acc=53.50/tensorboard/Grad_mlp.fc2.lora_B_block_0/events.out.tfevents.1768387349.master-192-168-8-48.1680.8,mlp.fc2.lora_B,0
1768387352.2078435,7,0.25,0.08307884633541107,Grad/mlp.fc2.lora_B,outputs_dev/vitb16/T=vtab_Q=3bit_L=lora_2_qkv-fc1-proj-fc2/cifar/20260114184203_default_acc=53.50/tensorboard/Grad_mlp.fc2.lora_B_block_0/events.out.tfevents.1768387349.master-192-168-8-48.1680.8,mlp.fc2.lora_B,0
1768387352.6273499,8,0.28125,0.1085931584239006,Grad/mlp.fc2.lora_B,outputs_dev/vitb16/T=vtab_Q=3bit_L=lora_2_qkv-fc1-proj-fc2/cifar/20260114184203_default_acc=53.50/tensorboard/Grad_mlp.fc2.lora_B_block_0/events.out.tfevents.1768387349.master-192-168-8-48.1680.8,mlp.fc2.lora_B,0
1768387353.0617006,9,0.3125,0.0851745530962944,Grad/mlp.fc2.lora_B,outputs_dev/vitb16/T=vtab_Q=3bit_L=lora_2_qkv-fc1-proj-fc2/cifar/20260114184203_default_acc=53.50/tensorboard/Grad_mlp.fc2.lora_B_block_0/events.out.tfevents.1768387349.master-192-168-8-48.1680.8,mlp.fc2.lora_B,0
1768387353.4954302,10,0.34375,0.09773845225572586,Grad/mlp.fc2.lora_B,outputs_dev/vitb16/T=vtab_Q=3bit_L=lora_2_qkv-fc1-proj-fc2/cifar/20260114184203_default_acc=53.50/tensorboard/Grad_mlp.fc2.lora_B_block_0/events.out.tfevents.1768387349.master-192-168-8-48.1680.8,mlp.fc2.lora_B,0
1768387353.9165883,11,0.375,0.10516149550676346,Grad/mlp.fc2.lora_B,outputs_dev/vitb16/T=vtab_Q=3bit_L=lora_2_qkv-fc1-proj-fc2/cifar/20260114184203_default_acc=53.50/tensorboard/Grad_mlp.fc2.lora_B_block_0/events.out.tfevents.1768387349.master-192-168-8-48.1680.8,mlp.fc2.lora_B,0
1768387354.3516073,12,0.40625,0.12235326319932938,Grad/mlp.fc2.lora_B,outputs_dev/vitb16/T=vtab_Q=3bit_L=lora_2_qkv-fc1-proj-fc2/cifar/20260114184203_default_acc=53.50/tensorboard/Grad_mlp.fc2.lora_B_block_0/events.out.tfevents.1768387349.master-192-168-8-48.1680.8,mlp.fc2.lora_B,0
1768387354.7712476,13,0.4375,0.10911864787340164,Grad/mlp.fc2.lora_B,outputs_dev/vitb16/T=vtab_Q=3bit_L=lora_2_qkv-fc1-proj-fc2/cifar/20260114184203_default_acc=53.50/tensorboard/Grad_mlp.fc2.lora_B_block_0/events.out.tfevents.1768387349.master-192-168-8-48.1680.8,mlp.fc2.lora_B,0
1768387355.1904483,14,0.46875,0.08800574392080307,Grad/mlp.fc2.lora_B,outputs_dev/vitb16/T=vtab_Q=3bit_L=lora_2_qkv-fc1-proj-fc2/cifar/20260114184203_default_acc=53.50/tensorboard/Grad_mlp.fc2.lora_B_block_0/events.out.tfevents.1768387349.master-192-168-8-48.1680.8,mlp.fc2.lora_B,0
1768387355.624382,15,0.5,0.1148802861571312,Grad/mlp.fc2.lora_B,outputs_dev/vitb16/T=vtab_Q=3bit_L=lora_2_qkv-fc1-proj-fc2/cifar/20260114184203_default_acc=53.50/tensorboard/Grad_mlp.fc2.lora_B_block_0/events.out.tfevents.1768387349.master-192-168-8-48.1680.8,mlp.fc2.lora_B,0
1768387356.058185,16,0.53125,0.10235395282506943,Grad/mlp.fc2.lora_B,outputs_dev/vitb16/T=vtab_Q=3bit_L=lora_2_qkv-fc1-proj-fc2/cifar/20260114184203_default_acc=53.50/tensorboard/Grad_mlp.fc2.lora_B_block_0/events.out.tfevents.1768387349.master-192-168-8-48.1680.8,mlp.fc2.lora_B,0
1768387356.490538,17,0.5625,0.11863819509744644,Grad/mlp.fc2.lora_B,outputs_dev/vitb16/T=vtab_Q=3bit_L=lora_2_qkv-fc1-proj-fc2/cifar/20260114184203_default_acc=53.50/tensorboard/Grad_mlp.fc2.lora_B_block_0/events.out.tfevents.1768387349.master-192-168-8-48.1680.8,mlp.fc2.lora_B,0
1768387356.9115055,18,0.59375,0.07873401790857315,Grad/mlp.fc2.lora_B,outputs_dev/vitb16/T=vtab_Q=3bit_L=lora_2_qkv-fc1-proj-fc2/cifar/20260114184203_default_acc=53.50/tensorboard/Grad_mlp.fc2.lora_B_block_0/events.out.tfevents.1768387349.master-192-168-8-48.1680.8,mlp.fc2.lora_B,0
1768387357.3321595,19,0.625,0.09440504014492035,Grad/mlp.fc2.lora_B,outputs_dev/vitb16/T=vtab_Q=3bit_L=lora_2_qkv-fc1-proj-fc2/cifar/20260114184203_default_acc=53.50/tensorboard/Grad_mlp.fc2.lora_B_block_0/events.out.tfevents.1768387349.master-192-168-8-48.1680.8,mlp.fc2.lora_B,0
1768387357.7513945,20,0.65625,0.08031786233186722,Grad/mlp.fc2.lora_B,outputs_dev/vitb16/T=vtab_Q=3bit_L=lora_2_qkv-fc1-proj-fc2/cifar/20260114184203_default_acc=53.50/tensorboard/Grad_mlp.fc2.lora_B_block_0/events.out.tfevents.1768387349.master-192-168-8-48.1680.8,mlp.fc2.lora_B,0
1768387358.1862519,21,0.6875,0.08559765666723251,Grad/mlp.fc2.lora_B,outputs_dev/vitb16/T=vtab_Q=3bit_L=lora_2_qkv-fc1-proj-fc2/cifar/20260114184203_default_acc=53.50/tensorboard/Grad_mlp.fc2.lora_B_block_0/events.out.tfevents.1768387349.master-192-168-8-48.1680.8,mlp.fc2.lora_B,0
1768387358.6048455,22,0.71875,0.08153330534696579,Grad/mlp.fc2.lora_B,outputs_dev/vitb16/T=vtab_Q=3bit_L=lora_2_qkv-fc1-proj-fc2/cifar/20260114184203_default_acc=53.50/tensorboard/Grad_mlp.fc2.lora_B_block_0/events.out.tfevents.1768387349.master-192-168-8-48.1680.8,mlp.fc2.lora_B,0
1768387359.0253139,23,0.75,0.11343199014663696,Grad/mlp.fc2.lora_B,outputs_dev/vitb16/T=vtab_Q=3bit_L=lora_2_qkv-fc1-proj-fc2/cifar/20260114184203_default_acc=53.50/tensorboard/Grad_mlp.fc2.lora_B_block_0/events.out.tfevents.1768387349.master-192-168-8-48.1680.8,mlp.fc2.lora_B,0
1768387359.4608052,24,0.78125,0.08743614703416824,Grad/mlp.fc2.lora_B,outputs_dev/vitb16/T=vtab_Q=3bit_L=lora_2_qkv-fc1-proj-fc2/cifar/20260114184203_default_acc=53.50/tensorboard/Grad_mlp.fc2.lora_B_block_0/events.out.tfevents.1768387349.master-192-168-8-48.1680.8,mlp.fc2.lora_B,0
1768387359.8789806,25,0.8125,0.08548770844936371,Grad/mlp.fc2.lora_B,outputs_dev/vitb16/T=vtab_Q=3bit_L=lora_2_qkv-fc1-proj-fc2/cifar/20260114184203_default_acc=53.50/tensorboard/Grad_mlp.fc2.lora_B_block_0/events.out.tfevents.1768387349.master-192-168-8-48.1680.8,mlp.fc2.lora_B,0
1768387360.3129158,26,0.84375,0.08348043262958527,Grad/mlp.fc2.lora_B,outputs_dev/vitb16/T=vtab_Q=3bit_L=lora_2_qkv-fc1-proj-fc2/cifar/20260114184203_default_acc=53.50/tensorboard/Grad_mlp.fc2.lora_B_block_0/events.out.tfevents.1768387349.master-192-168-8-48.1680.8,mlp.fc2.lora_B,0
1768387360.7301722,27,0.875,0.08985637128353119,Grad/mlp.fc2.lora_B,outputs_dev/vitb16/T=vtab_Q=3bit_L=lora_2_qkv-fc1-proj-fc2/cifar/20260114184203_default_acc=53.50/tensorboard/Grad_mlp.fc2.lora_B_block_0/events.out.tfevents.1768387349.master-192-168-8-48.1680.8,mlp.fc2.lora_B,0
1768387361.1494334,28,0.90625,0.08898527175188065,Grad/mlp.fc2.lora_B,outputs_dev/vitb16/T=vtab_Q=3bit_L=lora_2_qkv-fc1-proj-fc2/cifar/20260114184203_default_acc=53.50/tensorboard/Grad_mlp.fc2.lora_B_block_0/events.out.tfevents.1768387349.master-192-168-8-48.1680.8,mlp.fc2.lora_B,0
1768387361.5845115,29,0.9375,0.09539863467216492,Grad/mlp.fc2.lora_B,outputs_dev/vitb16/T=vtab_Q=3bit_L=lora_2_qkv-fc1-proj-fc2/cifar/20260114184203_default_acc=53.50/tensorboard/Grad_mlp.fc2.lora_B_block_0/events.out.tfevents.1768387349.master-192-168-8-48.1680.8,mlp.fc2.lora_B,0
1768387361.9925015,30,0.96875,0.10188128799200058,Grad/mlp.fc2.lora_B,outputs_dev/vitb16/T=vtab_Q=3bit_L=lora_2_qkv-fc1-proj-fc2/cifar/20260114184203_default_acc=53.50/tensorboard/Grad_mlp.fc2.lora_B_block_0/events.out.tfevents.1768387349.master-192-168-8-48.1680.8,mlp.fc2.lora_B,0
1768387362.1890178,31,1.0,0.16842514276504517,Grad/mlp.fc2.lora_B,outputs_dev/vitb16/T=vtab_Q=3bit_L=lora_2_qkv-fc1-proj-fc2/cifar/20260114184203_default_acc=53.50/tensorboard/Grad_mlp.fc2.lora_B_block_0/events.out.tfevents.1768387349.master-192-168-8-48.1680.8,mlp.fc2.lora_B,0
1768387362.800835,32,1.03125,0.10689752548933029,Grad/mlp.fc2.lora_B,outputs_dev/vitb16/T=vtab_Q=3bit_L=lora_2_qkv-fc1-proj-fc2/cifar/20260114184203_default_acc=53.50/tensorboard/Grad_mlp.fc2.lora_B_block_0/events.out.tfevents.1768387349.master-192-168-8-48.1680.8,mlp.fc2.lora_B,0
1768387363.226114,33,1.0625,0.08808950334787369,Grad/mlp.fc2.lora_B,outputs_dev/vitb16/T=vtab_Q=3bit_L=lora_2_qkv-fc1-proj-fc2/cifar/20260114184203_default_acc=53.50/tensorboard/Grad_mlp.fc2.lora_B_block_0/events.out.tfevents.1768387349.master-192-168-8-48.1680.8,mlp.fc2.lora_B,0
1768387363.6540396,34,1.09375,0.10648570209741592,Grad/mlp.fc2.lora_B,outputs_dev/vitb16/T=vtab_Q=3bit_L=lora_2_qkv-fc1-proj-fc2/cifar/20260114184203_default_acc=53.50/tensorboard/Grad_mlp.fc2.lora_B_block_0/events.out.tfevents.1768387349.master-192-168-8-48.1680.8,mlp.fc2.lora_B,0
1768387364.0830295,35,1.125,0.09865418076515198,Grad/mlp.fc2.lora_B,outputs_dev/vitb16/T=vtab_Q=3bit_L=lora_2_qkv-fc1-proj-fc2/cifar/20260114184203_default_acc=53.50/tensorboard/Grad_mlp.fc2.lora_B_block_0/events.out.tfevents.1768387349.master-192-168-8-48.1680.8,mlp.fc2.lora_B,0
1768387364.51368,36,1.15625,0.09691080451011658,Grad/mlp.fc2.lora_B,outputs_dev/vitb16/T=vtab_Q=3bit_L=lora_2_qkv-fc1-proj-fc2/cifar/20260114184203_default_acc=53.50/tensorboard/Grad_mlp.fc2.lora_B_block_0/events.out.tfevents.1768387349.master-192-168-8-48.1680.8,mlp.fc2.lora_B,0
1768387364.9443884,37,1.1875,0.0995219349861145,Grad/mlp.fc2.lora_B,outputs_dev/vitb16/T=vtab_Q=3bit_L=lora_2_qkv-fc1-proj-fc2/cifar/20260114184203_default_acc=53.50/tensorboard/Grad_mlp.fc2.lora_B_block_0/events.out.tfevents.1768387349.master-192-168-8-48.1680.8,mlp.fc2.lora_B,0
1768387365.37532,38,1.21875,0.08313891291618347,Grad/mlp.fc2.lora_B,outputs_dev/vitb16/T=vtab_Q=3bit_L=lora_2_qkv-fc1-proj-fc2/cifar/20260114184203_default_acc=53.50/tensorboard/Grad_mlp.fc2.lora_B_block_0/events.out.tfevents.1768387349.master-192-168-8-48.1680.8,mlp.fc2.lora_B,0
1768387365.8005726,39,1.25,0.08504266291856766,Grad/mlp.fc2.lora_B,outputs_dev/vitb16/T=vtab_Q=3bit_L=lora_2_qkv-fc1-proj-fc2/cifar/20260114184203_default_acc=53.50/tensorboard/Grad_mlp.fc2.lora_B_block_0/events.out.tfevents.1768387349.master-192-168-8-48.1680.8,mlp.fc2.lora_B,0
1768387366.2245488,40,1.28125,0.10035828500986099,Grad/mlp.fc2.lora_B,outputs_dev/vitb16/T=vtab_Q=3bit_L=lora_2_qkv-fc1-proj-fc2/cifar/20260114184203_default_acc=53.50/tensorboard/Grad_mlp.fc2.lora_B_block_0/events.out.tfevents.1768387349.master-192-168-8-48.1680.8,mlp.fc2.lora_B,0
1768387366.6477003,41,1.3125,0.07683733850717545,Grad/mlp.fc2.lora_B,outputs_dev/vitb16/T=vtab_Q=3bit_L=lora_2_qkv-fc1-proj-fc2/cifar/20260114184203_default_acc=53.50/tensorboard/Grad_mlp.fc2.lora_B_block_0/events.out.tfevents.1768387349.master-192-168-8-48.1680.8,mlp.fc2.lora_B,0
1768387367.057323,42,1.34375,0.09755240380764008,Grad/mlp.fc2.lora_B,outputs_dev/vitb16/T=vtab_Q=3bit_L=lora_2_qkv-fc1-proj-fc2/cifar/20260114184203_default_acc=53.50/tensorboard/Grad_mlp.fc2.lora_B_block_0/events.out.tfevents.1768387349.master-192-168-8-48.1680.8,mlp.fc2.lora_B,0
1768387367.481536,43,1.375,0.1303310990333557,Grad/mlp.fc2.lora_B,outputs_dev/vitb16/T=vtab_Q=3bit_L=lora_2_qkv-fc1-proj-fc2/cifar/20260114184203_default_acc=53.50/tensorboard/Grad_mlp.fc2.lora_B_block_0/events.out.tfevents.1768387349.master-192-168-8-48.1680.8,mlp.fc2.lora_B,0
1768387367.907665,44,1.40625,0.12109192460775375,Grad/mlp.fc2.lora_B,outputs_dev/vitb16/T=vtab_Q=3bit_L=lora_2_qkv-fc1-proj-fc2/cifar/20260114184203_default_acc=53.50/tensorboard/Grad_mlp.fc2.lora_B_block_0/events.out.tfevents.1768387349.master-192-168-8-48.1680.8,mlp.fc2.lora_B,0
1768387368.331546,45,1.4375,0.07890255004167557,Grad/mlp.fc2.lora_B,outputs_dev/vitb16/T=vtab_Q=3bit_L=lora_2_qkv-fc1-proj-fc2/cifar/20260114184203_default_acc=53.50/tensorboard/Grad_mlp.fc2.lora_B_block_0/events.out.tfevents.1768387349.master-192-168-8-48.1680.8,mlp.fc2.lora_B,0
1768387368.7738216,46,1.46875,0.08048204332590103,Grad/mlp.fc2.lora_B,outputs_dev/vitb16/T=vtab_Q=3bit_L=lora_2_qkv-fc1-proj-fc2/cifar/20260114184203_default_acc=53.50/tensorboard/Grad_mlp.fc2.lora_B_block_0/events.out.tfevents.1768387349.master-192-168-8-48.1680.8,mlp.fc2.lora_B,0
1768387369.1993878,47,1.5,0.09713856875896454,Grad/mlp.fc2.lora_B,outputs_dev/vitb16/T=vtab_Q=3bit_L=lora_2_qkv-fc1-proj-fc2/cifar/20260114184203_default_acc=53.50/tensorboard/Grad_mlp.fc2.lora_B_block_0/events.out.tfevents.1768387349.master-192-168-8-48.1680.8,mlp.fc2.lora_B,0
1768387369.6243598,48,1.53125,0.09260497242212296,Grad/mlp.fc2.lora_B,outputs_dev/vitb16/T=vtab_Q=3bit_L=lora_2_qkv-fc1-proj-fc2/cifar/20260114184203_default_acc=53.50/tensorboard/Grad_mlp.fc2.lora_B_block_0/events.out.tfevents.1768387349.master-192-168-8-48.1680.8,mlp.fc2.lora_B,0
1768387370.0426416,49,1.5625,0.08444786816835403,Grad/mlp.fc2.lora_B,outputs_dev/vitb16/T=vtab_Q=3bit_L=lora_2_qkv-fc1-proj-fc2/cifar/20260114184203_default_acc=53.50/tensorboard/Grad_mlp.fc2.lora_B_block_0/events.out.tfevents.1768387349.master-192-168-8-48.1680.8,mlp.fc2.lora_B,0
1768387370.465665,50,1.59375,0.09683601558208466,Grad/mlp.fc2.lora_B,outputs_dev/vitb16/T=vtab_Q=3bit_L=lora_2_qkv-fc1-proj-fc2/cifar/20260114184203_default_acc=53.50/tensorboard/Grad_mlp.fc2.lora_B_block_0/events.out.tfevents.1768387349.master-192-168-8-48.1680.8,mlp.fc2.lora_B,0
1768387370.8891113,51,1.625,0.09867078065872192,Grad/mlp.fc2.lora_B,outputs_dev/vitb16/T=vtab_Q=3bit_L=lora_2_qkv-fc1-proj-fc2/cifar/20260114184203_default_acc=53.50/tensorboard/Grad_mlp.fc2.lora_B_block_0/events.out.tfevents.1768387349.master-192-168-8-48.1680.8,mlp.fc2.lora_B,0
1768387371.3123002,52,1.65625,0.1026502177119255,Grad/mlp.fc2.lora_B,outputs_dev/vitb16/T=vtab_Q=3bit_L=lora_2_qkv-fc1-proj-fc2/cifar/20260114184203_default_acc=53.50/tensorboard/Grad_mlp.fc2.lora_B_block_0/events.out.tfevents.1768387349.master-192-168-8-48.1680.8,mlp.fc2.lora_B,0
1768387371.7216687,53,1.6875,0.09692657738924026,Grad/mlp.fc2.lora_B,outputs_dev/vitb16/T=vtab_Q=3bit_L=lora_2_qkv-fc1-proj-fc2/cifar/20260114184203_default_acc=53.50/tensorboard/Grad_mlp.fc2.lora_B_block_0/events.out.tfevents.1768387349.master-192-168-8-48.1680.8,mlp.fc2.lora_B,0
1768387372.1423826,54,1.71875,0.10896119475364685,Grad/mlp.fc2.lora_B,outputs_dev/vitb16/T=vtab_Q=3bit_L=lora_2_qkv-fc1-proj-fc2/cifar/20260114184203_default_acc=53.50/tensorboard/Grad_mlp.fc2.lora_B_block_0/events.out.tfevents.1768387349.master-192-168-8-48.1680.8,mlp.fc2.lora_B,0
1768387372.5653539,55,1.75,0.09482304751873016,Grad/mlp.fc2.lora_B,outputs_dev/vitb16/T=vtab_Q=3bit_L=lora_2_qkv-fc1-proj-fc2/cifar/20260114184203_default_acc=53.50/tensorboard/Grad_mlp.fc2.lora_B_block_0/events.out.tfevents.1768387349.master-192-168-8-48.1680.8,mlp.fc2.lora_B,0
1768387372.991858,56,1.78125,0.09601613134145737,Grad/mlp.fc2.lora_B,outputs_dev/vitb16/T=vtab_Q=3bit_L=lora_2_qkv-fc1-proj-fc2/cifar/20260114184203_default_acc=53.50/tensorboard/Grad_mlp.fc2.lora_B_block_0/events.out.tfevents.1768387349.master-192-168-8-48.1680.8,mlp.fc2.lora_B,0
1768387373.415915,57,1.8125,0.1387878656387329,Grad/mlp.fc2.lora_B,outputs_dev/vitb16/T=vtab_Q=3bit_L=lora_2_qkv-fc1-proj-fc2/cifar/20260114184203_default_acc=53.50/tensorboard/Grad_mlp.fc2.lora_B_block_0/events.out.tfevents.1768387349.master-192-168-8-48.1680.8,mlp.fc2.lora_B,0
1768387373.8643856,58,1.84375,0.09509265422821045,Grad/mlp.fc2.lora_B,outputs_dev/vitb16/T=vtab_Q=3bit_L=lora_2_qkv-fc1-proj-fc2/cifar/20260114184203_default_acc=53.50/tensorboard/Grad_mlp.fc2.lora_B_block_0/events.out.tfevents.1768387349.master-192-168-8-48.1680.8,mlp.fc2.lora_B,0
1768387374.3022943,59,1.875,0.09647788852453232,Grad/mlp.fc2.lora_B,outputs_dev/vitb16/T=vtab_Q=3bit_L=lora_2_qkv-fc1-proj-fc2/cifar/20260114184203_default_acc=53.50/tensorboard/Grad_mlp.fc2.lora_B_block_0/events.out.tfevents.1768387349.master-192-168-8-48.1680.8,mlp.fc2.lora_B,0
1768387374.7309008,60,1.90625,0.14994440972805023,Grad/mlp.fc2.lora_B,outputs_dev/vitb16/T=vtab_Q=3bit_L=lora_2_qkv-fc1-proj-fc2/cifar/20260114184203_default_acc=53.50/tensorboard/Grad_mlp.fc2.lora_B_block_0/events.out.tfevents.1768387349.master-192-168-8-48.1680.8,mlp.fc2.lora_B,0
1768387375.1523547,61,1.9375,0.0859970897436142,Grad/mlp.fc2.lora_B,outputs_dev/vitb16/T=vtab_Q=3bit_L=lora_2_qkv-fc1-proj-fc2/cifar/20260114184203_default_acc=53.50/tensorboard/Grad_mlp.fc2.lora_B_block_0/events.out.tfevents.1768387349.master-192-168-8-48.1680.8,mlp.fc2.lora_B,0
1768387375.5898108,62,1.96875,0.1359298974275589,Grad/mlp.fc2.lora_B,outputs_dev/vitb16/T=vtab_Q=3bit_L=lora_2_qkv-fc1-proj-fc2/cifar/20260114184203_default_acc=53.50/tensorboard/Grad_mlp.fc2.lora_B_block_0/events.out.tfevents.1768387349.master-192-168-8-48.1680.8,mlp.fc2.lora_B,0
1768387375.8030357,63,2.0,0.163357213139534,Grad/mlp.fc2.lora_B,outputs_dev/vitb16/T=vtab_Q=3bit_L=lora_2_qkv-fc1-proj-fc2/cifar/20260114184203_default_acc=53.50/tensorboard/Grad_mlp.fc2.lora_B_block_0/events.out.tfevents.1768387349.master-192-168-8-48.1680.8,mlp.fc2.lora_B,0
1768387376.5102348,64,2.03125,0.07720290124416351,Grad/mlp.fc2.lora_B,outputs_dev/vitb16/T=vtab_Q=3bit_L=lora_2_qkv-fc1-proj-fc2/cifar/20260114184203_default_acc=53.50/tensorboard/Grad_mlp.fc2.lora_B_block_0/events.out.tfevents.1768387349.master-192-168-8-48.1680.8,mlp.fc2.lora_B,0
1768387376.9469566,65,2.0625,0.11046324670314789,Grad/mlp.fc2.lora_B,outputs_dev/vitb16/T=vtab_Q=3bit_L=lora_2_qkv-fc1-proj-fc2/cifar/20260114184203_default_acc=53.50/tensorboard/Grad_mlp.fc2.lora_B_block_0/events.out.tfevents.1768387349.master-192-168-8-48.1680.8,mlp.fc2.lora_B,0
1768387377.3956022,66,2.09375,0.08691416680812836,Grad/mlp.fc2.lora_B,outputs_dev/vitb16/T=vtab_Q=3bit_L=lora_2_qkv-fc1-proj-fc2/cifar/20260114184203_default_acc=53.50/tensorboard/Grad_mlp.fc2.lora_B_block_0/events.out.tfevents.1768387349.master-192-168-8-48.1680.8,mlp.fc2.lora_B,0
1768387377.8263667,67,2.125,0.11454630643129349,Grad/mlp.fc2.lora_B,outputs_dev/vitb16/T=vtab_Q=3bit_L=lora_2_qkv-fc1-proj-fc2/cifar/20260114184203_default_acc=53.50/tensorboard/Grad_mlp.fc2.lora_B_block_0/events.out.tfevents.1768387349.master-192-168-8-48.1680.8,mlp.fc2.lora_B,0
1768387378.2561648,68,2.15625,0.08774625509977341,Grad/mlp.fc2.lora_B,outputs_dev/vitb16/T=vtab_Q=3bit_L=lora_2_qkv-fc1-proj-fc2/cifar/20260114184203_default_acc=53.50/tensorboard/Grad_mlp.fc2.lora_B_block_0/events.out.tfevents.1768387349.master-192-168-8-48.1680.8,mlp.fc2.lora_B,0
1768387378.6861088,69,2.1875,0.10034104436635971,Grad/mlp.fc2.lora_B,outputs_dev/vitb16/T=vtab_Q=3bit_L=lora_2_qkv-fc1-proj-fc2/cifar/20260114184203_default_acc=53.50/tensorboard/Grad_mlp.fc2.lora_B_block_0/events.out.tfevents.1768387349.master-192-168-8-48.1680.8,mlp.fc2.lora_B,0
1768387379.1131635,70,2.21875,0.10866278409957886,Grad/mlp.fc2.lora_B,outputs_dev/vitb16/T=vtab_Q=3bit_L=lora_2_qkv-fc1-proj-fc2/cifar/20260114184203_default_acc=53.50/tensorboard/Grad_mlp.fc2.lora_B_block_0/events.out.tfevents.1768387349.master-192-168-8-48.1680.8,mlp.fc2.lora_B,0
1768387379.5426025,71,2.25,0.1124235987663269,Grad/mlp.fc2.lora_B,outputs_dev/vitb16/T=vtab_Q=3bit_L=lora_2_qkv-fc1-proj-fc2/cifar/20260114184203_default_acc=53.50/tensorboard/Grad_mlp.fc2.lora_B_block_0/events.out.tfevents.1768387349.master-192-168-8-48.1680.8,mlp.fc2.lora_B,0
1768387379.9957244,72,2.28125,0.09774808585643768,Grad/mlp.fc2.lora_B,outputs_dev/vitb16/T=vtab_Q=3bit_L=lora_2_qkv-fc1-proj-fc2/cifar/20260114184203_default_acc=53.50/tensorboard/Grad_mlp.fc2.lora_B_block_0/events.out.tfevents.1768387349.master-192-168-8-48.1680.8,mlp.fc2.lora_B,0
1768387380.4271958,73,2.3125,0.09186344593763351,Grad/mlp.fc2.lora_B,outputs_dev/vitb16/T=vtab_Q=3bit_L=lora_2_qkv-fc1-proj-fc2/cifar/20260114184203_default_acc=53.50/tensorboard/Grad_mlp.fc2.lora_B_block_0/events.out.tfevents.1768387349.master-192-168-8-48.1680.8,mlp.fc2.lora_B,0
1768387380.8569164,74,2.34375,0.09962742030620575,Grad/mlp.fc2.lora_B,outputs_dev/vitb16/T=vtab_Q=3bit_L=lora_2_qkv-fc1-proj-fc2/cifar/20260114184203_default_acc=53.50/tensorboard/Grad_mlp.fc2.lora_B_block_0/events.out.tfevents.1768387349.master-192-168-8-48.1680.8,mlp.fc2.lora_B,0
1768387381.28349,75,2.375,0.1325618177652359,Grad/mlp.fc2.lora_B,outputs_dev/vitb16/T=vtab_Q=3bit_L=lora_2_qkv-fc1-proj-fc2/cifar/20260114184203_default_acc=53.50/tensorboard/Grad_mlp.fc2.lora_B_block_0/events.out.tfevents.1768387349.master-192-168-8-48.1680.8,mlp.fc2.lora_B,0
1768387381.7114282,76,2.40625,0.08752604573965073,Grad/mlp.fc2.lora_B,outputs_dev/vitb16/T=vtab_Q=3bit_L=lora_2_qkv-fc1-proj-fc2/cifar/20260114184203_default_acc=53.50/tensorboard/Grad_mlp.fc2.lora_B_block_0/events.out.tfevents.1768387349.master-192-168-8-48.1680.8,mlp.fc2.lora_B,0
1768387382.1424675,77,2.4375,0.09736365079879761,Grad/mlp.fc2.lora_B,outputs_dev/vitb16/T=vtab_Q=3bit_L=lora_2_qkv-fc1-proj-fc2/cifar/20260114184203_default_acc=53.50/tensorboard/Grad_mlp.fc2.lora_B_block_0/events.out.tfevents.1768387349.master-192-168-8-48.1680.8,mlp.fc2.lora_B,0
1768387382.57068,78,2.46875,0.09267403185367584,Grad/mlp.fc2.lora_B,outputs_dev/vitb16/T=vtab_Q=3bit_L=lora_2_qkv-fc1-proj-fc2/cifar/20260114184203_default_acc=53.50/tensorboard/Grad_mlp.fc2.lora_B_block_0/events.out.tfevents.1768387349.master-192-168-8-48.1680.8,mlp.fc2.lora_B,0
1768387383.0001745,79,2.5,0.09386923909187317,Grad/mlp.fc2.lora_B,outputs_dev/vitb16/T=vtab_Q=3bit_L=lora_2_qkv-fc1-proj-fc2/cifar/20260114184203_default_acc=53.50/tensorboard/Grad_mlp.fc2.lora_B_block_0/events.out.tfevents.1768387349.master-192-168-8-48.1680.8,mlp.fc2.lora_B,0
1768387383.4261286,80,2.53125,0.0907985270023346,Grad/mlp.fc2.lora_B,outputs_dev/vitb16/T=vtab_Q=3bit_L=lora_2_qkv-fc1-proj-fc2/cifar/20260114184203_default_acc=53.50/tensorboard/Grad_mlp.fc2.lora_B_block_0/events.out.tfevents.1768387349.master-192-168-8-48.1680.8,mlp.fc2.lora_B,0
1768387383.8408418,81,2.5625,0.11637775599956512,Grad/mlp.fc2.lora_B,outputs_dev/vitb16/T=vtab_Q=3bit_L=lora_2_qkv-fc1-proj-fc2/cifar/20260114184203_default_acc=53.50/tensorboard/Grad_mlp.fc2.lora_B_block_0/events.out.tfevents.1768387349.master-192-168-8-48.1680.8,mlp.fc2.lora_B,0
1768387384.268895,82,2.59375,0.11918714642524719,Grad/mlp.fc2.lora_B,outputs_dev/vitb16/T=vtab_Q=3bit_L=lora_2_qkv-fc1-proj-fc2/cifar/20260114184203_default_acc=53.50/tensorboard/Grad_mlp.fc2.lora_B_block_0/events.out.tfevents.1768387349.master-192-168-8-48.1680.8,mlp.fc2.lora_B,0
1768387384.6965284,83,2.625,0.17418566346168518,Grad/mlp.fc2.lora_B,outputs_dev/vitb16/T=vtab_Q=3bit_L=lora_2_qkv-fc1-proj-fc2/cifar/20260114184203_default_acc=53.50/tensorboard/Grad_mlp.fc2.lora_B_block_0/events.out.tfevents.1768387349.master-192-168-8-48.1680.8,mlp.fc2.lora_B,0
1768387385.1276453,84,2.65625,0.08938392251729965,Grad/mlp.fc2.lora_B,outputs_dev/vitb16/T=vtab_Q=3bit_L=lora_2_qkv-fc1-proj-fc2/cifar/20260114184203_default_acc=53.50/tensorboard/Grad_mlp.fc2.lora_B_block_0/events.out.tfevents.1768387349.master-192-168-8-48.1680.8,mlp.fc2.lora_B,0
1768387385.5686443,85,2.6875,0.09033436328172684,Grad/mlp.fc2.lora_B,outputs_dev/vitb16/T=vtab_Q=3bit_L=lora_2_qkv-fc1-proj-fc2/cifar/20260114184203_default_acc=53.50/tensorboard/Grad_mlp.fc2.lora_B_block_0/events.out.tfevents.1768387349.master-192-168-8-48.1680.8,mlp.fc2.lora_B,0
1768387385.9959168,86,2.71875,0.10106488317251205,Grad/mlp.fc2.lora_B,outputs_dev/vitb16/T=vtab_Q=3bit_L=lora_2_qkv-fc1-proj-fc2/cifar/20260114184203_default_acc=53.50/tensorboard/Grad_mlp.fc2.lora_B_block_0/events.out.tfevents.1768387349.master-192-168-8-48.1680.8,mlp.fc2.lora_B,0
1768387386.4221606,87,2.75,0.10145880281925201,Grad/mlp.fc2.lora_B,outputs_dev/vitb16/T=vtab_Q=3bit_L=lora_2_qkv-fc1-proj-fc2/cifar/20260114184203_default_acc=53.50/tensorboard/Grad_mlp.fc2.lora_B_block_0/events.out.tfevents.1768387349.master-192-168-8-48.1680.8,mlp.fc2.lora_B,0
1768387386.846132,88,2.78125,0.10383794456720352,Grad/mlp.fc2.lora_B,outputs_dev/vitb16/T=vtab_Q=3bit_L=lora_2_qkv-fc1-proj-fc2/cifar/20260114184203_default_acc=53.50/tensorboard/Grad_mlp.fc2.lora_B_block_0/events.out.tfevents.1768387349.master-192-168-8-48.1680.8,mlp.fc2.lora_B,0
1768387387.2692614,89,2.8125,0.10663071274757385,Grad/mlp.fc2.lora_B,outputs_dev/vitb16/T=vtab_Q=3bit_L=lora_2_qkv-fc1-proj-fc2/cifar/20260114184203_default_acc=53.50/tensorboard/Grad_mlp.fc2.lora_B_block_0/events.out.tfevents.1768387349.master-192-168-8-48.1680.8,mlp.fc2.lora_B,0
1768387387.6921756,90,2.84375,0.11822666972875595,Grad/mlp.fc2.lora_B,outputs_dev/vitb16/T=vtab_Q=3bit_L=lora_2_qkv-fc1-proj-fc2/cifar/20260114184203_default_acc=53.50/tensorboard/Grad_mlp.fc2.lora_B_block_0/events.out.tfevents.1768387349.master-192-168-8-48.1680.8,mlp.fc2.lora_B,0
1768387388.1133018,91,2.875,0.08367353677749634,Grad/mlp.fc2.lora_B,outputs_dev/vitb16/T=vtab_Q=3bit_L=lora_2_qkv-fc1-proj-fc2/cifar/20260114184203_default_acc=53.50/tensorboard/Grad_mlp.fc2.lora_B_block_0/events.out.tfevents.1768387349.master-192-168-8-48.1680.8,mlp.fc2.lora_B,0
1768387388.534668,92,2.90625,0.1757577806711197,Grad/mlp.fc2.lora_B,outputs_dev/vitb16/T=vtab_Q=3bit_L=lora_2_qkv-fc1-proj-fc2/cifar/20260114184203_default_acc=53.50/tensorboard/Grad_mlp.fc2.lora_B_block_0/events.out.tfevents.1768387349.master-192-168-8-48.1680.8,mlp.fc2.lora_B,0
1768387388.9581738,93,2.9375,0.11295924335718155,Grad/mlp.fc2.lora_B,outputs_dev/vitb16/T=vtab_Q=3bit_L=lora_2_qkv-fc1-proj-fc2/cifar/20260114184203_default_acc=53.50/tensorboard/Grad_mlp.fc2.lora_B_block_0/events.out.tfevents.1768387349.master-192-168-8-48.1680.8,mlp.fc2.lora_B,0
1768387389.3818066,94,2.96875,0.08807671070098877,Grad/mlp.fc2.lora_B,outputs_dev/vitb16/T=vtab_Q=3bit_L=lora_2_qkv-fc1-proj-fc2/cifar/20260114184203_default_acc=53.50/tensorboard/Grad_mlp.fc2.lora_B_block_0/events.out.tfevents.1768387349.master-192-168-8-48.1680.8,mlp.fc2.lora_B,0
1768387389.5879629,95,3.0,0.23217706382274628,Grad/mlp.fc2.lora_B,outputs_dev/vitb16/T=vtab_Q=3bit_L=lora_2_qkv-fc1-proj-fc2/cifar/20260114184203_default_acc=53.50/tensorboard/Grad_mlp.fc2.lora_B_block_0/events.out.tfevents.1768387349.master-192-168-8-48.1680.8,mlp.fc2.lora_B,0
1768387390.322179,96,3.03125,0.10138417035341263,Grad/mlp.fc2.lora_B,outputs_dev/vitb16/T=vtab_Q=3bit_L=lora_2_qkv-fc1-proj-fc2/cifar/20260114184203_default_acc=53.50/tensorboard/Grad_mlp.fc2.lora_B_block_0/events.out.tfevents.1768387349.master-192-168-8-48.1680.8,mlp.fc2.lora_B,0
1768387390.7578459,97,3.0625,0.10027690976858139,Grad/mlp.fc2.lora_B,outputs_dev/vitb16/T=vtab_Q=3bit_L=lora_2_qkv-fc1-proj-fc2/cifar/20260114184203_default_acc=53.50/tensorboard/Grad_mlp.fc2.lora_B_block_0/events.out.tfevents.1768387349.master-192-168-8-48.1680.8,mlp.fc2.lora_B,0
1768387391.2007458,98,3.09375,0.10163851082324982,Grad/mlp.fc2.lora_B,outputs_dev/vitb16/T=vtab_Q=3bit_L=lora_2_qkv-fc1-proj-fc2/cifar/20260114184203_default_acc=53.50/tensorboard/Grad_mlp.fc2.lora_B_block_0/events.out.tfevents.1768387349.master-192-168-8-48.1680.8,mlp.fc2.lora_B,0
1768387391.6257925,99,3.125,0.11265282332897186,Grad/mlp.fc2.lora_B,outputs_dev/vitb16/T=vtab_Q=3bit_L=lora_2_qkv-fc1-proj-fc2/cifar/20260114184203_default_acc=53.50/tensorboard/Grad_mlp.fc2.lora_B_block_0/events.out.tfevents.1768387349.master-192-168-8-48.1680.8,mlp.fc2.lora_B,0
1768387392.0372195,100,3.15625,0.10519888997077942,Grad/mlp.fc2.lora_B,outputs_dev/vitb16/T=vtab_Q=3bit_L=lora_2_qkv-fc1-proj-fc2/cifar/20260114184203_default_acc=53.50/tensorboard/Grad_mlp.fc2.lora_B_block_0/events.out.tfevents.1768387349.master-192-168-8-48.1680.8,mlp.fc2.lora_B,0
1768387392.460559,101,3.1875,0.1155688464641571,Grad/mlp.fc2.lora_B,outputs_dev/vitb16/T=vtab_Q=3bit_L=lora_2_qkv-fc1-proj-fc2/cifar/20260114184203_default_acc=53.50/tensorboard/Grad_mlp.fc2.lora_B_block_0/events.out.tfevents.1768387349.master-192-168-8-48.1680.8,mlp.fc2.lora_B,0
1768387392.8826888,102,3.21875,0.09769409149885178,Grad/mlp.fc2.lora_B,outputs_dev/vitb16/T=vtab_Q=3bit_L=lora_2_qkv-fc1-proj-fc2/cifar/20260114184203_default_acc=53.50/tensorboard/Grad_mlp.fc2.lora_B_block_0/events.out.tfevents.1768387349.master-192-168-8-48.1680.8,mlp.fc2.lora_B,0
1768387393.3073657,103,3.25,0.09837020188570023,Grad/mlp.fc2.lora_B,outputs_dev/vitb16/T=vtab_Q=3bit_L=lora_2_qkv-fc1-proj-fc2/cifar/20260114184203_default_acc=53.50/tensorboard/Grad_mlp.fc2.lora_B_block_0/events.out.tfevents.1768387349.master-192-168-8-48.1680.8,mlp.fc2.lora_B,0
1768387393.7515526,104,3.28125,0.10520230233669281,Grad/mlp.fc2.lora_B,outputs_dev/vitb16/T=vtab_Q=3bit_L=lora_2_qkv-fc1-proj-fc2/cifar/20260114184203_default_acc=53.50/tensorboard/Grad_mlp.fc2.lora_B_block_0/events.out.tfevents.1768387349.master-192-168-8-48.1680.8,mlp.fc2.lora_B,0
1768387394.1902146,105,3.3125,0.10667664557695389,Grad/mlp.fc2.lora_B,outputs_dev/vitb16/T=vtab_Q=3bit_L=lora_2_qkv-fc1-proj-fc2/cifar/20260114184203_default_acc=53.50/tensorboard/Grad_mlp.fc2.lora_B_block_0/events.out.tfevents.1768387349.master-192-168-8-48.1680.8,mlp.fc2.lora_B,0
1768387394.6138933,106,3.34375,0.1407676339149475,Grad/mlp.fc2.lora_B,outputs_dev/vitb16/T=vtab_Q=3bit_L=lora_2_qkv-fc1-proj-fc2/cifar/20260114184203_default_acc=53.50/tensorboard/Grad_mlp.fc2.lora_B_block_0/events.out.tfevents.1768387349.master-192-168-8-48.1680.8,mlp.fc2.lora_B,0
1768387395.0438435,107,3.375,0.11970342695713043,Grad/mlp.fc2.lora_B,outputs_dev/vitb16/T=vtab_Q=3bit_L=lora_2_qkv-fc1-proj-fc2/cifar/20260114184203_default_acc=53.50/tensorboard/Grad_mlp.fc2.lora_B_block_0/events.out.tfevents.1768387349.master-192-168-8-48.1680.8,mlp.fc2.lora_B,0
1768387395.472964,108,3.40625,0.11808557063341141,Grad/mlp.fc2.lora_B,outputs_dev/vitb16/T=vtab_Q=3bit_L=lora_2_qkv-fc1-proj-fc2/cifar/20260114184203_default_acc=53.50/tensorboard/Grad_mlp.fc2.lora_B_block_0/events.out.tfevents.1768387349.master-192-168-8-48.1680.8,mlp.fc2.lora_B,0
1768387395.9027443,109,3.4375,0.13564249873161316,Grad/mlp.fc2.lora_B,outputs_dev/vitb16/T=vtab_Q=3bit_L=lora_2_qkv-fc1-proj-fc2/cifar/20260114184203_default_acc=53.50/tensorboard/Grad_mlp.fc2.lora_B_block_0/events.out.tfevents.1768387349.master-192-168-8-48.1680.8,mlp.fc2.lora_B,0
1768387396.3440163,110,3.46875,0.128764346241951,Grad/mlp.fc2.lora_B,outputs_dev/vitb16/T=vtab_Q=3bit_L=lora_2_qkv-fc1-proj-fc2/cifar/20260114184203_default_acc=53.50/tensorboard/Grad_mlp.fc2.lora_B_block_0/events.out.tfevents.1768387349.master-192-168-8-48.1680.8,mlp.fc2.lora_B,0
1768387396.7844262,111,3.5,0.11498143523931503,Grad/mlp.fc2.lora_B,outputs_dev/vitb16/T=vtab_Q=3bit_L=lora_2_qkv-fc1-proj-fc2/cifar/20260114184203_default_acc=53.50/tensorboard/Grad_mlp.fc2.lora_B_block_0/events.out.tfevents.1768387349.master-192-168-8-48.1680.8,mlp.fc2.lora_B,0
1768387397.2122424,112,3.53125,0.16572506725788116,Grad/mlp.fc2.lora_B,outputs_dev/vitb16/T=vtab_Q=3bit_L=lora_2_qkv-fc1-proj-fc2/cifar/20260114184203_default_acc=53.50/tensorboard/Grad_mlp.fc2.lora_B_block_0/events.out.tfevents.1768387349.master-192-168-8-48.1680.8,mlp.fc2.lora_B,0
1768387397.6432955,113,3.5625,0.1283261626958847,Grad/mlp.fc2.lora_B,outputs_dev/vitb16/T=vtab_Q=3bit_L=lora_2_qkv-fc1-proj-fc2/cifar/20260114184203_default_acc=53.50/tensorboard/Grad_mlp.fc2.lora_B_block_0/events.out.tfevents.1768387349.master-192-168-8-48.1680.8,mlp.fc2.lora_B,0
1768387398.0817134,114,3.59375,0.10227150470018387,Grad/mlp.fc2.lora_B,outputs_dev/vitb16/T=vtab_Q=3bit_L=lora_2_qkv-fc1-proj-fc2/cifar/20260114184203_default_acc=53.50/tensorboard/Grad_mlp.fc2.lora_B_block_0/events.out.tfevents.1768387349.master-192-168-8-48.1680.8,mlp.fc2.lora_B,0
1768387398.507126,115,3.625,0.10852813720703125,Grad/mlp.fc2.lora_B,outputs_dev/vitb16/T=vtab_Q=3bit_L=lora_2_qkv-fc1-proj-fc2/cifar/20260114184203_default_acc=53.50/tensorboard/Grad_mlp.fc2.lora_B_block_0/events.out.tfevents.1768387349.master-192-168-8-48.1680.8,mlp.fc2.lora_B,0
1768387398.9328866,116,3.65625,0.12231729924678802,Grad/mlp.fc2.lora_B,outputs_dev/vitb16/T=vtab_Q=3bit_L=lora_2_qkv-fc1-proj-fc2/cifar/20260114184203_default_acc=53.50/tensorboard/Grad_mlp.fc2.lora_B_block_0/events.out.tfevents.1768387349.master-192-168-8-48.1680.8,mlp.fc2.lora_B,0
1768387399.3556755,117,3.6875,0.14101198315620422,Grad/mlp.fc2.lora_B,outputs_dev/vitb16/T=vtab_Q=3bit_L=lora_2_qkv-fc1-proj-fc2/cifar/20260114184203_default_acc=53.50/tensorboard/Grad_mlp.fc2.lora_B_block_0/events.out.tfevents.1768387349.master-192-168-8-48.1680.8,mlp.fc2.lora_B,0
1768387399.7978203,118,3.71875,0.10010317713022232,Grad/mlp.fc2.lora_B,outputs_dev/vitb16/T=vtab_Q=3bit_L=lora_2_qkv-fc1-proj-fc2/cifar/20260114184203_default_acc=53.50/tensorboard/Grad_mlp.fc2.lora_B_block_0/events.out.tfevents.1768387349.master-192-168-8-48.1680.8,mlp.fc2.lora_B,0
1768387400.2204843,119,3.75,0.12463629990816116,Grad/mlp.fc2.lora_B,outputs_dev/vitb16/T=vtab_Q=3bit_L=lora_2_qkv-fc1-proj-fc2/cifar/20260114184203_default_acc=53.50/tensorboard/Grad_mlp.fc2.lora_B_block_0/events.out.tfevents.1768387349.master-192-168-8-48.1680.8,mlp.fc2.lora_B,0
1768387400.6472788,120,3.78125,0.10161954164505005,Grad/mlp.fc2.lora_B,outputs_dev/vitb16/T=vtab_Q=3bit_L=lora_2_qkv-fc1-proj-fc2/cifar/20260114184203_default_acc=53.50/tensorboard/Grad_mlp.fc2.lora_B_block_0/events.out.tfevents.1768387349.master-192-168-8-48.1680.8,mlp.fc2.lora_B,0
1768387401.0695372,121,3.8125,0.10555104166269302,Grad/mlp.fc2.lora_B,outputs_dev/vitb16/T=vtab_Q=3bit_L=lora_2_qkv-fc1-proj-fc2/cifar/20260114184203_default_acc=53.50/tensorboard/Grad_mlp.fc2.lora_B_block_0/events.out.tfevents.1768387349.master-192-168-8-48.1680.8,mlp.fc2.lora_B,0
1768387401.4937992,122,3.84375,0.10120262205600739,Grad/mlp.fc2.lora_B,outputs_dev/vitb16/T=vtab_Q=3bit_L=lora_2_qkv-fc1-proj-fc2/cifar/20260114184203_default_acc=53.50/tensorboard/Grad_mlp.fc2.lora_B_block_0/events.out.tfevents.1768387349.master-192-168-8-48.1680.8,mlp.fc2.lora_B,0
1768387401.9212148,123,3.875,0.11961358785629272,Grad/mlp.fc2.lora_B,outputs_dev/vitb16/T=vtab_Q=3bit_L=lora_2_qkv-fc1-proj-fc2/cifar/20260114184203_default_acc=53.50/tensorboard/Grad_mlp.fc2.lora_B_block_0/events.out.tfevents.1768387349.master-192-168-8-48.1680.8,mlp.fc2.lora_B,0
1768387402.36106,124,3.90625,0.1238497644662857,Grad/mlp.fc2.lora_B,outputs_dev/vitb16/T=vtab_Q=3bit_L=lora_2_qkv-fc1-proj-fc2/cifar/20260114184203_default_acc=53.50/tensorboard/Grad_mlp.fc2.lora_B_block_0/events.out.tfevents.1768387349.master-192-168-8-48.1680.8,mlp.fc2.lora_B,0
1768387402.7850227,125,3.9375,0.2414557933807373,Grad/mlp.fc2.lora_B,outputs_dev/vitb16/T=vtab_Q=3bit_L=lora_2_qkv-fc1-proj-fc2/cifar/20260114184203_default_acc=53.50/tensorboard/Grad_mlp.fc2.lora_B_block_0/events.out.tfevents.1768387349.master-192-168-8-48.1680.8,mlp.fc2.lora_B,0
1768387403.2091246,126,3.96875,0.102790966629982,Grad/mlp.fc2.lora_B,outputs_dev/vitb16/T=vtab_Q=3bit_L=lora_2_qkv-fc1-proj-fc2/cifar/20260114184203_default_acc=53.50/tensorboard/Grad_mlp.fc2.lora_B_block_0/events.out.tfevents.1768387349.master-192-168-8-48.1680.8,mlp.fc2.lora_B,0
1768387403.4367952,127,4.0,0.2648676037788391,Grad/mlp.fc2.lora_B,outputs_dev/vitb16/T=vtab_Q=3bit_L=lora_2_qkv-fc1-proj-fc2/cifar/20260114184203_default_acc=53.50/tensorboard/Grad_mlp.fc2.lora_B_block_0/events.out.tfevents.1768387349.master-192-168-8-48.1680.8,mlp.fc2.lora_B,0
1768387404.1367908,128,4.03125,0.123586505651474,Grad/mlp.fc2.lora_B,outputs_dev/vitb16/T=vtab_Q=3bit_L=lora_2_qkv-fc1-proj-fc2/cifar/20260114184203_default_acc=53.50/tensorboard/Grad_mlp.fc2.lora_B_block_0/events.out.tfevents.1768387349.master-192-168-8-48.1680.8,mlp.fc2.lora_B,0
1768387404.5846937,129,4.0625,0.1132487952709198,Grad/mlp.fc2.lora_B,outputs_dev/vitb16/T=vtab_Q=3bit_L=lora_2_qkv-fc1-proj-fc2/cifar/20260114184203_default_acc=53.50/tensorboard/Grad_mlp.fc2.lora_B_block_0/events.out.tfevents.1768387349.master-192-168-8-48.1680.8,mlp.fc2.lora_B,0
1768387405.0219088,130,4.09375,0.12437456101179123,Grad/mlp.fc2.lora_B,outputs_dev/vitb16/T=vtab_Q=3bit_L=lora_2_qkv-fc1-proj-fc2/cifar/20260114184203_default_acc=53.50/tensorboard/Grad_mlp.fc2.lora_B_block_0/events.out.tfevents.1768387349.master-192-168-8-48.1680.8,mlp.fc2.lora_B,0
1768387405.456956,131,4.125,0.11707427352666855,Grad/mlp.fc2.lora_B,outputs_dev/vitb16/T=vtab_Q=3bit_L=lora_2_qkv-fc1-proj-fc2/cifar/20260114184203_default_acc=53.50/tensorboard/Grad_mlp.fc2.lora_B_block_0/events.out.tfevents.1768387349.master-192-168-8-48.1680.8,mlp.fc2.lora_B,0
1768387405.8913665,132,4.15625,0.11996760219335556,Grad/mlp.fc2.lora_B,outputs_dev/vitb16/T=vtab_Q=3bit_L=lora_2_qkv-fc1-proj-fc2/cifar/20260114184203_default_acc=53.50/tensorboard/Grad_mlp.fc2.lora_B_block_0/events.out.tfevents.1768387349.master-192-168-8-48.1680.8,mlp.fc2.lora_B,0
1768387406.3153243,133,4.1875,0.11372211575508118,Grad/mlp.fc2.lora_B,outputs_dev/vitb16/T=vtab_Q=3bit_L=lora_2_qkv-fc1-proj-fc2/cifar/20260114184203_default_acc=53.50/tensorboard/Grad_mlp.fc2.lora_B_block_0/events.out.tfevents.1768387349.master-192-168-8-48.1680.8,mlp.fc2.lora_B,0
1768387406.7539823,134,4.21875,0.10649655014276505,Grad/mlp.fc2.lora_B,outputs_dev/vitb16/T=vtab_Q=3bit_L=lora_2_qkv-fc1-proj-fc2/cifar/20260114184203_default_acc=53.50/tensorboard/Grad_mlp.fc2.lora_B_block_0/events.out.tfevents.1768387349.master-192-168-8-48.1680.8,mlp.fc2.lora_B,0
1768387407.1756525,135,4.25,0.20017588138580322,Grad/mlp.fc2.lora_B,outputs_dev/vitb16/T=vtab_Q=3bit_L=lora_2_qkv-fc1-proj-fc2/cifar/20260114184203_default_acc=53.50/tensorboard/Grad_mlp.fc2.lora_B_block_0/events.out.tfevents.1768387349.master-192-168-8-48.1680.8,mlp.fc2.lora_B,0
1768387407.6120594,136,4.28125,0.14798949658870697,Grad/mlp.fc2.lora_B,outputs_dev/vitb16/T=vtab_Q=3bit_L=lora_2_qkv-fc1-proj-fc2/cifar/20260114184203_default_acc=53.50/tensorboard/Grad_mlp.fc2.lora_B_block_0/events.out.tfevents.1768387349.master-192-168-8-48.1680.8,mlp.fc2.lora_B,0
1768387408.0449116,137,4.3125,0.10894564539194107,Grad/mlp.fc2.lora_B,outputs_dev/vitb16/T=vtab_Q=3bit_L=lora_2_qkv-fc1-proj-fc2/cifar/20260114184203_default_acc=53.50/tensorboard/Grad_mlp.fc2.lora_B_block_0/events.out.tfevents.1768387349.master-192-168-8-48.1680.8,mlp.fc2.lora_B,0
1768387408.4677656,138,4.34375,0.10927845537662506,Grad/mlp.fc2.lora_B,outputs_dev/vitb16/T=vtab_Q=3bit_L=lora_2_qkv-fc1-proj-fc2/cifar/20260114184203_default_acc=53.50/tensorboard/Grad_mlp.fc2.lora_B_block_0/events.out.tfevents.1768387349.master-192-168-8-48.1680.8,mlp.fc2.lora_B,0
1768387408.8890264,139,4.375,0.1339251697063446,Grad/mlp.fc2.lora_B,outputs_dev/vitb16/T=vtab_Q=3bit_L=lora_2_qkv-fc1-proj-fc2/cifar/20260114184203_default_acc=53.50/tensorboard/Grad_mlp.fc2.lora_B_block_0/events.out.tfevents.1768387349.master-192-168-8-48.1680.8,mlp.fc2.lora_B,0
1768387409.322545,140,4.40625,0.1199696958065033,Grad/mlp.fc2.lora_B,outputs_dev/vitb16/T=vtab_Q=3bit_L=lora_2_qkv-fc1-proj-fc2/cifar/20260114184203_default_acc=53.50/tensorboard/Grad_mlp.fc2.lora_B_block_0/events.out.tfevents.1768387349.master-192-168-8-48.1680.8,mlp.fc2.lora_B,0
1768387409.7429333,141,4.4375,0.12400556355714798,Grad/mlp.fc2.lora_B,outputs_dev/vitb16/T=vtab_Q=3bit_L=lora_2_qkv-fc1-proj-fc2/cifar/20260114184203_default_acc=53.50/tensorboard/Grad_mlp.fc2.lora_B_block_0/events.out.tfevents.1768387349.master-192-168-8-48.1680.8,mlp.fc2.lora_B,0
1768387410.153163,142,4.46875,0.12171167880296707,Grad/mlp.fc2.lora_B,outputs_dev/vitb16/T=vtab_Q=3bit_L=lora_2_qkv-fc1-proj-fc2/cifar/20260114184203_default_acc=53.50/tensorboard/Grad_mlp.fc2.lora_B_block_0/events.out.tfevents.1768387349.master-192-168-8-48.1680.8,mlp.fc2.lora_B,0
1768387410.5653498,143,4.5,0.11852250248193741,Grad/mlp.fc2.lora_B,outputs_dev/vitb16/T=vtab_Q=3bit_L=lora_2_qkv-fc1-proj-fc2/cifar/20260114184203_default_acc=53.50/tensorboard/Grad_mlp.fc2.lora_B_block_0/events.out.tfevents.1768387349.master-192-168-8-48.1680.8,mlp.fc2.lora_B,0
1768387410.986783,144,4.53125,0.155947744846344,Grad/mlp.fc2.lora_B,outputs_dev/vitb16/T=vtab_Q=3bit_L=lora_2_qkv-fc1-proj-fc2/cifar/20260114184203_default_acc=53.50/tensorboard/Grad_mlp.fc2.lora_B_block_0/events.out.tfevents.1768387349.master-192-168-8-48.1680.8,mlp.fc2.lora_B,0
1768387411.3962862,145,4.5625,0.13041819632053375,Grad/mlp.fc2.lora_B,outputs_dev/vitb16/T=vtab_Q=3bit_L=lora_2_qkv-fc1-proj-fc2/cifar/20260114184203_default_acc=53.50/tensorboard/Grad_mlp.fc2.lora_B_block_0/events.out.tfevents.1768387349.master-192-168-8-48.1680.8,mlp.fc2.lora_B,0
1768387411.832176,146,4.59375,0.1333661526441574,Grad/mlp.fc2.lora_B,outputs_dev/vitb16/T=vtab_Q=3bit_L=lora_2_qkv-fc1-proj-fc2/cifar/20260114184203_default_acc=53.50/tensorboard/Grad_mlp.fc2.lora_B_block_0/events.out.tfevents.1768387349.master-192-168-8-48.1680.8,mlp.fc2.lora_B,0
1768387412.2567947,147,4.625,0.15080496668815613,Grad/mlp.fc2.lora_B,outputs_dev/vitb16/T=vtab_Q=3bit_L=lora_2_qkv-fc1-proj-fc2/cifar/20260114184203_default_acc=53.50/tensorboard/Grad_mlp.fc2.lora_B_block_0/events.out.tfevents.1768387349.master-192-168-8-48.1680.8,mlp.fc2.lora_B,0
1768387412.693294,148,4.65625,0.13676327466964722,Grad/mlp.fc2.lora_B,outputs_dev/vitb16/T=vtab_Q=3bit_L=lora_2_qkv-fc1-proj-fc2/cifar/20260114184203_default_acc=53.50/tensorboard/Grad_mlp.fc2.lora_B_block_0/events.out.tfevents.1768387349.master-192-168-8-48.1680.8,mlp.fc2.lora_B,0
1768387413.1297529,149,4.6875,0.11174572259187698,Grad/mlp.fc2.lora_B,outputs_dev/vitb16/T=vtab_Q=3bit_L=lora_2_qkv-fc1-proj-fc2/cifar/20260114184203_default_acc=53.50/tensorboard/Grad_mlp.fc2.lora_B_block_0/events.out.tfevents.1768387349.master-192-168-8-48.1680.8,mlp.fc2.lora_B,0
1768387413.5527806,150,4.71875,0.13319474458694458,Grad/mlp.fc2.lora_B,outputs_dev/vitb16/T=vtab_Q=3bit_L=lora_2_qkv-fc1-proj-fc2/cifar/20260114184203_default_acc=53.50/tensorboard/Grad_mlp.fc2.lora_B_block_0/events.out.tfevents.1768387349.master-192-168-8-48.1680.8,mlp.fc2.lora_B,0
1768387413.9902554,151,4.75,0.1356770396232605,Grad/mlp.fc2.lora_B,outputs_dev/vitb16/T=vtab_Q=3bit_L=lora_2_qkv-fc1-proj-fc2/cifar/20260114184203_default_acc=53.50/tensorboard/Grad_mlp.fc2.lora_B_block_0/events.out.tfevents.1768387349.master-192-168-8-48.1680.8,mlp.fc2.lora_B,0
1768387414.4260123,152,4.78125,0.1302288919687271,Grad/mlp.fc2.lora_B,outputs_dev/vitb16/T=vtab_Q=3bit_L=lora_2_qkv-fc1-proj-fc2/cifar/20260114184203_default_acc=53.50/tensorboard/Grad_mlp.fc2.lora_B_block_0/events.out.tfevents.1768387349.master-192-168-8-48.1680.8,mlp.fc2.lora_B,0
1768387414.8468103,153,4.8125,0.12886932492256165,Grad/mlp.fc2.lora_B,outputs_dev/vitb16/T=vtab_Q=3bit_L=lora_2_qkv-fc1-proj-fc2/cifar/20260114184203_default_acc=53.50/tensorboard/Grad_mlp.fc2.lora_B_block_0/events.out.tfevents.1768387349.master-192-168-8-48.1680.8,mlp.fc2.lora_B,0
1768387415.2791972,154,4.84375,0.1388990730047226,Grad/mlp.fc2.lora_B,outputs_dev/vitb16/T=vtab_Q=3bit_L=lora_2_qkv-fc1-proj-fc2/cifar/20260114184203_default_acc=53.50/tensorboard/Grad_mlp.fc2.lora_B_block_0/events.out.tfevents.1768387349.master-192-168-8-48.1680.8,mlp.fc2.lora_B,0
1768387415.7122755,155,4.875,0.1764095574617386,Grad/mlp.fc2.lora_B,outputs_dev/vitb16/T=vtab_Q=3bit_L=lora_2_qkv-fc1-proj-fc2/cifar/20260114184203_default_acc=53.50/tensorboard/Grad_mlp.fc2.lora_B_block_0/events.out.tfevents.1768387349.master-192-168-8-48.1680.8,mlp.fc2.lora_B,0
1768387416.1332328,156,4.90625,0.11462172865867615,Grad/mlp.fc2.lora_B,outputs_dev/vitb16/T=vtab_Q=3bit_L=lora_2_qkv-fc1-proj-fc2/cifar/20260114184203_default_acc=53.50/tensorboard/Grad_mlp.fc2.lora_B_block_0/events.out.tfevents.1768387349.master-192-168-8-48.1680.8,mlp.fc2.lora_B,0
1768387416.6822317,157,4.9375,0.10807089507579803,Grad/mlp.fc2.lora_B,outputs_dev/vitb16/T=vtab_Q=3bit_L=lora_2_qkv-fc1-proj-fc2/cifar/20260114184203_default_acc=53.50/tensorboard/Grad_mlp.fc2.lora_B_block_0/events.out.tfevents.1768387349.master-192-168-8-48.1680.8,mlp.fc2.lora_B,0
1768387417.1012337,158,4.96875,0.13031262159347534,Grad/mlp.fc2.lora_B,outputs_dev/vitb16/T=vtab_Q=3bit_L=lora_2_qkv-fc1-proj-fc2/cifar/20260114184203_default_acc=53.50/tensorboard/Grad_mlp.fc2.lora_B_block_0/events.out.tfevents.1768387349.master-192-168-8-48.1680.8,mlp.fc2.lora_B,0
1768387417.3228388,159,5.0,0.2520049214363098,Grad/mlp.fc2.lora_B,outputs_dev/vitb16/T=vtab_Q=3bit_L=lora_2_qkv-fc1-proj-fc2/cifar/20260114184203_default_acc=53.50/tensorboard/Grad_mlp.fc2.lora_B_block_0/events.out.tfevents.1768387349.master-192-168-8-48.1680.8,mlp.fc2.lora_B,0
1768387418.0441735,160,5.03125,0.11433146893978119,Grad/mlp.fc2.lora_B,outputs_dev/vitb16/T=vtab_Q=3bit_L=lora_2_qkv-fc1-proj-fc2/cifar/20260114184203_default_acc=53.50/tensorboard/Grad_mlp.fc2.lora_B_block_0/events.out.tfevents.1768387349.master-192-168-8-48.1680.8,mlp.fc2.lora_B,0
1768387418.4697745,161,5.0625,0.11457055807113647,Grad/mlp.fc2.lora_B,outputs_dev/vitb16/T=vtab_Q=3bit_L=lora_2_qkv-fc1-proj-fc2/cifar/20260114184203_default_acc=53.50/tensorboard/Grad_mlp.fc2.lora_B_block_0/events.out.tfevents.1768387349.master-192-168-8-48.1680.8,mlp.fc2.lora_B,0
1768387418.8944528,162,5.09375,0.1537207067012787,Grad/mlp.fc2.lora_B,outputs_dev/vitb16/T=vtab_Q=3bit_L=lora_2_qkv-fc1-proj-fc2/cifar/20260114184203_default_acc=53.50/tensorboard/Grad_mlp.fc2.lora_B_block_0/events.out.tfevents.1768387349.master-192-168-8-48.1680.8,mlp.fc2.lora_B,0
1768387419.3165383,163,5.125,0.11322332918643951,Grad/mlp.fc2.lora_B,outputs_dev/vitb16/T=vtab_Q=3bit_L=lora_2_qkv-fc1-proj-fc2/cifar/20260114184203_default_acc=53.50/tensorboard/Grad_mlp.fc2.lora_B_block_0/events.out.tfevents.1768387349.master-192-168-8-48.1680.8,mlp.fc2.lora_B,0
1768387419.743421,164,5.15625,0.13428016006946564,Grad/mlp.fc2.lora_B,outputs_dev/vitb16/T=vtab_Q=3bit_L=lora_2_qkv-fc1-proj-fc2/cifar/20260114184203_default_acc=53.50/tensorboard/Grad_mlp.fc2.lora_B_block_0/events.out.tfevents.1768387349.master-192-168-8-48.1680.8,mlp.fc2.lora_B,0
1768387420.1722841,165,5.1875,0.10949243605136871,Grad/mlp.fc2.lora_B,outputs_dev/vitb16/T=vtab_Q=3bit_L=lora_2_qkv-fc1-proj-fc2/cifar/20260114184203_default_acc=53.50/tensorboard/Grad_mlp.fc2.lora_B_block_0/events.out.tfevents.1768387349.master-192-168-8-48.1680.8,mlp.fc2.lora_B,0
1768387420.5945532,166,5.21875,0.11373741924762726,Grad/mlp.fc2.lora_B,outputs_dev/vitb16/T=vtab_Q=3bit_L=lora_2_qkv-fc1-proj-fc2/cifar/20260114184203_default_acc=53.50/tensorboard/Grad_mlp.fc2.lora_B_block_0/events.out.tfevents.1768387349.master-192-168-8-48.1680.8,mlp.fc2.lora_B,0
1768387421.0180666,167,5.25,0.12881164252758026,Grad/mlp.fc2.lora_B,outputs_dev/vitb16/T=vtab_Q=3bit_L=lora_2_qkv-fc1-proj-fc2/cifar/20260114184203_default_acc=53.50/tensorboard/Grad_mlp.fc2.lora_B_block_0/events.out.tfevents.1768387349.master-192-168-8-48.1680.8,mlp.fc2.lora_B,0
1768387421.4427843,168,5.28125,0.12649892270565033,Grad/mlp.fc2.lora_B,outputs_dev/vitb16/T=vtab_Q=3bit_L=lora_2_qkv-fc1-proj-fc2/cifar/20260114184203_default_acc=53.50/tensorboard/Grad_mlp.fc2.lora_B_block_0/events.out.tfevents.1768387349.master-192-168-8-48.1680.8,mlp.fc2.lora_B,0
1768387421.8692548,169,5.3125,0.09899240732192993,Grad/mlp.fc2.lora_B,outputs_dev/vitb16/T=vtab_Q=3bit_L=lora_2_qkv-fc1-proj-fc2/cifar/20260114184203_default_acc=53.50/tensorboard/Grad_mlp.fc2.lora_B_block_0/events.out.tfevents.1768387349.master-192-168-8-48.1680.8,mlp.fc2.lora_B,0
1768387422.2939844,170,5.34375,0.12594136595726013,Grad/mlp.fc2.lora_B,outputs_dev/vitb16/T=vtab_Q=3bit_L=lora_2_qkv-fc1-proj-fc2/cifar/20260114184203_default_acc=53.50/tensorboard/Grad_mlp.fc2.lora_B_block_0/events.out.tfevents.1768387349.master-192-168-8-48.1680.8,mlp.fc2.lora_B,0
1768387422.7170317,171,5.375,0.13847722113132477,Grad/mlp.fc2.lora_B,outputs_dev/vitb16/T=vtab_Q=3bit_L=lora_2_qkv-fc1-proj-fc2/cifar/20260114184203_default_acc=53.50/tensorboard/Grad_mlp.fc2.lora_B_block_0/events.out.tfevents.1768387349.master-192-168-8-48.1680.8,mlp.fc2.lora_B,0
1768387423.1530454,172,5.40625,0.10097583383321762,Grad/mlp.fc2.lora_B,outputs_dev/vitb16/T=vtab_Q=3bit_L=lora_2_qkv-fc1-proj-fc2/cifar/20260114184203_default_acc=53.50/tensorboard/Grad_mlp.fc2.lora_B_block_0/events.out.tfevents.1768387349.master-192-168-8-48.1680.8,mlp.fc2.lora_B,0
1768387423.5779371,173,5.4375,0.11119528859853745,Grad/mlp.fc2.lora_B,outputs_dev/vitb16/T=vtab_Q=3bit_L=lora_2_qkv-fc1-proj-fc2/cifar/20260114184203_default_acc=53.50/tensorboard/Grad_mlp.fc2.lora_B_block_0/events.out.tfevents.1768387349.master-192-168-8-48.1680.8,mlp.fc2.lora_B,0
1768387424.0103593,174,5.46875,0.1165669783949852,Grad/mlp.fc2.lora_B,outputs_dev/vitb16/T=vtab_Q=3bit_L=lora_2_qkv-fc1-proj-fc2/cifar/20260114184203_default_acc=53.50/tensorboard/Grad_mlp.fc2.lora_B_block_0/events.out.tfevents.1768387349.master-192-168-8-48.1680.8,mlp.fc2.lora_B,0
1768387424.4536695,175,5.5,0.1369299292564392,Grad/mlp.fc2.lora_B,outputs_dev/vitb16/T=vtab_Q=3bit_L=lora_2_qkv-fc1-proj-fc2/cifar/20260114184203_default_acc=53.50/tensorboard/Grad_mlp.fc2.lora_B_block_0/events.out.tfevents.1768387349.master-192-168-8-48.1680.8,mlp.fc2.lora_B,0
1768387424.8972635,176,5.53125,0.13587890565395355,Grad/mlp.fc2.lora_B,outputs_dev/vitb16/T=vtab_Q=3bit_L=lora_2_qkv-fc1-proj-fc2/cifar/20260114184203_default_acc=53.50/tensorboard/Grad_mlp.fc2.lora_B_block_0/events.out.tfevents.1768387349.master-192-168-8-48.1680.8,mlp.fc2.lora_B,0
1768387425.333482,177,5.5625,0.13592278957366943,Grad/mlp.fc2.lora_B,outputs_dev/vitb16/T=vtab_Q=3bit_L=lora_2_qkv-fc1-proj-fc2/cifar/20260114184203_default_acc=53.50/tensorboard/Grad_mlp.fc2.lora_B_block_0/events.out.tfevents.1768387349.master-192-168-8-48.1680.8,mlp.fc2.lora_B,0
1768387425.7859588,178,5.59375,0.1449280083179474,Grad/mlp.fc2.lora_B,outputs_dev/vitb16/T=vtab_Q=3bit_L=lora_2_qkv-fc1-proj-fc2/cifar/20260114184203_default_acc=53.50/tensorboard/Grad_mlp.fc2.lora_B_block_0/events.out.tfevents.1768387349.master-192-168-8-48.1680.8,mlp.fc2.lora_B,0
1768387426.2162848,179,5.625,0.1301828920841217,Grad/mlp.fc2.lora_B,outputs_dev/vitb16/T=vtab_Q=3bit_L=lora_2_qkv-fc1-proj-fc2/cifar/20260114184203_default_acc=53.50/tensorboard/Grad_mlp.fc2.lora_B_block_0/events.out.tfevents.1768387349.master-192-168-8-48.1680.8,mlp.fc2.lora_B,0
1768387426.6391385,180,5.65625,0.14155752956867218,Grad/mlp.fc2.lora_B,outputs_dev/vitb16/T=vtab_Q=3bit_L=lora_2_qkv-fc1-proj-fc2/cifar/20260114184203_default_acc=53.50/tensorboard/Grad_mlp.fc2.lora_B_block_0/events.out.tfevents.1768387349.master-192-168-8-48.1680.8,mlp.fc2.lora_B,0
1768387427.0797107,181,5.6875,0.16545671224594116,Grad/mlp.fc2.lora_B,outputs_dev/vitb16/T=vtab_Q=3bit_L=lora_2_qkv-fc1-proj-fc2/cifar/20260114184203_default_acc=53.50/tensorboard/Grad_mlp.fc2.lora_B_block_0/events.out.tfevents.1768387349.master-192-168-8-48.1680.8,mlp.fc2.lora_B,0
1768387427.532267,182,5.71875,0.12461225688457489,Grad/mlp.fc2.lora_B,outputs_dev/vitb16/T=vtab_Q=3bit_L=lora_2_qkv-fc1-proj-fc2/cifar/20260114184203_default_acc=53.50/tensorboard/Grad_mlp.fc2.lora_B_block_0/events.out.tfevents.1768387349.master-192-168-8-48.1680.8,mlp.fc2.lora_B,0
1768387427.957692,183,5.75,0.26635900139808655,Grad/mlp.fc2.lora_B,outputs_dev/vitb16/T=vtab_Q=3bit_L=lora_2_qkv-fc1-proj-fc2/cifar/20260114184203_default_acc=53.50/tensorboard/Grad_mlp.fc2.lora_B_block_0/events.out.tfevents.1768387349.master-192-168-8-48.1680.8,mlp.fc2.lora_B,0
1768387428.3921163,184,5.78125,0.15256677567958832,Grad/mlp.fc2.lora_B,outputs_dev/vitb16/T=vtab_Q=3bit_L=lora_2_qkv-fc1-proj-fc2/cifar/20260114184203_default_acc=53.50/tensorboard/Grad_mlp.fc2.lora_B_block_0/events.out.tfevents.1768387349.master-192-168-8-48.1680.8,mlp.fc2.lora_B,0
1768387428.8274,185,5.8125,0.12400765717029572,Grad/mlp.fc2.lora_B,outputs_dev/vitb16/T=vtab_Q=3bit_L=lora_2_qkv-fc1-proj-fc2/cifar/20260114184203_default_acc=53.50/tensorboard/Grad_mlp.fc2.lora_B_block_0/events.out.tfevents.1768387349.master-192-168-8-48.1680.8,mlp.fc2.lora_B,0
1768387429.252037,186,5.84375,0.18260729312896729,Grad/mlp.fc2.lora_B,outputs_dev/vitb16/T=vtab_Q=3bit_L=lora_2_qkv-fc1-proj-fc2/cifar/20260114184203_default_acc=53.50/tensorboard/Grad_mlp.fc2.lora_B_block_0/events.out.tfevents.1768387349.master-192-168-8-48.1680.8,mlp.fc2.lora_B,0
1768387429.6891644,187,5.875,0.13598477840423584,Grad/mlp.fc2.lora_B,outputs_dev/vitb16/T=vtab_Q=3bit_L=lora_2_qkv-fc1-proj-fc2/cifar/20260114184203_default_acc=53.50/tensorboard/Grad_mlp.fc2.lora_B_block_0/events.out.tfevents.1768387349.master-192-168-8-48.1680.8,mlp.fc2.lora_B,0
1768387430.131716,188,5.90625,0.12333955615758896,Grad/mlp.fc2.lora_B,outputs_dev/vitb16/T=vtab_Q=3bit_L=lora_2_qkv-fc1-proj-fc2/cifar/20260114184203_default_acc=53.50/tensorboard/Grad_mlp.fc2.lora_B_block_0/events.out.tfevents.1768387349.master-192-168-8-48.1680.8,mlp.fc2.lora_B,0
1768387430.558878,189,5.9375,0.20035973191261292,Grad/mlp.fc2.lora_B,outputs_dev/vitb16/T=vtab_Q=3bit_L=lora_2_qkv-fc1-proj-fc2/cifar/20260114184203_default_acc=53.50/tensorboard/Grad_mlp.fc2.lora_B_block_0/events.out.tfevents.1768387349.master-192-168-8-48.1680.8,mlp.fc2.lora_B,0
1768387430.9867725,190,5.96875,0.13722459971904755,Grad/mlp.fc2.lora_B,outputs_dev/vitb16/T=vtab_Q=3bit_L=lora_2_qkv-fc1-proj-fc2/cifar/20260114184203_default_acc=53.50/tensorboard/Grad_mlp.fc2.lora_B_block_0/events.out.tfevents.1768387349.master-192-168-8-48.1680.8,mlp.fc2.lora_B,0
1768387431.1963968,191,6.0,0.31712424755096436,Grad/mlp.fc2.lora_B,outputs_dev/vitb16/T=vtab_Q=3bit_L=lora_2_qkv-fc1-proj-fc2/cifar/20260114184203_default_acc=53.50/tensorboard/Grad_mlp.fc2.lora_B_block_0/events.out.tfevents.1768387349.master-192-168-8-48.1680.8,mlp.fc2.lora_B,0
1768387431.9566867,192,6.03125,0.1445533186197281,Grad/mlp.fc2.lora_B,outputs_dev/vitb16/T=vtab_Q=3bit_L=lora_2_qkv-fc1-proj-fc2/cifar/20260114184203_default_acc=53.50/tensorboard/Grad_mlp.fc2.lora_B_block_0/events.out.tfevents.1768387349.master-192-168-8-48.1680.8,mlp.fc2.lora_B,0
1768387432.3895402,193,6.0625,0.17289242148399353,Grad/mlp.fc2.lora_B,outputs_dev/vitb16/T=vtab_Q=3bit_L=lora_2_qkv-fc1-proj-fc2/cifar/20260114184203_default_acc=53.50/tensorboard/Grad_mlp.fc2.lora_B_block_0/events.out.tfevents.1768387349.master-192-168-8-48.1680.8,mlp.fc2.lora_B,0
1768387432.81851,194,6.09375,0.13606709241867065,Grad/mlp.fc2.lora_B,outputs_dev/vitb16/T=vtab_Q=3bit_L=lora_2_qkv-fc1-proj-fc2/cifar/20260114184203_default_acc=53.50/tensorboard/Grad_mlp.fc2.lora_B_block_0/events.out.tfevents.1768387349.master-192-168-8-48.1680.8,mlp.fc2.lora_B,0
1768387433.2484035,195,6.125,0.11459635943174362,Grad/mlp.fc2.lora_B,outputs_dev/vitb16/T=vtab_Q=3bit_L=lora_2_qkv-fc1-proj-fc2/cifar/20260114184203_default_acc=53.50/tensorboard/Grad_mlp.fc2.lora_B_block_0/events.out.tfevents.1768387349.master-192-168-8-48.1680.8,mlp.fc2.lora_B,0
1768387433.6768703,196,6.15625,0.14313653111457825,Grad/mlp.fc2.lora_B,outputs_dev/vitb16/T=vtab_Q=3bit_L=lora_2_qkv-fc1-proj-fc2/cifar/20260114184203_default_acc=53.50/tensorboard/Grad_mlp.fc2.lora_B_block_0/events.out.tfevents.1768387349.master-192-168-8-48.1680.8,mlp.fc2.lora_B,0
1768387434.105799,197,6.1875,0.1302691102027893,Grad/mlp.fc2.lora_B,outputs_dev/vitb16/T=vtab_Q=3bit_L=lora_2_qkv-fc1-proj-fc2/cifar/20260114184203_default_acc=53.50/tensorboard/Grad_mlp.fc2.lora_B_block_0/events.out.tfevents.1768387349.master-192-168-8-48.1680.8,mlp.fc2.lora_B,0
1768387434.5343513,198,6.21875,0.1505390703678131,Grad/mlp.fc2.lora_B,outputs_dev/vitb16/T=vtab_Q=3bit_L=lora_2_qkv-fc1-proj-fc2/cifar/20260114184203_default_acc=53.50/tensorboard/Grad_mlp.fc2.lora_B_block_0/events.out.tfevents.1768387349.master-192-168-8-48.1680.8,mlp.fc2.lora_B,0
1768387434.963587,199,6.25,0.15997034311294556,Grad/mlp.fc2.lora_B,outputs_dev/vitb16/T=vtab_Q=3bit_L=lora_2_qkv-fc1-proj-fc2/cifar/20260114184203_default_acc=53.50/tensorboard/Grad_mlp.fc2.lora_B_block_0/events.out.tfevents.1768387349.master-192-168-8-48.1680.8,mlp.fc2.lora_B,0
1768387435.412034,200,6.28125,0.13775579631328583,Grad/mlp.fc2.lora_B,outputs_dev/vitb16/T=vtab_Q=3bit_L=lora_2_qkv-fc1-proj-fc2/cifar/20260114184203_default_acc=53.50/tensorboard/Grad_mlp.fc2.lora_B_block_0/events.out.tfevents.1768387349.master-192-168-8-48.1680.8,mlp.fc2.lora_B,0
1768387435.8396964,201,6.3125,0.12907078862190247,Grad/mlp.fc2.lora_B,outputs_dev/vitb16/T=vtab_Q=3bit_L=lora_2_qkv-fc1-proj-fc2/cifar/20260114184203_default_acc=53.50/tensorboard/Grad_mlp.fc2.lora_B_block_0/events.out.tfevents.1768387349.master-192-168-8-48.1680.8,mlp.fc2.lora_B,0
1768387436.2619612,202,6.34375,0.14163188636302948,Grad/mlp.fc2.lora_B,outputs_dev/vitb16/T=vtab_Q=3bit_L=lora_2_qkv-fc1-proj-fc2/cifar/20260114184203_default_acc=53.50/tensorboard/Grad_mlp.fc2.lora_B_block_0/events.out.tfevents.1768387349.master-192-168-8-48.1680.8,mlp.fc2.lora_B,0
1768387436.6882112,203,6.375,0.13304072618484497,Grad/mlp.fc2.lora_B,outputs_dev/vitb16/T=vtab_Q=3bit_L=lora_2_qkv-fc1-proj-fc2/cifar/20260114184203_default_acc=53.50/tensorboard/Grad_mlp.fc2.lora_B_block_0/events.out.tfevents.1768387349.master-192-168-8-48.1680.8,mlp.fc2.lora_B,0
1768387437.1107767,204,6.40625,0.1291275918483734,Grad/mlp.fc2.lora_B,outputs_dev/vitb16/T=vtab_Q=3bit_L=lora_2_qkv-fc1-proj-fc2/cifar/20260114184203_default_acc=53.50/tensorboard/Grad_mlp.fc2.lora_B_block_0/events.out.tfevents.1768387349.master-192-168-8-48.1680.8,mlp.fc2.lora_B,0
1768387437.5332546,205,6.4375,0.14526039361953735,Grad/mlp.fc2.lora_B,outputs_dev/vitb16/T=vtab_Q=3bit_L=lora_2_qkv-fc1-proj-fc2/cifar/20260114184203_default_acc=53.50/tensorboard/Grad_mlp.fc2.lora_B_block_0/events.out.tfevents.1768387349.master-192-168-8-48.1680.8,mlp.fc2.lora_B,0
1768387437.9574845,206,6.46875,0.16751861572265625,Grad/mlp.fc2.lora_B,outputs_dev/vitb16/T=vtab_Q=3bit_L=lora_2_qkv-fc1-proj-fc2/cifar/20260114184203_default_acc=53.50/tensorboard/Grad_mlp.fc2.lora_B_block_0/events.out.tfevents.1768387349.master-192-168-8-48.1680.8,mlp.fc2.lora_B,0
1768387438.4086506,207,6.5,0.18733717501163483,Grad/mlp.fc2.lora_B,outputs_dev/vitb16/T=vtab_Q=3bit_L=lora_2_qkv-fc1-proj-fc2/cifar/20260114184203_default_acc=53.50/tensorboard/Grad_mlp.fc2.lora_B_block_0/events.out.tfevents.1768387349.master-192-168-8-48.1680.8,mlp.fc2.lora_B,0
1768387438.83046,208,6.53125,0.17701849341392517,Grad/mlp.fc2.lora_B,outputs_dev/vitb16/T=vtab_Q=3bit_L=lora_2_qkv-fc1-proj-fc2/cifar/20260114184203_default_acc=53.50/tensorboard/Grad_mlp.fc2.lora_B_block_0/events.out.tfevents.1768387349.master-192-168-8-48.1680.8,mlp.fc2.lora_B,0
1768387439.2530365,209,6.5625,0.14802983403205872,Grad/mlp.fc2.lora_B,outputs_dev/vitb16/T=vtab_Q=3bit_L=lora_2_qkv-fc1-proj-fc2/cifar/20260114184203_default_acc=53.50/tensorboard/Grad_mlp.fc2.lora_B_block_0/events.out.tfevents.1768387349.master-192-168-8-48.1680.8,mlp.fc2.lora_B,0
1768387439.6884806,210,6.59375,0.17931154370307922,Grad/mlp.fc2.lora_B,outputs_dev/vitb16/T=vtab_Q=3bit_L=lora_2_qkv-fc1-proj-fc2/cifar/20260114184203_default_acc=53.50/tensorboard/Grad_mlp.fc2.lora_B_block_0/events.out.tfevents.1768387349.master-192-168-8-48.1680.8,mlp.fc2.lora_B,0
1768387440.1254032,211,6.625,0.17246955633163452,Grad/mlp.fc2.lora_B,outputs_dev/vitb16/T=vtab_Q=3bit_L=lora_2_qkv-fc1-proj-fc2/cifar/20260114184203_default_acc=53.50/tensorboard/Grad_mlp.fc2.lora_B_block_0/events.out.tfevents.1768387349.master-192-168-8-48.1680.8,mlp.fc2.lora_B,0
1768387440.5641415,212,6.65625,0.1700485497713089,Grad/mlp.fc2.lora_B,outputs_dev/vitb16/T=vtab_Q=3bit_L=lora_2_qkv-fc1-proj-fc2/cifar/20260114184203_default_acc=53.50/tensorboard/Grad_mlp.fc2.lora_B_block_0/events.out.tfevents.1768387349.master-192-168-8-48.1680.8,mlp.fc2.lora_B,0
1768387440.999263,213,6.6875,0.12099099904298782,Grad/mlp.fc2.lora_B,outputs_dev/vitb16/T=vtab_Q=3bit_L=lora_2_qkv-fc1-proj-fc2/cifar/20260114184203_default_acc=53.50/tensorboard/Grad_mlp.fc2.lora_B_block_0/events.out.tfevents.1768387349.master-192-168-8-48.1680.8,mlp.fc2.lora_B,0
1768387441.4223363,214,6.71875,0.18475152552127838,Grad/mlp.fc2.lora_B,outputs_dev/vitb16/T=vtab_Q=3bit_L=lora_2_qkv-fc1-proj-fc2/cifar/20260114184203_default_acc=53.50/tensorboard/Grad_mlp.fc2.lora_B_block_0/events.out.tfevents.1768387349.master-192-168-8-48.1680.8,mlp.fc2.lora_B,0
1768387441.859841,215,6.75,0.15662790834903717,Grad/mlp.fc2.lora_B,outputs_dev/vitb16/T=vtab_Q=3bit_L=lora_2_qkv-fc1-proj-fc2/cifar/20260114184203_default_acc=53.50/tensorboard/Grad_mlp.fc2.lora_B_block_0/events.out.tfevents.1768387349.master-192-168-8-48.1680.8,mlp.fc2.lora_B,0
1768387442.2969124,216,6.78125,0.18946784734725952,Grad/mlp.fc2.lora_B,outputs_dev/vitb16/T=vtab_Q=3bit_L=lora_2_qkv-fc1-proj-fc2/cifar/20260114184203_default_acc=53.50/tensorboard/Grad_mlp.fc2.lora_B_block_0/events.out.tfevents.1768387349.master-192-168-8-48.1680.8,mlp.fc2.lora_B,0
1768387442.734308,217,6.8125,0.1153188943862915,Grad/mlp.fc2.lora_B,outputs_dev/vitb16/T=vtab_Q=3bit_L=lora_2_qkv-fc1-proj-fc2/cifar/20260114184203_default_acc=53.50/tensorboard/Grad_mlp.fc2.lora_B_block_0/events.out.tfevents.1768387349.master-192-168-8-48.1680.8,mlp.fc2.lora_B,0
1768387443.170898,218,6.84375,0.14042988419532776,Grad/mlp.fc2.lora_B,outputs_dev/vitb16/T=vtab_Q=3bit_L=lora_2_qkv-fc1-proj-fc2/cifar/20260114184203_default_acc=53.50/tensorboard/Grad_mlp.fc2.lora_B_block_0/events.out.tfevents.1768387349.master-192-168-8-48.1680.8,mlp.fc2.lora_B,0
1768387443.6083221,219,6.875,0.1452690064907074,Grad/mlp.fc2.lora_B,outputs_dev/vitb16/T=vtab_Q=3bit_L=lora_2_qkv-fc1-proj-fc2/cifar/20260114184203_default_acc=53.50/tensorboard/Grad_mlp.fc2.lora_B_block_0/events.out.tfevents.1768387349.master-192-168-8-48.1680.8,mlp.fc2.lora_B,0
1768387444.040061,220,6.90625,0.169272780418396,Grad/mlp.fc2.lora_B,outputs_dev/vitb16/T=vtab_Q=3bit_L=lora_2_qkv-fc1-proj-fc2/cifar/20260114184203_default_acc=53.50/tensorboard/Grad_mlp.fc2.lora_B_block_0/events.out.tfevents.1768387349.master-192-168-8-48.1680.8,mlp.fc2.lora_B,0
1768387444.452616,221,6.9375,0.11787769198417664,Grad/mlp.fc2.lora_B,outputs_dev/vitb16/T=vtab_Q=3bit_L=lora_2_qkv-fc1-proj-fc2/cifar/20260114184203_default_acc=53.50/tensorboard/Grad_mlp.fc2.lora_B_block_0/events.out.tfevents.1768387349.master-192-168-8-48.1680.8,mlp.fc2.lora_B,0
1768387444.8788412,222,6.96875,0.191440612077713,Grad/mlp.fc2.lora_B,outputs_dev/vitb16/T=vtab_Q=3bit_L=lora_2_qkv-fc1-proj-fc2/cifar/20260114184203_default_acc=53.50/tensorboard/Grad_mlp.fc2.lora_B_block_0/events.out.tfevents.1768387349.master-192-168-8-48.1680.8,mlp.fc2.lora_B,0
1768387445.105177,223,7.0,0.20924553275108337,Grad/mlp.fc2.lora_B,outputs_dev/vitb16/T=vtab_Q=3bit_L=lora_2_qkv-fc1-proj-fc2/cifar/20260114184203_default_acc=53.50/tensorboard/Grad_mlp.fc2.lora_B_block_0/events.out.tfevents.1768387349.master-192-168-8-48.1680.8,mlp.fc2.lora_B,0
1768387445.76595,224,7.03125,0.15307174623012543,Grad/mlp.fc2.lora_B,outputs_dev/vitb16/T=vtab_Q=3bit_L=lora_2_qkv-fc1-proj-fc2/cifar/20260114184203_default_acc=53.50/tensorboard/Grad_mlp.fc2.lora_B_block_0/events.out.tfevents.1768387349.master-192-168-8-48.1680.8,mlp.fc2.lora_B,0
1768387446.2033575,225,7.0625,0.1735730618238449,Grad/mlp.fc2.lora_B,outputs_dev/vitb16/T=vtab_Q=3bit_L=lora_2_qkv-fc1-proj-fc2/cifar/20260114184203_default_acc=53.50/tensorboard/Grad_mlp.fc2.lora_B_block_0/events.out.tfevents.1768387349.master-192-168-8-48.1680.8,mlp.fc2.lora_B,0
1768387446.631128,226,7.09375,0.19280922412872314,Grad/mlp.fc2.lora_B,outputs_dev/vitb16/T=vtab_Q=3bit_L=lora_2_qkv-fc1-proj-fc2/cifar/20260114184203_default_acc=53.50/tensorboard/Grad_mlp.fc2.lora_B_block_0/events.out.tfevents.1768387349.master-192-168-8-48.1680.8,mlp.fc2.lora_B,0
1768387447.0629923,227,7.125,0.13844482600688934,Grad/mlp.fc2.lora_B,outputs_dev/vitb16/T=vtab_Q=3bit_L=lora_2_qkv-fc1-proj-fc2/cifar/20260114184203_default_acc=53.50/tensorboard/Grad_mlp.fc2.lora_B_block_0/events.out.tfevents.1768387349.master-192-168-8-48.1680.8,mlp.fc2.lora_B,0
1768387447.4935293,228,7.15625,0.1639125496149063,Grad/mlp.fc2.lora_B,outputs_dev/vitb16/T=vtab_Q=3bit_L=lora_2_qkv-fc1-proj-fc2/cifar/20260114184203_default_acc=53.50/tensorboard/Grad_mlp.fc2.lora_B_block_0/events.out.tfevents.1768387349.master-192-168-8-48.1680.8,mlp.fc2.lora_B,0
1768387447.9347253,229,7.1875,0.14848482608795166,Grad/mlp.fc2.lora_B,outputs_dev/vitb16/T=vtab_Q=3bit_L=lora_2_qkv-fc1-proj-fc2/cifar/20260114184203_default_acc=53.50/tensorboard/Grad_mlp.fc2.lora_B_block_0/events.out.tfevents.1768387349.master-192-168-8-48.1680.8,mlp.fc2.lora_B,0
1768387448.3754046,230,7.21875,0.16020649671554565,Grad/mlp.fc2.lora_B,outputs_dev/vitb16/T=vtab_Q=3bit_L=lora_2_qkv-fc1-proj-fc2/cifar/20260114184203_default_acc=53.50/tensorboard/Grad_mlp.fc2.lora_B_block_0/events.out.tfevents.1768387349.master-192-168-8-48.1680.8,mlp.fc2.lora_B,0
1768387448.8161373,231,7.25,0.15805067121982574,Grad/mlp.fc2.lora_B,outputs_dev/vitb16/T=vtab_Q=3bit_L=lora_2_qkv-fc1-proj-fc2/cifar/20260114184203_default_acc=53.50/tensorboard/Grad_mlp.fc2.lora_B_block_0/events.out.tfevents.1768387349.master-192-168-8-48.1680.8,mlp.fc2.lora_B,0
1768387449.2391622,232,7.28125,0.14786365628242493,Grad/mlp.fc2.lora_B,outputs_dev/vitb16/T=vtab_Q=3bit_L=lora_2_qkv-fc1-proj-fc2/cifar/20260114184203_default_acc=53.50/tensorboard/Grad_mlp.fc2.lora_B_block_0/events.out.tfevents.1768387349.master-192-168-8-48.1680.8,mlp.fc2.lora_B,0
1768387449.6739478,233,7.3125,0.15045352280139923,Grad/mlp.fc2.lora_B,outputs_dev/vitb16/T=vtab_Q=3bit_L=lora_2_qkv-fc1-proj-fc2/cifar/20260114184203_default_acc=53.50/tensorboard/Grad_mlp.fc2.lora_B_block_0/events.out.tfevents.1768387349.master-192-168-8-48.1680.8,mlp.fc2.lora_B,0
1768387450.0943303,234,7.34375,0.1458548903465271,Grad/mlp.fc2.lora_B,outputs_dev/vitb16/T=vtab_Q=3bit_L=lora_2_qkv-fc1-proj-fc2/cifar/20260114184203_default_acc=53.50/tensorboard/Grad_mlp.fc2.lora_B_block_0/events.out.tfevents.1768387349.master-192-168-8-48.1680.8,mlp.fc2.lora_B,0
1768387450.513436,235,7.375,0.2189321368932724,Grad/mlp.fc2.lora_B,outputs_dev/vitb16/T=vtab_Q=3bit_L=lora_2_qkv-fc1-proj-fc2/cifar/20260114184203_default_acc=53.50/tensorboard/Grad_mlp.fc2.lora_B_block_0/events.out.tfevents.1768387349.master-192-168-8-48.1680.8,mlp.fc2.lora_B,0
1768387450.956072,236,7.40625,0.13680215179920197,Grad/mlp.fc2.lora_B,outputs_dev/vitb16/T=vtab_Q=3bit_L=lora_2_qkv-fc1-proj-fc2/cifar/20260114184203_default_acc=53.50/tensorboard/Grad_mlp.fc2.lora_B_block_0/events.out.tfevents.1768387349.master-192-168-8-48.1680.8,mlp.fc2.lora_B,0
1768387451.3911579,237,7.4375,0.17252303659915924,Grad/mlp.fc2.lora_B,outputs_dev/vitb16/T=vtab_Q=3bit_L=lora_2_qkv-fc1-proj-fc2/cifar/20260114184203_default_acc=53.50/tensorboard/Grad_mlp.fc2.lora_B_block_0/events.out.tfevents.1768387349.master-192-168-8-48.1680.8,mlp.fc2.lora_B,0
1768387451.8288882,238,7.46875,0.14486290514469147,Grad/mlp.fc2.lora_B,outputs_dev/vitb16/T=vtab_Q=3bit_L=lora_2_qkv-fc1-proj-fc2/cifar/20260114184203_default_acc=53.50/tensorboard/Grad_mlp.fc2.lora_B_block_0/events.out.tfevents.1768387349.master-192-168-8-48.1680.8,mlp.fc2.lora_B,0
1768387452.2535536,239,7.5,0.1620616614818573,Grad/mlp.fc2.lora_B,outputs_dev/vitb16/T=vtab_Q=3bit_L=lora_2_qkv-fc1-proj-fc2/cifar/20260114184203_default_acc=53.50/tensorboard/Grad_mlp.fc2.lora_B_block_0/events.out.tfevents.1768387349.master-192-168-8-48.1680.8,mlp.fc2.lora_B,0
1768387452.6836205,240,7.53125,0.22831948101520538,Grad/mlp.fc2.lora_B,outputs_dev/vitb16/T=vtab_Q=3bit_L=lora_2_qkv-fc1-proj-fc2/cifar/20260114184203_default_acc=53.50/tensorboard/Grad_mlp.fc2.lora_B_block_0/events.out.tfevents.1768387349.master-192-168-8-48.1680.8,mlp.fc2.lora_B,0
1768387453.1084507,241,7.5625,0.14521566033363342,Grad/mlp.fc2.lora_B,outputs_dev/vitb16/T=vtab_Q=3bit_L=lora_2_qkv-fc1-proj-fc2/cifar/20260114184203_default_acc=53.50/tensorboard/Grad_mlp.fc2.lora_B_block_0/events.out.tfevents.1768387349.master-192-168-8-48.1680.8,mlp.fc2.lora_B,0
1768387453.5309849,242,7.59375,0.18445490300655365,Grad/mlp.fc2.lora_B,outputs_dev/vitb16/T=vtab_Q=3bit_L=lora_2_qkv-fc1-proj-fc2/cifar/20260114184203_default_acc=53.50/tensorboard/Grad_mlp.fc2.lora_B_block_0/events.out.tfevents.1768387349.master-192-168-8-48.1680.8,mlp.fc2.lora_B,0
1768387453.9721887,243,7.625,0.12860630452632904,Grad/mlp.fc2.lora_B,outputs_dev/vitb16/T=vtab_Q=3bit_L=lora_2_qkv-fc1-proj-fc2/cifar/20260114184203_default_acc=53.50/tensorboard/Grad_mlp.fc2.lora_B_block_0/events.out.tfevents.1768387349.master-192-168-8-48.1680.8,mlp.fc2.lora_B,0
1768387454.39413,244,7.65625,0.16378454864025116,Grad/mlp.fc2.lora_B,outputs_dev/vitb16/T=vtab_Q=3bit_L=lora_2_qkv-fc1-proj-fc2/cifar/20260114184203_default_acc=53.50/tensorboard/Grad_mlp.fc2.lora_B_block_0/events.out.tfevents.1768387349.master-192-168-8-48.1680.8,mlp.fc2.lora_B,0
1768387454.8184364,245,7.6875,0.18311765789985657,Grad/mlp.fc2.lora_B,outputs_dev/vitb16/T=vtab_Q=3bit_L=lora_2_qkv-fc1-proj-fc2/cifar/20260114184203_default_acc=53.50/tensorboard/Grad_mlp.fc2.lora_B_block_0/events.out.tfevents.1768387349.master-192-168-8-48.1680.8,mlp.fc2.lora_B,0
1768387455.2584772,246,7.71875,0.14588801562786102,Grad/mlp.fc2.lora_B,outputs_dev/vitb16/T=vtab_Q=3bit_L=lora_2_qkv-fc1-proj-fc2/cifar/20260114184203_default_acc=53.50/tensorboard/Grad_mlp.fc2.lora_B_block_0/events.out.tfevents.1768387349.master-192-168-8-48.1680.8,mlp.fc2.lora_B,0
1768387455.6809812,247,7.75,0.19531232118606567,Grad/mlp.fc2.lora_B,outputs_dev/vitb16/T=vtab_Q=3bit_L=lora_2_qkv-fc1-proj-fc2/cifar/20260114184203_default_acc=53.50/tensorboard/Grad_mlp.fc2.lora_B_block_0/events.out.tfevents.1768387349.master-192-168-8-48.1680.8,mlp.fc2.lora_B,0
1768387456.102027,248,7.78125,0.19396522641181946,Grad/mlp.fc2.lora_B,outputs_dev/vitb16/T=vtab_Q=3bit_L=lora_2_qkv-fc1-proj-fc2/cifar/20260114184203_default_acc=53.50/tensorboard/Grad_mlp.fc2.lora_B_block_0/events.out.tfevents.1768387349.master-192-168-8-48.1680.8,mlp.fc2.lora_B,0
1768387456.5243917,249,7.8125,0.24305219948291779,Grad/mlp.fc2.lora_B,outputs_dev/vitb16/T=vtab_Q=3bit_L=lora_2_qkv-fc1-proj-fc2/cifar/20260114184203_default_acc=53.50/tensorboard/Grad_mlp.fc2.lora_B_block_0/events.out.tfevents.1768387349.master-192-168-8-48.1680.8,mlp.fc2.lora_B,0
1768387456.9482765,250,7.84375,0.20766669511795044,Grad/mlp.fc2.lora_B,outputs_dev/vitb16/T=vtab_Q=3bit_L=lora_2_qkv-fc1-proj-fc2/cifar/20260114184203_default_acc=53.50/tensorboard/Grad_mlp.fc2.lora_B_block_0/events.out.tfevents.1768387349.master-192-168-8-48.1680.8,mlp.fc2.lora_B,0
1768387457.3821507,251,7.875,0.21956250071525574,Grad/mlp.fc2.lora_B,outputs_dev/vitb16/T=vtab_Q=3bit_L=lora_2_qkv-fc1-proj-fc2/cifar/20260114184203_default_acc=53.50/tensorboard/Grad_mlp.fc2.lora_B_block_0/events.out.tfevents.1768387349.master-192-168-8-48.1680.8,mlp.fc2.lora_B,0
1768387457.8003297,252,7.90625,0.19473016262054443,Grad/mlp.fc2.lora_B,outputs_dev/vitb16/T=vtab_Q=3bit_L=lora_2_qkv-fc1-proj-fc2/cifar/20260114184203_default_acc=53.50/tensorboard/Grad_mlp.fc2.lora_B_block_0/events.out.tfevents.1768387349.master-192-168-8-48.1680.8,mlp.fc2.lora_B,0
1768387458.2350702,253,7.9375,0.19288884103298187,Grad/mlp.fc2.lora_B,outputs_dev/vitb16/T=vtab_Q=3bit_L=lora_2_qkv-fc1-proj-fc2/cifar/20260114184203_default_acc=53.50/tensorboard/Grad_mlp.fc2.lora_B_block_0/events.out.tfevents.1768387349.master-192-168-8-48.1680.8,mlp.fc2.lora_B,0
1768387458.6655507,254,7.96875,0.181428462266922,Grad/mlp.fc2.lora_B,outputs_dev/vitb16/T=vtab_Q=3bit_L=lora_2_qkv-fc1-proj-fc2/cifar/20260114184203_default_acc=53.50/tensorboard/Grad_mlp.fc2.lora_B_block_0/events.out.tfevents.1768387349.master-192-168-8-48.1680.8,mlp.fc2.lora_B,0
1768387458.8710332,255,8.0,0.2752099633216858,Grad/mlp.fc2.lora_B,outputs_dev/vitb16/T=vtab_Q=3bit_L=lora_2_qkv-fc1-proj-fc2/cifar/20260114184203_default_acc=53.50/tensorboard/Grad_mlp.fc2.lora_B_block_0/events.out.tfevents.1768387349.master-192-168-8-48.1680.8,mlp.fc2.lora_B,0
1768387459.5322828,256,8.03125,0.16572201251983643,Grad/mlp.fc2.lora_B,outputs_dev/vitb16/T=vtab_Q=3bit_L=lora_2_qkv-fc1-proj-fc2/cifar/20260114184203_default_acc=53.50/tensorboard/Grad_mlp.fc2.lora_B_block_0/events.out.tfevents.1768387349.master-192-168-8-48.1680.8,mlp.fc2.lora_B,0
1768387459.9714632,257,8.0625,0.21209053695201874,Grad/mlp.fc2.lora_B,outputs_dev/vitb16/T=vtab_Q=3bit_L=lora_2_qkv-fc1-proj-fc2/cifar/20260114184203_default_acc=53.50/tensorboard/Grad_mlp.fc2.lora_B_block_0/events.out.tfevents.1768387349.master-192-168-8-48.1680.8,mlp.fc2.lora_B,0
1768387460.4013886,258,8.09375,0.16370385885238647,Grad/mlp.fc2.lora_B,outputs_dev/vitb16/T=vtab_Q=3bit_L=lora_2_qkv-fc1-proj-fc2/cifar/20260114184203_default_acc=53.50/tensorboard/Grad_mlp.fc2.lora_B_block_0/events.out.tfevents.1768387349.master-192-168-8-48.1680.8,mlp.fc2.lora_B,0
1768387460.8272207,259,8.125,0.202439084649086,Grad/mlp.fc2.lora_B,outputs_dev/vitb16/T=vtab_Q=3bit_L=lora_2_qkv-fc1-proj-fc2/cifar/20260114184203_default_acc=53.50/tensorboard/Grad_mlp.fc2.lora_B_block_0/events.out.tfevents.1768387349.master-192-168-8-48.1680.8,mlp.fc2.lora_B,0
1768387461.2690206,260,8.15625,0.17010542750358582,Grad/mlp.fc2.lora_B,outputs_dev/vitb16/T=vtab_Q=3bit_L=lora_2_qkv-fc1-proj-fc2/cifar/20260114184203_default_acc=53.50/tensorboard/Grad_mlp.fc2.lora_B_block_0/events.out.tfevents.1768387349.master-192-168-8-48.1680.8,mlp.fc2.lora_B,0
1768387461.710893,261,8.1875,0.13935811817646027,Grad/mlp.fc2.lora_B,outputs_dev/vitb16/T=vtab_Q=3bit_L=lora_2_qkv-fc1-proj-fc2/cifar/20260114184203_default_acc=53.50/tensorboard/Grad_mlp.fc2.lora_B_block_0/events.out.tfevents.1768387349.master-192-168-8-48.1680.8,mlp.fc2.lora_B,0
1768387462.1398976,262,8.21875,0.22758522629737854,Grad/mlp.fc2.lora_B,outputs_dev/vitb16/T=vtab_Q=3bit_L=lora_2_qkv-fc1-proj-fc2/cifar/20260114184203_default_acc=53.50/tensorboard/Grad_mlp.fc2.lora_B_block_0/events.out.tfevents.1768387349.master-192-168-8-48.1680.8,mlp.fc2.lora_B,0
1768387462.5663908,263,8.25,0.14052394032478333,Grad/mlp.fc2.lora_B,outputs_dev/vitb16/T=vtab_Q=3bit_L=lora_2_qkv-fc1-proj-fc2/cifar/20260114184203_default_acc=53.50/tensorboard/Grad_mlp.fc2.lora_B_block_0/events.out.tfevents.1768387349.master-192-168-8-48.1680.8,mlp.fc2.lora_B,0
1768387462.9920073,264,8.28125,0.2575567960739136,Grad/mlp.fc2.lora_B,outputs_dev/vitb16/T=vtab_Q=3bit_L=lora_2_qkv-fc1-proj-fc2/cifar/20260114184203_default_acc=53.50/tensorboard/Grad_mlp.fc2.lora_B_block_0/events.out.tfevents.1768387349.master-192-168-8-48.1680.8,mlp.fc2.lora_B,0
1768387463.4351819,265,8.3125,0.18023326992988586,Grad/mlp.fc2.lora_B,outputs_dev/vitb16/T=vtab_Q=3bit_L=lora_2_qkv-fc1-proj-fc2/cifar/20260114184203_default_acc=53.50/tensorboard/Grad_mlp.fc2.lora_B_block_0/events.out.tfevents.1768387349.master-192-168-8-48.1680.8,mlp.fc2.lora_B,0
1768387463.8739402,266,8.34375,0.17008313536643982,Grad/mlp.fc2.lora_B,outputs_dev/vitb16/T=vtab_Q=3bit_L=lora_2_qkv-fc1-proj-fc2/cifar/20260114184203_default_acc=53.50/tensorboard/Grad_mlp.fc2.lora_B_block_0/events.out.tfevents.1768387349.master-192-168-8-48.1680.8,mlp.fc2.lora_B,0
1768387464.313068,267,8.375,0.21472473442554474,Grad/mlp.fc2.lora_B,outputs_dev/vitb16/T=vtab_Q=3bit_L=lora_2_qkv-fc1-proj-fc2/cifar/20260114184203_default_acc=53.50/tensorboard/Grad_mlp.fc2.lora_B_block_0/events.out.tfevents.1768387349.master-192-168-8-48.1680.8,mlp.fc2.lora_B,0
1768387464.7508643,268,8.40625,0.2067813128232956,Grad/mlp.fc2.lora_B,outputs_dev/vitb16/T=vtab_Q=3bit_L=lora_2_qkv-fc1-proj-fc2/cifar/20260114184203_default_acc=53.50/tensorboard/Grad_mlp.fc2.lora_B_block_0/events.out.tfevents.1768387349.master-192-168-8-48.1680.8,mlp.fc2.lora_B,0
1768387465.1762037,269,8.4375,0.21162328124046326,Grad/mlp.fc2.lora_B,outputs_dev/vitb16/T=vtab_Q=3bit_L=lora_2_qkv-fc1-proj-fc2/cifar/20260114184203_default_acc=53.50/tensorboard/Grad_mlp.fc2.lora_B_block_0/events.out.tfevents.1768387349.master-192-168-8-48.1680.8,mlp.fc2.lora_B,0
1768387465.6120543,270,8.46875,0.18718789517879486,Grad/mlp.fc2.lora_B,outputs_dev/vitb16/T=vtab_Q=3bit_L=lora_2_qkv-fc1-proj-fc2/cifar/20260114184203_default_acc=53.50/tensorboard/Grad_mlp.fc2.lora_B_block_0/events.out.tfevents.1768387349.master-192-168-8-48.1680.8,mlp.fc2.lora_B,0
1768387466.0470474,271,8.5,0.21858204901218414,Grad/mlp.fc2.lora_B,outputs_dev/vitb16/T=vtab_Q=3bit_L=lora_2_qkv-fc1-proj-fc2/cifar/20260114184203_default_acc=53.50/tensorboard/Grad_mlp.fc2.lora_B_block_0/events.out.tfevents.1768387349.master-192-168-8-48.1680.8,mlp.fc2.lora_B,0
1768387466.489918,272,8.53125,0.2007623016834259,Grad/mlp.fc2.lora_B,outputs_dev/vitb16/T=vtab_Q=3bit_L=lora_2_qkv-fc1-proj-fc2/cifar/20260114184203_default_acc=53.50/tensorboard/Grad_mlp.fc2.lora_B_block_0/events.out.tfevents.1768387349.master-192-168-8-48.1680.8,mlp.fc2.lora_B,0
1768387466.9291372,273,8.5625,0.20188860595226288,Grad/mlp.fc2.lora_B,outputs_dev/vitb16/T=vtab_Q=3bit_L=lora_2_qkv-fc1-proj-fc2/cifar/20260114184203_default_acc=53.50/tensorboard/Grad_mlp.fc2.lora_B_block_0/events.out.tfevents.1768387349.master-192-168-8-48.1680.8,mlp.fc2.lora_B,0
1768387467.3661752,274,8.59375,0.17230892181396484,Grad/mlp.fc2.lora_B,outputs_dev/vitb16/T=vtab_Q=3bit_L=lora_2_qkv-fc1-proj-fc2/cifar/20260114184203_default_acc=53.50/tensorboard/Grad_mlp.fc2.lora_B_block_0/events.out.tfevents.1768387349.master-192-168-8-48.1680.8,mlp.fc2.lora_B,0
1768387467.8012154,275,8.625,0.13658955693244934,Grad/mlp.fc2.lora_B,outputs_dev/vitb16/T=vtab_Q=3bit_L=lora_2_qkv-fc1-proj-fc2/cifar/20260114184203_default_acc=53.50/tensorboard/Grad_mlp.fc2.lora_B_block_0/events.out.tfevents.1768387349.master-192-168-8-48.1680.8,mlp.fc2.lora_B,0
1768387468.2260478,276,8.65625,0.18585319817066193,Grad/mlp.fc2.lora_B,outputs_dev/vitb16/T=vtab_Q=3bit_L=lora_2_qkv-fc1-proj-fc2/cifar/20260114184203_default_acc=53.50/tensorboard/Grad_mlp.fc2.lora_B_block_0/events.out.tfevents.1768387349.master-192-168-8-48.1680.8,mlp.fc2.lora_B,0
1768387468.662498,277,8.6875,0.23562054336071014,Grad/mlp.fc2.lora_B,outputs_dev/vitb16/T=vtab_Q=3bit_L=lora_2_qkv-fc1-proj-fc2/cifar/20260114184203_default_acc=53.50/tensorboard/Grad_mlp.fc2.lora_B_block_0/events.out.tfevents.1768387349.master-192-168-8-48.1680.8,mlp.fc2.lora_B,0
1768387469.100398,278,8.71875,0.21509097516536713,Grad/mlp.fc2.lora_B,outputs_dev/vitb16/T=vtab_Q=3bit_L=lora_2_qkv-fc1-proj-fc2/cifar/20260114184203_default_acc=53.50/tensorboard/Grad_mlp.fc2.lora_B_block_0/events.out.tfevents.1768387349.master-192-168-8-48.1680.8,mlp.fc2.lora_B,0
1768387469.5292883,279,8.75,0.15919281542301178,Grad/mlp.fc2.lora_B,outputs_dev/vitb16/T=vtab_Q=3bit_L=lora_2_qkv-fc1-proj-fc2/cifar/20260114184203_default_acc=53.50/tensorboard/Grad_mlp.fc2.lora_B_block_0/events.out.tfevents.1768387349.master-192-168-8-48.1680.8,mlp.fc2.lora_B,0
1768387469.9514534,280,8.78125,0.18160870671272278,Grad/mlp.fc2.lora_B,outputs_dev/vitb16/T=vtab_Q=3bit_L=lora_2_qkv-fc1-proj-fc2/cifar/20260114184203_default_acc=53.50/tensorboard/Grad_mlp.fc2.lora_B_block_0/events.out.tfevents.1768387349.master-192-168-8-48.1680.8,mlp.fc2.lora_B,0
1768387470.3905022,281,8.8125,0.1656939536333084,Grad/mlp.fc2.lora_B,outputs_dev/vitb16/T=vtab_Q=3bit_L=lora_2_qkv-fc1-proj-fc2/cifar/20260114184203_default_acc=53.50/tensorboard/Grad_mlp.fc2.lora_B_block_0/events.out.tfevents.1768387349.master-192-168-8-48.1680.8,mlp.fc2.lora_B,0
1768387470.8271255,282,8.84375,0.18369822204113007,Grad/mlp.fc2.lora_B,outputs_dev/vitb16/T=vtab_Q=3bit_L=lora_2_qkv-fc1-proj-fc2/cifar/20260114184203_default_acc=53.50/tensorboard/Grad_mlp.fc2.lora_B_block_0/events.out.tfevents.1768387349.master-192-168-8-48.1680.8,mlp.fc2.lora_B,0
1768387471.2585688,283,8.875,0.25859275460243225,Grad/mlp.fc2.lora_B,outputs_dev/vitb16/T=vtab_Q=3bit_L=lora_2_qkv-fc1-proj-fc2/cifar/20260114184203_default_acc=53.50/tensorboard/Grad_mlp.fc2.lora_B_block_0/events.out.tfevents.1768387349.master-192-168-8-48.1680.8,mlp.fc2.lora_B,0
1768387471.6934114,284,8.90625,0.3964455723762512,Grad/mlp.fc2.lora_B,outputs_dev/vitb16/T=vtab_Q=3bit_L=lora_2_qkv-fc1-proj-fc2/cifar/20260114184203_default_acc=53.50/tensorboard/Grad_mlp.fc2.lora_B_block_0/events.out.tfevents.1768387349.master-192-168-8-48.1680.8,mlp.fc2.lora_B,0
1768387472.1256578,285,8.9375,0.18954584002494812,Grad/mlp.fc2.lora_B,outputs_dev/vitb16/T=vtab_Q=3bit_L=lora_2_qkv-fc1-proj-fc2/cifar/20260114184203_default_acc=53.50/tensorboard/Grad_mlp.fc2.lora_B_block_0/events.out.tfevents.1768387349.master-192-168-8-48.1680.8,mlp.fc2.lora_B,0
1768387472.5464406,286,8.96875,0.2934451699256897,Grad/mlp.fc2.lora_B,outputs_dev/vitb16/T=vtab_Q=3bit_L=lora_2_qkv-fc1-proj-fc2/cifar/20260114184203_default_acc=53.50/tensorboard/Grad_mlp.fc2.lora_B_block_0/events.out.tfevents.1768387349.master-192-168-8-48.1680.8,mlp.fc2.lora_B,0
1768387472.7700946,287,9.0,0.3656773269176483,Grad/mlp.fc2.lora_B,outputs_dev/vitb16/T=vtab_Q=3bit_L=lora_2_qkv-fc1-proj-fc2/cifar/20260114184203_default_acc=53.50/tensorboard/Grad_mlp.fc2.lora_B_block_0/events.out.tfevents.1768387349.master-192-168-8-48.1680.8,mlp.fc2.lora_B,0
1768387473.392675,288,9.03125,0.15986719727516174,Grad/mlp.fc2.lora_B,outputs_dev/vitb16/T=vtab_Q=3bit_L=lora_2_qkv-fc1-proj-fc2/cifar/20260114184203_default_acc=53.50/tensorboard/Grad_mlp.fc2.lora_B_block_0/events.out.tfevents.1768387349.master-192-168-8-48.1680.8,mlp.fc2.lora_B,0
1768387473.8178675,289,9.0625,0.1985284686088562,Grad/mlp.fc2.lora_B,outputs_dev/vitb16/T=vtab_Q=3bit_L=lora_2_qkv-fc1-proj-fc2/cifar/20260114184203_default_acc=53.50/tensorboard/Grad_mlp.fc2.lora_B_block_0/events.out.tfevents.1768387349.master-192-168-8-48.1680.8,mlp.fc2.lora_B,0
1768387474.259711,290,9.09375,0.15757955610752106,Grad/mlp.fc2.lora_B,outputs_dev/vitb16/T=vtab_Q=3bit_L=lora_2_qkv-fc1-proj-fc2/cifar/20260114184203_default_acc=53.50/tensorboard/Grad_mlp.fc2.lora_B_block_0/events.out.tfevents.1768387349.master-192-168-8-48.1680.8,mlp.fc2.lora_B,0
1768387474.6888454,291,9.125,0.2974194884300232,Grad/mlp.fc2.lora_B,outputs_dev/vitb16/T=vtab_Q=3bit_L=lora_2_qkv-fc1-proj-fc2/cifar/20260114184203_default_acc=53.50/tensorboard/Grad_mlp.fc2.lora_B_block_0/events.out.tfevents.1768387349.master-192-168-8-48.1680.8,mlp.fc2.lora_B,0
1768387475.1110125,292,9.15625,0.2783840000629425,Grad/mlp.fc2.lora_B,outputs_dev/vitb16/T=vtab_Q=3bit_L=lora_2_qkv-fc1-proj-fc2/cifar/20260114184203_default_acc=53.50/tensorboard/Grad_mlp.fc2.lora_B_block_0/events.out.tfevents.1768387349.master-192-168-8-48.1680.8,mlp.fc2.lora_B,0
1768387475.5326436,293,9.1875,0.28458112478256226,Grad/mlp.fc2.lora_B,outputs_dev/vitb16/T=vtab_Q=3bit_L=lora_2_qkv-fc1-proj-fc2/cifar/20260114184203_default_acc=53.50/tensorboard/Grad_mlp.fc2.lora_B_block_0/events.out.tfevents.1768387349.master-192-168-8-48.1680.8,mlp.fc2.lora_B,0
1768387475.957507,294,9.21875,0.18798938393592834,Grad/mlp.fc2.lora_B,outputs_dev/vitb16/T=vtab_Q=3bit_L=lora_2_qkv-fc1-proj-fc2/cifar/20260114184203_default_acc=53.50/tensorboard/Grad_mlp.fc2.lora_B_block_0/events.out.tfevents.1768387349.master-192-168-8-48.1680.8,mlp.fc2.lora_B,0
1768387476.395192,295,9.25,0.2516789138317108,Grad/mlp.fc2.lora_B,outputs_dev/vitb16/T=vtab_Q=3bit_L=lora_2_qkv-fc1-proj-fc2/cifar/20260114184203_default_acc=53.50/tensorboard/Grad_mlp.fc2.lora_B_block_0/events.out.tfevents.1768387349.master-192-168-8-48.1680.8,mlp.fc2.lora_B,0
1768387476.8330815,296,9.28125,0.31765130162239075,Grad/mlp.fc2.lora_B,outputs_dev/vitb16/T=vtab_Q=3bit_L=lora_2_qkv-fc1-proj-fc2/cifar/20260114184203_default_acc=53.50/tensorboard/Grad_mlp.fc2.lora_B_block_0/events.out.tfevents.1768387349.master-192-168-8-48.1680.8,mlp.fc2.lora_B,0
1768387477.257887,297,9.3125,0.1940588802099228,Grad/mlp.fc2.lora_B,outputs_dev/vitb16/T=vtab_Q=3bit_L=lora_2_qkv-fc1-proj-fc2/cifar/20260114184203_default_acc=53.50/tensorboard/Grad_mlp.fc2.lora_B_block_0/events.out.tfevents.1768387349.master-192-168-8-48.1680.8,mlp.fc2.lora_B,0
1768387477.6979196,298,9.34375,0.2513692378997803,Grad/mlp.fc2.lora_B,outputs_dev/vitb16/T=vtab_Q=3bit_L=lora_2_qkv-fc1-proj-fc2/cifar/20260114184203_default_acc=53.50/tensorboard/Grad_mlp.fc2.lora_B_block_0/events.out.tfevents.1768387349.master-192-168-8-48.1680.8,mlp.fc2.lora_B,0
1768387478.1246924,299,9.375,0.20203189551830292,Grad/mlp.fc2.lora_B,outputs_dev/vitb16/T=vtab_Q=3bit_L=lora_2_qkv-fc1-proj-fc2/cifar/20260114184203_default_acc=53.50/tensorboard/Grad_mlp.fc2.lora_B_block_0/events.out.tfevents.1768387349.master-192-168-8-48.1680.8,mlp.fc2.lora_B,0
1768387478.5500293,300,9.40625,0.20071426033973694,Grad/mlp.fc2.lora_B,outputs_dev/vitb16/T=vtab_Q=3bit_L=lora_2_qkv-fc1-proj-fc2/cifar/20260114184203_default_acc=53.50/tensorboard/Grad_mlp.fc2.lora_B_block_0/events.out.tfevents.1768387349.master-192-168-8-48.1680.8,mlp.fc2.lora_B,0
1768387478.975601,301,9.4375,0.21213679015636444,Grad/mlp.fc2.lora_B,outputs_dev/vitb16/T=vtab_Q=3bit_L=lora_2_qkv-fc1-proj-fc2/cifar/20260114184203_default_acc=53.50/tensorboard/Grad_mlp.fc2.lora_B_block_0/events.out.tfevents.1768387349.master-192-168-8-48.1680.8,mlp.fc2.lora_B,0
1768387479.4048789,302,9.46875,0.16436877846717834,Grad/mlp.fc2.lora_B,outputs_dev/vitb16/T=vtab_Q=3bit_L=lora_2_qkv-fc1-proj-fc2/cifar/20260114184203_default_acc=53.50/tensorboard/Grad_mlp.fc2.lora_B_block_0/events.out.tfevents.1768387349.master-192-168-8-48.1680.8,mlp.fc2.lora_B,0
1768387479.8434105,303,9.5,0.32883694767951965,Grad/mlp.fc2.lora_B,outputs_dev/vitb16/T=vtab_Q=3bit_L=lora_2_qkv-fc1-proj-fc2/cifar/20260114184203_default_acc=53.50/tensorboard/Grad_mlp.fc2.lora_B_block_0/events.out.tfevents.1768387349.master-192-168-8-48.1680.8,mlp.fc2.lora_B,0
1768387480.2802763,304,9.53125,0.2533285915851593,Grad/mlp.fc2.lora_B,outputs_dev/vitb16/T=vtab_Q=3bit_L=lora_2_qkv-fc1-proj-fc2/cifar/20260114184203_default_acc=53.50/tensorboard/Grad_mlp.fc2.lora_B_block_0/events.out.tfevents.1768387349.master-192-168-8-48.1680.8,mlp.fc2.lora_B,0
1768387480.7140281,305,9.5625,0.19211867451667786,Grad/mlp.fc2.lora_B,outputs_dev/vitb16/T=vtab_Q=3bit_L=lora_2_qkv-fc1-proj-fc2/cifar/20260114184203_default_acc=53.50/tensorboard/Grad_mlp.fc2.lora_B_block_0/events.out.tfevents.1768387349.master-192-168-8-48.1680.8,mlp.fc2.lora_B,0
1768387481.1360357,306,9.59375,0.17644476890563965,Grad/mlp.fc2.lora_B,outputs_dev/vitb16/T=vtab_Q=3bit_L=lora_2_qkv-fc1-proj-fc2/cifar/20260114184203_default_acc=53.50/tensorboard/Grad_mlp.fc2.lora_B_block_0/events.out.tfevents.1768387349.master-192-168-8-48.1680.8,mlp.fc2.lora_B,0
1768387481.5561724,307,9.625,0.1685950607061386,Grad/mlp.fc2.lora_B,outputs_dev/vitb16/T=vtab_Q=3bit_L=lora_2_qkv-fc1-proj-fc2/cifar/20260114184203_default_acc=53.50/tensorboard/Grad_mlp.fc2.lora_B_block_0/events.out.tfevents.1768387349.master-192-168-8-48.1680.8,mlp.fc2.lora_B,0
1768387481.9934006,308,9.65625,0.274585098028183,Grad/mlp.fc2.lora_B,outputs_dev/vitb16/T=vtab_Q=3bit_L=lora_2_qkv-fc1-proj-fc2/cifar/20260114184203_default_acc=53.50/tensorboard/Grad_mlp.fc2.lora_B_block_0/events.out.tfevents.1768387349.master-192-168-8-48.1680.8,mlp.fc2.lora_B,0
1768387482.4303875,309,9.6875,0.2208103984594345,Grad/mlp.fc2.lora_B,outputs_dev/vitb16/T=vtab_Q=3bit_L=lora_2_qkv-fc1-proj-fc2/cifar/20260114184203_default_acc=53.50/tensorboard/Grad_mlp.fc2.lora_B_block_0/events.out.tfevents.1768387349.master-192-168-8-48.1680.8,mlp.fc2.lora_B,0
1768387482.8667045,310,9.71875,0.22063201665878296,Grad/mlp.fc2.lora_B,outputs_dev/vitb16/T=vtab_Q=3bit_L=lora_2_qkv-fc1-proj-fc2/cifar/20260114184203_default_acc=53.50/tensorboard/Grad_mlp.fc2.lora_B_block_0/events.out.tfevents.1768387349.master-192-168-8-48.1680.8,mlp.fc2.lora_B,0
1768387483.2905107,311,9.75,0.27570396661758423,Grad/mlp.fc2.lora_B,outputs_dev/vitb16/T=vtab_Q=3bit_L=lora_2_qkv-fc1-proj-fc2/cifar/20260114184203_default_acc=53.50/tensorboard/Grad_mlp.fc2.lora_B_block_0/events.out.tfevents.1768387349.master-192-168-8-48.1680.8,mlp.fc2.lora_B,0
1768387483.7098882,312,9.78125,0.22194859385490417,Grad/mlp.fc2.lora_B,outputs_dev/vitb16/T=vtab_Q=3bit_L=lora_2_qkv-fc1-proj-fc2/cifar/20260114184203_default_acc=53.50/tensorboard/Grad_mlp.fc2.lora_B_block_0/events.out.tfevents.1768387349.master-192-168-8-48.1680.8,mlp.fc2.lora_B,0
1768387484.1314418,313,9.8125,0.4035252034664154,Grad/mlp.fc2.lora_B,outputs_dev/vitb16/T=vtab_Q=3bit_L=lora_2_qkv-fc1-proj-fc2/cifar/20260114184203_default_acc=53.50/tensorboard/Grad_mlp.fc2.lora_B_block_0/events.out.tfevents.1768387349.master-192-168-8-48.1680.8,mlp.fc2.lora_B,0
1768387484.5531716,314,9.84375,0.2748818099498749,Grad/mlp.fc2.lora_B,outputs_dev/vitb16/T=vtab_Q=3bit_L=lora_2_qkv-fc1-proj-fc2/cifar/20260114184203_default_acc=53.50/tensorboard/Grad_mlp.fc2.lora_B_block_0/events.out.tfevents.1768387349.master-192-168-8-48.1680.8,mlp.fc2.lora_B,0
1768387484.9828653,315,9.875,0.21074579656124115,Grad/mlp.fc2.lora_B,outputs_dev/vitb16/T=vtab_Q=3bit_L=lora_2_qkv-fc1-proj-fc2/cifar/20260114184203_default_acc=53.50/tensorboard/Grad_mlp.fc2.lora_B_block_0/events.out.tfevents.1768387349.master-192-168-8-48.1680.8,mlp.fc2.lora_B,0
1768387485.4167492,316,9.90625,0.23393259942531586,Grad/mlp.fc2.lora_B,outputs_dev/vitb16/T=vtab_Q=3bit_L=lora_2_qkv-fc1-proj-fc2/cifar/20260114184203_default_acc=53.50/tensorboard/Grad_mlp.fc2.lora_B_block_0/events.out.tfevents.1768387349.master-192-168-8-48.1680.8,mlp.fc2.lora_B,0
1768387485.8375325,317,9.9375,0.32926326990127563,Grad/mlp.fc2.lora_B,outputs_dev/vitb16/T=vtab_Q=3bit_L=lora_2_qkv-fc1-proj-fc2/cifar/20260114184203_default_acc=53.50/tensorboard/Grad_mlp.fc2.lora_B_block_0/events.out.tfevents.1768387349.master-192-168-8-48.1680.8,mlp.fc2.lora_B,0
1768387486.2737637,318,9.96875,0.2134706825017929,Grad/mlp.fc2.lora_B,outputs_dev/vitb16/T=vtab_Q=3bit_L=lora_2_qkv-fc1-proj-fc2/cifar/20260114184203_default_acc=53.50/tensorboard/Grad_mlp.fc2.lora_B_block_0/events.out.tfevents.1768387349.master-192-168-8-48.1680.8,mlp.fc2.lora_B,0
1768387486.4744341,319,10.0,0.36261799931526184,Grad/mlp.fc2.lora_B,outputs_dev/vitb16/T=vtab_Q=3bit_L=lora_2_qkv-fc1-proj-fc2/cifar/20260114184203_default_acc=53.50/tensorboard/Grad_mlp.fc2.lora_B_block_0/events.out.tfevents.1768387349.master-192-168-8-48.1680.8,mlp.fc2.lora_B,0
1768387487.1381476,320,10.03125,0.28878524899482727,Grad/mlp.fc2.lora_B,outputs_dev/vitb16/T=vtab_Q=3bit_L=lora_2_qkv-fc1-proj-fc2/cifar/20260114184203_default_acc=53.50/tensorboard/Grad_mlp.fc2.lora_B_block_0/events.out.tfevents.1768387349.master-192-168-8-48.1680.8,mlp.fc2.lora_B,0
1768387487.5843396,321,10.0625,0.1667879819869995,Grad/mlp.fc2.lora_B,outputs_dev/vitb16/T=vtab_Q=3bit_L=lora_2_qkv-fc1-proj-fc2/cifar/20260114184203_default_acc=53.50/tensorboard/Grad_mlp.fc2.lora_B_block_0/events.out.tfevents.1768387349.master-192-168-8-48.1680.8,mlp.fc2.lora_B,0
1768387488.0144975,322,10.09375,0.2663189172744751,Grad/mlp.fc2.lora_B,outputs_dev/vitb16/T=vtab_Q=3bit_L=lora_2_qkv-fc1-proj-fc2/cifar/20260114184203_default_acc=53.50/tensorboard/Grad_mlp.fc2.lora_B_block_0/events.out.tfevents.1768387349.master-192-168-8-48.1680.8,mlp.fc2.lora_B,0
1768387488.4396353,323,10.125,0.15569168329238892,Grad/mlp.fc2.lora_B,outputs_dev/vitb16/T=vtab_Q=3bit_L=lora_2_qkv-fc1-proj-fc2/cifar/20260114184203_default_acc=53.50/tensorboard/Grad_mlp.fc2.lora_B_block_0/events.out.tfevents.1768387349.master-192-168-8-48.1680.8,mlp.fc2.lora_B,0
1768387488.8814662,324,10.15625,0.19305723905563354,Grad/mlp.fc2.lora_B,outputs_dev/vitb16/T=vtab_Q=3bit_L=lora_2_qkv-fc1-proj-fc2/cifar/20260114184203_default_acc=53.50/tensorboard/Grad_mlp.fc2.lora_B_block_0/events.out.tfevents.1768387349.master-192-168-8-48.1680.8,mlp.fc2.lora_B,0
1768387489.3017461,325,10.1875,0.2015141099691391,Grad/mlp.fc2.lora_B,outputs_dev/vitb16/T=vtab_Q=3bit_L=lora_2_qkv-fc1-proj-fc2/cifar/20260114184203_default_acc=53.50/tensorboard/Grad_mlp.fc2.lora_B_block_0/events.out.tfevents.1768387349.master-192-168-8-48.1680.8,mlp.fc2.lora_B,0
1768387489.7228487,326,10.21875,0.25000402331352234,Grad/mlp.fc2.lora_B,outputs_dev/vitb16/T=vtab_Q=3bit_L=lora_2_qkv-fc1-proj-fc2/cifar/20260114184203_default_acc=53.50/tensorboard/Grad_mlp.fc2.lora_B_block_0/events.out.tfevents.1768387349.master-192-168-8-48.1680.8,mlp.fc2.lora_B,0
1768387490.1464245,327,10.25,0.242279514670372,Grad/mlp.fc2.lora_B,outputs_dev/vitb16/T=vtab_Q=3bit_L=lora_2_qkv-fc1-proj-fc2/cifar/20260114184203_default_acc=53.50/tensorboard/Grad_mlp.fc2.lora_B_block_0/events.out.tfevents.1768387349.master-192-168-8-48.1680.8,mlp.fc2.lora_B,0
1768387490.6007266,328,10.28125,0.2500435709953308,Grad/mlp.fc2.lora_B,outputs_dev/vitb16/T=vtab_Q=3bit_L=lora_2_qkv-fc1-proj-fc2/cifar/20260114184203_default_acc=53.50/tensorboard/Grad_mlp.fc2.lora_B_block_0/events.out.tfevents.1768387349.master-192-168-8-48.1680.8,mlp.fc2.lora_B,0
1768387491.0262907,329,10.3125,0.19582146406173706,Grad/mlp.fc2.lora_B,outputs_dev/vitb16/T=vtab_Q=3bit_L=lora_2_qkv-fc1-proj-fc2/cifar/20260114184203_default_acc=53.50/tensorboard/Grad_mlp.fc2.lora_B_block_0/events.out.tfevents.1768387349.master-192-168-8-48.1680.8,mlp.fc2.lora_B,0
1768387491.4495068,330,10.34375,0.19201228022575378,Grad/mlp.fc2.lora_B,outputs_dev/vitb16/T=vtab_Q=3bit_L=lora_2_qkv-fc1-proj-fc2/cifar/20260114184203_default_acc=53.50/tensorboard/Grad_mlp.fc2.lora_B_block_0/events.out.tfevents.1768387349.master-192-168-8-48.1680.8,mlp.fc2.lora_B,0
1768387491.8736837,331,10.375,0.32113397121429443,Grad/mlp.fc2.lora_B,outputs_dev/vitb16/T=vtab_Q=3bit_L=lora_2_qkv-fc1-proj-fc2/cifar/20260114184203_default_acc=53.50/tensorboard/Grad_mlp.fc2.lora_B_block_0/events.out.tfevents.1768387349.master-192-168-8-48.1680.8,mlp.fc2.lora_B,0
1768387492.297472,332,10.40625,0.2562362849712372,Grad/mlp.fc2.lora_B,outputs_dev/vitb16/T=vtab_Q=3bit_L=lora_2_qkv-fc1-proj-fc2/cifar/20260114184203_default_acc=53.50/tensorboard/Grad_mlp.fc2.lora_B_block_0/events.out.tfevents.1768387349.master-192-168-8-48.1680.8,mlp.fc2.lora_B,0
1768387492.720841,333,10.4375,0.26347169280052185,Grad/mlp.fc2.lora_B,outputs_dev/vitb16/T=vtab_Q=3bit_L=lora_2_qkv-fc1-proj-fc2/cifar/20260114184203_default_acc=53.50/tensorboard/Grad_mlp.fc2.lora_B_block_0/events.out.tfevents.1768387349.master-192-168-8-48.1680.8,mlp.fc2.lora_B,0
1768387493.142022,334,10.46875,0.23037970066070557,Grad/mlp.fc2.lora_B,outputs_dev/vitb16/T=vtab_Q=3bit_L=lora_2_qkv-fc1-proj-fc2/cifar/20260114184203_default_acc=53.50/tensorboard/Grad_mlp.fc2.lora_B_block_0/events.out.tfevents.1768387349.master-192-168-8-48.1680.8,mlp.fc2.lora_B,0
1768387493.5642424,335,10.5,0.1763184666633606,Grad/mlp.fc2.lora_B,outputs_dev/vitb16/T=vtab_Q=3bit_L=lora_2_qkv-fc1-proj-fc2/cifar/20260114184203_default_acc=53.50/tensorboard/Grad_mlp.fc2.lora_B_block_0/events.out.tfevents.1768387349.master-192-168-8-48.1680.8,mlp.fc2.lora_B,0
1768387493.9910915,336,10.53125,0.17280234396457672,Grad/mlp.fc2.lora_B,outputs_dev/vitb16/T=vtab_Q=3bit_L=lora_2_qkv-fc1-proj-fc2/cifar/20260114184203_default_acc=53.50/tensorboard/Grad_mlp.fc2.lora_B_block_0/events.out.tfevents.1768387349.master-192-168-8-48.1680.8,mlp.fc2.lora_B,0
1768387494.4251714,337,10.5625,0.24671514332294464,Grad/mlp.fc2.lora_B,outputs_dev/vitb16/T=vtab_Q=3bit_L=lora_2_qkv-fc1-proj-fc2/cifar/20260114184203_default_acc=53.50/tensorboard/Grad_mlp.fc2.lora_B_block_0/events.out.tfevents.1768387349.master-192-168-8-48.1680.8,mlp.fc2.lora_B,0
1768387494.8475654,338,10.59375,0.20682188868522644,Grad/mlp.fc2.lora_B,outputs_dev/vitb16/T=vtab_Q=3bit_L=lora_2_qkv-fc1-proj-fc2/cifar/20260114184203_default_acc=53.50/tensorboard/Grad_mlp.fc2.lora_B_block_0/events.out.tfevents.1768387349.master-192-168-8-48.1680.8,mlp.fc2.lora_B,0
1768387495.2854881,339,10.625,0.24176138639450073,Grad/mlp.fc2.lora_B,outputs_dev/vitb16/T=vtab_Q=3bit_L=lora_2_qkv-fc1-proj-fc2/cifar/20260114184203_default_acc=53.50/tensorboard/Grad_mlp.fc2.lora_B_block_0/events.out.tfevents.1768387349.master-192-168-8-48.1680.8,mlp.fc2.lora_B,0
1768387495.713141,340,10.65625,0.16180771589279175,Grad/mlp.fc2.lora_B,outputs_dev/vitb16/T=vtab_Q=3bit_L=lora_2_qkv-fc1-proj-fc2/cifar/20260114184203_default_acc=53.50/tensorboard/Grad_mlp.fc2.lora_B_block_0/events.out.tfevents.1768387349.master-192-168-8-48.1680.8,mlp.fc2.lora_B,0
1768387496.149987,341,10.6875,0.2556091547012329,Grad/mlp.fc2.lora_B,outputs_dev/vitb16/T=vtab_Q=3bit_L=lora_2_qkv-fc1-proj-fc2/cifar/20260114184203_default_acc=53.50/tensorboard/Grad_mlp.fc2.lora_B_block_0/events.out.tfevents.1768387349.master-192-168-8-48.1680.8,mlp.fc2.lora_B,0
1768387496.5858307,342,10.71875,0.2541055381298065,Grad/mlp.fc2.lora_B,outputs_dev/vitb16/T=vtab_Q=3bit_L=lora_2_qkv-fc1-proj-fc2/cifar/20260114184203_default_acc=53.50/tensorboard/Grad_mlp.fc2.lora_B_block_0/events.out.tfevents.1768387349.master-192-168-8-48.1680.8,mlp.fc2.lora_B,0
1768387497.0086272,343,10.75,0.2111600935459137,Grad/mlp.fc2.lora_B,outputs_dev/vitb16/T=vtab_Q=3bit_L=lora_2_qkv-fc1-proj-fc2/cifar/20260114184203_default_acc=53.50/tensorboard/Grad_mlp.fc2.lora_B_block_0/events.out.tfevents.1768387349.master-192-168-8-48.1680.8,mlp.fc2.lora_B,0
1768387497.4466536,344,10.78125,0.16743750870227814,Grad/mlp.fc2.lora_B,outputs_dev/vitb16/T=vtab_Q=3bit_L=lora_2_qkv-fc1-proj-fc2/cifar/20260114184203_default_acc=53.50/tensorboard/Grad_mlp.fc2.lora_B_block_0/events.out.tfevents.1768387349.master-192-168-8-48.1680.8,mlp.fc2.lora_B,0
1768387497.8708036,345,10.8125,0.16640880703926086,Grad/mlp.fc2.lora_B,outputs_dev/vitb16/T=vtab_Q=3bit_L=lora_2_qkv-fc1-proj-fc2/cifar/20260114184203_default_acc=53.50/tensorboard/Grad_mlp.fc2.lora_B_block_0/events.out.tfevents.1768387349.master-192-168-8-48.1680.8,mlp.fc2.lora_B,0
1768387498.296024,346,10.84375,0.1985112726688385,Grad/mlp.fc2.lora_B,outputs_dev/vitb16/T=vtab_Q=3bit_L=lora_2_qkv-fc1-proj-fc2/cifar/20260114184203_default_acc=53.50/tensorboard/Grad_mlp.fc2.lora_B_block_0/events.out.tfevents.1768387349.master-192-168-8-48.1680.8,mlp.fc2.lora_B,0
1768387498.7199855,347,10.875,0.2931937277317047,Grad/mlp.fc2.lora_B,outputs_dev/vitb16/T=vtab_Q=3bit_L=lora_2_qkv-fc1-proj-fc2/cifar/20260114184203_default_acc=53.50/tensorboard/Grad_mlp.fc2.lora_B_block_0/events.out.tfevents.1768387349.master-192-168-8-48.1680.8,mlp.fc2.lora_B,0
1768387499.143443,348,10.90625,0.19089223444461823,Grad/mlp.fc2.lora_B,outputs_dev/vitb16/T=vtab_Q=3bit_L=lora_2_qkv-fc1-proj-fc2/cifar/20260114184203_default_acc=53.50/tensorboard/Grad_mlp.fc2.lora_B_block_0/events.out.tfevents.1768387349.master-192-168-8-48.1680.8,mlp.fc2.lora_B,0
1768387499.56455,349,10.9375,0.21712373197078705,Grad/mlp.fc2.lora_B,outputs_dev/vitb16/T=vtab_Q=3bit_L=lora_2_qkv-fc1-proj-fc2/cifar/20260114184203_default_acc=53.50/tensorboard/Grad_mlp.fc2.lora_B_block_0/events.out.tfevents.1768387349.master-192-168-8-48.1680.8,mlp.fc2.lora_B,0
1768387499.989672,350,10.96875,0.259384423494339,Grad/mlp.fc2.lora_B,outputs_dev/vitb16/T=vtab_Q=3bit_L=lora_2_qkv-fc1-proj-fc2/cifar/20260114184203_default_acc=53.50/tensorboard/Grad_mlp.fc2.lora_B_block_0/events.out.tfevents.1768387349.master-192-168-8-48.1680.8,mlp.fc2.lora_B,0
1768387500.214402,351,11.0,0.5930812954902649,Grad/mlp.fc2.lora_B,outputs_dev/vitb16/T=vtab_Q=3bit_L=lora_2_qkv-fc1-proj-fc2/cifar/20260114184203_default_acc=53.50/tensorboard/Grad_mlp.fc2.lora_B_block_0/events.out.tfevents.1768387349.master-192-168-8-48.1680.8,mlp.fc2.lora_B,0
1768387617.6236072,352,11.03125,0.40828272700309753,Grad/mlp.fc2.lora_B,outputs_dev/vitb16/T=vtab_Q=3bit_L=lora_2_qkv-fc1-proj-fc2/cifar/20260114184203_default_acc=53.50/tensorboard/Grad_mlp.fc2.lora_B_block_0/events.out.tfevents.1768387349.master-192-168-8-48.1680.8,mlp.fc2.lora_B,0
1768387618.0528972,353,11.0625,0.17729414999485016,Grad/mlp.fc2.lora_B,outputs_dev/vitb16/T=vtab_Q=3bit_L=lora_2_qkv-fc1-proj-fc2/cifar/20260114184203_default_acc=53.50/tensorboard/Grad_mlp.fc2.lora_B_block_0/events.out.tfevents.1768387349.master-192-168-8-48.1680.8,mlp.fc2.lora_B,0
1768387618.490588,354,11.09375,0.24213746190071106,Grad/mlp.fc2.lora_B,outputs_dev/vitb16/T=vtab_Q=3bit_L=lora_2_qkv-fc1-proj-fc2/cifar/20260114184203_default_acc=53.50/tensorboard/Grad_mlp.fc2.lora_B_block_0/events.out.tfevents.1768387349.master-192-168-8-48.1680.8,mlp.fc2.lora_B,0
1768387618.9467058,355,11.125,0.1999613344669342,Grad/mlp.fc2.lora_B,outputs_dev/vitb16/T=vtab_Q=3bit_L=lora_2_qkv-fc1-proj-fc2/cifar/20260114184203_default_acc=53.50/tensorboard/Grad_mlp.fc2.lora_B_block_0/events.out.tfevents.1768387349.master-192-168-8-48.1680.8,mlp.fc2.lora_B,0
1768387619.3900971,356,11.15625,0.2635769844055176,Grad/mlp.fc2.lora_B,outputs_dev/vitb16/T=vtab_Q=3bit_L=lora_2_qkv-fc1-proj-fc2/cifar/20260114184203_default_acc=53.50/tensorboard/Grad_mlp.fc2.lora_B_block_0/events.out.tfevents.1768387349.master-192-168-8-48.1680.8,mlp.fc2.lora_B,0
1768387619.8260078,357,11.1875,0.17895416915416718,Grad/mlp.fc2.lora_B,outputs_dev/vitb16/T=vtab_Q=3bit_L=lora_2_qkv-fc1-proj-fc2/cifar/20260114184203_default_acc=53.50/tensorboard/Grad_mlp.fc2.lora_B_block_0/events.out.tfevents.1768387349.master-192-168-8-48.1680.8,mlp.fc2.lora_B,0
1768387620.2596755,358,11.21875,0.19766584038734436,Grad/mlp.fc2.lora_B,outputs_dev/vitb16/T=vtab_Q=3bit_L=lora_2_qkv-fc1-proj-fc2/cifar/20260114184203_default_acc=53.50/tensorboard/Grad_mlp.fc2.lora_B_block_0/events.out.tfevents.1768387349.master-192-168-8-48.1680.8,mlp.fc2.lora_B,0
1768387620.6843514,359,11.25,0.2129547894001007,Grad/mlp.fc2.lora_B,outputs_dev/vitb16/T=vtab_Q=3bit_L=lora_2_qkv-fc1-proj-fc2/cifar/20260114184203_default_acc=53.50/tensorboard/Grad_mlp.fc2.lora_B_block_0/events.out.tfevents.1768387349.master-192-168-8-48.1680.8,mlp.fc2.lora_B,0
1768387621.1114209,360,11.28125,0.23186057806015015,Grad/mlp.fc2.lora_B,outputs_dev/vitb16/T=vtab_Q=3bit_L=lora_2_qkv-fc1-proj-fc2/cifar/20260114184203_default_acc=53.50/tensorboard/Grad_mlp.fc2.lora_B_block_0/events.out.tfevents.1768387349.master-192-168-8-48.1680.8,mlp.fc2.lora_B,0
1768387621.5388181,361,11.3125,0.21562449634075165,Grad/mlp.fc2.lora_B,outputs_dev/vitb16/T=vtab_Q=3bit_L=lora_2_qkv-fc1-proj-fc2/cifar/20260114184203_default_acc=53.50/tensorboard/Grad_mlp.fc2.lora_B_block_0/events.out.tfevents.1768387349.master-192-168-8-48.1680.8,mlp.fc2.lora_B,0
1768387621.9808118,362,11.34375,0.23707519471645355,Grad/mlp.fc2.lora_B,outputs_dev/vitb16/T=vtab_Q=3bit_L=lora_2_qkv-fc1-proj-fc2/cifar/20260114184203_default_acc=53.50/tensorboard/Grad_mlp.fc2.lora_B_block_0/events.out.tfevents.1768387349.master-192-168-8-48.1680.8,mlp.fc2.lora_B,0
1768387622.4065301,363,11.375,0.18127506971359253,Grad/mlp.fc2.lora_B,outputs_dev/vitb16/T=vtab_Q=3bit_L=lora_2_qkv-fc1-proj-fc2/cifar/20260114184203_default_acc=53.50/tensorboard/Grad_mlp.fc2.lora_B_block_0/events.out.tfevents.1768387349.master-192-168-8-48.1680.8,mlp.fc2.lora_B,0
1768387622.8290448,364,11.40625,0.3464575409889221,Grad/mlp.fc2.lora_B,outputs_dev/vitb16/T=vtab_Q=3bit_L=lora_2_qkv-fc1-proj-fc2/cifar/20260114184203_default_acc=53.50/tensorboard/Grad_mlp.fc2.lora_B_block_0/events.out.tfevents.1768387349.master-192-168-8-48.1680.8,mlp.fc2.lora_B,0
1768387623.2513847,365,11.4375,0.19333232939243317,Grad/mlp.fc2.lora_B,outputs_dev/vitb16/T=vtab_Q=3bit_L=lora_2_qkv-fc1-proj-fc2/cifar/20260114184203_default_acc=53.50/tensorboard/Grad_mlp.fc2.lora_B_block_0/events.out.tfevents.1768387349.master-192-168-8-48.1680.8,mlp.fc2.lora_B,0
1768387623.6754262,366,11.46875,0.20659737288951874,Grad/mlp.fc2.lora_B,outputs_dev/vitb16/T=vtab_Q=3bit_L=lora_2_qkv-fc1-proj-fc2/cifar/20260114184203_default_acc=53.50/tensorboard/Grad_mlp.fc2.lora_B_block_0/events.out.tfevents.1768387349.master-192-168-8-48.1680.8,mlp.fc2.lora_B,0
1768387624.1085224,367,11.5,0.4174584150314331,Grad/mlp.fc2.lora_B,outputs_dev/vitb16/T=vtab_Q=3bit_L=lora_2_qkv-fc1-proj-fc2/cifar/20260114184203_default_acc=53.50/tensorboard/Grad_mlp.fc2.lora_B_block_0/events.out.tfevents.1768387349.master-192-168-8-48.1680.8,mlp.fc2.lora_B,0
1768387624.5480335,368,11.53125,0.2282579243183136,Grad/mlp.fc2.lora_B,outputs_dev/vitb16/T=vtab_Q=3bit_L=lora_2_qkv-fc1-proj-fc2/cifar/20260114184203_default_acc=53.50/tensorboard/Grad_mlp.fc2.lora_B_block_0/events.out.tfevents.1768387349.master-192-168-8-48.1680.8,mlp.fc2.lora_B,0
1768387624.98259,369,11.5625,0.21622531116008759,Grad/mlp.fc2.lora_B,outputs_dev/vitb16/T=vtab_Q=3bit_L=lora_2_qkv-fc1-proj-fc2/cifar/20260114184203_default_acc=53.50/tensorboard/Grad_mlp.fc2.lora_B_block_0/events.out.tfevents.1768387349.master-192-168-8-48.1680.8,mlp.fc2.lora_B,0
1768387625.4034145,370,11.59375,0.1710493564605713,Grad/mlp.fc2.lora_B,outputs_dev/vitb16/T=vtab_Q=3bit_L=lora_2_qkv-fc1-proj-fc2/cifar/20260114184203_default_acc=53.50/tensorboard/Grad_mlp.fc2.lora_B_block_0/events.out.tfevents.1768387349.master-192-168-8-48.1680.8,mlp.fc2.lora_B,0
1768387625.8395598,371,11.625,0.2231818437576294,Grad/mlp.fc2.lora_B,outputs_dev/vitb16/T=vtab_Q=3bit_L=lora_2_qkv-fc1-proj-fc2/cifar/20260114184203_default_acc=53.50/tensorboard/Grad_mlp.fc2.lora_B_block_0/events.out.tfevents.1768387349.master-192-168-8-48.1680.8,mlp.fc2.lora_B,0
1768387626.2734056,372,11.65625,0.2555636167526245,Grad/mlp.fc2.lora_B,outputs_dev/vitb16/T=vtab_Q=3bit_L=lora_2_qkv-fc1-proj-fc2/cifar/20260114184203_default_acc=53.50/tensorboard/Grad_mlp.fc2.lora_B_block_0/events.out.tfevents.1768387349.master-192-168-8-48.1680.8,mlp.fc2.lora_B,0
1768387626.7106466,373,11.6875,0.2705216109752655,Grad/mlp.fc2.lora_B,outputs_dev/vitb16/T=vtab_Q=3bit_L=lora_2_qkv-fc1-proj-fc2/cifar/20260114184203_default_acc=53.50/tensorboard/Grad_mlp.fc2.lora_B_block_0/events.out.tfevents.1768387349.master-192-168-8-48.1680.8,mlp.fc2.lora_B,0
1768387627.132039,374,11.71875,0.19817736744880676,Grad/mlp.fc2.lora_B,outputs_dev/vitb16/T=vtab_Q=3bit_L=lora_2_qkv-fc1-proj-fc2/cifar/20260114184203_default_acc=53.50/tensorboard/Grad_mlp.fc2.lora_B_block_0/events.out.tfevents.1768387349.master-192-168-8-48.1680.8,mlp.fc2.lora_B,0
1768387627.5536542,375,11.75,0.281301349401474,Grad/mlp.fc2.lora_B,outputs_dev/vitb16/T=vtab_Q=3bit_L=lora_2_qkv-fc1-proj-fc2/cifar/20260114184203_default_acc=53.50/tensorboard/Grad_mlp.fc2.lora_B_block_0/events.out.tfevents.1768387349.master-192-168-8-48.1680.8,mlp.fc2.lora_B,0
1768387627.9753935,376,11.78125,0.22723202407360077,Grad/mlp.fc2.lora_B,outputs_dev/vitb16/T=vtab_Q=3bit_L=lora_2_qkv-fc1-proj-fc2/cifar/20260114184203_default_acc=53.50/tensorboard/Grad_mlp.fc2.lora_B_block_0/events.out.tfevents.1768387349.master-192-168-8-48.1680.8,mlp.fc2.lora_B,0
1768387628.3964887,377,11.8125,0.32060208916664124,Grad/mlp.fc2.lora_B,outputs_dev/vitb16/T=vtab_Q=3bit_L=lora_2_qkv-fc1-proj-fc2/cifar/20260114184203_default_acc=53.50/tensorboard/Grad_mlp.fc2.lora_B_block_0/events.out.tfevents.1768387349.master-192-168-8-48.1680.8,mlp.fc2.lora_B,0
1768387628.8324022,378,11.84375,0.22867386043071747,Grad/mlp.fc2.lora_B,outputs_dev/vitb16/T=vtab_Q=3bit_L=lora_2_qkv-fc1-proj-fc2/cifar/20260114184203_default_acc=53.50/tensorboard/Grad_mlp.fc2.lora_B_block_0/events.out.tfevents.1768387349.master-192-168-8-48.1680.8,mlp.fc2.lora_B,0
1768387629.2497551,379,11.875,0.22171172499656677,Grad/mlp.fc2.lora_B,outputs_dev/vitb16/T=vtab_Q=3bit_L=lora_2_qkv-fc1-proj-fc2/cifar/20260114184203_default_acc=53.50/tensorboard/Grad_mlp.fc2.lora_B_block_0/events.out.tfevents.1768387349.master-192-168-8-48.1680.8,mlp.fc2.lora_B,0
1768387629.6878424,380,11.90625,0.2359199970960617,Grad/mlp.fc2.lora_B,outputs_dev/vitb16/T=vtab_Q=3bit_L=lora_2_qkv-fc1-proj-fc2/cifar/20260114184203_default_acc=53.50/tensorboard/Grad_mlp.fc2.lora_B_block_0/events.out.tfevents.1768387349.master-192-168-8-48.1680.8,mlp.fc2.lora_B,0
1768387630.1234307,381,11.9375,0.29523444175720215,Grad/mlp.fc2.lora_B,outputs_dev/vitb16/T=vtab_Q=3bit_L=lora_2_qkv-fc1-proj-fc2/cifar/20260114184203_default_acc=53.50/tensorboard/Grad_mlp.fc2.lora_B_block_0/events.out.tfevents.1768387349.master-192-168-8-48.1680.8,mlp.fc2.lora_B,0
1768387630.5614316,382,11.96875,0.23201733827590942,Grad/mlp.fc2.lora_B,outputs_dev/vitb16/T=vtab_Q=3bit_L=lora_2_qkv-fc1-proj-fc2/cifar/20260114184203_default_acc=53.50/tensorboard/Grad_mlp.fc2.lora_B_block_0/events.out.tfevents.1768387349.master-192-168-8-48.1680.8,mlp.fc2.lora_B,0
1768387630.7839649,383,12.0,0.5253077149391174,Grad/mlp.fc2.lora_B,outputs_dev/vitb16/T=vtab_Q=3bit_L=lora_2_qkv-fc1-proj-fc2/cifar/20260114184203_default_acc=53.50/tensorboard/Grad_mlp.fc2.lora_B_block_0/events.out.tfevents.1768387349.master-192-168-8-48.1680.8,mlp.fc2.lora_B,0
1768387631.4996386,384,12.03125,0.2946886420249939,Grad/mlp.fc2.lora_B,outputs_dev/vitb16/T=vtab_Q=3bit_L=lora_2_qkv-fc1-proj-fc2/cifar/20260114184203_default_acc=53.50/tensorboard/Grad_mlp.fc2.lora_B_block_0/events.out.tfevents.1768387349.master-192-168-8-48.1680.8,mlp.fc2.lora_B,0
1768387631.947418,385,12.0625,0.25126564502716064,Grad/mlp.fc2.lora_B,outputs_dev/vitb16/T=vtab_Q=3bit_L=lora_2_qkv-fc1-proj-fc2/cifar/20260114184203_default_acc=53.50/tensorboard/Grad_mlp.fc2.lora_B_block_0/events.out.tfevents.1768387349.master-192-168-8-48.1680.8,mlp.fc2.lora_B,0
1768387632.3782163,386,12.09375,0.34263482689857483,Grad/mlp.fc2.lora_B,outputs_dev/vitb16/T=vtab_Q=3bit_L=lora_2_qkv-fc1-proj-fc2/cifar/20260114184203_default_acc=53.50/tensorboard/Grad_mlp.fc2.lora_B_block_0/events.out.tfevents.1768387349.master-192-168-8-48.1680.8,mlp.fc2.lora_B,0
1768387632.8033402,387,12.125,0.48079949617385864,Grad/mlp.fc2.lora_B,outputs_dev/vitb16/T=vtab_Q=3bit_L=lora_2_qkv-fc1-proj-fc2/cifar/20260114184203_default_acc=53.50/tensorboard/Grad_mlp.fc2.lora_B_block_0/events.out.tfevents.1768387349.master-192-168-8-48.1680.8,mlp.fc2.lora_B,0
1768387633.2257369,388,12.15625,0.5987057685852051,Grad/mlp.fc2.lora_B,outputs_dev/vitb16/T=vtab_Q=3bit_L=lora_2_qkv-fc1-proj-fc2/cifar/20260114184203_default_acc=53.50/tensorboard/Grad_mlp.fc2.lora_B_block_0/events.out.tfevents.1768387349.master-192-168-8-48.1680.8,mlp.fc2.lora_B,0
1768387633.6708524,389,12.1875,0.24207893013954163,Grad/mlp.fc2.lora_B,outputs_dev/vitb16/T=vtab_Q=3bit_L=lora_2_qkv-fc1-proj-fc2/cifar/20260114184203_default_acc=53.50/tensorboard/Grad_mlp.fc2.lora_B_block_0/events.out.tfevents.1768387349.master-192-168-8-48.1680.8,mlp.fc2.lora_B,0
1768387634.1083484,390,12.21875,0.29618701338768005,Grad/mlp.fc2.lora_B,outputs_dev/vitb16/T=vtab_Q=3bit_L=lora_2_qkv-fc1-proj-fc2/cifar/20260114184203_default_acc=53.50/tensorboard/Grad_mlp.fc2.lora_B_block_0/events.out.tfevents.1768387349.master-192-168-8-48.1680.8,mlp.fc2.lora_B,0
1768387634.532903,391,12.25,0.1711355298757553,Grad/mlp.fc2.lora_B,outputs_dev/vitb16/T=vtab_Q=3bit_L=lora_2_qkv-fc1-proj-fc2/cifar/20260114184203_default_acc=53.50/tensorboard/Grad_mlp.fc2.lora_B_block_0/events.out.tfevents.1768387349.master-192-168-8-48.1680.8,mlp.fc2.lora_B,0
1768387634.9545798,392,12.28125,0.2580781579017639,Grad/mlp.fc2.lora_B,outputs_dev/vitb16/T=vtab_Q=3bit_L=lora_2_qkv-fc1-proj-fc2/cifar/20260114184203_default_acc=53.50/tensorboard/Grad_mlp.fc2.lora_B_block_0/events.out.tfevents.1768387349.master-192-168-8-48.1680.8,mlp.fc2.lora_B,0
1768387635.3891602,393,12.3125,0.5453850030899048,Grad/mlp.fc2.lora_B,outputs_dev/vitb16/T=vtab_Q=3bit_L=lora_2_qkv-fc1-proj-fc2/cifar/20260114184203_default_acc=53.50/tensorboard/Grad_mlp.fc2.lora_B_block_0/events.out.tfevents.1768387349.master-192-168-8-48.1680.8,mlp.fc2.lora_B,0
1768387635.8243926,394,12.34375,0.2285793274641037,Grad/mlp.fc2.lora_B,outputs_dev/vitb16/T=vtab_Q=3bit_L=lora_2_qkv-fc1-proj-fc2/cifar/20260114184203_default_acc=53.50/tensorboard/Grad_mlp.fc2.lora_B_block_0/events.out.tfevents.1768387349.master-192-168-8-48.1680.8,mlp.fc2.lora_B,0
1768387636.2604723,395,12.375,0.2338232845067978,Grad/mlp.fc2.lora_B,outputs_dev/vitb16/T=vtab_Q=3bit_L=lora_2_qkv-fc1-proj-fc2/cifar/20260114184203_default_acc=53.50/tensorboard/Grad_mlp.fc2.lora_B_block_0/events.out.tfevents.1768387349.master-192-168-8-48.1680.8,mlp.fc2.lora_B,0
1768387636.6825106,396,12.40625,0.23534418642520905,Grad/mlp.fc2.lora_B,outputs_dev/vitb16/T=vtab_Q=3bit_L=lora_2_qkv-fc1-proj-fc2/cifar/20260114184203_default_acc=53.50/tensorboard/Grad_mlp.fc2.lora_B_block_0/events.out.tfevents.1768387349.master-192-168-8-48.1680.8,mlp.fc2.lora_B,0
1768387637.106022,397,12.4375,0.32086995244026184,Grad/mlp.fc2.lora_B,outputs_dev/vitb16/T=vtab_Q=3bit_L=lora_2_qkv-fc1-proj-fc2/cifar/20260114184203_default_acc=53.50/tensorboard/Grad_mlp.fc2.lora_B_block_0/events.out.tfevents.1768387349.master-192-168-8-48.1680.8,mlp.fc2.lora_B,0
1768387637.5415285,398,12.46875,0.2693328261375427,Grad/mlp.fc2.lora_B,outputs_dev/vitb16/T=vtab_Q=3bit_L=lora_2_qkv-fc1-proj-fc2/cifar/20260114184203_default_acc=53.50/tensorboard/Grad_mlp.fc2.lora_B_block_0/events.out.tfevents.1768387349.master-192-168-8-48.1680.8,mlp.fc2.lora_B,0
1768387637.979047,399,12.5,0.2721097767353058,Grad/mlp.fc2.lora_B,outputs_dev/vitb16/T=vtab_Q=3bit_L=lora_2_qkv-fc1-proj-fc2/cifar/20260114184203_default_acc=53.50/tensorboard/Grad_mlp.fc2.lora_B_block_0/events.out.tfevents.1768387349.master-192-168-8-48.1680.8,mlp.fc2.lora_B,0
1768387638.4127584,400,12.53125,0.19332459568977356,Grad/mlp.fc2.lora_B,outputs_dev/vitb16/T=vtab_Q=3bit_L=lora_2_qkv-fc1-proj-fc2/cifar/20260114184203_default_acc=53.50/tensorboard/Grad_mlp.fc2.lora_B_block_0/events.out.tfevents.1768387349.master-192-168-8-48.1680.8,mlp.fc2.lora_B,0
1768387638.8459966,401,12.5625,0.1779773086309433,Grad/mlp.fc2.lora_B,outputs_dev/vitb16/T=vtab_Q=3bit_L=lora_2_qkv-fc1-proj-fc2/cifar/20260114184203_default_acc=53.50/tensorboard/Grad_mlp.fc2.lora_B_block_0/events.out.tfevents.1768387349.master-192-168-8-48.1680.8,mlp.fc2.lora_B,0
1768387639.267776,402,12.59375,0.18326358497142792,Grad/mlp.fc2.lora_B,outputs_dev/vitb16/T=vtab_Q=3bit_L=lora_2_qkv-fc1-proj-fc2/cifar/20260114184203_default_acc=53.50/tensorboard/Grad_mlp.fc2.lora_B_block_0/events.out.tfevents.1768387349.master-192-168-8-48.1680.8,mlp.fc2.lora_B,0
1768387639.70834,403,12.625,0.24030432105064392,Grad/mlp.fc2.lora_B,outputs_dev/vitb16/T=vtab_Q=3bit_L=lora_2_qkv-fc1-proj-fc2/cifar/20260114184203_default_acc=53.50/tensorboard/Grad_mlp.fc2.lora_B_block_0/events.out.tfevents.1768387349.master-192-168-8-48.1680.8,mlp.fc2.lora_B,0
1768387640.1454754,404,12.65625,0.29250508546829224,Grad/mlp.fc2.lora_B,outputs_dev/vitb16/T=vtab_Q=3bit_L=lora_2_qkv-fc1-proj-fc2/cifar/20260114184203_default_acc=53.50/tensorboard/Grad_mlp.fc2.lora_B_block_0/events.out.tfevents.1768387349.master-192-168-8-48.1680.8,mlp.fc2.lora_B,0
1768387640.5805602,405,12.6875,0.17711681127548218,Grad/mlp.fc2.lora_B,outputs_dev/vitb16/T=vtab_Q=3bit_L=lora_2_qkv-fc1-proj-fc2/cifar/20260114184203_default_acc=53.50/tensorboard/Grad_mlp.fc2.lora_B_block_0/events.out.tfevents.1768387349.master-192-168-8-48.1680.8,mlp.fc2.lora_B,0
1768387641.0249174,406,12.71875,0.2576617896556854,Grad/mlp.fc2.lora_B,outputs_dev/vitb16/T=vtab_Q=3bit_L=lora_2_qkv-fc1-proj-fc2/cifar/20260114184203_default_acc=53.50/tensorboard/Grad_mlp.fc2.lora_B_block_0/events.out.tfevents.1768387349.master-192-168-8-48.1680.8,mlp.fc2.lora_B,0
1768387641.4600146,407,12.75,0.20416420698165894,Grad/mlp.fc2.lora_B,outputs_dev/vitb16/T=vtab_Q=3bit_L=lora_2_qkv-fc1-proj-fc2/cifar/20260114184203_default_acc=53.50/tensorboard/Grad_mlp.fc2.lora_B_block_0/events.out.tfevents.1768387349.master-192-168-8-48.1680.8,mlp.fc2.lora_B,0
1768387641.894147,408,12.78125,0.29068976640701294,Grad/mlp.fc2.lora_B,outputs_dev/vitb16/T=vtab_Q=3bit_L=lora_2_qkv-fc1-proj-fc2/cifar/20260114184203_default_acc=53.50/tensorboard/Grad_mlp.fc2.lora_B_block_0/events.out.tfevents.1768387349.master-192-168-8-48.1680.8,mlp.fc2.lora_B,0
1768387642.3155043,409,12.8125,0.18385633826255798,Grad/mlp.fc2.lora_B,outputs_dev/vitb16/T=vtab_Q=3bit_L=lora_2_qkv-fc1-proj-fc2/cifar/20260114184203_default_acc=53.50/tensorboard/Grad_mlp.fc2.lora_B_block_0/events.out.tfevents.1768387349.master-192-168-8-48.1680.8,mlp.fc2.lora_B,0
1768387642.7366421,410,12.84375,0.45529547333717346,Grad/mlp.fc2.lora_B,outputs_dev/vitb16/T=vtab_Q=3bit_L=lora_2_qkv-fc1-proj-fc2/cifar/20260114184203_default_acc=53.50/tensorboard/Grad_mlp.fc2.lora_B_block_0/events.out.tfevents.1768387349.master-192-168-8-48.1680.8,mlp.fc2.lora_B,0
1768387643.1590142,411,12.875,0.20163209736347198,Grad/mlp.fc2.lora_B,outputs_dev/vitb16/T=vtab_Q=3bit_L=lora_2_qkv-fc1-proj-fc2/cifar/20260114184203_default_acc=53.50/tensorboard/Grad_mlp.fc2.lora_B_block_0/events.out.tfevents.1768387349.master-192-168-8-48.1680.8,mlp.fc2.lora_B,0
1768387643.58115,412,12.90625,0.20145314931869507,Grad/mlp.fc2.lora_B,outputs_dev/vitb16/T=vtab_Q=3bit_L=lora_2_qkv-fc1-proj-fc2/cifar/20260114184203_default_acc=53.50/tensorboard/Grad_mlp.fc2.lora_B_block_0/events.out.tfevents.1768387349.master-192-168-8-48.1680.8,mlp.fc2.lora_B,0
1768387644.003184,413,12.9375,0.19118954241275787,Grad/mlp.fc2.lora_B,outputs_dev/vitb16/T=vtab_Q=3bit_L=lora_2_qkv-fc1-proj-fc2/cifar/20260114184203_default_acc=53.50/tensorboard/Grad_mlp.fc2.lora_B_block_0/events.out.tfevents.1768387349.master-192-168-8-48.1680.8,mlp.fc2.lora_B,0
1768387644.4319324,414,12.96875,0.2125072181224823,Grad/mlp.fc2.lora_B,outputs_dev/vitb16/T=vtab_Q=3bit_L=lora_2_qkv-fc1-proj-fc2/cifar/20260114184203_default_acc=53.50/tensorboard/Grad_mlp.fc2.lora_B_block_0/events.out.tfevents.1768387349.master-192-168-8-48.1680.8,mlp.fc2.lora_B,0
1768387644.6555808,415,13.0,0.5216215252876282,Grad/mlp.fc2.lora_B,outputs_dev/vitb16/T=vtab_Q=3bit_L=lora_2_qkv-fc1-proj-fc2/cifar/20260114184203_default_acc=53.50/tensorboard/Grad_mlp.fc2.lora_B_block_0/events.out.tfevents.1768387349.master-192-168-8-48.1680.8,mlp.fc2.lora_B,0
1768387645.2918253,416,13.03125,0.30885955691337585,Grad/mlp.fc2.lora_B,outputs_dev/vitb16/T=vtab_Q=3bit_L=lora_2_qkv-fc1-proj-fc2/cifar/20260114184203_default_acc=53.50/tensorboard/Grad_mlp.fc2.lora_B_block_0/events.out.tfevents.1768387349.master-192-168-8-48.1680.8,mlp.fc2.lora_B,0
1768387645.738458,417,13.0625,0.18912675976753235,Grad/mlp.fc2.lora_B,outputs_dev/vitb16/T=vtab_Q=3bit_L=lora_2_qkv-fc1-proj-fc2/cifar/20260114184203_default_acc=53.50/tensorboard/Grad_mlp.fc2.lora_B_block_0/events.out.tfevents.1768387349.master-192-168-8-48.1680.8,mlp.fc2.lora_B,0
1768387646.177412,418,13.09375,0.20462986826896667,Grad/mlp.fc2.lora_B,outputs_dev/vitb16/T=vtab_Q=3bit_L=lora_2_qkv-fc1-proj-fc2/cifar/20260114184203_default_acc=53.50/tensorboard/Grad_mlp.fc2.lora_B_block_0/events.out.tfevents.1768387349.master-192-168-8-48.1680.8,mlp.fc2.lora_B,0
1768387646.603755,419,13.125,0.18547669053077698,Grad/mlp.fc2.lora_B,outputs_dev/vitb16/T=vtab_Q=3bit_L=lora_2_qkv-fc1-proj-fc2/cifar/20260114184203_default_acc=53.50/tensorboard/Grad_mlp.fc2.lora_B_block_0/events.out.tfevents.1768387349.master-192-168-8-48.1680.8,mlp.fc2.lora_B,0
1768387647.0171714,420,13.15625,0.21894186735153198,Grad/mlp.fc2.lora_B,outputs_dev/vitb16/T=vtab_Q=3bit_L=lora_2_qkv-fc1-proj-fc2/cifar/20260114184203_default_acc=53.50/tensorboard/Grad_mlp.fc2.lora_B_block_0/events.out.tfevents.1768387349.master-192-168-8-48.1680.8,mlp.fc2.lora_B,0
1768387647.437695,421,13.1875,0.4065057933330536,Grad/mlp.fc2.lora_B,outputs_dev/vitb16/T=vtab_Q=3bit_L=lora_2_qkv-fc1-proj-fc2/cifar/20260114184203_default_acc=53.50/tensorboard/Grad_mlp.fc2.lora_B_block_0/events.out.tfevents.1768387349.master-192-168-8-48.1680.8,mlp.fc2.lora_B,0
1768387647.858892,422,13.21875,0.18320158123970032,Grad/mlp.fc2.lora_B,outputs_dev/vitb16/T=vtab_Q=3bit_L=lora_2_qkv-fc1-proj-fc2/cifar/20260114184203_default_acc=53.50/tensorboard/Grad_mlp.fc2.lora_B_block_0/events.out.tfevents.1768387349.master-192-168-8-48.1680.8,mlp.fc2.lora_B,0
1768387648.280933,423,13.25,0.20122317969799042,Grad/mlp.fc2.lora_B,outputs_dev/vitb16/T=vtab_Q=3bit_L=lora_2_qkv-fc1-proj-fc2/cifar/20260114184203_default_acc=53.50/tensorboard/Grad_mlp.fc2.lora_B_block_0/events.out.tfevents.1768387349.master-192-168-8-48.1680.8,mlp.fc2.lora_B,0
1768387648.7153816,424,13.28125,0.1800561547279358,Grad/mlp.fc2.lora_B,outputs_dev/vitb16/T=vtab_Q=3bit_L=lora_2_qkv-fc1-proj-fc2/cifar/20260114184203_default_acc=53.50/tensorboard/Grad_mlp.fc2.lora_B_block_0/events.out.tfevents.1768387349.master-192-168-8-48.1680.8,mlp.fc2.lora_B,0
1768387649.1345232,425,13.3125,0.2862679064273834,Grad/mlp.fc2.lora_B,outputs_dev/vitb16/T=vtab_Q=3bit_L=lora_2_qkv-fc1-proj-fc2/cifar/20260114184203_default_acc=53.50/tensorboard/Grad_mlp.fc2.lora_B_block_0/events.out.tfevents.1768387349.master-192-168-8-48.1680.8,mlp.fc2.lora_B,0
1768387649.567844,426,13.34375,0.3751457929611206,Grad/mlp.fc2.lora_B,outputs_dev/vitb16/T=vtab_Q=3bit_L=lora_2_qkv-fc1-proj-fc2/cifar/20260114184203_default_acc=53.50/tensorboard/Grad_mlp.fc2.lora_B_block_0/events.out.tfevents.1768387349.master-192-168-8-48.1680.8,mlp.fc2.lora_B,0
1768387649.99184,427,13.375,0.21337755024433136,Grad/mlp.fc2.lora_B,outputs_dev/vitb16/T=vtab_Q=3bit_L=lora_2_qkv-fc1-proj-fc2/cifar/20260114184203_default_acc=53.50/tensorboard/Grad_mlp.fc2.lora_B_block_0/events.out.tfevents.1768387349.master-192-168-8-48.1680.8,mlp.fc2.lora_B,0
1768387650.4248626,428,13.40625,0.20551972091197968,Grad/mlp.fc2.lora_B,outputs_dev/vitb16/T=vtab_Q=3bit_L=lora_2_qkv-fc1-proj-fc2/cifar/20260114184203_default_acc=53.50/tensorboard/Grad_mlp.fc2.lora_B_block_0/events.out.tfevents.1768387349.master-192-168-8-48.1680.8,mlp.fc2.lora_B,0
1768387650.8463814,429,13.4375,0.18922480940818787,Grad/mlp.fc2.lora_B,outputs_dev/vitb16/T=vtab_Q=3bit_L=lora_2_qkv-fc1-proj-fc2/cifar/20260114184203_default_acc=53.50/tensorboard/Grad_mlp.fc2.lora_B_block_0/events.out.tfevents.1768387349.master-192-168-8-48.1680.8,mlp.fc2.lora_B,0
1768387651.2805614,430,13.46875,0.19949489831924438,Grad/mlp.fc2.lora_B,outputs_dev/vitb16/T=vtab_Q=3bit_L=lora_2_qkv-fc1-proj-fc2/cifar/20260114184203_default_acc=53.50/tensorboard/Grad_mlp.fc2.lora_B_block_0/events.out.tfevents.1768387349.master-192-168-8-48.1680.8,mlp.fc2.lora_B,0
1768387651.7021103,431,13.5,0.2013223022222519,Grad/mlp.fc2.lora_B,outputs_dev/vitb16/T=vtab_Q=3bit_L=lora_2_qkv-fc1-proj-fc2/cifar/20260114184203_default_acc=53.50/tensorboard/Grad_mlp.fc2.lora_B_block_0/events.out.tfevents.1768387349.master-192-168-8-48.1680.8,mlp.fc2.lora_B,0
1768387652.135472,432,13.53125,0.1585901379585266,Grad/mlp.fc2.lora_B,outputs_dev/vitb16/T=vtab_Q=3bit_L=lora_2_qkv-fc1-proj-fc2/cifar/20260114184203_default_acc=53.50/tensorboard/Grad_mlp.fc2.lora_B_block_0/events.out.tfevents.1768387349.master-192-168-8-48.1680.8,mlp.fc2.lora_B,0
1768387652.553018,433,13.5625,0.21651984751224518,Grad/mlp.fc2.lora_B,outputs_dev/vitb16/T=vtab_Q=3bit_L=lora_2_qkv-fc1-proj-fc2/cifar/20260114184203_default_acc=53.50/tensorboard/Grad_mlp.fc2.lora_B_block_0/events.out.tfevents.1768387349.master-192-168-8-48.1680.8,mlp.fc2.lora_B,0
1768387652.9732225,434,13.59375,0.2632339596748352,Grad/mlp.fc2.lora_B,outputs_dev/vitb16/T=vtab_Q=3bit_L=lora_2_qkv-fc1-proj-fc2/cifar/20260114184203_default_acc=53.50/tensorboard/Grad_mlp.fc2.lora_B_block_0/events.out.tfevents.1768387349.master-192-168-8-48.1680.8,mlp.fc2.lora_B,0
1768387653.3945558,435,13.625,0.2551415264606476,Grad/mlp.fc2.lora_B,outputs_dev/vitb16/T=vtab_Q=3bit_L=lora_2_qkv-fc1-proj-fc2/cifar/20260114184203_default_acc=53.50/tensorboard/Grad_mlp.fc2.lora_B_block_0/events.out.tfevents.1768387349.master-192-168-8-48.1680.8,mlp.fc2.lora_B,0
1768387653.817108,436,13.65625,0.22456806898117065,Grad/mlp.fc2.lora_B,outputs_dev/vitb16/T=vtab_Q=3bit_L=lora_2_qkv-fc1-proj-fc2/cifar/20260114184203_default_acc=53.50/tensorboard/Grad_mlp.fc2.lora_B_block_0/events.out.tfevents.1768387349.master-192-168-8-48.1680.8,mlp.fc2.lora_B,0
1768387654.2392602,437,13.6875,0.38502705097198486,Grad/mlp.fc2.lora_B,outputs_dev/vitb16/T=vtab_Q=3bit_L=lora_2_qkv-fc1-proj-fc2/cifar/20260114184203_default_acc=53.50/tensorboard/Grad_mlp.fc2.lora_B_block_0/events.out.tfevents.1768387349.master-192-168-8-48.1680.8,mlp.fc2.lora_B,0
1768387654.673364,438,13.71875,0.22026579082012177,Grad/mlp.fc2.lora_B,outputs_dev/vitb16/T=vtab_Q=3bit_L=lora_2_qkv-fc1-proj-fc2/cifar/20260114184203_default_acc=53.50/tensorboard/Grad_mlp.fc2.lora_B_block_0/events.out.tfevents.1768387349.master-192-168-8-48.1680.8,mlp.fc2.lora_B,0
1768387655.0885966,439,13.75,0.3590734601020813,Grad/mlp.fc2.lora_B,outputs_dev/vitb16/T=vtab_Q=3bit_L=lora_2_qkv-fc1-proj-fc2/cifar/20260114184203_default_acc=53.50/tensorboard/Grad_mlp.fc2.lora_B_block_0/events.out.tfevents.1768387349.master-192-168-8-48.1680.8,mlp.fc2.lora_B,0
1768387655.512141,440,13.78125,0.24348296225070953,Grad/mlp.fc2.lora_B,outputs_dev/vitb16/T=vtab_Q=3bit_L=lora_2_qkv-fc1-proj-fc2/cifar/20260114184203_default_acc=53.50/tensorboard/Grad_mlp.fc2.lora_B_block_0/events.out.tfevents.1768387349.master-192-168-8-48.1680.8,mlp.fc2.lora_B,0
1768387655.934214,441,13.8125,0.3418327569961548,Grad/mlp.fc2.lora_B,outputs_dev/vitb16/T=vtab_Q=3bit_L=lora_2_qkv-fc1-proj-fc2/cifar/20260114184203_default_acc=53.50/tensorboard/Grad_mlp.fc2.lora_B_block_0/events.out.tfevents.1768387349.master-192-168-8-48.1680.8,mlp.fc2.lora_B,0
1768387656.3694654,442,13.84375,0.32929086685180664,Grad/mlp.fc2.lora_B,outputs_dev/vitb16/T=vtab_Q=3bit_L=lora_2_qkv-fc1-proj-fc2/cifar/20260114184203_default_acc=53.50/tensorboard/Grad_mlp.fc2.lora_B_block_0/events.out.tfevents.1768387349.master-192-168-8-48.1680.8,mlp.fc2.lora_B,0
1768387656.791084,443,13.875,0.24343398213386536,Grad/mlp.fc2.lora_B,outputs_dev/vitb16/T=vtab_Q=3bit_L=lora_2_qkv-fc1-proj-fc2/cifar/20260114184203_default_acc=53.50/tensorboard/Grad_mlp.fc2.lora_B_block_0/events.out.tfevents.1768387349.master-192-168-8-48.1680.8,mlp.fc2.lora_B,0
1768387657.2126572,444,13.90625,0.23574787378311157,Grad/mlp.fc2.lora_B,outputs_dev/vitb16/T=vtab_Q=3bit_L=lora_2_qkv-fc1-proj-fc2/cifar/20260114184203_default_acc=53.50/tensorboard/Grad_mlp.fc2.lora_B_block_0/events.out.tfevents.1768387349.master-192-168-8-48.1680.8,mlp.fc2.lora_B,0
1768387657.6458054,445,13.9375,0.2946348190307617,Grad/mlp.fc2.lora_B,outputs_dev/vitb16/T=vtab_Q=3bit_L=lora_2_qkv-fc1-proj-fc2/cifar/20260114184203_default_acc=53.50/tensorboard/Grad_mlp.fc2.lora_B_block_0/events.out.tfevents.1768387349.master-192-168-8-48.1680.8,mlp.fc2.lora_B,0
1768387658.0792212,446,13.96875,0.35857337713241577,Grad/mlp.fc2.lora_B,outputs_dev/vitb16/T=vtab_Q=3bit_L=lora_2_qkv-fc1-proj-fc2/cifar/20260114184203_default_acc=53.50/tensorboard/Grad_mlp.fc2.lora_B_block_0/events.out.tfevents.1768387349.master-192-168-8-48.1680.8,mlp.fc2.lora_B,0
1768387658.2807124,447,14.0,0.37847715616226196,Grad/mlp.fc2.lora_B,outputs_dev/vitb16/T=vtab_Q=3bit_L=lora_2_qkv-fc1-proj-fc2/cifar/20260114184203_default_acc=53.50/tensorboard/Grad_mlp.fc2.lora_B_block_0/events.out.tfevents.1768387349.master-192-168-8-48.1680.8,mlp.fc2.lora_B,0
1768387658.9411402,448,14.03125,0.1994975358247757,Grad/mlp.fc2.lora_B,outputs_dev/vitb16/T=vtab_Q=3bit_L=lora_2_qkv-fc1-proj-fc2/cifar/20260114184203_default_acc=53.50/tensorboard/Grad_mlp.fc2.lora_B_block_0/events.out.tfevents.1768387349.master-192-168-8-48.1680.8,mlp.fc2.lora_B,0
1768387659.3803954,449,14.0625,0.2578613758087158,Grad/mlp.fc2.lora_B,outputs_dev/vitb16/T=vtab_Q=3bit_L=lora_2_qkv-fc1-proj-fc2/cifar/20260114184203_default_acc=53.50/tensorboard/Grad_mlp.fc2.lora_B_block_0/events.out.tfevents.1768387349.master-192-168-8-48.1680.8,mlp.fc2.lora_B,0
1768387659.8145487,450,14.09375,0.19544290006160736,Grad/mlp.fc2.lora_B,outputs_dev/vitb16/T=vtab_Q=3bit_L=lora_2_qkv-fc1-proj-fc2/cifar/20260114184203_default_acc=53.50/tensorboard/Grad_mlp.fc2.lora_B_block_0/events.out.tfevents.1768387349.master-192-168-8-48.1680.8,mlp.fc2.lora_B,0
1768387660.2351928,451,14.125,0.28215399384498596,Grad/mlp.fc2.lora_B,outputs_dev/vitb16/T=vtab_Q=3bit_L=lora_2_qkv-fc1-proj-fc2/cifar/20260114184203_default_acc=53.50/tensorboard/Grad_mlp.fc2.lora_B_block_0/events.out.tfevents.1768387349.master-192-168-8-48.1680.8,mlp.fc2.lora_B,0
1768387660.6558678,452,14.15625,0.21228401362895966,Grad/mlp.fc2.lora_B,outputs_dev/vitb16/T=vtab_Q=3bit_L=lora_2_qkv-fc1-proj-fc2/cifar/20260114184203_default_acc=53.50/tensorboard/Grad_mlp.fc2.lora_B_block_0/events.out.tfevents.1768387349.master-192-168-8-48.1680.8,mlp.fc2.lora_B,0
1768387661.0755613,453,14.1875,0.29960644245147705,Grad/mlp.fc2.lora_B,outputs_dev/vitb16/T=vtab_Q=3bit_L=lora_2_qkv-fc1-proj-fc2/cifar/20260114184203_default_acc=53.50/tensorboard/Grad_mlp.fc2.lora_B_block_0/events.out.tfevents.1768387349.master-192-168-8-48.1680.8,mlp.fc2.lora_B,0
1768387661.51007,454,14.21875,0.39188799262046814,Grad/mlp.fc2.lora_B,outputs_dev/vitb16/T=vtab_Q=3bit_L=lora_2_qkv-fc1-proj-fc2/cifar/20260114184203_default_acc=53.50/tensorboard/Grad_mlp.fc2.lora_B_block_0/events.out.tfevents.1768387349.master-192-168-8-48.1680.8,mlp.fc2.lora_B,0
1768387661.931585,455,14.25,0.18235144019126892,Grad/mlp.fc2.lora_B,outputs_dev/vitb16/T=vtab_Q=3bit_L=lora_2_qkv-fc1-proj-fc2/cifar/20260114184203_default_acc=53.50/tensorboard/Grad_mlp.fc2.lora_B_block_0/events.out.tfevents.1768387349.master-192-168-8-48.1680.8,mlp.fc2.lora_B,0
1768387662.3644128,456,14.28125,0.22030389308929443,Grad/mlp.fc2.lora_B,outputs_dev/vitb16/T=vtab_Q=3bit_L=lora_2_qkv-fc1-proj-fc2/cifar/20260114184203_default_acc=53.50/tensorboard/Grad_mlp.fc2.lora_B_block_0/events.out.tfevents.1768387349.master-192-168-8-48.1680.8,mlp.fc2.lora_B,0
1768387662.783849,457,14.3125,0.2686803340911865,Grad/mlp.fc2.lora_B,outputs_dev/vitb16/T=vtab_Q=3bit_L=lora_2_qkv-fc1-proj-fc2/cifar/20260114184203_default_acc=53.50/tensorboard/Grad_mlp.fc2.lora_B_block_0/events.out.tfevents.1768387349.master-192-168-8-48.1680.8,mlp.fc2.lora_B,0
1768387663.2047284,458,14.34375,0.2606172263622284,Grad/mlp.fc2.lora_B,outputs_dev/vitb16/T=vtab_Q=3bit_L=lora_2_qkv-fc1-proj-fc2/cifar/20260114184203_default_acc=53.50/tensorboard/Grad_mlp.fc2.lora_B_block_0/events.out.tfevents.1768387349.master-192-168-8-48.1680.8,mlp.fc2.lora_B,0
1768387663.6425962,459,14.375,0.219918355345726,Grad/mlp.fc2.lora_B,outputs_dev/vitb16/T=vtab_Q=3bit_L=lora_2_qkv-fc1-proj-fc2/cifar/20260114184203_default_acc=53.50/tensorboard/Grad_mlp.fc2.lora_B_block_0/events.out.tfevents.1768387349.master-192-168-8-48.1680.8,mlp.fc2.lora_B,0
1768387664.0627894,460,14.40625,0.2497485727071762,Grad/mlp.fc2.lora_B,outputs_dev/vitb16/T=vtab_Q=3bit_L=lora_2_qkv-fc1-proj-fc2/cifar/20260114184203_default_acc=53.50/tensorboard/Grad_mlp.fc2.lora_B_block_0/events.out.tfevents.1768387349.master-192-168-8-48.1680.8,mlp.fc2.lora_B,0
1768387664.484711,461,14.4375,0.26153451204299927,Grad/mlp.fc2.lora_B,outputs_dev/vitb16/T=vtab_Q=3bit_L=lora_2_qkv-fc1-proj-fc2/cifar/20260114184203_default_acc=53.50/tensorboard/Grad_mlp.fc2.lora_B_block_0/events.out.tfevents.1768387349.master-192-168-8-48.1680.8,mlp.fc2.lora_B,0
1768387664.9047303,462,14.46875,0.17096787691116333,Grad/mlp.fc2.lora_B,outputs_dev/vitb16/T=vtab_Q=3bit_L=lora_2_qkv-fc1-proj-fc2/cifar/20260114184203_default_acc=53.50/tensorboard/Grad_mlp.fc2.lora_B_block_0/events.out.tfevents.1768387349.master-192-168-8-48.1680.8,mlp.fc2.lora_B,0
1768387665.3247485,463,14.5,0.20345261693000793,Grad/mlp.fc2.lora_B,outputs_dev/vitb16/T=vtab_Q=3bit_L=lora_2_qkv-fc1-proj-fc2/cifar/20260114184203_default_acc=53.50/tensorboard/Grad_mlp.fc2.lora_B_block_0/events.out.tfevents.1768387349.master-192-168-8-48.1680.8,mlp.fc2.lora_B,0
1768387665.7466614,464,14.53125,0.28774696588516235,Grad/mlp.fc2.lora_B,outputs_dev/vitb16/T=vtab_Q=3bit_L=lora_2_qkv-fc1-proj-fc2/cifar/20260114184203_default_acc=53.50/tensorboard/Grad_mlp.fc2.lora_B_block_0/events.out.tfevents.1768387349.master-192-168-8-48.1680.8,mlp.fc2.lora_B,0
1768387666.181937,465,14.5625,0.32602810859680176,Grad/mlp.fc2.lora_B,outputs_dev/vitb16/T=vtab_Q=3bit_L=lora_2_qkv-fc1-proj-fc2/cifar/20260114184203_default_acc=53.50/tensorboard/Grad_mlp.fc2.lora_B_block_0/events.out.tfevents.1768387349.master-192-168-8-48.1680.8,mlp.fc2.lora_B,0
1768387666.6179612,466,14.59375,0.24237285554409027,Grad/mlp.fc2.lora_B,outputs_dev/vitb16/T=vtab_Q=3bit_L=lora_2_qkv-fc1-proj-fc2/cifar/20260114184203_default_acc=53.50/tensorboard/Grad_mlp.fc2.lora_B_block_0/events.out.tfevents.1768387349.master-192-168-8-48.1680.8,mlp.fc2.lora_B,0
1768387667.151539,467,14.625,0.2871703803539276,Grad/mlp.fc2.lora_B,outputs_dev/vitb16/T=vtab_Q=3bit_L=lora_2_qkv-fc1-proj-fc2/cifar/20260114184203_default_acc=53.50/tensorboard/Grad_mlp.fc2.lora_B_block_0/events.out.tfevents.1768387349.master-192-168-8-48.1680.8,mlp.fc2.lora_B,0
1768387667.5675347,468,14.65625,0.23714368045330048,Grad/mlp.fc2.lora_B,outputs_dev/vitb16/T=vtab_Q=3bit_L=lora_2_qkv-fc1-proj-fc2/cifar/20260114184203_default_acc=53.50/tensorboard/Grad_mlp.fc2.lora_B_block_0/events.out.tfevents.1768387349.master-192-168-8-48.1680.8,mlp.fc2.lora_B,0
1768387668.0041661,469,14.6875,0.23578956723213196,Grad/mlp.fc2.lora_B,outputs_dev/vitb16/T=vtab_Q=3bit_L=lora_2_qkv-fc1-proj-fc2/cifar/20260114184203_default_acc=53.50/tensorboard/Grad_mlp.fc2.lora_B_block_0/events.out.tfevents.1768387349.master-192-168-8-48.1680.8,mlp.fc2.lora_B,0
1768387668.424884,470,14.71875,0.2977812886238098,Grad/mlp.fc2.lora_B,outputs_dev/vitb16/T=vtab_Q=3bit_L=lora_2_qkv-fc1-proj-fc2/cifar/20260114184203_default_acc=53.50/tensorboard/Grad_mlp.fc2.lora_B_block_0/events.out.tfevents.1768387349.master-192-168-8-48.1680.8,mlp.fc2.lora_B,0
1768387668.8444202,471,14.75,0.256513774394989,Grad/mlp.fc2.lora_B,outputs_dev/vitb16/T=vtab_Q=3bit_L=lora_2_qkv-fc1-proj-fc2/cifar/20260114184203_default_acc=53.50/tensorboard/Grad_mlp.fc2.lora_B_block_0/events.out.tfevents.1768387349.master-192-168-8-48.1680.8,mlp.fc2.lora_B,0
1768387669.2850604,472,14.78125,0.23849882185459137,Grad/mlp.fc2.lora_B,outputs_dev/vitb16/T=vtab_Q=3bit_L=lora_2_qkv-fc1-proj-fc2/cifar/20260114184203_default_acc=53.50/tensorboard/Grad_mlp.fc2.lora_B_block_0/events.out.tfevents.1768387349.master-192-168-8-48.1680.8,mlp.fc2.lora_B,0
1768387669.708866,473,14.8125,0.20968657732009888,Grad/mlp.fc2.lora_B,outputs_dev/vitb16/T=vtab_Q=3bit_L=lora_2_qkv-fc1-proj-fc2/cifar/20260114184203_default_acc=53.50/tensorboard/Grad_mlp.fc2.lora_B_block_0/events.out.tfevents.1768387349.master-192-168-8-48.1680.8,mlp.fc2.lora_B,0
1768387670.1305506,474,14.84375,0.179295614361763,Grad/mlp.fc2.lora_B,outputs_dev/vitb16/T=vtab_Q=3bit_L=lora_2_qkv-fc1-proj-fc2/cifar/20260114184203_default_acc=53.50/tensorboard/Grad_mlp.fc2.lora_B_block_0/events.out.tfevents.1768387349.master-192-168-8-48.1680.8,mlp.fc2.lora_B,0
1768387670.5653358,475,14.875,0.2342996895313263,Grad/mlp.fc2.lora_B,outputs_dev/vitb16/T=vtab_Q=3bit_L=lora_2_qkv-fc1-proj-fc2/cifar/20260114184203_default_acc=53.50/tensorboard/Grad_mlp.fc2.lora_B_block_0/events.out.tfevents.1768387349.master-192-168-8-48.1680.8,mlp.fc2.lora_B,0
1768387671.0021782,476,14.90625,0.4548680782318115,Grad/mlp.fc2.lora_B,outputs_dev/vitb16/T=vtab_Q=3bit_L=lora_2_qkv-fc1-proj-fc2/cifar/20260114184203_default_acc=53.50/tensorboard/Grad_mlp.fc2.lora_B_block_0/events.out.tfevents.1768387349.master-192-168-8-48.1680.8,mlp.fc2.lora_B,0
1768387671.4364522,477,14.9375,0.29039761424064636,Grad/mlp.fc2.lora_B,outputs_dev/vitb16/T=vtab_Q=3bit_L=lora_2_qkv-fc1-proj-fc2/cifar/20260114184203_default_acc=53.50/tensorboard/Grad_mlp.fc2.lora_B_block_0/events.out.tfevents.1768387349.master-192-168-8-48.1680.8,mlp.fc2.lora_B,0
1768387671.8577094,478,14.96875,0.24143525958061218,Grad/mlp.fc2.lora_B,outputs_dev/vitb16/T=vtab_Q=3bit_L=lora_2_qkv-fc1-proj-fc2/cifar/20260114184203_default_acc=53.50/tensorboard/Grad_mlp.fc2.lora_B_block_0/events.out.tfevents.1768387349.master-192-168-8-48.1680.8,mlp.fc2.lora_B,0
1768387672.0628467,479,15.0,0.4459471106529236,Grad/mlp.fc2.lora_B,outputs_dev/vitb16/T=vtab_Q=3bit_L=lora_2_qkv-fc1-proj-fc2/cifar/20260114184203_default_acc=53.50/tensorboard/Grad_mlp.fc2.lora_B_block_0/events.out.tfevents.1768387349.master-192-168-8-48.1680.8,mlp.fc2.lora_B,0
1768387672.7594883,480,15.03125,0.527858555316925,Grad/mlp.fc2.lora_B,outputs_dev/vitb16/T=vtab_Q=3bit_L=lora_2_qkv-fc1-proj-fc2/cifar/20260114184203_default_acc=53.50/tensorboard/Grad_mlp.fc2.lora_B_block_0/events.out.tfevents.1768387349.master-192-168-8-48.1680.8,mlp.fc2.lora_B,0
1768387673.1874986,481,15.0625,0.22468334436416626,Grad/mlp.fc2.lora_B,outputs_dev/vitb16/T=vtab_Q=3bit_L=lora_2_qkv-fc1-proj-fc2/cifar/20260114184203_default_acc=53.50/tensorboard/Grad_mlp.fc2.lora_B_block_0/events.out.tfevents.1768387349.master-192-168-8-48.1680.8,mlp.fc2.lora_B,0
1768387673.6223683,482,15.09375,0.294503778219223,Grad/mlp.fc2.lora_B,outputs_dev/vitb16/T=vtab_Q=3bit_L=lora_2_qkv-fc1-proj-fc2/cifar/20260114184203_default_acc=53.50/tensorboard/Grad_mlp.fc2.lora_B_block_0/events.out.tfevents.1768387349.master-192-168-8-48.1680.8,mlp.fc2.lora_B,0
1768387674.0572398,483,15.125,0.38071221113204956,Grad/mlp.fc2.lora_B,outputs_dev/vitb16/T=vtab_Q=3bit_L=lora_2_qkv-fc1-proj-fc2/cifar/20260114184203_default_acc=53.50/tensorboard/Grad_mlp.fc2.lora_B_block_0/events.out.tfevents.1768387349.master-192-168-8-48.1680.8,mlp.fc2.lora_B,0
1768387674.4767766,484,15.15625,0.3029954731464386,Grad/mlp.fc2.lora_B,outputs_dev/vitb16/T=vtab_Q=3bit_L=lora_2_qkv-fc1-proj-fc2/cifar/20260114184203_default_acc=53.50/tensorboard/Grad_mlp.fc2.lora_B_block_0/events.out.tfevents.1768387349.master-192-168-8-48.1680.8,mlp.fc2.lora_B,0
1768387674.924478,485,15.1875,0.2185184508562088,Grad/mlp.fc2.lora_B,outputs_dev/vitb16/T=vtab_Q=3bit_L=lora_2_qkv-fc1-proj-fc2/cifar/20260114184203_default_acc=53.50/tensorboard/Grad_mlp.fc2.lora_B_block_0/events.out.tfevents.1768387349.master-192-168-8-48.1680.8,mlp.fc2.lora_B,0
1768387675.361454,486,15.21875,0.39084097743034363,Grad/mlp.fc2.lora_B,outputs_dev/vitb16/T=vtab_Q=3bit_L=lora_2_qkv-fc1-proj-fc2/cifar/20260114184203_default_acc=53.50/tensorboard/Grad_mlp.fc2.lora_B_block_0/events.out.tfevents.1768387349.master-192-168-8-48.1680.8,mlp.fc2.lora_B,0
1768387675.8036954,487,15.25,0.22574946284294128,Grad/mlp.fc2.lora_B,outputs_dev/vitb16/T=vtab_Q=3bit_L=lora_2_qkv-fc1-proj-fc2/cifar/20260114184203_default_acc=53.50/tensorboard/Grad_mlp.fc2.lora_B_block_0/events.out.tfevents.1768387349.master-192-168-8-48.1680.8,mlp.fc2.lora_B,0
1768387676.244886,488,15.28125,0.21944847702980042,Grad/mlp.fc2.lora_B,outputs_dev/vitb16/T=vtab_Q=3bit_L=lora_2_qkv-fc1-proj-fc2/cifar/20260114184203_default_acc=53.50/tensorboard/Grad_mlp.fc2.lora_B_block_0/events.out.tfevents.1768387349.master-192-168-8-48.1680.8,mlp.fc2.lora_B,0
1768387676.6812167,489,15.3125,0.24890370666980743,Grad/mlp.fc2.lora_B,outputs_dev/vitb16/T=vtab_Q=3bit_L=lora_2_qkv-fc1-proj-fc2/cifar/20260114184203_default_acc=53.50/tensorboard/Grad_mlp.fc2.lora_B_block_0/events.out.tfevents.1768387349.master-192-168-8-48.1680.8,mlp.fc2.lora_B,0
1768387677.1059885,490,15.34375,0.38745424151420593,Grad/mlp.fc2.lora_B,outputs_dev/vitb16/T=vtab_Q=3bit_L=lora_2_qkv-fc1-proj-fc2/cifar/20260114184203_default_acc=53.50/tensorboard/Grad_mlp.fc2.lora_B_block_0/events.out.tfevents.1768387349.master-192-168-8-48.1680.8,mlp.fc2.lora_B,0
1768387677.532783,491,15.375,0.3182696998119354,Grad/mlp.fc2.lora_B,outputs_dev/vitb16/T=vtab_Q=3bit_L=lora_2_qkv-fc1-proj-fc2/cifar/20260114184203_default_acc=53.50/tensorboard/Grad_mlp.fc2.lora_B_block_0/events.out.tfevents.1768387349.master-192-168-8-48.1680.8,mlp.fc2.lora_B,0
1768387677.9567218,492,15.40625,0.36510851979255676,Grad/mlp.fc2.lora_B,outputs_dev/vitb16/T=vtab_Q=3bit_L=lora_2_qkv-fc1-proj-fc2/cifar/20260114184203_default_acc=53.50/tensorboard/Grad_mlp.fc2.lora_B_block_0/events.out.tfevents.1768387349.master-192-168-8-48.1680.8,mlp.fc2.lora_B,0
1768387678.3814006,493,15.4375,0.33190882205963135,Grad/mlp.fc2.lora_B,outputs_dev/vitb16/T=vtab_Q=3bit_L=lora_2_qkv-fc1-proj-fc2/cifar/20260114184203_default_acc=53.50/tensorboard/Grad_mlp.fc2.lora_B_block_0/events.out.tfevents.1768387349.master-192-168-8-48.1680.8,mlp.fc2.lora_B,0
1768387678.8164878,494,15.46875,0.3097076714038849,Grad/mlp.fc2.lora_B,outputs_dev/vitb16/T=vtab_Q=3bit_L=lora_2_qkv-fc1-proj-fc2/cifar/20260114184203_default_acc=53.50/tensorboard/Grad_mlp.fc2.lora_B_block_0/events.out.tfevents.1768387349.master-192-168-8-48.1680.8,mlp.fc2.lora_B,0
1768387679.2535872,495,15.5,0.2540420591831207,Grad/mlp.fc2.lora_B,outputs_dev/vitb16/T=vtab_Q=3bit_L=lora_2_qkv-fc1-proj-fc2/cifar/20260114184203_default_acc=53.50/tensorboard/Grad_mlp.fc2.lora_B_block_0/events.out.tfevents.1768387349.master-192-168-8-48.1680.8,mlp.fc2.lora_B,0
1768387679.6789217,496,15.53125,0.2736735939979553,Grad/mlp.fc2.lora_B,outputs_dev/vitb16/T=vtab_Q=3bit_L=lora_2_qkv-fc1-proj-fc2/cifar/20260114184203_default_acc=53.50/tensorboard/Grad_mlp.fc2.lora_B_block_0/events.out.tfevents.1768387349.master-192-168-8-48.1680.8,mlp.fc2.lora_B,0
1768387680.1169858,497,15.5625,0.3032616674900055,Grad/mlp.fc2.lora_B,outputs_dev/vitb16/T=vtab_Q=3bit_L=lora_2_qkv-fc1-proj-fc2/cifar/20260114184203_default_acc=53.50/tensorboard/Grad_mlp.fc2.lora_B_block_0/events.out.tfevents.1768387349.master-192-168-8-48.1680.8,mlp.fc2.lora_B,0
1768387680.5485585,498,15.59375,0.3182186484336853,Grad/mlp.fc2.lora_B,outputs_dev/vitb16/T=vtab_Q=3bit_L=lora_2_qkv-fc1-proj-fc2/cifar/20260114184203_default_acc=53.50/tensorboard/Grad_mlp.fc2.lora_B_block_0/events.out.tfevents.1768387349.master-192-168-8-48.1680.8,mlp.fc2.lora_B,0
1768387680.9771168,499,15.625,0.4385703504085541,Grad/mlp.fc2.lora_B,outputs_dev/vitb16/T=vtab_Q=3bit_L=lora_2_qkv-fc1-proj-fc2/cifar/20260114184203_default_acc=53.50/tensorboard/Grad_mlp.fc2.lora_B_block_0/events.out.tfevents.1768387349.master-192-168-8-48.1680.8,mlp.fc2.lora_B,0
1768387681.401498,500,15.65625,0.41590121388435364,Grad/mlp.fc2.lora_B,outputs_dev/vitb16/T=vtab_Q=3bit_L=lora_2_qkv-fc1-proj-fc2/cifar/20260114184203_default_acc=53.50/tensorboard/Grad_mlp.fc2.lora_B_block_0/events.out.tfevents.1768387349.master-192-168-8-48.1680.8,mlp.fc2.lora_B,0
1768387681.8266392,501,15.6875,0.24283349514007568,Grad/mlp.fc2.lora_B,outputs_dev/vitb16/T=vtab_Q=3bit_L=lora_2_qkv-fc1-proj-fc2/cifar/20260114184203_default_acc=53.50/tensorboard/Grad_mlp.fc2.lora_B_block_0/events.out.tfevents.1768387349.master-192-168-8-48.1680.8,mlp.fc2.lora_B,0
1768387682.2735837,502,15.71875,0.2724553644657135,Grad/mlp.fc2.lora_B,outputs_dev/vitb16/T=vtab_Q=3bit_L=lora_2_qkv-fc1-proj-fc2/cifar/20260114184203_default_acc=53.50/tensorboard/Grad_mlp.fc2.lora_B_block_0/events.out.tfevents.1768387349.master-192-168-8-48.1680.8,mlp.fc2.lora_B,0
1768387682.7086568,503,15.75,0.2836800515651703,Grad/mlp.fc2.lora_B,outputs_dev/vitb16/T=vtab_Q=3bit_L=lora_2_qkv-fc1-proj-fc2/cifar/20260114184203_default_acc=53.50/tensorboard/Grad_mlp.fc2.lora_B_block_0/events.out.tfevents.1768387349.master-192-168-8-48.1680.8,mlp.fc2.lora_B,0
1768387683.144361,504,15.78125,0.25852712988853455,Grad/mlp.fc2.lora_B,outputs_dev/vitb16/T=vtab_Q=3bit_L=lora_2_qkv-fc1-proj-fc2/cifar/20260114184203_default_acc=53.50/tensorboard/Grad_mlp.fc2.lora_B_block_0/events.out.tfevents.1768387349.master-192-168-8-48.1680.8,mlp.fc2.lora_B,0
1768387683.5811412,505,15.8125,0.2893844544887543,Grad/mlp.fc2.lora_B,outputs_dev/vitb16/T=vtab_Q=3bit_L=lora_2_qkv-fc1-proj-fc2/cifar/20260114184203_default_acc=53.50/tensorboard/Grad_mlp.fc2.lora_B_block_0/events.out.tfevents.1768387349.master-192-168-8-48.1680.8,mlp.fc2.lora_B,0
1768387684.0176308,506,15.84375,0.21858429908752441,Grad/mlp.fc2.lora_B,outputs_dev/vitb16/T=vtab_Q=3bit_L=lora_2_qkv-fc1-proj-fc2/cifar/20260114184203_default_acc=53.50/tensorboard/Grad_mlp.fc2.lora_B_block_0/events.out.tfevents.1768387349.master-192-168-8-48.1680.8,mlp.fc2.lora_B,0
1768387684.4557009,507,15.875,0.4481290876865387,Grad/mlp.fc2.lora_B,outputs_dev/vitb16/T=vtab_Q=3bit_L=lora_2_qkv-fc1-proj-fc2/cifar/20260114184203_default_acc=53.50/tensorboard/Grad_mlp.fc2.lora_B_block_0/events.out.tfevents.1768387349.master-192-168-8-48.1680.8,mlp.fc2.lora_B,0
1768387684.8915389,508,15.90625,0.24539844691753387,Grad/mlp.fc2.lora_B,outputs_dev/vitb16/T=vtab_Q=3bit_L=lora_2_qkv-fc1-proj-fc2/cifar/20260114184203_default_acc=53.50/tensorboard/Grad_mlp.fc2.lora_B_block_0/events.out.tfevents.1768387349.master-192-168-8-48.1680.8,mlp.fc2.lora_B,0
1768387685.317134,509,15.9375,0.21050499379634857,Grad/mlp.fc2.lora_B,outputs_dev/vitb16/T=vtab_Q=3bit_L=lora_2_qkv-fc1-proj-fc2/cifar/20260114184203_default_acc=53.50/tensorboard/Grad_mlp.fc2.lora_B_block_0/events.out.tfevents.1768387349.master-192-168-8-48.1680.8,mlp.fc2.lora_B,0
1768387685.7567284,510,15.96875,0.30408844351768494,Grad/mlp.fc2.lora_B,outputs_dev/vitb16/T=vtab_Q=3bit_L=lora_2_qkv-fc1-proj-fc2/cifar/20260114184203_default_acc=53.50/tensorboard/Grad_mlp.fc2.lora_B_block_0/events.out.tfevents.1768387349.master-192-168-8-48.1680.8,mlp.fc2.lora_B,0
1768387685.9925086,511,16.0,0.5660569071769714,Grad/mlp.fc2.lora_B,outputs_dev/vitb16/T=vtab_Q=3bit_L=lora_2_qkv-fc1-proj-fc2/cifar/20260114184203_default_acc=53.50/tensorboard/Grad_mlp.fc2.lora_B_block_0/events.out.tfevents.1768387349.master-192-168-8-48.1680.8,mlp.fc2.lora_B,0
1768387686.6885097,512,16.03125,0.23836369812488556,Grad/mlp.fc2.lora_B,outputs_dev/vitb16/T=vtab_Q=3bit_L=lora_2_qkv-fc1-proj-fc2/cifar/20260114184203_default_acc=53.50/tensorboard/Grad_mlp.fc2.lora_B_block_0/events.out.tfevents.1768387349.master-192-168-8-48.1680.8,mlp.fc2.lora_B,0
1768387687.119853,513,16.0625,0.2799995243549347,Grad/mlp.fc2.lora_B,outputs_dev/vitb16/T=vtab_Q=3bit_L=lora_2_qkv-fc1-proj-fc2/cifar/20260114184203_default_acc=53.50/tensorboard/Grad_mlp.fc2.lora_B_block_0/events.out.tfevents.1768387349.master-192-168-8-48.1680.8,mlp.fc2.lora_B,0
1768387687.5502398,514,16.09375,0.24749062955379486,Grad/mlp.fc2.lora_B,outputs_dev/vitb16/T=vtab_Q=3bit_L=lora_2_qkv-fc1-proj-fc2/cifar/20260114184203_default_acc=53.50/tensorboard/Grad_mlp.fc2.lora_B_block_0/events.out.tfevents.1768387349.master-192-168-8-48.1680.8,mlp.fc2.lora_B,0
1768387687.9786017,515,16.125,0.3157564103603363,Grad/mlp.fc2.lora_B,outputs_dev/vitb16/T=vtab_Q=3bit_L=lora_2_qkv-fc1-proj-fc2/cifar/20260114184203_default_acc=53.50/tensorboard/Grad_mlp.fc2.lora_B_block_0/events.out.tfevents.1768387349.master-192-168-8-48.1680.8,mlp.fc2.lora_B,0
1768387688.4073918,516,16.15625,0.20972439646720886,Grad/mlp.fc2.lora_B,outputs_dev/vitb16/T=vtab_Q=3bit_L=lora_2_qkv-fc1-proj-fc2/cifar/20260114184203_default_acc=53.50/tensorboard/Grad_mlp.fc2.lora_B_block_0/events.out.tfevents.1768387349.master-192-168-8-48.1680.8,mlp.fc2.lora_B,0
1768387688.8370144,517,16.1875,0.31035855412483215,Grad/mlp.fc2.lora_B,outputs_dev/vitb16/T=vtab_Q=3bit_L=lora_2_qkv-fc1-proj-fc2/cifar/20260114184203_default_acc=53.50/tensorboard/Grad_mlp.fc2.lora_B_block_0/events.out.tfevents.1768387349.master-192-168-8-48.1680.8,mlp.fc2.lora_B,0
1768387689.2663856,518,16.21875,0.3720059394836426,Grad/mlp.fc2.lora_B,outputs_dev/vitb16/T=vtab_Q=3bit_L=lora_2_qkv-fc1-proj-fc2/cifar/20260114184203_default_acc=53.50/tensorboard/Grad_mlp.fc2.lora_B_block_0/events.out.tfevents.1768387349.master-192-168-8-48.1680.8,mlp.fc2.lora_B,0
1768387689.7013094,519,16.25,0.2527977228164673,Grad/mlp.fc2.lora_B,outputs_dev/vitb16/T=vtab_Q=3bit_L=lora_2_qkv-fc1-proj-fc2/cifar/20260114184203_default_acc=53.50/tensorboard/Grad_mlp.fc2.lora_B_block_0/events.out.tfevents.1768387349.master-192-168-8-48.1680.8,mlp.fc2.lora_B,0
1768387690.1492186,520,16.28125,0.26267683506011963,Grad/mlp.fc2.lora_B,outputs_dev/vitb16/T=vtab_Q=3bit_L=lora_2_qkv-fc1-proj-fc2/cifar/20260114184203_default_acc=53.50/tensorboard/Grad_mlp.fc2.lora_B_block_0/events.out.tfevents.1768387349.master-192-168-8-48.1680.8,mlp.fc2.lora_B,0
1768387690.5747478,521,16.3125,0.2315925508737564,Grad/mlp.fc2.lora_B,outputs_dev/vitb16/T=vtab_Q=3bit_L=lora_2_qkv-fc1-proj-fc2/cifar/20260114184203_default_acc=53.50/tensorboard/Grad_mlp.fc2.lora_B_block_0/events.out.tfevents.1768387349.master-192-168-8-48.1680.8,mlp.fc2.lora_B,0
1768387691.0129602,522,16.34375,0.24003610014915466,Grad/mlp.fc2.lora_B,outputs_dev/vitb16/T=vtab_Q=3bit_L=lora_2_qkv-fc1-proj-fc2/cifar/20260114184203_default_acc=53.50/tensorboard/Grad_mlp.fc2.lora_B_block_0/events.out.tfevents.1768387349.master-192-168-8-48.1680.8,mlp.fc2.lora_B,0
1768387691.441511,523,16.375,0.36324119567871094,Grad/mlp.fc2.lora_B,outputs_dev/vitb16/T=vtab_Q=3bit_L=lora_2_qkv-fc1-proj-fc2/cifar/20260114184203_default_acc=53.50/tensorboard/Grad_mlp.fc2.lora_B_block_0/events.out.tfevents.1768387349.master-192-168-8-48.1680.8,mlp.fc2.lora_B,0
1768387691.8659225,524,16.40625,0.2325408160686493,Grad/mlp.fc2.lora_B,outputs_dev/vitb16/T=vtab_Q=3bit_L=lora_2_qkv-fc1-proj-fc2/cifar/20260114184203_default_acc=53.50/tensorboard/Grad_mlp.fc2.lora_B_block_0/events.out.tfevents.1768387349.master-192-168-8-48.1680.8,mlp.fc2.lora_B,0
1768387692.291269,525,16.4375,0.3031127154827118,Grad/mlp.fc2.lora_B,outputs_dev/vitb16/T=vtab_Q=3bit_L=lora_2_qkv-fc1-proj-fc2/cifar/20260114184203_default_acc=53.50/tensorboard/Grad_mlp.fc2.lora_B_block_0/events.out.tfevents.1768387349.master-192-168-8-48.1680.8,mlp.fc2.lora_B,0
1768387692.701226,526,16.46875,0.2279270738363266,Grad/mlp.fc2.lora_B,outputs_dev/vitb16/T=vtab_Q=3bit_L=lora_2_qkv-fc1-proj-fc2/cifar/20260114184203_default_acc=53.50/tensorboard/Grad_mlp.fc2.lora_B_block_0/events.out.tfevents.1768387349.master-192-168-8-48.1680.8,mlp.fc2.lora_B,0
1768387693.142318,527,16.5,0.2767934501171112,Grad/mlp.fc2.lora_B,outputs_dev/vitb16/T=vtab_Q=3bit_L=lora_2_qkv-fc1-proj-fc2/cifar/20260114184203_default_acc=53.50/tensorboard/Grad_mlp.fc2.lora_B_block_0/events.out.tfevents.1768387349.master-192-168-8-48.1680.8,mlp.fc2.lora_B,0
1768387693.57784,528,16.53125,1.806134819984436,Grad/mlp.fc2.lora_B,outputs_dev/vitb16/T=vtab_Q=3bit_L=lora_2_qkv-fc1-proj-fc2/cifar/20260114184203_default_acc=53.50/tensorboard/Grad_mlp.fc2.lora_B_block_0/events.out.tfevents.1768387349.master-192-168-8-48.1680.8,mlp.fc2.lora_B,0
1768387694.0148857,529,16.5625,0.20484419167041779,Grad/mlp.fc2.lora_B,outputs_dev/vitb16/T=vtab_Q=3bit_L=lora_2_qkv-fc1-proj-fc2/cifar/20260114184203_default_acc=53.50/tensorboard/Grad_mlp.fc2.lora_B_block_0/events.out.tfevents.1768387349.master-192-168-8-48.1680.8,mlp.fc2.lora_B,0
1768387694.4512897,530,16.59375,0.23443499207496643,Grad/mlp.fc2.lora_B,outputs_dev/vitb16/T=vtab_Q=3bit_L=lora_2_qkv-fc1-proj-fc2/cifar/20260114184203_default_acc=53.50/tensorboard/Grad_mlp.fc2.lora_B_block_0/events.out.tfevents.1768387349.master-192-168-8-48.1680.8,mlp.fc2.lora_B,0
1768387694.8925672,531,16.625,0.24886251986026764,Grad/mlp.fc2.lora_B,outputs_dev/vitb16/T=vtab_Q=3bit_L=lora_2_qkv-fc1-proj-fc2/cifar/20260114184203_default_acc=53.50/tensorboard/Grad_mlp.fc2.lora_B_block_0/events.out.tfevents.1768387349.master-192-168-8-48.1680.8,mlp.fc2.lora_B,0
1768387695.3194222,532,16.65625,0.1817726492881775,Grad/mlp.fc2.lora_B,outputs_dev/vitb16/T=vtab_Q=3bit_L=lora_2_qkv-fc1-proj-fc2/cifar/20260114184203_default_acc=53.50/tensorboard/Grad_mlp.fc2.lora_B_block_0/events.out.tfevents.1768387349.master-192-168-8-48.1680.8,mlp.fc2.lora_B,0
1768387695.7655394,533,16.6875,0.22685126960277557,Grad/mlp.fc2.lora_B,outputs_dev/vitb16/T=vtab_Q=3bit_L=lora_2_qkv-fc1-proj-fc2/cifar/20260114184203_default_acc=53.50/tensorboard/Grad_mlp.fc2.lora_B_block_0/events.out.tfevents.1768387349.master-192-168-8-48.1680.8,mlp.fc2.lora_B,0
1768387696.1949177,534,16.71875,0.2409731149673462,Grad/mlp.fc2.lora_B,outputs_dev/vitb16/T=vtab_Q=3bit_L=lora_2_qkv-fc1-proj-fc2/cifar/20260114184203_default_acc=53.50/tensorboard/Grad_mlp.fc2.lora_B_block_0/events.out.tfevents.1768387349.master-192-168-8-48.1680.8,mlp.fc2.lora_B,0
1768387696.620335,535,16.75,0.4093632698059082,Grad/mlp.fc2.lora_B,outputs_dev/vitb16/T=vtab_Q=3bit_L=lora_2_qkv-fc1-proj-fc2/cifar/20260114184203_default_acc=53.50/tensorboard/Grad_mlp.fc2.lora_B_block_0/events.out.tfevents.1768387349.master-192-168-8-48.1680.8,mlp.fc2.lora_B,0
1768387697.0457444,536,16.78125,0.31467685103416443,Grad/mlp.fc2.lora_B,outputs_dev/vitb16/T=vtab_Q=3bit_L=lora_2_qkv-fc1-proj-fc2/cifar/20260114184203_default_acc=53.50/tensorboard/Grad_mlp.fc2.lora_B_block_0/events.out.tfevents.1768387349.master-192-168-8-48.1680.8,mlp.fc2.lora_B,0
1768387697.4695327,537,16.8125,0.28257665038108826,Grad/mlp.fc2.lora_B,outputs_dev/vitb16/T=vtab_Q=3bit_L=lora_2_qkv-fc1-proj-fc2/cifar/20260114184203_default_acc=53.50/tensorboard/Grad_mlp.fc2.lora_B_block_0/events.out.tfevents.1768387349.master-192-168-8-48.1680.8,mlp.fc2.lora_B,0
1768387697.8957837,538,16.84375,0.2678268253803253,Grad/mlp.fc2.lora_B,outputs_dev/vitb16/T=vtab_Q=3bit_L=lora_2_qkv-fc1-proj-fc2/cifar/20260114184203_default_acc=53.50/tensorboard/Grad_mlp.fc2.lora_B_block_0/events.out.tfevents.1768387349.master-192-168-8-48.1680.8,mlp.fc2.lora_B,0
1768387698.320667,539,16.875,0.20644892752170563,Grad/mlp.fc2.lora_B,outputs_dev/vitb16/T=vtab_Q=3bit_L=lora_2_qkv-fc1-proj-fc2/cifar/20260114184203_default_acc=53.50/tensorboard/Grad_mlp.fc2.lora_B_block_0/events.out.tfevents.1768387349.master-192-168-8-48.1680.8,mlp.fc2.lora_B,0
1768387698.75029,540,16.90625,0.2871735394001007,Grad/mlp.fc2.lora_B,outputs_dev/vitb16/T=vtab_Q=3bit_L=lora_2_qkv-fc1-proj-fc2/cifar/20260114184203_default_acc=53.50/tensorboard/Grad_mlp.fc2.lora_B_block_0/events.out.tfevents.1768387349.master-192-168-8-48.1680.8,mlp.fc2.lora_B,0
1768387699.1747315,541,16.9375,0.20592133700847626,Grad/mlp.fc2.lora_B,outputs_dev/vitb16/T=vtab_Q=3bit_L=lora_2_qkv-fc1-proj-fc2/cifar/20260114184203_default_acc=53.50/tensorboard/Grad_mlp.fc2.lora_B_block_0/events.out.tfevents.1768387349.master-192-168-8-48.1680.8,mlp.fc2.lora_B,0
1768387699.602036,542,16.96875,0.329505980014801,Grad/mlp.fc2.lora_B,outputs_dev/vitb16/T=vtab_Q=3bit_L=lora_2_qkv-fc1-proj-fc2/cifar/20260114184203_default_acc=53.50/tensorboard/Grad_mlp.fc2.lora_B_block_0/events.out.tfevents.1768387349.master-192-168-8-48.1680.8,mlp.fc2.lora_B,0
1768387699.803842,543,17.0,0.4387476146221161,Grad/mlp.fc2.lora_B,outputs_dev/vitb16/T=vtab_Q=3bit_L=lora_2_qkv-fc1-proj-fc2/cifar/20260114184203_default_acc=53.50/tensorboard/Grad_mlp.fc2.lora_B_block_0/events.out.tfevents.1768387349.master-192-168-8-48.1680.8,mlp.fc2.lora_B,0
1768387700.4509032,544,17.03125,0.32086971402168274,Grad/mlp.fc2.lora_B,outputs_dev/vitb16/T=vtab_Q=3bit_L=lora_2_qkv-fc1-proj-fc2/cifar/20260114184203_default_acc=53.50/tensorboard/Grad_mlp.fc2.lora_B_block_0/events.out.tfevents.1768387349.master-192-168-8-48.1680.8,mlp.fc2.lora_B,0
1768387700.8625813,545,17.0625,0.2802984118461609,Grad/mlp.fc2.lora_B,outputs_dev/vitb16/T=vtab_Q=3bit_L=lora_2_qkv-fc1-proj-fc2/cifar/20260114184203_default_acc=53.50/tensorboard/Grad_mlp.fc2.lora_B_block_0/events.out.tfevents.1768387349.master-192-168-8-48.1680.8,mlp.fc2.lora_B,0
1768387701.2876537,546,17.09375,0.2885573208332062,Grad/mlp.fc2.lora_B,outputs_dev/vitb16/T=vtab_Q=3bit_L=lora_2_qkv-fc1-proj-fc2/cifar/20260114184203_default_acc=53.50/tensorboard/Grad_mlp.fc2.lora_B_block_0/events.out.tfevents.1768387349.master-192-168-8-48.1680.8,mlp.fc2.lora_B,0
1768387701.712582,547,17.125,0.22843343019485474,Grad/mlp.fc2.lora_B,outputs_dev/vitb16/T=vtab_Q=3bit_L=lora_2_qkv-fc1-proj-fc2/cifar/20260114184203_default_acc=53.50/tensorboard/Grad_mlp.fc2.lora_B_block_0/events.out.tfevents.1768387349.master-192-168-8-48.1680.8,mlp.fc2.lora_B,0
1768387702.1399417,548,17.15625,0.407616525888443,Grad/mlp.fc2.lora_B,outputs_dev/vitb16/T=vtab_Q=3bit_L=lora_2_qkv-fc1-proj-fc2/cifar/20260114184203_default_acc=53.50/tensorboard/Grad_mlp.fc2.lora_B_block_0/events.out.tfevents.1768387349.master-192-168-8-48.1680.8,mlp.fc2.lora_B,0
1768387702.568053,549,17.1875,0.272431343793869,Grad/mlp.fc2.lora_B,outputs_dev/vitb16/T=vtab_Q=3bit_L=lora_2_qkv-fc1-proj-fc2/cifar/20260114184203_default_acc=53.50/tensorboard/Grad_mlp.fc2.lora_B_block_0/events.out.tfevents.1768387349.master-192-168-8-48.1680.8,mlp.fc2.lora_B,0
1768387703.0148103,550,17.21875,0.2980784475803375,Grad/mlp.fc2.lora_B,outputs_dev/vitb16/T=vtab_Q=3bit_L=lora_2_qkv-fc1-proj-fc2/cifar/20260114184203_default_acc=53.50/tensorboard/Grad_mlp.fc2.lora_B_block_0/events.out.tfevents.1768387349.master-192-168-8-48.1680.8,mlp.fc2.lora_B,0
1768387703.4379027,551,17.25,0.28903844952583313,Grad/mlp.fc2.lora_B,outputs_dev/vitb16/T=vtab_Q=3bit_L=lora_2_qkv-fc1-proj-fc2/cifar/20260114184203_default_acc=53.50/tensorboard/Grad_mlp.fc2.lora_B_block_0/events.out.tfevents.1768387349.master-192-168-8-48.1680.8,mlp.fc2.lora_B,0
1768387703.8622053,552,17.28125,0.23381000757217407,Grad/mlp.fc2.lora_B,outputs_dev/vitb16/T=vtab_Q=3bit_L=lora_2_qkv-fc1-proj-fc2/cifar/20260114184203_default_acc=53.50/tensorboard/Grad_mlp.fc2.lora_B_block_0/events.out.tfevents.1768387349.master-192-168-8-48.1680.8,mlp.fc2.lora_B,0
1768387704.2871444,553,17.3125,0.2658352553844452,Grad/mlp.fc2.lora_B,outputs_dev/vitb16/T=vtab_Q=3bit_L=lora_2_qkv-fc1-proj-fc2/cifar/20260114184203_default_acc=53.50/tensorboard/Grad_mlp.fc2.lora_B_block_0/events.out.tfevents.1768387349.master-192-168-8-48.1680.8,mlp.fc2.lora_B,0
1768387704.7094114,554,17.34375,0.4272095263004303,Grad/mlp.fc2.lora_B,outputs_dev/vitb16/T=vtab_Q=3bit_L=lora_2_qkv-fc1-proj-fc2/cifar/20260114184203_default_acc=53.50/tensorboard/Grad_mlp.fc2.lora_B_block_0/events.out.tfevents.1768387349.master-192-168-8-48.1680.8,mlp.fc2.lora_B,0
1768387705.136591,555,17.375,0.26840531826019287,Grad/mlp.fc2.lora_B,outputs_dev/vitb16/T=vtab_Q=3bit_L=lora_2_qkv-fc1-proj-fc2/cifar/20260114184203_default_acc=53.50/tensorboard/Grad_mlp.fc2.lora_B_block_0/events.out.tfevents.1768387349.master-192-168-8-48.1680.8,mlp.fc2.lora_B,0
1768387705.560228,556,17.40625,0.2497200071811676,Grad/mlp.fc2.lora_B,outputs_dev/vitb16/T=vtab_Q=3bit_L=lora_2_qkv-fc1-proj-fc2/cifar/20260114184203_default_acc=53.50/tensorboard/Grad_mlp.fc2.lora_B_block_0/events.out.tfevents.1768387349.master-192-168-8-48.1680.8,mlp.fc2.lora_B,0
1768387705.9691806,557,17.4375,0.355821818113327,Grad/mlp.fc2.lora_B,outputs_dev/vitb16/T=vtab_Q=3bit_L=lora_2_qkv-fc1-proj-fc2/cifar/20260114184203_default_acc=53.50/tensorboard/Grad_mlp.fc2.lora_B_block_0/events.out.tfevents.1768387349.master-192-168-8-48.1680.8,mlp.fc2.lora_B,0
1768387706.3903499,558,17.46875,0.29144561290740967,Grad/mlp.fc2.lora_B,outputs_dev/vitb16/T=vtab_Q=3bit_L=lora_2_qkv-fc1-proj-fc2/cifar/20260114184203_default_acc=53.50/tensorboard/Grad_mlp.fc2.lora_B_block_0/events.out.tfevents.1768387349.master-192-168-8-48.1680.8,mlp.fc2.lora_B,0
1768387706.8141031,559,17.5,0.2865178883075714,Grad/mlp.fc2.lora_B,outputs_dev/vitb16/T=vtab_Q=3bit_L=lora_2_qkv-fc1-proj-fc2/cifar/20260114184203_default_acc=53.50/tensorboard/Grad_mlp.fc2.lora_B_block_0/events.out.tfevents.1768387349.master-192-168-8-48.1680.8,mlp.fc2.lora_B,0
1768387707.2347953,560,17.53125,0.3307685852050781,Grad/mlp.fc2.lora_B,outputs_dev/vitb16/T=vtab_Q=3bit_L=lora_2_qkv-fc1-proj-fc2/cifar/20260114184203_default_acc=53.50/tensorboard/Grad_mlp.fc2.lora_B_block_0/events.out.tfevents.1768387349.master-192-168-8-48.1680.8,mlp.fc2.lora_B,0
1768387707.6584156,561,17.5625,0.3862980306148529,Grad/mlp.fc2.lora_B,outputs_dev/vitb16/T=vtab_Q=3bit_L=lora_2_qkv-fc1-proj-fc2/cifar/20260114184203_default_acc=53.50/tensorboard/Grad_mlp.fc2.lora_B_block_0/events.out.tfevents.1768387349.master-192-168-8-48.1680.8,mlp.fc2.lora_B,0
1768387708.0803428,562,17.59375,0.49904778599739075,Grad/mlp.fc2.lora_B,outputs_dev/vitb16/T=vtab_Q=3bit_L=lora_2_qkv-fc1-proj-fc2/cifar/20260114184203_default_acc=53.50/tensorboard/Grad_mlp.fc2.lora_B_block_0/events.out.tfevents.1768387349.master-192-168-8-48.1680.8,mlp.fc2.lora_B,0
1768387708.4905403,563,17.625,0.2509886622428894,Grad/mlp.fc2.lora_B,outputs_dev/vitb16/T=vtab_Q=3bit_L=lora_2_qkv-fc1-proj-fc2/cifar/20260114184203_default_acc=53.50/tensorboard/Grad_mlp.fc2.lora_B_block_0/events.out.tfevents.1768387349.master-192-168-8-48.1680.8,mlp.fc2.lora_B,0
1768387708.9122143,564,17.65625,0.32132598757743835,Grad/mlp.fc2.lora_B,outputs_dev/vitb16/T=vtab_Q=3bit_L=lora_2_qkv-fc1-proj-fc2/cifar/20260114184203_default_acc=53.50/tensorboard/Grad_mlp.fc2.lora_B_block_0/events.out.tfevents.1768387349.master-192-168-8-48.1680.8,mlp.fc2.lora_B,0
1768387709.3376524,565,17.6875,0.5333598852157593,Grad/mlp.fc2.lora_B,outputs_dev/vitb16/T=vtab_Q=3bit_L=lora_2_qkv-fc1-proj-fc2/cifar/20260114184203_default_acc=53.50/tensorboard/Grad_mlp.fc2.lora_B_block_0/events.out.tfevents.1768387349.master-192-168-8-48.1680.8,mlp.fc2.lora_B,0
1768387709.7622986,566,17.71875,0.25876808166503906,Grad/mlp.fc2.lora_B,outputs_dev/vitb16/T=vtab_Q=3bit_L=lora_2_qkv-fc1-proj-fc2/cifar/20260114184203_default_acc=53.50/tensorboard/Grad_mlp.fc2.lora_B_block_0/events.out.tfevents.1768387349.master-192-168-8-48.1680.8,mlp.fc2.lora_B,0
1768387710.1849606,567,17.75,0.3557336628437042,Grad/mlp.fc2.lora_B,outputs_dev/vitb16/T=vtab_Q=3bit_L=lora_2_qkv-fc1-proj-fc2/cifar/20260114184203_default_acc=53.50/tensorboard/Grad_mlp.fc2.lora_B_block_0/events.out.tfevents.1768387349.master-192-168-8-48.1680.8,mlp.fc2.lora_B,0
1768387710.6103168,568,17.78125,0.35926198959350586,Grad/mlp.fc2.lora_B,outputs_dev/vitb16/T=vtab_Q=3bit_L=lora_2_qkv-fc1-proj-fc2/cifar/20260114184203_default_acc=53.50/tensorboard/Grad_mlp.fc2.lora_B_block_0/events.out.tfevents.1768387349.master-192-168-8-48.1680.8,mlp.fc2.lora_B,0
1768387711.0354888,569,17.8125,0.5129439830780029,Grad/mlp.fc2.lora_B,outputs_dev/vitb16/T=vtab_Q=3bit_L=lora_2_qkv-fc1-proj-fc2/cifar/20260114184203_default_acc=53.50/tensorboard/Grad_mlp.fc2.lora_B_block_0/events.out.tfevents.1768387349.master-192-168-8-48.1680.8,mlp.fc2.lora_B,0
1768387711.458921,570,17.84375,0.3108637034893036,Grad/mlp.fc2.lora_B,outputs_dev/vitb16/T=vtab_Q=3bit_L=lora_2_qkv-fc1-proj-fc2/cifar/20260114184203_default_acc=53.50/tensorboard/Grad_mlp.fc2.lora_B_block_0/events.out.tfevents.1768387349.master-192-168-8-48.1680.8,mlp.fc2.lora_B,0
1768387711.8830426,571,17.875,0.33315736055374146,Grad/mlp.fc2.lora_B,outputs_dev/vitb16/T=vtab_Q=3bit_L=lora_2_qkv-fc1-proj-fc2/cifar/20260114184203_default_acc=53.50/tensorboard/Grad_mlp.fc2.lora_B_block_0/events.out.tfevents.1768387349.master-192-168-8-48.1680.8,mlp.fc2.lora_B,0
1768387712.3086505,572,17.90625,0.31753286719322205,Grad/mlp.fc2.lora_B,outputs_dev/vitb16/T=vtab_Q=3bit_L=lora_2_qkv-fc1-proj-fc2/cifar/20260114184203_default_acc=53.50/tensorboard/Grad_mlp.fc2.lora_B_block_0/events.out.tfevents.1768387349.master-192-168-8-48.1680.8,mlp.fc2.lora_B,0
1768387712.7312052,573,17.9375,0.23872685432434082,Grad/mlp.fc2.lora_B,outputs_dev/vitb16/T=vtab_Q=3bit_L=lora_2_qkv-fc1-proj-fc2/cifar/20260114184203_default_acc=53.50/tensorboard/Grad_mlp.fc2.lora_B_block_0/events.out.tfevents.1768387349.master-192-168-8-48.1680.8,mlp.fc2.lora_B,0
1768387713.1556194,574,17.96875,0.35364392399787903,Grad/mlp.fc2.lora_B,outputs_dev/vitb16/T=vtab_Q=3bit_L=lora_2_qkv-fc1-proj-fc2/cifar/20260114184203_default_acc=53.50/tensorboard/Grad_mlp.fc2.lora_B_block_0/events.out.tfevents.1768387349.master-192-168-8-48.1680.8,mlp.fc2.lora_B,0
1768387713.3642347,575,18.0,0.5406864285469055,Grad/mlp.fc2.lora_B,outputs_dev/vitb16/T=vtab_Q=3bit_L=lora_2_qkv-fc1-proj-fc2/cifar/20260114184203_default_acc=53.50/tensorboard/Grad_mlp.fc2.lora_B_block_0/events.out.tfevents.1768387349.master-192-168-8-48.1680.8,mlp.fc2.lora_B,0
1768387714.0549562,576,18.03125,0.22525545954704285,Grad/mlp.fc2.lora_B,outputs_dev/vitb16/T=vtab_Q=3bit_L=lora_2_qkv-fc1-proj-fc2/cifar/20260114184203_default_acc=53.50/tensorboard/Grad_mlp.fc2.lora_B_block_0/events.out.tfevents.1768387349.master-192-168-8-48.1680.8,mlp.fc2.lora_B,0
1768387714.4993398,577,18.0625,0.2809903025627136,Grad/mlp.fc2.lora_B,outputs_dev/vitb16/T=vtab_Q=3bit_L=lora_2_qkv-fc1-proj-fc2/cifar/20260114184203_default_acc=53.50/tensorboard/Grad_mlp.fc2.lora_B_block_0/events.out.tfevents.1768387349.master-192-168-8-48.1680.8,mlp.fc2.lora_B,0
1768387714.929391,578,18.09375,0.2560581862926483,Grad/mlp.fc2.lora_B,outputs_dev/vitb16/T=vtab_Q=3bit_L=lora_2_qkv-fc1-proj-fc2/cifar/20260114184203_default_acc=53.50/tensorboard/Grad_mlp.fc2.lora_B_block_0/events.out.tfevents.1768387349.master-192-168-8-48.1680.8,mlp.fc2.lora_B,0
1768387715.3713946,579,18.125,0.3064524531364441,Grad/mlp.fc2.lora_B,outputs_dev/vitb16/T=vtab_Q=3bit_L=lora_2_qkv-fc1-proj-fc2/cifar/20260114184203_default_acc=53.50/tensorboard/Grad_mlp.fc2.lora_B_block_0/events.out.tfevents.1768387349.master-192-168-8-48.1680.8,mlp.fc2.lora_B,0
1768387715.8129075,580,18.15625,0.30493584275245667,Grad/mlp.fc2.lora_B,outputs_dev/vitb16/T=vtab_Q=3bit_L=lora_2_qkv-fc1-proj-fc2/cifar/20260114184203_default_acc=53.50/tensorboard/Grad_mlp.fc2.lora_B_block_0/events.out.tfevents.1768387349.master-192-168-8-48.1680.8,mlp.fc2.lora_B,0
1768387716.2436223,581,18.1875,0.41742652654647827,Grad/mlp.fc2.lora_B,outputs_dev/vitb16/T=vtab_Q=3bit_L=lora_2_qkv-fc1-proj-fc2/cifar/20260114184203_default_acc=53.50/tensorboard/Grad_mlp.fc2.lora_B_block_0/events.out.tfevents.1768387349.master-192-168-8-48.1680.8,mlp.fc2.lora_B,0
1768387716.677118,582,18.21875,0.21234118938446045,Grad/mlp.fc2.lora_B,outputs_dev/vitb16/T=vtab_Q=3bit_L=lora_2_qkv-fc1-proj-fc2/cifar/20260114184203_default_acc=53.50/tensorboard/Grad_mlp.fc2.lora_B_block_0/events.out.tfevents.1768387349.master-192-168-8-48.1680.8,mlp.fc2.lora_B,0
1768387717.106199,583,18.25,0.2092278152704239,Grad/mlp.fc2.lora_B,outputs_dev/vitb16/T=vtab_Q=3bit_L=lora_2_qkv-fc1-proj-fc2/cifar/20260114184203_default_acc=53.50/tensorboard/Grad_mlp.fc2.lora_B_block_0/events.out.tfevents.1768387349.master-192-168-8-48.1680.8,mlp.fc2.lora_B,0
1768387717.5532286,584,18.28125,0.347945898771286,Grad/mlp.fc2.lora_B,outputs_dev/vitb16/T=vtab_Q=3bit_L=lora_2_qkv-fc1-proj-fc2/cifar/20260114184203_default_acc=53.50/tensorboard/Grad_mlp.fc2.lora_B_block_0/events.out.tfevents.1768387349.master-192-168-8-48.1680.8,mlp.fc2.lora_B,0
1768387718.000646,585,18.3125,0.4914213716983795,Grad/mlp.fc2.lora_B,outputs_dev/vitb16/T=vtab_Q=3bit_L=lora_2_qkv-fc1-proj-fc2/cifar/20260114184203_default_acc=53.50/tensorboard/Grad_mlp.fc2.lora_B_block_0/events.out.tfevents.1768387349.master-192-168-8-48.1680.8,mlp.fc2.lora_B,0
1768387718.429841,586,18.34375,0.44205066561698914,Grad/mlp.fc2.lora_B,outputs_dev/vitb16/T=vtab_Q=3bit_L=lora_2_qkv-fc1-proj-fc2/cifar/20260114184203_default_acc=53.50/tensorboard/Grad_mlp.fc2.lora_B_block_0/events.out.tfevents.1768387349.master-192-168-8-48.1680.8,mlp.fc2.lora_B,0
1768387718.864334,587,18.375,0.2435765266418457,Grad/mlp.fc2.lora_B,outputs_dev/vitb16/T=vtab_Q=3bit_L=lora_2_qkv-fc1-proj-fc2/cifar/20260114184203_default_acc=53.50/tensorboard/Grad_mlp.fc2.lora_B_block_0/events.out.tfevents.1768387349.master-192-168-8-48.1680.8,mlp.fc2.lora_B,0
1768387719.3058586,588,18.40625,0.45017656683921814,Grad/mlp.fc2.lora_B,outputs_dev/vitb16/T=vtab_Q=3bit_L=lora_2_qkv-fc1-proj-fc2/cifar/20260114184203_default_acc=53.50/tensorboard/Grad_mlp.fc2.lora_B_block_0/events.out.tfevents.1768387349.master-192-168-8-48.1680.8,mlp.fc2.lora_B,0
1768387719.7341287,589,18.4375,0.2451222985982895,Grad/mlp.fc2.lora_B,outputs_dev/vitb16/T=vtab_Q=3bit_L=lora_2_qkv-fc1-proj-fc2/cifar/20260114184203_default_acc=53.50/tensorboard/Grad_mlp.fc2.lora_B_block_0/events.out.tfevents.1768387349.master-192-168-8-48.1680.8,mlp.fc2.lora_B,0
1768387720.16232,590,18.46875,0.49735742807388306,Grad/mlp.fc2.lora_B,outputs_dev/vitb16/T=vtab_Q=3bit_L=lora_2_qkv-fc1-proj-fc2/cifar/20260114184203_default_acc=53.50/tensorboard/Grad_mlp.fc2.lora_B_block_0/events.out.tfevents.1768387349.master-192-168-8-48.1680.8,mlp.fc2.lora_B,0
1768387720.589747,591,18.5,0.2524747848510742,Grad/mlp.fc2.lora_B,outputs_dev/vitb16/T=vtab_Q=3bit_L=lora_2_qkv-fc1-proj-fc2/cifar/20260114184203_default_acc=53.50/tensorboard/Grad_mlp.fc2.lora_B_block_0/events.out.tfevents.1768387349.master-192-168-8-48.1680.8,mlp.fc2.lora_B,0
1768387721.0289798,592,18.53125,0.4098142087459564,Grad/mlp.fc2.lora_B,outputs_dev/vitb16/T=vtab_Q=3bit_L=lora_2_qkv-fc1-proj-fc2/cifar/20260114184203_default_acc=53.50/tensorboard/Grad_mlp.fc2.lora_B_block_0/events.out.tfevents.1768387349.master-192-168-8-48.1680.8,mlp.fc2.lora_B,0
1768387721.458056,593,18.5625,0.32171761989593506,Grad/mlp.fc2.lora_B,outputs_dev/vitb16/T=vtab_Q=3bit_L=lora_2_qkv-fc1-proj-fc2/cifar/20260114184203_default_acc=53.50/tensorboard/Grad_mlp.fc2.lora_B_block_0/events.out.tfevents.1768387349.master-192-168-8-48.1680.8,mlp.fc2.lora_B,0
1768387721.9107378,594,18.59375,0.4697907865047455,Grad/mlp.fc2.lora_B,outputs_dev/vitb16/T=vtab_Q=3bit_L=lora_2_qkv-fc1-proj-fc2/cifar/20260114184203_default_acc=53.50/tensorboard/Grad_mlp.fc2.lora_B_block_0/events.out.tfevents.1768387349.master-192-168-8-48.1680.8,mlp.fc2.lora_B,0
1768387722.3274999,595,18.625,0.31814640760421753,Grad/mlp.fc2.lora_B,outputs_dev/vitb16/T=vtab_Q=3bit_L=lora_2_qkv-fc1-proj-fc2/cifar/20260114184203_default_acc=53.50/tensorboard/Grad_mlp.fc2.lora_B_block_0/events.out.tfevents.1768387349.master-192-168-8-48.1680.8,mlp.fc2.lora_B,0
1768387722.7689943,596,18.65625,0.2530849874019623,Grad/mlp.fc2.lora_B,outputs_dev/vitb16/T=vtab_Q=3bit_L=lora_2_qkv-fc1-proj-fc2/cifar/20260114184203_default_acc=53.50/tensorboard/Grad_mlp.fc2.lora_B_block_0/events.out.tfevents.1768387349.master-192-168-8-48.1680.8,mlp.fc2.lora_B,0
1768387723.1932123,597,18.6875,0.24712766706943512,Grad/mlp.fc2.lora_B,outputs_dev/vitb16/T=vtab_Q=3bit_L=lora_2_qkv-fc1-proj-fc2/cifar/20260114184203_default_acc=53.50/tensorboard/Grad_mlp.fc2.lora_B_block_0/events.out.tfevents.1768387349.master-192-168-8-48.1680.8,mlp.fc2.lora_B,0
1768387723.6296415,598,18.71875,0.2320161908864975,Grad/mlp.fc2.lora_B,outputs_dev/vitb16/T=vtab_Q=3bit_L=lora_2_qkv-fc1-proj-fc2/cifar/20260114184203_default_acc=53.50/tensorboard/Grad_mlp.fc2.lora_B_block_0/events.out.tfevents.1768387349.master-192-168-8-48.1680.8,mlp.fc2.lora_B,0
1768387724.0534256,599,18.75,0.4514367878437042,Grad/mlp.fc2.lora_B,outputs_dev/vitb16/T=vtab_Q=3bit_L=lora_2_qkv-fc1-proj-fc2/cifar/20260114184203_default_acc=53.50/tensorboard/Grad_mlp.fc2.lora_B_block_0/events.out.tfevents.1768387349.master-192-168-8-48.1680.8,mlp.fc2.lora_B,0
1768387724.4905803,600,18.78125,0.39048975706100464,Grad/mlp.fc2.lora_B,outputs_dev/vitb16/T=vtab_Q=3bit_L=lora_2_qkv-fc1-proj-fc2/cifar/20260114184203_default_acc=53.50/tensorboard/Grad_mlp.fc2.lora_B_block_0/events.out.tfevents.1768387349.master-192-168-8-48.1680.8,mlp.fc2.lora_B,0
1768387724.9140947,601,18.8125,0.4741351008415222,Grad/mlp.fc2.lora_B,outputs_dev/vitb16/T=vtab_Q=3bit_L=lora_2_qkv-fc1-proj-fc2/cifar/20260114184203_default_acc=53.50/tensorboard/Grad_mlp.fc2.lora_B_block_0/events.out.tfevents.1768387349.master-192-168-8-48.1680.8,mlp.fc2.lora_B,0
1768387725.337613,602,18.84375,0.3587273359298706,Grad/mlp.fc2.lora_B,outputs_dev/vitb16/T=vtab_Q=3bit_L=lora_2_qkv-fc1-proj-fc2/cifar/20260114184203_default_acc=53.50/tensorboard/Grad_mlp.fc2.lora_B_block_0/events.out.tfevents.1768387349.master-192-168-8-48.1680.8,mlp.fc2.lora_B,0
1768387725.7621613,603,18.875,0.29587069153785706,Grad/mlp.fc2.lora_B,outputs_dev/vitb16/T=vtab_Q=3bit_L=lora_2_qkv-fc1-proj-fc2/cifar/20260114184203_default_acc=53.50/tensorboard/Grad_mlp.fc2.lora_B_block_0/events.out.tfevents.1768387349.master-192-168-8-48.1680.8,mlp.fc2.lora_B,0
1768387726.1866336,604,18.90625,0.31941309571266174,Grad/mlp.fc2.lora_B,outputs_dev/vitb16/T=vtab_Q=3bit_L=lora_2_qkv-fc1-proj-fc2/cifar/20260114184203_default_acc=53.50/tensorboard/Grad_mlp.fc2.lora_B_block_0/events.out.tfevents.1768387349.master-192-168-8-48.1680.8,mlp.fc2.lora_B,0
1768387726.6086903,605,18.9375,0.3082693815231323,Grad/mlp.fc2.lora_B,outputs_dev/vitb16/T=vtab_Q=3bit_L=lora_2_qkv-fc1-proj-fc2/cifar/20260114184203_default_acc=53.50/tensorboard/Grad_mlp.fc2.lora_B_block_0/events.out.tfevents.1768387349.master-192-168-8-48.1680.8,mlp.fc2.lora_B,0
1768387727.0340564,606,18.96875,0.46427279710769653,Grad/mlp.fc2.lora_B,outputs_dev/vitb16/T=vtab_Q=3bit_L=lora_2_qkv-fc1-proj-fc2/cifar/20260114184203_default_acc=53.50/tensorboard/Grad_mlp.fc2.lora_B_block_0/events.out.tfevents.1768387349.master-192-168-8-48.1680.8,mlp.fc2.lora_B,0
1768387727.2593055,607,19.0,0.510797917842865,Grad/mlp.fc2.lora_B,outputs_dev/vitb16/T=vtab_Q=3bit_L=lora_2_qkv-fc1-proj-fc2/cifar/20260114184203_default_acc=53.50/tensorboard/Grad_mlp.fc2.lora_B_block_0/events.out.tfevents.1768387349.master-192-168-8-48.1680.8,mlp.fc2.lora_B,0
1768387727.952076,608,19.03125,0.38550910353660583,Grad/mlp.fc2.lora_B,outputs_dev/vitb16/T=vtab_Q=3bit_L=lora_2_qkv-fc1-proj-fc2/cifar/20260114184203_default_acc=53.50/tensorboard/Grad_mlp.fc2.lora_B_block_0/events.out.tfevents.1768387349.master-192-168-8-48.1680.8,mlp.fc2.lora_B,0
1768387728.3854318,609,19.0625,0.4503287971019745,Grad/mlp.fc2.lora_B,outputs_dev/vitb16/T=vtab_Q=3bit_L=lora_2_qkv-fc1-proj-fc2/cifar/20260114184203_default_acc=53.50/tensorboard/Grad_mlp.fc2.lora_B_block_0/events.out.tfevents.1768387349.master-192-168-8-48.1680.8,mlp.fc2.lora_B,0
1768387728.8296273,610,19.09375,0.38989749550819397,Grad/mlp.fc2.lora_B,outputs_dev/vitb16/T=vtab_Q=3bit_L=lora_2_qkv-fc1-proj-fc2/cifar/20260114184203_default_acc=53.50/tensorboard/Grad_mlp.fc2.lora_B_block_0/events.out.tfevents.1768387349.master-192-168-8-48.1680.8,mlp.fc2.lora_B,0
1768387729.2605383,611,19.125,0.37503623962402344,Grad/mlp.fc2.lora_B,outputs_dev/vitb16/T=vtab_Q=3bit_L=lora_2_qkv-fc1-proj-fc2/cifar/20260114184203_default_acc=53.50/tensorboard/Grad_mlp.fc2.lora_B_block_0/events.out.tfevents.1768387349.master-192-168-8-48.1680.8,mlp.fc2.lora_B,0
1768387729.6853807,612,19.15625,0.2840549051761627,Grad/mlp.fc2.lora_B,outputs_dev/vitb16/T=vtab_Q=3bit_L=lora_2_qkv-fc1-proj-fc2/cifar/20260114184203_default_acc=53.50/tensorboard/Grad_mlp.fc2.lora_B_block_0/events.out.tfevents.1768387349.master-192-168-8-48.1680.8,mlp.fc2.lora_B,0
1768387730.1135385,613,19.1875,0.4880238175392151,Grad/mlp.fc2.lora_B,outputs_dev/vitb16/T=vtab_Q=3bit_L=lora_2_qkv-fc1-proj-fc2/cifar/20260114184203_default_acc=53.50/tensorboard/Grad_mlp.fc2.lora_B_block_0/events.out.tfevents.1768387349.master-192-168-8-48.1680.8,mlp.fc2.lora_B,0
1768387730.5391057,614,19.21875,0.7986919283866882,Grad/mlp.fc2.lora_B,outputs_dev/vitb16/T=vtab_Q=3bit_L=lora_2_qkv-fc1-proj-fc2/cifar/20260114184203_default_acc=53.50/tensorboard/Grad_mlp.fc2.lora_B_block_0/events.out.tfevents.1768387349.master-192-168-8-48.1680.8,mlp.fc2.lora_B,0
1768387730.9669743,615,19.25,0.31537163257598877,Grad/mlp.fc2.lora_B,outputs_dev/vitb16/T=vtab_Q=3bit_L=lora_2_qkv-fc1-proj-fc2/cifar/20260114184203_default_acc=53.50/tensorboard/Grad_mlp.fc2.lora_B_block_0/events.out.tfevents.1768387349.master-192-168-8-48.1680.8,mlp.fc2.lora_B,0
1768387731.3998623,616,19.28125,0.41443246603012085,Grad/mlp.fc2.lora_B,outputs_dev/vitb16/T=vtab_Q=3bit_L=lora_2_qkv-fc1-proj-fc2/cifar/20260114184203_default_acc=53.50/tensorboard/Grad_mlp.fc2.lora_B_block_0/events.out.tfevents.1768387349.master-192-168-8-48.1680.8,mlp.fc2.lora_B,0
1768387731.817684,617,19.3125,0.37258073687553406,Grad/mlp.fc2.lora_B,outputs_dev/vitb16/T=vtab_Q=3bit_L=lora_2_qkv-fc1-proj-fc2/cifar/20260114184203_default_acc=53.50/tensorboard/Grad_mlp.fc2.lora_B_block_0/events.out.tfevents.1768387349.master-192-168-8-48.1680.8,mlp.fc2.lora_B,0
1768387732.2446663,618,19.34375,0.541543185710907,Grad/mlp.fc2.lora_B,outputs_dev/vitb16/T=vtab_Q=3bit_L=lora_2_qkv-fc1-proj-fc2/cifar/20260114184203_default_acc=53.50/tensorboard/Grad_mlp.fc2.lora_B_block_0/events.out.tfevents.1768387349.master-192-168-8-48.1680.8,mlp.fc2.lora_B,0
1768387732.6762488,619,19.375,0.5679279565811157,Grad/mlp.fc2.lora_B,outputs_dev/vitb16/T=vtab_Q=3bit_L=lora_2_qkv-fc1-proj-fc2/cifar/20260114184203_default_acc=53.50/tensorboard/Grad_mlp.fc2.lora_B_block_0/events.out.tfevents.1768387349.master-192-168-8-48.1680.8,mlp.fc2.lora_B,0
1768387733.1061914,620,19.40625,0.9866418838500977,Grad/mlp.fc2.lora_B,outputs_dev/vitb16/T=vtab_Q=3bit_L=lora_2_qkv-fc1-proj-fc2/cifar/20260114184203_default_acc=53.50/tensorboard/Grad_mlp.fc2.lora_B_block_0/events.out.tfevents.1768387349.master-192-168-8-48.1680.8,mlp.fc2.lora_B,0
1768387733.5473948,621,19.4375,0.6596473455429077,Grad/mlp.fc2.lora_B,outputs_dev/vitb16/T=vtab_Q=3bit_L=lora_2_qkv-fc1-proj-fc2/cifar/20260114184203_default_acc=53.50/tensorboard/Grad_mlp.fc2.lora_B_block_0/events.out.tfevents.1768387349.master-192-168-8-48.1680.8,mlp.fc2.lora_B,0
1768387733.978579,622,19.46875,0.3113691806793213,Grad/mlp.fc2.lora_B,outputs_dev/vitb16/T=vtab_Q=3bit_L=lora_2_qkv-fc1-proj-fc2/cifar/20260114184203_default_acc=53.50/tensorboard/Grad_mlp.fc2.lora_B_block_0/events.out.tfevents.1768387349.master-192-168-8-48.1680.8,mlp.fc2.lora_B,0
1768387734.4081397,623,19.5,0.4949723780155182,Grad/mlp.fc2.lora_B,outputs_dev/vitb16/T=vtab_Q=3bit_L=lora_2_qkv-fc1-proj-fc2/cifar/20260114184203_default_acc=53.50/tensorboard/Grad_mlp.fc2.lora_B_block_0/events.out.tfevents.1768387349.master-192-168-8-48.1680.8,mlp.fc2.lora_B,0
1768387734.8553731,624,19.53125,0.49204200506210327,Grad/mlp.fc2.lora_B,outputs_dev/vitb16/T=vtab_Q=3bit_L=lora_2_qkv-fc1-proj-fc2/cifar/20260114184203_default_acc=53.50/tensorboard/Grad_mlp.fc2.lora_B_block_0/events.out.tfevents.1768387349.master-192-168-8-48.1680.8,mlp.fc2.lora_B,0
1768387735.2849088,625,19.5625,0.6244559288024902,Grad/mlp.fc2.lora_B,outputs_dev/vitb16/T=vtab_Q=3bit_L=lora_2_qkv-fc1-proj-fc2/cifar/20260114184203_default_acc=53.50/tensorboard/Grad_mlp.fc2.lora_B_block_0/events.out.tfevents.1768387349.master-192-168-8-48.1680.8,mlp.fc2.lora_B,0
1768387735.7141852,626,19.59375,0.2966315448284149,Grad/mlp.fc2.lora_B,outputs_dev/vitb16/T=vtab_Q=3bit_L=lora_2_qkv-fc1-proj-fc2/cifar/20260114184203_default_acc=53.50/tensorboard/Grad_mlp.fc2.lora_B_block_0/events.out.tfevents.1768387349.master-192-168-8-48.1680.8,mlp.fc2.lora_B,0
1768387736.1427965,627,19.625,0.4619427025318146,Grad/mlp.fc2.lora_B,outputs_dev/vitb16/T=vtab_Q=3bit_L=lora_2_qkv-fc1-proj-fc2/cifar/20260114184203_default_acc=53.50/tensorboard/Grad_mlp.fc2.lora_B_block_0/events.out.tfevents.1768387349.master-192-168-8-48.1680.8,mlp.fc2.lora_B,0
1768387736.570512,628,19.65625,0.4235779643058777,Grad/mlp.fc2.lora_B,outputs_dev/vitb16/T=vtab_Q=3bit_L=lora_2_qkv-fc1-proj-fc2/cifar/20260114184203_default_acc=53.50/tensorboard/Grad_mlp.fc2.lora_B_block_0/events.out.tfevents.1768387349.master-192-168-8-48.1680.8,mlp.fc2.lora_B,0
1768387737.0030437,629,19.6875,0.23707462847232819,Grad/mlp.fc2.lora_B,outputs_dev/vitb16/T=vtab_Q=3bit_L=lora_2_qkv-fc1-proj-fc2/cifar/20260114184203_default_acc=53.50/tensorboard/Grad_mlp.fc2.lora_B_block_0/events.out.tfevents.1768387349.master-192-168-8-48.1680.8,mlp.fc2.lora_B,0
1768387737.4335537,630,19.71875,0.5611855983734131,Grad/mlp.fc2.lora_B,outputs_dev/vitb16/T=vtab_Q=3bit_L=lora_2_qkv-fc1-proj-fc2/cifar/20260114184203_default_acc=53.50/tensorboard/Grad_mlp.fc2.lora_B_block_0/events.out.tfevents.1768387349.master-192-168-8-48.1680.8,mlp.fc2.lora_B,0
1768387737.8629377,631,19.75,0.5140849947929382,Grad/mlp.fc2.lora_B,outputs_dev/vitb16/T=vtab_Q=3bit_L=lora_2_qkv-fc1-proj-fc2/cifar/20260114184203_default_acc=53.50/tensorboard/Grad_mlp.fc2.lora_B_block_0/events.out.tfevents.1768387349.master-192-168-8-48.1680.8,mlp.fc2.lora_B,0
1768387738.2892838,632,19.78125,0.35271233320236206,Grad/mlp.fc2.lora_B,outputs_dev/vitb16/T=vtab_Q=3bit_L=lora_2_qkv-fc1-proj-fc2/cifar/20260114184203_default_acc=53.50/tensorboard/Grad_mlp.fc2.lora_B_block_0/events.out.tfevents.1768387349.master-192-168-8-48.1680.8,mlp.fc2.lora_B,0
1768387738.71799,633,19.8125,0.4369598627090454,Grad/mlp.fc2.lora_B,outputs_dev/vitb16/T=vtab_Q=3bit_L=lora_2_qkv-fc1-proj-fc2/cifar/20260114184203_default_acc=53.50/tensorboard/Grad_mlp.fc2.lora_B_block_0/events.out.tfevents.1768387349.master-192-168-8-48.1680.8,mlp.fc2.lora_B,0
1768387739.145945,634,19.84375,0.22583439946174622,Grad/mlp.fc2.lora_B,outputs_dev/vitb16/T=vtab_Q=3bit_L=lora_2_qkv-fc1-proj-fc2/cifar/20260114184203_default_acc=53.50/tensorboard/Grad_mlp.fc2.lora_B_block_0/events.out.tfevents.1768387349.master-192-168-8-48.1680.8,mlp.fc2.lora_B,0
1768387739.574185,635,19.875,0.23931899666786194,Grad/mlp.fc2.lora_B,outputs_dev/vitb16/T=vtab_Q=3bit_L=lora_2_qkv-fc1-proj-fc2/cifar/20260114184203_default_acc=53.50/tensorboard/Grad_mlp.fc2.lora_B_block_0/events.out.tfevents.1768387349.master-192-168-8-48.1680.8,mlp.fc2.lora_B,0
1768387740.002212,636,19.90625,0.3928150534629822,Grad/mlp.fc2.lora_B,outputs_dev/vitb16/T=vtab_Q=3bit_L=lora_2_qkv-fc1-proj-fc2/cifar/20260114184203_default_acc=53.50/tensorboard/Grad_mlp.fc2.lora_B_block_0/events.out.tfevents.1768387349.master-192-168-8-48.1680.8,mlp.fc2.lora_B,0
1768387740.4311974,637,19.9375,0.295925498008728,Grad/mlp.fc2.lora_B,outputs_dev/vitb16/T=vtab_Q=3bit_L=lora_2_qkv-fc1-proj-fc2/cifar/20260114184203_default_acc=53.50/tensorboard/Grad_mlp.fc2.lora_B_block_0/events.out.tfevents.1768387349.master-192-168-8-48.1680.8,mlp.fc2.lora_B,0
1768387740.8619003,638,19.96875,0.3710766136646271,Grad/mlp.fc2.lora_B,outputs_dev/vitb16/T=vtab_Q=3bit_L=lora_2_qkv-fc1-proj-fc2/cifar/20260114184203_default_acc=53.50/tensorboard/Grad_mlp.fc2.lora_B_block_0/events.out.tfevents.1768387349.master-192-168-8-48.1680.8,mlp.fc2.lora_B,0
1768387741.0803568,639,20.0,0.40219154953956604,Grad/mlp.fc2.lora_B,outputs_dev/vitb16/T=vtab_Q=3bit_L=lora_2_qkv-fc1-proj-fc2/cifar/20260114184203_default_acc=53.50/tensorboard/Grad_mlp.fc2.lora_B_block_0/events.out.tfevents.1768387349.master-192-168-8-48.1680.8,mlp.fc2.lora_B,0
1768387741.794883,640,20.03125,0.2606220543384552,Grad/mlp.fc2.lora_B,outputs_dev/vitb16/T=vtab_Q=3bit_L=lora_2_qkv-fc1-proj-fc2/cifar/20260114184203_default_acc=53.50/tensorboard/Grad_mlp.fc2.lora_B_block_0/events.out.tfevents.1768387349.master-192-168-8-48.1680.8,mlp.fc2.lora_B,0
1768387742.2251446,641,20.0625,0.30166563391685486,Grad/mlp.fc2.lora_B,outputs_dev/vitb16/T=vtab_Q=3bit_L=lora_2_qkv-fc1-proj-fc2/cifar/20260114184203_default_acc=53.50/tensorboard/Grad_mlp.fc2.lora_B_block_0/events.out.tfevents.1768387349.master-192-168-8-48.1680.8,mlp.fc2.lora_B,0
1768387742.653513,642,20.09375,0.38504406809806824,Grad/mlp.fc2.lora_B,outputs_dev/vitb16/T=vtab_Q=3bit_L=lora_2_qkv-fc1-proj-fc2/cifar/20260114184203_default_acc=53.50/tensorboard/Grad_mlp.fc2.lora_B_block_0/events.out.tfevents.1768387349.master-192-168-8-48.1680.8,mlp.fc2.lora_B,0
1768387743.0790372,643,20.125,0.31813302636146545,Grad/mlp.fc2.lora_B,outputs_dev/vitb16/T=vtab_Q=3bit_L=lora_2_qkv-fc1-proj-fc2/cifar/20260114184203_default_acc=53.50/tensorboard/Grad_mlp.fc2.lora_B_block_0/events.out.tfevents.1768387349.master-192-168-8-48.1680.8,mlp.fc2.lora_B,0
1768387743.506522,644,20.15625,0.3296825587749481,Grad/mlp.fc2.lora_B,outputs_dev/vitb16/T=vtab_Q=3bit_L=lora_2_qkv-fc1-proj-fc2/cifar/20260114184203_default_acc=53.50/tensorboard/Grad_mlp.fc2.lora_B_block_0/events.out.tfevents.1768387349.master-192-168-8-48.1680.8,mlp.fc2.lora_B,0
1768387743.960477,645,20.1875,0.20310822129249573,Grad/mlp.fc2.lora_B,outputs_dev/vitb16/T=vtab_Q=3bit_L=lora_2_qkv-fc1-proj-fc2/cifar/20260114184203_default_acc=53.50/tensorboard/Grad_mlp.fc2.lora_B_block_0/events.out.tfevents.1768387349.master-192-168-8-48.1680.8,mlp.fc2.lora_B,0
1768387744.4049706,646,20.21875,0.32528913021087646,Grad/mlp.fc2.lora_B,outputs_dev/vitb16/T=vtab_Q=3bit_L=lora_2_qkv-fc1-proj-fc2/cifar/20260114184203_default_acc=53.50/tensorboard/Grad_mlp.fc2.lora_B_block_0/events.out.tfevents.1768387349.master-192-168-8-48.1680.8,mlp.fc2.lora_B,0
1768387744.8332996,647,20.25,0.3561434745788574,Grad/mlp.fc2.lora_B,outputs_dev/vitb16/T=vtab_Q=3bit_L=lora_2_qkv-fc1-proj-fc2/cifar/20260114184203_default_acc=53.50/tensorboard/Grad_mlp.fc2.lora_B_block_0/events.out.tfevents.1768387349.master-192-168-8-48.1680.8,mlp.fc2.lora_B,0
1768387745.2668014,648,20.28125,0.6443399786949158,Grad/mlp.fc2.lora_B,outputs_dev/vitb16/T=vtab_Q=3bit_L=lora_2_qkv-fc1-proj-fc2/cifar/20260114184203_default_acc=53.50/tensorboard/Grad_mlp.fc2.lora_B_block_0/events.out.tfevents.1768387349.master-192-168-8-48.1680.8,mlp.fc2.lora_B,0
1768387745.7047198,649,20.3125,0.39134320616722107,Grad/mlp.fc2.lora_B,outputs_dev/vitb16/T=vtab_Q=3bit_L=lora_2_qkv-fc1-proj-fc2/cifar/20260114184203_default_acc=53.50/tensorboard/Grad_mlp.fc2.lora_B_block_0/events.out.tfevents.1768387349.master-192-168-8-48.1680.8,mlp.fc2.lora_B,0
1768387746.1346133,650,20.34375,0.5398990511894226,Grad/mlp.fc2.lora_B,outputs_dev/vitb16/T=vtab_Q=3bit_L=lora_2_qkv-fc1-proj-fc2/cifar/20260114184203_default_acc=53.50/tensorboard/Grad_mlp.fc2.lora_B_block_0/events.out.tfevents.1768387349.master-192-168-8-48.1680.8,mlp.fc2.lora_B,0
1768387746.565445,651,20.375,0.24536368250846863,Grad/mlp.fc2.lora_B,outputs_dev/vitb16/T=vtab_Q=3bit_L=lora_2_qkv-fc1-proj-fc2/cifar/20260114184203_default_acc=53.50/tensorboard/Grad_mlp.fc2.lora_B_block_0/events.out.tfevents.1768387349.master-192-168-8-48.1680.8,mlp.fc2.lora_B,0
1768387746.9960759,652,20.40625,0.32503828406333923,Grad/mlp.fc2.lora_B,outputs_dev/vitb16/T=vtab_Q=3bit_L=lora_2_qkv-fc1-proj-fc2/cifar/20260114184203_default_acc=53.50/tensorboard/Grad_mlp.fc2.lora_B_block_0/events.out.tfevents.1768387349.master-192-168-8-48.1680.8,mlp.fc2.lora_B,0
1768387747.4259007,653,20.4375,0.9330655932426453,Grad/mlp.fc2.lora_B,outputs_dev/vitb16/T=vtab_Q=3bit_L=lora_2_qkv-fc1-proj-fc2/cifar/20260114184203_default_acc=53.50/tensorboard/Grad_mlp.fc2.lora_B_block_0/events.out.tfevents.1768387349.master-192-168-8-48.1680.8,mlp.fc2.lora_B,0
1768387747.8601687,654,20.46875,0.20921625196933746,Grad/mlp.fc2.lora_B,outputs_dev/vitb16/T=vtab_Q=3bit_L=lora_2_qkv-fc1-proj-fc2/cifar/20260114184203_default_acc=53.50/tensorboard/Grad_mlp.fc2.lora_B_block_0/events.out.tfevents.1768387349.master-192-168-8-48.1680.8,mlp.fc2.lora_B,0
1768387748.2870626,655,20.5,0.36373138427734375,Grad/mlp.fc2.lora_B,outputs_dev/vitb16/T=vtab_Q=3bit_L=lora_2_qkv-fc1-proj-fc2/cifar/20260114184203_default_acc=53.50/tensorboard/Grad_mlp.fc2.lora_B_block_0/events.out.tfevents.1768387349.master-192-168-8-48.1680.8,mlp.fc2.lora_B,0
1768387748.726339,656,20.53125,0.9591426253318787,Grad/mlp.fc2.lora_B,outputs_dev/vitb16/T=vtab_Q=3bit_L=lora_2_qkv-fc1-proj-fc2/cifar/20260114184203_default_acc=53.50/tensorboard/Grad_mlp.fc2.lora_B_block_0/events.out.tfevents.1768387349.master-192-168-8-48.1680.8,mlp.fc2.lora_B,0
1768387749.1573725,657,20.5625,0.35062819719314575,Grad/mlp.fc2.lora_B,outputs_dev/vitb16/T=vtab_Q=3bit_L=lora_2_qkv-fc1-proj-fc2/cifar/20260114184203_default_acc=53.50/tensorboard/Grad_mlp.fc2.lora_B_block_0/events.out.tfevents.1768387349.master-192-168-8-48.1680.8,mlp.fc2.lora_B,0
1768387749.6031024,658,20.59375,0.4326396584510803,Grad/mlp.fc2.lora_B,outputs_dev/vitb16/T=vtab_Q=3bit_L=lora_2_qkv-fc1-proj-fc2/cifar/20260114184203_default_acc=53.50/tensorboard/Grad_mlp.fc2.lora_B_block_0/events.out.tfevents.1768387349.master-192-168-8-48.1680.8,mlp.fc2.lora_B,0
1768387750.0506296,659,20.625,0.4295101463794708,Grad/mlp.fc2.lora_B,outputs_dev/vitb16/T=vtab_Q=3bit_L=lora_2_qkv-fc1-proj-fc2/cifar/20260114184203_default_acc=53.50/tensorboard/Grad_mlp.fc2.lora_B_block_0/events.out.tfevents.1768387349.master-192-168-8-48.1680.8,mlp.fc2.lora_B,0
1768387750.482129,660,20.65625,0.3772509694099426,Grad/mlp.fc2.lora_B,outputs_dev/vitb16/T=vtab_Q=3bit_L=lora_2_qkv-fc1-proj-fc2/cifar/20260114184203_default_acc=53.50/tensorboard/Grad_mlp.fc2.lora_B_block_0/events.out.tfevents.1768387349.master-192-168-8-48.1680.8,mlp.fc2.lora_B,0
1768387750.913369,661,20.6875,0.3284839689731598,Grad/mlp.fc2.lora_B,outputs_dev/vitb16/T=vtab_Q=3bit_L=lora_2_qkv-fc1-proj-fc2/cifar/20260114184203_default_acc=53.50/tensorboard/Grad_mlp.fc2.lora_B_block_0/events.out.tfevents.1768387349.master-192-168-8-48.1680.8,mlp.fc2.lora_B,0
1768387751.3416097,662,20.71875,0.4717100262641907,Grad/mlp.fc2.lora_B,outputs_dev/vitb16/T=vtab_Q=3bit_L=lora_2_qkv-fc1-proj-fc2/cifar/20260114184203_default_acc=53.50/tensorboard/Grad_mlp.fc2.lora_B_block_0/events.out.tfevents.1768387349.master-192-168-8-48.1680.8,mlp.fc2.lora_B,0
1768387751.8023007,663,20.75,0.4650849401950836,Grad/mlp.fc2.lora_B,outputs_dev/vitb16/T=vtab_Q=3bit_L=lora_2_qkv-fc1-proj-fc2/cifar/20260114184203_default_acc=53.50/tensorboard/Grad_mlp.fc2.lora_B_block_0/events.out.tfevents.1768387349.master-192-168-8-48.1680.8,mlp.fc2.lora_B,0
1768387752.2279856,664,20.78125,0.33089640736579895,Grad/mlp.fc2.lora_B,outputs_dev/vitb16/T=vtab_Q=3bit_L=lora_2_qkv-fc1-proj-fc2/cifar/20260114184203_default_acc=53.50/tensorboard/Grad_mlp.fc2.lora_B_block_0/events.out.tfevents.1768387349.master-192-168-8-48.1680.8,mlp.fc2.lora_B,0
1768387752.6665027,665,20.8125,0.39023250341415405,Grad/mlp.fc2.lora_B,outputs_dev/vitb16/T=vtab_Q=3bit_L=lora_2_qkv-fc1-proj-fc2/cifar/20260114184203_default_acc=53.50/tensorboard/Grad_mlp.fc2.lora_B_block_0/events.out.tfevents.1768387349.master-192-168-8-48.1680.8,mlp.fc2.lora_B,0
1768387753.0896513,666,20.84375,0.35126182436943054,Grad/mlp.fc2.lora_B,outputs_dev/vitb16/T=vtab_Q=3bit_L=lora_2_qkv-fc1-proj-fc2/cifar/20260114184203_default_acc=53.50/tensorboard/Grad_mlp.fc2.lora_B_block_0/events.out.tfevents.1768387349.master-192-168-8-48.1680.8,mlp.fc2.lora_B,0
1768387753.5241451,667,20.875,0.456106573343277,Grad/mlp.fc2.lora_B,outputs_dev/vitb16/T=vtab_Q=3bit_L=lora_2_qkv-fc1-proj-fc2/cifar/20260114184203_default_acc=53.50/tensorboard/Grad_mlp.fc2.lora_B_block_0/events.out.tfevents.1768387349.master-192-168-8-48.1680.8,mlp.fc2.lora_B,0
1768387753.9604983,668,20.90625,0.7708839178085327,Grad/mlp.fc2.lora_B,outputs_dev/vitb16/T=vtab_Q=3bit_L=lora_2_qkv-fc1-proj-fc2/cifar/20260114184203_default_acc=53.50/tensorboard/Grad_mlp.fc2.lora_B_block_0/events.out.tfevents.1768387349.master-192-168-8-48.1680.8,mlp.fc2.lora_B,0
1768387754.3965573,669,20.9375,0.25887447595596313,Grad/mlp.fc2.lora_B,outputs_dev/vitb16/T=vtab_Q=3bit_L=lora_2_qkv-fc1-proj-fc2/cifar/20260114184203_default_acc=53.50/tensorboard/Grad_mlp.fc2.lora_B_block_0/events.out.tfevents.1768387349.master-192-168-8-48.1680.8,mlp.fc2.lora_B,0
1768387754.8204863,670,20.96875,0.34715723991394043,Grad/mlp.fc2.lora_B,outputs_dev/vitb16/T=vtab_Q=3bit_L=lora_2_qkv-fc1-proj-fc2/cifar/20260114184203_default_acc=53.50/tensorboard/Grad_mlp.fc2.lora_B_block_0/events.out.tfevents.1768387349.master-192-168-8-48.1680.8,mlp.fc2.lora_B,0
1768387755.0278428,671,21.0,0.6722670197486877,Grad/mlp.fc2.lora_B,outputs_dev/vitb16/T=vtab_Q=3bit_L=lora_2_qkv-fc1-proj-fc2/cifar/20260114184203_default_acc=53.50/tensorboard/Grad_mlp.fc2.lora_B_block_0/events.out.tfevents.1768387349.master-192-168-8-48.1680.8,mlp.fc2.lora_B,0
1768387795.790312,672,21.03125,0.3340888023376465,Grad/mlp.fc2.lora_B,outputs_dev/vitb16/T=vtab_Q=3bit_L=lora_2_qkv-fc1-proj-fc2/cifar/20260114184203_default_acc=53.50/tensorboard/Grad_mlp.fc2.lora_B_block_0/events.out.tfevents.1768387349.master-192-168-8-48.1680.8,mlp.fc2.lora_B,0
1768387796.2160583,673,21.0625,0.567790150642395,Grad/mlp.fc2.lora_B,outputs_dev/vitb16/T=vtab_Q=3bit_L=lora_2_qkv-fc1-proj-fc2/cifar/20260114184203_default_acc=53.50/tensorboard/Grad_mlp.fc2.lora_B_block_0/events.out.tfevents.1768387349.master-192-168-8-48.1680.8,mlp.fc2.lora_B,0
1768387796.6468487,674,21.09375,0.5109546184539795,Grad/mlp.fc2.lora_B,outputs_dev/vitb16/T=vtab_Q=3bit_L=lora_2_qkv-fc1-proj-fc2/cifar/20260114184203_default_acc=53.50/tensorboard/Grad_mlp.fc2.lora_B_block_0/events.out.tfevents.1768387349.master-192-168-8-48.1680.8,mlp.fc2.lora_B,0
1768387797.0723827,675,21.125,0.23671604692935944,Grad/mlp.fc2.lora_B,outputs_dev/vitb16/T=vtab_Q=3bit_L=lora_2_qkv-fc1-proj-fc2/cifar/20260114184203_default_acc=53.50/tensorboard/Grad_mlp.fc2.lora_B_block_0/events.out.tfevents.1768387349.master-192-168-8-48.1680.8,mlp.fc2.lora_B,0
1768387797.4976938,676,21.15625,0.2996351420879364,Grad/mlp.fc2.lora_B,outputs_dev/vitb16/T=vtab_Q=3bit_L=lora_2_qkv-fc1-proj-fc2/cifar/20260114184203_default_acc=53.50/tensorboard/Grad_mlp.fc2.lora_B_block_0/events.out.tfevents.1768387349.master-192-168-8-48.1680.8,mlp.fc2.lora_B,0
1768387797.924005,677,21.1875,0.40705782175064087,Grad/mlp.fc2.lora_B,outputs_dev/vitb16/T=vtab_Q=3bit_L=lora_2_qkv-fc1-proj-fc2/cifar/20260114184203_default_acc=53.50/tensorboard/Grad_mlp.fc2.lora_B_block_0/events.out.tfevents.1768387349.master-192-168-8-48.1680.8,mlp.fc2.lora_B,0
1768387798.3592231,678,21.21875,0.5221782922744751,Grad/mlp.fc2.lora_B,outputs_dev/vitb16/T=vtab_Q=3bit_L=lora_2_qkv-fc1-proj-fc2/cifar/20260114184203_default_acc=53.50/tensorboard/Grad_mlp.fc2.lora_B_block_0/events.out.tfevents.1768387349.master-192-168-8-48.1680.8,mlp.fc2.lora_B,0
1768387798.794256,679,21.25,0.3913732171058655,Grad/mlp.fc2.lora_B,outputs_dev/vitb16/T=vtab_Q=3bit_L=lora_2_qkv-fc1-proj-fc2/cifar/20260114184203_default_acc=53.50/tensorboard/Grad_mlp.fc2.lora_B_block_0/events.out.tfevents.1768387349.master-192-168-8-48.1680.8,mlp.fc2.lora_B,0
1768387799.2206285,680,21.28125,0.39434248208999634,Grad/mlp.fc2.lora_B,outputs_dev/vitb16/T=vtab_Q=3bit_L=lora_2_qkv-fc1-proj-fc2/cifar/20260114184203_default_acc=53.50/tensorboard/Grad_mlp.fc2.lora_B_block_0/events.out.tfevents.1768387349.master-192-168-8-48.1680.8,mlp.fc2.lora_B,0
1768387799.6658843,681,21.3125,0.573482096195221,Grad/mlp.fc2.lora_B,outputs_dev/vitb16/T=vtab_Q=3bit_L=lora_2_qkv-fc1-proj-fc2/cifar/20260114184203_default_acc=53.50/tensorboard/Grad_mlp.fc2.lora_B_block_0/events.out.tfevents.1768387349.master-192-168-8-48.1680.8,mlp.fc2.lora_B,0
1768387800.0935261,682,21.34375,0.32441315054893494,Grad/mlp.fc2.lora_B,outputs_dev/vitb16/T=vtab_Q=3bit_L=lora_2_qkv-fc1-proj-fc2/cifar/20260114184203_default_acc=53.50/tensorboard/Grad_mlp.fc2.lora_B_block_0/events.out.tfevents.1768387349.master-192-168-8-48.1680.8,mlp.fc2.lora_B,0
1768387800.5208938,683,21.375,0.42881935834884644,Grad/mlp.fc2.lora_B,outputs_dev/vitb16/T=vtab_Q=3bit_L=lora_2_qkv-fc1-proj-fc2/cifar/20260114184203_default_acc=53.50/tensorboard/Grad_mlp.fc2.lora_B_block_0/events.out.tfevents.1768387349.master-192-168-8-48.1680.8,mlp.fc2.lora_B,0
1768387800.9457865,684,21.40625,0.4806268811225891,Grad/mlp.fc2.lora_B,outputs_dev/vitb16/T=vtab_Q=3bit_L=lora_2_qkv-fc1-proj-fc2/cifar/20260114184203_default_acc=53.50/tensorboard/Grad_mlp.fc2.lora_B_block_0/events.out.tfevents.1768387349.master-192-168-8-48.1680.8,mlp.fc2.lora_B,0
1768387801.3719106,685,21.4375,0.4989032447338104,Grad/mlp.fc2.lora_B,outputs_dev/vitb16/T=vtab_Q=3bit_L=lora_2_qkv-fc1-proj-fc2/cifar/20260114184203_default_acc=53.50/tensorboard/Grad_mlp.fc2.lora_B_block_0/events.out.tfevents.1768387349.master-192-168-8-48.1680.8,mlp.fc2.lora_B,0
1768387801.7944036,686,21.46875,0.4073273837566376,Grad/mlp.fc2.lora_B,outputs_dev/vitb16/T=vtab_Q=3bit_L=lora_2_qkv-fc1-proj-fc2/cifar/20260114184203_default_acc=53.50/tensorboard/Grad_mlp.fc2.lora_B_block_0/events.out.tfevents.1768387349.master-192-168-8-48.1680.8,mlp.fc2.lora_B,0
1768387802.2198524,687,21.5,0.3280961811542511,Grad/mlp.fc2.lora_B,outputs_dev/vitb16/T=vtab_Q=3bit_L=lora_2_qkv-fc1-proj-fc2/cifar/20260114184203_default_acc=53.50/tensorboard/Grad_mlp.fc2.lora_B_block_0/events.out.tfevents.1768387349.master-192-168-8-48.1680.8,mlp.fc2.lora_B,0
1768387802.6438053,688,21.53125,0.42745959758758545,Grad/mlp.fc2.lora_B,outputs_dev/vitb16/T=vtab_Q=3bit_L=lora_2_qkv-fc1-proj-fc2/cifar/20260114184203_default_acc=53.50/tensorboard/Grad_mlp.fc2.lora_B_block_0/events.out.tfevents.1768387349.master-192-168-8-48.1680.8,mlp.fc2.lora_B,0
1768387803.0662186,689,21.5625,0.4187244176864624,Grad/mlp.fc2.lora_B,outputs_dev/vitb16/T=vtab_Q=3bit_L=lora_2_qkv-fc1-proj-fc2/cifar/20260114184203_default_acc=53.50/tensorboard/Grad_mlp.fc2.lora_B_block_0/events.out.tfevents.1768387349.master-192-168-8-48.1680.8,mlp.fc2.lora_B,0
1768387803.4907537,690,21.59375,0.4628663659095764,Grad/mlp.fc2.lora_B,outputs_dev/vitb16/T=vtab_Q=3bit_L=lora_2_qkv-fc1-proj-fc2/cifar/20260114184203_default_acc=53.50/tensorboard/Grad_mlp.fc2.lora_B_block_0/events.out.tfevents.1768387349.master-192-168-8-48.1680.8,mlp.fc2.lora_B,0
1768387803.9144244,691,21.625,0.3709713816642761,Grad/mlp.fc2.lora_B,outputs_dev/vitb16/T=vtab_Q=3bit_L=lora_2_qkv-fc1-proj-fc2/cifar/20260114184203_default_acc=53.50/tensorboard/Grad_mlp.fc2.lora_B_block_0/events.out.tfevents.1768387349.master-192-168-8-48.1680.8,mlp.fc2.lora_B,0
1768387804.3388915,692,21.65625,0.4539870619773865,Grad/mlp.fc2.lora_B,outputs_dev/vitb16/T=vtab_Q=3bit_L=lora_2_qkv-fc1-proj-fc2/cifar/20260114184203_default_acc=53.50/tensorboard/Grad_mlp.fc2.lora_B_block_0/events.out.tfevents.1768387349.master-192-168-8-48.1680.8,mlp.fc2.lora_B,0
1768387804.7636998,693,21.6875,0.5407225489616394,Grad/mlp.fc2.lora_B,outputs_dev/vitb16/T=vtab_Q=3bit_L=lora_2_qkv-fc1-proj-fc2/cifar/20260114184203_default_acc=53.50/tensorboard/Grad_mlp.fc2.lora_B_block_0/events.out.tfevents.1768387349.master-192-168-8-48.1680.8,mlp.fc2.lora_B,0
1768387805.1879494,694,21.71875,0.42751559615135193,Grad/mlp.fc2.lora_B,outputs_dev/vitb16/T=vtab_Q=3bit_L=lora_2_qkv-fc1-proj-fc2/cifar/20260114184203_default_acc=53.50/tensorboard/Grad_mlp.fc2.lora_B_block_0/events.out.tfevents.1768387349.master-192-168-8-48.1680.8,mlp.fc2.lora_B,0
1768387805.6119742,695,21.75,0.36169707775115967,Grad/mlp.fc2.lora_B,outputs_dev/vitb16/T=vtab_Q=3bit_L=lora_2_qkv-fc1-proj-fc2/cifar/20260114184203_default_acc=53.50/tensorboard/Grad_mlp.fc2.lora_B_block_0/events.out.tfevents.1768387349.master-192-168-8-48.1680.8,mlp.fc2.lora_B,0
1768387806.036559,696,21.78125,0.7426655292510986,Grad/mlp.fc2.lora_B,outputs_dev/vitb16/T=vtab_Q=3bit_L=lora_2_qkv-fc1-proj-fc2/cifar/20260114184203_default_acc=53.50/tensorboard/Grad_mlp.fc2.lora_B_block_0/events.out.tfevents.1768387349.master-192-168-8-48.1680.8,mlp.fc2.lora_B,0
1768387806.4596636,697,21.8125,0.5172396302223206,Grad/mlp.fc2.lora_B,outputs_dev/vitb16/T=vtab_Q=3bit_L=lora_2_qkv-fc1-proj-fc2/cifar/20260114184203_default_acc=53.50/tensorboard/Grad_mlp.fc2.lora_B_block_0/events.out.tfevents.1768387349.master-192-168-8-48.1680.8,mlp.fc2.lora_B,0
1768387806.8869774,698,21.84375,0.8834373354911804,Grad/mlp.fc2.lora_B,outputs_dev/vitb16/T=vtab_Q=3bit_L=lora_2_qkv-fc1-proj-fc2/cifar/20260114184203_default_acc=53.50/tensorboard/Grad_mlp.fc2.lora_B_block_0/events.out.tfevents.1768387349.master-192-168-8-48.1680.8,mlp.fc2.lora_B,0
1768387807.3224094,699,21.875,0.7413343787193298,Grad/mlp.fc2.lora_B,outputs_dev/vitb16/T=vtab_Q=3bit_L=lora_2_qkv-fc1-proj-fc2/cifar/20260114184203_default_acc=53.50/tensorboard/Grad_mlp.fc2.lora_B_block_0/events.out.tfevents.1768387349.master-192-168-8-48.1680.8,mlp.fc2.lora_B,0
1768387807.7500265,700,21.90625,0.28836509585380554,Grad/mlp.fc2.lora_B,outputs_dev/vitb16/T=vtab_Q=3bit_L=lora_2_qkv-fc1-proj-fc2/cifar/20260114184203_default_acc=53.50/tensorboard/Grad_mlp.fc2.lora_B_block_0/events.out.tfevents.1768387349.master-192-168-8-48.1680.8,mlp.fc2.lora_B,0
1768387808.1762388,701,21.9375,0.4027053117752075,Grad/mlp.fc2.lora_B,outputs_dev/vitb16/T=vtab_Q=3bit_L=lora_2_qkv-fc1-proj-fc2/cifar/20260114184203_default_acc=53.50/tensorboard/Grad_mlp.fc2.lora_B_block_0/events.out.tfevents.1768387349.master-192-168-8-48.1680.8,mlp.fc2.lora_B,0
1768387808.6002944,702,21.96875,0.4149266481399536,Grad/mlp.fc2.lora_B,outputs_dev/vitb16/T=vtab_Q=3bit_L=lora_2_qkv-fc1-proj-fc2/cifar/20260114184203_default_acc=53.50/tensorboard/Grad_mlp.fc2.lora_B_block_0/events.out.tfevents.1768387349.master-192-168-8-48.1680.8,mlp.fc2.lora_B,0
1768387808.790899,703,22.0,0.9397397637367249,Grad/mlp.fc2.lora_B,outputs_dev/vitb16/T=vtab_Q=3bit_L=lora_2_qkv-fc1-proj-fc2/cifar/20260114184203_default_acc=53.50/tensorboard/Grad_mlp.fc2.lora_B_block_0/events.out.tfevents.1768387349.master-192-168-8-48.1680.8,mlp.fc2.lora_B,0
1768387809.613493,704,22.03125,0.3810599446296692,Grad/mlp.fc2.lora_B,outputs_dev/vitb16/T=vtab_Q=3bit_L=lora_2_qkv-fc1-proj-fc2/cifar/20260114184203_default_acc=53.50/tensorboard/Grad_mlp.fc2.lora_B_block_0/events.out.tfevents.1768387349.master-192-168-8-48.1680.8,mlp.fc2.lora_B,0
1768387810.055949,705,22.0625,0.49590691924095154,Grad/mlp.fc2.lora_B,outputs_dev/vitb16/T=vtab_Q=3bit_L=lora_2_qkv-fc1-proj-fc2/cifar/20260114184203_default_acc=53.50/tensorboard/Grad_mlp.fc2.lora_B_block_0/events.out.tfevents.1768387349.master-192-168-8-48.1680.8,mlp.fc2.lora_B,0
1768387810.5757532,706,22.09375,0.308307021856308,Grad/mlp.fc2.lora_B,outputs_dev/vitb16/T=vtab_Q=3bit_L=lora_2_qkv-fc1-proj-fc2/cifar/20260114184203_default_acc=53.50/tensorboard/Grad_mlp.fc2.lora_B_block_0/events.out.tfevents.1768387349.master-192-168-8-48.1680.8,mlp.fc2.lora_B,0
1768387811.0012624,707,22.125,0.41962504386901855,Grad/mlp.fc2.lora_B,outputs_dev/vitb16/T=vtab_Q=3bit_L=lora_2_qkv-fc1-proj-fc2/cifar/20260114184203_default_acc=53.50/tensorboard/Grad_mlp.fc2.lora_B_block_0/events.out.tfevents.1768387349.master-192-168-8-48.1680.8,mlp.fc2.lora_B,0
1768387811.4252005,708,22.15625,0.31403157114982605,Grad/mlp.fc2.lora_B,outputs_dev/vitb16/T=vtab_Q=3bit_L=lora_2_qkv-fc1-proj-fc2/cifar/20260114184203_default_acc=53.50/tensorboard/Grad_mlp.fc2.lora_B_block_0/events.out.tfevents.1768387349.master-192-168-8-48.1680.8,mlp.fc2.lora_B,0
1768387811.8499095,709,22.1875,0.3329560160636902,Grad/mlp.fc2.lora_B,outputs_dev/vitb16/T=vtab_Q=3bit_L=lora_2_qkv-fc1-proj-fc2/cifar/20260114184203_default_acc=53.50/tensorboard/Grad_mlp.fc2.lora_B_block_0/events.out.tfevents.1768387349.master-192-168-8-48.1680.8,mlp.fc2.lora_B,0
1768387812.261721,710,22.21875,0.4728183448314667,Grad/mlp.fc2.lora_B,outputs_dev/vitb16/T=vtab_Q=3bit_L=lora_2_qkv-fc1-proj-fc2/cifar/20260114184203_default_acc=53.50/tensorboard/Grad_mlp.fc2.lora_B_block_0/events.out.tfevents.1768387349.master-192-168-8-48.1680.8,mlp.fc2.lora_B,0
1768387812.6898935,711,22.25,0.504359781742096,Grad/mlp.fc2.lora_B,outputs_dev/vitb16/T=vtab_Q=3bit_L=lora_2_qkv-fc1-proj-fc2/cifar/20260114184203_default_acc=53.50/tensorboard/Grad_mlp.fc2.lora_B_block_0/events.out.tfevents.1768387349.master-192-168-8-48.1680.8,mlp.fc2.lora_B,0
1768387813.1308918,712,22.28125,0.766424834728241,Grad/mlp.fc2.lora_B,outputs_dev/vitb16/T=vtab_Q=3bit_L=lora_2_qkv-fc1-proj-fc2/cifar/20260114184203_default_acc=53.50/tensorboard/Grad_mlp.fc2.lora_B_block_0/events.out.tfevents.1768387349.master-192-168-8-48.1680.8,mlp.fc2.lora_B,0
1768387813.5701284,713,22.3125,0.6514463424682617,Grad/mlp.fc2.lora_B,outputs_dev/vitb16/T=vtab_Q=3bit_L=lora_2_qkv-fc1-proj-fc2/cifar/20260114184203_default_acc=53.50/tensorboard/Grad_mlp.fc2.lora_B_block_0/events.out.tfevents.1768387349.master-192-168-8-48.1680.8,mlp.fc2.lora_B,0
1768387813.9938998,714,22.34375,0.6197413206100464,Grad/mlp.fc2.lora_B,outputs_dev/vitb16/T=vtab_Q=3bit_L=lora_2_qkv-fc1-proj-fc2/cifar/20260114184203_default_acc=53.50/tensorboard/Grad_mlp.fc2.lora_B_block_0/events.out.tfevents.1768387349.master-192-168-8-48.1680.8,mlp.fc2.lora_B,0
1768387814.418478,715,22.375,0.411897212266922,Grad/mlp.fc2.lora_B,outputs_dev/vitb16/T=vtab_Q=3bit_L=lora_2_qkv-fc1-proj-fc2/cifar/20260114184203_default_acc=53.50/tensorboard/Grad_mlp.fc2.lora_B_block_0/events.out.tfevents.1768387349.master-192-168-8-48.1680.8,mlp.fc2.lora_B,0
1768387814.842189,716,22.40625,0.37328821420669556,Grad/mlp.fc2.lora_B,outputs_dev/vitb16/T=vtab_Q=3bit_L=lora_2_qkv-fc1-proj-fc2/cifar/20260114184203_default_acc=53.50/tensorboard/Grad_mlp.fc2.lora_B_block_0/events.out.tfevents.1768387349.master-192-168-8-48.1680.8,mlp.fc2.lora_B,0
1768387815.2656605,717,22.4375,0.3107597827911377,Grad/mlp.fc2.lora_B,outputs_dev/vitb16/T=vtab_Q=3bit_L=lora_2_qkv-fc1-proj-fc2/cifar/20260114184203_default_acc=53.50/tensorboard/Grad_mlp.fc2.lora_B_block_0/events.out.tfevents.1768387349.master-192-168-8-48.1680.8,mlp.fc2.lora_B,0
1768387815.690745,718,22.46875,0.3107188045978546,Grad/mlp.fc2.lora_B,outputs_dev/vitb16/T=vtab_Q=3bit_L=lora_2_qkv-fc1-proj-fc2/cifar/20260114184203_default_acc=53.50/tensorboard/Grad_mlp.fc2.lora_B_block_0/events.out.tfevents.1768387349.master-192-168-8-48.1680.8,mlp.fc2.lora_B,0
1768387816.1147223,719,22.5,0.33722642064094543,Grad/mlp.fc2.lora_B,outputs_dev/vitb16/T=vtab_Q=3bit_L=lora_2_qkv-fc1-proj-fc2/cifar/20260114184203_default_acc=53.50/tensorboard/Grad_mlp.fc2.lora_B_block_0/events.out.tfevents.1768387349.master-192-168-8-48.1680.8,mlp.fc2.lora_B,0
1768387816.5386686,720,22.53125,0.3423946797847748,Grad/mlp.fc2.lora_B,outputs_dev/vitb16/T=vtab_Q=3bit_L=lora_2_qkv-fc1-proj-fc2/cifar/20260114184203_default_acc=53.50/tensorboard/Grad_mlp.fc2.lora_B_block_0/events.out.tfevents.1768387349.master-192-168-8-48.1680.8,mlp.fc2.lora_B,0
1768387816.9625409,721,22.5625,0.3731067180633545,Grad/mlp.fc2.lora_B,outputs_dev/vitb16/T=vtab_Q=3bit_L=lora_2_qkv-fc1-proj-fc2/cifar/20260114184203_default_acc=53.50/tensorboard/Grad_mlp.fc2.lora_B_block_0/events.out.tfevents.1768387349.master-192-168-8-48.1680.8,mlp.fc2.lora_B,0
1768387817.3835928,722,22.59375,0.4063724875450134,Grad/mlp.fc2.lora_B,outputs_dev/vitb16/T=vtab_Q=3bit_L=lora_2_qkv-fc1-proj-fc2/cifar/20260114184203_default_acc=53.50/tensorboard/Grad_mlp.fc2.lora_B_block_0/events.out.tfevents.1768387349.master-192-168-8-48.1680.8,mlp.fc2.lora_B,0
1768387817.8073015,723,22.625,0.6824353933334351,Grad/mlp.fc2.lora_B,outputs_dev/vitb16/T=vtab_Q=3bit_L=lora_2_qkv-fc1-proj-fc2/cifar/20260114184203_default_acc=53.50/tensorboard/Grad_mlp.fc2.lora_B_block_0/events.out.tfevents.1768387349.master-192-168-8-48.1680.8,mlp.fc2.lora_B,0
1768387818.2315354,724,22.65625,0.27893948554992676,Grad/mlp.fc2.lora_B,outputs_dev/vitb16/T=vtab_Q=3bit_L=lora_2_qkv-fc1-proj-fc2/cifar/20260114184203_default_acc=53.50/tensorboard/Grad_mlp.fc2.lora_B_block_0/events.out.tfevents.1768387349.master-192-168-8-48.1680.8,mlp.fc2.lora_B,0
1768387818.6572092,725,22.6875,0.25660276412963867,Grad/mlp.fc2.lora_B,outputs_dev/vitb16/T=vtab_Q=3bit_L=lora_2_qkv-fc1-proj-fc2/cifar/20260114184203_default_acc=53.50/tensorboard/Grad_mlp.fc2.lora_B_block_0/events.out.tfevents.1768387349.master-192-168-8-48.1680.8,mlp.fc2.lora_B,0
1768387819.0810814,726,22.71875,0.39681804180145264,Grad/mlp.fc2.lora_B,outputs_dev/vitb16/T=vtab_Q=3bit_L=lora_2_qkv-fc1-proj-fc2/cifar/20260114184203_default_acc=53.50/tensorboard/Grad_mlp.fc2.lora_B_block_0/events.out.tfevents.1768387349.master-192-168-8-48.1680.8,mlp.fc2.lora_B,0
1768387819.5221534,727,22.75,0.36684098839759827,Grad/mlp.fc2.lora_B,outputs_dev/vitb16/T=vtab_Q=3bit_L=lora_2_qkv-fc1-proj-fc2/cifar/20260114184203_default_acc=53.50/tensorboard/Grad_mlp.fc2.lora_B_block_0/events.out.tfevents.1768387349.master-192-168-8-48.1680.8,mlp.fc2.lora_B,0
1768387819.9450178,728,22.78125,0.5955691933631897,Grad/mlp.fc2.lora_B,outputs_dev/vitb16/T=vtab_Q=3bit_L=lora_2_qkv-fc1-proj-fc2/cifar/20260114184203_default_acc=53.50/tensorboard/Grad_mlp.fc2.lora_B_block_0/events.out.tfevents.1768387349.master-192-168-8-48.1680.8,mlp.fc2.lora_B,0
1768387820.3664231,729,22.8125,0.25527745485305786,Grad/mlp.fc2.lora_B,outputs_dev/vitb16/T=vtab_Q=3bit_L=lora_2_qkv-fc1-proj-fc2/cifar/20260114184203_default_acc=53.50/tensorboard/Grad_mlp.fc2.lora_B_block_0/events.out.tfevents.1768387349.master-192-168-8-48.1680.8,mlp.fc2.lora_B,0
1768387820.7907352,730,22.84375,0.5988882184028625,Grad/mlp.fc2.lora_B,outputs_dev/vitb16/T=vtab_Q=3bit_L=lora_2_qkv-fc1-proj-fc2/cifar/20260114184203_default_acc=53.50/tensorboard/Grad_mlp.fc2.lora_B_block_0/events.out.tfevents.1768387349.master-192-168-8-48.1680.8,mlp.fc2.lora_B,0
1768387821.2120397,731,22.875,0.4473990797996521,Grad/mlp.fc2.lora_B,outputs_dev/vitb16/T=vtab_Q=3bit_L=lora_2_qkv-fc1-proj-fc2/cifar/20260114184203_default_acc=53.50/tensorboard/Grad_mlp.fc2.lora_B_block_0/events.out.tfevents.1768387349.master-192-168-8-48.1680.8,mlp.fc2.lora_B,0
1768387821.6387537,732,22.90625,0.44800540804862976,Grad/mlp.fc2.lora_B,outputs_dev/vitb16/T=vtab_Q=3bit_L=lora_2_qkv-fc1-proj-fc2/cifar/20260114184203_default_acc=53.50/tensorboard/Grad_mlp.fc2.lora_B_block_0/events.out.tfevents.1768387349.master-192-168-8-48.1680.8,mlp.fc2.lora_B,0
1768387822.0661197,733,22.9375,0.5311108231544495,Grad/mlp.fc2.lora_B,outputs_dev/vitb16/T=vtab_Q=3bit_L=lora_2_qkv-fc1-proj-fc2/cifar/20260114184203_default_acc=53.50/tensorboard/Grad_mlp.fc2.lora_B_block_0/events.out.tfevents.1768387349.master-192-168-8-48.1680.8,mlp.fc2.lora_B,0
1768387822.492212,734,22.96875,0.4661816358566284,Grad/mlp.fc2.lora_B,outputs_dev/vitb16/T=vtab_Q=3bit_L=lora_2_qkv-fc1-proj-fc2/cifar/20260114184203_default_acc=53.50/tensorboard/Grad_mlp.fc2.lora_B_block_0/events.out.tfevents.1768387349.master-192-168-8-48.1680.8,mlp.fc2.lora_B,0
1768387822.7224197,735,23.0,0.37985488772392273,Grad/mlp.fc2.lora_B,outputs_dev/vitb16/T=vtab_Q=3bit_L=lora_2_qkv-fc1-proj-fc2/cifar/20260114184203_default_acc=53.50/tensorboard/Grad_mlp.fc2.lora_B_block_0/events.out.tfevents.1768387349.master-192-168-8-48.1680.8,mlp.fc2.lora_B,0
1768387823.3186722,736,23.03125,0.3413645923137665,Grad/mlp.fc2.lora_B,outputs_dev/vitb16/T=vtab_Q=3bit_L=lora_2_qkv-fc1-proj-fc2/cifar/20260114184203_default_acc=53.50/tensorboard/Grad_mlp.fc2.lora_B_block_0/events.out.tfevents.1768387349.master-192-168-8-48.1680.8,mlp.fc2.lora_B,0
1768387823.7688508,737,23.0625,0.2636469304561615,Grad/mlp.fc2.lora_B,outputs_dev/vitb16/T=vtab_Q=3bit_L=lora_2_qkv-fc1-proj-fc2/cifar/20260114184203_default_acc=53.50/tensorboard/Grad_mlp.fc2.lora_B_block_0/events.out.tfevents.1768387349.master-192-168-8-48.1680.8,mlp.fc2.lora_B,0
1768387824.1920538,738,23.09375,0.4214223027229309,Grad/mlp.fc2.lora_B,outputs_dev/vitb16/T=vtab_Q=3bit_L=lora_2_qkv-fc1-proj-fc2/cifar/20260114184203_default_acc=53.50/tensorboard/Grad_mlp.fc2.lora_B_block_0/events.out.tfevents.1768387349.master-192-168-8-48.1680.8,mlp.fc2.lora_B,0
1768387824.6306498,739,23.125,0.26884403824806213,Grad/mlp.fc2.lora_B,outputs_dev/vitb16/T=vtab_Q=3bit_L=lora_2_qkv-fc1-proj-fc2/cifar/20260114184203_default_acc=53.50/tensorboard/Grad_mlp.fc2.lora_B_block_0/events.out.tfevents.1768387349.master-192-168-8-48.1680.8,mlp.fc2.lora_B,0
1768387825.077334,740,23.15625,0.6016552448272705,Grad/mlp.fc2.lora_B,outputs_dev/vitb16/T=vtab_Q=3bit_L=lora_2_qkv-fc1-proj-fc2/cifar/20260114184203_default_acc=53.50/tensorboard/Grad_mlp.fc2.lora_B_block_0/events.out.tfevents.1768387349.master-192-168-8-48.1680.8,mlp.fc2.lora_B,0
1768387825.5128875,741,23.1875,0.37200406193733215,Grad/mlp.fc2.lora_B,outputs_dev/vitb16/T=vtab_Q=3bit_L=lora_2_qkv-fc1-proj-fc2/cifar/20260114184203_default_acc=53.50/tensorboard/Grad_mlp.fc2.lora_B_block_0/events.out.tfevents.1768387349.master-192-168-8-48.1680.8,mlp.fc2.lora_B,0
1768387825.9385703,742,23.21875,0.3717634379863739,Grad/mlp.fc2.lora_B,outputs_dev/vitb16/T=vtab_Q=3bit_L=lora_2_qkv-fc1-proj-fc2/cifar/20260114184203_default_acc=53.50/tensorboard/Grad_mlp.fc2.lora_B_block_0/events.out.tfevents.1768387349.master-192-168-8-48.1680.8,mlp.fc2.lora_B,0
1768387826.373139,743,23.25,0.2941723167896271,Grad/mlp.fc2.lora_B,outputs_dev/vitb16/T=vtab_Q=3bit_L=lora_2_qkv-fc1-proj-fc2/cifar/20260114184203_default_acc=53.50/tensorboard/Grad_mlp.fc2.lora_B_block_0/events.out.tfevents.1768387349.master-192-168-8-48.1680.8,mlp.fc2.lora_B,0
1768387826.812057,744,23.28125,0.6145574450492859,Grad/mlp.fc2.lora_B,outputs_dev/vitb16/T=vtab_Q=3bit_L=lora_2_qkv-fc1-proj-fc2/cifar/20260114184203_default_acc=53.50/tensorboard/Grad_mlp.fc2.lora_B_block_0/events.out.tfevents.1768387349.master-192-168-8-48.1680.8,mlp.fc2.lora_B,0
1768387827.2340147,745,23.3125,0.4243624210357666,Grad/mlp.fc2.lora_B,outputs_dev/vitb16/T=vtab_Q=3bit_L=lora_2_qkv-fc1-proj-fc2/cifar/20260114184203_default_acc=53.50/tensorboard/Grad_mlp.fc2.lora_B_block_0/events.out.tfevents.1768387349.master-192-168-8-48.1680.8,mlp.fc2.lora_B,0
1768387827.669833,746,23.34375,0.31137314438819885,Grad/mlp.fc2.lora_B,outputs_dev/vitb16/T=vtab_Q=3bit_L=lora_2_qkv-fc1-proj-fc2/cifar/20260114184203_default_acc=53.50/tensorboard/Grad_mlp.fc2.lora_B_block_0/events.out.tfevents.1768387349.master-192-168-8-48.1680.8,mlp.fc2.lora_B,0
1768387828.1125984,747,23.375,0.2888426184654236,Grad/mlp.fc2.lora_B,outputs_dev/vitb16/T=vtab_Q=3bit_L=lora_2_qkv-fc1-proj-fc2/cifar/20260114184203_default_acc=53.50/tensorboard/Grad_mlp.fc2.lora_B_block_0/events.out.tfevents.1768387349.master-192-168-8-48.1680.8,mlp.fc2.lora_B,0
1768387828.5581222,748,23.40625,0.44015294313430786,Grad/mlp.fc2.lora_B,outputs_dev/vitb16/T=vtab_Q=3bit_L=lora_2_qkv-fc1-proj-fc2/cifar/20260114184203_default_acc=53.50/tensorboard/Grad_mlp.fc2.lora_B_block_0/events.out.tfevents.1768387349.master-192-168-8-48.1680.8,mlp.fc2.lora_B,0
1768387828.996108,749,23.4375,0.2657543420791626,Grad/mlp.fc2.lora_B,outputs_dev/vitb16/T=vtab_Q=3bit_L=lora_2_qkv-fc1-proj-fc2/cifar/20260114184203_default_acc=53.50/tensorboard/Grad_mlp.fc2.lora_B_block_0/events.out.tfevents.1768387349.master-192-168-8-48.1680.8,mlp.fc2.lora_B,0
1768387829.4197676,750,23.46875,0.3613378703594208,Grad/mlp.fc2.lora_B,outputs_dev/vitb16/T=vtab_Q=3bit_L=lora_2_qkv-fc1-proj-fc2/cifar/20260114184203_default_acc=53.50/tensorboard/Grad_mlp.fc2.lora_B_block_0/events.out.tfevents.1768387349.master-192-168-8-48.1680.8,mlp.fc2.lora_B,0
1768387829.8355224,751,23.5,0.6220722198486328,Grad/mlp.fc2.lora_B,outputs_dev/vitb16/T=vtab_Q=3bit_L=lora_2_qkv-fc1-proj-fc2/cifar/20260114184203_default_acc=53.50/tensorboard/Grad_mlp.fc2.lora_B_block_0/events.out.tfevents.1768387349.master-192-168-8-48.1680.8,mlp.fc2.lora_B,0
1768387830.2599561,752,23.53125,0.32368552684783936,Grad/mlp.fc2.lora_B,outputs_dev/vitb16/T=vtab_Q=3bit_L=lora_2_qkv-fc1-proj-fc2/cifar/20260114184203_default_acc=53.50/tensorboard/Grad_mlp.fc2.lora_B_block_0/events.out.tfevents.1768387349.master-192-168-8-48.1680.8,mlp.fc2.lora_B,0
1768387830.6821737,753,23.5625,0.33592548966407776,Grad/mlp.fc2.lora_B,outputs_dev/vitb16/T=vtab_Q=3bit_L=lora_2_qkv-fc1-proj-fc2/cifar/20260114184203_default_acc=53.50/tensorboard/Grad_mlp.fc2.lora_B_block_0/events.out.tfevents.1768387349.master-192-168-8-48.1680.8,mlp.fc2.lora_B,0
1768387831.118702,754,23.59375,0.31122255325317383,Grad/mlp.fc2.lora_B,outputs_dev/vitb16/T=vtab_Q=3bit_L=lora_2_qkv-fc1-proj-fc2/cifar/20260114184203_default_acc=53.50/tensorboard/Grad_mlp.fc2.lora_B_block_0/events.out.tfevents.1768387349.master-192-168-8-48.1680.8,mlp.fc2.lora_B,0
1768387831.5418928,755,23.625,0.3232444226741791,Grad/mlp.fc2.lora_B,outputs_dev/vitb16/T=vtab_Q=3bit_L=lora_2_qkv-fc1-proj-fc2/cifar/20260114184203_default_acc=53.50/tensorboard/Grad_mlp.fc2.lora_B_block_0/events.out.tfevents.1768387349.master-192-168-8-48.1680.8,mlp.fc2.lora_B,0
1768387831.9771855,756,23.65625,0.4181171655654907,Grad/mlp.fc2.lora_B,outputs_dev/vitb16/T=vtab_Q=3bit_L=lora_2_qkv-fc1-proj-fc2/cifar/20260114184203_default_acc=53.50/tensorboard/Grad_mlp.fc2.lora_B_block_0/events.out.tfevents.1768387349.master-192-168-8-48.1680.8,mlp.fc2.lora_B,0
1768387832.4037416,757,23.6875,0.29294413328170776,Grad/mlp.fc2.lora_B,outputs_dev/vitb16/T=vtab_Q=3bit_L=lora_2_qkv-fc1-proj-fc2/cifar/20260114184203_default_acc=53.50/tensorboard/Grad_mlp.fc2.lora_B_block_0/events.out.tfevents.1768387349.master-192-168-8-48.1680.8,mlp.fc2.lora_B,0
1768387832.848895,758,23.71875,0.261980801820755,Grad/mlp.fc2.lora_B,outputs_dev/vitb16/T=vtab_Q=3bit_L=lora_2_qkv-fc1-proj-fc2/cifar/20260114184203_default_acc=53.50/tensorboard/Grad_mlp.fc2.lora_B_block_0/events.out.tfevents.1768387349.master-192-168-8-48.1680.8,mlp.fc2.lora_B,0
1768387833.2651181,759,23.75,0.3847910165786743,Grad/mlp.fc2.lora_B,outputs_dev/vitb16/T=vtab_Q=3bit_L=lora_2_qkv-fc1-proj-fc2/cifar/20260114184203_default_acc=53.50/tensorboard/Grad_mlp.fc2.lora_B_block_0/events.out.tfevents.1768387349.master-192-168-8-48.1680.8,mlp.fc2.lora_B,0
1768387833.6907856,760,23.78125,0.6668036580085754,Grad/mlp.fc2.lora_B,outputs_dev/vitb16/T=vtab_Q=3bit_L=lora_2_qkv-fc1-proj-fc2/cifar/20260114184203_default_acc=53.50/tensorboard/Grad_mlp.fc2.lora_B_block_0/events.out.tfevents.1768387349.master-192-168-8-48.1680.8,mlp.fc2.lora_B,0
1768387834.1163223,761,23.8125,0.3830316662788391,Grad/mlp.fc2.lora_B,outputs_dev/vitb16/T=vtab_Q=3bit_L=lora_2_qkv-fc1-proj-fc2/cifar/20260114184203_default_acc=53.50/tensorboard/Grad_mlp.fc2.lora_B_block_0/events.out.tfevents.1768387349.master-192-168-8-48.1680.8,mlp.fc2.lora_B,0
1768387834.5554504,762,23.84375,0.39968863129615784,Grad/mlp.fc2.lora_B,outputs_dev/vitb16/T=vtab_Q=3bit_L=lora_2_qkv-fc1-proj-fc2/cifar/20260114184203_default_acc=53.50/tensorboard/Grad_mlp.fc2.lora_B_block_0/events.out.tfevents.1768387349.master-192-168-8-48.1680.8,mlp.fc2.lora_B,0
1768387834.9964633,763,23.875,0.3158535063266754,Grad/mlp.fc2.lora_B,outputs_dev/vitb16/T=vtab_Q=3bit_L=lora_2_qkv-fc1-proj-fc2/cifar/20260114184203_default_acc=53.50/tensorboard/Grad_mlp.fc2.lora_B_block_0/events.out.tfevents.1768387349.master-192-168-8-48.1680.8,mlp.fc2.lora_B,0
1768387835.4346502,764,23.90625,0.32747071981430054,Grad/mlp.fc2.lora_B,outputs_dev/vitb16/T=vtab_Q=3bit_L=lora_2_qkv-fc1-proj-fc2/cifar/20260114184203_default_acc=53.50/tensorboard/Grad_mlp.fc2.lora_B_block_0/events.out.tfevents.1768387349.master-192-168-8-48.1680.8,mlp.fc2.lora_B,0
1768387835.8741865,765,23.9375,0.28235694766044617,Grad/mlp.fc2.lora_B,outputs_dev/vitb16/T=vtab_Q=3bit_L=lora_2_qkv-fc1-proj-fc2/cifar/20260114184203_default_acc=53.50/tensorboard/Grad_mlp.fc2.lora_B_block_0/events.out.tfevents.1768387349.master-192-168-8-48.1680.8,mlp.fc2.lora_B,0
1768387836.287909,766,23.96875,0.49328455328941345,Grad/mlp.fc2.lora_B,outputs_dev/vitb16/T=vtab_Q=3bit_L=lora_2_qkv-fc1-proj-fc2/cifar/20260114184203_default_acc=53.50/tensorboard/Grad_mlp.fc2.lora_B_block_0/events.out.tfevents.1768387349.master-192-168-8-48.1680.8,mlp.fc2.lora_B,0
1768387836.4917135,767,24.0,0.6240789294242859,Grad/mlp.fc2.lora_B,outputs_dev/vitb16/T=vtab_Q=3bit_L=lora_2_qkv-fc1-proj-fc2/cifar/20260114184203_default_acc=53.50/tensorboard/Grad_mlp.fc2.lora_B_block_0/events.out.tfevents.1768387349.master-192-168-8-48.1680.8,mlp.fc2.lora_B,0
1768387837.2016203,768,24.03125,0.17666296660900116,Grad/mlp.fc2.lora_B,outputs_dev/vitb16/T=vtab_Q=3bit_L=lora_2_qkv-fc1-proj-fc2/cifar/20260114184203_default_acc=53.50/tensorboard/Grad_mlp.fc2.lora_B_block_0/events.out.tfevents.1768387349.master-192-168-8-48.1680.8,mlp.fc2.lora_B,0
1768387837.6425083,769,24.0625,0.2980342507362366,Grad/mlp.fc2.lora_B,outputs_dev/vitb16/T=vtab_Q=3bit_L=lora_2_qkv-fc1-proj-fc2/cifar/20260114184203_default_acc=53.50/tensorboard/Grad_mlp.fc2.lora_B_block_0/events.out.tfevents.1768387349.master-192-168-8-48.1680.8,mlp.fc2.lora_B,0
1768387838.0839458,770,24.09375,0.2980678081512451,Grad/mlp.fc2.lora_B,outputs_dev/vitb16/T=vtab_Q=3bit_L=lora_2_qkv-fc1-proj-fc2/cifar/20260114184203_default_acc=53.50/tensorboard/Grad_mlp.fc2.lora_B_block_0/events.out.tfevents.1768387349.master-192-168-8-48.1680.8,mlp.fc2.lora_B,0
1768387838.5255384,771,24.125,0.5608094930648804,Grad/mlp.fc2.lora_B,outputs_dev/vitb16/T=vtab_Q=3bit_L=lora_2_qkv-fc1-proj-fc2/cifar/20260114184203_default_acc=53.50/tensorboard/Grad_mlp.fc2.lora_B_block_0/events.out.tfevents.1768387349.master-192-168-8-48.1680.8,mlp.fc2.lora_B,0
1768387838.954487,772,24.15625,0.25113803148269653,Grad/mlp.fc2.lora_B,outputs_dev/vitb16/T=vtab_Q=3bit_L=lora_2_qkv-fc1-proj-fc2/cifar/20260114184203_default_acc=53.50/tensorboard/Grad_mlp.fc2.lora_B_block_0/events.out.tfevents.1768387349.master-192-168-8-48.1680.8,mlp.fc2.lora_B,0
1768387839.3850367,773,24.1875,0.41206157207489014,Grad/mlp.fc2.lora_B,outputs_dev/vitb16/T=vtab_Q=3bit_L=lora_2_qkv-fc1-proj-fc2/cifar/20260114184203_default_acc=53.50/tensorboard/Grad_mlp.fc2.lora_B_block_0/events.out.tfevents.1768387349.master-192-168-8-48.1680.8,mlp.fc2.lora_B,0
1768387839.824353,774,24.21875,0.35514035820961,Grad/mlp.fc2.lora_B,outputs_dev/vitb16/T=vtab_Q=3bit_L=lora_2_qkv-fc1-proj-fc2/cifar/20260114184203_default_acc=53.50/tensorboard/Grad_mlp.fc2.lora_B_block_0/events.out.tfevents.1768387349.master-192-168-8-48.1680.8,mlp.fc2.lora_B,0
1768387840.2507656,775,24.25,0.5538347363471985,Grad/mlp.fc2.lora_B,outputs_dev/vitb16/T=vtab_Q=3bit_L=lora_2_qkv-fc1-proj-fc2/cifar/20260114184203_default_acc=53.50/tensorboard/Grad_mlp.fc2.lora_B_block_0/events.out.tfevents.1768387349.master-192-168-8-48.1680.8,mlp.fc2.lora_B,0
1768387840.6789274,776,24.28125,0.44924184679985046,Grad/mlp.fc2.lora_B,outputs_dev/vitb16/T=vtab_Q=3bit_L=lora_2_qkv-fc1-proj-fc2/cifar/20260114184203_default_acc=53.50/tensorboard/Grad_mlp.fc2.lora_B_block_0/events.out.tfevents.1768387349.master-192-168-8-48.1680.8,mlp.fc2.lora_B,0
1768387841.1119359,777,24.3125,0.6554499864578247,Grad/mlp.fc2.lora_B,outputs_dev/vitb16/T=vtab_Q=3bit_L=lora_2_qkv-fc1-proj-fc2/cifar/20260114184203_default_acc=53.50/tensorboard/Grad_mlp.fc2.lora_B_block_0/events.out.tfevents.1768387349.master-192-168-8-48.1680.8,mlp.fc2.lora_B,0
1768387841.5366924,778,24.34375,0.47259148955345154,Grad/mlp.fc2.lora_B,outputs_dev/vitb16/T=vtab_Q=3bit_L=lora_2_qkv-fc1-proj-fc2/cifar/20260114184203_default_acc=53.50/tensorboard/Grad_mlp.fc2.lora_B_block_0/events.out.tfevents.1768387349.master-192-168-8-48.1680.8,mlp.fc2.lora_B,0
1768387841.9600987,779,24.375,0.3412928879261017,Grad/mlp.fc2.lora_B,outputs_dev/vitb16/T=vtab_Q=3bit_L=lora_2_qkv-fc1-proj-fc2/cifar/20260114184203_default_acc=53.50/tensorboard/Grad_mlp.fc2.lora_B_block_0/events.out.tfevents.1768387349.master-192-168-8-48.1680.8,mlp.fc2.lora_B,0
1768387842.3836896,780,24.40625,1.1311382055282593,Grad/mlp.fc2.lora_B,outputs_dev/vitb16/T=vtab_Q=3bit_L=lora_2_qkv-fc1-proj-fc2/cifar/20260114184203_default_acc=53.50/tensorboard/Grad_mlp.fc2.lora_B_block_0/events.out.tfevents.1768387349.master-192-168-8-48.1680.8,mlp.fc2.lora_B,0
1768387842.7949312,781,24.4375,0.38803017139434814,Grad/mlp.fc2.lora_B,outputs_dev/vitb16/T=vtab_Q=3bit_L=lora_2_qkv-fc1-proj-fc2/cifar/20260114184203_default_acc=53.50/tensorboard/Grad_mlp.fc2.lora_B_block_0/events.out.tfevents.1768387349.master-192-168-8-48.1680.8,mlp.fc2.lora_B,0
1768387843.225349,782,24.46875,0.6061318516731262,Grad/mlp.fc2.lora_B,outputs_dev/vitb16/T=vtab_Q=3bit_L=lora_2_qkv-fc1-proj-fc2/cifar/20260114184203_default_acc=53.50/tensorboard/Grad_mlp.fc2.lora_B_block_0/events.out.tfevents.1768387349.master-192-168-8-48.1680.8,mlp.fc2.lora_B,0
1768387843.661148,783,24.5,0.434457927942276,Grad/mlp.fc2.lora_B,outputs_dev/vitb16/T=vtab_Q=3bit_L=lora_2_qkv-fc1-proj-fc2/cifar/20260114184203_default_acc=53.50/tensorboard/Grad_mlp.fc2.lora_B_block_0/events.out.tfevents.1768387349.master-192-168-8-48.1680.8,mlp.fc2.lora_B,0
1768387844.0884137,784,24.53125,0.5260902047157288,Grad/mlp.fc2.lora_B,outputs_dev/vitb16/T=vtab_Q=3bit_L=lora_2_qkv-fc1-proj-fc2/cifar/20260114184203_default_acc=53.50/tensorboard/Grad_mlp.fc2.lora_B_block_0/events.out.tfevents.1768387349.master-192-168-8-48.1680.8,mlp.fc2.lora_B,0
1768387844.5139244,785,24.5625,0.4069691598415375,Grad/mlp.fc2.lora_B,outputs_dev/vitb16/T=vtab_Q=3bit_L=lora_2_qkv-fc1-proj-fc2/cifar/20260114184203_default_acc=53.50/tensorboard/Grad_mlp.fc2.lora_B_block_0/events.out.tfevents.1768387349.master-192-168-8-48.1680.8,mlp.fc2.lora_B,0
1768387844.9381807,786,24.59375,0.3465496003627777,Grad/mlp.fc2.lora_B,outputs_dev/vitb16/T=vtab_Q=3bit_L=lora_2_qkv-fc1-proj-fc2/cifar/20260114184203_default_acc=53.50/tensorboard/Grad_mlp.fc2.lora_B_block_0/events.out.tfevents.1768387349.master-192-168-8-48.1680.8,mlp.fc2.lora_B,0
1768387845.3640158,787,24.625,0.24191251397132874,Grad/mlp.fc2.lora_B,outputs_dev/vitb16/T=vtab_Q=3bit_L=lora_2_qkv-fc1-proj-fc2/cifar/20260114184203_default_acc=53.50/tensorboard/Grad_mlp.fc2.lora_B_block_0/events.out.tfevents.1768387349.master-192-168-8-48.1680.8,mlp.fc2.lora_B,0
1768387845.7909126,788,24.65625,0.37053292989730835,Grad/mlp.fc2.lora_B,outputs_dev/vitb16/T=vtab_Q=3bit_L=lora_2_qkv-fc1-proj-fc2/cifar/20260114184203_default_acc=53.50/tensorboard/Grad_mlp.fc2.lora_B_block_0/events.out.tfevents.1768387349.master-192-168-8-48.1680.8,mlp.fc2.lora_B,0
1768387846.2162004,789,24.6875,0.5827183127403259,Grad/mlp.fc2.lora_B,outputs_dev/vitb16/T=vtab_Q=3bit_L=lora_2_qkv-fc1-proj-fc2/cifar/20260114184203_default_acc=53.50/tensorboard/Grad_mlp.fc2.lora_B_block_0/events.out.tfevents.1768387349.master-192-168-8-48.1680.8,mlp.fc2.lora_B,0
1768387846.641561,790,24.71875,0.33827927708625793,Grad/mlp.fc2.lora_B,outputs_dev/vitb16/T=vtab_Q=3bit_L=lora_2_qkv-fc1-proj-fc2/cifar/20260114184203_default_acc=53.50/tensorboard/Grad_mlp.fc2.lora_B_block_0/events.out.tfevents.1768387349.master-192-168-8-48.1680.8,mlp.fc2.lora_B,0
1768387847.0643783,791,24.75,0.2743334174156189,Grad/mlp.fc2.lora_B,outputs_dev/vitb16/T=vtab_Q=3bit_L=lora_2_qkv-fc1-proj-fc2/cifar/20260114184203_default_acc=53.50/tensorboard/Grad_mlp.fc2.lora_B_block_0/events.out.tfevents.1768387349.master-192-168-8-48.1680.8,mlp.fc2.lora_B,0
1768387847.4899664,792,24.78125,0.49846163392066956,Grad/mlp.fc2.lora_B,outputs_dev/vitb16/T=vtab_Q=3bit_L=lora_2_qkv-fc1-proj-fc2/cifar/20260114184203_default_acc=53.50/tensorboard/Grad_mlp.fc2.lora_B_block_0/events.out.tfevents.1768387349.master-192-168-8-48.1680.8,mlp.fc2.lora_B,0
1768387847.9135754,793,24.8125,0.4656420052051544,Grad/mlp.fc2.lora_B,outputs_dev/vitb16/T=vtab_Q=3bit_L=lora_2_qkv-fc1-proj-fc2/cifar/20260114184203_default_acc=53.50/tensorboard/Grad_mlp.fc2.lora_B_block_0/events.out.tfevents.1768387349.master-192-168-8-48.1680.8,mlp.fc2.lora_B,0
1768387848.337212,794,24.84375,0.48695504665374756,Grad/mlp.fc2.lora_B,outputs_dev/vitb16/T=vtab_Q=3bit_L=lora_2_qkv-fc1-proj-fc2/cifar/20260114184203_default_acc=53.50/tensorboard/Grad_mlp.fc2.lora_B_block_0/events.out.tfevents.1768387349.master-192-168-8-48.1680.8,mlp.fc2.lora_B,0
1768387848.7598896,795,24.875,0.40547534823417664,Grad/mlp.fc2.lora_B,outputs_dev/vitb16/T=vtab_Q=3bit_L=lora_2_qkv-fc1-proj-fc2/cifar/20260114184203_default_acc=53.50/tensorboard/Grad_mlp.fc2.lora_B_block_0/events.out.tfevents.1768387349.master-192-168-8-48.1680.8,mlp.fc2.lora_B,0
1768387849.1722658,796,24.90625,0.29486170411109924,Grad/mlp.fc2.lora_B,outputs_dev/vitb16/T=vtab_Q=3bit_L=lora_2_qkv-fc1-proj-fc2/cifar/20260114184203_default_acc=53.50/tensorboard/Grad_mlp.fc2.lora_B_block_0/events.out.tfevents.1768387349.master-192-168-8-48.1680.8,mlp.fc2.lora_B,0
1768387849.603054,797,24.9375,0.38067176938056946,Grad/mlp.fc2.lora_B,outputs_dev/vitb16/T=vtab_Q=3bit_L=lora_2_qkv-fc1-proj-fc2/cifar/20260114184203_default_acc=53.50/tensorboard/Grad_mlp.fc2.lora_B_block_0/events.out.tfevents.1768387349.master-192-168-8-48.1680.8,mlp.fc2.lora_B,0
1768387850.0262463,798,24.96875,0.44528260827064514,Grad/mlp.fc2.lora_B,outputs_dev/vitb16/T=vtab_Q=3bit_L=lora_2_qkv-fc1-proj-fc2/cifar/20260114184203_default_acc=53.50/tensorboard/Grad_mlp.fc2.lora_B_block_0/events.out.tfevents.1768387349.master-192-168-8-48.1680.8,mlp.fc2.lora_B,0
1768387850.2310672,799,25.0,0.44784247875213623,Grad/mlp.fc2.lora_B,outputs_dev/vitb16/T=vtab_Q=3bit_L=lora_2_qkv-fc1-proj-fc2/cifar/20260114184203_default_acc=53.50/tensorboard/Grad_mlp.fc2.lora_B_block_0/events.out.tfevents.1768387349.master-192-168-8-48.1680.8,mlp.fc2.lora_B,0
1768387850.9366183,800,25.03125,0.6735225915908813,Grad/mlp.fc2.lora_B,outputs_dev/vitb16/T=vtab_Q=3bit_L=lora_2_qkv-fc1-proj-fc2/cifar/20260114184203_default_acc=53.50/tensorboard/Grad_mlp.fc2.lora_B_block_0/events.out.tfevents.1768387349.master-192-168-8-48.1680.8,mlp.fc2.lora_B,0
1768387851.3790371,801,25.0625,0.21817487478256226,Grad/mlp.fc2.lora_B,outputs_dev/vitb16/T=vtab_Q=3bit_L=lora_2_qkv-fc1-proj-fc2/cifar/20260114184203_default_acc=53.50/tensorboard/Grad_mlp.fc2.lora_B_block_0/events.out.tfevents.1768387349.master-192-168-8-48.1680.8,mlp.fc2.lora_B,0
1768387851.8187428,802,25.09375,0.5194012522697449,Grad/mlp.fc2.lora_B,outputs_dev/vitb16/T=vtab_Q=3bit_L=lora_2_qkv-fc1-proj-fc2/cifar/20260114184203_default_acc=53.50/tensorboard/Grad_mlp.fc2.lora_B_block_0/events.out.tfevents.1768387349.master-192-168-8-48.1680.8,mlp.fc2.lora_B,0
1768387852.2487702,803,25.125,0.31179994344711304,Grad/mlp.fc2.lora_B,outputs_dev/vitb16/T=vtab_Q=3bit_L=lora_2_qkv-fc1-proj-fc2/cifar/20260114184203_default_acc=53.50/tensorboard/Grad_mlp.fc2.lora_B_block_0/events.out.tfevents.1768387349.master-192-168-8-48.1680.8,mlp.fc2.lora_B,0
1768387852.6753166,804,25.15625,0.5913867354393005,Grad/mlp.fc2.lora_B,outputs_dev/vitb16/T=vtab_Q=3bit_L=lora_2_qkv-fc1-proj-fc2/cifar/20260114184203_default_acc=53.50/tensorboard/Grad_mlp.fc2.lora_B_block_0/events.out.tfevents.1768387349.master-192-168-8-48.1680.8,mlp.fc2.lora_B,0
1768387853.0980625,805,25.1875,1.0096817016601562,Grad/mlp.fc2.lora_B,outputs_dev/vitb16/T=vtab_Q=3bit_L=lora_2_qkv-fc1-proj-fc2/cifar/20260114184203_default_acc=53.50/tensorboard/Grad_mlp.fc2.lora_B_block_0/events.out.tfevents.1768387349.master-192-168-8-48.1680.8,mlp.fc2.lora_B,0
1768387853.5227046,806,25.21875,0.2975192666053772,Grad/mlp.fc2.lora_B,outputs_dev/vitb16/T=vtab_Q=3bit_L=lora_2_qkv-fc1-proj-fc2/cifar/20260114184203_default_acc=53.50/tensorboard/Grad_mlp.fc2.lora_B_block_0/events.out.tfevents.1768387349.master-192-168-8-48.1680.8,mlp.fc2.lora_B,0
1768387853.9474366,807,25.25,1.0055886507034302,Grad/mlp.fc2.lora_B,outputs_dev/vitb16/T=vtab_Q=3bit_L=lora_2_qkv-fc1-proj-fc2/cifar/20260114184203_default_acc=53.50/tensorboard/Grad_mlp.fc2.lora_B_block_0/events.out.tfevents.1768387349.master-192-168-8-48.1680.8,mlp.fc2.lora_B,0
1768387854.371765,808,25.28125,0.24685969948768616,Grad/mlp.fc2.lora_B,outputs_dev/vitb16/T=vtab_Q=3bit_L=lora_2_qkv-fc1-proj-fc2/cifar/20260114184203_default_acc=53.50/tensorboard/Grad_mlp.fc2.lora_B_block_0/events.out.tfevents.1768387349.master-192-168-8-48.1680.8,mlp.fc2.lora_B,0
1768387854.7957757,809,25.3125,0.3864101469516754,Grad/mlp.fc2.lora_B,outputs_dev/vitb16/T=vtab_Q=3bit_L=lora_2_qkv-fc1-proj-fc2/cifar/20260114184203_default_acc=53.50/tensorboard/Grad_mlp.fc2.lora_B_block_0/events.out.tfevents.1768387349.master-192-168-8-48.1680.8,mlp.fc2.lora_B,0
1768387855.2204483,810,25.34375,0.37145471572875977,Grad/mlp.fc2.lora_B,outputs_dev/vitb16/T=vtab_Q=3bit_L=lora_2_qkv-fc1-proj-fc2/cifar/20260114184203_default_acc=53.50/tensorboard/Grad_mlp.fc2.lora_B_block_0/events.out.tfevents.1768387349.master-192-168-8-48.1680.8,mlp.fc2.lora_B,0
1768387855.6467428,811,25.375,0.35169467329978943,Grad/mlp.fc2.lora_B,outputs_dev/vitb16/T=vtab_Q=3bit_L=lora_2_qkv-fc1-proj-fc2/cifar/20260114184203_default_acc=53.50/tensorboard/Grad_mlp.fc2.lora_B_block_0/events.out.tfevents.1768387349.master-192-168-8-48.1680.8,mlp.fc2.lora_B,0
1768387856.0710914,812,25.40625,0.30574533343315125,Grad/mlp.fc2.lora_B,outputs_dev/vitb16/T=vtab_Q=3bit_L=lora_2_qkv-fc1-proj-fc2/cifar/20260114184203_default_acc=53.50/tensorboard/Grad_mlp.fc2.lora_B_block_0/events.out.tfevents.1768387349.master-192-168-8-48.1680.8,mlp.fc2.lora_B,0
1768387856.5071418,813,25.4375,0.3421366214752197,Grad/mlp.fc2.lora_B,outputs_dev/vitb16/T=vtab_Q=3bit_L=lora_2_qkv-fc1-proj-fc2/cifar/20260114184203_default_acc=53.50/tensorboard/Grad_mlp.fc2.lora_B_block_0/events.out.tfevents.1768387349.master-192-168-8-48.1680.8,mlp.fc2.lora_B,0
1768387856.9420803,814,25.46875,0.45895951986312866,Grad/mlp.fc2.lora_B,outputs_dev/vitb16/T=vtab_Q=3bit_L=lora_2_qkv-fc1-proj-fc2/cifar/20260114184203_default_acc=53.50/tensorboard/Grad_mlp.fc2.lora_B_block_0/events.out.tfevents.1768387349.master-192-168-8-48.1680.8,mlp.fc2.lora_B,0
1768387857.3797617,815,25.5,0.3106426000595093,Grad/mlp.fc2.lora_B,outputs_dev/vitb16/T=vtab_Q=3bit_L=lora_2_qkv-fc1-proj-fc2/cifar/20260114184203_default_acc=53.50/tensorboard/Grad_mlp.fc2.lora_B_block_0/events.out.tfevents.1768387349.master-192-168-8-48.1680.8,mlp.fc2.lora_B,0
1768387857.817976,816,25.53125,0.3797725737094879,Grad/mlp.fc2.lora_B,outputs_dev/vitb16/T=vtab_Q=3bit_L=lora_2_qkv-fc1-proj-fc2/cifar/20260114184203_default_acc=53.50/tensorboard/Grad_mlp.fc2.lora_B_block_0/events.out.tfevents.1768387349.master-192-168-8-48.1680.8,mlp.fc2.lora_B,0
1768387858.2534842,817,25.5625,0.3944759666919708,Grad/mlp.fc2.lora_B,outputs_dev/vitb16/T=vtab_Q=3bit_L=lora_2_qkv-fc1-proj-fc2/cifar/20260114184203_default_acc=53.50/tensorboard/Grad_mlp.fc2.lora_B_block_0/events.out.tfevents.1768387349.master-192-168-8-48.1680.8,mlp.fc2.lora_B,0
1768387858.6899998,818,25.59375,0.3734460771083832,Grad/mlp.fc2.lora_B,outputs_dev/vitb16/T=vtab_Q=3bit_L=lora_2_qkv-fc1-proj-fc2/cifar/20260114184203_default_acc=53.50/tensorboard/Grad_mlp.fc2.lora_B_block_0/events.out.tfevents.1768387349.master-192-168-8-48.1680.8,mlp.fc2.lora_B,0
1768387859.1362796,819,25.625,0.24426835775375366,Grad/mlp.fc2.lora_B,outputs_dev/vitb16/T=vtab_Q=3bit_L=lora_2_qkv-fc1-proj-fc2/cifar/20260114184203_default_acc=53.50/tensorboard/Grad_mlp.fc2.lora_B_block_0/events.out.tfevents.1768387349.master-192-168-8-48.1680.8,mlp.fc2.lora_B,0
1768387859.5593777,820,25.65625,0.3256262242794037,Grad/mlp.fc2.lora_B,outputs_dev/vitb16/T=vtab_Q=3bit_L=lora_2_qkv-fc1-proj-fc2/cifar/20260114184203_default_acc=53.50/tensorboard/Grad_mlp.fc2.lora_B_block_0/events.out.tfevents.1768387349.master-192-168-8-48.1680.8,mlp.fc2.lora_B,0
1768387859.9962184,821,25.6875,0.3378344178199768,Grad/mlp.fc2.lora_B,outputs_dev/vitb16/T=vtab_Q=3bit_L=lora_2_qkv-fc1-proj-fc2/cifar/20260114184203_default_acc=53.50/tensorboard/Grad_mlp.fc2.lora_B_block_0/events.out.tfevents.1768387349.master-192-168-8-48.1680.8,mlp.fc2.lora_B,0
1768387860.4214044,822,25.71875,0.5296224355697632,Grad/mlp.fc2.lora_B,outputs_dev/vitb16/T=vtab_Q=3bit_L=lora_2_qkv-fc1-proj-fc2/cifar/20260114184203_default_acc=53.50/tensorboard/Grad_mlp.fc2.lora_B_block_0/events.out.tfevents.1768387349.master-192-168-8-48.1680.8,mlp.fc2.lora_B,0
1768387860.8577657,823,25.75,0.9721258282661438,Grad/mlp.fc2.lora_B,outputs_dev/vitb16/T=vtab_Q=3bit_L=lora_2_qkv-fc1-proj-fc2/cifar/20260114184203_default_acc=53.50/tensorboard/Grad_mlp.fc2.lora_B_block_0/events.out.tfevents.1768387349.master-192-168-8-48.1680.8,mlp.fc2.lora_B,0
1768387861.293533,824,25.78125,0.5632838606834412,Grad/mlp.fc2.lora_B,outputs_dev/vitb16/T=vtab_Q=3bit_L=lora_2_qkv-fc1-proj-fc2/cifar/20260114184203_default_acc=53.50/tensorboard/Grad_mlp.fc2.lora_B_block_0/events.out.tfevents.1768387349.master-192-168-8-48.1680.8,mlp.fc2.lora_B,0
1768387861.715913,825,25.8125,0.3731393814086914,Grad/mlp.fc2.lora_B,outputs_dev/vitb16/T=vtab_Q=3bit_L=lora_2_qkv-fc1-proj-fc2/cifar/20260114184203_default_acc=53.50/tensorboard/Grad_mlp.fc2.lora_B_block_0/events.out.tfevents.1768387349.master-192-168-8-48.1680.8,mlp.fc2.lora_B,0
1768387862.1528192,826,25.84375,0.4288044571876526,Grad/mlp.fc2.lora_B,outputs_dev/vitb16/T=vtab_Q=3bit_L=lora_2_qkv-fc1-proj-fc2/cifar/20260114184203_default_acc=53.50/tensorboard/Grad_mlp.fc2.lora_B_block_0/events.out.tfevents.1768387349.master-192-168-8-48.1680.8,mlp.fc2.lora_B,0
1768387862.5934398,827,25.875,0.40031418204307556,Grad/mlp.fc2.lora_B,outputs_dev/vitb16/T=vtab_Q=3bit_L=lora_2_qkv-fc1-proj-fc2/cifar/20260114184203_default_acc=53.50/tensorboard/Grad_mlp.fc2.lora_B_block_0/events.out.tfevents.1768387349.master-192-168-8-48.1680.8,mlp.fc2.lora_B,0
1768387863.0227365,828,25.90625,0.4075894057750702,Grad/mlp.fc2.lora_B,outputs_dev/vitb16/T=vtab_Q=3bit_L=lora_2_qkv-fc1-proj-fc2/cifar/20260114184203_default_acc=53.50/tensorboard/Grad_mlp.fc2.lora_B_block_0/events.out.tfevents.1768387349.master-192-168-8-48.1680.8,mlp.fc2.lora_B,0
1768387863.4562962,829,25.9375,0.28063395619392395,Grad/mlp.fc2.lora_B,outputs_dev/vitb16/T=vtab_Q=3bit_L=lora_2_qkv-fc1-proj-fc2/cifar/20260114184203_default_acc=53.50/tensorboard/Grad_mlp.fc2.lora_B_block_0/events.out.tfevents.1768387349.master-192-168-8-48.1680.8,mlp.fc2.lora_B,0
1768387863.8974633,830,25.96875,0.22848515212535858,Grad/mlp.fc2.lora_B,outputs_dev/vitb16/T=vtab_Q=3bit_L=lora_2_qkv-fc1-proj-fc2/cifar/20260114184203_default_acc=53.50/tensorboard/Grad_mlp.fc2.lora_B_block_0/events.out.tfevents.1768387349.master-192-168-8-48.1680.8,mlp.fc2.lora_B,0
1768387864.1201336,831,26.0,0.6027921438217163,Grad/mlp.fc2.lora_B,outputs_dev/vitb16/T=vtab_Q=3bit_L=lora_2_qkv-fc1-proj-fc2/cifar/20260114184203_default_acc=53.50/tensorboard/Grad_mlp.fc2.lora_B_block_0/events.out.tfevents.1768387349.master-192-168-8-48.1680.8,mlp.fc2.lora_B,0
1768387864.814979,832,26.03125,0.5453699827194214,Grad/mlp.fc2.lora_B,outputs_dev/vitb16/T=vtab_Q=3bit_L=lora_2_qkv-fc1-proj-fc2/cifar/20260114184203_default_acc=53.50/tensorboard/Grad_mlp.fc2.lora_B_block_0/events.out.tfevents.1768387349.master-192-168-8-48.1680.8,mlp.fc2.lora_B,0
1768387865.2437642,833,26.0625,0.3035721480846405,Grad/mlp.fc2.lora_B,outputs_dev/vitb16/T=vtab_Q=3bit_L=lora_2_qkv-fc1-proj-fc2/cifar/20260114184203_default_acc=53.50/tensorboard/Grad_mlp.fc2.lora_B_block_0/events.out.tfevents.1768387349.master-192-168-8-48.1680.8,mlp.fc2.lora_B,0
1768387865.671273,834,26.09375,0.5583211779594421,Grad/mlp.fc2.lora_B,outputs_dev/vitb16/T=vtab_Q=3bit_L=lora_2_qkv-fc1-proj-fc2/cifar/20260114184203_default_acc=53.50/tensorboard/Grad_mlp.fc2.lora_B_block_0/events.out.tfevents.1768387349.master-192-168-8-48.1680.8,mlp.fc2.lora_B,0
1768387866.0970542,835,26.125,0.4332068860530853,Grad/mlp.fc2.lora_B,outputs_dev/vitb16/T=vtab_Q=3bit_L=lora_2_qkv-fc1-proj-fc2/cifar/20260114184203_default_acc=53.50/tensorboard/Grad_mlp.fc2.lora_B_block_0/events.out.tfevents.1768387349.master-192-168-8-48.1680.8,mlp.fc2.lora_B,0
1768387866.5271428,836,26.15625,0.3773217499256134,Grad/mlp.fc2.lora_B,outputs_dev/vitb16/T=vtab_Q=3bit_L=lora_2_qkv-fc1-proj-fc2/cifar/20260114184203_default_acc=53.50/tensorboard/Grad_mlp.fc2.lora_B_block_0/events.out.tfevents.1768387349.master-192-168-8-48.1680.8,mlp.fc2.lora_B,0
1768387866.9684403,837,26.1875,0.3350023031234741,Grad/mlp.fc2.lora_B,outputs_dev/vitb16/T=vtab_Q=3bit_L=lora_2_qkv-fc1-proj-fc2/cifar/20260114184203_default_acc=53.50/tensorboard/Grad_mlp.fc2.lora_B_block_0/events.out.tfevents.1768387349.master-192-168-8-48.1680.8,mlp.fc2.lora_B,0
1768387867.3963523,838,26.21875,0.48822349309921265,Grad/mlp.fc2.lora_B,outputs_dev/vitb16/T=vtab_Q=3bit_L=lora_2_qkv-fc1-proj-fc2/cifar/20260114184203_default_acc=53.50/tensorboard/Grad_mlp.fc2.lora_B_block_0/events.out.tfevents.1768387349.master-192-168-8-48.1680.8,mlp.fc2.lora_B,0
1768387867.8323922,839,26.25,0.631611704826355,Grad/mlp.fc2.lora_B,outputs_dev/vitb16/T=vtab_Q=3bit_L=lora_2_qkv-fc1-proj-fc2/cifar/20260114184203_default_acc=53.50/tensorboard/Grad_mlp.fc2.lora_B_block_0/events.out.tfevents.1768387349.master-192-168-8-48.1680.8,mlp.fc2.lora_B,0
1768387868.2686832,840,26.28125,0.4343922436237335,Grad/mlp.fc2.lora_B,outputs_dev/vitb16/T=vtab_Q=3bit_L=lora_2_qkv-fc1-proj-fc2/cifar/20260114184203_default_acc=53.50/tensorboard/Grad_mlp.fc2.lora_B_block_0/events.out.tfevents.1768387349.master-192-168-8-48.1680.8,mlp.fc2.lora_B,0
1768387868.6936853,841,26.3125,0.6814091801643372,Grad/mlp.fc2.lora_B,outputs_dev/vitb16/T=vtab_Q=3bit_L=lora_2_qkv-fc1-proj-fc2/cifar/20260114184203_default_acc=53.50/tensorboard/Grad_mlp.fc2.lora_B_block_0/events.out.tfevents.1768387349.master-192-168-8-48.1680.8,mlp.fc2.lora_B,0
1768387869.1162763,842,26.34375,0.5232690572738647,Grad/mlp.fc2.lora_B,outputs_dev/vitb16/T=vtab_Q=3bit_L=lora_2_qkv-fc1-proj-fc2/cifar/20260114184203_default_acc=53.50/tensorboard/Grad_mlp.fc2.lora_B_block_0/events.out.tfevents.1768387349.master-192-168-8-48.1680.8,mlp.fc2.lora_B,0
1768387869.554102,843,26.375,0.35999876260757446,Grad/mlp.fc2.lora_B,outputs_dev/vitb16/T=vtab_Q=3bit_L=lora_2_qkv-fc1-proj-fc2/cifar/20260114184203_default_acc=53.50/tensorboard/Grad_mlp.fc2.lora_B_block_0/events.out.tfevents.1768387349.master-192-168-8-48.1680.8,mlp.fc2.lora_B,0
1768387870.0049076,844,26.40625,0.35246387124061584,Grad/mlp.fc2.lora_B,outputs_dev/vitb16/T=vtab_Q=3bit_L=lora_2_qkv-fc1-proj-fc2/cifar/20260114184203_default_acc=53.50/tensorboard/Grad_mlp.fc2.lora_B_block_0/events.out.tfevents.1768387349.master-192-168-8-48.1680.8,mlp.fc2.lora_B,0
1768387870.4326055,845,26.4375,0.4939647912979126,Grad/mlp.fc2.lora_B,outputs_dev/vitb16/T=vtab_Q=3bit_L=lora_2_qkv-fc1-proj-fc2/cifar/20260114184203_default_acc=53.50/tensorboard/Grad_mlp.fc2.lora_B_block_0/events.out.tfevents.1768387349.master-192-168-8-48.1680.8,mlp.fc2.lora_B,0
1768387870.8739502,846,26.46875,0.2481994926929474,Grad/mlp.fc2.lora_B,outputs_dev/vitb16/T=vtab_Q=3bit_L=lora_2_qkv-fc1-proj-fc2/cifar/20260114184203_default_acc=53.50/tensorboard/Grad_mlp.fc2.lora_B_block_0/events.out.tfevents.1768387349.master-192-168-8-48.1680.8,mlp.fc2.lora_B,0
1768387871.302081,847,26.5,0.2898688018321991,Grad/mlp.fc2.lora_B,outputs_dev/vitb16/T=vtab_Q=3bit_L=lora_2_qkv-fc1-proj-fc2/cifar/20260114184203_default_acc=53.50/tensorboard/Grad_mlp.fc2.lora_B_block_0/events.out.tfevents.1768387349.master-192-168-8-48.1680.8,mlp.fc2.lora_B,0
1768387871.7179966,848,26.53125,0.3522805869579315,Grad/mlp.fc2.lora_B,outputs_dev/vitb16/T=vtab_Q=3bit_L=lora_2_qkv-fc1-proj-fc2/cifar/20260114184203_default_acc=53.50/tensorboard/Grad_mlp.fc2.lora_B_block_0/events.out.tfevents.1768387349.master-192-168-8-48.1680.8,mlp.fc2.lora_B,0
1768387872.1464586,849,26.5625,0.37296193838119507,Grad/mlp.fc2.lora_B,outputs_dev/vitb16/T=vtab_Q=3bit_L=lora_2_qkv-fc1-proj-fc2/cifar/20260114184203_default_acc=53.50/tensorboard/Grad_mlp.fc2.lora_B_block_0/events.out.tfevents.1768387349.master-192-168-8-48.1680.8,mlp.fc2.lora_B,0
1768387872.575291,850,26.59375,0.31316763162612915,Grad/mlp.fc2.lora_B,outputs_dev/vitb16/T=vtab_Q=3bit_L=lora_2_qkv-fc1-proj-fc2/cifar/20260114184203_default_acc=53.50/tensorboard/Grad_mlp.fc2.lora_B_block_0/events.out.tfevents.1768387349.master-192-168-8-48.1680.8,mlp.fc2.lora_B,0
1768387872.9943845,851,26.625,0.18883392214775085,Grad/mlp.fc2.lora_B,outputs_dev/vitb16/T=vtab_Q=3bit_L=lora_2_qkv-fc1-proj-fc2/cifar/20260114184203_default_acc=53.50/tensorboard/Grad_mlp.fc2.lora_B_block_0/events.out.tfevents.1768387349.master-192-168-8-48.1680.8,mlp.fc2.lora_B,0
1768387873.4167228,852,26.65625,0.7956274151802063,Grad/mlp.fc2.lora_B,outputs_dev/vitb16/T=vtab_Q=3bit_L=lora_2_qkv-fc1-proj-fc2/cifar/20260114184203_default_acc=53.50/tensorboard/Grad_mlp.fc2.lora_B_block_0/events.out.tfevents.1768387349.master-192-168-8-48.1680.8,mlp.fc2.lora_B,0
1768387873.8482168,853,26.6875,0.43507707118988037,Grad/mlp.fc2.lora_B,outputs_dev/vitb16/T=vtab_Q=3bit_L=lora_2_qkv-fc1-proj-fc2/cifar/20260114184203_default_acc=53.50/tensorboard/Grad_mlp.fc2.lora_B_block_0/events.out.tfevents.1768387349.master-192-168-8-48.1680.8,mlp.fc2.lora_B,0
1768387874.2777295,854,26.71875,0.6626801490783691,Grad/mlp.fc2.lora_B,outputs_dev/vitb16/T=vtab_Q=3bit_L=lora_2_qkv-fc1-proj-fc2/cifar/20260114184203_default_acc=53.50/tensorboard/Grad_mlp.fc2.lora_B_block_0/events.out.tfevents.1768387349.master-192-168-8-48.1680.8,mlp.fc2.lora_B,0
1768387874.7061844,855,26.75,0.335147887468338,Grad/mlp.fc2.lora_B,outputs_dev/vitb16/T=vtab_Q=3bit_L=lora_2_qkv-fc1-proj-fc2/cifar/20260114184203_default_acc=53.50/tensorboard/Grad_mlp.fc2.lora_B_block_0/events.out.tfevents.1768387349.master-192-168-8-48.1680.8,mlp.fc2.lora_B,0
1768387875.1343389,856,26.78125,0.5035436749458313,Grad/mlp.fc2.lora_B,outputs_dev/vitb16/T=vtab_Q=3bit_L=lora_2_qkv-fc1-proj-fc2/cifar/20260114184203_default_acc=53.50/tensorboard/Grad_mlp.fc2.lora_B_block_0/events.out.tfevents.1768387349.master-192-168-8-48.1680.8,mlp.fc2.lora_B,0
1768387875.5795288,857,26.8125,0.23519377410411835,Grad/mlp.fc2.lora_B,outputs_dev/vitb16/T=vtab_Q=3bit_L=lora_2_qkv-fc1-proj-fc2/cifar/20260114184203_default_acc=53.50/tensorboard/Grad_mlp.fc2.lora_B_block_0/events.out.tfevents.1768387349.master-192-168-8-48.1680.8,mlp.fc2.lora_B,0
1768387876.007716,858,26.84375,0.39507704973220825,Grad/mlp.fc2.lora_B,outputs_dev/vitb16/T=vtab_Q=3bit_L=lora_2_qkv-fc1-proj-fc2/cifar/20260114184203_default_acc=53.50/tensorboard/Grad_mlp.fc2.lora_B_block_0/events.out.tfevents.1768387349.master-192-168-8-48.1680.8,mlp.fc2.lora_B,0
1768387876.4439857,859,26.875,0.3134191334247589,Grad/mlp.fc2.lora_B,outputs_dev/vitb16/T=vtab_Q=3bit_L=lora_2_qkv-fc1-proj-fc2/cifar/20260114184203_default_acc=53.50/tensorboard/Grad_mlp.fc2.lora_B_block_0/events.out.tfevents.1768387349.master-192-168-8-48.1680.8,mlp.fc2.lora_B,0
1768387876.8542526,860,26.90625,0.5391469597816467,Grad/mlp.fc2.lora_B,outputs_dev/vitb16/T=vtab_Q=3bit_L=lora_2_qkv-fc1-proj-fc2/cifar/20260114184203_default_acc=53.50/tensorboard/Grad_mlp.fc2.lora_B_block_0/events.out.tfevents.1768387349.master-192-168-8-48.1680.8,mlp.fc2.lora_B,0
1768387877.2754877,861,26.9375,0.32116204500198364,Grad/mlp.fc2.lora_B,outputs_dev/vitb16/T=vtab_Q=3bit_L=lora_2_qkv-fc1-proj-fc2/cifar/20260114184203_default_acc=53.50/tensorboard/Grad_mlp.fc2.lora_B_block_0/events.out.tfevents.1768387349.master-192-168-8-48.1680.8,mlp.fc2.lora_B,0
1768387877.711524,862,26.96875,0.28874897956848145,Grad/mlp.fc2.lora_B,outputs_dev/vitb16/T=vtab_Q=3bit_L=lora_2_qkv-fc1-proj-fc2/cifar/20260114184203_default_acc=53.50/tensorboard/Grad_mlp.fc2.lora_B_block_0/events.out.tfevents.1768387349.master-192-168-8-48.1680.8,mlp.fc2.lora_B,0
1768387877.9281065,863,27.0,0.30811038613319397,Grad/mlp.fc2.lora_B,outputs_dev/vitb16/T=vtab_Q=3bit_L=lora_2_qkv-fc1-proj-fc2/cifar/20260114184203_default_acc=53.50/tensorboard/Grad_mlp.fc2.lora_B_block_0/events.out.tfevents.1768387349.master-192-168-8-48.1680.8,mlp.fc2.lora_B,0
1768387878.5697749,864,27.03125,0.3158146142959595,Grad/mlp.fc2.lora_B,outputs_dev/vitb16/T=vtab_Q=3bit_L=lora_2_qkv-fc1-proj-fc2/cifar/20260114184203_default_acc=53.50/tensorboard/Grad_mlp.fc2.lora_B_block_0/events.out.tfevents.1768387349.master-192-168-8-48.1680.8,mlp.fc2.lora_B,0
1768387878.995046,865,27.0625,0.2992408871650696,Grad/mlp.fc2.lora_B,outputs_dev/vitb16/T=vtab_Q=3bit_L=lora_2_qkv-fc1-proj-fc2/cifar/20260114184203_default_acc=53.50/tensorboard/Grad_mlp.fc2.lora_B_block_0/events.out.tfevents.1768387349.master-192-168-8-48.1680.8,mlp.fc2.lora_B,0
1768387879.4195256,866,27.09375,0.3213833272457123,Grad/mlp.fc2.lora_B,outputs_dev/vitb16/T=vtab_Q=3bit_L=lora_2_qkv-fc1-proj-fc2/cifar/20260114184203_default_acc=53.50/tensorboard/Grad_mlp.fc2.lora_B_block_0/events.out.tfevents.1768387349.master-192-168-8-48.1680.8,mlp.fc2.lora_B,0
1768387879.843598,867,27.125,0.3241926431655884,Grad/mlp.fc2.lora_B,outputs_dev/vitb16/T=vtab_Q=3bit_L=lora_2_qkv-fc1-proj-fc2/cifar/20260114184203_default_acc=53.50/tensorboard/Grad_mlp.fc2.lora_B_block_0/events.out.tfevents.1768387349.master-192-168-8-48.1680.8,mlp.fc2.lora_B,0
1768387880.2703996,868,27.15625,0.2544691264629364,Grad/mlp.fc2.lora_B,outputs_dev/vitb16/T=vtab_Q=3bit_L=lora_2_qkv-fc1-proj-fc2/cifar/20260114184203_default_acc=53.50/tensorboard/Grad_mlp.fc2.lora_B_block_0/events.out.tfevents.1768387349.master-192-168-8-48.1680.8,mlp.fc2.lora_B,0
1768387880.7064886,869,27.1875,0.40438032150268555,Grad/mlp.fc2.lora_B,outputs_dev/vitb16/T=vtab_Q=3bit_L=lora_2_qkv-fc1-proj-fc2/cifar/20260114184203_default_acc=53.50/tensorboard/Grad_mlp.fc2.lora_B_block_0/events.out.tfevents.1768387349.master-192-168-8-48.1680.8,mlp.fc2.lora_B,0
1768387881.155146,870,27.21875,0.38905957341194153,Grad/mlp.fc2.lora_B,outputs_dev/vitb16/T=vtab_Q=3bit_L=lora_2_qkv-fc1-proj-fc2/cifar/20260114184203_default_acc=53.50/tensorboard/Grad_mlp.fc2.lora_B_block_0/events.out.tfevents.1768387349.master-192-168-8-48.1680.8,mlp.fc2.lora_B,0
1768387881.5959451,871,27.25,0.3879963457584381,Grad/mlp.fc2.lora_B,outputs_dev/vitb16/T=vtab_Q=3bit_L=lora_2_qkv-fc1-proj-fc2/cifar/20260114184203_default_acc=53.50/tensorboard/Grad_mlp.fc2.lora_B_block_0/events.out.tfevents.1768387349.master-192-168-8-48.1680.8,mlp.fc2.lora_B,0
1768387882.0426698,872,27.28125,0.3775060474872589,Grad/mlp.fc2.lora_B,outputs_dev/vitb16/T=vtab_Q=3bit_L=lora_2_qkv-fc1-proj-fc2/cifar/20260114184203_default_acc=53.50/tensorboard/Grad_mlp.fc2.lora_B_block_0/events.out.tfevents.1768387349.master-192-168-8-48.1680.8,mlp.fc2.lora_B,0
1768387882.4727473,873,27.3125,0.7126703858375549,Grad/mlp.fc2.lora_B,outputs_dev/vitb16/T=vtab_Q=3bit_L=lora_2_qkv-fc1-proj-fc2/cifar/20260114184203_default_acc=53.50/tensorboard/Grad_mlp.fc2.lora_B_block_0/events.out.tfevents.1768387349.master-192-168-8-48.1680.8,mlp.fc2.lora_B,0
1768387882.895735,874,27.34375,0.4559505581855774,Grad/mlp.fc2.lora_B,outputs_dev/vitb16/T=vtab_Q=3bit_L=lora_2_qkv-fc1-proj-fc2/cifar/20260114184203_default_acc=53.50/tensorboard/Grad_mlp.fc2.lora_B_block_0/events.out.tfevents.1768387349.master-192-168-8-48.1680.8,mlp.fc2.lora_B,0
1768387883.3186803,875,27.375,0.2651885747909546,Grad/mlp.fc2.lora_B,outputs_dev/vitb16/T=vtab_Q=3bit_L=lora_2_qkv-fc1-proj-fc2/cifar/20260114184203_default_acc=53.50/tensorboard/Grad_mlp.fc2.lora_B_block_0/events.out.tfevents.1768387349.master-192-168-8-48.1680.8,mlp.fc2.lora_B,0
1768387883.7563517,876,27.40625,0.5490700602531433,Grad/mlp.fc2.lora_B,outputs_dev/vitb16/T=vtab_Q=3bit_L=lora_2_qkv-fc1-proj-fc2/cifar/20260114184203_default_acc=53.50/tensorboard/Grad_mlp.fc2.lora_B_block_0/events.out.tfevents.1768387349.master-192-168-8-48.1680.8,mlp.fc2.lora_B,0
1768387884.1827579,877,27.4375,0.3598669767379761,Grad/mlp.fc2.lora_B,outputs_dev/vitb16/T=vtab_Q=3bit_L=lora_2_qkv-fc1-proj-fc2/cifar/20260114184203_default_acc=53.50/tensorboard/Grad_mlp.fc2.lora_B_block_0/events.out.tfevents.1768387349.master-192-168-8-48.1680.8,mlp.fc2.lora_B,0
1768387884.6069038,878,27.46875,0.5535916686058044,Grad/mlp.fc2.lora_B,outputs_dev/vitb16/T=vtab_Q=3bit_L=lora_2_qkv-fc1-proj-fc2/cifar/20260114184203_default_acc=53.50/tensorboard/Grad_mlp.fc2.lora_B_block_0/events.out.tfevents.1768387349.master-192-168-8-48.1680.8,mlp.fc2.lora_B,0
1768387885.0307488,879,27.5,0.29757776856422424,Grad/mlp.fc2.lora_B,outputs_dev/vitb16/T=vtab_Q=3bit_L=lora_2_qkv-fc1-proj-fc2/cifar/20260114184203_default_acc=53.50/tensorboard/Grad_mlp.fc2.lora_B_block_0/events.out.tfevents.1768387349.master-192-168-8-48.1680.8,mlp.fc2.lora_B,0
1768387885.4550824,880,27.53125,0.33147871494293213,Grad/mlp.fc2.lora_B,outputs_dev/vitb16/T=vtab_Q=3bit_L=lora_2_qkv-fc1-proj-fc2/cifar/20260114184203_default_acc=53.50/tensorboard/Grad_mlp.fc2.lora_B_block_0/events.out.tfevents.1768387349.master-192-168-8-48.1680.8,mlp.fc2.lora_B,0
1768387885.8798203,881,27.5625,0.5425847172737122,Grad/mlp.fc2.lora_B,outputs_dev/vitb16/T=vtab_Q=3bit_L=lora_2_qkv-fc1-proj-fc2/cifar/20260114184203_default_acc=53.50/tensorboard/Grad_mlp.fc2.lora_B_block_0/events.out.tfevents.1768387349.master-192-168-8-48.1680.8,mlp.fc2.lora_B,0
1768387886.3009412,882,27.59375,0.4299745261669159,Grad/mlp.fc2.lora_B,outputs_dev/vitb16/T=vtab_Q=3bit_L=lora_2_qkv-fc1-proj-fc2/cifar/20260114184203_default_acc=53.50/tensorboard/Grad_mlp.fc2.lora_B_block_0/events.out.tfevents.1768387349.master-192-168-8-48.1680.8,mlp.fc2.lora_B,0
1768387886.7251537,883,27.625,0.24574656784534454,Grad/mlp.fc2.lora_B,outputs_dev/vitb16/T=vtab_Q=3bit_L=lora_2_qkv-fc1-proj-fc2/cifar/20260114184203_default_acc=53.50/tensorboard/Grad_mlp.fc2.lora_B_block_0/events.out.tfevents.1768387349.master-192-168-8-48.1680.8,mlp.fc2.lora_B,0
1768387887.149254,884,27.65625,0.2286684662103653,Grad/mlp.fc2.lora_B,outputs_dev/vitb16/T=vtab_Q=3bit_L=lora_2_qkv-fc1-proj-fc2/cifar/20260114184203_default_acc=53.50/tensorboard/Grad_mlp.fc2.lora_B_block_0/events.out.tfevents.1768387349.master-192-168-8-48.1680.8,mlp.fc2.lora_B,0
1768387887.5725737,885,27.6875,0.24652738869190216,Grad/mlp.fc2.lora_B,outputs_dev/vitb16/T=vtab_Q=3bit_L=lora_2_qkv-fc1-proj-fc2/cifar/20260114184203_default_acc=53.50/tensorboard/Grad_mlp.fc2.lora_B_block_0/events.out.tfevents.1768387349.master-192-168-8-48.1680.8,mlp.fc2.lora_B,0
1768387887.990002,886,27.71875,0.2796669006347656,Grad/mlp.fc2.lora_B,outputs_dev/vitb16/T=vtab_Q=3bit_L=lora_2_qkv-fc1-proj-fc2/cifar/20260114184203_default_acc=53.50/tensorboard/Grad_mlp.fc2.lora_B_block_0/events.out.tfevents.1768387349.master-192-168-8-48.1680.8,mlp.fc2.lora_B,0
1768387888.414639,887,27.75,0.3684232234954834,Grad/mlp.fc2.lora_B,outputs_dev/vitb16/T=vtab_Q=3bit_L=lora_2_qkv-fc1-proj-fc2/cifar/20260114184203_default_acc=53.50/tensorboard/Grad_mlp.fc2.lora_B_block_0/events.out.tfevents.1768387349.master-192-168-8-48.1680.8,mlp.fc2.lora_B,0
1768387888.8394966,888,27.78125,0.630890429019928,Grad/mlp.fc2.lora_B,outputs_dev/vitb16/T=vtab_Q=3bit_L=lora_2_qkv-fc1-proj-fc2/cifar/20260114184203_default_acc=53.50/tensorboard/Grad_mlp.fc2.lora_B_block_0/events.out.tfevents.1768387349.master-192-168-8-48.1680.8,mlp.fc2.lora_B,0
1768387889.2815268,889,27.8125,0.4172438979148865,Grad/mlp.fc2.lora_B,outputs_dev/vitb16/T=vtab_Q=3bit_L=lora_2_qkv-fc1-proj-fc2/cifar/20260114184203_default_acc=53.50/tensorboard/Grad_mlp.fc2.lora_B_block_0/events.out.tfevents.1768387349.master-192-168-8-48.1680.8,mlp.fc2.lora_B,0
1768387889.7054198,890,27.84375,0.34296563267707825,Grad/mlp.fc2.lora_B,outputs_dev/vitb16/T=vtab_Q=3bit_L=lora_2_qkv-fc1-proj-fc2/cifar/20260114184203_default_acc=53.50/tensorboard/Grad_mlp.fc2.lora_B_block_0/events.out.tfevents.1768387349.master-192-168-8-48.1680.8,mlp.fc2.lora_B,0
1768387890.1315978,891,27.875,0.3293256461620331,Grad/mlp.fc2.lora_B,outputs_dev/vitb16/T=vtab_Q=3bit_L=lora_2_qkv-fc1-proj-fc2/cifar/20260114184203_default_acc=53.50/tensorboard/Grad_mlp.fc2.lora_B_block_0/events.out.tfevents.1768387349.master-192-168-8-48.1680.8,mlp.fc2.lora_B,0
1768387890.5540848,892,27.90625,0.2874210476875305,Grad/mlp.fc2.lora_B,outputs_dev/vitb16/T=vtab_Q=3bit_L=lora_2_qkv-fc1-proj-fc2/cifar/20260114184203_default_acc=53.50/tensorboard/Grad_mlp.fc2.lora_B_block_0/events.out.tfevents.1768387349.master-192-168-8-48.1680.8,mlp.fc2.lora_B,0
1768387890.9763005,893,27.9375,0.2311171144247055,Grad/mlp.fc2.lora_B,outputs_dev/vitb16/T=vtab_Q=3bit_L=lora_2_qkv-fc1-proj-fc2/cifar/20260114184203_default_acc=53.50/tensorboard/Grad_mlp.fc2.lora_B_block_0/events.out.tfevents.1768387349.master-192-168-8-48.1680.8,mlp.fc2.lora_B,0
1768387891.3985279,894,27.96875,0.3064632713794708,Grad/mlp.fc2.lora_B,outputs_dev/vitb16/T=vtab_Q=3bit_L=lora_2_qkv-fc1-proj-fc2/cifar/20260114184203_default_acc=53.50/tensorboard/Grad_mlp.fc2.lora_B_block_0/events.out.tfevents.1768387349.master-192-168-8-48.1680.8,mlp.fc2.lora_B,0
1768387891.600746,895,28.0,0.5046190023422241,Grad/mlp.fc2.lora_B,outputs_dev/vitb16/T=vtab_Q=3bit_L=lora_2_qkv-fc1-proj-fc2/cifar/20260114184203_default_acc=53.50/tensorboard/Grad_mlp.fc2.lora_B_block_0/events.out.tfevents.1768387349.master-192-168-8-48.1680.8,mlp.fc2.lora_B,0
1768387892.3223605,896,28.03125,0.2900889813899994,Grad/mlp.fc2.lora_B,outputs_dev/vitb16/T=vtab_Q=3bit_L=lora_2_qkv-fc1-proj-fc2/cifar/20260114184203_default_acc=53.50/tensorboard/Grad_mlp.fc2.lora_B_block_0/events.out.tfevents.1768387349.master-192-168-8-48.1680.8,mlp.fc2.lora_B,0
1768387892.751147,897,28.0625,0.2246359884738922,Grad/mlp.fc2.lora_B,outputs_dev/vitb16/T=vtab_Q=3bit_L=lora_2_qkv-fc1-proj-fc2/cifar/20260114184203_default_acc=53.50/tensorboard/Grad_mlp.fc2.lora_B_block_0/events.out.tfevents.1768387349.master-192-168-8-48.1680.8,mlp.fc2.lora_B,0
1768387893.184807,898,28.09375,0.5886803269386292,Grad/mlp.fc2.lora_B,outputs_dev/vitb16/T=vtab_Q=3bit_L=lora_2_qkv-fc1-proj-fc2/cifar/20260114184203_default_acc=53.50/tensorboard/Grad_mlp.fc2.lora_B_block_0/events.out.tfevents.1768387349.master-192-168-8-48.1680.8,mlp.fc2.lora_B,0
1768387893.6158535,899,28.125,0.5120304822921753,Grad/mlp.fc2.lora_B,outputs_dev/vitb16/T=vtab_Q=3bit_L=lora_2_qkv-fc1-proj-fc2/cifar/20260114184203_default_acc=53.50/tensorboard/Grad_mlp.fc2.lora_B_block_0/events.out.tfevents.1768387349.master-192-168-8-48.1680.8,mlp.fc2.lora_B,0
1768387894.0398548,900,28.15625,0.4244028329849243,Grad/mlp.fc2.lora_B,outputs_dev/vitb16/T=vtab_Q=3bit_L=lora_2_qkv-fc1-proj-fc2/cifar/20260114184203_default_acc=53.50/tensorboard/Grad_mlp.fc2.lora_B_block_0/events.out.tfevents.1768387349.master-192-168-8-48.1680.8,mlp.fc2.lora_B,0
1768387894.4663627,901,28.1875,0.16596798598766327,Grad/mlp.fc2.lora_B,outputs_dev/vitb16/T=vtab_Q=3bit_L=lora_2_qkv-fc1-proj-fc2/cifar/20260114184203_default_acc=53.50/tensorboard/Grad_mlp.fc2.lora_B_block_0/events.out.tfevents.1768387349.master-192-168-8-48.1680.8,mlp.fc2.lora_B,0
1768387894.8876095,902,28.21875,0.3446970283985138,Grad/mlp.fc2.lora_B,outputs_dev/vitb16/T=vtab_Q=3bit_L=lora_2_qkv-fc1-proj-fc2/cifar/20260114184203_default_acc=53.50/tensorboard/Grad_mlp.fc2.lora_B_block_0/events.out.tfevents.1768387349.master-192-168-8-48.1680.8,mlp.fc2.lora_B,0
1768387895.3104892,903,28.25,0.3262424170970917,Grad/mlp.fc2.lora_B,outputs_dev/vitb16/T=vtab_Q=3bit_L=lora_2_qkv-fc1-proj-fc2/cifar/20260114184203_default_acc=53.50/tensorboard/Grad_mlp.fc2.lora_B_block_0/events.out.tfevents.1768387349.master-192-168-8-48.1680.8,mlp.fc2.lora_B,0
1768387895.7345345,904,28.28125,0.18598362803459167,Grad/mlp.fc2.lora_B,outputs_dev/vitb16/T=vtab_Q=3bit_L=lora_2_qkv-fc1-proj-fc2/cifar/20260114184203_default_acc=53.50/tensorboard/Grad_mlp.fc2.lora_B_block_0/events.out.tfevents.1768387349.master-192-168-8-48.1680.8,mlp.fc2.lora_B,0
1768387896.1575134,905,28.3125,0.5561742782592773,Grad/mlp.fc2.lora_B,outputs_dev/vitb16/T=vtab_Q=3bit_L=lora_2_qkv-fc1-proj-fc2/cifar/20260114184203_default_acc=53.50/tensorboard/Grad_mlp.fc2.lora_B_block_0/events.out.tfevents.1768387349.master-192-168-8-48.1680.8,mlp.fc2.lora_B,0
1768387896.579369,906,28.34375,0.4543587267398834,Grad/mlp.fc2.lora_B,outputs_dev/vitb16/T=vtab_Q=3bit_L=lora_2_qkv-fc1-proj-fc2/cifar/20260114184203_default_acc=53.50/tensorboard/Grad_mlp.fc2.lora_B_block_0/events.out.tfevents.1768387349.master-192-168-8-48.1680.8,mlp.fc2.lora_B,0
1768387897.0048647,907,28.375,0.9265540242195129,Grad/mlp.fc2.lora_B,outputs_dev/vitb16/T=vtab_Q=3bit_L=lora_2_qkv-fc1-proj-fc2/cifar/20260114184203_default_acc=53.50/tensorboard/Grad_mlp.fc2.lora_B_block_0/events.out.tfevents.1768387349.master-192-168-8-48.1680.8,mlp.fc2.lora_B,0
1768387897.4427156,908,28.40625,0.3917909264564514,Grad/mlp.fc2.lora_B,outputs_dev/vitb16/T=vtab_Q=3bit_L=lora_2_qkv-fc1-proj-fc2/cifar/20260114184203_default_acc=53.50/tensorboard/Grad_mlp.fc2.lora_B_block_0/events.out.tfevents.1768387349.master-192-168-8-48.1680.8,mlp.fc2.lora_B,0
1768387897.8832796,909,28.4375,0.3826770484447479,Grad/mlp.fc2.lora_B,outputs_dev/vitb16/T=vtab_Q=3bit_L=lora_2_qkv-fc1-proj-fc2/cifar/20260114184203_default_acc=53.50/tensorboard/Grad_mlp.fc2.lora_B_block_0/events.out.tfevents.1768387349.master-192-168-8-48.1680.8,mlp.fc2.lora_B,0
1768387898.3085353,910,28.46875,0.21781185269355774,Grad/mlp.fc2.lora_B,outputs_dev/vitb16/T=vtab_Q=3bit_L=lora_2_qkv-fc1-proj-fc2/cifar/20260114184203_default_acc=53.50/tensorboard/Grad_mlp.fc2.lora_B_block_0/events.out.tfevents.1768387349.master-192-168-8-48.1680.8,mlp.fc2.lora_B,0
1768387898.7341733,911,28.5,0.28789639472961426,Grad/mlp.fc2.lora_B,outputs_dev/vitb16/T=vtab_Q=3bit_L=lora_2_qkv-fc1-proj-fc2/cifar/20260114184203_default_acc=53.50/tensorboard/Grad_mlp.fc2.lora_B_block_0/events.out.tfevents.1768387349.master-192-168-8-48.1680.8,mlp.fc2.lora_B,0
1768387899.1557446,912,28.53125,0.2943820059299469,Grad/mlp.fc2.lora_B,outputs_dev/vitb16/T=vtab_Q=3bit_L=lora_2_qkv-fc1-proj-fc2/cifar/20260114184203_default_acc=53.50/tensorboard/Grad_mlp.fc2.lora_B_block_0/events.out.tfevents.1768387349.master-192-168-8-48.1680.8,mlp.fc2.lora_B,0
1768387899.579863,913,28.5625,0.3606247007846832,Grad/mlp.fc2.lora_B,outputs_dev/vitb16/T=vtab_Q=3bit_L=lora_2_qkv-fc1-proj-fc2/cifar/20260114184203_default_acc=53.50/tensorboard/Grad_mlp.fc2.lora_B_block_0/events.out.tfevents.1768387349.master-192-168-8-48.1680.8,mlp.fc2.lora_B,0
1768387900.0051167,914,28.59375,0.6155298352241516,Grad/mlp.fc2.lora_B,outputs_dev/vitb16/T=vtab_Q=3bit_L=lora_2_qkv-fc1-proj-fc2/cifar/20260114184203_default_acc=53.50/tensorboard/Grad_mlp.fc2.lora_B_block_0/events.out.tfevents.1768387349.master-192-168-8-48.1680.8,mlp.fc2.lora_B,0
1768387900.4272625,915,28.625,0.21392597258090973,Grad/mlp.fc2.lora_B,outputs_dev/vitb16/T=vtab_Q=3bit_L=lora_2_qkv-fc1-proj-fc2/cifar/20260114184203_default_acc=53.50/tensorboard/Grad_mlp.fc2.lora_B_block_0/events.out.tfevents.1768387349.master-192-168-8-48.1680.8,mlp.fc2.lora_B,0
1768387900.8520186,916,28.65625,0.30556508898735046,Grad/mlp.fc2.lora_B,outputs_dev/vitb16/T=vtab_Q=3bit_L=lora_2_qkv-fc1-proj-fc2/cifar/20260114184203_default_acc=53.50/tensorboard/Grad_mlp.fc2.lora_B_block_0/events.out.tfevents.1768387349.master-192-168-8-48.1680.8,mlp.fc2.lora_B,0
1768387901.2755592,917,28.6875,0.32203996181488037,Grad/mlp.fc2.lora_B,outputs_dev/vitb16/T=vtab_Q=3bit_L=lora_2_qkv-fc1-proj-fc2/cifar/20260114184203_default_acc=53.50/tensorboard/Grad_mlp.fc2.lora_B_block_0/events.out.tfevents.1768387349.master-192-168-8-48.1680.8,mlp.fc2.lora_B,0
1768387901.699627,918,28.71875,0.5421425104141235,Grad/mlp.fc2.lora_B,outputs_dev/vitb16/T=vtab_Q=3bit_L=lora_2_qkv-fc1-proj-fc2/cifar/20260114184203_default_acc=53.50/tensorboard/Grad_mlp.fc2.lora_B_block_0/events.out.tfevents.1768387349.master-192-168-8-48.1680.8,mlp.fc2.lora_B,0
1768387902.1419122,919,28.75,0.24351131916046143,Grad/mlp.fc2.lora_B,outputs_dev/vitb16/T=vtab_Q=3bit_L=lora_2_qkv-fc1-proj-fc2/cifar/20260114184203_default_acc=53.50/tensorboard/Grad_mlp.fc2.lora_B_block_0/events.out.tfevents.1768387349.master-192-168-8-48.1680.8,mlp.fc2.lora_B,0
1768387902.5788414,920,28.78125,0.4687670171260834,Grad/mlp.fc2.lora_B,outputs_dev/vitb16/T=vtab_Q=3bit_L=lora_2_qkv-fc1-proj-fc2/cifar/20260114184203_default_acc=53.50/tensorboard/Grad_mlp.fc2.lora_B_block_0/events.out.tfevents.1768387349.master-192-168-8-48.1680.8,mlp.fc2.lora_B,0
1768387903.020649,921,28.8125,0.3727492094039917,Grad/mlp.fc2.lora_B,outputs_dev/vitb16/T=vtab_Q=3bit_L=lora_2_qkv-fc1-proj-fc2/cifar/20260114184203_default_acc=53.50/tensorboard/Grad_mlp.fc2.lora_B_block_0/events.out.tfevents.1768387349.master-192-168-8-48.1680.8,mlp.fc2.lora_B,0
1768387903.4475937,922,28.84375,0.6898881793022156,Grad/mlp.fc2.lora_B,outputs_dev/vitb16/T=vtab_Q=3bit_L=lora_2_qkv-fc1-proj-fc2/cifar/20260114184203_default_acc=53.50/tensorboard/Grad_mlp.fc2.lora_B_block_0/events.out.tfevents.1768387349.master-192-168-8-48.1680.8,mlp.fc2.lora_B,0
1768387903.872121,923,28.875,0.5171685218811035,Grad/mlp.fc2.lora_B,outputs_dev/vitb16/T=vtab_Q=3bit_L=lora_2_qkv-fc1-proj-fc2/cifar/20260114184203_default_acc=53.50/tensorboard/Grad_mlp.fc2.lora_B_block_0/events.out.tfevents.1768387349.master-192-168-8-48.1680.8,mlp.fc2.lora_B,0
1768387904.3074281,924,28.90625,0.21733014285564423,Grad/mlp.fc2.lora_B,outputs_dev/vitb16/T=vtab_Q=3bit_L=lora_2_qkv-fc1-proj-fc2/cifar/20260114184203_default_acc=53.50/tensorboard/Grad_mlp.fc2.lora_B_block_0/events.out.tfevents.1768387349.master-192-168-8-48.1680.8,mlp.fc2.lora_B,0
1768387904.7469618,925,28.9375,0.42509084939956665,Grad/mlp.fc2.lora_B,outputs_dev/vitb16/T=vtab_Q=3bit_L=lora_2_qkv-fc1-proj-fc2/cifar/20260114184203_default_acc=53.50/tensorboard/Grad_mlp.fc2.lora_B_block_0/events.out.tfevents.1768387349.master-192-168-8-48.1680.8,mlp.fc2.lora_B,0
1768387905.1670198,926,28.96875,0.5860167741775513,Grad/mlp.fc2.lora_B,outputs_dev/vitb16/T=vtab_Q=3bit_L=lora_2_qkv-fc1-proj-fc2/cifar/20260114184203_default_acc=53.50/tensorboard/Grad_mlp.fc2.lora_B_block_0/events.out.tfevents.1768387349.master-192-168-8-48.1680.8,mlp.fc2.lora_B,0
1768387905.388832,927,29.0,0.5692814588546753,Grad/mlp.fc2.lora_B,outputs_dev/vitb16/T=vtab_Q=3bit_L=lora_2_qkv-fc1-proj-fc2/cifar/20260114184203_default_acc=53.50/tensorboard/Grad_mlp.fc2.lora_B_block_0/events.out.tfevents.1768387349.master-192-168-8-48.1680.8,mlp.fc2.lora_B,0
1768387906.1122484,928,29.03125,0.5000854134559631,Grad/mlp.fc2.lora_B,outputs_dev/vitb16/T=vtab_Q=3bit_L=lora_2_qkv-fc1-proj-fc2/cifar/20260114184203_default_acc=53.50/tensorboard/Grad_mlp.fc2.lora_B_block_0/events.out.tfevents.1768387349.master-192-168-8-48.1680.8,mlp.fc2.lora_B,0
1768387906.5426137,929,29.0625,0.33956488966941833,Grad/mlp.fc2.lora_B,outputs_dev/vitb16/T=vtab_Q=3bit_L=lora_2_qkv-fc1-proj-fc2/cifar/20260114184203_default_acc=53.50/tensorboard/Grad_mlp.fc2.lora_B_block_0/events.out.tfevents.1768387349.master-192-168-8-48.1680.8,mlp.fc2.lora_B,0
1768387906.9692414,930,29.09375,0.3189466595649719,Grad/mlp.fc2.lora_B,outputs_dev/vitb16/T=vtab_Q=3bit_L=lora_2_qkv-fc1-proj-fc2/cifar/20260114184203_default_acc=53.50/tensorboard/Grad_mlp.fc2.lora_B_block_0/events.out.tfevents.1768387349.master-192-168-8-48.1680.8,mlp.fc2.lora_B,0
1768387907.398619,931,29.125,0.3017396926879883,Grad/mlp.fc2.lora_B,outputs_dev/vitb16/T=vtab_Q=3bit_L=lora_2_qkv-fc1-proj-fc2/cifar/20260114184203_default_acc=53.50/tensorboard/Grad_mlp.fc2.lora_B_block_0/events.out.tfevents.1768387349.master-192-168-8-48.1680.8,mlp.fc2.lora_B,0
1768387907.8275394,932,29.15625,0.35555341839790344,Grad/mlp.fc2.lora_B,outputs_dev/vitb16/T=vtab_Q=3bit_L=lora_2_qkv-fc1-proj-fc2/cifar/20260114184203_default_acc=53.50/tensorboard/Grad_mlp.fc2.lora_B_block_0/events.out.tfevents.1768387349.master-192-168-8-48.1680.8,mlp.fc2.lora_B,0
1768387908.256238,933,29.1875,0.4277573227882385,Grad/mlp.fc2.lora_B,outputs_dev/vitb16/T=vtab_Q=3bit_L=lora_2_qkv-fc1-proj-fc2/cifar/20260114184203_default_acc=53.50/tensorboard/Grad_mlp.fc2.lora_B_block_0/events.out.tfevents.1768387349.master-192-168-8-48.1680.8,mlp.fc2.lora_B,0
1768387908.68453,934,29.21875,0.4528891146183014,Grad/mlp.fc2.lora_B,outputs_dev/vitb16/T=vtab_Q=3bit_L=lora_2_qkv-fc1-proj-fc2/cifar/20260114184203_default_acc=53.50/tensorboard/Grad_mlp.fc2.lora_B_block_0/events.out.tfevents.1768387349.master-192-168-8-48.1680.8,mlp.fc2.lora_B,0
1768387909.112339,935,29.25,0.44223976135253906,Grad/mlp.fc2.lora_B,outputs_dev/vitb16/T=vtab_Q=3bit_L=lora_2_qkv-fc1-proj-fc2/cifar/20260114184203_default_acc=53.50/tensorboard/Grad_mlp.fc2.lora_B_block_0/events.out.tfevents.1768387349.master-192-168-8-48.1680.8,mlp.fc2.lora_B,0
1768387909.5396743,936,29.28125,0.3722100257873535,Grad/mlp.fc2.lora_B,outputs_dev/vitb16/T=vtab_Q=3bit_L=lora_2_qkv-fc1-proj-fc2/cifar/20260114184203_default_acc=53.50/tensorboard/Grad_mlp.fc2.lora_B_block_0/events.out.tfevents.1768387349.master-192-168-8-48.1680.8,mlp.fc2.lora_B,0
1768387909.966309,937,29.3125,0.27211374044418335,Grad/mlp.fc2.lora_B,outputs_dev/vitb16/T=vtab_Q=3bit_L=lora_2_qkv-fc1-proj-fc2/cifar/20260114184203_default_acc=53.50/tensorboard/Grad_mlp.fc2.lora_B_block_0/events.out.tfevents.1768387349.master-192-168-8-48.1680.8,mlp.fc2.lora_B,0
1768387910.3997478,938,29.34375,0.33423903584480286,Grad/mlp.fc2.lora_B,outputs_dev/vitb16/T=vtab_Q=3bit_L=lora_2_qkv-fc1-proj-fc2/cifar/20260114184203_default_acc=53.50/tensorboard/Grad_mlp.fc2.lora_B_block_0/events.out.tfevents.1768387349.master-192-168-8-48.1680.8,mlp.fc2.lora_B,0
1768387910.8290715,939,29.375,0.5354336500167847,Grad/mlp.fc2.lora_B,outputs_dev/vitb16/T=vtab_Q=3bit_L=lora_2_qkv-fc1-proj-fc2/cifar/20260114184203_default_acc=53.50/tensorboard/Grad_mlp.fc2.lora_B_block_0/events.out.tfevents.1768387349.master-192-168-8-48.1680.8,mlp.fc2.lora_B,0
1768387911.2572815,940,29.40625,0.5223647356033325,Grad/mlp.fc2.lora_B,outputs_dev/vitb16/T=vtab_Q=3bit_L=lora_2_qkv-fc1-proj-fc2/cifar/20260114184203_default_acc=53.50/tensorboard/Grad_mlp.fc2.lora_B_block_0/events.out.tfevents.1768387349.master-192-168-8-48.1680.8,mlp.fc2.lora_B,0
1768387911.6894944,941,29.4375,0.8651612997055054,Grad/mlp.fc2.lora_B,outputs_dev/vitb16/T=vtab_Q=3bit_L=lora_2_qkv-fc1-proj-fc2/cifar/20260114184203_default_acc=53.50/tensorboard/Grad_mlp.fc2.lora_B_block_0/events.out.tfevents.1768387349.master-192-168-8-48.1680.8,mlp.fc2.lora_B,0
1768387912.1195242,942,29.46875,0.3510812520980835,Grad/mlp.fc2.lora_B,outputs_dev/vitb16/T=vtab_Q=3bit_L=lora_2_qkv-fc1-proj-fc2/cifar/20260114184203_default_acc=53.50/tensorboard/Grad_mlp.fc2.lora_B_block_0/events.out.tfevents.1768387349.master-192-168-8-48.1680.8,mlp.fc2.lora_B,0
1768387912.5472403,943,29.5,0.2822118103504181,Grad/mlp.fc2.lora_B,outputs_dev/vitb16/T=vtab_Q=3bit_L=lora_2_qkv-fc1-proj-fc2/cifar/20260114184203_default_acc=53.50/tensorboard/Grad_mlp.fc2.lora_B_block_0/events.out.tfevents.1768387349.master-192-168-8-48.1680.8,mlp.fc2.lora_B,0
1768387912.9753685,944,29.53125,0.31961724162101746,Grad/mlp.fc2.lora_B,outputs_dev/vitb16/T=vtab_Q=3bit_L=lora_2_qkv-fc1-proj-fc2/cifar/20260114184203_default_acc=53.50/tensorboard/Grad_mlp.fc2.lora_B_block_0/events.out.tfevents.1768387349.master-192-168-8-48.1680.8,mlp.fc2.lora_B,0
1768387913.4012024,945,29.5625,0.3396545648574829,Grad/mlp.fc2.lora_B,outputs_dev/vitb16/T=vtab_Q=3bit_L=lora_2_qkv-fc1-proj-fc2/cifar/20260114184203_default_acc=53.50/tensorboard/Grad_mlp.fc2.lora_B_block_0/events.out.tfevents.1768387349.master-192-168-8-48.1680.8,mlp.fc2.lora_B,0
1768387913.8295429,946,29.59375,0.48755747079849243,Grad/mlp.fc2.lora_B,outputs_dev/vitb16/T=vtab_Q=3bit_L=lora_2_qkv-fc1-proj-fc2/cifar/20260114184203_default_acc=53.50/tensorboard/Grad_mlp.fc2.lora_B_block_0/events.out.tfevents.1768387349.master-192-168-8-48.1680.8,mlp.fc2.lora_B,0
1768387914.2587838,947,29.625,0.19742508232593536,Grad/mlp.fc2.lora_B,outputs_dev/vitb16/T=vtab_Q=3bit_L=lora_2_qkv-fc1-proj-fc2/cifar/20260114184203_default_acc=53.50/tensorboard/Grad_mlp.fc2.lora_B_block_0/events.out.tfevents.1768387349.master-192-168-8-48.1680.8,mlp.fc2.lora_B,0
1768387914.686514,948,29.65625,0.3284285366535187,Grad/mlp.fc2.lora_B,outputs_dev/vitb16/T=vtab_Q=3bit_L=lora_2_qkv-fc1-proj-fc2/cifar/20260114184203_default_acc=53.50/tensorboard/Grad_mlp.fc2.lora_B_block_0/events.out.tfevents.1768387349.master-192-168-8-48.1680.8,mlp.fc2.lora_B,0
1768387915.1063585,949,29.6875,0.22079381346702576,Grad/mlp.fc2.lora_B,outputs_dev/vitb16/T=vtab_Q=3bit_L=lora_2_qkv-fc1-proj-fc2/cifar/20260114184203_default_acc=53.50/tensorboard/Grad_mlp.fc2.lora_B_block_0/events.out.tfevents.1768387349.master-192-168-8-48.1680.8,mlp.fc2.lora_B,0
1768387915.533657,950,29.71875,0.36928591132164,Grad/mlp.fc2.lora_B,outputs_dev/vitb16/T=vtab_Q=3bit_L=lora_2_qkv-fc1-proj-fc2/cifar/20260114184203_default_acc=53.50/tensorboard/Grad_mlp.fc2.lora_B_block_0/events.out.tfevents.1768387349.master-192-168-8-48.1680.8,mlp.fc2.lora_B,0
1768387915.9608958,951,29.75,0.5452399849891663,Grad/mlp.fc2.lora_B,outputs_dev/vitb16/T=vtab_Q=3bit_L=lora_2_qkv-fc1-proj-fc2/cifar/20260114184203_default_acc=53.50/tensorboard/Grad_mlp.fc2.lora_B_block_0/events.out.tfevents.1768387349.master-192-168-8-48.1680.8,mlp.fc2.lora_B,0
1768387916.3992677,952,29.78125,0.4323129951953888,Grad/mlp.fc2.lora_B,outputs_dev/vitb16/T=vtab_Q=3bit_L=lora_2_qkv-fc1-proj-fc2/cifar/20260114184203_default_acc=53.50/tensorboard/Grad_mlp.fc2.lora_B_block_0/events.out.tfevents.1768387349.master-192-168-8-48.1680.8,mlp.fc2.lora_B,0
1768387916.8263402,953,29.8125,0.58436119556427,Grad/mlp.fc2.lora_B,outputs_dev/vitb16/T=vtab_Q=3bit_L=lora_2_qkv-fc1-proj-fc2/cifar/20260114184203_default_acc=53.50/tensorboard/Grad_mlp.fc2.lora_B_block_0/events.out.tfevents.1768387349.master-192-168-8-48.1680.8,mlp.fc2.lora_B,0
1768387917.2639005,954,29.84375,0.23978695273399353,Grad/mlp.fc2.lora_B,outputs_dev/vitb16/T=vtab_Q=3bit_L=lora_2_qkv-fc1-proj-fc2/cifar/20260114184203_default_acc=53.50/tensorboard/Grad_mlp.fc2.lora_B_block_0/events.out.tfevents.1768387349.master-192-168-8-48.1680.8,mlp.fc2.lora_B,0
1768387917.6924949,955,29.875,0.23077788949012756,Grad/mlp.fc2.lora_B,outputs_dev/vitb16/T=vtab_Q=3bit_L=lora_2_qkv-fc1-proj-fc2/cifar/20260114184203_default_acc=53.50/tensorboard/Grad_mlp.fc2.lora_B_block_0/events.out.tfevents.1768387349.master-192-168-8-48.1680.8,mlp.fc2.lora_B,0
1768387918.142125,956,29.90625,0.16601330041885376,Grad/mlp.fc2.lora_B,outputs_dev/vitb16/T=vtab_Q=3bit_L=lora_2_qkv-fc1-proj-fc2/cifar/20260114184203_default_acc=53.50/tensorboard/Grad_mlp.fc2.lora_B_block_0/events.out.tfevents.1768387349.master-192-168-8-48.1680.8,mlp.fc2.lora_B,0
1768387918.5795226,957,29.9375,0.4501321017742157,Grad/mlp.fc2.lora_B,outputs_dev/vitb16/T=vtab_Q=3bit_L=lora_2_qkv-fc1-proj-fc2/cifar/20260114184203_default_acc=53.50/tensorboard/Grad_mlp.fc2.lora_B_block_0/events.out.tfevents.1768387349.master-192-168-8-48.1680.8,mlp.fc2.lora_B,0
1768387919.0019178,958,29.96875,0.8063371181488037,Grad/mlp.fc2.lora_B,outputs_dev/vitb16/T=vtab_Q=3bit_L=lora_2_qkv-fc1-proj-fc2/cifar/20260114184203_default_acc=53.50/tensorboard/Grad_mlp.fc2.lora_B_block_0/events.out.tfevents.1768387349.master-192-168-8-48.1680.8,mlp.fc2.lora_B,0
1768387919.2000127,959,30.0,0.7948704957962036,Grad/mlp.fc2.lora_B,outputs_dev/vitb16/T=vtab_Q=3bit_L=lora_2_qkv-fc1-proj-fc2/cifar/20260114184203_default_acc=53.50/tensorboard/Grad_mlp.fc2.lora_B_block_0/events.out.tfevents.1768387349.master-192-168-8-48.1680.8,mlp.fc2.lora_B,0
1768387919.8749015,960,30.03125,0.30604541301727295,Grad/mlp.fc2.lora_B,outputs_dev/vitb16/T=vtab_Q=3bit_L=lora_2_qkv-fc1-proj-fc2/cifar/20260114184203_default_acc=53.50/tensorboard/Grad_mlp.fc2.lora_B_block_0/events.out.tfevents.1768387349.master-192-168-8-48.1680.8,mlp.fc2.lora_B,0
1768387920.3130512,961,30.0625,0.29606759548187256,Grad/mlp.fc2.lora_B,outputs_dev/vitb16/T=vtab_Q=3bit_L=lora_2_qkv-fc1-proj-fc2/cifar/20260114184203_default_acc=53.50/tensorboard/Grad_mlp.fc2.lora_B_block_0/events.out.tfevents.1768387349.master-192-168-8-48.1680.8,mlp.fc2.lora_B,0
1768387920.7551558,962,30.09375,0.3825380802154541,Grad/mlp.fc2.lora_B,outputs_dev/vitb16/T=vtab_Q=3bit_L=lora_2_qkv-fc1-proj-fc2/cifar/20260114184203_default_acc=53.50/tensorboard/Grad_mlp.fc2.lora_B_block_0/events.out.tfevents.1768387349.master-192-168-8-48.1680.8,mlp.fc2.lora_B,0
1768387921.1915948,963,30.125,0.37461310625076294,Grad/mlp.fc2.lora_B,outputs_dev/vitb16/T=vtab_Q=3bit_L=lora_2_qkv-fc1-proj-fc2/cifar/20260114184203_default_acc=53.50/tensorboard/Grad_mlp.fc2.lora_B_block_0/events.out.tfevents.1768387349.master-192-168-8-48.1680.8,mlp.fc2.lora_B,0
1768387921.615788,964,30.15625,1.0558831691741943,Grad/mlp.fc2.lora_B,outputs_dev/vitb16/T=vtab_Q=3bit_L=lora_2_qkv-fc1-proj-fc2/cifar/20260114184203_default_acc=53.50/tensorboard/Grad_mlp.fc2.lora_B_block_0/events.out.tfevents.1768387349.master-192-168-8-48.1680.8,mlp.fc2.lora_B,0
1768387922.0393002,965,30.1875,0.3218359649181366,Grad/mlp.fc2.lora_B,outputs_dev/vitb16/T=vtab_Q=3bit_L=lora_2_qkv-fc1-proj-fc2/cifar/20260114184203_default_acc=53.50/tensorboard/Grad_mlp.fc2.lora_B_block_0/events.out.tfevents.1768387349.master-192-168-8-48.1680.8,mlp.fc2.lora_B,0
1768387922.4743373,966,30.21875,0.32226452231407166,Grad/mlp.fc2.lora_B,outputs_dev/vitb16/T=vtab_Q=3bit_L=lora_2_qkv-fc1-proj-fc2/cifar/20260114184203_default_acc=53.50/tensorboard/Grad_mlp.fc2.lora_B_block_0/events.out.tfevents.1768387349.master-192-168-8-48.1680.8,mlp.fc2.lora_B,0
1768387922.8963678,967,30.25,0.39321744441986084,Grad/mlp.fc2.lora_B,outputs_dev/vitb16/T=vtab_Q=3bit_L=lora_2_qkv-fc1-proj-fc2/cifar/20260114184203_default_acc=53.50/tensorboard/Grad_mlp.fc2.lora_B_block_0/events.out.tfevents.1768387349.master-192-168-8-48.1680.8,mlp.fc2.lora_B,0
1768387923.3367655,968,30.28125,0.7313498258590698,Grad/mlp.fc2.lora_B,outputs_dev/vitb16/T=vtab_Q=3bit_L=lora_2_qkv-fc1-proj-fc2/cifar/20260114184203_default_acc=53.50/tensorboard/Grad_mlp.fc2.lora_B_block_0/events.out.tfevents.1768387349.master-192-168-8-48.1680.8,mlp.fc2.lora_B,0
1768387923.7681491,969,30.3125,0.2549700140953064,Grad/mlp.fc2.lora_B,outputs_dev/vitb16/T=vtab_Q=3bit_L=lora_2_qkv-fc1-proj-fc2/cifar/20260114184203_default_acc=53.50/tensorboard/Grad_mlp.fc2.lora_B_block_0/events.out.tfevents.1768387349.master-192-168-8-48.1680.8,mlp.fc2.lora_B,0
1768387924.2062938,970,30.34375,0.340518981218338,Grad/mlp.fc2.lora_B,outputs_dev/vitb16/T=vtab_Q=3bit_L=lora_2_qkv-fc1-proj-fc2/cifar/20260114184203_default_acc=53.50/tensorboard/Grad_mlp.fc2.lora_B_block_0/events.out.tfevents.1768387349.master-192-168-8-48.1680.8,mlp.fc2.lora_B,0
1768387924.6318126,971,30.375,0.2796304523944855,Grad/mlp.fc2.lora_B,outputs_dev/vitb16/T=vtab_Q=3bit_L=lora_2_qkv-fc1-proj-fc2/cifar/20260114184203_default_acc=53.50/tensorboard/Grad_mlp.fc2.lora_B_block_0/events.out.tfevents.1768387349.master-192-168-8-48.1680.8,mlp.fc2.lora_B,0
1768387925.0552063,972,30.40625,1.3556159734725952,Grad/mlp.fc2.lora_B,outputs_dev/vitb16/T=vtab_Q=3bit_L=lora_2_qkv-fc1-proj-fc2/cifar/20260114184203_default_acc=53.50/tensorboard/Grad_mlp.fc2.lora_B_block_0/events.out.tfevents.1768387349.master-192-168-8-48.1680.8,mlp.fc2.lora_B,0
1768387925.4789896,973,30.4375,0.5004860162734985,Grad/mlp.fc2.lora_B,outputs_dev/vitb16/T=vtab_Q=3bit_L=lora_2_qkv-fc1-proj-fc2/cifar/20260114184203_default_acc=53.50/tensorboard/Grad_mlp.fc2.lora_B_block_0/events.out.tfevents.1768387349.master-192-168-8-48.1680.8,mlp.fc2.lora_B,0
1768387925.9122372,974,30.46875,0.4656919836997986,Grad/mlp.fc2.lora_B,outputs_dev/vitb16/T=vtab_Q=3bit_L=lora_2_qkv-fc1-proj-fc2/cifar/20260114184203_default_acc=53.50/tensorboard/Grad_mlp.fc2.lora_B_block_0/events.out.tfevents.1768387349.master-192-168-8-48.1680.8,mlp.fc2.lora_B,0
1768387926.3356528,975,30.5,0.29415959119796753,Grad/mlp.fc2.lora_B,outputs_dev/vitb16/T=vtab_Q=3bit_L=lora_2_qkv-fc1-proj-fc2/cifar/20260114184203_default_acc=53.50/tensorboard/Grad_mlp.fc2.lora_B_block_0/events.out.tfevents.1768387349.master-192-168-8-48.1680.8,mlp.fc2.lora_B,0
1768387926.770045,976,30.53125,0.3274287283420563,Grad/mlp.fc2.lora_B,outputs_dev/vitb16/T=vtab_Q=3bit_L=lora_2_qkv-fc1-proj-fc2/cifar/20260114184203_default_acc=53.50/tensorboard/Grad_mlp.fc2.lora_B_block_0/events.out.tfevents.1768387349.master-192-168-8-48.1680.8,mlp.fc2.lora_B,0
1768387927.1996222,977,30.5625,0.19750401377677917,Grad/mlp.fc2.lora_B,outputs_dev/vitb16/T=vtab_Q=3bit_L=lora_2_qkv-fc1-proj-fc2/cifar/20260114184203_default_acc=53.50/tensorboard/Grad_mlp.fc2.lora_B_block_0/events.out.tfevents.1768387349.master-192-168-8-48.1680.8,mlp.fc2.lora_B,0
1768387927.6484225,978,30.59375,0.34194132685661316,Grad/mlp.fc2.lora_B,outputs_dev/vitb16/T=vtab_Q=3bit_L=lora_2_qkv-fc1-proj-fc2/cifar/20260114184203_default_acc=53.50/tensorboard/Grad_mlp.fc2.lora_B_block_0/events.out.tfevents.1768387349.master-192-168-8-48.1680.8,mlp.fc2.lora_B,0
1768387928.0821729,979,30.625,0.4248431622982025,Grad/mlp.fc2.lora_B,outputs_dev/vitb16/T=vtab_Q=3bit_L=lora_2_qkv-fc1-proj-fc2/cifar/20260114184203_default_acc=53.50/tensorboard/Grad_mlp.fc2.lora_B_block_0/events.out.tfevents.1768387349.master-192-168-8-48.1680.8,mlp.fc2.lora_B,0
1768387928.5055938,980,30.65625,0.46761396527290344,Grad/mlp.fc2.lora_B,outputs_dev/vitb16/T=vtab_Q=3bit_L=lora_2_qkv-fc1-proj-fc2/cifar/20260114184203_default_acc=53.50/tensorboard/Grad_mlp.fc2.lora_B_block_0/events.out.tfevents.1768387349.master-192-168-8-48.1680.8,mlp.fc2.lora_B,0
1768387928.9278433,981,30.6875,0.2702953815460205,Grad/mlp.fc2.lora_B,outputs_dev/vitb16/T=vtab_Q=3bit_L=lora_2_qkv-fc1-proj-fc2/cifar/20260114184203_default_acc=53.50/tensorboard/Grad_mlp.fc2.lora_B_block_0/events.out.tfevents.1768387349.master-192-168-8-48.1680.8,mlp.fc2.lora_B,0
1768387929.3498368,982,30.71875,0.26659995317459106,Grad/mlp.fc2.lora_B,outputs_dev/vitb16/T=vtab_Q=3bit_L=lora_2_qkv-fc1-proj-fc2/cifar/20260114184203_default_acc=53.50/tensorboard/Grad_mlp.fc2.lora_B_block_0/events.out.tfevents.1768387349.master-192-168-8-48.1680.8,mlp.fc2.lora_B,0
1768387929.7754097,983,30.75,0.4379100799560547,Grad/mlp.fc2.lora_B,outputs_dev/vitb16/T=vtab_Q=3bit_L=lora_2_qkv-fc1-proj-fc2/cifar/20260114184203_default_acc=53.50/tensorboard/Grad_mlp.fc2.lora_B_block_0/events.out.tfevents.1768387349.master-192-168-8-48.1680.8,mlp.fc2.lora_B,0
1768387930.1960425,984,30.78125,0.5586540699005127,Grad/mlp.fc2.lora_B,outputs_dev/vitb16/T=vtab_Q=3bit_L=lora_2_qkv-fc1-proj-fc2/cifar/20260114184203_default_acc=53.50/tensorboard/Grad_mlp.fc2.lora_B_block_0/events.out.tfevents.1768387349.master-192-168-8-48.1680.8,mlp.fc2.lora_B,0
1768387930.6204185,985,30.8125,5.648077011108398,Grad/mlp.fc2.lora_B,outputs_dev/vitb16/T=vtab_Q=3bit_L=lora_2_qkv-fc1-proj-fc2/cifar/20260114184203_default_acc=53.50/tensorboard/Grad_mlp.fc2.lora_B_block_0/events.out.tfevents.1768387349.master-192-168-8-48.1680.8,mlp.fc2.lora_B,0
1768387931.0555096,986,30.84375,0.1744033247232437,Grad/mlp.fc2.lora_B,outputs_dev/vitb16/T=vtab_Q=3bit_L=lora_2_qkv-fc1-proj-fc2/cifar/20260114184203_default_acc=53.50/tensorboard/Grad_mlp.fc2.lora_B_block_0/events.out.tfevents.1768387349.master-192-168-8-48.1680.8,mlp.fc2.lora_B,0
1768387931.4797854,987,30.875,0.377583384513855,Grad/mlp.fc2.lora_B,outputs_dev/vitb16/T=vtab_Q=3bit_L=lora_2_qkv-fc1-proj-fc2/cifar/20260114184203_default_acc=53.50/tensorboard/Grad_mlp.fc2.lora_B_block_0/events.out.tfevents.1768387349.master-192-168-8-48.1680.8,mlp.fc2.lora_B,0
1768387931.9028902,988,30.90625,0.27863946557044983,Grad/mlp.fc2.lora_B,outputs_dev/vitb16/T=vtab_Q=3bit_L=lora_2_qkv-fc1-proj-fc2/cifar/20260114184203_default_acc=53.50/tensorboard/Grad_mlp.fc2.lora_B_block_0/events.out.tfevents.1768387349.master-192-168-8-48.1680.8,mlp.fc2.lora_B,0
1768387932.32663,989,30.9375,0.24280571937561035,Grad/mlp.fc2.lora_B,outputs_dev/vitb16/T=vtab_Q=3bit_L=lora_2_qkv-fc1-proj-fc2/cifar/20260114184203_default_acc=53.50/tensorboard/Grad_mlp.fc2.lora_B_block_0/events.out.tfevents.1768387349.master-192-168-8-48.1680.8,mlp.fc2.lora_B,0
1768387932.7511678,990,30.96875,0.2090756744146347,Grad/mlp.fc2.lora_B,outputs_dev/vitb16/T=vtab_Q=3bit_L=lora_2_qkv-fc1-proj-fc2/cifar/20260114184203_default_acc=53.50/tensorboard/Grad_mlp.fc2.lora_B_block_0/events.out.tfevents.1768387349.master-192-168-8-48.1680.8,mlp.fc2.lora_B,0
1768387932.9814894,991,31.0,0.3855699896812439,Grad/mlp.fc2.lora_B,outputs_dev/vitb16/T=vtab_Q=3bit_L=lora_2_qkv-fc1-proj-fc2/cifar/20260114184203_default_acc=53.50/tensorboard/Grad_mlp.fc2.lora_B_block_0/events.out.tfevents.1768387349.master-192-168-8-48.1680.8,mlp.fc2.lora_B,0
1768387972.7421062,992,31.03125,0.36632877588272095,Grad/mlp.fc2.lora_B,outputs_dev/vitb16/T=vtab_Q=3bit_L=lora_2_qkv-fc1-proj-fc2/cifar/20260114184203_default_acc=53.50/tensorboard/Grad_mlp.fc2.lora_B_block_0/events.out.tfevents.1768387349.master-192-168-8-48.1680.8,mlp.fc2.lora_B,0
1768387973.1806273,993,31.0625,0.24294942617416382,Grad/mlp.fc2.lora_B,outputs_dev/vitb16/T=vtab_Q=3bit_L=lora_2_qkv-fc1-proj-fc2/cifar/20260114184203_default_acc=53.50/tensorboard/Grad_mlp.fc2.lora_B_block_0/events.out.tfevents.1768387349.master-192-168-8-48.1680.8,mlp.fc2.lora_B,0
1768387973.6053193,994,31.09375,0.2662273347377777,Grad/mlp.fc2.lora_B,outputs_dev/vitb16/T=vtab_Q=3bit_L=lora_2_qkv-fc1-proj-fc2/cifar/20260114184203_default_acc=53.50/tensorboard/Grad_mlp.fc2.lora_B_block_0/events.out.tfevents.1768387349.master-192-168-8-48.1680.8,mlp.fc2.lora_B,0
1768387974.0501559,995,31.125,0.5881425142288208,Grad/mlp.fc2.lora_B,outputs_dev/vitb16/T=vtab_Q=3bit_L=lora_2_qkv-fc1-proj-fc2/cifar/20260114184203_default_acc=53.50/tensorboard/Grad_mlp.fc2.lora_B_block_0/events.out.tfevents.1768387349.master-192-168-8-48.1680.8,mlp.fc2.lora_B,0
1768387974.488761,996,31.15625,0.23681949079036713,Grad/mlp.fc2.lora_B,outputs_dev/vitb16/T=vtab_Q=3bit_L=lora_2_qkv-fc1-proj-fc2/cifar/20260114184203_default_acc=53.50/tensorboard/Grad_mlp.fc2.lora_B_block_0/events.out.tfevents.1768387349.master-192-168-8-48.1680.8,mlp.fc2.lora_B,0
1768387974.9237907,997,31.1875,0.254548579454422,Grad/mlp.fc2.lora_B,outputs_dev/vitb16/T=vtab_Q=3bit_L=lora_2_qkv-fc1-proj-fc2/cifar/20260114184203_default_acc=53.50/tensorboard/Grad_mlp.fc2.lora_B_block_0/events.out.tfevents.1768387349.master-192-168-8-48.1680.8,mlp.fc2.lora_B,0
1768387975.3665326,998,31.21875,0.2918432652950287,Grad/mlp.fc2.lora_B,outputs_dev/vitb16/T=vtab_Q=3bit_L=lora_2_qkv-fc1-proj-fc2/cifar/20260114184203_default_acc=53.50/tensorboard/Grad_mlp.fc2.lora_B_block_0/events.out.tfevents.1768387349.master-192-168-8-48.1680.8,mlp.fc2.lora_B,0
1768387975.8180149,999,31.25,0.3078177571296692,Grad/mlp.fc2.lora_B,outputs_dev/vitb16/T=vtab_Q=3bit_L=lora_2_qkv-fc1-proj-fc2/cifar/20260114184203_default_acc=53.50/tensorboard/Grad_mlp.fc2.lora_B_block_0/events.out.tfevents.1768387349.master-192-168-8-48.1680.8,mlp.fc2.lora_B,0
1768387976.246707,1000,31.28125,0.2585667669773102,Grad/mlp.fc2.lora_B,outputs_dev/vitb16/T=vtab_Q=3bit_L=lora_2_qkv-fc1-proj-fc2/cifar/20260114184203_default_acc=53.50/tensorboard/Grad_mlp.fc2.lora_B_block_0/events.out.tfevents.1768387349.master-192-168-8-48.1680.8,mlp.fc2.lora_B,0
1768387976.6827197,1001,31.3125,0.2992013096809387,Grad/mlp.fc2.lora_B,outputs_dev/vitb16/T=vtab_Q=3bit_L=lora_2_qkv-fc1-proj-fc2/cifar/20260114184203_default_acc=53.50/tensorboard/Grad_mlp.fc2.lora_B_block_0/events.out.tfevents.1768387349.master-192-168-8-48.1680.8,mlp.fc2.lora_B,0
1768387977.125811,1002,31.34375,0.26520833373069763,Grad/mlp.fc2.lora_B,outputs_dev/vitb16/T=vtab_Q=3bit_L=lora_2_qkv-fc1-proj-fc2/cifar/20260114184203_default_acc=53.50/tensorboard/Grad_mlp.fc2.lora_B_block_0/events.out.tfevents.1768387349.master-192-168-8-48.1680.8,mlp.fc2.lora_B,0
1768387977.5495424,1003,31.375,0.37158218026161194,Grad/mlp.fc2.lora_B,outputs_dev/vitb16/T=vtab_Q=3bit_L=lora_2_qkv-fc1-proj-fc2/cifar/20260114184203_default_acc=53.50/tensorboard/Grad_mlp.fc2.lora_B_block_0/events.out.tfevents.1768387349.master-192-168-8-48.1680.8,mlp.fc2.lora_B,0
1768387977.9825168,1004,31.40625,0.18752709031105042,Grad/mlp.fc2.lora_B,outputs_dev/vitb16/T=vtab_Q=3bit_L=lora_2_qkv-fc1-proj-fc2/cifar/20260114184203_default_acc=53.50/tensorboard/Grad_mlp.fc2.lora_B_block_0/events.out.tfevents.1768387349.master-192-168-8-48.1680.8,mlp.fc2.lora_B,0
1768387978.4187508,1005,31.4375,0.2680351734161377,Grad/mlp.fc2.lora_B,outputs_dev/vitb16/T=vtab_Q=3bit_L=lora_2_qkv-fc1-proj-fc2/cifar/20260114184203_default_acc=53.50/tensorboard/Grad_mlp.fc2.lora_B_block_0/events.out.tfevents.1768387349.master-192-168-8-48.1680.8,mlp.fc2.lora_B,0
1768387978.8659425,1006,31.46875,0.23190276324748993,Grad/mlp.fc2.lora_B,outputs_dev/vitb16/T=vtab_Q=3bit_L=lora_2_qkv-fc1-proj-fc2/cifar/20260114184203_default_acc=53.50/tensorboard/Grad_mlp.fc2.lora_B_block_0/events.out.tfevents.1768387349.master-192-168-8-48.1680.8,mlp.fc2.lora_B,0
1768387979.3017712,1007,31.5,0.34700360894203186,Grad/mlp.fc2.lora_B,outputs_dev/vitb16/T=vtab_Q=3bit_L=lora_2_qkv-fc1-proj-fc2/cifar/20260114184203_default_acc=53.50/tensorboard/Grad_mlp.fc2.lora_B_block_0/events.out.tfevents.1768387349.master-192-168-8-48.1680.8,mlp.fc2.lora_B,0
1768387979.7445831,1008,31.53125,0.17996996641159058,Grad/mlp.fc2.lora_B,outputs_dev/vitb16/T=vtab_Q=3bit_L=lora_2_qkv-fc1-proj-fc2/cifar/20260114184203_default_acc=53.50/tensorboard/Grad_mlp.fc2.lora_B_block_0/events.out.tfevents.1768387349.master-192-168-8-48.1680.8,mlp.fc2.lora_B,0
1768387980.185412,1009,31.5625,0.253304123878479,Grad/mlp.fc2.lora_B,outputs_dev/vitb16/T=vtab_Q=3bit_L=lora_2_qkv-fc1-proj-fc2/cifar/20260114184203_default_acc=53.50/tensorboard/Grad_mlp.fc2.lora_B_block_0/events.out.tfevents.1768387349.master-192-168-8-48.1680.8,mlp.fc2.lora_B,0
1768387980.6246579,1010,31.59375,0.7443315386772156,Grad/mlp.fc2.lora_B,outputs_dev/vitb16/T=vtab_Q=3bit_L=lora_2_qkv-fc1-proj-fc2/cifar/20260114184203_default_acc=53.50/tensorboard/Grad_mlp.fc2.lora_B_block_0/events.out.tfevents.1768387349.master-192-168-8-48.1680.8,mlp.fc2.lora_B,0
1768387981.0500567,1011,31.625,0.21414384245872498,Grad/mlp.fc2.lora_B,outputs_dev/vitb16/T=vtab_Q=3bit_L=lora_2_qkv-fc1-proj-fc2/cifar/20260114184203_default_acc=53.50/tensorboard/Grad_mlp.fc2.lora_B_block_0/events.out.tfevents.1768387349.master-192-168-8-48.1680.8,mlp.fc2.lora_B,0
1768387981.477942,1012,31.65625,0.3026704490184784,Grad/mlp.fc2.lora_B,outputs_dev/vitb16/T=vtab_Q=3bit_L=lora_2_qkv-fc1-proj-fc2/cifar/20260114184203_default_acc=53.50/tensorboard/Grad_mlp.fc2.lora_B_block_0/events.out.tfevents.1768387349.master-192-168-8-48.1680.8,mlp.fc2.lora_B,0
1768387981.9083838,1013,31.6875,0.22293882071971893,Grad/mlp.fc2.lora_B,outputs_dev/vitb16/T=vtab_Q=3bit_L=lora_2_qkv-fc1-proj-fc2/cifar/20260114184203_default_acc=53.50/tensorboard/Grad_mlp.fc2.lora_B_block_0/events.out.tfevents.1768387349.master-192-168-8-48.1680.8,mlp.fc2.lora_B,0
1768387982.3341238,1014,31.71875,0.47065627574920654,Grad/mlp.fc2.lora_B,outputs_dev/vitb16/T=vtab_Q=3bit_L=lora_2_qkv-fc1-proj-fc2/cifar/20260114184203_default_acc=53.50/tensorboard/Grad_mlp.fc2.lora_B_block_0/events.out.tfevents.1768387349.master-192-168-8-48.1680.8,mlp.fc2.lora_B,0
1768387982.758536,1015,31.75,0.3781779706478119,Grad/mlp.fc2.lora_B,outputs_dev/vitb16/T=vtab_Q=3bit_L=lora_2_qkv-fc1-proj-fc2/cifar/20260114184203_default_acc=53.50/tensorboard/Grad_mlp.fc2.lora_B_block_0/events.out.tfevents.1768387349.master-192-168-8-48.1680.8,mlp.fc2.lora_B,0
1768387983.1842217,1016,31.78125,0.5408497452735901,Grad/mlp.fc2.lora_B,outputs_dev/vitb16/T=vtab_Q=3bit_L=lora_2_qkv-fc1-proj-fc2/cifar/20260114184203_default_acc=53.50/tensorboard/Grad_mlp.fc2.lora_B_block_0/events.out.tfevents.1768387349.master-192-168-8-48.1680.8,mlp.fc2.lora_B,0
1768387983.6152594,1017,31.8125,0.16848474740982056,Grad/mlp.fc2.lora_B,outputs_dev/vitb16/T=vtab_Q=3bit_L=lora_2_qkv-fc1-proj-fc2/cifar/20260114184203_default_acc=53.50/tensorboard/Grad_mlp.fc2.lora_B_block_0/events.out.tfevents.1768387349.master-192-168-8-48.1680.8,mlp.fc2.lora_B,0
1768387984.043375,1018,31.84375,0.22266514599323273,Grad/mlp.fc2.lora_B,outputs_dev/vitb16/T=vtab_Q=3bit_L=lora_2_qkv-fc1-proj-fc2/cifar/20260114184203_default_acc=53.50/tensorboard/Grad_mlp.fc2.lora_B_block_0/events.out.tfevents.1768387349.master-192-168-8-48.1680.8,mlp.fc2.lora_B,0
1768387984.4674547,1019,31.875,0.4841495454311371,Grad/mlp.fc2.lora_B,outputs_dev/vitb16/T=vtab_Q=3bit_L=lora_2_qkv-fc1-proj-fc2/cifar/20260114184203_default_acc=53.50/tensorboard/Grad_mlp.fc2.lora_B_block_0/events.out.tfevents.1768387349.master-192-168-8-48.1680.8,mlp.fc2.lora_B,0
1768387984.8919506,1020,31.90625,0.39918744564056396,Grad/mlp.fc2.lora_B,outputs_dev/vitb16/T=vtab_Q=3bit_L=lora_2_qkv-fc1-proj-fc2/cifar/20260114184203_default_acc=53.50/tensorboard/Grad_mlp.fc2.lora_B_block_0/events.out.tfevents.1768387349.master-192-168-8-48.1680.8,mlp.fc2.lora_B,0
1768387985.3158848,1021,31.9375,0.4423677623271942,Grad/mlp.fc2.lora_B,outputs_dev/vitb16/T=vtab_Q=3bit_L=lora_2_qkv-fc1-proj-fc2/cifar/20260114184203_default_acc=53.50/tensorboard/Grad_mlp.fc2.lora_B_block_0/events.out.tfevents.1768387349.master-192-168-8-48.1680.8,mlp.fc2.lora_B,0
1768387985.7384677,1022,31.96875,0.2514263689517975,Grad/mlp.fc2.lora_B,outputs_dev/vitb16/T=vtab_Q=3bit_L=lora_2_qkv-fc1-proj-fc2/cifar/20260114184203_default_acc=53.50/tensorboard/Grad_mlp.fc2.lora_B_block_0/events.out.tfevents.1768387349.master-192-168-8-48.1680.8,mlp.fc2.lora_B,0
1768387985.950484,1023,32.0,0.2935117781162262,Grad/mlp.fc2.lora_B,outputs_dev/vitb16/T=vtab_Q=3bit_L=lora_2_qkv-fc1-proj-fc2/cifar/20260114184203_default_acc=53.50/tensorboard/Grad_mlp.fc2.lora_B_block_0/events.out.tfevents.1768387349.master-192-168-8-48.1680.8,mlp.fc2.lora_B,0
1768387986.610617,1024,32.03125,0.3879680037498474,Grad/mlp.fc2.lora_B,outputs_dev/vitb16/T=vtab_Q=3bit_L=lora_2_qkv-fc1-proj-fc2/cifar/20260114184203_default_acc=53.50/tensorboard/Grad_mlp.fc2.lora_B_block_0/events.out.tfevents.1768387349.master-192-168-8-48.1680.8,mlp.fc2.lora_B,0
1768387987.0247397,1025,32.0625,0.3699198365211487,Grad/mlp.fc2.lora_B,outputs_dev/vitb16/T=vtab_Q=3bit_L=lora_2_qkv-fc1-proj-fc2/cifar/20260114184203_default_acc=53.50/tensorboard/Grad_mlp.fc2.lora_B_block_0/events.out.tfevents.1768387349.master-192-168-8-48.1680.8,mlp.fc2.lora_B,0
1768387987.4486194,1026,32.09375,0.17251922190189362,Grad/mlp.fc2.lora_B,outputs_dev/vitb16/T=vtab_Q=3bit_L=lora_2_qkv-fc1-proj-fc2/cifar/20260114184203_default_acc=53.50/tensorboard/Grad_mlp.fc2.lora_B_block_0/events.out.tfevents.1768387349.master-192-168-8-48.1680.8,mlp.fc2.lora_B,0
1768387987.871426,1027,32.125,0.4675508737564087,Grad/mlp.fc2.lora_B,outputs_dev/vitb16/T=vtab_Q=3bit_L=lora_2_qkv-fc1-proj-fc2/cifar/20260114184203_default_acc=53.50/tensorboard/Grad_mlp.fc2.lora_B_block_0/events.out.tfevents.1768387349.master-192-168-8-48.1680.8,mlp.fc2.lora_B,0
1768387988.3039944,1028,32.15625,0.4706582725048065,Grad/mlp.fc2.lora_B,outputs_dev/vitb16/T=vtab_Q=3bit_L=lora_2_qkv-fc1-proj-fc2/cifar/20260114184203_default_acc=53.50/tensorboard/Grad_mlp.fc2.lora_B_block_0/events.out.tfevents.1768387349.master-192-168-8-48.1680.8,mlp.fc2.lora_B,0
1768387988.7252786,1029,32.1875,0.3077751100063324,Grad/mlp.fc2.lora_B,outputs_dev/vitb16/T=vtab_Q=3bit_L=lora_2_qkv-fc1-proj-fc2/cifar/20260114184203_default_acc=53.50/tensorboard/Grad_mlp.fc2.lora_B_block_0/events.out.tfevents.1768387349.master-192-168-8-48.1680.8,mlp.fc2.lora_B,0
1768387989.1486194,1030,32.21875,0.22301264107227325,Grad/mlp.fc2.lora_B,outputs_dev/vitb16/T=vtab_Q=3bit_L=lora_2_qkv-fc1-proj-fc2/cifar/20260114184203_default_acc=53.50/tensorboard/Grad_mlp.fc2.lora_B_block_0/events.out.tfevents.1768387349.master-192-168-8-48.1680.8,mlp.fc2.lora_B,0
1768387989.5720885,1031,32.25,0.11655254662036896,Grad/mlp.fc2.lora_B,outputs_dev/vitb16/T=vtab_Q=3bit_L=lora_2_qkv-fc1-proj-fc2/cifar/20260114184203_default_acc=53.50/tensorboard/Grad_mlp.fc2.lora_B_block_0/events.out.tfevents.1768387349.master-192-168-8-48.1680.8,mlp.fc2.lora_B,0
1768387989.9943385,1032,32.28125,0.5537734031677246,Grad/mlp.fc2.lora_B,outputs_dev/vitb16/T=vtab_Q=3bit_L=lora_2_qkv-fc1-proj-fc2/cifar/20260114184203_default_acc=53.50/tensorboard/Grad_mlp.fc2.lora_B_block_0/events.out.tfevents.1768387349.master-192-168-8-48.1680.8,mlp.fc2.lora_B,0
1768387990.4147918,1033,32.3125,0.14315178990364075,Grad/mlp.fc2.lora_B,outputs_dev/vitb16/T=vtab_Q=3bit_L=lora_2_qkv-fc1-proj-fc2/cifar/20260114184203_default_acc=53.50/tensorboard/Grad_mlp.fc2.lora_B_block_0/events.out.tfevents.1768387349.master-192-168-8-48.1680.8,mlp.fc2.lora_B,0
1768387990.8370748,1034,32.34375,0.5988826155662537,Grad/mlp.fc2.lora_B,outputs_dev/vitb16/T=vtab_Q=3bit_L=lora_2_qkv-fc1-proj-fc2/cifar/20260114184203_default_acc=53.50/tensorboard/Grad_mlp.fc2.lora_B_block_0/events.out.tfevents.1768387349.master-192-168-8-48.1680.8,mlp.fc2.lora_B,0
1768387991.2814586,1035,32.375,0.539598286151886,Grad/mlp.fc2.lora_B,outputs_dev/vitb16/T=vtab_Q=3bit_L=lora_2_qkv-fc1-proj-fc2/cifar/20260114184203_default_acc=53.50/tensorboard/Grad_mlp.fc2.lora_B_block_0/events.out.tfevents.1768387349.master-192-168-8-48.1680.8,mlp.fc2.lora_B,0
1768387991.7029657,1036,32.40625,0.19069185853004456,Grad/mlp.fc2.lora_B,outputs_dev/vitb16/T=vtab_Q=3bit_L=lora_2_qkv-fc1-proj-fc2/cifar/20260114184203_default_acc=53.50/tensorboard/Grad_mlp.fc2.lora_B_block_0/events.out.tfevents.1768387349.master-192-168-8-48.1680.8,mlp.fc2.lora_B,0
1768387992.129502,1037,32.4375,0.27283796668052673,Grad/mlp.fc2.lora_B,outputs_dev/vitb16/T=vtab_Q=3bit_L=lora_2_qkv-fc1-proj-fc2/cifar/20260114184203_default_acc=53.50/tensorboard/Grad_mlp.fc2.lora_B_block_0/events.out.tfevents.1768387349.master-192-168-8-48.1680.8,mlp.fc2.lora_B,0
1768387992.5658529,1038,32.46875,0.2388344556093216,Grad/mlp.fc2.lora_B,outputs_dev/vitb16/T=vtab_Q=3bit_L=lora_2_qkv-fc1-proj-fc2/cifar/20260114184203_default_acc=53.50/tensorboard/Grad_mlp.fc2.lora_B_block_0/events.out.tfevents.1768387349.master-192-168-8-48.1680.8,mlp.fc2.lora_B,0
1768387993.0038402,1039,32.5,0.3788611590862274,Grad/mlp.fc2.lora_B,outputs_dev/vitb16/T=vtab_Q=3bit_L=lora_2_qkv-fc1-proj-fc2/cifar/20260114184203_default_acc=53.50/tensorboard/Grad_mlp.fc2.lora_B_block_0/events.out.tfevents.1768387349.master-192-168-8-48.1680.8,mlp.fc2.lora_B,0
1768387993.4338048,1040,32.53125,0.19282349944114685,Grad/mlp.fc2.lora_B,outputs_dev/vitb16/T=vtab_Q=3bit_L=lora_2_qkv-fc1-proj-fc2/cifar/20260114184203_default_acc=53.50/tensorboard/Grad_mlp.fc2.lora_B_block_0/events.out.tfevents.1768387349.master-192-168-8-48.1680.8,mlp.fc2.lora_B,0
1768387993.8705065,1041,32.5625,0.22539407014846802,Grad/mlp.fc2.lora_B,outputs_dev/vitb16/T=vtab_Q=3bit_L=lora_2_qkv-fc1-proj-fc2/cifar/20260114184203_default_acc=53.50/tensorboard/Grad_mlp.fc2.lora_B_block_0/events.out.tfevents.1768387349.master-192-168-8-48.1680.8,mlp.fc2.lora_B,0
1768387994.2902825,1042,32.59375,0.3663446605205536,Grad/mlp.fc2.lora_B,outputs_dev/vitb16/T=vtab_Q=3bit_L=lora_2_qkv-fc1-proj-fc2/cifar/20260114184203_default_acc=53.50/tensorboard/Grad_mlp.fc2.lora_B_block_0/events.out.tfevents.1768387349.master-192-168-8-48.1680.8,mlp.fc2.lora_B,0
1768387994.7250617,1043,32.625,0.6855055689811707,Grad/mlp.fc2.lora_B,outputs_dev/vitb16/T=vtab_Q=3bit_L=lora_2_qkv-fc1-proj-fc2/cifar/20260114184203_default_acc=53.50/tensorboard/Grad_mlp.fc2.lora_B_block_0/events.out.tfevents.1768387349.master-192-168-8-48.1680.8,mlp.fc2.lora_B,0
1768387995.159617,1044,32.65625,0.4014551043510437,Grad/mlp.fc2.lora_B,outputs_dev/vitb16/T=vtab_Q=3bit_L=lora_2_qkv-fc1-proj-fc2/cifar/20260114184203_default_acc=53.50/tensorboard/Grad_mlp.fc2.lora_B_block_0/events.out.tfevents.1768387349.master-192-168-8-48.1680.8,mlp.fc2.lora_B,0
1768387995.5859768,1045,32.6875,0.5991637706756592,Grad/mlp.fc2.lora_B,outputs_dev/vitb16/T=vtab_Q=3bit_L=lora_2_qkv-fc1-proj-fc2/cifar/20260114184203_default_acc=53.50/tensorboard/Grad_mlp.fc2.lora_B_block_0/events.out.tfevents.1768387349.master-192-168-8-48.1680.8,mlp.fc2.lora_B,0
1768387996.0153859,1046,32.71875,0.1608092486858368,Grad/mlp.fc2.lora_B,outputs_dev/vitb16/T=vtab_Q=3bit_L=lora_2_qkv-fc1-proj-fc2/cifar/20260114184203_default_acc=53.50/tensorboard/Grad_mlp.fc2.lora_B_block_0/events.out.tfevents.1768387349.master-192-168-8-48.1680.8,mlp.fc2.lora_B,0
1768387996.439071,1047,32.75,0.24326078593730927,Grad/mlp.fc2.lora_B,outputs_dev/vitb16/T=vtab_Q=3bit_L=lora_2_qkv-fc1-proj-fc2/cifar/20260114184203_default_acc=53.50/tensorboard/Grad_mlp.fc2.lora_B_block_0/events.out.tfevents.1768387349.master-192-168-8-48.1680.8,mlp.fc2.lora_B,0
1768387996.8769083,1048,32.78125,0.2893683910369873,Grad/mlp.fc2.lora_B,outputs_dev/vitb16/T=vtab_Q=3bit_L=lora_2_qkv-fc1-proj-fc2/cifar/20260114184203_default_acc=53.50/tensorboard/Grad_mlp.fc2.lora_B_block_0/events.out.tfevents.1768387349.master-192-168-8-48.1680.8,mlp.fc2.lora_B,0
1768387997.3118825,1049,32.8125,0.32329124212265015,Grad/mlp.fc2.lora_B,outputs_dev/vitb16/T=vtab_Q=3bit_L=lora_2_qkv-fc1-proj-fc2/cifar/20260114184203_default_acc=53.50/tensorboard/Grad_mlp.fc2.lora_B_block_0/events.out.tfevents.1768387349.master-192-168-8-48.1680.8,mlp.fc2.lora_B,0
1768387997.7463174,1050,32.84375,0.18155233561992645,Grad/mlp.fc2.lora_B,outputs_dev/vitb16/T=vtab_Q=3bit_L=lora_2_qkv-fc1-proj-fc2/cifar/20260114184203_default_acc=53.50/tensorboard/Grad_mlp.fc2.lora_B_block_0/events.out.tfevents.1768387349.master-192-168-8-48.1680.8,mlp.fc2.lora_B,0
1768387998.1810825,1051,32.875,0.1778470128774643,Grad/mlp.fc2.lora_B,outputs_dev/vitb16/T=vtab_Q=3bit_L=lora_2_qkv-fc1-proj-fc2/cifar/20260114184203_default_acc=53.50/tensorboard/Grad_mlp.fc2.lora_B_block_0/events.out.tfevents.1768387349.master-192-168-8-48.1680.8,mlp.fc2.lora_B,0
1768387998.6027665,1052,32.90625,0.6302230358123779,Grad/mlp.fc2.lora_B,outputs_dev/vitb16/T=vtab_Q=3bit_L=lora_2_qkv-fc1-proj-fc2/cifar/20260114184203_default_acc=53.50/tensorboard/Grad_mlp.fc2.lora_B_block_0/events.out.tfevents.1768387349.master-192-168-8-48.1680.8,mlp.fc2.lora_B,0
1768387999.0241492,1053,32.9375,0.3595411479473114,Grad/mlp.fc2.lora_B,outputs_dev/vitb16/T=vtab_Q=3bit_L=lora_2_qkv-fc1-proj-fc2/cifar/20260114184203_default_acc=53.50/tensorboard/Grad_mlp.fc2.lora_B_block_0/events.out.tfevents.1768387349.master-192-168-8-48.1680.8,mlp.fc2.lora_B,0
1768387999.447708,1054,32.96875,0.2552562654018402,Grad/mlp.fc2.lora_B,outputs_dev/vitb16/T=vtab_Q=3bit_L=lora_2_qkv-fc1-proj-fc2/cifar/20260114184203_default_acc=53.50/tensorboard/Grad_mlp.fc2.lora_B_block_0/events.out.tfevents.1768387349.master-192-168-8-48.1680.8,mlp.fc2.lora_B,0
1768387999.6702304,1055,33.0,0.2988492250442505,Grad/mlp.fc2.lora_B,outputs_dev/vitb16/T=vtab_Q=3bit_L=lora_2_qkv-fc1-proj-fc2/cifar/20260114184203_default_acc=53.50/tensorboard/Grad_mlp.fc2.lora_B_block_0/events.out.tfevents.1768387349.master-192-168-8-48.1680.8,mlp.fc2.lora_B,0
1768388000.563314,1056,33.03125,0.2630642056465149,Grad/mlp.fc2.lora_B,outputs_dev/vitb16/T=vtab_Q=3bit_L=lora_2_qkv-fc1-proj-fc2/cifar/20260114184203_default_acc=53.50/tensorboard/Grad_mlp.fc2.lora_B_block_0/events.out.tfevents.1768387349.master-192-168-8-48.1680.8,mlp.fc2.lora_B,0
1768388000.9886546,1057,33.0625,0.31007686257362366,Grad/mlp.fc2.lora_B,outputs_dev/vitb16/T=vtab_Q=3bit_L=lora_2_qkv-fc1-proj-fc2/cifar/20260114184203_default_acc=53.50/tensorboard/Grad_mlp.fc2.lora_B_block_0/events.out.tfevents.1768387349.master-192-168-8-48.1680.8,mlp.fc2.lora_B,0
1768388001.4095254,1058,33.09375,0.16897113621234894,Grad/mlp.fc2.lora_B,outputs_dev/vitb16/T=vtab_Q=3bit_L=lora_2_qkv-fc1-proj-fc2/cifar/20260114184203_default_acc=53.50/tensorboard/Grad_mlp.fc2.lora_B_block_0/events.out.tfevents.1768387349.master-192-168-8-48.1680.8,mlp.fc2.lora_B,0
1768388001.848389,1059,33.125,0.45598551630973816,Grad/mlp.fc2.lora_B,outputs_dev/vitb16/T=vtab_Q=3bit_L=lora_2_qkv-fc1-proj-fc2/cifar/20260114184203_default_acc=53.50/tensorboard/Grad_mlp.fc2.lora_B_block_0/events.out.tfevents.1768387349.master-192-168-8-48.1680.8,mlp.fc2.lora_B,0
1768388002.2715347,1060,33.15625,0.21329861879348755,Grad/mlp.fc2.lora_B,outputs_dev/vitb16/T=vtab_Q=3bit_L=lora_2_qkv-fc1-proj-fc2/cifar/20260114184203_default_acc=53.50/tensorboard/Grad_mlp.fc2.lora_B_block_0/events.out.tfevents.1768387349.master-192-168-8-48.1680.8,mlp.fc2.lora_B,0
1768388002.694047,1061,33.1875,0.2747671902179718,Grad/mlp.fc2.lora_B,outputs_dev/vitb16/T=vtab_Q=3bit_L=lora_2_qkv-fc1-proj-fc2/cifar/20260114184203_default_acc=53.50/tensorboard/Grad_mlp.fc2.lora_B_block_0/events.out.tfevents.1768387349.master-192-168-8-48.1680.8,mlp.fc2.lora_B,0
1768388003.1285648,1062,33.21875,0.18086902797222137,Grad/mlp.fc2.lora_B,outputs_dev/vitb16/T=vtab_Q=3bit_L=lora_2_qkv-fc1-proj-fc2/cifar/20260114184203_default_acc=53.50/tensorboard/Grad_mlp.fc2.lora_B_block_0/events.out.tfevents.1768387349.master-192-168-8-48.1680.8,mlp.fc2.lora_B,0
1768388003.5516233,1063,33.25,0.33208295702934265,Grad/mlp.fc2.lora_B,outputs_dev/vitb16/T=vtab_Q=3bit_L=lora_2_qkv-fc1-proj-fc2/cifar/20260114184203_default_acc=53.50/tensorboard/Grad_mlp.fc2.lora_B_block_0/events.out.tfevents.1768387349.master-192-168-8-48.1680.8,mlp.fc2.lora_B,0
1768388003.974906,1064,33.28125,0.23344092071056366,Grad/mlp.fc2.lora_B,outputs_dev/vitb16/T=vtab_Q=3bit_L=lora_2_qkv-fc1-proj-fc2/cifar/20260114184203_default_acc=53.50/tensorboard/Grad_mlp.fc2.lora_B_block_0/events.out.tfevents.1768387349.master-192-168-8-48.1680.8,mlp.fc2.lora_B,0
1768388004.4106383,1065,33.3125,0.46082109212875366,Grad/mlp.fc2.lora_B,outputs_dev/vitb16/T=vtab_Q=3bit_L=lora_2_qkv-fc1-proj-fc2/cifar/20260114184203_default_acc=53.50/tensorboard/Grad_mlp.fc2.lora_B_block_0/events.out.tfevents.1768387349.master-192-168-8-48.1680.8,mlp.fc2.lora_B,0
1768388004.8435776,1066,33.34375,0.3839475214481354,Grad/mlp.fc2.lora_B,outputs_dev/vitb16/T=vtab_Q=3bit_L=lora_2_qkv-fc1-proj-fc2/cifar/20260114184203_default_acc=53.50/tensorboard/Grad_mlp.fc2.lora_B_block_0/events.out.tfevents.1768387349.master-192-168-8-48.1680.8,mlp.fc2.lora_B,0
1768388005.268605,1067,33.375,0.24118830263614655,Grad/mlp.fc2.lora_B,outputs_dev/vitb16/T=vtab_Q=3bit_L=lora_2_qkv-fc1-proj-fc2/cifar/20260114184203_default_acc=53.50/tensorboard/Grad_mlp.fc2.lora_B_block_0/events.out.tfevents.1768387349.master-192-168-8-48.1680.8,mlp.fc2.lora_B,0
1768388005.6920638,1068,33.40625,0.47388383746147156,Grad/mlp.fc2.lora_B,outputs_dev/vitb16/T=vtab_Q=3bit_L=lora_2_qkv-fc1-proj-fc2/cifar/20260114184203_default_acc=53.50/tensorboard/Grad_mlp.fc2.lora_B_block_0/events.out.tfevents.1768387349.master-192-168-8-48.1680.8,mlp.fc2.lora_B,0
1768388006.1128654,1069,33.4375,0.33202269673347473,Grad/mlp.fc2.lora_B,outputs_dev/vitb16/T=vtab_Q=3bit_L=lora_2_qkv-fc1-proj-fc2/cifar/20260114184203_default_acc=53.50/tensorboard/Grad_mlp.fc2.lora_B_block_0/events.out.tfevents.1768387349.master-192-168-8-48.1680.8,mlp.fc2.lora_B,0
1768388006.5339012,1070,33.46875,0.08348238468170166,Grad/mlp.fc2.lora_B,outputs_dev/vitb16/T=vtab_Q=3bit_L=lora_2_qkv-fc1-proj-fc2/cifar/20260114184203_default_acc=53.50/tensorboard/Grad_mlp.fc2.lora_B_block_0/events.out.tfevents.1768387349.master-192-168-8-48.1680.8,mlp.fc2.lora_B,0
1768388006.9599898,1071,33.5,0.20961782336235046,Grad/mlp.fc2.lora_B,outputs_dev/vitb16/T=vtab_Q=3bit_L=lora_2_qkv-fc1-proj-fc2/cifar/20260114184203_default_acc=53.50/tensorboard/Grad_mlp.fc2.lora_B_block_0/events.out.tfevents.1768387349.master-192-168-8-48.1680.8,mlp.fc2.lora_B,0
1768388007.3953319,1072,33.53125,0.6760706305503845,Grad/mlp.fc2.lora_B,outputs_dev/vitb16/T=vtab_Q=3bit_L=lora_2_qkv-fc1-proj-fc2/cifar/20260114184203_default_acc=53.50/tensorboard/Grad_mlp.fc2.lora_B_block_0/events.out.tfevents.1768387349.master-192-168-8-48.1680.8,mlp.fc2.lora_B,0
1768388007.8333,1073,33.5625,0.34410223364830017,Grad/mlp.fc2.lora_B,outputs_dev/vitb16/T=vtab_Q=3bit_L=lora_2_qkv-fc1-proj-fc2/cifar/20260114184203_default_acc=53.50/tensorboard/Grad_mlp.fc2.lora_B_block_0/events.out.tfevents.1768387349.master-192-168-8-48.1680.8,mlp.fc2.lora_B,0
1768388008.2567937,1074,33.59375,0.23199017345905304,Grad/mlp.fc2.lora_B,outputs_dev/vitb16/T=vtab_Q=3bit_L=lora_2_qkv-fc1-proj-fc2/cifar/20260114184203_default_acc=53.50/tensorboard/Grad_mlp.fc2.lora_B_block_0/events.out.tfevents.1768387349.master-192-168-8-48.1680.8,mlp.fc2.lora_B,0
1768388008.6789832,1075,33.625,0.2838333547115326,Grad/mlp.fc2.lora_B,outputs_dev/vitb16/T=vtab_Q=3bit_L=lora_2_qkv-fc1-proj-fc2/cifar/20260114184203_default_acc=53.50/tensorboard/Grad_mlp.fc2.lora_B_block_0/events.out.tfevents.1768387349.master-192-168-8-48.1680.8,mlp.fc2.lora_B,0
1768388009.100004,1076,33.65625,0.7916156053543091,Grad/mlp.fc2.lora_B,outputs_dev/vitb16/T=vtab_Q=3bit_L=lora_2_qkv-fc1-proj-fc2/cifar/20260114184203_default_acc=53.50/tensorboard/Grad_mlp.fc2.lora_B_block_0/events.out.tfevents.1768387349.master-192-168-8-48.1680.8,mlp.fc2.lora_B,0
1768388009.5245073,1077,33.6875,0.17180365324020386,Grad/mlp.fc2.lora_B,outputs_dev/vitb16/T=vtab_Q=3bit_L=lora_2_qkv-fc1-proj-fc2/cifar/20260114184203_default_acc=53.50/tensorboard/Grad_mlp.fc2.lora_B_block_0/events.out.tfevents.1768387349.master-192-168-8-48.1680.8,mlp.fc2.lora_B,0
1768388009.9465284,1078,33.71875,0.2599179446697235,Grad/mlp.fc2.lora_B,outputs_dev/vitb16/T=vtab_Q=3bit_L=lora_2_qkv-fc1-proj-fc2/cifar/20260114184203_default_acc=53.50/tensorboard/Grad_mlp.fc2.lora_B_block_0/events.out.tfevents.1768387349.master-192-168-8-48.1680.8,mlp.fc2.lora_B,0
1768388010.3799238,1079,33.75,0.3139139413833618,Grad/mlp.fc2.lora_B,outputs_dev/vitb16/T=vtab_Q=3bit_L=lora_2_qkv-fc1-proj-fc2/cifar/20260114184203_default_acc=53.50/tensorboard/Grad_mlp.fc2.lora_B_block_0/events.out.tfevents.1768387349.master-192-168-8-48.1680.8,mlp.fc2.lora_B,0
1768388010.7876468,1080,33.78125,0.2917936444282532,Grad/mlp.fc2.lora_B,outputs_dev/vitb16/T=vtab_Q=3bit_L=lora_2_qkv-fc1-proj-fc2/cifar/20260114184203_default_acc=53.50/tensorboard/Grad_mlp.fc2.lora_B_block_0/events.out.tfevents.1768387349.master-192-168-8-48.1680.8,mlp.fc2.lora_B,0
1768388011.1978264,1081,33.8125,0.49372828006744385,Grad/mlp.fc2.lora_B,outputs_dev/vitb16/T=vtab_Q=3bit_L=lora_2_qkv-fc1-proj-fc2/cifar/20260114184203_default_acc=53.50/tensorboard/Grad_mlp.fc2.lora_B_block_0/events.out.tfevents.1768387349.master-192-168-8-48.1680.8,mlp.fc2.lora_B,0
1768388011.6200871,1082,33.84375,0.3042646646499634,Grad/mlp.fc2.lora_B,outputs_dev/vitb16/T=vtab_Q=3bit_L=lora_2_qkv-fc1-proj-fc2/cifar/20260114184203_default_acc=53.50/tensorboard/Grad_mlp.fc2.lora_B_block_0/events.out.tfevents.1768387349.master-192-168-8-48.1680.8,mlp.fc2.lora_B,0
1768388012.0424166,1083,33.875,0.4106043577194214,Grad/mlp.fc2.lora_B,outputs_dev/vitb16/T=vtab_Q=3bit_L=lora_2_qkv-fc1-proj-fc2/cifar/20260114184203_default_acc=53.50/tensorboard/Grad_mlp.fc2.lora_B_block_0/events.out.tfevents.1768387349.master-192-168-8-48.1680.8,mlp.fc2.lora_B,0
1768388012.4807925,1084,33.90625,0.3651350438594818,Grad/mlp.fc2.lora_B,outputs_dev/vitb16/T=vtab_Q=3bit_L=lora_2_qkv-fc1-proj-fc2/cifar/20260114184203_default_acc=53.50/tensorboard/Grad_mlp.fc2.lora_B_block_0/events.out.tfevents.1768387349.master-192-168-8-48.1680.8,mlp.fc2.lora_B,0
1768388012.9014878,1085,33.9375,0.3226693570613861,Grad/mlp.fc2.lora_B,outputs_dev/vitb16/T=vtab_Q=3bit_L=lora_2_qkv-fc1-proj-fc2/cifar/20260114184203_default_acc=53.50/tensorboard/Grad_mlp.fc2.lora_B_block_0/events.out.tfevents.1768387349.master-192-168-8-48.1680.8,mlp.fc2.lora_B,0
1768388013.3226202,1086,33.96875,0.38572150468826294,Grad/mlp.fc2.lora_B,outputs_dev/vitb16/T=vtab_Q=3bit_L=lora_2_qkv-fc1-proj-fc2/cifar/20260114184203_default_acc=53.50/tensorboard/Grad_mlp.fc2.lora_B_block_0/events.out.tfevents.1768387349.master-192-168-8-48.1680.8,mlp.fc2.lora_B,0
1768388013.5456944,1087,34.0,0.8595996499061584,Grad/mlp.fc2.lora_B,outputs_dev/vitb16/T=vtab_Q=3bit_L=lora_2_qkv-fc1-proj-fc2/cifar/20260114184203_default_acc=53.50/tensorboard/Grad_mlp.fc2.lora_B_block_0/events.out.tfevents.1768387349.master-192-168-8-48.1680.8,mlp.fc2.lora_B,0
1768388014.210753,1088,34.03125,0.3455314636230469,Grad/mlp.fc2.lora_B,outputs_dev/vitb16/T=vtab_Q=3bit_L=lora_2_qkv-fc1-proj-fc2/cifar/20260114184203_default_acc=53.50/tensorboard/Grad_mlp.fc2.lora_B_block_0/events.out.tfevents.1768387349.master-192-168-8-48.1680.8,mlp.fc2.lora_B,0
1768388014.6264644,1089,34.0625,0.46303611993789673,Grad/mlp.fc2.lora_B,outputs_dev/vitb16/T=vtab_Q=3bit_L=lora_2_qkv-fc1-proj-fc2/cifar/20260114184203_default_acc=53.50/tensorboard/Grad_mlp.fc2.lora_B_block_0/events.out.tfevents.1768387349.master-192-168-8-48.1680.8,mlp.fc2.lora_B,0
1768388015.0379975,1090,34.09375,0.21187900006771088,Grad/mlp.fc2.lora_B,outputs_dev/vitb16/T=vtab_Q=3bit_L=lora_2_qkv-fc1-proj-fc2/cifar/20260114184203_default_acc=53.50/tensorboard/Grad_mlp.fc2.lora_B_block_0/events.out.tfevents.1768387349.master-192-168-8-48.1680.8,mlp.fc2.lora_B,0
1768388015.448074,1091,34.125,0.27552998065948486,Grad/mlp.fc2.lora_B,outputs_dev/vitb16/T=vtab_Q=3bit_L=lora_2_qkv-fc1-proj-fc2/cifar/20260114184203_default_acc=53.50/tensorboard/Grad_mlp.fc2.lora_B_block_0/events.out.tfevents.1768387349.master-192-168-8-48.1680.8,mlp.fc2.lora_B,0
1768388015.8607879,1092,34.15625,0.2598147690296173,Grad/mlp.fc2.lora_B,outputs_dev/vitb16/T=vtab_Q=3bit_L=lora_2_qkv-fc1-proj-fc2/cifar/20260114184203_default_acc=53.50/tensorboard/Grad_mlp.fc2.lora_B_block_0/events.out.tfevents.1768387349.master-192-168-8-48.1680.8,mlp.fc2.lora_B,0
1768388016.2708333,1093,34.1875,0.2864021956920624,Grad/mlp.fc2.lora_B,outputs_dev/vitb16/T=vtab_Q=3bit_L=lora_2_qkv-fc1-proj-fc2/cifar/20260114184203_default_acc=53.50/tensorboard/Grad_mlp.fc2.lora_B_block_0/events.out.tfevents.1768387349.master-192-168-8-48.1680.8,mlp.fc2.lora_B,0
1768388016.6839666,1094,34.21875,0.2893660366535187,Grad/mlp.fc2.lora_B,outputs_dev/vitb16/T=vtab_Q=3bit_L=lora_2_qkv-fc1-proj-fc2/cifar/20260114184203_default_acc=53.50/tensorboard/Grad_mlp.fc2.lora_B_block_0/events.out.tfevents.1768387349.master-192-168-8-48.1680.8,mlp.fc2.lora_B,0
1768388017.097111,1095,34.25,0.2991383373737335,Grad/mlp.fc2.lora_B,outputs_dev/vitb16/T=vtab_Q=3bit_L=lora_2_qkv-fc1-proj-fc2/cifar/20260114184203_default_acc=53.50/tensorboard/Grad_mlp.fc2.lora_B_block_0/events.out.tfevents.1768387349.master-192-168-8-48.1680.8,mlp.fc2.lora_B,0
1768388017.5085883,1096,34.28125,0.18459048867225647,Grad/mlp.fc2.lora_B,outputs_dev/vitb16/T=vtab_Q=3bit_L=lora_2_qkv-fc1-proj-fc2/cifar/20260114184203_default_acc=53.50/tensorboard/Grad_mlp.fc2.lora_B_block_0/events.out.tfevents.1768387349.master-192-168-8-48.1680.8,mlp.fc2.lora_B,0
1768388017.9281414,1097,34.3125,0.6186896562576294,Grad/mlp.fc2.lora_B,outputs_dev/vitb16/T=vtab_Q=3bit_L=lora_2_qkv-fc1-proj-fc2/cifar/20260114184203_default_acc=53.50/tensorboard/Grad_mlp.fc2.lora_B_block_0/events.out.tfevents.1768387349.master-192-168-8-48.1680.8,mlp.fc2.lora_B,0
1768388018.3803976,1098,34.34375,0.1763155460357666,Grad/mlp.fc2.lora_B,outputs_dev/vitb16/T=vtab_Q=3bit_L=lora_2_qkv-fc1-proj-fc2/cifar/20260114184203_default_acc=53.50/tensorboard/Grad_mlp.fc2.lora_B_block_0/events.out.tfevents.1768387349.master-192-168-8-48.1680.8,mlp.fc2.lora_B,0
1768388018.8219087,1099,34.375,0.1810568869113922,Grad/mlp.fc2.lora_B,outputs_dev/vitb16/T=vtab_Q=3bit_L=lora_2_qkv-fc1-proj-fc2/cifar/20260114184203_default_acc=53.50/tensorboard/Grad_mlp.fc2.lora_B_block_0/events.out.tfevents.1768387349.master-192-168-8-48.1680.8,mlp.fc2.lora_B,0
1768388019.2616203,1100,34.40625,0.41868874430656433,Grad/mlp.fc2.lora_B,outputs_dev/vitb16/T=vtab_Q=3bit_L=lora_2_qkv-fc1-proj-fc2/cifar/20260114184203_default_acc=53.50/tensorboard/Grad_mlp.fc2.lora_B_block_0/events.out.tfevents.1768387349.master-192-168-8-48.1680.8,mlp.fc2.lora_B,0
1768388019.7011504,1101,34.4375,0.6971800327301025,Grad/mlp.fc2.lora_B,outputs_dev/vitb16/T=vtab_Q=3bit_L=lora_2_qkv-fc1-proj-fc2/cifar/20260114184203_default_acc=53.50/tensorboard/Grad_mlp.fc2.lora_B_block_0/events.out.tfevents.1768387349.master-192-168-8-48.1680.8,mlp.fc2.lora_B,0
1768388020.136499,1102,34.46875,0.2716972231864929,Grad/mlp.fc2.lora_B,outputs_dev/vitb16/T=vtab_Q=3bit_L=lora_2_qkv-fc1-proj-fc2/cifar/20260114184203_default_acc=53.50/tensorboard/Grad_mlp.fc2.lora_B_block_0/events.out.tfevents.1768387349.master-192-168-8-48.1680.8,mlp.fc2.lora_B,0
1768388020.570627,1103,34.5,0.2720935344696045,Grad/mlp.fc2.lora_B,outputs_dev/vitb16/T=vtab_Q=3bit_L=lora_2_qkv-fc1-proj-fc2/cifar/20260114184203_default_acc=53.50/tensorboard/Grad_mlp.fc2.lora_B_block_0/events.out.tfevents.1768387349.master-192-168-8-48.1680.8,mlp.fc2.lora_B,0
1768388021.0058794,1104,34.53125,0.5688244700431824,Grad/mlp.fc2.lora_B,outputs_dev/vitb16/T=vtab_Q=3bit_L=lora_2_qkv-fc1-proj-fc2/cifar/20260114184203_default_acc=53.50/tensorboard/Grad_mlp.fc2.lora_B_block_0/events.out.tfevents.1768387349.master-192-168-8-48.1680.8,mlp.fc2.lora_B,0
1768388021.4168048,1105,34.5625,0.3216879665851593,Grad/mlp.fc2.lora_B,outputs_dev/vitb16/T=vtab_Q=3bit_L=lora_2_qkv-fc1-proj-fc2/cifar/20260114184203_default_acc=53.50/tensorboard/Grad_mlp.fc2.lora_B_block_0/events.out.tfevents.1768387349.master-192-168-8-48.1680.8,mlp.fc2.lora_B,0
1768388021.850563,1106,34.59375,0.756443977355957,Grad/mlp.fc2.lora_B,outputs_dev/vitb16/T=vtab_Q=3bit_L=lora_2_qkv-fc1-proj-fc2/cifar/20260114184203_default_acc=53.50/tensorboard/Grad_mlp.fc2.lora_B_block_0/events.out.tfevents.1768387349.master-192-168-8-48.1680.8,mlp.fc2.lora_B,0
1768388022.2895136,1107,34.625,0.43092623353004456,Grad/mlp.fc2.lora_B,outputs_dev/vitb16/T=vtab_Q=3bit_L=lora_2_qkv-fc1-proj-fc2/cifar/20260114184203_default_acc=53.50/tensorboard/Grad_mlp.fc2.lora_B_block_0/events.out.tfevents.1768387349.master-192-168-8-48.1680.8,mlp.fc2.lora_B,0
1768388022.7262623,1108,34.65625,0.5664963722229004,Grad/mlp.fc2.lora_B,outputs_dev/vitb16/T=vtab_Q=3bit_L=lora_2_qkv-fc1-proj-fc2/cifar/20260114184203_default_acc=53.50/tensorboard/Grad_mlp.fc2.lora_B_block_0/events.out.tfevents.1768387349.master-192-168-8-48.1680.8,mlp.fc2.lora_B,0
1768388023.160469,1109,34.6875,0.2588918209075928,Grad/mlp.fc2.lora_B,outputs_dev/vitb16/T=vtab_Q=3bit_L=lora_2_qkv-fc1-proj-fc2/cifar/20260114184203_default_acc=53.50/tensorboard/Grad_mlp.fc2.lora_B_block_0/events.out.tfevents.1768387349.master-192-168-8-48.1680.8,mlp.fc2.lora_B,0
1768388023.5820017,1110,34.71875,0.1657770425081253,Grad/mlp.fc2.lora_B,outputs_dev/vitb16/T=vtab_Q=3bit_L=lora_2_qkv-fc1-proj-fc2/cifar/20260114184203_default_acc=53.50/tensorboard/Grad_mlp.fc2.lora_B_block_0/events.out.tfevents.1768387349.master-192-168-8-48.1680.8,mlp.fc2.lora_B,0
1768388024.0035117,1111,34.75,0.2818088233470917,Grad/mlp.fc2.lora_B,outputs_dev/vitb16/T=vtab_Q=3bit_L=lora_2_qkv-fc1-proj-fc2/cifar/20260114184203_default_acc=53.50/tensorboard/Grad_mlp.fc2.lora_B_block_0/events.out.tfevents.1768387349.master-192-168-8-48.1680.8,mlp.fc2.lora_B,0
1768388024.436559,1112,34.78125,0.3836174011230469,Grad/mlp.fc2.lora_B,outputs_dev/vitb16/T=vtab_Q=3bit_L=lora_2_qkv-fc1-proj-fc2/cifar/20260114184203_default_acc=53.50/tensorboard/Grad_mlp.fc2.lora_B_block_0/events.out.tfevents.1768387349.master-192-168-8-48.1680.8,mlp.fc2.lora_B,0
1768388024.8748286,1113,34.8125,0.2483544647693634,Grad/mlp.fc2.lora_B,outputs_dev/vitb16/T=vtab_Q=3bit_L=lora_2_qkv-fc1-proj-fc2/cifar/20260114184203_default_acc=53.50/tensorboard/Grad_mlp.fc2.lora_B_block_0/events.out.tfevents.1768387349.master-192-168-8-48.1680.8,mlp.fc2.lora_B,0
1768388025.309362,1114,34.84375,0.3707208037376404,Grad/mlp.fc2.lora_B,outputs_dev/vitb16/T=vtab_Q=3bit_L=lora_2_qkv-fc1-proj-fc2/cifar/20260114184203_default_acc=53.50/tensorboard/Grad_mlp.fc2.lora_B_block_0/events.out.tfevents.1768387349.master-192-168-8-48.1680.8,mlp.fc2.lora_B,0
1768388025.7424304,1115,34.875,0.2294759899377823,Grad/mlp.fc2.lora_B,outputs_dev/vitb16/T=vtab_Q=3bit_L=lora_2_qkv-fc1-proj-fc2/cifar/20260114184203_default_acc=53.50/tensorboard/Grad_mlp.fc2.lora_B_block_0/events.out.tfevents.1768387349.master-192-168-8-48.1680.8,mlp.fc2.lora_B,0
1768388026.1653128,1116,34.90625,0.4117206931114197,Grad/mlp.fc2.lora_B,outputs_dev/vitb16/T=vtab_Q=3bit_L=lora_2_qkv-fc1-proj-fc2/cifar/20260114184203_default_acc=53.50/tensorboard/Grad_mlp.fc2.lora_B_block_0/events.out.tfevents.1768387349.master-192-168-8-48.1680.8,mlp.fc2.lora_B,0
1768388026.587852,1117,34.9375,0.38225188851356506,Grad/mlp.fc2.lora_B,outputs_dev/vitb16/T=vtab_Q=3bit_L=lora_2_qkv-fc1-proj-fc2/cifar/20260114184203_default_acc=53.50/tensorboard/Grad_mlp.fc2.lora_B_block_0/events.out.tfevents.1768387349.master-192-168-8-48.1680.8,mlp.fc2.lora_B,0
1768388027.0085318,1118,34.96875,0.47783103585243225,Grad/mlp.fc2.lora_B,outputs_dev/vitb16/T=vtab_Q=3bit_L=lora_2_qkv-fc1-proj-fc2/cifar/20260114184203_default_acc=53.50/tensorboard/Grad_mlp.fc2.lora_B_block_0/events.out.tfevents.1768387349.master-192-168-8-48.1680.8,mlp.fc2.lora_B,0
1768388027.2225769,1119,35.0,0.4453953206539154,Grad/mlp.fc2.lora_B,outputs_dev/vitb16/T=vtab_Q=3bit_L=lora_2_qkv-fc1-proj-fc2/cifar/20260114184203_default_acc=53.50/tensorboard/Grad_mlp.fc2.lora_B_block_0/events.out.tfevents.1768387349.master-192-168-8-48.1680.8,mlp.fc2.lora_B,0
1768388027.9573097,1120,35.03125,0.5735958814620972,Grad/mlp.fc2.lora_B,outputs_dev/vitb16/T=vtab_Q=3bit_L=lora_2_qkv-fc1-proj-fc2/cifar/20260114184203_default_acc=53.50/tensorboard/Grad_mlp.fc2.lora_B_block_0/events.out.tfevents.1768387349.master-192-168-8-48.1680.8,mlp.fc2.lora_B,0
1768388028.397169,1121,35.0625,0.2913176119327545,Grad/mlp.fc2.lora_B,outputs_dev/vitb16/T=vtab_Q=3bit_L=lora_2_qkv-fc1-proj-fc2/cifar/20260114184203_default_acc=53.50/tensorboard/Grad_mlp.fc2.lora_B_block_0/events.out.tfevents.1768387349.master-192-168-8-48.1680.8,mlp.fc2.lora_B,0
1768388028.8192759,1122,35.09375,0.5521959662437439,Grad/mlp.fc2.lora_B,outputs_dev/vitb16/T=vtab_Q=3bit_L=lora_2_qkv-fc1-proj-fc2/cifar/20260114184203_default_acc=53.50/tensorboard/Grad_mlp.fc2.lora_B_block_0/events.out.tfevents.1768387349.master-192-168-8-48.1680.8,mlp.fc2.lora_B,0
1768388029.2543116,1123,35.125,0.3933030366897583,Grad/mlp.fc2.lora_B,outputs_dev/vitb16/T=vtab_Q=3bit_L=lora_2_qkv-fc1-proj-fc2/cifar/20260114184203_default_acc=53.50/tensorboard/Grad_mlp.fc2.lora_B_block_0/events.out.tfevents.1768387349.master-192-168-8-48.1680.8,mlp.fc2.lora_B,0
1768388029.6754806,1124,35.15625,0.17330291867256165,Grad/mlp.fc2.lora_B,outputs_dev/vitb16/T=vtab_Q=3bit_L=lora_2_qkv-fc1-proj-fc2/cifar/20260114184203_default_acc=53.50/tensorboard/Grad_mlp.fc2.lora_B_block_0/events.out.tfevents.1768387349.master-192-168-8-48.1680.8,mlp.fc2.lora_B,0
1768388030.095298,1125,35.1875,0.3310699462890625,Grad/mlp.fc2.lora_B,outputs_dev/vitb16/T=vtab_Q=3bit_L=lora_2_qkv-fc1-proj-fc2/cifar/20260114184203_default_acc=53.50/tensorboard/Grad_mlp.fc2.lora_B_block_0/events.out.tfevents.1768387349.master-192-168-8-48.1680.8,mlp.fc2.lora_B,0
1768388030.520706,1126,35.21875,0.4423922002315521,Grad/mlp.fc2.lora_B,outputs_dev/vitb16/T=vtab_Q=3bit_L=lora_2_qkv-fc1-proj-fc2/cifar/20260114184203_default_acc=53.50/tensorboard/Grad_mlp.fc2.lora_B_block_0/events.out.tfevents.1768387349.master-192-168-8-48.1680.8,mlp.fc2.lora_B,0
1768388030.9327025,1127,35.25,0.28473636507987976,Grad/mlp.fc2.lora_B,outputs_dev/vitb16/T=vtab_Q=3bit_L=lora_2_qkv-fc1-proj-fc2/cifar/20260114184203_default_acc=53.50/tensorboard/Grad_mlp.fc2.lora_B_block_0/events.out.tfevents.1768387349.master-192-168-8-48.1680.8,mlp.fc2.lora_B,0
1768388031.365771,1128,35.28125,0.2039497047662735,Grad/mlp.fc2.lora_B,outputs_dev/vitb16/T=vtab_Q=3bit_L=lora_2_qkv-fc1-proj-fc2/cifar/20260114184203_default_acc=53.50/tensorboard/Grad_mlp.fc2.lora_B_block_0/events.out.tfevents.1768387349.master-192-168-8-48.1680.8,mlp.fc2.lora_B,0
1768388031.780447,1129,35.3125,0.30823588371276855,Grad/mlp.fc2.lora_B,outputs_dev/vitb16/T=vtab_Q=3bit_L=lora_2_qkv-fc1-proj-fc2/cifar/20260114184203_default_acc=53.50/tensorboard/Grad_mlp.fc2.lora_B_block_0/events.out.tfevents.1768387349.master-192-168-8-48.1680.8,mlp.fc2.lora_B,0
1768388032.206117,1130,35.34375,0.2529557943344116,Grad/mlp.fc2.lora_B,outputs_dev/vitb16/T=vtab_Q=3bit_L=lora_2_qkv-fc1-proj-fc2/cifar/20260114184203_default_acc=53.50/tensorboard/Grad_mlp.fc2.lora_B_block_0/events.out.tfevents.1768387349.master-192-168-8-48.1680.8,mlp.fc2.lora_B,0
1768388032.6271715,1131,35.375,0.5063855051994324,Grad/mlp.fc2.lora_B,outputs_dev/vitb16/T=vtab_Q=3bit_L=lora_2_qkv-fc1-proj-fc2/cifar/20260114184203_default_acc=53.50/tensorboard/Grad_mlp.fc2.lora_B_block_0/events.out.tfevents.1768387349.master-192-168-8-48.1680.8,mlp.fc2.lora_B,0
1768388033.0474417,1132,35.40625,0.17368602752685547,Grad/mlp.fc2.lora_B,outputs_dev/vitb16/T=vtab_Q=3bit_L=lora_2_qkv-fc1-proj-fc2/cifar/20260114184203_default_acc=53.50/tensorboard/Grad_mlp.fc2.lora_B_block_0/events.out.tfevents.1768387349.master-192-168-8-48.1680.8,mlp.fc2.lora_B,0
1768388033.4657245,1133,35.4375,0.24404595792293549,Grad/mlp.fc2.lora_B,outputs_dev/vitb16/T=vtab_Q=3bit_L=lora_2_qkv-fc1-proj-fc2/cifar/20260114184203_default_acc=53.50/tensorboard/Grad_mlp.fc2.lora_B_block_0/events.out.tfevents.1768387349.master-192-168-8-48.1680.8,mlp.fc2.lora_B,0
1768388033.8987362,1134,35.46875,0.33049583435058594,Grad/mlp.fc2.lora_B,outputs_dev/vitb16/T=vtab_Q=3bit_L=lora_2_qkv-fc1-proj-fc2/cifar/20260114184203_default_acc=53.50/tensorboard/Grad_mlp.fc2.lora_B_block_0/events.out.tfevents.1768387349.master-192-168-8-48.1680.8,mlp.fc2.lora_B,0
1768388034.332546,1135,35.5,0.256557822227478,Grad/mlp.fc2.lora_B,outputs_dev/vitb16/T=vtab_Q=3bit_L=lora_2_qkv-fc1-proj-fc2/cifar/20260114184203_default_acc=53.50/tensorboard/Grad_mlp.fc2.lora_B_block_0/events.out.tfevents.1768387349.master-192-168-8-48.1680.8,mlp.fc2.lora_B,0
1768388034.7688048,1136,35.53125,1.1160266399383545,Grad/mlp.fc2.lora_B,outputs_dev/vitb16/T=vtab_Q=3bit_L=lora_2_qkv-fc1-proj-fc2/cifar/20260114184203_default_acc=53.50/tensorboard/Grad_mlp.fc2.lora_B_block_0/events.out.tfevents.1768387349.master-192-168-8-48.1680.8,mlp.fc2.lora_B,0
1768388035.2070122,1137,35.5625,0.18139486014842987,Grad/mlp.fc2.lora_B,outputs_dev/vitb16/T=vtab_Q=3bit_L=lora_2_qkv-fc1-proj-fc2/cifar/20260114184203_default_acc=53.50/tensorboard/Grad_mlp.fc2.lora_B_block_0/events.out.tfevents.1768387349.master-192-168-8-48.1680.8,mlp.fc2.lora_B,0
1768388035.6363783,1138,35.59375,0.10732540488243103,Grad/mlp.fc2.lora_B,outputs_dev/vitb16/T=vtab_Q=3bit_L=lora_2_qkv-fc1-proj-fc2/cifar/20260114184203_default_acc=53.50/tensorboard/Grad_mlp.fc2.lora_B_block_0/events.out.tfevents.1768387349.master-192-168-8-48.1680.8,mlp.fc2.lora_B,0
1768388036.070488,1139,35.625,0.5276626944541931,Grad/mlp.fc2.lora_B,outputs_dev/vitb16/T=vtab_Q=3bit_L=lora_2_qkv-fc1-proj-fc2/cifar/20260114184203_default_acc=53.50/tensorboard/Grad_mlp.fc2.lora_B_block_0/events.out.tfevents.1768387349.master-192-168-8-48.1680.8,mlp.fc2.lora_B,0
1768388036.4886987,1140,35.65625,0.4336455464363098,Grad/mlp.fc2.lora_B,outputs_dev/vitb16/T=vtab_Q=3bit_L=lora_2_qkv-fc1-proj-fc2/cifar/20260114184203_default_acc=53.50/tensorboard/Grad_mlp.fc2.lora_B_block_0/events.out.tfevents.1768387349.master-192-168-8-48.1680.8,mlp.fc2.lora_B,0
1768388036.9133313,1141,35.6875,0.2131340205669403,Grad/mlp.fc2.lora_B,outputs_dev/vitb16/T=vtab_Q=3bit_L=lora_2_qkv-fc1-proj-fc2/cifar/20260114184203_default_acc=53.50/tensorboard/Grad_mlp.fc2.lora_B_block_0/events.out.tfevents.1768387349.master-192-168-8-48.1680.8,mlp.fc2.lora_B,0
1768388037.3478837,1142,35.71875,0.5685239434242249,Grad/mlp.fc2.lora_B,outputs_dev/vitb16/T=vtab_Q=3bit_L=lora_2_qkv-fc1-proj-fc2/cifar/20260114184203_default_acc=53.50/tensorboard/Grad_mlp.fc2.lora_B_block_0/events.out.tfevents.1768387349.master-192-168-8-48.1680.8,mlp.fc2.lora_B,0
1768388037.76659,1143,35.75,0.2918127179145813,Grad/mlp.fc2.lora_B,outputs_dev/vitb16/T=vtab_Q=3bit_L=lora_2_qkv-fc1-proj-fc2/cifar/20260114184203_default_acc=53.50/tensorboard/Grad_mlp.fc2.lora_B_block_0/events.out.tfevents.1768387349.master-192-168-8-48.1680.8,mlp.fc2.lora_B,0
1768388038.1871908,1144,35.78125,0.2907918095588684,Grad/mlp.fc2.lora_B,outputs_dev/vitb16/T=vtab_Q=3bit_L=lora_2_qkv-fc1-proj-fc2/cifar/20260114184203_default_acc=53.50/tensorboard/Grad_mlp.fc2.lora_B_block_0/events.out.tfevents.1768387349.master-192-168-8-48.1680.8,mlp.fc2.lora_B,0
1768388038.6192935,1145,35.8125,0.2656458616256714,Grad/mlp.fc2.lora_B,outputs_dev/vitb16/T=vtab_Q=3bit_L=lora_2_qkv-fc1-proj-fc2/cifar/20260114184203_default_acc=53.50/tensorboard/Grad_mlp.fc2.lora_B_block_0/events.out.tfevents.1768387349.master-192-168-8-48.1680.8,mlp.fc2.lora_B,0
1768388039.052239,1146,35.84375,0.4215284287929535,Grad/mlp.fc2.lora_B,outputs_dev/vitb16/T=vtab_Q=3bit_L=lora_2_qkv-fc1-proj-fc2/cifar/20260114184203_default_acc=53.50/tensorboard/Grad_mlp.fc2.lora_B_block_0/events.out.tfevents.1768387349.master-192-168-8-48.1680.8,mlp.fc2.lora_B,0
1768388039.4853687,1147,35.875,0.3773798644542694,Grad/mlp.fc2.lora_B,outputs_dev/vitb16/T=vtab_Q=3bit_L=lora_2_qkv-fc1-proj-fc2/cifar/20260114184203_default_acc=53.50/tensorboard/Grad_mlp.fc2.lora_B_block_0/events.out.tfevents.1768387349.master-192-168-8-48.1680.8,mlp.fc2.lora_B,0
1768388039.918401,1148,35.90625,0.4238888919353485,Grad/mlp.fc2.lora_B,outputs_dev/vitb16/T=vtab_Q=3bit_L=lora_2_qkv-fc1-proj-fc2/cifar/20260114184203_default_acc=53.50/tensorboard/Grad_mlp.fc2.lora_B_block_0/events.out.tfevents.1768387349.master-192-168-8-48.1680.8,mlp.fc2.lora_B,0
1768388040.352066,1149,35.9375,0.21276186406612396,Grad/mlp.fc2.lora_B,outputs_dev/vitb16/T=vtab_Q=3bit_L=lora_2_qkv-fc1-proj-fc2/cifar/20260114184203_default_acc=53.50/tensorboard/Grad_mlp.fc2.lora_B_block_0/events.out.tfevents.1768387349.master-192-168-8-48.1680.8,mlp.fc2.lora_B,0
1768388040.771313,1150,35.96875,0.5260616540908813,Grad/mlp.fc2.lora_B,outputs_dev/vitb16/T=vtab_Q=3bit_L=lora_2_qkv-fc1-proj-fc2/cifar/20260114184203_default_acc=53.50/tensorboard/Grad_mlp.fc2.lora_B_block_0/events.out.tfevents.1768387349.master-192-168-8-48.1680.8,mlp.fc2.lora_B,0
1768388040.969573,1151,36.0,1.5368131399154663,Grad/mlp.fc2.lora_B,outputs_dev/vitb16/T=vtab_Q=3bit_L=lora_2_qkv-fc1-proj-fc2/cifar/20260114184203_default_acc=53.50/tensorboard/Grad_mlp.fc2.lora_B_block_0/events.out.tfevents.1768387349.master-192-168-8-48.1680.8,mlp.fc2.lora_B,0
1768388041.6474009,1152,36.03125,0.479614794254303,Grad/mlp.fc2.lora_B,outputs_dev/vitb16/T=vtab_Q=3bit_L=lora_2_qkv-fc1-proj-fc2/cifar/20260114184203_default_acc=53.50/tensorboard/Grad_mlp.fc2.lora_B_block_0/events.out.tfevents.1768387349.master-192-168-8-48.1680.8,mlp.fc2.lora_B,0
1768388042.0756257,1153,36.0625,0.3253888189792633,Grad/mlp.fc2.lora_B,outputs_dev/vitb16/T=vtab_Q=3bit_L=lora_2_qkv-fc1-proj-fc2/cifar/20260114184203_default_acc=53.50/tensorboard/Grad_mlp.fc2.lora_B_block_0/events.out.tfevents.1768387349.master-192-168-8-48.1680.8,mlp.fc2.lora_B,0
1768388042.5043018,1154,36.09375,0.5241492390632629,Grad/mlp.fc2.lora_B,outputs_dev/vitb16/T=vtab_Q=3bit_L=lora_2_qkv-fc1-proj-fc2/cifar/20260114184203_default_acc=53.50/tensorboard/Grad_mlp.fc2.lora_B_block_0/events.out.tfevents.1768387349.master-192-168-8-48.1680.8,mlp.fc2.lora_B,0
1768388042.9294937,1155,36.125,0.2726024091243744,Grad/mlp.fc2.lora_B,outputs_dev/vitb16/T=vtab_Q=3bit_L=lora_2_qkv-fc1-proj-fc2/cifar/20260114184203_default_acc=53.50/tensorboard/Grad_mlp.fc2.lora_B_block_0/events.out.tfevents.1768387349.master-192-168-8-48.1680.8,mlp.fc2.lora_B,0
1768388043.3625278,1156,36.15625,0.5559479594230652,Grad/mlp.fc2.lora_B,outputs_dev/vitb16/T=vtab_Q=3bit_L=lora_2_qkv-fc1-proj-fc2/cifar/20260114184203_default_acc=53.50/tensorboard/Grad_mlp.fc2.lora_B_block_0/events.out.tfevents.1768387349.master-192-168-8-48.1680.8,mlp.fc2.lora_B,0
1768388043.7824903,1157,36.1875,0.4643787145614624,Grad/mlp.fc2.lora_B,outputs_dev/vitb16/T=vtab_Q=3bit_L=lora_2_qkv-fc1-proj-fc2/cifar/20260114184203_default_acc=53.50/tensorboard/Grad_mlp.fc2.lora_B_block_0/events.out.tfevents.1768387349.master-192-168-8-48.1680.8,mlp.fc2.lora_B,0
1768388044.2020981,1158,36.21875,0.3905251622200012,Grad/mlp.fc2.lora_B,outputs_dev/vitb16/T=vtab_Q=3bit_L=lora_2_qkv-fc1-proj-fc2/cifar/20260114184203_default_acc=53.50/tensorboard/Grad_mlp.fc2.lora_B_block_0/events.out.tfevents.1768387349.master-192-168-8-48.1680.8,mlp.fc2.lora_B,0
1768388044.6332479,1159,36.25,0.6128621101379395,Grad/mlp.fc2.lora_B,outputs_dev/vitb16/T=vtab_Q=3bit_L=lora_2_qkv-fc1-proj-fc2/cifar/20260114184203_default_acc=53.50/tensorboard/Grad_mlp.fc2.lora_B_block_0/events.out.tfevents.1768387349.master-192-168-8-48.1680.8,mlp.fc2.lora_B,0
1768388045.0687108,1160,36.28125,0.7087478637695312,Grad/mlp.fc2.lora_B,outputs_dev/vitb16/T=vtab_Q=3bit_L=lora_2_qkv-fc1-proj-fc2/cifar/20260114184203_default_acc=53.50/tensorboard/Grad_mlp.fc2.lora_B_block_0/events.out.tfevents.1768387349.master-192-168-8-48.1680.8,mlp.fc2.lora_B,0
1768388045.4887378,1161,36.3125,0.7457277178764343,Grad/mlp.fc2.lora_B,outputs_dev/vitb16/T=vtab_Q=3bit_L=lora_2_qkv-fc1-proj-fc2/cifar/20260114184203_default_acc=53.50/tensorboard/Grad_mlp.fc2.lora_B_block_0/events.out.tfevents.1768387349.master-192-168-8-48.1680.8,mlp.fc2.lora_B,0
1768388045.920617,1162,36.34375,0.5669847130775452,Grad/mlp.fc2.lora_B,outputs_dev/vitb16/T=vtab_Q=3bit_L=lora_2_qkv-fc1-proj-fc2/cifar/20260114184203_default_acc=53.50/tensorboard/Grad_mlp.fc2.lora_B_block_0/events.out.tfevents.1768387349.master-192-168-8-48.1680.8,mlp.fc2.lora_B,0
1768388046.3564541,1163,36.375,0.9480510354042053,Grad/mlp.fc2.lora_B,outputs_dev/vitb16/T=vtab_Q=3bit_L=lora_2_qkv-fc1-proj-fc2/cifar/20260114184203_default_acc=53.50/tensorboard/Grad_mlp.fc2.lora_B_block_0/events.out.tfevents.1768387349.master-192-168-8-48.1680.8,mlp.fc2.lora_B,0
1768388046.7910566,1164,36.40625,0.3464609384536743,Grad/mlp.fc2.lora_B,outputs_dev/vitb16/T=vtab_Q=3bit_L=lora_2_qkv-fc1-proj-fc2/cifar/20260114184203_default_acc=53.50/tensorboard/Grad_mlp.fc2.lora_B_block_0/events.out.tfevents.1768387349.master-192-168-8-48.1680.8,mlp.fc2.lora_B,0
1768388047.2097604,1165,36.4375,0.2918280065059662,Grad/mlp.fc2.lora_B,outputs_dev/vitb16/T=vtab_Q=3bit_L=lora_2_qkv-fc1-proj-fc2/cifar/20260114184203_default_acc=53.50/tensorboard/Grad_mlp.fc2.lora_B_block_0/events.out.tfevents.1768387349.master-192-168-8-48.1680.8,mlp.fc2.lora_B,0
1768388047.6302745,1166,36.46875,0.6766113042831421,Grad/mlp.fc2.lora_B,outputs_dev/vitb16/T=vtab_Q=3bit_L=lora_2_qkv-fc1-proj-fc2/cifar/20260114184203_default_acc=53.50/tensorboard/Grad_mlp.fc2.lora_B_block_0/events.out.tfevents.1768387349.master-192-168-8-48.1680.8,mlp.fc2.lora_B,0
1768388048.0507135,1167,36.5,0.27370983362197876,Grad/mlp.fc2.lora_B,outputs_dev/vitb16/T=vtab_Q=3bit_L=lora_2_qkv-fc1-proj-fc2/cifar/20260114184203_default_acc=53.50/tensorboard/Grad_mlp.fc2.lora_B_block_0/events.out.tfevents.1768387349.master-192-168-8-48.1680.8,mlp.fc2.lora_B,0
1768388048.4716017,1168,36.53125,0.4551634192466736,Grad/mlp.fc2.lora_B,outputs_dev/vitb16/T=vtab_Q=3bit_L=lora_2_qkv-fc1-proj-fc2/cifar/20260114184203_default_acc=53.50/tensorboard/Grad_mlp.fc2.lora_B_block_0/events.out.tfevents.1768387349.master-192-168-8-48.1680.8,mlp.fc2.lora_B,0
1768388048.8886213,1169,36.5625,0.4895419180393219,Grad/mlp.fc2.lora_B,outputs_dev/vitb16/T=vtab_Q=3bit_L=lora_2_qkv-fc1-proj-fc2/cifar/20260114184203_default_acc=53.50/tensorboard/Grad_mlp.fc2.lora_B_block_0/events.out.tfevents.1768387349.master-192-168-8-48.1680.8,mlp.fc2.lora_B,0
1768388049.3108804,1170,36.59375,0.6177735924720764,Grad/mlp.fc2.lora_B,outputs_dev/vitb16/T=vtab_Q=3bit_L=lora_2_qkv-fc1-proj-fc2/cifar/20260114184203_default_acc=53.50/tensorboard/Grad_mlp.fc2.lora_B_block_0/events.out.tfevents.1768387349.master-192-168-8-48.1680.8,mlp.fc2.lora_B,0
1768388049.7441587,1171,36.625,0.38080817461013794,Grad/mlp.fc2.lora_B,outputs_dev/vitb16/T=vtab_Q=3bit_L=lora_2_qkv-fc1-proj-fc2/cifar/20260114184203_default_acc=53.50/tensorboard/Grad_mlp.fc2.lora_B_block_0/events.out.tfevents.1768387349.master-192-168-8-48.1680.8,mlp.fc2.lora_B,0
1768388050.1719544,1172,36.65625,0.34489428997039795,Grad/mlp.fc2.lora_B,outputs_dev/vitb16/T=vtab_Q=3bit_L=lora_2_qkv-fc1-proj-fc2/cifar/20260114184203_default_acc=53.50/tensorboard/Grad_mlp.fc2.lora_B_block_0/events.out.tfevents.1768387349.master-192-168-8-48.1680.8,mlp.fc2.lora_B,0
1768388050.5898306,1173,36.6875,0.3190421462059021,Grad/mlp.fc2.lora_B,outputs_dev/vitb16/T=vtab_Q=3bit_L=lora_2_qkv-fc1-proj-fc2/cifar/20260114184203_default_acc=53.50/tensorboard/Grad_mlp.fc2.lora_B_block_0/events.out.tfevents.1768387349.master-192-168-8-48.1680.8,mlp.fc2.lora_B,0
1768388051.0248966,1174,36.71875,0.47760123014450073,Grad/mlp.fc2.lora_B,outputs_dev/vitb16/T=vtab_Q=3bit_L=lora_2_qkv-fc1-proj-fc2/cifar/20260114184203_default_acc=53.50/tensorboard/Grad_mlp.fc2.lora_B_block_0/events.out.tfevents.1768387349.master-192-168-8-48.1680.8,mlp.fc2.lora_B,0
1768388051.4440606,1175,36.75,0.42365989089012146,Grad/mlp.fc2.lora_B,outputs_dev/vitb16/T=vtab_Q=3bit_L=lora_2_qkv-fc1-proj-fc2/cifar/20260114184203_default_acc=53.50/tensorboard/Grad_mlp.fc2.lora_B_block_0/events.out.tfevents.1768387349.master-192-168-8-48.1680.8,mlp.fc2.lora_B,0
1768388051.8783147,1176,36.78125,0.7080336213111877,Grad/mlp.fc2.lora_B,outputs_dev/vitb16/T=vtab_Q=3bit_L=lora_2_qkv-fc1-proj-fc2/cifar/20260114184203_default_acc=53.50/tensorboard/Grad_mlp.fc2.lora_B_block_0/events.out.tfevents.1768387349.master-192-168-8-48.1680.8,mlp.fc2.lora_B,0
1768388052.2989483,1177,36.8125,0.26938438415527344,Grad/mlp.fc2.lora_B,outputs_dev/vitb16/T=vtab_Q=3bit_L=lora_2_qkv-fc1-proj-fc2/cifar/20260114184203_default_acc=53.50/tensorboard/Grad_mlp.fc2.lora_B_block_0/events.out.tfevents.1768387349.master-192-168-8-48.1680.8,mlp.fc2.lora_B,0
1768388052.7377841,1178,36.84375,0.41900834441185,Grad/mlp.fc2.lora_B,outputs_dev/vitb16/T=vtab_Q=3bit_L=lora_2_qkv-fc1-proj-fc2/cifar/20260114184203_default_acc=53.50/tensorboard/Grad_mlp.fc2.lora_B_block_0/events.out.tfevents.1768387349.master-192-168-8-48.1680.8,mlp.fc2.lora_B,0
1768388053.1579156,1179,36.875,0.4412231743335724,Grad/mlp.fc2.lora_B,outputs_dev/vitb16/T=vtab_Q=3bit_L=lora_2_qkv-fc1-proj-fc2/cifar/20260114184203_default_acc=53.50/tensorboard/Grad_mlp.fc2.lora_B_block_0/events.out.tfevents.1768387349.master-192-168-8-48.1680.8,mlp.fc2.lora_B,0
1768388053.5781438,1180,36.90625,0.6875451803207397,Grad/mlp.fc2.lora_B,outputs_dev/vitb16/T=vtab_Q=3bit_L=lora_2_qkv-fc1-proj-fc2/cifar/20260114184203_default_acc=53.50/tensorboard/Grad_mlp.fc2.lora_B_block_0/events.out.tfevents.1768387349.master-192-168-8-48.1680.8,mlp.fc2.lora_B,0
1768388053.98527,1181,36.9375,0.37631428241729736,Grad/mlp.fc2.lora_B,outputs_dev/vitb16/T=vtab_Q=3bit_L=lora_2_qkv-fc1-proj-fc2/cifar/20260114184203_default_acc=53.50/tensorboard/Grad_mlp.fc2.lora_B_block_0/events.out.tfevents.1768387349.master-192-168-8-48.1680.8,mlp.fc2.lora_B,0
1768388054.4161692,1182,36.96875,0.3291514217853546,Grad/mlp.fc2.lora_B,outputs_dev/vitb16/T=vtab_Q=3bit_L=lora_2_qkv-fc1-proj-fc2/cifar/20260114184203_default_acc=53.50/tensorboard/Grad_mlp.fc2.lora_B_block_0/events.out.tfevents.1768387349.master-192-168-8-48.1680.8,mlp.fc2.lora_B,0
1768388054.6379142,1183,37.0,0.2953524589538574,Grad/mlp.fc2.lora_B,outputs_dev/vitb16/T=vtab_Q=3bit_L=lora_2_qkv-fc1-proj-fc2/cifar/20260114184203_default_acc=53.50/tensorboard/Grad_mlp.fc2.lora_B_block_0/events.out.tfevents.1768387349.master-192-168-8-48.1680.8,mlp.fc2.lora_B,0
1768388055.2937403,1184,37.03125,0.3717880845069885,Grad/mlp.fc2.lora_B,outputs_dev/vitb16/T=vtab_Q=3bit_L=lora_2_qkv-fc1-proj-fc2/cifar/20260114184203_default_acc=53.50/tensorboard/Grad_mlp.fc2.lora_B_block_0/events.out.tfevents.1768387349.master-192-168-8-48.1680.8,mlp.fc2.lora_B,0
1768388055.7298725,1185,37.0625,0.19500014185905457,Grad/mlp.fc2.lora_B,outputs_dev/vitb16/T=vtab_Q=3bit_L=lora_2_qkv-fc1-proj-fc2/cifar/20260114184203_default_acc=53.50/tensorboard/Grad_mlp.fc2.lora_B_block_0/events.out.tfevents.1768387349.master-192-168-8-48.1680.8,mlp.fc2.lora_B,0
1768388056.1648617,1186,37.09375,0.4194019138813019,Grad/mlp.fc2.lora_B,outputs_dev/vitb16/T=vtab_Q=3bit_L=lora_2_qkv-fc1-proj-fc2/cifar/20260114184203_default_acc=53.50/tensorboard/Grad_mlp.fc2.lora_B_block_0/events.out.tfevents.1768387349.master-192-168-8-48.1680.8,mlp.fc2.lora_B,0
1768388056.6258333,1187,37.125,0.4137558937072754,Grad/mlp.fc2.lora_B,outputs_dev/vitb16/T=vtab_Q=3bit_L=lora_2_qkv-fc1-proj-fc2/cifar/20260114184203_default_acc=53.50/tensorboard/Grad_mlp.fc2.lora_B_block_0/events.out.tfevents.1768387349.master-192-168-8-48.1680.8,mlp.fc2.lora_B,0
1768388057.0551803,1188,37.15625,0.3770391047000885,Grad/mlp.fc2.lora_B,outputs_dev/vitb16/T=vtab_Q=3bit_L=lora_2_qkv-fc1-proj-fc2/cifar/20260114184203_default_acc=53.50/tensorboard/Grad_mlp.fc2.lora_B_block_0/events.out.tfevents.1768387349.master-192-168-8-48.1680.8,mlp.fc2.lora_B,0
1768388057.4804711,1189,37.1875,0.3059821128845215,Grad/mlp.fc2.lora_B,outputs_dev/vitb16/T=vtab_Q=3bit_L=lora_2_qkv-fc1-proj-fc2/cifar/20260114184203_default_acc=53.50/tensorboard/Grad_mlp.fc2.lora_B_block_0/events.out.tfevents.1768387349.master-192-168-8-48.1680.8,mlp.fc2.lora_B,0
1768388057.9039621,1190,37.21875,0.24812182784080505,Grad/mlp.fc2.lora_B,outputs_dev/vitb16/T=vtab_Q=3bit_L=lora_2_qkv-fc1-proj-fc2/cifar/20260114184203_default_acc=53.50/tensorboard/Grad_mlp.fc2.lora_B_block_0/events.out.tfevents.1768387349.master-192-168-8-48.1680.8,mlp.fc2.lora_B,0
1768388058.3256536,1191,37.25,0.15960779786109924,Grad/mlp.fc2.lora_B,outputs_dev/vitb16/T=vtab_Q=3bit_L=lora_2_qkv-fc1-proj-fc2/cifar/20260114184203_default_acc=53.50/tensorboard/Grad_mlp.fc2.lora_B_block_0/events.out.tfevents.1768387349.master-192-168-8-48.1680.8,mlp.fc2.lora_B,0
1768388058.7480025,1192,37.28125,0.45843127369880676,Grad/mlp.fc2.lora_B,outputs_dev/vitb16/T=vtab_Q=3bit_L=lora_2_qkv-fc1-proj-fc2/cifar/20260114184203_default_acc=53.50/tensorboard/Grad_mlp.fc2.lora_B_block_0/events.out.tfevents.1768387349.master-192-168-8-48.1680.8,mlp.fc2.lora_B,0
1768388059.1868458,1193,37.3125,0.23625344038009644,Grad/mlp.fc2.lora_B,outputs_dev/vitb16/T=vtab_Q=3bit_L=lora_2_qkv-fc1-proj-fc2/cifar/20260114184203_default_acc=53.50/tensorboard/Grad_mlp.fc2.lora_B_block_0/events.out.tfevents.1768387349.master-192-168-8-48.1680.8,mlp.fc2.lora_B,0
1768388059.6070821,1194,37.34375,0.198765367269516,Grad/mlp.fc2.lora_B,outputs_dev/vitb16/T=vtab_Q=3bit_L=lora_2_qkv-fc1-proj-fc2/cifar/20260114184203_default_acc=53.50/tensorboard/Grad_mlp.fc2.lora_B_block_0/events.out.tfevents.1768387349.master-192-168-8-48.1680.8,mlp.fc2.lora_B,0
1768388060.0295572,1195,37.375,0.36821967363357544,Grad/mlp.fc2.lora_B,outputs_dev/vitb16/T=vtab_Q=3bit_L=lora_2_qkv-fc1-proj-fc2/cifar/20260114184203_default_acc=53.50/tensorboard/Grad_mlp.fc2.lora_B_block_0/events.out.tfevents.1768387349.master-192-168-8-48.1680.8,mlp.fc2.lora_B,0
1768388060.4510958,1196,37.40625,0.490467369556427,Grad/mlp.fc2.lora_B,outputs_dev/vitb16/T=vtab_Q=3bit_L=lora_2_qkv-fc1-proj-fc2/cifar/20260114184203_default_acc=53.50/tensorboard/Grad_mlp.fc2.lora_B_block_0/events.out.tfevents.1768387349.master-192-168-8-48.1680.8,mlp.fc2.lora_B,0
1768388060.87413,1197,37.4375,0.5112500190734863,Grad/mlp.fc2.lora_B,outputs_dev/vitb16/T=vtab_Q=3bit_L=lora_2_qkv-fc1-proj-fc2/cifar/20260114184203_default_acc=53.50/tensorboard/Grad_mlp.fc2.lora_B_block_0/events.out.tfevents.1768387349.master-192-168-8-48.1680.8,mlp.fc2.lora_B,0
1768388061.297599,1198,37.46875,0.19679699838161469,Grad/mlp.fc2.lora_B,outputs_dev/vitb16/T=vtab_Q=3bit_L=lora_2_qkv-fc1-proj-fc2/cifar/20260114184203_default_acc=53.50/tensorboard/Grad_mlp.fc2.lora_B_block_0/events.out.tfevents.1768387349.master-192-168-8-48.1680.8,mlp.fc2.lora_B,0
1768388061.7179914,1199,37.5,0.1501377820968628,Grad/mlp.fc2.lora_B,outputs_dev/vitb16/T=vtab_Q=3bit_L=lora_2_qkv-fc1-proj-fc2/cifar/20260114184203_default_acc=53.50/tensorboard/Grad_mlp.fc2.lora_B_block_0/events.out.tfevents.1768387349.master-192-168-8-48.1680.8,mlp.fc2.lora_B,0
1768388062.14155,1200,37.53125,0.29585209488868713,Grad/mlp.fc2.lora_B,outputs_dev/vitb16/T=vtab_Q=3bit_L=lora_2_qkv-fc1-proj-fc2/cifar/20260114184203_default_acc=53.50/tensorboard/Grad_mlp.fc2.lora_B_block_0/events.out.tfevents.1768387349.master-192-168-8-48.1680.8,mlp.fc2.lora_B,0
1768388062.5686433,1201,37.5625,0.7805033326148987,Grad/mlp.fc2.lora_B,outputs_dev/vitb16/T=vtab_Q=3bit_L=lora_2_qkv-fc1-proj-fc2/cifar/20260114184203_default_acc=53.50/tensorboard/Grad_mlp.fc2.lora_B_block_0/events.out.tfevents.1768387349.master-192-168-8-48.1680.8,mlp.fc2.lora_B,0
1768388062.9872768,1202,37.59375,0.48785164952278137,Grad/mlp.fc2.lora_B,outputs_dev/vitb16/T=vtab_Q=3bit_L=lora_2_qkv-fc1-proj-fc2/cifar/20260114184203_default_acc=53.50/tensorboard/Grad_mlp.fc2.lora_B_block_0/events.out.tfevents.1768387349.master-192-168-8-48.1680.8,mlp.fc2.lora_B,0
1768388063.4245596,1203,37.625,0.48034095764160156,Grad/mlp.fc2.lora_B,outputs_dev/vitb16/T=vtab_Q=3bit_L=lora_2_qkv-fc1-proj-fc2/cifar/20260114184203_default_acc=53.50/tensorboard/Grad_mlp.fc2.lora_B_block_0/events.out.tfevents.1768387349.master-192-168-8-48.1680.8,mlp.fc2.lora_B,0
1768388063.858107,1204,37.65625,0.35120004415512085,Grad/mlp.fc2.lora_B,outputs_dev/vitb16/T=vtab_Q=3bit_L=lora_2_qkv-fc1-proj-fc2/cifar/20260114184203_default_acc=53.50/tensorboard/Grad_mlp.fc2.lora_B_block_0/events.out.tfevents.1768387349.master-192-168-8-48.1680.8,mlp.fc2.lora_B,0
1768388064.2818408,1205,37.6875,0.42258787155151367,Grad/mlp.fc2.lora_B,outputs_dev/vitb16/T=vtab_Q=3bit_L=lora_2_qkv-fc1-proj-fc2/cifar/20260114184203_default_acc=53.50/tensorboard/Grad_mlp.fc2.lora_B_block_0/events.out.tfevents.1768387349.master-192-168-8-48.1680.8,mlp.fc2.lora_B,0
1768388064.7013748,1206,37.71875,0.3488345146179199,Grad/mlp.fc2.lora_B,outputs_dev/vitb16/T=vtab_Q=3bit_L=lora_2_qkv-fc1-proj-fc2/cifar/20260114184203_default_acc=53.50/tensorboard/Grad_mlp.fc2.lora_B_block_0/events.out.tfevents.1768387349.master-192-168-8-48.1680.8,mlp.fc2.lora_B,0
1768388065.1369739,1207,37.75,0.33019810914993286,Grad/mlp.fc2.lora_B,outputs_dev/vitb16/T=vtab_Q=3bit_L=lora_2_qkv-fc1-proj-fc2/cifar/20260114184203_default_acc=53.50/tensorboard/Grad_mlp.fc2.lora_B_block_0/events.out.tfevents.1768387349.master-192-168-8-48.1680.8,mlp.fc2.lora_B,0
1768388065.5593777,1208,37.78125,0.45307642221450806,Grad/mlp.fc2.lora_B,outputs_dev/vitb16/T=vtab_Q=3bit_L=lora_2_qkv-fc1-proj-fc2/cifar/20260114184203_default_acc=53.50/tensorboard/Grad_mlp.fc2.lora_B_block_0/events.out.tfevents.1768387349.master-192-168-8-48.1680.8,mlp.fc2.lora_B,0
1768388065.9923549,1209,37.8125,0.337775856256485,Grad/mlp.fc2.lora_B,outputs_dev/vitb16/T=vtab_Q=3bit_L=lora_2_qkv-fc1-proj-fc2/cifar/20260114184203_default_acc=53.50/tensorboard/Grad_mlp.fc2.lora_B_block_0/events.out.tfevents.1768387349.master-192-168-8-48.1680.8,mlp.fc2.lora_B,0
1768388066.4037626,1210,37.84375,0.20669706165790558,Grad/mlp.fc2.lora_B,outputs_dev/vitb16/T=vtab_Q=3bit_L=lora_2_qkv-fc1-proj-fc2/cifar/20260114184203_default_acc=53.50/tensorboard/Grad_mlp.fc2.lora_B_block_0/events.out.tfevents.1768387349.master-192-168-8-48.1680.8,mlp.fc2.lora_B,0
1768388066.8260813,1211,37.875,0.5063892602920532,Grad/mlp.fc2.lora_B,outputs_dev/vitb16/T=vtab_Q=3bit_L=lora_2_qkv-fc1-proj-fc2/cifar/20260114184203_default_acc=53.50/tensorboard/Grad_mlp.fc2.lora_B_block_0/events.out.tfevents.1768387349.master-192-168-8-48.1680.8,mlp.fc2.lora_B,0
1768388067.2500756,1212,37.90625,0.5636926293373108,Grad/mlp.fc2.lora_B,outputs_dev/vitb16/T=vtab_Q=3bit_L=lora_2_qkv-fc1-proj-fc2/cifar/20260114184203_default_acc=53.50/tensorboard/Grad_mlp.fc2.lora_B_block_0/events.out.tfevents.1768387349.master-192-168-8-48.1680.8,mlp.fc2.lora_B,0
1768388067.6780815,1213,37.9375,0.2807295620441437,Grad/mlp.fc2.lora_B,outputs_dev/vitb16/T=vtab_Q=3bit_L=lora_2_qkv-fc1-proj-fc2/cifar/20260114184203_default_acc=53.50/tensorboard/Grad_mlp.fc2.lora_B_block_0/events.out.tfevents.1768387349.master-192-168-8-48.1680.8,mlp.fc2.lora_B,0
1768388068.099161,1214,37.96875,0.628247857093811,Grad/mlp.fc2.lora_B,outputs_dev/vitb16/T=vtab_Q=3bit_L=lora_2_qkv-fc1-proj-fc2/cifar/20260114184203_default_acc=53.50/tensorboard/Grad_mlp.fc2.lora_B_block_0/events.out.tfevents.1768387349.master-192-168-8-48.1680.8,mlp.fc2.lora_B,0
1768388068.2891269,1215,38.0,0.9145618081092834,Grad/mlp.fc2.lora_B,outputs_dev/vitb16/T=vtab_Q=3bit_L=lora_2_qkv-fc1-proj-fc2/cifar/20260114184203_default_acc=53.50/tensorboard/Grad_mlp.fc2.lora_B_block_0/events.out.tfevents.1768387349.master-192-168-8-48.1680.8,mlp.fc2.lora_B,0
1768388068.9760575,1216,38.03125,0.4605914354324341,Grad/mlp.fc2.lora_B,outputs_dev/vitb16/T=vtab_Q=3bit_L=lora_2_qkv-fc1-proj-fc2/cifar/20260114184203_default_acc=53.50/tensorboard/Grad_mlp.fc2.lora_B_block_0/events.out.tfevents.1768387349.master-192-168-8-48.1680.8,mlp.fc2.lora_B,0
1768388069.4139042,1217,38.0625,0.29702693223953247,Grad/mlp.fc2.lora_B,outputs_dev/vitb16/T=vtab_Q=3bit_L=lora_2_qkv-fc1-proj-fc2/cifar/20260114184203_default_acc=53.50/tensorboard/Grad_mlp.fc2.lora_B_block_0/events.out.tfevents.1768387349.master-192-168-8-48.1680.8,mlp.fc2.lora_B,0
1768388069.836793,1218,38.09375,0.4789028465747833,Grad/mlp.fc2.lora_B,outputs_dev/vitb16/T=vtab_Q=3bit_L=lora_2_qkv-fc1-proj-fc2/cifar/20260114184203_default_acc=53.50/tensorboard/Grad_mlp.fc2.lora_B_block_0/events.out.tfevents.1768387349.master-192-168-8-48.1680.8,mlp.fc2.lora_B,0
1768388070.2585092,1219,38.125,0.6600452065467834,Grad/mlp.fc2.lora_B,outputs_dev/vitb16/T=vtab_Q=3bit_L=lora_2_qkv-fc1-proj-fc2/cifar/20260114184203_default_acc=53.50/tensorboard/Grad_mlp.fc2.lora_B_block_0/events.out.tfevents.1768387349.master-192-168-8-48.1680.8,mlp.fc2.lora_B,0
1768388070.6833553,1220,38.15625,0.4276478588581085,Grad/mlp.fc2.lora_B,outputs_dev/vitb16/T=vtab_Q=3bit_L=lora_2_qkv-fc1-proj-fc2/cifar/20260114184203_default_acc=53.50/tensorboard/Grad_mlp.fc2.lora_B_block_0/events.out.tfevents.1768387349.master-192-168-8-48.1680.8,mlp.fc2.lora_B,0
1768388071.119407,1221,38.1875,0.6281552314758301,Grad/mlp.fc2.lora_B,outputs_dev/vitb16/T=vtab_Q=3bit_L=lora_2_qkv-fc1-proj-fc2/cifar/20260114184203_default_acc=53.50/tensorboard/Grad_mlp.fc2.lora_B_block_0/events.out.tfevents.1768387349.master-192-168-8-48.1680.8,mlp.fc2.lora_B,0
1768388071.5425937,1222,38.21875,0.3055674135684967,Grad/mlp.fc2.lora_B,outputs_dev/vitb16/T=vtab_Q=3bit_L=lora_2_qkv-fc1-proj-fc2/cifar/20260114184203_default_acc=53.50/tensorboard/Grad_mlp.fc2.lora_B_block_0/events.out.tfevents.1768387349.master-192-168-8-48.1680.8,mlp.fc2.lora_B,0
1768388071.979875,1223,38.25,1.060484766960144,Grad/mlp.fc2.lora_B,outputs_dev/vitb16/T=vtab_Q=3bit_L=lora_2_qkv-fc1-proj-fc2/cifar/20260114184203_default_acc=53.50/tensorboard/Grad_mlp.fc2.lora_B_block_0/events.out.tfevents.1768387349.master-192-168-8-48.1680.8,mlp.fc2.lora_B,0
1768388072.3900478,1224,38.28125,0.26605498790740967,Grad/mlp.fc2.lora_B,outputs_dev/vitb16/T=vtab_Q=3bit_L=lora_2_qkv-fc1-proj-fc2/cifar/20260114184203_default_acc=53.50/tensorboard/Grad_mlp.fc2.lora_B_block_0/events.out.tfevents.1768387349.master-192-168-8-48.1680.8,mlp.fc2.lora_B,0
1768388072.8143888,1225,38.3125,0.2192351222038269,Grad/mlp.fc2.lora_B,outputs_dev/vitb16/T=vtab_Q=3bit_L=lora_2_qkv-fc1-proj-fc2/cifar/20260114184203_default_acc=53.50/tensorboard/Grad_mlp.fc2.lora_B_block_0/events.out.tfevents.1768387349.master-192-168-8-48.1680.8,mlp.fc2.lora_B,0
1768388073.2390485,1226,38.34375,0.46683260798454285,Grad/mlp.fc2.lora_B,outputs_dev/vitb16/T=vtab_Q=3bit_L=lora_2_qkv-fc1-proj-fc2/cifar/20260114184203_default_acc=53.50/tensorboard/Grad_mlp.fc2.lora_B_block_0/events.out.tfevents.1768387349.master-192-168-8-48.1680.8,mlp.fc2.lora_B,0
1768388073.6639142,1227,38.375,0.253324031829834,Grad/mlp.fc2.lora_B,outputs_dev/vitb16/T=vtab_Q=3bit_L=lora_2_qkv-fc1-proj-fc2/cifar/20260114184203_default_acc=53.50/tensorboard/Grad_mlp.fc2.lora_B_block_0/events.out.tfevents.1768387349.master-192-168-8-48.1680.8,mlp.fc2.lora_B,0
1768388074.0879967,1228,38.40625,0.4168732762336731,Grad/mlp.fc2.lora_B,outputs_dev/vitb16/T=vtab_Q=3bit_L=lora_2_qkv-fc1-proj-fc2/cifar/20260114184203_default_acc=53.50/tensorboard/Grad_mlp.fc2.lora_B_block_0/events.out.tfevents.1768387349.master-192-168-8-48.1680.8,mlp.fc2.lora_B,0
1768388074.5108216,1229,38.4375,0.25002992153167725,Grad/mlp.fc2.lora_B,outputs_dev/vitb16/T=vtab_Q=3bit_L=lora_2_qkv-fc1-proj-fc2/cifar/20260114184203_default_acc=53.50/tensorboard/Grad_mlp.fc2.lora_B_block_0/events.out.tfevents.1768387349.master-192-168-8-48.1680.8,mlp.fc2.lora_B,0
1768388074.9338763,1230,38.46875,0.6365427374839783,Grad/mlp.fc2.lora_B,outputs_dev/vitb16/T=vtab_Q=3bit_L=lora_2_qkv-fc1-proj-fc2/cifar/20260114184203_default_acc=53.50/tensorboard/Grad_mlp.fc2.lora_B_block_0/events.out.tfevents.1768387349.master-192-168-8-48.1680.8,mlp.fc2.lora_B,0
1768388075.3543653,1231,38.5,0.4968610405921936,Grad/mlp.fc2.lora_B,outputs_dev/vitb16/T=vtab_Q=3bit_L=lora_2_qkv-fc1-proj-fc2/cifar/20260114184203_default_acc=53.50/tensorboard/Grad_mlp.fc2.lora_B_block_0/events.out.tfevents.1768387349.master-192-168-8-48.1680.8,mlp.fc2.lora_B,0
1768388075.7786314,1232,38.53125,0.30554527044296265,Grad/mlp.fc2.lora_B,outputs_dev/vitb16/T=vtab_Q=3bit_L=lora_2_qkv-fc1-proj-fc2/cifar/20260114184203_default_acc=53.50/tensorboard/Grad_mlp.fc2.lora_B_block_0/events.out.tfevents.1768387349.master-192-168-8-48.1680.8,mlp.fc2.lora_B,0
1768388076.2163181,1233,38.5625,0.4258645474910736,Grad/mlp.fc2.lora_B,outputs_dev/vitb16/T=vtab_Q=3bit_L=lora_2_qkv-fc1-proj-fc2/cifar/20260114184203_default_acc=53.50/tensorboard/Grad_mlp.fc2.lora_B_block_0/events.out.tfevents.1768387349.master-192-168-8-48.1680.8,mlp.fc2.lora_B,0
1768388076.651281,1234,38.59375,0.17594386637210846,Grad/mlp.fc2.lora_B,outputs_dev/vitb16/T=vtab_Q=3bit_L=lora_2_qkv-fc1-proj-fc2/cifar/20260114184203_default_acc=53.50/tensorboard/Grad_mlp.fc2.lora_B_block_0/events.out.tfevents.1768387349.master-192-168-8-48.1680.8,mlp.fc2.lora_B,0
1768388077.0855176,1235,38.625,0.433360755443573,Grad/mlp.fc2.lora_B,outputs_dev/vitb16/T=vtab_Q=3bit_L=lora_2_qkv-fc1-proj-fc2/cifar/20260114184203_default_acc=53.50/tensorboard/Grad_mlp.fc2.lora_B_block_0/events.out.tfevents.1768387349.master-192-168-8-48.1680.8,mlp.fc2.lora_B,0
1768388077.5078864,1236,38.65625,0.3720780313014984,Grad/mlp.fc2.lora_B,outputs_dev/vitb16/T=vtab_Q=3bit_L=lora_2_qkv-fc1-proj-fc2/cifar/20260114184203_default_acc=53.50/tensorboard/Grad_mlp.fc2.lora_B_block_0/events.out.tfevents.1768387349.master-192-168-8-48.1680.8,mlp.fc2.lora_B,0
1768388077.9310338,1237,38.6875,0.934119462966919,Grad/mlp.fc2.lora_B,outputs_dev/vitb16/T=vtab_Q=3bit_L=lora_2_qkv-fc1-proj-fc2/cifar/20260114184203_default_acc=53.50/tensorboard/Grad_mlp.fc2.lora_B_block_0/events.out.tfevents.1768387349.master-192-168-8-48.1680.8,mlp.fc2.lora_B,0
1768388078.3535252,1238,38.71875,0.33420330286026,Grad/mlp.fc2.lora_B,outputs_dev/vitb16/T=vtab_Q=3bit_L=lora_2_qkv-fc1-proj-fc2/cifar/20260114184203_default_acc=53.50/tensorboard/Grad_mlp.fc2.lora_B_block_0/events.out.tfevents.1768387349.master-192-168-8-48.1680.8,mlp.fc2.lora_B,0
1768388078.778579,1239,38.75,0.35825181007385254,Grad/mlp.fc2.lora_B,outputs_dev/vitb16/T=vtab_Q=3bit_L=lora_2_qkv-fc1-proj-fc2/cifar/20260114184203_default_acc=53.50/tensorboard/Grad_mlp.fc2.lora_B_block_0/events.out.tfevents.1768387349.master-192-168-8-48.1680.8,mlp.fc2.lora_B,0
1768388079.2018695,1240,38.78125,0.23978492617607117,Grad/mlp.fc2.lora_B,outputs_dev/vitb16/T=vtab_Q=3bit_L=lora_2_qkv-fc1-proj-fc2/cifar/20260114184203_default_acc=53.50/tensorboard/Grad_mlp.fc2.lora_B_block_0/events.out.tfevents.1768387349.master-192-168-8-48.1680.8,mlp.fc2.lora_B,0
1768388079.6229448,1241,38.8125,0.7671571969985962,Grad/mlp.fc2.lora_B,outputs_dev/vitb16/T=vtab_Q=3bit_L=lora_2_qkv-fc1-proj-fc2/cifar/20260114184203_default_acc=53.50/tensorboard/Grad_mlp.fc2.lora_B_block_0/events.out.tfevents.1768387349.master-192-168-8-48.1680.8,mlp.fc2.lora_B,0
1768388080.05495,1242,38.84375,0.3643118441104889,Grad/mlp.fc2.lora_B,outputs_dev/vitb16/T=vtab_Q=3bit_L=lora_2_qkv-fc1-proj-fc2/cifar/20260114184203_default_acc=53.50/tensorboard/Grad_mlp.fc2.lora_B_block_0/events.out.tfevents.1768387349.master-192-168-8-48.1680.8,mlp.fc2.lora_B,0
1768388080.4889698,1243,38.875,0.38520199060440063,Grad/mlp.fc2.lora_B,outputs_dev/vitb16/T=vtab_Q=3bit_L=lora_2_qkv-fc1-proj-fc2/cifar/20260114184203_default_acc=53.50/tensorboard/Grad_mlp.fc2.lora_B_block_0/events.out.tfevents.1768387349.master-192-168-8-48.1680.8,mlp.fc2.lora_B,0
1768388080.9270506,1244,38.90625,0.6726741194725037,Grad/mlp.fc2.lora_B,outputs_dev/vitb16/T=vtab_Q=3bit_L=lora_2_qkv-fc1-proj-fc2/cifar/20260114184203_default_acc=53.50/tensorboard/Grad_mlp.fc2.lora_B_block_0/events.out.tfevents.1768387349.master-192-168-8-48.1680.8,mlp.fc2.lora_B,0
1768388081.3510396,1245,38.9375,0.5866672992706299,Grad/mlp.fc2.lora_B,outputs_dev/vitb16/T=vtab_Q=3bit_L=lora_2_qkv-fc1-proj-fc2/cifar/20260114184203_default_acc=53.50/tensorboard/Grad_mlp.fc2.lora_B_block_0/events.out.tfevents.1768387349.master-192-168-8-48.1680.8,mlp.fc2.lora_B,0
1768388081.773287,1246,38.96875,1.0605744123458862,Grad/mlp.fc2.lora_B,outputs_dev/vitb16/T=vtab_Q=3bit_L=lora_2_qkv-fc1-proj-fc2/cifar/20260114184203_default_acc=53.50/tensorboard/Grad_mlp.fc2.lora_B_block_0/events.out.tfevents.1768387349.master-192-168-8-48.1680.8,mlp.fc2.lora_B,0
1768388081.9806879,1247,39.0,0.9447628259658813,Grad/mlp.fc2.lora_B,outputs_dev/vitb16/T=vtab_Q=3bit_L=lora_2_qkv-fc1-proj-fc2/cifar/20260114184203_default_acc=53.50/tensorboard/Grad_mlp.fc2.lora_B_block_0/events.out.tfevents.1768387349.master-192-168-8-48.1680.8,mlp.fc2.lora_B,0
1768388082.6981542,1248,39.03125,0.5389237403869629,Grad/mlp.fc2.lora_B,outputs_dev/vitb16/T=vtab_Q=3bit_L=lora_2_qkv-fc1-proj-fc2/cifar/20260114184203_default_acc=53.50/tensorboard/Grad_mlp.fc2.lora_B_block_0/events.out.tfevents.1768387349.master-192-168-8-48.1680.8,mlp.fc2.lora_B,0
1768388083.1267548,1249,39.0625,0.43008866906166077,Grad/mlp.fc2.lora_B,outputs_dev/vitb16/T=vtab_Q=3bit_L=lora_2_qkv-fc1-proj-fc2/cifar/20260114184203_default_acc=53.50/tensorboard/Grad_mlp.fc2.lora_B_block_0/events.out.tfevents.1768387349.master-192-168-8-48.1680.8,mlp.fc2.lora_B,0
1768388083.5485697,1250,39.09375,0.4653574824333191,Grad/mlp.fc2.lora_B,outputs_dev/vitb16/T=vtab_Q=3bit_L=lora_2_qkv-fc1-proj-fc2/cifar/20260114184203_default_acc=53.50/tensorboard/Grad_mlp.fc2.lora_B_block_0/events.out.tfevents.1768387349.master-192-168-8-48.1680.8,mlp.fc2.lora_B,0
1768388083.9599106,1251,39.125,0.4360363483428955,Grad/mlp.fc2.lora_B,outputs_dev/vitb16/T=vtab_Q=3bit_L=lora_2_qkv-fc1-proj-fc2/cifar/20260114184203_default_acc=53.50/tensorboard/Grad_mlp.fc2.lora_B_block_0/events.out.tfevents.1768387349.master-192-168-8-48.1680.8,mlp.fc2.lora_B,0
1768388084.3720865,1252,39.15625,0.3782021701335907,Grad/mlp.fc2.lora_B,outputs_dev/vitb16/T=vtab_Q=3bit_L=lora_2_qkv-fc1-proj-fc2/cifar/20260114184203_default_acc=53.50/tensorboard/Grad_mlp.fc2.lora_B_block_0/events.out.tfevents.1768387349.master-192-168-8-48.1680.8,mlp.fc2.lora_B,0
1768388084.7941349,1253,39.1875,0.33119839429855347,Grad/mlp.fc2.lora_B,outputs_dev/vitb16/T=vtab_Q=3bit_L=lora_2_qkv-fc1-proj-fc2/cifar/20260114184203_default_acc=53.50/tensorboard/Grad_mlp.fc2.lora_B_block_0/events.out.tfevents.1768387349.master-192-168-8-48.1680.8,mlp.fc2.lora_B,0
1768388085.2182064,1254,39.21875,0.247175931930542,Grad/mlp.fc2.lora_B,outputs_dev/vitb16/T=vtab_Q=3bit_L=lora_2_qkv-fc1-proj-fc2/cifar/20260114184203_default_acc=53.50/tensorboard/Grad_mlp.fc2.lora_B_block_0/events.out.tfevents.1768387349.master-192-168-8-48.1680.8,mlp.fc2.lora_B,0
1768388085.658469,1255,39.25,0.596656858921051,Grad/mlp.fc2.lora_B,outputs_dev/vitb16/T=vtab_Q=3bit_L=lora_2_qkv-fc1-proj-fc2/cifar/20260114184203_default_acc=53.50/tensorboard/Grad_mlp.fc2.lora_B_block_0/events.out.tfevents.1768387349.master-192-168-8-48.1680.8,mlp.fc2.lora_B,0
1768388086.0863664,1256,39.28125,0.521626353263855,Grad/mlp.fc2.lora_B,outputs_dev/vitb16/T=vtab_Q=3bit_L=lora_2_qkv-fc1-proj-fc2/cifar/20260114184203_default_acc=53.50/tensorboard/Grad_mlp.fc2.lora_B_block_0/events.out.tfevents.1768387349.master-192-168-8-48.1680.8,mlp.fc2.lora_B,0
1768388086.513189,1257,39.3125,0.41748443245887756,Grad/mlp.fc2.lora_B,outputs_dev/vitb16/T=vtab_Q=3bit_L=lora_2_qkv-fc1-proj-fc2/cifar/20260114184203_default_acc=53.50/tensorboard/Grad_mlp.fc2.lora_B_block_0/events.out.tfevents.1768387349.master-192-168-8-48.1680.8,mlp.fc2.lora_B,0
1768388086.9418437,1258,39.34375,0.32387998700141907,Grad/mlp.fc2.lora_B,outputs_dev/vitb16/T=vtab_Q=3bit_L=lora_2_qkv-fc1-proj-fc2/cifar/20260114184203_default_acc=53.50/tensorboard/Grad_mlp.fc2.lora_B_block_0/events.out.tfevents.1768387349.master-192-168-8-48.1680.8,mlp.fc2.lora_B,0
1768388087.3869429,1259,39.375,0.8172087073326111,Grad/mlp.fc2.lora_B,outputs_dev/vitb16/T=vtab_Q=3bit_L=lora_2_qkv-fc1-proj-fc2/cifar/20260114184203_default_acc=53.50/tensorboard/Grad_mlp.fc2.lora_B_block_0/events.out.tfevents.1768387349.master-192-168-8-48.1680.8,mlp.fc2.lora_B,0
1768388087.825151,1260,39.40625,0.569248378276825,Grad/mlp.fc2.lora_B,outputs_dev/vitb16/T=vtab_Q=3bit_L=lora_2_qkv-fc1-proj-fc2/cifar/20260114184203_default_acc=53.50/tensorboard/Grad_mlp.fc2.lora_B_block_0/events.out.tfevents.1768387349.master-192-168-8-48.1680.8,mlp.fc2.lora_B,0
1768388088.2657018,1261,39.4375,0.3650090992450714,Grad/mlp.fc2.lora_B,outputs_dev/vitb16/T=vtab_Q=3bit_L=lora_2_qkv-fc1-proj-fc2/cifar/20260114184203_default_acc=53.50/tensorboard/Grad_mlp.fc2.lora_B_block_0/events.out.tfevents.1768387349.master-192-168-8-48.1680.8,mlp.fc2.lora_B,0
1768388088.7113001,1262,39.46875,0.33256012201309204,Grad/mlp.fc2.lora_B,outputs_dev/vitb16/T=vtab_Q=3bit_L=lora_2_qkv-fc1-proj-fc2/cifar/20260114184203_default_acc=53.50/tensorboard/Grad_mlp.fc2.lora_B_block_0/events.out.tfevents.1768387349.master-192-168-8-48.1680.8,mlp.fc2.lora_B,0
1768388089.1522834,1263,39.5,0.3046018183231354,Grad/mlp.fc2.lora_B,outputs_dev/vitb16/T=vtab_Q=3bit_L=lora_2_qkv-fc1-proj-fc2/cifar/20260114184203_default_acc=53.50/tensorboard/Grad_mlp.fc2.lora_B_block_0/events.out.tfevents.1768387349.master-192-168-8-48.1680.8,mlp.fc2.lora_B,0
1768388089.581353,1264,39.53125,0.4977569878101349,Grad/mlp.fc2.lora_B,outputs_dev/vitb16/T=vtab_Q=3bit_L=lora_2_qkv-fc1-proj-fc2/cifar/20260114184203_default_acc=53.50/tensorboard/Grad_mlp.fc2.lora_B_block_0/events.out.tfevents.1768387349.master-192-168-8-48.1680.8,mlp.fc2.lora_B,0
1768388090.0210683,1265,39.5625,0.535050630569458,Grad/mlp.fc2.lora_B,outputs_dev/vitb16/T=vtab_Q=3bit_L=lora_2_qkv-fc1-proj-fc2/cifar/20260114184203_default_acc=53.50/tensorboard/Grad_mlp.fc2.lora_B_block_0/events.out.tfevents.1768387349.master-192-168-8-48.1680.8,mlp.fc2.lora_B,0
1768388090.4606245,1266,39.59375,0.27703890204429626,Grad/mlp.fc2.lora_B,outputs_dev/vitb16/T=vtab_Q=3bit_L=lora_2_qkv-fc1-proj-fc2/cifar/20260114184203_default_acc=53.50/tensorboard/Grad_mlp.fc2.lora_B_block_0/events.out.tfevents.1768387349.master-192-168-8-48.1680.8,mlp.fc2.lora_B,0
1768388090.8911328,1267,39.625,0.48200997710227966,Grad/mlp.fc2.lora_B,outputs_dev/vitb16/T=vtab_Q=3bit_L=lora_2_qkv-fc1-proj-fc2/cifar/20260114184203_default_acc=53.50/tensorboard/Grad_mlp.fc2.lora_B_block_0/events.out.tfevents.1768387349.master-192-168-8-48.1680.8,mlp.fc2.lora_B,0
1768388091.3257282,1268,39.65625,0.4170929491519928,Grad/mlp.fc2.lora_B,outputs_dev/vitb16/T=vtab_Q=3bit_L=lora_2_qkv-fc1-proj-fc2/cifar/20260114184203_default_acc=53.50/tensorboard/Grad_mlp.fc2.lora_B_block_0/events.out.tfevents.1768387349.master-192-168-8-48.1680.8,mlp.fc2.lora_B,0
1768388091.756669,1269,39.6875,0.3506607711315155,Grad/mlp.fc2.lora_B,outputs_dev/vitb16/T=vtab_Q=3bit_L=lora_2_qkv-fc1-proj-fc2/cifar/20260114184203_default_acc=53.50/tensorboard/Grad_mlp.fc2.lora_B_block_0/events.out.tfevents.1768387349.master-192-168-8-48.1680.8,mlp.fc2.lora_B,0
1768388092.2018943,1270,39.71875,0.759749174118042,Grad/mlp.fc2.lora_B,outputs_dev/vitb16/T=vtab_Q=3bit_L=lora_2_qkv-fc1-proj-fc2/cifar/20260114184203_default_acc=53.50/tensorboard/Grad_mlp.fc2.lora_B_block_0/events.out.tfevents.1768387349.master-192-168-8-48.1680.8,mlp.fc2.lora_B,0
1768388092.6320224,1271,39.75,0.45519009232521057,Grad/mlp.fc2.lora_B,outputs_dev/vitb16/T=vtab_Q=3bit_L=lora_2_qkv-fc1-proj-fc2/cifar/20260114184203_default_acc=53.50/tensorboard/Grad_mlp.fc2.lora_B_block_0/events.out.tfevents.1768387349.master-192-168-8-48.1680.8,mlp.fc2.lora_B,0
1768388093.0449712,1272,39.78125,0.4055803418159485,Grad/mlp.fc2.lora_B,outputs_dev/vitb16/T=vtab_Q=3bit_L=lora_2_qkv-fc1-proj-fc2/cifar/20260114184203_default_acc=53.50/tensorboard/Grad_mlp.fc2.lora_B_block_0/events.out.tfevents.1768387349.master-192-168-8-48.1680.8,mlp.fc2.lora_B,0
1768388093.490872,1273,39.8125,0.24227280914783478,Grad/mlp.fc2.lora_B,outputs_dev/vitb16/T=vtab_Q=3bit_L=lora_2_qkv-fc1-proj-fc2/cifar/20260114184203_default_acc=53.50/tensorboard/Grad_mlp.fc2.lora_B_block_0/events.out.tfevents.1768387349.master-192-168-8-48.1680.8,mlp.fc2.lora_B,0
1768388093.9147732,1274,39.84375,0.4066436290740967,Grad/mlp.fc2.lora_B,outputs_dev/vitb16/T=vtab_Q=3bit_L=lora_2_qkv-fc1-proj-fc2/cifar/20260114184203_default_acc=53.50/tensorboard/Grad_mlp.fc2.lora_B_block_0/events.out.tfevents.1768387349.master-192-168-8-48.1680.8,mlp.fc2.lora_B,0
1768388094.3392935,1275,39.875,0.4966115653514862,Grad/mlp.fc2.lora_B,outputs_dev/vitb16/T=vtab_Q=3bit_L=lora_2_qkv-fc1-proj-fc2/cifar/20260114184203_default_acc=53.50/tensorboard/Grad_mlp.fc2.lora_B_block_0/events.out.tfevents.1768387349.master-192-168-8-48.1680.8,mlp.fc2.lora_B,0
1768388094.798899,1276,39.90625,0.41028541326522827,Grad/mlp.fc2.lora_B,outputs_dev/vitb16/T=vtab_Q=3bit_L=lora_2_qkv-fc1-proj-fc2/cifar/20260114184203_default_acc=53.50/tensorboard/Grad_mlp.fc2.lora_B_block_0/events.out.tfevents.1768387349.master-192-168-8-48.1680.8,mlp.fc2.lora_B,0
1768388095.2428224,1277,39.9375,0.2799656391143799,Grad/mlp.fc2.lora_B,outputs_dev/vitb16/T=vtab_Q=3bit_L=lora_2_qkv-fc1-proj-fc2/cifar/20260114184203_default_acc=53.50/tensorboard/Grad_mlp.fc2.lora_B_block_0/events.out.tfevents.1768387349.master-192-168-8-48.1680.8,mlp.fc2.lora_B,0
1768388095.679764,1278,39.96875,0.6745986938476562,Grad/mlp.fc2.lora_B,outputs_dev/vitb16/T=vtab_Q=3bit_L=lora_2_qkv-fc1-proj-fc2/cifar/20260114184203_default_acc=53.50/tensorboard/Grad_mlp.fc2.lora_B_block_0/events.out.tfevents.1768387349.master-192-168-8-48.1680.8,mlp.fc2.lora_B,0
1768388095.8616278,1279,40.0,0.3961312770843506,Grad/mlp.fc2.lora_B,outputs_dev/vitb16/T=vtab_Q=3bit_L=lora_2_qkv-fc1-proj-fc2/cifar/20260114184203_default_acc=53.50/tensorboard/Grad_mlp.fc2.lora_B_block_0/events.out.tfevents.1768387349.master-192-168-8-48.1680.8,mlp.fc2.lora_B,0
1768388096.5820541,1280,40.03125,0.2779380977153778,Grad/mlp.fc2.lora_B,outputs_dev/vitb16/T=vtab_Q=3bit_L=lora_2_qkv-fc1-proj-fc2/cifar/20260114184203_default_acc=53.50/tensorboard/Grad_mlp.fc2.lora_B_block_0/events.out.tfevents.1768387349.master-192-168-8-48.1680.8,mlp.fc2.lora_B,0
1768388097.0272543,1281,40.0625,0.4496109187602997,Grad/mlp.fc2.lora_B,outputs_dev/vitb16/T=vtab_Q=3bit_L=lora_2_qkv-fc1-proj-fc2/cifar/20260114184203_default_acc=53.50/tensorboard/Grad_mlp.fc2.lora_B_block_0/events.out.tfevents.1768387349.master-192-168-8-48.1680.8,mlp.fc2.lora_B,0
1768388097.452131,1282,40.09375,0.43642905354499817,Grad/mlp.fc2.lora_B,outputs_dev/vitb16/T=vtab_Q=3bit_L=lora_2_qkv-fc1-proj-fc2/cifar/20260114184203_default_acc=53.50/tensorboard/Grad_mlp.fc2.lora_B_block_0/events.out.tfevents.1768387349.master-192-168-8-48.1680.8,mlp.fc2.lora_B,0
1768388097.8753636,1283,40.125,0.2417835146188736,Grad/mlp.fc2.lora_B,outputs_dev/vitb16/T=vtab_Q=3bit_L=lora_2_qkv-fc1-proj-fc2/cifar/20260114184203_default_acc=53.50/tensorboard/Grad_mlp.fc2.lora_B_block_0/events.out.tfevents.1768387349.master-192-168-8-48.1680.8,mlp.fc2.lora_B,0
1768388098.2996445,1284,40.15625,0.1994795799255371,Grad/mlp.fc2.lora_B,outputs_dev/vitb16/T=vtab_Q=3bit_L=lora_2_qkv-fc1-proj-fc2/cifar/20260114184203_default_acc=53.50/tensorboard/Grad_mlp.fc2.lora_B_block_0/events.out.tfevents.1768387349.master-192-168-8-48.1680.8,mlp.fc2.lora_B,0
1768388098.7241018,1285,40.1875,0.41024917364120483,Grad/mlp.fc2.lora_B,outputs_dev/vitb16/T=vtab_Q=3bit_L=lora_2_qkv-fc1-proj-fc2/cifar/20260114184203_default_acc=53.50/tensorboard/Grad_mlp.fc2.lora_B_block_0/events.out.tfevents.1768387349.master-192-168-8-48.1680.8,mlp.fc2.lora_B,0
1768388099.1473858,1286,40.21875,0.4972856044769287,Grad/mlp.fc2.lora_B,outputs_dev/vitb16/T=vtab_Q=3bit_L=lora_2_qkv-fc1-proj-fc2/cifar/20260114184203_default_acc=53.50/tensorboard/Grad_mlp.fc2.lora_B_block_0/events.out.tfevents.1768387349.master-192-168-8-48.1680.8,mlp.fc2.lora_B,0
1768388099.5705369,1287,40.25,0.3277820944786072,Grad/mlp.fc2.lora_B,outputs_dev/vitb16/T=vtab_Q=3bit_L=lora_2_qkv-fc1-proj-fc2/cifar/20260114184203_default_acc=53.50/tensorboard/Grad_mlp.fc2.lora_B_block_0/events.out.tfevents.1768387349.master-192-168-8-48.1680.8,mlp.fc2.lora_B,0
1768388099.9952166,1288,40.28125,0.5367863178253174,Grad/mlp.fc2.lora_B,outputs_dev/vitb16/T=vtab_Q=3bit_L=lora_2_qkv-fc1-proj-fc2/cifar/20260114184203_default_acc=53.50/tensorboard/Grad_mlp.fc2.lora_B_block_0/events.out.tfevents.1768387349.master-192-168-8-48.1680.8,mlp.fc2.lora_B,0
1768388100.416332,1289,40.3125,0.31440269947052,Grad/mlp.fc2.lora_B,outputs_dev/vitb16/T=vtab_Q=3bit_L=lora_2_qkv-fc1-proj-fc2/cifar/20260114184203_default_acc=53.50/tensorboard/Grad_mlp.fc2.lora_B_block_0/events.out.tfevents.1768387349.master-192-168-8-48.1680.8,mlp.fc2.lora_B,0
1768388100.842831,1290,40.34375,0.1659315675497055,Grad/mlp.fc2.lora_B,outputs_dev/vitb16/T=vtab_Q=3bit_L=lora_2_qkv-fc1-proj-fc2/cifar/20260114184203_default_acc=53.50/tensorboard/Grad_mlp.fc2.lora_B_block_0/events.out.tfevents.1768387349.master-192-168-8-48.1680.8,mlp.fc2.lora_B,0
1768388101.268233,1291,40.375,0.5192179083824158,Grad/mlp.fc2.lora_B,outputs_dev/vitb16/T=vtab_Q=3bit_L=lora_2_qkv-fc1-proj-fc2/cifar/20260114184203_default_acc=53.50/tensorboard/Grad_mlp.fc2.lora_B_block_0/events.out.tfevents.1768387349.master-192-168-8-48.1680.8,mlp.fc2.lora_B,0
1768388101.697502,1292,40.40625,0.5166139602661133,Grad/mlp.fc2.lora_B,outputs_dev/vitb16/T=vtab_Q=3bit_L=lora_2_qkv-fc1-proj-fc2/cifar/20260114184203_default_acc=53.50/tensorboard/Grad_mlp.fc2.lora_B_block_0/events.out.tfevents.1768387349.master-192-168-8-48.1680.8,mlp.fc2.lora_B,0
1768388102.120893,1293,40.4375,0.17399251461029053,Grad/mlp.fc2.lora_B,outputs_dev/vitb16/T=vtab_Q=3bit_L=lora_2_qkv-fc1-proj-fc2/cifar/20260114184203_default_acc=53.50/tensorboard/Grad_mlp.fc2.lora_B_block_0/events.out.tfevents.1768387349.master-192-168-8-48.1680.8,mlp.fc2.lora_B,0
1768388102.5440423,1294,40.46875,0.34216392040252686,Grad/mlp.fc2.lora_B,outputs_dev/vitb16/T=vtab_Q=3bit_L=lora_2_qkv-fc1-proj-fc2/cifar/20260114184203_default_acc=53.50/tensorboard/Grad_mlp.fc2.lora_B_block_0/events.out.tfevents.1768387349.master-192-168-8-48.1680.8,mlp.fc2.lora_B,0
1768388103.0778654,1295,40.5,0.27058130502700806,Grad/mlp.fc2.lora_B,outputs_dev/vitb16/T=vtab_Q=3bit_L=lora_2_qkv-fc1-proj-fc2/cifar/20260114184203_default_acc=53.50/tensorboard/Grad_mlp.fc2.lora_B_block_0/events.out.tfevents.1768387349.master-192-168-8-48.1680.8,mlp.fc2.lora_B,0
1768388103.5000508,1296,40.53125,0.4160202443599701,Grad/mlp.fc2.lora_B,outputs_dev/vitb16/T=vtab_Q=3bit_L=lora_2_qkv-fc1-proj-fc2/cifar/20260114184203_default_acc=53.50/tensorboard/Grad_mlp.fc2.lora_B_block_0/events.out.tfevents.1768387349.master-192-168-8-48.1680.8,mlp.fc2.lora_B,0
1768388103.9232411,1297,40.5625,0.27180904150009155,Grad/mlp.fc2.lora_B,outputs_dev/vitb16/T=vtab_Q=3bit_L=lora_2_qkv-fc1-proj-fc2/cifar/20260114184203_default_acc=53.50/tensorboard/Grad_mlp.fc2.lora_B_block_0/events.out.tfevents.1768387349.master-192-168-8-48.1680.8,mlp.fc2.lora_B,0
1768388104.3474028,1298,40.59375,0.4871666133403778,Grad/mlp.fc2.lora_B,outputs_dev/vitb16/T=vtab_Q=3bit_L=lora_2_qkv-fc1-proj-fc2/cifar/20260114184203_default_acc=53.50/tensorboard/Grad_mlp.fc2.lora_B_block_0/events.out.tfevents.1768387349.master-192-168-8-48.1680.8,mlp.fc2.lora_B,0
1768388104.7716377,1299,40.625,0.45050448179244995,Grad/mlp.fc2.lora_B,outputs_dev/vitb16/T=vtab_Q=3bit_L=lora_2_qkv-fc1-proj-fc2/cifar/20260114184203_default_acc=53.50/tensorboard/Grad_mlp.fc2.lora_B_block_0/events.out.tfevents.1768387349.master-192-168-8-48.1680.8,mlp.fc2.lora_B,0
1768388105.1957707,1300,40.65625,0.5102436542510986,Grad/mlp.fc2.lora_B,outputs_dev/vitb16/T=vtab_Q=3bit_L=lora_2_qkv-fc1-proj-fc2/cifar/20260114184203_default_acc=53.50/tensorboard/Grad_mlp.fc2.lora_B_block_0/events.out.tfevents.1768387349.master-192-168-8-48.1680.8,mlp.fc2.lora_B,0
1768388105.6188293,1301,40.6875,0.6410357356071472,Grad/mlp.fc2.lora_B,outputs_dev/vitb16/T=vtab_Q=3bit_L=lora_2_qkv-fc1-proj-fc2/cifar/20260114184203_default_acc=53.50/tensorboard/Grad_mlp.fc2.lora_B_block_0/events.out.tfevents.1768387349.master-192-168-8-48.1680.8,mlp.fc2.lora_B,0
1768388106.0400746,1302,40.71875,0.3934231996536255,Grad/mlp.fc2.lora_B,outputs_dev/vitb16/T=vtab_Q=3bit_L=lora_2_qkv-fc1-proj-fc2/cifar/20260114184203_default_acc=53.50/tensorboard/Grad_mlp.fc2.lora_B_block_0/events.out.tfevents.1768387349.master-192-168-8-48.1680.8,mlp.fc2.lora_B,0
1768388106.4622042,1303,40.75,0.2987137734889984,Grad/mlp.fc2.lora_B,outputs_dev/vitb16/T=vtab_Q=3bit_L=lora_2_qkv-fc1-proj-fc2/cifar/20260114184203_default_acc=53.50/tensorboard/Grad_mlp.fc2.lora_B_block_0/events.out.tfevents.1768387349.master-192-168-8-48.1680.8,mlp.fc2.lora_B,0
1768388106.883222,1304,40.78125,0.4845905303955078,Grad/mlp.fc2.lora_B,outputs_dev/vitb16/T=vtab_Q=3bit_L=lora_2_qkv-fc1-proj-fc2/cifar/20260114184203_default_acc=53.50/tensorboard/Grad_mlp.fc2.lora_B_block_0/events.out.tfevents.1768387349.master-192-168-8-48.1680.8,mlp.fc2.lora_B,0
1768388107.305247,1305,40.8125,0.5001382827758789,Grad/mlp.fc2.lora_B,outputs_dev/vitb16/T=vtab_Q=3bit_L=lora_2_qkv-fc1-proj-fc2/cifar/20260114184203_default_acc=53.50/tensorboard/Grad_mlp.fc2.lora_B_block_0/events.out.tfevents.1768387349.master-192-168-8-48.1680.8,mlp.fc2.lora_B,0
1768388107.7296743,1306,40.84375,0.24822497367858887,Grad/mlp.fc2.lora_B,outputs_dev/vitb16/T=vtab_Q=3bit_L=lora_2_qkv-fc1-proj-fc2/cifar/20260114184203_default_acc=53.50/tensorboard/Grad_mlp.fc2.lora_B_block_0/events.out.tfevents.1768387349.master-192-168-8-48.1680.8,mlp.fc2.lora_B,0
1768388108.1548462,1307,40.875,0.3544235825538635,Grad/mlp.fc2.lora_B,outputs_dev/vitb16/T=vtab_Q=3bit_L=lora_2_qkv-fc1-proj-fc2/cifar/20260114184203_default_acc=53.50/tensorboard/Grad_mlp.fc2.lora_B_block_0/events.out.tfevents.1768387349.master-192-168-8-48.1680.8,mlp.fc2.lora_B,0
1768388108.5792642,1308,40.90625,0.2728272080421448,Grad/mlp.fc2.lora_B,outputs_dev/vitb16/T=vtab_Q=3bit_L=lora_2_qkv-fc1-proj-fc2/cifar/20260114184203_default_acc=53.50/tensorboard/Grad_mlp.fc2.lora_B_block_0/events.out.tfevents.1768387349.master-192-168-8-48.1680.8,mlp.fc2.lora_B,0
1768388109.0011437,1309,40.9375,0.21991004049777985,Grad/mlp.fc2.lora_B,outputs_dev/vitb16/T=vtab_Q=3bit_L=lora_2_qkv-fc1-proj-fc2/cifar/20260114184203_default_acc=53.50/tensorboard/Grad_mlp.fc2.lora_B_block_0/events.out.tfevents.1768387349.master-192-168-8-48.1680.8,mlp.fc2.lora_B,0
1768388109.4275486,1310,40.96875,0.28176796436309814,Grad/mlp.fc2.lora_B,outputs_dev/vitb16/T=vtab_Q=3bit_L=lora_2_qkv-fc1-proj-fc2/cifar/20260114184203_default_acc=53.50/tensorboard/Grad_mlp.fc2.lora_B_block_0/events.out.tfevents.1768387349.master-192-168-8-48.1680.8,mlp.fc2.lora_B,0
1768388109.6368613,1311,41.0,1.8593536615371704,Grad/mlp.fc2.lora_B,outputs_dev/vitb16/T=vtab_Q=3bit_L=lora_2_qkv-fc1-proj-fc2/cifar/20260114184203_default_acc=53.50/tensorboard/Grad_mlp.fc2.lora_B_block_0/events.out.tfevents.1768387349.master-192-168-8-48.1680.8,mlp.fc2.lora_B,0
1768388148.557556,1312,41.03125,0.38937634229660034,Grad/mlp.fc2.lora_B,outputs_dev/vitb16/T=vtab_Q=3bit_L=lora_2_qkv-fc1-proj-fc2/cifar/20260114184203_default_acc=53.50/tensorboard/Grad_mlp.fc2.lora_B_block_0/events.out.tfevents.1768387349.master-192-168-8-48.1680.8,mlp.fc2.lora_B,0
1768388148.9952683,1313,41.0625,0.3936983644962311,Grad/mlp.fc2.lora_B,outputs_dev/vitb16/T=vtab_Q=3bit_L=lora_2_qkv-fc1-proj-fc2/cifar/20260114184203_default_acc=53.50/tensorboard/Grad_mlp.fc2.lora_B_block_0/events.out.tfevents.1768387349.master-192-168-8-48.1680.8,mlp.fc2.lora_B,0
1768388149.433037,1314,41.09375,1.2507193088531494,Grad/mlp.fc2.lora_B,outputs_dev/vitb16/T=vtab_Q=3bit_L=lora_2_qkv-fc1-proj-fc2/cifar/20260114184203_default_acc=53.50/tensorboard/Grad_mlp.fc2.lora_B_block_0/events.out.tfevents.1768387349.master-192-168-8-48.1680.8,mlp.fc2.lora_B,0
1768388149.8711793,1315,41.125,0.43125277757644653,Grad/mlp.fc2.lora_B,outputs_dev/vitb16/T=vtab_Q=3bit_L=lora_2_qkv-fc1-proj-fc2/cifar/20260114184203_default_acc=53.50/tensorboard/Grad_mlp.fc2.lora_B_block_0/events.out.tfevents.1768387349.master-192-168-8-48.1680.8,mlp.fc2.lora_B,0
1768388150.315227,1316,41.15625,0.5568724274635315,Grad/mlp.fc2.lora_B,outputs_dev/vitb16/T=vtab_Q=3bit_L=lora_2_qkv-fc1-proj-fc2/cifar/20260114184203_default_acc=53.50/tensorboard/Grad_mlp.fc2.lora_B_block_0/events.out.tfevents.1768387349.master-192-168-8-48.1680.8,mlp.fc2.lora_B,0
1768388150.752831,1317,41.1875,0.3470205068588257,Grad/mlp.fc2.lora_B,outputs_dev/vitb16/T=vtab_Q=3bit_L=lora_2_qkv-fc1-proj-fc2/cifar/20260114184203_default_acc=53.50/tensorboard/Grad_mlp.fc2.lora_B_block_0/events.out.tfevents.1768387349.master-192-168-8-48.1680.8,mlp.fc2.lora_B,0
1768388151.1812983,1318,41.21875,0.4369458258152008,Grad/mlp.fc2.lora_B,outputs_dev/vitb16/T=vtab_Q=3bit_L=lora_2_qkv-fc1-proj-fc2/cifar/20260114184203_default_acc=53.50/tensorboard/Grad_mlp.fc2.lora_B_block_0/events.out.tfevents.1768387349.master-192-168-8-48.1680.8,mlp.fc2.lora_B,0
1768388151.6074371,1319,41.25,0.27177107334136963,Grad/mlp.fc2.lora_B,outputs_dev/vitb16/T=vtab_Q=3bit_L=lora_2_qkv-fc1-proj-fc2/cifar/20260114184203_default_acc=53.50/tensorboard/Grad_mlp.fc2.lora_B_block_0/events.out.tfevents.1768387349.master-192-168-8-48.1680.8,mlp.fc2.lora_B,0
1768388152.0403929,1320,41.28125,0.23916283249855042,Grad/mlp.fc2.lora_B,outputs_dev/vitb16/T=vtab_Q=3bit_L=lora_2_qkv-fc1-proj-fc2/cifar/20260114184203_default_acc=53.50/tensorboard/Grad_mlp.fc2.lora_B_block_0/events.out.tfevents.1768387349.master-192-168-8-48.1680.8,mlp.fc2.lora_B,0
1768388152.4923792,1321,41.3125,0.3210557997226715,Grad/mlp.fc2.lora_B,outputs_dev/vitb16/T=vtab_Q=3bit_L=lora_2_qkv-fc1-proj-fc2/cifar/20260114184203_default_acc=53.50/tensorboard/Grad_mlp.fc2.lora_B_block_0/events.out.tfevents.1768387349.master-192-168-8-48.1680.8,mlp.fc2.lora_B,0
1768388152.9296114,1322,41.34375,0.4126458168029785,Grad/mlp.fc2.lora_B,outputs_dev/vitb16/T=vtab_Q=3bit_L=lora_2_qkv-fc1-proj-fc2/cifar/20260114184203_default_acc=53.50/tensorboard/Grad_mlp.fc2.lora_B_block_0/events.out.tfevents.1768387349.master-192-168-8-48.1680.8,mlp.fc2.lora_B,0
1768388153.3692546,1323,41.375,0.23218262195587158,Grad/mlp.fc2.lora_B,outputs_dev/vitb16/T=vtab_Q=3bit_L=lora_2_qkv-fc1-proj-fc2/cifar/20260114184203_default_acc=53.50/tensorboard/Grad_mlp.fc2.lora_B_block_0/events.out.tfevents.1768387349.master-192-168-8-48.1680.8,mlp.fc2.lora_B,0
1768388153.8113813,1324,41.40625,0.6282981634140015,Grad/mlp.fc2.lora_B,outputs_dev/vitb16/T=vtab_Q=3bit_L=lora_2_qkv-fc1-proj-fc2/cifar/20260114184203_default_acc=53.50/tensorboard/Grad_mlp.fc2.lora_B_block_0/events.out.tfevents.1768387349.master-192-168-8-48.1680.8,mlp.fc2.lora_B,0
1768388154.2399228,1325,41.4375,0.18611189723014832,Grad/mlp.fc2.lora_B,outputs_dev/vitb16/T=vtab_Q=3bit_L=lora_2_qkv-fc1-proj-fc2/cifar/20260114184203_default_acc=53.50/tensorboard/Grad_mlp.fc2.lora_B_block_0/events.out.tfevents.1768387349.master-192-168-8-48.1680.8,mlp.fc2.lora_B,0
1768388154.6692219,1326,41.46875,0.6300063133239746,Grad/mlp.fc2.lora_B,outputs_dev/vitb16/T=vtab_Q=3bit_L=lora_2_qkv-fc1-proj-fc2/cifar/20260114184203_default_acc=53.50/tensorboard/Grad_mlp.fc2.lora_B_block_0/events.out.tfevents.1768387349.master-192-168-8-48.1680.8,mlp.fc2.lora_B,0
1768388155.0979912,1327,41.5,0.3995538651943207,Grad/mlp.fc2.lora_B,outputs_dev/vitb16/T=vtab_Q=3bit_L=lora_2_qkv-fc1-proj-fc2/cifar/20260114184203_default_acc=53.50/tensorboard/Grad_mlp.fc2.lora_B_block_0/events.out.tfevents.1768387349.master-192-168-8-48.1680.8,mlp.fc2.lora_B,0
1768388155.5250053,1328,41.53125,0.36299046874046326,Grad/mlp.fc2.lora_B,outputs_dev/vitb16/T=vtab_Q=3bit_L=lora_2_qkv-fc1-proj-fc2/cifar/20260114184203_default_acc=53.50/tensorboard/Grad_mlp.fc2.lora_B_block_0/events.out.tfevents.1768387349.master-192-168-8-48.1680.8,mlp.fc2.lora_B,0
1768388155.9542181,1329,41.5625,0.4116972088813782,Grad/mlp.fc2.lora_B,outputs_dev/vitb16/T=vtab_Q=3bit_L=lora_2_qkv-fc1-proj-fc2/cifar/20260114184203_default_acc=53.50/tensorboard/Grad_mlp.fc2.lora_B_block_0/events.out.tfevents.1768387349.master-192-168-8-48.1680.8,mlp.fc2.lora_B,0
1768388156.3815932,1330,41.59375,0.33015313744544983,Grad/mlp.fc2.lora_B,outputs_dev/vitb16/T=vtab_Q=3bit_L=lora_2_qkv-fc1-proj-fc2/cifar/20260114184203_default_acc=53.50/tensorboard/Grad_mlp.fc2.lora_B_block_0/events.out.tfevents.1768387349.master-192-168-8-48.1680.8,mlp.fc2.lora_B,0
1768388156.807617,1331,41.625,0.5056166648864746,Grad/mlp.fc2.lora_B,outputs_dev/vitb16/T=vtab_Q=3bit_L=lora_2_qkv-fc1-proj-fc2/cifar/20260114184203_default_acc=53.50/tensorboard/Grad_mlp.fc2.lora_B_block_0/events.out.tfevents.1768387349.master-192-168-8-48.1680.8,mlp.fc2.lora_B,0
1768388157.2346363,1332,41.65625,0.47137799859046936,Grad/mlp.fc2.lora_B,outputs_dev/vitb16/T=vtab_Q=3bit_L=lora_2_qkv-fc1-proj-fc2/cifar/20260114184203_default_acc=53.50/tensorboard/Grad_mlp.fc2.lora_B_block_0/events.out.tfevents.1768387349.master-192-168-8-48.1680.8,mlp.fc2.lora_B,0
1768388157.6629581,1333,41.6875,0.3213077187538147,Grad/mlp.fc2.lora_B,outputs_dev/vitb16/T=vtab_Q=3bit_L=lora_2_qkv-fc1-proj-fc2/cifar/20260114184203_default_acc=53.50/tensorboard/Grad_mlp.fc2.lora_B_block_0/events.out.tfevents.1768387349.master-192-168-8-48.1680.8,mlp.fc2.lora_B,0
1768388158.092013,1334,41.71875,0.5213282704353333,Grad/mlp.fc2.lora_B,outputs_dev/vitb16/T=vtab_Q=3bit_L=lora_2_qkv-fc1-proj-fc2/cifar/20260114184203_default_acc=53.50/tensorboard/Grad_mlp.fc2.lora_B_block_0/events.out.tfevents.1768387349.master-192-168-8-48.1680.8,mlp.fc2.lora_B,0
1768388158.5248332,1335,41.75,0.6102303862571716,Grad/mlp.fc2.lora_B,outputs_dev/vitb16/T=vtab_Q=3bit_L=lora_2_qkv-fc1-proj-fc2/cifar/20260114184203_default_acc=53.50/tensorboard/Grad_mlp.fc2.lora_B_block_0/events.out.tfevents.1768387349.master-192-168-8-48.1680.8,mlp.fc2.lora_B,0
1768388158.969039,1336,41.78125,0.45328813791275024,Grad/mlp.fc2.lora_B,outputs_dev/vitb16/T=vtab_Q=3bit_L=lora_2_qkv-fc1-proj-fc2/cifar/20260114184203_default_acc=53.50/tensorboard/Grad_mlp.fc2.lora_B_block_0/events.out.tfevents.1768387349.master-192-168-8-48.1680.8,mlp.fc2.lora_B,0
1768388159.4089248,1337,41.8125,0.4905673861503601,Grad/mlp.fc2.lora_B,outputs_dev/vitb16/T=vtab_Q=3bit_L=lora_2_qkv-fc1-proj-fc2/cifar/20260114184203_default_acc=53.50/tensorboard/Grad_mlp.fc2.lora_B_block_0/events.out.tfevents.1768387349.master-192-168-8-48.1680.8,mlp.fc2.lora_B,0
1768388159.8322299,1338,41.84375,0.3168189227581024,Grad/mlp.fc2.lora_B,outputs_dev/vitb16/T=vtab_Q=3bit_L=lora_2_qkv-fc1-proj-fc2/cifar/20260114184203_default_acc=53.50/tensorboard/Grad_mlp.fc2.lora_B_block_0/events.out.tfevents.1768387349.master-192-168-8-48.1680.8,mlp.fc2.lora_B,0
1768388160.267274,1339,41.875,0.5338426828384399,Grad/mlp.fc2.lora_B,outputs_dev/vitb16/T=vtab_Q=3bit_L=lora_2_qkv-fc1-proj-fc2/cifar/20260114184203_default_acc=53.50/tensorboard/Grad_mlp.fc2.lora_B_block_0/events.out.tfevents.1768387349.master-192-168-8-48.1680.8,mlp.fc2.lora_B,0
1768388160.6757529,1340,41.90625,0.3597502112388611,Grad/mlp.fc2.lora_B,outputs_dev/vitb16/T=vtab_Q=3bit_L=lora_2_qkv-fc1-proj-fc2/cifar/20260114184203_default_acc=53.50/tensorboard/Grad_mlp.fc2.lora_B_block_0/events.out.tfevents.1768387349.master-192-168-8-48.1680.8,mlp.fc2.lora_B,0
1768388161.1132855,1341,41.9375,0.6206373572349548,Grad/mlp.fc2.lora_B,outputs_dev/vitb16/T=vtab_Q=3bit_L=lora_2_qkv-fc1-proj-fc2/cifar/20260114184203_default_acc=53.50/tensorboard/Grad_mlp.fc2.lora_B_block_0/events.out.tfevents.1768387349.master-192-168-8-48.1680.8,mlp.fc2.lora_B,0
1768388161.5355892,1342,41.96875,0.5420175790786743,Grad/mlp.fc2.lora_B,outputs_dev/vitb16/T=vtab_Q=3bit_L=lora_2_qkv-fc1-proj-fc2/cifar/20260114184203_default_acc=53.50/tensorboard/Grad_mlp.fc2.lora_B_block_0/events.out.tfevents.1768387349.master-192-168-8-48.1680.8,mlp.fc2.lora_B,0
1768388161.742608,1343,42.0,1.0087124109268188,Grad/mlp.fc2.lora_B,outputs_dev/vitb16/T=vtab_Q=3bit_L=lora_2_qkv-fc1-proj-fc2/cifar/20260114184203_default_acc=53.50/tensorboard/Grad_mlp.fc2.lora_B_block_0/events.out.tfevents.1768387349.master-192-168-8-48.1680.8,mlp.fc2.lora_B,0
1768388162.3719692,1344,42.03125,0.4013995826244354,Grad/mlp.fc2.lora_B,outputs_dev/vitb16/T=vtab_Q=3bit_L=lora_2_qkv-fc1-proj-fc2/cifar/20260114184203_default_acc=53.50/tensorboard/Grad_mlp.fc2.lora_B_block_0/events.out.tfevents.1768387349.master-192-168-8-48.1680.8,mlp.fc2.lora_B,0
1768388162.7954226,1345,42.0625,0.8535830974578857,Grad/mlp.fc2.lora_B,outputs_dev/vitb16/T=vtab_Q=3bit_L=lora_2_qkv-fc1-proj-fc2/cifar/20260114184203_default_acc=53.50/tensorboard/Grad_mlp.fc2.lora_B_block_0/events.out.tfevents.1768387349.master-192-168-8-48.1680.8,mlp.fc2.lora_B,0
1768388163.2196188,1346,42.09375,0.717657208442688,Grad/mlp.fc2.lora_B,outputs_dev/vitb16/T=vtab_Q=3bit_L=lora_2_qkv-fc1-proj-fc2/cifar/20260114184203_default_acc=53.50/tensorboard/Grad_mlp.fc2.lora_B_block_0/events.out.tfevents.1768387349.master-192-168-8-48.1680.8,mlp.fc2.lora_B,0
1768388163.6516287,1347,42.125,0.3391727805137634,Grad/mlp.fc2.lora_B,outputs_dev/vitb16/T=vtab_Q=3bit_L=lora_2_qkv-fc1-proj-fc2/cifar/20260114184203_default_acc=53.50/tensorboard/Grad_mlp.fc2.lora_B_block_0/events.out.tfevents.1768387349.master-192-168-8-48.1680.8,mlp.fc2.lora_B,0
1768388164.0785666,1348,42.15625,0.4352332651615143,Grad/mlp.fc2.lora_B,outputs_dev/vitb16/T=vtab_Q=3bit_L=lora_2_qkv-fc1-proj-fc2/cifar/20260114184203_default_acc=53.50/tensorboard/Grad_mlp.fc2.lora_B_block_0/events.out.tfevents.1768387349.master-192-168-8-48.1680.8,mlp.fc2.lora_B,0
1768388164.5146306,1349,42.1875,0.2425329089164734,Grad/mlp.fc2.lora_B,outputs_dev/vitb16/T=vtab_Q=3bit_L=lora_2_qkv-fc1-proj-fc2/cifar/20260114184203_default_acc=53.50/tensorboard/Grad_mlp.fc2.lora_B_block_0/events.out.tfevents.1768387349.master-192-168-8-48.1680.8,mlp.fc2.lora_B,0
1768388164.9356406,1350,42.21875,0.3868035078048706,Grad/mlp.fc2.lora_B,outputs_dev/vitb16/T=vtab_Q=3bit_L=lora_2_qkv-fc1-proj-fc2/cifar/20260114184203_default_acc=53.50/tensorboard/Grad_mlp.fc2.lora_B_block_0/events.out.tfevents.1768387349.master-192-168-8-48.1680.8,mlp.fc2.lora_B,0
1768388165.3701377,1351,42.25,0.2874586284160614,Grad/mlp.fc2.lora_B,outputs_dev/vitb16/T=vtab_Q=3bit_L=lora_2_qkv-fc1-proj-fc2/cifar/20260114184203_default_acc=53.50/tensorboard/Grad_mlp.fc2.lora_B_block_0/events.out.tfevents.1768387349.master-192-168-8-48.1680.8,mlp.fc2.lora_B,0
1768388165.8034801,1352,42.28125,0.39480817317962646,Grad/mlp.fc2.lora_B,outputs_dev/vitb16/T=vtab_Q=3bit_L=lora_2_qkv-fc1-proj-fc2/cifar/20260114184203_default_acc=53.50/tensorboard/Grad_mlp.fc2.lora_B_block_0/events.out.tfevents.1768387349.master-192-168-8-48.1680.8,mlp.fc2.lora_B,0
1768388166.2363214,1353,42.3125,0.5724202990531921,Grad/mlp.fc2.lora_B,outputs_dev/vitb16/T=vtab_Q=3bit_L=lora_2_qkv-fc1-proj-fc2/cifar/20260114184203_default_acc=53.50/tensorboard/Grad_mlp.fc2.lora_B_block_0/events.out.tfevents.1768387349.master-192-168-8-48.1680.8,mlp.fc2.lora_B,0
1768388166.657475,1354,42.34375,0.47293412685394287,Grad/mlp.fc2.lora_B,outputs_dev/vitb16/T=vtab_Q=3bit_L=lora_2_qkv-fc1-proj-fc2/cifar/20260114184203_default_acc=53.50/tensorboard/Grad_mlp.fc2.lora_B_block_0/events.out.tfevents.1768387349.master-192-168-8-48.1680.8,mlp.fc2.lora_B,0
1768388167.0952017,1355,42.375,0.5030657649040222,Grad/mlp.fc2.lora_B,outputs_dev/vitb16/T=vtab_Q=3bit_L=lora_2_qkv-fc1-proj-fc2/cifar/20260114184203_default_acc=53.50/tensorboard/Grad_mlp.fc2.lora_B_block_0/events.out.tfevents.1768387349.master-192-168-8-48.1680.8,mlp.fc2.lora_B,0
1768388167.5140347,1356,42.40625,0.3386858403682709,Grad/mlp.fc2.lora_B,outputs_dev/vitb16/T=vtab_Q=3bit_L=lora_2_qkv-fc1-proj-fc2/cifar/20260114184203_default_acc=53.50/tensorboard/Grad_mlp.fc2.lora_B_block_0/events.out.tfevents.1768387349.master-192-168-8-48.1680.8,mlp.fc2.lora_B,0
1768388167.932224,1357,42.4375,0.36181727051734924,Grad/mlp.fc2.lora_B,outputs_dev/vitb16/T=vtab_Q=3bit_L=lora_2_qkv-fc1-proj-fc2/cifar/20260114184203_default_acc=53.50/tensorboard/Grad_mlp.fc2.lora_B_block_0/events.out.tfevents.1768387349.master-192-168-8-48.1680.8,mlp.fc2.lora_B,0
1768388168.352152,1358,42.46875,0.46826648712158203,Grad/mlp.fc2.lora_B,outputs_dev/vitb16/T=vtab_Q=3bit_L=lora_2_qkv-fc1-proj-fc2/cifar/20260114184203_default_acc=53.50/tensorboard/Grad_mlp.fc2.lora_B_block_0/events.out.tfevents.1768387349.master-192-168-8-48.1680.8,mlp.fc2.lora_B,0
1768388168.7862868,1359,42.5,0.8662237524986267,Grad/mlp.fc2.lora_B,outputs_dev/vitb16/T=vtab_Q=3bit_L=lora_2_qkv-fc1-proj-fc2/cifar/20260114184203_default_acc=53.50/tensorboard/Grad_mlp.fc2.lora_B_block_0/events.out.tfevents.1768387349.master-192-168-8-48.1680.8,mlp.fc2.lora_B,0
1768388169.2057815,1360,42.53125,0.28726470470428467,Grad/mlp.fc2.lora_B,outputs_dev/vitb16/T=vtab_Q=3bit_L=lora_2_qkv-fc1-proj-fc2/cifar/20260114184203_default_acc=53.50/tensorboard/Grad_mlp.fc2.lora_B_block_0/events.out.tfevents.1768387349.master-192-168-8-48.1680.8,mlp.fc2.lora_B,0
1768388169.624408,1361,42.5625,0.611356258392334,Grad/mlp.fc2.lora_B,outputs_dev/vitb16/T=vtab_Q=3bit_L=lora_2_qkv-fc1-proj-fc2/cifar/20260114184203_default_acc=53.50/tensorboard/Grad_mlp.fc2.lora_B_block_0/events.out.tfevents.1768387349.master-192-168-8-48.1680.8,mlp.fc2.lora_B,0
1768388170.0438237,1362,42.59375,0.2562668025493622,Grad/mlp.fc2.lora_B,outputs_dev/vitb16/T=vtab_Q=3bit_L=lora_2_qkv-fc1-proj-fc2/cifar/20260114184203_default_acc=53.50/tensorboard/Grad_mlp.fc2.lora_B_block_0/events.out.tfevents.1768387349.master-192-168-8-48.1680.8,mlp.fc2.lora_B,0
1768388170.4627438,1363,42.625,0.6300276517868042,Grad/mlp.fc2.lora_B,outputs_dev/vitb16/T=vtab_Q=3bit_L=lora_2_qkv-fc1-proj-fc2/cifar/20260114184203_default_acc=53.50/tensorboard/Grad_mlp.fc2.lora_B_block_0/events.out.tfevents.1768387349.master-192-168-8-48.1680.8,mlp.fc2.lora_B,0
1768388170.8831735,1364,42.65625,0.13073237240314484,Grad/mlp.fc2.lora_B,outputs_dev/vitb16/T=vtab_Q=3bit_L=lora_2_qkv-fc1-proj-fc2/cifar/20260114184203_default_acc=53.50/tensorboard/Grad_mlp.fc2.lora_B_block_0/events.out.tfevents.1768387349.master-192-168-8-48.1680.8,mlp.fc2.lora_B,0
1768388171.316412,1365,42.6875,0.6489897966384888,Grad/mlp.fc2.lora_B,outputs_dev/vitb16/T=vtab_Q=3bit_L=lora_2_qkv-fc1-proj-fc2/cifar/20260114184203_default_acc=53.50/tensorboard/Grad_mlp.fc2.lora_B_block_0/events.out.tfevents.1768387349.master-192-168-8-48.1680.8,mlp.fc2.lora_B,0
1768388171.7495606,1366,42.71875,0.5714309215545654,Grad/mlp.fc2.lora_B,outputs_dev/vitb16/T=vtab_Q=3bit_L=lora_2_qkv-fc1-proj-fc2/cifar/20260114184203_default_acc=53.50/tensorboard/Grad_mlp.fc2.lora_B_block_0/events.out.tfevents.1768387349.master-192-168-8-48.1680.8,mlp.fc2.lora_B,0
1768388172.1691751,1367,42.75,0.39853397011756897,Grad/mlp.fc2.lora_B,outputs_dev/vitb16/T=vtab_Q=3bit_L=lora_2_qkv-fc1-proj-fc2/cifar/20260114184203_default_acc=53.50/tensorboard/Grad_mlp.fc2.lora_B_block_0/events.out.tfevents.1768387349.master-192-168-8-48.1680.8,mlp.fc2.lora_B,0
1768388172.592382,1368,42.78125,0.341038316488266,Grad/mlp.fc2.lora_B,outputs_dev/vitb16/T=vtab_Q=3bit_L=lora_2_qkv-fc1-proj-fc2/cifar/20260114184203_default_acc=53.50/tensorboard/Grad_mlp.fc2.lora_B_block_0/events.out.tfevents.1768387349.master-192-168-8-48.1680.8,mlp.fc2.lora_B,0
1768388173.0139787,1369,42.8125,0.33222413063049316,Grad/mlp.fc2.lora_B,outputs_dev/vitb16/T=vtab_Q=3bit_L=lora_2_qkv-fc1-proj-fc2/cifar/20260114184203_default_acc=53.50/tensorboard/Grad_mlp.fc2.lora_B_block_0/events.out.tfevents.1768387349.master-192-168-8-48.1680.8,mlp.fc2.lora_B,0
1768388173.4532018,1370,42.84375,0.5802783370018005,Grad/mlp.fc2.lora_B,outputs_dev/vitb16/T=vtab_Q=3bit_L=lora_2_qkv-fc1-proj-fc2/cifar/20260114184203_default_acc=53.50/tensorboard/Grad_mlp.fc2.lora_B_block_0/events.out.tfevents.1768387349.master-192-168-8-48.1680.8,mlp.fc2.lora_B,0
1768388173.8855863,1371,42.875,0.26881128549575806,Grad/mlp.fc2.lora_B,outputs_dev/vitb16/T=vtab_Q=3bit_L=lora_2_qkv-fc1-proj-fc2/cifar/20260114184203_default_acc=53.50/tensorboard/Grad_mlp.fc2.lora_B_block_0/events.out.tfevents.1768387349.master-192-168-8-48.1680.8,mlp.fc2.lora_B,0
1768388174.3169498,1372,42.90625,0.5949338674545288,Grad/mlp.fc2.lora_B,outputs_dev/vitb16/T=vtab_Q=3bit_L=lora_2_qkv-fc1-proj-fc2/cifar/20260114184203_default_acc=53.50/tensorboard/Grad_mlp.fc2.lora_B_block_0/events.out.tfevents.1768387349.master-192-168-8-48.1680.8,mlp.fc2.lora_B,0
1768388174.736148,1373,42.9375,0.358441025018692,Grad/mlp.fc2.lora_B,outputs_dev/vitb16/T=vtab_Q=3bit_L=lora_2_qkv-fc1-proj-fc2/cifar/20260114184203_default_acc=53.50/tensorboard/Grad_mlp.fc2.lora_B_block_0/events.out.tfevents.1768387349.master-192-168-8-48.1680.8,mlp.fc2.lora_B,0
1768388175.153832,1374,42.96875,0.4230162799358368,Grad/mlp.fc2.lora_B,outputs_dev/vitb16/T=vtab_Q=3bit_L=lora_2_qkv-fc1-proj-fc2/cifar/20260114184203_default_acc=53.50/tensorboard/Grad_mlp.fc2.lora_B_block_0/events.out.tfevents.1768387349.master-192-168-8-48.1680.8,mlp.fc2.lora_B,0
1768388175.3562315,1375,43.0,1.4355624914169312,Grad/mlp.fc2.lora_B,outputs_dev/vitb16/T=vtab_Q=3bit_L=lora_2_qkv-fc1-proj-fc2/cifar/20260114184203_default_acc=53.50/tensorboard/Grad_mlp.fc2.lora_B_block_0/events.out.tfevents.1768387349.master-192-168-8-48.1680.8,mlp.fc2.lora_B,0
1768388176.0924518,1376,43.03125,0.218309685587883,Grad/mlp.fc2.lora_B,outputs_dev/vitb16/T=vtab_Q=3bit_L=lora_2_qkv-fc1-proj-fc2/cifar/20260114184203_default_acc=53.50/tensorboard/Grad_mlp.fc2.lora_B_block_0/events.out.tfevents.1768387349.master-192-168-8-48.1680.8,mlp.fc2.lora_B,0
1768388176.5268552,1377,43.0625,0.40810349583625793,Grad/mlp.fc2.lora_B,outputs_dev/vitb16/T=vtab_Q=3bit_L=lora_2_qkv-fc1-proj-fc2/cifar/20260114184203_default_acc=53.50/tensorboard/Grad_mlp.fc2.lora_B_block_0/events.out.tfevents.1768387349.master-192-168-8-48.1680.8,mlp.fc2.lora_B,0
1768388176.9470727,1378,43.09375,0.5419721007347107,Grad/mlp.fc2.lora_B,outputs_dev/vitb16/T=vtab_Q=3bit_L=lora_2_qkv-fc1-proj-fc2/cifar/20260114184203_default_acc=53.50/tensorboard/Grad_mlp.fc2.lora_B_block_0/events.out.tfevents.1768387349.master-192-168-8-48.1680.8,mlp.fc2.lora_B,0
1768388177.3661299,1379,43.125,0.8327812552452087,Grad/mlp.fc2.lora_B,outputs_dev/vitb16/T=vtab_Q=3bit_L=lora_2_qkv-fc1-proj-fc2/cifar/20260114184203_default_acc=53.50/tensorboard/Grad_mlp.fc2.lora_B_block_0/events.out.tfevents.1768387349.master-192-168-8-48.1680.8,mlp.fc2.lora_B,0
1768388177.800804,1380,43.15625,0.24676980078220367,Grad/mlp.fc2.lora_B,outputs_dev/vitb16/T=vtab_Q=3bit_L=lora_2_qkv-fc1-proj-fc2/cifar/20260114184203_default_acc=53.50/tensorboard/Grad_mlp.fc2.lora_B_block_0/events.out.tfevents.1768387349.master-192-168-8-48.1680.8,mlp.fc2.lora_B,0
1768388178.2329285,1381,43.1875,0.3757026493549347,Grad/mlp.fc2.lora_B,outputs_dev/vitb16/T=vtab_Q=3bit_L=lora_2_qkv-fc1-proj-fc2/cifar/20260114184203_default_acc=53.50/tensorboard/Grad_mlp.fc2.lora_B_block_0/events.out.tfevents.1768387349.master-192-168-8-48.1680.8,mlp.fc2.lora_B,0
1768388178.6650927,1382,43.21875,0.39790618419647217,Grad/mlp.fc2.lora_B,outputs_dev/vitb16/T=vtab_Q=3bit_L=lora_2_qkv-fc1-proj-fc2/cifar/20260114184203_default_acc=53.50/tensorboard/Grad_mlp.fc2.lora_B_block_0/events.out.tfevents.1768387349.master-192-168-8-48.1680.8,mlp.fc2.lora_B,0
1768388179.0825171,1383,43.25,0.4414064288139343,Grad/mlp.fc2.lora_B,outputs_dev/vitb16/T=vtab_Q=3bit_L=lora_2_qkv-fc1-proj-fc2/cifar/20260114184203_default_acc=53.50/tensorboard/Grad_mlp.fc2.lora_B_block_0/events.out.tfevents.1768387349.master-192-168-8-48.1680.8,mlp.fc2.lora_B,0
1768388179.5028424,1384,43.28125,0.2788151502609253,Grad/mlp.fc2.lora_B,outputs_dev/vitb16/T=vtab_Q=3bit_L=lora_2_qkv-fc1-proj-fc2/cifar/20260114184203_default_acc=53.50/tensorboard/Grad_mlp.fc2.lora_B_block_0/events.out.tfevents.1768387349.master-192-168-8-48.1680.8,mlp.fc2.lora_B,0
1768388179.9237878,1385,43.3125,0.5198331475257874,Grad/mlp.fc2.lora_B,outputs_dev/vitb16/T=vtab_Q=3bit_L=lora_2_qkv-fc1-proj-fc2/cifar/20260114184203_default_acc=53.50/tensorboard/Grad_mlp.fc2.lora_B_block_0/events.out.tfevents.1768387349.master-192-168-8-48.1680.8,mlp.fc2.lora_B,0
1768388180.3571584,1386,43.34375,0.24765560030937195,Grad/mlp.fc2.lora_B,outputs_dev/vitb16/T=vtab_Q=3bit_L=lora_2_qkv-fc1-proj-fc2/cifar/20260114184203_default_acc=53.50/tensorboard/Grad_mlp.fc2.lora_B_block_0/events.out.tfevents.1768387349.master-192-168-8-48.1680.8,mlp.fc2.lora_B,0
1768388180.771273,1387,43.375,0.3035193085670471,Grad/mlp.fc2.lora_B,outputs_dev/vitb16/T=vtab_Q=3bit_L=lora_2_qkv-fc1-proj-fc2/cifar/20260114184203_default_acc=53.50/tensorboard/Grad_mlp.fc2.lora_B_block_0/events.out.tfevents.1768387349.master-192-168-8-48.1680.8,mlp.fc2.lora_B,0
1768388181.2042334,1388,43.40625,0.24969105422496796,Grad/mlp.fc2.lora_B,outputs_dev/vitb16/T=vtab_Q=3bit_L=lora_2_qkv-fc1-proj-fc2/cifar/20260114184203_default_acc=53.50/tensorboard/Grad_mlp.fc2.lora_B_block_0/events.out.tfevents.1768387349.master-192-168-8-48.1680.8,mlp.fc2.lora_B,0
1768388181.6436598,1389,43.4375,0.18700869381427765,Grad/mlp.fc2.lora_B,outputs_dev/vitb16/T=vtab_Q=3bit_L=lora_2_qkv-fc1-proj-fc2/cifar/20260114184203_default_acc=53.50/tensorboard/Grad_mlp.fc2.lora_B_block_0/events.out.tfevents.1768387349.master-192-168-8-48.1680.8,mlp.fc2.lora_B,0
1768388182.0776708,1390,43.46875,0.3443881571292877,Grad/mlp.fc2.lora_B,outputs_dev/vitb16/T=vtab_Q=3bit_L=lora_2_qkv-fc1-proj-fc2/cifar/20260114184203_default_acc=53.50/tensorboard/Grad_mlp.fc2.lora_B_block_0/events.out.tfevents.1768387349.master-192-168-8-48.1680.8,mlp.fc2.lora_B,0
1768388182.497089,1391,43.5,0.35688596963882446,Grad/mlp.fc2.lora_B,outputs_dev/vitb16/T=vtab_Q=3bit_L=lora_2_qkv-fc1-proj-fc2/cifar/20260114184203_default_acc=53.50/tensorboard/Grad_mlp.fc2.lora_B_block_0/events.out.tfevents.1768387349.master-192-168-8-48.1680.8,mlp.fc2.lora_B,0
1768388182.9158278,1392,43.53125,0.5768597722053528,Grad/mlp.fc2.lora_B,outputs_dev/vitb16/T=vtab_Q=3bit_L=lora_2_qkv-fc1-proj-fc2/cifar/20260114184203_default_acc=53.50/tensorboard/Grad_mlp.fc2.lora_B_block_0/events.out.tfevents.1768387349.master-192-168-8-48.1680.8,mlp.fc2.lora_B,0
1768388183.33828,1393,43.5625,0.29552191495895386,Grad/mlp.fc2.lora_B,outputs_dev/vitb16/T=vtab_Q=3bit_L=lora_2_qkv-fc1-proj-fc2/cifar/20260114184203_default_acc=53.50/tensorboard/Grad_mlp.fc2.lora_B_block_0/events.out.tfevents.1768387349.master-192-168-8-48.1680.8,mlp.fc2.lora_B,0
1768388183.7721353,1394,43.59375,0.20295681059360504,Grad/mlp.fc2.lora_B,outputs_dev/vitb16/T=vtab_Q=3bit_L=lora_2_qkv-fc1-proj-fc2/cifar/20260114184203_default_acc=53.50/tensorboard/Grad_mlp.fc2.lora_B_block_0/events.out.tfevents.1768387349.master-192-168-8-48.1680.8,mlp.fc2.lora_B,0
1768388184.203678,1395,43.625,0.2062748223543167,Grad/mlp.fc2.lora_B,outputs_dev/vitb16/T=vtab_Q=3bit_L=lora_2_qkv-fc1-proj-fc2/cifar/20260114184203_default_acc=53.50/tensorboard/Grad_mlp.fc2.lora_B_block_0/events.out.tfevents.1768387349.master-192-168-8-48.1680.8,mlp.fc2.lora_B,0
1768388184.6231024,1396,43.65625,0.268280565738678,Grad/mlp.fc2.lora_B,outputs_dev/vitb16/T=vtab_Q=3bit_L=lora_2_qkv-fc1-proj-fc2/cifar/20260114184203_default_acc=53.50/tensorboard/Grad_mlp.fc2.lora_B_block_0/events.out.tfevents.1768387349.master-192-168-8-48.1680.8,mlp.fc2.lora_B,0
1768388185.0446534,1397,43.6875,0.4418388307094574,Grad/mlp.fc2.lora_B,outputs_dev/vitb16/T=vtab_Q=3bit_L=lora_2_qkv-fc1-proj-fc2/cifar/20260114184203_default_acc=53.50/tensorboard/Grad_mlp.fc2.lora_B_block_0/events.out.tfevents.1768387349.master-192-168-8-48.1680.8,mlp.fc2.lora_B,0
1768388185.475852,1398,43.71875,0.24457062780857086,Grad/mlp.fc2.lora_B,outputs_dev/vitb16/T=vtab_Q=3bit_L=lora_2_qkv-fc1-proj-fc2/cifar/20260114184203_default_acc=53.50/tensorboard/Grad_mlp.fc2.lora_B_block_0/events.out.tfevents.1768387349.master-192-168-8-48.1680.8,mlp.fc2.lora_B,0
1768388185.8966,1399,43.75,0.8679139614105225,Grad/mlp.fc2.lora_B,outputs_dev/vitb16/T=vtab_Q=3bit_L=lora_2_qkv-fc1-proj-fc2/cifar/20260114184203_default_acc=53.50/tensorboard/Grad_mlp.fc2.lora_B_block_0/events.out.tfevents.1768387349.master-192-168-8-48.1680.8,mlp.fc2.lora_B,0
1768388186.317559,1400,43.78125,0.28449878096580505,Grad/mlp.fc2.lora_B,outputs_dev/vitb16/T=vtab_Q=3bit_L=lora_2_qkv-fc1-proj-fc2/cifar/20260114184203_default_acc=53.50/tensorboard/Grad_mlp.fc2.lora_B_block_0/events.out.tfevents.1768387349.master-192-168-8-48.1680.8,mlp.fc2.lora_B,0
1768388186.7592957,1401,43.8125,0.23308397829532623,Grad/mlp.fc2.lora_B,outputs_dev/vitb16/T=vtab_Q=3bit_L=lora_2_qkv-fc1-proj-fc2/cifar/20260114184203_default_acc=53.50/tensorboard/Grad_mlp.fc2.lora_B_block_0/events.out.tfevents.1768387349.master-192-168-8-48.1680.8,mlp.fc2.lora_B,0
1768388187.1766925,1402,43.84375,0.4849799871444702,Grad/mlp.fc2.lora_B,outputs_dev/vitb16/T=vtab_Q=3bit_L=lora_2_qkv-fc1-proj-fc2/cifar/20260114184203_default_acc=53.50/tensorboard/Grad_mlp.fc2.lora_B_block_0/events.out.tfevents.1768387349.master-192-168-8-48.1680.8,mlp.fc2.lora_B,0
1768388187.6117554,1403,43.875,0.1703694462776184,Grad/mlp.fc2.lora_B,outputs_dev/vitb16/T=vtab_Q=3bit_L=lora_2_qkv-fc1-proj-fc2/cifar/20260114184203_default_acc=53.50/tensorboard/Grad_mlp.fc2.lora_B_block_0/events.out.tfevents.1768387349.master-192-168-8-48.1680.8,mlp.fc2.lora_B,0
1768388188.0437155,1404,43.90625,0.2673475742340088,Grad/mlp.fc2.lora_B,outputs_dev/vitb16/T=vtab_Q=3bit_L=lora_2_qkv-fc1-proj-fc2/cifar/20260114184203_default_acc=53.50/tensorboard/Grad_mlp.fc2.lora_B_block_0/events.out.tfevents.1768387349.master-192-168-8-48.1680.8,mlp.fc2.lora_B,0
1768388188.4760082,1405,43.9375,0.35677260160446167,Grad/mlp.fc2.lora_B,outputs_dev/vitb16/T=vtab_Q=3bit_L=lora_2_qkv-fc1-proj-fc2/cifar/20260114184203_default_acc=53.50/tensorboard/Grad_mlp.fc2.lora_B_block_0/events.out.tfevents.1768387349.master-192-168-8-48.1680.8,mlp.fc2.lora_B,0
1768388188.8943064,1406,43.96875,0.45159634947776794,Grad/mlp.fc2.lora_B,outputs_dev/vitb16/T=vtab_Q=3bit_L=lora_2_qkv-fc1-proj-fc2/cifar/20260114184203_default_acc=53.50/tensorboard/Grad_mlp.fc2.lora_B_block_0/events.out.tfevents.1768387349.master-192-168-8-48.1680.8,mlp.fc2.lora_B,0
1768388189.1001644,1407,44.0,0.35737931728363037,Grad/mlp.fc2.lora_B,outputs_dev/vitb16/T=vtab_Q=3bit_L=lora_2_qkv-fc1-proj-fc2/cifar/20260114184203_default_acc=53.50/tensorboard/Grad_mlp.fc2.lora_B_block_0/events.out.tfevents.1768387349.master-192-168-8-48.1680.8,mlp.fc2.lora_B,0
1768388189.893693,1408,44.03125,0.3237260580062866,Grad/mlp.fc2.lora_B,outputs_dev/vitb16/T=vtab_Q=3bit_L=lora_2_qkv-fc1-proj-fc2/cifar/20260114184203_default_acc=53.50/tensorboard/Grad_mlp.fc2.lora_B_block_0/events.out.tfevents.1768387349.master-192-168-8-48.1680.8,mlp.fc2.lora_B,0
1768388190.3308892,1409,44.0625,0.20020726323127747,Grad/mlp.fc2.lora_B,outputs_dev/vitb16/T=vtab_Q=3bit_L=lora_2_qkv-fc1-proj-fc2/cifar/20260114184203_default_acc=53.50/tensorboard/Grad_mlp.fc2.lora_B_block_0/events.out.tfevents.1768387349.master-192-168-8-48.1680.8,mlp.fc2.lora_B,0
1768388190.770663,1410,44.09375,0.20492486655712128,Grad/mlp.fc2.lora_B,outputs_dev/vitb16/T=vtab_Q=3bit_L=lora_2_qkv-fc1-proj-fc2/cifar/20260114184203_default_acc=53.50/tensorboard/Grad_mlp.fc2.lora_B_block_0/events.out.tfevents.1768387349.master-192-168-8-48.1680.8,mlp.fc2.lora_B,0
1768388191.2291439,1411,44.125,0.26421675086021423,Grad/mlp.fc2.lora_B,outputs_dev/vitb16/T=vtab_Q=3bit_L=lora_2_qkv-fc1-proj-fc2/cifar/20260114184203_default_acc=53.50/tensorboard/Grad_mlp.fc2.lora_B_block_0/events.out.tfevents.1768387349.master-192-168-8-48.1680.8,mlp.fc2.lora_B,0
1768388191.6649904,1412,44.15625,0.20186389982700348,Grad/mlp.fc2.lora_B,outputs_dev/vitb16/T=vtab_Q=3bit_L=lora_2_qkv-fc1-proj-fc2/cifar/20260114184203_default_acc=53.50/tensorboard/Grad_mlp.fc2.lora_B_block_0/events.out.tfevents.1768387349.master-192-168-8-48.1680.8,mlp.fc2.lora_B,0
1768388192.0813367,1413,44.1875,0.428815096616745,Grad/mlp.fc2.lora_B,outputs_dev/vitb16/T=vtab_Q=3bit_L=lora_2_qkv-fc1-proj-fc2/cifar/20260114184203_default_acc=53.50/tensorboard/Grad_mlp.fc2.lora_B_block_0/events.out.tfevents.1768387349.master-192-168-8-48.1680.8,mlp.fc2.lora_B,0
1768388192.5086799,1414,44.21875,0.11353088915348053,Grad/mlp.fc2.lora_B,outputs_dev/vitb16/T=vtab_Q=3bit_L=lora_2_qkv-fc1-proj-fc2/cifar/20260114184203_default_acc=53.50/tensorboard/Grad_mlp.fc2.lora_B_block_0/events.out.tfevents.1768387349.master-192-168-8-48.1680.8,mlp.fc2.lora_B,0
1768388192.9314497,1415,44.25,0.15335382521152496,Grad/mlp.fc2.lora_B,outputs_dev/vitb16/T=vtab_Q=3bit_L=lora_2_qkv-fc1-proj-fc2/cifar/20260114184203_default_acc=53.50/tensorboard/Grad_mlp.fc2.lora_B_block_0/events.out.tfevents.1768387349.master-192-168-8-48.1680.8,mlp.fc2.lora_B,0
1768388193.3544228,1416,44.28125,0.18038056790828705,Grad/mlp.fc2.lora_B,outputs_dev/vitb16/T=vtab_Q=3bit_L=lora_2_qkv-fc1-proj-fc2/cifar/20260114184203_default_acc=53.50/tensorboard/Grad_mlp.fc2.lora_B_block_0/events.out.tfevents.1768387349.master-192-168-8-48.1680.8,mlp.fc2.lora_B,0
1768388193.7769294,1417,44.3125,0.20236535370349884,Grad/mlp.fc2.lora_B,outputs_dev/vitb16/T=vtab_Q=3bit_L=lora_2_qkv-fc1-proj-fc2/cifar/20260114184203_default_acc=53.50/tensorboard/Grad_mlp.fc2.lora_B_block_0/events.out.tfevents.1768387349.master-192-168-8-48.1680.8,mlp.fc2.lora_B,0
1768388194.1845462,1418,44.34375,0.7232571840286255,Grad/mlp.fc2.lora_B,outputs_dev/vitb16/T=vtab_Q=3bit_L=lora_2_qkv-fc1-proj-fc2/cifar/20260114184203_default_acc=53.50/tensorboard/Grad_mlp.fc2.lora_B_block_0/events.out.tfevents.1768387349.master-192-168-8-48.1680.8,mlp.fc2.lora_B,0
1768388194.606973,1419,44.375,0.34076449275016785,Grad/mlp.fc2.lora_B,outputs_dev/vitb16/T=vtab_Q=3bit_L=lora_2_qkv-fc1-proj-fc2/cifar/20260114184203_default_acc=53.50/tensorboard/Grad_mlp.fc2.lora_B_block_0/events.out.tfevents.1768387349.master-192-168-8-48.1680.8,mlp.fc2.lora_B,0
1768388195.0292513,1420,44.40625,0.4902242422103882,Grad/mlp.fc2.lora_B,outputs_dev/vitb16/T=vtab_Q=3bit_L=lora_2_qkv-fc1-proj-fc2/cifar/20260114184203_default_acc=53.50/tensorboard/Grad_mlp.fc2.lora_B_block_0/events.out.tfevents.1768387349.master-192-168-8-48.1680.8,mlp.fc2.lora_B,0
1768388195.4623666,1421,44.4375,0.18594184517860413,Grad/mlp.fc2.lora_B,outputs_dev/vitb16/T=vtab_Q=3bit_L=lora_2_qkv-fc1-proj-fc2/cifar/20260114184203_default_acc=53.50/tensorboard/Grad_mlp.fc2.lora_B_block_0/events.out.tfevents.1768387349.master-192-168-8-48.1680.8,mlp.fc2.lora_B,0
1768388195.8838055,1422,44.46875,0.20445024967193604,Grad/mlp.fc2.lora_B,outputs_dev/vitb16/T=vtab_Q=3bit_L=lora_2_qkv-fc1-proj-fc2/cifar/20260114184203_default_acc=53.50/tensorboard/Grad_mlp.fc2.lora_B_block_0/events.out.tfevents.1768387349.master-192-168-8-48.1680.8,mlp.fc2.lora_B,0
1768388196.3261213,1423,44.5,1.0089906454086304,Grad/mlp.fc2.lora_B,outputs_dev/vitb16/T=vtab_Q=3bit_L=lora_2_qkv-fc1-proj-fc2/cifar/20260114184203_default_acc=53.50/tensorboard/Grad_mlp.fc2.lora_B_block_0/events.out.tfevents.1768387349.master-192-168-8-48.1680.8,mlp.fc2.lora_B,0
1768388196.7620616,1424,44.53125,0.45330455899238586,Grad/mlp.fc2.lora_B,outputs_dev/vitb16/T=vtab_Q=3bit_L=lora_2_qkv-fc1-proj-fc2/cifar/20260114184203_default_acc=53.50/tensorboard/Grad_mlp.fc2.lora_B_block_0/events.out.tfevents.1768387349.master-192-168-8-48.1680.8,mlp.fc2.lora_B,0
1768388197.1972203,1425,44.5625,0.3398278057575226,Grad/mlp.fc2.lora_B,outputs_dev/vitb16/T=vtab_Q=3bit_L=lora_2_qkv-fc1-proj-fc2/cifar/20260114184203_default_acc=53.50/tensorboard/Grad_mlp.fc2.lora_B_block_0/events.out.tfevents.1768387349.master-192-168-8-48.1680.8,mlp.fc2.lora_B,0
1768388197.616012,1426,44.59375,0.2983059585094452,Grad/mlp.fc2.lora_B,outputs_dev/vitb16/T=vtab_Q=3bit_L=lora_2_qkv-fc1-proj-fc2/cifar/20260114184203_default_acc=53.50/tensorboard/Grad_mlp.fc2.lora_B_block_0/events.out.tfevents.1768387349.master-192-168-8-48.1680.8,mlp.fc2.lora_B,0
1768388198.0402784,1427,44.625,0.2442621886730194,Grad/mlp.fc2.lora_B,outputs_dev/vitb16/T=vtab_Q=3bit_L=lora_2_qkv-fc1-proj-fc2/cifar/20260114184203_default_acc=53.50/tensorboard/Grad_mlp.fc2.lora_B_block_0/events.out.tfevents.1768387349.master-192-168-8-48.1680.8,mlp.fc2.lora_B,0
1768388198.4465702,1428,44.65625,0.1762751042842865,Grad/mlp.fc2.lora_B,outputs_dev/vitb16/T=vtab_Q=3bit_L=lora_2_qkv-fc1-proj-fc2/cifar/20260114184203_default_acc=53.50/tensorboard/Grad_mlp.fc2.lora_B_block_0/events.out.tfevents.1768387349.master-192-168-8-48.1680.8,mlp.fc2.lora_B,0
1768388198.8829844,1429,44.6875,0.3453632891178131,Grad/mlp.fc2.lora_B,outputs_dev/vitb16/T=vtab_Q=3bit_L=lora_2_qkv-fc1-proj-fc2/cifar/20260114184203_default_acc=53.50/tensorboard/Grad_mlp.fc2.lora_B_block_0/events.out.tfevents.1768387349.master-192-168-8-48.1680.8,mlp.fc2.lora_B,0
1768388199.304199,1430,44.71875,0.2923988997936249,Grad/mlp.fc2.lora_B,outputs_dev/vitb16/T=vtab_Q=3bit_L=lora_2_qkv-fc1-proj-fc2/cifar/20260114184203_default_acc=53.50/tensorboard/Grad_mlp.fc2.lora_B_block_0/events.out.tfevents.1768387349.master-192-168-8-48.1680.8,mlp.fc2.lora_B,0
1768388199.723655,1431,44.75,0.6124445796012878,Grad/mlp.fc2.lora_B,outputs_dev/vitb16/T=vtab_Q=3bit_L=lora_2_qkv-fc1-proj-fc2/cifar/20260114184203_default_acc=53.50/tensorboard/Grad_mlp.fc2.lora_B_block_0/events.out.tfevents.1768387349.master-192-168-8-48.1680.8,mlp.fc2.lora_B,0
1768388200.1449296,1432,44.78125,0.592731237411499,Grad/mlp.fc2.lora_B,outputs_dev/vitb16/T=vtab_Q=3bit_L=lora_2_qkv-fc1-proj-fc2/cifar/20260114184203_default_acc=53.50/tensorboard/Grad_mlp.fc2.lora_B_block_0/events.out.tfevents.1768387349.master-192-168-8-48.1680.8,mlp.fc2.lora_B,0
1768388200.565109,1433,44.8125,0.7620988488197327,Grad/mlp.fc2.lora_B,outputs_dev/vitb16/T=vtab_Q=3bit_L=lora_2_qkv-fc1-proj-fc2/cifar/20260114184203_default_acc=53.50/tensorboard/Grad_mlp.fc2.lora_B_block_0/events.out.tfevents.1768387349.master-192-168-8-48.1680.8,mlp.fc2.lora_B,0
1768388200.9759192,1434,44.84375,0.21105532348155975,Grad/mlp.fc2.lora_B,outputs_dev/vitb16/T=vtab_Q=3bit_L=lora_2_qkv-fc1-proj-fc2/cifar/20260114184203_default_acc=53.50/tensorboard/Grad_mlp.fc2.lora_B_block_0/events.out.tfevents.1768387349.master-192-168-8-48.1680.8,mlp.fc2.lora_B,0
1768388201.3962684,1435,44.875,0.26890718936920166,Grad/mlp.fc2.lora_B,outputs_dev/vitb16/T=vtab_Q=3bit_L=lora_2_qkv-fc1-proj-fc2/cifar/20260114184203_default_acc=53.50/tensorboard/Grad_mlp.fc2.lora_B_block_0/events.out.tfevents.1768387349.master-192-168-8-48.1680.8,mlp.fc2.lora_B,0
1768388201.8162637,1436,44.90625,0.6751294732093811,Grad/mlp.fc2.lora_B,outputs_dev/vitb16/T=vtab_Q=3bit_L=lora_2_qkv-fc1-proj-fc2/cifar/20260114184203_default_acc=53.50/tensorboard/Grad_mlp.fc2.lora_B_block_0/events.out.tfevents.1768387349.master-192-168-8-48.1680.8,mlp.fc2.lora_B,0
1768388202.247282,1437,44.9375,0.14419662952423096,Grad/mlp.fc2.lora_B,outputs_dev/vitb16/T=vtab_Q=3bit_L=lora_2_qkv-fc1-proj-fc2/cifar/20260114184203_default_acc=53.50/tensorboard/Grad_mlp.fc2.lora_B_block_0/events.out.tfevents.1768387349.master-192-168-8-48.1680.8,mlp.fc2.lora_B,0
1768388202.6656132,1438,44.96875,0.3903542459011078,Grad/mlp.fc2.lora_B,outputs_dev/vitb16/T=vtab_Q=3bit_L=lora_2_qkv-fc1-proj-fc2/cifar/20260114184203_default_acc=53.50/tensorboard/Grad_mlp.fc2.lora_B_block_0/events.out.tfevents.1768387349.master-192-168-8-48.1680.8,mlp.fc2.lora_B,0
1768388202.9075637,1439,45.0,0.5038862228393555,Grad/mlp.fc2.lora_B,outputs_dev/vitb16/T=vtab_Q=3bit_L=lora_2_qkv-fc1-proj-fc2/cifar/20260114184203_default_acc=53.50/tensorboard/Grad_mlp.fc2.lora_B_block_0/events.out.tfevents.1768387349.master-192-168-8-48.1680.8,mlp.fc2.lora_B,0
1768388203.6039574,1440,45.03125,0.25603094696998596,Grad/mlp.fc2.lora_B,outputs_dev/vitb16/T=vtab_Q=3bit_L=lora_2_qkv-fc1-proj-fc2/cifar/20260114184203_default_acc=53.50/tensorboard/Grad_mlp.fc2.lora_B_block_0/events.out.tfevents.1768387349.master-192-168-8-48.1680.8,mlp.fc2.lora_B,0
1768388204.0438542,1441,45.0625,0.2692722678184509,Grad/mlp.fc2.lora_B,outputs_dev/vitb16/T=vtab_Q=3bit_L=lora_2_qkv-fc1-proj-fc2/cifar/20260114184203_default_acc=53.50/tensorboard/Grad_mlp.fc2.lora_B_block_0/events.out.tfevents.1768387349.master-192-168-8-48.1680.8,mlp.fc2.lora_B,0
1768388204.4968402,1442,45.09375,0.33326712250709534,Grad/mlp.fc2.lora_B,outputs_dev/vitb16/T=vtab_Q=3bit_L=lora_2_qkv-fc1-proj-fc2/cifar/20260114184203_default_acc=53.50/tensorboard/Grad_mlp.fc2.lora_B_block_0/events.out.tfevents.1768387349.master-192-168-8-48.1680.8,mlp.fc2.lora_B,0
1768388204.9413216,1443,45.125,0.17285209894180298,Grad/mlp.fc2.lora_B,outputs_dev/vitb16/T=vtab_Q=3bit_L=lora_2_qkv-fc1-proj-fc2/cifar/20260114184203_default_acc=53.50/tensorboard/Grad_mlp.fc2.lora_B_block_0/events.out.tfevents.1768387349.master-192-168-8-48.1680.8,mlp.fc2.lora_B,0
1768388205.366556,1444,45.15625,0.281005322933197,Grad/mlp.fc2.lora_B,outputs_dev/vitb16/T=vtab_Q=3bit_L=lora_2_qkv-fc1-proj-fc2/cifar/20260114184203_default_acc=53.50/tensorboard/Grad_mlp.fc2.lora_B_block_0/events.out.tfevents.1768387349.master-192-168-8-48.1680.8,mlp.fc2.lora_B,0
1768388205.7887552,1445,45.1875,0.26274463534355164,Grad/mlp.fc2.lora_B,outputs_dev/vitb16/T=vtab_Q=3bit_L=lora_2_qkv-fc1-proj-fc2/cifar/20260114184203_default_acc=53.50/tensorboard/Grad_mlp.fc2.lora_B_block_0/events.out.tfevents.1768387349.master-192-168-8-48.1680.8,mlp.fc2.lora_B,0
1768388206.2205698,1446,45.21875,0.2870219647884369,Grad/mlp.fc2.lora_B,outputs_dev/vitb16/T=vtab_Q=3bit_L=lora_2_qkv-fc1-proj-fc2/cifar/20260114184203_default_acc=53.50/tensorboard/Grad_mlp.fc2.lora_B_block_0/events.out.tfevents.1768387349.master-192-168-8-48.1680.8,mlp.fc2.lora_B,0
1768388206.6584494,1447,45.25,0.1251433789730072,Grad/mlp.fc2.lora_B,outputs_dev/vitb16/T=vtab_Q=3bit_L=lora_2_qkv-fc1-proj-fc2/cifar/20260114184203_default_acc=53.50/tensorboard/Grad_mlp.fc2.lora_B_block_0/events.out.tfevents.1768387349.master-192-168-8-48.1680.8,mlp.fc2.lora_B,0
1768388207.080288,1448,45.28125,0.6344863772392273,Grad/mlp.fc2.lora_B,outputs_dev/vitb16/T=vtab_Q=3bit_L=lora_2_qkv-fc1-proj-fc2/cifar/20260114184203_default_acc=53.50/tensorboard/Grad_mlp.fc2.lora_B_block_0/events.out.tfevents.1768387349.master-192-168-8-48.1680.8,mlp.fc2.lora_B,0
1768388207.5028949,1449,45.3125,0.545867383480072,Grad/mlp.fc2.lora_B,outputs_dev/vitb16/T=vtab_Q=3bit_L=lora_2_qkv-fc1-proj-fc2/cifar/20260114184203_default_acc=53.50/tensorboard/Grad_mlp.fc2.lora_B_block_0/events.out.tfevents.1768387349.master-192-168-8-48.1680.8,mlp.fc2.lora_B,0
1768388207.9237497,1450,45.34375,0.5740288496017456,Grad/mlp.fc2.lora_B,outputs_dev/vitb16/T=vtab_Q=3bit_L=lora_2_qkv-fc1-proj-fc2/cifar/20260114184203_default_acc=53.50/tensorboard/Grad_mlp.fc2.lora_B_block_0/events.out.tfevents.1768387349.master-192-168-8-48.1680.8,mlp.fc2.lora_B,0
1768388208.356182,1451,45.375,0.348923921585083,Grad/mlp.fc2.lora_B,outputs_dev/vitb16/T=vtab_Q=3bit_L=lora_2_qkv-fc1-proj-fc2/cifar/20260114184203_default_acc=53.50/tensorboard/Grad_mlp.fc2.lora_B_block_0/events.out.tfevents.1768387349.master-192-168-8-48.1680.8,mlp.fc2.lora_B,0
1768388208.790071,1452,45.40625,0.3347231149673462,Grad/mlp.fc2.lora_B,outputs_dev/vitb16/T=vtab_Q=3bit_L=lora_2_qkv-fc1-proj-fc2/cifar/20260114184203_default_acc=53.50/tensorboard/Grad_mlp.fc2.lora_B_block_0/events.out.tfevents.1768387349.master-192-168-8-48.1680.8,mlp.fc2.lora_B,0
1768388209.2141252,1453,45.4375,0.9235949516296387,Grad/mlp.fc2.lora_B,outputs_dev/vitb16/T=vtab_Q=3bit_L=lora_2_qkv-fc1-proj-fc2/cifar/20260114184203_default_acc=53.50/tensorboard/Grad_mlp.fc2.lora_B_block_0/events.out.tfevents.1768387349.master-192-168-8-48.1680.8,mlp.fc2.lora_B,0
1768388209.6459043,1454,45.46875,0.24193818867206573,Grad/mlp.fc2.lora_B,outputs_dev/vitb16/T=vtab_Q=3bit_L=lora_2_qkv-fc1-proj-fc2/cifar/20260114184203_default_acc=53.50/tensorboard/Grad_mlp.fc2.lora_B_block_0/events.out.tfevents.1768387349.master-192-168-8-48.1680.8,mlp.fc2.lora_B,0
1768388210.0814545,1455,45.5,0.42607617378234863,Grad/mlp.fc2.lora_B,outputs_dev/vitb16/T=vtab_Q=3bit_L=lora_2_qkv-fc1-proj-fc2/cifar/20260114184203_default_acc=53.50/tensorboard/Grad_mlp.fc2.lora_B_block_0/events.out.tfevents.1768387349.master-192-168-8-48.1680.8,mlp.fc2.lora_B,0
1768388210.525567,1456,45.53125,0.3526591360569,Grad/mlp.fc2.lora_B,outputs_dev/vitb16/T=vtab_Q=3bit_L=lora_2_qkv-fc1-proj-fc2/cifar/20260114184203_default_acc=53.50/tensorboard/Grad_mlp.fc2.lora_B_block_0/events.out.tfevents.1768387349.master-192-168-8-48.1680.8,mlp.fc2.lora_B,0
1768388210.9564238,1457,45.5625,0.19440032541751862,Grad/mlp.fc2.lora_B,outputs_dev/vitb16/T=vtab_Q=3bit_L=lora_2_qkv-fc1-proj-fc2/cifar/20260114184203_default_acc=53.50/tensorboard/Grad_mlp.fc2.lora_B_block_0/events.out.tfevents.1768387349.master-192-168-8-48.1680.8,mlp.fc2.lora_B,0
1768388211.4010708,1458,45.59375,0.3504852056503296,Grad/mlp.fc2.lora_B,outputs_dev/vitb16/T=vtab_Q=3bit_L=lora_2_qkv-fc1-proj-fc2/cifar/20260114184203_default_acc=53.50/tensorboard/Grad_mlp.fc2.lora_B_block_0/events.out.tfevents.1768387349.master-192-168-8-48.1680.8,mlp.fc2.lora_B,0
1768388211.8218215,1459,45.625,0.6092496514320374,Grad/mlp.fc2.lora_B,outputs_dev/vitb16/T=vtab_Q=3bit_L=lora_2_qkv-fc1-proj-fc2/cifar/20260114184203_default_acc=53.50/tensorboard/Grad_mlp.fc2.lora_B_block_0/events.out.tfevents.1768387349.master-192-168-8-48.1680.8,mlp.fc2.lora_B,0
1768388212.262006,1460,45.65625,0.4371460974216461,Grad/mlp.fc2.lora_B,outputs_dev/vitb16/T=vtab_Q=3bit_L=lora_2_qkv-fc1-proj-fc2/cifar/20260114184203_default_acc=53.50/tensorboard/Grad_mlp.fc2.lora_B_block_0/events.out.tfevents.1768387349.master-192-168-8-48.1680.8,mlp.fc2.lora_B,0
1768388212.6896787,1461,45.6875,0.34050580859184265,Grad/mlp.fc2.lora_B,outputs_dev/vitb16/T=vtab_Q=3bit_L=lora_2_qkv-fc1-proj-fc2/cifar/20260114184203_default_acc=53.50/tensorboard/Grad_mlp.fc2.lora_B_block_0/events.out.tfevents.1768387349.master-192-168-8-48.1680.8,mlp.fc2.lora_B,0
1768388213.1239061,1462,45.71875,0.4425085783004761,Grad/mlp.fc2.lora_B,outputs_dev/vitb16/T=vtab_Q=3bit_L=lora_2_qkv-fc1-proj-fc2/cifar/20260114184203_default_acc=53.50/tensorboard/Grad_mlp.fc2.lora_B_block_0/events.out.tfevents.1768387349.master-192-168-8-48.1680.8,mlp.fc2.lora_B,0
1768388213.5353577,1463,45.75,0.20461317896842957,Grad/mlp.fc2.lora_B,outputs_dev/vitb16/T=vtab_Q=3bit_L=lora_2_qkv-fc1-proj-fc2/cifar/20260114184203_default_acc=53.50/tensorboard/Grad_mlp.fc2.lora_B_block_0/events.out.tfevents.1768387349.master-192-168-8-48.1680.8,mlp.fc2.lora_B,0
1768388213.9577448,1464,45.78125,0.6241615414619446,Grad/mlp.fc2.lora_B,outputs_dev/vitb16/T=vtab_Q=3bit_L=lora_2_qkv-fc1-proj-fc2/cifar/20260114184203_default_acc=53.50/tensorboard/Grad_mlp.fc2.lora_B_block_0/events.out.tfevents.1768387349.master-192-168-8-48.1680.8,mlp.fc2.lora_B,0
1768388214.3807755,1465,45.8125,0.1346834897994995,Grad/mlp.fc2.lora_B,outputs_dev/vitb16/T=vtab_Q=3bit_L=lora_2_qkv-fc1-proj-fc2/cifar/20260114184203_default_acc=53.50/tensorboard/Grad_mlp.fc2.lora_B_block_0/events.out.tfevents.1768387349.master-192-168-8-48.1680.8,mlp.fc2.lora_B,0
1768388214.8021886,1466,45.84375,0.1565808355808258,Grad/mlp.fc2.lora_B,outputs_dev/vitb16/T=vtab_Q=3bit_L=lora_2_qkv-fc1-proj-fc2/cifar/20260114184203_default_acc=53.50/tensorboard/Grad_mlp.fc2.lora_B_block_0/events.out.tfevents.1768387349.master-192-168-8-48.1680.8,mlp.fc2.lora_B,0
1768388215.2232773,1467,45.875,0.6339053511619568,Grad/mlp.fc2.lora_B,outputs_dev/vitb16/T=vtab_Q=3bit_L=lora_2_qkv-fc1-proj-fc2/cifar/20260114184203_default_acc=53.50/tensorboard/Grad_mlp.fc2.lora_B_block_0/events.out.tfevents.1768387349.master-192-168-8-48.1680.8,mlp.fc2.lora_B,0
1768388215.6455102,1468,45.90625,0.299996554851532,Grad/mlp.fc2.lora_B,outputs_dev/vitb16/T=vtab_Q=3bit_L=lora_2_qkv-fc1-proj-fc2/cifar/20260114184203_default_acc=53.50/tensorboard/Grad_mlp.fc2.lora_B_block_0/events.out.tfevents.1768387349.master-192-168-8-48.1680.8,mlp.fc2.lora_B,0
1768388216.066792,1469,45.9375,0.6348963379859924,Grad/mlp.fc2.lora_B,outputs_dev/vitb16/T=vtab_Q=3bit_L=lora_2_qkv-fc1-proj-fc2/cifar/20260114184203_default_acc=53.50/tensorboard/Grad_mlp.fc2.lora_B_block_0/events.out.tfevents.1768387349.master-192-168-8-48.1680.8,mlp.fc2.lora_B,0
1768388216.4875088,1470,45.96875,0.31832003593444824,Grad/mlp.fc2.lora_B,outputs_dev/vitb16/T=vtab_Q=3bit_L=lora_2_qkv-fc1-proj-fc2/cifar/20260114184203_default_acc=53.50/tensorboard/Grad_mlp.fc2.lora_B_block_0/events.out.tfevents.1768387349.master-192-168-8-48.1680.8,mlp.fc2.lora_B,0
1768388216.6968722,1471,46.0,0.1316148340702057,Grad/mlp.fc2.lora_B,outputs_dev/vitb16/T=vtab_Q=3bit_L=lora_2_qkv-fc1-proj-fc2/cifar/20260114184203_default_acc=53.50/tensorboard/Grad_mlp.fc2.lora_B_block_0/events.out.tfevents.1768387349.master-192-168-8-48.1680.8,mlp.fc2.lora_B,0
1768388217.3740382,1472,46.03125,0.32542821764945984,Grad/mlp.fc2.lora_B,outputs_dev/vitb16/T=vtab_Q=3bit_L=lora_2_qkv-fc1-proj-fc2/cifar/20260114184203_default_acc=53.50/tensorboard/Grad_mlp.fc2.lora_B_block_0/events.out.tfevents.1768387349.master-192-168-8-48.1680.8,mlp.fc2.lora_B,0
1768388217.8044958,1473,46.0625,0.7609196901321411,Grad/mlp.fc2.lora_B,outputs_dev/vitb16/T=vtab_Q=3bit_L=lora_2_qkv-fc1-proj-fc2/cifar/20260114184203_default_acc=53.50/tensorboard/Grad_mlp.fc2.lora_B_block_0/events.out.tfevents.1768387349.master-192-168-8-48.1680.8,mlp.fc2.lora_B,0
1768388218.2335021,1474,46.09375,0.5388278961181641,Grad/mlp.fc2.lora_B,outputs_dev/vitb16/T=vtab_Q=3bit_L=lora_2_qkv-fc1-proj-fc2/cifar/20260114184203_default_acc=53.50/tensorboard/Grad_mlp.fc2.lora_B_block_0/events.out.tfevents.1768387349.master-192-168-8-48.1680.8,mlp.fc2.lora_B,0
1768388218.664722,1475,46.125,0.28363022208213806,Grad/mlp.fc2.lora_B,outputs_dev/vitb16/T=vtab_Q=3bit_L=lora_2_qkv-fc1-proj-fc2/cifar/20260114184203_default_acc=53.50/tensorboard/Grad_mlp.fc2.lora_B_block_0/events.out.tfevents.1768387349.master-192-168-8-48.1680.8,mlp.fc2.lora_B,0
1768388219.094917,1476,46.15625,0.3818599283695221,Grad/mlp.fc2.lora_B,outputs_dev/vitb16/T=vtab_Q=3bit_L=lora_2_qkv-fc1-proj-fc2/cifar/20260114184203_default_acc=53.50/tensorboard/Grad_mlp.fc2.lora_B_block_0/events.out.tfevents.1768387349.master-192-168-8-48.1680.8,mlp.fc2.lora_B,0
1768388219.540527,1477,46.1875,0.360847532749176,Grad/mlp.fc2.lora_B,outputs_dev/vitb16/T=vtab_Q=3bit_L=lora_2_qkv-fc1-proj-fc2/cifar/20260114184203_default_acc=53.50/tensorboard/Grad_mlp.fc2.lora_B_block_0/events.out.tfevents.1768387349.master-192-168-8-48.1680.8,mlp.fc2.lora_B,0
1768388219.980388,1478,46.21875,0.16419322788715363,Grad/mlp.fc2.lora_B,outputs_dev/vitb16/T=vtab_Q=3bit_L=lora_2_qkv-fc1-proj-fc2/cifar/20260114184203_default_acc=53.50/tensorboard/Grad_mlp.fc2.lora_B_block_0/events.out.tfevents.1768387349.master-192-168-8-48.1680.8,mlp.fc2.lora_B,0
1768388220.3946435,1479,46.25,0.7116230726242065,Grad/mlp.fc2.lora_B,outputs_dev/vitb16/T=vtab_Q=3bit_L=lora_2_qkv-fc1-proj-fc2/cifar/20260114184203_default_acc=53.50/tensorboard/Grad_mlp.fc2.lora_B_block_0/events.out.tfevents.1768387349.master-192-168-8-48.1680.8,mlp.fc2.lora_B,0
1768388220.8209066,1480,46.28125,0.14722149074077606,Grad/mlp.fc2.lora_B,outputs_dev/vitb16/T=vtab_Q=3bit_L=lora_2_qkv-fc1-proj-fc2/cifar/20260114184203_default_acc=53.50/tensorboard/Grad_mlp.fc2.lora_B_block_0/events.out.tfevents.1768387349.master-192-168-8-48.1680.8,mlp.fc2.lora_B,0
1768388221.2601962,1481,46.3125,0.32736116647720337,Grad/mlp.fc2.lora_B,outputs_dev/vitb16/T=vtab_Q=3bit_L=lora_2_qkv-fc1-proj-fc2/cifar/20260114184203_default_acc=53.50/tensorboard/Grad_mlp.fc2.lora_B_block_0/events.out.tfevents.1768387349.master-192-168-8-48.1680.8,mlp.fc2.lora_B,0
1768388221.6995008,1482,46.34375,0.19851180911064148,Grad/mlp.fc2.lora_B,outputs_dev/vitb16/T=vtab_Q=3bit_L=lora_2_qkv-fc1-proj-fc2/cifar/20260114184203_default_acc=53.50/tensorboard/Grad_mlp.fc2.lora_B_block_0/events.out.tfevents.1768387349.master-192-168-8-48.1680.8,mlp.fc2.lora_B,0
1768388222.1420333,1483,46.375,0.14784279465675354,Grad/mlp.fc2.lora_B,outputs_dev/vitb16/T=vtab_Q=3bit_L=lora_2_qkv-fc1-proj-fc2/cifar/20260114184203_default_acc=53.50/tensorboard/Grad_mlp.fc2.lora_B_block_0/events.out.tfevents.1768387349.master-192-168-8-48.1680.8,mlp.fc2.lora_B,0
1768388222.5913236,1484,46.40625,0.308068186044693,Grad/mlp.fc2.lora_B,outputs_dev/vitb16/T=vtab_Q=3bit_L=lora_2_qkv-fc1-proj-fc2/cifar/20260114184203_default_acc=53.50/tensorboard/Grad_mlp.fc2.lora_B_block_0/events.out.tfevents.1768387349.master-192-168-8-48.1680.8,mlp.fc2.lora_B,0
1768388223.0287893,1485,46.4375,0.19279807806015015,Grad/mlp.fc2.lora_B,outputs_dev/vitb16/T=vtab_Q=3bit_L=lora_2_qkv-fc1-proj-fc2/cifar/20260114184203_default_acc=53.50/tensorboard/Grad_mlp.fc2.lora_B_block_0/events.out.tfevents.1768387349.master-192-168-8-48.1680.8,mlp.fc2.lora_B,0
1768388223.4547226,1486,46.46875,0.21984510123729706,Grad/mlp.fc2.lora_B,outputs_dev/vitb16/T=vtab_Q=3bit_L=lora_2_qkv-fc1-proj-fc2/cifar/20260114184203_default_acc=53.50/tensorboard/Grad_mlp.fc2.lora_B_block_0/events.out.tfevents.1768387349.master-192-168-8-48.1680.8,mlp.fc2.lora_B,0
1768388223.8893726,1487,46.5,0.47416824102401733,Grad/mlp.fc2.lora_B,outputs_dev/vitb16/T=vtab_Q=3bit_L=lora_2_qkv-fc1-proj-fc2/cifar/20260114184203_default_acc=53.50/tensorboard/Grad_mlp.fc2.lora_B_block_0/events.out.tfevents.1768387349.master-192-168-8-48.1680.8,mlp.fc2.lora_B,0
1768388224.324896,1488,46.53125,0.24441643059253693,Grad/mlp.fc2.lora_B,outputs_dev/vitb16/T=vtab_Q=3bit_L=lora_2_qkv-fc1-proj-fc2/cifar/20260114184203_default_acc=53.50/tensorboard/Grad_mlp.fc2.lora_B_block_0/events.out.tfevents.1768387349.master-192-168-8-48.1680.8,mlp.fc2.lora_B,0
1768388224.7576385,1489,46.5625,0.2419830709695816,Grad/mlp.fc2.lora_B,outputs_dev/vitb16/T=vtab_Q=3bit_L=lora_2_qkv-fc1-proj-fc2/cifar/20260114184203_default_acc=53.50/tensorboard/Grad_mlp.fc2.lora_B_block_0/events.out.tfevents.1768387349.master-192-168-8-48.1680.8,mlp.fc2.lora_B,0
1768388225.1926615,1490,46.59375,0.3162985146045685,Grad/mlp.fc2.lora_B,outputs_dev/vitb16/T=vtab_Q=3bit_L=lora_2_qkv-fc1-proj-fc2/cifar/20260114184203_default_acc=53.50/tensorboard/Grad_mlp.fc2.lora_B_block_0/events.out.tfevents.1768387349.master-192-168-8-48.1680.8,mlp.fc2.lora_B,0
1768388225.629475,1491,46.625,0.13957975804805756,Grad/mlp.fc2.lora_B,outputs_dev/vitb16/T=vtab_Q=3bit_L=lora_2_qkv-fc1-proj-fc2/cifar/20260114184203_default_acc=53.50/tensorboard/Grad_mlp.fc2.lora_B_block_0/events.out.tfevents.1768387349.master-192-168-8-48.1680.8,mlp.fc2.lora_B,0
1768388226.0646055,1492,46.65625,0.16105258464813232,Grad/mlp.fc2.lora_B,outputs_dev/vitb16/T=vtab_Q=3bit_L=lora_2_qkv-fc1-proj-fc2/cifar/20260114184203_default_acc=53.50/tensorboard/Grad_mlp.fc2.lora_B_block_0/events.out.tfevents.1768387349.master-192-168-8-48.1680.8,mlp.fc2.lora_B,0
1768388226.5031369,1493,46.6875,0.3452722430229187,Grad/mlp.fc2.lora_B,outputs_dev/vitb16/T=vtab_Q=3bit_L=lora_2_qkv-fc1-proj-fc2/cifar/20260114184203_default_acc=53.50/tensorboard/Grad_mlp.fc2.lora_B_block_0/events.out.tfevents.1768387349.master-192-168-8-48.1680.8,mlp.fc2.lora_B,0
1768388226.9239829,1494,46.71875,0.4353965222835541,Grad/mlp.fc2.lora_B,outputs_dev/vitb16/T=vtab_Q=3bit_L=lora_2_qkv-fc1-proj-fc2/cifar/20260114184203_default_acc=53.50/tensorboard/Grad_mlp.fc2.lora_B_block_0/events.out.tfevents.1768387349.master-192-168-8-48.1680.8,mlp.fc2.lora_B,0
1768388227.3601398,1495,46.75,0.41173040866851807,Grad/mlp.fc2.lora_B,outputs_dev/vitb16/T=vtab_Q=3bit_L=lora_2_qkv-fc1-proj-fc2/cifar/20260114184203_default_acc=53.50/tensorboard/Grad_mlp.fc2.lora_B_block_0/events.out.tfevents.1768387349.master-192-168-8-48.1680.8,mlp.fc2.lora_B,0
1768388227.7934997,1496,46.78125,0.23065100610256195,Grad/mlp.fc2.lora_B,outputs_dev/vitb16/T=vtab_Q=3bit_L=lora_2_qkv-fc1-proj-fc2/cifar/20260114184203_default_acc=53.50/tensorboard/Grad_mlp.fc2.lora_B_block_0/events.out.tfevents.1768387349.master-192-168-8-48.1680.8,mlp.fc2.lora_B,0
1768388228.226975,1497,46.8125,0.14880919456481934,Grad/mlp.fc2.lora_B,outputs_dev/vitb16/T=vtab_Q=3bit_L=lora_2_qkv-fc1-proj-fc2/cifar/20260114184203_default_acc=53.50/tensorboard/Grad_mlp.fc2.lora_B_block_0/events.out.tfevents.1768387349.master-192-168-8-48.1680.8,mlp.fc2.lora_B,0
1768388228.661279,1498,46.84375,0.2483605146408081,Grad/mlp.fc2.lora_B,outputs_dev/vitb16/T=vtab_Q=3bit_L=lora_2_qkv-fc1-proj-fc2/cifar/20260114184203_default_acc=53.50/tensorboard/Grad_mlp.fc2.lora_B_block_0/events.out.tfevents.1768387349.master-192-168-8-48.1680.8,mlp.fc2.lora_B,0
1768388229.0836134,1499,46.875,0.5976480841636658,Grad/mlp.fc2.lora_B,outputs_dev/vitb16/T=vtab_Q=3bit_L=lora_2_qkv-fc1-proj-fc2/cifar/20260114184203_default_acc=53.50/tensorboard/Grad_mlp.fc2.lora_B_block_0/events.out.tfevents.1768387349.master-192-168-8-48.1680.8,mlp.fc2.lora_B,0
1768388229.5222497,1500,46.90625,0.08845487982034683,Grad/mlp.fc2.lora_B,outputs_dev/vitb16/T=vtab_Q=3bit_L=lora_2_qkv-fc1-proj-fc2/cifar/20260114184203_default_acc=53.50/tensorboard/Grad_mlp.fc2.lora_B_block_0/events.out.tfevents.1768387349.master-192-168-8-48.1680.8,mlp.fc2.lora_B,0
1768388229.9713607,1501,46.9375,0.16968655586242676,Grad/mlp.fc2.lora_B,outputs_dev/vitb16/T=vtab_Q=3bit_L=lora_2_qkv-fc1-proj-fc2/cifar/20260114184203_default_acc=53.50/tensorboard/Grad_mlp.fc2.lora_B_block_0/events.out.tfevents.1768387349.master-192-168-8-48.1680.8,mlp.fc2.lora_B,0
1768388230.4124649,1502,46.96875,0.49420568346977234,Grad/mlp.fc2.lora_B,outputs_dev/vitb16/T=vtab_Q=3bit_L=lora_2_qkv-fc1-proj-fc2/cifar/20260114184203_default_acc=53.50/tensorboard/Grad_mlp.fc2.lora_B_block_0/events.out.tfevents.1768387349.master-192-168-8-48.1680.8,mlp.fc2.lora_B,0
1768388230.6365552,1503,47.0,0.2736472487449646,Grad/mlp.fc2.lora_B,outputs_dev/vitb16/T=vtab_Q=3bit_L=lora_2_qkv-fc1-proj-fc2/cifar/20260114184203_default_acc=53.50/tensorboard/Grad_mlp.fc2.lora_B_block_0/events.out.tfevents.1768387349.master-192-168-8-48.1680.8,mlp.fc2.lora_B,0
1768388231.3394458,1504,47.03125,0.8102251291275024,Grad/mlp.fc2.lora_B,outputs_dev/vitb16/T=vtab_Q=3bit_L=lora_2_qkv-fc1-proj-fc2/cifar/20260114184203_default_acc=53.50/tensorboard/Grad_mlp.fc2.lora_B_block_0/events.out.tfevents.1768387349.master-192-168-8-48.1680.8,mlp.fc2.lora_B,0
1768388231.770437,1505,47.0625,0.16565795242786407,Grad/mlp.fc2.lora_B,outputs_dev/vitb16/T=vtab_Q=3bit_L=lora_2_qkv-fc1-proj-fc2/cifar/20260114184203_default_acc=53.50/tensorboard/Grad_mlp.fc2.lora_B_block_0/events.out.tfevents.1768387349.master-192-168-8-48.1680.8,mlp.fc2.lora_B,0
1768388232.2023175,1506,47.09375,0.3753337860107422,Grad/mlp.fc2.lora_B,outputs_dev/vitb16/T=vtab_Q=3bit_L=lora_2_qkv-fc1-proj-fc2/cifar/20260114184203_default_acc=53.50/tensorboard/Grad_mlp.fc2.lora_B_block_0/events.out.tfevents.1768387349.master-192-168-8-48.1680.8,mlp.fc2.lora_B,0
1768388232.6142046,1507,47.125,0.18600820004940033,Grad/mlp.fc2.lora_B,outputs_dev/vitb16/T=vtab_Q=3bit_L=lora_2_qkv-fc1-proj-fc2/cifar/20260114184203_default_acc=53.50/tensorboard/Grad_mlp.fc2.lora_B_block_0/events.out.tfevents.1768387349.master-192-168-8-48.1680.8,mlp.fc2.lora_B,0
1768388233.0402737,1508,47.15625,0.20312340557575226,Grad/mlp.fc2.lora_B,outputs_dev/vitb16/T=vtab_Q=3bit_L=lora_2_qkv-fc1-proj-fc2/cifar/20260114184203_default_acc=53.50/tensorboard/Grad_mlp.fc2.lora_B_block_0/events.out.tfevents.1768387349.master-192-168-8-48.1680.8,mlp.fc2.lora_B,0
1768388233.4668078,1509,47.1875,0.23374176025390625,Grad/mlp.fc2.lora_B,outputs_dev/vitb16/T=vtab_Q=3bit_L=lora_2_qkv-fc1-proj-fc2/cifar/20260114184203_default_acc=53.50/tensorboard/Grad_mlp.fc2.lora_B_block_0/events.out.tfevents.1768387349.master-192-168-8-48.1680.8,mlp.fc2.lora_B,0
1768388233.895125,1510,47.21875,0.40065789222717285,Grad/mlp.fc2.lora_B,outputs_dev/vitb16/T=vtab_Q=3bit_L=lora_2_qkv-fc1-proj-fc2/cifar/20260114184203_default_acc=53.50/tensorboard/Grad_mlp.fc2.lora_B_block_0/events.out.tfevents.1768387349.master-192-168-8-48.1680.8,mlp.fc2.lora_B,0
1768388234.3232048,1511,47.25,0.2776944041252136,Grad/mlp.fc2.lora_B,outputs_dev/vitb16/T=vtab_Q=3bit_L=lora_2_qkv-fc1-proj-fc2/cifar/20260114184203_default_acc=53.50/tensorboard/Grad_mlp.fc2.lora_B_block_0/events.out.tfevents.1768387349.master-192-168-8-48.1680.8,mlp.fc2.lora_B,0
1768388234.7629373,1512,47.28125,0.4886372685432434,Grad/mlp.fc2.lora_B,outputs_dev/vitb16/T=vtab_Q=3bit_L=lora_2_qkv-fc1-proj-fc2/cifar/20260114184203_default_acc=53.50/tensorboard/Grad_mlp.fc2.lora_B_block_0/events.out.tfevents.1768387349.master-192-168-8-48.1680.8,mlp.fc2.lora_B,0
1768388235.1913497,1513,47.3125,0.48060306906700134,Grad/mlp.fc2.lora_B,outputs_dev/vitb16/T=vtab_Q=3bit_L=lora_2_qkv-fc1-proj-fc2/cifar/20260114184203_default_acc=53.50/tensorboard/Grad_mlp.fc2.lora_B_block_0/events.out.tfevents.1768387349.master-192-168-8-48.1680.8,mlp.fc2.lora_B,0
1768388235.6209044,1514,47.34375,0.4101714491844177,Grad/mlp.fc2.lora_B,outputs_dev/vitb16/T=vtab_Q=3bit_L=lora_2_qkv-fc1-proj-fc2/cifar/20260114184203_default_acc=53.50/tensorboard/Grad_mlp.fc2.lora_B_block_0/events.out.tfevents.1768387349.master-192-168-8-48.1680.8,mlp.fc2.lora_B,0
1768388236.0662968,1515,47.375,0.13728681206703186,Grad/mlp.fc2.lora_B,outputs_dev/vitb16/T=vtab_Q=3bit_L=lora_2_qkv-fc1-proj-fc2/cifar/20260114184203_default_acc=53.50/tensorboard/Grad_mlp.fc2.lora_B_block_0/events.out.tfevents.1768387349.master-192-168-8-48.1680.8,mlp.fc2.lora_B,0
1768388236.4942136,1516,47.40625,0.15335367619991302,Grad/mlp.fc2.lora_B,outputs_dev/vitb16/T=vtab_Q=3bit_L=lora_2_qkv-fc1-proj-fc2/cifar/20260114184203_default_acc=53.50/tensorboard/Grad_mlp.fc2.lora_B_block_0/events.out.tfevents.1768387349.master-192-168-8-48.1680.8,mlp.fc2.lora_B,0
1768388236.9282465,1517,47.4375,0.3327813148498535,Grad/mlp.fc2.lora_B,outputs_dev/vitb16/T=vtab_Q=3bit_L=lora_2_qkv-fc1-proj-fc2/cifar/20260114184203_default_acc=53.50/tensorboard/Grad_mlp.fc2.lora_B_block_0/events.out.tfevents.1768387349.master-192-168-8-48.1680.8,mlp.fc2.lora_B,0
1768388237.3675327,1518,47.46875,0.30529069900512695,Grad/mlp.fc2.lora_B,outputs_dev/vitb16/T=vtab_Q=3bit_L=lora_2_qkv-fc1-proj-fc2/cifar/20260114184203_default_acc=53.50/tensorboard/Grad_mlp.fc2.lora_B_block_0/events.out.tfevents.1768387349.master-192-168-8-48.1680.8,mlp.fc2.lora_B,0
1768388237.8007143,1519,47.5,0.16067728400230408,Grad/mlp.fc2.lora_B,outputs_dev/vitb16/T=vtab_Q=3bit_L=lora_2_qkv-fc1-proj-fc2/cifar/20260114184203_default_acc=53.50/tensorboard/Grad_mlp.fc2.lora_B_block_0/events.out.tfevents.1768387349.master-192-168-8-48.1680.8,mlp.fc2.lora_B,0
1768388238.2221584,1520,47.53125,0.3929879367351532,Grad/mlp.fc2.lora_B,outputs_dev/vitb16/T=vtab_Q=3bit_L=lora_2_qkv-fc1-proj-fc2/cifar/20260114184203_default_acc=53.50/tensorboard/Grad_mlp.fc2.lora_B_block_0/events.out.tfevents.1768387349.master-192-168-8-48.1680.8,mlp.fc2.lora_B,0
1768388238.6458507,1521,47.5625,0.21783500909805298,Grad/mlp.fc2.lora_B,outputs_dev/vitb16/T=vtab_Q=3bit_L=lora_2_qkv-fc1-proj-fc2/cifar/20260114184203_default_acc=53.50/tensorboard/Grad_mlp.fc2.lora_B_block_0/events.out.tfevents.1768387349.master-192-168-8-48.1680.8,mlp.fc2.lora_B,0
1768388239.0704114,1522,47.59375,0.21358101069927216,Grad/mlp.fc2.lora_B,outputs_dev/vitb16/T=vtab_Q=3bit_L=lora_2_qkv-fc1-proj-fc2/cifar/20260114184203_default_acc=53.50/tensorboard/Grad_mlp.fc2.lora_B_block_0/events.out.tfevents.1768387349.master-192-168-8-48.1680.8,mlp.fc2.lora_B,0
1768388239.4942024,1523,47.625,0.2119414508342743,Grad/mlp.fc2.lora_B,outputs_dev/vitb16/T=vtab_Q=3bit_L=lora_2_qkv-fc1-proj-fc2/cifar/20260114184203_default_acc=53.50/tensorboard/Grad_mlp.fc2.lora_B_block_0/events.out.tfevents.1768387349.master-192-168-8-48.1680.8,mlp.fc2.lora_B,0
1768388239.9162385,1524,47.65625,0.43554890155792236,Grad/mlp.fc2.lora_B,outputs_dev/vitb16/T=vtab_Q=3bit_L=lora_2_qkv-fc1-proj-fc2/cifar/20260114184203_default_acc=53.50/tensorboard/Grad_mlp.fc2.lora_B_block_0/events.out.tfevents.1768387349.master-192-168-8-48.1680.8,mlp.fc2.lora_B,0
1768388240.3412483,1525,47.6875,0.3936595916748047,Grad/mlp.fc2.lora_B,outputs_dev/vitb16/T=vtab_Q=3bit_L=lora_2_qkv-fc1-proj-fc2/cifar/20260114184203_default_acc=53.50/tensorboard/Grad_mlp.fc2.lora_B_block_0/events.out.tfevents.1768387349.master-192-168-8-48.1680.8,mlp.fc2.lora_B,0
1768388240.7644792,1526,47.71875,0.22782088816165924,Grad/mlp.fc2.lora_B,outputs_dev/vitb16/T=vtab_Q=3bit_L=lora_2_qkv-fc1-proj-fc2/cifar/20260114184203_default_acc=53.50/tensorboard/Grad_mlp.fc2.lora_B_block_0/events.out.tfevents.1768387349.master-192-168-8-48.1680.8,mlp.fc2.lora_B,0
1768388241.1862571,1527,47.75,0.2932446300983429,Grad/mlp.fc2.lora_B,outputs_dev/vitb16/T=vtab_Q=3bit_L=lora_2_qkv-fc1-proj-fc2/cifar/20260114184203_default_acc=53.50/tensorboard/Grad_mlp.fc2.lora_B_block_0/events.out.tfevents.1768387349.master-192-168-8-48.1680.8,mlp.fc2.lora_B,0
1768388241.6080687,1528,47.78125,0.37441930174827576,Grad/mlp.fc2.lora_B,outputs_dev/vitb16/T=vtab_Q=3bit_L=lora_2_qkv-fc1-proj-fc2/cifar/20260114184203_default_acc=53.50/tensorboard/Grad_mlp.fc2.lora_B_block_0/events.out.tfevents.1768387349.master-192-168-8-48.1680.8,mlp.fc2.lora_B,0
1768388242.0409079,1529,47.8125,0.8215349912643433,Grad/mlp.fc2.lora_B,outputs_dev/vitb16/T=vtab_Q=3bit_L=lora_2_qkv-fc1-proj-fc2/cifar/20260114184203_default_acc=53.50/tensorboard/Grad_mlp.fc2.lora_B_block_0/events.out.tfevents.1768387349.master-192-168-8-48.1680.8,mlp.fc2.lora_B,0
1768388242.4701474,1530,47.84375,0.32577332854270935,Grad/mlp.fc2.lora_B,outputs_dev/vitb16/T=vtab_Q=3bit_L=lora_2_qkv-fc1-proj-fc2/cifar/20260114184203_default_acc=53.50/tensorboard/Grad_mlp.fc2.lora_B_block_0/events.out.tfevents.1768387349.master-192-168-8-48.1680.8,mlp.fc2.lora_B,0
1768388242.8959706,1531,47.875,0.10488779097795486,Grad/mlp.fc2.lora_B,outputs_dev/vitb16/T=vtab_Q=3bit_L=lora_2_qkv-fc1-proj-fc2/cifar/20260114184203_default_acc=53.50/tensorboard/Grad_mlp.fc2.lora_B_block_0/events.out.tfevents.1768387349.master-192-168-8-48.1680.8,mlp.fc2.lora_B,0
1768388243.3198972,1532,47.90625,0.20273257791996002,Grad/mlp.fc2.lora_B,outputs_dev/vitb16/T=vtab_Q=3bit_L=lora_2_qkv-fc1-proj-fc2/cifar/20260114184203_default_acc=53.50/tensorboard/Grad_mlp.fc2.lora_B_block_0/events.out.tfevents.1768387349.master-192-168-8-48.1680.8,mlp.fc2.lora_B,0
1768388243.7525883,1533,47.9375,0.14651159942150116,Grad/mlp.fc2.lora_B,outputs_dev/vitb16/T=vtab_Q=3bit_L=lora_2_qkv-fc1-proj-fc2/cifar/20260114184203_default_acc=53.50/tensorboard/Grad_mlp.fc2.lora_B_block_0/events.out.tfevents.1768387349.master-192-168-8-48.1680.8,mlp.fc2.lora_B,0
1768388244.2587082,1534,47.96875,0.5439693927764893,Grad/mlp.fc2.lora_B,outputs_dev/vitb16/T=vtab_Q=3bit_L=lora_2_qkv-fc1-proj-fc2/cifar/20260114184203_default_acc=53.50/tensorboard/Grad_mlp.fc2.lora_B_block_0/events.out.tfevents.1768387349.master-192-168-8-48.1680.8,mlp.fc2.lora_B,0
1768388244.4641685,1535,48.0,0.27250978350639343,Grad/mlp.fc2.lora_B,outputs_dev/vitb16/T=vtab_Q=3bit_L=lora_2_qkv-fc1-proj-fc2/cifar/20260114184203_default_acc=53.50/tensorboard/Grad_mlp.fc2.lora_B_block_0/events.out.tfevents.1768387349.master-192-168-8-48.1680.8,mlp.fc2.lora_B,0
1768388245.1259112,1536,48.03125,0.5431221127510071,Grad/mlp.fc2.lora_B,outputs_dev/vitb16/T=vtab_Q=3bit_L=lora_2_qkv-fc1-proj-fc2/cifar/20260114184203_default_acc=53.50/tensorboard/Grad_mlp.fc2.lora_B_block_0/events.out.tfevents.1768387349.master-192-168-8-48.1680.8,mlp.fc2.lora_B,0
1768388245.5557284,1537,48.0625,0.15538658201694489,Grad/mlp.fc2.lora_B,outputs_dev/vitb16/T=vtab_Q=3bit_L=lora_2_qkv-fc1-proj-fc2/cifar/20260114184203_default_acc=53.50/tensorboard/Grad_mlp.fc2.lora_B_block_0/events.out.tfevents.1768387349.master-192-168-8-48.1680.8,mlp.fc2.lora_B,0
1768388245.9865062,1538,48.09375,0.4903557300567627,Grad/mlp.fc2.lora_B,outputs_dev/vitb16/T=vtab_Q=3bit_L=lora_2_qkv-fc1-proj-fc2/cifar/20260114184203_default_acc=53.50/tensorboard/Grad_mlp.fc2.lora_B_block_0/events.out.tfevents.1768387349.master-192-168-8-48.1680.8,mlp.fc2.lora_B,0
1768388246.4245358,1539,48.125,0.25666502118110657,Grad/mlp.fc2.lora_B,outputs_dev/vitb16/T=vtab_Q=3bit_L=lora_2_qkv-fc1-proj-fc2/cifar/20260114184203_default_acc=53.50/tensorboard/Grad_mlp.fc2.lora_B_block_0/events.out.tfevents.1768387349.master-192-168-8-48.1680.8,mlp.fc2.lora_B,0
1768388246.8501227,1540,48.15625,0.22078441083431244,Grad/mlp.fc2.lora_B,outputs_dev/vitb16/T=vtab_Q=3bit_L=lora_2_qkv-fc1-proj-fc2/cifar/20260114184203_default_acc=53.50/tensorboard/Grad_mlp.fc2.lora_B_block_0/events.out.tfevents.1768387349.master-192-168-8-48.1680.8,mlp.fc2.lora_B,0
1768388247.291811,1541,48.1875,0.27505168318748474,Grad/mlp.fc2.lora_B,outputs_dev/vitb16/T=vtab_Q=3bit_L=lora_2_qkv-fc1-proj-fc2/cifar/20260114184203_default_acc=53.50/tensorboard/Grad_mlp.fc2.lora_B_block_0/events.out.tfevents.1768387349.master-192-168-8-48.1680.8,mlp.fc2.lora_B,0
1768388247.7153792,1542,48.21875,0.16296473145484924,Grad/mlp.fc2.lora_B,outputs_dev/vitb16/T=vtab_Q=3bit_L=lora_2_qkv-fc1-proj-fc2/cifar/20260114184203_default_acc=53.50/tensorboard/Grad_mlp.fc2.lora_B_block_0/events.out.tfevents.1768387349.master-192-168-8-48.1680.8,mlp.fc2.lora_B,0
1768388248.129414,1543,48.25,0.325003981590271,Grad/mlp.fc2.lora_B,outputs_dev/vitb16/T=vtab_Q=3bit_L=lora_2_qkv-fc1-proj-fc2/cifar/20260114184203_default_acc=53.50/tensorboard/Grad_mlp.fc2.lora_B_block_0/events.out.tfevents.1768387349.master-192-168-8-48.1680.8,mlp.fc2.lora_B,0
1768388248.5701995,1544,48.28125,0.16551543772220612,Grad/mlp.fc2.lora_B,outputs_dev/vitb16/T=vtab_Q=3bit_L=lora_2_qkv-fc1-proj-fc2/cifar/20260114184203_default_acc=53.50/tensorboard/Grad_mlp.fc2.lora_B_block_0/events.out.tfevents.1768387349.master-192-168-8-48.1680.8,mlp.fc2.lora_B,0
1768388249.0065153,1545,48.3125,0.7742600440979004,Grad/mlp.fc2.lora_B,outputs_dev/vitb16/T=vtab_Q=3bit_L=lora_2_qkv-fc1-proj-fc2/cifar/20260114184203_default_acc=53.50/tensorboard/Grad_mlp.fc2.lora_B_block_0/events.out.tfevents.1768387349.master-192-168-8-48.1680.8,mlp.fc2.lora_B,0
1768388249.4421449,1546,48.34375,0.31732848286628723,Grad/mlp.fc2.lora_B,outputs_dev/vitb16/T=vtab_Q=3bit_L=lora_2_qkv-fc1-proj-fc2/cifar/20260114184203_default_acc=53.50/tensorboard/Grad_mlp.fc2.lora_B_block_0/events.out.tfevents.1768387349.master-192-168-8-48.1680.8,mlp.fc2.lora_B,0
1768388249.8761725,1547,48.375,0.2034807652235031,Grad/mlp.fc2.lora_B,outputs_dev/vitb16/T=vtab_Q=3bit_L=lora_2_qkv-fc1-proj-fc2/cifar/20260114184203_default_acc=53.50/tensorboard/Grad_mlp.fc2.lora_B_block_0/events.out.tfevents.1768387349.master-192-168-8-48.1680.8,mlp.fc2.lora_B,0
1768388250.299008,1548,48.40625,0.38043954968452454,Grad/mlp.fc2.lora_B,outputs_dev/vitb16/T=vtab_Q=3bit_L=lora_2_qkv-fc1-proj-fc2/cifar/20260114184203_default_acc=53.50/tensorboard/Grad_mlp.fc2.lora_B_block_0/events.out.tfevents.1768387349.master-192-168-8-48.1680.8,mlp.fc2.lora_B,0
1768388250.7218676,1549,48.4375,0.1604866236448288,Grad/mlp.fc2.lora_B,outputs_dev/vitb16/T=vtab_Q=3bit_L=lora_2_qkv-fc1-proj-fc2/cifar/20260114184203_default_acc=53.50/tensorboard/Grad_mlp.fc2.lora_B_block_0/events.out.tfevents.1768387349.master-192-168-8-48.1680.8,mlp.fc2.lora_B,0
1768388251.1473281,1550,48.46875,0.16876816749572754,Grad/mlp.fc2.lora_B,outputs_dev/vitb16/T=vtab_Q=3bit_L=lora_2_qkv-fc1-proj-fc2/cifar/20260114184203_default_acc=53.50/tensorboard/Grad_mlp.fc2.lora_B_block_0/events.out.tfevents.1768387349.master-192-168-8-48.1680.8,mlp.fc2.lora_B,0
1768388251.5695763,1551,48.5,0.36440321803092957,Grad/mlp.fc2.lora_B,outputs_dev/vitb16/T=vtab_Q=3bit_L=lora_2_qkv-fc1-proj-fc2/cifar/20260114184203_default_acc=53.50/tensorboard/Grad_mlp.fc2.lora_B_block_0/events.out.tfevents.1768387349.master-192-168-8-48.1680.8,mlp.fc2.lora_B,0
1768388251.9917014,1552,48.53125,0.241473987698555,Grad/mlp.fc2.lora_B,outputs_dev/vitb16/T=vtab_Q=3bit_L=lora_2_qkv-fc1-proj-fc2/cifar/20260114184203_default_acc=53.50/tensorboard/Grad_mlp.fc2.lora_B_block_0/events.out.tfevents.1768387349.master-192-168-8-48.1680.8,mlp.fc2.lora_B,0
1768388252.4252555,1553,48.5625,0.44138333201408386,Grad/mlp.fc2.lora_B,outputs_dev/vitb16/T=vtab_Q=3bit_L=lora_2_qkv-fc1-proj-fc2/cifar/20260114184203_default_acc=53.50/tensorboard/Grad_mlp.fc2.lora_B_block_0/events.out.tfevents.1768387349.master-192-168-8-48.1680.8,mlp.fc2.lora_B,0
1768388252.8602545,1554,48.59375,0.30324438214302063,Grad/mlp.fc2.lora_B,outputs_dev/vitb16/T=vtab_Q=3bit_L=lora_2_qkv-fc1-proj-fc2/cifar/20260114184203_default_acc=53.50/tensorboard/Grad_mlp.fc2.lora_B_block_0/events.out.tfevents.1768387349.master-192-168-8-48.1680.8,mlp.fc2.lora_B,0
1768388253.293649,1555,48.625,0.29484668374061584,Grad/mlp.fc2.lora_B,outputs_dev/vitb16/T=vtab_Q=3bit_L=lora_2_qkv-fc1-proj-fc2/cifar/20260114184203_default_acc=53.50/tensorboard/Grad_mlp.fc2.lora_B_block_0/events.out.tfevents.1768387349.master-192-168-8-48.1680.8,mlp.fc2.lora_B,0
1768388253.7223258,1556,48.65625,0.36066174507141113,Grad/mlp.fc2.lora_B,outputs_dev/vitb16/T=vtab_Q=3bit_L=lora_2_qkv-fc1-proj-fc2/cifar/20260114184203_default_acc=53.50/tensorboard/Grad_mlp.fc2.lora_B_block_0/events.out.tfevents.1768387349.master-192-168-8-48.1680.8,mlp.fc2.lora_B,0
1768388254.1445434,1557,48.6875,0.22974182665348053,Grad/mlp.fc2.lora_B,outputs_dev/vitb16/T=vtab_Q=3bit_L=lora_2_qkv-fc1-proj-fc2/cifar/20260114184203_default_acc=53.50/tensorboard/Grad_mlp.fc2.lora_B_block_0/events.out.tfevents.1768387349.master-192-168-8-48.1680.8,mlp.fc2.lora_B,0
1768388254.5739048,1558,48.71875,0.3867526948451996,Grad/mlp.fc2.lora_B,outputs_dev/vitb16/T=vtab_Q=3bit_L=lora_2_qkv-fc1-proj-fc2/cifar/20260114184203_default_acc=53.50/tensorboard/Grad_mlp.fc2.lora_B_block_0/events.out.tfevents.1768387349.master-192-168-8-48.1680.8,mlp.fc2.lora_B,0
1768388255.0117671,1559,48.75,0.49905458092689514,Grad/mlp.fc2.lora_B,outputs_dev/vitb16/T=vtab_Q=3bit_L=lora_2_qkv-fc1-proj-fc2/cifar/20260114184203_default_acc=53.50/tensorboard/Grad_mlp.fc2.lora_B_block_0/events.out.tfevents.1768387349.master-192-168-8-48.1680.8,mlp.fc2.lora_B,0
1768388255.4493783,1560,48.78125,0.23182480037212372,Grad/mlp.fc2.lora_B,outputs_dev/vitb16/T=vtab_Q=3bit_L=lora_2_qkv-fc1-proj-fc2/cifar/20260114184203_default_acc=53.50/tensorboard/Grad_mlp.fc2.lora_B_block_0/events.out.tfevents.1768387349.master-192-168-8-48.1680.8,mlp.fc2.lora_B,0
1768388255.8781805,1561,48.8125,0.13168828189373016,Grad/mlp.fc2.lora_B,outputs_dev/vitb16/T=vtab_Q=3bit_L=lora_2_qkv-fc1-proj-fc2/cifar/20260114184203_default_acc=53.50/tensorboard/Grad_mlp.fc2.lora_B_block_0/events.out.tfevents.1768387349.master-192-168-8-48.1680.8,mlp.fc2.lora_B,0
1768388256.311523,1562,48.84375,0.19322307407855988,Grad/mlp.fc2.lora_B,outputs_dev/vitb16/T=vtab_Q=3bit_L=lora_2_qkv-fc1-proj-fc2/cifar/20260114184203_default_acc=53.50/tensorboard/Grad_mlp.fc2.lora_B_block_0/events.out.tfevents.1768387349.master-192-168-8-48.1680.8,mlp.fc2.lora_B,0
1768388256.7507927,1563,48.875,0.11529134213924408,Grad/mlp.fc2.lora_B,outputs_dev/vitb16/T=vtab_Q=3bit_L=lora_2_qkv-fc1-proj-fc2/cifar/20260114184203_default_acc=53.50/tensorboard/Grad_mlp.fc2.lora_B_block_0/events.out.tfevents.1768387349.master-192-168-8-48.1680.8,mlp.fc2.lora_B,0
1768388257.1751125,1564,48.90625,0.23284141719341278,Grad/mlp.fc2.lora_B,outputs_dev/vitb16/T=vtab_Q=3bit_L=lora_2_qkv-fc1-proj-fc2/cifar/20260114184203_default_acc=53.50/tensorboard/Grad_mlp.fc2.lora_B_block_0/events.out.tfevents.1768387349.master-192-168-8-48.1680.8,mlp.fc2.lora_B,0
1768388257.5967867,1565,48.9375,0.37170708179473877,Grad/mlp.fc2.lora_B,outputs_dev/vitb16/T=vtab_Q=3bit_L=lora_2_qkv-fc1-proj-fc2/cifar/20260114184203_default_acc=53.50/tensorboard/Grad_mlp.fc2.lora_B_block_0/events.out.tfevents.1768387349.master-192-168-8-48.1680.8,mlp.fc2.lora_B,0
1768388258.018638,1566,48.96875,0.4319141209125519,Grad/mlp.fc2.lora_B,outputs_dev/vitb16/T=vtab_Q=3bit_L=lora_2_qkv-fc1-proj-fc2/cifar/20260114184203_default_acc=53.50/tensorboard/Grad_mlp.fc2.lora_B_block_0/events.out.tfevents.1768387349.master-192-168-8-48.1680.8,mlp.fc2.lora_B,0
1768388258.2131317,1567,49.0,0.4220297634601593,Grad/mlp.fc2.lora_B,outputs_dev/vitb16/T=vtab_Q=3bit_L=lora_2_qkv-fc1-proj-fc2/cifar/20260114184203_default_acc=53.50/tensorboard/Grad_mlp.fc2.lora_B_block_0/events.out.tfevents.1768387349.master-192-168-8-48.1680.8,mlp.fc2.lora_B,0
1768388258.8652904,1568,49.03125,0.14089614152908325,Grad/mlp.fc2.lora_B,outputs_dev/vitb16/T=vtab_Q=3bit_L=lora_2_qkv-fc1-proj-fc2/cifar/20260114184203_default_acc=53.50/tensorboard/Grad_mlp.fc2.lora_B_block_0/events.out.tfevents.1768387349.master-192-168-8-48.1680.8,mlp.fc2.lora_B,0
1768388259.327414,1569,49.0625,0.13742245733737946,Grad/mlp.fc2.lora_B,outputs_dev/vitb16/T=vtab_Q=3bit_L=lora_2_qkv-fc1-proj-fc2/cifar/20260114184203_default_acc=53.50/tensorboard/Grad_mlp.fc2.lora_B_block_0/events.out.tfevents.1768387349.master-192-168-8-48.1680.8,mlp.fc2.lora_B,0
1768388259.7539346,1570,49.09375,0.18314416706562042,Grad/mlp.fc2.lora_B,outputs_dev/vitb16/T=vtab_Q=3bit_L=lora_2_qkv-fc1-proj-fc2/cifar/20260114184203_default_acc=53.50/tensorboard/Grad_mlp.fc2.lora_B_block_0/events.out.tfevents.1768387349.master-192-168-8-48.1680.8,mlp.fc2.lora_B,0
1768388260.175289,1571,49.125,0.17736934125423431,Grad/mlp.fc2.lora_B,outputs_dev/vitb16/T=vtab_Q=3bit_L=lora_2_qkv-fc1-proj-fc2/cifar/20260114184203_default_acc=53.50/tensorboard/Grad_mlp.fc2.lora_B_block_0/events.out.tfevents.1768387349.master-192-168-8-48.1680.8,mlp.fc2.lora_B,0
1768388260.5976276,1572,49.15625,0.6039941906929016,Grad/mlp.fc2.lora_B,outputs_dev/vitb16/T=vtab_Q=3bit_L=lora_2_qkv-fc1-proj-fc2/cifar/20260114184203_default_acc=53.50/tensorboard/Grad_mlp.fc2.lora_B_block_0/events.out.tfevents.1768387349.master-192-168-8-48.1680.8,mlp.fc2.lora_B,0
1768388261.0062418,1573,49.1875,0.3981292247772217,Grad/mlp.fc2.lora_B,outputs_dev/vitb16/T=vtab_Q=3bit_L=lora_2_qkv-fc1-proj-fc2/cifar/20260114184203_default_acc=53.50/tensorboard/Grad_mlp.fc2.lora_B_block_0/events.out.tfevents.1768387349.master-192-168-8-48.1680.8,mlp.fc2.lora_B,0
1768388261.429332,1574,49.21875,0.12314631789922714,Grad/mlp.fc2.lora_B,outputs_dev/vitb16/T=vtab_Q=3bit_L=lora_2_qkv-fc1-proj-fc2/cifar/20260114184203_default_acc=53.50/tensorboard/Grad_mlp.fc2.lora_B_block_0/events.out.tfevents.1768387349.master-192-168-8-48.1680.8,mlp.fc2.lora_B,0
1768388261.8517454,1575,49.25,0.31172534823417664,Grad/mlp.fc2.lora_B,outputs_dev/vitb16/T=vtab_Q=3bit_L=lora_2_qkv-fc1-proj-fc2/cifar/20260114184203_default_acc=53.50/tensorboard/Grad_mlp.fc2.lora_B_block_0/events.out.tfevents.1768387349.master-192-168-8-48.1680.8,mlp.fc2.lora_B,0
1768388262.2744226,1576,49.28125,0.20865894854068756,Grad/mlp.fc2.lora_B,outputs_dev/vitb16/T=vtab_Q=3bit_L=lora_2_qkv-fc1-proj-fc2/cifar/20260114184203_default_acc=53.50/tensorboard/Grad_mlp.fc2.lora_B_block_0/events.out.tfevents.1768387349.master-192-168-8-48.1680.8,mlp.fc2.lora_B,0
1768388262.6968167,1577,49.3125,0.09196368604898453,Grad/mlp.fc2.lora_B,outputs_dev/vitb16/T=vtab_Q=3bit_L=lora_2_qkv-fc1-proj-fc2/cifar/20260114184203_default_acc=53.50/tensorboard/Grad_mlp.fc2.lora_B_block_0/events.out.tfevents.1768387349.master-192-168-8-48.1680.8,mlp.fc2.lora_B,0
1768388263.1190643,1578,49.34375,0.2785847783088684,Grad/mlp.fc2.lora_B,outputs_dev/vitb16/T=vtab_Q=3bit_L=lora_2_qkv-fc1-proj-fc2/cifar/20260114184203_default_acc=53.50/tensorboard/Grad_mlp.fc2.lora_B_block_0/events.out.tfevents.1768387349.master-192-168-8-48.1680.8,mlp.fc2.lora_B,0
1768388263.5436661,1579,49.375,0.16491533815860748,Grad/mlp.fc2.lora_B,outputs_dev/vitb16/T=vtab_Q=3bit_L=lora_2_qkv-fc1-proj-fc2/cifar/20260114184203_default_acc=53.50/tensorboard/Grad_mlp.fc2.lora_B_block_0/events.out.tfevents.1768387349.master-192-168-8-48.1680.8,mlp.fc2.lora_B,0
1768388263.9842553,1580,49.40625,0.05843459442257881,Grad/mlp.fc2.lora_B,outputs_dev/vitb16/T=vtab_Q=3bit_L=lora_2_qkv-fc1-proj-fc2/cifar/20260114184203_default_acc=53.50/tensorboard/Grad_mlp.fc2.lora_B_block_0/events.out.tfevents.1768387349.master-192-168-8-48.1680.8,mlp.fc2.lora_B,0
1768388264.4058883,1581,49.4375,0.1690855175256729,Grad/mlp.fc2.lora_B,outputs_dev/vitb16/T=vtab_Q=3bit_L=lora_2_qkv-fc1-proj-fc2/cifar/20260114184203_default_acc=53.50/tensorboard/Grad_mlp.fc2.lora_B_block_0/events.out.tfevents.1768387349.master-192-168-8-48.1680.8,mlp.fc2.lora_B,0
1768388264.8284001,1582,49.46875,0.23113343119621277,Grad/mlp.fc2.lora_B,outputs_dev/vitb16/T=vtab_Q=3bit_L=lora_2_qkv-fc1-proj-fc2/cifar/20260114184203_default_acc=53.50/tensorboard/Grad_mlp.fc2.lora_B_block_0/events.out.tfevents.1768387349.master-192-168-8-48.1680.8,mlp.fc2.lora_B,0
1768388265.2498593,1583,49.5,0.12622350454330444,Grad/mlp.fc2.lora_B,outputs_dev/vitb16/T=vtab_Q=3bit_L=lora_2_qkv-fc1-proj-fc2/cifar/20260114184203_default_acc=53.50/tensorboard/Grad_mlp.fc2.lora_B_block_0/events.out.tfevents.1768387349.master-192-168-8-48.1680.8,mlp.fc2.lora_B,0
1768388265.697519,1584,49.53125,0.2862757742404938,Grad/mlp.fc2.lora_B,outputs_dev/vitb16/T=vtab_Q=3bit_L=lora_2_qkv-fc1-proj-fc2/cifar/20260114184203_default_acc=53.50/tensorboard/Grad_mlp.fc2.lora_B_block_0/events.out.tfevents.1768387349.master-192-168-8-48.1680.8,mlp.fc2.lora_B,0
1768388266.1447458,1585,49.5625,0.1860220730304718,Grad/mlp.fc2.lora_B,outputs_dev/vitb16/T=vtab_Q=3bit_L=lora_2_qkv-fc1-proj-fc2/cifar/20260114184203_default_acc=53.50/tensorboard/Grad_mlp.fc2.lora_B_block_0/events.out.tfevents.1768387349.master-192-168-8-48.1680.8,mlp.fc2.lora_B,0
1768388266.571203,1586,49.59375,0.27462831139564514,Grad/mlp.fc2.lora_B,outputs_dev/vitb16/T=vtab_Q=3bit_L=lora_2_qkv-fc1-proj-fc2/cifar/20260114184203_default_acc=53.50/tensorboard/Grad_mlp.fc2.lora_B_block_0/events.out.tfevents.1768387349.master-192-168-8-48.1680.8,mlp.fc2.lora_B,0
1768388266.9960232,1587,49.625,0.18516120314598083,Grad/mlp.fc2.lora_B,outputs_dev/vitb16/T=vtab_Q=3bit_L=lora_2_qkv-fc1-proj-fc2/cifar/20260114184203_default_acc=53.50/tensorboard/Grad_mlp.fc2.lora_B_block_0/events.out.tfevents.1768387349.master-192-168-8-48.1680.8,mlp.fc2.lora_B,0
1768388267.4216833,1588,49.65625,0.3437036871910095,Grad/mlp.fc2.lora_B,outputs_dev/vitb16/T=vtab_Q=3bit_L=lora_2_qkv-fc1-proj-fc2/cifar/20260114184203_default_acc=53.50/tensorboard/Grad_mlp.fc2.lora_B_block_0/events.out.tfevents.1768387349.master-192-168-8-48.1680.8,mlp.fc2.lora_B,0
1768388267.8471048,1589,49.6875,0.998793363571167,Grad/mlp.fc2.lora_B,outputs_dev/vitb16/T=vtab_Q=3bit_L=lora_2_qkv-fc1-proj-fc2/cifar/20260114184203_default_acc=53.50/tensorboard/Grad_mlp.fc2.lora_B_block_0/events.out.tfevents.1768387349.master-192-168-8-48.1680.8,mlp.fc2.lora_B,0
1768388268.2756126,1590,49.71875,0.473796546459198,Grad/mlp.fc2.lora_B,outputs_dev/vitb16/T=vtab_Q=3bit_L=lora_2_qkv-fc1-proj-fc2/cifar/20260114184203_default_acc=53.50/tensorboard/Grad_mlp.fc2.lora_B_block_0/events.out.tfevents.1768387349.master-192-168-8-48.1680.8,mlp.fc2.lora_B,0
1768388268.70558,1591,49.75,0.1772180050611496,Grad/mlp.fc2.lora_B,outputs_dev/vitb16/T=vtab_Q=3bit_L=lora_2_qkv-fc1-proj-fc2/cifar/20260114184203_default_acc=53.50/tensorboard/Grad_mlp.fc2.lora_B_block_0/events.out.tfevents.1768387349.master-192-168-8-48.1680.8,mlp.fc2.lora_B,0
1768388269.1338754,1592,49.78125,0.385115385055542,Grad/mlp.fc2.lora_B,outputs_dev/vitb16/T=vtab_Q=3bit_L=lora_2_qkv-fc1-proj-fc2/cifar/20260114184203_default_acc=53.50/tensorboard/Grad_mlp.fc2.lora_B_block_0/events.out.tfevents.1768387349.master-192-168-8-48.1680.8,mlp.fc2.lora_B,0
1768388269.5597248,1593,49.8125,0.17832599580287933,Grad/mlp.fc2.lora_B,outputs_dev/vitb16/T=vtab_Q=3bit_L=lora_2_qkv-fc1-proj-fc2/cifar/20260114184203_default_acc=53.50/tensorboard/Grad_mlp.fc2.lora_B_block_0/events.out.tfevents.1768387349.master-192-168-8-48.1680.8,mlp.fc2.lora_B,0
1768388269.983597,1594,49.84375,0.2120727151632309,Grad/mlp.fc2.lora_B,outputs_dev/vitb16/T=vtab_Q=3bit_L=lora_2_qkv-fc1-proj-fc2/cifar/20260114184203_default_acc=53.50/tensorboard/Grad_mlp.fc2.lora_B_block_0/events.out.tfevents.1768387349.master-192-168-8-48.1680.8,mlp.fc2.lora_B,0
1768388270.4087749,1595,49.875,0.20751717686653137,Grad/mlp.fc2.lora_B,outputs_dev/vitb16/T=vtab_Q=3bit_L=lora_2_qkv-fc1-proj-fc2/cifar/20260114184203_default_acc=53.50/tensorboard/Grad_mlp.fc2.lora_B_block_0/events.out.tfevents.1768387349.master-192-168-8-48.1680.8,mlp.fc2.lora_B,0
1768388270.8315697,1596,49.90625,0.37607112526893616,Grad/mlp.fc2.lora_B,outputs_dev/vitb16/T=vtab_Q=3bit_L=lora_2_qkv-fc1-proj-fc2/cifar/20260114184203_default_acc=53.50/tensorboard/Grad_mlp.fc2.lora_B_block_0/events.out.tfevents.1768387349.master-192-168-8-48.1680.8,mlp.fc2.lora_B,0
1768388271.2567995,1597,49.9375,0.23075833916664124,Grad/mlp.fc2.lora_B,outputs_dev/vitb16/T=vtab_Q=3bit_L=lora_2_qkv-fc1-proj-fc2/cifar/20260114184203_default_acc=53.50/tensorboard/Grad_mlp.fc2.lora_B_block_0/events.out.tfevents.1768387349.master-192-168-8-48.1680.8,mlp.fc2.lora_B,0
1768388271.6813328,1598,49.96875,0.5996135473251343,Grad/mlp.fc2.lora_B,outputs_dev/vitb16/T=vtab_Q=3bit_L=lora_2_qkv-fc1-proj-fc2/cifar/20260114184203_default_acc=53.50/tensorboard/Grad_mlp.fc2.lora_B_block_0/events.out.tfevents.1768387349.master-192-168-8-48.1680.8,mlp.fc2.lora_B,0
1768388271.8938005,1599,50.0,3.09967041015625,Grad/mlp.fc2.lora_B,outputs_dev/vitb16/T=vtab_Q=3bit_L=lora_2_qkv-fc1-proj-fc2/cifar/20260114184203_default_acc=53.50/tensorboard/Grad_mlp.fc2.lora_B_block_0/events.out.tfevents.1768387349.master-192-168-8-48.1680.8,mlp.fc2.lora_B,0
1768388272.579522,1600,50.03125,0.142981618642807,Grad/mlp.fc2.lora_B,outputs_dev/vitb16/T=vtab_Q=3bit_L=lora_2_qkv-fc1-proj-fc2/cifar/20260114184203_default_acc=53.50/tensorboard/Grad_mlp.fc2.lora_B_block_0/events.out.tfevents.1768387349.master-192-168-8-48.1680.8,mlp.fc2.lora_B,0
1768388273.0070894,1601,50.0625,0.2977781593799591,Grad/mlp.fc2.lora_B,outputs_dev/vitb16/T=vtab_Q=3bit_L=lora_2_qkv-fc1-proj-fc2/cifar/20260114184203_default_acc=53.50/tensorboard/Grad_mlp.fc2.lora_B_block_0/events.out.tfevents.1768387349.master-192-168-8-48.1680.8,mlp.fc2.lora_B,0
1768388273.4384706,1602,50.09375,0.19697947800159454,Grad/mlp.fc2.lora_B,outputs_dev/vitb16/T=vtab_Q=3bit_L=lora_2_qkv-fc1-proj-fc2/cifar/20260114184203_default_acc=53.50/tensorboard/Grad_mlp.fc2.lora_B_block_0/events.out.tfevents.1768387349.master-192-168-8-48.1680.8,mlp.fc2.lora_B,0
1768388273.8693569,1603,50.125,0.15045374631881714,Grad/mlp.fc2.lora_B,outputs_dev/vitb16/T=vtab_Q=3bit_L=lora_2_qkv-fc1-proj-fc2/cifar/20260114184203_default_acc=53.50/tensorboard/Grad_mlp.fc2.lora_B_block_0/events.out.tfevents.1768387349.master-192-168-8-48.1680.8,mlp.fc2.lora_B,0
1768388274.2942991,1604,50.15625,0.709991991519928,Grad/mlp.fc2.lora_B,outputs_dev/vitb16/T=vtab_Q=3bit_L=lora_2_qkv-fc1-proj-fc2/cifar/20260114184203_default_acc=53.50/tensorboard/Grad_mlp.fc2.lora_B_block_0/events.out.tfevents.1768387349.master-192-168-8-48.1680.8,mlp.fc2.lora_B,0
1768388274.7197409,1605,50.1875,0.18698859214782715,Grad/mlp.fc2.lora_B,outputs_dev/vitb16/T=vtab_Q=3bit_L=lora_2_qkv-fc1-proj-fc2/cifar/20260114184203_default_acc=53.50/tensorboard/Grad_mlp.fc2.lora_B_block_0/events.out.tfevents.1768387349.master-192-168-8-48.1680.8,mlp.fc2.lora_B,0
1768388275.138486,1606,50.21875,0.13949677348136902,Grad/mlp.fc2.lora_B,outputs_dev/vitb16/T=vtab_Q=3bit_L=lora_2_qkv-fc1-proj-fc2/cifar/20260114184203_default_acc=53.50/tensorboard/Grad_mlp.fc2.lora_B_block_0/events.out.tfevents.1768387349.master-192-168-8-48.1680.8,mlp.fc2.lora_B,0
1768388275.5569956,1607,50.25,0.14627832174301147,Grad/mlp.fc2.lora_B,outputs_dev/vitb16/T=vtab_Q=3bit_L=lora_2_qkv-fc1-proj-fc2/cifar/20260114184203_default_acc=53.50/tensorboard/Grad_mlp.fc2.lora_B_block_0/events.out.tfevents.1768387349.master-192-168-8-48.1680.8,mlp.fc2.lora_B,0
1768388275.9883463,1608,50.28125,0.3236643970012665,Grad/mlp.fc2.lora_B,outputs_dev/vitb16/T=vtab_Q=3bit_L=lora_2_qkv-fc1-proj-fc2/cifar/20260114184203_default_acc=53.50/tensorboard/Grad_mlp.fc2.lora_B_block_0/events.out.tfevents.1768387349.master-192-168-8-48.1680.8,mlp.fc2.lora_B,0
1768388276.4218721,1609,50.3125,0.3071509301662445,Grad/mlp.fc2.lora_B,outputs_dev/vitb16/T=vtab_Q=3bit_L=lora_2_qkv-fc1-proj-fc2/cifar/20260114184203_default_acc=53.50/tensorboard/Grad_mlp.fc2.lora_B_block_0/events.out.tfevents.1768387349.master-192-168-8-48.1680.8,mlp.fc2.lora_B,0
1768388276.8439107,1610,50.34375,0.7217176556587219,Grad/mlp.fc2.lora_B,outputs_dev/vitb16/T=vtab_Q=3bit_L=lora_2_qkv-fc1-proj-fc2/cifar/20260114184203_default_acc=53.50/tensorboard/Grad_mlp.fc2.lora_B_block_0/events.out.tfevents.1768387349.master-192-168-8-48.1680.8,mlp.fc2.lora_B,0
1768388277.277622,1611,50.375,0.18885204195976257,Grad/mlp.fc2.lora_B,outputs_dev/vitb16/T=vtab_Q=3bit_L=lora_2_qkv-fc1-proj-fc2/cifar/20260114184203_default_acc=53.50/tensorboard/Grad_mlp.fc2.lora_B_block_0/events.out.tfevents.1768387349.master-192-168-8-48.1680.8,mlp.fc2.lora_B,0
1768388277.7101398,1612,50.40625,0.1582583785057068,Grad/mlp.fc2.lora_B,outputs_dev/vitb16/T=vtab_Q=3bit_L=lora_2_qkv-fc1-proj-fc2/cifar/20260114184203_default_acc=53.50/tensorboard/Grad_mlp.fc2.lora_B_block_0/events.out.tfevents.1768387349.master-192-168-8-48.1680.8,mlp.fc2.lora_B,0
1768388278.1421554,1613,50.4375,0.4824516475200653,Grad/mlp.fc2.lora_B,outputs_dev/vitb16/T=vtab_Q=3bit_L=lora_2_qkv-fc1-proj-fc2/cifar/20260114184203_default_acc=53.50/tensorboard/Grad_mlp.fc2.lora_B_block_0/events.out.tfevents.1768387349.master-192-168-8-48.1680.8,mlp.fc2.lora_B,0
1768388278.5760772,1614,50.46875,0.45474374294281006,Grad/mlp.fc2.lora_B,outputs_dev/vitb16/T=vtab_Q=3bit_L=lora_2_qkv-fc1-proj-fc2/cifar/20260114184203_default_acc=53.50/tensorboard/Grad_mlp.fc2.lora_B_block_0/events.out.tfevents.1768387349.master-192-168-8-48.1680.8,mlp.fc2.lora_B,0
1768388279.0107474,1615,50.5,0.5556685924530029,Grad/mlp.fc2.lora_B,outputs_dev/vitb16/T=vtab_Q=3bit_L=lora_2_qkv-fc1-proj-fc2/cifar/20260114184203_default_acc=53.50/tensorboard/Grad_mlp.fc2.lora_B_block_0/events.out.tfevents.1768387349.master-192-168-8-48.1680.8,mlp.fc2.lora_B,0
1768388279.4341092,1616,50.53125,0.2131653130054474,Grad/mlp.fc2.lora_B,outputs_dev/vitb16/T=vtab_Q=3bit_L=lora_2_qkv-fc1-proj-fc2/cifar/20260114184203_default_acc=53.50/tensorboard/Grad_mlp.fc2.lora_B_block_0/events.out.tfevents.1768387349.master-192-168-8-48.1680.8,mlp.fc2.lora_B,0
1768388279.866764,1617,50.5625,0.37219852209091187,Grad/mlp.fc2.lora_B,outputs_dev/vitb16/T=vtab_Q=3bit_L=lora_2_qkv-fc1-proj-fc2/cifar/20260114184203_default_acc=53.50/tensorboard/Grad_mlp.fc2.lora_B_block_0/events.out.tfevents.1768387349.master-192-168-8-48.1680.8,mlp.fc2.lora_B,0
1768388280.2706258,1618,50.59375,0.18362973630428314,Grad/mlp.fc2.lora_B,outputs_dev/vitb16/T=vtab_Q=3bit_L=lora_2_qkv-fc1-proj-fc2/cifar/20260114184203_default_acc=53.50/tensorboard/Grad_mlp.fc2.lora_B_block_0/events.out.tfevents.1768387349.master-192-168-8-48.1680.8,mlp.fc2.lora_B,0
1768388280.702702,1619,50.625,0.590039849281311,Grad/mlp.fc2.lora_B,outputs_dev/vitb16/T=vtab_Q=3bit_L=lora_2_qkv-fc1-proj-fc2/cifar/20260114184203_default_acc=53.50/tensorboard/Grad_mlp.fc2.lora_B_block_0/events.out.tfevents.1768387349.master-192-168-8-48.1680.8,mlp.fc2.lora_B,0
1768388281.1200233,1620,50.65625,0.37792542576789856,Grad/mlp.fc2.lora_B,outputs_dev/vitb16/T=vtab_Q=3bit_L=lora_2_qkv-fc1-proj-fc2/cifar/20260114184203_default_acc=53.50/tensorboard/Grad_mlp.fc2.lora_B_block_0/events.out.tfevents.1768387349.master-192-168-8-48.1680.8,mlp.fc2.lora_B,0
1768388281.566067,1621,50.6875,0.41416817903518677,Grad/mlp.fc2.lora_B,outputs_dev/vitb16/T=vtab_Q=3bit_L=lora_2_qkv-fc1-proj-fc2/cifar/20260114184203_default_acc=53.50/tensorboard/Grad_mlp.fc2.lora_B_block_0/events.out.tfevents.1768387349.master-192-168-8-48.1680.8,mlp.fc2.lora_B,0
1768388281.999691,1622,50.71875,0.34343668818473816,Grad/mlp.fc2.lora_B,outputs_dev/vitb16/T=vtab_Q=3bit_L=lora_2_qkv-fc1-proj-fc2/cifar/20260114184203_default_acc=53.50/tensorboard/Grad_mlp.fc2.lora_B_block_0/events.out.tfevents.1768387349.master-192-168-8-48.1680.8,mlp.fc2.lora_B,0
1768388282.4198499,1623,50.75,0.25823062658309937,Grad/mlp.fc2.lora_B,outputs_dev/vitb16/T=vtab_Q=3bit_L=lora_2_qkv-fc1-proj-fc2/cifar/20260114184203_default_acc=53.50/tensorboard/Grad_mlp.fc2.lora_B_block_0/events.out.tfevents.1768387349.master-192-168-8-48.1680.8,mlp.fc2.lora_B,0
1768388282.8408647,1624,50.78125,0.5492569208145142,Grad/mlp.fc2.lora_B,outputs_dev/vitb16/T=vtab_Q=3bit_L=lora_2_qkv-fc1-proj-fc2/cifar/20260114184203_default_acc=53.50/tensorboard/Grad_mlp.fc2.lora_B_block_0/events.out.tfevents.1768387349.master-192-168-8-48.1680.8,mlp.fc2.lora_B,0
1768388283.2644095,1625,50.8125,0.3525872230529785,Grad/mlp.fc2.lora_B,outputs_dev/vitb16/T=vtab_Q=3bit_L=lora_2_qkv-fc1-proj-fc2/cifar/20260114184203_default_acc=53.50/tensorboard/Grad_mlp.fc2.lora_B_block_0/events.out.tfevents.1768387349.master-192-168-8-48.1680.8,mlp.fc2.lora_B,0
1768388283.7138655,1626,50.84375,0.5072938799858093,Grad/mlp.fc2.lora_B,outputs_dev/vitb16/T=vtab_Q=3bit_L=lora_2_qkv-fc1-proj-fc2/cifar/20260114184203_default_acc=53.50/tensorboard/Grad_mlp.fc2.lora_B_block_0/events.out.tfevents.1768387349.master-192-168-8-48.1680.8,mlp.fc2.lora_B,0
1768388284.1508424,1627,50.875,0.11390025913715363,Grad/mlp.fc2.lora_B,outputs_dev/vitb16/T=vtab_Q=3bit_L=lora_2_qkv-fc1-proj-fc2/cifar/20260114184203_default_acc=53.50/tensorboard/Grad_mlp.fc2.lora_B_block_0/events.out.tfevents.1768387349.master-192-168-8-48.1680.8,mlp.fc2.lora_B,0
1768388284.5792155,1628,50.90625,0.7129263877868652,Grad/mlp.fc2.lora_B,outputs_dev/vitb16/T=vtab_Q=3bit_L=lora_2_qkv-fc1-proj-fc2/cifar/20260114184203_default_acc=53.50/tensorboard/Grad_mlp.fc2.lora_B_block_0/events.out.tfevents.1768387349.master-192-168-8-48.1680.8,mlp.fc2.lora_B,0
1768388285.0100868,1629,50.9375,0.29726603627204895,Grad/mlp.fc2.lora_B,outputs_dev/vitb16/T=vtab_Q=3bit_L=lora_2_qkv-fc1-proj-fc2/cifar/20260114184203_default_acc=53.50/tensorboard/Grad_mlp.fc2.lora_B_block_0/events.out.tfevents.1768387349.master-192-168-8-48.1680.8,mlp.fc2.lora_B,0
1768388285.4281006,1630,50.96875,0.23620806634426117,Grad/mlp.fc2.lora_B,outputs_dev/vitb16/T=vtab_Q=3bit_L=lora_2_qkv-fc1-proj-fc2/cifar/20260114184203_default_acc=53.50/tensorboard/Grad_mlp.fc2.lora_B_block_0/events.out.tfevents.1768387349.master-192-168-8-48.1680.8,mlp.fc2.lora_B,0
1768388285.6321456,1631,51.0,0.27806276082992554,Grad/mlp.fc2.lora_B,outputs_dev/vitb16/T=vtab_Q=3bit_L=lora_2_qkv-fc1-proj-fc2/cifar/20260114184203_default_acc=53.50/tensorboard/Grad_mlp.fc2.lora_B_block_0/events.out.tfevents.1768387349.master-192-168-8-48.1680.8,mlp.fc2.lora_B,0
1768388336.8247252,1632,51.03125,0.19514691829681396,Grad/mlp.fc2.lora_B,outputs_dev/vitb16/T=vtab_Q=3bit_L=lora_2_qkv-fc1-proj-fc2/cifar/20260114184203_default_acc=53.50/tensorboard/Grad_mlp.fc2.lora_B_block_0/events.out.tfevents.1768387349.master-192-168-8-48.1680.8,mlp.fc2.lora_B,0
1768388337.2323492,1633,51.0625,0.15660610795021057,Grad/mlp.fc2.lora_B,outputs_dev/vitb16/T=vtab_Q=3bit_L=lora_2_qkv-fc1-proj-fc2/cifar/20260114184203_default_acc=53.50/tensorboard/Grad_mlp.fc2.lora_B_block_0/events.out.tfevents.1768387349.master-192-168-8-48.1680.8,mlp.fc2.lora_B,0
1768388337.6344721,1634,51.09375,0.5087127089500427,Grad/mlp.fc2.lora_B,outputs_dev/vitb16/T=vtab_Q=3bit_L=lora_2_qkv-fc1-proj-fc2/cifar/20260114184203_default_acc=53.50/tensorboard/Grad_mlp.fc2.lora_B_block_0/events.out.tfevents.1768387349.master-192-168-8-48.1680.8,mlp.fc2.lora_B,0
1768388338.0220425,1635,51.125,0.402470201253891,Grad/mlp.fc2.lora_B,outputs_dev/vitb16/T=vtab_Q=3bit_L=lora_2_qkv-fc1-proj-fc2/cifar/20260114184203_default_acc=53.50/tensorboard/Grad_mlp.fc2.lora_B_block_0/events.out.tfevents.1768387349.master-192-168-8-48.1680.8,mlp.fc2.lora_B,0
1768388338.4093866,1636,51.15625,0.32842937111854553,Grad/mlp.fc2.lora_B,outputs_dev/vitb16/T=vtab_Q=3bit_L=lora_2_qkv-fc1-proj-fc2/cifar/20260114184203_default_acc=53.50/tensorboard/Grad_mlp.fc2.lora_B_block_0/events.out.tfevents.1768387349.master-192-168-8-48.1680.8,mlp.fc2.lora_B,0
1768388338.811978,1637,51.1875,0.1765914112329483,Grad/mlp.fc2.lora_B,outputs_dev/vitb16/T=vtab_Q=3bit_L=lora_2_qkv-fc1-proj-fc2/cifar/20260114184203_default_acc=53.50/tensorboard/Grad_mlp.fc2.lora_B_block_0/events.out.tfevents.1768387349.master-192-168-8-48.1680.8,mlp.fc2.lora_B,0
1768388339.202073,1638,51.21875,0.23632481694221497,Grad/mlp.fc2.lora_B,outputs_dev/vitb16/T=vtab_Q=3bit_L=lora_2_qkv-fc1-proj-fc2/cifar/20260114184203_default_acc=53.50/tensorboard/Grad_mlp.fc2.lora_B_block_0/events.out.tfevents.1768387349.master-192-168-8-48.1680.8,mlp.fc2.lora_B,0
1768388339.5946207,1639,51.25,0.20935222506523132,Grad/mlp.fc2.lora_B,outputs_dev/vitb16/T=vtab_Q=3bit_L=lora_2_qkv-fc1-proj-fc2/cifar/20260114184203_default_acc=53.50/tensorboard/Grad_mlp.fc2.lora_B_block_0/events.out.tfevents.1768387349.master-192-168-8-48.1680.8,mlp.fc2.lora_B,0
1768388339.984891,1640,51.28125,0.46558260917663574,Grad/mlp.fc2.lora_B,outputs_dev/vitb16/T=vtab_Q=3bit_L=lora_2_qkv-fc1-proj-fc2/cifar/20260114184203_default_acc=53.50/tensorboard/Grad_mlp.fc2.lora_B_block_0/events.out.tfevents.1768387349.master-192-168-8-48.1680.8,mlp.fc2.lora_B,0
1768388340.379393,1641,51.3125,0.14641334116458893,Grad/mlp.fc2.lora_B,outputs_dev/vitb16/T=vtab_Q=3bit_L=lora_2_qkv-fc1-proj-fc2/cifar/20260114184203_default_acc=53.50/tensorboard/Grad_mlp.fc2.lora_B_block_0/events.out.tfevents.1768387349.master-192-168-8-48.1680.8,mlp.fc2.lora_B,0
1768388340.771146,1642,51.34375,0.21607191860675812,Grad/mlp.fc2.lora_B,outputs_dev/vitb16/T=vtab_Q=3bit_L=lora_2_qkv-fc1-proj-fc2/cifar/20260114184203_default_acc=53.50/tensorboard/Grad_mlp.fc2.lora_B_block_0/events.out.tfevents.1768387349.master-192-168-8-48.1680.8,mlp.fc2.lora_B,0
1768388341.1616488,1643,51.375,0.12439917027950287,Grad/mlp.fc2.lora_B,outputs_dev/vitb16/T=vtab_Q=3bit_L=lora_2_qkv-fc1-proj-fc2/cifar/20260114184203_default_acc=53.50/tensorboard/Grad_mlp.fc2.lora_B_block_0/events.out.tfevents.1768387349.master-192-168-8-48.1680.8,mlp.fc2.lora_B,0
1768388341.5510528,1644,51.40625,0.5776011347770691,Grad/mlp.fc2.lora_B,outputs_dev/vitb16/T=vtab_Q=3bit_L=lora_2_qkv-fc1-proj-fc2/cifar/20260114184203_default_acc=53.50/tensorboard/Grad_mlp.fc2.lora_B_block_0/events.out.tfevents.1768387349.master-192-168-8-48.1680.8,mlp.fc2.lora_B,0
1768388341.9440987,1645,51.4375,0.09838437288999557,Grad/mlp.fc2.lora_B,outputs_dev/vitb16/T=vtab_Q=3bit_L=lora_2_qkv-fc1-proj-fc2/cifar/20260114184203_default_acc=53.50/tensorboard/Grad_mlp.fc2.lora_B_block_0/events.out.tfevents.1768387349.master-192-168-8-48.1680.8,mlp.fc2.lora_B,0
1768388342.3582215,1646,51.46875,0.1147230714559555,Grad/mlp.fc2.lora_B,outputs_dev/vitb16/T=vtab_Q=3bit_L=lora_2_qkv-fc1-proj-fc2/cifar/20260114184203_default_acc=53.50/tensorboard/Grad_mlp.fc2.lora_B_block_0/events.out.tfevents.1768387349.master-192-168-8-48.1680.8,mlp.fc2.lora_B,0
1768388342.7541146,1647,51.5,0.16441971063613892,Grad/mlp.fc2.lora_B,outputs_dev/vitb16/T=vtab_Q=3bit_L=lora_2_qkv-fc1-proj-fc2/cifar/20260114184203_default_acc=53.50/tensorboard/Grad_mlp.fc2.lora_B_block_0/events.out.tfevents.1768387349.master-192-168-8-48.1680.8,mlp.fc2.lora_B,0
1768388343.1508272,1648,51.53125,0.2779639661312103,Grad/mlp.fc2.lora_B,outputs_dev/vitb16/T=vtab_Q=3bit_L=lora_2_qkv-fc1-proj-fc2/cifar/20260114184203_default_acc=53.50/tensorboard/Grad_mlp.fc2.lora_B_block_0/events.out.tfevents.1768387349.master-192-168-8-48.1680.8,mlp.fc2.lora_B,0
1768388343.5457041,1649,51.5625,0.27253755927085876,Grad/mlp.fc2.lora_B,outputs_dev/vitb16/T=vtab_Q=3bit_L=lora_2_qkv-fc1-proj-fc2/cifar/20260114184203_default_acc=53.50/tensorboard/Grad_mlp.fc2.lora_B_block_0/events.out.tfevents.1768387349.master-192-168-8-48.1680.8,mlp.fc2.lora_B,0
1768388343.940095,1650,51.59375,0.05288856476545334,Grad/mlp.fc2.lora_B,outputs_dev/vitb16/T=vtab_Q=3bit_L=lora_2_qkv-fc1-proj-fc2/cifar/20260114184203_default_acc=53.50/tensorboard/Grad_mlp.fc2.lora_B_block_0/events.out.tfevents.1768387349.master-192-168-8-48.1680.8,mlp.fc2.lora_B,0
1768388344.3388703,1651,51.625,0.06590133905410767,Grad/mlp.fc2.lora_B,outputs_dev/vitb16/T=vtab_Q=3bit_L=lora_2_qkv-fc1-proj-fc2/cifar/20260114184203_default_acc=53.50/tensorboard/Grad_mlp.fc2.lora_B_block_0/events.out.tfevents.1768387349.master-192-168-8-48.1680.8,mlp.fc2.lora_B,0
1768388344.7354708,1652,51.65625,0.20210184156894684,Grad/mlp.fc2.lora_B,outputs_dev/vitb16/T=vtab_Q=3bit_L=lora_2_qkv-fc1-proj-fc2/cifar/20260114184203_default_acc=53.50/tensorboard/Grad_mlp.fc2.lora_B_block_0/events.out.tfevents.1768387349.master-192-168-8-48.1680.8,mlp.fc2.lora_B,0
1768388345.133397,1653,51.6875,0.9602447748184204,Grad/mlp.fc2.lora_B,outputs_dev/vitb16/T=vtab_Q=3bit_L=lora_2_qkv-fc1-proj-fc2/cifar/20260114184203_default_acc=53.50/tensorboard/Grad_mlp.fc2.lora_B_block_0/events.out.tfevents.1768387349.master-192-168-8-48.1680.8,mlp.fc2.lora_B,0
1768388345.528097,1654,51.71875,0.5175203680992126,Grad/mlp.fc2.lora_B,outputs_dev/vitb16/T=vtab_Q=3bit_L=lora_2_qkv-fc1-proj-fc2/cifar/20260114184203_default_acc=53.50/tensorboard/Grad_mlp.fc2.lora_B_block_0/events.out.tfevents.1768387349.master-192-168-8-48.1680.8,mlp.fc2.lora_B,0
1768388345.9366035,1655,51.75,0.4817692041397095,Grad/mlp.fc2.lora_B,outputs_dev/vitb16/T=vtab_Q=3bit_L=lora_2_qkv-fc1-proj-fc2/cifar/20260114184203_default_acc=53.50/tensorboard/Grad_mlp.fc2.lora_B_block_0/events.out.tfevents.1768387349.master-192-168-8-48.1680.8,mlp.fc2.lora_B,0
1768388346.3382194,1656,51.78125,0.18724627792835236,Grad/mlp.fc2.lora_B,outputs_dev/vitb16/T=vtab_Q=3bit_L=lora_2_qkv-fc1-proj-fc2/cifar/20260114184203_default_acc=53.50/tensorboard/Grad_mlp.fc2.lora_B_block_0/events.out.tfevents.1768387349.master-192-168-8-48.1680.8,mlp.fc2.lora_B,0
1768388346.7472725,1657,51.8125,0.2588595449924469,Grad/mlp.fc2.lora_B,outputs_dev/vitb16/T=vtab_Q=3bit_L=lora_2_qkv-fc1-proj-fc2/cifar/20260114184203_default_acc=53.50/tensorboard/Grad_mlp.fc2.lora_B_block_0/events.out.tfevents.1768387349.master-192-168-8-48.1680.8,mlp.fc2.lora_B,0
1768388347.1432028,1658,51.84375,0.15592283010482788,Grad/mlp.fc2.lora_B,outputs_dev/vitb16/T=vtab_Q=3bit_L=lora_2_qkv-fc1-proj-fc2/cifar/20260114184203_default_acc=53.50/tensorboard/Grad_mlp.fc2.lora_B_block_0/events.out.tfevents.1768387349.master-192-168-8-48.1680.8,mlp.fc2.lora_B,0
1768388347.5461695,1659,51.875,0.1581328958272934,Grad/mlp.fc2.lora_B,outputs_dev/vitb16/T=vtab_Q=3bit_L=lora_2_qkv-fc1-proj-fc2/cifar/20260114184203_default_acc=53.50/tensorboard/Grad_mlp.fc2.lora_B_block_0/events.out.tfevents.1768387349.master-192-168-8-48.1680.8,mlp.fc2.lora_B,0
1768388347.9354358,1660,51.90625,0.3023926913738251,Grad/mlp.fc2.lora_B,outputs_dev/vitb16/T=vtab_Q=3bit_L=lora_2_qkv-fc1-proj-fc2/cifar/20260114184203_default_acc=53.50/tensorboard/Grad_mlp.fc2.lora_B_block_0/events.out.tfevents.1768387349.master-192-168-8-48.1680.8,mlp.fc2.lora_B,0
1768388348.3334029,1661,51.9375,0.2074400782585144,Grad/mlp.fc2.lora_B,outputs_dev/vitb16/T=vtab_Q=3bit_L=lora_2_qkv-fc1-proj-fc2/cifar/20260114184203_default_acc=53.50/tensorboard/Grad_mlp.fc2.lora_B_block_0/events.out.tfevents.1768387349.master-192-168-8-48.1680.8,mlp.fc2.lora_B,0
1768388348.7312787,1662,51.96875,0.3144979476928711,Grad/mlp.fc2.lora_B,outputs_dev/vitb16/T=vtab_Q=3bit_L=lora_2_qkv-fc1-proj-fc2/cifar/20260114184203_default_acc=53.50/tensorboard/Grad_mlp.fc2.lora_B_block_0/events.out.tfevents.1768387349.master-192-168-8-48.1680.8,mlp.fc2.lora_B,0
1768388348.9117122,1663,52.0,0.34204328060150146,Grad/mlp.fc2.lora_B,outputs_dev/vitb16/T=vtab_Q=3bit_L=lora_2_qkv-fc1-proj-fc2/cifar/20260114184203_default_acc=53.50/tensorboard/Grad_mlp.fc2.lora_B_block_0/events.out.tfevents.1768387349.master-192-168-8-48.1680.8,mlp.fc2.lora_B,0
1768388349.600197,1664,52.03125,0.25138717889785767,Grad/mlp.fc2.lora_B,outputs_dev/vitb16/T=vtab_Q=3bit_L=lora_2_qkv-fc1-proj-fc2/cifar/20260114184203_default_acc=53.50/tensorboard/Grad_mlp.fc2.lora_B_block_0/events.out.tfevents.1768387349.master-192-168-8-48.1680.8,mlp.fc2.lora_B,0
1768388349.9936814,1665,52.0625,0.3219869136810303,Grad/mlp.fc2.lora_B,outputs_dev/vitb16/T=vtab_Q=3bit_L=lora_2_qkv-fc1-proj-fc2/cifar/20260114184203_default_acc=53.50/tensorboard/Grad_mlp.fc2.lora_B_block_0/events.out.tfevents.1768387349.master-192-168-8-48.1680.8,mlp.fc2.lora_B,0
1768388350.3848753,1666,52.09375,0.2020380049943924,Grad/mlp.fc2.lora_B,outputs_dev/vitb16/T=vtab_Q=3bit_L=lora_2_qkv-fc1-proj-fc2/cifar/20260114184203_default_acc=53.50/tensorboard/Grad_mlp.fc2.lora_B_block_0/events.out.tfevents.1768387349.master-192-168-8-48.1680.8,mlp.fc2.lora_B,0
1768388350.778409,1667,52.125,0.6181422472000122,Grad/mlp.fc2.lora_B,outputs_dev/vitb16/T=vtab_Q=3bit_L=lora_2_qkv-fc1-proj-fc2/cifar/20260114184203_default_acc=53.50/tensorboard/Grad_mlp.fc2.lora_B_block_0/events.out.tfevents.1768387349.master-192-168-8-48.1680.8,mlp.fc2.lora_B,0
1768388351.171139,1668,52.15625,0.19545258581638336,Grad/mlp.fc2.lora_B,outputs_dev/vitb16/T=vtab_Q=3bit_L=lora_2_qkv-fc1-proj-fc2/cifar/20260114184203_default_acc=53.50/tensorboard/Grad_mlp.fc2.lora_B_block_0/events.out.tfevents.1768387349.master-192-168-8-48.1680.8,mlp.fc2.lora_B,0
1768388351.5742514,1669,52.1875,0.15419553220272064,Grad/mlp.fc2.lora_B,outputs_dev/vitb16/T=vtab_Q=3bit_L=lora_2_qkv-fc1-proj-fc2/cifar/20260114184203_default_acc=53.50/tensorboard/Grad_mlp.fc2.lora_B_block_0/events.out.tfevents.1768387349.master-192-168-8-48.1680.8,mlp.fc2.lora_B,0
1768388351.96513,1670,52.21875,0.1055002361536026,Grad/mlp.fc2.lora_B,outputs_dev/vitb16/T=vtab_Q=3bit_L=lora_2_qkv-fc1-proj-fc2/cifar/20260114184203_default_acc=53.50/tensorboard/Grad_mlp.fc2.lora_B_block_0/events.out.tfevents.1768387349.master-192-168-8-48.1680.8,mlp.fc2.lora_B,0
1768388352.3546672,1671,52.25,0.4221652150154114,Grad/mlp.fc2.lora_B,outputs_dev/vitb16/T=vtab_Q=3bit_L=lora_2_qkv-fc1-proj-fc2/cifar/20260114184203_default_acc=53.50/tensorboard/Grad_mlp.fc2.lora_B_block_0/events.out.tfevents.1768387349.master-192-168-8-48.1680.8,mlp.fc2.lora_B,0
1768388352.7460067,1672,52.28125,0.38891443610191345,Grad/mlp.fc2.lora_B,outputs_dev/vitb16/T=vtab_Q=3bit_L=lora_2_qkv-fc1-proj-fc2/cifar/20260114184203_default_acc=53.50/tensorboard/Grad_mlp.fc2.lora_B_block_0/events.out.tfevents.1768387349.master-192-168-8-48.1680.8,mlp.fc2.lora_B,0
1768388353.1355524,1673,52.3125,0.17624437808990479,Grad/mlp.fc2.lora_B,outputs_dev/vitb16/T=vtab_Q=3bit_L=lora_2_qkv-fc1-proj-fc2/cifar/20260114184203_default_acc=53.50/tensorboard/Grad_mlp.fc2.lora_B_block_0/events.out.tfevents.1768387349.master-192-168-8-48.1680.8,mlp.fc2.lora_B,0
1768388353.5575857,1674,52.34375,0.2259265035390854,Grad/mlp.fc2.lora_B,outputs_dev/vitb16/T=vtab_Q=3bit_L=lora_2_qkv-fc1-proj-fc2/cifar/20260114184203_default_acc=53.50/tensorboard/Grad_mlp.fc2.lora_B_block_0/events.out.tfevents.1768387349.master-192-168-8-48.1680.8,mlp.fc2.lora_B,0
1768388353.9554853,1675,52.375,1.3359379768371582,Grad/mlp.fc2.lora_B,outputs_dev/vitb16/T=vtab_Q=3bit_L=lora_2_qkv-fc1-proj-fc2/cifar/20260114184203_default_acc=53.50/tensorboard/Grad_mlp.fc2.lora_B_block_0/events.out.tfevents.1768387349.master-192-168-8-48.1680.8,mlp.fc2.lora_B,0
1768388354.3542068,1676,52.40625,0.14327454566955566,Grad/mlp.fc2.lora_B,outputs_dev/vitb16/T=vtab_Q=3bit_L=lora_2_qkv-fc1-proj-fc2/cifar/20260114184203_default_acc=53.50/tensorboard/Grad_mlp.fc2.lora_B_block_0/events.out.tfevents.1768387349.master-192-168-8-48.1680.8,mlp.fc2.lora_B,0
1768388354.7477765,1677,52.4375,0.1055525615811348,Grad/mlp.fc2.lora_B,outputs_dev/vitb16/T=vtab_Q=3bit_L=lora_2_qkv-fc1-proj-fc2/cifar/20260114184203_default_acc=53.50/tensorboard/Grad_mlp.fc2.lora_B_block_0/events.out.tfevents.1768387349.master-192-168-8-48.1680.8,mlp.fc2.lora_B,0
1768388355.1529713,1678,52.46875,0.7070499658584595,Grad/mlp.fc2.lora_B,outputs_dev/vitb16/T=vtab_Q=3bit_L=lora_2_qkv-fc1-proj-fc2/cifar/20260114184203_default_acc=53.50/tensorboard/Grad_mlp.fc2.lora_B_block_0/events.out.tfevents.1768387349.master-192-168-8-48.1680.8,mlp.fc2.lora_B,0
1768388355.5554402,1679,52.5,0.1483422815799713,Grad/mlp.fc2.lora_B,outputs_dev/vitb16/T=vtab_Q=3bit_L=lora_2_qkv-fc1-proj-fc2/cifar/20260114184203_default_acc=53.50/tensorboard/Grad_mlp.fc2.lora_B_block_0/events.out.tfevents.1768387349.master-192-168-8-48.1680.8,mlp.fc2.lora_B,0
1768388355.9475389,1680,52.53125,0.35786566138267517,Grad/mlp.fc2.lora_B,outputs_dev/vitb16/T=vtab_Q=3bit_L=lora_2_qkv-fc1-proj-fc2/cifar/20260114184203_default_acc=53.50/tensorboard/Grad_mlp.fc2.lora_B_block_0/events.out.tfevents.1768387349.master-192-168-8-48.1680.8,mlp.fc2.lora_B,0
1768388356.3370802,1681,52.5625,0.2289627641439438,Grad/mlp.fc2.lora_B,outputs_dev/vitb16/T=vtab_Q=3bit_L=lora_2_qkv-fc1-proj-fc2/cifar/20260114184203_default_acc=53.50/tensorboard/Grad_mlp.fc2.lora_B_block_0/events.out.tfevents.1768387349.master-192-168-8-48.1680.8,mlp.fc2.lora_B,0
1768388356.726913,1682,52.59375,0.3446604609489441,Grad/mlp.fc2.lora_B,outputs_dev/vitb16/T=vtab_Q=3bit_L=lora_2_qkv-fc1-proj-fc2/cifar/20260114184203_default_acc=53.50/tensorboard/Grad_mlp.fc2.lora_B_block_0/events.out.tfevents.1768387349.master-192-168-8-48.1680.8,mlp.fc2.lora_B,0
1768388357.116523,1683,52.625,0.2644983232021332,Grad/mlp.fc2.lora_B,outputs_dev/vitb16/T=vtab_Q=3bit_L=lora_2_qkv-fc1-proj-fc2/cifar/20260114184203_default_acc=53.50/tensorboard/Grad_mlp.fc2.lora_B_block_0/events.out.tfevents.1768387349.master-192-168-8-48.1680.8,mlp.fc2.lora_B,0
1768388357.5087316,1684,52.65625,0.12325482070446014,Grad/mlp.fc2.lora_B,outputs_dev/vitb16/T=vtab_Q=3bit_L=lora_2_qkv-fc1-proj-fc2/cifar/20260114184203_default_acc=53.50/tensorboard/Grad_mlp.fc2.lora_B_block_0/events.out.tfevents.1768387349.master-192-168-8-48.1680.8,mlp.fc2.lora_B,0
1768388357.8999367,1685,52.6875,0.23976068198680878,Grad/mlp.fc2.lora_B,outputs_dev/vitb16/T=vtab_Q=3bit_L=lora_2_qkv-fc1-proj-fc2/cifar/20260114184203_default_acc=53.50/tensorboard/Grad_mlp.fc2.lora_B_block_0/events.out.tfevents.1768387349.master-192-168-8-48.1680.8,mlp.fc2.lora_B,0
1768388358.2919698,1686,52.71875,0.5345860123634338,Grad/mlp.fc2.lora_B,outputs_dev/vitb16/T=vtab_Q=3bit_L=lora_2_qkv-fc1-proj-fc2/cifar/20260114184203_default_acc=53.50/tensorboard/Grad_mlp.fc2.lora_B_block_0/events.out.tfevents.1768387349.master-192-168-8-48.1680.8,mlp.fc2.lora_B,0
1768388358.6967795,1687,52.75,0.25106924772262573,Grad/mlp.fc2.lora_B,outputs_dev/vitb16/T=vtab_Q=3bit_L=lora_2_qkv-fc1-proj-fc2/cifar/20260114184203_default_acc=53.50/tensorboard/Grad_mlp.fc2.lora_B_block_0/events.out.tfevents.1768387349.master-192-168-8-48.1680.8,mlp.fc2.lora_B,0
1768388359.0878825,1688,52.78125,0.12544991075992584,Grad/mlp.fc2.lora_B,outputs_dev/vitb16/T=vtab_Q=3bit_L=lora_2_qkv-fc1-proj-fc2/cifar/20260114184203_default_acc=53.50/tensorboard/Grad_mlp.fc2.lora_B_block_0/events.out.tfevents.1768387349.master-192-168-8-48.1680.8,mlp.fc2.lora_B,0
1768388359.4785905,1689,52.8125,0.15437215566635132,Grad/mlp.fc2.lora_B,outputs_dev/vitb16/T=vtab_Q=3bit_L=lora_2_qkv-fc1-proj-fc2/cifar/20260114184203_default_acc=53.50/tensorboard/Grad_mlp.fc2.lora_B_block_0/events.out.tfevents.1768387349.master-192-168-8-48.1680.8,mlp.fc2.lora_B,0
1768388359.8718014,1690,52.84375,0.3210528492927551,Grad/mlp.fc2.lora_B,outputs_dev/vitb16/T=vtab_Q=3bit_L=lora_2_qkv-fc1-proj-fc2/cifar/20260114184203_default_acc=53.50/tensorboard/Grad_mlp.fc2.lora_B_block_0/events.out.tfevents.1768387349.master-192-168-8-48.1680.8,mlp.fc2.lora_B,0
1768388360.2627602,1691,52.875,0.6204960346221924,Grad/mlp.fc2.lora_B,outputs_dev/vitb16/T=vtab_Q=3bit_L=lora_2_qkv-fc1-proj-fc2/cifar/20260114184203_default_acc=53.50/tensorboard/Grad_mlp.fc2.lora_B_block_0/events.out.tfevents.1768387349.master-192-168-8-48.1680.8,mlp.fc2.lora_B,0
1768388360.67127,1692,52.90625,0.09373500198125839,Grad/mlp.fc2.lora_B,outputs_dev/vitb16/T=vtab_Q=3bit_L=lora_2_qkv-fc1-proj-fc2/cifar/20260114184203_default_acc=53.50/tensorboard/Grad_mlp.fc2.lora_B_block_0/events.out.tfevents.1768387349.master-192-168-8-48.1680.8,mlp.fc2.lora_B,0
1768388361.0645847,1693,52.9375,0.21791724860668182,Grad/mlp.fc2.lora_B,outputs_dev/vitb16/T=vtab_Q=3bit_L=lora_2_qkv-fc1-proj-fc2/cifar/20260114184203_default_acc=53.50/tensorboard/Grad_mlp.fc2.lora_B_block_0/events.out.tfevents.1768387349.master-192-168-8-48.1680.8,mlp.fc2.lora_B,0
1768388361.461022,1694,52.96875,0.23718270659446716,Grad/mlp.fc2.lora_B,outputs_dev/vitb16/T=vtab_Q=3bit_L=lora_2_qkv-fc1-proj-fc2/cifar/20260114184203_default_acc=53.50/tensorboard/Grad_mlp.fc2.lora_B_block_0/events.out.tfevents.1768387349.master-192-168-8-48.1680.8,mlp.fc2.lora_B,0
1768388361.668694,1695,53.0,0.09718696027994156,Grad/mlp.fc2.lora_B,outputs_dev/vitb16/T=vtab_Q=3bit_L=lora_2_qkv-fc1-proj-fc2/cifar/20260114184203_default_acc=53.50/tensorboard/Grad_mlp.fc2.lora_B_block_0/events.out.tfevents.1768387349.master-192-168-8-48.1680.8,mlp.fc2.lora_B,0
1768388362.3764677,1696,53.03125,0.05674120411276817,Grad/mlp.fc2.lora_B,outputs_dev/vitb16/T=vtab_Q=3bit_L=lora_2_qkv-fc1-proj-fc2/cifar/20260114184203_default_acc=53.50/tensorboard/Grad_mlp.fc2.lora_B_block_0/events.out.tfevents.1768387349.master-192-168-8-48.1680.8,mlp.fc2.lora_B,0
1768388362.7886188,1697,53.0625,0.11583946645259857,Grad/mlp.fc2.lora_B,outputs_dev/vitb16/T=vtab_Q=3bit_L=lora_2_qkv-fc1-proj-fc2/cifar/20260114184203_default_acc=53.50/tensorboard/Grad_mlp.fc2.lora_B_block_0/events.out.tfevents.1768387349.master-192-168-8-48.1680.8,mlp.fc2.lora_B,0
1768388363.1839538,1698,53.09375,0.1348513960838318,Grad/mlp.fc2.lora_B,outputs_dev/vitb16/T=vtab_Q=3bit_L=lora_2_qkv-fc1-proj-fc2/cifar/20260114184203_default_acc=53.50/tensorboard/Grad_mlp.fc2.lora_B_block_0/events.out.tfevents.1768387349.master-192-168-8-48.1680.8,mlp.fc2.lora_B,0
1768388363.591553,1699,53.125,0.10348233580589294,Grad/mlp.fc2.lora_B,outputs_dev/vitb16/T=vtab_Q=3bit_L=lora_2_qkv-fc1-proj-fc2/cifar/20260114184203_default_acc=53.50/tensorboard/Grad_mlp.fc2.lora_B_block_0/events.out.tfevents.1768387349.master-192-168-8-48.1680.8,mlp.fc2.lora_B,0
1768388363.9992466,1700,53.15625,0.2901086211204529,Grad/mlp.fc2.lora_B,outputs_dev/vitb16/T=vtab_Q=3bit_L=lora_2_qkv-fc1-proj-fc2/cifar/20260114184203_default_acc=53.50/tensorboard/Grad_mlp.fc2.lora_B_block_0/events.out.tfevents.1768387349.master-192-168-8-48.1680.8,mlp.fc2.lora_B,0
1768388364.4098043,1701,53.1875,0.3522278666496277,Grad/mlp.fc2.lora_B,outputs_dev/vitb16/T=vtab_Q=3bit_L=lora_2_qkv-fc1-proj-fc2/cifar/20260114184203_default_acc=53.50/tensorboard/Grad_mlp.fc2.lora_B_block_0/events.out.tfevents.1768387349.master-192-168-8-48.1680.8,mlp.fc2.lora_B,0
1768388364.8026745,1702,53.21875,0.12847615778446198,Grad/mlp.fc2.lora_B,outputs_dev/vitb16/T=vtab_Q=3bit_L=lora_2_qkv-fc1-proj-fc2/cifar/20260114184203_default_acc=53.50/tensorboard/Grad_mlp.fc2.lora_B_block_0/events.out.tfevents.1768387349.master-192-168-8-48.1680.8,mlp.fc2.lora_B,0
1768388365.215766,1703,53.25,0.7673338651657104,Grad/mlp.fc2.lora_B,outputs_dev/vitb16/T=vtab_Q=3bit_L=lora_2_qkv-fc1-proj-fc2/cifar/20260114184203_default_acc=53.50/tensorboard/Grad_mlp.fc2.lora_B_block_0/events.out.tfevents.1768387349.master-192-168-8-48.1680.8,mlp.fc2.lora_B,0
1768388365.606283,1704,53.28125,0.2610582113265991,Grad/mlp.fc2.lora_B,outputs_dev/vitb16/T=vtab_Q=3bit_L=lora_2_qkv-fc1-proj-fc2/cifar/20260114184203_default_acc=53.50/tensorboard/Grad_mlp.fc2.lora_B_block_0/events.out.tfevents.1768387349.master-192-168-8-48.1680.8,mlp.fc2.lora_B,0
1768388366.001847,1705,53.3125,0.5366330742835999,Grad/mlp.fc2.lora_B,outputs_dev/vitb16/T=vtab_Q=3bit_L=lora_2_qkv-fc1-proj-fc2/cifar/20260114184203_default_acc=53.50/tensorboard/Grad_mlp.fc2.lora_B_block_0/events.out.tfevents.1768387349.master-192-168-8-48.1680.8,mlp.fc2.lora_B,0
1768388366.4069886,1706,53.34375,0.35990968346595764,Grad/mlp.fc2.lora_B,outputs_dev/vitb16/T=vtab_Q=3bit_L=lora_2_qkv-fc1-proj-fc2/cifar/20260114184203_default_acc=53.50/tensorboard/Grad_mlp.fc2.lora_B_block_0/events.out.tfevents.1768387349.master-192-168-8-48.1680.8,mlp.fc2.lora_B,0
1768388366.8005905,1707,53.375,0.22128918766975403,Grad/mlp.fc2.lora_B,outputs_dev/vitb16/T=vtab_Q=3bit_L=lora_2_qkv-fc1-proj-fc2/cifar/20260114184203_default_acc=53.50/tensorboard/Grad_mlp.fc2.lora_B_block_0/events.out.tfevents.1768387349.master-192-168-8-48.1680.8,mlp.fc2.lora_B,0
1768388367.1938255,1708,53.40625,0.25443488359451294,Grad/mlp.fc2.lora_B,outputs_dev/vitb16/T=vtab_Q=3bit_L=lora_2_qkv-fc1-proj-fc2/cifar/20260114184203_default_acc=53.50/tensorboard/Grad_mlp.fc2.lora_B_block_0/events.out.tfevents.1768387349.master-192-168-8-48.1680.8,mlp.fc2.lora_B,0
1768388367.5850203,1709,53.4375,0.14239107072353363,Grad/mlp.fc2.lora_B,outputs_dev/vitb16/T=vtab_Q=3bit_L=lora_2_qkv-fc1-proj-fc2/cifar/20260114184203_default_acc=53.50/tensorboard/Grad_mlp.fc2.lora_B_block_0/events.out.tfevents.1768387349.master-192-168-8-48.1680.8,mlp.fc2.lora_B,0
1768388367.9779785,1710,53.46875,0.19438102841377258,Grad/mlp.fc2.lora_B,outputs_dev/vitb16/T=vtab_Q=3bit_L=lora_2_qkv-fc1-proj-fc2/cifar/20260114184203_default_acc=53.50/tensorboard/Grad_mlp.fc2.lora_B_block_0/events.out.tfevents.1768387349.master-192-168-8-48.1680.8,mlp.fc2.lora_B,0
1768388368.3712685,1711,53.5,0.10536341369152069,Grad/mlp.fc2.lora_B,outputs_dev/vitb16/T=vtab_Q=3bit_L=lora_2_qkv-fc1-proj-fc2/cifar/20260114184203_default_acc=53.50/tensorboard/Grad_mlp.fc2.lora_B_block_0/events.out.tfevents.1768387349.master-192-168-8-48.1680.8,mlp.fc2.lora_B,0
1768388368.761624,1712,53.53125,0.29300907254219055,Grad/mlp.fc2.lora_B,outputs_dev/vitb16/T=vtab_Q=3bit_L=lora_2_qkv-fc1-proj-fc2/cifar/20260114184203_default_acc=53.50/tensorboard/Grad_mlp.fc2.lora_B_block_0/events.out.tfevents.1768387349.master-192-168-8-48.1680.8,mlp.fc2.lora_B,0
1768388369.1529584,1713,53.5625,0.30622398853302,Grad/mlp.fc2.lora_B,outputs_dev/vitb16/T=vtab_Q=3bit_L=lora_2_qkv-fc1-proj-fc2/cifar/20260114184203_default_acc=53.50/tensorboard/Grad_mlp.fc2.lora_B_block_0/events.out.tfevents.1768387349.master-192-168-8-48.1680.8,mlp.fc2.lora_B,0
1768388369.543166,1714,53.59375,0.12106723338365555,Grad/mlp.fc2.lora_B,outputs_dev/vitb16/T=vtab_Q=3bit_L=lora_2_qkv-fc1-proj-fc2/cifar/20260114184203_default_acc=53.50/tensorboard/Grad_mlp.fc2.lora_B_block_0/events.out.tfevents.1768387349.master-192-168-8-48.1680.8,mlp.fc2.lora_B,0
1768388369.9330318,1715,53.625,0.20366345345973969,Grad/mlp.fc2.lora_B,outputs_dev/vitb16/T=vtab_Q=3bit_L=lora_2_qkv-fc1-proj-fc2/cifar/20260114184203_default_acc=53.50/tensorboard/Grad_mlp.fc2.lora_B_block_0/events.out.tfevents.1768387349.master-192-168-8-48.1680.8,mlp.fc2.lora_B,0
1768388370.3224728,1716,53.65625,0.3999074101448059,Grad/mlp.fc2.lora_B,outputs_dev/vitb16/T=vtab_Q=3bit_L=lora_2_qkv-fc1-proj-fc2/cifar/20260114184203_default_acc=53.50/tensorboard/Grad_mlp.fc2.lora_B_block_0/events.out.tfevents.1768387349.master-192-168-8-48.1680.8,mlp.fc2.lora_B,0
1768388370.713103,1717,53.6875,0.4211943447589874,Grad/mlp.fc2.lora_B,outputs_dev/vitb16/T=vtab_Q=3bit_L=lora_2_qkv-fc1-proj-fc2/cifar/20260114184203_default_acc=53.50/tensorboard/Grad_mlp.fc2.lora_B_block_0/events.out.tfevents.1768387349.master-192-168-8-48.1680.8,mlp.fc2.lora_B,0
1768388371.1038826,1718,53.71875,0.30057260394096375,Grad/mlp.fc2.lora_B,outputs_dev/vitb16/T=vtab_Q=3bit_L=lora_2_qkv-fc1-proj-fc2/cifar/20260114184203_default_acc=53.50/tensorboard/Grad_mlp.fc2.lora_B_block_0/events.out.tfevents.1768387349.master-192-168-8-48.1680.8,mlp.fc2.lora_B,0
1768388371.4825263,1719,53.75,0.25566184520721436,Grad/mlp.fc2.lora_B,outputs_dev/vitb16/T=vtab_Q=3bit_L=lora_2_qkv-fc1-proj-fc2/cifar/20260114184203_default_acc=53.50/tensorboard/Grad_mlp.fc2.lora_B_block_0/events.out.tfevents.1768387349.master-192-168-8-48.1680.8,mlp.fc2.lora_B,0
1768388371.8619332,1720,53.78125,0.15346603095531464,Grad/mlp.fc2.lora_B,outputs_dev/vitb16/T=vtab_Q=3bit_L=lora_2_qkv-fc1-proj-fc2/cifar/20260114184203_default_acc=53.50/tensorboard/Grad_mlp.fc2.lora_B_block_0/events.out.tfevents.1768387349.master-192-168-8-48.1680.8,mlp.fc2.lora_B,0
1768388372.2827978,1721,53.8125,0.48059016466140747,Grad/mlp.fc2.lora_B,outputs_dev/vitb16/T=vtab_Q=3bit_L=lora_2_qkv-fc1-proj-fc2/cifar/20260114184203_default_acc=53.50/tensorboard/Grad_mlp.fc2.lora_B_block_0/events.out.tfevents.1768387349.master-192-168-8-48.1680.8,mlp.fc2.lora_B,0
1768388372.6813197,1722,53.84375,0.15215101838111877,Grad/mlp.fc2.lora_B,outputs_dev/vitb16/T=vtab_Q=3bit_L=lora_2_qkv-fc1-proj-fc2/cifar/20260114184203_default_acc=53.50/tensorboard/Grad_mlp.fc2.lora_B_block_0/events.out.tfevents.1768387349.master-192-168-8-48.1680.8,mlp.fc2.lora_B,0
1768388373.0833912,1723,53.875,0.22442464530467987,Grad/mlp.fc2.lora_B,outputs_dev/vitb16/T=vtab_Q=3bit_L=lora_2_qkv-fc1-proj-fc2/cifar/20260114184203_default_acc=53.50/tensorboard/Grad_mlp.fc2.lora_B_block_0/events.out.tfevents.1768387349.master-192-168-8-48.1680.8,mlp.fc2.lora_B,0
1768388373.4839633,1724,53.90625,0.1588081270456314,Grad/mlp.fc2.lora_B,outputs_dev/vitb16/T=vtab_Q=3bit_L=lora_2_qkv-fc1-proj-fc2/cifar/20260114184203_default_acc=53.50/tensorboard/Grad_mlp.fc2.lora_B_block_0/events.out.tfevents.1768387349.master-192-168-8-48.1680.8,mlp.fc2.lora_B,0
1768388373.8844013,1725,53.9375,0.2791943848133087,Grad/mlp.fc2.lora_B,outputs_dev/vitb16/T=vtab_Q=3bit_L=lora_2_qkv-fc1-proj-fc2/cifar/20260114184203_default_acc=53.50/tensorboard/Grad_mlp.fc2.lora_B_block_0/events.out.tfevents.1768387349.master-192-168-8-48.1680.8,mlp.fc2.lora_B,0
1768388374.2827826,1726,53.96875,0.1953771412372589,Grad/mlp.fc2.lora_B,outputs_dev/vitb16/T=vtab_Q=3bit_L=lora_2_qkv-fc1-proj-fc2/cifar/20260114184203_default_acc=53.50/tensorboard/Grad_mlp.fc2.lora_B_block_0/events.out.tfevents.1768387349.master-192-168-8-48.1680.8,mlp.fc2.lora_B,0
1768388374.469287,1727,54.0,0.401828408241272,Grad/mlp.fc2.lora_B,outputs_dev/vitb16/T=vtab_Q=3bit_L=lora_2_qkv-fc1-proj-fc2/cifar/20260114184203_default_acc=53.50/tensorboard/Grad_mlp.fc2.lora_B_block_0/events.out.tfevents.1768387349.master-192-168-8-48.1680.8,mlp.fc2.lora_B,0
1768388375.1452155,1728,54.03125,0.28333577513694763,Grad/mlp.fc2.lora_B,outputs_dev/vitb16/T=vtab_Q=3bit_L=lora_2_qkv-fc1-proj-fc2/cifar/20260114184203_default_acc=53.50/tensorboard/Grad_mlp.fc2.lora_B_block_0/events.out.tfevents.1768387349.master-192-168-8-48.1680.8,mlp.fc2.lora_B,0
1768388375.5429215,1729,54.0625,0.13330553472042084,Grad/mlp.fc2.lora_B,outputs_dev/vitb16/T=vtab_Q=3bit_L=lora_2_qkv-fc1-proj-fc2/cifar/20260114184203_default_acc=53.50/tensorboard/Grad_mlp.fc2.lora_B_block_0/events.out.tfevents.1768387349.master-192-168-8-48.1680.8,mlp.fc2.lora_B,0
1768388375.9422033,1730,54.09375,0.2097937911748886,Grad/mlp.fc2.lora_B,outputs_dev/vitb16/T=vtab_Q=3bit_L=lora_2_qkv-fc1-proj-fc2/cifar/20260114184203_default_acc=53.50/tensorboard/Grad_mlp.fc2.lora_B_block_0/events.out.tfevents.1768387349.master-192-168-8-48.1680.8,mlp.fc2.lora_B,0
1768388376.3535068,1731,54.125,0.35082709789276123,Grad/mlp.fc2.lora_B,outputs_dev/vitb16/T=vtab_Q=3bit_L=lora_2_qkv-fc1-proj-fc2/cifar/20260114184203_default_acc=53.50/tensorboard/Grad_mlp.fc2.lora_B_block_0/events.out.tfevents.1768387349.master-192-168-8-48.1680.8,mlp.fc2.lora_B,0
1768388376.74766,1732,54.15625,0.17994393408298492,Grad/mlp.fc2.lora_B,outputs_dev/vitb16/T=vtab_Q=3bit_L=lora_2_qkv-fc1-proj-fc2/cifar/20260114184203_default_acc=53.50/tensorboard/Grad_mlp.fc2.lora_B_block_0/events.out.tfevents.1768387349.master-192-168-8-48.1680.8,mlp.fc2.lora_B,0
1768388377.1536746,1733,54.1875,0.21406486630439758,Grad/mlp.fc2.lora_B,outputs_dev/vitb16/T=vtab_Q=3bit_L=lora_2_qkv-fc1-proj-fc2/cifar/20260114184203_default_acc=53.50/tensorboard/Grad_mlp.fc2.lora_B_block_0/events.out.tfevents.1768387349.master-192-168-8-48.1680.8,mlp.fc2.lora_B,0
1768388377.564062,1734,54.21875,0.10393416881561279,Grad/mlp.fc2.lora_B,outputs_dev/vitb16/T=vtab_Q=3bit_L=lora_2_qkv-fc1-proj-fc2/cifar/20260114184203_default_acc=53.50/tensorboard/Grad_mlp.fc2.lora_B_block_0/events.out.tfevents.1768387349.master-192-168-8-48.1680.8,mlp.fc2.lora_B,0
1768388377.9751725,1735,54.25,0.15655680000782013,Grad/mlp.fc2.lora_B,outputs_dev/vitb16/T=vtab_Q=3bit_L=lora_2_qkv-fc1-proj-fc2/cifar/20260114184203_default_acc=53.50/tensorboard/Grad_mlp.fc2.lora_B_block_0/events.out.tfevents.1768387349.master-192-168-8-48.1680.8,mlp.fc2.lora_B,0
1768388378.3672783,1736,54.28125,0.19070039689540863,Grad/mlp.fc2.lora_B,outputs_dev/vitb16/T=vtab_Q=3bit_L=lora_2_qkv-fc1-proj-fc2/cifar/20260114184203_default_acc=53.50/tensorboard/Grad_mlp.fc2.lora_B_block_0/events.out.tfevents.1768387349.master-192-168-8-48.1680.8,mlp.fc2.lora_B,0
1768388378.7494109,1737,54.3125,0.13953359425067902,Grad/mlp.fc2.lora_B,outputs_dev/vitb16/T=vtab_Q=3bit_L=lora_2_qkv-fc1-proj-fc2/cifar/20260114184203_default_acc=53.50/tensorboard/Grad_mlp.fc2.lora_B_block_0/events.out.tfevents.1768387349.master-192-168-8-48.1680.8,mlp.fc2.lora_B,0
1768388379.141027,1738,54.34375,0.051065366715192795,Grad/mlp.fc2.lora_B,outputs_dev/vitb16/T=vtab_Q=3bit_L=lora_2_qkv-fc1-proj-fc2/cifar/20260114184203_default_acc=53.50/tensorboard/Grad_mlp.fc2.lora_B_block_0/events.out.tfevents.1768387349.master-192-168-8-48.1680.8,mlp.fc2.lora_B,0
1768388379.5373552,1739,54.375,0.35418394207954407,Grad/mlp.fc2.lora_B,outputs_dev/vitb16/T=vtab_Q=3bit_L=lora_2_qkv-fc1-proj-fc2/cifar/20260114184203_default_acc=53.50/tensorboard/Grad_mlp.fc2.lora_B_block_0/events.out.tfevents.1768387349.master-192-168-8-48.1680.8,mlp.fc2.lora_B,0
1768388379.9283547,1740,54.40625,0.2146039456129074,Grad/mlp.fc2.lora_B,outputs_dev/vitb16/T=vtab_Q=3bit_L=lora_2_qkv-fc1-proj-fc2/cifar/20260114184203_default_acc=53.50/tensorboard/Grad_mlp.fc2.lora_B_block_0/events.out.tfevents.1768387349.master-192-168-8-48.1680.8,mlp.fc2.lora_B,0
1768388380.3223839,1741,54.4375,0.19278980791568756,Grad/mlp.fc2.lora_B,outputs_dev/vitb16/T=vtab_Q=3bit_L=lora_2_qkv-fc1-proj-fc2/cifar/20260114184203_default_acc=53.50/tensorboard/Grad_mlp.fc2.lora_B_block_0/events.out.tfevents.1768387349.master-192-168-8-48.1680.8,mlp.fc2.lora_B,0
1768388380.7150126,1742,54.46875,0.16615203022956848,Grad/mlp.fc2.lora_B,outputs_dev/vitb16/T=vtab_Q=3bit_L=lora_2_qkv-fc1-proj-fc2/cifar/20260114184203_default_acc=53.50/tensorboard/Grad_mlp.fc2.lora_B_block_0/events.out.tfevents.1768387349.master-192-168-8-48.1680.8,mlp.fc2.lora_B,0
1768388381.1067555,1743,54.5,0.44045448303222656,Grad/mlp.fc2.lora_B,outputs_dev/vitb16/T=vtab_Q=3bit_L=lora_2_qkv-fc1-proj-fc2/cifar/20260114184203_default_acc=53.50/tensorboard/Grad_mlp.fc2.lora_B_block_0/events.out.tfevents.1768387349.master-192-168-8-48.1680.8,mlp.fc2.lora_B,0
1768388381.5060966,1744,54.53125,0.2106393575668335,Grad/mlp.fc2.lora_B,outputs_dev/vitb16/T=vtab_Q=3bit_L=lora_2_qkv-fc1-proj-fc2/cifar/20260114184203_default_acc=53.50/tensorboard/Grad_mlp.fc2.lora_B_block_0/events.out.tfevents.1768387349.master-192-168-8-48.1680.8,mlp.fc2.lora_B,0
1768388381.9226365,1745,54.5625,0.2092588245868683,Grad/mlp.fc2.lora_B,outputs_dev/vitb16/T=vtab_Q=3bit_L=lora_2_qkv-fc1-proj-fc2/cifar/20260114184203_default_acc=53.50/tensorboard/Grad_mlp.fc2.lora_B_block_0/events.out.tfevents.1768387349.master-192-168-8-48.1680.8,mlp.fc2.lora_B,0
1768388382.3278544,1746,54.59375,0.7114278078079224,Grad/mlp.fc2.lora_B,outputs_dev/vitb16/T=vtab_Q=3bit_L=lora_2_qkv-fc1-proj-fc2/cifar/20260114184203_default_acc=53.50/tensorboard/Grad_mlp.fc2.lora_B_block_0/events.out.tfevents.1768387349.master-192-168-8-48.1680.8,mlp.fc2.lora_B,0
1768388382.7231152,1747,54.625,0.22639380395412445,Grad/mlp.fc2.lora_B,outputs_dev/vitb16/T=vtab_Q=3bit_L=lora_2_qkv-fc1-proj-fc2/cifar/20260114184203_default_acc=53.50/tensorboard/Grad_mlp.fc2.lora_B_block_0/events.out.tfevents.1768387349.master-192-168-8-48.1680.8,mlp.fc2.lora_B,0
1768388383.1281435,1748,54.65625,0.2789633572101593,Grad/mlp.fc2.lora_B,outputs_dev/vitb16/T=vtab_Q=3bit_L=lora_2_qkv-fc1-proj-fc2/cifar/20260114184203_default_acc=53.50/tensorboard/Grad_mlp.fc2.lora_B_block_0/events.out.tfevents.1768387349.master-192-168-8-48.1680.8,mlp.fc2.lora_B,0
1768388383.52418,1749,54.6875,0.09008754789829254,Grad/mlp.fc2.lora_B,outputs_dev/vitb16/T=vtab_Q=3bit_L=lora_2_qkv-fc1-proj-fc2/cifar/20260114184203_default_acc=53.50/tensorboard/Grad_mlp.fc2.lora_B_block_0/events.out.tfevents.1768387349.master-192-168-8-48.1680.8,mlp.fc2.lora_B,0
1768388383.913489,1750,54.71875,0.32361307740211487,Grad/mlp.fc2.lora_B,outputs_dev/vitb16/T=vtab_Q=3bit_L=lora_2_qkv-fc1-proj-fc2/cifar/20260114184203_default_acc=53.50/tensorboard/Grad_mlp.fc2.lora_B_block_0/events.out.tfevents.1768387349.master-192-168-8-48.1680.8,mlp.fc2.lora_B,0
1768388384.3166387,1751,54.75,0.06478574126958847,Grad/mlp.fc2.lora_B,outputs_dev/vitb16/T=vtab_Q=3bit_L=lora_2_qkv-fc1-proj-fc2/cifar/20260114184203_default_acc=53.50/tensorboard/Grad_mlp.fc2.lora_B_block_0/events.out.tfevents.1768387349.master-192-168-8-48.1680.8,mlp.fc2.lora_B,0
1768388384.724111,1752,54.78125,0.16172629594802856,Grad/mlp.fc2.lora_B,outputs_dev/vitb16/T=vtab_Q=3bit_L=lora_2_qkv-fc1-proj-fc2/cifar/20260114184203_default_acc=53.50/tensorboard/Grad_mlp.fc2.lora_B_block_0/events.out.tfevents.1768387349.master-192-168-8-48.1680.8,mlp.fc2.lora_B,0
1768388385.1052551,1753,54.8125,0.21973741054534912,Grad/mlp.fc2.lora_B,outputs_dev/vitb16/T=vtab_Q=3bit_L=lora_2_qkv-fc1-proj-fc2/cifar/20260114184203_default_acc=53.50/tensorboard/Grad_mlp.fc2.lora_B_block_0/events.out.tfevents.1768387349.master-192-168-8-48.1680.8,mlp.fc2.lora_B,0
1768388385.5093904,1754,54.84375,0.058116234838962555,Grad/mlp.fc2.lora_B,outputs_dev/vitb16/T=vtab_Q=3bit_L=lora_2_qkv-fc1-proj-fc2/cifar/20260114184203_default_acc=53.50/tensorboard/Grad_mlp.fc2.lora_B_block_0/events.out.tfevents.1768387349.master-192-168-8-48.1680.8,mlp.fc2.lora_B,0
1768388385.8937516,1755,54.875,0.3872157335281372,Grad/mlp.fc2.lora_B,outputs_dev/vitb16/T=vtab_Q=3bit_L=lora_2_qkv-fc1-proj-fc2/cifar/20260114184203_default_acc=53.50/tensorboard/Grad_mlp.fc2.lora_B_block_0/events.out.tfevents.1768387349.master-192-168-8-48.1680.8,mlp.fc2.lora_B,0
1768388386.2793179,1756,54.90625,0.2529948949813843,Grad/mlp.fc2.lora_B,outputs_dev/vitb16/T=vtab_Q=3bit_L=lora_2_qkv-fc1-proj-fc2/cifar/20260114184203_default_acc=53.50/tensorboard/Grad_mlp.fc2.lora_B_block_0/events.out.tfevents.1768387349.master-192-168-8-48.1680.8,mlp.fc2.lora_B,0
1768388386.6831748,1757,54.9375,0.1515931487083435,Grad/mlp.fc2.lora_B,outputs_dev/vitb16/T=vtab_Q=3bit_L=lora_2_qkv-fc1-proj-fc2/cifar/20260114184203_default_acc=53.50/tensorboard/Grad_mlp.fc2.lora_B_block_0/events.out.tfevents.1768387349.master-192-168-8-48.1680.8,mlp.fc2.lora_B,0
1768388387.0871928,1758,54.96875,0.21643950045108795,Grad/mlp.fc2.lora_B,outputs_dev/vitb16/T=vtab_Q=3bit_L=lora_2_qkv-fc1-proj-fc2/cifar/20260114184203_default_acc=53.50/tensorboard/Grad_mlp.fc2.lora_B_block_0/events.out.tfevents.1768387349.master-192-168-8-48.1680.8,mlp.fc2.lora_B,0
1768388387.2685077,1759,55.0,0.07518374919891357,Grad/mlp.fc2.lora_B,outputs_dev/vitb16/T=vtab_Q=3bit_L=lora_2_qkv-fc1-proj-fc2/cifar/20260114184203_default_acc=53.50/tensorboard/Grad_mlp.fc2.lora_B_block_0/events.out.tfevents.1768387349.master-192-168-8-48.1680.8,mlp.fc2.lora_B,0
1768388387.8948638,1760,55.03125,0.05747794359922409,Grad/mlp.fc2.lora_B,outputs_dev/vitb16/T=vtab_Q=3bit_L=lora_2_qkv-fc1-proj-fc2/cifar/20260114184203_default_acc=53.50/tensorboard/Grad_mlp.fc2.lora_B_block_0/events.out.tfevents.1768387349.master-192-168-8-48.1680.8,mlp.fc2.lora_B,0
1768388388.3030922,1761,55.0625,0.30133670568466187,Grad/mlp.fc2.lora_B,outputs_dev/vitb16/T=vtab_Q=3bit_L=lora_2_qkv-fc1-proj-fc2/cifar/20260114184203_default_acc=53.50/tensorboard/Grad_mlp.fc2.lora_B_block_0/events.out.tfevents.1768387349.master-192-168-8-48.1680.8,mlp.fc2.lora_B,0
1768388388.7112916,1762,55.09375,0.15942591428756714,Grad/mlp.fc2.lora_B,outputs_dev/vitb16/T=vtab_Q=3bit_L=lora_2_qkv-fc1-proj-fc2/cifar/20260114184203_default_acc=53.50/tensorboard/Grad_mlp.fc2.lora_B_block_0/events.out.tfevents.1768387349.master-192-168-8-48.1680.8,mlp.fc2.lora_B,0
1768388389.0992625,1763,55.125,0.0795150026679039,Grad/mlp.fc2.lora_B,outputs_dev/vitb16/T=vtab_Q=3bit_L=lora_2_qkv-fc1-proj-fc2/cifar/20260114184203_default_acc=53.50/tensorboard/Grad_mlp.fc2.lora_B_block_0/events.out.tfevents.1768387349.master-192-168-8-48.1680.8,mlp.fc2.lora_B,0
1768388389.4763577,1764,55.15625,0.06125320494174957,Grad/mlp.fc2.lora_B,outputs_dev/vitb16/T=vtab_Q=3bit_L=lora_2_qkv-fc1-proj-fc2/cifar/20260114184203_default_acc=53.50/tensorboard/Grad_mlp.fc2.lora_B_block_0/events.out.tfevents.1768387349.master-192-168-8-48.1680.8,mlp.fc2.lora_B,0
1768388389.8537474,1765,55.1875,0.172767773270607,Grad/mlp.fc2.lora_B,outputs_dev/vitb16/T=vtab_Q=3bit_L=lora_2_qkv-fc1-proj-fc2/cifar/20260114184203_default_acc=53.50/tensorboard/Grad_mlp.fc2.lora_B_block_0/events.out.tfevents.1768387349.master-192-168-8-48.1680.8,mlp.fc2.lora_B,0
1768388390.2424488,1766,55.21875,0.10047627985477448,Grad/mlp.fc2.lora_B,outputs_dev/vitb16/T=vtab_Q=3bit_L=lora_2_qkv-fc1-proj-fc2/cifar/20260114184203_default_acc=53.50/tensorboard/Grad_mlp.fc2.lora_B_block_0/events.out.tfevents.1768387349.master-192-168-8-48.1680.8,mlp.fc2.lora_B,0
1768388390.6305141,1767,55.25,0.2853926718235016,Grad/mlp.fc2.lora_B,outputs_dev/vitb16/T=vtab_Q=3bit_L=lora_2_qkv-fc1-proj-fc2/cifar/20260114184203_default_acc=53.50/tensorboard/Grad_mlp.fc2.lora_B_block_0/events.out.tfevents.1768387349.master-192-168-8-48.1680.8,mlp.fc2.lora_B,0
1768388391.016363,1768,55.28125,0.2702787220478058,Grad/mlp.fc2.lora_B,outputs_dev/vitb16/T=vtab_Q=3bit_L=lora_2_qkv-fc1-proj-fc2/cifar/20260114184203_default_acc=53.50/tensorboard/Grad_mlp.fc2.lora_B_block_0/events.out.tfevents.1768387349.master-192-168-8-48.1680.8,mlp.fc2.lora_B,0
1768388391.4078972,1769,55.3125,0.0843343436717987,Grad/mlp.fc2.lora_B,outputs_dev/vitb16/T=vtab_Q=3bit_L=lora_2_qkv-fc1-proj-fc2/cifar/20260114184203_default_acc=53.50/tensorboard/Grad_mlp.fc2.lora_B_block_0/events.out.tfevents.1768387349.master-192-168-8-48.1680.8,mlp.fc2.lora_B,0
1768388391.798062,1770,55.34375,0.26142847537994385,Grad/mlp.fc2.lora_B,outputs_dev/vitb16/T=vtab_Q=3bit_L=lora_2_qkv-fc1-proj-fc2/cifar/20260114184203_default_acc=53.50/tensorboard/Grad_mlp.fc2.lora_B_block_0/events.out.tfevents.1768387349.master-192-168-8-48.1680.8,mlp.fc2.lora_B,0
1768388392.1931603,1771,55.375,0.23016561567783356,Grad/mlp.fc2.lora_B,outputs_dev/vitb16/T=vtab_Q=3bit_L=lora_2_qkv-fc1-proj-fc2/cifar/20260114184203_default_acc=53.50/tensorboard/Grad_mlp.fc2.lora_B_block_0/events.out.tfevents.1768387349.master-192-168-8-48.1680.8,mlp.fc2.lora_B,0
1768388392.5848005,1772,55.40625,0.17576538026332855,Grad/mlp.fc2.lora_B,outputs_dev/vitb16/T=vtab_Q=3bit_L=lora_2_qkv-fc1-proj-fc2/cifar/20260114184203_default_acc=53.50/tensorboard/Grad_mlp.fc2.lora_B_block_0/events.out.tfevents.1768387349.master-192-168-8-48.1680.8,mlp.fc2.lora_B,0
1768388392.9757502,1773,55.4375,0.1730358749628067,Grad/mlp.fc2.lora_B,outputs_dev/vitb16/T=vtab_Q=3bit_L=lora_2_qkv-fc1-proj-fc2/cifar/20260114184203_default_acc=53.50/tensorboard/Grad_mlp.fc2.lora_B_block_0/events.out.tfevents.1768387349.master-192-168-8-48.1680.8,mlp.fc2.lora_B,0
1768388393.367191,1774,55.46875,0.22316186130046844,Grad/mlp.fc2.lora_B,outputs_dev/vitb16/T=vtab_Q=3bit_L=lora_2_qkv-fc1-proj-fc2/cifar/20260114184203_default_acc=53.50/tensorboard/Grad_mlp.fc2.lora_B_block_0/events.out.tfevents.1768387349.master-192-168-8-48.1680.8,mlp.fc2.lora_B,0
1768388393.763226,1775,55.5,0.23842068016529083,Grad/mlp.fc2.lora_B,outputs_dev/vitb16/T=vtab_Q=3bit_L=lora_2_qkv-fc1-proj-fc2/cifar/20260114184203_default_acc=53.50/tensorboard/Grad_mlp.fc2.lora_B_block_0/events.out.tfevents.1768387349.master-192-168-8-48.1680.8,mlp.fc2.lora_B,0
1768388394.1684422,1776,55.53125,0.119927778840065,Grad/mlp.fc2.lora_B,outputs_dev/vitb16/T=vtab_Q=3bit_L=lora_2_qkv-fc1-proj-fc2/cifar/20260114184203_default_acc=53.50/tensorboard/Grad_mlp.fc2.lora_B_block_0/events.out.tfevents.1768387349.master-192-168-8-48.1680.8,mlp.fc2.lora_B,0
1768388394.5731819,1777,55.5625,0.29376220703125,Grad/mlp.fc2.lora_B,outputs_dev/vitb16/T=vtab_Q=3bit_L=lora_2_qkv-fc1-proj-fc2/cifar/20260114184203_default_acc=53.50/tensorboard/Grad_mlp.fc2.lora_B_block_0/events.out.tfevents.1768387349.master-192-168-8-48.1680.8,mlp.fc2.lora_B,0
1768388394.9782734,1778,55.59375,0.1817256361246109,Grad/mlp.fc2.lora_B,outputs_dev/vitb16/T=vtab_Q=3bit_L=lora_2_qkv-fc1-proj-fc2/cifar/20260114184203_default_acc=53.50/tensorboard/Grad_mlp.fc2.lora_B_block_0/events.out.tfevents.1768387349.master-192-168-8-48.1680.8,mlp.fc2.lora_B,0
1768388395.379801,1779,55.625,0.06795036792755127,Grad/mlp.fc2.lora_B,outputs_dev/vitb16/T=vtab_Q=3bit_L=lora_2_qkv-fc1-proj-fc2/cifar/20260114184203_default_acc=53.50/tensorboard/Grad_mlp.fc2.lora_B_block_0/events.out.tfevents.1768387349.master-192-168-8-48.1680.8,mlp.fc2.lora_B,0
1768388395.7685463,1780,55.65625,0.31472048163414,Grad/mlp.fc2.lora_B,outputs_dev/vitb16/T=vtab_Q=3bit_L=lora_2_qkv-fc1-proj-fc2/cifar/20260114184203_default_acc=53.50/tensorboard/Grad_mlp.fc2.lora_B_block_0/events.out.tfevents.1768387349.master-192-168-8-48.1680.8,mlp.fc2.lora_B,0
1768388396.1657722,1781,55.6875,0.1289587765932083,Grad/mlp.fc2.lora_B,outputs_dev/vitb16/T=vtab_Q=3bit_L=lora_2_qkv-fc1-proj-fc2/cifar/20260114184203_default_acc=53.50/tensorboard/Grad_mlp.fc2.lora_B_block_0/events.out.tfevents.1768387349.master-192-168-8-48.1680.8,mlp.fc2.lora_B,0
1768388396.5739708,1782,55.71875,0.5248056054115295,Grad/mlp.fc2.lora_B,outputs_dev/vitb16/T=vtab_Q=3bit_L=lora_2_qkv-fc1-proj-fc2/cifar/20260114184203_default_acc=53.50/tensorboard/Grad_mlp.fc2.lora_B_block_0/events.out.tfevents.1768387349.master-192-168-8-48.1680.8,mlp.fc2.lora_B,0
1768388396.9565754,1783,55.75,0.4505842626094818,Grad/mlp.fc2.lora_B,outputs_dev/vitb16/T=vtab_Q=3bit_L=lora_2_qkv-fc1-proj-fc2/cifar/20260114184203_default_acc=53.50/tensorboard/Grad_mlp.fc2.lora_B_block_0/events.out.tfevents.1768387349.master-192-168-8-48.1680.8,mlp.fc2.lora_B,0
1768388397.3618617,1784,55.78125,0.1136319488286972,Grad/mlp.fc2.lora_B,outputs_dev/vitb16/T=vtab_Q=3bit_L=lora_2_qkv-fc1-proj-fc2/cifar/20260114184203_default_acc=53.50/tensorboard/Grad_mlp.fc2.lora_B_block_0/events.out.tfevents.1768387349.master-192-168-8-48.1680.8,mlp.fc2.lora_B,0
1768388397.7550502,1785,55.8125,0.33292654156684875,Grad/mlp.fc2.lora_B,outputs_dev/vitb16/T=vtab_Q=3bit_L=lora_2_qkv-fc1-proj-fc2/cifar/20260114184203_default_acc=53.50/tensorboard/Grad_mlp.fc2.lora_B_block_0/events.out.tfevents.1768387349.master-192-168-8-48.1680.8,mlp.fc2.lora_B,0
1768388398.151481,1786,55.84375,0.08616835623979568,Grad/mlp.fc2.lora_B,outputs_dev/vitb16/T=vtab_Q=3bit_L=lora_2_qkv-fc1-proj-fc2/cifar/20260114184203_default_acc=53.50/tensorboard/Grad_mlp.fc2.lora_B_block_0/events.out.tfevents.1768387349.master-192-168-8-48.1680.8,mlp.fc2.lora_B,0
1768388398.540622,1787,55.875,0.07384160906076431,Grad/mlp.fc2.lora_B,outputs_dev/vitb16/T=vtab_Q=3bit_L=lora_2_qkv-fc1-proj-fc2/cifar/20260114184203_default_acc=53.50/tensorboard/Grad_mlp.fc2.lora_B_block_0/events.out.tfevents.1768387349.master-192-168-8-48.1680.8,mlp.fc2.lora_B,0
1768388398.9300716,1788,55.90625,0.31291425228118896,Grad/mlp.fc2.lora_B,outputs_dev/vitb16/T=vtab_Q=3bit_L=lora_2_qkv-fc1-proj-fc2/cifar/20260114184203_default_acc=53.50/tensorboard/Grad_mlp.fc2.lora_B_block_0/events.out.tfevents.1768387349.master-192-168-8-48.1680.8,mlp.fc2.lora_B,0
1768388399.319659,1789,55.9375,0.1287996619939804,Grad/mlp.fc2.lora_B,outputs_dev/vitb16/T=vtab_Q=3bit_L=lora_2_qkv-fc1-proj-fc2/cifar/20260114184203_default_acc=53.50/tensorboard/Grad_mlp.fc2.lora_B_block_0/events.out.tfevents.1768387349.master-192-168-8-48.1680.8,mlp.fc2.lora_B,0
1768388399.7228994,1790,55.96875,0.4390183985233307,Grad/mlp.fc2.lora_B,outputs_dev/vitb16/T=vtab_Q=3bit_L=lora_2_qkv-fc1-proj-fc2/cifar/20260114184203_default_acc=53.50/tensorboard/Grad_mlp.fc2.lora_B_block_0/events.out.tfevents.1768387349.master-192-168-8-48.1680.8,mlp.fc2.lora_B,0
1768388399.9287174,1791,56.0,0.22279635071754456,Grad/mlp.fc2.lora_B,outputs_dev/vitb16/T=vtab_Q=3bit_L=lora_2_qkv-fc1-proj-fc2/cifar/20260114184203_default_acc=53.50/tensorboard/Grad_mlp.fc2.lora_B_block_0/events.out.tfevents.1768387349.master-192-168-8-48.1680.8,mlp.fc2.lora_B,0
1768388400.501771,1792,56.03125,0.11206170171499252,Grad/mlp.fc2.lora_B,outputs_dev/vitb16/T=vtab_Q=3bit_L=lora_2_qkv-fc1-proj-fc2/cifar/20260114184203_default_acc=53.50/tensorboard/Grad_mlp.fc2.lora_B_block_0/events.out.tfevents.1768387349.master-192-168-8-48.1680.8,mlp.fc2.lora_B,0
1768388400.9065826,1793,56.0625,0.10597623139619827,Grad/mlp.fc2.lora_B,outputs_dev/vitb16/T=vtab_Q=3bit_L=lora_2_qkv-fc1-proj-fc2/cifar/20260114184203_default_acc=53.50/tensorboard/Grad_mlp.fc2.lora_B_block_0/events.out.tfevents.1768387349.master-192-168-8-48.1680.8,mlp.fc2.lora_B,0
1768388401.3035283,1794,56.09375,0.13614429533481598,Grad/mlp.fc2.lora_B,outputs_dev/vitb16/T=vtab_Q=3bit_L=lora_2_qkv-fc1-proj-fc2/cifar/20260114184203_default_acc=53.50/tensorboard/Grad_mlp.fc2.lora_B_block_0/events.out.tfevents.1768387349.master-192-168-8-48.1680.8,mlp.fc2.lora_B,0
1768388401.718726,1795,56.125,0.5001345276832581,Grad/mlp.fc2.lora_B,outputs_dev/vitb16/T=vtab_Q=3bit_L=lora_2_qkv-fc1-proj-fc2/cifar/20260114184203_default_acc=53.50/tensorboard/Grad_mlp.fc2.lora_B_block_0/events.out.tfevents.1768387349.master-192-168-8-48.1680.8,mlp.fc2.lora_B,0
1768388402.1179764,1796,56.15625,0.37428316473960876,Grad/mlp.fc2.lora_B,outputs_dev/vitb16/T=vtab_Q=3bit_L=lora_2_qkv-fc1-proj-fc2/cifar/20260114184203_default_acc=53.50/tensorboard/Grad_mlp.fc2.lora_B_block_0/events.out.tfevents.1768387349.master-192-168-8-48.1680.8,mlp.fc2.lora_B,0
1768388402.5182555,1797,56.1875,0.20826467871665955,Grad/mlp.fc2.lora_B,outputs_dev/vitb16/T=vtab_Q=3bit_L=lora_2_qkv-fc1-proj-fc2/cifar/20260114184203_default_acc=53.50/tensorboard/Grad_mlp.fc2.lora_B_block_0/events.out.tfevents.1768387349.master-192-168-8-48.1680.8,mlp.fc2.lora_B,0
1768388402.9137323,1798,56.21875,0.4569225013256073,Grad/mlp.fc2.lora_B,outputs_dev/vitb16/T=vtab_Q=3bit_L=lora_2_qkv-fc1-proj-fc2/cifar/20260114184203_default_acc=53.50/tensorboard/Grad_mlp.fc2.lora_B_block_0/events.out.tfevents.1768387349.master-192-168-8-48.1680.8,mlp.fc2.lora_B,0
1768388403.3119566,1799,56.25,0.1670314371585846,Grad/mlp.fc2.lora_B,outputs_dev/vitb16/T=vtab_Q=3bit_L=lora_2_qkv-fc1-proj-fc2/cifar/20260114184203_default_acc=53.50/tensorboard/Grad_mlp.fc2.lora_B_block_0/events.out.tfevents.1768387349.master-192-168-8-48.1680.8,mlp.fc2.lora_B,0
1768388403.708696,1800,56.28125,0.4333321452140808,Grad/mlp.fc2.lora_B,outputs_dev/vitb16/T=vtab_Q=3bit_L=lora_2_qkv-fc1-proj-fc2/cifar/20260114184203_default_acc=53.50/tensorboard/Grad_mlp.fc2.lora_B_block_0/events.out.tfevents.1768387349.master-192-168-8-48.1680.8,mlp.fc2.lora_B,0
1768388404.1044564,1801,56.3125,0.07884476333856583,Grad/mlp.fc2.lora_B,outputs_dev/vitb16/T=vtab_Q=3bit_L=lora_2_qkv-fc1-proj-fc2/cifar/20260114184203_default_acc=53.50/tensorboard/Grad_mlp.fc2.lora_B_block_0/events.out.tfevents.1768387349.master-192-168-8-48.1680.8,mlp.fc2.lora_B,0
1768388404.4997199,1802,56.34375,0.09568383544683456,Grad/mlp.fc2.lora_B,outputs_dev/vitb16/T=vtab_Q=3bit_L=lora_2_qkv-fc1-proj-fc2/cifar/20260114184203_default_acc=53.50/tensorboard/Grad_mlp.fc2.lora_B_block_0/events.out.tfevents.1768387349.master-192-168-8-48.1680.8,mlp.fc2.lora_B,0
1768388404.8865652,1803,56.375,0.10594619065523148,Grad/mlp.fc2.lora_B,outputs_dev/vitb16/T=vtab_Q=3bit_L=lora_2_qkv-fc1-proj-fc2/cifar/20260114184203_default_acc=53.50/tensorboard/Grad_mlp.fc2.lora_B_block_0/events.out.tfevents.1768387349.master-192-168-8-48.1680.8,mlp.fc2.lora_B,0
1768388405.281415,1804,56.40625,0.0642610490322113,Grad/mlp.fc2.lora_B,outputs_dev/vitb16/T=vtab_Q=3bit_L=lora_2_qkv-fc1-proj-fc2/cifar/20260114184203_default_acc=53.50/tensorboard/Grad_mlp.fc2.lora_B_block_0/events.out.tfevents.1768387349.master-192-168-8-48.1680.8,mlp.fc2.lora_B,0
1768388405.6977026,1805,56.4375,0.3209291994571686,Grad/mlp.fc2.lora_B,outputs_dev/vitb16/T=vtab_Q=3bit_L=lora_2_qkv-fc1-proj-fc2/cifar/20260114184203_default_acc=53.50/tensorboard/Grad_mlp.fc2.lora_B_block_0/events.out.tfevents.1768387349.master-192-168-8-48.1680.8,mlp.fc2.lora_B,0
1768388406.1020043,1806,56.46875,0.17178694903850555,Grad/mlp.fc2.lora_B,outputs_dev/vitb16/T=vtab_Q=3bit_L=lora_2_qkv-fc1-proj-fc2/cifar/20260114184203_default_acc=53.50/tensorboard/Grad_mlp.fc2.lora_B_block_0/events.out.tfevents.1768387349.master-192-168-8-48.1680.8,mlp.fc2.lora_B,0
1768388406.4961507,1807,56.5,0.12139668315649033,Grad/mlp.fc2.lora_B,outputs_dev/vitb16/T=vtab_Q=3bit_L=lora_2_qkv-fc1-proj-fc2/cifar/20260114184203_default_acc=53.50/tensorboard/Grad_mlp.fc2.lora_B_block_0/events.out.tfevents.1768387349.master-192-168-8-48.1680.8,mlp.fc2.lora_B,0
1768388406.900189,1808,56.53125,0.14428859949111938,Grad/mlp.fc2.lora_B,outputs_dev/vitb16/T=vtab_Q=3bit_L=lora_2_qkv-fc1-proj-fc2/cifar/20260114184203_default_acc=53.50/tensorboard/Grad_mlp.fc2.lora_B_block_0/events.out.tfevents.1768387349.master-192-168-8-48.1680.8,mlp.fc2.lora_B,0
1768388407.3036718,1809,56.5625,0.5650848150253296,Grad/mlp.fc2.lora_B,outputs_dev/vitb16/T=vtab_Q=3bit_L=lora_2_qkv-fc1-proj-fc2/cifar/20260114184203_default_acc=53.50/tensorboard/Grad_mlp.fc2.lora_B_block_0/events.out.tfevents.1768387349.master-192-168-8-48.1680.8,mlp.fc2.lora_B,0
1768388407.7768478,1810,56.59375,0.194719597697258,Grad/mlp.fc2.lora_B,outputs_dev/vitb16/T=vtab_Q=3bit_L=lora_2_qkv-fc1-proj-fc2/cifar/20260114184203_default_acc=53.50/tensorboard/Grad_mlp.fc2.lora_B_block_0/events.out.tfevents.1768387349.master-192-168-8-48.1680.8,mlp.fc2.lora_B,0
1768388408.1808133,1811,56.625,0.2876074016094208,Grad/mlp.fc2.lora_B,outputs_dev/vitb16/T=vtab_Q=3bit_L=lora_2_qkv-fc1-proj-fc2/cifar/20260114184203_default_acc=53.50/tensorboard/Grad_mlp.fc2.lora_B_block_0/events.out.tfevents.1768387349.master-192-168-8-48.1680.8,mlp.fc2.lora_B,0
1768388408.584231,1812,56.65625,0.07848590612411499,Grad/mlp.fc2.lora_B,outputs_dev/vitb16/T=vtab_Q=3bit_L=lora_2_qkv-fc1-proj-fc2/cifar/20260114184203_default_acc=53.50/tensorboard/Grad_mlp.fc2.lora_B_block_0/events.out.tfevents.1768387349.master-192-168-8-48.1680.8,mlp.fc2.lora_B,0
1768388408.9912837,1813,56.6875,0.11981254816055298,Grad/mlp.fc2.lora_B,outputs_dev/vitb16/T=vtab_Q=3bit_L=lora_2_qkv-fc1-proj-fc2/cifar/20260114184203_default_acc=53.50/tensorboard/Grad_mlp.fc2.lora_B_block_0/events.out.tfevents.1768387349.master-192-168-8-48.1680.8,mlp.fc2.lora_B,0
1768388409.3664372,1814,56.71875,0.39749395847320557,Grad/mlp.fc2.lora_B,outputs_dev/vitb16/T=vtab_Q=3bit_L=lora_2_qkv-fc1-proj-fc2/cifar/20260114184203_default_acc=53.50/tensorboard/Grad_mlp.fc2.lora_B_block_0/events.out.tfevents.1768387349.master-192-168-8-48.1680.8,mlp.fc2.lora_B,0
1768388409.7784097,1815,56.75,0.24047502875328064,Grad/mlp.fc2.lora_B,outputs_dev/vitb16/T=vtab_Q=3bit_L=lora_2_qkv-fc1-proj-fc2/cifar/20260114184203_default_acc=53.50/tensorboard/Grad_mlp.fc2.lora_B_block_0/events.out.tfevents.1768387349.master-192-168-8-48.1680.8,mlp.fc2.lora_B,0
1768388410.1749332,1816,56.78125,0.10397787392139435,Grad/mlp.fc2.lora_B,outputs_dev/vitb16/T=vtab_Q=3bit_L=lora_2_qkv-fc1-proj-fc2/cifar/20260114184203_default_acc=53.50/tensorboard/Grad_mlp.fc2.lora_B_block_0/events.out.tfevents.1768387349.master-192-168-8-48.1680.8,mlp.fc2.lora_B,0
1768388410.5574465,1817,56.8125,0.12223390489816666,Grad/mlp.fc2.lora_B,outputs_dev/vitb16/T=vtab_Q=3bit_L=lora_2_qkv-fc1-proj-fc2/cifar/20260114184203_default_acc=53.50/tensorboard/Grad_mlp.fc2.lora_B_block_0/events.out.tfevents.1768387349.master-192-168-8-48.1680.8,mlp.fc2.lora_B,0
1768388410.9641373,1818,56.84375,0.12311509996652603,Grad/mlp.fc2.lora_B,outputs_dev/vitb16/T=vtab_Q=3bit_L=lora_2_qkv-fc1-proj-fc2/cifar/20260114184203_default_acc=53.50/tensorboard/Grad_mlp.fc2.lora_B_block_0/events.out.tfevents.1768387349.master-192-168-8-48.1680.8,mlp.fc2.lora_B,0
1768388411.341184,1819,56.875,0.08607730269432068,Grad/mlp.fc2.lora_B,outputs_dev/vitb16/T=vtab_Q=3bit_L=lora_2_qkv-fc1-proj-fc2/cifar/20260114184203_default_acc=53.50/tensorboard/Grad_mlp.fc2.lora_B_block_0/events.out.tfevents.1768387349.master-192-168-8-48.1680.8,mlp.fc2.lora_B,0
1768388411.7178173,1820,56.90625,0.14133374392986298,Grad/mlp.fc2.lora_B,outputs_dev/vitb16/T=vtab_Q=3bit_L=lora_2_qkv-fc1-proj-fc2/cifar/20260114184203_default_acc=53.50/tensorboard/Grad_mlp.fc2.lora_B_block_0/events.out.tfevents.1768387349.master-192-168-8-48.1680.8,mlp.fc2.lora_B,0
1768388412.1233666,1821,56.9375,0.07021895051002502,Grad/mlp.fc2.lora_B,outputs_dev/vitb16/T=vtab_Q=3bit_L=lora_2_qkv-fc1-proj-fc2/cifar/20260114184203_default_acc=53.50/tensorboard/Grad_mlp.fc2.lora_B_block_0/events.out.tfevents.1768387349.master-192-168-8-48.1680.8,mlp.fc2.lora_B,0
1768388412.498437,1822,56.96875,0.12307136505842209,Grad/mlp.fc2.lora_B,outputs_dev/vitb16/T=vtab_Q=3bit_L=lora_2_qkv-fc1-proj-fc2/cifar/20260114184203_default_acc=53.50/tensorboard/Grad_mlp.fc2.lora_B_block_0/events.out.tfevents.1768387349.master-192-168-8-48.1680.8,mlp.fc2.lora_B,0
1768388412.6593707,1823,57.0,0.23937299847602844,Grad/mlp.fc2.lora_B,outputs_dev/vitb16/T=vtab_Q=3bit_L=lora_2_qkv-fc1-proj-fc2/cifar/20260114184203_default_acc=53.50/tensorboard/Grad_mlp.fc2.lora_B_block_0/events.out.tfevents.1768387349.master-192-168-8-48.1680.8,mlp.fc2.lora_B,0
1768388413.2490802,1824,57.03125,0.3647878170013428,Grad/mlp.fc2.lora_B,outputs_dev/vitb16/T=vtab_Q=3bit_L=lora_2_qkv-fc1-proj-fc2/cifar/20260114184203_default_acc=53.50/tensorboard/Grad_mlp.fc2.lora_B_block_0/events.out.tfevents.1768387349.master-192-168-8-48.1680.8,mlp.fc2.lora_B,0
1768388413.633746,1825,57.0625,0.20790210366249084,Grad/mlp.fc2.lora_B,outputs_dev/vitb16/T=vtab_Q=3bit_L=lora_2_qkv-fc1-proj-fc2/cifar/20260114184203_default_acc=53.50/tensorboard/Grad_mlp.fc2.lora_B_block_0/events.out.tfevents.1768387349.master-192-168-8-48.1680.8,mlp.fc2.lora_B,0
1768388414.015515,1826,57.09375,0.18770761787891388,Grad/mlp.fc2.lora_B,outputs_dev/vitb16/T=vtab_Q=3bit_L=lora_2_qkv-fc1-proj-fc2/cifar/20260114184203_default_acc=53.50/tensorboard/Grad_mlp.fc2.lora_B_block_0/events.out.tfevents.1768387349.master-192-168-8-48.1680.8,mlp.fc2.lora_B,0
1768388414.4102182,1827,57.125,0.07405073940753937,Grad/mlp.fc2.lora_B,outputs_dev/vitb16/T=vtab_Q=3bit_L=lora_2_qkv-fc1-proj-fc2/cifar/20260114184203_default_acc=53.50/tensorboard/Grad_mlp.fc2.lora_B_block_0/events.out.tfevents.1768387349.master-192-168-8-48.1680.8,mlp.fc2.lora_B,0
1768388414.8205595,1828,57.15625,0.07670214027166367,Grad/mlp.fc2.lora_B,outputs_dev/vitb16/T=vtab_Q=3bit_L=lora_2_qkv-fc1-proj-fc2/cifar/20260114184203_default_acc=53.50/tensorboard/Grad_mlp.fc2.lora_B_block_0/events.out.tfevents.1768387349.master-192-168-8-48.1680.8,mlp.fc2.lora_B,0
1768388415.2104115,1829,57.1875,0.12887589633464813,Grad/mlp.fc2.lora_B,outputs_dev/vitb16/T=vtab_Q=3bit_L=lora_2_qkv-fc1-proj-fc2/cifar/20260114184203_default_acc=53.50/tensorboard/Grad_mlp.fc2.lora_B_block_0/events.out.tfevents.1768387349.master-192-168-8-48.1680.8,mlp.fc2.lora_B,0
1768388415.5983908,1830,57.21875,0.2835211753845215,Grad/mlp.fc2.lora_B,outputs_dev/vitb16/T=vtab_Q=3bit_L=lora_2_qkv-fc1-proj-fc2/cifar/20260114184203_default_acc=53.50/tensorboard/Grad_mlp.fc2.lora_B_block_0/events.out.tfevents.1768387349.master-192-168-8-48.1680.8,mlp.fc2.lora_B,0
1768388415.9731438,1831,57.25,0.17348280549049377,Grad/mlp.fc2.lora_B,outputs_dev/vitb16/T=vtab_Q=3bit_L=lora_2_qkv-fc1-proj-fc2/cifar/20260114184203_default_acc=53.50/tensorboard/Grad_mlp.fc2.lora_B_block_0/events.out.tfevents.1768387349.master-192-168-8-48.1680.8,mlp.fc2.lora_B,0
1768388416.3750157,1832,57.28125,0.07617542892694473,Grad/mlp.fc2.lora_B,outputs_dev/vitb16/T=vtab_Q=3bit_L=lora_2_qkv-fc1-proj-fc2/cifar/20260114184203_default_acc=53.50/tensorboard/Grad_mlp.fc2.lora_B_block_0/events.out.tfevents.1768387349.master-192-168-8-48.1680.8,mlp.fc2.lora_B,0
1768388416.7616968,1833,57.3125,0.07798011600971222,Grad/mlp.fc2.lora_B,outputs_dev/vitb16/T=vtab_Q=3bit_L=lora_2_qkv-fc1-proj-fc2/cifar/20260114184203_default_acc=53.50/tensorboard/Grad_mlp.fc2.lora_B_block_0/events.out.tfevents.1768387349.master-192-168-8-48.1680.8,mlp.fc2.lora_B,0
1768388417.1628187,1834,57.34375,0.08624473214149475,Grad/mlp.fc2.lora_B,outputs_dev/vitb16/T=vtab_Q=3bit_L=lora_2_qkv-fc1-proj-fc2/cifar/20260114184203_default_acc=53.50/tensorboard/Grad_mlp.fc2.lora_B_block_0/events.out.tfevents.1768387349.master-192-168-8-48.1680.8,mlp.fc2.lora_B,0
1768388417.544074,1835,57.375,0.3561393916606903,Grad/mlp.fc2.lora_B,outputs_dev/vitb16/T=vtab_Q=3bit_L=lora_2_qkv-fc1-proj-fc2/cifar/20260114184203_default_acc=53.50/tensorboard/Grad_mlp.fc2.lora_B_block_0/events.out.tfevents.1768387349.master-192-168-8-48.1680.8,mlp.fc2.lora_B,0
1768388417.944876,1836,57.40625,0.31365838646888733,Grad/mlp.fc2.lora_B,outputs_dev/vitb16/T=vtab_Q=3bit_L=lora_2_qkv-fc1-proj-fc2/cifar/20260114184203_default_acc=53.50/tensorboard/Grad_mlp.fc2.lora_B_block_0/events.out.tfevents.1768387349.master-192-168-8-48.1680.8,mlp.fc2.lora_B,0
1768388418.3459651,1837,57.4375,0.07707715034484863,Grad/mlp.fc2.lora_B,outputs_dev/vitb16/T=vtab_Q=3bit_L=lora_2_qkv-fc1-proj-fc2/cifar/20260114184203_default_acc=53.50/tensorboard/Grad_mlp.fc2.lora_B_block_0/events.out.tfevents.1768387349.master-192-168-8-48.1680.8,mlp.fc2.lora_B,0
1768388418.7497892,1838,57.46875,0.07202311605215073,Grad/mlp.fc2.lora_B,outputs_dev/vitb16/T=vtab_Q=3bit_L=lora_2_qkv-fc1-proj-fc2/cifar/20260114184203_default_acc=53.50/tensorboard/Grad_mlp.fc2.lora_B_block_0/events.out.tfevents.1768387349.master-192-168-8-48.1680.8,mlp.fc2.lora_B,0
1768388419.1401563,1839,57.5,0.18154166638851166,Grad/mlp.fc2.lora_B,outputs_dev/vitb16/T=vtab_Q=3bit_L=lora_2_qkv-fc1-proj-fc2/cifar/20260114184203_default_acc=53.50/tensorboard/Grad_mlp.fc2.lora_B_block_0/events.out.tfevents.1768387349.master-192-168-8-48.1680.8,mlp.fc2.lora_B,0
1768388419.542285,1840,57.53125,0.189889058470726,Grad/mlp.fc2.lora_B,outputs_dev/vitb16/T=vtab_Q=3bit_L=lora_2_qkv-fc1-proj-fc2/cifar/20260114184203_default_acc=53.50/tensorboard/Grad_mlp.fc2.lora_B_block_0/events.out.tfevents.1768387349.master-192-168-8-48.1680.8,mlp.fc2.lora_B,0
1768388419.929861,1841,57.5625,0.06001489609479904,Grad/mlp.fc2.lora_B,outputs_dev/vitb16/T=vtab_Q=3bit_L=lora_2_qkv-fc1-proj-fc2/cifar/20260114184203_default_acc=53.50/tensorboard/Grad_mlp.fc2.lora_B_block_0/events.out.tfevents.1768387349.master-192-168-8-48.1680.8,mlp.fc2.lora_B,0
1768388420.320854,1842,57.59375,0.23131762444972992,Grad/mlp.fc2.lora_B,outputs_dev/vitb16/T=vtab_Q=3bit_L=lora_2_qkv-fc1-proj-fc2/cifar/20260114184203_default_acc=53.50/tensorboard/Grad_mlp.fc2.lora_B_block_0/events.out.tfevents.1768387349.master-192-168-8-48.1680.8,mlp.fc2.lora_B,0
1768388420.7121804,1843,57.625,0.08452215045690536,Grad/mlp.fc2.lora_B,outputs_dev/vitb16/T=vtab_Q=3bit_L=lora_2_qkv-fc1-proj-fc2/cifar/20260114184203_default_acc=53.50/tensorboard/Grad_mlp.fc2.lora_B_block_0/events.out.tfevents.1768387349.master-192-168-8-48.1680.8,mlp.fc2.lora_B,0
1768388421.0925298,1844,57.65625,0.30011850595474243,Grad/mlp.fc2.lora_B,outputs_dev/vitb16/T=vtab_Q=3bit_L=lora_2_qkv-fc1-proj-fc2/cifar/20260114184203_default_acc=53.50/tensorboard/Grad_mlp.fc2.lora_B_block_0/events.out.tfevents.1768387349.master-192-168-8-48.1680.8,mlp.fc2.lora_B,0
1768388421.4986851,1845,57.6875,0.09597567468881607,Grad/mlp.fc2.lora_B,outputs_dev/vitb16/T=vtab_Q=3bit_L=lora_2_qkv-fc1-proj-fc2/cifar/20260114184203_default_acc=53.50/tensorboard/Grad_mlp.fc2.lora_B_block_0/events.out.tfevents.1768387349.master-192-168-8-48.1680.8,mlp.fc2.lora_B,0
1768388421.884291,1846,57.71875,0.11735541373491287,Grad/mlp.fc2.lora_B,outputs_dev/vitb16/T=vtab_Q=3bit_L=lora_2_qkv-fc1-proj-fc2/cifar/20260114184203_default_acc=53.50/tensorboard/Grad_mlp.fc2.lora_B_block_0/events.out.tfevents.1768387349.master-192-168-8-48.1680.8,mlp.fc2.lora_B,0
1768388422.261122,1847,57.75,0.2393292933702469,Grad/mlp.fc2.lora_B,outputs_dev/vitb16/T=vtab_Q=3bit_L=lora_2_qkv-fc1-proj-fc2/cifar/20260114184203_default_acc=53.50/tensorboard/Grad_mlp.fc2.lora_B_block_0/events.out.tfevents.1768387349.master-192-168-8-48.1680.8,mlp.fc2.lora_B,0
1768388422.6449893,1848,57.78125,0.27346670627593994,Grad/mlp.fc2.lora_B,outputs_dev/vitb16/T=vtab_Q=3bit_L=lora_2_qkv-fc1-proj-fc2/cifar/20260114184203_default_acc=53.50/tensorboard/Grad_mlp.fc2.lora_B_block_0/events.out.tfevents.1768387349.master-192-168-8-48.1680.8,mlp.fc2.lora_B,0
1768388423.0327795,1849,57.8125,0.09993509203195572,Grad/mlp.fc2.lora_B,outputs_dev/vitb16/T=vtab_Q=3bit_L=lora_2_qkv-fc1-proj-fc2/cifar/20260114184203_default_acc=53.50/tensorboard/Grad_mlp.fc2.lora_B_block_0/events.out.tfevents.1768387349.master-192-168-8-48.1680.8,mlp.fc2.lora_B,0
1768388423.4366598,1850,57.84375,0.1742628812789917,Grad/mlp.fc2.lora_B,outputs_dev/vitb16/T=vtab_Q=3bit_L=lora_2_qkv-fc1-proj-fc2/cifar/20260114184203_default_acc=53.50/tensorboard/Grad_mlp.fc2.lora_B_block_0/events.out.tfevents.1768387349.master-192-168-8-48.1680.8,mlp.fc2.lora_B,0
1768388423.8247952,1851,57.875,0.18502584099769592,Grad/mlp.fc2.lora_B,outputs_dev/vitb16/T=vtab_Q=3bit_L=lora_2_qkv-fc1-proj-fc2/cifar/20260114184203_default_acc=53.50/tensorboard/Grad_mlp.fc2.lora_B_block_0/events.out.tfevents.1768387349.master-192-168-8-48.1680.8,mlp.fc2.lora_B,0
1768388424.2173386,1852,57.90625,0.31169357895851135,Grad/mlp.fc2.lora_B,outputs_dev/vitb16/T=vtab_Q=3bit_L=lora_2_qkv-fc1-proj-fc2/cifar/20260114184203_default_acc=53.50/tensorboard/Grad_mlp.fc2.lora_B_block_0/events.out.tfevents.1768387349.master-192-168-8-48.1680.8,mlp.fc2.lora_B,0
1768388424.6172488,1853,57.9375,0.8900270462036133,Grad/mlp.fc2.lora_B,outputs_dev/vitb16/T=vtab_Q=3bit_L=lora_2_qkv-fc1-proj-fc2/cifar/20260114184203_default_acc=53.50/tensorboard/Grad_mlp.fc2.lora_B_block_0/events.out.tfevents.1768387349.master-192-168-8-48.1680.8,mlp.fc2.lora_B,0
1768388425.0072289,1854,57.96875,0.18735574185848236,Grad/mlp.fc2.lora_B,outputs_dev/vitb16/T=vtab_Q=3bit_L=lora_2_qkv-fc1-proj-fc2/cifar/20260114184203_default_acc=53.50/tensorboard/Grad_mlp.fc2.lora_B_block_0/events.out.tfevents.1768387349.master-192-168-8-48.1680.8,mlp.fc2.lora_B,0
1768388425.193164,1855,58.0,0.16989266872406006,Grad/mlp.fc2.lora_B,outputs_dev/vitb16/T=vtab_Q=3bit_L=lora_2_qkv-fc1-proj-fc2/cifar/20260114184203_default_acc=53.50/tensorboard/Grad_mlp.fc2.lora_B_block_0/events.out.tfevents.1768387349.master-192-168-8-48.1680.8,mlp.fc2.lora_B,0
1768388425.7650125,1856,58.03125,0.085118867456913,Grad/mlp.fc2.lora_B,outputs_dev/vitb16/T=vtab_Q=3bit_L=lora_2_qkv-fc1-proj-fc2/cifar/20260114184203_default_acc=53.50/tensorboard/Grad_mlp.fc2.lora_B_block_0/events.out.tfevents.1768387349.master-192-168-8-48.1680.8,mlp.fc2.lora_B,0
1768388426.1743798,1857,58.0625,0.15257477760314941,Grad/mlp.fc2.lora_B,outputs_dev/vitb16/T=vtab_Q=3bit_L=lora_2_qkv-fc1-proj-fc2/cifar/20260114184203_default_acc=53.50/tensorboard/Grad_mlp.fc2.lora_B_block_0/events.out.tfevents.1768387349.master-192-168-8-48.1680.8,mlp.fc2.lora_B,0
1768388426.589513,1858,58.09375,0.07874380797147751,Grad/mlp.fc2.lora_B,outputs_dev/vitb16/T=vtab_Q=3bit_L=lora_2_qkv-fc1-proj-fc2/cifar/20260114184203_default_acc=53.50/tensorboard/Grad_mlp.fc2.lora_B_block_0/events.out.tfevents.1768387349.master-192-168-8-48.1680.8,mlp.fc2.lora_B,0
1768388426.983658,1859,58.125,0.06008780375123024,Grad/mlp.fc2.lora_B,outputs_dev/vitb16/T=vtab_Q=3bit_L=lora_2_qkv-fc1-proj-fc2/cifar/20260114184203_default_acc=53.50/tensorboard/Grad_mlp.fc2.lora_B_block_0/events.out.tfevents.1768387349.master-192-168-8-48.1680.8,mlp.fc2.lora_B,0
1768388427.391058,1860,58.15625,0.13823017477989197,Grad/mlp.fc2.lora_B,outputs_dev/vitb16/T=vtab_Q=3bit_L=lora_2_qkv-fc1-proj-fc2/cifar/20260114184203_default_acc=53.50/tensorboard/Grad_mlp.fc2.lora_B_block_0/events.out.tfevents.1768387349.master-192-168-8-48.1680.8,mlp.fc2.lora_B,0
1768388427.799192,1861,58.1875,0.4573737680912018,Grad/mlp.fc2.lora_B,outputs_dev/vitb16/T=vtab_Q=3bit_L=lora_2_qkv-fc1-proj-fc2/cifar/20260114184203_default_acc=53.50/tensorboard/Grad_mlp.fc2.lora_B_block_0/events.out.tfevents.1768387349.master-192-168-8-48.1680.8,mlp.fc2.lora_B,0
1768388428.1801286,1862,58.21875,0.15424516797065735,Grad/mlp.fc2.lora_B,outputs_dev/vitb16/T=vtab_Q=3bit_L=lora_2_qkv-fc1-proj-fc2/cifar/20260114184203_default_acc=53.50/tensorboard/Grad_mlp.fc2.lora_B_block_0/events.out.tfevents.1768387349.master-192-168-8-48.1680.8,mlp.fc2.lora_B,0
1768388428.5843725,1863,58.25,0.12700317800045013,Grad/mlp.fc2.lora_B,outputs_dev/vitb16/T=vtab_Q=3bit_L=lora_2_qkv-fc1-proj-fc2/cifar/20260114184203_default_acc=53.50/tensorboard/Grad_mlp.fc2.lora_B_block_0/events.out.tfevents.1768387349.master-192-168-8-48.1680.8,mlp.fc2.lora_B,0
1768388428.9618952,1864,58.28125,0.09478891640901566,Grad/mlp.fc2.lora_B,outputs_dev/vitb16/T=vtab_Q=3bit_L=lora_2_qkv-fc1-proj-fc2/cifar/20260114184203_default_acc=53.50/tensorboard/Grad_mlp.fc2.lora_B_block_0/events.out.tfevents.1768387349.master-192-168-8-48.1680.8,mlp.fc2.lora_B,0
1768388429.364943,1865,58.3125,0.1274196356534958,Grad/mlp.fc2.lora_B,outputs_dev/vitb16/T=vtab_Q=3bit_L=lora_2_qkv-fc1-proj-fc2/cifar/20260114184203_default_acc=53.50/tensorboard/Grad_mlp.fc2.lora_B_block_0/events.out.tfevents.1768387349.master-192-168-8-48.1680.8,mlp.fc2.lora_B,0
1768388429.7535806,1866,58.34375,0.15386921167373657,Grad/mlp.fc2.lora_B,outputs_dev/vitb16/T=vtab_Q=3bit_L=lora_2_qkv-fc1-proj-fc2/cifar/20260114184203_default_acc=53.50/tensorboard/Grad_mlp.fc2.lora_B_block_0/events.out.tfevents.1768387349.master-192-168-8-48.1680.8,mlp.fc2.lora_B,0
1768388430.1471372,1867,58.375,0.3469873070716858,Grad/mlp.fc2.lora_B,outputs_dev/vitb16/T=vtab_Q=3bit_L=lora_2_qkv-fc1-proj-fc2/cifar/20260114184203_default_acc=53.50/tensorboard/Grad_mlp.fc2.lora_B_block_0/events.out.tfevents.1768387349.master-192-168-8-48.1680.8,mlp.fc2.lora_B,0
1768388430.5470042,1868,58.40625,0.14136077463626862,Grad/mlp.fc2.lora_B,outputs_dev/vitb16/T=vtab_Q=3bit_L=lora_2_qkv-fc1-proj-fc2/cifar/20260114184203_default_acc=53.50/tensorboard/Grad_mlp.fc2.lora_B_block_0/events.out.tfevents.1768387349.master-192-168-8-48.1680.8,mlp.fc2.lora_B,0
1768388430.956789,1869,58.4375,0.14392921328544617,Grad/mlp.fc2.lora_B,outputs_dev/vitb16/T=vtab_Q=3bit_L=lora_2_qkv-fc1-proj-fc2/cifar/20260114184203_default_acc=53.50/tensorboard/Grad_mlp.fc2.lora_B_block_0/events.out.tfevents.1768387349.master-192-168-8-48.1680.8,mlp.fc2.lora_B,0
1768388431.3369021,1870,58.46875,0.07472033053636551,Grad/mlp.fc2.lora_B,outputs_dev/vitb16/T=vtab_Q=3bit_L=lora_2_qkv-fc1-proj-fc2/cifar/20260114184203_default_acc=53.50/tensorboard/Grad_mlp.fc2.lora_B_block_0/events.out.tfevents.1768387349.master-192-168-8-48.1680.8,mlp.fc2.lora_B,0
1768388431.718513,1871,58.5,0.04710431024432182,Grad/mlp.fc2.lora_B,outputs_dev/vitb16/T=vtab_Q=3bit_L=lora_2_qkv-fc1-proj-fc2/cifar/20260114184203_default_acc=53.50/tensorboard/Grad_mlp.fc2.lora_B_block_0/events.out.tfevents.1768387349.master-192-168-8-48.1680.8,mlp.fc2.lora_B,0
1768388432.1244428,1872,58.53125,0.05408615991473198,Grad/mlp.fc2.lora_B,outputs_dev/vitb16/T=vtab_Q=3bit_L=lora_2_qkv-fc1-proj-fc2/cifar/20260114184203_default_acc=53.50/tensorboard/Grad_mlp.fc2.lora_B_block_0/events.out.tfevents.1768387349.master-192-168-8-48.1680.8,mlp.fc2.lora_B,0
1768388432.5292091,1873,58.5625,0.09726560860872269,Grad/mlp.fc2.lora_B,outputs_dev/vitb16/T=vtab_Q=3bit_L=lora_2_qkv-fc1-proj-fc2/cifar/20260114184203_default_acc=53.50/tensorboard/Grad_mlp.fc2.lora_B_block_0/events.out.tfevents.1768387349.master-192-168-8-48.1680.8,mlp.fc2.lora_B,0
1768388432.9183795,1874,58.59375,0.35648033022880554,Grad/mlp.fc2.lora_B,outputs_dev/vitb16/T=vtab_Q=3bit_L=lora_2_qkv-fc1-proj-fc2/cifar/20260114184203_default_acc=53.50/tensorboard/Grad_mlp.fc2.lora_B_block_0/events.out.tfevents.1768387349.master-192-168-8-48.1680.8,mlp.fc2.lora_B,0
1768388433.309955,1875,58.625,0.08579045534133911,Grad/mlp.fc2.lora_B,outputs_dev/vitb16/T=vtab_Q=3bit_L=lora_2_qkv-fc1-proj-fc2/cifar/20260114184203_default_acc=53.50/tensorboard/Grad_mlp.fc2.lora_B_block_0/events.out.tfevents.1768387349.master-192-168-8-48.1680.8,mlp.fc2.lora_B,0
1768388433.7147098,1876,58.65625,0.08306752145290375,Grad/mlp.fc2.lora_B,outputs_dev/vitb16/T=vtab_Q=3bit_L=lora_2_qkv-fc1-proj-fc2/cifar/20260114184203_default_acc=53.50/tensorboard/Grad_mlp.fc2.lora_B_block_0/events.out.tfevents.1768387349.master-192-168-8-48.1680.8,mlp.fc2.lora_B,0
1768388434.0963585,1877,58.6875,0.1091216430068016,Grad/mlp.fc2.lora_B,outputs_dev/vitb16/T=vtab_Q=3bit_L=lora_2_qkv-fc1-proj-fc2/cifar/20260114184203_default_acc=53.50/tensorboard/Grad_mlp.fc2.lora_B_block_0/events.out.tfevents.1768387349.master-192-168-8-48.1680.8,mlp.fc2.lora_B,0
1768388434.5016494,1878,58.71875,0.12090952694416046,Grad/mlp.fc2.lora_B,outputs_dev/vitb16/T=vtab_Q=3bit_L=lora_2_qkv-fc1-proj-fc2/cifar/20260114184203_default_acc=53.50/tensorboard/Grad_mlp.fc2.lora_B_block_0/events.out.tfevents.1768387349.master-192-168-8-48.1680.8,mlp.fc2.lora_B,0
1768388434.9044435,1879,58.75,0.3652314841747284,Grad/mlp.fc2.lora_B,outputs_dev/vitb16/T=vtab_Q=3bit_L=lora_2_qkv-fc1-proj-fc2/cifar/20260114184203_default_acc=53.50/tensorboard/Grad_mlp.fc2.lora_B_block_0/events.out.tfevents.1768387349.master-192-168-8-48.1680.8,mlp.fc2.lora_B,0
1768388435.295993,1880,58.78125,0.10779903829097748,Grad/mlp.fc2.lora_B,outputs_dev/vitb16/T=vtab_Q=3bit_L=lora_2_qkv-fc1-proj-fc2/cifar/20260114184203_default_acc=53.50/tensorboard/Grad_mlp.fc2.lora_B_block_0/events.out.tfevents.1768387349.master-192-168-8-48.1680.8,mlp.fc2.lora_B,0
1768388435.6994126,1881,58.8125,0.10666240751743317,Grad/mlp.fc2.lora_B,outputs_dev/vitb16/T=vtab_Q=3bit_L=lora_2_qkv-fc1-proj-fc2/cifar/20260114184203_default_acc=53.50/tensorboard/Grad_mlp.fc2.lora_B_block_0/events.out.tfevents.1768387349.master-192-168-8-48.1680.8,mlp.fc2.lora_B,0
1768388436.0905006,1882,58.84375,0.45460212230682373,Grad/mlp.fc2.lora_B,outputs_dev/vitb16/T=vtab_Q=3bit_L=lora_2_qkv-fc1-proj-fc2/cifar/20260114184203_default_acc=53.50/tensorboard/Grad_mlp.fc2.lora_B_block_0/events.out.tfevents.1768387349.master-192-168-8-48.1680.8,mlp.fc2.lora_B,0
1768388436.4787652,1883,58.875,0.05090944468975067,Grad/mlp.fc2.lora_B,outputs_dev/vitb16/T=vtab_Q=3bit_L=lora_2_qkv-fc1-proj-fc2/cifar/20260114184203_default_acc=53.50/tensorboard/Grad_mlp.fc2.lora_B_block_0/events.out.tfevents.1768387349.master-192-168-8-48.1680.8,mlp.fc2.lora_B,0
1768388436.8815653,1884,58.90625,0.5060734152793884,Grad/mlp.fc2.lora_B,outputs_dev/vitb16/T=vtab_Q=3bit_L=lora_2_qkv-fc1-proj-fc2/cifar/20260114184203_default_acc=53.50/tensorboard/Grad_mlp.fc2.lora_B_block_0/events.out.tfevents.1768387349.master-192-168-8-48.1680.8,mlp.fc2.lora_B,0
1768388437.2870133,1885,58.9375,0.11083733290433884,Grad/mlp.fc2.lora_B,outputs_dev/vitb16/T=vtab_Q=3bit_L=lora_2_qkv-fc1-proj-fc2/cifar/20260114184203_default_acc=53.50/tensorboard/Grad_mlp.fc2.lora_B_block_0/events.out.tfevents.1768387349.master-192-168-8-48.1680.8,mlp.fc2.lora_B,0
1768388437.689858,1886,58.96875,0.07476472854614258,Grad/mlp.fc2.lora_B,outputs_dev/vitb16/T=vtab_Q=3bit_L=lora_2_qkv-fc1-proj-fc2/cifar/20260114184203_default_acc=53.50/tensorboard/Grad_mlp.fc2.lora_B_block_0/events.out.tfevents.1768387349.master-192-168-8-48.1680.8,mlp.fc2.lora_B,0
1768388437.895258,1887,59.0,0.09062699228525162,Grad/mlp.fc2.lora_B,outputs_dev/vitb16/T=vtab_Q=3bit_L=lora_2_qkv-fc1-proj-fc2/cifar/20260114184203_default_acc=53.50/tensorboard/Grad_mlp.fc2.lora_B_block_0/events.out.tfevents.1768387349.master-192-168-8-48.1680.8,mlp.fc2.lora_B,0
1768388438.46886,1888,59.03125,0.07211417704820633,Grad/mlp.fc2.lora_B,outputs_dev/vitb16/T=vtab_Q=3bit_L=lora_2_qkv-fc1-proj-fc2/cifar/20260114184203_default_acc=53.50/tensorboard/Grad_mlp.fc2.lora_B_block_0/events.out.tfevents.1768387349.master-192-168-8-48.1680.8,mlp.fc2.lora_B,0
1768388438.8824487,1889,59.0625,0.13302680850028992,Grad/mlp.fc2.lora_B,outputs_dev/vitb16/T=vtab_Q=3bit_L=lora_2_qkv-fc1-proj-fc2/cifar/20260114184203_default_acc=53.50/tensorboard/Grad_mlp.fc2.lora_B_block_0/events.out.tfevents.1768387349.master-192-168-8-48.1680.8,mlp.fc2.lora_B,0
1768388439.2728555,1890,59.09375,0.1145092099905014,Grad/mlp.fc2.lora_B,outputs_dev/vitb16/T=vtab_Q=3bit_L=lora_2_qkv-fc1-proj-fc2/cifar/20260114184203_default_acc=53.50/tensorboard/Grad_mlp.fc2.lora_B_block_0/events.out.tfevents.1768387349.master-192-168-8-48.1680.8,mlp.fc2.lora_B,0
1768388439.6676059,1891,59.125,0.13519223034381866,Grad/mlp.fc2.lora_B,outputs_dev/vitb16/T=vtab_Q=3bit_L=lora_2_qkv-fc1-proj-fc2/cifar/20260114184203_default_acc=53.50/tensorboard/Grad_mlp.fc2.lora_B_block_0/events.out.tfevents.1768387349.master-192-168-8-48.1680.8,mlp.fc2.lora_B,0
1768388440.0581446,1892,59.15625,0.5771567225456238,Grad/mlp.fc2.lora_B,outputs_dev/vitb16/T=vtab_Q=3bit_L=lora_2_qkv-fc1-proj-fc2/cifar/20260114184203_default_acc=53.50/tensorboard/Grad_mlp.fc2.lora_B_block_0/events.out.tfevents.1768387349.master-192-168-8-48.1680.8,mlp.fc2.lora_B,0
1768388440.4623725,1893,59.1875,0.05008873715996742,Grad/mlp.fc2.lora_B,outputs_dev/vitb16/T=vtab_Q=3bit_L=lora_2_qkv-fc1-proj-fc2/cifar/20260114184203_default_acc=53.50/tensorboard/Grad_mlp.fc2.lora_B_block_0/events.out.tfevents.1768387349.master-192-168-8-48.1680.8,mlp.fc2.lora_B,0
1768388440.8654306,1894,59.21875,0.8052394986152649,Grad/mlp.fc2.lora_B,outputs_dev/vitb16/T=vtab_Q=3bit_L=lora_2_qkv-fc1-proj-fc2/cifar/20260114184203_default_acc=53.50/tensorboard/Grad_mlp.fc2.lora_B_block_0/events.out.tfevents.1768387349.master-192-168-8-48.1680.8,mlp.fc2.lora_B,0
1768388441.2687018,1895,59.25,0.10000382363796234,Grad/mlp.fc2.lora_B,outputs_dev/vitb16/T=vtab_Q=3bit_L=lora_2_qkv-fc1-proj-fc2/cifar/20260114184203_default_acc=53.50/tensorboard/Grad_mlp.fc2.lora_B_block_0/events.out.tfevents.1768387349.master-192-168-8-48.1680.8,mlp.fc2.lora_B,0
1768388441.646945,1896,59.28125,0.33361905813217163,Grad/mlp.fc2.lora_B,outputs_dev/vitb16/T=vtab_Q=3bit_L=lora_2_qkv-fc1-proj-fc2/cifar/20260114184203_default_acc=53.50/tensorboard/Grad_mlp.fc2.lora_B_block_0/events.out.tfevents.1768387349.master-192-168-8-48.1680.8,mlp.fc2.lora_B,0
1768388442.05003,1897,59.3125,0.13328629732131958,Grad/mlp.fc2.lora_B,outputs_dev/vitb16/T=vtab_Q=3bit_L=lora_2_qkv-fc1-proj-fc2/cifar/20260114184203_default_acc=53.50/tensorboard/Grad_mlp.fc2.lora_B_block_0/events.out.tfevents.1768387349.master-192-168-8-48.1680.8,mlp.fc2.lora_B,0
1768388442.453754,1898,59.34375,0.25344201922416687,Grad/mlp.fc2.lora_B,outputs_dev/vitb16/T=vtab_Q=3bit_L=lora_2_qkv-fc1-proj-fc2/cifar/20260114184203_default_acc=53.50/tensorboard/Grad_mlp.fc2.lora_B_block_0/events.out.tfevents.1768387349.master-192-168-8-48.1680.8,mlp.fc2.lora_B,0
1768388442.846584,1899,59.375,0.31425195932388306,Grad/mlp.fc2.lora_B,outputs_dev/vitb16/T=vtab_Q=3bit_L=lora_2_qkv-fc1-proj-fc2/cifar/20260114184203_default_acc=53.50/tensorboard/Grad_mlp.fc2.lora_B_block_0/events.out.tfevents.1768387349.master-192-168-8-48.1680.8,mlp.fc2.lora_B,0
1768388443.2367866,1900,59.40625,0.22754442691802979,Grad/mlp.fc2.lora_B,outputs_dev/vitb16/T=vtab_Q=3bit_L=lora_2_qkv-fc1-proj-fc2/cifar/20260114184203_default_acc=53.50/tensorboard/Grad_mlp.fc2.lora_B_block_0/events.out.tfevents.1768387349.master-192-168-8-48.1680.8,mlp.fc2.lora_B,0
1768388443.6389682,1901,59.4375,0.3333050608634949,Grad/mlp.fc2.lora_B,outputs_dev/vitb16/T=vtab_Q=3bit_L=lora_2_qkv-fc1-proj-fc2/cifar/20260114184203_default_acc=53.50/tensorboard/Grad_mlp.fc2.lora_B_block_0/events.out.tfevents.1768387349.master-192-168-8-48.1680.8,mlp.fc2.lora_B,0
1768388444.043818,1902,59.46875,0.3290133476257324,Grad/mlp.fc2.lora_B,outputs_dev/vitb16/T=vtab_Q=3bit_L=lora_2_qkv-fc1-proj-fc2/cifar/20260114184203_default_acc=53.50/tensorboard/Grad_mlp.fc2.lora_B_block_0/events.out.tfevents.1768387349.master-192-168-8-48.1680.8,mlp.fc2.lora_B,0
1768388444.4347703,1903,59.5,0.0897279605269432,Grad/mlp.fc2.lora_B,outputs_dev/vitb16/T=vtab_Q=3bit_L=lora_2_qkv-fc1-proj-fc2/cifar/20260114184203_default_acc=53.50/tensorboard/Grad_mlp.fc2.lora_B_block_0/events.out.tfevents.1768387349.master-192-168-8-48.1680.8,mlp.fc2.lora_B,0
1768388444.8442411,1904,59.53125,0.5020632743835449,Grad/mlp.fc2.lora_B,outputs_dev/vitb16/T=vtab_Q=3bit_L=lora_2_qkv-fc1-proj-fc2/cifar/20260114184203_default_acc=53.50/tensorboard/Grad_mlp.fc2.lora_B_block_0/events.out.tfevents.1768387349.master-192-168-8-48.1680.8,mlp.fc2.lora_B,0
1768388445.2361858,1905,59.5625,0.1628134548664093,Grad/mlp.fc2.lora_B,outputs_dev/vitb16/T=vtab_Q=3bit_L=lora_2_qkv-fc1-proj-fc2/cifar/20260114184203_default_acc=53.50/tensorboard/Grad_mlp.fc2.lora_B_block_0/events.out.tfevents.1768387349.master-192-168-8-48.1680.8,mlp.fc2.lora_B,0
1768388445.6421049,1906,59.59375,0.08710215985774994,Grad/mlp.fc2.lora_B,outputs_dev/vitb16/T=vtab_Q=3bit_L=lora_2_qkv-fc1-proj-fc2/cifar/20260114184203_default_acc=53.50/tensorboard/Grad_mlp.fc2.lora_B_block_0/events.out.tfevents.1768387349.master-192-168-8-48.1680.8,mlp.fc2.lora_B,0
1768388446.0367224,1907,59.625,0.16254250705242157,Grad/mlp.fc2.lora_B,outputs_dev/vitb16/T=vtab_Q=3bit_L=lora_2_qkv-fc1-proj-fc2/cifar/20260114184203_default_acc=53.50/tensorboard/Grad_mlp.fc2.lora_B_block_0/events.out.tfevents.1768387349.master-192-168-8-48.1680.8,mlp.fc2.lora_B,0
1768388446.4417288,1908,59.65625,0.1425846517086029,Grad/mlp.fc2.lora_B,outputs_dev/vitb16/T=vtab_Q=3bit_L=lora_2_qkv-fc1-proj-fc2/cifar/20260114184203_default_acc=53.50/tensorboard/Grad_mlp.fc2.lora_B_block_0/events.out.tfevents.1768387349.master-192-168-8-48.1680.8,mlp.fc2.lora_B,0
1768388446.8323007,1909,59.6875,0.20373272895812988,Grad/mlp.fc2.lora_B,outputs_dev/vitb16/T=vtab_Q=3bit_L=lora_2_qkv-fc1-proj-fc2/cifar/20260114184203_default_acc=53.50/tensorboard/Grad_mlp.fc2.lora_B_block_0/events.out.tfevents.1768387349.master-192-168-8-48.1680.8,mlp.fc2.lora_B,0
1768388447.2383502,1910,59.71875,0.11323241889476776,Grad/mlp.fc2.lora_B,outputs_dev/vitb16/T=vtab_Q=3bit_L=lora_2_qkv-fc1-proj-fc2/cifar/20260114184203_default_acc=53.50/tensorboard/Grad_mlp.fc2.lora_B_block_0/events.out.tfevents.1768387349.master-192-168-8-48.1680.8,mlp.fc2.lora_B,0
1768388447.6295543,1911,59.75,0.19334009289741516,Grad/mlp.fc2.lora_B,outputs_dev/vitb16/T=vtab_Q=3bit_L=lora_2_qkv-fc1-proj-fc2/cifar/20260114184203_default_acc=53.50/tensorboard/Grad_mlp.fc2.lora_B_block_0/events.out.tfevents.1768387349.master-192-168-8-48.1680.8,mlp.fc2.lora_B,0
1768388448.0213094,1912,59.78125,0.08073041588068008,Grad/mlp.fc2.lora_B,outputs_dev/vitb16/T=vtab_Q=3bit_L=lora_2_qkv-fc1-proj-fc2/cifar/20260114184203_default_acc=53.50/tensorboard/Grad_mlp.fc2.lora_B_block_0/events.out.tfevents.1768387349.master-192-168-8-48.1680.8,mlp.fc2.lora_B,0
1768388448.4125562,1913,59.8125,0.0560624785721302,Grad/mlp.fc2.lora_B,outputs_dev/vitb16/T=vtab_Q=3bit_L=lora_2_qkv-fc1-proj-fc2/cifar/20260114184203_default_acc=53.50/tensorboard/Grad_mlp.fc2.lora_B_block_0/events.out.tfevents.1768387349.master-192-168-8-48.1680.8,mlp.fc2.lora_B,0
1768388448.8024178,1914,59.84375,0.1188095286488533,Grad/mlp.fc2.lora_B,outputs_dev/vitb16/T=vtab_Q=3bit_L=lora_2_qkv-fc1-proj-fc2/cifar/20260114184203_default_acc=53.50/tensorboard/Grad_mlp.fc2.lora_B_block_0/events.out.tfevents.1768387349.master-192-168-8-48.1680.8,mlp.fc2.lora_B,0
1768388449.1905165,1915,59.875,0.18055316805839539,Grad/mlp.fc2.lora_B,outputs_dev/vitb16/T=vtab_Q=3bit_L=lora_2_qkv-fc1-proj-fc2/cifar/20260114184203_default_acc=53.50/tensorboard/Grad_mlp.fc2.lora_B_block_0/events.out.tfevents.1768387349.master-192-168-8-48.1680.8,mlp.fc2.lora_B,0
1768388449.5804074,1916,59.90625,0.09565199911594391,Grad/mlp.fc2.lora_B,outputs_dev/vitb16/T=vtab_Q=3bit_L=lora_2_qkv-fc1-proj-fc2/cifar/20260114184203_default_acc=53.50/tensorboard/Grad_mlp.fc2.lora_B_block_0/events.out.tfevents.1768387349.master-192-168-8-48.1680.8,mlp.fc2.lora_B,0
1768388449.9849358,1917,59.9375,0.9508939385414124,Grad/mlp.fc2.lora_B,outputs_dev/vitb16/T=vtab_Q=3bit_L=lora_2_qkv-fc1-proj-fc2/cifar/20260114184203_default_acc=53.50/tensorboard/Grad_mlp.fc2.lora_B_block_0/events.out.tfevents.1768387349.master-192-168-8-48.1680.8,mlp.fc2.lora_B,0
1768388450.3673596,1918,59.96875,0.09540484100580215,Grad/mlp.fc2.lora_B,outputs_dev/vitb16/T=vtab_Q=3bit_L=lora_2_qkv-fc1-proj-fc2/cifar/20260114184203_default_acc=53.50/tensorboard/Grad_mlp.fc2.lora_B_block_0/events.out.tfevents.1768387349.master-192-168-8-48.1680.8,mlp.fc2.lora_B,0
1768388450.5721447,1919,60.0,0.10286031663417816,Grad/mlp.fc2.lora_B,outputs_dev/vitb16/T=vtab_Q=3bit_L=lora_2_qkv-fc1-proj-fc2/cifar/20260114184203_default_acc=53.50/tensorboard/Grad_mlp.fc2.lora_B_block_0/events.out.tfevents.1768387349.master-192-168-8-48.1680.8,mlp.fc2.lora_B,0
1768388451.219848,1920,60.03125,0.5123324394226074,Grad/mlp.fc2.lora_B,outputs_dev/vitb16/T=vtab_Q=3bit_L=lora_2_qkv-fc1-proj-fc2/cifar/20260114184203_default_acc=53.50/tensorboard/Grad_mlp.fc2.lora_B_block_0/events.out.tfevents.1768387349.master-192-168-8-48.1680.8,mlp.fc2.lora_B,0
1768388451.6218536,1921,60.0625,0.12648428976535797,Grad/mlp.fc2.lora_B,outputs_dev/vitb16/T=vtab_Q=3bit_L=lora_2_qkv-fc1-proj-fc2/cifar/20260114184203_default_acc=53.50/tensorboard/Grad_mlp.fc2.lora_B_block_0/events.out.tfevents.1768387349.master-192-168-8-48.1680.8,mlp.fc2.lora_B,0
1768388452.000234,1922,60.09375,0.0856994166970253,Grad/mlp.fc2.lora_B,outputs_dev/vitb16/T=vtab_Q=3bit_L=lora_2_qkv-fc1-proj-fc2/cifar/20260114184203_default_acc=53.50/tensorboard/Grad_mlp.fc2.lora_B_block_0/events.out.tfevents.1768387349.master-192-168-8-48.1680.8,mlp.fc2.lora_B,0
1768388452.3745098,1923,60.125,0.16875405609607697,Grad/mlp.fc2.lora_B,outputs_dev/vitb16/T=vtab_Q=3bit_L=lora_2_qkv-fc1-proj-fc2/cifar/20260114184203_default_acc=53.50/tensorboard/Grad_mlp.fc2.lora_B_block_0/events.out.tfevents.1768387349.master-192-168-8-48.1680.8,mlp.fc2.lora_B,0
1768388452.752315,1924,60.15625,0.2143620103597641,Grad/mlp.fc2.lora_B,outputs_dev/vitb16/T=vtab_Q=3bit_L=lora_2_qkv-fc1-proj-fc2/cifar/20260114184203_default_acc=53.50/tensorboard/Grad_mlp.fc2.lora_B_block_0/events.out.tfevents.1768387349.master-192-168-8-48.1680.8,mlp.fc2.lora_B,0
1768388453.130279,1925,60.1875,0.12450636178255081,Grad/mlp.fc2.lora_B,outputs_dev/vitb16/T=vtab_Q=3bit_L=lora_2_qkv-fc1-proj-fc2/cifar/20260114184203_default_acc=53.50/tensorboard/Grad_mlp.fc2.lora_B_block_0/events.out.tfevents.1768387349.master-192-168-8-48.1680.8,mlp.fc2.lora_B,0
1768388453.5103335,1926,60.21875,0.048095185309648514,Grad/mlp.fc2.lora_B,outputs_dev/vitb16/T=vtab_Q=3bit_L=lora_2_qkv-fc1-proj-fc2/cifar/20260114184203_default_acc=53.50/tensorboard/Grad_mlp.fc2.lora_B_block_0/events.out.tfevents.1768387349.master-192-168-8-48.1680.8,mlp.fc2.lora_B,0
1768388453.8860493,1927,60.25,0.13332320749759674,Grad/mlp.fc2.lora_B,outputs_dev/vitb16/T=vtab_Q=3bit_L=lora_2_qkv-fc1-proj-fc2/cifar/20260114184203_default_acc=53.50/tensorboard/Grad_mlp.fc2.lora_B_block_0/events.out.tfevents.1768387349.master-192-168-8-48.1680.8,mlp.fc2.lora_B,0
1768388454.262426,1928,60.28125,0.3049846291542053,Grad/mlp.fc2.lora_B,outputs_dev/vitb16/T=vtab_Q=3bit_L=lora_2_qkv-fc1-proj-fc2/cifar/20260114184203_default_acc=53.50/tensorboard/Grad_mlp.fc2.lora_B_block_0/events.out.tfevents.1768387349.master-192-168-8-48.1680.8,mlp.fc2.lora_B,0
1768388454.6525364,1929,60.3125,0.1712423861026764,Grad/mlp.fc2.lora_B,outputs_dev/vitb16/T=vtab_Q=3bit_L=lora_2_qkv-fc1-proj-fc2/cifar/20260114184203_default_acc=53.50/tensorboard/Grad_mlp.fc2.lora_B_block_0/events.out.tfevents.1768387349.master-192-168-8-48.1680.8,mlp.fc2.lora_B,0
1768388455.0426157,1930,60.34375,0.07013717293739319,Grad/mlp.fc2.lora_B,outputs_dev/vitb16/T=vtab_Q=3bit_L=lora_2_qkv-fc1-proj-fc2/cifar/20260114184203_default_acc=53.50/tensorboard/Grad_mlp.fc2.lora_B_block_0/events.out.tfevents.1768387349.master-192-168-8-48.1680.8,mlp.fc2.lora_B,0
1768388455.4332542,1931,60.375,1.0400115251541138,Grad/mlp.fc2.lora_B,outputs_dev/vitb16/T=vtab_Q=3bit_L=lora_2_qkv-fc1-proj-fc2/cifar/20260114184203_default_acc=53.50/tensorboard/Grad_mlp.fc2.lora_B_block_0/events.out.tfevents.1768387349.master-192-168-8-48.1680.8,mlp.fc2.lora_B,0
1768388455.823436,1932,60.40625,0.2546980082988739,Grad/mlp.fc2.lora_B,outputs_dev/vitb16/T=vtab_Q=3bit_L=lora_2_qkv-fc1-proj-fc2/cifar/20260114184203_default_acc=53.50/tensorboard/Grad_mlp.fc2.lora_B_block_0/events.out.tfevents.1768387349.master-192-168-8-48.1680.8,mlp.fc2.lora_B,0
1768388456.225082,1933,60.4375,0.18461959064006805,Grad/mlp.fc2.lora_B,outputs_dev/vitb16/T=vtab_Q=3bit_L=lora_2_qkv-fc1-proj-fc2/cifar/20260114184203_default_acc=53.50/tensorboard/Grad_mlp.fc2.lora_B_block_0/events.out.tfevents.1768387349.master-192-168-8-48.1680.8,mlp.fc2.lora_B,0
1768388456.617864,1934,60.46875,0.04331770911812782,Grad/mlp.fc2.lora_B,outputs_dev/vitb16/T=vtab_Q=3bit_L=lora_2_qkv-fc1-proj-fc2/cifar/20260114184203_default_acc=53.50/tensorboard/Grad_mlp.fc2.lora_B_block_0/events.out.tfevents.1768387349.master-192-168-8-48.1680.8,mlp.fc2.lora_B,0
1768388457.0082102,1935,60.5,0.12536628544330597,Grad/mlp.fc2.lora_B,outputs_dev/vitb16/T=vtab_Q=3bit_L=lora_2_qkv-fc1-proj-fc2/cifar/20260114184203_default_acc=53.50/tensorboard/Grad_mlp.fc2.lora_B_block_0/events.out.tfevents.1768387349.master-192-168-8-48.1680.8,mlp.fc2.lora_B,0
1768388457.3976614,1936,60.53125,0.07798276841640472,Grad/mlp.fc2.lora_B,outputs_dev/vitb16/T=vtab_Q=3bit_L=lora_2_qkv-fc1-proj-fc2/cifar/20260114184203_default_acc=53.50/tensorboard/Grad_mlp.fc2.lora_B_block_0/events.out.tfevents.1768387349.master-192-168-8-48.1680.8,mlp.fc2.lora_B,0
1768388457.7906058,1937,60.5625,0.05415304750204086,Grad/mlp.fc2.lora_B,outputs_dev/vitb16/T=vtab_Q=3bit_L=lora_2_qkv-fc1-proj-fc2/cifar/20260114184203_default_acc=53.50/tensorboard/Grad_mlp.fc2.lora_B_block_0/events.out.tfevents.1768387349.master-192-168-8-48.1680.8,mlp.fc2.lora_B,0
1768388458.1899326,1938,60.59375,0.14906929433345795,Grad/mlp.fc2.lora_B,outputs_dev/vitb16/T=vtab_Q=3bit_L=lora_2_qkv-fc1-proj-fc2/cifar/20260114184203_default_acc=53.50/tensorboard/Grad_mlp.fc2.lora_B_block_0/events.out.tfevents.1768387349.master-192-168-8-48.1680.8,mlp.fc2.lora_B,0
1768388458.581576,1939,60.625,0.06853338330984116,Grad/mlp.fc2.lora_B,outputs_dev/vitb16/T=vtab_Q=3bit_L=lora_2_qkv-fc1-proj-fc2/cifar/20260114184203_default_acc=53.50/tensorboard/Grad_mlp.fc2.lora_B_block_0/events.out.tfevents.1768387349.master-192-168-8-48.1680.8,mlp.fc2.lora_B,0
1768388458.989556,1940,60.65625,0.15867258608341217,Grad/mlp.fc2.lora_B,outputs_dev/vitb16/T=vtab_Q=3bit_L=lora_2_qkv-fc1-proj-fc2/cifar/20260114184203_default_acc=53.50/tensorboard/Grad_mlp.fc2.lora_B_block_0/events.out.tfevents.1768387349.master-192-168-8-48.1680.8,mlp.fc2.lora_B,0
1768388459.393929,1941,60.6875,0.1406814455986023,Grad/mlp.fc2.lora_B,outputs_dev/vitb16/T=vtab_Q=3bit_L=lora_2_qkv-fc1-proj-fc2/cifar/20260114184203_default_acc=53.50/tensorboard/Grad_mlp.fc2.lora_B_block_0/events.out.tfevents.1768387349.master-192-168-8-48.1680.8,mlp.fc2.lora_B,0
1768388459.797949,1942,60.71875,0.1224544569849968,Grad/mlp.fc2.lora_B,outputs_dev/vitb16/T=vtab_Q=3bit_L=lora_2_qkv-fc1-proj-fc2/cifar/20260114184203_default_acc=53.50/tensorboard/Grad_mlp.fc2.lora_B_block_0/events.out.tfevents.1768387349.master-192-168-8-48.1680.8,mlp.fc2.lora_B,0
1768388460.168492,1943,60.75,0.09059879183769226,Grad/mlp.fc2.lora_B,outputs_dev/vitb16/T=vtab_Q=3bit_L=lora_2_qkv-fc1-proj-fc2/cifar/20260114184203_default_acc=53.50/tensorboard/Grad_mlp.fc2.lora_B_block_0/events.out.tfevents.1768387349.master-192-168-8-48.1680.8,mlp.fc2.lora_B,0
1768388460.5738776,1944,60.78125,0.12811487913131714,Grad/mlp.fc2.lora_B,outputs_dev/vitb16/T=vtab_Q=3bit_L=lora_2_qkv-fc1-proj-fc2/cifar/20260114184203_default_acc=53.50/tensorboard/Grad_mlp.fc2.lora_B_block_0/events.out.tfevents.1768387349.master-192-168-8-48.1680.8,mlp.fc2.lora_B,0
1768388460.9804535,1945,60.8125,0.1140836775302887,Grad/mlp.fc2.lora_B,outputs_dev/vitb16/T=vtab_Q=3bit_L=lora_2_qkv-fc1-proj-fc2/cifar/20260114184203_default_acc=53.50/tensorboard/Grad_mlp.fc2.lora_B_block_0/events.out.tfevents.1768387349.master-192-168-8-48.1680.8,mlp.fc2.lora_B,0
1768388461.386543,1946,60.84375,0.36168262362480164,Grad/mlp.fc2.lora_B,outputs_dev/vitb16/T=vtab_Q=3bit_L=lora_2_qkv-fc1-proj-fc2/cifar/20260114184203_default_acc=53.50/tensorboard/Grad_mlp.fc2.lora_B_block_0/events.out.tfevents.1768387349.master-192-168-8-48.1680.8,mlp.fc2.lora_B,0
1768388461.776479,1947,60.875,0.09353230148553848,Grad/mlp.fc2.lora_B,outputs_dev/vitb16/T=vtab_Q=3bit_L=lora_2_qkv-fc1-proj-fc2/cifar/20260114184203_default_acc=53.50/tensorboard/Grad_mlp.fc2.lora_B_block_0/events.out.tfevents.1768387349.master-192-168-8-48.1680.8,mlp.fc2.lora_B,0
1768388462.1665497,1948,60.90625,0.08556113392114639,Grad/mlp.fc2.lora_B,outputs_dev/vitb16/T=vtab_Q=3bit_L=lora_2_qkv-fc1-proj-fc2/cifar/20260114184203_default_acc=53.50/tensorboard/Grad_mlp.fc2.lora_B_block_0/events.out.tfevents.1768387349.master-192-168-8-48.1680.8,mlp.fc2.lora_B,0
1768388462.5708292,1949,60.9375,0.07045958191156387,Grad/mlp.fc2.lora_B,outputs_dev/vitb16/T=vtab_Q=3bit_L=lora_2_qkv-fc1-proj-fc2/cifar/20260114184203_default_acc=53.50/tensorboard/Grad_mlp.fc2.lora_B_block_0/events.out.tfevents.1768387349.master-192-168-8-48.1680.8,mlp.fc2.lora_B,0
1768388462.9591165,1950,60.96875,0.09369483590126038,Grad/mlp.fc2.lora_B,outputs_dev/vitb16/T=vtab_Q=3bit_L=lora_2_qkv-fc1-proj-fc2/cifar/20260114184203_default_acc=53.50/tensorboard/Grad_mlp.fc2.lora_B_block_0/events.out.tfevents.1768387349.master-192-168-8-48.1680.8,mlp.fc2.lora_B,0
1768388463.1668172,1951,61.0,0.1365508735179901,Grad/mlp.fc2.lora_B,outputs_dev/vitb16/T=vtab_Q=3bit_L=lora_2_qkv-fc1-proj-fc2/cifar/20260114184203_default_acc=53.50/tensorboard/Grad_mlp.fc2.lora_B_block_0/events.out.tfevents.1768387349.master-192-168-8-48.1680.8,mlp.fc2.lora_B,0
1768388501.2057383,1952,61.03125,0.05527014657855034,Grad/mlp.fc2.lora_B,outputs_dev/vitb16/T=vtab_Q=3bit_L=lora_2_qkv-fc1-proj-fc2/cifar/20260114184203_default_acc=53.50/tensorboard/Grad_mlp.fc2.lora_B_block_0/events.out.tfevents.1768387349.master-192-168-8-48.1680.8,mlp.fc2.lora_B,0
1768388501.6101813,1953,61.0625,0.23363232612609863,Grad/mlp.fc2.lora_B,outputs_dev/vitb16/T=vtab_Q=3bit_L=lora_2_qkv-fc1-proj-fc2/cifar/20260114184203_default_acc=53.50/tensorboard/Grad_mlp.fc2.lora_B_block_0/events.out.tfevents.1768387349.master-192-168-8-48.1680.8,mlp.fc2.lora_B,0
1768388502.009166,1954,61.09375,0.043715108186006546,Grad/mlp.fc2.lora_B,outputs_dev/vitb16/T=vtab_Q=3bit_L=lora_2_qkv-fc1-proj-fc2/cifar/20260114184203_default_acc=53.50/tensorboard/Grad_mlp.fc2.lora_B_block_0/events.out.tfevents.1768387349.master-192-168-8-48.1680.8,mlp.fc2.lora_B,0
1768388502.4019554,1955,61.125,0.04254484549164772,Grad/mlp.fc2.lora_B,outputs_dev/vitb16/T=vtab_Q=3bit_L=lora_2_qkv-fc1-proj-fc2/cifar/20260114184203_default_acc=53.50/tensorboard/Grad_mlp.fc2.lora_B_block_0/events.out.tfevents.1768387349.master-192-168-8-48.1680.8,mlp.fc2.lora_B,0
1768388502.791694,1956,61.15625,0.056640174239873886,Grad/mlp.fc2.lora_B,outputs_dev/vitb16/T=vtab_Q=3bit_L=lora_2_qkv-fc1-proj-fc2/cifar/20260114184203_default_acc=53.50/tensorboard/Grad_mlp.fc2.lora_B_block_0/events.out.tfevents.1768387349.master-192-168-8-48.1680.8,mlp.fc2.lora_B,0
1768388503.1845593,1957,61.1875,0.05117598921060562,Grad/mlp.fc2.lora_B,outputs_dev/vitb16/T=vtab_Q=3bit_L=lora_2_qkv-fc1-proj-fc2/cifar/20260114184203_default_acc=53.50/tensorboard/Grad_mlp.fc2.lora_B_block_0/events.out.tfevents.1768387349.master-192-168-8-48.1680.8,mlp.fc2.lora_B,0
1768388503.5766776,1958,61.21875,0.09832833707332611,Grad/mlp.fc2.lora_B,outputs_dev/vitb16/T=vtab_Q=3bit_L=lora_2_qkv-fc1-proj-fc2/cifar/20260114184203_default_acc=53.50/tensorboard/Grad_mlp.fc2.lora_B_block_0/events.out.tfevents.1768387349.master-192-168-8-48.1680.8,mlp.fc2.lora_B,0
1768388503.9685016,1959,61.25,0.4668845534324646,Grad/mlp.fc2.lora_B,outputs_dev/vitb16/T=vtab_Q=3bit_L=lora_2_qkv-fc1-proj-fc2/cifar/20260114184203_default_acc=53.50/tensorboard/Grad_mlp.fc2.lora_B_block_0/events.out.tfevents.1768387349.master-192-168-8-48.1680.8,mlp.fc2.lora_B,0
1768388504.359866,1960,61.28125,0.1126406192779541,Grad/mlp.fc2.lora_B,outputs_dev/vitb16/T=vtab_Q=3bit_L=lora_2_qkv-fc1-proj-fc2/cifar/20260114184203_default_acc=53.50/tensorboard/Grad_mlp.fc2.lora_B_block_0/events.out.tfevents.1768387349.master-192-168-8-48.1680.8,mlp.fc2.lora_B,0
1768388504.7523913,1961,61.3125,0.06492645293474197,Grad/mlp.fc2.lora_B,outputs_dev/vitb16/T=vtab_Q=3bit_L=lora_2_qkv-fc1-proj-fc2/cifar/20260114184203_default_acc=53.50/tensorboard/Grad_mlp.fc2.lora_B_block_0/events.out.tfevents.1768387349.master-192-168-8-48.1680.8,mlp.fc2.lora_B,0
1768388505.14504,1962,61.34375,0.05550356209278107,Grad/mlp.fc2.lora_B,outputs_dev/vitb16/T=vtab_Q=3bit_L=lora_2_qkv-fc1-proj-fc2/cifar/20260114184203_default_acc=53.50/tensorboard/Grad_mlp.fc2.lora_B_block_0/events.out.tfevents.1768387349.master-192-168-8-48.1680.8,mlp.fc2.lora_B,0
1768388505.536417,1963,61.375,0.24867042899131775,Grad/mlp.fc2.lora_B,outputs_dev/vitb16/T=vtab_Q=3bit_L=lora_2_qkv-fc1-proj-fc2/cifar/20260114184203_default_acc=53.50/tensorboard/Grad_mlp.fc2.lora_B_block_0/events.out.tfevents.1768387349.master-192-168-8-48.1680.8,mlp.fc2.lora_B,0
1768388505.9268174,1964,61.40625,0.034153055399656296,Grad/mlp.fc2.lora_B,outputs_dev/vitb16/T=vtab_Q=3bit_L=lora_2_qkv-fc1-proj-fc2/cifar/20260114184203_default_acc=53.50/tensorboard/Grad_mlp.fc2.lora_B_block_0/events.out.tfevents.1768387349.master-192-168-8-48.1680.8,mlp.fc2.lora_B,0
1768388506.3159482,1965,61.4375,0.21843740344047546,Grad/mlp.fc2.lora_B,outputs_dev/vitb16/T=vtab_Q=3bit_L=lora_2_qkv-fc1-proj-fc2/cifar/20260114184203_default_acc=53.50/tensorboard/Grad_mlp.fc2.lora_B_block_0/events.out.tfevents.1768387349.master-192-168-8-48.1680.8,mlp.fc2.lora_B,0
1768388506.7087846,1966,61.46875,0.048665601760149,Grad/mlp.fc2.lora_B,outputs_dev/vitb16/T=vtab_Q=3bit_L=lora_2_qkv-fc1-proj-fc2/cifar/20260114184203_default_acc=53.50/tensorboard/Grad_mlp.fc2.lora_B_block_0/events.out.tfevents.1768387349.master-192-168-8-48.1680.8,mlp.fc2.lora_B,0
1768388507.1023982,1967,61.5,0.07030662894248962,Grad/mlp.fc2.lora_B,outputs_dev/vitb16/T=vtab_Q=3bit_L=lora_2_qkv-fc1-proj-fc2/cifar/20260114184203_default_acc=53.50/tensorboard/Grad_mlp.fc2.lora_B_block_0/events.out.tfevents.1768387349.master-192-168-8-48.1680.8,mlp.fc2.lora_B,0
1768388507.4945033,1968,61.53125,0.06097796559333801,Grad/mlp.fc2.lora_B,outputs_dev/vitb16/T=vtab_Q=3bit_L=lora_2_qkv-fc1-proj-fc2/cifar/20260114184203_default_acc=53.50/tensorboard/Grad_mlp.fc2.lora_B_block_0/events.out.tfevents.1768387349.master-192-168-8-48.1680.8,mlp.fc2.lora_B,0
1768388507.897864,1969,61.5625,0.27836066484451294,Grad/mlp.fc2.lora_B,outputs_dev/vitb16/T=vtab_Q=3bit_L=lora_2_qkv-fc1-proj-fc2/cifar/20260114184203_default_acc=53.50/tensorboard/Grad_mlp.fc2.lora_B_block_0/events.out.tfevents.1768387349.master-192-168-8-48.1680.8,mlp.fc2.lora_B,0
1768388508.2895691,1970,61.59375,0.042924486100673676,Grad/mlp.fc2.lora_B,outputs_dev/vitb16/T=vtab_Q=3bit_L=lora_2_qkv-fc1-proj-fc2/cifar/20260114184203_default_acc=53.50/tensorboard/Grad_mlp.fc2.lora_B_block_0/events.out.tfevents.1768387349.master-192-168-8-48.1680.8,mlp.fc2.lora_B,0
1768388508.6929955,1971,61.625,0.2940770983695984,Grad/mlp.fc2.lora_B,outputs_dev/vitb16/T=vtab_Q=3bit_L=lora_2_qkv-fc1-proj-fc2/cifar/20260114184203_default_acc=53.50/tensorboard/Grad_mlp.fc2.lora_B_block_0/events.out.tfevents.1768387349.master-192-168-8-48.1680.8,mlp.fc2.lora_B,0
1768388509.1135428,1972,61.65625,0.025735612958669662,Grad/mlp.fc2.lora_B,outputs_dev/vitb16/T=vtab_Q=3bit_L=lora_2_qkv-fc1-proj-fc2/cifar/20260114184203_default_acc=53.50/tensorboard/Grad_mlp.fc2.lora_B_block_0/events.out.tfevents.1768387349.master-192-168-8-48.1680.8,mlp.fc2.lora_B,0
1768388509.5107977,1973,61.6875,0.10257671773433685,Grad/mlp.fc2.lora_B,outputs_dev/vitb16/T=vtab_Q=3bit_L=lora_2_qkv-fc1-proj-fc2/cifar/20260114184203_default_acc=53.50/tensorboard/Grad_mlp.fc2.lora_B_block_0/events.out.tfevents.1768387349.master-192-168-8-48.1680.8,mlp.fc2.lora_B,0
1768388509.9037054,1974,61.71875,0.20018430054187775,Grad/mlp.fc2.lora_B,outputs_dev/vitb16/T=vtab_Q=3bit_L=lora_2_qkv-fc1-proj-fc2/cifar/20260114184203_default_acc=53.50/tensorboard/Grad_mlp.fc2.lora_B_block_0/events.out.tfevents.1768387349.master-192-168-8-48.1680.8,mlp.fc2.lora_B,0
1768388510.2970822,1975,61.75,0.2974107265472412,Grad/mlp.fc2.lora_B,outputs_dev/vitb16/T=vtab_Q=3bit_L=lora_2_qkv-fc1-proj-fc2/cifar/20260114184203_default_acc=53.50/tensorboard/Grad_mlp.fc2.lora_B_block_0/events.out.tfevents.1768387349.master-192-168-8-48.1680.8,mlp.fc2.lora_B,0
1768388510.70107,1976,61.78125,0.576836109161377,Grad/mlp.fc2.lora_B,outputs_dev/vitb16/T=vtab_Q=3bit_L=lora_2_qkv-fc1-proj-fc2/cifar/20260114184203_default_acc=53.50/tensorboard/Grad_mlp.fc2.lora_B_block_0/events.out.tfevents.1768387349.master-192-168-8-48.1680.8,mlp.fc2.lora_B,0
1768388511.1073453,1977,61.8125,0.2175496220588684,Grad/mlp.fc2.lora_B,outputs_dev/vitb16/T=vtab_Q=3bit_L=lora_2_qkv-fc1-proj-fc2/cifar/20260114184203_default_acc=53.50/tensorboard/Grad_mlp.fc2.lora_B_block_0/events.out.tfevents.1768387349.master-192-168-8-48.1680.8,mlp.fc2.lora_B,0
1768388511.5206926,1978,61.84375,0.06900522112846375,Grad/mlp.fc2.lora_B,outputs_dev/vitb16/T=vtab_Q=3bit_L=lora_2_qkv-fc1-proj-fc2/cifar/20260114184203_default_acc=53.50/tensorboard/Grad_mlp.fc2.lora_B_block_0/events.out.tfevents.1768387349.master-192-168-8-48.1680.8,mlp.fc2.lora_B,0
1768388511.923849,1979,61.875,0.14279907941818237,Grad/mlp.fc2.lora_B,outputs_dev/vitb16/T=vtab_Q=3bit_L=lora_2_qkv-fc1-proj-fc2/cifar/20260114184203_default_acc=53.50/tensorboard/Grad_mlp.fc2.lora_B_block_0/events.out.tfevents.1768387349.master-192-168-8-48.1680.8,mlp.fc2.lora_B,0
1768388512.3124964,1980,61.90625,0.4287201166152954,Grad/mlp.fc2.lora_B,outputs_dev/vitb16/T=vtab_Q=3bit_L=lora_2_qkv-fc1-proj-fc2/cifar/20260114184203_default_acc=53.50/tensorboard/Grad_mlp.fc2.lora_B_block_0/events.out.tfevents.1768387349.master-192-168-8-48.1680.8,mlp.fc2.lora_B,0
1768388512.7018237,1981,61.9375,0.38079988956451416,Grad/mlp.fc2.lora_B,outputs_dev/vitb16/T=vtab_Q=3bit_L=lora_2_qkv-fc1-proj-fc2/cifar/20260114184203_default_acc=53.50/tensorboard/Grad_mlp.fc2.lora_B_block_0/events.out.tfevents.1768387349.master-192-168-8-48.1680.8,mlp.fc2.lora_B,0
1768388513.1065187,1982,61.96875,0.06709796190261841,Grad/mlp.fc2.lora_B,outputs_dev/vitb16/T=vtab_Q=3bit_L=lora_2_qkv-fc1-proj-fc2/cifar/20260114184203_default_acc=53.50/tensorboard/Grad_mlp.fc2.lora_B_block_0/events.out.tfevents.1768387349.master-192-168-8-48.1680.8,mlp.fc2.lora_B,0
1768388513.2903714,1983,62.0,0.09160694479942322,Grad/mlp.fc2.lora_B,outputs_dev/vitb16/T=vtab_Q=3bit_L=lora_2_qkv-fc1-proj-fc2/cifar/20260114184203_default_acc=53.50/tensorboard/Grad_mlp.fc2.lora_B_block_0/events.out.tfevents.1768387349.master-192-168-8-48.1680.8,mlp.fc2.lora_B,0
1768388513.9066398,1984,62.03125,0.04437255859375,Grad/mlp.fc2.lora_B,outputs_dev/vitb16/T=vtab_Q=3bit_L=lora_2_qkv-fc1-proj-fc2/cifar/20260114184203_default_acc=53.50/tensorboard/Grad_mlp.fc2.lora_B_block_0/events.out.tfevents.1768387349.master-192-168-8-48.1680.8,mlp.fc2.lora_B,0
1768388514.302212,1985,62.0625,0.09038019180297852,Grad/mlp.fc2.lora_B,outputs_dev/vitb16/T=vtab_Q=3bit_L=lora_2_qkv-fc1-proj-fc2/cifar/20260114184203_default_acc=53.50/tensorboard/Grad_mlp.fc2.lora_B_block_0/events.out.tfevents.1768387349.master-192-168-8-48.1680.8,mlp.fc2.lora_B,0
1768388514.6952858,1986,62.09375,0.07222689688205719,Grad/mlp.fc2.lora_B,outputs_dev/vitb16/T=vtab_Q=3bit_L=lora_2_qkv-fc1-proj-fc2/cifar/20260114184203_default_acc=53.50/tensorboard/Grad_mlp.fc2.lora_B_block_0/events.out.tfevents.1768387349.master-192-168-8-48.1680.8,mlp.fc2.lora_B,0
1768388515.088303,1987,62.125,0.02996145188808441,Grad/mlp.fc2.lora_B,outputs_dev/vitb16/T=vtab_Q=3bit_L=lora_2_qkv-fc1-proj-fc2/cifar/20260114184203_default_acc=53.50/tensorboard/Grad_mlp.fc2.lora_B_block_0/events.out.tfevents.1768387349.master-192-168-8-48.1680.8,mlp.fc2.lora_B,0
1768388515.477209,1988,62.15625,0.2825055718421936,Grad/mlp.fc2.lora_B,outputs_dev/vitb16/T=vtab_Q=3bit_L=lora_2_qkv-fc1-proj-fc2/cifar/20260114184203_default_acc=53.50/tensorboard/Grad_mlp.fc2.lora_B_block_0/events.out.tfevents.1768387349.master-192-168-8-48.1680.8,mlp.fc2.lora_B,0
1768388515.8712926,1989,62.1875,0.053348418325185776,Grad/mlp.fc2.lora_B,outputs_dev/vitb16/T=vtab_Q=3bit_L=lora_2_qkv-fc1-proj-fc2/cifar/20260114184203_default_acc=53.50/tensorboard/Grad_mlp.fc2.lora_B_block_0/events.out.tfevents.1768387349.master-192-168-8-48.1680.8,mlp.fc2.lora_B,0
1768388516.261159,1990,62.21875,0.7958259582519531,Grad/mlp.fc2.lora_B,outputs_dev/vitb16/T=vtab_Q=3bit_L=lora_2_qkv-fc1-proj-fc2/cifar/20260114184203_default_acc=53.50/tensorboard/Grad_mlp.fc2.lora_B_block_0/events.out.tfevents.1768387349.master-192-168-8-48.1680.8,mlp.fc2.lora_B,0
1768388516.6489987,1991,62.25,0.28130847215652466,Grad/mlp.fc2.lora_B,outputs_dev/vitb16/T=vtab_Q=3bit_L=lora_2_qkv-fc1-proj-fc2/cifar/20260114184203_default_acc=53.50/tensorboard/Grad_mlp.fc2.lora_B_block_0/events.out.tfevents.1768387349.master-192-168-8-48.1680.8,mlp.fc2.lora_B,0
1768388517.0529962,1992,62.28125,0.16846820712089539,Grad/mlp.fc2.lora_B,outputs_dev/vitb16/T=vtab_Q=3bit_L=lora_2_qkv-fc1-proj-fc2/cifar/20260114184203_default_acc=53.50/tensorboard/Grad_mlp.fc2.lora_B_block_0/events.out.tfevents.1768387349.master-192-168-8-48.1680.8,mlp.fc2.lora_B,0
1768388517.442971,1993,62.3125,0.13172845542430878,Grad/mlp.fc2.lora_B,outputs_dev/vitb16/T=vtab_Q=3bit_L=lora_2_qkv-fc1-proj-fc2/cifar/20260114184203_default_acc=53.50/tensorboard/Grad_mlp.fc2.lora_B_block_0/events.out.tfevents.1768387349.master-192-168-8-48.1680.8,mlp.fc2.lora_B,0
1768388517.8332195,1994,62.34375,0.2514760196208954,Grad/mlp.fc2.lora_B,outputs_dev/vitb16/T=vtab_Q=3bit_L=lora_2_qkv-fc1-proj-fc2/cifar/20260114184203_default_acc=53.50/tensorboard/Grad_mlp.fc2.lora_B_block_0/events.out.tfevents.1768387349.master-192-168-8-48.1680.8,mlp.fc2.lora_B,0
1768388518.2221658,1995,62.375,0.09016741812229156,Grad/mlp.fc2.lora_B,outputs_dev/vitb16/T=vtab_Q=3bit_L=lora_2_qkv-fc1-proj-fc2/cifar/20260114184203_default_acc=53.50/tensorboard/Grad_mlp.fc2.lora_B_block_0/events.out.tfevents.1768387349.master-192-168-8-48.1680.8,mlp.fc2.lora_B,0
1768388518.611721,1996,62.40625,0.07046046853065491,Grad/mlp.fc2.lora_B,outputs_dev/vitb16/T=vtab_Q=3bit_L=lora_2_qkv-fc1-proj-fc2/cifar/20260114184203_default_acc=53.50/tensorboard/Grad_mlp.fc2.lora_B_block_0/events.out.tfevents.1768387349.master-192-168-8-48.1680.8,mlp.fc2.lora_B,0
1768388518.9999251,1997,62.4375,0.2882891297340393,Grad/mlp.fc2.lora_B,outputs_dev/vitb16/T=vtab_Q=3bit_L=lora_2_qkv-fc1-proj-fc2/cifar/20260114184203_default_acc=53.50/tensorboard/Grad_mlp.fc2.lora_B_block_0/events.out.tfevents.1768387349.master-192-168-8-48.1680.8,mlp.fc2.lora_B,0
1768388519.4033947,1998,62.46875,0.1353638619184494,Grad/mlp.fc2.lora_B,outputs_dev/vitb16/T=vtab_Q=3bit_L=lora_2_qkv-fc1-proj-fc2/cifar/20260114184203_default_acc=53.50/tensorboard/Grad_mlp.fc2.lora_B_block_0/events.out.tfevents.1768387349.master-192-168-8-48.1680.8,mlp.fc2.lora_B,0
1768388519.808618,1999,62.5,0.11676684021949768,Grad/mlp.fc2.lora_B,outputs_dev/vitb16/T=vtab_Q=3bit_L=lora_2_qkv-fc1-proj-fc2/cifar/20260114184203_default_acc=53.50/tensorboard/Grad_mlp.fc2.lora_B_block_0/events.out.tfevents.1768387349.master-192-168-8-48.1680.8,mlp.fc2.lora_B,0
1768388520.1989267,2000,62.53125,0.11360358446836472,Grad/mlp.fc2.lora_B,outputs_dev/vitb16/T=vtab_Q=3bit_L=lora_2_qkv-fc1-proj-fc2/cifar/20260114184203_default_acc=53.50/tensorboard/Grad_mlp.fc2.lora_B_block_0/events.out.tfevents.1768387349.master-192-168-8-48.1680.8,mlp.fc2.lora_B,0
1768388520.5876455,2001,62.5625,0.10250743478536606,Grad/mlp.fc2.lora_B,outputs_dev/vitb16/T=vtab_Q=3bit_L=lora_2_qkv-fc1-proj-fc2/cifar/20260114184203_default_acc=53.50/tensorboard/Grad_mlp.fc2.lora_B_block_0/events.out.tfevents.1768387349.master-192-168-8-48.1680.8,mlp.fc2.lora_B,0
1768388520.9914525,2002,62.59375,0.12842966616153717,Grad/mlp.fc2.lora_B,outputs_dev/vitb16/T=vtab_Q=3bit_L=lora_2_qkv-fc1-proj-fc2/cifar/20260114184203_default_acc=53.50/tensorboard/Grad_mlp.fc2.lora_B_block_0/events.out.tfevents.1768387349.master-192-168-8-48.1680.8,mlp.fc2.lora_B,0
1768388521.395521,2003,62.625,0.5742034912109375,Grad/mlp.fc2.lora_B,outputs_dev/vitb16/T=vtab_Q=3bit_L=lora_2_qkv-fc1-proj-fc2/cifar/20260114184203_default_acc=53.50/tensorboard/Grad_mlp.fc2.lora_B_block_0/events.out.tfevents.1768387349.master-192-168-8-48.1680.8,mlp.fc2.lora_B,0
1768388521.801163,2004,62.65625,0.10385286808013916,Grad/mlp.fc2.lora_B,outputs_dev/vitb16/T=vtab_Q=3bit_L=lora_2_qkv-fc1-proj-fc2/cifar/20260114184203_default_acc=53.50/tensorboard/Grad_mlp.fc2.lora_B_block_0/events.out.tfevents.1768387349.master-192-168-8-48.1680.8,mlp.fc2.lora_B,0
1768388522.1901278,2005,62.6875,0.09367990493774414,Grad/mlp.fc2.lora_B,outputs_dev/vitb16/T=vtab_Q=3bit_L=lora_2_qkv-fc1-proj-fc2/cifar/20260114184203_default_acc=53.50/tensorboard/Grad_mlp.fc2.lora_B_block_0/events.out.tfevents.1768387349.master-192-168-8-48.1680.8,mlp.fc2.lora_B,0
1768388522.5779624,2006,62.71875,0.32009437680244446,Grad/mlp.fc2.lora_B,outputs_dev/vitb16/T=vtab_Q=3bit_L=lora_2_qkv-fc1-proj-fc2/cifar/20260114184203_default_acc=53.50/tensorboard/Grad_mlp.fc2.lora_B_block_0/events.out.tfevents.1768387349.master-192-168-8-48.1680.8,mlp.fc2.lora_B,0
1768388522.9701314,2007,62.75,0.10711704194545746,Grad/mlp.fc2.lora_B,outputs_dev/vitb16/T=vtab_Q=3bit_L=lora_2_qkv-fc1-proj-fc2/cifar/20260114184203_default_acc=53.50/tensorboard/Grad_mlp.fc2.lora_B_block_0/events.out.tfevents.1768387349.master-192-168-8-48.1680.8,mlp.fc2.lora_B,0
1768388523.3591616,2008,62.78125,0.12206006795167923,Grad/mlp.fc2.lora_B,outputs_dev/vitb16/T=vtab_Q=3bit_L=lora_2_qkv-fc1-proj-fc2/cifar/20260114184203_default_acc=53.50/tensorboard/Grad_mlp.fc2.lora_B_block_0/events.out.tfevents.1768387349.master-192-168-8-48.1680.8,mlp.fc2.lora_B,0
1768388523.7474499,2009,62.8125,0.06084633618593216,Grad/mlp.fc2.lora_B,outputs_dev/vitb16/T=vtab_Q=3bit_L=lora_2_qkv-fc1-proj-fc2/cifar/20260114184203_default_acc=53.50/tensorboard/Grad_mlp.fc2.lora_B_block_0/events.out.tfevents.1768387349.master-192-168-8-48.1680.8,mlp.fc2.lora_B,0
1768388524.1345694,2010,62.84375,0.08990801870822906,Grad/mlp.fc2.lora_B,outputs_dev/vitb16/T=vtab_Q=3bit_L=lora_2_qkv-fc1-proj-fc2/cifar/20260114184203_default_acc=53.50/tensorboard/Grad_mlp.fc2.lora_B_block_0/events.out.tfevents.1768387349.master-192-168-8-48.1680.8,mlp.fc2.lora_B,0
1768388524.5238273,2011,62.875,0.18444374203681946,Grad/mlp.fc2.lora_B,outputs_dev/vitb16/T=vtab_Q=3bit_L=lora_2_qkv-fc1-proj-fc2/cifar/20260114184203_default_acc=53.50/tensorboard/Grad_mlp.fc2.lora_B_block_0/events.out.tfevents.1768387349.master-192-168-8-48.1680.8,mlp.fc2.lora_B,0
1768388524.9036665,2012,62.90625,0.15157398581504822,Grad/mlp.fc2.lora_B,outputs_dev/vitb16/T=vtab_Q=3bit_L=lora_2_qkv-fc1-proj-fc2/cifar/20260114184203_default_acc=53.50/tensorboard/Grad_mlp.fc2.lora_B_block_0/events.out.tfevents.1768387349.master-192-168-8-48.1680.8,mlp.fc2.lora_B,0
1768388525.2923555,2013,62.9375,0.07805228978395462,Grad/mlp.fc2.lora_B,outputs_dev/vitb16/T=vtab_Q=3bit_L=lora_2_qkv-fc1-proj-fc2/cifar/20260114184203_default_acc=53.50/tensorboard/Grad_mlp.fc2.lora_B_block_0/events.out.tfevents.1768387349.master-192-168-8-48.1680.8,mlp.fc2.lora_B,0
1768388525.6805646,2014,62.96875,1.0387487411499023,Grad/mlp.fc2.lora_B,outputs_dev/vitb16/T=vtab_Q=3bit_L=lora_2_qkv-fc1-proj-fc2/cifar/20260114184203_default_acc=53.50/tensorboard/Grad_mlp.fc2.lora_B_block_0/events.out.tfevents.1768387349.master-192-168-8-48.1680.8,mlp.fc2.lora_B,0
1768388525.8892884,2015,63.0,0.0850837379693985,Grad/mlp.fc2.lora_B,outputs_dev/vitb16/T=vtab_Q=3bit_L=lora_2_qkv-fc1-proj-fc2/cifar/20260114184203_default_acc=53.50/tensorboard/Grad_mlp.fc2.lora_B_block_0/events.out.tfevents.1768387349.master-192-168-8-48.1680.8,mlp.fc2.lora_B,0
1768388526.5044374,2016,63.03125,0.07346304506063461,Grad/mlp.fc2.lora_B,outputs_dev/vitb16/T=vtab_Q=3bit_L=lora_2_qkv-fc1-proj-fc2/cifar/20260114184203_default_acc=53.50/tensorboard/Grad_mlp.fc2.lora_B_block_0/events.out.tfevents.1768387349.master-192-168-8-48.1680.8,mlp.fc2.lora_B,0
1768388526.9360201,2017,63.0625,0.28183820843696594,Grad/mlp.fc2.lora_B,outputs_dev/vitb16/T=vtab_Q=3bit_L=lora_2_qkv-fc1-proj-fc2/cifar/20260114184203_default_acc=53.50/tensorboard/Grad_mlp.fc2.lora_B_block_0/events.out.tfevents.1768387349.master-192-168-8-48.1680.8,mlp.fc2.lora_B,0
1768388527.3300948,2018,63.09375,0.36135539412498474,Grad/mlp.fc2.lora_B,outputs_dev/vitb16/T=vtab_Q=3bit_L=lora_2_qkv-fc1-proj-fc2/cifar/20260114184203_default_acc=53.50/tensorboard/Grad_mlp.fc2.lora_B_block_0/events.out.tfevents.1768387349.master-192-168-8-48.1680.8,mlp.fc2.lora_B,0
1768388527.8846862,2019,63.125,0.11812461167573929,Grad/mlp.fc2.lora_B,outputs_dev/vitb16/T=vtab_Q=3bit_L=lora_2_qkv-fc1-proj-fc2/cifar/20260114184203_default_acc=53.50/tensorboard/Grad_mlp.fc2.lora_B_block_0/events.out.tfevents.1768387349.master-192-168-8-48.1680.8,mlp.fc2.lora_B,0
1768388528.2789085,2020,63.15625,0.30994683504104614,Grad/mlp.fc2.lora_B,outputs_dev/vitb16/T=vtab_Q=3bit_L=lora_2_qkv-fc1-proj-fc2/cifar/20260114184203_default_acc=53.50/tensorboard/Grad_mlp.fc2.lora_B_block_0/events.out.tfevents.1768387349.master-192-168-8-48.1680.8,mlp.fc2.lora_B,0
1768388528.6651185,2021,63.1875,0.17106181383132935,Grad/mlp.fc2.lora_B,outputs_dev/vitb16/T=vtab_Q=3bit_L=lora_2_qkv-fc1-proj-fc2/cifar/20260114184203_default_acc=53.50/tensorboard/Grad_mlp.fc2.lora_B_block_0/events.out.tfevents.1768387349.master-192-168-8-48.1680.8,mlp.fc2.lora_B,0
1768388529.0717874,2022,63.21875,0.22801540791988373,Grad/mlp.fc2.lora_B,outputs_dev/vitb16/T=vtab_Q=3bit_L=lora_2_qkv-fc1-proj-fc2/cifar/20260114184203_default_acc=53.50/tensorboard/Grad_mlp.fc2.lora_B_block_0/events.out.tfevents.1768387349.master-192-168-8-48.1680.8,mlp.fc2.lora_B,0
1768388529.4611368,2023,63.25,0.08009278029203415,Grad/mlp.fc2.lora_B,outputs_dev/vitb16/T=vtab_Q=3bit_L=lora_2_qkv-fc1-proj-fc2/cifar/20260114184203_default_acc=53.50/tensorboard/Grad_mlp.fc2.lora_B_block_0/events.out.tfevents.1768387349.master-192-168-8-48.1680.8,mlp.fc2.lora_B,0
1768388529.84918,2024,63.28125,0.14034786820411682,Grad/mlp.fc2.lora_B,outputs_dev/vitb16/T=vtab_Q=3bit_L=lora_2_qkv-fc1-proj-fc2/cifar/20260114184203_default_acc=53.50/tensorboard/Grad_mlp.fc2.lora_B_block_0/events.out.tfevents.1768387349.master-192-168-8-48.1680.8,mlp.fc2.lora_B,0
1768388530.2494295,2025,63.3125,0.1754351556301117,Grad/mlp.fc2.lora_B,outputs_dev/vitb16/T=vtab_Q=3bit_L=lora_2_qkv-fc1-proj-fc2/cifar/20260114184203_default_acc=53.50/tensorboard/Grad_mlp.fc2.lora_B_block_0/events.out.tfevents.1768387349.master-192-168-8-48.1680.8,mlp.fc2.lora_B,0
1768388530.6419332,2026,63.34375,0.06140219047665596,Grad/mlp.fc2.lora_B,outputs_dev/vitb16/T=vtab_Q=3bit_L=lora_2_qkv-fc1-proj-fc2/cifar/20260114184203_default_acc=53.50/tensorboard/Grad_mlp.fc2.lora_B_block_0/events.out.tfevents.1768387349.master-192-168-8-48.1680.8,mlp.fc2.lora_B,0
1768388531.0346901,2027,63.375,0.17318858206272125,Grad/mlp.fc2.lora_B,outputs_dev/vitb16/T=vtab_Q=3bit_L=lora_2_qkv-fc1-proj-fc2/cifar/20260114184203_default_acc=53.50/tensorboard/Grad_mlp.fc2.lora_B_block_0/events.out.tfevents.1768387349.master-192-168-8-48.1680.8,mlp.fc2.lora_B,0
1768388531.4256527,2028,63.40625,0.26083675026893616,Grad/mlp.fc2.lora_B,outputs_dev/vitb16/T=vtab_Q=3bit_L=lora_2_qkv-fc1-proj-fc2/cifar/20260114184203_default_acc=53.50/tensorboard/Grad_mlp.fc2.lora_B_block_0/events.out.tfevents.1768387349.master-192-168-8-48.1680.8,mlp.fc2.lora_B,0
1768388531.8196797,2029,63.4375,0.2687741219997406,Grad/mlp.fc2.lora_B,outputs_dev/vitb16/T=vtab_Q=3bit_L=lora_2_qkv-fc1-proj-fc2/cifar/20260114184203_default_acc=53.50/tensorboard/Grad_mlp.fc2.lora_B_block_0/events.out.tfevents.1768387349.master-192-168-8-48.1680.8,mlp.fc2.lora_B,0
1768388532.224652,2030,63.46875,0.06781943142414093,Grad/mlp.fc2.lora_B,outputs_dev/vitb16/T=vtab_Q=3bit_L=lora_2_qkv-fc1-proj-fc2/cifar/20260114184203_default_acc=53.50/tensorboard/Grad_mlp.fc2.lora_B_block_0/events.out.tfevents.1768387349.master-192-168-8-48.1680.8,mlp.fc2.lora_B,0
1768388532.6152325,2031,63.5,0.0702626034617424,Grad/mlp.fc2.lora_B,outputs_dev/vitb16/T=vtab_Q=3bit_L=lora_2_qkv-fc1-proj-fc2/cifar/20260114184203_default_acc=53.50/tensorboard/Grad_mlp.fc2.lora_B_block_0/events.out.tfevents.1768387349.master-192-168-8-48.1680.8,mlp.fc2.lora_B,0
1768388533.017499,2032,63.53125,0.15438686311244965,Grad/mlp.fc2.lora_B,outputs_dev/vitb16/T=vtab_Q=3bit_L=lora_2_qkv-fc1-proj-fc2/cifar/20260114184203_default_acc=53.50/tensorboard/Grad_mlp.fc2.lora_B_block_0/events.out.tfevents.1768387349.master-192-168-8-48.1680.8,mlp.fc2.lora_B,0
1768388533.4218578,2033,63.5625,0.05311840772628784,Grad/mlp.fc2.lora_B,outputs_dev/vitb16/T=vtab_Q=3bit_L=lora_2_qkv-fc1-proj-fc2/cifar/20260114184203_default_acc=53.50/tensorboard/Grad_mlp.fc2.lora_B_block_0/events.out.tfevents.1768387349.master-192-168-8-48.1680.8,mlp.fc2.lora_B,0
1768388533.826338,2034,63.59375,0.0694659873843193,Grad/mlp.fc2.lora_B,outputs_dev/vitb16/T=vtab_Q=3bit_L=lora_2_qkv-fc1-proj-fc2/cifar/20260114184203_default_acc=53.50/tensorboard/Grad_mlp.fc2.lora_B_block_0/events.out.tfevents.1768387349.master-192-168-8-48.1680.8,mlp.fc2.lora_B,0
1768388534.229266,2035,63.625,0.20958320796489716,Grad/mlp.fc2.lora_B,outputs_dev/vitb16/T=vtab_Q=3bit_L=lora_2_qkv-fc1-proj-fc2/cifar/20260114184203_default_acc=53.50/tensorboard/Grad_mlp.fc2.lora_B_block_0/events.out.tfevents.1768387349.master-192-168-8-48.1680.8,mlp.fc2.lora_B,0
1768388534.6042926,2036,63.65625,0.17897243797779083,Grad/mlp.fc2.lora_B,outputs_dev/vitb16/T=vtab_Q=3bit_L=lora_2_qkv-fc1-proj-fc2/cifar/20260114184203_default_acc=53.50/tensorboard/Grad_mlp.fc2.lora_B_block_0/events.out.tfevents.1768387349.master-192-168-8-48.1680.8,mlp.fc2.lora_B,0
1768388534.9874015,2037,63.6875,0.08997079730033875,Grad/mlp.fc2.lora_B,outputs_dev/vitb16/T=vtab_Q=3bit_L=lora_2_qkv-fc1-proj-fc2/cifar/20260114184203_default_acc=53.50/tensorboard/Grad_mlp.fc2.lora_B_block_0/events.out.tfevents.1768387349.master-192-168-8-48.1680.8,mlp.fc2.lora_B,0
1768388535.3640387,2038,63.71875,0.3255826532840729,Grad/mlp.fc2.lora_B,outputs_dev/vitb16/T=vtab_Q=3bit_L=lora_2_qkv-fc1-proj-fc2/cifar/20260114184203_default_acc=53.50/tensorboard/Grad_mlp.fc2.lora_B_block_0/events.out.tfevents.1768387349.master-192-168-8-48.1680.8,mlp.fc2.lora_B,0
1768388535.736811,2039,63.75,0.06373737007379532,Grad/mlp.fc2.lora_B,outputs_dev/vitb16/T=vtab_Q=3bit_L=lora_2_qkv-fc1-proj-fc2/cifar/20260114184203_default_acc=53.50/tensorboard/Grad_mlp.fc2.lora_B_block_0/events.out.tfevents.1768387349.master-192-168-8-48.1680.8,mlp.fc2.lora_B,0
1768388536.1121705,2040,63.78125,0.06971742957830429,Grad/mlp.fc2.lora_B,outputs_dev/vitb16/T=vtab_Q=3bit_L=lora_2_qkv-fc1-proj-fc2/cifar/20260114184203_default_acc=53.50/tensorboard/Grad_mlp.fc2.lora_B_block_0/events.out.tfevents.1768387349.master-192-168-8-48.1680.8,mlp.fc2.lora_B,0
1768388536.4885886,2041,63.8125,0.042565248906612396,Grad/mlp.fc2.lora_B,outputs_dev/vitb16/T=vtab_Q=3bit_L=lora_2_qkv-fc1-proj-fc2/cifar/20260114184203_default_acc=53.50/tensorboard/Grad_mlp.fc2.lora_B_block_0/events.out.tfevents.1768387349.master-192-168-8-48.1680.8,mlp.fc2.lora_B,0
1768388536.863308,2042,63.84375,0.13156476616859436,Grad/mlp.fc2.lora_B,outputs_dev/vitb16/T=vtab_Q=3bit_L=lora_2_qkv-fc1-proj-fc2/cifar/20260114184203_default_acc=53.50/tensorboard/Grad_mlp.fc2.lora_B_block_0/events.out.tfevents.1768387349.master-192-168-8-48.1680.8,mlp.fc2.lora_B,0
1768388537.2418547,2043,63.875,0.4439545273780823,Grad/mlp.fc2.lora_B,outputs_dev/vitb16/T=vtab_Q=3bit_L=lora_2_qkv-fc1-proj-fc2/cifar/20260114184203_default_acc=53.50/tensorboard/Grad_mlp.fc2.lora_B_block_0/events.out.tfevents.1768387349.master-192-168-8-48.1680.8,mlp.fc2.lora_B,0
1768388537.645481,2044,63.90625,0.16134758293628693,Grad/mlp.fc2.lora_B,outputs_dev/vitb16/T=vtab_Q=3bit_L=lora_2_qkv-fc1-proj-fc2/cifar/20260114184203_default_acc=53.50/tensorboard/Grad_mlp.fc2.lora_B_block_0/events.out.tfevents.1768387349.master-192-168-8-48.1680.8,mlp.fc2.lora_B,0
1768388538.03802,2045,63.9375,0.05420370027422905,Grad/mlp.fc2.lora_B,outputs_dev/vitb16/T=vtab_Q=3bit_L=lora_2_qkv-fc1-proj-fc2/cifar/20260114184203_default_acc=53.50/tensorboard/Grad_mlp.fc2.lora_B_block_0/events.out.tfevents.1768387349.master-192-168-8-48.1680.8,mlp.fc2.lora_B,0
1768388538.429723,2046,63.96875,0.28761401772499084,Grad/mlp.fc2.lora_B,outputs_dev/vitb16/T=vtab_Q=3bit_L=lora_2_qkv-fc1-proj-fc2/cifar/20260114184203_default_acc=53.50/tensorboard/Grad_mlp.fc2.lora_B_block_0/events.out.tfevents.1768387349.master-192-168-8-48.1680.8,mlp.fc2.lora_B,0
1768388538.5791817,2047,64.0,0.15708045661449432,Grad/mlp.fc2.lora_B,outputs_dev/vitb16/T=vtab_Q=3bit_L=lora_2_qkv-fc1-proj-fc2/cifar/20260114184203_default_acc=53.50/tensorboard/Grad_mlp.fc2.lora_B_block_0/events.out.tfevents.1768387349.master-192-168-8-48.1680.8,mlp.fc2.lora_B,0
1768388539.2337909,2048,64.03125,0.10411951690912247,Grad/mlp.fc2.lora_B,outputs_dev/vitb16/T=vtab_Q=3bit_L=lora_2_qkv-fc1-proj-fc2/cifar/20260114184203_default_acc=53.50/tensorboard/Grad_mlp.fc2.lora_B_block_0/events.out.tfevents.1768387349.master-192-168-8-48.1680.8,mlp.fc2.lora_B,0
1768388539.6190548,2049,64.0625,0.35840505361557007,Grad/mlp.fc2.lora_B,outputs_dev/vitb16/T=vtab_Q=3bit_L=lora_2_qkv-fc1-proj-fc2/cifar/20260114184203_default_acc=53.50/tensorboard/Grad_mlp.fc2.lora_B_block_0/events.out.tfevents.1768387349.master-192-168-8-48.1680.8,mlp.fc2.lora_B,0
1768388540.0147855,2050,64.09375,0.07532715797424316,Grad/mlp.fc2.lora_B,outputs_dev/vitb16/T=vtab_Q=3bit_L=lora_2_qkv-fc1-proj-fc2/cifar/20260114184203_default_acc=53.50/tensorboard/Grad_mlp.fc2.lora_B_block_0/events.out.tfevents.1768387349.master-192-168-8-48.1680.8,mlp.fc2.lora_B,0
1768388540.4109864,2051,64.125,0.07778134942054749,Grad/mlp.fc2.lora_B,outputs_dev/vitb16/T=vtab_Q=3bit_L=lora_2_qkv-fc1-proj-fc2/cifar/20260114184203_default_acc=53.50/tensorboard/Grad_mlp.fc2.lora_B_block_0/events.out.tfevents.1768387349.master-192-168-8-48.1680.8,mlp.fc2.lora_B,0
1768388540.8055103,2052,64.15625,0.2860606908798218,Grad/mlp.fc2.lora_B,outputs_dev/vitb16/T=vtab_Q=3bit_L=lora_2_qkv-fc1-proj-fc2/cifar/20260114184203_default_acc=53.50/tensorboard/Grad_mlp.fc2.lora_B_block_0/events.out.tfevents.1768387349.master-192-168-8-48.1680.8,mlp.fc2.lora_B,0
1768388541.1994493,2053,64.1875,0.21994520723819733,Grad/mlp.fc2.lora_B,outputs_dev/vitb16/T=vtab_Q=3bit_L=lora_2_qkv-fc1-proj-fc2/cifar/20260114184203_default_acc=53.50/tensorboard/Grad_mlp.fc2.lora_B_block_0/events.out.tfevents.1768387349.master-192-168-8-48.1680.8,mlp.fc2.lora_B,0
1768388541.5936587,2054,64.21875,0.2193204015493393,Grad/mlp.fc2.lora_B,outputs_dev/vitb16/T=vtab_Q=3bit_L=lora_2_qkv-fc1-proj-fc2/cifar/20260114184203_default_acc=53.50/tensorboard/Grad_mlp.fc2.lora_B_block_0/events.out.tfevents.1768387349.master-192-168-8-48.1680.8,mlp.fc2.lora_B,0
1768388541.989425,2055,64.25,0.4113721251487732,Grad/mlp.fc2.lora_B,outputs_dev/vitb16/T=vtab_Q=3bit_L=lora_2_qkv-fc1-proj-fc2/cifar/20260114184203_default_acc=53.50/tensorboard/Grad_mlp.fc2.lora_B_block_0/events.out.tfevents.1768387349.master-192-168-8-48.1680.8,mlp.fc2.lora_B,0
1768388542.3832028,2056,64.28125,0.03609009459614754,Grad/mlp.fc2.lora_B,outputs_dev/vitb16/T=vtab_Q=3bit_L=lora_2_qkv-fc1-proj-fc2/cifar/20260114184203_default_acc=53.50/tensorboard/Grad_mlp.fc2.lora_B_block_0/events.out.tfevents.1768387349.master-192-168-8-48.1680.8,mlp.fc2.lora_B,0
1768388542.779597,2057,64.3125,0.05105061084032059,Grad/mlp.fc2.lora_B,outputs_dev/vitb16/T=vtab_Q=3bit_L=lora_2_qkv-fc1-proj-fc2/cifar/20260114184203_default_acc=53.50/tensorboard/Grad_mlp.fc2.lora_B_block_0/events.out.tfevents.1768387349.master-192-168-8-48.1680.8,mlp.fc2.lora_B,0
1768388543.1723225,2058,64.34375,0.049041423946619034,Grad/mlp.fc2.lora_B,outputs_dev/vitb16/T=vtab_Q=3bit_L=lora_2_qkv-fc1-proj-fc2/cifar/20260114184203_default_acc=53.50/tensorboard/Grad_mlp.fc2.lora_B_block_0/events.out.tfevents.1768387349.master-192-168-8-48.1680.8,mlp.fc2.lora_B,0
1768388543.5664988,2059,64.375,0.062409572303295135,Grad/mlp.fc2.lora_B,outputs_dev/vitb16/T=vtab_Q=3bit_L=lora_2_qkv-fc1-proj-fc2/cifar/20260114184203_default_acc=53.50/tensorboard/Grad_mlp.fc2.lora_B_block_0/events.out.tfevents.1768387349.master-192-168-8-48.1680.8,mlp.fc2.lora_B,0
1768388543.9606378,2060,64.40625,0.05463734269142151,Grad/mlp.fc2.lora_B,outputs_dev/vitb16/T=vtab_Q=3bit_L=lora_2_qkv-fc1-proj-fc2/cifar/20260114184203_default_acc=53.50/tensorboard/Grad_mlp.fc2.lora_B_block_0/events.out.tfevents.1768387349.master-192-168-8-48.1680.8,mlp.fc2.lora_B,0
1768388544.3567379,2061,64.4375,0.047932013869285583,Grad/mlp.fc2.lora_B,outputs_dev/vitb16/T=vtab_Q=3bit_L=lora_2_qkv-fc1-proj-fc2/cifar/20260114184203_default_acc=53.50/tensorboard/Grad_mlp.fc2.lora_B_block_0/events.out.tfevents.1768387349.master-192-168-8-48.1680.8,mlp.fc2.lora_B,0
1768388544.751063,2062,64.46875,0.10462964326143265,Grad/mlp.fc2.lora_B,outputs_dev/vitb16/T=vtab_Q=3bit_L=lora_2_qkv-fc1-proj-fc2/cifar/20260114184203_default_acc=53.50/tensorboard/Grad_mlp.fc2.lora_B_block_0/events.out.tfevents.1768387349.master-192-168-8-48.1680.8,mlp.fc2.lora_B,0
1768388545.143823,2063,64.5,0.18338711559772491,Grad/mlp.fc2.lora_B,outputs_dev/vitb16/T=vtab_Q=3bit_L=lora_2_qkv-fc1-proj-fc2/cifar/20260114184203_default_acc=53.50/tensorboard/Grad_mlp.fc2.lora_B_block_0/events.out.tfevents.1768387349.master-192-168-8-48.1680.8,mlp.fc2.lora_B,0
1768388545.5378323,2064,64.53125,0.10429152101278305,Grad/mlp.fc2.lora_B,outputs_dev/vitb16/T=vtab_Q=3bit_L=lora_2_qkv-fc1-proj-fc2/cifar/20260114184203_default_acc=53.50/tensorboard/Grad_mlp.fc2.lora_B_block_0/events.out.tfevents.1768387349.master-192-168-8-48.1680.8,mlp.fc2.lora_B,0
1768388545.939544,2065,64.5625,0.11202378571033478,Grad/mlp.fc2.lora_B,outputs_dev/vitb16/T=vtab_Q=3bit_L=lora_2_qkv-fc1-proj-fc2/cifar/20260114184203_default_acc=53.50/tensorboard/Grad_mlp.fc2.lora_B_block_0/events.out.tfevents.1768387349.master-192-168-8-48.1680.8,mlp.fc2.lora_B,0
1768388546.3546774,2066,64.59375,0.1286523938179016,Grad/mlp.fc2.lora_B,outputs_dev/vitb16/T=vtab_Q=3bit_L=lora_2_qkv-fc1-proj-fc2/cifar/20260114184203_default_acc=53.50/tensorboard/Grad_mlp.fc2.lora_B_block_0/events.out.tfevents.1768387349.master-192-168-8-48.1680.8,mlp.fc2.lora_B,0
1768388546.7554595,2067,64.625,0.03078475594520569,Grad/mlp.fc2.lora_B,outputs_dev/vitb16/T=vtab_Q=3bit_L=lora_2_qkv-fc1-proj-fc2/cifar/20260114184203_default_acc=53.50/tensorboard/Grad_mlp.fc2.lora_B_block_0/events.out.tfevents.1768387349.master-192-168-8-48.1680.8,mlp.fc2.lora_B,0
1768388547.1529653,2068,64.65625,0.06625911593437195,Grad/mlp.fc2.lora_B,outputs_dev/vitb16/T=vtab_Q=3bit_L=lora_2_qkv-fc1-proj-fc2/cifar/20260114184203_default_acc=53.50/tensorboard/Grad_mlp.fc2.lora_B_block_0/events.out.tfevents.1768387349.master-192-168-8-48.1680.8,mlp.fc2.lora_B,0
1768388547.5485764,2069,64.6875,0.07803028076887131,Grad/mlp.fc2.lora_B,outputs_dev/vitb16/T=vtab_Q=3bit_L=lora_2_qkv-fc1-proj-fc2/cifar/20260114184203_default_acc=53.50/tensorboard/Grad_mlp.fc2.lora_B_block_0/events.out.tfevents.1768387349.master-192-168-8-48.1680.8,mlp.fc2.lora_B,0
1768388547.9482768,2070,64.71875,0.4821966588497162,Grad/mlp.fc2.lora_B,outputs_dev/vitb16/T=vtab_Q=3bit_L=lora_2_qkv-fc1-proj-fc2/cifar/20260114184203_default_acc=53.50/tensorboard/Grad_mlp.fc2.lora_B_block_0/events.out.tfevents.1768387349.master-192-168-8-48.1680.8,mlp.fc2.lora_B,0
1768388548.3451476,2071,64.75,0.1845169961452484,Grad/mlp.fc2.lora_B,outputs_dev/vitb16/T=vtab_Q=3bit_L=lora_2_qkv-fc1-proj-fc2/cifar/20260114184203_default_acc=53.50/tensorboard/Grad_mlp.fc2.lora_B_block_0/events.out.tfevents.1768387349.master-192-168-8-48.1680.8,mlp.fc2.lora_B,0
1768388548.7425086,2072,64.78125,0.308534175157547,Grad/mlp.fc2.lora_B,outputs_dev/vitb16/T=vtab_Q=3bit_L=lora_2_qkv-fc1-proj-fc2/cifar/20260114184203_default_acc=53.50/tensorboard/Grad_mlp.fc2.lora_B_block_0/events.out.tfevents.1768387349.master-192-168-8-48.1680.8,mlp.fc2.lora_B,0
1768388549.156828,2073,64.8125,0.16237054765224457,Grad/mlp.fc2.lora_B,outputs_dev/vitb16/T=vtab_Q=3bit_L=lora_2_qkv-fc1-proj-fc2/cifar/20260114184203_default_acc=53.50/tensorboard/Grad_mlp.fc2.lora_B_block_0/events.out.tfevents.1768387349.master-192-168-8-48.1680.8,mlp.fc2.lora_B,0
1768388549.5565991,2074,64.84375,0.1373157799243927,Grad/mlp.fc2.lora_B,outputs_dev/vitb16/T=vtab_Q=3bit_L=lora_2_qkv-fc1-proj-fc2/cifar/20260114184203_default_acc=53.50/tensorboard/Grad_mlp.fc2.lora_B_block_0/events.out.tfevents.1768387349.master-192-168-8-48.1680.8,mlp.fc2.lora_B,0
1768388549.9546824,2075,64.875,0.2101544737815857,Grad/mlp.fc2.lora_B,outputs_dev/vitb16/T=vtab_Q=3bit_L=lora_2_qkv-fc1-proj-fc2/cifar/20260114184203_default_acc=53.50/tensorboard/Grad_mlp.fc2.lora_B_block_0/events.out.tfevents.1768387349.master-192-168-8-48.1680.8,mlp.fc2.lora_B,0
1768388550.3515217,2076,64.90625,0.16181200742721558,Grad/mlp.fc2.lora_B,outputs_dev/vitb16/T=vtab_Q=3bit_L=lora_2_qkv-fc1-proj-fc2/cifar/20260114184203_default_acc=53.50/tensorboard/Grad_mlp.fc2.lora_B_block_0/events.out.tfevents.1768387349.master-192-168-8-48.1680.8,mlp.fc2.lora_B,0
1768388550.7496057,2077,64.9375,0.17532554268836975,Grad/mlp.fc2.lora_B,outputs_dev/vitb16/T=vtab_Q=3bit_L=lora_2_qkv-fc1-proj-fc2/cifar/20260114184203_default_acc=53.50/tensorboard/Grad_mlp.fc2.lora_B_block_0/events.out.tfevents.1768387349.master-192-168-8-48.1680.8,mlp.fc2.lora_B,0
1768388551.1483467,2078,64.96875,0.3604046702384949,Grad/mlp.fc2.lora_B,outputs_dev/vitb16/T=vtab_Q=3bit_L=lora_2_qkv-fc1-proj-fc2/cifar/20260114184203_default_acc=53.50/tensorboard/Grad_mlp.fc2.lora_B_block_0/events.out.tfevents.1768387349.master-192-168-8-48.1680.8,mlp.fc2.lora_B,0
1768388551.3508956,2079,65.0,0.0784800797700882,Grad/mlp.fc2.lora_B,outputs_dev/vitb16/T=vtab_Q=3bit_L=lora_2_qkv-fc1-proj-fc2/cifar/20260114184203_default_acc=53.50/tensorboard/Grad_mlp.fc2.lora_B_block_0/events.out.tfevents.1768387349.master-192-168-8-48.1680.8,mlp.fc2.lora_B,0
1768388552.1559422,2080,65.03125,0.13392218947410583,Grad/mlp.fc2.lora_B,outputs_dev/vitb16/T=vtab_Q=3bit_L=lora_2_qkv-fc1-proj-fc2/cifar/20260114184203_default_acc=53.50/tensorboard/Grad_mlp.fc2.lora_B_block_0/events.out.tfevents.1768387349.master-192-168-8-48.1680.8,mlp.fc2.lora_B,0
1768388552.5525591,2081,65.0625,0.053806714713573456,Grad/mlp.fc2.lora_B,outputs_dev/vitb16/T=vtab_Q=3bit_L=lora_2_qkv-fc1-proj-fc2/cifar/20260114184203_default_acc=53.50/tensorboard/Grad_mlp.fc2.lora_B_block_0/events.out.tfevents.1768387349.master-192-168-8-48.1680.8,mlp.fc2.lora_B,0
1768388552.9511178,2082,65.09375,0.1182447299361229,Grad/mlp.fc2.lora_B,outputs_dev/vitb16/T=vtab_Q=3bit_L=lora_2_qkv-fc1-proj-fc2/cifar/20260114184203_default_acc=53.50/tensorboard/Grad_mlp.fc2.lora_B_block_0/events.out.tfevents.1768387349.master-192-168-8-48.1680.8,mlp.fc2.lora_B,0
1768388553.3523555,2083,65.125,0.05175928398966789,Grad/mlp.fc2.lora_B,outputs_dev/vitb16/T=vtab_Q=3bit_L=lora_2_qkv-fc1-proj-fc2/cifar/20260114184203_default_acc=53.50/tensorboard/Grad_mlp.fc2.lora_B_block_0/events.out.tfevents.1768387349.master-192-168-8-48.1680.8,mlp.fc2.lora_B,0
1768388553.7479718,2084,65.15625,0.05074379965662956,Grad/mlp.fc2.lora_B,outputs_dev/vitb16/T=vtab_Q=3bit_L=lora_2_qkv-fc1-proj-fc2/cifar/20260114184203_default_acc=53.50/tensorboard/Grad_mlp.fc2.lora_B_block_0/events.out.tfevents.1768387349.master-192-168-8-48.1680.8,mlp.fc2.lora_B,0
1768388554.1586237,2085,65.1875,0.08115880936384201,Grad/mlp.fc2.lora_B,outputs_dev/vitb16/T=vtab_Q=3bit_L=lora_2_qkv-fc1-proj-fc2/cifar/20260114184203_default_acc=53.50/tensorboard/Grad_mlp.fc2.lora_B_block_0/events.out.tfevents.1768387349.master-192-168-8-48.1680.8,mlp.fc2.lora_B,0
1768388554.5552132,2086,65.21875,0.05220677703619003,Grad/mlp.fc2.lora_B,outputs_dev/vitb16/T=vtab_Q=3bit_L=lora_2_qkv-fc1-proj-fc2/cifar/20260114184203_default_acc=53.50/tensorboard/Grad_mlp.fc2.lora_B_block_0/events.out.tfevents.1768387349.master-192-168-8-48.1680.8,mlp.fc2.lora_B,0
1768388554.949531,2087,65.25,0.08719248324632645,Grad/mlp.fc2.lora_B,outputs_dev/vitb16/T=vtab_Q=3bit_L=lora_2_qkv-fc1-proj-fc2/cifar/20260114184203_default_acc=53.50/tensorboard/Grad_mlp.fc2.lora_B_block_0/events.out.tfevents.1768387349.master-192-168-8-48.1680.8,mlp.fc2.lora_B,0
1768388555.345663,2088,65.28125,0.06719370186328888,Grad/mlp.fc2.lora_B,outputs_dev/vitb16/T=vtab_Q=3bit_L=lora_2_qkv-fc1-proj-fc2/cifar/20260114184203_default_acc=53.50/tensorboard/Grad_mlp.fc2.lora_B_block_0/events.out.tfevents.1768387349.master-192-168-8-48.1680.8,mlp.fc2.lora_B,0
1768388555.7392418,2089,65.3125,0.06376305967569351,Grad/mlp.fc2.lora_B,outputs_dev/vitb16/T=vtab_Q=3bit_L=lora_2_qkv-fc1-proj-fc2/cifar/20260114184203_default_acc=53.50/tensorboard/Grad_mlp.fc2.lora_B_block_0/events.out.tfevents.1768387349.master-192-168-8-48.1680.8,mlp.fc2.lora_B,0
1768388556.1357956,2090,65.34375,0.07433579862117767,Grad/mlp.fc2.lora_B,outputs_dev/vitb16/T=vtab_Q=3bit_L=lora_2_qkv-fc1-proj-fc2/cifar/20260114184203_default_acc=53.50/tensorboard/Grad_mlp.fc2.lora_B_block_0/events.out.tfevents.1768387349.master-192-168-8-48.1680.8,mlp.fc2.lora_B,0
1768388556.5354989,2091,65.375,0.05168147012591362,Grad/mlp.fc2.lora_B,outputs_dev/vitb16/T=vtab_Q=3bit_L=lora_2_qkv-fc1-proj-fc2/cifar/20260114184203_default_acc=53.50/tensorboard/Grad_mlp.fc2.lora_B_block_0/events.out.tfevents.1768387349.master-192-168-8-48.1680.8,mlp.fc2.lora_B,0
1768388556.9309056,2092,65.40625,0.04271859675645828,Grad/mlp.fc2.lora_B,outputs_dev/vitb16/T=vtab_Q=3bit_L=lora_2_qkv-fc1-proj-fc2/cifar/20260114184203_default_acc=53.50/tensorboard/Grad_mlp.fc2.lora_B_block_0/events.out.tfevents.1768387349.master-192-168-8-48.1680.8,mlp.fc2.lora_B,0
1768388557.3272462,2093,65.4375,0.20528411865234375,Grad/mlp.fc2.lora_B,outputs_dev/vitb16/T=vtab_Q=3bit_L=lora_2_qkv-fc1-proj-fc2/cifar/20260114184203_default_acc=53.50/tensorboard/Grad_mlp.fc2.lora_B_block_0/events.out.tfevents.1768387349.master-192-168-8-48.1680.8,mlp.fc2.lora_B,0
1768388557.7217584,2094,65.46875,0.06383232772350311,Grad/mlp.fc2.lora_B,outputs_dev/vitb16/T=vtab_Q=3bit_L=lora_2_qkv-fc1-proj-fc2/cifar/20260114184203_default_acc=53.50/tensorboard/Grad_mlp.fc2.lora_B_block_0/events.out.tfevents.1768387349.master-192-168-8-48.1680.8,mlp.fc2.lora_B,0
1768388558.115037,2095,65.5,0.19116799533367157,Grad/mlp.fc2.lora_B,outputs_dev/vitb16/T=vtab_Q=3bit_L=lora_2_qkv-fc1-proj-fc2/cifar/20260114184203_default_acc=53.50/tensorboard/Grad_mlp.fc2.lora_B_block_0/events.out.tfevents.1768387349.master-192-168-8-48.1680.8,mlp.fc2.lora_B,0
1768388558.5108569,2096,65.53125,0.3530437648296356,Grad/mlp.fc2.lora_B,outputs_dev/vitb16/T=vtab_Q=3bit_L=lora_2_qkv-fc1-proj-fc2/cifar/20260114184203_default_acc=53.50/tensorboard/Grad_mlp.fc2.lora_B_block_0/events.out.tfevents.1768387349.master-192-168-8-48.1680.8,mlp.fc2.lora_B,0
1768388558.911471,2097,65.5625,0.14306952059268951,Grad/mlp.fc2.lora_B,outputs_dev/vitb16/T=vtab_Q=3bit_L=lora_2_qkv-fc1-proj-fc2/cifar/20260114184203_default_acc=53.50/tensorboard/Grad_mlp.fc2.lora_B_block_0/events.out.tfevents.1768387349.master-192-168-8-48.1680.8,mlp.fc2.lora_B,0
1768388559.31018,2098,65.59375,0.1332881897687912,Grad/mlp.fc2.lora_B,outputs_dev/vitb16/T=vtab_Q=3bit_L=lora_2_qkv-fc1-proj-fc2/cifar/20260114184203_default_acc=53.50/tensorboard/Grad_mlp.fc2.lora_B_block_0/events.out.tfevents.1768387349.master-192-168-8-48.1680.8,mlp.fc2.lora_B,0
1768388559.7228532,2099,65.625,0.07736318558454514,Grad/mlp.fc2.lora_B,outputs_dev/vitb16/T=vtab_Q=3bit_L=lora_2_qkv-fc1-proj-fc2/cifar/20260114184203_default_acc=53.50/tensorboard/Grad_mlp.fc2.lora_B_block_0/events.out.tfevents.1768387349.master-192-168-8-48.1680.8,mlp.fc2.lora_B,0
1768388560.1186342,2100,65.65625,0.15695640444755554,Grad/mlp.fc2.lora_B,outputs_dev/vitb16/T=vtab_Q=3bit_L=lora_2_qkv-fc1-proj-fc2/cifar/20260114184203_default_acc=53.50/tensorboard/Grad_mlp.fc2.lora_B_block_0/events.out.tfevents.1768387349.master-192-168-8-48.1680.8,mlp.fc2.lora_B,0
1768388560.4997628,2101,65.6875,0.047389693558216095,Grad/mlp.fc2.lora_B,outputs_dev/vitb16/T=vtab_Q=3bit_L=lora_2_qkv-fc1-proj-fc2/cifar/20260114184203_default_acc=53.50/tensorboard/Grad_mlp.fc2.lora_B_block_0/events.out.tfevents.1768387349.master-192-168-8-48.1680.8,mlp.fc2.lora_B,0
1768388560.8780878,2102,65.71875,0.07165513187646866,Grad/mlp.fc2.lora_B,outputs_dev/vitb16/T=vtab_Q=3bit_L=lora_2_qkv-fc1-proj-fc2/cifar/20260114184203_default_acc=53.50/tensorboard/Grad_mlp.fc2.lora_B_block_0/events.out.tfevents.1768387349.master-192-168-8-48.1680.8,mlp.fc2.lora_B,0
1768388561.2827454,2103,65.75,0.08508171886205673,Grad/mlp.fc2.lora_B,outputs_dev/vitb16/T=vtab_Q=3bit_L=lora_2_qkv-fc1-proj-fc2/cifar/20260114184203_default_acc=53.50/tensorboard/Grad_mlp.fc2.lora_B_block_0/events.out.tfevents.1768387349.master-192-168-8-48.1680.8,mlp.fc2.lora_B,0
1768388561.6930687,2104,65.78125,0.6022394895553589,Grad/mlp.fc2.lora_B,outputs_dev/vitb16/T=vtab_Q=3bit_L=lora_2_qkv-fc1-proj-fc2/cifar/20260114184203_default_acc=53.50/tensorboard/Grad_mlp.fc2.lora_B_block_0/events.out.tfevents.1768387349.master-192-168-8-48.1680.8,mlp.fc2.lora_B,0
1768388562.0994995,2105,65.8125,0.07337451726198196,Grad/mlp.fc2.lora_B,outputs_dev/vitb16/T=vtab_Q=3bit_L=lora_2_qkv-fc1-proj-fc2/cifar/20260114184203_default_acc=53.50/tensorboard/Grad_mlp.fc2.lora_B_block_0/events.out.tfevents.1768387349.master-192-168-8-48.1680.8,mlp.fc2.lora_B,0
1768388562.481455,2106,65.84375,0.0661618635058403,Grad/mlp.fc2.lora_B,outputs_dev/vitb16/T=vtab_Q=3bit_L=lora_2_qkv-fc1-proj-fc2/cifar/20260114184203_default_acc=53.50/tensorboard/Grad_mlp.fc2.lora_B_block_0/events.out.tfevents.1768387349.master-192-168-8-48.1680.8,mlp.fc2.lora_B,0
1768388562.8746638,2107,65.875,0.1519705355167389,Grad/mlp.fc2.lora_B,outputs_dev/vitb16/T=vtab_Q=3bit_L=lora_2_qkv-fc1-proj-fc2/cifar/20260114184203_default_acc=53.50/tensorboard/Grad_mlp.fc2.lora_B_block_0/events.out.tfevents.1768387349.master-192-168-8-48.1680.8,mlp.fc2.lora_B,0
1768388563.2648907,2108,65.90625,0.07298672944307327,Grad/mlp.fc2.lora_B,outputs_dev/vitb16/T=vtab_Q=3bit_L=lora_2_qkv-fc1-proj-fc2/cifar/20260114184203_default_acc=53.50/tensorboard/Grad_mlp.fc2.lora_B_block_0/events.out.tfevents.1768387349.master-192-168-8-48.1680.8,mlp.fc2.lora_B,0
1768388563.6581647,2109,65.9375,0.1990131437778473,Grad/mlp.fc2.lora_B,outputs_dev/vitb16/T=vtab_Q=3bit_L=lora_2_qkv-fc1-proj-fc2/cifar/20260114184203_default_acc=53.50/tensorboard/Grad_mlp.fc2.lora_B_block_0/events.out.tfevents.1768387349.master-192-168-8-48.1680.8,mlp.fc2.lora_B,0
1768388564.0483937,2110,65.96875,0.12957948446273804,Grad/mlp.fc2.lora_B,outputs_dev/vitb16/T=vtab_Q=3bit_L=lora_2_qkv-fc1-proj-fc2/cifar/20260114184203_default_acc=53.50/tensorboard/Grad_mlp.fc2.lora_B_block_0/events.out.tfevents.1768387349.master-192-168-8-48.1680.8,mlp.fc2.lora_B,0
1768388564.2378352,2111,66.0,0.0825195387005806,Grad/mlp.fc2.lora_B,outputs_dev/vitb16/T=vtab_Q=3bit_L=lora_2_qkv-fc1-proj-fc2/cifar/20260114184203_default_acc=53.50/tensorboard/Grad_mlp.fc2.lora_B_block_0/events.out.tfevents.1768387349.master-192-168-8-48.1680.8,mlp.fc2.lora_B,0
1768388564.9814477,2112,66.03125,0.055121295154094696,Grad/mlp.fc2.lora_B,outputs_dev/vitb16/T=vtab_Q=3bit_L=lora_2_qkv-fc1-proj-fc2/cifar/20260114184203_default_acc=53.50/tensorboard/Grad_mlp.fc2.lora_B_block_0/events.out.tfevents.1768387349.master-192-168-8-48.1680.8,mlp.fc2.lora_B,0
1768388565.3947933,2113,66.0625,0.17241907119750977,Grad/mlp.fc2.lora_B,outputs_dev/vitb16/T=vtab_Q=3bit_L=lora_2_qkv-fc1-proj-fc2/cifar/20260114184203_default_acc=53.50/tensorboard/Grad_mlp.fc2.lora_B_block_0/events.out.tfevents.1768387349.master-192-168-8-48.1680.8,mlp.fc2.lora_B,0
1768388565.8075979,2114,66.09375,0.48266541957855225,Grad/mlp.fc2.lora_B,outputs_dev/vitb16/T=vtab_Q=3bit_L=lora_2_qkv-fc1-proj-fc2/cifar/20260114184203_default_acc=53.50/tensorboard/Grad_mlp.fc2.lora_B_block_0/events.out.tfevents.1768387349.master-192-168-8-48.1680.8,mlp.fc2.lora_B,0
1768388566.2190273,2115,66.125,0.2406022697687149,Grad/mlp.fc2.lora_B,outputs_dev/vitb16/T=vtab_Q=3bit_L=lora_2_qkv-fc1-proj-fc2/cifar/20260114184203_default_acc=53.50/tensorboard/Grad_mlp.fc2.lora_B_block_0/events.out.tfevents.1768387349.master-192-168-8-48.1680.8,mlp.fc2.lora_B,0
1768388566.6293995,2116,66.15625,0.07121981680393219,Grad/mlp.fc2.lora_B,outputs_dev/vitb16/T=vtab_Q=3bit_L=lora_2_qkv-fc1-proj-fc2/cifar/20260114184203_default_acc=53.50/tensorboard/Grad_mlp.fc2.lora_B_block_0/events.out.tfevents.1768387349.master-192-168-8-48.1680.8,mlp.fc2.lora_B,0
1768388567.0273871,2117,66.1875,0.09016205370426178,Grad/mlp.fc2.lora_B,outputs_dev/vitb16/T=vtab_Q=3bit_L=lora_2_qkv-fc1-proj-fc2/cifar/20260114184203_default_acc=53.50/tensorboard/Grad_mlp.fc2.lora_B_block_0/events.out.tfevents.1768387349.master-192-168-8-48.1680.8,mlp.fc2.lora_B,0
1768388567.4250216,2118,66.21875,0.06978307664394379,Grad/mlp.fc2.lora_B,outputs_dev/vitb16/T=vtab_Q=3bit_L=lora_2_qkv-fc1-proj-fc2/cifar/20260114184203_default_acc=53.50/tensorboard/Grad_mlp.fc2.lora_B_block_0/events.out.tfevents.1768387349.master-192-168-8-48.1680.8,mlp.fc2.lora_B,0
1768388567.8278866,2119,66.25,0.09230148047208786,Grad/mlp.fc2.lora_B,outputs_dev/vitb16/T=vtab_Q=3bit_L=lora_2_qkv-fc1-proj-fc2/cifar/20260114184203_default_acc=53.50/tensorboard/Grad_mlp.fc2.lora_B_block_0/events.out.tfevents.1768387349.master-192-168-8-48.1680.8,mlp.fc2.lora_B,0
1768388568.2258034,2120,66.28125,0.0355941466987133,Grad/mlp.fc2.lora_B,outputs_dev/vitb16/T=vtab_Q=3bit_L=lora_2_qkv-fc1-proj-fc2/cifar/20260114184203_default_acc=53.50/tensorboard/Grad_mlp.fc2.lora_B_block_0/events.out.tfevents.1768387349.master-192-168-8-48.1680.8,mlp.fc2.lora_B,0
1768388568.6230443,2121,66.3125,0.1886724978685379,Grad/mlp.fc2.lora_B,outputs_dev/vitb16/T=vtab_Q=3bit_L=lora_2_qkv-fc1-proj-fc2/cifar/20260114184203_default_acc=53.50/tensorboard/Grad_mlp.fc2.lora_B_block_0/events.out.tfevents.1768387349.master-192-168-8-48.1680.8,mlp.fc2.lora_B,0
1768388569.0174882,2122,66.34375,1.2451008558273315,Grad/mlp.fc2.lora_B,outputs_dev/vitb16/T=vtab_Q=3bit_L=lora_2_qkv-fc1-proj-fc2/cifar/20260114184203_default_acc=53.50/tensorboard/Grad_mlp.fc2.lora_B_block_0/events.out.tfevents.1768387349.master-192-168-8-48.1680.8,mlp.fc2.lora_B,0
1768388569.4140513,2123,66.375,0.21091397106647491,Grad/mlp.fc2.lora_B,outputs_dev/vitb16/T=vtab_Q=3bit_L=lora_2_qkv-fc1-proj-fc2/cifar/20260114184203_default_acc=53.50/tensorboard/Grad_mlp.fc2.lora_B_block_0/events.out.tfevents.1768387349.master-192-168-8-48.1680.8,mlp.fc2.lora_B,0
1768388569.8109424,2124,66.40625,0.03804026544094086,Grad/mlp.fc2.lora_B,outputs_dev/vitb16/T=vtab_Q=3bit_L=lora_2_qkv-fc1-proj-fc2/cifar/20260114184203_default_acc=53.50/tensorboard/Grad_mlp.fc2.lora_B_block_0/events.out.tfevents.1768387349.master-192-168-8-48.1680.8,mlp.fc2.lora_B,0
1768388570.2096179,2125,66.4375,0.06690727174282074,Grad/mlp.fc2.lora_B,outputs_dev/vitb16/T=vtab_Q=3bit_L=lora_2_qkv-fc1-proj-fc2/cifar/20260114184203_default_acc=53.50/tensorboard/Grad_mlp.fc2.lora_B_block_0/events.out.tfevents.1768387349.master-192-168-8-48.1680.8,mlp.fc2.lora_B,0
1768388570.6038685,2126,66.46875,0.4701169431209564,Grad/mlp.fc2.lora_B,outputs_dev/vitb16/T=vtab_Q=3bit_L=lora_2_qkv-fc1-proj-fc2/cifar/20260114184203_default_acc=53.50/tensorboard/Grad_mlp.fc2.lora_B_block_0/events.out.tfevents.1768387349.master-192-168-8-48.1680.8,mlp.fc2.lora_B,0
1768388571.0012765,2127,66.5,0.1579214632511139,Grad/mlp.fc2.lora_B,outputs_dev/vitb16/T=vtab_Q=3bit_L=lora_2_qkv-fc1-proj-fc2/cifar/20260114184203_default_acc=53.50/tensorboard/Grad_mlp.fc2.lora_B_block_0/events.out.tfevents.1768387349.master-192-168-8-48.1680.8,mlp.fc2.lora_B,0
1768388571.395525,2128,66.53125,0.35277366638183594,Grad/mlp.fc2.lora_B,outputs_dev/vitb16/T=vtab_Q=3bit_L=lora_2_qkv-fc1-proj-fc2/cifar/20260114184203_default_acc=53.50/tensorboard/Grad_mlp.fc2.lora_B_block_0/events.out.tfevents.1768387349.master-192-168-8-48.1680.8,mlp.fc2.lora_B,0
1768388571.7950757,2129,66.5625,0.30086708068847656,Grad/mlp.fc2.lora_B,outputs_dev/vitb16/T=vtab_Q=3bit_L=lora_2_qkv-fc1-proj-fc2/cifar/20260114184203_default_acc=53.50/tensorboard/Grad_mlp.fc2.lora_B_block_0/events.out.tfevents.1768387349.master-192-168-8-48.1680.8,mlp.fc2.lora_B,0
1768388572.191596,2130,66.59375,0.06822165846824646,Grad/mlp.fc2.lora_B,outputs_dev/vitb16/T=vtab_Q=3bit_L=lora_2_qkv-fc1-proj-fc2/cifar/20260114184203_default_acc=53.50/tensorboard/Grad_mlp.fc2.lora_B_block_0/events.out.tfevents.1768387349.master-192-168-8-48.1680.8,mlp.fc2.lora_B,0
1768388572.5886111,2131,66.625,0.38780274987220764,Grad/mlp.fc2.lora_B,outputs_dev/vitb16/T=vtab_Q=3bit_L=lora_2_qkv-fc1-proj-fc2/cifar/20260114184203_default_acc=53.50/tensorboard/Grad_mlp.fc2.lora_B_block_0/events.out.tfevents.1768387349.master-192-168-8-48.1680.8,mlp.fc2.lora_B,0
1768388572.985346,2132,66.65625,0.14074522256851196,Grad/mlp.fc2.lora_B,outputs_dev/vitb16/T=vtab_Q=3bit_L=lora_2_qkv-fc1-proj-fc2/cifar/20260114184203_default_acc=53.50/tensorboard/Grad_mlp.fc2.lora_B_block_0/events.out.tfevents.1768387349.master-192-168-8-48.1680.8,mlp.fc2.lora_B,0
1768388573.3812768,2133,66.6875,0.2061845064163208,Grad/mlp.fc2.lora_B,outputs_dev/vitb16/T=vtab_Q=3bit_L=lora_2_qkv-fc1-proj-fc2/cifar/20260114184203_default_acc=53.50/tensorboard/Grad_mlp.fc2.lora_B_block_0/events.out.tfevents.1768387349.master-192-168-8-48.1680.8,mlp.fc2.lora_B,0
1768388573.776343,2134,66.71875,0.07182494550943375,Grad/mlp.fc2.lora_B,outputs_dev/vitb16/T=vtab_Q=3bit_L=lora_2_qkv-fc1-proj-fc2/cifar/20260114184203_default_acc=53.50/tensorboard/Grad_mlp.fc2.lora_B_block_0/events.out.tfevents.1768387349.master-192-168-8-48.1680.8,mlp.fc2.lora_B,0
1768388574.17596,2135,66.75,0.11470246315002441,Grad/mlp.fc2.lora_B,outputs_dev/vitb16/T=vtab_Q=3bit_L=lora_2_qkv-fc1-proj-fc2/cifar/20260114184203_default_acc=53.50/tensorboard/Grad_mlp.fc2.lora_B_block_0/events.out.tfevents.1768387349.master-192-168-8-48.1680.8,mlp.fc2.lora_B,0
1768388574.6034691,2136,66.78125,0.138253316283226,Grad/mlp.fc2.lora_B,outputs_dev/vitb16/T=vtab_Q=3bit_L=lora_2_qkv-fc1-proj-fc2/cifar/20260114184203_default_acc=53.50/tensorboard/Grad_mlp.fc2.lora_B_block_0/events.out.tfevents.1768387349.master-192-168-8-48.1680.8,mlp.fc2.lora_B,0
1768388574.9989552,2137,66.8125,0.11109654605388641,Grad/mlp.fc2.lora_B,outputs_dev/vitb16/T=vtab_Q=3bit_L=lora_2_qkv-fc1-proj-fc2/cifar/20260114184203_default_acc=53.50/tensorboard/Grad_mlp.fc2.lora_B_block_0/events.out.tfevents.1768387349.master-192-168-8-48.1680.8,mlp.fc2.lora_B,0
1768388575.3900864,2138,66.84375,0.08741438388824463,Grad/mlp.fc2.lora_B,outputs_dev/vitb16/T=vtab_Q=3bit_L=lora_2_qkv-fc1-proj-fc2/cifar/20260114184203_default_acc=53.50/tensorboard/Grad_mlp.fc2.lora_B_block_0/events.out.tfevents.1768387349.master-192-168-8-48.1680.8,mlp.fc2.lora_B,0
1768388575.7839386,2139,66.875,0.06515263766050339,Grad/mlp.fc2.lora_B,outputs_dev/vitb16/T=vtab_Q=3bit_L=lora_2_qkv-fc1-proj-fc2/cifar/20260114184203_default_acc=53.50/tensorboard/Grad_mlp.fc2.lora_B_block_0/events.out.tfevents.1768387349.master-192-168-8-48.1680.8,mlp.fc2.lora_B,0
1768388576.177326,2140,66.90625,0.047415364533662796,Grad/mlp.fc2.lora_B,outputs_dev/vitb16/T=vtab_Q=3bit_L=lora_2_qkv-fc1-proj-fc2/cifar/20260114184203_default_acc=53.50/tensorboard/Grad_mlp.fc2.lora_B_block_0/events.out.tfevents.1768387349.master-192-168-8-48.1680.8,mlp.fc2.lora_B,0
1768388576.568598,2141,66.9375,0.21071934700012207,Grad/mlp.fc2.lora_B,outputs_dev/vitb16/T=vtab_Q=3bit_L=lora_2_qkv-fc1-proj-fc2/cifar/20260114184203_default_acc=53.50/tensorboard/Grad_mlp.fc2.lora_B_block_0/events.out.tfevents.1768387349.master-192-168-8-48.1680.8,mlp.fc2.lora_B,0
1768388576.9622972,2142,66.96875,0.09507887810468674,Grad/mlp.fc2.lora_B,outputs_dev/vitb16/T=vtab_Q=3bit_L=lora_2_qkv-fc1-proj-fc2/cifar/20260114184203_default_acc=53.50/tensorboard/Grad_mlp.fc2.lora_B_block_0/events.out.tfevents.1768387349.master-192-168-8-48.1680.8,mlp.fc2.lora_B,0
1768388577.1141381,2143,67.0,0.08435329049825668,Grad/mlp.fc2.lora_B,outputs_dev/vitb16/T=vtab_Q=3bit_L=lora_2_qkv-fc1-proj-fc2/cifar/20260114184203_default_acc=53.50/tensorboard/Grad_mlp.fc2.lora_B_block_0/events.out.tfevents.1768387349.master-192-168-8-48.1680.8,mlp.fc2.lora_B,0
1768388577.786407,2144,67.03125,0.05504680052399635,Grad/mlp.fc2.lora_B,outputs_dev/vitb16/T=vtab_Q=3bit_L=lora_2_qkv-fc1-proj-fc2/cifar/20260114184203_default_acc=53.50/tensorboard/Grad_mlp.fc2.lora_B_block_0/events.out.tfevents.1768387349.master-192-168-8-48.1680.8,mlp.fc2.lora_B,0
1768388578.205454,2145,67.0625,0.047100648283958435,Grad/mlp.fc2.lora_B,outputs_dev/vitb16/T=vtab_Q=3bit_L=lora_2_qkv-fc1-proj-fc2/cifar/20260114184203_default_acc=53.50/tensorboard/Grad_mlp.fc2.lora_B_block_0/events.out.tfevents.1768387349.master-192-168-8-48.1680.8,mlp.fc2.lora_B,0
1768388578.6140504,2146,67.09375,0.046804122626781464,Grad/mlp.fc2.lora_B,outputs_dev/vitb16/T=vtab_Q=3bit_L=lora_2_qkv-fc1-proj-fc2/cifar/20260114184203_default_acc=53.50/tensorboard/Grad_mlp.fc2.lora_B_block_0/events.out.tfevents.1768387349.master-192-168-8-48.1680.8,mlp.fc2.lora_B,0
1768388579.007647,2147,67.125,0.12358906120061874,Grad/mlp.fc2.lora_B,outputs_dev/vitb16/T=vtab_Q=3bit_L=lora_2_qkv-fc1-proj-fc2/cifar/20260114184203_default_acc=53.50/tensorboard/Grad_mlp.fc2.lora_B_block_0/events.out.tfevents.1768387349.master-192-168-8-48.1680.8,mlp.fc2.lora_B,0
1768388579.4033885,2148,67.15625,0.15491385757923126,Grad/mlp.fc2.lora_B,outputs_dev/vitb16/T=vtab_Q=3bit_L=lora_2_qkv-fc1-proj-fc2/cifar/20260114184203_default_acc=53.50/tensorboard/Grad_mlp.fc2.lora_B_block_0/events.out.tfevents.1768387349.master-192-168-8-48.1680.8,mlp.fc2.lora_B,0
1768388579.8011656,2149,67.1875,0.07301115244626999,Grad/mlp.fc2.lora_B,outputs_dev/vitb16/T=vtab_Q=3bit_L=lora_2_qkv-fc1-proj-fc2/cifar/20260114184203_default_acc=53.50/tensorboard/Grad_mlp.fc2.lora_B_block_0/events.out.tfevents.1768387349.master-192-168-8-48.1680.8,mlp.fc2.lora_B,0
1768388580.185979,2150,67.21875,0.263291597366333,Grad/mlp.fc2.lora_B,outputs_dev/vitb16/T=vtab_Q=3bit_L=lora_2_qkv-fc1-proj-fc2/cifar/20260114184203_default_acc=53.50/tensorboard/Grad_mlp.fc2.lora_B_block_0/events.out.tfevents.1768387349.master-192-168-8-48.1680.8,mlp.fc2.lora_B,0
1768388580.5828962,2151,67.25,0.7997171878814697,Grad/mlp.fc2.lora_B,outputs_dev/vitb16/T=vtab_Q=3bit_L=lora_2_qkv-fc1-proj-fc2/cifar/20260114184203_default_acc=53.50/tensorboard/Grad_mlp.fc2.lora_B_block_0/events.out.tfevents.1768387349.master-192-168-8-48.1680.8,mlp.fc2.lora_B,0
1768388580.9801083,2152,67.28125,0.04809185862541199,Grad/mlp.fc2.lora_B,outputs_dev/vitb16/T=vtab_Q=3bit_L=lora_2_qkv-fc1-proj-fc2/cifar/20260114184203_default_acc=53.50/tensorboard/Grad_mlp.fc2.lora_B_block_0/events.out.tfevents.1768387349.master-192-168-8-48.1680.8,mlp.fc2.lora_B,0
1768388581.3884122,2153,67.3125,0.09027519822120667,Grad/mlp.fc2.lora_B,outputs_dev/vitb16/T=vtab_Q=3bit_L=lora_2_qkv-fc1-proj-fc2/cifar/20260114184203_default_acc=53.50/tensorboard/Grad_mlp.fc2.lora_B_block_0/events.out.tfevents.1768387349.master-192-168-8-48.1680.8,mlp.fc2.lora_B,0
1768388581.7711449,2154,67.34375,0.07501063495874405,Grad/mlp.fc2.lora_B,outputs_dev/vitb16/T=vtab_Q=3bit_L=lora_2_qkv-fc1-proj-fc2/cifar/20260114184203_default_acc=53.50/tensorboard/Grad_mlp.fc2.lora_B_block_0/events.out.tfevents.1768387349.master-192-168-8-48.1680.8,mlp.fc2.lora_B,0
1768388582.163382,2155,67.375,0.1647215038537979,Grad/mlp.fc2.lora_B,outputs_dev/vitb16/T=vtab_Q=3bit_L=lora_2_qkv-fc1-proj-fc2/cifar/20260114184203_default_acc=53.50/tensorboard/Grad_mlp.fc2.lora_B_block_0/events.out.tfevents.1768387349.master-192-168-8-48.1680.8,mlp.fc2.lora_B,0
1768388582.5593047,2156,67.40625,0.03654896467924118,Grad/mlp.fc2.lora_B,outputs_dev/vitb16/T=vtab_Q=3bit_L=lora_2_qkv-fc1-proj-fc2/cifar/20260114184203_default_acc=53.50/tensorboard/Grad_mlp.fc2.lora_B_block_0/events.out.tfevents.1768387349.master-192-168-8-48.1680.8,mlp.fc2.lora_B,0
1768388582.9703987,2157,67.4375,0.18049980700016022,Grad/mlp.fc2.lora_B,outputs_dev/vitb16/T=vtab_Q=3bit_L=lora_2_qkv-fc1-proj-fc2/cifar/20260114184203_default_acc=53.50/tensorboard/Grad_mlp.fc2.lora_B_block_0/events.out.tfevents.1768387349.master-192-168-8-48.1680.8,mlp.fc2.lora_B,0
1768388583.3794289,2158,67.46875,0.15080803632736206,Grad/mlp.fc2.lora_B,outputs_dev/vitb16/T=vtab_Q=3bit_L=lora_2_qkv-fc1-proj-fc2/cifar/20260114184203_default_acc=53.50/tensorboard/Grad_mlp.fc2.lora_B_block_0/events.out.tfevents.1768387349.master-192-168-8-48.1680.8,mlp.fc2.lora_B,0
1768388583.7563045,2159,67.5,0.14272640645503998,Grad/mlp.fc2.lora_B,outputs_dev/vitb16/T=vtab_Q=3bit_L=lora_2_qkv-fc1-proj-fc2/cifar/20260114184203_default_acc=53.50/tensorboard/Grad_mlp.fc2.lora_B_block_0/events.out.tfevents.1768387349.master-192-168-8-48.1680.8,mlp.fc2.lora_B,0
1768388584.1608205,2160,67.53125,0.11337538063526154,Grad/mlp.fc2.lora_B,outputs_dev/vitb16/T=vtab_Q=3bit_L=lora_2_qkv-fc1-proj-fc2/cifar/20260114184203_default_acc=53.50/tensorboard/Grad_mlp.fc2.lora_B_block_0/events.out.tfevents.1768387349.master-192-168-8-48.1680.8,mlp.fc2.lora_B,0
1768388584.5545683,2161,67.5625,0.03110138513147831,Grad/mlp.fc2.lora_B,outputs_dev/vitb16/T=vtab_Q=3bit_L=lora_2_qkv-fc1-proj-fc2/cifar/20260114184203_default_acc=53.50/tensorboard/Grad_mlp.fc2.lora_B_block_0/events.out.tfevents.1768387349.master-192-168-8-48.1680.8,mlp.fc2.lora_B,0
1768388584.9446309,2162,67.59375,0.05381407216191292,Grad/mlp.fc2.lora_B,outputs_dev/vitb16/T=vtab_Q=3bit_L=lora_2_qkv-fc1-proj-fc2/cifar/20260114184203_default_acc=53.50/tensorboard/Grad_mlp.fc2.lora_B_block_0/events.out.tfevents.1768387349.master-192-168-8-48.1680.8,mlp.fc2.lora_B,0
1768388585.3351417,2163,67.625,0.060865212231874466,Grad/mlp.fc2.lora_B,outputs_dev/vitb16/T=vtab_Q=3bit_L=lora_2_qkv-fc1-proj-fc2/cifar/20260114184203_default_acc=53.50/tensorboard/Grad_mlp.fc2.lora_B_block_0/events.out.tfevents.1768387349.master-192-168-8-48.1680.8,mlp.fc2.lora_B,0
1768388585.7267308,2164,67.65625,0.1796339601278305,Grad/mlp.fc2.lora_B,outputs_dev/vitb16/T=vtab_Q=3bit_L=lora_2_qkv-fc1-proj-fc2/cifar/20260114184203_default_acc=53.50/tensorboard/Grad_mlp.fc2.lora_B_block_0/events.out.tfevents.1768387349.master-192-168-8-48.1680.8,mlp.fc2.lora_B,0
1768388586.117239,2165,67.6875,0.05226260796189308,Grad/mlp.fc2.lora_B,outputs_dev/vitb16/T=vtab_Q=3bit_L=lora_2_qkv-fc1-proj-fc2/cifar/20260114184203_default_acc=53.50/tensorboard/Grad_mlp.fc2.lora_B_block_0/events.out.tfevents.1768387349.master-192-168-8-48.1680.8,mlp.fc2.lora_B,0
1768388586.506853,2166,67.71875,0.05291539058089256,Grad/mlp.fc2.lora_B,outputs_dev/vitb16/T=vtab_Q=3bit_L=lora_2_qkv-fc1-proj-fc2/cifar/20260114184203_default_acc=53.50/tensorboard/Grad_mlp.fc2.lora_B_block_0/events.out.tfevents.1768387349.master-192-168-8-48.1680.8,mlp.fc2.lora_B,0
1768388586.8990164,2167,67.75,0.0927809625864029,Grad/mlp.fc2.lora_B,outputs_dev/vitb16/T=vtab_Q=3bit_L=lora_2_qkv-fc1-proj-fc2/cifar/20260114184203_default_acc=53.50/tensorboard/Grad_mlp.fc2.lora_B_block_0/events.out.tfevents.1768387349.master-192-168-8-48.1680.8,mlp.fc2.lora_B,0
1768388587.287826,2168,67.78125,0.05008145794272423,Grad/mlp.fc2.lora_B,outputs_dev/vitb16/T=vtab_Q=3bit_L=lora_2_qkv-fc1-proj-fc2/cifar/20260114184203_default_acc=53.50/tensorboard/Grad_mlp.fc2.lora_B_block_0/events.out.tfevents.1768387349.master-192-168-8-48.1680.8,mlp.fc2.lora_B,0
1768388587.6783106,2169,67.8125,0.10302906483411789,Grad/mlp.fc2.lora_B,outputs_dev/vitb16/T=vtab_Q=3bit_L=lora_2_qkv-fc1-proj-fc2/cifar/20260114184203_default_acc=53.50/tensorboard/Grad_mlp.fc2.lora_B_block_0/events.out.tfevents.1768387349.master-192-168-8-48.1680.8,mlp.fc2.lora_B,0
1768388588.069772,2170,67.84375,0.053777121007442474,Grad/mlp.fc2.lora_B,outputs_dev/vitb16/T=vtab_Q=3bit_L=lora_2_qkv-fc1-proj-fc2/cifar/20260114184203_default_acc=53.50/tensorboard/Grad_mlp.fc2.lora_B_block_0/events.out.tfevents.1768387349.master-192-168-8-48.1680.8,mlp.fc2.lora_B,0
1768388588.4754832,2171,67.875,0.0449463315308094,Grad/mlp.fc2.lora_B,outputs_dev/vitb16/T=vtab_Q=3bit_L=lora_2_qkv-fc1-proj-fc2/cifar/20260114184203_default_acc=53.50/tensorboard/Grad_mlp.fc2.lora_B_block_0/events.out.tfevents.1768387349.master-192-168-8-48.1680.8,mlp.fc2.lora_B,0
1768388588.8832366,2172,67.90625,0.19228127598762512,Grad/mlp.fc2.lora_B,outputs_dev/vitb16/T=vtab_Q=3bit_L=lora_2_qkv-fc1-proj-fc2/cifar/20260114184203_default_acc=53.50/tensorboard/Grad_mlp.fc2.lora_B_block_0/events.out.tfevents.1768387349.master-192-168-8-48.1680.8,mlp.fc2.lora_B,0
1768388589.2709525,2173,67.9375,0.06958870589733124,Grad/mlp.fc2.lora_B,outputs_dev/vitb16/T=vtab_Q=3bit_L=lora_2_qkv-fc1-proj-fc2/cifar/20260114184203_default_acc=53.50/tensorboard/Grad_mlp.fc2.lora_B_block_0/events.out.tfevents.1768387349.master-192-168-8-48.1680.8,mlp.fc2.lora_B,0
1768388589.6603508,2174,67.96875,0.1088484600186348,Grad/mlp.fc2.lora_B,outputs_dev/vitb16/T=vtab_Q=3bit_L=lora_2_qkv-fc1-proj-fc2/cifar/20260114184203_default_acc=53.50/tensorboard/Grad_mlp.fc2.lora_B_block_0/events.out.tfevents.1768387349.master-192-168-8-48.1680.8,mlp.fc2.lora_B,0
1768388589.8486252,2175,68.0,0.14070071280002594,Grad/mlp.fc2.lora_B,outputs_dev/vitb16/T=vtab_Q=3bit_L=lora_2_qkv-fc1-proj-fc2/cifar/20260114184203_default_acc=53.50/tensorboard/Grad_mlp.fc2.lora_B_block_0/events.out.tfevents.1768387349.master-192-168-8-48.1680.8,mlp.fc2.lora_B,0
1768388590.5026653,2176,68.03125,0.103507861495018,Grad/mlp.fc2.lora_B,outputs_dev/vitb16/T=vtab_Q=3bit_L=lora_2_qkv-fc1-proj-fc2/cifar/20260114184203_default_acc=53.50/tensorboard/Grad_mlp.fc2.lora_B_block_0/events.out.tfevents.1768387349.master-192-168-8-48.1680.8,mlp.fc2.lora_B,0
1768388590.9272025,2177,68.0625,0.21933797001838684,Grad/mlp.fc2.lora_B,outputs_dev/vitb16/T=vtab_Q=3bit_L=lora_2_qkv-fc1-proj-fc2/cifar/20260114184203_default_acc=53.50/tensorboard/Grad_mlp.fc2.lora_B_block_0/events.out.tfevents.1768387349.master-192-168-8-48.1680.8,mlp.fc2.lora_B,0
1768388591.3377516,2178,68.09375,0.05677829310297966,Grad/mlp.fc2.lora_B,outputs_dev/vitb16/T=vtab_Q=3bit_L=lora_2_qkv-fc1-proj-fc2/cifar/20260114184203_default_acc=53.50/tensorboard/Grad_mlp.fc2.lora_B_block_0/events.out.tfevents.1768387349.master-192-168-8-48.1680.8,mlp.fc2.lora_B,0
1768388591.743261,2179,68.125,3.039504289627075,Grad/mlp.fc2.lora_B,outputs_dev/vitb16/T=vtab_Q=3bit_L=lora_2_qkv-fc1-proj-fc2/cifar/20260114184203_default_acc=53.50/tensorboard/Grad_mlp.fc2.lora_B_block_0/events.out.tfevents.1768387349.master-192-168-8-48.1680.8,mlp.fc2.lora_B,0
1768388592.149568,2180,68.15625,0.045344945043325424,Grad/mlp.fc2.lora_B,outputs_dev/vitb16/T=vtab_Q=3bit_L=lora_2_qkv-fc1-proj-fc2/cifar/20260114184203_default_acc=53.50/tensorboard/Grad_mlp.fc2.lora_B_block_0/events.out.tfevents.1768387349.master-192-168-8-48.1680.8,mlp.fc2.lora_B,0
1768388592.5813532,2181,68.1875,0.08574865758419037,Grad/mlp.fc2.lora_B,outputs_dev/vitb16/T=vtab_Q=3bit_L=lora_2_qkv-fc1-proj-fc2/cifar/20260114184203_default_acc=53.50/tensorboard/Grad_mlp.fc2.lora_B_block_0/events.out.tfevents.1768387349.master-192-168-8-48.1680.8,mlp.fc2.lora_B,0
1768388592.982107,2182,68.21875,0.10571702569723129,Grad/mlp.fc2.lora_B,outputs_dev/vitb16/T=vtab_Q=3bit_L=lora_2_qkv-fc1-proj-fc2/cifar/20260114184203_default_acc=53.50/tensorboard/Grad_mlp.fc2.lora_B_block_0/events.out.tfevents.1768387349.master-192-168-8-48.1680.8,mlp.fc2.lora_B,0
1768388593.3888192,2183,68.25,0.055144354701042175,Grad/mlp.fc2.lora_B,outputs_dev/vitb16/T=vtab_Q=3bit_L=lora_2_qkv-fc1-proj-fc2/cifar/20260114184203_default_acc=53.50/tensorboard/Grad_mlp.fc2.lora_B_block_0/events.out.tfevents.1768387349.master-192-168-8-48.1680.8,mlp.fc2.lora_B,0
1768388593.7805476,2184,68.28125,0.023517554625868797,Grad/mlp.fc2.lora_B,outputs_dev/vitb16/T=vtab_Q=3bit_L=lora_2_qkv-fc1-proj-fc2/cifar/20260114184203_default_acc=53.50/tensorboard/Grad_mlp.fc2.lora_B_block_0/events.out.tfevents.1768387349.master-192-168-8-48.1680.8,mlp.fc2.lora_B,0
1768388594.1711044,2185,68.3125,0.042537156492471695,Grad/mlp.fc2.lora_B,outputs_dev/vitb16/T=vtab_Q=3bit_L=lora_2_qkv-fc1-proj-fc2/cifar/20260114184203_default_acc=53.50/tensorboard/Grad_mlp.fc2.lora_B_block_0/events.out.tfevents.1768387349.master-192-168-8-48.1680.8,mlp.fc2.lora_B,0
1768388594.5618446,2186,68.34375,0.07682257145643234,Grad/mlp.fc2.lora_B,outputs_dev/vitb16/T=vtab_Q=3bit_L=lora_2_qkv-fc1-proj-fc2/cifar/20260114184203_default_acc=53.50/tensorboard/Grad_mlp.fc2.lora_B_block_0/events.out.tfevents.1768387349.master-192-168-8-48.1680.8,mlp.fc2.lora_B,0
1768388594.9520957,2187,68.375,0.10508725047111511,Grad/mlp.fc2.lora_B,outputs_dev/vitb16/T=vtab_Q=3bit_L=lora_2_qkv-fc1-proj-fc2/cifar/20260114184203_default_acc=53.50/tensorboard/Grad_mlp.fc2.lora_B_block_0/events.out.tfevents.1768387349.master-192-168-8-48.1680.8,mlp.fc2.lora_B,0
1768388595.346742,2188,68.40625,0.053002022206783295,Grad/mlp.fc2.lora_B,outputs_dev/vitb16/T=vtab_Q=3bit_L=lora_2_qkv-fc1-proj-fc2/cifar/20260114184203_default_acc=53.50/tensorboard/Grad_mlp.fc2.lora_B_block_0/events.out.tfevents.1768387349.master-192-168-8-48.1680.8,mlp.fc2.lora_B,0
1768388595.751928,2189,68.4375,0.14271168410778046,Grad/mlp.fc2.lora_B,outputs_dev/vitb16/T=vtab_Q=3bit_L=lora_2_qkv-fc1-proj-fc2/cifar/20260114184203_default_acc=53.50/tensorboard/Grad_mlp.fc2.lora_B_block_0/events.out.tfevents.1768387349.master-192-168-8-48.1680.8,mlp.fc2.lora_B,0
1768388596.1413367,2190,68.46875,0.8818677663803101,Grad/mlp.fc2.lora_B,outputs_dev/vitb16/T=vtab_Q=3bit_L=lora_2_qkv-fc1-proj-fc2/cifar/20260114184203_default_acc=53.50/tensorboard/Grad_mlp.fc2.lora_B_block_0/events.out.tfevents.1768387349.master-192-168-8-48.1680.8,mlp.fc2.lora_B,0
1768388596.5311975,2191,68.5,0.07198673486709595,Grad/mlp.fc2.lora_B,outputs_dev/vitb16/T=vtab_Q=3bit_L=lora_2_qkv-fc1-proj-fc2/cifar/20260114184203_default_acc=53.50/tensorboard/Grad_mlp.fc2.lora_B_block_0/events.out.tfevents.1768387349.master-192-168-8-48.1680.8,mlp.fc2.lora_B,0
1768388596.9364817,2192,68.53125,0.37739261984825134,Grad/mlp.fc2.lora_B,outputs_dev/vitb16/T=vtab_Q=3bit_L=lora_2_qkv-fc1-proj-fc2/cifar/20260114184203_default_acc=53.50/tensorboard/Grad_mlp.fc2.lora_B_block_0/events.out.tfevents.1768387349.master-192-168-8-48.1680.8,mlp.fc2.lora_B,0
1768388597.3319583,2193,68.5625,0.09748626500368118,Grad/mlp.fc2.lora_B,outputs_dev/vitb16/T=vtab_Q=3bit_L=lora_2_qkv-fc1-proj-fc2/cifar/20260114184203_default_acc=53.50/tensorboard/Grad_mlp.fc2.lora_B_block_0/events.out.tfevents.1768387349.master-192-168-8-48.1680.8,mlp.fc2.lora_B,0
1768388597.7254007,2194,68.59375,0.027581386268138885,Grad/mlp.fc2.lora_B,outputs_dev/vitb16/T=vtab_Q=3bit_L=lora_2_qkv-fc1-proj-fc2/cifar/20260114184203_default_acc=53.50/tensorboard/Grad_mlp.fc2.lora_B_block_0/events.out.tfevents.1768387349.master-192-168-8-48.1680.8,mlp.fc2.lora_B,0
1768388598.149821,2195,68.625,0.13399769365787506,Grad/mlp.fc2.lora_B,outputs_dev/vitb16/T=vtab_Q=3bit_L=lora_2_qkv-fc1-proj-fc2/cifar/20260114184203_default_acc=53.50/tensorboard/Grad_mlp.fc2.lora_B_block_0/events.out.tfevents.1768387349.master-192-168-8-48.1680.8,mlp.fc2.lora_B,0
1768388598.561589,2196,68.65625,0.10053031146526337,Grad/mlp.fc2.lora_B,outputs_dev/vitb16/T=vtab_Q=3bit_L=lora_2_qkv-fc1-proj-fc2/cifar/20260114184203_default_acc=53.50/tensorboard/Grad_mlp.fc2.lora_B_block_0/events.out.tfevents.1768387349.master-192-168-8-48.1680.8,mlp.fc2.lora_B,0
1768388598.9676976,2197,68.6875,0.09365943819284439,Grad/mlp.fc2.lora_B,outputs_dev/vitb16/T=vtab_Q=3bit_L=lora_2_qkv-fc1-proj-fc2/cifar/20260114184203_default_acc=53.50/tensorboard/Grad_mlp.fc2.lora_B_block_0/events.out.tfevents.1768387349.master-192-168-8-48.1680.8,mlp.fc2.lora_B,0
1768388599.3729784,2198,68.71875,1.7550890445709229,Grad/mlp.fc2.lora_B,outputs_dev/vitb16/T=vtab_Q=3bit_L=lora_2_qkv-fc1-proj-fc2/cifar/20260114184203_default_acc=53.50/tensorboard/Grad_mlp.fc2.lora_B_block_0/events.out.tfevents.1768387349.master-192-168-8-48.1680.8,mlp.fc2.lora_B,0
1768388599.765624,2199,68.75,0.1518389880657196,Grad/mlp.fc2.lora_B,outputs_dev/vitb16/T=vtab_Q=3bit_L=lora_2_qkv-fc1-proj-fc2/cifar/20260114184203_default_acc=53.50/tensorboard/Grad_mlp.fc2.lora_B_block_0/events.out.tfevents.1768387349.master-192-168-8-48.1680.8,mlp.fc2.lora_B,0
1768388600.1583023,2200,68.78125,0.09343022853136063,Grad/mlp.fc2.lora_B,outputs_dev/vitb16/T=vtab_Q=3bit_L=lora_2_qkv-fc1-proj-fc2/cifar/20260114184203_default_acc=53.50/tensorboard/Grad_mlp.fc2.lora_B_block_0/events.out.tfevents.1768387349.master-192-168-8-48.1680.8,mlp.fc2.lora_B,0
1768388600.5503864,2201,68.8125,0.1027664914727211,Grad/mlp.fc2.lora_B,outputs_dev/vitb16/T=vtab_Q=3bit_L=lora_2_qkv-fc1-proj-fc2/cifar/20260114184203_default_acc=53.50/tensorboard/Grad_mlp.fc2.lora_B_block_0/events.out.tfevents.1768387349.master-192-168-8-48.1680.8,mlp.fc2.lora_B,0
1768388600.9420614,2202,68.84375,0.06306213140487671,Grad/mlp.fc2.lora_B,outputs_dev/vitb16/T=vtab_Q=3bit_L=lora_2_qkv-fc1-proj-fc2/cifar/20260114184203_default_acc=53.50/tensorboard/Grad_mlp.fc2.lora_B_block_0/events.out.tfevents.1768387349.master-192-168-8-48.1680.8,mlp.fc2.lora_B,0
1768388601.334662,2203,68.875,0.183150976896286,Grad/mlp.fc2.lora_B,outputs_dev/vitb16/T=vtab_Q=3bit_L=lora_2_qkv-fc1-proj-fc2/cifar/20260114184203_default_acc=53.50/tensorboard/Grad_mlp.fc2.lora_B_block_0/events.out.tfevents.1768387349.master-192-168-8-48.1680.8,mlp.fc2.lora_B,0
1768388601.7429888,2204,68.90625,0.03511056676506996,Grad/mlp.fc2.lora_B,outputs_dev/vitb16/T=vtab_Q=3bit_L=lora_2_qkv-fc1-proj-fc2/cifar/20260114184203_default_acc=53.50/tensorboard/Grad_mlp.fc2.lora_B_block_0/events.out.tfevents.1768387349.master-192-168-8-48.1680.8,mlp.fc2.lora_B,0
1768388602.1555462,2205,68.9375,0.06598366796970367,Grad/mlp.fc2.lora_B,outputs_dev/vitb16/T=vtab_Q=3bit_L=lora_2_qkv-fc1-proj-fc2/cifar/20260114184203_default_acc=53.50/tensorboard/Grad_mlp.fc2.lora_B_block_0/events.out.tfevents.1768387349.master-192-168-8-48.1680.8,mlp.fc2.lora_B,0
1768388602.5706701,2206,68.96875,0.0838022381067276,Grad/mlp.fc2.lora_B,outputs_dev/vitb16/T=vtab_Q=3bit_L=lora_2_qkv-fc1-proj-fc2/cifar/20260114184203_default_acc=53.50/tensorboard/Grad_mlp.fc2.lora_B_block_0/events.out.tfevents.1768387349.master-192-168-8-48.1680.8,mlp.fc2.lora_B,0
1768388602.7387614,2207,69.0,0.16238504648208618,Grad/mlp.fc2.lora_B,outputs_dev/vitb16/T=vtab_Q=3bit_L=lora_2_qkv-fc1-proj-fc2/cifar/20260114184203_default_acc=53.50/tensorboard/Grad_mlp.fc2.lora_B_block_0/events.out.tfevents.1768387349.master-192-168-8-48.1680.8,mlp.fc2.lora_B,0
1768388603.4939275,2208,69.03125,0.03600294515490532,Grad/mlp.fc2.lora_B,outputs_dev/vitb16/T=vtab_Q=3bit_L=lora_2_qkv-fc1-proj-fc2/cifar/20260114184203_default_acc=53.50/tensorboard/Grad_mlp.fc2.lora_B_block_0/events.out.tfevents.1768387349.master-192-168-8-48.1680.8,mlp.fc2.lora_B,0
1768388603.9028666,2209,69.0625,0.049622420221567154,Grad/mlp.fc2.lora_B,outputs_dev/vitb16/T=vtab_Q=3bit_L=lora_2_qkv-fc1-proj-fc2/cifar/20260114184203_default_acc=53.50/tensorboard/Grad_mlp.fc2.lora_B_block_0/events.out.tfevents.1768387349.master-192-168-8-48.1680.8,mlp.fc2.lora_B,0
1768388604.2972803,2210,69.09375,0.09183624386787415,Grad/mlp.fc2.lora_B,outputs_dev/vitb16/T=vtab_Q=3bit_L=lora_2_qkv-fc1-proj-fc2/cifar/20260114184203_default_acc=53.50/tensorboard/Grad_mlp.fc2.lora_B_block_0/events.out.tfevents.1768387349.master-192-168-8-48.1680.8,mlp.fc2.lora_B,0
1768388604.6903238,2211,69.125,0.08720866590738297,Grad/mlp.fc2.lora_B,outputs_dev/vitb16/T=vtab_Q=3bit_L=lora_2_qkv-fc1-proj-fc2/cifar/20260114184203_default_acc=53.50/tensorboard/Grad_mlp.fc2.lora_B_block_0/events.out.tfevents.1768387349.master-192-168-8-48.1680.8,mlp.fc2.lora_B,0
1768388605.083068,2212,69.15625,0.04316987469792366,Grad/mlp.fc2.lora_B,outputs_dev/vitb16/T=vtab_Q=3bit_L=lora_2_qkv-fc1-proj-fc2/cifar/20260114184203_default_acc=53.50/tensorboard/Grad_mlp.fc2.lora_B_block_0/events.out.tfevents.1768387349.master-192-168-8-48.1680.8,mlp.fc2.lora_B,0
1768388605.4759114,2213,69.1875,0.5117282271385193,Grad/mlp.fc2.lora_B,outputs_dev/vitb16/T=vtab_Q=3bit_L=lora_2_qkv-fc1-proj-fc2/cifar/20260114184203_default_acc=53.50/tensorboard/Grad_mlp.fc2.lora_B_block_0/events.out.tfevents.1768387349.master-192-168-8-48.1680.8,mlp.fc2.lora_B,0
1768388605.8730936,2214,69.21875,0.6303141713142395,Grad/mlp.fc2.lora_B,outputs_dev/vitb16/T=vtab_Q=3bit_L=lora_2_qkv-fc1-proj-fc2/cifar/20260114184203_default_acc=53.50/tensorboard/Grad_mlp.fc2.lora_B_block_0/events.out.tfevents.1768387349.master-192-168-8-48.1680.8,mlp.fc2.lora_B,0
1768388606.2642982,2215,69.25,0.12266640365123749,Grad/mlp.fc2.lora_B,outputs_dev/vitb16/T=vtab_Q=3bit_L=lora_2_qkv-fc1-proj-fc2/cifar/20260114184203_default_acc=53.50/tensorboard/Grad_mlp.fc2.lora_B_block_0/events.out.tfevents.1768387349.master-192-168-8-48.1680.8,mlp.fc2.lora_B,0
1768388606.6601493,2216,69.28125,0.09602773189544678,Grad/mlp.fc2.lora_B,outputs_dev/vitb16/T=vtab_Q=3bit_L=lora_2_qkv-fc1-proj-fc2/cifar/20260114184203_default_acc=53.50/tensorboard/Grad_mlp.fc2.lora_B_block_0/events.out.tfevents.1768387349.master-192-168-8-48.1680.8,mlp.fc2.lora_B,0
1768388607.0655878,2217,69.3125,0.20790183544158936,Grad/mlp.fc2.lora_B,outputs_dev/vitb16/T=vtab_Q=3bit_L=lora_2_qkv-fc1-proj-fc2/cifar/20260114184203_default_acc=53.50/tensorboard/Grad_mlp.fc2.lora_B_block_0/events.out.tfevents.1768387349.master-192-168-8-48.1680.8,mlp.fc2.lora_B,0
1768388607.4630327,2218,69.34375,0.462444007396698,Grad/mlp.fc2.lora_B,outputs_dev/vitb16/T=vtab_Q=3bit_L=lora_2_qkv-fc1-proj-fc2/cifar/20260114184203_default_acc=53.50/tensorboard/Grad_mlp.fc2.lora_B_block_0/events.out.tfevents.1768387349.master-192-168-8-48.1680.8,mlp.fc2.lora_B,0
1768388607.848397,2219,69.375,0.7344884276390076,Grad/mlp.fc2.lora_B,outputs_dev/vitb16/T=vtab_Q=3bit_L=lora_2_qkv-fc1-proj-fc2/cifar/20260114184203_default_acc=53.50/tensorboard/Grad_mlp.fc2.lora_B_block_0/events.out.tfevents.1768387349.master-192-168-8-48.1680.8,mlp.fc2.lora_B,0
1768388608.2414827,2220,69.40625,0.06910615414381027,Grad/mlp.fc2.lora_B,outputs_dev/vitb16/T=vtab_Q=3bit_L=lora_2_qkv-fc1-proj-fc2/cifar/20260114184203_default_acc=53.50/tensorboard/Grad_mlp.fc2.lora_B_block_0/events.out.tfevents.1768387349.master-192-168-8-48.1680.8,mlp.fc2.lora_B,0
1768388608.6360128,2221,69.4375,0.1538490504026413,Grad/mlp.fc2.lora_B,outputs_dev/vitb16/T=vtab_Q=3bit_L=lora_2_qkv-fc1-proj-fc2/cifar/20260114184203_default_acc=53.50/tensorboard/Grad_mlp.fc2.lora_B_block_0/events.out.tfevents.1768387349.master-192-168-8-48.1680.8,mlp.fc2.lora_B,0
1768388609.0335598,2222,69.46875,0.0554344579577446,Grad/mlp.fc2.lora_B,outputs_dev/vitb16/T=vtab_Q=3bit_L=lora_2_qkv-fc1-proj-fc2/cifar/20260114184203_default_acc=53.50/tensorboard/Grad_mlp.fc2.lora_B_block_0/events.out.tfevents.1768387349.master-192-168-8-48.1680.8,mlp.fc2.lora_B,0
1768388609.428114,2223,69.5,0.12289076298475266,Grad/mlp.fc2.lora_B,outputs_dev/vitb16/T=vtab_Q=3bit_L=lora_2_qkv-fc1-proj-fc2/cifar/20260114184203_default_acc=53.50/tensorboard/Grad_mlp.fc2.lora_B_block_0/events.out.tfevents.1768387349.master-192-168-8-48.1680.8,mlp.fc2.lora_B,0
1768388609.8205743,2224,69.53125,0.15135832130908966,Grad/mlp.fc2.lora_B,outputs_dev/vitb16/T=vtab_Q=3bit_L=lora_2_qkv-fc1-proj-fc2/cifar/20260114184203_default_acc=53.50/tensorboard/Grad_mlp.fc2.lora_B_block_0/events.out.tfevents.1768387349.master-192-168-8-48.1680.8,mlp.fc2.lora_B,0
1768388610.21201,2225,69.5625,0.10781972110271454,Grad/mlp.fc2.lora_B,outputs_dev/vitb16/T=vtab_Q=3bit_L=lora_2_qkv-fc1-proj-fc2/cifar/20260114184203_default_acc=53.50/tensorboard/Grad_mlp.fc2.lora_B_block_0/events.out.tfevents.1768387349.master-192-168-8-48.1680.8,mlp.fc2.lora_B,0
1768388610.6060398,2226,69.59375,0.07607672363519669,Grad/mlp.fc2.lora_B,outputs_dev/vitb16/T=vtab_Q=3bit_L=lora_2_qkv-fc1-proj-fc2/cifar/20260114184203_default_acc=53.50/tensorboard/Grad_mlp.fc2.lora_B_block_0/events.out.tfevents.1768387349.master-192-168-8-48.1680.8,mlp.fc2.lora_B,0
1768388611.013485,2227,69.625,0.2409120351076126,Grad/mlp.fc2.lora_B,outputs_dev/vitb16/T=vtab_Q=3bit_L=lora_2_qkv-fc1-proj-fc2/cifar/20260114184203_default_acc=53.50/tensorboard/Grad_mlp.fc2.lora_B_block_0/events.out.tfevents.1768387349.master-192-168-8-48.1680.8,mlp.fc2.lora_B,0
1768388611.4218273,2228,69.65625,0.10016480833292007,Grad/mlp.fc2.lora_B,outputs_dev/vitb16/T=vtab_Q=3bit_L=lora_2_qkv-fc1-proj-fc2/cifar/20260114184203_default_acc=53.50/tensorboard/Grad_mlp.fc2.lora_B_block_0/events.out.tfevents.1768387349.master-192-168-8-48.1680.8,mlp.fc2.lora_B,0
1768388611.8154423,2229,69.6875,0.06864184886217117,Grad/mlp.fc2.lora_B,outputs_dev/vitb16/T=vtab_Q=3bit_L=lora_2_qkv-fc1-proj-fc2/cifar/20260114184203_default_acc=53.50/tensorboard/Grad_mlp.fc2.lora_B_block_0/events.out.tfevents.1768387349.master-192-168-8-48.1680.8,mlp.fc2.lora_B,0
1768388612.2185578,2230,69.71875,0.03170855715870857,Grad/mlp.fc2.lora_B,outputs_dev/vitb16/T=vtab_Q=3bit_L=lora_2_qkv-fc1-proj-fc2/cifar/20260114184203_default_acc=53.50/tensorboard/Grad_mlp.fc2.lora_B_block_0/events.out.tfevents.1768387349.master-192-168-8-48.1680.8,mlp.fc2.lora_B,0
1768388612.6216588,2231,69.75,0.027186835184693336,Grad/mlp.fc2.lora_B,outputs_dev/vitb16/T=vtab_Q=3bit_L=lora_2_qkv-fc1-proj-fc2/cifar/20260114184203_default_acc=53.50/tensorboard/Grad_mlp.fc2.lora_B_block_0/events.out.tfevents.1768387349.master-192-168-8-48.1680.8,mlp.fc2.lora_B,0
1768388613.0254579,2232,69.78125,0.06595921516418457,Grad/mlp.fc2.lora_B,outputs_dev/vitb16/T=vtab_Q=3bit_L=lora_2_qkv-fc1-proj-fc2/cifar/20260114184203_default_acc=53.50/tensorboard/Grad_mlp.fc2.lora_B_block_0/events.out.tfevents.1768387349.master-192-168-8-48.1680.8,mlp.fc2.lora_B,0
1768388613.4299476,2233,69.8125,0.10530734807252884,Grad/mlp.fc2.lora_B,outputs_dev/vitb16/T=vtab_Q=3bit_L=lora_2_qkv-fc1-proj-fc2/cifar/20260114184203_default_acc=53.50/tensorboard/Grad_mlp.fc2.lora_B_block_0/events.out.tfevents.1768387349.master-192-168-8-48.1680.8,mlp.fc2.lora_B,0
1768388613.837944,2234,69.84375,0.27787885069847107,Grad/mlp.fc2.lora_B,outputs_dev/vitb16/T=vtab_Q=3bit_L=lora_2_qkv-fc1-proj-fc2/cifar/20260114184203_default_acc=53.50/tensorboard/Grad_mlp.fc2.lora_B_block_0/events.out.tfevents.1768387349.master-192-168-8-48.1680.8,mlp.fc2.lora_B,0
1768388614.2318938,2235,69.875,0.14990325272083282,Grad/mlp.fc2.lora_B,outputs_dev/vitb16/T=vtab_Q=3bit_L=lora_2_qkv-fc1-proj-fc2/cifar/20260114184203_default_acc=53.50/tensorboard/Grad_mlp.fc2.lora_B_block_0/events.out.tfevents.1768387349.master-192-168-8-48.1680.8,mlp.fc2.lora_B,0
1768388614.6229775,2236,69.90625,0.13343432545661926,Grad/mlp.fc2.lora_B,outputs_dev/vitb16/T=vtab_Q=3bit_L=lora_2_qkv-fc1-proj-fc2/cifar/20260114184203_default_acc=53.50/tensorboard/Grad_mlp.fc2.lora_B_block_0/events.out.tfevents.1768387349.master-192-168-8-48.1680.8,mlp.fc2.lora_B,0
1768388615.0147336,2237,69.9375,0.06261542439460754,Grad/mlp.fc2.lora_B,outputs_dev/vitb16/T=vtab_Q=3bit_L=lora_2_qkv-fc1-proj-fc2/cifar/20260114184203_default_acc=53.50/tensorboard/Grad_mlp.fc2.lora_B_block_0/events.out.tfevents.1768387349.master-192-168-8-48.1680.8,mlp.fc2.lora_B,0
1768388615.4004,2238,69.96875,0.05902087688446045,Grad/mlp.fc2.lora_B,outputs_dev/vitb16/T=vtab_Q=3bit_L=lora_2_qkv-fc1-proj-fc2/cifar/20260114184203_default_acc=53.50/tensorboard/Grad_mlp.fc2.lora_B_block_0/events.out.tfevents.1768387349.master-192-168-8-48.1680.8,mlp.fc2.lora_B,0
1768388615.5506616,2239,70.0,0.25225281715393066,Grad/mlp.fc2.lora_B,outputs_dev/vitb16/T=vtab_Q=3bit_L=lora_2_qkv-fc1-proj-fc2/cifar/20260114184203_default_acc=53.50/tensorboard/Grad_mlp.fc2.lora_B_block_0/events.out.tfevents.1768387349.master-192-168-8-48.1680.8,mlp.fc2.lora_B,0
1768388616.2423294,2240,70.03125,0.08360472321510315,Grad/mlp.fc2.lora_B,outputs_dev/vitb16/T=vtab_Q=3bit_L=lora_2_qkv-fc1-proj-fc2/cifar/20260114184203_default_acc=53.50/tensorboard/Grad_mlp.fc2.lora_B_block_0/events.out.tfevents.1768387349.master-192-168-8-48.1680.8,mlp.fc2.lora_B,0
1768388616.6375554,2241,70.0625,0.23728697001934052,Grad/mlp.fc2.lora_B,outputs_dev/vitb16/T=vtab_Q=3bit_L=lora_2_qkv-fc1-proj-fc2/cifar/20260114184203_default_acc=53.50/tensorboard/Grad_mlp.fc2.lora_B_block_0/events.out.tfevents.1768387349.master-192-168-8-48.1680.8,mlp.fc2.lora_B,0
1768388617.0302937,2242,70.09375,0.14222165942192078,Grad/mlp.fc2.lora_B,outputs_dev/vitb16/T=vtab_Q=3bit_L=lora_2_qkv-fc1-proj-fc2/cifar/20260114184203_default_acc=53.50/tensorboard/Grad_mlp.fc2.lora_B_block_0/events.out.tfevents.1768387349.master-192-168-8-48.1680.8,mlp.fc2.lora_B,0
1768388617.4084694,2243,70.125,0.21464960277080536,Grad/mlp.fc2.lora_B,outputs_dev/vitb16/T=vtab_Q=3bit_L=lora_2_qkv-fc1-proj-fc2/cifar/20260114184203_default_acc=53.50/tensorboard/Grad_mlp.fc2.lora_B_block_0/events.out.tfevents.1768387349.master-192-168-8-48.1680.8,mlp.fc2.lora_B,0
1768388617.7995112,2244,70.15625,0.10386727750301361,Grad/mlp.fc2.lora_B,outputs_dev/vitb16/T=vtab_Q=3bit_L=lora_2_qkv-fc1-proj-fc2/cifar/20260114184203_default_acc=53.50/tensorboard/Grad_mlp.fc2.lora_B_block_0/events.out.tfevents.1768387349.master-192-168-8-48.1680.8,mlp.fc2.lora_B,0
1768388618.191941,2245,70.1875,0.04056733101606369,Grad/mlp.fc2.lora_B,outputs_dev/vitb16/T=vtab_Q=3bit_L=lora_2_qkv-fc1-proj-fc2/cifar/20260114184203_default_acc=53.50/tensorboard/Grad_mlp.fc2.lora_B_block_0/events.out.tfevents.1768387349.master-192-168-8-48.1680.8,mlp.fc2.lora_B,0
1768388618.5827982,2246,70.21875,0.0584060475230217,Grad/mlp.fc2.lora_B,outputs_dev/vitb16/T=vtab_Q=3bit_L=lora_2_qkv-fc1-proj-fc2/cifar/20260114184203_default_acc=53.50/tensorboard/Grad_mlp.fc2.lora_B_block_0/events.out.tfevents.1768387349.master-192-168-8-48.1680.8,mlp.fc2.lora_B,0
1768388618.9795053,2247,70.25,0.06750664114952087,Grad/mlp.fc2.lora_B,outputs_dev/vitb16/T=vtab_Q=3bit_L=lora_2_qkv-fc1-proj-fc2/cifar/20260114184203_default_acc=53.50/tensorboard/Grad_mlp.fc2.lora_B_block_0/events.out.tfevents.1768387349.master-192-168-8-48.1680.8,mlp.fc2.lora_B,0
1768388619.369581,2248,70.28125,0.1142575666308403,Grad/mlp.fc2.lora_B,outputs_dev/vitb16/T=vtab_Q=3bit_L=lora_2_qkv-fc1-proj-fc2/cifar/20260114184203_default_acc=53.50/tensorboard/Grad_mlp.fc2.lora_B_block_0/events.out.tfevents.1768387349.master-192-168-8-48.1680.8,mlp.fc2.lora_B,0
1768388619.7594345,2249,70.3125,0.09485114365816116,Grad/mlp.fc2.lora_B,outputs_dev/vitb16/T=vtab_Q=3bit_L=lora_2_qkv-fc1-proj-fc2/cifar/20260114184203_default_acc=53.50/tensorboard/Grad_mlp.fc2.lora_B_block_0/events.out.tfevents.1768387349.master-192-168-8-48.1680.8,mlp.fc2.lora_B,0
1768388620.15527,2250,70.34375,0.03518356382846832,Grad/mlp.fc2.lora_B,outputs_dev/vitb16/T=vtab_Q=3bit_L=lora_2_qkv-fc1-proj-fc2/cifar/20260114184203_default_acc=53.50/tensorboard/Grad_mlp.fc2.lora_B_block_0/events.out.tfevents.1768387349.master-192-168-8-48.1680.8,mlp.fc2.lora_B,0
1768388620.5489626,2251,70.375,0.07000980526208878,Grad/mlp.fc2.lora_B,outputs_dev/vitb16/T=vtab_Q=3bit_L=lora_2_qkv-fc1-proj-fc2/cifar/20260114184203_default_acc=53.50/tensorboard/Grad_mlp.fc2.lora_B_block_0/events.out.tfevents.1768387349.master-192-168-8-48.1680.8,mlp.fc2.lora_B,0
1768388620.9431462,2252,70.40625,0.04890621080994606,Grad/mlp.fc2.lora_B,outputs_dev/vitb16/T=vtab_Q=3bit_L=lora_2_qkv-fc1-proj-fc2/cifar/20260114184203_default_acc=53.50/tensorboard/Grad_mlp.fc2.lora_B_block_0/events.out.tfevents.1768387349.master-192-168-8-48.1680.8,mlp.fc2.lora_B,0
1768388621.3385427,2253,70.4375,0.0779167041182518,Grad/mlp.fc2.lora_B,outputs_dev/vitb16/T=vtab_Q=3bit_L=lora_2_qkv-fc1-proj-fc2/cifar/20260114184203_default_acc=53.50/tensorboard/Grad_mlp.fc2.lora_B_block_0/events.out.tfevents.1768387349.master-192-168-8-48.1680.8,mlp.fc2.lora_B,0
1768388621.7342794,2254,70.46875,0.059566471725702286,Grad/mlp.fc2.lora_B,outputs_dev/vitb16/T=vtab_Q=3bit_L=lora_2_qkv-fc1-proj-fc2/cifar/20260114184203_default_acc=53.50/tensorboard/Grad_mlp.fc2.lora_B_block_0/events.out.tfevents.1768387349.master-192-168-8-48.1680.8,mlp.fc2.lora_B,0
1768388622.1263976,2255,70.5,0.14649651944637299,Grad/mlp.fc2.lora_B,outputs_dev/vitb16/T=vtab_Q=3bit_L=lora_2_qkv-fc1-proj-fc2/cifar/20260114184203_default_acc=53.50/tensorboard/Grad_mlp.fc2.lora_B_block_0/events.out.tfevents.1768387349.master-192-168-8-48.1680.8,mlp.fc2.lora_B,0
1768388622.518508,2256,70.53125,0.10709914565086365,Grad/mlp.fc2.lora_B,outputs_dev/vitb16/T=vtab_Q=3bit_L=lora_2_qkv-fc1-proj-fc2/cifar/20260114184203_default_acc=53.50/tensorboard/Grad_mlp.fc2.lora_B_block_0/events.out.tfevents.1768387349.master-192-168-8-48.1680.8,mlp.fc2.lora_B,0
1768388622.9108574,2257,70.5625,0.048438794910907745,Grad/mlp.fc2.lora_B,outputs_dev/vitb16/T=vtab_Q=3bit_L=lora_2_qkv-fc1-proj-fc2/cifar/20260114184203_default_acc=53.50/tensorboard/Grad_mlp.fc2.lora_B_block_0/events.out.tfevents.1768387349.master-192-168-8-48.1680.8,mlp.fc2.lora_B,0
1768388623.2890363,2258,70.59375,0.036758385598659515,Grad/mlp.fc2.lora_B,outputs_dev/vitb16/T=vtab_Q=3bit_L=lora_2_qkv-fc1-proj-fc2/cifar/20260114184203_default_acc=53.50/tensorboard/Grad_mlp.fc2.lora_B_block_0/events.out.tfevents.1768387349.master-192-168-8-48.1680.8,mlp.fc2.lora_B,0
1768388623.6662576,2259,70.625,0.15065093338489532,Grad/mlp.fc2.lora_B,outputs_dev/vitb16/T=vtab_Q=3bit_L=lora_2_qkv-fc1-proj-fc2/cifar/20260114184203_default_acc=53.50/tensorboard/Grad_mlp.fc2.lora_B_block_0/events.out.tfevents.1768387349.master-192-168-8-48.1680.8,mlp.fc2.lora_B,0
1768388624.0411956,2260,70.65625,0.05579858273267746,Grad/mlp.fc2.lora_B,outputs_dev/vitb16/T=vtab_Q=3bit_L=lora_2_qkv-fc1-proj-fc2/cifar/20260114184203_default_acc=53.50/tensorboard/Grad_mlp.fc2.lora_B_block_0/events.out.tfevents.1768387349.master-192-168-8-48.1680.8,mlp.fc2.lora_B,0
1768388624.4385438,2261,70.6875,0.04905493184924126,Grad/mlp.fc2.lora_B,outputs_dev/vitb16/T=vtab_Q=3bit_L=lora_2_qkv-fc1-proj-fc2/cifar/20260114184203_default_acc=53.50/tensorboard/Grad_mlp.fc2.lora_B_block_0/events.out.tfevents.1768387349.master-192-168-8-48.1680.8,mlp.fc2.lora_B,0
1768388624.8309531,2262,70.71875,0.45524924993515015,Grad/mlp.fc2.lora_B,outputs_dev/vitb16/T=vtab_Q=3bit_L=lora_2_qkv-fc1-proj-fc2/cifar/20260114184203_default_acc=53.50/tensorboard/Grad_mlp.fc2.lora_B_block_0/events.out.tfevents.1768387349.master-192-168-8-48.1680.8,mlp.fc2.lora_B,0
1768388625.2217038,2263,70.75,0.3300890028476715,Grad/mlp.fc2.lora_B,outputs_dev/vitb16/T=vtab_Q=3bit_L=lora_2_qkv-fc1-proj-fc2/cifar/20260114184203_default_acc=53.50/tensorboard/Grad_mlp.fc2.lora_B_block_0/events.out.tfevents.1768387349.master-192-168-8-48.1680.8,mlp.fc2.lora_B,0
1768388625.612199,2264,70.78125,0.04239344596862793,Grad/mlp.fc2.lora_B,outputs_dev/vitb16/T=vtab_Q=3bit_L=lora_2_qkv-fc1-proj-fc2/cifar/20260114184203_default_acc=53.50/tensorboard/Grad_mlp.fc2.lora_B_block_0/events.out.tfevents.1768387349.master-192-168-8-48.1680.8,mlp.fc2.lora_B,0
1768388626.0045896,2265,70.8125,0.09113561362028122,Grad/mlp.fc2.lora_B,outputs_dev/vitb16/T=vtab_Q=3bit_L=lora_2_qkv-fc1-proj-fc2/cifar/20260114184203_default_acc=53.50/tensorboard/Grad_mlp.fc2.lora_B_block_0/events.out.tfevents.1768387349.master-192-168-8-48.1680.8,mlp.fc2.lora_B,0
1768388626.3945143,2266,70.84375,0.0425257533788681,Grad/mlp.fc2.lora_B,outputs_dev/vitb16/T=vtab_Q=3bit_L=lora_2_qkv-fc1-proj-fc2/cifar/20260114184203_default_acc=53.50/tensorboard/Grad_mlp.fc2.lora_B_block_0/events.out.tfevents.1768387349.master-192-168-8-48.1680.8,mlp.fc2.lora_B,0
1768388626.7851179,2267,70.875,0.03525019809603691,Grad/mlp.fc2.lora_B,outputs_dev/vitb16/T=vtab_Q=3bit_L=lora_2_qkv-fc1-proj-fc2/cifar/20260114184203_default_acc=53.50/tensorboard/Grad_mlp.fc2.lora_B_block_0/events.out.tfevents.1768387349.master-192-168-8-48.1680.8,mlp.fc2.lora_B,0
1768388627.1756158,2268,70.90625,0.11929508298635483,Grad/mlp.fc2.lora_B,outputs_dev/vitb16/T=vtab_Q=3bit_L=lora_2_qkv-fc1-proj-fc2/cifar/20260114184203_default_acc=53.50/tensorboard/Grad_mlp.fc2.lora_B_block_0/events.out.tfevents.1768387349.master-192-168-8-48.1680.8,mlp.fc2.lora_B,0
1768388627.5739877,2269,70.9375,0.042565613985061646,Grad/mlp.fc2.lora_B,outputs_dev/vitb16/T=vtab_Q=3bit_L=lora_2_qkv-fc1-proj-fc2/cifar/20260114184203_default_acc=53.50/tensorboard/Grad_mlp.fc2.lora_B_block_0/events.out.tfevents.1768387349.master-192-168-8-48.1680.8,mlp.fc2.lora_B,0
1768388627.9780495,2270,70.96875,0.22188055515289307,Grad/mlp.fc2.lora_B,outputs_dev/vitb16/T=vtab_Q=3bit_L=lora_2_qkv-fc1-proj-fc2/cifar/20260114184203_default_acc=53.50/tensorboard/Grad_mlp.fc2.lora_B_block_0/events.out.tfevents.1768387349.master-192-168-8-48.1680.8,mlp.fc2.lora_B,0
1768388628.1742442,2271,71.0,0.09071660786867142,Grad/mlp.fc2.lora_B,outputs_dev/vitb16/T=vtab_Q=3bit_L=lora_2_qkv-fc1-proj-fc2/cifar/20260114184203_default_acc=53.50/tensorboard/Grad_mlp.fc2.lora_B_block_0/events.out.tfevents.1768387349.master-192-168-8-48.1680.8,mlp.fc2.lora_B,0
1768388678.8661792,2272,71.03125,0.06960400193929672,Grad/mlp.fc2.lora_B,outputs_dev/vitb16/T=vtab_Q=3bit_L=lora_2_qkv-fc1-proj-fc2/cifar/20260114184203_default_acc=53.50/tensorboard/Grad_mlp.fc2.lora_B_block_0/events.out.tfevents.1768387349.master-192-168-8-48.1680.8,mlp.fc2.lora_B,0
1768388679.2618551,2273,71.0625,0.06863028556108475,Grad/mlp.fc2.lora_B,outputs_dev/vitb16/T=vtab_Q=3bit_L=lora_2_qkv-fc1-proj-fc2/cifar/20260114184203_default_acc=53.50/tensorboard/Grad_mlp.fc2.lora_B_block_0/events.out.tfevents.1768387349.master-192-168-8-48.1680.8,mlp.fc2.lora_B,0
1768388679.6548674,2274,71.09375,0.21774868667125702,Grad/mlp.fc2.lora_B,outputs_dev/vitb16/T=vtab_Q=3bit_L=lora_2_qkv-fc1-proj-fc2/cifar/20260114184203_default_acc=53.50/tensorboard/Grad_mlp.fc2.lora_B_block_0/events.out.tfevents.1768387349.master-192-168-8-48.1680.8,mlp.fc2.lora_B,0
1768388680.0594206,2275,71.125,0.11795263737440109,Grad/mlp.fc2.lora_B,outputs_dev/vitb16/T=vtab_Q=3bit_L=lora_2_qkv-fc1-proj-fc2/cifar/20260114184203_default_acc=53.50/tensorboard/Grad_mlp.fc2.lora_B_block_0/events.out.tfevents.1768387349.master-192-168-8-48.1680.8,mlp.fc2.lora_B,0
1768388680.4625127,2276,71.15625,0.08985576033592224,Grad/mlp.fc2.lora_B,outputs_dev/vitb16/T=vtab_Q=3bit_L=lora_2_qkv-fc1-proj-fc2/cifar/20260114184203_default_acc=53.50/tensorboard/Grad_mlp.fc2.lora_B_block_0/events.out.tfevents.1768387349.master-192-168-8-48.1680.8,mlp.fc2.lora_B,0
1768388680.8558054,2277,71.1875,0.08079713582992554,Grad/mlp.fc2.lora_B,outputs_dev/vitb16/T=vtab_Q=3bit_L=lora_2_qkv-fc1-proj-fc2/cifar/20260114184203_default_acc=53.50/tensorboard/Grad_mlp.fc2.lora_B_block_0/events.out.tfevents.1768387349.master-192-168-8-48.1680.8,mlp.fc2.lora_B,0
1768388681.252177,2278,71.21875,0.23302511870861053,Grad/mlp.fc2.lora_B,outputs_dev/vitb16/T=vtab_Q=3bit_L=lora_2_qkv-fc1-proj-fc2/cifar/20260114184203_default_acc=53.50/tensorboard/Grad_mlp.fc2.lora_B_block_0/events.out.tfevents.1768387349.master-192-168-8-48.1680.8,mlp.fc2.lora_B,0
1768388681.6623313,2279,71.25,0.056188639253377914,Grad/mlp.fc2.lora_B,outputs_dev/vitb16/T=vtab_Q=3bit_L=lora_2_qkv-fc1-proj-fc2/cifar/20260114184203_default_acc=53.50/tensorboard/Grad_mlp.fc2.lora_B_block_0/events.out.tfevents.1768387349.master-192-168-8-48.1680.8,mlp.fc2.lora_B,0
1768388682.056773,2280,71.28125,0.061225827783346176,Grad/mlp.fc2.lora_B,outputs_dev/vitb16/T=vtab_Q=3bit_L=lora_2_qkv-fc1-proj-fc2/cifar/20260114184203_default_acc=53.50/tensorboard/Grad_mlp.fc2.lora_B_block_0/events.out.tfevents.1768387349.master-192-168-8-48.1680.8,mlp.fc2.lora_B,0
1768388682.4493947,2281,71.3125,0.11557245999574661,Grad/mlp.fc2.lora_B,outputs_dev/vitb16/T=vtab_Q=3bit_L=lora_2_qkv-fc1-proj-fc2/cifar/20260114184203_default_acc=53.50/tensorboard/Grad_mlp.fc2.lora_B_block_0/events.out.tfevents.1768387349.master-192-168-8-48.1680.8,mlp.fc2.lora_B,0
1768388682.839776,2282,71.34375,0.18860697746276855,Grad/mlp.fc2.lora_B,outputs_dev/vitb16/T=vtab_Q=3bit_L=lora_2_qkv-fc1-proj-fc2/cifar/20260114184203_default_acc=53.50/tensorboard/Grad_mlp.fc2.lora_B_block_0/events.out.tfevents.1768387349.master-192-168-8-48.1680.8,mlp.fc2.lora_B,0
1768388683.2493181,2283,71.375,0.024293966591358185,Grad/mlp.fc2.lora_B,outputs_dev/vitb16/T=vtab_Q=3bit_L=lora_2_qkv-fc1-proj-fc2/cifar/20260114184203_default_acc=53.50/tensorboard/Grad_mlp.fc2.lora_B_block_0/events.out.tfevents.1768387349.master-192-168-8-48.1680.8,mlp.fc2.lora_B,0
1768388683.6452353,2284,71.40625,0.06445346772670746,Grad/mlp.fc2.lora_B,outputs_dev/vitb16/T=vtab_Q=3bit_L=lora_2_qkv-fc1-proj-fc2/cifar/20260114184203_default_acc=53.50/tensorboard/Grad_mlp.fc2.lora_B_block_0/events.out.tfevents.1768387349.master-192-168-8-48.1680.8,mlp.fc2.lora_B,0
1768388684.0374925,2285,71.4375,0.028408531099557877,Grad/mlp.fc2.lora_B,outputs_dev/vitb16/T=vtab_Q=3bit_L=lora_2_qkv-fc1-proj-fc2/cifar/20260114184203_default_acc=53.50/tensorboard/Grad_mlp.fc2.lora_B_block_0/events.out.tfevents.1768387349.master-192-168-8-48.1680.8,mlp.fc2.lora_B,0
1768388684.4279675,2286,71.46875,0.0506497323513031,Grad/mlp.fc2.lora_B,outputs_dev/vitb16/T=vtab_Q=3bit_L=lora_2_qkv-fc1-proj-fc2/cifar/20260114184203_default_acc=53.50/tensorboard/Grad_mlp.fc2.lora_B_block_0/events.out.tfevents.1768387349.master-192-168-8-48.1680.8,mlp.fc2.lora_B,0
1768388684.817952,2287,71.5,0.29757359623908997,Grad/mlp.fc2.lora_B,outputs_dev/vitb16/T=vtab_Q=3bit_L=lora_2_qkv-fc1-proj-fc2/cifar/20260114184203_default_acc=53.50/tensorboard/Grad_mlp.fc2.lora_B_block_0/events.out.tfevents.1768387349.master-192-168-8-48.1680.8,mlp.fc2.lora_B,0
1768388685.2092133,2288,71.53125,0.06168140098452568,Grad/mlp.fc2.lora_B,outputs_dev/vitb16/T=vtab_Q=3bit_L=lora_2_qkv-fc1-proj-fc2/cifar/20260114184203_default_acc=53.50/tensorboard/Grad_mlp.fc2.lora_B_block_0/events.out.tfevents.1768387349.master-192-168-8-48.1680.8,mlp.fc2.lora_B,0
1768388685.6019633,2289,71.5625,0.06777644157409668,Grad/mlp.fc2.lora_B,outputs_dev/vitb16/T=vtab_Q=3bit_L=lora_2_qkv-fc1-proj-fc2/cifar/20260114184203_default_acc=53.50/tensorboard/Grad_mlp.fc2.lora_B_block_0/events.out.tfevents.1768387349.master-192-168-8-48.1680.8,mlp.fc2.lora_B,0
1768388685.9961593,2290,71.59375,1.0461848974227905,Grad/mlp.fc2.lora_B,outputs_dev/vitb16/T=vtab_Q=3bit_L=lora_2_qkv-fc1-proj-fc2/cifar/20260114184203_default_acc=53.50/tensorboard/Grad_mlp.fc2.lora_B_block_0/events.out.tfevents.1768387349.master-192-168-8-48.1680.8,mlp.fc2.lora_B,0
1768388686.393687,2291,71.625,0.03727015107870102,Grad/mlp.fc2.lora_B,outputs_dev/vitb16/T=vtab_Q=3bit_L=lora_2_qkv-fc1-proj-fc2/cifar/20260114184203_default_acc=53.50/tensorboard/Grad_mlp.fc2.lora_B_block_0/events.out.tfevents.1768387349.master-192-168-8-48.1680.8,mlp.fc2.lora_B,0
1768388686.8064,2292,71.65625,0.12274254113435745,Grad/mlp.fc2.lora_B,outputs_dev/vitb16/T=vtab_Q=3bit_L=lora_2_qkv-fc1-proj-fc2/cifar/20260114184203_default_acc=53.50/tensorboard/Grad_mlp.fc2.lora_B_block_0/events.out.tfevents.1768387349.master-192-168-8-48.1680.8,mlp.fc2.lora_B,0
1768388687.2172363,2293,71.6875,0.33026885986328125,Grad/mlp.fc2.lora_B,outputs_dev/vitb16/T=vtab_Q=3bit_L=lora_2_qkv-fc1-proj-fc2/cifar/20260114184203_default_acc=53.50/tensorboard/Grad_mlp.fc2.lora_B_block_0/events.out.tfevents.1768387349.master-192-168-8-48.1680.8,mlp.fc2.lora_B,0
1768388687.6211953,2294,71.71875,0.3119680881500244,Grad/mlp.fc2.lora_B,outputs_dev/vitb16/T=vtab_Q=3bit_L=lora_2_qkv-fc1-proj-fc2/cifar/20260114184203_default_acc=53.50/tensorboard/Grad_mlp.fc2.lora_B_block_0/events.out.tfevents.1768387349.master-192-168-8-48.1680.8,mlp.fc2.lora_B,0
1768388688.0124454,2295,71.75,0.07040820270776749,Grad/mlp.fc2.lora_B,outputs_dev/vitb16/T=vtab_Q=3bit_L=lora_2_qkv-fc1-proj-fc2/cifar/20260114184203_default_acc=53.50/tensorboard/Grad_mlp.fc2.lora_B_block_0/events.out.tfevents.1768387349.master-192-168-8-48.1680.8,mlp.fc2.lora_B,0
1768388688.3903203,2296,71.78125,0.06767444312572479,Grad/mlp.fc2.lora_B,outputs_dev/vitb16/T=vtab_Q=3bit_L=lora_2_qkv-fc1-proj-fc2/cifar/20260114184203_default_acc=53.50/tensorboard/Grad_mlp.fc2.lora_B_block_0/events.out.tfevents.1768387349.master-192-168-8-48.1680.8,mlp.fc2.lora_B,0
1768388688.780488,2297,71.8125,0.08461887389421463,Grad/mlp.fc2.lora_B,outputs_dev/vitb16/T=vtab_Q=3bit_L=lora_2_qkv-fc1-proj-fc2/cifar/20260114184203_default_acc=53.50/tensorboard/Grad_mlp.fc2.lora_B_block_0/events.out.tfevents.1768387349.master-192-168-8-48.1680.8,mlp.fc2.lora_B,0
1768388689.172321,2298,71.84375,0.35874009132385254,Grad/mlp.fc2.lora_B,outputs_dev/vitb16/T=vtab_Q=3bit_L=lora_2_qkv-fc1-proj-fc2/cifar/20260114184203_default_acc=53.50/tensorboard/Grad_mlp.fc2.lora_B_block_0/events.out.tfevents.1768387349.master-192-168-8-48.1680.8,mlp.fc2.lora_B,0
1768388689.5566049,2299,71.875,0.057074371725320816,Grad/mlp.fc2.lora_B,outputs_dev/vitb16/T=vtab_Q=3bit_L=lora_2_qkv-fc1-proj-fc2/cifar/20260114184203_default_acc=53.50/tensorboard/Grad_mlp.fc2.lora_B_block_0/events.out.tfevents.1768387349.master-192-168-8-48.1680.8,mlp.fc2.lora_B,0
1768388689.9467626,2300,71.90625,0.04455200210213661,Grad/mlp.fc2.lora_B,outputs_dev/vitb16/T=vtab_Q=3bit_L=lora_2_qkv-fc1-proj-fc2/cifar/20260114184203_default_acc=53.50/tensorboard/Grad_mlp.fc2.lora_B_block_0/events.out.tfevents.1768387349.master-192-168-8-48.1680.8,mlp.fc2.lora_B,0
1768388690.3425248,2301,71.9375,0.07550549507141113,Grad/mlp.fc2.lora_B,outputs_dev/vitb16/T=vtab_Q=3bit_L=lora_2_qkv-fc1-proj-fc2/cifar/20260114184203_default_acc=53.50/tensorboard/Grad_mlp.fc2.lora_B_block_0/events.out.tfevents.1768387349.master-192-168-8-48.1680.8,mlp.fc2.lora_B,0
1768388690.7348409,2302,71.96875,0.04142531752586365,Grad/mlp.fc2.lora_B,outputs_dev/vitb16/T=vtab_Q=3bit_L=lora_2_qkv-fc1-proj-fc2/cifar/20260114184203_default_acc=53.50/tensorboard/Grad_mlp.fc2.lora_B_block_0/events.out.tfevents.1768387349.master-192-168-8-48.1680.8,mlp.fc2.lora_B,0
1768388690.9164155,2303,72.0,0.09229178726673126,Grad/mlp.fc2.lora_B,outputs_dev/vitb16/T=vtab_Q=3bit_L=lora_2_qkv-fc1-proj-fc2/cifar/20260114184203_default_acc=53.50/tensorboard/Grad_mlp.fc2.lora_B_block_0/events.out.tfevents.1768387349.master-192-168-8-48.1680.8,mlp.fc2.lora_B,0
1768388691.5343506,2304,72.03125,0.055072832852602005,Grad/mlp.fc2.lora_B,outputs_dev/vitb16/T=vtab_Q=3bit_L=lora_2_qkv-fc1-proj-fc2/cifar/20260114184203_default_acc=53.50/tensorboard/Grad_mlp.fc2.lora_B_block_0/events.out.tfevents.1768387349.master-192-168-8-48.1680.8,mlp.fc2.lora_B,0
1768388691.915966,2305,72.0625,0.4901588261127472,Grad/mlp.fc2.lora_B,outputs_dev/vitb16/T=vtab_Q=3bit_L=lora_2_qkv-fc1-proj-fc2/cifar/20260114184203_default_acc=53.50/tensorboard/Grad_mlp.fc2.lora_B_block_0/events.out.tfevents.1768387349.master-192-168-8-48.1680.8,mlp.fc2.lora_B,0
1768388692.3085437,2306,72.09375,0.17017652094364166,Grad/mlp.fc2.lora_B,outputs_dev/vitb16/T=vtab_Q=3bit_L=lora_2_qkv-fc1-proj-fc2/cifar/20260114184203_default_acc=53.50/tensorboard/Grad_mlp.fc2.lora_B_block_0/events.out.tfevents.1768387349.master-192-168-8-48.1680.8,mlp.fc2.lora_B,0
1768388692.6902087,2307,72.125,0.5250988602638245,Grad/mlp.fc2.lora_B,outputs_dev/vitb16/T=vtab_Q=3bit_L=lora_2_qkv-fc1-proj-fc2/cifar/20260114184203_default_acc=53.50/tensorboard/Grad_mlp.fc2.lora_B_block_0/events.out.tfevents.1768387349.master-192-168-8-48.1680.8,mlp.fc2.lora_B,0
1768388693.0713482,2308,72.15625,0.047444093972444534,Grad/mlp.fc2.lora_B,outputs_dev/vitb16/T=vtab_Q=3bit_L=lora_2_qkv-fc1-proj-fc2/cifar/20260114184203_default_acc=53.50/tensorboard/Grad_mlp.fc2.lora_B_block_0/events.out.tfevents.1768387349.master-192-168-8-48.1680.8,mlp.fc2.lora_B,0
1768388693.4468305,2309,72.1875,0.11383475363254547,Grad/mlp.fc2.lora_B,outputs_dev/vitb16/T=vtab_Q=3bit_L=lora_2_qkv-fc1-proj-fc2/cifar/20260114184203_default_acc=53.50/tensorboard/Grad_mlp.fc2.lora_B_block_0/events.out.tfevents.1768387349.master-192-168-8-48.1680.8,mlp.fc2.lora_B,0
1768388693.8257499,2310,72.21875,0.015039941295981407,Grad/mlp.fc2.lora_B,outputs_dev/vitb16/T=vtab_Q=3bit_L=lora_2_qkv-fc1-proj-fc2/cifar/20260114184203_default_acc=53.50/tensorboard/Grad_mlp.fc2.lora_B_block_0/events.out.tfevents.1768387349.master-192-168-8-48.1680.8,mlp.fc2.lora_B,0
1768388694.231275,2311,72.25,0.20615103840827942,Grad/mlp.fc2.lora_B,outputs_dev/vitb16/T=vtab_Q=3bit_L=lora_2_qkv-fc1-proj-fc2/cifar/20260114184203_default_acc=53.50/tensorboard/Grad_mlp.fc2.lora_B_block_0/events.out.tfevents.1768387349.master-192-168-8-48.1680.8,mlp.fc2.lora_B,0
1768388694.6324482,2312,72.28125,0.1071472316980362,Grad/mlp.fc2.lora_B,outputs_dev/vitb16/T=vtab_Q=3bit_L=lora_2_qkv-fc1-proj-fc2/cifar/20260114184203_default_acc=53.50/tensorboard/Grad_mlp.fc2.lora_B_block_0/events.out.tfevents.1768387349.master-192-168-8-48.1680.8,mlp.fc2.lora_B,0
1768388695.008474,2313,72.3125,0.11859241873025894,Grad/mlp.fc2.lora_B,outputs_dev/vitb16/T=vtab_Q=3bit_L=lora_2_qkv-fc1-proj-fc2/cifar/20260114184203_default_acc=53.50/tensorboard/Grad_mlp.fc2.lora_B_block_0/events.out.tfevents.1768387349.master-192-168-8-48.1680.8,mlp.fc2.lora_B,0
1768388695.39619,2314,72.34375,0.191633403301239,Grad/mlp.fc2.lora_B,outputs_dev/vitb16/T=vtab_Q=3bit_L=lora_2_qkv-fc1-proj-fc2/cifar/20260114184203_default_acc=53.50/tensorboard/Grad_mlp.fc2.lora_B_block_0/events.out.tfevents.1768387349.master-192-168-8-48.1680.8,mlp.fc2.lora_B,0
1768388695.7785485,2315,72.375,0.05589841306209564,Grad/mlp.fc2.lora_B,outputs_dev/vitb16/T=vtab_Q=3bit_L=lora_2_qkv-fc1-proj-fc2/cifar/20260114184203_default_acc=53.50/tensorboard/Grad_mlp.fc2.lora_B_block_0/events.out.tfevents.1768387349.master-192-168-8-48.1680.8,mlp.fc2.lora_B,0
1768388696.185326,2316,72.40625,0.1012640967965126,Grad/mlp.fc2.lora_B,outputs_dev/vitb16/T=vtab_Q=3bit_L=lora_2_qkv-fc1-proj-fc2/cifar/20260114184203_default_acc=53.50/tensorboard/Grad_mlp.fc2.lora_B_block_0/events.out.tfevents.1768387349.master-192-168-8-48.1680.8,mlp.fc2.lora_B,0
1768388696.574827,2317,72.4375,0.0508599728345871,Grad/mlp.fc2.lora_B,outputs_dev/vitb16/T=vtab_Q=3bit_L=lora_2_qkv-fc1-proj-fc2/cifar/20260114184203_default_acc=53.50/tensorboard/Grad_mlp.fc2.lora_B_block_0/events.out.tfevents.1768387349.master-192-168-8-48.1680.8,mlp.fc2.lora_B,0
1768388696.96436,2318,72.46875,1.8233062028884888,Grad/mlp.fc2.lora_B,outputs_dev/vitb16/T=vtab_Q=3bit_L=lora_2_qkv-fc1-proj-fc2/cifar/20260114184203_default_acc=53.50/tensorboard/Grad_mlp.fc2.lora_B_block_0/events.out.tfevents.1768387349.master-192-168-8-48.1680.8,mlp.fc2.lora_B,0
1768388697.3522475,2319,72.5,0.0821160078048706,Grad/mlp.fc2.lora_B,outputs_dev/vitb16/T=vtab_Q=3bit_L=lora_2_qkv-fc1-proj-fc2/cifar/20260114184203_default_acc=53.50/tensorboard/Grad_mlp.fc2.lora_B_block_0/events.out.tfevents.1768387349.master-192-168-8-48.1680.8,mlp.fc2.lora_B,0
1768388697.737072,2320,72.53125,0.2715495228767395,Grad/mlp.fc2.lora_B,outputs_dev/vitb16/T=vtab_Q=3bit_L=lora_2_qkv-fc1-proj-fc2/cifar/20260114184203_default_acc=53.50/tensorboard/Grad_mlp.fc2.lora_B_block_0/events.out.tfevents.1768387349.master-192-168-8-48.1680.8,mlp.fc2.lora_B,0
1768388698.1282115,2321,72.5625,0.05246145278215408,Grad/mlp.fc2.lora_B,outputs_dev/vitb16/T=vtab_Q=3bit_L=lora_2_qkv-fc1-proj-fc2/cifar/20260114184203_default_acc=53.50/tensorboard/Grad_mlp.fc2.lora_B_block_0/events.out.tfevents.1768387349.master-192-168-8-48.1680.8,mlp.fc2.lora_B,0
1768388698.5317047,2322,72.59375,0.05923430249094963,Grad/mlp.fc2.lora_B,outputs_dev/vitb16/T=vtab_Q=3bit_L=lora_2_qkv-fc1-proj-fc2/cifar/20260114184203_default_acc=53.50/tensorboard/Grad_mlp.fc2.lora_B_block_0/events.out.tfevents.1768387349.master-192-168-8-48.1680.8,mlp.fc2.lora_B,0
1768388698.9186425,2323,72.625,0.047696106135845184,Grad/mlp.fc2.lora_B,outputs_dev/vitb16/T=vtab_Q=3bit_L=lora_2_qkv-fc1-proj-fc2/cifar/20260114184203_default_acc=53.50/tensorboard/Grad_mlp.fc2.lora_B_block_0/events.out.tfevents.1768387349.master-192-168-8-48.1680.8,mlp.fc2.lora_B,0
1768388699.3116083,2324,72.65625,0.07789076119661331,Grad/mlp.fc2.lora_B,outputs_dev/vitb16/T=vtab_Q=3bit_L=lora_2_qkv-fc1-proj-fc2/cifar/20260114184203_default_acc=53.50/tensorboard/Grad_mlp.fc2.lora_B_block_0/events.out.tfevents.1768387349.master-192-168-8-48.1680.8,mlp.fc2.lora_B,0
1768388699.6910691,2325,72.6875,0.09751030802726746,Grad/mlp.fc2.lora_B,outputs_dev/vitb16/T=vtab_Q=3bit_L=lora_2_qkv-fc1-proj-fc2/cifar/20260114184203_default_acc=53.50/tensorboard/Grad_mlp.fc2.lora_B_block_0/events.out.tfevents.1768387349.master-192-168-8-48.1680.8,mlp.fc2.lora_B,0
1768388700.0949254,2326,72.71875,0.05735178291797638,Grad/mlp.fc2.lora_B,outputs_dev/vitb16/T=vtab_Q=3bit_L=lora_2_qkv-fc1-proj-fc2/cifar/20260114184203_default_acc=53.50/tensorboard/Grad_mlp.fc2.lora_B_block_0/events.out.tfevents.1768387349.master-192-168-8-48.1680.8,mlp.fc2.lora_B,0
1768388700.5020754,2327,72.75,0.168055921792984,Grad/mlp.fc2.lora_B,outputs_dev/vitb16/T=vtab_Q=3bit_L=lora_2_qkv-fc1-proj-fc2/cifar/20260114184203_default_acc=53.50/tensorboard/Grad_mlp.fc2.lora_B_block_0/events.out.tfevents.1768387349.master-192-168-8-48.1680.8,mlp.fc2.lora_B,0
1768388700.8925838,2328,72.78125,0.18109272420406342,Grad/mlp.fc2.lora_B,outputs_dev/vitb16/T=vtab_Q=3bit_L=lora_2_qkv-fc1-proj-fc2/cifar/20260114184203_default_acc=53.50/tensorboard/Grad_mlp.fc2.lora_B_block_0/events.out.tfevents.1768387349.master-192-168-8-48.1680.8,mlp.fc2.lora_B,0
1768388701.270795,2329,72.8125,0.0718352273106575,Grad/mlp.fc2.lora_B,outputs_dev/vitb16/T=vtab_Q=3bit_L=lora_2_qkv-fc1-proj-fc2/cifar/20260114184203_default_acc=53.50/tensorboard/Grad_mlp.fc2.lora_B_block_0/events.out.tfevents.1768387349.master-192-168-8-48.1680.8,mlp.fc2.lora_B,0
1768388701.6642492,2330,72.84375,0.3365533649921417,Grad/mlp.fc2.lora_B,outputs_dev/vitb16/T=vtab_Q=3bit_L=lora_2_qkv-fc1-proj-fc2/cifar/20260114184203_default_acc=53.50/tensorboard/Grad_mlp.fc2.lora_B_block_0/events.out.tfevents.1768387349.master-192-168-8-48.1680.8,mlp.fc2.lora_B,0
1768388702.061739,2331,72.875,0.042843304574489594,Grad/mlp.fc2.lora_B,outputs_dev/vitb16/T=vtab_Q=3bit_L=lora_2_qkv-fc1-proj-fc2/cifar/20260114184203_default_acc=53.50/tensorboard/Grad_mlp.fc2.lora_B_block_0/events.out.tfevents.1768387349.master-192-168-8-48.1680.8,mlp.fc2.lora_B,0
1768388702.4524765,2332,72.90625,0.03804590925574303,Grad/mlp.fc2.lora_B,outputs_dev/vitb16/T=vtab_Q=3bit_L=lora_2_qkv-fc1-proj-fc2/cifar/20260114184203_default_acc=53.50/tensorboard/Grad_mlp.fc2.lora_B_block_0/events.out.tfevents.1768387349.master-192-168-8-48.1680.8,mlp.fc2.lora_B,0
1768388702.842627,2333,72.9375,0.13565599918365479,Grad/mlp.fc2.lora_B,outputs_dev/vitb16/T=vtab_Q=3bit_L=lora_2_qkv-fc1-proj-fc2/cifar/20260114184203_default_acc=53.50/tensorboard/Grad_mlp.fc2.lora_B_block_0/events.out.tfevents.1768387349.master-192-168-8-48.1680.8,mlp.fc2.lora_B,0
1768388703.2352257,2334,72.96875,0.10976383835077286,Grad/mlp.fc2.lora_B,outputs_dev/vitb16/T=vtab_Q=3bit_L=lora_2_qkv-fc1-proj-fc2/cifar/20260114184203_default_acc=53.50/tensorboard/Grad_mlp.fc2.lora_B_block_0/events.out.tfevents.1768387349.master-192-168-8-48.1680.8,mlp.fc2.lora_B,0
1768388703.4289098,2335,73.0,1.063531517982483,Grad/mlp.fc2.lora_B,outputs_dev/vitb16/T=vtab_Q=3bit_L=lora_2_qkv-fc1-proj-fc2/cifar/20260114184203_default_acc=53.50/tensorboard/Grad_mlp.fc2.lora_B_block_0/events.out.tfevents.1768387349.master-192-168-8-48.1680.8,mlp.fc2.lora_B,0
1768388704.087262,2336,73.03125,0.5680104494094849,Grad/mlp.fc2.lora_B,outputs_dev/vitb16/T=vtab_Q=3bit_L=lora_2_qkv-fc1-proj-fc2/cifar/20260114184203_default_acc=53.50/tensorboard/Grad_mlp.fc2.lora_B_block_0/events.out.tfevents.1768387349.master-192-168-8-48.1680.8,mlp.fc2.lora_B,0
1768388704.5072734,2337,73.0625,0.057688988745212555,Grad/mlp.fc2.lora_B,outputs_dev/vitb16/T=vtab_Q=3bit_L=lora_2_qkv-fc1-proj-fc2/cifar/20260114184203_default_acc=53.50/tensorboard/Grad_mlp.fc2.lora_B_block_0/events.out.tfevents.1768387349.master-192-168-8-48.1680.8,mlp.fc2.lora_B,0
1768388704.9161518,2338,73.09375,0.2572147250175476,Grad/mlp.fc2.lora_B,outputs_dev/vitb16/T=vtab_Q=3bit_L=lora_2_qkv-fc1-proj-fc2/cifar/20260114184203_default_acc=53.50/tensorboard/Grad_mlp.fc2.lora_B_block_0/events.out.tfevents.1768387349.master-192-168-8-48.1680.8,mlp.fc2.lora_B,0
1768388705.3064356,2339,73.125,0.03378840535879135,Grad/mlp.fc2.lora_B,outputs_dev/vitb16/T=vtab_Q=3bit_L=lora_2_qkv-fc1-proj-fc2/cifar/20260114184203_default_acc=53.50/tensorboard/Grad_mlp.fc2.lora_B_block_0/events.out.tfevents.1768387349.master-192-168-8-48.1680.8,mlp.fc2.lora_B,0
1768388705.6950562,2340,73.15625,0.10945882648229599,Grad/mlp.fc2.lora_B,outputs_dev/vitb16/T=vtab_Q=3bit_L=lora_2_qkv-fc1-proj-fc2/cifar/20260114184203_default_acc=53.50/tensorboard/Grad_mlp.fc2.lora_B_block_0/events.out.tfevents.1768387349.master-192-168-8-48.1680.8,mlp.fc2.lora_B,0
1768388706.0975752,2341,73.1875,0.2098609209060669,Grad/mlp.fc2.lora_B,outputs_dev/vitb16/T=vtab_Q=3bit_L=lora_2_qkv-fc1-proj-fc2/cifar/20260114184203_default_acc=53.50/tensorboard/Grad_mlp.fc2.lora_B_block_0/events.out.tfevents.1768387349.master-192-168-8-48.1680.8,mlp.fc2.lora_B,0
1768388706.4751513,2342,73.21875,0.02575984224677086,Grad/mlp.fc2.lora_B,outputs_dev/vitb16/T=vtab_Q=3bit_L=lora_2_qkv-fc1-proj-fc2/cifar/20260114184203_default_acc=53.50/tensorboard/Grad_mlp.fc2.lora_B_block_0/events.out.tfevents.1768387349.master-192-168-8-48.1680.8,mlp.fc2.lora_B,0
1768388706.877982,2343,73.25,0.060784924775362015,Grad/mlp.fc2.lora_B,outputs_dev/vitb16/T=vtab_Q=3bit_L=lora_2_qkv-fc1-proj-fc2/cifar/20260114184203_default_acc=53.50/tensorboard/Grad_mlp.fc2.lora_B_block_0/events.out.tfevents.1768387349.master-192-168-8-48.1680.8,mlp.fc2.lora_B,0
1768388707.2751336,2344,73.28125,0.0475868359208107,Grad/mlp.fc2.lora_B,outputs_dev/vitb16/T=vtab_Q=3bit_L=lora_2_qkv-fc1-proj-fc2/cifar/20260114184203_default_acc=53.50/tensorboard/Grad_mlp.fc2.lora_B_block_0/events.out.tfevents.1768387349.master-192-168-8-48.1680.8,mlp.fc2.lora_B,0
1768388707.6661315,2345,73.3125,0.03133416920900345,Grad/mlp.fc2.lora_B,outputs_dev/vitb16/T=vtab_Q=3bit_L=lora_2_qkv-fc1-proj-fc2/cifar/20260114184203_default_acc=53.50/tensorboard/Grad_mlp.fc2.lora_B_block_0/events.out.tfevents.1768387349.master-192-168-8-48.1680.8,mlp.fc2.lora_B,0
1768388708.0502539,2346,73.34375,0.17050476372241974,Grad/mlp.fc2.lora_B,outputs_dev/vitb16/T=vtab_Q=3bit_L=lora_2_qkv-fc1-proj-fc2/cifar/20260114184203_default_acc=53.50/tensorboard/Grad_mlp.fc2.lora_B_block_0/events.out.tfevents.1768387349.master-192-168-8-48.1680.8,mlp.fc2.lora_B,0
1768388708.436124,2347,73.375,0.0675572007894516,Grad/mlp.fc2.lora_B,outputs_dev/vitb16/T=vtab_Q=3bit_L=lora_2_qkv-fc1-proj-fc2/cifar/20260114184203_default_acc=53.50/tensorboard/Grad_mlp.fc2.lora_B_block_0/events.out.tfevents.1768387349.master-192-168-8-48.1680.8,mlp.fc2.lora_B,0
1768388708.838944,2348,73.40625,0.05383467674255371,Grad/mlp.fc2.lora_B,outputs_dev/vitb16/T=vtab_Q=3bit_L=lora_2_qkv-fc1-proj-fc2/cifar/20260114184203_default_acc=53.50/tensorboard/Grad_mlp.fc2.lora_B_block_0/events.out.tfevents.1768387349.master-192-168-8-48.1680.8,mlp.fc2.lora_B,0
1768388709.2393177,2349,73.4375,0.04459385201334953,Grad/mlp.fc2.lora_B,outputs_dev/vitb16/T=vtab_Q=3bit_L=lora_2_qkv-fc1-proj-fc2/cifar/20260114184203_default_acc=53.50/tensorboard/Grad_mlp.fc2.lora_B_block_0/events.out.tfevents.1768387349.master-192-168-8-48.1680.8,mlp.fc2.lora_B,0
1768388709.6171124,2350,73.46875,0.08913879096508026,Grad/mlp.fc2.lora_B,outputs_dev/vitb16/T=vtab_Q=3bit_L=lora_2_qkv-fc1-proj-fc2/cifar/20260114184203_default_acc=53.50/tensorboard/Grad_mlp.fc2.lora_B_block_0/events.out.tfevents.1768387349.master-192-168-8-48.1680.8,mlp.fc2.lora_B,0
1768388709.9968789,2351,73.5,0.05122905597090721,Grad/mlp.fc2.lora_B,outputs_dev/vitb16/T=vtab_Q=3bit_L=lora_2_qkv-fc1-proj-fc2/cifar/20260114184203_default_acc=53.50/tensorboard/Grad_mlp.fc2.lora_B_block_0/events.out.tfevents.1768387349.master-192-168-8-48.1680.8,mlp.fc2.lora_B,0
1768388710.3981714,2352,73.53125,0.11899986118078232,Grad/mlp.fc2.lora_B,outputs_dev/vitb16/T=vtab_Q=3bit_L=lora_2_qkv-fc1-proj-fc2/cifar/20260114184203_default_acc=53.50/tensorboard/Grad_mlp.fc2.lora_B_block_0/events.out.tfevents.1768387349.master-192-168-8-48.1680.8,mlp.fc2.lora_B,0
1768388710.7989795,2353,73.5625,0.05049492418766022,Grad/mlp.fc2.lora_B,outputs_dev/vitb16/T=vtab_Q=3bit_L=lora_2_qkv-fc1-proj-fc2/cifar/20260114184203_default_acc=53.50/tensorboard/Grad_mlp.fc2.lora_B_block_0/events.out.tfevents.1768387349.master-192-168-8-48.1680.8,mlp.fc2.lora_B,0
1768388711.1830602,2354,73.59375,0.3472646176815033,Grad/mlp.fc2.lora_B,outputs_dev/vitb16/T=vtab_Q=3bit_L=lora_2_qkv-fc1-proj-fc2/cifar/20260114184203_default_acc=53.50/tensorboard/Grad_mlp.fc2.lora_B_block_0/events.out.tfevents.1768387349.master-192-168-8-48.1680.8,mlp.fc2.lora_B,0
1768388711.5744336,2355,73.625,0.17291668057441711,Grad/mlp.fc2.lora_B,outputs_dev/vitb16/T=vtab_Q=3bit_L=lora_2_qkv-fc1-proj-fc2/cifar/20260114184203_default_acc=53.50/tensorboard/Grad_mlp.fc2.lora_B_block_0/events.out.tfevents.1768387349.master-192-168-8-48.1680.8,mlp.fc2.lora_B,0
1768388711.9551349,2356,73.65625,0.023734616115689278,Grad/mlp.fc2.lora_B,outputs_dev/vitb16/T=vtab_Q=3bit_L=lora_2_qkv-fc1-proj-fc2/cifar/20260114184203_default_acc=53.50/tensorboard/Grad_mlp.fc2.lora_B_block_0/events.out.tfevents.1768387349.master-192-168-8-48.1680.8,mlp.fc2.lora_B,0
1768388712.341677,2357,73.6875,0.06861573457717896,Grad/mlp.fc2.lora_B,outputs_dev/vitb16/T=vtab_Q=3bit_L=lora_2_qkv-fc1-proj-fc2/cifar/20260114184203_default_acc=53.50/tensorboard/Grad_mlp.fc2.lora_B_block_0/events.out.tfevents.1768387349.master-192-168-8-48.1680.8,mlp.fc2.lora_B,0
1768388712.7313764,2358,73.71875,0.047600455582141876,Grad/mlp.fc2.lora_B,outputs_dev/vitb16/T=vtab_Q=3bit_L=lora_2_qkv-fc1-proj-fc2/cifar/20260114184203_default_acc=53.50/tensorboard/Grad_mlp.fc2.lora_B_block_0/events.out.tfevents.1768387349.master-192-168-8-48.1680.8,mlp.fc2.lora_B,0
1768388713.1221635,2359,73.75,0.07887807488441467,Grad/mlp.fc2.lora_B,outputs_dev/vitb16/T=vtab_Q=3bit_L=lora_2_qkv-fc1-proj-fc2/cifar/20260114184203_default_acc=53.50/tensorboard/Grad_mlp.fc2.lora_B_block_0/events.out.tfevents.1768387349.master-192-168-8-48.1680.8,mlp.fc2.lora_B,0
1768388713.5127554,2360,73.78125,0.23556320369243622,Grad/mlp.fc2.lora_B,outputs_dev/vitb16/T=vtab_Q=3bit_L=lora_2_qkv-fc1-proj-fc2/cifar/20260114184203_default_acc=53.50/tensorboard/Grad_mlp.fc2.lora_B_block_0/events.out.tfevents.1768387349.master-192-168-8-48.1680.8,mlp.fc2.lora_B,0
1768388713.9067266,2361,73.8125,0.12576831877231598,Grad/mlp.fc2.lora_B,outputs_dev/vitb16/T=vtab_Q=3bit_L=lora_2_qkv-fc1-proj-fc2/cifar/20260114184203_default_acc=53.50/tensorboard/Grad_mlp.fc2.lora_B_block_0/events.out.tfevents.1768387349.master-192-168-8-48.1680.8,mlp.fc2.lora_B,0
1768388714.2977154,2362,73.84375,0.02878950722515583,Grad/mlp.fc2.lora_B,outputs_dev/vitb16/T=vtab_Q=3bit_L=lora_2_qkv-fc1-proj-fc2/cifar/20260114184203_default_acc=53.50/tensorboard/Grad_mlp.fc2.lora_B_block_0/events.out.tfevents.1768387349.master-192-168-8-48.1680.8,mlp.fc2.lora_B,0
1768388714.6902835,2363,73.875,0.10788989067077637,Grad/mlp.fc2.lora_B,outputs_dev/vitb16/T=vtab_Q=3bit_L=lora_2_qkv-fc1-proj-fc2/cifar/20260114184203_default_acc=53.50/tensorboard/Grad_mlp.fc2.lora_B_block_0/events.out.tfevents.1768387349.master-192-168-8-48.1680.8,mlp.fc2.lora_B,0
1768388715.0917292,2364,73.90625,0.4213021993637085,Grad/mlp.fc2.lora_B,outputs_dev/vitb16/T=vtab_Q=3bit_L=lora_2_qkv-fc1-proj-fc2/cifar/20260114184203_default_acc=53.50/tensorboard/Grad_mlp.fc2.lora_B_block_0/events.out.tfevents.1768387349.master-192-168-8-48.1680.8,mlp.fc2.lora_B,0
1768388715.4813175,2365,73.9375,0.021561069414019585,Grad/mlp.fc2.lora_B,outputs_dev/vitb16/T=vtab_Q=3bit_L=lora_2_qkv-fc1-proj-fc2/cifar/20260114184203_default_acc=53.50/tensorboard/Grad_mlp.fc2.lora_B_block_0/events.out.tfevents.1768387349.master-192-168-8-48.1680.8,mlp.fc2.lora_B,0
1768388715.8680367,2366,73.96875,0.16211941838264465,Grad/mlp.fc2.lora_B,outputs_dev/vitb16/T=vtab_Q=3bit_L=lora_2_qkv-fc1-proj-fc2/cifar/20260114184203_default_acc=53.50/tensorboard/Grad_mlp.fc2.lora_B_block_0/events.out.tfevents.1768387349.master-192-168-8-48.1680.8,mlp.fc2.lora_B,0
1768388716.05731,2367,74.0,0.33883556723594666,Grad/mlp.fc2.lora_B,outputs_dev/vitb16/T=vtab_Q=3bit_L=lora_2_qkv-fc1-proj-fc2/cifar/20260114184203_default_acc=53.50/tensorboard/Grad_mlp.fc2.lora_B_block_0/events.out.tfevents.1768387349.master-192-168-8-48.1680.8,mlp.fc2.lora_B,0
1768388716.6768854,2368,74.03125,0.1931486576795578,Grad/mlp.fc2.lora_B,outputs_dev/vitb16/T=vtab_Q=3bit_L=lora_2_qkv-fc1-proj-fc2/cifar/20260114184203_default_acc=53.50/tensorboard/Grad_mlp.fc2.lora_B_block_0/events.out.tfevents.1768387349.master-192-168-8-48.1680.8,mlp.fc2.lora_B,0
1768388717.0968437,2369,74.0625,0.09004925191402435,Grad/mlp.fc2.lora_B,outputs_dev/vitb16/T=vtab_Q=3bit_L=lora_2_qkv-fc1-proj-fc2/cifar/20260114184203_default_acc=53.50/tensorboard/Grad_mlp.fc2.lora_B_block_0/events.out.tfevents.1768387349.master-192-168-8-48.1680.8,mlp.fc2.lora_B,0
1768388717.4900546,2370,74.09375,0.19350484013557434,Grad/mlp.fc2.lora_B,outputs_dev/vitb16/T=vtab_Q=3bit_L=lora_2_qkv-fc1-proj-fc2/cifar/20260114184203_default_acc=53.50/tensorboard/Grad_mlp.fc2.lora_B_block_0/events.out.tfevents.1768387349.master-192-168-8-48.1680.8,mlp.fc2.lora_B,0
1768388717.896826,2371,74.125,0.4085370898246765,Grad/mlp.fc2.lora_B,outputs_dev/vitb16/T=vtab_Q=3bit_L=lora_2_qkv-fc1-proj-fc2/cifar/20260114184203_default_acc=53.50/tensorboard/Grad_mlp.fc2.lora_B_block_0/events.out.tfevents.1768387349.master-192-168-8-48.1680.8,mlp.fc2.lora_B,0
1768388718.3029447,2372,74.15625,0.040447577834129333,Grad/mlp.fc2.lora_B,outputs_dev/vitb16/T=vtab_Q=3bit_L=lora_2_qkv-fc1-proj-fc2/cifar/20260114184203_default_acc=53.50/tensorboard/Grad_mlp.fc2.lora_B_block_0/events.out.tfevents.1768387349.master-192-168-8-48.1680.8,mlp.fc2.lora_B,0
1768388718.693916,2373,74.1875,0.03134848549962044,Grad/mlp.fc2.lora_B,outputs_dev/vitb16/T=vtab_Q=3bit_L=lora_2_qkv-fc1-proj-fc2/cifar/20260114184203_default_acc=53.50/tensorboard/Grad_mlp.fc2.lora_B_block_0/events.out.tfevents.1768387349.master-192-168-8-48.1680.8,mlp.fc2.lora_B,0
1768388719.0865543,2374,74.21875,0.02323908545076847,Grad/mlp.fc2.lora_B,outputs_dev/vitb16/T=vtab_Q=3bit_L=lora_2_qkv-fc1-proj-fc2/cifar/20260114184203_default_acc=53.50/tensorboard/Grad_mlp.fc2.lora_B_block_0/events.out.tfevents.1768387349.master-192-168-8-48.1680.8,mlp.fc2.lora_B,0
1768388719.477201,2375,74.25,0.03719602897763252,Grad/mlp.fc2.lora_B,outputs_dev/vitb16/T=vtab_Q=3bit_L=lora_2_qkv-fc1-proj-fc2/cifar/20260114184203_default_acc=53.50/tensorboard/Grad_mlp.fc2.lora_B_block_0/events.out.tfevents.1768387349.master-192-168-8-48.1680.8,mlp.fc2.lora_B,0
1768388719.8683808,2376,74.28125,0.17789842188358307,Grad/mlp.fc2.lora_B,outputs_dev/vitb16/T=vtab_Q=3bit_L=lora_2_qkv-fc1-proj-fc2/cifar/20260114184203_default_acc=53.50/tensorboard/Grad_mlp.fc2.lora_B_block_0/events.out.tfevents.1768387349.master-192-168-8-48.1680.8,mlp.fc2.lora_B,0
1768388720.2599897,2377,74.3125,0.09888304769992828,Grad/mlp.fc2.lora_B,outputs_dev/vitb16/T=vtab_Q=3bit_L=lora_2_qkv-fc1-proj-fc2/cifar/20260114184203_default_acc=53.50/tensorboard/Grad_mlp.fc2.lora_B_block_0/events.out.tfevents.1768387349.master-192-168-8-48.1680.8,mlp.fc2.lora_B,0
1768388720.6766257,2378,74.34375,0.24319417774677277,Grad/mlp.fc2.lora_B,outputs_dev/vitb16/T=vtab_Q=3bit_L=lora_2_qkv-fc1-proj-fc2/cifar/20260114184203_default_acc=53.50/tensorboard/Grad_mlp.fc2.lora_B_block_0/events.out.tfevents.1768387349.master-192-168-8-48.1680.8,mlp.fc2.lora_B,0
1768388721.090337,2379,74.375,0.26522350311279297,Grad/mlp.fc2.lora_B,outputs_dev/vitb16/T=vtab_Q=3bit_L=lora_2_qkv-fc1-proj-fc2/cifar/20260114184203_default_acc=53.50/tensorboard/Grad_mlp.fc2.lora_B_block_0/events.out.tfevents.1768387349.master-192-168-8-48.1680.8,mlp.fc2.lora_B,0
1768388721.4744017,2380,74.40625,0.05037770792841911,Grad/mlp.fc2.lora_B,outputs_dev/vitb16/T=vtab_Q=3bit_L=lora_2_qkv-fc1-proj-fc2/cifar/20260114184203_default_acc=53.50/tensorboard/Grad_mlp.fc2.lora_B_block_0/events.out.tfevents.1768387349.master-192-168-8-48.1680.8,mlp.fc2.lora_B,0
1768388721.8811657,2381,74.4375,0.048850566148757935,Grad/mlp.fc2.lora_B,outputs_dev/vitb16/T=vtab_Q=3bit_L=lora_2_qkv-fc1-proj-fc2/cifar/20260114184203_default_acc=53.50/tensorboard/Grad_mlp.fc2.lora_B_block_0/events.out.tfevents.1768387349.master-192-168-8-48.1680.8,mlp.fc2.lora_B,0
1768388722.2905338,2382,74.46875,0.04762418940663338,Grad/mlp.fc2.lora_B,outputs_dev/vitb16/T=vtab_Q=3bit_L=lora_2_qkv-fc1-proj-fc2/cifar/20260114184203_default_acc=53.50/tensorboard/Grad_mlp.fc2.lora_B_block_0/events.out.tfevents.1768387349.master-192-168-8-48.1680.8,mlp.fc2.lora_B,0
1768388722.6955748,2383,74.5,0.1029357835650444,Grad/mlp.fc2.lora_B,outputs_dev/vitb16/T=vtab_Q=3bit_L=lora_2_qkv-fc1-proj-fc2/cifar/20260114184203_default_acc=53.50/tensorboard/Grad_mlp.fc2.lora_B_block_0/events.out.tfevents.1768387349.master-192-168-8-48.1680.8,mlp.fc2.lora_B,0
1768388723.1006806,2384,74.53125,0.03717588633298874,Grad/mlp.fc2.lora_B,outputs_dev/vitb16/T=vtab_Q=3bit_L=lora_2_qkv-fc1-proj-fc2/cifar/20260114184203_default_acc=53.50/tensorboard/Grad_mlp.fc2.lora_B_block_0/events.out.tfevents.1768387349.master-192-168-8-48.1680.8,mlp.fc2.lora_B,0
1768388723.4842207,2385,74.5625,0.21696382761001587,Grad/mlp.fc2.lora_B,outputs_dev/vitb16/T=vtab_Q=3bit_L=lora_2_qkv-fc1-proj-fc2/cifar/20260114184203_default_acc=53.50/tensorboard/Grad_mlp.fc2.lora_B_block_0/events.out.tfevents.1768387349.master-192-168-8-48.1680.8,mlp.fc2.lora_B,0
1768388723.8751478,2386,74.59375,0.029358573257923126,Grad/mlp.fc2.lora_B,outputs_dev/vitb16/T=vtab_Q=3bit_L=lora_2_qkv-fc1-proj-fc2/cifar/20260114184203_default_acc=53.50/tensorboard/Grad_mlp.fc2.lora_B_block_0/events.out.tfevents.1768387349.master-192-168-8-48.1680.8,mlp.fc2.lora_B,0
1768388724.2834532,2387,74.625,0.030092952772974968,Grad/mlp.fc2.lora_B,outputs_dev/vitb16/T=vtab_Q=3bit_L=lora_2_qkv-fc1-proj-fc2/cifar/20260114184203_default_acc=53.50/tensorboard/Grad_mlp.fc2.lora_B_block_0/events.out.tfevents.1768387349.master-192-168-8-48.1680.8,mlp.fc2.lora_B,0
1768388724.6738656,2388,74.65625,0.04281485453248024,Grad/mlp.fc2.lora_B,outputs_dev/vitb16/T=vtab_Q=3bit_L=lora_2_qkv-fc1-proj-fc2/cifar/20260114184203_default_acc=53.50/tensorboard/Grad_mlp.fc2.lora_B_block_0/events.out.tfevents.1768387349.master-192-168-8-48.1680.8,mlp.fc2.lora_B,0
1768388725.0754194,2389,74.6875,0.08039332926273346,Grad/mlp.fc2.lora_B,outputs_dev/vitb16/T=vtab_Q=3bit_L=lora_2_qkv-fc1-proj-fc2/cifar/20260114184203_default_acc=53.50/tensorboard/Grad_mlp.fc2.lora_B_block_0/events.out.tfevents.1768387349.master-192-168-8-48.1680.8,mlp.fc2.lora_B,0
1768388725.4807312,2390,74.71875,0.11784221231937408,Grad/mlp.fc2.lora_B,outputs_dev/vitb16/T=vtab_Q=3bit_L=lora_2_qkv-fc1-proj-fc2/cifar/20260114184203_default_acc=53.50/tensorboard/Grad_mlp.fc2.lora_B_block_0/events.out.tfevents.1768387349.master-192-168-8-48.1680.8,mlp.fc2.lora_B,0
1768388725.888497,2391,74.75,0.051467034965753555,Grad/mlp.fc2.lora_B,outputs_dev/vitb16/T=vtab_Q=3bit_L=lora_2_qkv-fc1-proj-fc2/cifar/20260114184203_default_acc=53.50/tensorboard/Grad_mlp.fc2.lora_B_block_0/events.out.tfevents.1768387349.master-192-168-8-48.1680.8,mlp.fc2.lora_B,0
1768388726.2870927,2392,74.78125,0.14468391239643097,Grad/mlp.fc2.lora_B,outputs_dev/vitb16/T=vtab_Q=3bit_L=lora_2_qkv-fc1-proj-fc2/cifar/20260114184203_default_acc=53.50/tensorboard/Grad_mlp.fc2.lora_B_block_0/events.out.tfevents.1768387349.master-192-168-8-48.1680.8,mlp.fc2.lora_B,0
1768388726.7261279,2393,74.8125,0.028578409925103188,Grad/mlp.fc2.lora_B,outputs_dev/vitb16/T=vtab_Q=3bit_L=lora_2_qkv-fc1-proj-fc2/cifar/20260114184203_default_acc=53.50/tensorboard/Grad_mlp.fc2.lora_B_block_0/events.out.tfevents.1768387349.master-192-168-8-48.1680.8,mlp.fc2.lora_B,0
1768388727.1366215,2394,74.84375,0.1009238064289093,Grad/mlp.fc2.lora_B,outputs_dev/vitb16/T=vtab_Q=3bit_L=lora_2_qkv-fc1-proj-fc2/cifar/20260114184203_default_acc=53.50/tensorboard/Grad_mlp.fc2.lora_B_block_0/events.out.tfevents.1768387349.master-192-168-8-48.1680.8,mlp.fc2.lora_B,0
1768388727.5376568,2395,74.875,0.07042910903692245,Grad/mlp.fc2.lora_B,outputs_dev/vitb16/T=vtab_Q=3bit_L=lora_2_qkv-fc1-proj-fc2/cifar/20260114184203_default_acc=53.50/tensorboard/Grad_mlp.fc2.lora_B_block_0/events.out.tfevents.1768387349.master-192-168-8-48.1680.8,mlp.fc2.lora_B,0
1768388727.9832149,2396,74.90625,0.04766768217086792,Grad/mlp.fc2.lora_B,outputs_dev/vitb16/T=vtab_Q=3bit_L=lora_2_qkv-fc1-proj-fc2/cifar/20260114184203_default_acc=53.50/tensorboard/Grad_mlp.fc2.lora_B_block_0/events.out.tfevents.1768387349.master-192-168-8-48.1680.8,mlp.fc2.lora_B,0
1768388728.453865,2397,74.9375,0.17631475627422333,Grad/mlp.fc2.lora_B,outputs_dev/vitb16/T=vtab_Q=3bit_L=lora_2_qkv-fc1-proj-fc2/cifar/20260114184203_default_acc=53.50/tensorboard/Grad_mlp.fc2.lora_B_block_0/events.out.tfevents.1768387349.master-192-168-8-48.1680.8,mlp.fc2.lora_B,0
1768388728.9549847,2398,74.96875,0.09068629145622253,Grad/mlp.fc2.lora_B,outputs_dev/vitb16/T=vtab_Q=3bit_L=lora_2_qkv-fc1-proj-fc2/cifar/20260114184203_default_acc=53.50/tensorboard/Grad_mlp.fc2.lora_B_block_0/events.out.tfevents.1768387349.master-192-168-8-48.1680.8,mlp.fc2.lora_B,0
1768388729.368319,2399,75.0,1.3684132099151611,Grad/mlp.fc2.lora_B,outputs_dev/vitb16/T=vtab_Q=3bit_L=lora_2_qkv-fc1-proj-fc2/cifar/20260114184203_default_acc=53.50/tensorboard/Grad_mlp.fc2.lora_B_block_0/events.out.tfevents.1768387349.master-192-168-8-48.1680.8,mlp.fc2.lora_B,0
1768388730.2446692,2400,75.03125,0.07522420585155487,Grad/mlp.fc2.lora_B,outputs_dev/vitb16/T=vtab_Q=3bit_L=lora_2_qkv-fc1-proj-fc2/cifar/20260114184203_default_acc=53.50/tensorboard/Grad_mlp.fc2.lora_B_block_0/events.out.tfevents.1768387349.master-192-168-8-48.1680.8,mlp.fc2.lora_B,0
1768388730.7185762,2401,75.0625,0.22404691576957703,Grad/mlp.fc2.lora_B,outputs_dev/vitb16/T=vtab_Q=3bit_L=lora_2_qkv-fc1-proj-fc2/cifar/20260114184203_default_acc=53.50/tensorboard/Grad_mlp.fc2.lora_B_block_0/events.out.tfevents.1768387349.master-192-168-8-48.1680.8,mlp.fc2.lora_B,0
1768388731.1199656,2402,75.09375,0.07536642998456955,Grad/mlp.fc2.lora_B,outputs_dev/vitb16/T=vtab_Q=3bit_L=lora_2_qkv-fc1-proj-fc2/cifar/20260114184203_default_acc=53.50/tensorboard/Grad_mlp.fc2.lora_B_block_0/events.out.tfevents.1768387349.master-192-168-8-48.1680.8,mlp.fc2.lora_B,0
1768388731.6144693,2403,75.125,0.3806614875793457,Grad/mlp.fc2.lora_B,outputs_dev/vitb16/T=vtab_Q=3bit_L=lora_2_qkv-fc1-proj-fc2/cifar/20260114184203_default_acc=53.50/tensorboard/Grad_mlp.fc2.lora_B_block_0/events.out.tfevents.1768387349.master-192-168-8-48.1680.8,mlp.fc2.lora_B,0
1768388732.0317547,2404,75.15625,0.10283521562814713,Grad/mlp.fc2.lora_B,outputs_dev/vitb16/T=vtab_Q=3bit_L=lora_2_qkv-fc1-proj-fc2/cifar/20260114184203_default_acc=53.50/tensorboard/Grad_mlp.fc2.lora_B_block_0/events.out.tfevents.1768387349.master-192-168-8-48.1680.8,mlp.fc2.lora_B,0
1768388732.429799,2405,75.1875,0.10480154305696487,Grad/mlp.fc2.lora_B,outputs_dev/vitb16/T=vtab_Q=3bit_L=lora_2_qkv-fc1-proj-fc2/cifar/20260114184203_default_acc=53.50/tensorboard/Grad_mlp.fc2.lora_B_block_0/events.out.tfevents.1768387349.master-192-168-8-48.1680.8,mlp.fc2.lora_B,0
1768388732.8286648,2406,75.21875,0.16300830245018005,Grad/mlp.fc2.lora_B,outputs_dev/vitb16/T=vtab_Q=3bit_L=lora_2_qkv-fc1-proj-fc2/cifar/20260114184203_default_acc=53.50/tensorboard/Grad_mlp.fc2.lora_B_block_0/events.out.tfevents.1768387349.master-192-168-8-48.1680.8,mlp.fc2.lora_B,0
1768388733.2303255,2407,75.25,0.042627569288015366,Grad/mlp.fc2.lora_B,outputs_dev/vitb16/T=vtab_Q=3bit_L=lora_2_qkv-fc1-proj-fc2/cifar/20260114184203_default_acc=53.50/tensorboard/Grad_mlp.fc2.lora_B_block_0/events.out.tfevents.1768387349.master-192-168-8-48.1680.8,mlp.fc2.lora_B,0
1768388733.6454616,2408,75.28125,0.05079776421189308,Grad/mlp.fc2.lora_B,outputs_dev/vitb16/T=vtab_Q=3bit_L=lora_2_qkv-fc1-proj-fc2/cifar/20260114184203_default_acc=53.50/tensorboard/Grad_mlp.fc2.lora_B_block_0/events.out.tfevents.1768387349.master-192-168-8-48.1680.8,mlp.fc2.lora_B,0
1768388734.0434844,2409,75.3125,0.06492459028959274,Grad/mlp.fc2.lora_B,outputs_dev/vitb16/T=vtab_Q=3bit_L=lora_2_qkv-fc1-proj-fc2/cifar/20260114184203_default_acc=53.50/tensorboard/Grad_mlp.fc2.lora_B_block_0/events.out.tfevents.1768387349.master-192-168-8-48.1680.8,mlp.fc2.lora_B,0
1768388734.4422839,2410,75.34375,0.32806673645973206,Grad/mlp.fc2.lora_B,outputs_dev/vitb16/T=vtab_Q=3bit_L=lora_2_qkv-fc1-proj-fc2/cifar/20260114184203_default_acc=53.50/tensorboard/Grad_mlp.fc2.lora_B_block_0/events.out.tfevents.1768387349.master-192-168-8-48.1680.8,mlp.fc2.lora_B,0
1768388734.8557222,2411,75.375,0.10828176885843277,Grad/mlp.fc2.lora_B,outputs_dev/vitb16/T=vtab_Q=3bit_L=lora_2_qkv-fc1-proj-fc2/cifar/20260114184203_default_acc=53.50/tensorboard/Grad_mlp.fc2.lora_B_block_0/events.out.tfevents.1768387349.master-192-168-8-48.1680.8,mlp.fc2.lora_B,0
1768388735.2531962,2412,75.40625,0.15578950941562653,Grad/mlp.fc2.lora_B,outputs_dev/vitb16/T=vtab_Q=3bit_L=lora_2_qkv-fc1-proj-fc2/cifar/20260114184203_default_acc=53.50/tensorboard/Grad_mlp.fc2.lora_B_block_0/events.out.tfevents.1768387349.master-192-168-8-48.1680.8,mlp.fc2.lora_B,0
1768388735.664476,2413,75.4375,0.1320357471704483,Grad/mlp.fc2.lora_B,outputs_dev/vitb16/T=vtab_Q=3bit_L=lora_2_qkv-fc1-proj-fc2/cifar/20260114184203_default_acc=53.50/tensorboard/Grad_mlp.fc2.lora_B_block_0/events.out.tfevents.1768387349.master-192-168-8-48.1680.8,mlp.fc2.lora_B,0
1768388736.0620453,2414,75.46875,0.07384074479341507,Grad/mlp.fc2.lora_B,outputs_dev/vitb16/T=vtab_Q=3bit_L=lora_2_qkv-fc1-proj-fc2/cifar/20260114184203_default_acc=53.50/tensorboard/Grad_mlp.fc2.lora_B_block_0/events.out.tfevents.1768387349.master-192-168-8-48.1680.8,mlp.fc2.lora_B,0
1768388736.4576273,2415,75.5,0.04908880963921547,Grad/mlp.fc2.lora_B,outputs_dev/vitb16/T=vtab_Q=3bit_L=lora_2_qkv-fc1-proj-fc2/cifar/20260114184203_default_acc=53.50/tensorboard/Grad_mlp.fc2.lora_B_block_0/events.out.tfevents.1768387349.master-192-168-8-48.1680.8,mlp.fc2.lora_B,0
1768388736.853224,2416,75.53125,0.1149718314409256,Grad/mlp.fc2.lora_B,outputs_dev/vitb16/T=vtab_Q=3bit_L=lora_2_qkv-fc1-proj-fc2/cifar/20260114184203_default_acc=53.50/tensorboard/Grad_mlp.fc2.lora_B_block_0/events.out.tfevents.1768387349.master-192-168-8-48.1680.8,mlp.fc2.lora_B,0
1768388737.256224,2417,75.5625,0.05430816486477852,Grad/mlp.fc2.lora_B,outputs_dev/vitb16/T=vtab_Q=3bit_L=lora_2_qkv-fc1-proj-fc2/cifar/20260114184203_default_acc=53.50/tensorboard/Grad_mlp.fc2.lora_B_block_0/events.out.tfevents.1768387349.master-192-168-8-48.1680.8,mlp.fc2.lora_B,0
1768388737.6817648,2418,75.59375,0.12359947711229324,Grad/mlp.fc2.lora_B,outputs_dev/vitb16/T=vtab_Q=3bit_L=lora_2_qkv-fc1-proj-fc2/cifar/20260114184203_default_acc=53.50/tensorboard/Grad_mlp.fc2.lora_B_block_0/events.out.tfevents.1768387349.master-192-168-8-48.1680.8,mlp.fc2.lora_B,0
1768388738.0729897,2419,75.625,0.12251175194978714,Grad/mlp.fc2.lora_B,outputs_dev/vitb16/T=vtab_Q=3bit_L=lora_2_qkv-fc1-proj-fc2/cifar/20260114184203_default_acc=53.50/tensorboard/Grad_mlp.fc2.lora_B_block_0/events.out.tfevents.1768387349.master-192-168-8-48.1680.8,mlp.fc2.lora_B,0
1768388738.4597542,2420,75.65625,0.11133328825235367,Grad/mlp.fc2.lora_B,outputs_dev/vitb16/T=vtab_Q=3bit_L=lora_2_qkv-fc1-proj-fc2/cifar/20260114184203_default_acc=53.50/tensorboard/Grad_mlp.fc2.lora_B_block_0/events.out.tfevents.1768387349.master-192-168-8-48.1680.8,mlp.fc2.lora_B,0
1768388738.8847642,2421,75.6875,0.02437860146164894,Grad/mlp.fc2.lora_B,outputs_dev/vitb16/T=vtab_Q=3bit_L=lora_2_qkv-fc1-proj-fc2/cifar/20260114184203_default_acc=53.50/tensorboard/Grad_mlp.fc2.lora_B_block_0/events.out.tfevents.1768387349.master-192-168-8-48.1680.8,mlp.fc2.lora_B,0
1768388739.2783222,2422,75.71875,0.05064002797007561,Grad/mlp.fc2.lora_B,outputs_dev/vitb16/T=vtab_Q=3bit_L=lora_2_qkv-fc1-proj-fc2/cifar/20260114184203_default_acc=53.50/tensorboard/Grad_mlp.fc2.lora_B_block_0/events.out.tfevents.1768387349.master-192-168-8-48.1680.8,mlp.fc2.lora_B,0
1768388739.6702032,2423,75.75,0.11871717125177383,Grad/mlp.fc2.lora_B,outputs_dev/vitb16/T=vtab_Q=3bit_L=lora_2_qkv-fc1-proj-fc2/cifar/20260114184203_default_acc=53.50/tensorboard/Grad_mlp.fc2.lora_B_block_0/events.out.tfevents.1768387349.master-192-168-8-48.1680.8,mlp.fc2.lora_B,0
1768388740.0564804,2424,75.78125,0.08865231275558472,Grad/mlp.fc2.lora_B,outputs_dev/vitb16/T=vtab_Q=3bit_L=lora_2_qkv-fc1-proj-fc2/cifar/20260114184203_default_acc=53.50/tensorboard/Grad_mlp.fc2.lora_B_block_0/events.out.tfevents.1768387349.master-192-168-8-48.1680.8,mlp.fc2.lora_B,0
1768388740.466987,2425,75.8125,0.1475452184677124,Grad/mlp.fc2.lora_B,outputs_dev/vitb16/T=vtab_Q=3bit_L=lora_2_qkv-fc1-proj-fc2/cifar/20260114184203_default_acc=53.50/tensorboard/Grad_mlp.fc2.lora_B_block_0/events.out.tfevents.1768387349.master-192-168-8-48.1680.8,mlp.fc2.lora_B,0
1768388740.8606765,2426,75.84375,0.05355033650994301,Grad/mlp.fc2.lora_B,outputs_dev/vitb16/T=vtab_Q=3bit_L=lora_2_qkv-fc1-proj-fc2/cifar/20260114184203_default_acc=53.50/tensorboard/Grad_mlp.fc2.lora_B_block_0/events.out.tfevents.1768387349.master-192-168-8-48.1680.8,mlp.fc2.lora_B,0
1768388741.2685757,2427,75.875,0.0973193496465683,Grad/mlp.fc2.lora_B,outputs_dev/vitb16/T=vtab_Q=3bit_L=lora_2_qkv-fc1-proj-fc2/cifar/20260114184203_default_acc=53.50/tensorboard/Grad_mlp.fc2.lora_B_block_0/events.out.tfevents.1768387349.master-192-168-8-48.1680.8,mlp.fc2.lora_B,0
1768388741.6750462,2428,75.90625,0.02940203621983528,Grad/mlp.fc2.lora_B,outputs_dev/vitb16/T=vtab_Q=3bit_L=lora_2_qkv-fc1-proj-fc2/cifar/20260114184203_default_acc=53.50/tensorboard/Grad_mlp.fc2.lora_B_block_0/events.out.tfevents.1768387349.master-192-168-8-48.1680.8,mlp.fc2.lora_B,0
1768388742.0658813,2429,75.9375,0.12677200138568878,Grad/mlp.fc2.lora_B,outputs_dev/vitb16/T=vtab_Q=3bit_L=lora_2_qkv-fc1-proj-fc2/cifar/20260114184203_default_acc=53.50/tensorboard/Grad_mlp.fc2.lora_B_block_0/events.out.tfevents.1768387349.master-192-168-8-48.1680.8,mlp.fc2.lora_B,0
1768388742.4558604,2430,75.96875,0.08105343580245972,Grad/mlp.fc2.lora_B,outputs_dev/vitb16/T=vtab_Q=3bit_L=lora_2_qkv-fc1-proj-fc2/cifar/20260114184203_default_acc=53.50/tensorboard/Grad_mlp.fc2.lora_B_block_0/events.out.tfevents.1768387349.master-192-168-8-48.1680.8,mlp.fc2.lora_B,0
1768388742.6514502,2431,76.0,0.03960347920656204,Grad/mlp.fc2.lora_B,outputs_dev/vitb16/T=vtab_Q=3bit_L=lora_2_qkv-fc1-proj-fc2/cifar/20260114184203_default_acc=53.50/tensorboard/Grad_mlp.fc2.lora_B_block_0/events.out.tfevents.1768387349.master-192-168-8-48.1680.8,mlp.fc2.lora_B,0
1768388743.3182547,2432,76.03125,0.10231253504753113,Grad/mlp.fc2.lora_B,outputs_dev/vitb16/T=vtab_Q=3bit_L=lora_2_qkv-fc1-proj-fc2/cifar/20260114184203_default_acc=53.50/tensorboard/Grad_mlp.fc2.lora_B_block_0/events.out.tfevents.1768387349.master-192-168-8-48.1680.8,mlp.fc2.lora_B,0
1768388743.7348852,2433,76.0625,0.22382166981697083,Grad/mlp.fc2.lora_B,outputs_dev/vitb16/T=vtab_Q=3bit_L=lora_2_qkv-fc1-proj-fc2/cifar/20260114184203_default_acc=53.50/tensorboard/Grad_mlp.fc2.lora_B_block_0/events.out.tfevents.1768387349.master-192-168-8-48.1680.8,mlp.fc2.lora_B,0
1768388744.159293,2434,76.09375,0.05843265354633331,Grad/mlp.fc2.lora_B,outputs_dev/vitb16/T=vtab_Q=3bit_L=lora_2_qkv-fc1-proj-fc2/cifar/20260114184203_default_acc=53.50/tensorboard/Grad_mlp.fc2.lora_B_block_0/events.out.tfevents.1768387349.master-192-168-8-48.1680.8,mlp.fc2.lora_B,0
1768388744.5657458,2435,76.125,0.04779569059610367,Grad/mlp.fc2.lora_B,outputs_dev/vitb16/T=vtab_Q=3bit_L=lora_2_qkv-fc1-proj-fc2/cifar/20260114184203_default_acc=53.50/tensorboard/Grad_mlp.fc2.lora_B_block_0/events.out.tfevents.1768387349.master-192-168-8-48.1680.8,mlp.fc2.lora_B,0
1768388744.9966075,2436,76.15625,0.4918595552444458,Grad/mlp.fc2.lora_B,outputs_dev/vitb16/T=vtab_Q=3bit_L=lora_2_qkv-fc1-proj-fc2/cifar/20260114184203_default_acc=53.50/tensorboard/Grad_mlp.fc2.lora_B_block_0/events.out.tfevents.1768387349.master-192-168-8-48.1680.8,mlp.fc2.lora_B,0
1768388745.4193103,2437,76.1875,0.10304007679224014,Grad/mlp.fc2.lora_B,outputs_dev/vitb16/T=vtab_Q=3bit_L=lora_2_qkv-fc1-proj-fc2/cifar/20260114184203_default_acc=53.50/tensorboard/Grad_mlp.fc2.lora_B_block_0/events.out.tfevents.1768387349.master-192-168-8-48.1680.8,mlp.fc2.lora_B,0
1768388745.9194272,2438,76.21875,0.03380986675620079,Grad/mlp.fc2.lora_B,outputs_dev/vitb16/T=vtab_Q=3bit_L=lora_2_qkv-fc1-proj-fc2/cifar/20260114184203_default_acc=53.50/tensorboard/Grad_mlp.fc2.lora_B_block_0/events.out.tfevents.1768387349.master-192-168-8-48.1680.8,mlp.fc2.lora_B,0
1768388746.430193,2439,76.25,0.3008575737476349,Grad/mlp.fc2.lora_B,outputs_dev/vitb16/T=vtab_Q=3bit_L=lora_2_qkv-fc1-proj-fc2/cifar/20260114184203_default_acc=53.50/tensorboard/Grad_mlp.fc2.lora_B_block_0/events.out.tfevents.1768387349.master-192-168-8-48.1680.8,mlp.fc2.lora_B,0
1768388746.8441615,2440,76.28125,0.03730332478880882,Grad/mlp.fc2.lora_B,outputs_dev/vitb16/T=vtab_Q=3bit_L=lora_2_qkv-fc1-proj-fc2/cifar/20260114184203_default_acc=53.50/tensorboard/Grad_mlp.fc2.lora_B_block_0/events.out.tfevents.1768387349.master-192-168-8-48.1680.8,mlp.fc2.lora_B,0
1768388747.250601,2441,76.3125,0.2950468361377716,Grad/mlp.fc2.lora_B,outputs_dev/vitb16/T=vtab_Q=3bit_L=lora_2_qkv-fc1-proj-fc2/cifar/20260114184203_default_acc=53.50/tensorboard/Grad_mlp.fc2.lora_B_block_0/events.out.tfevents.1768387349.master-192-168-8-48.1680.8,mlp.fc2.lora_B,0
1768388747.6401885,2442,76.34375,0.13029688596725464,Grad/mlp.fc2.lora_B,outputs_dev/vitb16/T=vtab_Q=3bit_L=lora_2_qkv-fc1-proj-fc2/cifar/20260114184203_default_acc=53.50/tensorboard/Grad_mlp.fc2.lora_B_block_0/events.out.tfevents.1768387349.master-192-168-8-48.1680.8,mlp.fc2.lora_B,0
1768388748.0448868,2443,76.375,0.12968403100967407,Grad/mlp.fc2.lora_B,outputs_dev/vitb16/T=vtab_Q=3bit_L=lora_2_qkv-fc1-proj-fc2/cifar/20260114184203_default_acc=53.50/tensorboard/Grad_mlp.fc2.lora_B_block_0/events.out.tfevents.1768387349.master-192-168-8-48.1680.8,mlp.fc2.lora_B,0
1768388748.4334972,2444,76.40625,0.14757610857486725,Grad/mlp.fc2.lora_B,outputs_dev/vitb16/T=vtab_Q=3bit_L=lora_2_qkv-fc1-proj-fc2/cifar/20260114184203_default_acc=53.50/tensorboard/Grad_mlp.fc2.lora_B_block_0/events.out.tfevents.1768387349.master-192-168-8-48.1680.8,mlp.fc2.lora_B,0
1768388748.8381124,2445,76.4375,0.3251207768917084,Grad/mlp.fc2.lora_B,outputs_dev/vitb16/T=vtab_Q=3bit_L=lora_2_qkv-fc1-proj-fc2/cifar/20260114184203_default_acc=53.50/tensorboard/Grad_mlp.fc2.lora_B_block_0/events.out.tfevents.1768387349.master-192-168-8-48.1680.8,mlp.fc2.lora_B,0
1768388749.2332401,2446,76.46875,1.4038902521133423,Grad/mlp.fc2.lora_B,outputs_dev/vitb16/T=vtab_Q=3bit_L=lora_2_qkv-fc1-proj-fc2/cifar/20260114184203_default_acc=53.50/tensorboard/Grad_mlp.fc2.lora_B_block_0/events.out.tfevents.1768387349.master-192-168-8-48.1680.8,mlp.fc2.lora_B,0
1768388749.6760645,2447,76.5,0.3086293339729309,Grad/mlp.fc2.lora_B,outputs_dev/vitb16/T=vtab_Q=3bit_L=lora_2_qkv-fc1-proj-fc2/cifar/20260114184203_default_acc=53.50/tensorboard/Grad_mlp.fc2.lora_B_block_0/events.out.tfevents.1768387349.master-192-168-8-48.1680.8,mlp.fc2.lora_B,0
1768388750.0795503,2448,76.53125,0.13501228392124176,Grad/mlp.fc2.lora_B,outputs_dev/vitb16/T=vtab_Q=3bit_L=lora_2_qkv-fc1-proj-fc2/cifar/20260114184203_default_acc=53.50/tensorboard/Grad_mlp.fc2.lora_B_block_0/events.out.tfevents.1768387349.master-192-168-8-48.1680.8,mlp.fc2.lora_B,0
1768388750.4683664,2449,76.5625,0.24692170321941376,Grad/mlp.fc2.lora_B,outputs_dev/vitb16/T=vtab_Q=3bit_L=lora_2_qkv-fc1-proj-fc2/cifar/20260114184203_default_acc=53.50/tensorboard/Grad_mlp.fc2.lora_B_block_0/events.out.tfevents.1768387349.master-192-168-8-48.1680.8,mlp.fc2.lora_B,0
1768388750.8594706,2450,76.59375,0.08293603360652924,Grad/mlp.fc2.lora_B,outputs_dev/vitb16/T=vtab_Q=3bit_L=lora_2_qkv-fc1-proj-fc2/cifar/20260114184203_default_acc=53.50/tensorboard/Grad_mlp.fc2.lora_B_block_0/events.out.tfevents.1768387349.master-192-168-8-48.1680.8,mlp.fc2.lora_B,0
1768388751.2634907,2451,76.625,0.03357899188995361,Grad/mlp.fc2.lora_B,outputs_dev/vitb16/T=vtab_Q=3bit_L=lora_2_qkv-fc1-proj-fc2/cifar/20260114184203_default_acc=53.50/tensorboard/Grad_mlp.fc2.lora_B_block_0/events.out.tfevents.1768387349.master-192-168-8-48.1680.8,mlp.fc2.lora_B,0
1768388751.6670082,2452,76.65625,0.2646384537220001,Grad/mlp.fc2.lora_B,outputs_dev/vitb16/T=vtab_Q=3bit_L=lora_2_qkv-fc1-proj-fc2/cifar/20260114184203_default_acc=53.50/tensorboard/Grad_mlp.fc2.lora_B_block_0/events.out.tfevents.1768387349.master-192-168-8-48.1680.8,mlp.fc2.lora_B,0
1768388752.0710506,2453,76.6875,0.3782634139060974,Grad/mlp.fc2.lora_B,outputs_dev/vitb16/T=vtab_Q=3bit_L=lora_2_qkv-fc1-proj-fc2/cifar/20260114184203_default_acc=53.50/tensorboard/Grad_mlp.fc2.lora_B_block_0/events.out.tfevents.1768387349.master-192-168-8-48.1680.8,mlp.fc2.lora_B,0
1768388752.4613392,2454,76.71875,0.0796462744474411,Grad/mlp.fc2.lora_B,outputs_dev/vitb16/T=vtab_Q=3bit_L=lora_2_qkv-fc1-proj-fc2/cifar/20260114184203_default_acc=53.50/tensorboard/Grad_mlp.fc2.lora_B_block_0/events.out.tfevents.1768387349.master-192-168-8-48.1680.8,mlp.fc2.lora_B,0
1768388752.8787513,2455,76.75,0.10634972900152206,Grad/mlp.fc2.lora_B,outputs_dev/vitb16/T=vtab_Q=3bit_L=lora_2_qkv-fc1-proj-fc2/cifar/20260114184203_default_acc=53.50/tensorboard/Grad_mlp.fc2.lora_B_block_0/events.out.tfevents.1768387349.master-192-168-8-48.1680.8,mlp.fc2.lora_B,0
1768388753.2841778,2456,76.78125,0.03773003816604614,Grad/mlp.fc2.lora_B,outputs_dev/vitb16/T=vtab_Q=3bit_L=lora_2_qkv-fc1-proj-fc2/cifar/20260114184203_default_acc=53.50/tensorboard/Grad_mlp.fc2.lora_B_block_0/events.out.tfevents.1768387349.master-192-168-8-48.1680.8,mlp.fc2.lora_B,0
1768388753.6900978,2457,76.8125,0.08090662956237793,Grad/mlp.fc2.lora_B,outputs_dev/vitb16/T=vtab_Q=3bit_L=lora_2_qkv-fc1-proj-fc2/cifar/20260114184203_default_acc=53.50/tensorboard/Grad_mlp.fc2.lora_B_block_0/events.out.tfevents.1768387349.master-192-168-8-48.1680.8,mlp.fc2.lora_B,0
1768388754.0946681,2458,76.84375,0.059781450778245926,Grad/mlp.fc2.lora_B,outputs_dev/vitb16/T=vtab_Q=3bit_L=lora_2_qkv-fc1-proj-fc2/cifar/20260114184203_default_acc=53.50/tensorboard/Grad_mlp.fc2.lora_B_block_0/events.out.tfevents.1768387349.master-192-168-8-48.1680.8,mlp.fc2.lora_B,0
1768388754.498493,2459,76.875,0.06546463817358017,Grad/mlp.fc2.lora_B,outputs_dev/vitb16/T=vtab_Q=3bit_L=lora_2_qkv-fc1-proj-fc2/cifar/20260114184203_default_acc=53.50/tensorboard/Grad_mlp.fc2.lora_B_block_0/events.out.tfevents.1768387349.master-192-168-8-48.1680.8,mlp.fc2.lora_B,0
1768388754.8886135,2460,76.90625,0.06311307102441788,Grad/mlp.fc2.lora_B,outputs_dev/vitb16/T=vtab_Q=3bit_L=lora_2_qkv-fc1-proj-fc2/cifar/20260114184203_default_acc=53.50/tensorboard/Grad_mlp.fc2.lora_B_block_0/events.out.tfevents.1768387349.master-192-168-8-48.1680.8,mlp.fc2.lora_B,0
1768388755.279065,2461,76.9375,0.046949002891778946,Grad/mlp.fc2.lora_B,outputs_dev/vitb16/T=vtab_Q=3bit_L=lora_2_qkv-fc1-proj-fc2/cifar/20260114184203_default_acc=53.50/tensorboard/Grad_mlp.fc2.lora_B_block_0/events.out.tfevents.1768387349.master-192-168-8-48.1680.8,mlp.fc2.lora_B,0
1768388755.682467,2462,76.96875,0.16134552657604218,Grad/mlp.fc2.lora_B,outputs_dev/vitb16/T=vtab_Q=3bit_L=lora_2_qkv-fc1-proj-fc2/cifar/20260114184203_default_acc=53.50/tensorboard/Grad_mlp.fc2.lora_B_block_0/events.out.tfevents.1768387349.master-192-168-8-48.1680.8,mlp.fc2.lora_B,0
1768388755.8892856,2463,77.0,0.12214431166648865,Grad/mlp.fc2.lora_B,outputs_dev/vitb16/T=vtab_Q=3bit_L=lora_2_qkv-fc1-proj-fc2/cifar/20260114184203_default_acc=53.50/tensorboard/Grad_mlp.fc2.lora_B_block_0/events.out.tfevents.1768387349.master-192-168-8-48.1680.8,mlp.fc2.lora_B,0
1768388756.5590196,2464,77.03125,0.03464353457093239,Grad/mlp.fc2.lora_B,outputs_dev/vitb16/T=vtab_Q=3bit_L=lora_2_qkv-fc1-proj-fc2/cifar/20260114184203_default_acc=53.50/tensorboard/Grad_mlp.fc2.lora_B_block_0/events.out.tfevents.1768387349.master-192-168-8-48.1680.8,mlp.fc2.lora_B,0
1768388756.9687684,2465,77.0625,0.0543099045753479,Grad/mlp.fc2.lora_B,outputs_dev/vitb16/T=vtab_Q=3bit_L=lora_2_qkv-fc1-proj-fc2/cifar/20260114184203_default_acc=53.50/tensorboard/Grad_mlp.fc2.lora_B_block_0/events.out.tfevents.1768387349.master-192-168-8-48.1680.8,mlp.fc2.lora_B,0
1768388757.3614824,2466,77.09375,0.03962888568639755,Grad/mlp.fc2.lora_B,outputs_dev/vitb16/T=vtab_Q=3bit_L=lora_2_qkv-fc1-proj-fc2/cifar/20260114184203_default_acc=53.50/tensorboard/Grad_mlp.fc2.lora_B_block_0/events.out.tfevents.1768387349.master-192-168-8-48.1680.8,mlp.fc2.lora_B,0
1768388757.756308,2467,77.125,0.08311575651168823,Grad/mlp.fc2.lora_B,outputs_dev/vitb16/T=vtab_Q=3bit_L=lora_2_qkv-fc1-proj-fc2/cifar/20260114184203_default_acc=53.50/tensorboard/Grad_mlp.fc2.lora_B_block_0/events.out.tfevents.1768387349.master-192-168-8-48.1680.8,mlp.fc2.lora_B,0
1768388758.166299,2468,77.15625,0.025515900924801826,Grad/mlp.fc2.lora_B,outputs_dev/vitb16/T=vtab_Q=3bit_L=lora_2_qkv-fc1-proj-fc2/cifar/20260114184203_default_acc=53.50/tensorboard/Grad_mlp.fc2.lora_B_block_0/events.out.tfevents.1768387349.master-192-168-8-48.1680.8,mlp.fc2.lora_B,0
1768388758.568269,2469,77.1875,0.08914133906364441,Grad/mlp.fc2.lora_B,outputs_dev/vitb16/T=vtab_Q=3bit_L=lora_2_qkv-fc1-proj-fc2/cifar/20260114184203_default_acc=53.50/tensorboard/Grad_mlp.fc2.lora_B_block_0/events.out.tfevents.1768387349.master-192-168-8-48.1680.8,mlp.fc2.lora_B,0
1768388758.9654932,2470,77.21875,0.17629854381084442,Grad/mlp.fc2.lora_B,outputs_dev/vitb16/T=vtab_Q=3bit_L=lora_2_qkv-fc1-proj-fc2/cifar/20260114184203_default_acc=53.50/tensorboard/Grad_mlp.fc2.lora_B_block_0/events.out.tfevents.1768387349.master-192-168-8-48.1680.8,mlp.fc2.lora_B,0
1768388759.3573158,2471,77.25,0.10106128454208374,Grad/mlp.fc2.lora_B,outputs_dev/vitb16/T=vtab_Q=3bit_L=lora_2_qkv-fc1-proj-fc2/cifar/20260114184203_default_acc=53.50/tensorboard/Grad_mlp.fc2.lora_B_block_0/events.out.tfevents.1768387349.master-192-168-8-48.1680.8,mlp.fc2.lora_B,0
1768388759.7483003,2472,77.28125,0.07961520552635193,Grad/mlp.fc2.lora_B,outputs_dev/vitb16/T=vtab_Q=3bit_L=lora_2_qkv-fc1-proj-fc2/cifar/20260114184203_default_acc=53.50/tensorboard/Grad_mlp.fc2.lora_B_block_0/events.out.tfevents.1768387349.master-192-168-8-48.1680.8,mlp.fc2.lora_B,0
1768388760.1422162,2473,77.3125,0.1565222442150116,Grad/mlp.fc2.lora_B,outputs_dev/vitb16/T=vtab_Q=3bit_L=lora_2_qkv-fc1-proj-fc2/cifar/20260114184203_default_acc=53.50/tensorboard/Grad_mlp.fc2.lora_B_block_0/events.out.tfevents.1768387349.master-192-168-8-48.1680.8,mlp.fc2.lora_B,0
1768388760.533219,2474,77.34375,0.1268690675497055,Grad/mlp.fc2.lora_B,outputs_dev/vitb16/T=vtab_Q=3bit_L=lora_2_qkv-fc1-proj-fc2/cifar/20260114184203_default_acc=53.50/tensorboard/Grad_mlp.fc2.lora_B_block_0/events.out.tfevents.1768387349.master-192-168-8-48.1680.8,mlp.fc2.lora_B,0
1768388760.9277248,2475,77.375,0.0428134985268116,Grad/mlp.fc2.lora_B,outputs_dev/vitb16/T=vtab_Q=3bit_L=lora_2_qkv-fc1-proj-fc2/cifar/20260114184203_default_acc=53.50/tensorboard/Grad_mlp.fc2.lora_B_block_0/events.out.tfevents.1768387349.master-192-168-8-48.1680.8,mlp.fc2.lora_B,0
1768388761.3208115,2476,77.40625,0.28127697110176086,Grad/mlp.fc2.lora_B,outputs_dev/vitb16/T=vtab_Q=3bit_L=lora_2_qkv-fc1-proj-fc2/cifar/20260114184203_default_acc=53.50/tensorboard/Grad_mlp.fc2.lora_B_block_0/events.out.tfevents.1768387349.master-192-168-8-48.1680.8,mlp.fc2.lora_B,0
1768388761.714574,2477,77.4375,0.37853705883026123,Grad/mlp.fc2.lora_B,outputs_dev/vitb16/T=vtab_Q=3bit_L=lora_2_qkv-fc1-proj-fc2/cifar/20260114184203_default_acc=53.50/tensorboard/Grad_mlp.fc2.lora_B_block_0/events.out.tfevents.1768387349.master-192-168-8-48.1680.8,mlp.fc2.lora_B,0
1768388762.1088293,2478,77.46875,0.03940466046333313,Grad/mlp.fc2.lora_B,outputs_dev/vitb16/T=vtab_Q=3bit_L=lora_2_qkv-fc1-proj-fc2/cifar/20260114184203_default_acc=53.50/tensorboard/Grad_mlp.fc2.lora_B_block_0/events.out.tfevents.1768387349.master-192-168-8-48.1680.8,mlp.fc2.lora_B,0
1768388762.50039,2479,77.5,0.2489953190088272,Grad/mlp.fc2.lora_B,outputs_dev/vitb16/T=vtab_Q=3bit_L=lora_2_qkv-fc1-proj-fc2/cifar/20260114184203_default_acc=53.50/tensorboard/Grad_mlp.fc2.lora_B_block_0/events.out.tfevents.1768387349.master-192-168-8-48.1680.8,mlp.fc2.lora_B,0
1768388762.8911662,2480,77.53125,0.01858251541852951,Grad/mlp.fc2.lora_B,outputs_dev/vitb16/T=vtab_Q=3bit_L=lora_2_qkv-fc1-proj-fc2/cifar/20260114184203_default_acc=53.50/tensorboard/Grad_mlp.fc2.lora_B_block_0/events.out.tfevents.1768387349.master-192-168-8-48.1680.8,mlp.fc2.lora_B,0
1768388763.2822125,2481,77.5625,0.09610150754451752,Grad/mlp.fc2.lora_B,outputs_dev/vitb16/T=vtab_Q=3bit_L=lora_2_qkv-fc1-proj-fc2/cifar/20260114184203_default_acc=53.50/tensorboard/Grad_mlp.fc2.lora_B_block_0/events.out.tfevents.1768387349.master-192-168-8-48.1680.8,mlp.fc2.lora_B,0
1768388763.6757963,2482,77.59375,0.29185137152671814,Grad/mlp.fc2.lora_B,outputs_dev/vitb16/T=vtab_Q=3bit_L=lora_2_qkv-fc1-proj-fc2/cifar/20260114184203_default_acc=53.50/tensorboard/Grad_mlp.fc2.lora_B_block_0/events.out.tfevents.1768387349.master-192-168-8-48.1680.8,mlp.fc2.lora_B,0
1768388764.0663958,2483,77.625,0.10793667286634445,Grad/mlp.fc2.lora_B,outputs_dev/vitb16/T=vtab_Q=3bit_L=lora_2_qkv-fc1-proj-fc2/cifar/20260114184203_default_acc=53.50/tensorboard/Grad_mlp.fc2.lora_B_block_0/events.out.tfevents.1768387349.master-192-168-8-48.1680.8,mlp.fc2.lora_B,0
1768388764.4599707,2484,77.65625,0.020773092284798622,Grad/mlp.fc2.lora_B,outputs_dev/vitb16/T=vtab_Q=3bit_L=lora_2_qkv-fc1-proj-fc2/cifar/20260114184203_default_acc=53.50/tensorboard/Grad_mlp.fc2.lora_B_block_0/events.out.tfevents.1768387349.master-192-168-8-48.1680.8,mlp.fc2.lora_B,0
1768388764.8568234,2485,77.6875,0.14274390041828156,Grad/mlp.fc2.lora_B,outputs_dev/vitb16/T=vtab_Q=3bit_L=lora_2_qkv-fc1-proj-fc2/cifar/20260114184203_default_acc=53.50/tensorboard/Grad_mlp.fc2.lora_B_block_0/events.out.tfevents.1768387349.master-192-168-8-48.1680.8,mlp.fc2.lora_B,0
1768388765.27241,2486,77.71875,0.019924845546483994,Grad/mlp.fc2.lora_B,outputs_dev/vitb16/T=vtab_Q=3bit_L=lora_2_qkv-fc1-proj-fc2/cifar/20260114184203_default_acc=53.50/tensorboard/Grad_mlp.fc2.lora_B_block_0/events.out.tfevents.1768387349.master-192-168-8-48.1680.8,mlp.fc2.lora_B,0
1768388765.6755476,2487,77.75,0.14577791094779968,Grad/mlp.fc2.lora_B,outputs_dev/vitb16/T=vtab_Q=3bit_L=lora_2_qkv-fc1-proj-fc2/cifar/20260114184203_default_acc=53.50/tensorboard/Grad_mlp.fc2.lora_B_block_0/events.out.tfevents.1768387349.master-192-168-8-48.1680.8,mlp.fc2.lora_B,0
1768388766.0826573,2488,77.78125,0.22000952064990997,Grad/mlp.fc2.lora_B,outputs_dev/vitb16/T=vtab_Q=3bit_L=lora_2_qkv-fc1-proj-fc2/cifar/20260114184203_default_acc=53.50/tensorboard/Grad_mlp.fc2.lora_B_block_0/events.out.tfevents.1768387349.master-192-168-8-48.1680.8,mlp.fc2.lora_B,0
1768388766.4871821,2489,77.8125,0.2091585248708725,Grad/mlp.fc2.lora_B,outputs_dev/vitb16/T=vtab_Q=3bit_L=lora_2_qkv-fc1-proj-fc2/cifar/20260114184203_default_acc=53.50/tensorboard/Grad_mlp.fc2.lora_B_block_0/events.out.tfevents.1768387349.master-192-168-8-48.1680.8,mlp.fc2.lora_B,0
1768388766.887765,2490,77.84375,0.18532094359397888,Grad/mlp.fc2.lora_B,outputs_dev/vitb16/T=vtab_Q=3bit_L=lora_2_qkv-fc1-proj-fc2/cifar/20260114184203_default_acc=53.50/tensorboard/Grad_mlp.fc2.lora_B_block_0/events.out.tfevents.1768387349.master-192-168-8-48.1680.8,mlp.fc2.lora_B,0
1768388767.2973344,2491,77.875,0.05081520229578018,Grad/mlp.fc2.lora_B,outputs_dev/vitb16/T=vtab_Q=3bit_L=lora_2_qkv-fc1-proj-fc2/cifar/20260114184203_default_acc=53.50/tensorboard/Grad_mlp.fc2.lora_B_block_0/events.out.tfevents.1768387349.master-192-168-8-48.1680.8,mlp.fc2.lora_B,0
1768388767.6957166,2492,77.90625,0.03900459408760071,Grad/mlp.fc2.lora_B,outputs_dev/vitb16/T=vtab_Q=3bit_L=lora_2_qkv-fc1-proj-fc2/cifar/20260114184203_default_acc=53.50/tensorboard/Grad_mlp.fc2.lora_B_block_0/events.out.tfevents.1768387349.master-192-168-8-48.1680.8,mlp.fc2.lora_B,0
1768388768.094914,2493,77.9375,0.30935177206993103,Grad/mlp.fc2.lora_B,outputs_dev/vitb16/T=vtab_Q=3bit_L=lora_2_qkv-fc1-proj-fc2/cifar/20260114184203_default_acc=53.50/tensorboard/Grad_mlp.fc2.lora_B_block_0/events.out.tfevents.1768387349.master-192-168-8-48.1680.8,mlp.fc2.lora_B,0
1768388768.5058596,2494,77.96875,0.06066516414284706,Grad/mlp.fc2.lora_B,outputs_dev/vitb16/T=vtab_Q=3bit_L=lora_2_qkv-fc1-proj-fc2/cifar/20260114184203_default_acc=53.50/tensorboard/Grad_mlp.fc2.lora_B_block_0/events.out.tfevents.1768387349.master-192-168-8-48.1680.8,mlp.fc2.lora_B,0
1768388768.7070472,2495,78.0,0.3395540714263916,Grad/mlp.fc2.lora_B,outputs_dev/vitb16/T=vtab_Q=3bit_L=lora_2_qkv-fc1-proj-fc2/cifar/20260114184203_default_acc=53.50/tensorboard/Grad_mlp.fc2.lora_B_block_0/events.out.tfevents.1768387349.master-192-168-8-48.1680.8,mlp.fc2.lora_B,0
1768388769.3440423,2496,78.03125,0.028761858120560646,Grad/mlp.fc2.lora_B,outputs_dev/vitb16/T=vtab_Q=3bit_L=lora_2_qkv-fc1-proj-fc2/cifar/20260114184203_default_acc=53.50/tensorboard/Grad_mlp.fc2.lora_B_block_0/events.out.tfevents.1768387349.master-192-168-8-48.1680.8,mlp.fc2.lora_B,0
1768388769.7546976,2497,78.0625,0.33720287680625916,Grad/mlp.fc2.lora_B,outputs_dev/vitb16/T=vtab_Q=3bit_L=lora_2_qkv-fc1-proj-fc2/cifar/20260114184203_default_acc=53.50/tensorboard/Grad_mlp.fc2.lora_B_block_0/events.out.tfevents.1768387349.master-192-168-8-48.1680.8,mlp.fc2.lora_B,0
1768388770.1480577,2498,78.09375,0.04219404235482216,Grad/mlp.fc2.lora_B,outputs_dev/vitb16/T=vtab_Q=3bit_L=lora_2_qkv-fc1-proj-fc2/cifar/20260114184203_default_acc=53.50/tensorboard/Grad_mlp.fc2.lora_B_block_0/events.out.tfevents.1768387349.master-192-168-8-48.1680.8,mlp.fc2.lora_B,0
1768388770.5444584,2499,78.125,0.06096869707107544,Grad/mlp.fc2.lora_B,outputs_dev/vitb16/T=vtab_Q=3bit_L=lora_2_qkv-fc1-proj-fc2/cifar/20260114184203_default_acc=53.50/tensorboard/Grad_mlp.fc2.lora_B_block_0/events.out.tfevents.1768387349.master-192-168-8-48.1680.8,mlp.fc2.lora_B,0
1768388770.922441,2500,78.15625,0.041724491864442825,Grad/mlp.fc2.lora_B,outputs_dev/vitb16/T=vtab_Q=3bit_L=lora_2_qkv-fc1-proj-fc2/cifar/20260114184203_default_acc=53.50/tensorboard/Grad_mlp.fc2.lora_B_block_0/events.out.tfevents.1768387349.master-192-168-8-48.1680.8,mlp.fc2.lora_B,0
1768388771.3156877,2501,78.1875,0.03385594114661217,Grad/mlp.fc2.lora_B,outputs_dev/vitb16/T=vtab_Q=3bit_L=lora_2_qkv-fc1-proj-fc2/cifar/20260114184203_default_acc=53.50/tensorboard/Grad_mlp.fc2.lora_B_block_0/events.out.tfevents.1768387349.master-192-168-8-48.1680.8,mlp.fc2.lora_B,0
1768388771.708797,2502,78.21875,0.06426528841257095,Grad/mlp.fc2.lora_B,outputs_dev/vitb16/T=vtab_Q=3bit_L=lora_2_qkv-fc1-proj-fc2/cifar/20260114184203_default_acc=53.50/tensorboard/Grad_mlp.fc2.lora_B_block_0/events.out.tfevents.1768387349.master-192-168-8-48.1680.8,mlp.fc2.lora_B,0
1768388772.099253,2503,78.25,0.45097675919532776,Grad/mlp.fc2.lora_B,outputs_dev/vitb16/T=vtab_Q=3bit_L=lora_2_qkv-fc1-proj-fc2/cifar/20260114184203_default_acc=53.50/tensorboard/Grad_mlp.fc2.lora_B_block_0/events.out.tfevents.1768387349.master-192-168-8-48.1680.8,mlp.fc2.lora_B,0
1768388772.4912462,2504,78.28125,0.028196819126605988,Grad/mlp.fc2.lora_B,outputs_dev/vitb16/T=vtab_Q=3bit_L=lora_2_qkv-fc1-proj-fc2/cifar/20260114184203_default_acc=53.50/tensorboard/Grad_mlp.fc2.lora_B_block_0/events.out.tfevents.1768387349.master-192-168-8-48.1680.8,mlp.fc2.lora_B,0
1768388772.8871086,2505,78.3125,0.11590684950351715,Grad/mlp.fc2.lora_B,outputs_dev/vitb16/T=vtab_Q=3bit_L=lora_2_qkv-fc1-proj-fc2/cifar/20260114184203_default_acc=53.50/tensorboard/Grad_mlp.fc2.lora_B_block_0/events.out.tfevents.1768387349.master-192-168-8-48.1680.8,mlp.fc2.lora_B,0
1768388773.311854,2506,78.34375,0.043950021266937256,Grad/mlp.fc2.lora_B,outputs_dev/vitb16/T=vtab_Q=3bit_L=lora_2_qkv-fc1-proj-fc2/cifar/20260114184203_default_acc=53.50/tensorboard/Grad_mlp.fc2.lora_B_block_0/events.out.tfevents.1768387349.master-192-168-8-48.1680.8,mlp.fc2.lora_B,0
1768388773.7035015,2507,78.375,0.04520989581942558,Grad/mlp.fc2.lora_B,outputs_dev/vitb16/T=vtab_Q=3bit_L=lora_2_qkv-fc1-proj-fc2/cifar/20260114184203_default_acc=53.50/tensorboard/Grad_mlp.fc2.lora_B_block_0/events.out.tfevents.1768387349.master-192-168-8-48.1680.8,mlp.fc2.lora_B,0
1768388774.0935144,2508,78.40625,0.0912027657032013,Grad/mlp.fc2.lora_B,outputs_dev/vitb16/T=vtab_Q=3bit_L=lora_2_qkv-fc1-proj-fc2/cifar/20260114184203_default_acc=53.50/tensorboard/Grad_mlp.fc2.lora_B_block_0/events.out.tfevents.1768387349.master-192-168-8-48.1680.8,mlp.fc2.lora_B,0
1768388774.483665,2509,78.4375,0.09301929175853729,Grad/mlp.fc2.lora_B,outputs_dev/vitb16/T=vtab_Q=3bit_L=lora_2_qkv-fc1-proj-fc2/cifar/20260114184203_default_acc=53.50/tensorboard/Grad_mlp.fc2.lora_B_block_0/events.out.tfevents.1768387349.master-192-168-8-48.1680.8,mlp.fc2.lora_B,0
1768388774.8935041,2510,78.46875,0.11993242055177689,Grad/mlp.fc2.lora_B,outputs_dev/vitb16/T=vtab_Q=3bit_L=lora_2_qkv-fc1-proj-fc2/cifar/20260114184203_default_acc=53.50/tensorboard/Grad_mlp.fc2.lora_B_block_0/events.out.tfevents.1768387349.master-192-168-8-48.1680.8,mlp.fc2.lora_B,0
1768388775.2891138,2511,78.5,0.2562778890132904,Grad/mlp.fc2.lora_B,outputs_dev/vitb16/T=vtab_Q=3bit_L=lora_2_qkv-fc1-proj-fc2/cifar/20260114184203_default_acc=53.50/tensorboard/Grad_mlp.fc2.lora_B_block_0/events.out.tfevents.1768387349.master-192-168-8-48.1680.8,mlp.fc2.lora_B,0
1768388775.6857398,2512,78.53125,0.08441312611103058,Grad/mlp.fc2.lora_B,outputs_dev/vitb16/T=vtab_Q=3bit_L=lora_2_qkv-fc1-proj-fc2/cifar/20260114184203_default_acc=53.50/tensorboard/Grad_mlp.fc2.lora_B_block_0/events.out.tfevents.1768387349.master-192-168-8-48.1680.8,mlp.fc2.lora_B,0
1768388776.0812032,2513,78.5625,0.2031177133321762,Grad/mlp.fc2.lora_B,outputs_dev/vitb16/T=vtab_Q=3bit_L=lora_2_qkv-fc1-proj-fc2/cifar/20260114184203_default_acc=53.50/tensorboard/Grad_mlp.fc2.lora_B_block_0/events.out.tfevents.1768387349.master-192-168-8-48.1680.8,mlp.fc2.lora_B,0
1768388776.4811733,2514,78.59375,0.054940883070230484,Grad/mlp.fc2.lora_B,outputs_dev/vitb16/T=vtab_Q=3bit_L=lora_2_qkv-fc1-proj-fc2/cifar/20260114184203_default_acc=53.50/tensorboard/Grad_mlp.fc2.lora_B_block_0/events.out.tfevents.1768387349.master-192-168-8-48.1680.8,mlp.fc2.lora_B,0
1768388776.8850634,2515,78.625,0.04840025678277016,Grad/mlp.fc2.lora_B,outputs_dev/vitb16/T=vtab_Q=3bit_L=lora_2_qkv-fc1-proj-fc2/cifar/20260114184203_default_acc=53.50/tensorboard/Grad_mlp.fc2.lora_B_block_0/events.out.tfevents.1768387349.master-192-168-8-48.1680.8,mlp.fc2.lora_B,0
1768388777.3006794,2516,78.65625,0.06785019487142563,Grad/mlp.fc2.lora_B,outputs_dev/vitb16/T=vtab_Q=3bit_L=lora_2_qkv-fc1-proj-fc2/cifar/20260114184203_default_acc=53.50/tensorboard/Grad_mlp.fc2.lora_B_block_0/events.out.tfevents.1768387349.master-192-168-8-48.1680.8,mlp.fc2.lora_B,0
1768388777.6992583,2517,78.6875,0.040809474885463715,Grad/mlp.fc2.lora_B,outputs_dev/vitb16/T=vtab_Q=3bit_L=lora_2_qkv-fc1-proj-fc2/cifar/20260114184203_default_acc=53.50/tensorboard/Grad_mlp.fc2.lora_B_block_0/events.out.tfevents.1768387349.master-192-168-8-48.1680.8,mlp.fc2.lora_B,0
1768388778.0944788,2518,78.71875,0.08599471300840378,Grad/mlp.fc2.lora_B,outputs_dev/vitb16/T=vtab_Q=3bit_L=lora_2_qkv-fc1-proj-fc2/cifar/20260114184203_default_acc=53.50/tensorboard/Grad_mlp.fc2.lora_B_block_0/events.out.tfevents.1768387349.master-192-168-8-48.1680.8,mlp.fc2.lora_B,0
1768388778.490784,2519,78.75,0.038433101028203964,Grad/mlp.fc2.lora_B,outputs_dev/vitb16/T=vtab_Q=3bit_L=lora_2_qkv-fc1-proj-fc2/cifar/20260114184203_default_acc=53.50/tensorboard/Grad_mlp.fc2.lora_B_block_0/events.out.tfevents.1768387349.master-192-168-8-48.1680.8,mlp.fc2.lora_B,0
1768388778.8826249,2520,78.78125,0.06937047094106674,Grad/mlp.fc2.lora_B,outputs_dev/vitb16/T=vtab_Q=3bit_L=lora_2_qkv-fc1-proj-fc2/cifar/20260114184203_default_acc=53.50/tensorboard/Grad_mlp.fc2.lora_B_block_0/events.out.tfevents.1768387349.master-192-168-8-48.1680.8,mlp.fc2.lora_B,0
1768388779.2779927,2521,78.8125,0.027133233845233917,Grad/mlp.fc2.lora_B,outputs_dev/vitb16/T=vtab_Q=3bit_L=lora_2_qkv-fc1-proj-fc2/cifar/20260114184203_default_acc=53.50/tensorboard/Grad_mlp.fc2.lora_B_block_0/events.out.tfevents.1768387349.master-192-168-8-48.1680.8,mlp.fc2.lora_B,0
1768388779.6783237,2522,78.84375,0.044886358082294464,Grad/mlp.fc2.lora_B,outputs_dev/vitb16/T=vtab_Q=3bit_L=lora_2_qkv-fc1-proj-fc2/cifar/20260114184203_default_acc=53.50/tensorboard/Grad_mlp.fc2.lora_B_block_0/events.out.tfevents.1768387349.master-192-168-8-48.1680.8,mlp.fc2.lora_B,0
1768388780.0779362,2523,78.875,0.08963434398174286,Grad/mlp.fc2.lora_B,outputs_dev/vitb16/T=vtab_Q=3bit_L=lora_2_qkv-fc1-proj-fc2/cifar/20260114184203_default_acc=53.50/tensorboard/Grad_mlp.fc2.lora_B_block_0/events.out.tfevents.1768387349.master-192-168-8-48.1680.8,mlp.fc2.lora_B,0
1768388780.4749236,2524,78.90625,0.12084122747182846,Grad/mlp.fc2.lora_B,outputs_dev/vitb16/T=vtab_Q=3bit_L=lora_2_qkv-fc1-proj-fc2/cifar/20260114184203_default_acc=53.50/tensorboard/Grad_mlp.fc2.lora_B_block_0/events.out.tfevents.1768387349.master-192-168-8-48.1680.8,mlp.fc2.lora_B,0
1768388780.8721476,2525,78.9375,0.0830083042383194,Grad/mlp.fc2.lora_B,outputs_dev/vitb16/T=vtab_Q=3bit_L=lora_2_qkv-fc1-proj-fc2/cifar/20260114184203_default_acc=53.50/tensorboard/Grad_mlp.fc2.lora_B_block_0/events.out.tfevents.1768387349.master-192-168-8-48.1680.8,mlp.fc2.lora_B,0
1768388781.269341,2526,78.96875,0.03418450057506561,Grad/mlp.fc2.lora_B,outputs_dev/vitb16/T=vtab_Q=3bit_L=lora_2_qkv-fc1-proj-fc2/cifar/20260114184203_default_acc=53.50/tensorboard/Grad_mlp.fc2.lora_B_block_0/events.out.tfevents.1768387349.master-192-168-8-48.1680.8,mlp.fc2.lora_B,0
1768388781.4949932,2527,79.0,0.13918931782245636,Grad/mlp.fc2.lora_B,outputs_dev/vitb16/T=vtab_Q=3bit_L=lora_2_qkv-fc1-proj-fc2/cifar/20260114184203_default_acc=53.50/tensorboard/Grad_mlp.fc2.lora_B_block_0/events.out.tfevents.1768387349.master-192-168-8-48.1680.8,mlp.fc2.lora_B,0
1768388782.1356523,2528,79.03125,0.06316360086202621,Grad/mlp.fc2.lora_B,outputs_dev/vitb16/T=vtab_Q=3bit_L=lora_2_qkv-fc1-proj-fc2/cifar/20260114184203_default_acc=53.50/tensorboard/Grad_mlp.fc2.lora_B_block_0/events.out.tfevents.1768387349.master-192-168-8-48.1680.8,mlp.fc2.lora_B,0
1768388782.5481443,2529,79.0625,0.03280934318900108,Grad/mlp.fc2.lora_B,outputs_dev/vitb16/T=vtab_Q=3bit_L=lora_2_qkv-fc1-proj-fc2/cifar/20260114184203_default_acc=53.50/tensorboard/Grad_mlp.fc2.lora_B_block_0/events.out.tfevents.1768387349.master-192-168-8-48.1680.8,mlp.fc2.lora_B,0
1768388783.0427186,2530,79.09375,0.023850832134485245,Grad/mlp.fc2.lora_B,outputs_dev/vitb16/T=vtab_Q=3bit_L=lora_2_qkv-fc1-proj-fc2/cifar/20260114184203_default_acc=53.50/tensorboard/Grad_mlp.fc2.lora_B_block_0/events.out.tfevents.1768387349.master-192-168-8-48.1680.8,mlp.fc2.lora_B,0
1768388783.4392495,2531,79.125,0.024650411680340767,Grad/mlp.fc2.lora_B,outputs_dev/vitb16/T=vtab_Q=3bit_L=lora_2_qkv-fc1-proj-fc2/cifar/20260114184203_default_acc=53.50/tensorboard/Grad_mlp.fc2.lora_B_block_0/events.out.tfevents.1768387349.master-192-168-8-48.1680.8,mlp.fc2.lora_B,0
1768388783.8488555,2532,79.15625,0.07051953673362732,Grad/mlp.fc2.lora_B,outputs_dev/vitb16/T=vtab_Q=3bit_L=lora_2_qkv-fc1-proj-fc2/cifar/20260114184203_default_acc=53.50/tensorboard/Grad_mlp.fc2.lora_B_block_0/events.out.tfevents.1768387349.master-192-168-8-48.1680.8,mlp.fc2.lora_B,0
1768388784.2636616,2533,79.1875,0.0467585027217865,Grad/mlp.fc2.lora_B,outputs_dev/vitb16/T=vtab_Q=3bit_L=lora_2_qkv-fc1-proj-fc2/cifar/20260114184203_default_acc=53.50/tensorboard/Grad_mlp.fc2.lora_B_block_0/events.out.tfevents.1768387349.master-192-168-8-48.1680.8,mlp.fc2.lora_B,0
1768388784.6626956,2534,79.21875,0.03968876972794533,Grad/mlp.fc2.lora_B,outputs_dev/vitb16/T=vtab_Q=3bit_L=lora_2_qkv-fc1-proj-fc2/cifar/20260114184203_default_acc=53.50/tensorboard/Grad_mlp.fc2.lora_B_block_0/events.out.tfevents.1768387349.master-192-168-8-48.1680.8,mlp.fc2.lora_B,0
1768388785.0470982,2535,79.25,0.06469497829675674,Grad/mlp.fc2.lora_B,outputs_dev/vitb16/T=vtab_Q=3bit_L=lora_2_qkv-fc1-proj-fc2/cifar/20260114184203_default_acc=53.50/tensorboard/Grad_mlp.fc2.lora_B_block_0/events.out.tfevents.1768387349.master-192-168-8-48.1680.8,mlp.fc2.lora_B,0
1768388785.4436293,2536,79.28125,0.2200051099061966,Grad/mlp.fc2.lora_B,outputs_dev/vitb16/T=vtab_Q=3bit_L=lora_2_qkv-fc1-proj-fc2/cifar/20260114184203_default_acc=53.50/tensorboard/Grad_mlp.fc2.lora_B_block_0/events.out.tfevents.1768387349.master-192-168-8-48.1680.8,mlp.fc2.lora_B,0
1768388785.8408098,2537,79.3125,0.05550001934170723,Grad/mlp.fc2.lora_B,outputs_dev/vitb16/T=vtab_Q=3bit_L=lora_2_qkv-fc1-proj-fc2/cifar/20260114184203_default_acc=53.50/tensorboard/Grad_mlp.fc2.lora_B_block_0/events.out.tfevents.1768387349.master-192-168-8-48.1680.8,mlp.fc2.lora_B,0
1768388786.2384472,2538,79.34375,0.0378723107278347,Grad/mlp.fc2.lora_B,outputs_dev/vitb16/T=vtab_Q=3bit_L=lora_2_qkv-fc1-proj-fc2/cifar/20260114184203_default_acc=53.50/tensorboard/Grad_mlp.fc2.lora_B_block_0/events.out.tfevents.1768387349.master-192-168-8-48.1680.8,mlp.fc2.lora_B,0
1768388786.6567001,2539,79.375,0.07010740041732788,Grad/mlp.fc2.lora_B,outputs_dev/vitb16/T=vtab_Q=3bit_L=lora_2_qkv-fc1-proj-fc2/cifar/20260114184203_default_acc=53.50/tensorboard/Grad_mlp.fc2.lora_B_block_0/events.out.tfevents.1768387349.master-192-168-8-48.1680.8,mlp.fc2.lora_B,0
1768388787.071917,2540,79.40625,0.11386866867542267,Grad/mlp.fc2.lora_B,outputs_dev/vitb16/T=vtab_Q=3bit_L=lora_2_qkv-fc1-proj-fc2/cifar/20260114184203_default_acc=53.50/tensorboard/Grad_mlp.fc2.lora_B_block_0/events.out.tfevents.1768387349.master-192-168-8-48.1680.8,mlp.fc2.lora_B,0
1768388787.4843347,2541,79.4375,0.06363001465797424,Grad/mlp.fc2.lora_B,outputs_dev/vitb16/T=vtab_Q=3bit_L=lora_2_qkv-fc1-proj-fc2/cifar/20260114184203_default_acc=53.50/tensorboard/Grad_mlp.fc2.lora_B_block_0/events.out.tfevents.1768387349.master-192-168-8-48.1680.8,mlp.fc2.lora_B,0
1768388787.8958068,2542,79.46875,0.033346500247716904,Grad/mlp.fc2.lora_B,outputs_dev/vitb16/T=vtab_Q=3bit_L=lora_2_qkv-fc1-proj-fc2/cifar/20260114184203_default_acc=53.50/tensorboard/Grad_mlp.fc2.lora_B_block_0/events.out.tfevents.1768387349.master-192-168-8-48.1680.8,mlp.fc2.lora_B,0
1768388788.2761111,2543,79.5,0.7419873476028442,Grad/mlp.fc2.lora_B,outputs_dev/vitb16/T=vtab_Q=3bit_L=lora_2_qkv-fc1-proj-fc2/cifar/20260114184203_default_acc=53.50/tensorboard/Grad_mlp.fc2.lora_B_block_0/events.out.tfevents.1768387349.master-192-168-8-48.1680.8,mlp.fc2.lora_B,0
1768388788.6704578,2544,79.53125,0.06012009456753731,Grad/mlp.fc2.lora_B,outputs_dev/vitb16/T=vtab_Q=3bit_L=lora_2_qkv-fc1-proj-fc2/cifar/20260114184203_default_acc=53.50/tensorboard/Grad_mlp.fc2.lora_B_block_0/events.out.tfevents.1768387349.master-192-168-8-48.1680.8,mlp.fc2.lora_B,0
1768388789.060783,2545,79.5625,0.041380710899829865,Grad/mlp.fc2.lora_B,outputs_dev/vitb16/T=vtab_Q=3bit_L=lora_2_qkv-fc1-proj-fc2/cifar/20260114184203_default_acc=53.50/tensorboard/Grad_mlp.fc2.lora_B_block_0/events.out.tfevents.1768387349.master-192-168-8-48.1680.8,mlp.fc2.lora_B,0
1768388789.4404852,2546,79.59375,0.03784951567649841,Grad/mlp.fc2.lora_B,outputs_dev/vitb16/T=vtab_Q=3bit_L=lora_2_qkv-fc1-proj-fc2/cifar/20260114184203_default_acc=53.50/tensorboard/Grad_mlp.fc2.lora_B_block_0/events.out.tfevents.1768387349.master-192-168-8-48.1680.8,mlp.fc2.lora_B,0
1768388789.8333058,2547,79.625,0.11289512366056442,Grad/mlp.fc2.lora_B,outputs_dev/vitb16/T=vtab_Q=3bit_L=lora_2_qkv-fc1-proj-fc2/cifar/20260114184203_default_acc=53.50/tensorboard/Grad_mlp.fc2.lora_B_block_0/events.out.tfevents.1768387349.master-192-168-8-48.1680.8,mlp.fc2.lora_B,0
1768388790.21106,2548,79.65625,0.09291078895330429,Grad/mlp.fc2.lora_B,outputs_dev/vitb16/T=vtab_Q=3bit_L=lora_2_qkv-fc1-proj-fc2/cifar/20260114184203_default_acc=53.50/tensorboard/Grad_mlp.fc2.lora_B_block_0/events.out.tfevents.1768387349.master-192-168-8-48.1680.8,mlp.fc2.lora_B,0
1768388790.6082153,2549,79.6875,0.09263800084590912,Grad/mlp.fc2.lora_B,outputs_dev/vitb16/T=vtab_Q=3bit_L=lora_2_qkv-fc1-proj-fc2/cifar/20260114184203_default_acc=53.50/tensorboard/Grad_mlp.fc2.lora_B_block_0/events.out.tfevents.1768387349.master-192-168-8-48.1680.8,mlp.fc2.lora_B,0
1768388791.0035303,2550,79.71875,0.12788966298103333,Grad/mlp.fc2.lora_B,outputs_dev/vitb16/T=vtab_Q=3bit_L=lora_2_qkv-fc1-proj-fc2/cifar/20260114184203_default_acc=53.50/tensorboard/Grad_mlp.fc2.lora_B_block_0/events.out.tfevents.1768387349.master-192-168-8-48.1680.8,mlp.fc2.lora_B,0
1768388791.4280634,2551,79.75,0.07578592747449875,Grad/mlp.fc2.lora_B,outputs_dev/vitb16/T=vtab_Q=3bit_L=lora_2_qkv-fc1-proj-fc2/cifar/20260114184203_default_acc=53.50/tensorboard/Grad_mlp.fc2.lora_B_block_0/events.out.tfevents.1768387349.master-192-168-8-48.1680.8,mlp.fc2.lora_B,0
1768388791.8455913,2552,79.78125,0.08411397784948349,Grad/mlp.fc2.lora_B,outputs_dev/vitb16/T=vtab_Q=3bit_L=lora_2_qkv-fc1-proj-fc2/cifar/20260114184203_default_acc=53.50/tensorboard/Grad_mlp.fc2.lora_B_block_0/events.out.tfevents.1768387349.master-192-168-8-48.1680.8,mlp.fc2.lora_B,0
1768388792.2629187,2553,79.8125,0.6957941055297852,Grad/mlp.fc2.lora_B,outputs_dev/vitb16/T=vtab_Q=3bit_L=lora_2_qkv-fc1-proj-fc2/cifar/20260114184203_default_acc=53.50/tensorboard/Grad_mlp.fc2.lora_B_block_0/events.out.tfevents.1768387349.master-192-168-8-48.1680.8,mlp.fc2.lora_B,0
1768388792.800344,2554,79.84375,0.1804358959197998,Grad/mlp.fc2.lora_B,outputs_dev/vitb16/T=vtab_Q=3bit_L=lora_2_qkv-fc1-proj-fc2/cifar/20260114184203_default_acc=53.50/tensorboard/Grad_mlp.fc2.lora_B_block_0/events.out.tfevents.1768387349.master-192-168-8-48.1680.8,mlp.fc2.lora_B,0
1768388793.3707914,2555,79.875,0.1850440353155136,Grad/mlp.fc2.lora_B,outputs_dev/vitb16/T=vtab_Q=3bit_L=lora_2_qkv-fc1-proj-fc2/cifar/20260114184203_default_acc=53.50/tensorboard/Grad_mlp.fc2.lora_B_block_0/events.out.tfevents.1768387349.master-192-168-8-48.1680.8,mlp.fc2.lora_B,0
1768388793.7626572,2556,79.90625,0.15481559932231903,Grad/mlp.fc2.lora_B,outputs_dev/vitb16/T=vtab_Q=3bit_L=lora_2_qkv-fc1-proj-fc2/cifar/20260114184203_default_acc=53.50/tensorboard/Grad_mlp.fc2.lora_B_block_0/events.out.tfevents.1768387349.master-192-168-8-48.1680.8,mlp.fc2.lora_B,0
1768388794.1687586,2557,79.9375,0.015726087614893913,Grad/mlp.fc2.lora_B,outputs_dev/vitb16/T=vtab_Q=3bit_L=lora_2_qkv-fc1-proj-fc2/cifar/20260114184203_default_acc=53.50/tensorboard/Grad_mlp.fc2.lora_B_block_0/events.out.tfevents.1768387349.master-192-168-8-48.1680.8,mlp.fc2.lora_B,0
1768388794.5612457,2558,79.96875,0.17567574977874756,Grad/mlp.fc2.lora_B,outputs_dev/vitb16/T=vtab_Q=3bit_L=lora_2_qkv-fc1-proj-fc2/cifar/20260114184203_default_acc=53.50/tensorboard/Grad_mlp.fc2.lora_B_block_0/events.out.tfevents.1768387349.master-192-168-8-48.1680.8,mlp.fc2.lora_B,0
1768388794.843858,2559,80.0,0.06996067613363266,Grad/mlp.fc2.lora_B,outputs_dev/vitb16/T=vtab_Q=3bit_L=lora_2_qkv-fc1-proj-fc2/cifar/20260114184203_default_acc=53.50/tensorboard/Grad_mlp.fc2.lora_B_block_0/events.out.tfevents.1768387349.master-192-168-8-48.1680.8,mlp.fc2.lora_B,0
1768388795.4751177,2560,80.03125,0.018207045271992683,Grad/mlp.fc2.lora_B,outputs_dev/vitb16/T=vtab_Q=3bit_L=lora_2_qkv-fc1-proj-fc2/cifar/20260114184203_default_acc=53.50/tensorboard/Grad_mlp.fc2.lora_B_block_0/events.out.tfevents.1768387349.master-192-168-8-48.1680.8,mlp.fc2.lora_B,0
1768388795.876097,2561,80.0625,0.0387374684214592,Grad/mlp.fc2.lora_B,outputs_dev/vitb16/T=vtab_Q=3bit_L=lora_2_qkv-fc1-proj-fc2/cifar/20260114184203_default_acc=53.50/tensorboard/Grad_mlp.fc2.lora_B_block_0/events.out.tfevents.1768387349.master-192-168-8-48.1680.8,mlp.fc2.lora_B,0
1768388796.2830622,2562,80.09375,0.053915075957775116,Grad/mlp.fc2.lora_B,outputs_dev/vitb16/T=vtab_Q=3bit_L=lora_2_qkv-fc1-proj-fc2/cifar/20260114184203_default_acc=53.50/tensorboard/Grad_mlp.fc2.lora_B_block_0/events.out.tfevents.1768387349.master-192-168-8-48.1680.8,mlp.fc2.lora_B,0
1768388796.6789625,2563,80.125,0.03363334760069847,Grad/mlp.fc2.lora_B,outputs_dev/vitb16/T=vtab_Q=3bit_L=lora_2_qkv-fc1-proj-fc2/cifar/20260114184203_default_acc=53.50/tensorboard/Grad_mlp.fc2.lora_B_block_0/events.out.tfevents.1768387349.master-192-168-8-48.1680.8,mlp.fc2.lora_B,0
1768388797.076117,2564,80.15625,0.022901732474565506,Grad/mlp.fc2.lora_B,outputs_dev/vitb16/T=vtab_Q=3bit_L=lora_2_qkv-fc1-proj-fc2/cifar/20260114184203_default_acc=53.50/tensorboard/Grad_mlp.fc2.lora_B_block_0/events.out.tfevents.1768387349.master-192-168-8-48.1680.8,mlp.fc2.lora_B,0
1768388797.4711666,2565,80.1875,0.18542520701885223,Grad/mlp.fc2.lora_B,outputs_dev/vitb16/T=vtab_Q=3bit_L=lora_2_qkv-fc1-proj-fc2/cifar/20260114184203_default_acc=53.50/tensorboard/Grad_mlp.fc2.lora_B_block_0/events.out.tfevents.1768387349.master-192-168-8-48.1680.8,mlp.fc2.lora_B,0
1768388797.866142,2566,80.21875,0.10709469020366669,Grad/mlp.fc2.lora_B,outputs_dev/vitb16/T=vtab_Q=3bit_L=lora_2_qkv-fc1-proj-fc2/cifar/20260114184203_default_acc=53.50/tensorboard/Grad_mlp.fc2.lora_B_block_0/events.out.tfevents.1768387349.master-192-168-8-48.1680.8,mlp.fc2.lora_B,0
1768388798.2638009,2567,80.25,0.24486258625984192,Grad/mlp.fc2.lora_B,outputs_dev/vitb16/T=vtab_Q=3bit_L=lora_2_qkv-fc1-proj-fc2/cifar/20260114184203_default_acc=53.50/tensorboard/Grad_mlp.fc2.lora_B_block_0/events.out.tfevents.1768387349.master-192-168-8-48.1680.8,mlp.fc2.lora_B,0
1768388798.6811504,2568,80.28125,0.07298772782087326,Grad/mlp.fc2.lora_B,outputs_dev/vitb16/T=vtab_Q=3bit_L=lora_2_qkv-fc1-proj-fc2/cifar/20260114184203_default_acc=53.50/tensorboard/Grad_mlp.fc2.lora_B_block_0/events.out.tfevents.1768387349.master-192-168-8-48.1680.8,mlp.fc2.lora_B,0
1768388799.0984836,2569,80.3125,0.04018609598278999,Grad/mlp.fc2.lora_B,outputs_dev/vitb16/T=vtab_Q=3bit_L=lora_2_qkv-fc1-proj-fc2/cifar/20260114184203_default_acc=53.50/tensorboard/Grad_mlp.fc2.lora_B_block_0/events.out.tfevents.1768387349.master-192-168-8-48.1680.8,mlp.fc2.lora_B,0
1768388799.517884,2570,80.34375,0.45595642924308777,Grad/mlp.fc2.lora_B,outputs_dev/vitb16/T=vtab_Q=3bit_L=lora_2_qkv-fc1-proj-fc2/cifar/20260114184203_default_acc=53.50/tensorboard/Grad_mlp.fc2.lora_B_block_0/events.out.tfevents.1768387349.master-192-168-8-48.1680.8,mlp.fc2.lora_B,0
1768388799.9433594,2571,80.375,0.11141739785671234,Grad/mlp.fc2.lora_B,outputs_dev/vitb16/T=vtab_Q=3bit_L=lora_2_qkv-fc1-proj-fc2/cifar/20260114184203_default_acc=53.50/tensorboard/Grad_mlp.fc2.lora_B_block_0/events.out.tfevents.1768387349.master-192-168-8-48.1680.8,mlp.fc2.lora_B,0
1768388800.3810287,2572,80.40625,0.2729448974132538,Grad/mlp.fc2.lora_B,outputs_dev/vitb16/T=vtab_Q=3bit_L=lora_2_qkv-fc1-proj-fc2/cifar/20260114184203_default_acc=53.50/tensorboard/Grad_mlp.fc2.lora_B_block_0/events.out.tfevents.1768387349.master-192-168-8-48.1680.8,mlp.fc2.lora_B,0
1768388800.7865427,2573,80.4375,0.09235156327486038,Grad/mlp.fc2.lora_B,outputs_dev/vitb16/T=vtab_Q=3bit_L=lora_2_qkv-fc1-proj-fc2/cifar/20260114184203_default_acc=53.50/tensorboard/Grad_mlp.fc2.lora_B_block_0/events.out.tfevents.1768387349.master-192-168-8-48.1680.8,mlp.fc2.lora_B,0
1768388801.2019613,2574,80.46875,0.34748637676239014,Grad/mlp.fc2.lora_B,outputs_dev/vitb16/T=vtab_Q=3bit_L=lora_2_qkv-fc1-proj-fc2/cifar/20260114184203_default_acc=53.50/tensorboard/Grad_mlp.fc2.lora_B_block_0/events.out.tfevents.1768387349.master-192-168-8-48.1680.8,mlp.fc2.lora_B,0
1768388801.5988,2575,80.5,0.07940598577260971,Grad/mlp.fc2.lora_B,outputs_dev/vitb16/T=vtab_Q=3bit_L=lora_2_qkv-fc1-proj-fc2/cifar/20260114184203_default_acc=53.50/tensorboard/Grad_mlp.fc2.lora_B_block_0/events.out.tfevents.1768387349.master-192-168-8-48.1680.8,mlp.fc2.lora_B,0
1768388801.9912612,2576,80.53125,0.06915882229804993,Grad/mlp.fc2.lora_B,outputs_dev/vitb16/T=vtab_Q=3bit_L=lora_2_qkv-fc1-proj-fc2/cifar/20260114184203_default_acc=53.50/tensorboard/Grad_mlp.fc2.lora_B_block_0/events.out.tfevents.1768387349.master-192-168-8-48.1680.8,mlp.fc2.lora_B,0
1768388802.392945,2577,80.5625,0.027801863849163055,Grad/mlp.fc2.lora_B,outputs_dev/vitb16/T=vtab_Q=3bit_L=lora_2_qkv-fc1-proj-fc2/cifar/20260114184203_default_acc=53.50/tensorboard/Grad_mlp.fc2.lora_B_block_0/events.out.tfevents.1768387349.master-192-168-8-48.1680.8,mlp.fc2.lora_B,0
1768388802.802708,2578,80.59375,0.01610938273370266,Grad/mlp.fc2.lora_B,outputs_dev/vitb16/T=vtab_Q=3bit_L=lora_2_qkv-fc1-proj-fc2/cifar/20260114184203_default_acc=53.50/tensorboard/Grad_mlp.fc2.lora_B_block_0/events.out.tfevents.1768387349.master-192-168-8-48.1680.8,mlp.fc2.lora_B,0
1768388803.197865,2579,80.625,0.036434970796108246,Grad/mlp.fc2.lora_B,outputs_dev/vitb16/T=vtab_Q=3bit_L=lora_2_qkv-fc1-proj-fc2/cifar/20260114184203_default_acc=53.50/tensorboard/Grad_mlp.fc2.lora_B_block_0/events.out.tfevents.1768387349.master-192-168-8-48.1680.8,mlp.fc2.lora_B,0
1768388803.5918396,2580,80.65625,0.030151493847370148,Grad/mlp.fc2.lora_B,outputs_dev/vitb16/T=vtab_Q=3bit_L=lora_2_qkv-fc1-proj-fc2/cifar/20260114184203_default_acc=53.50/tensorboard/Grad_mlp.fc2.lora_B_block_0/events.out.tfevents.1768387349.master-192-168-8-48.1680.8,mlp.fc2.lora_B,0
1768388803.9865165,2581,80.6875,0.07598519325256348,Grad/mlp.fc2.lora_B,outputs_dev/vitb16/T=vtab_Q=3bit_L=lora_2_qkv-fc1-proj-fc2/cifar/20260114184203_default_acc=53.50/tensorboard/Grad_mlp.fc2.lora_B_block_0/events.out.tfevents.1768387349.master-192-168-8-48.1680.8,mlp.fc2.lora_B,0
1768388804.3801541,2582,80.71875,0.10713870823383331,Grad/mlp.fc2.lora_B,outputs_dev/vitb16/T=vtab_Q=3bit_L=lora_2_qkv-fc1-proj-fc2/cifar/20260114184203_default_acc=53.50/tensorboard/Grad_mlp.fc2.lora_B_block_0/events.out.tfevents.1768387349.master-192-168-8-48.1680.8,mlp.fc2.lora_B,0
1768388804.7884119,2583,80.75,0.03886336833238602,Grad/mlp.fc2.lora_B,outputs_dev/vitb16/T=vtab_Q=3bit_L=lora_2_qkv-fc1-proj-fc2/cifar/20260114184203_default_acc=53.50/tensorboard/Grad_mlp.fc2.lora_B_block_0/events.out.tfevents.1768387349.master-192-168-8-48.1680.8,mlp.fc2.lora_B,0
1768388805.1822991,2584,80.78125,0.018484344705939293,Grad/mlp.fc2.lora_B,outputs_dev/vitb16/T=vtab_Q=3bit_L=lora_2_qkv-fc1-proj-fc2/cifar/20260114184203_default_acc=53.50/tensorboard/Grad_mlp.fc2.lora_B_block_0/events.out.tfevents.1768387349.master-192-168-8-48.1680.8,mlp.fc2.lora_B,0
1768388805.577222,2585,80.8125,0.05874497443437576,Grad/mlp.fc2.lora_B,outputs_dev/vitb16/T=vtab_Q=3bit_L=lora_2_qkv-fc1-proj-fc2/cifar/20260114184203_default_acc=53.50/tensorboard/Grad_mlp.fc2.lora_B_block_0/events.out.tfevents.1768387349.master-192-168-8-48.1680.8,mlp.fc2.lora_B,0
1768388805.9719322,2586,80.84375,0.0724743902683258,Grad/mlp.fc2.lora_B,outputs_dev/vitb16/T=vtab_Q=3bit_L=lora_2_qkv-fc1-proj-fc2/cifar/20260114184203_default_acc=53.50/tensorboard/Grad_mlp.fc2.lora_B_block_0/events.out.tfevents.1768387349.master-192-168-8-48.1680.8,mlp.fc2.lora_B,0
1768388806.3661456,2587,80.875,0.049294792115688324,Grad/mlp.fc2.lora_B,outputs_dev/vitb16/T=vtab_Q=3bit_L=lora_2_qkv-fc1-proj-fc2/cifar/20260114184203_default_acc=53.50/tensorboard/Grad_mlp.fc2.lora_B_block_0/events.out.tfevents.1768387349.master-192-168-8-48.1680.8,mlp.fc2.lora_B,0
1768388806.7609773,2588,80.90625,0.04176061600446701,Grad/mlp.fc2.lora_B,outputs_dev/vitb16/T=vtab_Q=3bit_L=lora_2_qkv-fc1-proj-fc2/cifar/20260114184203_default_acc=53.50/tensorboard/Grad_mlp.fc2.lora_B_block_0/events.out.tfevents.1768387349.master-192-168-8-48.1680.8,mlp.fc2.lora_B,0
1768388807.1567717,2589,80.9375,0.08723767846822739,Grad/mlp.fc2.lora_B,outputs_dev/vitb16/T=vtab_Q=3bit_L=lora_2_qkv-fc1-proj-fc2/cifar/20260114184203_default_acc=53.50/tensorboard/Grad_mlp.fc2.lora_B_block_0/events.out.tfevents.1768387349.master-192-168-8-48.1680.8,mlp.fc2.lora_B,0
1768388807.563062,2590,80.96875,0.5290254950523376,Grad/mlp.fc2.lora_B,outputs_dev/vitb16/T=vtab_Q=3bit_L=lora_2_qkv-fc1-proj-fc2/cifar/20260114184203_default_acc=53.50/tensorboard/Grad_mlp.fc2.lora_B_block_0/events.out.tfevents.1768387349.master-192-168-8-48.1680.8,mlp.fc2.lora_B,0
1768388807.784291,2591,81.0,0.04833731800317764,Grad/mlp.fc2.lora_B,outputs_dev/vitb16/T=vtab_Q=3bit_L=lora_2_qkv-fc1-proj-fc2/cifar/20260114184203_default_acc=53.50/tensorboard/Grad_mlp.fc2.lora_B_block_0/events.out.tfevents.1768387349.master-192-168-8-48.1680.8,mlp.fc2.lora_B,0
1768388843.769286,2592,81.03125,0.031766001135110855,Grad/mlp.fc2.lora_B,outputs_dev/vitb16/T=vtab_Q=3bit_L=lora_2_qkv-fc1-proj-fc2/cifar/20260114184203_default_acc=53.50/tensorboard/Grad_mlp.fc2.lora_B_block_0/events.out.tfevents.1768387349.master-192-168-8-48.1680.8,mlp.fc2.lora_B,0
1768388844.181846,2593,81.0625,0.08157551288604736,Grad/mlp.fc2.lora_B,outputs_dev/vitb16/T=vtab_Q=3bit_L=lora_2_qkv-fc1-proj-fc2/cifar/20260114184203_default_acc=53.50/tensorboard/Grad_mlp.fc2.lora_B_block_0/events.out.tfevents.1768387349.master-192-168-8-48.1680.8,mlp.fc2.lora_B,0
1768388844.5804436,2594,81.09375,0.274323433637619,Grad/mlp.fc2.lora_B,outputs_dev/vitb16/T=vtab_Q=3bit_L=lora_2_qkv-fc1-proj-fc2/cifar/20260114184203_default_acc=53.50/tensorboard/Grad_mlp.fc2.lora_B_block_0/events.out.tfevents.1768387349.master-192-168-8-48.1680.8,mlp.fc2.lora_B,0
1768388845.0068598,2595,81.125,0.07146333903074265,Grad/mlp.fc2.lora_B,outputs_dev/vitb16/T=vtab_Q=3bit_L=lora_2_qkv-fc1-proj-fc2/cifar/20260114184203_default_acc=53.50/tensorboard/Grad_mlp.fc2.lora_B_block_0/events.out.tfevents.1768387349.master-192-168-8-48.1680.8,mlp.fc2.lora_B,0
1768388845.4053314,2596,81.15625,0.027470694854855537,Grad/mlp.fc2.lora_B,outputs_dev/vitb16/T=vtab_Q=3bit_L=lora_2_qkv-fc1-proj-fc2/cifar/20260114184203_default_acc=53.50/tensorboard/Grad_mlp.fc2.lora_B_block_0/events.out.tfevents.1768387349.master-192-168-8-48.1680.8,mlp.fc2.lora_B,0
1768388845.8182845,2597,81.1875,0.08780445903539658,Grad/mlp.fc2.lora_B,outputs_dev/vitb16/T=vtab_Q=3bit_L=lora_2_qkv-fc1-proj-fc2/cifar/20260114184203_default_acc=53.50/tensorboard/Grad_mlp.fc2.lora_B_block_0/events.out.tfevents.1768387349.master-192-168-8-48.1680.8,mlp.fc2.lora_B,0
1768388846.2400444,2598,81.21875,0.045317862182855606,Grad/mlp.fc2.lora_B,outputs_dev/vitb16/T=vtab_Q=3bit_L=lora_2_qkv-fc1-proj-fc2/cifar/20260114184203_default_acc=53.50/tensorboard/Grad_mlp.fc2.lora_B_block_0/events.out.tfevents.1768387349.master-192-168-8-48.1680.8,mlp.fc2.lora_B,0
1768388846.7665715,2599,81.25,0.05891658365726471,Grad/mlp.fc2.lora_B,outputs_dev/vitb16/T=vtab_Q=3bit_L=lora_2_qkv-fc1-proj-fc2/cifar/20260114184203_default_acc=53.50/tensorboard/Grad_mlp.fc2.lora_B_block_0/events.out.tfevents.1768387349.master-192-168-8-48.1680.8,mlp.fc2.lora_B,0
1768388847.2682612,2600,81.28125,0.1462443470954895,Grad/mlp.fc2.lora_B,outputs_dev/vitb16/T=vtab_Q=3bit_L=lora_2_qkv-fc1-proj-fc2/cifar/20260114184203_default_acc=53.50/tensorboard/Grad_mlp.fc2.lora_B_block_0/events.out.tfevents.1768387349.master-192-168-8-48.1680.8,mlp.fc2.lora_B,0
1768388847.80982,2601,81.3125,0.03895493224263191,Grad/mlp.fc2.lora_B,outputs_dev/vitb16/T=vtab_Q=3bit_L=lora_2_qkv-fc1-proj-fc2/cifar/20260114184203_default_acc=53.50/tensorboard/Grad_mlp.fc2.lora_B_block_0/events.out.tfevents.1768387349.master-192-168-8-48.1680.8,mlp.fc2.lora_B,0
1768388848.3503428,2602,81.34375,0.024895884096622467,Grad/mlp.fc2.lora_B,outputs_dev/vitb16/T=vtab_Q=3bit_L=lora_2_qkv-fc1-proj-fc2/cifar/20260114184203_default_acc=53.50/tensorboard/Grad_mlp.fc2.lora_B_block_0/events.out.tfevents.1768387349.master-192-168-8-48.1680.8,mlp.fc2.lora_B,0
1768388848.8809288,2603,81.375,0.10623744130134583,Grad/mlp.fc2.lora_B,outputs_dev/vitb16/T=vtab_Q=3bit_L=lora_2_qkv-fc1-proj-fc2/cifar/20260114184203_default_acc=53.50/tensorboard/Grad_mlp.fc2.lora_B_block_0/events.out.tfevents.1768387349.master-192-168-8-48.1680.8,mlp.fc2.lora_B,0
1768388849.4307497,2604,81.40625,0.06689153611660004,Grad/mlp.fc2.lora_B,outputs_dev/vitb16/T=vtab_Q=3bit_L=lora_2_qkv-fc1-proj-fc2/cifar/20260114184203_default_acc=53.50/tensorboard/Grad_mlp.fc2.lora_B_block_0/events.out.tfevents.1768387349.master-192-168-8-48.1680.8,mlp.fc2.lora_B,0
1768388849.9048464,2605,81.4375,0.08097390085458755,Grad/mlp.fc2.lora_B,outputs_dev/vitb16/T=vtab_Q=3bit_L=lora_2_qkv-fc1-proj-fc2/cifar/20260114184203_default_acc=53.50/tensorboard/Grad_mlp.fc2.lora_B_block_0/events.out.tfevents.1768387349.master-192-168-8-48.1680.8,mlp.fc2.lora_B,0
1768388850.3017957,2606,81.46875,0.03403862193226814,Grad/mlp.fc2.lora_B,outputs_dev/vitb16/T=vtab_Q=3bit_L=lora_2_qkv-fc1-proj-fc2/cifar/20260114184203_default_acc=53.50/tensorboard/Grad_mlp.fc2.lora_B_block_0/events.out.tfevents.1768387349.master-192-168-8-48.1680.8,mlp.fc2.lora_B,0
1768388850.6974692,2607,81.5,0.04237892106175423,Grad/mlp.fc2.lora_B,outputs_dev/vitb16/T=vtab_Q=3bit_L=lora_2_qkv-fc1-proj-fc2/cifar/20260114184203_default_acc=53.50/tensorboard/Grad_mlp.fc2.lora_B_block_0/events.out.tfevents.1768387349.master-192-168-8-48.1680.8,mlp.fc2.lora_B,0
1768388851.0949914,2608,81.53125,0.022721819579601288,Grad/mlp.fc2.lora_B,outputs_dev/vitb16/T=vtab_Q=3bit_L=lora_2_qkv-fc1-proj-fc2/cifar/20260114184203_default_acc=53.50/tensorboard/Grad_mlp.fc2.lora_B_block_0/events.out.tfevents.1768387349.master-192-168-8-48.1680.8,mlp.fc2.lora_B,0
1768388851.493999,2609,81.5625,0.2827877104282379,Grad/mlp.fc2.lora_B,outputs_dev/vitb16/T=vtab_Q=3bit_L=lora_2_qkv-fc1-proj-fc2/cifar/20260114184203_default_acc=53.50/tensorboard/Grad_mlp.fc2.lora_B_block_0/events.out.tfevents.1768387349.master-192-168-8-48.1680.8,mlp.fc2.lora_B,0
1768388851.8910341,2610,81.59375,0.05596964433789253,Grad/mlp.fc2.lora_B,outputs_dev/vitb16/T=vtab_Q=3bit_L=lora_2_qkv-fc1-proj-fc2/cifar/20260114184203_default_acc=53.50/tensorboard/Grad_mlp.fc2.lora_B_block_0/events.out.tfevents.1768387349.master-192-168-8-48.1680.8,mlp.fc2.lora_B,0
1768388852.3111842,2611,81.625,0.029412275180220604,Grad/mlp.fc2.lora_B,outputs_dev/vitb16/T=vtab_Q=3bit_L=lora_2_qkv-fc1-proj-fc2/cifar/20260114184203_default_acc=53.50/tensorboard/Grad_mlp.fc2.lora_B_block_0/events.out.tfevents.1768387349.master-192-168-8-48.1680.8,mlp.fc2.lora_B,0
1768388852.7142022,2612,81.65625,0.502816379070282,Grad/mlp.fc2.lora_B,outputs_dev/vitb16/T=vtab_Q=3bit_L=lora_2_qkv-fc1-proj-fc2/cifar/20260114184203_default_acc=53.50/tensorboard/Grad_mlp.fc2.lora_B_block_0/events.out.tfevents.1768387349.master-192-168-8-48.1680.8,mlp.fc2.lora_B,0
1768388853.1098351,2613,81.6875,0.05957319587469101,Grad/mlp.fc2.lora_B,outputs_dev/vitb16/T=vtab_Q=3bit_L=lora_2_qkv-fc1-proj-fc2/cifar/20260114184203_default_acc=53.50/tensorboard/Grad_mlp.fc2.lora_B_block_0/events.out.tfevents.1768387349.master-192-168-8-48.1680.8,mlp.fc2.lora_B,0
1768388853.5055454,2614,81.71875,0.04193706437945366,Grad/mlp.fc2.lora_B,outputs_dev/vitb16/T=vtab_Q=3bit_L=lora_2_qkv-fc1-proj-fc2/cifar/20260114184203_default_acc=53.50/tensorboard/Grad_mlp.fc2.lora_B_block_0/events.out.tfevents.1768387349.master-192-168-8-48.1680.8,mlp.fc2.lora_B,0
1768388853.899542,2615,81.75,0.0713852196931839,Grad/mlp.fc2.lora_B,outputs_dev/vitb16/T=vtab_Q=3bit_L=lora_2_qkv-fc1-proj-fc2/cifar/20260114184203_default_acc=53.50/tensorboard/Grad_mlp.fc2.lora_B_block_0/events.out.tfevents.1768387349.master-192-168-8-48.1680.8,mlp.fc2.lora_B,0
1768388854.2973437,2616,81.78125,0.03084496408700943,Grad/mlp.fc2.lora_B,outputs_dev/vitb16/T=vtab_Q=3bit_L=lora_2_qkv-fc1-proj-fc2/cifar/20260114184203_default_acc=53.50/tensorboard/Grad_mlp.fc2.lora_B_block_0/events.out.tfevents.1768387349.master-192-168-8-48.1680.8,mlp.fc2.lora_B,0
1768388854.6961393,2617,81.8125,0.054781459271907806,Grad/mlp.fc2.lora_B,outputs_dev/vitb16/T=vtab_Q=3bit_L=lora_2_qkv-fc1-proj-fc2/cifar/20260114184203_default_acc=53.50/tensorboard/Grad_mlp.fc2.lora_B_block_0/events.out.tfevents.1768387349.master-192-168-8-48.1680.8,mlp.fc2.lora_B,0
1768388855.0937526,2618,81.84375,0.06845173239707947,Grad/mlp.fc2.lora_B,outputs_dev/vitb16/T=vtab_Q=3bit_L=lora_2_qkv-fc1-proj-fc2/cifar/20260114184203_default_acc=53.50/tensorboard/Grad_mlp.fc2.lora_B_block_0/events.out.tfevents.1768387349.master-192-168-8-48.1680.8,mlp.fc2.lora_B,0
1768388855.5575728,2619,81.875,0.030207017436623573,Grad/mlp.fc2.lora_B,outputs_dev/vitb16/T=vtab_Q=3bit_L=lora_2_qkv-fc1-proj-fc2/cifar/20260114184203_default_acc=53.50/tensorboard/Grad_mlp.fc2.lora_B_block_0/events.out.tfevents.1768387349.master-192-168-8-48.1680.8,mlp.fc2.lora_B,0
1768388856.1154077,2620,81.90625,0.5362085700035095,Grad/mlp.fc2.lora_B,outputs_dev/vitb16/T=vtab_Q=3bit_L=lora_2_qkv-fc1-proj-fc2/cifar/20260114184203_default_acc=53.50/tensorboard/Grad_mlp.fc2.lora_B_block_0/events.out.tfevents.1768387349.master-192-168-8-48.1680.8,mlp.fc2.lora_B,0
1768388856.6735647,2621,81.9375,0.041978590190410614,Grad/mlp.fc2.lora_B,outputs_dev/vitb16/T=vtab_Q=3bit_L=lora_2_qkv-fc1-proj-fc2/cifar/20260114184203_default_acc=53.50/tensorboard/Grad_mlp.fc2.lora_B_block_0/events.out.tfevents.1768387349.master-192-168-8-48.1680.8,mlp.fc2.lora_B,0
1768388857.2253425,2622,81.96875,0.02100774645805359,Grad/mlp.fc2.lora_B,outputs_dev/vitb16/T=vtab_Q=3bit_L=lora_2_qkv-fc1-proj-fc2/cifar/20260114184203_default_acc=53.50/tensorboard/Grad_mlp.fc2.lora_B_block_0/events.out.tfevents.1768387349.master-192-168-8-48.1680.8,mlp.fc2.lora_B,0
1768388857.6741464,2623,82.0,0.09602538496255875,Grad/mlp.fc2.lora_B,outputs_dev/vitb16/T=vtab_Q=3bit_L=lora_2_qkv-fc1-proj-fc2/cifar/20260114184203_default_acc=53.50/tensorboard/Grad_mlp.fc2.lora_B_block_0/events.out.tfevents.1768387349.master-192-168-8-48.1680.8,mlp.fc2.lora_B,0
1768388858.617428,2624,82.03125,0.028737012296915054,Grad/mlp.fc2.lora_B,outputs_dev/vitb16/T=vtab_Q=3bit_L=lora_2_qkv-fc1-proj-fc2/cifar/20260114184203_default_acc=53.50/tensorboard/Grad_mlp.fc2.lora_B_block_0/events.out.tfevents.1768387349.master-192-168-8-48.1680.8,mlp.fc2.lora_B,0
1768388859.0168881,2625,82.0625,0.049455903470516205,Grad/mlp.fc2.lora_B,outputs_dev/vitb16/T=vtab_Q=3bit_L=lora_2_qkv-fc1-proj-fc2/cifar/20260114184203_default_acc=53.50/tensorboard/Grad_mlp.fc2.lora_B_block_0/events.out.tfevents.1768387349.master-192-168-8-48.1680.8,mlp.fc2.lora_B,0
1768388859.4143202,2626,82.09375,0.024726437404751778,Grad/mlp.fc2.lora_B,outputs_dev/vitb16/T=vtab_Q=3bit_L=lora_2_qkv-fc1-proj-fc2/cifar/20260114184203_default_acc=53.50/tensorboard/Grad_mlp.fc2.lora_B_block_0/events.out.tfevents.1768387349.master-192-168-8-48.1680.8,mlp.fc2.lora_B,0
1768388859.812402,2627,82.125,0.08760679513216019,Grad/mlp.fc2.lora_B,outputs_dev/vitb16/T=vtab_Q=3bit_L=lora_2_qkv-fc1-proj-fc2/cifar/20260114184203_default_acc=53.50/tensorboard/Grad_mlp.fc2.lora_B_block_0/events.out.tfevents.1768387349.master-192-168-8-48.1680.8,mlp.fc2.lora_B,0
1768388860.2068174,2628,82.15625,0.03472243621945381,Grad/mlp.fc2.lora_B,outputs_dev/vitb16/T=vtab_Q=3bit_L=lora_2_qkv-fc1-proj-fc2/cifar/20260114184203_default_acc=53.50/tensorboard/Grad_mlp.fc2.lora_B_block_0/events.out.tfevents.1768387349.master-192-168-8-48.1680.8,mlp.fc2.lora_B,0
1768388860.612592,2629,82.1875,0.16158068180084229,Grad/mlp.fc2.lora_B,outputs_dev/vitb16/T=vtab_Q=3bit_L=lora_2_qkv-fc1-proj-fc2/cifar/20260114184203_default_acc=53.50/tensorboard/Grad_mlp.fc2.lora_B_block_0/events.out.tfevents.1768387349.master-192-168-8-48.1680.8,mlp.fc2.lora_B,0
1768388861.025963,2630,82.21875,0.040703464299440384,Grad/mlp.fc2.lora_B,outputs_dev/vitb16/T=vtab_Q=3bit_L=lora_2_qkv-fc1-proj-fc2/cifar/20260114184203_default_acc=53.50/tensorboard/Grad_mlp.fc2.lora_B_block_0/events.out.tfevents.1768387349.master-192-168-8-48.1680.8,mlp.fc2.lora_B,0
1768388861.4353697,2631,82.25,0.15451346337795258,Grad/mlp.fc2.lora_B,outputs_dev/vitb16/T=vtab_Q=3bit_L=lora_2_qkv-fc1-proj-fc2/cifar/20260114184203_default_acc=53.50/tensorboard/Grad_mlp.fc2.lora_B_block_0/events.out.tfevents.1768387349.master-192-168-8-48.1680.8,mlp.fc2.lora_B,0
1768388861.8303616,2632,82.28125,0.03852182254195213,Grad/mlp.fc2.lora_B,outputs_dev/vitb16/T=vtab_Q=3bit_L=lora_2_qkv-fc1-proj-fc2/cifar/20260114184203_default_acc=53.50/tensorboard/Grad_mlp.fc2.lora_B_block_0/events.out.tfevents.1768387349.master-192-168-8-48.1680.8,mlp.fc2.lora_B,0
1768388862.2242568,2633,82.3125,0.06510978192090988,Grad/mlp.fc2.lora_B,outputs_dev/vitb16/T=vtab_Q=3bit_L=lora_2_qkv-fc1-proj-fc2/cifar/20260114184203_default_acc=53.50/tensorboard/Grad_mlp.fc2.lora_B_block_0/events.out.tfevents.1768387349.master-192-168-8-48.1680.8,mlp.fc2.lora_B,0
1768388862.6161358,2634,82.34375,0.08387842029333115,Grad/mlp.fc2.lora_B,outputs_dev/vitb16/T=vtab_Q=3bit_L=lora_2_qkv-fc1-proj-fc2/cifar/20260114184203_default_acc=53.50/tensorboard/Grad_mlp.fc2.lora_B_block_0/events.out.tfevents.1768387349.master-192-168-8-48.1680.8,mlp.fc2.lora_B,0
1768388863.0093465,2635,82.375,0.1818736046552658,Grad/mlp.fc2.lora_B,outputs_dev/vitb16/T=vtab_Q=3bit_L=lora_2_qkv-fc1-proj-fc2/cifar/20260114184203_default_acc=53.50/tensorboard/Grad_mlp.fc2.lora_B_block_0/events.out.tfevents.1768387349.master-192-168-8-48.1680.8,mlp.fc2.lora_B,0
1768388863.398079,2636,82.40625,0.039766110479831696,Grad/mlp.fc2.lora_B,outputs_dev/vitb16/T=vtab_Q=3bit_L=lora_2_qkv-fc1-proj-fc2/cifar/20260114184203_default_acc=53.50/tensorboard/Grad_mlp.fc2.lora_B_block_0/events.out.tfevents.1768387349.master-192-168-8-48.1680.8,mlp.fc2.lora_B,0
1768388863.7905877,2637,82.4375,0.034676164388656616,Grad/mlp.fc2.lora_B,outputs_dev/vitb16/T=vtab_Q=3bit_L=lora_2_qkv-fc1-proj-fc2/cifar/20260114184203_default_acc=53.50/tensorboard/Grad_mlp.fc2.lora_B_block_0/events.out.tfevents.1768387349.master-192-168-8-48.1680.8,mlp.fc2.lora_B,0
1768388864.1750271,2638,82.46875,0.08568379282951355,Grad/mlp.fc2.lora_B,outputs_dev/vitb16/T=vtab_Q=3bit_L=lora_2_qkv-fc1-proj-fc2/cifar/20260114184203_default_acc=53.50/tensorboard/Grad_mlp.fc2.lora_B_block_0/events.out.tfevents.1768387349.master-192-168-8-48.1680.8,mlp.fc2.lora_B,0
1768388864.5688283,2639,82.5,0.08709684014320374,Grad/mlp.fc2.lora_B,outputs_dev/vitb16/T=vtab_Q=3bit_L=lora_2_qkv-fc1-proj-fc2/cifar/20260114184203_default_acc=53.50/tensorboard/Grad_mlp.fc2.lora_B_block_0/events.out.tfevents.1768387349.master-192-168-8-48.1680.8,mlp.fc2.lora_B,0
1768388864.9628704,2640,82.53125,0.05093640834093094,Grad/mlp.fc2.lora_B,outputs_dev/vitb16/T=vtab_Q=3bit_L=lora_2_qkv-fc1-proj-fc2/cifar/20260114184203_default_acc=53.50/tensorboard/Grad_mlp.fc2.lora_B_block_0/events.out.tfevents.1768387349.master-192-168-8-48.1680.8,mlp.fc2.lora_B,0
1768388865.3550558,2641,82.5625,0.025400180369615555,Grad/mlp.fc2.lora_B,outputs_dev/vitb16/T=vtab_Q=3bit_L=lora_2_qkv-fc1-proj-fc2/cifar/20260114184203_default_acc=53.50/tensorboard/Grad_mlp.fc2.lora_B_block_0/events.out.tfevents.1768387349.master-192-168-8-48.1680.8,mlp.fc2.lora_B,0
1768388865.7451215,2642,82.59375,0.053642306476831436,Grad/mlp.fc2.lora_B,outputs_dev/vitb16/T=vtab_Q=3bit_L=lora_2_qkv-fc1-proj-fc2/cifar/20260114184203_default_acc=53.50/tensorboard/Grad_mlp.fc2.lora_B_block_0/events.out.tfevents.1768387349.master-192-168-8-48.1680.8,mlp.fc2.lora_B,0
1768388866.1372068,2643,82.625,0.028502535074949265,Grad/mlp.fc2.lora_B,outputs_dev/vitb16/T=vtab_Q=3bit_L=lora_2_qkv-fc1-proj-fc2/cifar/20260114184203_default_acc=53.50/tensorboard/Grad_mlp.fc2.lora_B_block_0/events.out.tfevents.1768387349.master-192-168-8-48.1680.8,mlp.fc2.lora_B,0
1768388866.517931,2644,82.65625,0.07989325374364853,Grad/mlp.fc2.lora_B,outputs_dev/vitb16/T=vtab_Q=3bit_L=lora_2_qkv-fc1-proj-fc2/cifar/20260114184203_default_acc=53.50/tensorboard/Grad_mlp.fc2.lora_B_block_0/events.out.tfevents.1768387349.master-192-168-8-48.1680.8,mlp.fc2.lora_B,0
1768388866.958224,2645,82.6875,0.15571103990077972,Grad/mlp.fc2.lora_B,outputs_dev/vitb16/T=vtab_Q=3bit_L=lora_2_qkv-fc1-proj-fc2/cifar/20260114184203_default_acc=53.50/tensorboard/Grad_mlp.fc2.lora_B_block_0/events.out.tfevents.1768387349.master-192-168-8-48.1680.8,mlp.fc2.lora_B,0
1768388867.3532698,2646,82.71875,0.017368020489811897,Grad/mlp.fc2.lora_B,outputs_dev/vitb16/T=vtab_Q=3bit_L=lora_2_qkv-fc1-proj-fc2/cifar/20260114184203_default_acc=53.50/tensorboard/Grad_mlp.fc2.lora_B_block_0/events.out.tfevents.1768387349.master-192-168-8-48.1680.8,mlp.fc2.lora_B,0
1768388867.7447622,2647,82.75,0.03743787854909897,Grad/mlp.fc2.lora_B,outputs_dev/vitb16/T=vtab_Q=3bit_L=lora_2_qkv-fc1-proj-fc2/cifar/20260114184203_default_acc=53.50/tensorboard/Grad_mlp.fc2.lora_B_block_0/events.out.tfevents.1768387349.master-192-168-8-48.1680.8,mlp.fc2.lora_B,0
1768388868.1272795,2648,82.78125,0.16569669544696808,Grad/mlp.fc2.lora_B,outputs_dev/vitb16/T=vtab_Q=3bit_L=lora_2_qkv-fc1-proj-fc2/cifar/20260114184203_default_acc=53.50/tensorboard/Grad_mlp.fc2.lora_B_block_0/events.out.tfevents.1768387349.master-192-168-8-48.1680.8,mlp.fc2.lora_B,0
1768388868.5045378,2649,82.8125,0.06593365222215652,Grad/mlp.fc2.lora_B,outputs_dev/vitb16/T=vtab_Q=3bit_L=lora_2_qkv-fc1-proj-fc2/cifar/20260114184203_default_acc=53.50/tensorboard/Grad_mlp.fc2.lora_B_block_0/events.out.tfevents.1768387349.master-192-168-8-48.1680.8,mlp.fc2.lora_B,0
1768388868.9147809,2650,82.84375,0.03337842598557472,Grad/mlp.fc2.lora_B,outputs_dev/vitb16/T=vtab_Q=3bit_L=lora_2_qkv-fc1-proj-fc2/cifar/20260114184203_default_acc=53.50/tensorboard/Grad_mlp.fc2.lora_B_block_0/events.out.tfevents.1768387349.master-192-168-8-48.1680.8,mlp.fc2.lora_B,0
1768388869.3205674,2651,82.875,0.0788474828004837,Grad/mlp.fc2.lora_B,outputs_dev/vitb16/T=vtab_Q=3bit_L=lora_2_qkv-fc1-proj-fc2/cifar/20260114184203_default_acc=53.50/tensorboard/Grad_mlp.fc2.lora_B_block_0/events.out.tfevents.1768387349.master-192-168-8-48.1680.8,mlp.fc2.lora_B,0
1768388869.7058203,2652,82.90625,0.06399943679571152,Grad/mlp.fc2.lora_B,outputs_dev/vitb16/T=vtab_Q=3bit_L=lora_2_qkv-fc1-proj-fc2/cifar/20260114184203_default_acc=53.50/tensorboard/Grad_mlp.fc2.lora_B_block_0/events.out.tfevents.1768387349.master-192-168-8-48.1680.8,mlp.fc2.lora_B,0
1768388870.089057,2653,82.9375,0.029860844835639,Grad/mlp.fc2.lora_B,outputs_dev/vitb16/T=vtab_Q=3bit_L=lora_2_qkv-fc1-proj-fc2/cifar/20260114184203_default_acc=53.50/tensorboard/Grad_mlp.fc2.lora_B_block_0/events.out.tfevents.1768387349.master-192-168-8-48.1680.8,mlp.fc2.lora_B,0
1768388870.472303,2654,82.96875,0.035624075680971146,Grad/mlp.fc2.lora_B,outputs_dev/vitb16/T=vtab_Q=3bit_L=lora_2_qkv-fc1-proj-fc2/cifar/20260114184203_default_acc=53.50/tensorboard/Grad_mlp.fc2.lora_B_block_0/events.out.tfevents.1768387349.master-192-168-8-48.1680.8,mlp.fc2.lora_B,0
1768388870.6674929,2655,83.0,0.03767893835902214,Grad/mlp.fc2.lora_B,outputs_dev/vitb16/T=vtab_Q=3bit_L=lora_2_qkv-fc1-proj-fc2/cifar/20260114184203_default_acc=53.50/tensorboard/Grad_mlp.fc2.lora_B_block_0/events.out.tfevents.1768387349.master-192-168-8-48.1680.8,mlp.fc2.lora_B,0
1768388871.4460995,2656,83.03125,0.04811858758330345,Grad/mlp.fc2.lora_B,outputs_dev/vitb16/T=vtab_Q=3bit_L=lora_2_qkv-fc1-proj-fc2/cifar/20260114184203_default_acc=53.50/tensorboard/Grad_mlp.fc2.lora_B_block_0/events.out.tfevents.1768387349.master-192-168-8-48.1680.8,mlp.fc2.lora_B,0
1768388871.846996,2657,83.0625,0.03622814267873764,Grad/mlp.fc2.lora_B,outputs_dev/vitb16/T=vtab_Q=3bit_L=lora_2_qkv-fc1-proj-fc2/cifar/20260114184203_default_acc=53.50/tensorboard/Grad_mlp.fc2.lora_B_block_0/events.out.tfevents.1768387349.master-192-168-8-48.1680.8,mlp.fc2.lora_B,0
1768388872.2422097,2658,83.09375,0.05208243057131767,Grad/mlp.fc2.lora_B,outputs_dev/vitb16/T=vtab_Q=3bit_L=lora_2_qkv-fc1-proj-fc2/cifar/20260114184203_default_acc=53.50/tensorboard/Grad_mlp.fc2.lora_B_block_0/events.out.tfevents.1768387349.master-192-168-8-48.1680.8,mlp.fc2.lora_B,0
1768388872.63444,2659,83.125,0.037726812064647675,Grad/mlp.fc2.lora_B,outputs_dev/vitb16/T=vtab_Q=3bit_L=lora_2_qkv-fc1-proj-fc2/cifar/20260114184203_default_acc=53.50/tensorboard/Grad_mlp.fc2.lora_B_block_0/events.out.tfevents.1768387349.master-192-168-8-48.1680.8,mlp.fc2.lora_B,0
1768388873.0303931,2660,83.15625,0.04159548133611679,Grad/mlp.fc2.lora_B,outputs_dev/vitb16/T=vtab_Q=3bit_L=lora_2_qkv-fc1-proj-fc2/cifar/20260114184203_default_acc=53.50/tensorboard/Grad_mlp.fc2.lora_B_block_0/events.out.tfevents.1768387349.master-192-168-8-48.1680.8,mlp.fc2.lora_B,0
1768388873.4257245,2661,83.1875,0.033813443034887314,Grad/mlp.fc2.lora_B,outputs_dev/vitb16/T=vtab_Q=3bit_L=lora_2_qkv-fc1-proj-fc2/cifar/20260114184203_default_acc=53.50/tensorboard/Grad_mlp.fc2.lora_B_block_0/events.out.tfevents.1768387349.master-192-168-8-48.1680.8,mlp.fc2.lora_B,0
1768388873.821456,2662,83.21875,0.04212062805891037,Grad/mlp.fc2.lora_B,outputs_dev/vitb16/T=vtab_Q=3bit_L=lora_2_qkv-fc1-proj-fc2/cifar/20260114184203_default_acc=53.50/tensorboard/Grad_mlp.fc2.lora_B_block_0/events.out.tfevents.1768387349.master-192-168-8-48.1680.8,mlp.fc2.lora_B,0
1768388874.2176504,2663,83.25,0.014803503639996052,Grad/mlp.fc2.lora_B,outputs_dev/vitb16/T=vtab_Q=3bit_L=lora_2_qkv-fc1-proj-fc2/cifar/20260114184203_default_acc=53.50/tensorboard/Grad_mlp.fc2.lora_B_block_0/events.out.tfevents.1768387349.master-192-168-8-48.1680.8,mlp.fc2.lora_B,0
1768388874.626495,2664,83.28125,0.023539382964372635,Grad/mlp.fc2.lora_B,outputs_dev/vitb16/T=vtab_Q=3bit_L=lora_2_qkv-fc1-proj-fc2/cifar/20260114184203_default_acc=53.50/tensorboard/Grad_mlp.fc2.lora_B_block_0/events.out.tfevents.1768387349.master-192-168-8-48.1680.8,mlp.fc2.lora_B,0
1768388875.0290487,2665,83.3125,0.1275622397661209,Grad/mlp.fc2.lora_B,outputs_dev/vitb16/T=vtab_Q=3bit_L=lora_2_qkv-fc1-proj-fc2/cifar/20260114184203_default_acc=53.50/tensorboard/Grad_mlp.fc2.lora_B_block_0/events.out.tfevents.1768387349.master-192-168-8-48.1680.8,mlp.fc2.lora_B,0
1768388875.4432874,2666,83.34375,0.13859923183918,Grad/mlp.fc2.lora_B,outputs_dev/vitb16/T=vtab_Q=3bit_L=lora_2_qkv-fc1-proj-fc2/cifar/20260114184203_default_acc=53.50/tensorboard/Grad_mlp.fc2.lora_B_block_0/events.out.tfevents.1768387349.master-192-168-8-48.1680.8,mlp.fc2.lora_B,0
1768388875.8390734,2667,83.375,0.038869138807058334,Grad/mlp.fc2.lora_B,outputs_dev/vitb16/T=vtab_Q=3bit_L=lora_2_qkv-fc1-proj-fc2/cifar/20260114184203_default_acc=53.50/tensorboard/Grad_mlp.fc2.lora_B_block_0/events.out.tfevents.1768387349.master-192-168-8-48.1680.8,mlp.fc2.lora_B,0
1768388876.2499452,2668,83.40625,0.1673680692911148,Grad/mlp.fc2.lora_B,outputs_dev/vitb16/T=vtab_Q=3bit_L=lora_2_qkv-fc1-proj-fc2/cifar/20260114184203_default_acc=53.50/tensorboard/Grad_mlp.fc2.lora_B_block_0/events.out.tfevents.1768387349.master-192-168-8-48.1680.8,mlp.fc2.lora_B,0
1768388876.6418662,2669,83.4375,0.05071587860584259,Grad/mlp.fc2.lora_B,outputs_dev/vitb16/T=vtab_Q=3bit_L=lora_2_qkv-fc1-proj-fc2/cifar/20260114184203_default_acc=53.50/tensorboard/Grad_mlp.fc2.lora_B_block_0/events.out.tfevents.1768387349.master-192-168-8-48.1680.8,mlp.fc2.lora_B,0
1768388877.0553858,2670,83.46875,0.04996871575713158,Grad/mlp.fc2.lora_B,outputs_dev/vitb16/T=vtab_Q=3bit_L=lora_2_qkv-fc1-proj-fc2/cifar/20260114184203_default_acc=53.50/tensorboard/Grad_mlp.fc2.lora_B_block_0/events.out.tfevents.1768387349.master-192-168-8-48.1680.8,mlp.fc2.lora_B,0
1768388877.532355,2671,83.5,0.09318633377552032,Grad/mlp.fc2.lora_B,outputs_dev/vitb16/T=vtab_Q=3bit_L=lora_2_qkv-fc1-proj-fc2/cifar/20260114184203_default_acc=53.50/tensorboard/Grad_mlp.fc2.lora_B_block_0/events.out.tfevents.1768387349.master-192-168-8-48.1680.8,mlp.fc2.lora_B,0
1768388878.0655243,2672,83.53125,0.09348437935113907,Grad/mlp.fc2.lora_B,outputs_dev/vitb16/T=vtab_Q=3bit_L=lora_2_qkv-fc1-proj-fc2/cifar/20260114184203_default_acc=53.50/tensorboard/Grad_mlp.fc2.lora_B_block_0/events.out.tfevents.1768387349.master-192-168-8-48.1680.8,mlp.fc2.lora_B,0
1768388878.4568408,2673,83.5625,0.1353405863046646,Grad/mlp.fc2.lora_B,outputs_dev/vitb16/T=vtab_Q=3bit_L=lora_2_qkv-fc1-proj-fc2/cifar/20260114184203_default_acc=53.50/tensorboard/Grad_mlp.fc2.lora_B_block_0/events.out.tfevents.1768387349.master-192-168-8-48.1680.8,mlp.fc2.lora_B,0
1768388878.8619075,2674,83.59375,0.10666292160749435,Grad/mlp.fc2.lora_B,outputs_dev/vitb16/T=vtab_Q=3bit_L=lora_2_qkv-fc1-proj-fc2/cifar/20260114184203_default_acc=53.50/tensorboard/Grad_mlp.fc2.lora_B_block_0/events.out.tfevents.1768387349.master-192-168-8-48.1680.8,mlp.fc2.lora_B,0
1768388879.2549405,2675,83.625,0.1128242090344429,Grad/mlp.fc2.lora_B,outputs_dev/vitb16/T=vtab_Q=3bit_L=lora_2_qkv-fc1-proj-fc2/cifar/20260114184203_default_acc=53.50/tensorboard/Grad_mlp.fc2.lora_B_block_0/events.out.tfevents.1768387349.master-192-168-8-48.1680.8,mlp.fc2.lora_B,0
1768388879.6472938,2676,83.65625,0.018582366406917572,Grad/mlp.fc2.lora_B,outputs_dev/vitb16/T=vtab_Q=3bit_L=lora_2_qkv-fc1-proj-fc2/cifar/20260114184203_default_acc=53.50/tensorboard/Grad_mlp.fc2.lora_B_block_0/events.out.tfevents.1768387349.master-192-168-8-48.1680.8,mlp.fc2.lora_B,0
1768388880.0423398,2677,83.6875,0.3651985228061676,Grad/mlp.fc2.lora_B,outputs_dev/vitb16/T=vtab_Q=3bit_L=lora_2_qkv-fc1-proj-fc2/cifar/20260114184203_default_acc=53.50/tensorboard/Grad_mlp.fc2.lora_B_block_0/events.out.tfevents.1768387349.master-192-168-8-48.1680.8,mlp.fc2.lora_B,0
1768388880.4325397,2678,83.71875,0.11284894496202469,Grad/mlp.fc2.lora_B,outputs_dev/vitb16/T=vtab_Q=3bit_L=lora_2_qkv-fc1-proj-fc2/cifar/20260114184203_default_acc=53.50/tensorboard/Grad_mlp.fc2.lora_B_block_0/events.out.tfevents.1768387349.master-192-168-8-48.1680.8,mlp.fc2.lora_B,0
1768388880.828073,2679,83.75,0.02838231809437275,Grad/mlp.fc2.lora_B,outputs_dev/vitb16/T=vtab_Q=3bit_L=lora_2_qkv-fc1-proj-fc2/cifar/20260114184203_default_acc=53.50/tensorboard/Grad_mlp.fc2.lora_B_block_0/events.out.tfevents.1768387349.master-192-168-8-48.1680.8,mlp.fc2.lora_B,0
1768388881.2230093,2680,83.78125,0.03852028027176857,Grad/mlp.fc2.lora_B,outputs_dev/vitb16/T=vtab_Q=3bit_L=lora_2_qkv-fc1-proj-fc2/cifar/20260114184203_default_acc=53.50/tensorboard/Grad_mlp.fc2.lora_B_block_0/events.out.tfevents.1768387349.master-192-168-8-48.1680.8,mlp.fc2.lora_B,0
1768388881.6178193,2681,83.8125,0.09068881720304489,Grad/mlp.fc2.lora_B,outputs_dev/vitb16/T=vtab_Q=3bit_L=lora_2_qkv-fc1-proj-fc2/cifar/20260114184203_default_acc=53.50/tensorboard/Grad_mlp.fc2.lora_B_block_0/events.out.tfevents.1768387349.master-192-168-8-48.1680.8,mlp.fc2.lora_B,0
1768388882.0113046,2682,83.84375,0.08972186595201492,Grad/mlp.fc2.lora_B,outputs_dev/vitb16/T=vtab_Q=3bit_L=lora_2_qkv-fc1-proj-fc2/cifar/20260114184203_default_acc=53.50/tensorboard/Grad_mlp.fc2.lora_B_block_0/events.out.tfevents.1768387349.master-192-168-8-48.1680.8,mlp.fc2.lora_B,0
1768388882.403909,2683,83.875,0.8432271480560303,Grad/mlp.fc2.lora_B,outputs_dev/vitb16/T=vtab_Q=3bit_L=lora_2_qkv-fc1-proj-fc2/cifar/20260114184203_default_acc=53.50/tensorboard/Grad_mlp.fc2.lora_B_block_0/events.out.tfevents.1768387349.master-192-168-8-48.1680.8,mlp.fc2.lora_B,0
1768388882.7952087,2684,83.90625,0.11873617768287659,Grad/mlp.fc2.lora_B,outputs_dev/vitb16/T=vtab_Q=3bit_L=lora_2_qkv-fc1-proj-fc2/cifar/20260114184203_default_acc=53.50/tensorboard/Grad_mlp.fc2.lora_B_block_0/events.out.tfevents.1768387349.master-192-168-8-48.1680.8,mlp.fc2.lora_B,0
1768388883.1878684,2685,83.9375,0.021041998639702797,Grad/mlp.fc2.lora_B,outputs_dev/vitb16/T=vtab_Q=3bit_L=lora_2_qkv-fc1-proj-fc2/cifar/20260114184203_default_acc=53.50/tensorboard/Grad_mlp.fc2.lora_B_block_0/events.out.tfevents.1768387349.master-192-168-8-48.1680.8,mlp.fc2.lora_B,0
1768388883.5800328,2686,83.96875,0.09548017382621765,Grad/mlp.fc2.lora_B,outputs_dev/vitb16/T=vtab_Q=3bit_L=lora_2_qkv-fc1-proj-fc2/cifar/20260114184203_default_acc=53.50/tensorboard/Grad_mlp.fc2.lora_B_block_0/events.out.tfevents.1768387349.master-192-168-8-48.1680.8,mlp.fc2.lora_B,0
1768388883.7751274,2687,84.0,0.05697561427950859,Grad/mlp.fc2.lora_B,outputs_dev/vitb16/T=vtab_Q=3bit_L=lora_2_qkv-fc1-proj-fc2/cifar/20260114184203_default_acc=53.50/tensorboard/Grad_mlp.fc2.lora_B_block_0/events.out.tfevents.1768387349.master-192-168-8-48.1680.8,mlp.fc2.lora_B,0
1768388884.4126263,2688,84.03125,0.03341954946517944,Grad/mlp.fc2.lora_B,outputs_dev/vitb16/T=vtab_Q=3bit_L=lora_2_qkv-fc1-proj-fc2/cifar/20260114184203_default_acc=53.50/tensorboard/Grad_mlp.fc2.lora_B_block_0/events.out.tfevents.1768387349.master-192-168-8-48.1680.8,mlp.fc2.lora_B,0
1768388884.8214488,2689,84.0625,0.04230763763189316,Grad/mlp.fc2.lora_B,outputs_dev/vitb16/T=vtab_Q=3bit_L=lora_2_qkv-fc1-proj-fc2/cifar/20260114184203_default_acc=53.50/tensorboard/Grad_mlp.fc2.lora_B_block_0/events.out.tfevents.1768387349.master-192-168-8-48.1680.8,mlp.fc2.lora_B,0
1768388885.2189975,2690,84.09375,0.29192915558815,Grad/mlp.fc2.lora_B,outputs_dev/vitb16/T=vtab_Q=3bit_L=lora_2_qkv-fc1-proj-fc2/cifar/20260114184203_default_acc=53.50/tensorboard/Grad_mlp.fc2.lora_B_block_0/events.out.tfevents.1768387349.master-192-168-8-48.1680.8,mlp.fc2.lora_B,0
1768388885.6248925,2691,84.125,0.4369598925113678,Grad/mlp.fc2.lora_B,outputs_dev/vitb16/T=vtab_Q=3bit_L=lora_2_qkv-fc1-proj-fc2/cifar/20260114184203_default_acc=53.50/tensorboard/Grad_mlp.fc2.lora_B_block_0/events.out.tfevents.1768387349.master-192-168-8-48.1680.8,mlp.fc2.lora_B,0
1768388886.0163233,2692,84.15625,1.2813446521759033,Grad/mlp.fc2.lora_B,outputs_dev/vitb16/T=vtab_Q=3bit_L=lora_2_qkv-fc1-proj-fc2/cifar/20260114184203_default_acc=53.50/tensorboard/Grad_mlp.fc2.lora_B_block_0/events.out.tfevents.1768387349.master-192-168-8-48.1680.8,mlp.fc2.lora_B,0
1768388886.4093213,2693,84.1875,0.15200944244861603,Grad/mlp.fc2.lora_B,outputs_dev/vitb16/T=vtab_Q=3bit_L=lora_2_qkv-fc1-proj-fc2/cifar/20260114184203_default_acc=53.50/tensorboard/Grad_mlp.fc2.lora_B_block_0/events.out.tfevents.1768387349.master-192-168-8-48.1680.8,mlp.fc2.lora_B,0
1768388886.8001542,2694,84.21875,0.03455047681927681,Grad/mlp.fc2.lora_B,outputs_dev/vitb16/T=vtab_Q=3bit_L=lora_2_qkv-fc1-proj-fc2/cifar/20260114184203_default_acc=53.50/tensorboard/Grad_mlp.fc2.lora_B_block_0/events.out.tfevents.1768387349.master-192-168-8-48.1680.8,mlp.fc2.lora_B,0
1768388887.1911461,2695,84.25,0.01673787087202072,Grad/mlp.fc2.lora_B,outputs_dev/vitb16/T=vtab_Q=3bit_L=lora_2_qkv-fc1-proj-fc2/cifar/20260114184203_default_acc=53.50/tensorboard/Grad_mlp.fc2.lora_B_block_0/events.out.tfevents.1768387349.master-192-168-8-48.1680.8,mlp.fc2.lora_B,0
1768388887.5843935,2696,84.28125,0.2482898086309433,Grad/mlp.fc2.lora_B,outputs_dev/vitb16/T=vtab_Q=3bit_L=lora_2_qkv-fc1-proj-fc2/cifar/20260114184203_default_acc=53.50/tensorboard/Grad_mlp.fc2.lora_B_block_0/events.out.tfevents.1768387349.master-192-168-8-48.1680.8,mlp.fc2.lora_B,0
1768388887.9763546,2697,84.3125,0.10205447673797607,Grad/mlp.fc2.lora_B,outputs_dev/vitb16/T=vtab_Q=3bit_L=lora_2_qkv-fc1-proj-fc2/cifar/20260114184203_default_acc=53.50/tensorboard/Grad_mlp.fc2.lora_B_block_0/events.out.tfevents.1768387349.master-192-168-8-48.1680.8,mlp.fc2.lora_B,0
1768388888.3677301,2698,84.34375,0.05854180082678795,Grad/mlp.fc2.lora_B,outputs_dev/vitb16/T=vtab_Q=3bit_L=lora_2_qkv-fc1-proj-fc2/cifar/20260114184203_default_acc=53.50/tensorboard/Grad_mlp.fc2.lora_B_block_0/events.out.tfevents.1768387349.master-192-168-8-48.1680.8,mlp.fc2.lora_B,0
1768388888.7627618,2699,84.375,0.018636804074048996,Grad/mlp.fc2.lora_B,outputs_dev/vitb16/T=vtab_Q=3bit_L=lora_2_qkv-fc1-proj-fc2/cifar/20260114184203_default_acc=53.50/tensorboard/Grad_mlp.fc2.lora_B_block_0/events.out.tfevents.1768387349.master-192-168-8-48.1680.8,mlp.fc2.lora_B,0
1768388889.1540172,2700,84.40625,0.1039845272898674,Grad/mlp.fc2.lora_B,outputs_dev/vitb16/T=vtab_Q=3bit_L=lora_2_qkv-fc1-proj-fc2/cifar/20260114184203_default_acc=53.50/tensorboard/Grad_mlp.fc2.lora_B_block_0/events.out.tfevents.1768387349.master-192-168-8-48.1680.8,mlp.fc2.lora_B,0
1768388889.5457485,2701,84.4375,0.2207784205675125,Grad/mlp.fc2.lora_B,outputs_dev/vitb16/T=vtab_Q=3bit_L=lora_2_qkv-fc1-proj-fc2/cifar/20260114184203_default_acc=53.50/tensorboard/Grad_mlp.fc2.lora_B_block_0/events.out.tfevents.1768387349.master-192-168-8-48.1680.8,mlp.fc2.lora_B,0
1768388889.9396355,2702,84.46875,0.2728603780269623,Grad/mlp.fc2.lora_B,outputs_dev/vitb16/T=vtab_Q=3bit_L=lora_2_qkv-fc1-proj-fc2/cifar/20260114184203_default_acc=53.50/tensorboard/Grad_mlp.fc2.lora_B_block_0/events.out.tfevents.1768387349.master-192-168-8-48.1680.8,mlp.fc2.lora_B,0
1768388890.3307586,2703,84.5,0.061587970703840256,Grad/mlp.fc2.lora_B,outputs_dev/vitb16/T=vtab_Q=3bit_L=lora_2_qkv-fc1-proj-fc2/cifar/20260114184203_default_acc=53.50/tensorboard/Grad_mlp.fc2.lora_B_block_0/events.out.tfevents.1768387349.master-192-168-8-48.1680.8,mlp.fc2.lora_B,0
1768388890.7239716,2704,84.53125,0.11931876838207245,Grad/mlp.fc2.lora_B,outputs_dev/vitb16/T=vtab_Q=3bit_L=lora_2_qkv-fc1-proj-fc2/cifar/20260114184203_default_acc=53.50/tensorboard/Grad_mlp.fc2.lora_B_block_0/events.out.tfevents.1768387349.master-192-168-8-48.1680.8,mlp.fc2.lora_B,0
1768388891.1149883,2705,84.5625,0.01604667864739895,Grad/mlp.fc2.lora_B,outputs_dev/vitb16/T=vtab_Q=3bit_L=lora_2_qkv-fc1-proj-fc2/cifar/20260114184203_default_acc=53.50/tensorboard/Grad_mlp.fc2.lora_B_block_0/events.out.tfevents.1768387349.master-192-168-8-48.1680.8,mlp.fc2.lora_B,0
1768388891.5072267,2706,84.59375,0.03978018835186958,Grad/mlp.fc2.lora_B,outputs_dev/vitb16/T=vtab_Q=3bit_L=lora_2_qkv-fc1-proj-fc2/cifar/20260114184203_default_acc=53.50/tensorboard/Grad_mlp.fc2.lora_B_block_0/events.out.tfevents.1768387349.master-192-168-8-48.1680.8,mlp.fc2.lora_B,0
1768388891.8982189,2707,84.625,0.12478477507829666,Grad/mlp.fc2.lora_B,outputs_dev/vitb16/T=vtab_Q=3bit_L=lora_2_qkv-fc1-proj-fc2/cifar/20260114184203_default_acc=53.50/tensorboard/Grad_mlp.fc2.lora_B_block_0/events.out.tfevents.1768387349.master-192-168-8-48.1680.8,mlp.fc2.lora_B,0
1768388892.2923543,2708,84.65625,0.06749395281076431,Grad/mlp.fc2.lora_B,outputs_dev/vitb16/T=vtab_Q=3bit_L=lora_2_qkv-fc1-proj-fc2/cifar/20260114184203_default_acc=53.50/tensorboard/Grad_mlp.fc2.lora_B_block_0/events.out.tfevents.1768387349.master-192-168-8-48.1680.8,mlp.fc2.lora_B,0
1768388892.6849084,2709,84.6875,0.16485004127025604,Grad/mlp.fc2.lora_B,outputs_dev/vitb16/T=vtab_Q=3bit_L=lora_2_qkv-fc1-proj-fc2/cifar/20260114184203_default_acc=53.50/tensorboard/Grad_mlp.fc2.lora_B_block_0/events.out.tfevents.1768387349.master-192-168-8-48.1680.8,mlp.fc2.lora_B,0
1768388893.0770285,2710,84.71875,0.12783265113830566,Grad/mlp.fc2.lora_B,outputs_dev/vitb16/T=vtab_Q=3bit_L=lora_2_qkv-fc1-proj-fc2/cifar/20260114184203_default_acc=53.50/tensorboard/Grad_mlp.fc2.lora_B_block_0/events.out.tfevents.1768387349.master-192-168-8-48.1680.8,mlp.fc2.lora_B,0
1768388893.4721565,2711,84.75,0.03314025700092316,Grad/mlp.fc2.lora_B,outputs_dev/vitb16/T=vtab_Q=3bit_L=lora_2_qkv-fc1-proj-fc2/cifar/20260114184203_default_acc=53.50/tensorboard/Grad_mlp.fc2.lora_B_block_0/events.out.tfevents.1768387349.master-192-168-8-48.1680.8,mlp.fc2.lora_B,0
1768388893.875185,2712,84.78125,0.09924476593732834,Grad/mlp.fc2.lora_B,outputs_dev/vitb16/T=vtab_Q=3bit_L=lora_2_qkv-fc1-proj-fc2/cifar/20260114184203_default_acc=53.50/tensorboard/Grad_mlp.fc2.lora_B_block_0/events.out.tfevents.1768387349.master-192-168-8-48.1680.8,mlp.fc2.lora_B,0
1768388894.3317835,2713,84.8125,0.32192257046699524,Grad/mlp.fc2.lora_B,outputs_dev/vitb16/T=vtab_Q=3bit_L=lora_2_qkv-fc1-proj-fc2/cifar/20260114184203_default_acc=53.50/tensorboard/Grad_mlp.fc2.lora_B_block_0/events.out.tfevents.1768387349.master-192-168-8-48.1680.8,mlp.fc2.lora_B,0
1768388894.8590586,2714,84.84375,0.030819986015558243,Grad/mlp.fc2.lora_B,outputs_dev/vitb16/T=vtab_Q=3bit_L=lora_2_qkv-fc1-proj-fc2/cifar/20260114184203_default_acc=53.50/tensorboard/Grad_mlp.fc2.lora_B_block_0/events.out.tfevents.1768387349.master-192-168-8-48.1680.8,mlp.fc2.lora_B,0
1768388895.2536435,2715,84.875,0.06290178000926971,Grad/mlp.fc2.lora_B,outputs_dev/vitb16/T=vtab_Q=3bit_L=lora_2_qkv-fc1-proj-fc2/cifar/20260114184203_default_acc=53.50/tensorboard/Grad_mlp.fc2.lora_B_block_0/events.out.tfevents.1768387349.master-192-168-8-48.1680.8,mlp.fc2.lora_B,0
1768388895.6973388,2716,84.90625,0.023809324949979782,Grad/mlp.fc2.lora_B,outputs_dev/vitb16/T=vtab_Q=3bit_L=lora_2_qkv-fc1-proj-fc2/cifar/20260114184203_default_acc=53.50/tensorboard/Grad_mlp.fc2.lora_B_block_0/events.out.tfevents.1768387349.master-192-168-8-48.1680.8,mlp.fc2.lora_B,0
1768388896.1087205,2717,84.9375,0.20536048710346222,Grad/mlp.fc2.lora_B,outputs_dev/vitb16/T=vtab_Q=3bit_L=lora_2_qkv-fc1-proj-fc2/cifar/20260114184203_default_acc=53.50/tensorboard/Grad_mlp.fc2.lora_B_block_0/events.out.tfevents.1768387349.master-192-168-8-48.1680.8,mlp.fc2.lora_B,0
1768388896.5180016,2718,84.96875,0.027511030435562134,Grad/mlp.fc2.lora_B,outputs_dev/vitb16/T=vtab_Q=3bit_L=lora_2_qkv-fc1-proj-fc2/cifar/20260114184203_default_acc=53.50/tensorboard/Grad_mlp.fc2.lora_B_block_0/events.out.tfevents.1768387349.master-192-168-8-48.1680.8,mlp.fc2.lora_B,0
1768388896.7119045,2719,85.0,0.3881842792034149,Grad/mlp.fc2.lora_B,outputs_dev/vitb16/T=vtab_Q=3bit_L=lora_2_qkv-fc1-proj-fc2/cifar/20260114184203_default_acc=53.50/tensorboard/Grad_mlp.fc2.lora_B_block_0/events.out.tfevents.1768387349.master-192-168-8-48.1680.8,mlp.fc2.lora_B,0
1768388897.3633418,2720,85.03125,0.03838755190372467,Grad/mlp.fc2.lora_B,outputs_dev/vitb16/T=vtab_Q=3bit_L=lora_2_qkv-fc1-proj-fc2/cifar/20260114184203_default_acc=53.50/tensorboard/Grad_mlp.fc2.lora_B_block_0/events.out.tfevents.1768387349.master-192-168-8-48.1680.8,mlp.fc2.lora_B,0
1768388897.7585385,2721,85.0625,0.03726383298635483,Grad/mlp.fc2.lora_B,outputs_dev/vitb16/T=vtab_Q=3bit_L=lora_2_qkv-fc1-proj-fc2/cifar/20260114184203_default_acc=53.50/tensorboard/Grad_mlp.fc2.lora_B_block_0/events.out.tfevents.1768387349.master-192-168-8-48.1680.8,mlp.fc2.lora_B,0
1768388898.1651468,2722,85.09375,0.05981932953000069,Grad/mlp.fc2.lora_B,outputs_dev/vitb16/T=vtab_Q=3bit_L=lora_2_qkv-fc1-proj-fc2/cifar/20260114184203_default_acc=53.50/tensorboard/Grad_mlp.fc2.lora_B_block_0/events.out.tfevents.1768387349.master-192-168-8-48.1680.8,mlp.fc2.lora_B,0
1768388898.5563214,2723,85.125,0.03283394128084183,Grad/mlp.fc2.lora_B,outputs_dev/vitb16/T=vtab_Q=3bit_L=lora_2_qkv-fc1-proj-fc2/cifar/20260114184203_default_acc=53.50/tensorboard/Grad_mlp.fc2.lora_B_block_0/events.out.tfevents.1768387349.master-192-168-8-48.1680.8,mlp.fc2.lora_B,0
1768388898.9609447,2724,85.15625,0.10691346973180771,Grad/mlp.fc2.lora_B,outputs_dev/vitb16/T=vtab_Q=3bit_L=lora_2_qkv-fc1-proj-fc2/cifar/20260114184203_default_acc=53.50/tensorboard/Grad_mlp.fc2.lora_B_block_0/events.out.tfevents.1768387349.master-192-168-8-48.1680.8,mlp.fc2.lora_B,0
1768388899.3544412,2725,85.1875,0.05957978963851929,Grad/mlp.fc2.lora_B,outputs_dev/vitb16/T=vtab_Q=3bit_L=lora_2_qkv-fc1-proj-fc2/cifar/20260114184203_default_acc=53.50/tensorboard/Grad_mlp.fc2.lora_B_block_0/events.out.tfevents.1768387349.master-192-168-8-48.1680.8,mlp.fc2.lora_B,0
1768388899.8023455,2726,85.21875,0.10995359718799591,Grad/mlp.fc2.lora_B,outputs_dev/vitb16/T=vtab_Q=3bit_L=lora_2_qkv-fc1-proj-fc2/cifar/20260114184203_default_acc=53.50/tensorboard/Grad_mlp.fc2.lora_B_block_0/events.out.tfevents.1768387349.master-192-168-8-48.1680.8,mlp.fc2.lora_B,0
1768388900.1992853,2727,85.25,0.39507097005844116,Grad/mlp.fc2.lora_B,outputs_dev/vitb16/T=vtab_Q=3bit_L=lora_2_qkv-fc1-proj-fc2/cifar/20260114184203_default_acc=53.50/tensorboard/Grad_mlp.fc2.lora_B_block_0/events.out.tfevents.1768387349.master-192-168-8-48.1680.8,mlp.fc2.lora_B,0
1768388900.5938342,2728,85.28125,0.19314537942409515,Grad/mlp.fc2.lora_B,outputs_dev/vitb16/T=vtab_Q=3bit_L=lora_2_qkv-fc1-proj-fc2/cifar/20260114184203_default_acc=53.50/tensorboard/Grad_mlp.fc2.lora_B_block_0/events.out.tfevents.1768387349.master-192-168-8-48.1680.8,mlp.fc2.lora_B,0
1768388900.9857624,2729,85.3125,0.04460303485393524,Grad/mlp.fc2.lora_B,outputs_dev/vitb16/T=vtab_Q=3bit_L=lora_2_qkv-fc1-proj-fc2/cifar/20260114184203_default_acc=53.50/tensorboard/Grad_mlp.fc2.lora_B_block_0/events.out.tfevents.1768387349.master-192-168-8-48.1680.8,mlp.fc2.lora_B,0
1768388901.3748963,2730,85.34375,0.01915254443883896,Grad/mlp.fc2.lora_B,outputs_dev/vitb16/T=vtab_Q=3bit_L=lora_2_qkv-fc1-proj-fc2/cifar/20260114184203_default_acc=53.50/tensorboard/Grad_mlp.fc2.lora_B_block_0/events.out.tfevents.1768387349.master-192-168-8-48.1680.8,mlp.fc2.lora_B,0
1768388901.7904243,2731,85.375,0.03175422549247742,Grad/mlp.fc2.lora_B,outputs_dev/vitb16/T=vtab_Q=3bit_L=lora_2_qkv-fc1-proj-fc2/cifar/20260114184203_default_acc=53.50/tensorboard/Grad_mlp.fc2.lora_B_block_0/events.out.tfevents.1768387349.master-192-168-8-48.1680.8,mlp.fc2.lora_B,0
1768388902.18665,2732,85.40625,0.056076113134622574,Grad/mlp.fc2.lora_B,outputs_dev/vitb16/T=vtab_Q=3bit_L=lora_2_qkv-fc1-proj-fc2/cifar/20260114184203_default_acc=53.50/tensorboard/Grad_mlp.fc2.lora_B_block_0/events.out.tfevents.1768387349.master-192-168-8-48.1680.8,mlp.fc2.lora_B,0
1768388902.6037815,2733,85.4375,0.07217168062925339,Grad/mlp.fc2.lora_B,outputs_dev/vitb16/T=vtab_Q=3bit_L=lora_2_qkv-fc1-proj-fc2/cifar/20260114184203_default_acc=53.50/tensorboard/Grad_mlp.fc2.lora_B_block_0/events.out.tfevents.1768387349.master-192-168-8-48.1680.8,mlp.fc2.lora_B,0
1768388902.9950309,2734,85.46875,0.08667410910129547,Grad/mlp.fc2.lora_B,outputs_dev/vitb16/T=vtab_Q=3bit_L=lora_2_qkv-fc1-proj-fc2/cifar/20260114184203_default_acc=53.50/tensorboard/Grad_mlp.fc2.lora_B_block_0/events.out.tfevents.1768387349.master-192-168-8-48.1680.8,mlp.fc2.lora_B,0
1768388903.3830502,2735,85.5,0.018870621919631958,Grad/mlp.fc2.lora_B,outputs_dev/vitb16/T=vtab_Q=3bit_L=lora_2_qkv-fc1-proj-fc2/cifar/20260114184203_default_acc=53.50/tensorboard/Grad_mlp.fc2.lora_B_block_0/events.out.tfevents.1768387349.master-192-168-8-48.1680.8,mlp.fc2.lora_B,0
1768388903.768731,2736,85.53125,0.03551822900772095,Grad/mlp.fc2.lora_B,outputs_dev/vitb16/T=vtab_Q=3bit_L=lora_2_qkv-fc1-proj-fc2/cifar/20260114184203_default_acc=53.50/tensorboard/Grad_mlp.fc2.lora_B_block_0/events.out.tfevents.1768387349.master-192-168-8-48.1680.8,mlp.fc2.lora_B,0
1768388904.1768432,2737,85.5625,0.1312810331583023,Grad/mlp.fc2.lora_B,outputs_dev/vitb16/T=vtab_Q=3bit_L=lora_2_qkv-fc1-proj-fc2/cifar/20260114184203_default_acc=53.50/tensorboard/Grad_mlp.fc2.lora_B_block_0/events.out.tfevents.1768387349.master-192-168-8-48.1680.8,mlp.fc2.lora_B,0
1768388904.5714576,2738,85.59375,0.03636118024587631,Grad/mlp.fc2.lora_B,outputs_dev/vitb16/T=vtab_Q=3bit_L=lora_2_qkv-fc1-proj-fc2/cifar/20260114184203_default_acc=53.50/tensorboard/Grad_mlp.fc2.lora_B_block_0/events.out.tfevents.1768387349.master-192-168-8-48.1680.8,mlp.fc2.lora_B,0
1768388904.9678843,2739,85.625,0.13868263363838196,Grad/mlp.fc2.lora_B,outputs_dev/vitb16/T=vtab_Q=3bit_L=lora_2_qkv-fc1-proj-fc2/cifar/20260114184203_default_acc=53.50/tensorboard/Grad_mlp.fc2.lora_B_block_0/events.out.tfevents.1768387349.master-192-168-8-48.1680.8,mlp.fc2.lora_B,0
1768388905.3624313,2740,85.65625,0.7405288815498352,Grad/mlp.fc2.lora_B,outputs_dev/vitb16/T=vtab_Q=3bit_L=lora_2_qkv-fc1-proj-fc2/cifar/20260114184203_default_acc=53.50/tensorboard/Grad_mlp.fc2.lora_B_block_0/events.out.tfevents.1768387349.master-192-168-8-48.1680.8,mlp.fc2.lora_B,0
1768388905.7613928,2741,85.6875,0.03935333713889122,Grad/mlp.fc2.lora_B,outputs_dev/vitb16/T=vtab_Q=3bit_L=lora_2_qkv-fc1-proj-fc2/cifar/20260114184203_default_acc=53.50/tensorboard/Grad_mlp.fc2.lora_B_block_0/events.out.tfevents.1768387349.master-192-168-8-48.1680.8,mlp.fc2.lora_B,0
1768388906.1568534,2742,85.71875,0.04593662545084953,Grad/mlp.fc2.lora_B,outputs_dev/vitb16/T=vtab_Q=3bit_L=lora_2_qkv-fc1-proj-fc2/cifar/20260114184203_default_acc=53.50/tensorboard/Grad_mlp.fc2.lora_B_block_0/events.out.tfevents.1768387349.master-192-168-8-48.1680.8,mlp.fc2.lora_B,0
1768388906.5620513,2743,85.75,0.04457692801952362,Grad/mlp.fc2.lora_B,outputs_dev/vitb16/T=vtab_Q=3bit_L=lora_2_qkv-fc1-proj-fc2/cifar/20260114184203_default_acc=53.50/tensorboard/Grad_mlp.fc2.lora_B_block_0/events.out.tfevents.1768387349.master-192-168-8-48.1680.8,mlp.fc2.lora_B,0
1768388906.961696,2744,85.78125,0.0889323279261589,Grad/mlp.fc2.lora_B,outputs_dev/vitb16/T=vtab_Q=3bit_L=lora_2_qkv-fc1-proj-fc2/cifar/20260114184203_default_acc=53.50/tensorboard/Grad_mlp.fc2.lora_B_block_0/events.out.tfevents.1768387349.master-192-168-8-48.1680.8,mlp.fc2.lora_B,0
1768388907.3756373,2745,85.8125,0.058201469480991364,Grad/mlp.fc2.lora_B,outputs_dev/vitb16/T=vtab_Q=3bit_L=lora_2_qkv-fc1-proj-fc2/cifar/20260114184203_default_acc=53.50/tensorboard/Grad_mlp.fc2.lora_B_block_0/events.out.tfevents.1768387349.master-192-168-8-48.1680.8,mlp.fc2.lora_B,0
1768388907.7686608,2746,85.84375,0.03488209471106529,Grad/mlp.fc2.lora_B,outputs_dev/vitb16/T=vtab_Q=3bit_L=lora_2_qkv-fc1-proj-fc2/cifar/20260114184203_default_acc=53.50/tensorboard/Grad_mlp.fc2.lora_B_block_0/events.out.tfevents.1768387349.master-192-168-8-48.1680.8,mlp.fc2.lora_B,0
1768388908.2027159,2747,85.875,0.04358425736427307,Grad/mlp.fc2.lora_B,outputs_dev/vitb16/T=vtab_Q=3bit_L=lora_2_qkv-fc1-proj-fc2/cifar/20260114184203_default_acc=53.50/tensorboard/Grad_mlp.fc2.lora_B_block_0/events.out.tfevents.1768387349.master-192-168-8-48.1680.8,mlp.fc2.lora_B,0
1768388908.5986328,2748,85.90625,0.06673450022935867,Grad/mlp.fc2.lora_B,outputs_dev/vitb16/T=vtab_Q=3bit_L=lora_2_qkv-fc1-proj-fc2/cifar/20260114184203_default_acc=53.50/tensorboard/Grad_mlp.fc2.lora_B_block_0/events.out.tfevents.1768387349.master-192-168-8-48.1680.8,mlp.fc2.lora_B,0
1768388908.9917223,2749,85.9375,0.2185664027929306,Grad/mlp.fc2.lora_B,outputs_dev/vitb16/T=vtab_Q=3bit_L=lora_2_qkv-fc1-proj-fc2/cifar/20260114184203_default_acc=53.50/tensorboard/Grad_mlp.fc2.lora_B_block_0/events.out.tfevents.1768387349.master-192-168-8-48.1680.8,mlp.fc2.lora_B,0
1768388909.3963563,2750,85.96875,0.32571613788604736,Grad/mlp.fc2.lora_B,outputs_dev/vitb16/T=vtab_Q=3bit_L=lora_2_qkv-fc1-proj-fc2/cifar/20260114184203_default_acc=53.50/tensorboard/Grad_mlp.fc2.lora_B_block_0/events.out.tfevents.1768387349.master-192-168-8-48.1680.8,mlp.fc2.lora_B,0
1768388909.608211,2751,86.0,0.027819305658340454,Grad/mlp.fc2.lora_B,outputs_dev/vitb16/T=vtab_Q=3bit_L=lora_2_qkv-fc1-proj-fc2/cifar/20260114184203_default_acc=53.50/tensorboard/Grad_mlp.fc2.lora_B_block_0/events.out.tfevents.1768387349.master-192-168-8-48.1680.8,mlp.fc2.lora_B,0
1768388910.291406,2752,86.03125,0.04509924724698067,Grad/mlp.fc2.lora_B,outputs_dev/vitb16/T=vtab_Q=3bit_L=lora_2_qkv-fc1-proj-fc2/cifar/20260114184203_default_acc=53.50/tensorboard/Grad_mlp.fc2.lora_B_block_0/events.out.tfevents.1768387349.master-192-168-8-48.1680.8,mlp.fc2.lora_B,0
1768388910.7017179,2753,86.0625,0.0901481956243515,Grad/mlp.fc2.lora_B,outputs_dev/vitb16/T=vtab_Q=3bit_L=lora_2_qkv-fc1-proj-fc2/cifar/20260114184203_default_acc=53.50/tensorboard/Grad_mlp.fc2.lora_B_block_0/events.out.tfevents.1768387349.master-192-168-8-48.1680.8,mlp.fc2.lora_B,0
1768388911.0837414,2754,86.09375,0.549630343914032,Grad/mlp.fc2.lora_B,outputs_dev/vitb16/T=vtab_Q=3bit_L=lora_2_qkv-fc1-proj-fc2/cifar/20260114184203_default_acc=53.50/tensorboard/Grad_mlp.fc2.lora_B_block_0/events.out.tfevents.1768387349.master-192-168-8-48.1680.8,mlp.fc2.lora_B,0
1768388911.4752958,2755,86.125,0.0835256278514862,Grad/mlp.fc2.lora_B,outputs_dev/vitb16/T=vtab_Q=3bit_L=lora_2_qkv-fc1-proj-fc2/cifar/20260114184203_default_acc=53.50/tensorboard/Grad_mlp.fc2.lora_B_block_0/events.out.tfevents.1768387349.master-192-168-8-48.1680.8,mlp.fc2.lora_B,0
1768388911.8667023,2756,86.15625,0.03768241032958031,Grad/mlp.fc2.lora_B,outputs_dev/vitb16/T=vtab_Q=3bit_L=lora_2_qkv-fc1-proj-fc2/cifar/20260114184203_default_acc=53.50/tensorboard/Grad_mlp.fc2.lora_B_block_0/events.out.tfevents.1768387349.master-192-168-8-48.1680.8,mlp.fc2.lora_B,0
1768388912.2607155,2757,86.1875,0.041342414915561676,Grad/mlp.fc2.lora_B,outputs_dev/vitb16/T=vtab_Q=3bit_L=lora_2_qkv-fc1-proj-fc2/cifar/20260114184203_default_acc=53.50/tensorboard/Grad_mlp.fc2.lora_B_block_0/events.out.tfevents.1768387349.master-192-168-8-48.1680.8,mlp.fc2.lora_B,0
1768388912.6548908,2758,86.21875,0.29213789105415344,Grad/mlp.fc2.lora_B,outputs_dev/vitb16/T=vtab_Q=3bit_L=lora_2_qkv-fc1-proj-fc2/cifar/20260114184203_default_acc=53.50/tensorboard/Grad_mlp.fc2.lora_B_block_0/events.out.tfevents.1768387349.master-192-168-8-48.1680.8,mlp.fc2.lora_B,0
1768388913.0477557,2759,86.25,0.03597936034202576,Grad/mlp.fc2.lora_B,outputs_dev/vitb16/T=vtab_Q=3bit_L=lora_2_qkv-fc1-proj-fc2/cifar/20260114184203_default_acc=53.50/tensorboard/Grad_mlp.fc2.lora_B_block_0/events.out.tfevents.1768387349.master-192-168-8-48.1680.8,mlp.fc2.lora_B,0
1768388913.4414265,2760,86.28125,0.057809699326753616,Grad/mlp.fc2.lora_B,outputs_dev/vitb16/T=vtab_Q=3bit_L=lora_2_qkv-fc1-proj-fc2/cifar/20260114184203_default_acc=53.50/tensorboard/Grad_mlp.fc2.lora_B_block_0/events.out.tfevents.1768387349.master-192-168-8-48.1680.8,mlp.fc2.lora_B,0
1768388913.8348157,2761,86.3125,0.2058621048927307,Grad/mlp.fc2.lora_B,outputs_dev/vitb16/T=vtab_Q=3bit_L=lora_2_qkv-fc1-proj-fc2/cifar/20260114184203_default_acc=53.50/tensorboard/Grad_mlp.fc2.lora_B_block_0/events.out.tfevents.1768387349.master-192-168-8-48.1680.8,mlp.fc2.lora_B,0
1768388914.231661,2762,86.34375,0.07920213788747787,Grad/mlp.fc2.lora_B,outputs_dev/vitb16/T=vtab_Q=3bit_L=lora_2_qkv-fc1-proj-fc2/cifar/20260114184203_default_acc=53.50/tensorboard/Grad_mlp.fc2.lora_B_block_0/events.out.tfevents.1768387349.master-192-168-8-48.1680.8,mlp.fc2.lora_B,0
1768388914.6282673,2763,86.375,0.03227869048714638,Grad/mlp.fc2.lora_B,outputs_dev/vitb16/T=vtab_Q=3bit_L=lora_2_qkv-fc1-proj-fc2/cifar/20260114184203_default_acc=53.50/tensorboard/Grad_mlp.fc2.lora_B_block_0/events.out.tfevents.1768387349.master-192-168-8-48.1680.8,mlp.fc2.lora_B,0
1768388915.0236742,2764,86.40625,0.06754651665687561,Grad/mlp.fc2.lora_B,outputs_dev/vitb16/T=vtab_Q=3bit_L=lora_2_qkv-fc1-proj-fc2/cifar/20260114184203_default_acc=53.50/tensorboard/Grad_mlp.fc2.lora_B_block_0/events.out.tfevents.1768387349.master-192-168-8-48.1680.8,mlp.fc2.lora_B,0
1768388915.416772,2765,86.4375,0.1255643218755722,Grad/mlp.fc2.lora_B,outputs_dev/vitb16/T=vtab_Q=3bit_L=lora_2_qkv-fc1-proj-fc2/cifar/20260114184203_default_acc=53.50/tensorboard/Grad_mlp.fc2.lora_B_block_0/events.out.tfevents.1768387349.master-192-168-8-48.1680.8,mlp.fc2.lora_B,0
1768388915.8297017,2766,86.46875,0.041228681802749634,Grad/mlp.fc2.lora_B,outputs_dev/vitb16/T=vtab_Q=3bit_L=lora_2_qkv-fc1-proj-fc2/cifar/20260114184203_default_acc=53.50/tensorboard/Grad_mlp.fc2.lora_B_block_0/events.out.tfevents.1768387349.master-192-168-8-48.1680.8,mlp.fc2.lora_B,0
1768388916.2247763,2767,86.5,0.055714014917612076,Grad/mlp.fc2.lora_B,outputs_dev/vitb16/T=vtab_Q=3bit_L=lora_2_qkv-fc1-proj-fc2/cifar/20260114184203_default_acc=53.50/tensorboard/Grad_mlp.fc2.lora_B_block_0/events.out.tfevents.1768387349.master-192-168-8-48.1680.8,mlp.fc2.lora_B,0
1768388916.6205819,2768,86.53125,0.22759810090065002,Grad/mlp.fc2.lora_B,outputs_dev/vitb16/T=vtab_Q=3bit_L=lora_2_qkv-fc1-proj-fc2/cifar/20260114184203_default_acc=53.50/tensorboard/Grad_mlp.fc2.lora_B_block_0/events.out.tfevents.1768387349.master-192-168-8-48.1680.8,mlp.fc2.lora_B,0
1768388917.0177858,2769,86.5625,0.04526602476835251,Grad/mlp.fc2.lora_B,outputs_dev/vitb16/T=vtab_Q=3bit_L=lora_2_qkv-fc1-proj-fc2/cifar/20260114184203_default_acc=53.50/tensorboard/Grad_mlp.fc2.lora_B_block_0/events.out.tfevents.1768387349.master-192-168-8-48.1680.8,mlp.fc2.lora_B,0
1768388917.414298,2770,86.59375,0.07975457608699799,Grad/mlp.fc2.lora_B,outputs_dev/vitb16/T=vtab_Q=3bit_L=lora_2_qkv-fc1-proj-fc2/cifar/20260114184203_default_acc=53.50/tensorboard/Grad_mlp.fc2.lora_B_block_0/events.out.tfevents.1768387349.master-192-168-8-48.1680.8,mlp.fc2.lora_B,0
1768388917.809097,2771,86.625,0.32295751571655273,Grad/mlp.fc2.lora_B,outputs_dev/vitb16/T=vtab_Q=3bit_L=lora_2_qkv-fc1-proj-fc2/cifar/20260114184203_default_acc=53.50/tensorboard/Grad_mlp.fc2.lora_B_block_0/events.out.tfevents.1768387349.master-192-168-8-48.1680.8,mlp.fc2.lora_B,0
1768388918.2810056,2772,86.65625,0.11615483462810516,Grad/mlp.fc2.lora_B,outputs_dev/vitb16/T=vtab_Q=3bit_L=lora_2_qkv-fc1-proj-fc2/cifar/20260114184203_default_acc=53.50/tensorboard/Grad_mlp.fc2.lora_B_block_0/events.out.tfevents.1768387349.master-192-168-8-48.1680.8,mlp.fc2.lora_B,0
1768388918.6786964,2773,86.6875,0.07269034534692764,Grad/mlp.fc2.lora_B,outputs_dev/vitb16/T=vtab_Q=3bit_L=lora_2_qkv-fc1-proj-fc2/cifar/20260114184203_default_acc=53.50/tensorboard/Grad_mlp.fc2.lora_B_block_0/events.out.tfevents.1768387349.master-192-168-8-48.1680.8,mlp.fc2.lora_B,0
1768388919.0799782,2774,86.71875,0.049421526491642,Grad/mlp.fc2.lora_B,outputs_dev/vitb16/T=vtab_Q=3bit_L=lora_2_qkv-fc1-proj-fc2/cifar/20260114184203_default_acc=53.50/tensorboard/Grad_mlp.fc2.lora_B_block_0/events.out.tfevents.1768387349.master-192-168-8-48.1680.8,mlp.fc2.lora_B,0
1768388919.4764466,2775,86.75,0.06022004410624504,Grad/mlp.fc2.lora_B,outputs_dev/vitb16/T=vtab_Q=3bit_L=lora_2_qkv-fc1-proj-fc2/cifar/20260114184203_default_acc=53.50/tensorboard/Grad_mlp.fc2.lora_B_block_0/events.out.tfevents.1768387349.master-192-168-8-48.1680.8,mlp.fc2.lora_B,0
1768388919.8748462,2776,86.78125,0.0638280063867569,Grad/mlp.fc2.lora_B,outputs_dev/vitb16/T=vtab_Q=3bit_L=lora_2_qkv-fc1-proj-fc2/cifar/20260114184203_default_acc=53.50/tensorboard/Grad_mlp.fc2.lora_B_block_0/events.out.tfevents.1768387349.master-192-168-8-48.1680.8,mlp.fc2.lora_B,0
1768388920.288936,2777,86.8125,0.060744863003492355,Grad/mlp.fc2.lora_B,outputs_dev/vitb16/T=vtab_Q=3bit_L=lora_2_qkv-fc1-proj-fc2/cifar/20260114184203_default_acc=53.50/tensorboard/Grad_mlp.fc2.lora_B_block_0/events.out.tfevents.1768387349.master-192-168-8-48.1680.8,mlp.fc2.lora_B,0
1768388920.7018392,2778,86.84375,0.053879186511039734,Grad/mlp.fc2.lora_B,outputs_dev/vitb16/T=vtab_Q=3bit_L=lora_2_qkv-fc1-proj-fc2/cifar/20260114184203_default_acc=53.50/tensorboard/Grad_mlp.fc2.lora_B_block_0/events.out.tfevents.1768387349.master-192-168-8-48.1680.8,mlp.fc2.lora_B,0
1768388921.1119294,2779,86.875,0.08279052376747131,Grad/mlp.fc2.lora_B,outputs_dev/vitb16/T=vtab_Q=3bit_L=lora_2_qkv-fc1-proj-fc2/cifar/20260114184203_default_acc=53.50/tensorboard/Grad_mlp.fc2.lora_B_block_0/events.out.tfevents.1768387349.master-192-168-8-48.1680.8,mlp.fc2.lora_B,0
1768388921.5161078,2780,86.90625,0.027150701731443405,Grad/mlp.fc2.lora_B,outputs_dev/vitb16/T=vtab_Q=3bit_L=lora_2_qkv-fc1-proj-fc2/cifar/20260114184203_default_acc=53.50/tensorboard/Grad_mlp.fc2.lora_B_block_0/events.out.tfevents.1768387349.master-192-168-8-48.1680.8,mlp.fc2.lora_B,0
1768388921.9069145,2781,86.9375,0.06849637627601624,Grad/mlp.fc2.lora_B,outputs_dev/vitb16/T=vtab_Q=3bit_L=lora_2_qkv-fc1-proj-fc2/cifar/20260114184203_default_acc=53.50/tensorboard/Grad_mlp.fc2.lora_B_block_0/events.out.tfevents.1768387349.master-192-168-8-48.1680.8,mlp.fc2.lora_B,0
1768388922.3007102,2782,86.96875,0.22940699756145477,Grad/mlp.fc2.lora_B,outputs_dev/vitb16/T=vtab_Q=3bit_L=lora_2_qkv-fc1-proj-fc2/cifar/20260114184203_default_acc=53.50/tensorboard/Grad_mlp.fc2.lora_B_block_0/events.out.tfevents.1768387349.master-192-168-8-48.1680.8,mlp.fc2.lora_B,0
1768388922.4968002,2783,87.0,0.24836190044879913,Grad/mlp.fc2.lora_B,outputs_dev/vitb16/T=vtab_Q=3bit_L=lora_2_qkv-fc1-proj-fc2/cifar/20260114184203_default_acc=53.50/tensorboard/Grad_mlp.fc2.lora_B_block_0/events.out.tfevents.1768387349.master-192-168-8-48.1680.8,mlp.fc2.lora_B,0
1768388923.1584153,2784,87.03125,0.13557030260562897,Grad/mlp.fc2.lora_B,outputs_dev/vitb16/T=vtab_Q=3bit_L=lora_2_qkv-fc1-proj-fc2/cifar/20260114184203_default_acc=53.50/tensorboard/Grad_mlp.fc2.lora_B_block_0/events.out.tfevents.1768387349.master-192-168-8-48.1680.8,mlp.fc2.lora_B,0
1768388923.5534027,2785,87.0625,0.037542711943387985,Grad/mlp.fc2.lora_B,outputs_dev/vitb16/T=vtab_Q=3bit_L=lora_2_qkv-fc1-proj-fc2/cifar/20260114184203_default_acc=53.50/tensorboard/Grad_mlp.fc2.lora_B_block_0/events.out.tfevents.1768387349.master-192-168-8-48.1680.8,mlp.fc2.lora_B,0
1768388923.946601,2786,87.09375,0.27555039525032043,Grad/mlp.fc2.lora_B,outputs_dev/vitb16/T=vtab_Q=3bit_L=lora_2_qkv-fc1-proj-fc2/cifar/20260114184203_default_acc=53.50/tensorboard/Grad_mlp.fc2.lora_B_block_0/events.out.tfevents.1768387349.master-192-168-8-48.1680.8,mlp.fc2.lora_B,0
1768388924.343728,2787,87.125,0.04318493977189064,Grad/mlp.fc2.lora_B,outputs_dev/vitb16/T=vtab_Q=3bit_L=lora_2_qkv-fc1-proj-fc2/cifar/20260114184203_default_acc=53.50/tensorboard/Grad_mlp.fc2.lora_B_block_0/events.out.tfevents.1768387349.master-192-168-8-48.1680.8,mlp.fc2.lora_B,0
1768388924.753028,2788,87.15625,0.03879145160317421,Grad/mlp.fc2.lora_B,outputs_dev/vitb16/T=vtab_Q=3bit_L=lora_2_qkv-fc1-proj-fc2/cifar/20260114184203_default_acc=53.50/tensorboard/Grad_mlp.fc2.lora_B_block_0/events.out.tfevents.1768387349.master-192-168-8-48.1680.8,mlp.fc2.lora_B,0
1768388925.1745439,2789,87.1875,0.051986657083034515,Grad/mlp.fc2.lora_B,outputs_dev/vitb16/T=vtab_Q=3bit_L=lora_2_qkv-fc1-proj-fc2/cifar/20260114184203_default_acc=53.50/tensorboard/Grad_mlp.fc2.lora_B_block_0/events.out.tfevents.1768387349.master-192-168-8-48.1680.8,mlp.fc2.lora_B,0
1768388925.5656502,2790,87.21875,0.0616505928337574,Grad/mlp.fc2.lora_B,outputs_dev/vitb16/T=vtab_Q=3bit_L=lora_2_qkv-fc1-proj-fc2/cifar/20260114184203_default_acc=53.50/tensorboard/Grad_mlp.fc2.lora_B_block_0/events.out.tfevents.1768387349.master-192-168-8-48.1680.8,mlp.fc2.lora_B,0
1768388925.9726052,2791,87.25,0.02159282937645912,Grad/mlp.fc2.lora_B,outputs_dev/vitb16/T=vtab_Q=3bit_L=lora_2_qkv-fc1-proj-fc2/cifar/20260114184203_default_acc=53.50/tensorboard/Grad_mlp.fc2.lora_B_block_0/events.out.tfevents.1768387349.master-192-168-8-48.1680.8,mlp.fc2.lora_B,0
1768388926.37732,2792,87.28125,0.04680272936820984,Grad/mlp.fc2.lora_B,outputs_dev/vitb16/T=vtab_Q=3bit_L=lora_2_qkv-fc1-proj-fc2/cifar/20260114184203_default_acc=53.50/tensorboard/Grad_mlp.fc2.lora_B_block_0/events.out.tfevents.1768387349.master-192-168-8-48.1680.8,mlp.fc2.lora_B,0
1768388926.787551,2793,87.3125,0.11565223336219788,Grad/mlp.fc2.lora_B,outputs_dev/vitb16/T=vtab_Q=3bit_L=lora_2_qkv-fc1-proj-fc2/cifar/20260114184203_default_acc=53.50/tensorboard/Grad_mlp.fc2.lora_B_block_0/events.out.tfevents.1768387349.master-192-168-8-48.1680.8,mlp.fc2.lora_B,0
1768388927.1788805,2794,87.34375,0.09879627823829651,Grad/mlp.fc2.lora_B,outputs_dev/vitb16/T=vtab_Q=3bit_L=lora_2_qkv-fc1-proj-fc2/cifar/20260114184203_default_acc=53.50/tensorboard/Grad_mlp.fc2.lora_B_block_0/events.out.tfevents.1768387349.master-192-168-8-48.1680.8,mlp.fc2.lora_B,0
1768388927.558313,2795,87.375,0.1604880690574646,Grad/mlp.fc2.lora_B,outputs_dev/vitb16/T=vtab_Q=3bit_L=lora_2_qkv-fc1-proj-fc2/cifar/20260114184203_default_acc=53.50/tensorboard/Grad_mlp.fc2.lora_B_block_0/events.out.tfevents.1768387349.master-192-168-8-48.1680.8,mlp.fc2.lora_B,0
1768388927.948648,2796,87.40625,0.02427915297448635,Grad/mlp.fc2.lora_B,outputs_dev/vitb16/T=vtab_Q=3bit_L=lora_2_qkv-fc1-proj-fc2/cifar/20260114184203_default_acc=53.50/tensorboard/Grad_mlp.fc2.lora_B_block_0/events.out.tfevents.1768387349.master-192-168-8-48.1680.8,mlp.fc2.lora_B,0
1768388928.3588607,2797,87.4375,0.07269766926765442,Grad/mlp.fc2.lora_B,outputs_dev/vitb16/T=vtab_Q=3bit_L=lora_2_qkv-fc1-proj-fc2/cifar/20260114184203_default_acc=53.50/tensorboard/Grad_mlp.fc2.lora_B_block_0/events.out.tfevents.1768387349.master-192-168-8-48.1680.8,mlp.fc2.lora_B,0
1768388928.775716,2798,87.46875,0.023843280971050262,Grad/mlp.fc2.lora_B,outputs_dev/vitb16/T=vtab_Q=3bit_L=lora_2_qkv-fc1-proj-fc2/cifar/20260114184203_default_acc=53.50/tensorboard/Grad_mlp.fc2.lora_B_block_0/events.out.tfevents.1768387349.master-192-168-8-48.1680.8,mlp.fc2.lora_B,0
1768388929.1612043,2799,87.5,0.019217001274228096,Grad/mlp.fc2.lora_B,outputs_dev/vitb16/T=vtab_Q=3bit_L=lora_2_qkv-fc1-proj-fc2/cifar/20260114184203_default_acc=53.50/tensorboard/Grad_mlp.fc2.lora_B_block_0/events.out.tfevents.1768387349.master-192-168-8-48.1680.8,mlp.fc2.lora_B,0
1768388929.5496628,2800,87.53125,0.018159836530685425,Grad/mlp.fc2.lora_B,outputs_dev/vitb16/T=vtab_Q=3bit_L=lora_2_qkv-fc1-proj-fc2/cifar/20260114184203_default_acc=53.50/tensorboard/Grad_mlp.fc2.lora_B_block_0/events.out.tfevents.1768387349.master-192-168-8-48.1680.8,mlp.fc2.lora_B,0
1768388929.9444628,2801,87.5625,0.06371679157018661,Grad/mlp.fc2.lora_B,outputs_dev/vitb16/T=vtab_Q=3bit_L=lora_2_qkv-fc1-proj-fc2/cifar/20260114184203_default_acc=53.50/tensorboard/Grad_mlp.fc2.lora_B_block_0/events.out.tfevents.1768387349.master-192-168-8-48.1680.8,mlp.fc2.lora_B,0
1768388930.3443027,2802,87.59375,0.17089718580245972,Grad/mlp.fc2.lora_B,outputs_dev/vitb16/T=vtab_Q=3bit_L=lora_2_qkv-fc1-proj-fc2/cifar/20260114184203_default_acc=53.50/tensorboard/Grad_mlp.fc2.lora_B_block_0/events.out.tfevents.1768387349.master-192-168-8-48.1680.8,mlp.fc2.lora_B,0
1768388930.7283082,2803,87.625,0.49483802914619446,Grad/mlp.fc2.lora_B,outputs_dev/vitb16/T=vtab_Q=3bit_L=lora_2_qkv-fc1-proj-fc2/cifar/20260114184203_default_acc=53.50/tensorboard/Grad_mlp.fc2.lora_B_block_0/events.out.tfevents.1768387349.master-192-168-8-48.1680.8,mlp.fc2.lora_B,0
1768388931.1431932,2804,87.65625,0.1598450392484665,Grad/mlp.fc2.lora_B,outputs_dev/vitb16/T=vtab_Q=3bit_L=lora_2_qkv-fc1-proj-fc2/cifar/20260114184203_default_acc=53.50/tensorboard/Grad_mlp.fc2.lora_B_block_0/events.out.tfevents.1768387349.master-192-168-8-48.1680.8,mlp.fc2.lora_B,0
1768388931.5568302,2805,87.6875,0.2278202325105667,Grad/mlp.fc2.lora_B,outputs_dev/vitb16/T=vtab_Q=3bit_L=lora_2_qkv-fc1-proj-fc2/cifar/20260114184203_default_acc=53.50/tensorboard/Grad_mlp.fc2.lora_B_block_0/events.out.tfevents.1768387349.master-192-168-8-48.1680.8,mlp.fc2.lora_B,0
1768388931.9668083,2806,87.71875,0.05451372265815735,Grad/mlp.fc2.lora_B,outputs_dev/vitb16/T=vtab_Q=3bit_L=lora_2_qkv-fc1-proj-fc2/cifar/20260114184203_default_acc=53.50/tensorboard/Grad_mlp.fc2.lora_B_block_0/events.out.tfevents.1768387349.master-192-168-8-48.1680.8,mlp.fc2.lora_B,0
1768388932.3736148,2807,87.75,0.08060436695814133,Grad/mlp.fc2.lora_B,outputs_dev/vitb16/T=vtab_Q=3bit_L=lora_2_qkv-fc1-proj-fc2/cifar/20260114184203_default_acc=53.50/tensorboard/Grad_mlp.fc2.lora_B_block_0/events.out.tfevents.1768387349.master-192-168-8-48.1680.8,mlp.fc2.lora_B,0
1768388932.7849152,2808,87.78125,0.0956023707985878,Grad/mlp.fc2.lora_B,outputs_dev/vitb16/T=vtab_Q=3bit_L=lora_2_qkv-fc1-proj-fc2/cifar/20260114184203_default_acc=53.50/tensorboard/Grad_mlp.fc2.lora_B_block_0/events.out.tfevents.1768387349.master-192-168-8-48.1680.8,mlp.fc2.lora_B,0
1768388933.1991262,2809,87.8125,0.02582375705242157,Grad/mlp.fc2.lora_B,outputs_dev/vitb16/T=vtab_Q=3bit_L=lora_2_qkv-fc1-proj-fc2/cifar/20260114184203_default_acc=53.50/tensorboard/Grad_mlp.fc2.lora_B_block_0/events.out.tfevents.1768387349.master-192-168-8-48.1680.8,mlp.fc2.lora_B,0
1768388933.5935812,2810,87.84375,0.18968740105628967,Grad/mlp.fc2.lora_B,outputs_dev/vitb16/T=vtab_Q=3bit_L=lora_2_qkv-fc1-proj-fc2/cifar/20260114184203_default_acc=53.50/tensorboard/Grad_mlp.fc2.lora_B_block_0/events.out.tfevents.1768387349.master-192-168-8-48.1680.8,mlp.fc2.lora_B,0
1768388933.9902308,2811,87.875,0.32101520895957947,Grad/mlp.fc2.lora_B,outputs_dev/vitb16/T=vtab_Q=3bit_L=lora_2_qkv-fc1-proj-fc2/cifar/20260114184203_default_acc=53.50/tensorboard/Grad_mlp.fc2.lora_B_block_0/events.out.tfevents.1768387349.master-192-168-8-48.1680.8,mlp.fc2.lora_B,0
1768388934.3866148,2812,87.90625,0.056212011724710464,Grad/mlp.fc2.lora_B,outputs_dev/vitb16/T=vtab_Q=3bit_L=lora_2_qkv-fc1-proj-fc2/cifar/20260114184203_default_acc=53.50/tensorboard/Grad_mlp.fc2.lora_B_block_0/events.out.tfevents.1768387349.master-192-168-8-48.1680.8,mlp.fc2.lora_B,0
1768388934.7824838,2813,87.9375,0.12243994325399399,Grad/mlp.fc2.lora_B,outputs_dev/vitb16/T=vtab_Q=3bit_L=lora_2_qkv-fc1-proj-fc2/cifar/20260114184203_default_acc=53.50/tensorboard/Grad_mlp.fc2.lora_B_block_0/events.out.tfevents.1768387349.master-192-168-8-48.1680.8,mlp.fc2.lora_B,0
1768388935.1784484,2814,87.96875,0.03870087489485741,Grad/mlp.fc2.lora_B,outputs_dev/vitb16/T=vtab_Q=3bit_L=lora_2_qkv-fc1-proj-fc2/cifar/20260114184203_default_acc=53.50/tensorboard/Grad_mlp.fc2.lora_B_block_0/events.out.tfevents.1768387349.master-192-168-8-48.1680.8,mlp.fc2.lora_B,0
1768388935.3650215,2815,88.0,0.06702171266078949,Grad/mlp.fc2.lora_B,outputs_dev/vitb16/T=vtab_Q=3bit_L=lora_2_qkv-fc1-proj-fc2/cifar/20260114184203_default_acc=53.50/tensorboard/Grad_mlp.fc2.lora_B_block_0/events.out.tfevents.1768387349.master-192-168-8-48.1680.8,mlp.fc2.lora_B,0
1768388935.9534192,2816,88.03125,0.42520448565483093,Grad/mlp.fc2.lora_B,outputs_dev/vitb16/T=vtab_Q=3bit_L=lora_2_qkv-fc1-proj-fc2/cifar/20260114184203_default_acc=53.50/tensorboard/Grad_mlp.fc2.lora_B_block_0/events.out.tfevents.1768387349.master-192-168-8-48.1680.8,mlp.fc2.lora_B,0
1768388936.374323,2817,88.0625,0.02985810488462448,Grad/mlp.fc2.lora_B,outputs_dev/vitb16/T=vtab_Q=3bit_L=lora_2_qkv-fc1-proj-fc2/cifar/20260114184203_default_acc=53.50/tensorboard/Grad_mlp.fc2.lora_B_block_0/events.out.tfevents.1768387349.master-192-168-8-48.1680.8,mlp.fc2.lora_B,0
1768388936.7831845,2818,88.09375,0.04005797579884529,Grad/mlp.fc2.lora_B,outputs_dev/vitb16/T=vtab_Q=3bit_L=lora_2_qkv-fc1-proj-fc2/cifar/20260114184203_default_acc=53.50/tensorboard/Grad_mlp.fc2.lora_B_block_0/events.out.tfevents.1768387349.master-192-168-8-48.1680.8,mlp.fc2.lora_B,0
1768388937.1771498,2819,88.125,0.31649067997932434,Grad/mlp.fc2.lora_B,outputs_dev/vitb16/T=vtab_Q=3bit_L=lora_2_qkv-fc1-proj-fc2/cifar/20260114184203_default_acc=53.50/tensorboard/Grad_mlp.fc2.lora_B_block_0/events.out.tfevents.1768387349.master-192-168-8-48.1680.8,mlp.fc2.lora_B,0
1768388937.5899842,2820,88.15625,0.044975973665714264,Grad/mlp.fc2.lora_B,outputs_dev/vitb16/T=vtab_Q=3bit_L=lora_2_qkv-fc1-proj-fc2/cifar/20260114184203_default_acc=53.50/tensorboard/Grad_mlp.fc2.lora_B_block_0/events.out.tfevents.1768387349.master-192-168-8-48.1680.8,mlp.fc2.lora_B,0
1768388938.022239,2821,88.1875,0.04378276690840721,Grad/mlp.fc2.lora_B,outputs_dev/vitb16/T=vtab_Q=3bit_L=lora_2_qkv-fc1-proj-fc2/cifar/20260114184203_default_acc=53.50/tensorboard/Grad_mlp.fc2.lora_B_block_0/events.out.tfevents.1768387349.master-192-168-8-48.1680.8,mlp.fc2.lora_B,0
1768388938.418934,2822,88.21875,0.0923822894692421,Grad/mlp.fc2.lora_B,outputs_dev/vitb16/T=vtab_Q=3bit_L=lora_2_qkv-fc1-proj-fc2/cifar/20260114184203_default_acc=53.50/tensorboard/Grad_mlp.fc2.lora_B_block_0/events.out.tfevents.1768387349.master-192-168-8-48.1680.8,mlp.fc2.lora_B,0
1768388938.8116367,2823,88.25,0.05436838045716286,Grad/mlp.fc2.lora_B,outputs_dev/vitb16/T=vtab_Q=3bit_L=lora_2_qkv-fc1-proj-fc2/cifar/20260114184203_default_acc=53.50/tensorboard/Grad_mlp.fc2.lora_B_block_0/events.out.tfevents.1768387349.master-192-168-8-48.1680.8,mlp.fc2.lora_B,0
1768388939.2095926,2824,88.28125,0.057609155774116516,Grad/mlp.fc2.lora_B,outputs_dev/vitb16/T=vtab_Q=3bit_L=lora_2_qkv-fc1-proj-fc2/cifar/20260114184203_default_acc=53.50/tensorboard/Grad_mlp.fc2.lora_B_block_0/events.out.tfevents.1768387349.master-192-168-8-48.1680.8,mlp.fc2.lora_B,0
1768388939.5908656,2825,88.3125,0.05335655063390732,Grad/mlp.fc2.lora_B,outputs_dev/vitb16/T=vtab_Q=3bit_L=lora_2_qkv-fc1-proj-fc2/cifar/20260114184203_default_acc=53.50/tensorboard/Grad_mlp.fc2.lora_B_block_0/events.out.tfevents.1768387349.master-192-168-8-48.1680.8,mlp.fc2.lora_B,0
1768388939.974616,2826,88.34375,0.054730355739593506,Grad/mlp.fc2.lora_B,outputs_dev/vitb16/T=vtab_Q=3bit_L=lora_2_qkv-fc1-proj-fc2/cifar/20260114184203_default_acc=53.50/tensorboard/Grad_mlp.fc2.lora_B_block_0/events.out.tfevents.1768387349.master-192-168-8-48.1680.8,mlp.fc2.lora_B,0
1768388940.3682647,2827,88.375,0.029996663331985474,Grad/mlp.fc2.lora_B,outputs_dev/vitb16/T=vtab_Q=3bit_L=lora_2_qkv-fc1-proj-fc2/cifar/20260114184203_default_acc=53.50/tensorboard/Grad_mlp.fc2.lora_B_block_0/events.out.tfevents.1768387349.master-192-168-8-48.1680.8,mlp.fc2.lora_B,0
1768388940.8425007,2828,88.40625,0.04410763829946518,Grad/mlp.fc2.lora_B,outputs_dev/vitb16/T=vtab_Q=3bit_L=lora_2_qkv-fc1-proj-fc2/cifar/20260114184203_default_acc=53.50/tensorboard/Grad_mlp.fc2.lora_B_block_0/events.out.tfevents.1768387349.master-192-168-8-48.1680.8,mlp.fc2.lora_B,0
1768388941.227368,2829,88.4375,0.08346273005008698,Grad/mlp.fc2.lora_B,outputs_dev/vitb16/T=vtab_Q=3bit_L=lora_2_qkv-fc1-proj-fc2/cifar/20260114184203_default_acc=53.50/tensorboard/Grad_mlp.fc2.lora_B_block_0/events.out.tfevents.1768387349.master-192-168-8-48.1680.8,mlp.fc2.lora_B,0
1768388941.614947,2830,88.46875,0.030946867540478706,Grad/mlp.fc2.lora_B,outputs_dev/vitb16/T=vtab_Q=3bit_L=lora_2_qkv-fc1-proj-fc2/cifar/20260114184203_default_acc=53.50/tensorboard/Grad_mlp.fc2.lora_B_block_0/events.out.tfevents.1768387349.master-192-168-8-48.1680.8,mlp.fc2.lora_B,0
1768388942.0001783,2831,88.5,0.1337265968322754,Grad/mlp.fc2.lora_B,outputs_dev/vitb16/T=vtab_Q=3bit_L=lora_2_qkv-fc1-proj-fc2/cifar/20260114184203_default_acc=53.50/tensorboard/Grad_mlp.fc2.lora_B_block_0/events.out.tfevents.1768387349.master-192-168-8-48.1680.8,mlp.fc2.lora_B,0
1768388942.3860269,2832,88.53125,0.040642693638801575,Grad/mlp.fc2.lora_B,outputs_dev/vitb16/T=vtab_Q=3bit_L=lora_2_qkv-fc1-proj-fc2/cifar/20260114184203_default_acc=53.50/tensorboard/Grad_mlp.fc2.lora_B_block_0/events.out.tfevents.1768387349.master-192-168-8-48.1680.8,mlp.fc2.lora_B,0
1768388942.7872407,2833,88.5625,0.021587634459137917,Grad/mlp.fc2.lora_B,outputs_dev/vitb16/T=vtab_Q=3bit_L=lora_2_qkv-fc1-proj-fc2/cifar/20260114184203_default_acc=53.50/tensorboard/Grad_mlp.fc2.lora_B_block_0/events.out.tfevents.1768387349.master-192-168-8-48.1680.8,mlp.fc2.lora_B,0
1768388943.198754,2834,88.59375,0.35064879059791565,Grad/mlp.fc2.lora_B,outputs_dev/vitb16/T=vtab_Q=3bit_L=lora_2_qkv-fc1-proj-fc2/cifar/20260114184203_default_acc=53.50/tensorboard/Grad_mlp.fc2.lora_B_block_0/events.out.tfevents.1768387349.master-192-168-8-48.1680.8,mlp.fc2.lora_B,0
1768388943.5968773,2835,88.625,0.06328128278255463,Grad/mlp.fc2.lora_B,outputs_dev/vitb16/T=vtab_Q=3bit_L=lora_2_qkv-fc1-proj-fc2/cifar/20260114184203_default_acc=53.50/tensorboard/Grad_mlp.fc2.lora_B_block_0/events.out.tfevents.1768387349.master-192-168-8-48.1680.8,mlp.fc2.lora_B,0
1768388943.9903219,2836,88.65625,0.032526224851608276,Grad/mlp.fc2.lora_B,outputs_dev/vitb16/T=vtab_Q=3bit_L=lora_2_qkv-fc1-proj-fc2/cifar/20260114184203_default_acc=53.50/tensorboard/Grad_mlp.fc2.lora_B_block_0/events.out.tfevents.1768387349.master-192-168-8-48.1680.8,mlp.fc2.lora_B,0
1768388944.4067159,2837,88.6875,0.009620877914130688,Grad/mlp.fc2.lora_B,outputs_dev/vitb16/T=vtab_Q=3bit_L=lora_2_qkv-fc1-proj-fc2/cifar/20260114184203_default_acc=53.50/tensorboard/Grad_mlp.fc2.lora_B_block_0/events.out.tfevents.1768387349.master-192-168-8-48.1680.8,mlp.fc2.lora_B,0
1768388944.8017988,2838,88.71875,0.021926017478108406,Grad/mlp.fc2.lora_B,outputs_dev/vitb16/T=vtab_Q=3bit_L=lora_2_qkv-fc1-proj-fc2/cifar/20260114184203_default_acc=53.50/tensorboard/Grad_mlp.fc2.lora_B_block_0/events.out.tfevents.1768387349.master-192-168-8-48.1680.8,mlp.fc2.lora_B,0
1768388945.1933792,2839,88.75,0.013109681196510792,Grad/mlp.fc2.lora_B,outputs_dev/vitb16/T=vtab_Q=3bit_L=lora_2_qkv-fc1-proj-fc2/cifar/20260114184203_default_acc=53.50/tensorboard/Grad_mlp.fc2.lora_B_block_0/events.out.tfevents.1768387349.master-192-168-8-48.1680.8,mlp.fc2.lora_B,0
1768388945.5878947,2840,88.78125,0.5520374178886414,Grad/mlp.fc2.lora_B,outputs_dev/vitb16/T=vtab_Q=3bit_L=lora_2_qkv-fc1-proj-fc2/cifar/20260114184203_default_acc=53.50/tensorboard/Grad_mlp.fc2.lora_B_block_0/events.out.tfevents.1768387349.master-192-168-8-48.1680.8,mlp.fc2.lora_B,0
1768388945.98495,2841,88.8125,0.10792876780033112,Grad/mlp.fc2.lora_B,outputs_dev/vitb16/T=vtab_Q=3bit_L=lora_2_qkv-fc1-proj-fc2/cifar/20260114184203_default_acc=53.50/tensorboard/Grad_mlp.fc2.lora_B_block_0/events.out.tfevents.1768387349.master-192-168-8-48.1680.8,mlp.fc2.lora_B,0
1768388946.3770316,2842,88.84375,0.045860737562179565,Grad/mlp.fc2.lora_B,outputs_dev/vitb16/T=vtab_Q=3bit_L=lora_2_qkv-fc1-proj-fc2/cifar/20260114184203_default_acc=53.50/tensorboard/Grad_mlp.fc2.lora_B_block_0/events.out.tfevents.1768387349.master-192-168-8-48.1680.8,mlp.fc2.lora_B,0
1768388946.7715235,2843,88.875,0.08161213248968124,Grad/mlp.fc2.lora_B,outputs_dev/vitb16/T=vtab_Q=3bit_L=lora_2_qkv-fc1-proj-fc2/cifar/20260114184203_default_acc=53.50/tensorboard/Grad_mlp.fc2.lora_B_block_0/events.out.tfevents.1768387349.master-192-168-8-48.1680.8,mlp.fc2.lora_B,0
1768388947.164536,2844,88.90625,0.05124681070446968,Grad/mlp.fc2.lora_B,outputs_dev/vitb16/T=vtab_Q=3bit_L=lora_2_qkv-fc1-proj-fc2/cifar/20260114184203_default_acc=53.50/tensorboard/Grad_mlp.fc2.lora_B_block_0/events.out.tfevents.1768387349.master-192-168-8-48.1680.8,mlp.fc2.lora_B,0
1768388947.5561395,2845,88.9375,0.11279281228780746,Grad/mlp.fc2.lora_B,outputs_dev/vitb16/T=vtab_Q=3bit_L=lora_2_qkv-fc1-proj-fc2/cifar/20260114184203_default_acc=53.50/tensorboard/Grad_mlp.fc2.lora_B_block_0/events.out.tfevents.1768387349.master-192-168-8-48.1680.8,mlp.fc2.lora_B,0
1768388947.947531,2846,88.96875,0.0331006720662117,Grad/mlp.fc2.lora_B,outputs_dev/vitb16/T=vtab_Q=3bit_L=lora_2_qkv-fc1-proj-fc2/cifar/20260114184203_default_acc=53.50/tensorboard/Grad_mlp.fc2.lora_B_block_0/events.out.tfevents.1768387349.master-192-168-8-48.1680.8,mlp.fc2.lora_B,0
1768388948.122815,2847,89.0,0.05855900049209595,Grad/mlp.fc2.lora_B,outputs_dev/vitb16/T=vtab_Q=3bit_L=lora_2_qkv-fc1-proj-fc2/cifar/20260114184203_default_acc=53.50/tensorboard/Grad_mlp.fc2.lora_B_block_0/events.out.tfevents.1768387349.master-192-168-8-48.1680.8,mlp.fc2.lora_B,0
1768388948.7791226,2848,89.03125,0.07734116166830063,Grad/mlp.fc2.lora_B,outputs_dev/vitb16/T=vtab_Q=3bit_L=lora_2_qkv-fc1-proj-fc2/cifar/20260114184203_default_acc=53.50/tensorboard/Grad_mlp.fc2.lora_B_block_0/events.out.tfevents.1768387349.master-192-168-8-48.1680.8,mlp.fc2.lora_B,0
1768388949.1871443,2849,89.0625,0.028011085465550423,Grad/mlp.fc2.lora_B,outputs_dev/vitb16/T=vtab_Q=3bit_L=lora_2_qkv-fc1-proj-fc2/cifar/20260114184203_default_acc=53.50/tensorboard/Grad_mlp.fc2.lora_B_block_0/events.out.tfevents.1768387349.master-192-168-8-48.1680.8,mlp.fc2.lora_B,0
1768388949.58505,2850,89.09375,0.05656987801194191,Grad/mlp.fc2.lora_B,outputs_dev/vitb16/T=vtab_Q=3bit_L=lora_2_qkv-fc1-proj-fc2/cifar/20260114184203_default_acc=53.50/tensorboard/Grad_mlp.fc2.lora_B_block_0/events.out.tfevents.1768387349.master-192-168-8-48.1680.8,mlp.fc2.lora_B,0
1768388949.9965594,2851,89.125,0.05861273035407066,Grad/mlp.fc2.lora_B,outputs_dev/vitb16/T=vtab_Q=3bit_L=lora_2_qkv-fc1-proj-fc2/cifar/20260114184203_default_acc=53.50/tensorboard/Grad_mlp.fc2.lora_B_block_0/events.out.tfevents.1768387349.master-192-168-8-48.1680.8,mlp.fc2.lora_B,0
1768388950.3923426,2852,89.15625,0.34384459257125854,Grad/mlp.fc2.lora_B,outputs_dev/vitb16/T=vtab_Q=3bit_L=lora_2_qkv-fc1-proj-fc2/cifar/20260114184203_default_acc=53.50/tensorboard/Grad_mlp.fc2.lora_B_block_0/events.out.tfevents.1768387349.master-192-168-8-48.1680.8,mlp.fc2.lora_B,0
1768388950.7986815,2853,89.1875,0.04392687976360321,Grad/mlp.fc2.lora_B,outputs_dev/vitb16/T=vtab_Q=3bit_L=lora_2_qkv-fc1-proj-fc2/cifar/20260114184203_default_acc=53.50/tensorboard/Grad_mlp.fc2.lora_B_block_0/events.out.tfevents.1768387349.master-192-168-8-48.1680.8,mlp.fc2.lora_B,0
1768388951.209167,2854,89.21875,0.0683150365948677,Grad/mlp.fc2.lora_B,outputs_dev/vitb16/T=vtab_Q=3bit_L=lora_2_qkv-fc1-proj-fc2/cifar/20260114184203_default_acc=53.50/tensorboard/Grad_mlp.fc2.lora_B_block_0/events.out.tfevents.1768387349.master-192-168-8-48.1680.8,mlp.fc2.lora_B,0
1768388951.618066,2855,89.25,0.04439791664481163,Grad/mlp.fc2.lora_B,outputs_dev/vitb16/T=vtab_Q=3bit_L=lora_2_qkv-fc1-proj-fc2/cifar/20260114184203_default_acc=53.50/tensorboard/Grad_mlp.fc2.lora_B_block_0/events.out.tfevents.1768387349.master-192-168-8-48.1680.8,mlp.fc2.lora_B,0
1768388952.0217335,2856,89.28125,0.14846013486385345,Grad/mlp.fc2.lora_B,outputs_dev/vitb16/T=vtab_Q=3bit_L=lora_2_qkv-fc1-proj-fc2/cifar/20260114184203_default_acc=53.50/tensorboard/Grad_mlp.fc2.lora_B_block_0/events.out.tfevents.1768387349.master-192-168-8-48.1680.8,mlp.fc2.lora_B,0
1768388952.4164023,2857,89.3125,0.10594330728054047,Grad/mlp.fc2.lora_B,outputs_dev/vitb16/T=vtab_Q=3bit_L=lora_2_qkv-fc1-proj-fc2/cifar/20260114184203_default_acc=53.50/tensorboard/Grad_mlp.fc2.lora_B_block_0/events.out.tfevents.1768387349.master-192-168-8-48.1680.8,mlp.fc2.lora_B,0
1768388952.8092198,2858,89.34375,0.12470822781324387,Grad/mlp.fc2.lora_B,outputs_dev/vitb16/T=vtab_Q=3bit_L=lora_2_qkv-fc1-proj-fc2/cifar/20260114184203_default_acc=53.50/tensorboard/Grad_mlp.fc2.lora_B_block_0/events.out.tfevents.1768387349.master-192-168-8-48.1680.8,mlp.fc2.lora_B,0
1768388953.2049017,2859,89.375,0.11800962686538696,Grad/mlp.fc2.lora_B,outputs_dev/vitb16/T=vtab_Q=3bit_L=lora_2_qkv-fc1-proj-fc2/cifar/20260114184203_default_acc=53.50/tensorboard/Grad_mlp.fc2.lora_B_block_0/events.out.tfevents.1768387349.master-192-168-8-48.1680.8,mlp.fc2.lora_B,0
1768388953.5985296,2860,89.40625,0.036130014806985855,Grad/mlp.fc2.lora_B,outputs_dev/vitb16/T=vtab_Q=3bit_L=lora_2_qkv-fc1-proj-fc2/cifar/20260114184203_default_acc=53.50/tensorboard/Grad_mlp.fc2.lora_B_block_0/events.out.tfevents.1768387349.master-192-168-8-48.1680.8,mlp.fc2.lora_B,0
1768388953.9791992,2861,89.4375,0.16834871470928192,Grad/mlp.fc2.lora_B,outputs_dev/vitb16/T=vtab_Q=3bit_L=lora_2_qkv-fc1-proj-fc2/cifar/20260114184203_default_acc=53.50/tensorboard/Grad_mlp.fc2.lora_B_block_0/events.out.tfevents.1768387349.master-192-168-8-48.1680.8,mlp.fc2.lora_B,0
1768388954.3658335,2862,89.46875,0.11735209822654724,Grad/mlp.fc2.lora_B,outputs_dev/vitb16/T=vtab_Q=3bit_L=lora_2_qkv-fc1-proj-fc2/cifar/20260114184203_default_acc=53.50/tensorboard/Grad_mlp.fc2.lora_B_block_0/events.out.tfevents.1768387349.master-192-168-8-48.1680.8,mlp.fc2.lora_B,0
1768388954.7605748,2863,89.5,0.13459067046642303,Grad/mlp.fc2.lora_B,outputs_dev/vitb16/T=vtab_Q=3bit_L=lora_2_qkv-fc1-proj-fc2/cifar/20260114184203_default_acc=53.50/tensorboard/Grad_mlp.fc2.lora_B_block_0/events.out.tfevents.1768387349.master-192-168-8-48.1680.8,mlp.fc2.lora_B,0
1768388955.1665857,2864,89.53125,0.03927704319357872,Grad/mlp.fc2.lora_B,outputs_dev/vitb16/T=vtab_Q=3bit_L=lora_2_qkv-fc1-proj-fc2/cifar/20260114184203_default_acc=53.50/tensorboard/Grad_mlp.fc2.lora_B_block_0/events.out.tfevents.1768387349.master-192-168-8-48.1680.8,mlp.fc2.lora_B,0
1768388955.5935001,2865,89.5625,0.02842690236866474,Grad/mlp.fc2.lora_B,outputs_dev/vitb16/T=vtab_Q=3bit_L=lora_2_qkv-fc1-proj-fc2/cifar/20260114184203_default_acc=53.50/tensorboard/Grad_mlp.fc2.lora_B_block_0/events.out.tfevents.1768387349.master-192-168-8-48.1680.8,mlp.fc2.lora_B,0
1768388956.003841,2866,89.59375,0.0827944353222847,Grad/mlp.fc2.lora_B,outputs_dev/vitb16/T=vtab_Q=3bit_L=lora_2_qkv-fc1-proj-fc2/cifar/20260114184203_default_acc=53.50/tensorboard/Grad_mlp.fc2.lora_B_block_0/events.out.tfevents.1768387349.master-192-168-8-48.1680.8,mlp.fc2.lora_B,0
1768388956.3967388,2867,89.625,0.028224021196365356,Grad/mlp.fc2.lora_B,outputs_dev/vitb16/T=vtab_Q=3bit_L=lora_2_qkv-fc1-proj-fc2/cifar/20260114184203_default_acc=53.50/tensorboard/Grad_mlp.fc2.lora_B_block_0/events.out.tfevents.1768387349.master-192-168-8-48.1680.8,mlp.fc2.lora_B,0
1768388956.7877502,2868,89.65625,0.11932013183832169,Grad/mlp.fc2.lora_B,outputs_dev/vitb16/T=vtab_Q=3bit_L=lora_2_qkv-fc1-proj-fc2/cifar/20260114184203_default_acc=53.50/tensorboard/Grad_mlp.fc2.lora_B_block_0/events.out.tfevents.1768387349.master-192-168-8-48.1680.8,mlp.fc2.lora_B,0
1768388957.1835487,2869,89.6875,0.02441292442381382,Grad/mlp.fc2.lora_B,outputs_dev/vitb16/T=vtab_Q=3bit_L=lora_2_qkv-fc1-proj-fc2/cifar/20260114184203_default_acc=53.50/tensorboard/Grad_mlp.fc2.lora_B_block_0/events.out.tfevents.1768387349.master-192-168-8-48.1680.8,mlp.fc2.lora_B,0
1768388957.5749006,2870,89.71875,0.056796882301568985,Grad/mlp.fc2.lora_B,outputs_dev/vitb16/T=vtab_Q=3bit_L=lora_2_qkv-fc1-proj-fc2/cifar/20260114184203_default_acc=53.50/tensorboard/Grad_mlp.fc2.lora_B_block_0/events.out.tfevents.1768387349.master-192-168-8-48.1680.8,mlp.fc2.lora_B,0
1768388957.967967,2871,89.75,0.03698509559035301,Grad/mlp.fc2.lora_B,outputs_dev/vitb16/T=vtab_Q=3bit_L=lora_2_qkv-fc1-proj-fc2/cifar/20260114184203_default_acc=53.50/tensorboard/Grad_mlp.fc2.lora_B_block_0/events.out.tfevents.1768387349.master-192-168-8-48.1680.8,mlp.fc2.lora_B,0
1768388958.3608613,2872,89.78125,0.15157367289066315,Grad/mlp.fc2.lora_B,outputs_dev/vitb16/T=vtab_Q=3bit_L=lora_2_qkv-fc1-proj-fc2/cifar/20260114184203_default_acc=53.50/tensorboard/Grad_mlp.fc2.lora_B_block_0/events.out.tfevents.1768387349.master-192-168-8-48.1680.8,mlp.fc2.lora_B,0
1768388958.7519536,2873,89.8125,0.07474982738494873,Grad/mlp.fc2.lora_B,outputs_dev/vitb16/T=vtab_Q=3bit_L=lora_2_qkv-fc1-proj-fc2/cifar/20260114184203_default_acc=53.50/tensorboard/Grad_mlp.fc2.lora_B_block_0/events.out.tfevents.1768387349.master-192-168-8-48.1680.8,mlp.fc2.lora_B,0
1768388959.145671,2874,89.84375,0.16928042471408844,Grad/mlp.fc2.lora_B,outputs_dev/vitb16/T=vtab_Q=3bit_L=lora_2_qkv-fc1-proj-fc2/cifar/20260114184203_default_acc=53.50/tensorboard/Grad_mlp.fc2.lora_B_block_0/events.out.tfevents.1768387349.master-192-168-8-48.1680.8,mlp.fc2.lora_B,0
1768388959.5555937,2875,89.875,0.05026956647634506,Grad/mlp.fc2.lora_B,outputs_dev/vitb16/T=vtab_Q=3bit_L=lora_2_qkv-fc1-proj-fc2/cifar/20260114184203_default_acc=53.50/tensorboard/Grad_mlp.fc2.lora_B_block_0/events.out.tfevents.1768387349.master-192-168-8-48.1680.8,mlp.fc2.lora_B,0
1768388959.9507492,2876,89.90625,0.017146630212664604,Grad/mlp.fc2.lora_B,outputs_dev/vitb16/T=vtab_Q=3bit_L=lora_2_qkv-fc1-proj-fc2/cifar/20260114184203_default_acc=53.50/tensorboard/Grad_mlp.fc2.lora_B_block_0/events.out.tfevents.1768387349.master-192-168-8-48.1680.8,mlp.fc2.lora_B,0
1768388960.3474543,2877,89.9375,0.04071642830967903,Grad/mlp.fc2.lora_B,outputs_dev/vitb16/T=vtab_Q=3bit_L=lora_2_qkv-fc1-proj-fc2/cifar/20260114184203_default_acc=53.50/tensorboard/Grad_mlp.fc2.lora_B_block_0/events.out.tfevents.1768387349.master-192-168-8-48.1680.8,mlp.fc2.lora_B,0
1768388960.7439451,2878,89.96875,0.3103528618812561,Grad/mlp.fc2.lora_B,outputs_dev/vitb16/T=vtab_Q=3bit_L=lora_2_qkv-fc1-proj-fc2/cifar/20260114184203_default_acc=53.50/tensorboard/Grad_mlp.fc2.lora_B_block_0/events.out.tfevents.1768387349.master-192-168-8-48.1680.8,mlp.fc2.lora_B,0
1768388961.0501244,2879,90.0,0.1064014583826065,Grad/mlp.fc2.lora_B,outputs_dev/vitb16/T=vtab_Q=3bit_L=lora_2_qkv-fc1-proj-fc2/cifar/20260114184203_default_acc=53.50/tensorboard/Grad_mlp.fc2.lora_B_block_0/events.out.tfevents.1768387349.master-192-168-8-48.1680.8,mlp.fc2.lora_B,0
1768388961.8429136,2880,90.03125,0.07605773955583572,Grad/mlp.fc2.lora_B,outputs_dev/vitb16/T=vtab_Q=3bit_L=lora_2_qkv-fc1-proj-fc2/cifar/20260114184203_default_acc=53.50/tensorboard/Grad_mlp.fc2.lora_B_block_0/events.out.tfevents.1768387349.master-192-168-8-48.1680.8,mlp.fc2.lora_B,0
1768388962.253855,2881,90.0625,0.04486255720257759,Grad/mlp.fc2.lora_B,outputs_dev/vitb16/T=vtab_Q=3bit_L=lora_2_qkv-fc1-proj-fc2/cifar/20260114184203_default_acc=53.50/tensorboard/Grad_mlp.fc2.lora_B_block_0/events.out.tfevents.1768387349.master-192-168-8-48.1680.8,mlp.fc2.lora_B,0
1768388962.6667821,2882,90.09375,0.05435667559504509,Grad/mlp.fc2.lora_B,outputs_dev/vitb16/T=vtab_Q=3bit_L=lora_2_qkv-fc1-proj-fc2/cifar/20260114184203_default_acc=53.50/tensorboard/Grad_mlp.fc2.lora_B_block_0/events.out.tfevents.1768387349.master-192-168-8-48.1680.8,mlp.fc2.lora_B,0
1768388963.060368,2883,90.125,0.076612688601017,Grad/mlp.fc2.lora_B,outputs_dev/vitb16/T=vtab_Q=3bit_L=lora_2_qkv-fc1-proj-fc2/cifar/20260114184203_default_acc=53.50/tensorboard/Grad_mlp.fc2.lora_B_block_0/events.out.tfevents.1768387349.master-192-168-8-48.1680.8,mlp.fc2.lora_B,0
1768388963.4512792,2884,90.15625,0.08163035660982132,Grad/mlp.fc2.lora_B,outputs_dev/vitb16/T=vtab_Q=3bit_L=lora_2_qkv-fc1-proj-fc2/cifar/20260114184203_default_acc=53.50/tensorboard/Grad_mlp.fc2.lora_B_block_0/events.out.tfevents.1768387349.master-192-168-8-48.1680.8,mlp.fc2.lora_B,0
1768388963.8418481,2885,90.1875,0.0758962631225586,Grad/mlp.fc2.lora_B,outputs_dev/vitb16/T=vtab_Q=3bit_L=lora_2_qkv-fc1-proj-fc2/cifar/20260114184203_default_acc=53.50/tensorboard/Grad_mlp.fc2.lora_B_block_0/events.out.tfevents.1768387349.master-192-168-8-48.1680.8,mlp.fc2.lora_B,0
1768388964.2351847,2886,90.21875,0.21699421107769012,Grad/mlp.fc2.lora_B,outputs_dev/vitb16/T=vtab_Q=3bit_L=lora_2_qkv-fc1-proj-fc2/cifar/20260114184203_default_acc=53.50/tensorboard/Grad_mlp.fc2.lora_B_block_0/events.out.tfevents.1768387349.master-192-168-8-48.1680.8,mlp.fc2.lora_B,0
1768388964.6260388,2887,90.25,0.042491454631090164,Grad/mlp.fc2.lora_B,outputs_dev/vitb16/T=vtab_Q=3bit_L=lora_2_qkv-fc1-proj-fc2/cifar/20260114184203_default_acc=53.50/tensorboard/Grad_mlp.fc2.lora_B_block_0/events.out.tfevents.1768387349.master-192-168-8-48.1680.8,mlp.fc2.lora_B,0
1768388965.035237,2888,90.28125,0.0763251855969429,Grad/mlp.fc2.lora_B,outputs_dev/vitb16/T=vtab_Q=3bit_L=lora_2_qkv-fc1-proj-fc2/cifar/20260114184203_default_acc=53.50/tensorboard/Grad_mlp.fc2.lora_B_block_0/events.out.tfevents.1768387349.master-192-168-8-48.1680.8,mlp.fc2.lora_B,0
1768388965.441383,2889,90.3125,0.08514346182346344,Grad/mlp.fc2.lora_B,outputs_dev/vitb16/T=vtab_Q=3bit_L=lora_2_qkv-fc1-proj-fc2/cifar/20260114184203_default_acc=53.50/tensorboard/Grad_mlp.fc2.lora_B_block_0/events.out.tfevents.1768387349.master-192-168-8-48.1680.8,mlp.fc2.lora_B,0
1768388965.8338532,2890,90.34375,0.037377968430519104,Grad/mlp.fc2.lora_B,outputs_dev/vitb16/T=vtab_Q=3bit_L=lora_2_qkv-fc1-proj-fc2/cifar/20260114184203_default_acc=53.50/tensorboard/Grad_mlp.fc2.lora_B_block_0/events.out.tfevents.1768387349.master-192-168-8-48.1680.8,mlp.fc2.lora_B,0
1768388966.2409456,2891,90.375,0.013340000063180923,Grad/mlp.fc2.lora_B,outputs_dev/vitb16/T=vtab_Q=3bit_L=lora_2_qkv-fc1-proj-fc2/cifar/20260114184203_default_acc=53.50/tensorboard/Grad_mlp.fc2.lora_B_block_0/events.out.tfevents.1768387349.master-192-168-8-48.1680.8,mlp.fc2.lora_B,0
1768388966.6328166,2892,90.40625,0.060528986155986786,Grad/mlp.fc2.lora_B,outputs_dev/vitb16/T=vtab_Q=3bit_L=lora_2_qkv-fc1-proj-fc2/cifar/20260114184203_default_acc=53.50/tensorboard/Grad_mlp.fc2.lora_B_block_0/events.out.tfevents.1768387349.master-192-168-8-48.1680.8,mlp.fc2.lora_B,0
1768388967.028082,2893,90.4375,0.02127741277217865,Grad/mlp.fc2.lora_B,outputs_dev/vitb16/T=vtab_Q=3bit_L=lora_2_qkv-fc1-proj-fc2/cifar/20260114184203_default_acc=53.50/tensorboard/Grad_mlp.fc2.lora_B_block_0/events.out.tfevents.1768387349.master-192-168-8-48.1680.8,mlp.fc2.lora_B,0
1768388967.4209177,2894,90.46875,0.04212629795074463,Grad/mlp.fc2.lora_B,outputs_dev/vitb16/T=vtab_Q=3bit_L=lora_2_qkv-fc1-proj-fc2/cifar/20260114184203_default_acc=53.50/tensorboard/Grad_mlp.fc2.lora_B_block_0/events.out.tfevents.1768387349.master-192-168-8-48.1680.8,mlp.fc2.lora_B,0
1768388967.8267665,2895,90.5,0.025234943255782127,Grad/mlp.fc2.lora_B,outputs_dev/vitb16/T=vtab_Q=3bit_L=lora_2_qkv-fc1-proj-fc2/cifar/20260114184203_default_acc=53.50/tensorboard/Grad_mlp.fc2.lora_B_block_0/events.out.tfevents.1768387349.master-192-168-8-48.1680.8,mlp.fc2.lora_B,0
1768388968.2196608,2896,90.53125,0.03628711402416229,Grad/mlp.fc2.lora_B,outputs_dev/vitb16/T=vtab_Q=3bit_L=lora_2_qkv-fc1-proj-fc2/cifar/20260114184203_default_acc=53.50/tensorboard/Grad_mlp.fc2.lora_B_block_0/events.out.tfevents.1768387349.master-192-168-8-48.1680.8,mlp.fc2.lora_B,0
1768388968.6118186,2897,90.5625,0.06655491143465042,Grad/mlp.fc2.lora_B,outputs_dev/vitb16/T=vtab_Q=3bit_L=lora_2_qkv-fc1-proj-fc2/cifar/20260114184203_default_acc=53.50/tensorboard/Grad_mlp.fc2.lora_B_block_0/events.out.tfevents.1768387349.master-192-168-8-48.1680.8,mlp.fc2.lora_B,0
1768388969.0060868,2898,90.59375,0.017700720578432083,Grad/mlp.fc2.lora_B,outputs_dev/vitb16/T=vtab_Q=3bit_L=lora_2_qkv-fc1-proj-fc2/cifar/20260114184203_default_acc=53.50/tensorboard/Grad_mlp.fc2.lora_B_block_0/events.out.tfevents.1768387349.master-192-168-8-48.1680.8,mlp.fc2.lora_B,0
1768388969.3976324,2899,90.625,0.021231496706604958,Grad/mlp.fc2.lora_B,outputs_dev/vitb16/T=vtab_Q=3bit_L=lora_2_qkv-fc1-proj-fc2/cifar/20260114184203_default_acc=53.50/tensorboard/Grad_mlp.fc2.lora_B_block_0/events.out.tfevents.1768387349.master-192-168-8-48.1680.8,mlp.fc2.lora_B,0
1768388969.796151,2900,90.65625,0.02910359762609005,Grad/mlp.fc2.lora_B,outputs_dev/vitb16/T=vtab_Q=3bit_L=lora_2_qkv-fc1-proj-fc2/cifar/20260114184203_default_acc=53.50/tensorboard/Grad_mlp.fc2.lora_B_block_0/events.out.tfevents.1768387349.master-192-168-8-48.1680.8,mlp.fc2.lora_B,0
1768388970.2069232,2901,90.6875,0.23525340855121613,Grad/mlp.fc2.lora_B,outputs_dev/vitb16/T=vtab_Q=3bit_L=lora_2_qkv-fc1-proj-fc2/cifar/20260114184203_default_acc=53.50/tensorboard/Grad_mlp.fc2.lora_B_block_0/events.out.tfevents.1768387349.master-192-168-8-48.1680.8,mlp.fc2.lora_B,0
1768388970.6009846,2902,90.71875,0.39193642139434814,Grad/mlp.fc2.lora_B,outputs_dev/vitb16/T=vtab_Q=3bit_L=lora_2_qkv-fc1-proj-fc2/cifar/20260114184203_default_acc=53.50/tensorboard/Grad_mlp.fc2.lora_B_block_0/events.out.tfevents.1768387349.master-192-168-8-48.1680.8,mlp.fc2.lora_B,0
1768388971.003157,2903,90.75,0.020089711993932724,Grad/mlp.fc2.lora_B,outputs_dev/vitb16/T=vtab_Q=3bit_L=lora_2_qkv-fc1-proj-fc2/cifar/20260114184203_default_acc=53.50/tensorboard/Grad_mlp.fc2.lora_B_block_0/events.out.tfevents.1768387349.master-192-168-8-48.1680.8,mlp.fc2.lora_B,0
1768388971.4124358,2904,90.78125,0.02395745925605297,Grad/mlp.fc2.lora_B,outputs_dev/vitb16/T=vtab_Q=3bit_L=lora_2_qkv-fc1-proj-fc2/cifar/20260114184203_default_acc=53.50/tensorboard/Grad_mlp.fc2.lora_B_block_0/events.out.tfevents.1768387349.master-192-168-8-48.1680.8,mlp.fc2.lora_B,0
1768388971.8081539,2905,90.8125,0.14902809262275696,Grad/mlp.fc2.lora_B,outputs_dev/vitb16/T=vtab_Q=3bit_L=lora_2_qkv-fc1-proj-fc2/cifar/20260114184203_default_acc=53.50/tensorboard/Grad_mlp.fc2.lora_B_block_0/events.out.tfevents.1768387349.master-192-168-8-48.1680.8,mlp.fc2.lora_B,0
1768388972.2063339,2906,90.84375,0.06138512119650841,Grad/mlp.fc2.lora_B,outputs_dev/vitb16/T=vtab_Q=3bit_L=lora_2_qkv-fc1-proj-fc2/cifar/20260114184203_default_acc=53.50/tensorboard/Grad_mlp.fc2.lora_B_block_0/events.out.tfevents.1768387349.master-192-168-8-48.1680.8,mlp.fc2.lora_B,0
1768388972.6094737,2907,90.875,0.06939781457185745,Grad/mlp.fc2.lora_B,outputs_dev/vitb16/T=vtab_Q=3bit_L=lora_2_qkv-fc1-proj-fc2/cifar/20260114184203_default_acc=53.50/tensorboard/Grad_mlp.fc2.lora_B_block_0/events.out.tfevents.1768387349.master-192-168-8-48.1680.8,mlp.fc2.lora_B,0
1768388973.0013635,2908,90.90625,0.1007610559463501,Grad/mlp.fc2.lora_B,outputs_dev/vitb16/T=vtab_Q=3bit_L=lora_2_qkv-fc1-proj-fc2/cifar/20260114184203_default_acc=53.50/tensorboard/Grad_mlp.fc2.lora_B_block_0/events.out.tfevents.1768387349.master-192-168-8-48.1680.8,mlp.fc2.lora_B,0
1768388973.415883,2909,90.9375,0.04564308747649193,Grad/mlp.fc2.lora_B,outputs_dev/vitb16/T=vtab_Q=3bit_L=lora_2_qkv-fc1-proj-fc2/cifar/20260114184203_default_acc=53.50/tensorboard/Grad_mlp.fc2.lora_B_block_0/events.out.tfevents.1768387349.master-192-168-8-48.1680.8,mlp.fc2.lora_B,0
1768388973.8279288,2910,90.96875,0.08121156692504883,Grad/mlp.fc2.lora_B,outputs_dev/vitb16/T=vtab_Q=3bit_L=lora_2_qkv-fc1-proj-fc2/cifar/20260114184203_default_acc=53.50/tensorboard/Grad_mlp.fc2.lora_B_block_0/events.out.tfevents.1768387349.master-192-168-8-48.1680.8,mlp.fc2.lora_B,0
1768388974.0517242,2911,91.0,0.09474727511405945,Grad/mlp.fc2.lora_B,outputs_dev/vitb16/T=vtab_Q=3bit_L=lora_2_qkv-fc1-proj-fc2/cifar/20260114184203_default_acc=53.50/tensorboard/Grad_mlp.fc2.lora_B_block_0/events.out.tfevents.1768387349.master-192-168-8-48.1680.8,mlp.fc2.lora_B,0
1768389010.3856163,2912,91.03125,0.05471360310912132,Grad/mlp.fc2.lora_B,outputs_dev/vitb16/T=vtab_Q=3bit_L=lora_2_qkv-fc1-proj-fc2/cifar/20260114184203_default_acc=53.50/tensorboard/Grad_mlp.fc2.lora_B_block_0/events.out.tfevents.1768387349.master-192-168-8-48.1680.8,mlp.fc2.lora_B,0
1768389010.7967825,2913,91.0625,0.05443607643246651,Grad/mlp.fc2.lora_B,outputs_dev/vitb16/T=vtab_Q=3bit_L=lora_2_qkv-fc1-proj-fc2/cifar/20260114184203_default_acc=53.50/tensorboard/Grad_mlp.fc2.lora_B_block_0/events.out.tfevents.1768387349.master-192-168-8-48.1680.8,mlp.fc2.lora_B,0
1768389011.193638,2914,91.09375,0.025446375831961632,Grad/mlp.fc2.lora_B,outputs_dev/vitb16/T=vtab_Q=3bit_L=lora_2_qkv-fc1-proj-fc2/cifar/20260114184203_default_acc=53.50/tensorboard/Grad_mlp.fc2.lora_B_block_0/events.out.tfevents.1768387349.master-192-168-8-48.1680.8,mlp.fc2.lora_B,0
1768389011.587727,2915,91.125,0.0360141322016716,Grad/mlp.fc2.lora_B,outputs_dev/vitb16/T=vtab_Q=3bit_L=lora_2_qkv-fc1-proj-fc2/cifar/20260114184203_default_acc=53.50/tensorboard/Grad_mlp.fc2.lora_B_block_0/events.out.tfevents.1768387349.master-192-168-8-48.1680.8,mlp.fc2.lora_B,0
1768389011.9794877,2916,91.15625,0.27994799613952637,Grad/mlp.fc2.lora_B,outputs_dev/vitb16/T=vtab_Q=3bit_L=lora_2_qkv-fc1-proj-fc2/cifar/20260114184203_default_acc=53.50/tensorboard/Grad_mlp.fc2.lora_B_block_0/events.out.tfevents.1768387349.master-192-168-8-48.1680.8,mlp.fc2.lora_B,0
1768389012.3709943,2917,91.1875,0.09646406024694443,Grad/mlp.fc2.lora_B,outputs_dev/vitb16/T=vtab_Q=3bit_L=lora_2_qkv-fc1-proj-fc2/cifar/20260114184203_default_acc=53.50/tensorboard/Grad_mlp.fc2.lora_B_block_0/events.out.tfevents.1768387349.master-192-168-8-48.1680.8,mlp.fc2.lora_B,0
1768389012.7656474,2918,91.21875,0.5497812628746033,Grad/mlp.fc2.lora_B,outputs_dev/vitb16/T=vtab_Q=3bit_L=lora_2_qkv-fc1-proj-fc2/cifar/20260114184203_default_acc=53.50/tensorboard/Grad_mlp.fc2.lora_B_block_0/events.out.tfevents.1768387349.master-192-168-8-48.1680.8,mlp.fc2.lora_B,0
1768389013.175567,2919,91.25,0.47164615988731384,Grad/mlp.fc2.lora_B,outputs_dev/vitb16/T=vtab_Q=3bit_L=lora_2_qkv-fc1-proj-fc2/cifar/20260114184203_default_acc=53.50/tensorboard/Grad_mlp.fc2.lora_B_block_0/events.out.tfevents.1768387349.master-192-168-8-48.1680.8,mlp.fc2.lora_B,0
1768389013.5847242,2920,91.28125,0.06318442523479462,Grad/mlp.fc2.lora_B,outputs_dev/vitb16/T=vtab_Q=3bit_L=lora_2_qkv-fc1-proj-fc2/cifar/20260114184203_default_acc=53.50/tensorboard/Grad_mlp.fc2.lora_B_block_0/events.out.tfevents.1768387349.master-192-168-8-48.1680.8,mlp.fc2.lora_B,0
1768389013.9810147,2921,91.3125,0.04433690011501312,Grad/mlp.fc2.lora_B,outputs_dev/vitb16/T=vtab_Q=3bit_L=lora_2_qkv-fc1-proj-fc2/cifar/20260114184203_default_acc=53.50/tensorboard/Grad_mlp.fc2.lora_B_block_0/events.out.tfevents.1768387349.master-192-168-8-48.1680.8,mlp.fc2.lora_B,0
1768389014.3742852,2922,91.34375,0.016561521217226982,Grad/mlp.fc2.lora_B,outputs_dev/vitb16/T=vtab_Q=3bit_L=lora_2_qkv-fc1-proj-fc2/cifar/20260114184203_default_acc=53.50/tensorboard/Grad_mlp.fc2.lora_B_block_0/events.out.tfevents.1768387349.master-192-168-8-48.1680.8,mlp.fc2.lora_B,0
1768389014.7734354,2923,91.375,0.027253996580839157,Grad/mlp.fc2.lora_B,outputs_dev/vitb16/T=vtab_Q=3bit_L=lora_2_qkv-fc1-proj-fc2/cifar/20260114184203_default_acc=53.50/tensorboard/Grad_mlp.fc2.lora_B_block_0/events.out.tfevents.1768387349.master-192-168-8-48.1680.8,mlp.fc2.lora_B,0
1768389015.167531,2924,91.40625,0.14903998374938965,Grad/mlp.fc2.lora_B,outputs_dev/vitb16/T=vtab_Q=3bit_L=lora_2_qkv-fc1-proj-fc2/cifar/20260114184203_default_acc=53.50/tensorboard/Grad_mlp.fc2.lora_B_block_0/events.out.tfevents.1768387349.master-192-168-8-48.1680.8,mlp.fc2.lora_B,0
1768389015.5633311,2925,91.4375,0.03647393733263016,Grad/mlp.fc2.lora_B,outputs_dev/vitb16/T=vtab_Q=3bit_L=lora_2_qkv-fc1-proj-fc2/cifar/20260114184203_default_acc=53.50/tensorboard/Grad_mlp.fc2.lora_B_block_0/events.out.tfevents.1768387349.master-192-168-8-48.1680.8,mlp.fc2.lora_B,0
1768389015.9555783,2926,91.46875,0.04647882655262947,Grad/mlp.fc2.lora_B,outputs_dev/vitb16/T=vtab_Q=3bit_L=lora_2_qkv-fc1-proj-fc2/cifar/20260114184203_default_acc=53.50/tensorboard/Grad_mlp.fc2.lora_B_block_0/events.out.tfevents.1768387349.master-192-168-8-48.1680.8,mlp.fc2.lora_B,0
1768389016.3484862,2927,91.5,0.060811396688222885,Grad/mlp.fc2.lora_B,outputs_dev/vitb16/T=vtab_Q=3bit_L=lora_2_qkv-fc1-proj-fc2/cifar/20260114184203_default_acc=53.50/tensorboard/Grad_mlp.fc2.lora_B_block_0/events.out.tfevents.1768387349.master-192-168-8-48.1680.8,mlp.fc2.lora_B,0
1768389016.7482443,2928,91.53125,0.02335776947438717,Grad/mlp.fc2.lora_B,outputs_dev/vitb16/T=vtab_Q=3bit_L=lora_2_qkv-fc1-proj-fc2/cifar/20260114184203_default_acc=53.50/tensorboard/Grad_mlp.fc2.lora_B_block_0/events.out.tfevents.1768387349.master-192-168-8-48.1680.8,mlp.fc2.lora_B,0
1768389017.1423728,2929,91.5625,0.03170710802078247,Grad/mlp.fc2.lora_B,outputs_dev/vitb16/T=vtab_Q=3bit_L=lora_2_qkv-fc1-proj-fc2/cifar/20260114184203_default_acc=53.50/tensorboard/Grad_mlp.fc2.lora_B_block_0/events.out.tfevents.1768387349.master-192-168-8-48.1680.8,mlp.fc2.lora_B,0
1768389017.5393722,2930,91.59375,0.036229558289051056,Grad/mlp.fc2.lora_B,outputs_dev/vitb16/T=vtab_Q=3bit_L=lora_2_qkv-fc1-proj-fc2/cifar/20260114184203_default_acc=53.50/tensorboard/Grad_mlp.fc2.lora_B_block_0/events.out.tfevents.1768387349.master-192-168-8-48.1680.8,mlp.fc2.lora_B,0
1768389017.9382114,2931,91.625,0.09824079275131226,Grad/mlp.fc2.lora_B,outputs_dev/vitb16/T=vtab_Q=3bit_L=lora_2_qkv-fc1-proj-fc2/cifar/20260114184203_default_acc=53.50/tensorboard/Grad_mlp.fc2.lora_B_block_0/events.out.tfevents.1768387349.master-192-168-8-48.1680.8,mlp.fc2.lora_B,0
1768389018.3310826,2932,91.65625,0.090998575091362,Grad/mlp.fc2.lora_B,outputs_dev/vitb16/T=vtab_Q=3bit_L=lora_2_qkv-fc1-proj-fc2/cifar/20260114184203_default_acc=53.50/tensorboard/Grad_mlp.fc2.lora_B_block_0/events.out.tfevents.1768387349.master-192-168-8-48.1680.8,mlp.fc2.lora_B,0
1768389018.7173958,2933,91.6875,0.052382100373506546,Grad/mlp.fc2.lora_B,outputs_dev/vitb16/T=vtab_Q=3bit_L=lora_2_qkv-fc1-proj-fc2/cifar/20260114184203_default_acc=53.50/tensorboard/Grad_mlp.fc2.lora_B_block_0/events.out.tfevents.1768387349.master-192-168-8-48.1680.8,mlp.fc2.lora_B,0
1768389019.1219833,2934,91.71875,0.042507562786340714,Grad/mlp.fc2.lora_B,outputs_dev/vitb16/T=vtab_Q=3bit_L=lora_2_qkv-fc1-proj-fc2/cifar/20260114184203_default_acc=53.50/tensorboard/Grad_mlp.fc2.lora_B_block_0/events.out.tfevents.1768387349.master-192-168-8-48.1680.8,mlp.fc2.lora_B,0
1768389019.529261,2935,91.75,0.02999206632375717,Grad/mlp.fc2.lora_B,outputs_dev/vitb16/T=vtab_Q=3bit_L=lora_2_qkv-fc1-proj-fc2/cifar/20260114184203_default_acc=53.50/tensorboard/Grad_mlp.fc2.lora_B_block_0/events.out.tfevents.1768387349.master-192-168-8-48.1680.8,mlp.fc2.lora_B,0
1768389019.9442315,2936,91.78125,0.17328445613384247,Grad/mlp.fc2.lora_B,outputs_dev/vitb16/T=vtab_Q=3bit_L=lora_2_qkv-fc1-proj-fc2/cifar/20260114184203_default_acc=53.50/tensorboard/Grad_mlp.fc2.lora_B_block_0/events.out.tfevents.1768387349.master-192-168-8-48.1680.8,mlp.fc2.lora_B,0
1768389020.3422747,2937,91.8125,0.031621985137462616,Grad/mlp.fc2.lora_B,outputs_dev/vitb16/T=vtab_Q=3bit_L=lora_2_qkv-fc1-proj-fc2/cifar/20260114184203_default_acc=53.50/tensorboard/Grad_mlp.fc2.lora_B_block_0/events.out.tfevents.1768387349.master-192-168-8-48.1680.8,mlp.fc2.lora_B,0
1768389020.7397807,2938,91.84375,0.03028285875916481,Grad/mlp.fc2.lora_B,outputs_dev/vitb16/T=vtab_Q=3bit_L=lora_2_qkv-fc1-proj-fc2/cifar/20260114184203_default_acc=53.50/tensorboard/Grad_mlp.fc2.lora_B_block_0/events.out.tfevents.1768387349.master-192-168-8-48.1680.8,mlp.fc2.lora_B,0
1768389021.1502745,2939,91.875,0.062317050993442535,Grad/mlp.fc2.lora_B,outputs_dev/vitb16/T=vtab_Q=3bit_L=lora_2_qkv-fc1-proj-fc2/cifar/20260114184203_default_acc=53.50/tensorboard/Grad_mlp.fc2.lora_B_block_0/events.out.tfevents.1768387349.master-192-168-8-48.1680.8,mlp.fc2.lora_B,0
1768389021.5476186,2940,91.90625,0.051504313945770264,Grad/mlp.fc2.lora_B,outputs_dev/vitb16/T=vtab_Q=3bit_L=lora_2_qkv-fc1-proj-fc2/cifar/20260114184203_default_acc=53.50/tensorboard/Grad_mlp.fc2.lora_B_block_0/events.out.tfevents.1768387349.master-192-168-8-48.1680.8,mlp.fc2.lora_B,0
1768389021.9570398,2941,91.9375,0.05389183759689331,Grad/mlp.fc2.lora_B,outputs_dev/vitb16/T=vtab_Q=3bit_L=lora_2_qkv-fc1-proj-fc2/cifar/20260114184203_default_acc=53.50/tensorboard/Grad_mlp.fc2.lora_B_block_0/events.out.tfevents.1768387349.master-192-168-8-48.1680.8,mlp.fc2.lora_B,0
1768389022.3521972,2942,91.96875,0.03172752633690834,Grad/mlp.fc2.lora_B,outputs_dev/vitb16/T=vtab_Q=3bit_L=lora_2_qkv-fc1-proj-fc2/cifar/20260114184203_default_acc=53.50/tensorboard/Grad_mlp.fc2.lora_B_block_0/events.out.tfevents.1768387349.master-192-168-8-48.1680.8,mlp.fc2.lora_B,0
1768389022.5506134,2943,92.0,0.22087235748767853,Grad/mlp.fc2.lora_B,outputs_dev/vitb16/T=vtab_Q=3bit_L=lora_2_qkv-fc1-proj-fc2/cifar/20260114184203_default_acc=53.50/tensorboard/Grad_mlp.fc2.lora_B_block_0/events.out.tfevents.1768387349.master-192-168-8-48.1680.8,mlp.fc2.lora_B,0
1768389023.2100291,2944,92.03125,0.04693765938282013,Grad/mlp.fc2.lora_B,outputs_dev/vitb16/T=vtab_Q=3bit_L=lora_2_qkv-fc1-proj-fc2/cifar/20260114184203_default_acc=53.50/tensorboard/Grad_mlp.fc2.lora_B_block_0/events.out.tfevents.1768387349.master-192-168-8-48.1680.8,mlp.fc2.lora_B,0
1768389023.624855,2945,92.0625,0.06241404265165329,Grad/mlp.fc2.lora_B,outputs_dev/vitb16/T=vtab_Q=3bit_L=lora_2_qkv-fc1-proj-fc2/cifar/20260114184203_default_acc=53.50/tensorboard/Grad_mlp.fc2.lora_B_block_0/events.out.tfevents.1768387349.master-192-168-8-48.1680.8,mlp.fc2.lora_B,0
1768389024.0194361,2946,92.09375,0.24041341245174408,Grad/mlp.fc2.lora_B,outputs_dev/vitb16/T=vtab_Q=3bit_L=lora_2_qkv-fc1-proj-fc2/cifar/20260114184203_default_acc=53.50/tensorboard/Grad_mlp.fc2.lora_B_block_0/events.out.tfevents.1768387349.master-192-168-8-48.1680.8,mlp.fc2.lora_B,0
1768389024.411309,2947,92.125,0.018444828689098358,Grad/mlp.fc2.lora_B,outputs_dev/vitb16/T=vtab_Q=3bit_L=lora_2_qkv-fc1-proj-fc2/cifar/20260114184203_default_acc=53.50/tensorboard/Grad_mlp.fc2.lora_B_block_0/events.out.tfevents.1768387349.master-192-168-8-48.1680.8,mlp.fc2.lora_B,0
1768389024.8028297,2948,92.15625,0.0656132772564888,Grad/mlp.fc2.lora_B,outputs_dev/vitb16/T=vtab_Q=3bit_L=lora_2_qkv-fc1-proj-fc2/cifar/20260114184203_default_acc=53.50/tensorboard/Grad_mlp.fc2.lora_B_block_0/events.out.tfevents.1768387349.master-192-168-8-48.1680.8,mlp.fc2.lora_B,0
1768389025.1961827,2949,92.1875,0.026504594832658768,Grad/mlp.fc2.lora_B,outputs_dev/vitb16/T=vtab_Q=3bit_L=lora_2_qkv-fc1-proj-fc2/cifar/20260114184203_default_acc=53.50/tensorboard/Grad_mlp.fc2.lora_B_block_0/events.out.tfevents.1768387349.master-192-168-8-48.1680.8,mlp.fc2.lora_B,0
1768389025.5899267,2950,92.21875,0.030273547396063805,Grad/mlp.fc2.lora_B,outputs_dev/vitb16/T=vtab_Q=3bit_L=lora_2_qkv-fc1-proj-fc2/cifar/20260114184203_default_acc=53.50/tensorboard/Grad_mlp.fc2.lora_B_block_0/events.out.tfevents.1768387349.master-192-168-8-48.1680.8,mlp.fc2.lora_B,0
1768389025.9823751,2951,92.25,0.31514042615890503,Grad/mlp.fc2.lora_B,outputs_dev/vitb16/T=vtab_Q=3bit_L=lora_2_qkv-fc1-proj-fc2/cifar/20260114184203_default_acc=53.50/tensorboard/Grad_mlp.fc2.lora_B_block_0/events.out.tfevents.1768387349.master-192-168-8-48.1680.8,mlp.fc2.lora_B,0
1768389026.377034,2952,92.28125,0.0361703522503376,Grad/mlp.fc2.lora_B,outputs_dev/vitb16/T=vtab_Q=3bit_L=lora_2_qkv-fc1-proj-fc2/cifar/20260114184203_default_acc=53.50/tensorboard/Grad_mlp.fc2.lora_B_block_0/events.out.tfevents.1768387349.master-192-168-8-48.1680.8,mlp.fc2.lora_B,0
1768389026.8239455,2953,92.3125,0.057453498244285583,Grad/mlp.fc2.lora_B,outputs_dev/vitb16/T=vtab_Q=3bit_L=lora_2_qkv-fc1-proj-fc2/cifar/20260114184203_default_acc=53.50/tensorboard/Grad_mlp.fc2.lora_B_block_0/events.out.tfevents.1768387349.master-192-168-8-48.1680.8,mlp.fc2.lora_B,0
1768389027.2356982,2954,92.34375,0.08903516829013824,Grad/mlp.fc2.lora_B,outputs_dev/vitb16/T=vtab_Q=3bit_L=lora_2_qkv-fc1-proj-fc2/cifar/20260114184203_default_acc=53.50/tensorboard/Grad_mlp.fc2.lora_B_block_0/events.out.tfevents.1768387349.master-192-168-8-48.1680.8,mlp.fc2.lora_B,0
1768389027.661039,2955,92.375,0.021920625120401382,Grad/mlp.fc2.lora_B,outputs_dev/vitb16/T=vtab_Q=3bit_L=lora_2_qkv-fc1-proj-fc2/cifar/20260114184203_default_acc=53.50/tensorboard/Grad_mlp.fc2.lora_B_block_0/events.out.tfevents.1768387349.master-192-168-8-48.1680.8,mlp.fc2.lora_B,0
1768389028.0806952,2956,92.40625,0.03369636461138725,Grad/mlp.fc2.lora_B,outputs_dev/vitb16/T=vtab_Q=3bit_L=lora_2_qkv-fc1-proj-fc2/cifar/20260114184203_default_acc=53.50/tensorboard/Grad_mlp.fc2.lora_B_block_0/events.out.tfevents.1768387349.master-192-168-8-48.1680.8,mlp.fc2.lora_B,0
1768389028.4886386,2957,92.4375,0.3813874423503876,Grad/mlp.fc2.lora_B,outputs_dev/vitb16/T=vtab_Q=3bit_L=lora_2_qkv-fc1-proj-fc2/cifar/20260114184203_default_acc=53.50/tensorboard/Grad_mlp.fc2.lora_B_block_0/events.out.tfevents.1768387349.master-192-168-8-48.1680.8,mlp.fc2.lora_B,0
1768389028.8937845,2958,92.46875,0.03773941099643707,Grad/mlp.fc2.lora_B,outputs_dev/vitb16/T=vtab_Q=3bit_L=lora_2_qkv-fc1-proj-fc2/cifar/20260114184203_default_acc=53.50/tensorboard/Grad_mlp.fc2.lora_B_block_0/events.out.tfevents.1768387349.master-192-168-8-48.1680.8,mlp.fc2.lora_B,0
1768389029.2926402,2959,92.5,0.05615512281656265,Grad/mlp.fc2.lora_B,outputs_dev/vitb16/T=vtab_Q=3bit_L=lora_2_qkv-fc1-proj-fc2/cifar/20260114184203_default_acc=53.50/tensorboard/Grad_mlp.fc2.lora_B_block_0/events.out.tfevents.1768387349.master-192-168-8-48.1680.8,mlp.fc2.lora_B,0
1768389029.6767802,2960,92.53125,0.09575916081666946,Grad/mlp.fc2.lora_B,outputs_dev/vitb16/T=vtab_Q=3bit_L=lora_2_qkv-fc1-proj-fc2/cifar/20260114184203_default_acc=53.50/tensorboard/Grad_mlp.fc2.lora_B_block_0/events.out.tfevents.1768387349.master-192-168-8-48.1680.8,mlp.fc2.lora_B,0
1768389030.059923,2961,92.5625,0.06499667465686798,Grad/mlp.fc2.lora_B,outputs_dev/vitb16/T=vtab_Q=3bit_L=lora_2_qkv-fc1-proj-fc2/cifar/20260114184203_default_acc=53.50/tensorboard/Grad_mlp.fc2.lora_B_block_0/events.out.tfevents.1768387349.master-192-168-8-48.1680.8,mlp.fc2.lora_B,0
1768389030.4504552,2962,92.59375,0.04680502787232399,Grad/mlp.fc2.lora_B,outputs_dev/vitb16/T=vtab_Q=3bit_L=lora_2_qkv-fc1-proj-fc2/cifar/20260114184203_default_acc=53.50/tensorboard/Grad_mlp.fc2.lora_B_block_0/events.out.tfevents.1768387349.master-192-168-8-48.1680.8,mlp.fc2.lora_B,0
1768389030.8361526,2963,92.625,0.1075502559542656,Grad/mlp.fc2.lora_B,outputs_dev/vitb16/T=vtab_Q=3bit_L=lora_2_qkv-fc1-proj-fc2/cifar/20260114184203_default_acc=53.50/tensorboard/Grad_mlp.fc2.lora_B_block_0/events.out.tfevents.1768387349.master-192-168-8-48.1680.8,mlp.fc2.lora_B,0
1768389031.2309353,2964,92.65625,0.041150134056806564,Grad/mlp.fc2.lora_B,outputs_dev/vitb16/T=vtab_Q=3bit_L=lora_2_qkv-fc1-proj-fc2/cifar/20260114184203_default_acc=53.50/tensorboard/Grad_mlp.fc2.lora_B_block_0/events.out.tfevents.1768387349.master-192-168-8-48.1680.8,mlp.fc2.lora_B,0
1768389031.6193635,2965,92.6875,0.034054700285196304,Grad/mlp.fc2.lora_B,outputs_dev/vitb16/T=vtab_Q=3bit_L=lora_2_qkv-fc1-proj-fc2/cifar/20260114184203_default_acc=53.50/tensorboard/Grad_mlp.fc2.lora_B_block_0/events.out.tfevents.1768387349.master-192-168-8-48.1680.8,mlp.fc2.lora_B,0
1768389032.005655,2966,92.71875,0.04754774272441864,Grad/mlp.fc2.lora_B,outputs_dev/vitb16/T=vtab_Q=3bit_L=lora_2_qkv-fc1-proj-fc2/cifar/20260114184203_default_acc=53.50/tensorboard/Grad_mlp.fc2.lora_B_block_0/events.out.tfevents.1768387349.master-192-168-8-48.1680.8,mlp.fc2.lora_B,0
1768389032.3924298,2967,92.75,0.04522370547056198,Grad/mlp.fc2.lora_B,outputs_dev/vitb16/T=vtab_Q=3bit_L=lora_2_qkv-fc1-proj-fc2/cifar/20260114184203_default_acc=53.50/tensorboard/Grad_mlp.fc2.lora_B_block_0/events.out.tfevents.1768387349.master-192-168-8-48.1680.8,mlp.fc2.lora_B,0
1768389032.7817345,2968,92.78125,0.17189286649227142,Grad/mlp.fc2.lora_B,outputs_dev/vitb16/T=vtab_Q=3bit_L=lora_2_qkv-fc1-proj-fc2/cifar/20260114184203_default_acc=53.50/tensorboard/Grad_mlp.fc2.lora_B_block_0/events.out.tfevents.1768387349.master-192-168-8-48.1680.8,mlp.fc2.lora_B,0
1768389033.1680315,2969,92.8125,0.06630989909172058,Grad/mlp.fc2.lora_B,outputs_dev/vitb16/T=vtab_Q=3bit_L=lora_2_qkv-fc1-proj-fc2/cifar/20260114184203_default_acc=53.50/tensorboard/Grad_mlp.fc2.lora_B_block_0/events.out.tfevents.1768387349.master-192-168-8-48.1680.8,mlp.fc2.lora_B,0
1768389033.5515351,2970,92.84375,0.09582893550395966,Grad/mlp.fc2.lora_B,outputs_dev/vitb16/T=vtab_Q=3bit_L=lora_2_qkv-fc1-proj-fc2/cifar/20260114184203_default_acc=53.50/tensorboard/Grad_mlp.fc2.lora_B_block_0/events.out.tfevents.1768387349.master-192-168-8-48.1680.8,mlp.fc2.lora_B,0
1768389033.9295812,2971,92.875,0.26129594445228577,Grad/mlp.fc2.lora_B,outputs_dev/vitb16/T=vtab_Q=3bit_L=lora_2_qkv-fc1-proj-fc2/cifar/20260114184203_default_acc=53.50/tensorboard/Grad_mlp.fc2.lora_B_block_0/events.out.tfevents.1768387349.master-192-168-8-48.1680.8,mlp.fc2.lora_B,0
1768389034.3159125,2972,92.90625,0.04776213690638542,Grad/mlp.fc2.lora_B,outputs_dev/vitb16/T=vtab_Q=3bit_L=lora_2_qkv-fc1-proj-fc2/cifar/20260114184203_default_acc=53.50/tensorboard/Grad_mlp.fc2.lora_B_block_0/events.out.tfevents.1768387349.master-192-168-8-48.1680.8,mlp.fc2.lora_B,0
1768389034.7005374,2973,92.9375,0.04230605438351631,Grad/mlp.fc2.lora_B,outputs_dev/vitb16/T=vtab_Q=3bit_L=lora_2_qkv-fc1-proj-fc2/cifar/20260114184203_default_acc=53.50/tensorboard/Grad_mlp.fc2.lora_B_block_0/events.out.tfevents.1768387349.master-192-168-8-48.1680.8,mlp.fc2.lora_B,0
1768389035.0971236,2974,92.96875,0.1358591914176941,Grad/mlp.fc2.lora_B,outputs_dev/vitb16/T=vtab_Q=3bit_L=lora_2_qkv-fc1-proj-fc2/cifar/20260114184203_default_acc=53.50/tensorboard/Grad_mlp.fc2.lora_B_block_0/events.out.tfevents.1768387349.master-192-168-8-48.1680.8,mlp.fc2.lora_B,0
1768389035.2767327,2975,93.0,0.04579801857471466,Grad/mlp.fc2.lora_B,outputs_dev/vitb16/T=vtab_Q=3bit_L=lora_2_qkv-fc1-proj-fc2/cifar/20260114184203_default_acc=53.50/tensorboard/Grad_mlp.fc2.lora_B_block_0/events.out.tfevents.1768387349.master-192-168-8-48.1680.8,mlp.fc2.lora_B,0
1768389035.9211745,2976,93.03125,0.14940586686134338,Grad/mlp.fc2.lora_B,outputs_dev/vitb16/T=vtab_Q=3bit_L=lora_2_qkv-fc1-proj-fc2/cifar/20260114184203_default_acc=53.50/tensorboard/Grad_mlp.fc2.lora_B_block_0/events.out.tfevents.1768387349.master-192-168-8-48.1680.8,mlp.fc2.lora_B,0
1768389036.3212497,2977,93.0625,0.027940334752202034,Grad/mlp.fc2.lora_B,outputs_dev/vitb16/T=vtab_Q=3bit_L=lora_2_qkv-fc1-proj-fc2/cifar/20260114184203_default_acc=53.50/tensorboard/Grad_mlp.fc2.lora_B_block_0/events.out.tfevents.1768387349.master-192-168-8-48.1680.8,mlp.fc2.lora_B,0
1768389036.7154527,2978,93.09375,0.18413561582565308,Grad/mlp.fc2.lora_B,outputs_dev/vitb16/T=vtab_Q=3bit_L=lora_2_qkv-fc1-proj-fc2/cifar/20260114184203_default_acc=53.50/tensorboard/Grad_mlp.fc2.lora_B_block_0/events.out.tfevents.1768387349.master-192-168-8-48.1680.8,mlp.fc2.lora_B,0
1768389037.106449,2979,93.125,0.053196050226688385,Grad/mlp.fc2.lora_B,outputs_dev/vitb16/T=vtab_Q=3bit_L=lora_2_qkv-fc1-proj-fc2/cifar/20260114184203_default_acc=53.50/tensorboard/Grad_mlp.fc2.lora_B_block_0/events.out.tfevents.1768387349.master-192-168-8-48.1680.8,mlp.fc2.lora_B,0
1768389037.4969058,2980,93.15625,0.03213249146938324,Grad/mlp.fc2.lora_B,outputs_dev/vitb16/T=vtab_Q=3bit_L=lora_2_qkv-fc1-proj-fc2/cifar/20260114184203_default_acc=53.50/tensorboard/Grad_mlp.fc2.lora_B_block_0/events.out.tfevents.1768387349.master-192-168-8-48.1680.8,mlp.fc2.lora_B,0
1768389037.8903613,2981,93.1875,0.04708767682313919,Grad/mlp.fc2.lora_B,outputs_dev/vitb16/T=vtab_Q=3bit_L=lora_2_qkv-fc1-proj-fc2/cifar/20260114184203_default_acc=53.50/tensorboard/Grad_mlp.fc2.lora_B_block_0/events.out.tfevents.1768387349.master-192-168-8-48.1680.8,mlp.fc2.lora_B,0
1768389038.282076,2982,93.21875,0.03234783932566643,Grad/mlp.fc2.lora_B,outputs_dev/vitb16/T=vtab_Q=3bit_L=lora_2_qkv-fc1-proj-fc2/cifar/20260114184203_default_acc=53.50/tensorboard/Grad_mlp.fc2.lora_B_block_0/events.out.tfevents.1768387349.master-192-168-8-48.1680.8,mlp.fc2.lora_B,0
1768389038.6730464,2983,93.25,0.06702207028865814,Grad/mlp.fc2.lora_B,outputs_dev/vitb16/T=vtab_Q=3bit_L=lora_2_qkv-fc1-proj-fc2/cifar/20260114184203_default_acc=53.50/tensorboard/Grad_mlp.fc2.lora_B_block_0/events.out.tfevents.1768387349.master-192-168-8-48.1680.8,mlp.fc2.lora_B,0
1768389039.0649343,2984,93.28125,0.12227906286716461,Grad/mlp.fc2.lora_B,outputs_dev/vitb16/T=vtab_Q=3bit_L=lora_2_qkv-fc1-proj-fc2/cifar/20260114184203_default_acc=53.50/tensorboard/Grad_mlp.fc2.lora_B_block_0/events.out.tfevents.1768387349.master-192-168-8-48.1680.8,mlp.fc2.lora_B,0
1768389039.4567828,2985,93.3125,0.036731164902448654,Grad/mlp.fc2.lora_B,outputs_dev/vitb16/T=vtab_Q=3bit_L=lora_2_qkv-fc1-proj-fc2/cifar/20260114184203_default_acc=53.50/tensorboard/Grad_mlp.fc2.lora_B_block_0/events.out.tfevents.1768387349.master-192-168-8-48.1680.8,mlp.fc2.lora_B,0
1768389039.8482885,2986,93.34375,0.03323778137564659,Grad/mlp.fc2.lora_B,outputs_dev/vitb16/T=vtab_Q=3bit_L=lora_2_qkv-fc1-proj-fc2/cifar/20260114184203_default_acc=53.50/tensorboard/Grad_mlp.fc2.lora_B_block_0/events.out.tfevents.1768387349.master-192-168-8-48.1680.8,mlp.fc2.lora_B,0
1768389040.2454736,2987,93.375,0.07202992588281631,Grad/mlp.fc2.lora_B,outputs_dev/vitb16/T=vtab_Q=3bit_L=lora_2_qkv-fc1-proj-fc2/cifar/20260114184203_default_acc=53.50/tensorboard/Grad_mlp.fc2.lora_B_block_0/events.out.tfevents.1768387349.master-192-168-8-48.1680.8,mlp.fc2.lora_B,0
1768389040.6643336,2988,93.40625,0.06110471859574318,Grad/mlp.fc2.lora_B,outputs_dev/vitb16/T=vtab_Q=3bit_L=lora_2_qkv-fc1-proj-fc2/cifar/20260114184203_default_acc=53.50/tensorboard/Grad_mlp.fc2.lora_B_block_0/events.out.tfevents.1768387349.master-192-168-8-48.1680.8,mlp.fc2.lora_B,0
1768389041.077385,2989,93.4375,0.024831192567944527,Grad/mlp.fc2.lora_B,outputs_dev/vitb16/T=vtab_Q=3bit_L=lora_2_qkv-fc1-proj-fc2/cifar/20260114184203_default_acc=53.50/tensorboard/Grad_mlp.fc2.lora_B_block_0/events.out.tfevents.1768387349.master-192-168-8-48.1680.8,mlp.fc2.lora_B,0
1768389041.4748688,2990,93.46875,0.14823128283023834,Grad/mlp.fc2.lora_B,outputs_dev/vitb16/T=vtab_Q=3bit_L=lora_2_qkv-fc1-proj-fc2/cifar/20260114184203_default_acc=53.50/tensorboard/Grad_mlp.fc2.lora_B_block_0/events.out.tfevents.1768387349.master-192-168-8-48.1680.8,mlp.fc2.lora_B,0
1768389041.8746202,2991,93.5,0.20861953496932983,Grad/mlp.fc2.lora_B,outputs_dev/vitb16/T=vtab_Q=3bit_L=lora_2_qkv-fc1-proj-fc2/cifar/20260114184203_default_acc=53.50/tensorboard/Grad_mlp.fc2.lora_B_block_0/events.out.tfevents.1768387349.master-192-168-8-48.1680.8,mlp.fc2.lora_B,0
1768389042.2646399,2992,93.53125,0.17160817980766296,Grad/mlp.fc2.lora_B,outputs_dev/vitb16/T=vtab_Q=3bit_L=lora_2_qkv-fc1-proj-fc2/cifar/20260114184203_default_acc=53.50/tensorboard/Grad_mlp.fc2.lora_B_block_0/events.out.tfevents.1768387349.master-192-168-8-48.1680.8,mlp.fc2.lora_B,0
1768389042.650757,2993,93.5625,0.024784941226243973,Grad/mlp.fc2.lora_B,outputs_dev/vitb16/T=vtab_Q=3bit_L=lora_2_qkv-fc1-proj-fc2/cifar/20260114184203_default_acc=53.50/tensorboard/Grad_mlp.fc2.lora_B_block_0/events.out.tfevents.1768387349.master-192-168-8-48.1680.8,mlp.fc2.lora_B,0
1768389043.0348127,2994,93.59375,0.04024070128798485,Grad/mlp.fc2.lora_B,outputs_dev/vitb16/T=vtab_Q=3bit_L=lora_2_qkv-fc1-proj-fc2/cifar/20260114184203_default_acc=53.50/tensorboard/Grad_mlp.fc2.lora_B_block_0/events.out.tfevents.1768387349.master-192-168-8-48.1680.8,mlp.fc2.lora_B,0
1768389043.4183528,2995,93.625,0.053176477551460266,Grad/mlp.fc2.lora_B,outputs_dev/vitb16/T=vtab_Q=3bit_L=lora_2_qkv-fc1-proj-fc2/cifar/20260114184203_default_acc=53.50/tensorboard/Grad_mlp.fc2.lora_B_block_0/events.out.tfevents.1768387349.master-192-168-8-48.1680.8,mlp.fc2.lora_B,0
1768389043.8210886,2996,93.65625,0.042965058237314224,Grad/mlp.fc2.lora_B,outputs_dev/vitb16/T=vtab_Q=3bit_L=lora_2_qkv-fc1-proj-fc2/cifar/20260114184203_default_acc=53.50/tensorboard/Grad_mlp.fc2.lora_B_block_0/events.out.tfevents.1768387349.master-192-168-8-48.1680.8,mlp.fc2.lora_B,0
1768389044.2206137,2997,93.6875,0.1045529916882515,Grad/mlp.fc2.lora_B,outputs_dev/vitb16/T=vtab_Q=3bit_L=lora_2_qkv-fc1-proj-fc2/cifar/20260114184203_default_acc=53.50/tensorboard/Grad_mlp.fc2.lora_B_block_0/events.out.tfevents.1768387349.master-192-168-8-48.1680.8,mlp.fc2.lora_B,0
1768389044.6388035,2998,93.71875,0.3694837689399719,Grad/mlp.fc2.lora_B,outputs_dev/vitb16/T=vtab_Q=3bit_L=lora_2_qkv-fc1-proj-fc2/cifar/20260114184203_default_acc=53.50/tensorboard/Grad_mlp.fc2.lora_B_block_0/events.out.tfevents.1768387349.master-192-168-8-48.1680.8,mlp.fc2.lora_B,0
1768389045.0444512,2999,93.75,0.05861418694257736,Grad/mlp.fc2.lora_B,outputs_dev/vitb16/T=vtab_Q=3bit_L=lora_2_qkv-fc1-proj-fc2/cifar/20260114184203_default_acc=53.50/tensorboard/Grad_mlp.fc2.lora_B_block_0/events.out.tfevents.1768387349.master-192-168-8-48.1680.8,mlp.fc2.lora_B,0
1768389045.4507673,3000,93.78125,0.026784412562847137,Grad/mlp.fc2.lora_B,outputs_dev/vitb16/T=vtab_Q=3bit_L=lora_2_qkv-fc1-proj-fc2/cifar/20260114184203_default_acc=53.50/tensorboard/Grad_mlp.fc2.lora_B_block_0/events.out.tfevents.1768387349.master-192-168-8-48.1680.8,mlp.fc2.lora_B,0
1768389045.844835,3001,93.8125,0.06917776167392731,Grad/mlp.fc2.lora_B,outputs_dev/vitb16/T=vtab_Q=3bit_L=lora_2_qkv-fc1-proj-fc2/cifar/20260114184203_default_acc=53.50/tensorboard/Grad_mlp.fc2.lora_B_block_0/events.out.tfevents.1768387349.master-192-168-8-48.1680.8,mlp.fc2.lora_B,0
1768389046.2360592,3002,93.84375,0.02441205270588398,Grad/mlp.fc2.lora_B,outputs_dev/vitb16/T=vtab_Q=3bit_L=lora_2_qkv-fc1-proj-fc2/cifar/20260114184203_default_acc=53.50/tensorboard/Grad_mlp.fc2.lora_B_block_0/events.out.tfevents.1768387349.master-192-168-8-48.1680.8,mlp.fc2.lora_B,0
1768389046.629735,3003,93.875,0.12204664945602417,Grad/mlp.fc2.lora_B,outputs_dev/vitb16/T=vtab_Q=3bit_L=lora_2_qkv-fc1-proj-fc2/cifar/20260114184203_default_acc=53.50/tensorboard/Grad_mlp.fc2.lora_B_block_0/events.out.tfevents.1768387349.master-192-168-8-48.1680.8,mlp.fc2.lora_B,0
1768389047.036014,3004,93.90625,0.02762558124959469,Grad/mlp.fc2.lora_B,outputs_dev/vitb16/T=vtab_Q=3bit_L=lora_2_qkv-fc1-proj-fc2/cifar/20260114184203_default_acc=53.50/tensorboard/Grad_mlp.fc2.lora_B_block_0/events.out.tfevents.1768387349.master-192-168-8-48.1680.8,mlp.fc2.lora_B,0
1768389047.4489708,3005,93.9375,0.04719303548336029,Grad/mlp.fc2.lora_B,outputs_dev/vitb16/T=vtab_Q=3bit_L=lora_2_qkv-fc1-proj-fc2/cifar/20260114184203_default_acc=53.50/tensorboard/Grad_mlp.fc2.lora_B_block_0/events.out.tfevents.1768387349.master-192-168-8-48.1680.8,mlp.fc2.lora_B,0
1768389047.8450608,3006,93.96875,0.08490324020385742,Grad/mlp.fc2.lora_B,outputs_dev/vitb16/T=vtab_Q=3bit_L=lora_2_qkv-fc1-proj-fc2/cifar/20260114184203_default_acc=53.50/tensorboard/Grad_mlp.fc2.lora_B_block_0/events.out.tfevents.1768387349.master-192-168-8-48.1680.8,mlp.fc2.lora_B,0
1768389048.0435886,3007,94.0,0.02668088860809803,Grad/mlp.fc2.lora_B,outputs_dev/vitb16/T=vtab_Q=3bit_L=lora_2_qkv-fc1-proj-fc2/cifar/20260114184203_default_acc=53.50/tensorboard/Grad_mlp.fc2.lora_B_block_0/events.out.tfevents.1768387349.master-192-168-8-48.1680.8,mlp.fc2.lora_B,0
1768389048.6802523,3008,94.03125,0.025007614865899086,Grad/mlp.fc2.lora_B,outputs_dev/vitb16/T=vtab_Q=3bit_L=lora_2_qkv-fc1-proj-fc2/cifar/20260114184203_default_acc=53.50/tensorboard/Grad_mlp.fc2.lora_B_block_0/events.out.tfevents.1768387349.master-192-168-8-48.1680.8,mlp.fc2.lora_B,0
1768389049.077375,3009,94.0625,0.21969987452030182,Grad/mlp.fc2.lora_B,outputs_dev/vitb16/T=vtab_Q=3bit_L=lora_2_qkv-fc1-proj-fc2/cifar/20260114184203_default_acc=53.50/tensorboard/Grad_mlp.fc2.lora_B_block_0/events.out.tfevents.1768387349.master-192-168-8-48.1680.8,mlp.fc2.lora_B,0
1768389049.4776843,3010,94.09375,0.03954014927148819,Grad/mlp.fc2.lora_B,outputs_dev/vitb16/T=vtab_Q=3bit_L=lora_2_qkv-fc1-proj-fc2/cifar/20260114184203_default_acc=53.50/tensorboard/Grad_mlp.fc2.lora_B_block_0/events.out.tfevents.1768387349.master-192-168-8-48.1680.8,mlp.fc2.lora_B,0
1768389049.872865,3011,94.125,0.6007012724876404,Grad/mlp.fc2.lora_B,outputs_dev/vitb16/T=vtab_Q=3bit_L=lora_2_qkv-fc1-proj-fc2/cifar/20260114184203_default_acc=53.50/tensorboard/Grad_mlp.fc2.lora_B_block_0/events.out.tfevents.1768387349.master-192-168-8-48.1680.8,mlp.fc2.lora_B,0
1768389050.2705574,3012,94.15625,0.08136692643165588,Grad/mlp.fc2.lora_B,outputs_dev/vitb16/T=vtab_Q=3bit_L=lora_2_qkv-fc1-proj-fc2/cifar/20260114184203_default_acc=53.50/tensorboard/Grad_mlp.fc2.lora_B_block_0/events.out.tfevents.1768387349.master-192-168-8-48.1680.8,mlp.fc2.lora_B,0
1768389050.6631114,3013,94.1875,0.06899000704288483,Grad/mlp.fc2.lora_B,outputs_dev/vitb16/T=vtab_Q=3bit_L=lora_2_qkv-fc1-proj-fc2/cifar/20260114184203_default_acc=53.50/tensorboard/Grad_mlp.fc2.lora_B_block_0/events.out.tfevents.1768387349.master-192-168-8-48.1680.8,mlp.fc2.lora_B,0
1768389051.0495164,3014,94.21875,0.06581402570009232,Grad/mlp.fc2.lora_B,outputs_dev/vitb16/T=vtab_Q=3bit_L=lora_2_qkv-fc1-proj-fc2/cifar/20260114184203_default_acc=53.50/tensorboard/Grad_mlp.fc2.lora_B_block_0/events.out.tfevents.1768387349.master-192-168-8-48.1680.8,mlp.fc2.lora_B,0
1768389051.4544942,3015,94.25,0.07084285467863083,Grad/mlp.fc2.lora_B,outputs_dev/vitb16/T=vtab_Q=3bit_L=lora_2_qkv-fc1-proj-fc2/cifar/20260114184203_default_acc=53.50/tensorboard/Grad_mlp.fc2.lora_B_block_0/events.out.tfevents.1768387349.master-192-168-8-48.1680.8,mlp.fc2.lora_B,0
1768389051.8515275,3016,94.28125,0.020533956587314606,Grad/mlp.fc2.lora_B,outputs_dev/vitb16/T=vtab_Q=3bit_L=lora_2_qkv-fc1-proj-fc2/cifar/20260114184203_default_acc=53.50/tensorboard/Grad_mlp.fc2.lora_B_block_0/events.out.tfevents.1768387349.master-192-168-8-48.1680.8,mlp.fc2.lora_B,0
1768389052.2498744,3017,94.3125,0.060896504670381546,Grad/mlp.fc2.lora_B,outputs_dev/vitb16/T=vtab_Q=3bit_L=lora_2_qkv-fc1-proj-fc2/cifar/20260114184203_default_acc=53.50/tensorboard/Grad_mlp.fc2.lora_B_block_0/events.out.tfevents.1768387349.master-192-168-8-48.1680.8,mlp.fc2.lora_B,0
1768389052.6501458,3018,94.34375,0.08631046116352081,Grad/mlp.fc2.lora_B,outputs_dev/vitb16/T=vtab_Q=3bit_L=lora_2_qkv-fc1-proj-fc2/cifar/20260114184203_default_acc=53.50/tensorboard/Grad_mlp.fc2.lora_B_block_0/events.out.tfevents.1768387349.master-192-168-8-48.1680.8,mlp.fc2.lora_B,0
1768389053.0399964,3019,94.375,0.04476046934723854,Grad/mlp.fc2.lora_B,outputs_dev/vitb16/T=vtab_Q=3bit_L=lora_2_qkv-fc1-proj-fc2/cifar/20260114184203_default_acc=53.50/tensorboard/Grad_mlp.fc2.lora_B_block_0/events.out.tfevents.1768387349.master-192-168-8-48.1680.8,mlp.fc2.lora_B,0
1768389053.450718,3020,94.40625,0.11699047684669495,Grad/mlp.fc2.lora_B,outputs_dev/vitb16/T=vtab_Q=3bit_L=lora_2_qkv-fc1-proj-fc2/cifar/20260114184203_default_acc=53.50/tensorboard/Grad_mlp.fc2.lora_B_block_0/events.out.tfevents.1768387349.master-192-168-8-48.1680.8,mlp.fc2.lora_B,0
1768389053.8453534,3021,94.4375,0.014293210580945015,Grad/mlp.fc2.lora_B,outputs_dev/vitb16/T=vtab_Q=3bit_L=lora_2_qkv-fc1-proj-fc2/cifar/20260114184203_default_acc=53.50/tensorboard/Grad_mlp.fc2.lora_B_block_0/events.out.tfevents.1768387349.master-192-168-8-48.1680.8,mlp.fc2.lora_B,0
1768389054.2414443,3022,94.46875,0.042655106633901596,Grad/mlp.fc2.lora_B,outputs_dev/vitb16/T=vtab_Q=3bit_L=lora_2_qkv-fc1-proj-fc2/cifar/20260114184203_default_acc=53.50/tensorboard/Grad_mlp.fc2.lora_B_block_0/events.out.tfevents.1768387349.master-192-168-8-48.1680.8,mlp.fc2.lora_B,0
1768389054.6403196,3023,94.5,0.028198199346661568,Grad/mlp.fc2.lora_B,outputs_dev/vitb16/T=vtab_Q=3bit_L=lora_2_qkv-fc1-proj-fc2/cifar/20260114184203_default_acc=53.50/tensorboard/Grad_mlp.fc2.lora_B_block_0/events.out.tfevents.1768387349.master-192-168-8-48.1680.8,mlp.fc2.lora_B,0
1768389055.0362551,3024,94.53125,0.0521710105240345,Grad/mlp.fc2.lora_B,outputs_dev/vitb16/T=vtab_Q=3bit_L=lora_2_qkv-fc1-proj-fc2/cifar/20260114184203_default_acc=53.50/tensorboard/Grad_mlp.fc2.lora_B_block_0/events.out.tfevents.1768387349.master-192-168-8-48.1680.8,mlp.fc2.lora_B,0
1768389055.4332297,3025,94.5625,0.039568983018398285,Grad/mlp.fc2.lora_B,outputs_dev/vitb16/T=vtab_Q=3bit_L=lora_2_qkv-fc1-proj-fc2/cifar/20260114184203_default_acc=53.50/tensorboard/Grad_mlp.fc2.lora_B_block_0/events.out.tfevents.1768387349.master-192-168-8-48.1680.8,mlp.fc2.lora_B,0
1768389055.8313062,3026,94.59375,0.04141751676797867,Grad/mlp.fc2.lora_B,outputs_dev/vitb16/T=vtab_Q=3bit_L=lora_2_qkv-fc1-proj-fc2/cifar/20260114184203_default_acc=53.50/tensorboard/Grad_mlp.fc2.lora_B_block_0/events.out.tfevents.1768387349.master-192-168-8-48.1680.8,mlp.fc2.lora_B,0
1768389056.229252,3027,94.625,0.03427097946405411,Grad/mlp.fc2.lora_B,outputs_dev/vitb16/T=vtab_Q=3bit_L=lora_2_qkv-fc1-proj-fc2/cifar/20260114184203_default_acc=53.50/tensorboard/Grad_mlp.fc2.lora_B_block_0/events.out.tfevents.1768387349.master-192-168-8-48.1680.8,mlp.fc2.lora_B,0
1768389056.6270545,3028,94.65625,0.43794897198677063,Grad/mlp.fc2.lora_B,outputs_dev/vitb16/T=vtab_Q=3bit_L=lora_2_qkv-fc1-proj-fc2/cifar/20260114184203_default_acc=53.50/tensorboard/Grad_mlp.fc2.lora_B_block_0/events.out.tfevents.1768387349.master-192-168-8-48.1680.8,mlp.fc2.lora_B,0
1768389057.0380604,3029,94.6875,0.03516703471541405,Grad/mlp.fc2.lora_B,outputs_dev/vitb16/T=vtab_Q=3bit_L=lora_2_qkv-fc1-proj-fc2/cifar/20260114184203_default_acc=53.50/tensorboard/Grad_mlp.fc2.lora_B_block_0/events.out.tfevents.1768387349.master-192-168-8-48.1680.8,mlp.fc2.lora_B,0
1768389057.4360852,3030,94.71875,0.040791649371385574,Grad/mlp.fc2.lora_B,outputs_dev/vitb16/T=vtab_Q=3bit_L=lora_2_qkv-fc1-proj-fc2/cifar/20260114184203_default_acc=53.50/tensorboard/Grad_mlp.fc2.lora_B_block_0/events.out.tfevents.1768387349.master-192-168-8-48.1680.8,mlp.fc2.lora_B,0
1768389057.8421476,3031,94.75,0.07810204476118088,Grad/mlp.fc2.lora_B,outputs_dev/vitb16/T=vtab_Q=3bit_L=lora_2_qkv-fc1-proj-fc2/cifar/20260114184203_default_acc=53.50/tensorboard/Grad_mlp.fc2.lora_B_block_0/events.out.tfevents.1768387349.master-192-168-8-48.1680.8,mlp.fc2.lora_B,0
1768389058.236017,3032,94.78125,0.059502966701984406,Grad/mlp.fc2.lora_B,outputs_dev/vitb16/T=vtab_Q=3bit_L=lora_2_qkv-fc1-proj-fc2/cifar/20260114184203_default_acc=53.50/tensorboard/Grad_mlp.fc2.lora_B_block_0/events.out.tfevents.1768387349.master-192-168-8-48.1680.8,mlp.fc2.lora_B,0
1768389058.632833,3033,94.8125,0.3001241385936737,Grad/mlp.fc2.lora_B,outputs_dev/vitb16/T=vtab_Q=3bit_L=lora_2_qkv-fc1-proj-fc2/cifar/20260114184203_default_acc=53.50/tensorboard/Grad_mlp.fc2.lora_B_block_0/events.out.tfevents.1768387349.master-192-168-8-48.1680.8,mlp.fc2.lora_B,0
1768389059.0261629,3034,94.84375,0.037546563893556595,Grad/mlp.fc2.lora_B,outputs_dev/vitb16/T=vtab_Q=3bit_L=lora_2_qkv-fc1-proj-fc2/cifar/20260114184203_default_acc=53.50/tensorboard/Grad_mlp.fc2.lora_B_block_0/events.out.tfevents.1768387349.master-192-168-8-48.1680.8,mlp.fc2.lora_B,0
1768389059.4399529,3035,94.875,0.09507211297750473,Grad/mlp.fc2.lora_B,outputs_dev/vitb16/T=vtab_Q=3bit_L=lora_2_qkv-fc1-proj-fc2/cifar/20260114184203_default_acc=53.50/tensorboard/Grad_mlp.fc2.lora_B_block_0/events.out.tfevents.1768387349.master-192-168-8-48.1680.8,mlp.fc2.lora_B,0
1768389059.8362832,3036,94.90625,0.02950720675289631,Grad/mlp.fc2.lora_B,outputs_dev/vitb16/T=vtab_Q=3bit_L=lora_2_qkv-fc1-proj-fc2/cifar/20260114184203_default_acc=53.50/tensorboard/Grad_mlp.fc2.lora_B_block_0/events.out.tfevents.1768387349.master-192-168-8-48.1680.8,mlp.fc2.lora_B,0
1768389060.2382228,3037,94.9375,0.024255208671092987,Grad/mlp.fc2.lora_B,outputs_dev/vitb16/T=vtab_Q=3bit_L=lora_2_qkv-fc1-proj-fc2/cifar/20260114184203_default_acc=53.50/tensorboard/Grad_mlp.fc2.lora_B_block_0/events.out.tfevents.1768387349.master-192-168-8-48.1680.8,mlp.fc2.lora_B,0
1768389060.6458585,3038,94.96875,0.11883486062288284,Grad/mlp.fc2.lora_B,outputs_dev/vitb16/T=vtab_Q=3bit_L=lora_2_qkv-fc1-proj-fc2/cifar/20260114184203_default_acc=53.50/tensorboard/Grad_mlp.fc2.lora_B_block_0/events.out.tfevents.1768387349.master-192-168-8-48.1680.8,mlp.fc2.lora_B,0
1768389060.838562,3039,95.0,0.12088707089424133,Grad/mlp.fc2.lora_B,outputs_dev/vitb16/T=vtab_Q=3bit_L=lora_2_qkv-fc1-proj-fc2/cifar/20260114184203_default_acc=53.50/tensorboard/Grad_mlp.fc2.lora_B_block_0/events.out.tfevents.1768387349.master-192-168-8-48.1680.8,mlp.fc2.lora_B,0
1768389061.4636836,3040,95.03125,0.05430042743682861,Grad/mlp.fc2.lora_B,outputs_dev/vitb16/T=vtab_Q=3bit_L=lora_2_qkv-fc1-proj-fc2/cifar/20260114184203_default_acc=53.50/tensorboard/Grad_mlp.fc2.lora_B_block_0/events.out.tfevents.1768387349.master-192-168-8-48.1680.8,mlp.fc2.lora_B,0
1768389061.8613315,3041,95.0625,0.042982473969459534,Grad/mlp.fc2.lora_B,outputs_dev/vitb16/T=vtab_Q=3bit_L=lora_2_qkv-fc1-proj-fc2/cifar/20260114184203_default_acc=53.50/tensorboard/Grad_mlp.fc2.lora_B_block_0/events.out.tfevents.1768387349.master-192-168-8-48.1680.8,mlp.fc2.lora_B,0
1768389062.251843,3042,95.09375,0.23495550453662872,Grad/mlp.fc2.lora_B,outputs_dev/vitb16/T=vtab_Q=3bit_L=lora_2_qkv-fc1-proj-fc2/cifar/20260114184203_default_acc=53.50/tensorboard/Grad_mlp.fc2.lora_B_block_0/events.out.tfevents.1768387349.master-192-168-8-48.1680.8,mlp.fc2.lora_B,0
1768389062.638141,3043,95.125,0.03261653333902359,Grad/mlp.fc2.lora_B,outputs_dev/vitb16/T=vtab_Q=3bit_L=lora_2_qkv-fc1-proj-fc2/cifar/20260114184203_default_acc=53.50/tensorboard/Grad_mlp.fc2.lora_B_block_0/events.out.tfevents.1768387349.master-192-168-8-48.1680.8,mlp.fc2.lora_B,0
1768389063.0552537,3044,95.15625,0.0339166559278965,Grad/mlp.fc2.lora_B,outputs_dev/vitb16/T=vtab_Q=3bit_L=lora_2_qkv-fc1-proj-fc2/cifar/20260114184203_default_acc=53.50/tensorboard/Grad_mlp.fc2.lora_B_block_0/events.out.tfevents.1768387349.master-192-168-8-48.1680.8,mlp.fc2.lora_B,0
1768389063.4516716,3045,95.1875,0.22456790506839752,Grad/mlp.fc2.lora_B,outputs_dev/vitb16/T=vtab_Q=3bit_L=lora_2_qkv-fc1-proj-fc2/cifar/20260114184203_default_acc=53.50/tensorboard/Grad_mlp.fc2.lora_B_block_0/events.out.tfevents.1768387349.master-192-168-8-48.1680.8,mlp.fc2.lora_B,0
1768389063.8408005,3046,95.21875,0.1586008220911026,Grad/mlp.fc2.lora_B,outputs_dev/vitb16/T=vtab_Q=3bit_L=lora_2_qkv-fc1-proj-fc2/cifar/20260114184203_default_acc=53.50/tensorboard/Grad_mlp.fc2.lora_B_block_0/events.out.tfevents.1768387349.master-192-168-8-48.1680.8,mlp.fc2.lora_B,0
1768389064.2196429,3047,95.25,0.037519581615924835,Grad/mlp.fc2.lora_B,outputs_dev/vitb16/T=vtab_Q=3bit_L=lora_2_qkv-fc1-proj-fc2/cifar/20260114184203_default_acc=53.50/tensorboard/Grad_mlp.fc2.lora_B_block_0/events.out.tfevents.1768387349.master-192-168-8-48.1680.8,mlp.fc2.lora_B,0
1768389064.6155846,3048,95.28125,0.19236211478710175,Grad/mlp.fc2.lora_B,outputs_dev/vitb16/T=vtab_Q=3bit_L=lora_2_qkv-fc1-proj-fc2/cifar/20260114184203_default_acc=53.50/tensorboard/Grad_mlp.fc2.lora_B_block_0/events.out.tfevents.1768387349.master-192-168-8-48.1680.8,mlp.fc2.lora_B,0
1768389065.011506,3049,95.3125,0.02897007018327713,Grad/mlp.fc2.lora_B,outputs_dev/vitb16/T=vtab_Q=3bit_L=lora_2_qkv-fc1-proj-fc2/cifar/20260114184203_default_acc=53.50/tensorboard/Grad_mlp.fc2.lora_B_block_0/events.out.tfevents.1768387349.master-192-168-8-48.1680.8,mlp.fc2.lora_B,0
1768389065.4047546,3050,95.34375,0.03515934944152832,Grad/mlp.fc2.lora_B,outputs_dev/vitb16/T=vtab_Q=3bit_L=lora_2_qkv-fc1-proj-fc2/cifar/20260114184203_default_acc=53.50/tensorboard/Grad_mlp.fc2.lora_B_block_0/events.out.tfevents.1768387349.master-192-168-8-48.1680.8,mlp.fc2.lora_B,0
1768389065.7881923,3051,95.375,0.08052358031272888,Grad/mlp.fc2.lora_B,outputs_dev/vitb16/T=vtab_Q=3bit_L=lora_2_qkv-fc1-proj-fc2/cifar/20260114184203_default_acc=53.50/tensorboard/Grad_mlp.fc2.lora_B_block_0/events.out.tfevents.1768387349.master-192-168-8-48.1680.8,mlp.fc2.lora_B,0
1768389066.1959116,3052,95.40625,0.03513353317975998,Grad/mlp.fc2.lora_B,outputs_dev/vitb16/T=vtab_Q=3bit_L=lora_2_qkv-fc1-proj-fc2/cifar/20260114184203_default_acc=53.50/tensorboard/Grad_mlp.fc2.lora_B_block_0/events.out.tfevents.1768387349.master-192-168-8-48.1680.8,mlp.fc2.lora_B,0
1768389066.5802164,3053,95.4375,0.10337592661380768,Grad/mlp.fc2.lora_B,outputs_dev/vitb16/T=vtab_Q=3bit_L=lora_2_qkv-fc1-proj-fc2/cifar/20260114184203_default_acc=53.50/tensorboard/Grad_mlp.fc2.lora_B_block_0/events.out.tfevents.1768387349.master-192-168-8-48.1680.8,mlp.fc2.lora_B,0
1768389066.9771962,3054,95.46875,0.02099076844751835,Grad/mlp.fc2.lora_B,outputs_dev/vitb16/T=vtab_Q=3bit_L=lora_2_qkv-fc1-proj-fc2/cifar/20260114184203_default_acc=53.50/tensorboard/Grad_mlp.fc2.lora_B_block_0/events.out.tfevents.1768387349.master-192-168-8-48.1680.8,mlp.fc2.lora_B,0
1768389067.3722203,3055,95.5,0.06313802301883698,Grad/mlp.fc2.lora_B,outputs_dev/vitb16/T=vtab_Q=3bit_L=lora_2_qkv-fc1-proj-fc2/cifar/20260114184203_default_acc=53.50/tensorboard/Grad_mlp.fc2.lora_B_block_0/events.out.tfevents.1768387349.master-192-168-8-48.1680.8,mlp.fc2.lora_B,0
1768389067.7592323,3056,95.53125,0.02778860367834568,Grad/mlp.fc2.lora_B,outputs_dev/vitb16/T=vtab_Q=3bit_L=lora_2_qkv-fc1-proj-fc2/cifar/20260114184203_default_acc=53.50/tensorboard/Grad_mlp.fc2.lora_B_block_0/events.out.tfevents.1768387349.master-192-168-8-48.1680.8,mlp.fc2.lora_B,0
1768389068.1417904,3057,95.5625,0.021364819258451462,Grad/mlp.fc2.lora_B,outputs_dev/vitb16/T=vtab_Q=3bit_L=lora_2_qkv-fc1-proj-fc2/cifar/20260114184203_default_acc=53.50/tensorboard/Grad_mlp.fc2.lora_B_block_0/events.out.tfevents.1768387349.master-192-168-8-48.1680.8,mlp.fc2.lora_B,0
1768389068.5371144,3058,95.59375,0.15450145304203033,Grad/mlp.fc2.lora_B,outputs_dev/vitb16/T=vtab_Q=3bit_L=lora_2_qkv-fc1-proj-fc2/cifar/20260114184203_default_acc=53.50/tensorboard/Grad_mlp.fc2.lora_B_block_0/events.out.tfevents.1768387349.master-192-168-8-48.1680.8,mlp.fc2.lora_B,0
1768389068.9197066,3059,95.625,0.08662497252225876,Grad/mlp.fc2.lora_B,outputs_dev/vitb16/T=vtab_Q=3bit_L=lora_2_qkv-fc1-proj-fc2/cifar/20260114184203_default_acc=53.50/tensorboard/Grad_mlp.fc2.lora_B_block_0/events.out.tfevents.1768387349.master-192-168-8-48.1680.8,mlp.fc2.lora_B,0
1768389069.3167408,3060,95.65625,0.1189282089471817,Grad/mlp.fc2.lora_B,outputs_dev/vitb16/T=vtab_Q=3bit_L=lora_2_qkv-fc1-proj-fc2/cifar/20260114184203_default_acc=53.50/tensorboard/Grad_mlp.fc2.lora_B_block_0/events.out.tfevents.1768387349.master-192-168-8-48.1680.8,mlp.fc2.lora_B,0
1768389069.712443,3061,95.6875,0.04206649959087372,Grad/mlp.fc2.lora_B,outputs_dev/vitb16/T=vtab_Q=3bit_L=lora_2_qkv-fc1-proj-fc2/cifar/20260114184203_default_acc=53.50/tensorboard/Grad_mlp.fc2.lora_B_block_0/events.out.tfevents.1768387349.master-192-168-8-48.1680.8,mlp.fc2.lora_B,0
1768389070.109547,3062,95.71875,0.057245511561632156,Grad/mlp.fc2.lora_B,outputs_dev/vitb16/T=vtab_Q=3bit_L=lora_2_qkv-fc1-proj-fc2/cifar/20260114184203_default_acc=53.50/tensorboard/Grad_mlp.fc2.lora_B_block_0/events.out.tfevents.1768387349.master-192-168-8-48.1680.8,mlp.fc2.lora_B,0
1768389070.4860198,3063,95.75,0.04778517037630081,Grad/mlp.fc2.lora_B,outputs_dev/vitb16/T=vtab_Q=3bit_L=lora_2_qkv-fc1-proj-fc2/cifar/20260114184203_default_acc=53.50/tensorboard/Grad_mlp.fc2.lora_B_block_0/events.out.tfevents.1768387349.master-192-168-8-48.1680.8,mlp.fc2.lora_B,0
1768389070.880883,3064,95.78125,0.02193594165146351,Grad/mlp.fc2.lora_B,outputs_dev/vitb16/T=vtab_Q=3bit_L=lora_2_qkv-fc1-proj-fc2/cifar/20260114184203_default_acc=53.50/tensorboard/Grad_mlp.fc2.lora_B_block_0/events.out.tfevents.1768387349.master-192-168-8-48.1680.8,mlp.fc2.lora_B,0
1768389071.2754762,3065,95.8125,0.3196081221103668,Grad/mlp.fc2.lora_B,outputs_dev/vitb16/T=vtab_Q=3bit_L=lora_2_qkv-fc1-proj-fc2/cifar/20260114184203_default_acc=53.50/tensorboard/Grad_mlp.fc2.lora_B_block_0/events.out.tfevents.1768387349.master-192-168-8-48.1680.8,mlp.fc2.lora_B,0
1768389071.6581793,3066,95.84375,0.15067321062088013,Grad/mlp.fc2.lora_B,outputs_dev/vitb16/T=vtab_Q=3bit_L=lora_2_qkv-fc1-proj-fc2/cifar/20260114184203_default_acc=53.50/tensorboard/Grad_mlp.fc2.lora_B_block_0/events.out.tfevents.1768387349.master-192-168-8-48.1680.8,mlp.fc2.lora_B,0
1768389072.0564418,3067,95.875,0.06142815947532654,Grad/mlp.fc2.lora_B,outputs_dev/vitb16/T=vtab_Q=3bit_L=lora_2_qkv-fc1-proj-fc2/cifar/20260114184203_default_acc=53.50/tensorboard/Grad_mlp.fc2.lora_B_block_0/events.out.tfevents.1768387349.master-192-168-8-48.1680.8,mlp.fc2.lora_B,0
1768389072.4693685,3068,95.90625,0.04779708757996559,Grad/mlp.fc2.lora_B,outputs_dev/vitb16/T=vtab_Q=3bit_L=lora_2_qkv-fc1-proj-fc2/cifar/20260114184203_default_acc=53.50/tensorboard/Grad_mlp.fc2.lora_B_block_0/events.out.tfevents.1768387349.master-192-168-8-48.1680.8,mlp.fc2.lora_B,0
1768389072.8885145,3069,95.9375,0.014470593072474003,Grad/mlp.fc2.lora_B,outputs_dev/vitb16/T=vtab_Q=3bit_L=lora_2_qkv-fc1-proj-fc2/cifar/20260114184203_default_acc=53.50/tensorboard/Grad_mlp.fc2.lora_B_block_0/events.out.tfevents.1768387349.master-192-168-8-48.1680.8,mlp.fc2.lora_B,0
1768389073.2703922,3070,95.96875,0.02134457603096962,Grad/mlp.fc2.lora_B,outputs_dev/vitb16/T=vtab_Q=3bit_L=lora_2_qkv-fc1-proj-fc2/cifar/20260114184203_default_acc=53.50/tensorboard/Grad_mlp.fc2.lora_B_block_0/events.out.tfevents.1768387349.master-192-168-8-48.1680.8,mlp.fc2.lora_B,0
1768389073.4398265,3071,96.0,0.04587233439087868,Grad/mlp.fc2.lora_B,outputs_dev/vitb16/T=vtab_Q=3bit_L=lora_2_qkv-fc1-proj-fc2/cifar/20260114184203_default_acc=53.50/tensorboard/Grad_mlp.fc2.lora_B_block_0/events.out.tfevents.1768387349.master-192-168-8-48.1680.8,mlp.fc2.lora_B,0
1768389074.0774965,3072,96.03125,0.3477539122104645,Grad/mlp.fc2.lora_B,outputs_dev/vitb16/T=vtab_Q=3bit_L=lora_2_qkv-fc1-proj-fc2/cifar/20260114184203_default_acc=53.50/tensorboard/Grad_mlp.fc2.lora_B_block_0/events.out.tfevents.1768387349.master-192-168-8-48.1680.8,mlp.fc2.lora_B,0
1768389074.4808068,3073,96.0625,0.059524789452552795,Grad/mlp.fc2.lora_B,outputs_dev/vitb16/T=vtab_Q=3bit_L=lora_2_qkv-fc1-proj-fc2/cifar/20260114184203_default_acc=53.50/tensorboard/Grad_mlp.fc2.lora_B_block_0/events.out.tfevents.1768387349.master-192-168-8-48.1680.8,mlp.fc2.lora_B,0
1768389074.8773046,3074,96.09375,0.09372218698263168,Grad/mlp.fc2.lora_B,outputs_dev/vitb16/T=vtab_Q=3bit_L=lora_2_qkv-fc1-proj-fc2/cifar/20260114184203_default_acc=53.50/tensorboard/Grad_mlp.fc2.lora_B_block_0/events.out.tfevents.1768387349.master-192-168-8-48.1680.8,mlp.fc2.lora_B,0
1768389075.2714598,3075,96.125,0.058965932577848434,Grad/mlp.fc2.lora_B,outputs_dev/vitb16/T=vtab_Q=3bit_L=lora_2_qkv-fc1-proj-fc2/cifar/20260114184203_default_acc=53.50/tensorboard/Grad_mlp.fc2.lora_B_block_0/events.out.tfevents.1768387349.master-192-168-8-48.1680.8,mlp.fc2.lora_B,0
1768389075.667517,3076,96.15625,0.7139748334884644,Grad/mlp.fc2.lora_B,outputs_dev/vitb16/T=vtab_Q=3bit_L=lora_2_qkv-fc1-proj-fc2/cifar/20260114184203_default_acc=53.50/tensorboard/Grad_mlp.fc2.lora_B_block_0/events.out.tfevents.1768387349.master-192-168-8-48.1680.8,mlp.fc2.lora_B,0
1768389076.0626762,3077,96.1875,0.516809344291687,Grad/mlp.fc2.lora_B,outputs_dev/vitb16/T=vtab_Q=3bit_L=lora_2_qkv-fc1-proj-fc2/cifar/20260114184203_default_acc=53.50/tensorboard/Grad_mlp.fc2.lora_B_block_0/events.out.tfevents.1768387349.master-192-168-8-48.1680.8,mlp.fc2.lora_B,0
1768389076.4549575,3078,96.21875,0.02369188517332077,Grad/mlp.fc2.lora_B,outputs_dev/vitb16/T=vtab_Q=3bit_L=lora_2_qkv-fc1-proj-fc2/cifar/20260114184203_default_acc=53.50/tensorboard/Grad_mlp.fc2.lora_B_block_0/events.out.tfevents.1768387349.master-192-168-8-48.1680.8,mlp.fc2.lora_B,0
1768389076.8593748,3079,96.25,0.10539145022630692,Grad/mlp.fc2.lora_B,outputs_dev/vitb16/T=vtab_Q=3bit_L=lora_2_qkv-fc1-proj-fc2/cifar/20260114184203_default_acc=53.50/tensorboard/Grad_mlp.fc2.lora_B_block_0/events.out.tfevents.1768387349.master-192-168-8-48.1680.8,mlp.fc2.lora_B,0
1768389077.249234,3080,96.28125,0.10507083684206009,Grad/mlp.fc2.lora_B,outputs_dev/vitb16/T=vtab_Q=3bit_L=lora_2_qkv-fc1-proj-fc2/cifar/20260114184203_default_acc=53.50/tensorboard/Grad_mlp.fc2.lora_B_block_0/events.out.tfevents.1768387349.master-192-168-8-48.1680.8,mlp.fc2.lora_B,0
1768389077.6576738,3081,96.3125,0.09934580326080322,Grad/mlp.fc2.lora_B,outputs_dev/vitb16/T=vtab_Q=3bit_L=lora_2_qkv-fc1-proj-fc2/cifar/20260114184203_default_acc=53.50/tensorboard/Grad_mlp.fc2.lora_B_block_0/events.out.tfevents.1768387349.master-192-168-8-48.1680.8,mlp.fc2.lora_B,0
1768389078.0553987,3082,96.34375,0.027314845472574234,Grad/mlp.fc2.lora_B,outputs_dev/vitb16/T=vtab_Q=3bit_L=lora_2_qkv-fc1-proj-fc2/cifar/20260114184203_default_acc=53.50/tensorboard/Grad_mlp.fc2.lora_B_block_0/events.out.tfevents.1768387349.master-192-168-8-48.1680.8,mlp.fc2.lora_B,0
1768389078.4681838,3083,96.375,0.03909822553396225,Grad/mlp.fc2.lora_B,outputs_dev/vitb16/T=vtab_Q=3bit_L=lora_2_qkv-fc1-proj-fc2/cifar/20260114184203_default_acc=53.50/tensorboard/Grad_mlp.fc2.lora_B_block_0/events.out.tfevents.1768387349.master-192-168-8-48.1680.8,mlp.fc2.lora_B,0
1768389078.884758,3084,96.40625,0.17176006734371185,Grad/mlp.fc2.lora_B,outputs_dev/vitb16/T=vtab_Q=3bit_L=lora_2_qkv-fc1-proj-fc2/cifar/20260114184203_default_acc=53.50/tensorboard/Grad_mlp.fc2.lora_B_block_0/events.out.tfevents.1768387349.master-192-168-8-48.1680.8,mlp.fc2.lora_B,0
1768389079.2781641,3085,96.4375,0.06824750453233719,Grad/mlp.fc2.lora_B,outputs_dev/vitb16/T=vtab_Q=3bit_L=lora_2_qkv-fc1-proj-fc2/cifar/20260114184203_default_acc=53.50/tensorboard/Grad_mlp.fc2.lora_B_block_0/events.out.tfevents.1768387349.master-192-168-8-48.1680.8,mlp.fc2.lora_B,0
1768389079.6715205,3086,96.46875,0.04103979095816612,Grad/mlp.fc2.lora_B,outputs_dev/vitb16/T=vtab_Q=3bit_L=lora_2_qkv-fc1-proj-fc2/cifar/20260114184203_default_acc=53.50/tensorboard/Grad_mlp.fc2.lora_B_block_0/events.out.tfevents.1768387349.master-192-168-8-48.1680.8,mlp.fc2.lora_B,0
1768389080.0661619,3087,96.5,0.5563534498214722,Grad/mlp.fc2.lora_B,outputs_dev/vitb16/T=vtab_Q=3bit_L=lora_2_qkv-fc1-proj-fc2/cifar/20260114184203_default_acc=53.50/tensorboard/Grad_mlp.fc2.lora_B_block_0/events.out.tfevents.1768387349.master-192-168-8-48.1680.8,mlp.fc2.lora_B,0
1768389080.4592614,3088,96.53125,0.06012275442481041,Grad/mlp.fc2.lora_B,outputs_dev/vitb16/T=vtab_Q=3bit_L=lora_2_qkv-fc1-proj-fc2/cifar/20260114184203_default_acc=53.50/tensorboard/Grad_mlp.fc2.lora_B_block_0/events.out.tfevents.1768387349.master-192-168-8-48.1680.8,mlp.fc2.lora_B,0
1768389080.8511612,3089,96.5625,0.08017808943986893,Grad/mlp.fc2.lora_B,outputs_dev/vitb16/T=vtab_Q=3bit_L=lora_2_qkv-fc1-proj-fc2/cifar/20260114184203_default_acc=53.50/tensorboard/Grad_mlp.fc2.lora_B_block_0/events.out.tfevents.1768387349.master-192-168-8-48.1680.8,mlp.fc2.lora_B,0
1768389081.2452545,3090,96.59375,0.04384218901395798,Grad/mlp.fc2.lora_B,outputs_dev/vitb16/T=vtab_Q=3bit_L=lora_2_qkv-fc1-proj-fc2/cifar/20260114184203_default_acc=53.50/tensorboard/Grad_mlp.fc2.lora_B_block_0/events.out.tfevents.1768387349.master-192-168-8-48.1680.8,mlp.fc2.lora_B,0
1768389081.6379313,3091,96.625,0.031236249953508377,Grad/mlp.fc2.lora_B,outputs_dev/vitb16/T=vtab_Q=3bit_L=lora_2_qkv-fc1-proj-fc2/cifar/20260114184203_default_acc=53.50/tensorboard/Grad_mlp.fc2.lora_B_block_0/events.out.tfevents.1768387349.master-192-168-8-48.1680.8,mlp.fc2.lora_B,0
1768389082.028955,3092,96.65625,0.03302760049700737,Grad/mlp.fc2.lora_B,outputs_dev/vitb16/T=vtab_Q=3bit_L=lora_2_qkv-fc1-proj-fc2/cifar/20260114184203_default_acc=53.50/tensorboard/Grad_mlp.fc2.lora_B_block_0/events.out.tfevents.1768387349.master-192-168-8-48.1680.8,mlp.fc2.lora_B,0
1768389082.4241467,3093,96.6875,0.020991772413253784,Grad/mlp.fc2.lora_B,outputs_dev/vitb16/T=vtab_Q=3bit_L=lora_2_qkv-fc1-proj-fc2/cifar/20260114184203_default_acc=53.50/tensorboard/Grad_mlp.fc2.lora_B_block_0/events.out.tfevents.1768387349.master-192-168-8-48.1680.8,mlp.fc2.lora_B,0
1768389082.815385,3094,96.71875,0.19974400103092194,Grad/mlp.fc2.lora_B,outputs_dev/vitb16/T=vtab_Q=3bit_L=lora_2_qkv-fc1-proj-fc2/cifar/20260114184203_default_acc=53.50/tensorboard/Grad_mlp.fc2.lora_B_block_0/events.out.tfevents.1768387349.master-192-168-8-48.1680.8,mlp.fc2.lora_B,0
1768389083.2094111,3095,96.75,0.04123908653855324,Grad/mlp.fc2.lora_B,outputs_dev/vitb16/T=vtab_Q=3bit_L=lora_2_qkv-fc1-proj-fc2/cifar/20260114184203_default_acc=53.50/tensorboard/Grad_mlp.fc2.lora_B_block_0/events.out.tfevents.1768387349.master-192-168-8-48.1680.8,mlp.fc2.lora_B,0
1768389083.6054535,3096,96.78125,0.036732908338308334,Grad/mlp.fc2.lora_B,outputs_dev/vitb16/T=vtab_Q=3bit_L=lora_2_qkv-fc1-proj-fc2/cifar/20260114184203_default_acc=53.50/tensorboard/Grad_mlp.fc2.lora_B_block_0/events.out.tfevents.1768387349.master-192-168-8-48.1680.8,mlp.fc2.lora_B,0
1768389084.0003567,3097,96.8125,0.029781511053442955,Grad/mlp.fc2.lora_B,outputs_dev/vitb16/T=vtab_Q=3bit_L=lora_2_qkv-fc1-proj-fc2/cifar/20260114184203_default_acc=53.50/tensorboard/Grad_mlp.fc2.lora_B_block_0/events.out.tfevents.1768387349.master-192-168-8-48.1680.8,mlp.fc2.lora_B,0
1768389084.3941634,3098,96.84375,0.08197487145662308,Grad/mlp.fc2.lora_B,outputs_dev/vitb16/T=vtab_Q=3bit_L=lora_2_qkv-fc1-proj-fc2/cifar/20260114184203_default_acc=53.50/tensorboard/Grad_mlp.fc2.lora_B_block_0/events.out.tfevents.1768387349.master-192-168-8-48.1680.8,mlp.fc2.lora_B,0
1768389084.788639,3099,96.875,0.05547714605927467,Grad/mlp.fc2.lora_B,outputs_dev/vitb16/T=vtab_Q=3bit_L=lora_2_qkv-fc1-proj-fc2/cifar/20260114184203_default_acc=53.50/tensorboard/Grad_mlp.fc2.lora_B_block_0/events.out.tfevents.1768387349.master-192-168-8-48.1680.8,mlp.fc2.lora_B,0
1768389085.180235,3100,96.90625,0.09329456090927124,Grad/mlp.fc2.lora_B,outputs_dev/vitb16/T=vtab_Q=3bit_L=lora_2_qkv-fc1-proj-fc2/cifar/20260114184203_default_acc=53.50/tensorboard/Grad_mlp.fc2.lora_B_block_0/events.out.tfevents.1768387349.master-192-168-8-48.1680.8,mlp.fc2.lora_B,0
1768389085.5637472,3101,96.9375,0.05103842169046402,Grad/mlp.fc2.lora_B,outputs_dev/vitb16/T=vtab_Q=3bit_L=lora_2_qkv-fc1-proj-fc2/cifar/20260114184203_default_acc=53.50/tensorboard/Grad_mlp.fc2.lora_B_block_0/events.out.tfevents.1768387349.master-192-168-8-48.1680.8,mlp.fc2.lora_B,0
1768389085.9575632,3102,96.96875,0.03673233836889267,Grad/mlp.fc2.lora_B,outputs_dev/vitb16/T=vtab_Q=3bit_L=lora_2_qkv-fc1-proj-fc2/cifar/20260114184203_default_acc=53.50/tensorboard/Grad_mlp.fc2.lora_B_block_0/events.out.tfevents.1768387349.master-192-168-8-48.1680.8,mlp.fc2.lora_B,0
1768389086.169079,3103,97.0,0.14896602928638458,Grad/mlp.fc2.lora_B,outputs_dev/vitb16/T=vtab_Q=3bit_L=lora_2_qkv-fc1-proj-fc2/cifar/20260114184203_default_acc=53.50/tensorboard/Grad_mlp.fc2.lora_B_block_0/events.out.tfevents.1768387349.master-192-168-8-48.1680.8,mlp.fc2.lora_B,0
1768389086.8164222,3104,97.03125,0.020663026720285416,Grad/mlp.fc2.lora_B,outputs_dev/vitb16/T=vtab_Q=3bit_L=lora_2_qkv-fc1-proj-fc2/cifar/20260114184203_default_acc=53.50/tensorboard/Grad_mlp.fc2.lora_B_block_0/events.out.tfevents.1768387349.master-192-168-8-48.1680.8,mlp.fc2.lora_B,0
1768389087.2179067,3105,97.0625,0.09473375231027603,Grad/mlp.fc2.lora_B,outputs_dev/vitb16/T=vtab_Q=3bit_L=lora_2_qkv-fc1-proj-fc2/cifar/20260114184203_default_acc=53.50/tensorboard/Grad_mlp.fc2.lora_B_block_0/events.out.tfevents.1768387349.master-192-168-8-48.1680.8,mlp.fc2.lora_B,0
1768389087.6138897,3106,97.09375,0.11422190070152283,Grad/mlp.fc2.lora_B,outputs_dev/vitb16/T=vtab_Q=3bit_L=lora_2_qkv-fc1-proj-fc2/cifar/20260114184203_default_acc=53.50/tensorboard/Grad_mlp.fc2.lora_B_block_0/events.out.tfevents.1768387349.master-192-168-8-48.1680.8,mlp.fc2.lora_B,0
1768389088.0086544,3107,97.125,0.056647155433893204,Grad/mlp.fc2.lora_B,outputs_dev/vitb16/T=vtab_Q=3bit_L=lora_2_qkv-fc1-proj-fc2/cifar/20260114184203_default_acc=53.50/tensorboard/Grad_mlp.fc2.lora_B_block_0/events.out.tfevents.1768387349.master-192-168-8-48.1680.8,mlp.fc2.lora_B,0
1768389088.4159822,3108,97.15625,0.02889791503548622,Grad/mlp.fc2.lora_B,outputs_dev/vitb16/T=vtab_Q=3bit_L=lora_2_qkv-fc1-proj-fc2/cifar/20260114184203_default_acc=53.50/tensorboard/Grad_mlp.fc2.lora_B_block_0/events.out.tfevents.1768387349.master-192-168-8-48.1680.8,mlp.fc2.lora_B,0
1768389088.8099568,3109,97.1875,0.09371214359998703,Grad/mlp.fc2.lora_B,outputs_dev/vitb16/T=vtab_Q=3bit_L=lora_2_qkv-fc1-proj-fc2/cifar/20260114184203_default_acc=53.50/tensorboard/Grad_mlp.fc2.lora_B_block_0/events.out.tfevents.1768387349.master-192-168-8-48.1680.8,mlp.fc2.lora_B,0
1768389089.2075596,3110,97.21875,0.0204579159617424,Grad/mlp.fc2.lora_B,outputs_dev/vitb16/T=vtab_Q=3bit_L=lora_2_qkv-fc1-proj-fc2/cifar/20260114184203_default_acc=53.50/tensorboard/Grad_mlp.fc2.lora_B_block_0/events.out.tfevents.1768387349.master-192-168-8-48.1680.8,mlp.fc2.lora_B,0
1768389089.6191475,3111,97.25,0.04951898753643036,Grad/mlp.fc2.lora_B,outputs_dev/vitb16/T=vtab_Q=3bit_L=lora_2_qkv-fc1-proj-fc2/cifar/20260114184203_default_acc=53.50/tensorboard/Grad_mlp.fc2.lora_B_block_0/events.out.tfevents.1768387349.master-192-168-8-48.1680.8,mlp.fc2.lora_B,0
1768389090.0262015,3112,97.28125,0.10726238787174225,Grad/mlp.fc2.lora_B,outputs_dev/vitb16/T=vtab_Q=3bit_L=lora_2_qkv-fc1-proj-fc2/cifar/20260114184203_default_acc=53.50/tensorboard/Grad_mlp.fc2.lora_B_block_0/events.out.tfevents.1768387349.master-192-168-8-48.1680.8,mlp.fc2.lora_B,0
1768389090.4202168,3113,97.3125,0.5079332590103149,Grad/mlp.fc2.lora_B,outputs_dev/vitb16/T=vtab_Q=3bit_L=lora_2_qkv-fc1-proj-fc2/cifar/20260114184203_default_acc=53.50/tensorboard/Grad_mlp.fc2.lora_B_block_0/events.out.tfevents.1768387349.master-192-168-8-48.1680.8,mlp.fc2.lora_B,0
1768389090.8278482,3114,97.34375,0.4769858121871948,Grad/mlp.fc2.lora_B,outputs_dev/vitb16/T=vtab_Q=3bit_L=lora_2_qkv-fc1-proj-fc2/cifar/20260114184203_default_acc=53.50/tensorboard/Grad_mlp.fc2.lora_B_block_0/events.out.tfevents.1768387349.master-192-168-8-48.1680.8,mlp.fc2.lora_B,0
1768389091.2233055,3115,97.375,0.05032774433493614,Grad/mlp.fc2.lora_B,outputs_dev/vitb16/T=vtab_Q=3bit_L=lora_2_qkv-fc1-proj-fc2/cifar/20260114184203_default_acc=53.50/tensorboard/Grad_mlp.fc2.lora_B_block_0/events.out.tfevents.1768387349.master-192-168-8-48.1680.8,mlp.fc2.lora_B,0
1768389091.6178265,3116,97.40625,0.14277751743793488,Grad/mlp.fc2.lora_B,outputs_dev/vitb16/T=vtab_Q=3bit_L=lora_2_qkv-fc1-proj-fc2/cifar/20260114184203_default_acc=53.50/tensorboard/Grad_mlp.fc2.lora_B_block_0/events.out.tfevents.1768387349.master-192-168-8-48.1680.8,mlp.fc2.lora_B,0
1768389092.0128176,3117,97.4375,0.05996987596154213,Grad/mlp.fc2.lora_B,outputs_dev/vitb16/T=vtab_Q=3bit_L=lora_2_qkv-fc1-proj-fc2/cifar/20260114184203_default_acc=53.50/tensorboard/Grad_mlp.fc2.lora_B_block_0/events.out.tfevents.1768387349.master-192-168-8-48.1680.8,mlp.fc2.lora_B,0
1768389092.4320037,3118,97.46875,0.031489644199609756,Grad/mlp.fc2.lora_B,outputs_dev/vitb16/T=vtab_Q=3bit_L=lora_2_qkv-fc1-proj-fc2/cifar/20260114184203_default_acc=53.50/tensorboard/Grad_mlp.fc2.lora_B_block_0/events.out.tfevents.1768387349.master-192-168-8-48.1680.8,mlp.fc2.lora_B,0
1768389092.8251684,3119,97.5,0.030603306367993355,Grad/mlp.fc2.lora_B,outputs_dev/vitb16/T=vtab_Q=3bit_L=lora_2_qkv-fc1-proj-fc2/cifar/20260114184203_default_acc=53.50/tensorboard/Grad_mlp.fc2.lora_B_block_0/events.out.tfevents.1768387349.master-192-168-8-48.1680.8,mlp.fc2.lora_B,0
1768389093.2407062,3120,97.53125,0.02190040424466133,Grad/mlp.fc2.lora_B,outputs_dev/vitb16/T=vtab_Q=3bit_L=lora_2_qkv-fc1-proj-fc2/cifar/20260114184203_default_acc=53.50/tensorboard/Grad_mlp.fc2.lora_B_block_0/events.out.tfevents.1768387349.master-192-168-8-48.1680.8,mlp.fc2.lora_B,0
1768389093.6382315,3121,97.5625,0.18550796806812286,Grad/mlp.fc2.lora_B,outputs_dev/vitb16/T=vtab_Q=3bit_L=lora_2_qkv-fc1-proj-fc2/cifar/20260114184203_default_acc=53.50/tensorboard/Grad_mlp.fc2.lora_B_block_0/events.out.tfevents.1768387349.master-192-168-8-48.1680.8,mlp.fc2.lora_B,0
1768389094.0654242,3122,97.59375,0.21932333707809448,Grad/mlp.fc2.lora_B,outputs_dev/vitb16/T=vtab_Q=3bit_L=lora_2_qkv-fc1-proj-fc2/cifar/20260114184203_default_acc=53.50/tensorboard/Grad_mlp.fc2.lora_B_block_0/events.out.tfevents.1768387349.master-192-168-8-48.1680.8,mlp.fc2.lora_B,0
1768389094.4610407,3123,97.625,0.026178739964962006,Grad/mlp.fc2.lora_B,outputs_dev/vitb16/T=vtab_Q=3bit_L=lora_2_qkv-fc1-proj-fc2/cifar/20260114184203_default_acc=53.50/tensorboard/Grad_mlp.fc2.lora_B_block_0/events.out.tfevents.1768387349.master-192-168-8-48.1680.8,mlp.fc2.lora_B,0
1768389094.8554409,3124,97.65625,0.06812798976898193,Grad/mlp.fc2.lora_B,outputs_dev/vitb16/T=vtab_Q=3bit_L=lora_2_qkv-fc1-proj-fc2/cifar/20260114184203_default_acc=53.50/tensorboard/Grad_mlp.fc2.lora_B_block_0/events.out.tfevents.1768387349.master-192-168-8-48.1680.8,mlp.fc2.lora_B,0
1768389095.2514987,3125,97.6875,0.04687412083148956,Grad/mlp.fc2.lora_B,outputs_dev/vitb16/T=vtab_Q=3bit_L=lora_2_qkv-fc1-proj-fc2/cifar/20260114184203_default_acc=53.50/tensorboard/Grad_mlp.fc2.lora_B_block_0/events.out.tfevents.1768387349.master-192-168-8-48.1680.8,mlp.fc2.lora_B,0
1768389095.6453273,3126,97.71875,0.07336364686489105,Grad/mlp.fc2.lora_B,outputs_dev/vitb16/T=vtab_Q=3bit_L=lora_2_qkv-fc1-proj-fc2/cifar/20260114184203_default_acc=53.50/tensorboard/Grad_mlp.fc2.lora_B_block_0/events.out.tfevents.1768387349.master-192-168-8-48.1680.8,mlp.fc2.lora_B,0
1768389096.0301006,3127,97.75,0.029881462454795837,Grad/mlp.fc2.lora_B,outputs_dev/vitb16/T=vtab_Q=3bit_L=lora_2_qkv-fc1-proj-fc2/cifar/20260114184203_default_acc=53.50/tensorboard/Grad_mlp.fc2.lora_B_block_0/events.out.tfevents.1768387349.master-192-168-8-48.1680.8,mlp.fc2.lora_B,0
1768389096.426144,3128,97.78125,0.09838926047086716,Grad/mlp.fc2.lora_B,outputs_dev/vitb16/T=vtab_Q=3bit_L=lora_2_qkv-fc1-proj-fc2/cifar/20260114184203_default_acc=53.50/tensorboard/Grad_mlp.fc2.lora_B_block_0/events.out.tfevents.1768387349.master-192-168-8-48.1680.8,mlp.fc2.lora_B,0
1768389096.8185122,3129,97.8125,0.12542586028575897,Grad/mlp.fc2.lora_B,outputs_dev/vitb16/T=vtab_Q=3bit_L=lora_2_qkv-fc1-proj-fc2/cifar/20260114184203_default_acc=53.50/tensorboard/Grad_mlp.fc2.lora_B_block_0/events.out.tfevents.1768387349.master-192-168-8-48.1680.8,mlp.fc2.lora_B,0
1768389097.2132754,3130,97.84375,0.01996430568397045,Grad/mlp.fc2.lora_B,outputs_dev/vitb16/T=vtab_Q=3bit_L=lora_2_qkv-fc1-proj-fc2/cifar/20260114184203_default_acc=53.50/tensorboard/Grad_mlp.fc2.lora_B_block_0/events.out.tfevents.1768387349.master-192-168-8-48.1680.8,mlp.fc2.lora_B,0
1768389097.6131997,3131,97.875,0.28133630752563477,Grad/mlp.fc2.lora_B,outputs_dev/vitb16/T=vtab_Q=3bit_L=lora_2_qkv-fc1-proj-fc2/cifar/20260114184203_default_acc=53.50/tensorboard/Grad_mlp.fc2.lora_B_block_0/events.out.tfevents.1768387349.master-192-168-8-48.1680.8,mlp.fc2.lora_B,0
1768389098.0066702,3132,97.90625,0.756792426109314,Grad/mlp.fc2.lora_B,outputs_dev/vitb16/T=vtab_Q=3bit_L=lora_2_qkv-fc1-proj-fc2/cifar/20260114184203_default_acc=53.50/tensorboard/Grad_mlp.fc2.lora_B_block_0/events.out.tfevents.1768387349.master-192-168-8-48.1680.8,mlp.fc2.lora_B,0
1768389098.4011345,3133,97.9375,0.1349707990884781,Grad/mlp.fc2.lora_B,outputs_dev/vitb16/T=vtab_Q=3bit_L=lora_2_qkv-fc1-proj-fc2/cifar/20260114184203_default_acc=53.50/tensorboard/Grad_mlp.fc2.lora_B_block_0/events.out.tfevents.1768387349.master-192-168-8-48.1680.8,mlp.fc2.lora_B,0
1768389098.8116527,3134,97.96875,0.026301376521587372,Grad/mlp.fc2.lora_B,outputs_dev/vitb16/T=vtab_Q=3bit_L=lora_2_qkv-fc1-proj-fc2/cifar/20260114184203_default_acc=53.50/tensorboard/Grad_mlp.fc2.lora_B_block_0/events.out.tfevents.1768387349.master-192-168-8-48.1680.8,mlp.fc2.lora_B,0
1768389099.0837967,3135,98.0,0.5442406535148621,Grad/mlp.fc2.lora_B,outputs_dev/vitb16/T=vtab_Q=3bit_L=lora_2_qkv-fc1-proj-fc2/cifar/20260114184203_default_acc=53.50/tensorboard/Grad_mlp.fc2.lora_B_block_0/events.out.tfevents.1768387349.master-192-168-8-48.1680.8,mlp.fc2.lora_B,0
1768389099.9600203,3136,98.03125,0.04113944619894028,Grad/mlp.fc2.lora_B,outputs_dev/vitb16/T=vtab_Q=3bit_L=lora_2_qkv-fc1-proj-fc2/cifar/20260114184203_default_acc=53.50/tensorboard/Grad_mlp.fc2.lora_B_block_0/events.out.tfevents.1768387349.master-192-168-8-48.1680.8,mlp.fc2.lora_B,0
1768389100.3584142,3137,98.0625,0.017343996092677116,Grad/mlp.fc2.lora_B,outputs_dev/vitb16/T=vtab_Q=3bit_L=lora_2_qkv-fc1-proj-fc2/cifar/20260114184203_default_acc=53.50/tensorboard/Grad_mlp.fc2.lora_B_block_0/events.out.tfevents.1768387349.master-192-168-8-48.1680.8,mlp.fc2.lora_B,0
1768389100.7520683,3138,98.09375,0.4689091444015503,Grad/mlp.fc2.lora_B,outputs_dev/vitb16/T=vtab_Q=3bit_L=lora_2_qkv-fc1-proj-fc2/cifar/20260114184203_default_acc=53.50/tensorboard/Grad_mlp.fc2.lora_B_block_0/events.out.tfevents.1768387349.master-192-168-8-48.1680.8,mlp.fc2.lora_B,0
1768389101.1501389,3139,98.125,0.14726516604423523,Grad/mlp.fc2.lora_B,outputs_dev/vitb16/T=vtab_Q=3bit_L=lora_2_qkv-fc1-proj-fc2/cifar/20260114184203_default_acc=53.50/tensorboard/Grad_mlp.fc2.lora_B_block_0/events.out.tfevents.1768387349.master-192-168-8-48.1680.8,mlp.fc2.lora_B,0
1768389101.5469484,3140,98.15625,0.10907198488712311,Grad/mlp.fc2.lora_B,outputs_dev/vitb16/T=vtab_Q=3bit_L=lora_2_qkv-fc1-proj-fc2/cifar/20260114184203_default_acc=53.50/tensorboard/Grad_mlp.fc2.lora_B_block_0/events.out.tfevents.1768387349.master-192-168-8-48.1680.8,mlp.fc2.lora_B,0
1768389101.9578218,3141,98.1875,0.059709567576646805,Grad/mlp.fc2.lora_B,outputs_dev/vitb16/T=vtab_Q=3bit_L=lora_2_qkv-fc1-proj-fc2/cifar/20260114184203_default_acc=53.50/tensorboard/Grad_mlp.fc2.lora_B_block_0/events.out.tfevents.1768387349.master-192-168-8-48.1680.8,mlp.fc2.lora_B,0
1768389102.354575,3142,98.21875,0.021536339074373245,Grad/mlp.fc2.lora_B,outputs_dev/vitb16/T=vtab_Q=3bit_L=lora_2_qkv-fc1-proj-fc2/cifar/20260114184203_default_acc=53.50/tensorboard/Grad_mlp.fc2.lora_B_block_0/events.out.tfevents.1768387349.master-192-168-8-48.1680.8,mlp.fc2.lora_B,0
1768389102.7486746,3143,98.25,0.08699307590723038,Grad/mlp.fc2.lora_B,outputs_dev/vitb16/T=vtab_Q=3bit_L=lora_2_qkv-fc1-proj-fc2/cifar/20260114184203_default_acc=53.50/tensorboard/Grad_mlp.fc2.lora_B_block_0/events.out.tfevents.1768387349.master-192-168-8-48.1680.8,mlp.fc2.lora_B,0
1768389103.155303,3144,98.28125,0.10266663134098053,Grad/mlp.fc2.lora_B,outputs_dev/vitb16/T=vtab_Q=3bit_L=lora_2_qkv-fc1-proj-fc2/cifar/20260114184203_default_acc=53.50/tensorboard/Grad_mlp.fc2.lora_B_block_0/events.out.tfevents.1768387349.master-192-168-8-48.1680.8,mlp.fc2.lora_B,0
1768389103.5651412,3145,98.3125,0.023491252213716507,Grad/mlp.fc2.lora_B,outputs_dev/vitb16/T=vtab_Q=3bit_L=lora_2_qkv-fc1-proj-fc2/cifar/20260114184203_default_acc=53.50/tensorboard/Grad_mlp.fc2.lora_B_block_0/events.out.tfevents.1768387349.master-192-168-8-48.1680.8,mlp.fc2.lora_B,0
1768389103.9720755,3146,98.34375,0.16368155181407928,Grad/mlp.fc2.lora_B,outputs_dev/vitb16/T=vtab_Q=3bit_L=lora_2_qkv-fc1-proj-fc2/cifar/20260114184203_default_acc=53.50/tensorboard/Grad_mlp.fc2.lora_B_block_0/events.out.tfevents.1768387349.master-192-168-8-48.1680.8,mlp.fc2.lora_B,0
1768389104.378257,3147,98.375,0.4783107042312622,Grad/mlp.fc2.lora_B,outputs_dev/vitb16/T=vtab_Q=3bit_L=lora_2_qkv-fc1-proj-fc2/cifar/20260114184203_default_acc=53.50/tensorboard/Grad_mlp.fc2.lora_B_block_0/events.out.tfevents.1768387349.master-192-168-8-48.1680.8,mlp.fc2.lora_B,0
1768389104.784297,3148,98.40625,0.12376336753368378,Grad/mlp.fc2.lora_B,outputs_dev/vitb16/T=vtab_Q=3bit_L=lora_2_qkv-fc1-proj-fc2/cifar/20260114184203_default_acc=53.50/tensorboard/Grad_mlp.fc2.lora_B_block_0/events.out.tfevents.1768387349.master-192-168-8-48.1680.8,mlp.fc2.lora_B,0
1768389105.1649425,3149,98.4375,0.08185961097478867,Grad/mlp.fc2.lora_B,outputs_dev/vitb16/T=vtab_Q=3bit_L=lora_2_qkv-fc1-proj-fc2/cifar/20260114184203_default_acc=53.50/tensorboard/Grad_mlp.fc2.lora_B_block_0/events.out.tfevents.1768387349.master-192-168-8-48.1680.8,mlp.fc2.lora_B,0
1768389105.5595105,3150,98.46875,0.02568814344704151,Grad/mlp.fc2.lora_B,outputs_dev/vitb16/T=vtab_Q=3bit_L=lora_2_qkv-fc1-proj-fc2/cifar/20260114184203_default_acc=53.50/tensorboard/Grad_mlp.fc2.lora_B_block_0/events.out.tfevents.1768387349.master-192-168-8-48.1680.8,mlp.fc2.lora_B,0
1768389105.955221,3151,98.5,0.026065781712532043,Grad/mlp.fc2.lora_B,outputs_dev/vitb16/T=vtab_Q=3bit_L=lora_2_qkv-fc1-proj-fc2/cifar/20260114184203_default_acc=53.50/tensorboard/Grad_mlp.fc2.lora_B_block_0/events.out.tfevents.1768387349.master-192-168-8-48.1680.8,mlp.fc2.lora_B,0
1768389106.3484263,3152,98.53125,0.032877366989851,Grad/mlp.fc2.lora_B,outputs_dev/vitb16/T=vtab_Q=3bit_L=lora_2_qkv-fc1-proj-fc2/cifar/20260114184203_default_acc=53.50/tensorboard/Grad_mlp.fc2.lora_B_block_0/events.out.tfevents.1768387349.master-192-168-8-48.1680.8,mlp.fc2.lora_B,0
1768389106.743819,3153,98.5625,0.10615207254886627,Grad/mlp.fc2.lora_B,outputs_dev/vitb16/T=vtab_Q=3bit_L=lora_2_qkv-fc1-proj-fc2/cifar/20260114184203_default_acc=53.50/tensorboard/Grad_mlp.fc2.lora_B_block_0/events.out.tfevents.1768387349.master-192-168-8-48.1680.8,mlp.fc2.lora_B,0
1768389107.1397042,3154,98.59375,0.053805094212293625,Grad/mlp.fc2.lora_B,outputs_dev/vitb16/T=vtab_Q=3bit_L=lora_2_qkv-fc1-proj-fc2/cifar/20260114184203_default_acc=53.50/tensorboard/Grad_mlp.fc2.lora_B_block_0/events.out.tfevents.1768387349.master-192-168-8-48.1680.8,mlp.fc2.lora_B,0
1768389107.5332334,3155,98.625,0.0406385213136673,Grad/mlp.fc2.lora_B,outputs_dev/vitb16/T=vtab_Q=3bit_L=lora_2_qkv-fc1-proj-fc2/cifar/20260114184203_default_acc=53.50/tensorboard/Grad_mlp.fc2.lora_B_block_0/events.out.tfevents.1768387349.master-192-168-8-48.1680.8,mlp.fc2.lora_B,0
1768389107.9249508,3156,98.65625,0.01834724098443985,Grad/mlp.fc2.lora_B,outputs_dev/vitb16/T=vtab_Q=3bit_L=lora_2_qkv-fc1-proj-fc2/cifar/20260114184203_default_acc=53.50/tensorboard/Grad_mlp.fc2.lora_B_block_0/events.out.tfevents.1768387349.master-192-168-8-48.1680.8,mlp.fc2.lora_B,0
1768389108.3172243,3157,98.6875,0.062312446534633636,Grad/mlp.fc2.lora_B,outputs_dev/vitb16/T=vtab_Q=3bit_L=lora_2_qkv-fc1-proj-fc2/cifar/20260114184203_default_acc=53.50/tensorboard/Grad_mlp.fc2.lora_B_block_0/events.out.tfevents.1768387349.master-192-168-8-48.1680.8,mlp.fc2.lora_B,0
1768389108.7109966,3158,98.71875,0.06994953751564026,Grad/mlp.fc2.lora_B,outputs_dev/vitb16/T=vtab_Q=3bit_L=lora_2_qkv-fc1-proj-fc2/cifar/20260114184203_default_acc=53.50/tensorboard/Grad_mlp.fc2.lora_B_block_0/events.out.tfevents.1768387349.master-192-168-8-48.1680.8,mlp.fc2.lora_B,0
1768389109.1028821,3159,98.75,0.026404080912470818,Grad/mlp.fc2.lora_B,outputs_dev/vitb16/T=vtab_Q=3bit_L=lora_2_qkv-fc1-proj-fc2/cifar/20260114184203_default_acc=53.50/tensorboard/Grad_mlp.fc2.lora_B_block_0/events.out.tfevents.1768387349.master-192-168-8-48.1680.8,mlp.fc2.lora_B,0
1768389109.4849963,3160,98.78125,0.15928764641284943,Grad/mlp.fc2.lora_B,outputs_dev/vitb16/T=vtab_Q=3bit_L=lora_2_qkv-fc1-proj-fc2/cifar/20260114184203_default_acc=53.50/tensorboard/Grad_mlp.fc2.lora_B_block_0/events.out.tfevents.1768387349.master-192-168-8-48.1680.8,mlp.fc2.lora_B,0
1768389109.8797293,3161,98.8125,0.030962256714701653,Grad/mlp.fc2.lora_B,outputs_dev/vitb16/T=vtab_Q=3bit_L=lora_2_qkv-fc1-proj-fc2/cifar/20260114184203_default_acc=53.50/tensorboard/Grad_mlp.fc2.lora_B_block_0/events.out.tfevents.1768387349.master-192-168-8-48.1680.8,mlp.fc2.lora_B,0
1768389110.2759202,3162,98.84375,0.0395578071475029,Grad/mlp.fc2.lora_B,outputs_dev/vitb16/T=vtab_Q=3bit_L=lora_2_qkv-fc1-proj-fc2/cifar/20260114184203_default_acc=53.50/tensorboard/Grad_mlp.fc2.lora_B_block_0/events.out.tfevents.1768387349.master-192-168-8-48.1680.8,mlp.fc2.lora_B,0
1768389110.670099,3163,98.875,0.0256878063082695,Grad/mlp.fc2.lora_B,outputs_dev/vitb16/T=vtab_Q=3bit_L=lora_2_qkv-fc1-proj-fc2/cifar/20260114184203_default_acc=53.50/tensorboard/Grad_mlp.fc2.lora_B_block_0/events.out.tfevents.1768387349.master-192-168-8-48.1680.8,mlp.fc2.lora_B,0
1768389111.0655887,3164,98.90625,0.112846240401268,Grad/mlp.fc2.lora_B,outputs_dev/vitb16/T=vtab_Q=3bit_L=lora_2_qkv-fc1-proj-fc2/cifar/20260114184203_default_acc=53.50/tensorboard/Grad_mlp.fc2.lora_B_block_0/events.out.tfevents.1768387349.master-192-168-8-48.1680.8,mlp.fc2.lora_B,0
1768389111.4536939,3165,98.9375,0.035831108689308167,Grad/mlp.fc2.lora_B,outputs_dev/vitb16/T=vtab_Q=3bit_L=lora_2_qkv-fc1-proj-fc2/cifar/20260114184203_default_acc=53.50/tensorboard/Grad_mlp.fc2.lora_B_block_0/events.out.tfevents.1768387349.master-192-168-8-48.1680.8,mlp.fc2.lora_B,0
1768389111.8686872,3166,98.96875,0.033851705491542816,Grad/mlp.fc2.lora_B,outputs_dev/vitb16/T=vtab_Q=3bit_L=lora_2_qkv-fc1-proj-fc2/cifar/20260114184203_default_acc=53.50/tensorboard/Grad_mlp.fc2.lora_B_block_0/events.out.tfevents.1768387349.master-192-168-8-48.1680.8,mlp.fc2.lora_B,0
1768389112.0607345,3167,99.0,0.07833237946033478,Grad/mlp.fc2.lora_B,outputs_dev/vitb16/T=vtab_Q=3bit_L=lora_2_qkv-fc1-proj-fc2/cifar/20260114184203_default_acc=53.50/tensorboard/Grad_mlp.fc2.lora_B_block_0/events.out.tfevents.1768387349.master-192-168-8-48.1680.8,mlp.fc2.lora_B,0
1768389112.7953787,3168,99.03125,0.48571059107780457,Grad/mlp.fc2.lora_B,outputs_dev/vitb16/T=vtab_Q=3bit_L=lora_2_qkv-fc1-proj-fc2/cifar/20260114184203_default_acc=53.50/tensorboard/Grad_mlp.fc2.lora_B_block_0/events.out.tfevents.1768387349.master-192-168-8-48.1680.8,mlp.fc2.lora_B,0
1768389113.1919632,3169,99.0625,0.03657117113471031,Grad/mlp.fc2.lora_B,outputs_dev/vitb16/T=vtab_Q=3bit_L=lora_2_qkv-fc1-proj-fc2/cifar/20260114184203_default_acc=53.50/tensorboard/Grad_mlp.fc2.lora_B_block_0/events.out.tfevents.1768387349.master-192-168-8-48.1680.8,mlp.fc2.lora_B,0
1768389113.5768142,3170,99.09375,0.031241707503795624,Grad/mlp.fc2.lora_B,outputs_dev/vitb16/T=vtab_Q=3bit_L=lora_2_qkv-fc1-proj-fc2/cifar/20260114184203_default_acc=53.50/tensorboard/Grad_mlp.fc2.lora_B_block_0/events.out.tfevents.1768387349.master-192-168-8-48.1680.8,mlp.fc2.lora_B,0
1768389113.9718213,3171,99.125,0.21954011917114258,Grad/mlp.fc2.lora_B,outputs_dev/vitb16/T=vtab_Q=3bit_L=lora_2_qkv-fc1-proj-fc2/cifar/20260114184203_default_acc=53.50/tensorboard/Grad_mlp.fc2.lora_B_block_0/events.out.tfevents.1768387349.master-192-168-8-48.1680.8,mlp.fc2.lora_B,0
1768389114.354334,3172,99.15625,0.03471294045448303,Grad/mlp.fc2.lora_B,outputs_dev/vitb16/T=vtab_Q=3bit_L=lora_2_qkv-fc1-proj-fc2/cifar/20260114184203_default_acc=53.50/tensorboard/Grad_mlp.fc2.lora_B_block_0/events.out.tfevents.1768387349.master-192-168-8-48.1680.8,mlp.fc2.lora_B,0
1768389114.7510903,3173,99.1875,0.06047165393829346,Grad/mlp.fc2.lora_B,outputs_dev/vitb16/T=vtab_Q=3bit_L=lora_2_qkv-fc1-proj-fc2/cifar/20260114184203_default_acc=53.50/tensorboard/Grad_mlp.fc2.lora_B_block_0/events.out.tfevents.1768387349.master-192-168-8-48.1680.8,mlp.fc2.lora_B,0
1768389115.1581728,3174,99.21875,0.03221697360277176,Grad/mlp.fc2.lora_B,outputs_dev/vitb16/T=vtab_Q=3bit_L=lora_2_qkv-fc1-proj-fc2/cifar/20260114184203_default_acc=53.50/tensorboard/Grad_mlp.fc2.lora_B_block_0/events.out.tfevents.1768387349.master-192-168-8-48.1680.8,mlp.fc2.lora_B,0
1768389115.5565786,3175,99.25,0.04637863114476204,Grad/mlp.fc2.lora_B,outputs_dev/vitb16/T=vtab_Q=3bit_L=lora_2_qkv-fc1-proj-fc2/cifar/20260114184203_default_acc=53.50/tensorboard/Grad_mlp.fc2.lora_B_block_0/events.out.tfevents.1768387349.master-192-168-8-48.1680.8,mlp.fc2.lora_B,0
1768389115.9507096,3176,99.28125,0.1623915135860443,Grad/mlp.fc2.lora_B,outputs_dev/vitb16/T=vtab_Q=3bit_L=lora_2_qkv-fc1-proj-fc2/cifar/20260114184203_default_acc=53.50/tensorboard/Grad_mlp.fc2.lora_B_block_0/events.out.tfevents.1768387349.master-192-168-8-48.1680.8,mlp.fc2.lora_B,0
1768389116.3417366,3177,99.3125,0.05093059316277504,Grad/mlp.fc2.lora_B,outputs_dev/vitb16/T=vtab_Q=3bit_L=lora_2_qkv-fc1-proj-fc2/cifar/20260114184203_default_acc=53.50/tensorboard/Grad_mlp.fc2.lora_B_block_0/events.out.tfevents.1768387349.master-192-168-8-48.1680.8,mlp.fc2.lora_B,0
1768389116.7493596,3178,99.34375,0.05671241879463196,Grad/mlp.fc2.lora_B,outputs_dev/vitb16/T=vtab_Q=3bit_L=lora_2_qkv-fc1-proj-fc2/cifar/20260114184203_default_acc=53.50/tensorboard/Grad_mlp.fc2.lora_B_block_0/events.out.tfevents.1768387349.master-192-168-8-48.1680.8,mlp.fc2.lora_B,0
1768389117.1402922,3179,99.375,0.025470390915870667,Grad/mlp.fc2.lora_B,outputs_dev/vitb16/T=vtab_Q=3bit_L=lora_2_qkv-fc1-proj-fc2/cifar/20260114184203_default_acc=53.50/tensorboard/Grad_mlp.fc2.lora_B_block_0/events.out.tfevents.1768387349.master-192-168-8-48.1680.8,mlp.fc2.lora_B,0
1768389117.5310934,3180,99.40625,0.09133730828762054,Grad/mlp.fc2.lora_B,outputs_dev/vitb16/T=vtab_Q=3bit_L=lora_2_qkv-fc1-proj-fc2/cifar/20260114184203_default_acc=53.50/tensorboard/Grad_mlp.fc2.lora_B_block_0/events.out.tfevents.1768387349.master-192-168-8-48.1680.8,mlp.fc2.lora_B,0
1768389117.9535508,3181,99.4375,0.04912533983588219,Grad/mlp.fc2.lora_B,outputs_dev/vitb16/T=vtab_Q=3bit_L=lora_2_qkv-fc1-proj-fc2/cifar/20260114184203_default_acc=53.50/tensorboard/Grad_mlp.fc2.lora_B_block_0/events.out.tfevents.1768387349.master-192-168-8-48.1680.8,mlp.fc2.lora_B,0
1768389118.3621528,3182,99.46875,0.044282786548137665,Grad/mlp.fc2.lora_B,outputs_dev/vitb16/T=vtab_Q=3bit_L=lora_2_qkv-fc1-proj-fc2/cifar/20260114184203_default_acc=53.50/tensorboard/Grad_mlp.fc2.lora_B_block_0/events.out.tfevents.1768387349.master-192-168-8-48.1680.8,mlp.fc2.lora_B,0
1768389118.7509031,3183,99.5,0.43601444363594055,Grad/mlp.fc2.lora_B,outputs_dev/vitb16/T=vtab_Q=3bit_L=lora_2_qkv-fc1-proj-fc2/cifar/20260114184203_default_acc=53.50/tensorboard/Grad_mlp.fc2.lora_B_block_0/events.out.tfevents.1768387349.master-192-168-8-48.1680.8,mlp.fc2.lora_B,0
1768389119.1451302,3184,99.53125,0.12317916005849838,Grad/mlp.fc2.lora_B,outputs_dev/vitb16/T=vtab_Q=3bit_L=lora_2_qkv-fc1-proj-fc2/cifar/20260114184203_default_acc=53.50/tensorboard/Grad_mlp.fc2.lora_B_block_0/events.out.tfevents.1768387349.master-192-168-8-48.1680.8,mlp.fc2.lora_B,0
1768389119.5388389,3185,99.5625,0.05754021555185318,Grad/mlp.fc2.lora_B,outputs_dev/vitb16/T=vtab_Q=3bit_L=lora_2_qkv-fc1-proj-fc2/cifar/20260114184203_default_acc=53.50/tensorboard/Grad_mlp.fc2.lora_B_block_0/events.out.tfevents.1768387349.master-192-168-8-48.1680.8,mlp.fc2.lora_B,0
1768389119.9339495,3186,99.59375,0.11049267649650574,Grad/mlp.fc2.lora_B,outputs_dev/vitb16/T=vtab_Q=3bit_L=lora_2_qkv-fc1-proj-fc2/cifar/20260114184203_default_acc=53.50/tensorboard/Grad_mlp.fc2.lora_B_block_0/events.out.tfevents.1768387349.master-192-168-8-48.1680.8,mlp.fc2.lora_B,0
1768389120.329004,3187,99.625,0.08509759604930878,Grad/mlp.fc2.lora_B,outputs_dev/vitb16/T=vtab_Q=3bit_L=lora_2_qkv-fc1-proj-fc2/cifar/20260114184203_default_acc=53.50/tensorboard/Grad_mlp.fc2.lora_B_block_0/events.out.tfevents.1768387349.master-192-168-8-48.1680.8,mlp.fc2.lora_B,0
1768389120.7207108,3188,99.65625,0.06402818858623505,Grad/mlp.fc2.lora_B,outputs_dev/vitb16/T=vtab_Q=3bit_L=lora_2_qkv-fc1-proj-fc2/cifar/20260114184203_default_acc=53.50/tensorboard/Grad_mlp.fc2.lora_B_block_0/events.out.tfevents.1768387349.master-192-168-8-48.1680.8,mlp.fc2.lora_B,0
1768389121.1166642,3189,99.6875,0.055893316864967346,Grad/mlp.fc2.lora_B,outputs_dev/vitb16/T=vtab_Q=3bit_L=lora_2_qkv-fc1-proj-fc2/cifar/20260114184203_default_acc=53.50/tensorboard/Grad_mlp.fc2.lora_B_block_0/events.out.tfevents.1768387349.master-192-168-8-48.1680.8,mlp.fc2.lora_B,0
1768389121.508348,3190,99.71875,0.03518266975879669,Grad/mlp.fc2.lora_B,outputs_dev/vitb16/T=vtab_Q=3bit_L=lora_2_qkv-fc1-proj-fc2/cifar/20260114184203_default_acc=53.50/tensorboard/Grad_mlp.fc2.lora_B_block_0/events.out.tfevents.1768387349.master-192-168-8-48.1680.8,mlp.fc2.lora_B,0
1768389121.9024482,3191,99.75,0.06610532104969025,Grad/mlp.fc2.lora_B,outputs_dev/vitb16/T=vtab_Q=3bit_L=lora_2_qkv-fc1-proj-fc2/cifar/20260114184203_default_acc=53.50/tensorboard/Grad_mlp.fc2.lora_B_block_0/events.out.tfevents.1768387349.master-192-168-8-48.1680.8,mlp.fc2.lora_B,0
1768389122.3008304,3192,99.78125,0.042833127081394196,Grad/mlp.fc2.lora_B,outputs_dev/vitb16/T=vtab_Q=3bit_L=lora_2_qkv-fc1-proj-fc2/cifar/20260114184203_default_acc=53.50/tensorboard/Grad_mlp.fc2.lora_B_block_0/events.out.tfevents.1768387349.master-192-168-8-48.1680.8,mlp.fc2.lora_B,0
1768389122.6928766,3193,99.8125,0.0561487078666687,Grad/mlp.fc2.lora_B,outputs_dev/vitb16/T=vtab_Q=3bit_L=lora_2_qkv-fc1-proj-fc2/cifar/20260114184203_default_acc=53.50/tensorboard/Grad_mlp.fc2.lora_B_block_0/events.out.tfevents.1768387349.master-192-168-8-48.1680.8,mlp.fc2.lora_B,0
1768389123.08742,3194,99.84375,0.18492363393306732,Grad/mlp.fc2.lora_B,outputs_dev/vitb16/T=vtab_Q=3bit_L=lora_2_qkv-fc1-proj-fc2/cifar/20260114184203_default_acc=53.50/tensorboard/Grad_mlp.fc2.lora_B_block_0/events.out.tfevents.1768387349.master-192-168-8-48.1680.8,mlp.fc2.lora_B,0
1768389123.4822946,3195,99.875,0.17102521657943726,Grad/mlp.fc2.lora_B,outputs_dev/vitb16/T=vtab_Q=3bit_L=lora_2_qkv-fc1-proj-fc2/cifar/20260114184203_default_acc=53.50/tensorboard/Grad_mlp.fc2.lora_B_block_0/events.out.tfevents.1768387349.master-192-168-8-48.1680.8,mlp.fc2.lora_B,0
1768389123.874462,3196,99.90625,0.06828198581933975,Grad/mlp.fc2.lora_B,outputs_dev/vitb16/T=vtab_Q=3bit_L=lora_2_qkv-fc1-proj-fc2/cifar/20260114184203_default_acc=53.50/tensorboard/Grad_mlp.fc2.lora_B_block_0/events.out.tfevents.1768387349.master-192-168-8-48.1680.8,mlp.fc2.lora_B,0
1768389124.2698684,3197,99.9375,0.03727715089917183,Grad/mlp.fc2.lora_B,outputs_dev/vitb16/T=vtab_Q=3bit_L=lora_2_qkv-fc1-proj-fc2/cifar/20260114184203_default_acc=53.50/tensorboard/Grad_mlp.fc2.lora_B_block_0/events.out.tfevents.1768387349.master-192-168-8-48.1680.8,mlp.fc2.lora_B,0
1768389124.684818,3198,99.96875,0.03064216859638691,Grad/mlp.fc2.lora_B,outputs_dev/vitb16/T=vtab_Q=3bit_L=lora_2_qkv-fc1-proj-fc2/cifar/20260114184203_default_acc=53.50/tensorboard/Grad_mlp.fc2.lora_B_block_0/events.out.tfevents.1768387349.master-192-168-8-48.1680.8,mlp.fc2.lora_B,0
1768389124.9415514,3199,100.0,0.04808270186185837,Grad/mlp.fc2.lora_B,outputs_dev/vitb16/T=vtab_Q=3bit_L=lora_2_qkv-fc1-proj-fc2/cifar/20260114184203_default_acc=53.50/tensorboard/Grad_mlp.fc2.lora_B_block_0/events.out.tfevents.1768387349.master-192-168-8-48.1680.8,mlp.fc2.lora_B,0
